Column1,Column2,Column3,Column4,Column5,Column6,Column7,Column8,Column9,Column10,Column11,Column12,Column13,Column14,Column15,Column16,Column17,Column18,Column19,Column20,Column21,Column22,Column23,Column24,Column25,Column26
231.0,232.0,0.938,0.887,0.931,0.951,0.958,0.961,0.965,0.973,0.986,1.006,1.03,1.06,1.307,1.59,1.86,2.11,2.54,2.891,3.181,3.426,3.639,3.828,3.995,4.701
231.0,233.0,0.885,0.841,0.89,0.916,0.929,0.937,0.947,0.96,0.978,1.002,1.03,1.063,1.319,1.603,1.873,2.121,2.547,2.893,3.178,3.419,3.628,3.813,3.977,4.667
231.0,234.0,0.851,0.813,0.866,0.896,0.913,0.927,0.941,0.958,0.979,1.005,1.036,1.071,1.333,1.617,1.886,2.131,2.553,2.894,3.174,3.41,3.615,3.796,3.956,4.633
231.0,235.0,0.834,0.8,0.856,0.889,0.909,0.926,0.943,0.963,0.987,1.015,1.047,1.083,1.348,1.632,1.898,2.141,2.556,2.892,3.168,3.4,3.601,3.778,3.935,4.597
231.0,236.0,0.829,0.799,0.856,0.891,0.914,0.933,0.952,0.974,0.999,1.029,1.062,1.099,1.365,1.646,1.91,2.149,2.559,2.889,3.16,3.387,3.585,3.758,3.912,4.561
231.0,237.0,0.834,0.807,0.865,0.901,0.925,0.946,0.966,0.989,1.016,1.046,1.08,1.118,1.383,1.661,1.921,2.157,2.56,2.885,3.151,3.374,3.568,3.738,3.889,4.525
231.0,238.0,0.848,0.822,0.88,0.917,0.942,0.964,0.985,1.009,1.036,1.067,1.101,1.138,1.401,1.676,1.932,2.164,2.561,2.88,3.141,3.36,3.55,3.717,3.865,4.489
231.0,239.0,0.867,0.842,0.901,0.938,0.963,0.985,1.007,1.031,1.058,1.089,1.123,1.16,1.42,1.691,1.942,2.171,2.56,2.874,3.13,3.346,3.532,3.696,3.841,4.453
231.0,240.0,0.891,0.867,0.925,0.962,0.987,1.009,1.031,1.055,1.082,1.112,1.146,1.183,1.439,1.705,1.952,2.177,2.56,2.868,3.119,3.33,3.513,3.674,3.816,4.417
231.0,241.0,0.919,0.895,0.952,0.988,1.014,1.035,1.056,1.08,1.107,1.137,1.17,1.206,1.458,1.719,1.962,2.182,2.558,2.861,3.107,3.315,3.494,3.652,3.792,4.382
231.0,242.0,0.949,0.926,0.982,1.017,1.042,1.062,1.083,1.107,1.133,1.162,1.195,1.23,1.477,1.733,1.971,2.188,2.557,2.853,3.096,3.299,3.475,3.63,3.767,4.347
231.0,243.0,0.981,0.958,1.013,1.047,1.071,1.091,1.111,1.134,1.159,1.188,1.219,1.254,1.496,1.747,1.98,2.192,2.554,2.846,3.083,3.283,3.456,3.608,3.743,4.312
232.0,233.0,0.932,0.971,1.068,1.137,1.199,1.262,1.326,1.392,1.458,1.523,1.586,1.648,2.001,2.333,2.636,2.904,3.341,3.68,3.953,4.183,4.381,4.554,4.705,5.324
232.0,234.0,1.013,1.048,1.14,1.206,1.264,1.323,1.384,1.447,1.51,1.572,1.633,1.693,2.034,2.356,2.653,2.915,3.342,3.674,3.942,4.168,4.363,4.533,4.681,5.29
232.0,235.0,1.088,1.119,1.207,1.269,1.325,1.381,1.439,1.499,1.559,1.619,1.677,1.735,2.065,2.379,2.668,2.924,3.343,3.668,3.932,4.154,4.345,4.512,4.658,5.257
232.0,236.0,1.157,1.185,1.27,1.329,1.381,1.434,1.49,1.547,1.605,1.662,1.719,1.774,2.094,2.4,2.683,2.934,3.344,3.663,3.922,4.14,4.328,4.492,4.635,5.225
232.0,237.0,1.221,1.247,1.328,1.384,1.434,1.485,1.538,1.593,1.649,1.704,1.758,1.812,2.122,2.421,2.697,2.943,3.345,3.658,3.912,4.126,4.311,4.472,4.613,5.193
232.0,238.0,1.282,1.305,1.383,1.437,1.484,1.532,1.583,1.636,1.69,1.743,1.796,1.848,2.149,2.441,2.711,2.952,3.346,3.653,3.902,4.113,4.294,4.453,4.592,5.162
232.0,239.0,1.339,1.36,1.435,1.486,1.531,1.577,1.626,1.677,1.729,1.78,1.831,1.882,2.175,2.459,2.724,2.96,3.347,3.648,3.893,4.1,4.278,4.434,4.57,5.131
232.0,240.0,1.393,1.412,1.484,1.533,1.576,1.62,1.667,1.716,1.766,1.816,1.865,1.914,2.199,2.477,2.736,2.967,3.347,3.643,3.883,4.087,4.262,4.415,4.55,5.101
232.0,241.0,1.444,1.462,1.531,1.578,1.619,1.661,1.707,1.754,1.802,1.85,1.898,1.945,2.223,2.495,2.748,2.975,3.347,3.637,3.874,4.074,4.246,4.397,4.529,5.071
232.0,242.0,1.493,1.509,1.576,1.621,1.66,1.701,1.744,1.79,1.836,1.883,1.929,1.975,2.245,2.511,2.76,2.982,3.347,3.632,3.865,4.061,4.23,4.379,4.508,5.042
232.0,243.0,1.54,1.555,1.619,1.662,1.699,1.738,1.78,1.824,1.869,1.914,1.959,2.004,2.267,2.527,2.77,2.988,3.347,3.627,3.855,4.048,4.215,4.36,4.488,5.013
232.0,244.0,1.585,1.598,1.66,1.701,1.737,1.774,1.815,1.857,1.901,1.944,1.988,2.031,2.288,2.542,2.781,2.994,3.346,3.621,3.846,4.035,4.199,4.343,4.468,4.985
233.0,234.0,1.107,1.115,1.229,1.324,1.404,1.476,1.544,1.61,1.676,1.742,1.81,1.877,2.257,2.579,2.863,3.119,3.542,3.861,4.115,4.329,4.517,4.682,4.827,5.418
233.0,235.0,1.212,1.216,1.324,1.413,1.487,1.554,1.616,1.677,1.738,1.801,1.864,1.927,2.29,2.601,2.877,3.127,3.539,3.85,4.099,4.309,4.493,4.655,4.796,5.375
233.0,236.0,1.304,1.305,1.408,1.491,1.561,1.623,1.68,1.737,1.795,1.853,1.913,1.973,2.321,2.623,2.891,3.134,3.536,3.841,4.083,4.289,4.469,4.628,4.767,5.334
233.0,237.0,1.386,1.384,1.482,1.561,1.627,1.685,1.739,1.792,1.846,1.901,1.958,2.015,2.35,2.643,2.904,3.141,3.534,3.832,4.069,4.271,4.447,4.603,4.739,5.294
233.0,238.0,1.459,1.455,1.549,1.624,1.686,1.741,1.791,1.842,1.893,1.945,1.999,2.054,2.377,2.662,2.917,3.148,3.532,3.823,4.055,4.253,4.426,4.578,4.711,5.256
233.0,239.0,1.525,1.52,1.61,1.681,1.74,1.792,1.84,1.887,1.936,1.986,2.038,2.091,2.403,2.68,2.929,3.154,3.529,3.814,4.042,4.236,4.405,4.554,4.685,5.218
233.0,240.0,1.586,1.579,1.665,1.734,1.79,1.839,1.884,1.929,1.976,2.024,2.073,2.124,2.427,2.697,2.94,3.16,3.527,3.806,4.029,4.219,4.385,4.531,4.659,5.182
233.0,241.0,1.641,1.633,1.716,1.782,1.836,1.882,1.926,1.969,2.013,2.059,2.107,2.156,2.449,2.712,2.95,3.165,3.524,3.797,4.016,4.202,4.365,4.508,4.633,5.146
233.0,242.0,1.692,1.683,1.764,1.827,1.879,1.923,1.964,2.006,2.048,2.092,2.138,2.186,2.47,2.727,2.959,3.17,3.521,3.789,4.003,4.186,4.345,4.486,4.609,5.111
233.0,243.0,1.74,1.73,1.808,1.869,1.919,1.961,2.001,2.04,2.081,2.123,2.168,2.214,2.491,2.741,2.968,3.175,3.519,3.781,3.991,4.169,4.326,4.464,4.584,5.077
233.0,244.0,1.785,1.774,1.85,1.909,1.956,1.997,2.035,2.073,2.112,2.153,2.196,2.24,2.51,2.755,2.977,3.179,3.515,3.772,3.978,4.153,4.307,4.442,4.56,5.044
233.0,245.0,1.827,1.816,1.889,1.946,1.992,2.031,2.067,2.103,2.141,2.181,2.222,2.265,2.528,2.767,2.984,3.182,3.512,3.764,3.965,4.137,4.288,4.42,4.536,5.011
234.0,235.0,1.306,1.375,1.465,1.534,1.6,1.668,1.738,1.807,1.874,1.938,1.999,2.056,2.375,2.681,2.964,3.208,3.585,3.861,4.084,4.276,4.447,4.601,4.739,5.274
234.0,236.0,1.428,1.488,1.57,1.631,1.69,1.752,1.816,1.88,1.941,2.0,2.056,2.11,2.409,2.703,2.976,3.212,3.579,3.849,4.067,4.256,4.424,4.575,4.711,5.237
234.0,237.0,1.533,1.586,1.661,1.716,1.769,1.825,1.884,1.943,2.0,2.055,2.108,2.158,2.441,2.723,2.987,3.216,3.573,3.838,4.052,4.237,4.403,4.551,4.684,5.201
234.0,238.0,1.624,1.672,1.741,1.791,1.839,1.89,1.945,2.0,2.053,2.104,2.154,2.201,2.47,2.741,2.997,3.22,3.569,3.828,4.038,4.22,4.382,4.528,4.659,5.167
234.0,239.0,1.705,1.747,1.811,1.857,1.901,1.948,1.999,2.05,2.1,2.149,2.195,2.24,2.496,2.758,3.007,3.224,3.565,3.818,4.024,4.203,4.362,4.506,4.634,5.133
234.0,240.0,1.776,1.815,1.874,1.916,1.956,2.0,2.048,2.096,2.143,2.189,2.233,2.275,2.521,2.774,3.016,3.228,3.561,3.809,4.011,4.187,4.344,4.485,4.611,5.101
234.0,241.0,1.841,1.875,1.931,1.969,2.007,2.048,2.092,2.138,2.183,2.226,2.268,2.308,2.544,2.789,3.025,3.232,3.557,3.801,3.999,4.171,4.325,4.464,4.588,5.07
234.0,242.0,1.899,1.93,1.983,2.018,2.053,2.091,2.133,2.176,2.219,2.26,2.3,2.338,2.565,2.803,3.033,3.235,3.554,3.792,3.987,4.156,4.308,4.444,4.565,5.039
234.0,243.0,1.952,1.981,2.03,2.063,2.095,2.131,2.171,2.211,2.252,2.291,2.329,2.366,2.585,2.817,3.041,3.238,3.55,3.784,3.975,4.141,4.29,4.424,4.543,5.009
234.0,244.0,2.001,2.027,2.074,2.104,2.134,2.168,2.205,2.244,2.283,2.321,2.357,2.392,2.604,2.829,3.048,3.241,3.546,3.776,3.964,4.127,4.273,4.404,4.522,4.979
234.0,245.0,2.046,2.07,2.114,2.142,2.17,2.202,2.238,2.275,2.312,2.348,2.383,2.417,2.621,2.841,3.054,3.243,3.542,3.768,3.952,4.113,4.256,4.385,4.501,4.95
234.0,246.0,2.089,2.11,2.152,2.178,2.204,2.235,2.268,2.304,2.339,2.374,2.407,2.44,2.638,2.851,3.06,3.245,3.538,3.759,3.941,4.098,4.239,4.366,4.48,4.921
235.0,236.0,1.448,1.488,1.571,1.634,1.692,1.75,1.808,1.865,1.921,1.975,2.029,2.081,2.386,2.672,2.926,3.145,3.499,3.776,4.004,4.195,4.36,4.503,4.628,5.146
235.0,237.0,1.543,1.578,1.655,1.712,1.765,1.819,1.872,1.925,1.977,2.028,2.078,2.128,2.418,2.692,2.938,3.151,3.496,3.767,3.989,4.177,4.339,4.479,4.602,5.11
235.0,238.0,1.628,1.658,1.729,1.782,1.831,1.88,1.93,1.979,2.028,2.076,2.123,2.17,2.447,2.712,2.95,3.157,3.493,3.758,3.976,4.16,4.319,4.456,4.577,5.076
235.0,239.0,1.704,1.73,1.796,1.845,1.89,1.936,1.983,2.029,2.075,2.12,2.165,2.209,2.474,2.73,2.962,3.163,3.491,3.75,3.963,4.144,4.299,4.434,4.553,5.043
235.0,240.0,1.774,1.795,1.858,1.903,1.945,1.988,2.031,2.075,2.118,2.161,2.203,2.246,2.499,2.747,2.972,3.169,3.489,3.742,3.951,4.128,4.28,4.413,4.53,5.011
235.0,241.0,1.837,1.855,1.914,1.956,1.995,2.035,2.076,2.117,2.158,2.199,2.239,2.279,2.523,2.763,2.982,3.173,3.486,3.734,3.939,4.112,4.262,4.392,4.507,4.979
235.0,242.0,1.895,1.91,1.966,2.005,2.041,2.079,2.117,2.156,2.195,2.234,2.272,2.311,2.545,2.778,2.991,3.178,3.484,3.726,3.927,4.097,4.244,4.372,4.484,4.949
235.0,243.0,1.949,1.961,2.014,2.05,2.084,2.12,2.156,2.193,2.23,2.266,2.303,2.34,2.566,2.792,3.0,3.182,3.481,3.719,3.915,4.082,4.226,4.352,4.462,4.918
235.0,244.0,1.999,2.009,2.059,2.093,2.125,2.158,2.192,2.227,2.262,2.297,2.332,2.368,2.586,2.805,3.008,3.186,3.479,3.711,3.904,4.068,4.209,4.333,4.441,4.889
235.0,245.0,2.046,2.054,2.101,2.133,2.162,2.193,2.226,2.259,2.293,2.326,2.36,2.394,2.604,2.818,3.015,3.189,3.476,3.704,3.893,4.053,4.192,4.313,4.42,4.86
235.0,246.0,2.089,2.096,2.14,2.17,2.198,2.227,2.258,2.289,2.321,2.353,2.386,2.418,2.622,2.829,3.022,3.192,3.473,3.696,3.881,4.039,4.175,4.294,4.399,4.831
235.0,247.0,2.131,2.135,2.178,2.205,2.231,2.259,2.288,2.318,2.349,2.379,2.41,2.441,2.638,2.84,3.028,3.195,3.469,3.688,3.87,4.025,4.159,4.276,4.378,4.803
236.0,237.0,1.55,1.548,1.603,1.638,1.664,1.69,1.718,1.75,1.785,1.823,1.862,1.902,2.139,2.369,2.594,2.803,3.155,3.427,3.647,3.833,3.998,4.145,4.276,4.806
236.0,238.0,1.561,1.561,1.617,1.653,1.68,1.707,1.736,1.768,1.804,1.842,1.882,1.921,2.158,2.386,2.607,2.812,3.158,3.426,3.641,3.824,3.984,4.128,4.256,4.775
236.0,239.0,1.577,1.579,1.635,1.671,1.7,1.727,1.756,1.789,1.825,1.863,1.903,1.942,2.176,2.402,2.619,2.821,3.161,3.423,3.634,3.813,3.97,4.111,4.237,4.744
236.0,240.0,1.598,1.601,1.656,1.693,1.722,1.749,1.779,1.812,1.848,1.886,1.925,1.964,2.195,2.417,2.631,2.83,3.163,3.42,3.627,3.802,3.956,4.094,4.217,4.713
236.0,241.0,1.622,1.625,1.68,1.717,1.746,1.773,1.803,1.836,1.871,1.909,1.947,1.986,2.214,2.432,2.642,2.837,3.164,3.416,3.619,3.79,3.941,4.076,4.196,4.683
236.0,242.0,1.648,1.652,1.707,1.743,1.771,1.799,1.828,1.86,1.895,1.932,1.97,2.009,2.233,2.447,2.653,2.844,3.165,3.412,3.61,3.778,3.926,4.058,4.176,4.652
236.0,243.0,1.677,1.681,1.734,1.77,1.798,1.825,1.854,1.885,1.92,1.956,1.993,2.031,2.251,2.461,2.663,2.85,3.164,3.406,3.601,3.766,3.91,4.04,4.155,4.622
236.0,244.0,1.707,1.71,1.763,1.798,1.825,1.851,1.88,1.911,1.944,1.98,2.016,2.053,2.268,2.474,2.672,2.856,3.164,3.401,3.591,3.753,3.895,4.022,4.135,4.592
236.0,245.0,1.738,1.741,1.792,1.826,1.853,1.878,1.906,1.936,1.969,2.004,2.039,2.075,2.286,2.487,2.681,2.861,3.162,3.395,3.582,3.74,3.879,4.003,4.114,4.563
236.0,246.0,1.769,1.772,1.822,1.854,1.88,1.905,1.932,1.961,1.993,2.027,2.062,2.097,2.303,2.499,2.689,2.865,3.161,3.389,3.571,3.727,3.863,3.985,4.094,4.534
236.0,247.0,1.801,1.803,1.851,1.883,1.908,1.932,1.958,1.986,2.017,2.05,2.084,2.118,2.319,2.511,2.697,2.869,3.159,3.382,3.561,3.713,3.847,3.967,4.073,4.505
236.0,248.0,1.832,1.834,1.881,1.912,1.935,1.958,1.983,2.011,2.041,2.073,2.106,2.139,2.334,2.522,2.704,2.873,3.156,3.375,3.551,3.7,3.831,3.948,4.053,4.476
237.0,238.0,1.747,1.724,1.789,1.842,1.885,1.923,1.958,1.99,2.023,2.056,2.089,2.124,2.354,2.584,2.79,2.97,3.27,3.512,3.71,3.874,4.012,4.131,4.235,4.697
237.0,239.0,1.793,1.769,1.831,1.882,1.923,1.959,1.992,2.022,2.053,2.084,2.116,2.15,2.372,2.596,2.797,2.973,3.268,3.505,3.699,3.86,3.996,4.113,4.215,4.669
237.0,240.0,1.836,1.811,1.871,1.919,1.959,1.993,2.023,2.052,2.081,2.111,2.142,2.174,2.389,2.607,2.804,2.976,3.265,3.497,3.688,3.846,3.98,4.095,4.195,4.641
237.0,241.0,1.877,1.85,1.908,1.954,1.992,2.024,2.053,2.081,2.108,2.136,2.166,2.197,2.405,2.618,2.81,2.979,3.262,3.49,3.677,3.832,3.964,4.077,4.175,4.615
237.0,242.0,1.915,1.887,1.943,1.988,2.023,2.054,2.081,2.107,2.134,2.16,2.188,2.218,2.42,2.628,2.816,2.982,3.259,3.483,3.666,3.819,3.948,4.059,4.156,4.588
237.0,243.0,1.95,1.923,1.977,2.019,2.053,2.082,2.108,2.133,2.158,2.183,2.21,2.238,2.434,2.637,2.822,2.984,3.256,3.475,3.656,3.806,3.933,4.042,4.137,4.562
237.0,244.0,1.984,1.956,2.008,2.049,2.082,2.109,2.134,2.157,2.18,2.205,2.23,2.258,2.447,2.646,2.827,2.986,3.253,3.468,3.645,3.792,3.917,4.025,4.118,4.537
237.0,245.0,2.017,1.988,2.038,2.077,2.108,2.134,2.158,2.18,2.202,2.225,2.25,2.276,2.46,2.654,2.831,2.987,3.249,3.461,3.634,3.779,3.902,4.008,4.1,4.512
237.0,246.0,2.047,2.018,2.067,2.104,2.134,2.159,2.181,2.202,2.223,2.245,2.268,2.294,2.472,2.662,2.835,2.988,3.245,3.453,3.624,3.766,3.887,3.991,4.081,4.487
237.0,247.0,2.077,2.047,2.094,2.13,2.158,2.182,2.203,2.222,2.242,2.263,2.286,2.31,2.484,2.669,2.839,2.989,3.241,3.445,3.613,3.753,3.872,3.974,4.063,4.462
237.0,248.0,2.105,2.075,2.12,2.155,2.182,2.204,2.224,2.242,2.261,2.281,2.303,2.326,2.495,2.676,2.843,2.99,3.237,3.438,3.602,3.74,3.857,3.958,4.045,4.438
237.0,249.0,2.132,2.101,2.145,2.178,2.204,2.225,2.244,2.261,2.279,2.298,2.319,2.341,2.505,2.683,2.846,2.99,3.233,3.43,3.592,3.727,3.842,3.941,4.028,4.414
238.0,239.0,1.931,1.901,1.952,1.987,2.011,2.029,2.045,2.061,2.079,2.1,2.124,2.15,2.34,2.548,2.742,2.914,3.198,3.423,3.61,3.77,3.91,4.032,4.14,4.592
238.0,240.0,1.943,1.914,1.965,2.0,2.025,2.043,2.059,2.076,2.095,2.116,2.14,2.166,2.354,2.558,2.749,2.918,3.196,3.417,3.6,3.757,3.894,4.014,4.119,4.562
238.0,241.0,1.959,1.932,1.982,2.017,2.041,2.06,2.076,2.093,2.112,2.133,2.156,2.182,2.368,2.569,2.756,2.922,3.194,3.41,3.589,3.743,3.877,3.995,4.098,4.532
238.0,242.0,1.978,1.952,2.001,2.036,2.06,2.078,2.094,2.111,2.13,2.15,2.174,2.199,2.382,2.579,2.762,2.925,3.191,3.403,3.579,3.729,3.86,3.976,4.077,4.502
238.0,243.0,2.0,1.973,2.022,2.056,2.079,2.097,2.113,2.13,2.148,2.168,2.191,2.216,2.395,2.588,2.768,2.927,3.188,3.396,3.568,3.715,3.844,3.957,4.056,4.472
238.0,244.0,2.022,1.996,2.044,2.077,2.1,2.117,2.133,2.149,2.167,2.187,2.209,2.233,2.408,2.597,2.773,2.929,3.185,3.388,3.556,3.701,3.827,3.937,4.034,4.442
238.0,245.0,2.046,2.02,2.067,2.098,2.121,2.138,2.153,2.168,2.185,2.205,2.226,2.25,2.421,2.605,2.778,2.93,3.181,3.38,3.545,3.686,3.81,3.918,4.013,4.412
238.0,246.0,2.07,2.045,2.09,2.12,2.142,2.158,2.172,2.187,2.204,2.222,2.243,2.266,2.433,2.613,2.782,2.931,3.176,3.371,3.533,3.672,3.793,3.899,3.992,4.383
238.0,247.0,2.095,2.069,2.113,2.142,2.163,2.178,2.192,2.206,2.222,2.24,2.26,2.282,2.444,2.62,2.785,2.931,3.172,3.363,3.521,3.657,3.776,3.88,3.971,4.354
238.0,248.0,2.119,2.093,2.136,2.164,2.184,2.198,2.211,2.225,2.239,2.257,2.276,2.297,2.455,2.627,2.789,2.931,3.167,3.354,3.509,3.642,3.758,3.86,3.95,4.326
238.0,249.0,2.143,2.118,2.158,2.186,2.204,2.218,2.23,2.243,2.257,2.273,2.292,2.312,2.465,2.633,2.791,2.931,3.162,3.345,3.497,3.628,3.741,3.841,3.929,4.298
238.0,250.0,2.167,2.141,2.181,2.207,2.224,2.237,2.248,2.26,2.273,2.289,2.307,2.327,2.475,2.639,2.794,2.931,3.156,3.336,3.485,3.613,3.724,3.823,3.909,4.27
239.0,240.0,2.191,2.199,2.259,2.303,2.34,2.374,2.406,2.439,2.473,2.508,2.543,2.579,2.791,2.99,3.17,3.329,3.597,3.81,3.981,4.123,4.244,4.35,4.444,4.853
239.0,241.0,2.263,2.266,2.322,2.362,2.395,2.424,2.453,2.483,2.513,2.545,2.577,2.61,2.81,3.002,3.175,3.33,3.591,3.799,3.966,4.105,4.224,4.328,4.421,4.823
239.0,242.0,2.326,2.327,2.378,2.415,2.444,2.47,2.495,2.522,2.549,2.578,2.607,2.638,2.828,3.012,3.18,3.331,3.585,3.788,3.952,4.088,4.205,4.307,4.398,4.794
239.0,243.0,2.382,2.38,2.428,2.462,2.488,2.511,2.533,2.556,2.581,2.607,2.635,2.663,2.843,3.021,3.185,3.331,3.579,3.777,3.937,4.071,4.186,4.287,4.377,4.766
239.0,244.0,2.433,2.428,2.473,2.504,2.527,2.547,2.567,2.588,2.61,2.634,2.66,2.686,2.857,3.029,3.188,3.331,3.573,3.767,3.924,4.055,4.168,4.267,4.355,4.739
239.0,245.0,2.479,2.472,2.514,2.542,2.563,2.58,2.598,2.617,2.637,2.659,2.682,2.707,2.87,3.037,3.191,3.331,3.567,3.756,3.91,4.039,4.15,4.248,4.335,4.712
239.0,246.0,2.521,2.512,2.551,2.577,2.595,2.611,2.626,2.643,2.661,2.681,2.703,2.726,2.882,3.043,3.194,3.33,3.561,3.746,3.897,4.024,4.133,4.229,4.314,4.686
239.0,247.0,2.559,2.548,2.585,2.609,2.625,2.639,2.652,2.667,2.683,2.702,2.722,2.744,2.893,3.049,3.196,3.329,3.555,3.736,3.884,4.008,4.116,4.21,4.294,4.66
239.0,248.0,2.594,2.582,2.616,2.638,2.652,2.664,2.676,2.689,2.704,2.721,2.739,2.76,2.903,3.055,3.198,3.328,3.548,3.726,3.871,3.993,4.099,4.192,4.275,4.635
239.0,249.0,2.626,2.613,2.645,2.665,2.678,2.688,2.698,2.709,2.723,2.738,2.756,2.775,2.911,3.059,3.199,3.326,3.542,3.716,3.859,3.979,4.082,4.174,4.255,4.61
239.0,250.0,2.656,2.641,2.672,2.69,2.701,2.71,2.718,2.728,2.74,2.755,2.771,2.789,2.92,3.063,3.2,3.324,3.535,3.706,3.846,3.964,4.066,4.156,4.236,4.586
239.0,251.0,2.684,2.668,2.697,2.713,2.723,2.73,2.737,2.746,2.757,2.77,2.785,2.801,2.927,3.067,3.2,3.321,3.529,3.696,3.834,3.949,4.05,4.138,4.217,4.562
240.0,241.0,2.269,2.305,2.357,2.398,2.438,2.478,2.518,2.557,2.594,2.63,2.664,2.697,2.886,3.067,3.227,3.364,3.582,3.752,3.892,4.009,4.11,4.197,4.273,4.593
240.0,242.0,2.384,2.409,2.453,2.486,2.518,2.552,2.585,2.618,2.65,2.68,2.709,2.738,2.908,3.076,3.227,3.358,3.568,3.734,3.87,3.985,4.084,4.169,4.244,4.561
240.0,243.0,2.481,2.498,2.534,2.56,2.586,2.614,2.642,2.67,2.697,2.723,2.748,2.773,2.926,3.083,3.227,3.352,3.556,3.716,3.849,3.962,4.059,4.144,4.218,4.53
240.0,244.0,2.564,2.573,2.603,2.623,2.644,2.666,2.69,2.714,2.737,2.759,2.781,2.803,2.942,3.089,3.226,3.347,3.544,3.7,3.83,3.941,4.036,4.12,4.192,4.501
240.0,245.0,2.634,2.637,2.661,2.677,2.693,2.711,2.731,2.751,2.771,2.79,2.809,2.829,2.955,3.093,3.225,3.342,3.533,3.685,3.812,3.921,4.015,4.097,4.169,4.473
240.0,246.0,2.695,2.692,2.712,2.723,2.735,2.75,2.766,2.783,2.8,2.817,2.833,2.85,2.966,3.097,3.223,3.336,3.522,3.671,3.795,3.902,3.994,4.075,4.146,4.446
240.0,247.0,2.746,2.739,2.755,2.762,2.772,2.783,2.797,2.811,2.825,2.84,2.854,2.869,2.975,3.1,3.221,3.33,3.511,3.657,3.779,3.884,3.974,4.054,4.123,4.419
240.0,248.0,2.791,2.78,2.792,2.797,2.803,2.812,2.823,2.835,2.847,2.859,2.872,2.885,2.983,3.102,3.219,3.325,3.501,3.644,3.763,3.866,3.955,4.033,4.102,4.394
240.0,249.0,2.83,2.816,2.825,2.827,2.831,2.837,2.846,2.856,2.866,2.876,2.888,2.899,2.989,3.103,3.216,3.319,3.491,3.63,3.748,3.849,3.937,4.014,4.081,4.369
240.0,250.0,2.865,2.848,2.854,2.853,2.855,2.859,2.866,2.874,2.882,2.891,2.901,2.911,2.995,3.103,3.213,3.313,3.481,3.618,3.733,3.832,3.918,3.994,4.061,4.345
240.0,251.0,2.895,2.875,2.879,2.876,2.876,2.879,2.884,2.89,2.897,2.905,2.913,2.922,2.999,3.103,3.21,3.307,3.471,3.605,3.718,3.816,3.901,3.975,4.041,4.321
240.0,252.0,2.922,2.9,2.902,2.897,2.895,2.896,2.899,2.904,2.91,2.916,2.923,2.931,3.003,3.103,3.206,3.301,3.462,3.593,3.704,3.8,3.883,3.957,4.022,4.297
241.0,242.0,2.531,2.56,2.613,2.654,2.692,2.729,2.764,2.798,2.831,2.862,2.893,2.922,3.085,3.232,3.359,3.467,3.637,3.769,3.877,3.967,4.044,4.11,4.168,4.408
241.0,243.0,2.664,2.681,2.723,2.754,2.782,2.81,2.837,2.864,2.89,2.915,2.94,2.964,3.104,3.236,3.354,3.455,3.618,3.746,3.851,3.939,4.015,4.081,4.138,4.378
241.0,244.0,2.774,2.781,2.813,2.835,2.856,2.876,2.897,2.918,2.938,2.958,2.978,2.998,3.118,3.238,3.348,3.444,3.6,3.724,3.827,3.914,3.989,4.054,4.111,4.349
241.0,245.0,2.864,2.862,2.887,2.902,2.916,2.931,2.946,2.961,2.977,2.993,3.009,3.025,3.129,3.239,3.342,3.433,3.584,3.704,3.805,3.89,3.964,4.029,4.085,4.322
241.0,246.0,2.938,2.93,2.947,2.957,2.965,2.975,2.986,2.997,3.009,3.021,3.034,3.047,3.137,3.238,3.336,3.423,3.568,3.686,3.784,3.868,3.942,4.005,4.061,4.297
241.0,247.0,2.999,2.985,2.997,3.002,3.006,3.011,3.018,3.026,3.034,3.044,3.053,3.064,3.143,3.236,3.329,3.413,3.554,3.668,3.765,3.848,3.92,3.983,4.039,4.272
241.0,248.0,3.049,3.03,3.038,3.038,3.039,3.041,3.044,3.049,3.055,3.062,3.069,3.078,3.146,3.234,3.322,3.403,3.54,3.652,3.747,3.828,3.9,3.962,4.017,4.249
241.0,249.0,3.091,3.068,3.072,3.069,3.066,3.065,3.065,3.068,3.071,3.076,3.082,3.088,3.148,3.23,3.315,3.393,3.526,3.636,3.729,3.81,3.88,3.942,3.997,4.227
241.0,250.0,3.125,3.099,3.1,3.094,3.088,3.084,3.083,3.083,3.084,3.087,3.091,3.096,3.149,3.226,3.307,3.383,3.513,3.621,3.713,3.792,3.862,3.923,3.977,4.205
241.0,251.0,3.154,3.125,3.122,3.114,3.106,3.1,3.097,3.095,3.095,3.096,3.099,3.102,3.149,3.222,3.3,3.373,3.5,3.606,3.696,3.775,3.844,3.904,3.958,4.184
241.0,252.0,3.178,3.146,3.141,3.131,3.121,3.113,3.108,3.105,3.103,3.103,3.104,3.107,3.148,3.217,3.292,3.363,3.488,3.592,3.681,3.758,3.826,3.886,3.939,4.163
241.0,253.0,3.198,3.164,3.157,3.145,3.133,3.123,3.117,3.112,3.109,3.108,3.108,3.11,3.146,3.211,3.284,3.354,3.476,3.578,3.666,3.742,3.809,3.869,3.921,4.143
242.0,243.0,2.783,2.807,2.865,2.917,2.964,3.008,3.05,3.089,3.128,3.164,3.2,3.233,3.41,3.551,3.668,3.767,3.929,4.054,4.153,4.233,4.3,4.358,4.408,4.625
242.0,244.0,2.927,2.941,2.989,3.03,3.066,3.1,3.132,3.162,3.192,3.221,3.249,3.276,3.427,3.555,3.663,3.757,3.91,4.03,4.126,4.205,4.271,4.328,4.379,4.596
242.0,245.0,3.046,3.051,3.09,3.121,3.149,3.174,3.198,3.221,3.243,3.266,3.288,3.31,3.44,3.556,3.658,3.746,3.892,4.008,4.101,4.179,4.244,4.301,4.351,4.569
242.0,246.0,3.142,3.14,3.171,3.196,3.216,3.234,3.251,3.268,3.284,3.301,3.319,3.337,3.449,3.556,3.651,3.735,3.875,3.987,4.078,4.154,4.219,4.276,4.326,4.543
242.0,247.0,3.221,3.213,3.238,3.256,3.271,3.283,3.294,3.305,3.317,3.329,3.342,3.357,3.454,3.553,3.643,3.724,3.859,3.967,4.057,4.131,4.196,4.252,4.302,4.518
242.0,248.0,3.284,3.272,3.292,3.305,3.314,3.321,3.328,3.334,3.342,3.351,3.361,3.372,3.456,3.549,3.635,3.712,3.843,3.949,4.036,4.11,4.173,4.229,4.279,4.495
242.0,249.0,3.336,3.319,3.335,3.344,3.349,3.352,3.354,3.357,3.361,3.367,3.374,3.383,3.457,3.543,3.626,3.7,3.827,3.931,4.016,4.089,4.152,4.208,4.258,4.472
242.0,250.0,3.378,3.358,3.37,3.375,3.377,3.376,3.375,3.375,3.376,3.379,3.384,3.39,3.455,3.537,3.616,3.688,3.812,3.913,3.997,4.069,4.132,4.187,4.237,4.451
242.0,251.0,3.412,3.389,3.398,3.4,3.398,3.395,3.391,3.388,3.387,3.388,3.39,3.395,3.452,3.53,3.606,3.676,3.797,3.896,3.979,4.05,4.112,4.167,4.216,4.429
242.0,252.0,3.439,3.414,3.42,3.42,3.415,3.409,3.403,3.398,3.394,3.393,3.394,3.397,3.448,3.522,3.596,3.664,3.782,3.88,3.961,4.032,4.093,4.148,4.197,4.409
242.0,253.0,3.461,3.433,3.437,3.435,3.428,3.42,3.412,3.405,3.399,3.397,3.396,3.398,3.443,3.514,3.586,3.652,3.768,3.863,3.944,4.014,4.075,4.129,4.178,4.389
242.0,254.0,3.478,3.449,3.451,3.446,3.438,3.428,3.418,3.409,3.402,3.398,3.396,3.397,3.437,3.505,3.575,3.64,3.753,3.848,3.927,3.996,4.057,4.111,4.159,4.369
243.0,244.0,2.901,2.939,3.003,3.058,3.11,3.16,3.208,3.254,3.298,3.34,3.379,3.416,3.595,3.73,3.841,3.934,4.085,4.199,4.287,4.357,4.415,4.464,4.506,4.692
243.0,245.0,3.064,3.089,3.141,3.185,3.224,3.263,3.299,3.335,3.37,3.403,3.434,3.464,3.615,3.735,3.836,3.923,4.065,4.174,4.259,4.328,4.385,4.434,4.476,4.664
243.0,246.0,3.196,3.211,3.253,3.287,3.317,3.345,3.373,3.4,3.427,3.452,3.477,3.501,3.628,3.737,3.83,3.912,4.046,4.15,4.233,4.3,4.357,4.405,4.448,4.637
243.0,247.0,3.304,3.31,3.344,3.369,3.391,3.412,3.432,3.452,3.471,3.491,3.51,3.529,3.637,3.735,3.822,3.899,4.027,4.127,4.208,4.274,4.33,4.379,4.422,4.611
243.0,248.0,3.391,3.39,3.417,3.435,3.451,3.465,3.478,3.492,3.506,3.52,3.535,3.55,3.642,3.731,3.813,3.886,4.008,4.106,4.184,4.25,4.306,4.355,4.398,4.587
243.0,249.0,3.462,3.454,3.475,3.488,3.498,3.506,3.514,3.523,3.533,3.543,3.553,3.565,3.643,3.726,3.803,3.873,3.991,4.085,4.162,4.227,4.282,4.331,4.374,4.564
243.0,250.0,3.518,3.506,3.521,3.53,3.535,3.539,3.542,3.547,3.552,3.559,3.566,3.575,3.642,3.719,3.792,3.859,3.973,4.065,4.141,4.205,4.26,4.309,4.352,4.542
243.0,251.0,3.563,3.546,3.558,3.563,3.564,3.563,3.563,3.564,3.567,3.57,3.575,3.581,3.639,3.71,3.78,3.845,3.956,4.046,4.12,4.184,4.239,4.287,4.33,4.521
243.0,252.0,3.599,3.578,3.587,3.588,3.586,3.582,3.579,3.577,3.576,3.577,3.58,3.584,3.633,3.701,3.768,3.831,3.939,4.027,4.101,4.164,4.218,4.267,4.31,4.5
243.0,253.0,3.627,3.603,3.609,3.607,3.602,3.596,3.59,3.585,3.582,3.581,3.582,3.585,3.627,3.69,3.756,3.816,3.922,4.009,4.082,4.144,4.198,4.247,4.29,4.48
243.0,254.0,3.648,3.622,3.625,3.621,3.614,3.605,3.597,3.59,3.585,3.582,3.582,3.583,3.619,3.68,3.743,3.802,3.905,3.991,4.063,4.125,4.179,4.227,4.27,4.46
243.0,255.0,3.664,3.636,3.637,3.631,3.621,3.611,3.601,3.592,3.586,3.581,3.579,3.579,3.61,3.668,3.73,3.787,3.889,3.973,4.045,4.106,4.16,4.208,4.251,4.441
244.0,245.0,2.963,2.999,3.048,3.088,3.124,3.159,3.193,3.225,3.256,3.285,3.312,3.338,3.471,3.581,3.674,3.751,3.866,3.951,4.02,4.077,4.126,4.169,4.205,4.355
244.0,246.0,3.106,3.128,3.164,3.193,3.219,3.244,3.269,3.293,3.316,3.338,3.359,3.379,3.487,3.582,3.665,3.736,3.845,3.927,3.994,4.05,4.099,4.142,4.178,4.33
244.0,247.0,3.223,3.234,3.259,3.278,3.295,3.312,3.329,3.347,3.364,3.38,3.396,3.411,3.497,3.579,3.655,3.721,3.825,3.904,3.969,4.025,4.074,4.116,4.153,4.306
244.0,248.0,3.319,3.32,3.337,3.347,3.357,3.367,3.378,3.39,3.401,3.413,3.424,3.436,3.504,3.575,3.644,3.706,3.805,3.882,3.946,4.002,4.05,4.092,4.129,4.283
244.0,249.0,3.397,3.389,3.399,3.403,3.406,3.41,3.416,3.423,3.43,3.438,3.446,3.454,3.506,3.569,3.632,3.691,3.786,3.862,3.925,3.979,4.027,4.07,4.106,4.262
244.0,250.0,3.459,3.445,3.449,3.447,3.445,3.444,3.446,3.449,3.452,3.457,3.461,3.466,3.506,3.561,3.62,3.675,3.768,3.842,3.904,3.958,4.006,4.048,4.085,4.241
244.0,251.0,3.51,3.49,3.488,3.482,3.475,3.471,3.468,3.468,3.468,3.47,3.472,3.475,3.504,3.552,3.607,3.66,3.75,3.822,3.884,3.938,3.985,4.027,4.064,4.221
244.0,252.0,3.551,3.526,3.519,3.509,3.498,3.491,3.485,3.482,3.48,3.479,3.479,3.479,3.5,3.543,3.594,3.645,3.732,3.804,3.865,3.918,3.965,4.008,4.045,4.202
244.0,253.0,3.583,3.554,3.544,3.529,3.516,3.505,3.497,3.491,3.487,3.484,3.482,3.481,3.494,3.532,3.581,3.63,3.715,3.786,3.846,3.899,3.946,3.988,4.025,4.183
244.0,254.0,3.607,3.575,3.562,3.545,3.529,3.515,3.505,3.497,3.491,3.486,3.483,3.48,3.486,3.521,3.567,3.615,3.699,3.768,3.828,3.881,3.928,3.97,4.007,4.164
244.0,255.0,3.627,3.591,3.575,3.556,3.537,3.522,3.51,3.5,3.492,3.486,3.481,3.478,3.478,3.509,3.554,3.6,3.682,3.751,3.81,3.863,3.91,3.952,3.989,4.147
244.0,256.0,3.641,3.603,3.585,3.563,3.543,3.526,3.512,3.501,3.492,3.484,3.478,3.473,3.469,3.497,3.54,3.585,3.666,3.734,3.793,3.845,3.892,3.934,3.971,4.129
245.0,246.0,3.043,3.062,3.095,3.125,3.152,3.179,3.203,3.227,3.25,3.272,3.292,3.312,3.413,3.493,3.56,3.617,3.711,3.781,3.836,3.881,3.917,3.949,3.977,4.096
245.0,247.0,3.177,3.185,3.208,3.228,3.245,3.261,3.276,3.291,3.305,3.319,3.333,3.347,3.424,3.492,3.55,3.602,3.687,3.754,3.807,3.85,3.887,3.919,3.948,4.07
245.0,248.0,3.286,3.285,3.3,3.31,3.319,3.326,3.333,3.34,3.348,3.356,3.364,3.373,3.431,3.487,3.539,3.586,3.665,3.728,3.779,3.822,3.859,3.892,3.921,4.046
245.0,249.0,3.374,3.366,3.373,3.376,3.378,3.378,3.378,3.379,3.381,3.384,3.388,3.392,3.433,3.481,3.528,3.57,3.643,3.704,3.754,3.796,3.834,3.867,3.896,4.023
245.0,250.0,3.445,3.43,3.431,3.429,3.424,3.418,3.413,3.409,3.406,3.404,3.404,3.406,3.433,3.474,3.515,3.554,3.623,3.681,3.73,3.772,3.81,3.843,3.873,4.002
245.0,251.0,3.501,3.481,3.478,3.47,3.46,3.45,3.44,3.431,3.424,3.419,3.416,3.414,3.43,3.465,3.503,3.539,3.604,3.66,3.708,3.75,3.787,3.821,3.851,3.982
245.0,252.0,3.545,3.521,3.513,3.502,3.488,3.473,3.459,3.447,3.437,3.429,3.423,3.419,3.425,3.455,3.489,3.523,3.585,3.639,3.687,3.729,3.766,3.8,3.831,3.963
245.0,253.0,3.58,3.552,3.541,3.526,3.508,3.49,3.473,3.458,3.445,3.434,3.426,3.42,3.418,3.444,3.476,3.508,3.567,3.62,3.667,3.708,3.746,3.78,3.811,3.944
245.0,254.0,3.607,3.576,3.562,3.543,3.523,3.502,3.482,3.464,3.449,3.436,3.426,3.419,3.41,3.433,3.462,3.492,3.55,3.601,3.648,3.689,3.727,3.761,3.792,3.927
245.0,255.0,3.627,3.593,3.577,3.556,3.533,3.51,3.488,3.468,3.45,3.436,3.424,3.415,3.401,3.421,3.448,3.477,3.533,3.583,3.629,3.671,3.708,3.743,3.774,3.91
245.0,256.0,3.641,3.606,3.587,3.565,3.539,3.514,3.49,3.468,3.449,3.433,3.42,3.41,3.392,3.408,3.434,3.462,3.516,3.566,3.611,3.653,3.691,3.725,3.757,3.893
245.0,257.0,3.652,3.614,3.594,3.569,3.543,3.516,3.49,3.466,3.446,3.429,3.415,3.404,3.381,3.396,3.42,3.447,3.5,3.549,3.594,3.635,3.673,3.708,3.74,3.876
246.0,247.0,3.24,3.257,3.281,3.302,3.321,3.338,3.355,3.372,3.388,3.404,3.419,3.433,3.506,3.561,3.607,3.647,3.714,3.765,3.804,3.835,3.861,3.883,3.902,3.988
246.0,248.0,3.366,3.371,3.385,3.396,3.405,3.413,3.421,3.429,3.437,3.445,3.454,3.463,3.512,3.556,3.594,3.629,3.689,3.736,3.774,3.805,3.831,3.854,3.874,3.964
246.0,249.0,3.468,3.463,3.468,3.47,3.471,3.471,3.471,3.472,3.474,3.476,3.48,3.484,3.514,3.548,3.581,3.611,3.666,3.71,3.746,3.777,3.804,3.827,3.848,3.942
246.0,250.0,3.549,3.536,3.534,3.529,3.523,3.516,3.51,3.505,3.501,3.499,3.498,3.498,3.513,3.539,3.567,3.594,3.643,3.685,3.721,3.751,3.778,3.802,3.824,3.921
246.0,251.0,3.613,3.593,3.586,3.575,3.563,3.551,3.539,3.529,3.521,3.515,3.51,3.507,3.509,3.528,3.552,3.576,3.622,3.662,3.697,3.728,3.755,3.779,3.802,3.902
246.0,252.0,3.664,3.637,3.625,3.61,3.593,3.576,3.56,3.546,3.534,3.525,3.517,3.511,3.502,3.516,3.536,3.558,3.601,3.64,3.674,3.705,3.733,3.758,3.781,3.883
246.0,253.0,3.703,3.671,3.655,3.636,3.615,3.594,3.575,3.558,3.542,3.53,3.519,3.511,3.494,3.503,3.521,3.541,3.581,3.619,3.653,3.684,3.712,3.738,3.761,3.866
246.0,254.0,3.732,3.697,3.677,3.654,3.63,3.606,3.584,3.564,3.546,3.531,3.519,3.509,3.484,3.49,3.505,3.524,3.562,3.599,3.633,3.664,3.692,3.718,3.742,3.849
246.0,255.0,3.753,3.715,3.692,3.667,3.64,3.614,3.589,3.566,3.546,3.529,3.515,3.504,3.473,3.476,3.489,3.507,3.544,3.58,3.613,3.644,3.673,3.7,3.724,3.833
246.0,256.0,3.769,3.727,3.703,3.675,3.646,3.617,3.59,3.565,3.544,3.525,3.509,3.496,3.461,3.461,3.473,3.49,3.526,3.561,3.595,3.626,3.655,3.682,3.706,3.817
246.0,257.0,3.779,3.735,3.708,3.678,3.647,3.617,3.588,3.562,3.539,3.519,3.502,3.488,3.448,3.446,3.457,3.473,3.508,3.543,3.577,3.608,3.638,3.665,3.69,3.802
246.0,258.0,3.784,3.738,3.71,3.679,3.646,3.614,3.584,3.556,3.532,3.511,3.493,3.478,3.435,3.431,3.442,3.456,3.491,3.526,3.559,3.591,3.621,3.648,3.673,3.787
247.0,248.0,3.491,3.528,3.567,3.598,3.627,3.657,3.687,3.715,3.742,3.767,3.79,3.811,3.906,3.969,4.015,4.051,4.106,4.148,4.182,4.208,4.229,4.245,4.256,4.308
247.0,249.0,3.642,3.663,3.689,3.709,3.727,3.746,3.765,3.784,3.801,3.817,3.832,3.846,3.913,3.963,4.001,4.032,4.081,4.12,4.151,4.176,4.196,4.212,4.225,4.283
247.0,250.0,3.763,3.77,3.786,3.796,3.806,3.815,3.825,3.835,3.845,3.854,3.862,3.871,3.915,3.953,3.985,4.012,4.057,4.093,4.122,4.146,4.166,4.182,4.196,4.259
247.0,251.0,3.858,3.854,3.862,3.865,3.866,3.868,3.871,3.874,3.877,3.88,3.883,3.887,3.912,3.941,3.968,3.992,4.033,4.067,4.095,4.118,4.138,4.155,4.169,4.238
247.0,252.0,3.933,3.92,3.92,3.917,3.912,3.908,3.904,3.901,3.899,3.897,3.896,3.895,3.905,3.926,3.949,3.971,4.009,4.041,4.069,4.092,4.112,4.129,4.144,4.217
247.0,253.0,3.991,3.97,3.964,3.956,3.946,3.937,3.928,3.92,3.913,3.907,3.902,3.898,3.895,3.91,3.93,3.95,3.986,4.017,4.044,4.067,4.087,4.105,4.12,4.198
247.0,254.0,4.035,4.007,3.997,3.984,3.97,3.956,3.943,3.931,3.92,3.91,3.903,3.896,3.882,3.892,3.91,3.929,3.964,3.994,4.02,4.043,4.064,4.082,4.098,4.18
247.0,255.0,4.067,4.033,4.019,4.003,3.985,3.967,3.951,3.935,3.921,3.909,3.899,3.89,3.868,3.874,3.89,3.907,3.941,3.971,3.997,4.021,4.041,4.06,4.077,4.163
247.0,256.0,4.089,4.051,4.034,4.014,3.993,3.973,3.953,3.935,3.919,3.904,3.892,3.881,3.852,3.855,3.869,3.886,3.919,3.949,3.975,3.999,4.02,4.039,4.057,4.146
247.0,257.0,4.103,4.061,4.042,4.019,3.996,3.973,3.951,3.931,3.912,3.896,3.882,3.87,3.835,3.835,3.848,3.865,3.898,3.928,3.954,3.978,4.0,4.019,4.037,4.13
247.0,258.0,4.111,4.066,4.044,4.02,3.995,3.97,3.946,3.923,3.903,3.885,3.869,3.856,3.816,3.815,3.828,3.844,3.877,3.907,3.933,3.957,3.98,4.0,4.019,4.114
247.0,259.0,4.114,4.066,4.042,4.016,3.99,3.963,3.937,3.913,3.891,3.872,3.855,3.841,3.798,3.795,3.807,3.823,3.856,3.886,3.913,3.938,3.96,3.981,4.0,4.099
248.0,249.0,3.575,3.582,3.597,3.607,3.615,3.624,3.633,3.643,3.653,3.662,3.671,3.679,3.722,3.759,3.793,3.822,3.87,3.907,3.936,3.96,3.981,3.999,4.015,4.086
248.0,250.0,3.649,3.648,3.656,3.659,3.661,3.663,3.666,3.669,3.673,3.677,3.681,3.685,3.713,3.745,3.775,3.802,3.848,3.884,3.913,3.938,3.96,3.979,3.995,4.07
248.0,251.0,3.706,3.697,3.7,3.698,3.694,3.691,3.688,3.686,3.685,3.685,3.685,3.686,3.702,3.728,3.756,3.782,3.826,3.862,3.892,3.917,3.939,3.959,3.976,4.055
248.0,252.0,3.748,3.733,3.731,3.725,3.717,3.709,3.702,3.696,3.691,3.687,3.684,3.682,3.688,3.711,3.736,3.761,3.804,3.84,3.87,3.897,3.92,3.94,3.959,4.041
248.0,253.0,3.778,3.758,3.752,3.742,3.73,3.719,3.708,3.699,3.691,3.684,3.679,3.675,3.673,3.692,3.716,3.74,3.783,3.819,3.85,3.877,3.901,3.922,3.941,4.027
248.0,254.0,3.798,3.774,3.765,3.752,3.737,3.723,3.709,3.697,3.686,3.677,3.67,3.664,3.656,3.672,3.696,3.719,3.762,3.798,3.83,3.858,3.883,3.905,3.924,4.013
248.0,255.0,3.81,3.783,3.771,3.756,3.739,3.722,3.705,3.691,3.678,3.667,3.658,3.651,3.638,3.653,3.675,3.698,3.741,3.778,3.811,3.839,3.865,3.888,3.908,4.0
248.0,256.0,3.816,3.786,3.772,3.755,3.735,3.716,3.698,3.682,3.667,3.655,3.644,3.636,3.619,3.632,3.655,3.678,3.721,3.759,3.792,3.821,3.848,3.871,3.892,3.987
248.0,257.0,3.816,3.784,3.769,3.749,3.729,3.708,3.688,3.67,3.654,3.641,3.629,3.62,3.599,3.612,3.634,3.657,3.701,3.74,3.774,3.804,3.831,3.855,3.876,3.974
248.0,258.0,3.812,3.778,3.762,3.741,3.719,3.697,3.676,3.657,3.639,3.625,3.612,3.602,3.58,3.592,3.614,3.637,3.682,3.721,3.755,3.786,3.814,3.839,3.861,3.961
248.0,259.0,3.805,3.769,3.752,3.73,3.707,3.684,3.662,3.641,3.623,3.608,3.595,3.584,3.56,3.571,3.593,3.617,3.662,3.702,3.738,3.769,3.798,3.823,3.846,3.948
248.0,260.0,3.795,3.758,3.74,3.717,3.693,3.669,3.646,3.625,3.606,3.59,3.577,3.566,3.539,3.551,3.573,3.597,3.643,3.684,3.72,3.752,3.781,3.807,3.831,3.935
249.0,250.0,3.68,3.714,3.75,3.786,3.821,3.855,3.887,3.918,3.945,3.971,3.994,4.015,4.101,4.15,4.183,4.208,4.244,4.267,4.282,4.291,4.298,4.302,4.305,4.319
249.0,251.0,3.848,3.867,3.89,3.912,3.933,3.953,3.973,3.991,4.008,4.023,4.037,4.05,4.106,4.14,4.165,4.185,4.214,4.234,4.248,4.259,4.266,4.272,4.277,4.299
249.0,252.0,3.98,3.987,3.999,4.009,4.019,4.028,4.037,4.045,4.053,4.06,4.067,4.073,4.105,4.127,4.145,4.161,4.185,4.203,4.217,4.228,4.237,4.245,4.251,4.28
249.0,253.0,4.084,4.08,4.082,4.083,4.084,4.083,4.083,4.084,4.084,4.085,4.085,4.087,4.098,4.111,4.124,4.136,4.157,4.174,4.188,4.2,4.21,4.219,4.227,4.262
249.0,254.0,4.163,4.151,4.145,4.139,4.131,4.123,4.116,4.11,4.104,4.099,4.095,4.092,4.087,4.093,4.102,4.111,4.129,4.145,4.16,4.173,4.185,4.195,4.205,4.246
249.0,255.0,4.222,4.203,4.191,4.178,4.164,4.15,4.137,4.125,4.114,4.105,4.097,4.091,4.072,4.072,4.078,4.086,4.102,4.118,4.133,4.148,4.161,4.173,4.184,4.231
249.0,256.0,4.265,4.24,4.223,4.205,4.186,4.167,4.149,4.132,4.118,4.105,4.093,4.084,4.055,4.051,4.055,4.061,4.076,4.092,4.108,4.124,4.138,4.151,4.163,4.216
249.0,257.0,4.294,4.265,4.244,4.221,4.198,4.175,4.153,4.133,4.115,4.099,4.085,4.073,4.036,4.028,4.03,4.036,4.051,4.067,4.084,4.101,4.116,4.131,4.144,4.202
249.0,258.0,4.313,4.28,4.256,4.229,4.203,4.176,4.151,4.128,4.107,4.088,4.072,4.059,4.015,4.005,4.006,4.011,4.026,4.043,4.061,4.079,4.095,4.111,4.125,4.188
249.0,259.0,4.323,4.286,4.259,4.231,4.201,4.172,4.144,4.118,4.095,4.075,4.057,4.042,3.993,3.981,3.981,3.986,4.002,4.02,4.039,4.057,4.075,4.092,4.107,4.174
249.0,260.0,4.326,4.286,4.257,4.226,4.194,4.163,4.133,4.105,4.08,4.058,4.039,4.023,3.97,3.957,3.957,3.962,3.978,3.997,4.017,4.037,4.056,4.074,4.09,4.161
249.0,261.0,4.323,4.281,4.25,4.217,4.184,4.15,4.119,4.089,4.063,4.04,4.02,4.003,3.946,3.932,3.932,3.938,3.955,3.975,3.996,4.017,4.037,4.056,4.073,4.148
250.0,251.0,4.013,4.036,4.064,4.089,4.114,4.137,4.159,4.181,4.2,4.219,4.236,4.251,4.319,4.362,4.394,4.421,4.461,4.49,4.51,4.525,4.537,4.546,4.554,4.589
250.0,252.0,4.138,4.149,4.166,4.18,4.194,4.207,4.219,4.231,4.242,4.253,4.263,4.272,4.317,4.349,4.375,4.397,4.433,4.46,4.48,4.496,4.509,4.52,4.53,4.573
250.0,253.0,4.235,4.236,4.244,4.249,4.254,4.258,4.262,4.266,4.27,4.275,4.279,4.283,4.309,4.333,4.354,4.373,4.406,4.431,4.452,4.469,4.484,4.496,4.508,4.558
250.0,254.0,4.309,4.302,4.302,4.3,4.298,4.295,4.292,4.289,4.288,4.287,4.286,4.286,4.297,4.314,4.332,4.348,4.378,4.404,4.425,4.443,4.459,4.473,4.486,4.543
250.0,255.0,4.364,4.349,4.344,4.336,4.327,4.318,4.31,4.302,4.296,4.29,4.286,4.283,4.281,4.293,4.308,4.323,4.352,4.377,4.399,4.418,4.436,4.451,4.466,4.529
250.0,256.0,4.404,4.383,4.372,4.36,4.346,4.332,4.319,4.307,4.296,4.288,4.28,4.274,4.262,4.27,4.283,4.297,4.325,4.351,4.374,4.394,4.413,4.43,4.446,4.515
250.0,257.0,4.43,4.404,4.39,4.373,4.355,4.337,4.32,4.305,4.291,4.279,4.27,4.262,4.242,4.246,4.258,4.272,4.299,4.325,4.349,4.371,4.391,4.41,4.427,4.502
250.0,258.0,4.446,4.416,4.399,4.378,4.357,4.336,4.316,4.297,4.281,4.267,4.255,4.245,4.219,4.221,4.232,4.246,4.274,4.301,4.326,4.349,4.37,4.39,4.408,4.489
250.0,259.0,4.453,4.42,4.4,4.377,4.353,4.329,4.306,4.286,4.267,4.251,4.238,4.227,4.195,4.196,4.206,4.22,4.248,4.276,4.303,4.327,4.35,4.371,4.39,4.476
250.0,260.0,4.453,4.417,4.395,4.37,4.344,4.318,4.293,4.27,4.25,4.233,4.218,4.206,4.171,4.17,4.181,4.194,4.224,4.253,4.28,4.306,4.33,4.352,4.372,4.463
250.0,261.0,4.447,4.409,4.386,4.359,4.331,4.303,4.277,4.253,4.231,4.212,4.196,4.183,4.145,4.144,4.155,4.169,4.199,4.23,4.258,4.285,4.31,4.334,4.355,4.45
250.0,262.0,4.437,4.397,4.372,4.344,4.315,4.286,4.258,4.232,4.21,4.19,4.173,4.159,4.12,4.118,4.129,4.144,4.175,4.207,4.237,4.265,4.291,4.316,4.338,4.437
251.0,252.0,4.096,4.115,4.137,4.157,4.176,4.195,4.213,4.23,4.247,4.262,4.275,4.288,4.341,4.373,4.396,4.415,4.444,4.465,4.479,4.49,4.497,4.504,4.508,4.53
251.0,253.0,4.214,4.221,4.233,4.242,4.251,4.26,4.269,4.277,4.284,4.292,4.299,4.305,4.336,4.358,4.376,4.392,4.416,4.435,4.45,4.461,4.47,4.478,4.485,4.514
251.0,254.0,4.305,4.302,4.305,4.307,4.307,4.308,4.308,4.309,4.309,4.311,4.312,4.314,4.326,4.34,4.354,4.367,4.389,4.407,4.422,4.434,4.445,4.454,4.462,4.5
251.0,255.0,4.374,4.363,4.359,4.353,4.347,4.34,4.334,4.328,4.324,4.32,4.316,4.314,4.312,4.32,4.331,4.342,4.362,4.379,4.395,4.408,4.42,4.431,4.441,4.486
251.0,256.0,4.424,4.406,4.397,4.385,4.373,4.361,4.349,4.339,4.329,4.321,4.314,4.308,4.294,4.298,4.306,4.316,4.335,4.352,4.369,4.383,4.397,4.409,4.421,4.472
251.0,257.0,4.459,4.436,4.422,4.406,4.389,4.372,4.356,4.341,4.328,4.316,4.306,4.297,4.274,4.274,4.281,4.29,4.308,4.326,4.343,4.36,4.375,4.389,4.401,4.459
251.0,258.0,4.482,4.454,4.436,4.416,4.396,4.375,4.355,4.337,4.32,4.306,4.293,4.283,4.251,4.249,4.255,4.263,4.282,4.301,4.319,4.337,4.353,4.368,4.382,4.446
251.0,259.0,4.495,4.463,4.442,4.419,4.395,4.371,4.348,4.327,4.308,4.291,4.277,4.265,4.227,4.223,4.228,4.237,4.256,4.276,4.296,4.314,4.332,4.349,4.364,4.433
251.0,260.0,4.499,4.464,4.44,4.415,4.389,4.362,4.337,4.314,4.292,4.274,4.258,4.244,4.202,4.196,4.202,4.211,4.231,4.252,4.273,4.293,4.312,4.33,4.346,4.421
251.0,261.0,4.497,4.458,4.433,4.406,4.378,4.349,4.322,4.297,4.274,4.254,4.236,4.222,4.176,4.17,4.175,4.185,4.206,4.228,4.25,4.272,4.292,4.311,4.329,4.409
251.0,262.0,4.489,4.448,4.422,4.393,4.363,4.333,4.304,4.277,4.253,4.232,4.213,4.198,4.15,4.143,4.149,4.159,4.181,4.205,4.228,4.251,4.273,4.293,4.312,4.396
251.0,263.0,4.477,4.434,4.407,4.376,4.345,4.314,4.283,4.255,4.23,4.208,4.189,4.173,4.123,4.116,4.122,4.133,4.157,4.182,4.207,4.231,4.254,4.275,4.295,4.384
252.0,253.0,4.225,4.237,4.247,4.257,4.266,4.276,4.285,4.294,4.302,4.31,4.317,4.323,4.346,4.355,4.361,4.365,4.369,4.372,4.373,4.373,4.372,4.371,4.37,4.366
252.0,254.0,4.337,4.337,4.337,4.336,4.336,4.336,4.336,4.335,4.335,4.335,4.335,4.335,4.335,4.337,4.338,4.339,4.341,4.343,4.345,4.346,4.347,4.348,4.349,4.353
252.0,255.0,4.422,4.411,4.403,4.394,4.386,4.378,4.37,4.362,4.355,4.348,4.342,4.337,4.32,4.315,4.313,4.313,4.313,4.315,4.318,4.32,4.323,4.326,4.329,4.341
252.0,256.0,4.483,4.464,4.449,4.434,4.419,4.405,4.39,4.376,4.363,4.352,4.341,4.332,4.301,4.291,4.287,4.286,4.286,4.288,4.292,4.296,4.301,4.305,4.309,4.33
252.0,257.0,4.526,4.5,4.48,4.459,4.439,4.419,4.399,4.381,4.363,4.347,4.333,4.321,4.279,4.265,4.26,4.258,4.258,4.261,4.266,4.272,4.279,4.285,4.291,4.318
252.0,258.0,4.553,4.521,4.497,4.473,4.448,4.424,4.4,4.377,4.356,4.337,4.32,4.305,4.254,4.237,4.232,4.23,4.231,4.236,4.242,4.25,4.258,4.266,4.273,4.308
252.0,259.0,4.568,4.532,4.504,4.476,4.448,4.421,4.393,4.367,4.343,4.321,4.302,4.285,4.228,4.209,4.204,4.202,4.205,4.21,4.219,4.228,4.237,4.247,4.256,4.297
252.0,260.0,4.573,4.533,4.503,4.472,4.442,4.411,4.381,4.352,4.326,4.302,4.281,4.263,4.2,4.181,4.175,4.174,4.178,4.186,4.196,4.206,4.218,4.229,4.239,4.287
252.0,261.0,4.57,4.527,4.495,4.462,4.429,4.396,4.364,4.334,4.305,4.28,4.257,4.238,4.171,4.151,4.147,4.147,4.152,4.162,4.173,4.186,4.198,4.211,4.222,4.276
252.0,262.0,4.561,4.515,4.481,4.447,4.412,4.378,4.344,4.312,4.282,4.255,4.232,4.211,4.142,4.122,4.118,4.119,4.127,4.138,4.151,4.165,4.18,4.193,4.206,4.266
252.0,263.0,4.546,4.498,4.464,4.428,4.392,4.356,4.321,4.288,4.257,4.229,4.205,4.183,4.113,4.093,4.09,4.092,4.102,4.115,4.13,4.146,4.161,4.176,4.19,4.255
252.0,264.0,4.528,4.478,4.443,4.407,4.369,4.332,4.296,4.262,4.23,4.202,4.176,4.155,4.083,4.064,4.062,4.066,4.078,4.092,4.109,4.126,4.143,4.159,4.174,4.244
253.0,254.0,4.5,4.495,4.493,4.489,4.486,4.483,4.48,4.477,4.474,4.472,4.47,4.469,4.465,4.467,4.47,4.474,4.48,4.485,4.49,4.495,4.499,4.503,4.506,4.521
253.0,255.0,4.566,4.552,4.542,4.532,4.522,4.511,4.501,4.492,4.483,4.476,4.47,4.464,4.447,4.443,4.444,4.446,4.452,4.458,4.464,4.47,4.476,4.482,4.487,4.51
253.0,256.0,4.612,4.591,4.576,4.56,4.543,4.527,4.511,4.497,4.484,4.472,4.462,4.453,4.425,4.417,4.416,4.418,4.424,4.431,4.438,4.446,4.454,4.461,4.468,4.5
253.0,257.0,4.642,4.615,4.595,4.575,4.553,4.532,4.512,4.494,4.477,4.462,4.449,4.438,4.4,4.389,4.388,4.389,4.396,4.404,4.413,4.423,4.433,4.442,4.45,4.489
253.0,258.0,4.659,4.627,4.604,4.579,4.554,4.53,4.506,4.484,4.464,4.446,4.431,4.418,4.373,4.361,4.359,4.361,4.368,4.378,4.389,4.401,4.412,4.423,4.433,4.479
253.0,259.0,4.666,4.63,4.604,4.576,4.548,4.52,4.494,4.469,4.446,4.426,4.409,4.394,4.345,4.331,4.329,4.332,4.341,4.352,4.365,4.379,4.392,4.404,4.416,4.468
253.0,260.0,4.664,4.625,4.596,4.566,4.536,4.506,4.477,4.45,4.425,4.404,4.385,4.369,4.315,4.301,4.3,4.303,4.314,4.327,4.342,4.357,4.372,4.386,4.399,4.458
253.0,261.0,4.655,4.613,4.583,4.551,4.519,4.487,4.456,4.427,4.401,4.378,4.358,4.341,4.285,4.271,4.27,4.275,4.287,4.303,4.319,4.336,4.352,4.368,4.382,4.447
253.0,262.0,4.641,4.597,4.566,4.532,4.498,4.464,4.432,4.402,4.375,4.351,4.33,4.312,4.255,4.241,4.241,4.246,4.261,4.279,4.297,4.315,4.333,4.35,4.366,4.437
253.0,263.0,4.623,4.577,4.544,4.51,4.475,4.44,4.406,4.375,4.347,4.322,4.301,4.283,4.224,4.21,4.212,4.218,4.236,4.255,4.275,4.295,4.314,4.333,4.349,4.426
253.0,264.0,4.601,4.553,4.521,4.485,4.449,4.413,4.379,4.347,4.318,4.293,4.271,4.252,4.193,4.181,4.183,4.191,4.21,4.232,4.254,4.275,4.296,4.315,4.333,4.415
253.0,265.0,4.577,4.528,4.495,4.459,4.422,4.385,4.35,4.318,4.289,4.263,4.241,4.222,4.162,4.151,4.155,4.164,4.186,4.209,4.233,4.256,4.278,4.298,4.317,4.404
254.0,255.0,4.636,4.638,4.637,4.637,4.637,4.637,4.637,4.637,4.637,4.636,4.636,4.635,4.628,4.62,4.612,4.605,4.592,4.581,4.572,4.565,4.558,4.552,4.547,4.524
254.0,256.0,4.711,4.703,4.693,4.685,4.677,4.669,4.663,4.656,4.65,4.644,4.639,4.634,4.611,4.596,4.584,4.575,4.56,4.55,4.541,4.535,4.531,4.527,4.524,4.512
254.0,257.0,4.766,4.749,4.732,4.717,4.702,4.689,4.676,4.665,4.654,4.644,4.635,4.627,4.591,4.569,4.555,4.545,4.529,4.519,4.512,4.507,4.505,4.503,4.502,4.499
254.0,258.0,4.804,4.78,4.758,4.737,4.717,4.698,4.68,4.665,4.65,4.637,4.625,4.614,4.567,4.541,4.525,4.514,4.498,4.489,4.483,4.481,4.48,4.48,4.481,4.488
254.0,259.0,4.828,4.798,4.771,4.746,4.721,4.698,4.677,4.657,4.64,4.623,4.609,4.596,4.541,4.512,4.495,4.483,4.468,4.46,4.456,4.455,4.456,4.459,4.461,4.476
254.0,260.0,4.841,4.806,4.776,4.746,4.718,4.691,4.667,4.644,4.624,4.606,4.589,4.574,4.513,4.481,4.464,4.452,4.439,4.432,4.43,4.43,4.433,4.438,4.442,4.465
254.0,261.0,4.845,4.805,4.772,4.739,4.708,4.678,4.651,4.627,4.604,4.584,4.566,4.55,4.483,4.45,4.432,4.421,4.409,4.404,4.404,4.407,4.411,4.417,4.424,4.454
254.0,262.0,4.841,4.797,4.762,4.726,4.692,4.661,4.632,4.605,4.581,4.559,4.54,4.523,4.453,4.419,4.401,4.391,4.381,4.378,4.379,4.384,4.39,4.398,4.406,4.443
254.0,263.0,4.83,4.784,4.746,4.709,4.673,4.64,4.609,4.581,4.555,4.532,4.512,4.494,4.421,4.387,4.37,4.361,4.353,4.351,4.355,4.361,4.369,4.379,4.388,4.433
254.0,264.0,4.814,4.766,4.726,4.688,4.65,4.615,4.583,4.554,4.528,4.504,4.483,4.464,4.39,4.356,4.339,4.331,4.325,4.326,4.331,4.339,4.349,4.36,4.371,4.422
254.0,265.0,4.794,4.744,4.703,4.663,4.625,4.589,4.556,4.525,4.498,4.474,4.452,4.433,4.358,4.324,4.309,4.302,4.298,4.301,4.308,4.318,4.33,4.342,4.354,4.411
254.0,266.0,4.771,4.719,4.678,4.637,4.597,4.56,4.526,4.496,4.468,4.443,4.421,4.401,4.326,4.293,4.279,4.273,4.271,4.277,4.286,4.297,4.31,4.324,4.337,4.4
255.0,256.0,4.727,4.725,4.727,4.729,4.729,4.73,4.73,4.731,4.732,4.733,4.734,4.735,4.746,4.757,4.769,4.779,4.796,4.81,4.822,4.832,4.84,4.848,4.855,4.884
255.0,257.0,4.779,4.77,4.766,4.761,4.755,4.749,4.743,4.738,4.734,4.73,4.727,4.725,4.723,4.731,4.74,4.75,4.767,4.782,4.796,4.808,4.819,4.828,4.837,4.876
255.0,258.0,4.813,4.799,4.79,4.78,4.769,4.757,4.747,4.737,4.728,4.72,4.714,4.709,4.698,4.702,4.71,4.72,4.738,4.755,4.77,4.784,4.797,4.809,4.82,4.868
255.0,259.0,4.834,4.815,4.802,4.788,4.772,4.756,4.741,4.728,4.715,4.705,4.696,4.689,4.67,4.672,4.68,4.69,4.709,4.728,4.745,4.761,4.776,4.79,4.803,4.859
255.0,260.0,4.843,4.82,4.804,4.786,4.767,4.748,4.73,4.713,4.698,4.685,4.674,4.665,4.64,4.641,4.649,4.659,4.681,4.701,4.72,4.739,4.756,4.772,4.786,4.85
255.0,261.0,4.843,4.816,4.798,4.777,4.756,4.734,4.713,4.693,4.676,4.661,4.648,4.638,4.609,4.609,4.618,4.629,4.652,4.675,4.696,4.717,4.736,4.754,4.77,4.841
255.0,262.0,4.835,4.806,4.786,4.763,4.739,4.714,4.691,4.67,4.651,4.634,4.62,4.609,4.577,4.577,4.586,4.599,4.624,4.649,4.673,4.695,4.716,4.735,4.753,4.832
255.0,263.0,4.821,4.789,4.768,4.743,4.717,4.691,4.667,4.644,4.623,4.606,4.591,4.578,4.544,4.544,4.555,4.568,4.596,4.623,4.649,4.674,4.696,4.718,4.737,4.822
255.0,264.0,4.802,4.768,4.746,4.72,4.693,4.666,4.639,4.615,4.594,4.575,4.559,4.546,4.511,4.512,4.524,4.539,4.569,4.598,4.626,4.652,4.677,4.7,4.721,4.812
255.0,265.0,4.779,4.744,4.721,4.694,4.666,4.637,4.61,4.585,4.563,4.544,4.527,4.514,4.478,4.48,4.493,4.509,4.542,4.574,4.604,4.632,4.658,4.682,4.705,4.802
255.0,266.0,4.754,4.717,4.693,4.666,4.637,4.608,4.58,4.554,4.531,4.511,4.495,4.481,4.445,4.448,4.462,4.48,4.516,4.55,4.581,4.611,4.639,4.665,4.689,4.791
255.0,267.0,4.726,4.688,4.664,4.636,4.607,4.577,4.548,4.522,4.498,4.478,4.461,4.448,4.412,4.416,4.432,4.451,4.49,4.526,4.56,4.591,4.62,4.648,4.673,4.781
256.0,257.0,4.796,4.787,4.788,4.787,4.784,4.781,4.778,4.776,4.774,4.773,4.773,4.774,4.789,4.811,4.835,4.856,4.894,4.925,4.952,4.975,4.995,5.013,5.029,5.099
256.0,258.0,4.821,4.806,4.804,4.798,4.791,4.784,4.777,4.77,4.765,4.761,4.759,4.757,4.764,4.783,4.805,4.827,4.865,4.897,4.925,4.95,4.971,4.991,5.009,5.086
256.0,259.0,4.834,4.815,4.809,4.8,4.79,4.779,4.768,4.759,4.751,4.745,4.74,4.736,4.736,4.754,4.776,4.797,4.836,4.869,4.899,4.925,4.949,4.97,4.989,5.073
256.0,260.0,4.838,4.816,4.807,4.795,4.782,4.768,4.755,4.743,4.732,4.724,4.717,4.712,4.708,4.724,4.746,4.767,4.807,4.842,4.873,4.901,4.926,4.949,4.97,5.06
256.0,261.0,4.834,4.809,4.798,4.784,4.768,4.752,4.737,4.723,4.711,4.701,4.692,4.686,4.678,4.694,4.716,4.738,4.779,4.815,4.848,4.877,4.904,4.928,4.95,5.047
256.0,262.0,4.824,4.796,4.784,4.768,4.751,4.733,4.715,4.7,4.686,4.675,4.666,4.658,4.647,4.663,4.685,4.708,4.751,4.789,4.823,4.854,4.882,4.908,4.931,5.034
256.0,263.0,4.809,4.78,4.766,4.749,4.729,4.71,4.691,4.674,4.66,4.647,4.637,4.629,4.617,4.632,4.655,4.679,4.723,4.763,4.799,4.832,4.861,4.888,4.913,5.021
256.0,264.0,4.791,4.759,4.745,4.726,4.706,4.685,4.665,4.647,4.632,4.618,4.608,4.599,4.585,4.601,4.625,4.65,4.696,4.738,4.775,4.809,4.84,4.868,4.894,5.007
256.0,265.0,4.769,4.736,4.721,4.701,4.68,4.659,4.638,4.619,4.603,4.589,4.578,4.569,4.554,4.571,4.595,4.621,4.669,4.712,4.752,4.787,4.819,4.849,4.876,4.994
256.0,266.0,4.745,4.711,4.695,4.675,4.653,4.631,4.609,4.59,4.573,4.559,4.547,4.538,4.523,4.54,4.566,4.593,4.643,4.688,4.728,4.765,4.799,4.83,4.857,4.98
256.0,267.0,4.719,4.684,4.668,4.647,4.625,4.602,4.58,4.56,4.543,4.528,4.516,4.507,4.492,4.51,4.537,4.565,4.617,4.664,4.706,4.744,4.779,4.81,4.839,4.966
256.0,268.0,4.692,4.656,4.64,4.619,4.596,4.573,4.55,4.53,4.512,4.498,4.486,4.476,4.461,4.481,4.509,4.537,4.591,4.64,4.683,4.723,4.759,4.791,4.821,4.952
257.0,258.0,4.914,4.914,4.919,4.922,4.924,4.925,4.927,4.929,4.931,4.934,4.936,4.939,4.955,4.972,4.988,5.002,5.026,5.045,5.061,5.074,5.085,5.094,5.103,5.141
257.0,259.0,4.954,4.946,4.946,4.943,4.94,4.936,4.932,4.929,4.926,4.924,4.923,4.922,4.927,4.941,4.956,4.971,4.996,5.017,5.034,5.049,5.062,5.074,5.085,5.133
257.0,260.0,4.978,4.963,4.959,4.952,4.944,4.936,4.928,4.92,4.914,4.908,4.904,4.9,4.896,4.908,4.923,4.939,4.966,4.989,5.008,5.025,5.041,5.054,5.067,5.123
257.0,261.0,4.988,4.969,4.961,4.95,4.939,4.927,4.915,4.905,4.895,4.887,4.88,4.874,4.863,4.874,4.89,4.907,4.936,4.961,4.982,5.002,5.019,5.035,5.049,5.114
257.0,262.0,4.987,4.964,4.954,4.941,4.926,4.911,4.897,4.884,4.872,4.861,4.852,4.845,4.829,4.839,4.856,4.874,4.906,4.933,4.957,4.979,4.998,5.016,5.031,5.104
257.0,263.0,4.978,4.951,4.939,4.924,4.907,4.89,4.874,4.858,4.844,4.832,4.822,4.813,4.794,4.804,4.823,4.842,4.876,4.906,4.932,4.956,4.977,4.996,5.014,5.094
257.0,264.0,4.962,4.933,4.919,4.902,4.884,4.865,4.847,4.83,4.814,4.801,4.789,4.78,4.758,4.769,4.789,4.81,4.847,4.879,4.908,4.933,4.957,4.978,4.996,5.084
257.0,265.0,4.941,4.909,4.894,4.877,4.857,4.837,4.817,4.799,4.782,4.768,4.755,4.745,4.722,4.734,4.755,4.778,4.818,4.853,4.884,4.911,4.936,4.959,4.979,5.074
257.0,266.0,4.915,4.882,4.867,4.848,4.827,4.806,4.785,4.766,4.749,4.733,4.721,4.71,4.686,4.699,4.722,4.746,4.79,4.827,4.86,4.889,4.916,4.94,4.962,5.063
257.0,267.0,4.886,4.851,4.836,4.817,4.795,4.773,4.752,4.732,4.714,4.698,4.685,4.674,4.65,4.664,4.689,4.715,4.761,4.801,4.836,4.868,4.896,4.922,4.945,5.051
257.0,268.0,4.855,4.819,4.804,4.784,4.762,4.739,4.717,4.697,4.679,4.663,4.649,4.638,4.614,4.63,4.657,4.685,4.734,4.776,4.813,4.846,4.876,4.903,4.927,5.04
257.0,269.0,4.822,4.786,4.77,4.75,4.728,4.705,4.682,4.662,4.643,4.627,4.614,4.603,4.579,4.597,4.625,4.654,4.706,4.751,4.79,4.825,4.856,4.885,4.91,5.028
258.0,259.0,5.08,5.083,5.085,5.087,5.089,5.091,5.093,5.095,5.097,5.098,5.1,5.101,5.104,5.104,5.103,5.102,5.1,5.098,5.096,5.094,5.092,5.09,5.089,5.082
258.0,260.0,5.135,5.13,5.125,5.12,5.114,5.109,5.104,5.1,5.096,5.092,5.089,5.086,5.076,5.072,5.07,5.069,5.068,5.068,5.068,5.069,5.07,5.072,5.073,5.078
258.0,261.0,5.17,5.158,5.148,5.137,5.125,5.114,5.104,5.094,5.085,5.078,5.071,5.065,5.044,5.037,5.035,5.034,5.035,5.038,5.041,5.045,5.049,5.053,5.057,5.073
258.0,262.0,5.189,5.171,5.156,5.141,5.125,5.109,5.094,5.08,5.067,5.056,5.046,5.038,5.01,5.001,4.999,5.0,5.003,5.008,5.015,5.021,5.028,5.035,5.041,5.068
258.0,263.0,5.194,5.171,5.153,5.134,5.114,5.095,5.076,5.059,5.043,5.029,5.017,5.007,4.973,4.964,4.963,4.964,4.971,4.979,4.988,4.998,5.007,5.016,5.025,5.062
258.0,264.0,5.189,5.162,5.141,5.119,5.096,5.074,5.052,5.032,5.014,4.998,4.985,4.973,4.935,4.925,4.926,4.929,4.939,4.95,4.963,4.975,4.987,4.998,5.009,5.056
258.0,265.0,5.174,5.144,5.122,5.097,5.072,5.047,5.023,5.001,4.982,4.964,4.949,4.936,4.895,4.887,4.889,4.894,4.907,4.922,4.937,4.952,4.967,4.98,4.993,5.049
258.0,266.0,5.152,5.12,5.096,5.07,5.043,5.016,4.991,4.967,4.946,4.927,4.911,4.898,4.856,4.848,4.852,4.859,4.876,4.894,4.912,4.929,4.946,4.962,4.977,5.042
258.0,267.0,5.125,5.09,5.066,5.039,5.011,4.982,4.956,4.931,4.909,4.889,4.872,4.858,4.815,4.809,4.815,4.824,4.845,4.866,4.887,4.907,4.926,4.944,4.961,5.034
258.0,268.0,5.094,5.057,5.032,5.004,4.975,4.946,4.918,4.893,4.87,4.849,4.832,4.818,4.775,4.771,4.779,4.79,4.814,4.839,4.862,4.885,4.906,4.926,4.945,5.026
258.0,269.0,5.059,5.021,4.996,4.967,4.938,4.908,4.879,4.853,4.83,4.809,4.792,4.777,4.735,4.733,4.743,4.756,4.785,4.812,4.838,4.863,4.887,4.909,4.929,5.017
258.0,270.0,5.022,4.983,4.958,4.929,4.899,4.868,4.84,4.813,4.789,4.768,4.751,4.736,4.695,4.696,4.708,4.723,4.755,4.786,4.815,4.842,4.867,4.891,4.913,5.008
259.0,260.0,5.114,5.089,5.071,5.053,5.034,5.015,4.997,4.98,4.965,4.952,4.94,4.93,4.897,4.886,4.883,4.882,4.886,4.892,4.899,4.907,4.915,4.923,4.93,4.964
259.0,261.0,5.114,5.085,5.064,5.042,5.02,4.998,4.977,4.957,4.94,4.924,4.911,4.899,4.861,4.849,4.847,4.848,4.854,4.863,4.873,4.884,4.894,4.904,4.914,4.956
259.0,262.0,5.105,5.072,5.049,5.025,5.0,4.975,4.952,4.93,4.91,4.893,4.878,4.866,4.824,4.813,4.811,4.814,4.823,4.834,4.847,4.86,4.873,4.886,4.897,4.948
259.0,263.0,5.088,5.052,5.028,5.002,4.975,4.948,4.923,4.899,4.878,4.86,4.844,4.83,4.786,4.776,4.776,4.78,4.792,4.807,4.822,4.838,4.853,4.867,4.88,4.94
259.0,264.0,5.065,5.027,5.002,4.974,4.945,4.917,4.89,4.866,4.843,4.824,4.807,4.793,4.748,4.739,4.74,4.746,4.762,4.779,4.797,4.815,4.833,4.849,4.864,4.932
259.0,265.0,5.038,4.998,4.971,4.943,4.913,4.884,4.856,4.83,4.807,4.787,4.77,4.755,4.71,4.702,4.705,4.713,4.732,4.752,4.773,4.793,4.813,4.831,4.847,4.923
259.0,266.0,5.006,4.965,4.938,4.909,4.879,4.848,4.82,4.793,4.769,4.749,4.731,4.716,4.672,4.665,4.671,4.68,4.702,4.726,4.749,4.772,4.793,4.813,4.831,4.913
259.0,267.0,4.973,4.93,4.903,4.873,4.842,4.812,4.782,4.755,4.731,4.71,4.693,4.678,4.634,4.629,4.637,4.648,4.674,4.7,4.726,4.75,4.773,4.795,4.815,4.904
259.0,268.0,4.937,4.894,4.867,4.836,4.805,4.774,4.744,4.717,4.693,4.672,4.654,4.639,4.596,4.593,4.603,4.616,4.645,4.674,4.702,4.729,4.754,4.777,4.799,4.894
259.0,269.0,4.9,4.856,4.829,4.799,4.767,4.736,4.706,4.679,4.654,4.633,4.615,4.601,4.559,4.559,4.57,4.585,4.617,4.649,4.68,4.708,4.735,4.76,4.782,4.884
259.0,270.0,4.862,4.817,4.791,4.761,4.729,4.697,4.668,4.64,4.616,4.595,4.577,4.563,4.523,4.524,4.538,4.555,4.59,4.625,4.657,4.688,4.716,4.742,4.766,4.873
259.0,271.0,4.823,4.778,4.752,4.722,4.691,4.659,4.629,4.602,4.578,4.557,4.54,4.525,4.487,4.491,4.506,4.525,4.564,4.601,4.635,4.668,4.697,4.725,4.75,4.862
260.0,261.0,5.121,5.085,5.053,5.02,4.986,4.953,4.922,4.893,4.866,4.842,4.821,4.802,4.735,4.707,4.694,4.686,4.679,4.678,4.682,4.687,4.695,4.702,4.709,4.743
260.0,262.0,5.102,5.062,5.029,4.994,4.958,4.924,4.891,4.86,4.832,4.806,4.784,4.765,4.696,4.669,4.658,4.652,4.648,4.65,4.656,4.665,4.674,4.684,4.693,4.735
260.0,263.0,5.076,5.034,5.0,4.964,4.927,4.891,4.856,4.824,4.795,4.769,4.746,4.726,4.656,4.631,4.621,4.617,4.617,4.622,4.631,4.643,4.654,4.666,4.677,4.728
260.0,264.0,5.046,5.002,4.968,4.93,4.893,4.855,4.82,4.787,4.757,4.73,4.707,4.687,4.617,4.593,4.585,4.583,4.587,4.595,4.607,4.621,4.635,4.648,4.661,4.719
260.0,265.0,5.013,4.967,4.932,4.895,4.856,4.818,4.782,4.748,4.718,4.691,4.667,4.647,4.577,4.556,4.55,4.55,4.557,4.569,4.583,4.599,4.615,4.631,4.645,4.711
260.0,266.0,4.976,4.93,4.895,4.857,4.818,4.78,4.743,4.709,4.678,4.651,4.627,4.607,4.538,4.519,4.515,4.517,4.528,4.543,4.56,4.578,4.596,4.613,4.63,4.702
260.0,267.0,4.939,4.891,4.856,4.818,4.779,4.74,4.703,4.669,4.638,4.611,4.587,4.567,4.5,4.482,4.481,4.485,4.499,4.517,4.537,4.557,4.577,4.596,4.614,4.693
260.0,268.0,4.899,4.851,4.816,4.779,4.739,4.701,4.664,4.629,4.598,4.571,4.547,4.527,4.462,4.447,4.448,4.454,4.472,4.492,4.514,4.537,4.558,4.579,4.598,4.683
260.0,269.0,4.859,4.811,4.776,4.739,4.7,4.661,4.624,4.59,4.559,4.532,4.508,4.488,4.425,4.412,4.415,4.423,4.444,4.468,4.492,4.516,4.54,4.562,4.582,4.674
260.0,270.0,4.819,4.77,4.736,4.699,4.66,4.621,4.585,4.55,4.52,4.493,4.469,4.45,4.389,4.378,4.383,4.393,4.417,4.444,4.47,4.496,4.521,4.545,4.567,4.663
260.0,271.0,4.779,4.73,4.696,4.659,4.621,4.582,4.546,4.512,4.481,4.454,4.432,4.412,4.353,4.345,4.352,4.364,4.391,4.42,4.449,4.476,4.503,4.528,4.551,4.653
260.0,272.0,4.739,4.69,4.657,4.62,4.582,4.544,4.507,4.474,4.443,4.417,4.394,4.375,4.318,4.312,4.321,4.335,4.365,4.397,4.427,4.457,4.485,4.511,4.535,4.642
261.0,262.0,4.944,4.922,4.9,4.878,4.855,4.833,4.812,4.793,4.775,4.758,4.744,4.73,4.678,4.652,4.634,4.622,4.604,4.593,4.587,4.584,4.583,4.583,4.583,4.587
261.0,263.0,4.961,4.934,4.908,4.882,4.855,4.829,4.804,4.78,4.759,4.739,4.722,4.707,4.647,4.619,4.601,4.589,4.573,4.564,4.56,4.56,4.561,4.563,4.566,4.579
261.0,264.0,4.966,4.935,4.906,4.876,4.846,4.817,4.788,4.762,4.737,4.716,4.696,4.679,4.614,4.585,4.568,4.556,4.542,4.536,4.534,4.536,4.54,4.545,4.549,4.571
261.0,265.0,4.961,4.927,4.896,4.863,4.831,4.798,4.767,4.738,4.712,4.688,4.667,4.649,4.58,4.55,4.534,4.524,4.512,4.508,4.509,4.513,4.519,4.526,4.533,4.563
261.0,266.0,4.948,4.911,4.879,4.844,4.809,4.775,4.742,4.711,4.683,4.658,4.635,4.616,4.545,4.515,4.5,4.491,4.482,4.481,4.484,4.491,4.499,4.508,4.517,4.555
261.0,267.0,4.93,4.89,4.856,4.82,4.784,4.748,4.713,4.681,4.651,4.625,4.602,4.582,4.509,4.48,4.466,4.459,4.453,4.454,4.46,4.469,4.479,4.49,4.5,4.547
261.0,268.0,4.906,4.865,4.83,4.793,4.755,4.717,4.682,4.648,4.618,4.591,4.567,4.546,4.472,4.445,4.433,4.427,4.424,4.428,4.436,4.447,4.46,4.472,4.484,4.538
261.0,269.0,4.878,4.835,4.8,4.762,4.723,4.685,4.648,4.614,4.583,4.555,4.531,4.51,4.436,4.41,4.4,4.396,4.396,4.403,4.413,4.426,4.441,4.455,4.469,4.529
261.0,270.0,4.847,4.803,4.768,4.73,4.69,4.651,4.614,4.579,4.547,4.519,4.495,4.473,4.4,4.375,4.367,4.365,4.368,4.378,4.391,4.406,4.422,4.438,4.453,4.52
261.0,271.0,4.814,4.77,4.734,4.695,4.656,4.616,4.578,4.543,4.511,4.483,4.458,4.437,4.364,4.341,4.335,4.335,4.341,4.353,4.368,4.385,4.403,4.421,4.437,4.511
261.0,272.0,4.78,4.734,4.699,4.66,4.62,4.58,4.542,4.507,4.475,4.446,4.422,4.4,4.329,4.308,4.304,4.305,4.314,4.329,4.346,4.365,4.385,4.404,4.422,4.501
261.0,273.0,4.744,4.698,4.663,4.624,4.584,4.544,4.506,4.471,4.439,4.41,4.385,4.364,4.294,4.275,4.273,4.276,4.288,4.305,4.325,4.346,4.367,4.387,4.406,4.491
262.0,263.0,5.145,5.09,5.042,4.997,4.954,4.915,4.879,4.846,4.816,4.789,4.764,4.742,4.648,4.599,4.574,4.56,4.547,4.543,4.544,4.55,4.557,4.565,4.572,4.605
262.0,264.0,5.112,5.055,5.006,4.96,4.917,4.877,4.84,4.806,4.776,4.748,4.723,4.701,4.607,4.56,4.537,4.525,4.516,4.515,4.52,4.529,4.538,4.548,4.557,4.598
262.0,265.0,5.075,5.017,4.968,4.921,4.877,4.837,4.799,4.766,4.735,4.707,4.682,4.66,4.567,4.522,4.501,4.491,4.486,4.489,4.497,4.508,4.519,4.531,4.542,4.59
262.0,266.0,5.036,4.977,4.928,4.881,4.836,4.796,4.758,4.724,4.694,4.666,4.641,4.618,4.527,4.484,4.466,4.458,4.457,4.463,4.474,4.487,4.501,4.514,4.527,4.582
262.0,267.0,4.996,4.936,4.887,4.839,4.795,4.754,4.717,4.683,4.652,4.625,4.6,4.577,4.488,4.447,4.431,4.426,4.428,4.438,4.451,4.467,4.482,4.498,4.512,4.574
262.0,268.0,4.954,4.893,4.845,4.798,4.753,4.712,4.675,4.641,4.611,4.583,4.559,4.537,4.449,4.411,4.397,4.394,4.4,4.413,4.429,4.447,4.464,4.481,4.497,4.566
262.0,269.0,4.912,4.851,4.803,4.756,4.711,4.671,4.634,4.6,4.57,4.543,4.518,4.497,4.411,4.375,4.364,4.363,4.373,4.389,4.407,4.427,4.446,4.465,4.482,4.557
262.0,270.0,4.87,4.808,4.761,4.714,4.67,4.629,4.593,4.559,4.529,4.503,4.479,4.457,4.374,4.341,4.331,4.332,4.346,4.365,4.386,4.407,4.429,4.449,4.467,4.547
262.0,271.0,4.827,4.766,4.719,4.673,4.629,4.589,4.552,4.519,4.49,4.463,4.44,4.419,4.338,4.307,4.3,4.303,4.32,4.341,4.365,4.388,4.411,4.433,4.452,4.538
262.0,272.0,4.785,4.724,4.678,4.632,4.588,4.549,4.512,4.48,4.451,4.425,4.401,4.381,4.302,4.274,4.269,4.274,4.294,4.319,4.344,4.369,4.394,4.417,4.437,4.528
262.0,273.0,4.744,4.683,4.637,4.592,4.549,4.509,4.474,4.441,4.413,4.387,4.364,4.344,4.268,4.242,4.239,4.246,4.269,4.296,4.324,4.351,4.377,4.401,4.423,4.518
262.0,274.0,4.704,4.642,4.597,4.552,4.51,4.471,4.436,4.404,4.376,4.35,4.328,4.308,4.235,4.211,4.21,4.218,4.245,4.274,4.304,4.332,4.359,4.385,4.408,4.508
263.0,264.0,5.127,5.067,5.013,4.962,4.916,4.873,4.834,4.798,4.765,4.735,4.708,4.683,4.574,4.515,4.482,4.461,4.435,4.423,4.42,4.421,4.424,4.428,4.431,4.446
263.0,265.0,5.098,5.035,4.98,4.928,4.88,4.837,4.796,4.76,4.726,4.696,4.668,4.642,4.533,4.475,4.445,4.426,4.404,4.396,4.396,4.4,4.406,4.411,4.417,4.44
263.0,266.0,5.064,5.0,4.944,4.891,4.842,4.798,4.757,4.72,4.686,4.655,4.627,4.601,4.493,4.436,4.408,4.391,4.374,4.369,4.372,4.379,4.387,4.395,4.403,4.434
263.0,267.0,5.027,4.962,4.905,4.852,4.803,4.758,4.716,4.679,4.645,4.614,4.585,4.56,4.452,4.398,4.372,4.358,4.344,4.343,4.349,4.359,4.369,4.379,4.389,4.428
263.0,268.0,4.988,4.922,4.865,4.811,4.762,4.716,4.675,4.637,4.603,4.572,4.544,4.519,4.412,4.36,4.336,4.325,4.316,4.318,4.327,4.339,4.351,4.363,4.374,4.421
263.0,269.0,4.947,4.88,4.823,4.77,4.72,4.674,4.633,4.596,4.562,4.531,4.503,4.477,4.373,4.323,4.302,4.293,4.288,4.293,4.305,4.319,4.334,4.348,4.36,4.413
263.0,270.0,4.905,4.837,4.781,4.727,4.678,4.632,4.591,4.554,4.52,4.489,4.462,4.437,4.334,4.287,4.268,4.261,4.26,4.269,4.283,4.3,4.316,4.332,4.346,4.406
263.0,271.0,4.862,4.795,4.739,4.685,4.636,4.59,4.55,4.513,4.479,4.449,4.421,4.397,4.297,4.252,4.235,4.23,4.233,4.245,4.262,4.281,4.299,4.316,4.332,4.398
263.0,272.0,4.819,4.752,4.696,4.643,4.594,4.549,4.508,4.472,4.439,4.409,4.382,4.357,4.26,4.218,4.203,4.2,4.207,4.222,4.241,4.262,4.282,4.301,4.318,4.389
263.0,273.0,4.777,4.709,4.654,4.601,4.553,4.508,4.468,4.432,4.399,4.369,4.343,4.319,4.224,4.184,4.172,4.171,4.182,4.199,4.221,4.243,4.265,4.285,4.303,4.381
263.0,274.0,4.734,4.667,4.613,4.56,4.512,4.468,4.428,4.392,4.36,4.331,4.305,4.281,4.189,4.151,4.141,4.143,4.157,4.177,4.201,4.225,4.248,4.27,4.289,4.372
263.0,275.0,4.693,4.626,4.572,4.52,4.472,4.428,4.389,4.354,4.322,4.293,4.267,4.244,4.154,4.12,4.112,4.115,4.132,4.155,4.181,4.207,4.231,4.254,4.275,4.362
264.0,265.0,5.003,4.982,4.961,4.941,4.922,4.905,4.888,4.873,4.859,4.846,4.834,4.824,4.778,4.751,4.732,4.717,4.697,4.685,4.677,4.673,4.67,4.668,4.666,4.659
264.0,266.0,5.032,5.004,4.978,4.952,4.928,4.905,4.884,4.865,4.847,4.831,4.817,4.803,4.749,4.718,4.698,4.683,4.664,4.654,4.65,4.648,4.648,4.648,4.649,4.652
264.0,267.0,5.046,5.013,4.982,4.953,4.924,4.897,4.872,4.85,4.829,4.81,4.794,4.779,4.717,4.683,4.663,4.649,4.632,4.625,4.623,4.624,4.626,4.629,4.632,4.644
264.0,268.0,5.049,5.011,4.977,4.944,4.912,4.882,4.854,4.829,4.806,4.785,4.767,4.75,4.683,4.649,4.628,4.615,4.601,4.596,4.597,4.6,4.605,4.61,4.615,4.637
264.0,269.0,5.043,5.001,4.965,4.929,4.894,4.861,4.831,4.803,4.779,4.756,4.737,4.719,4.649,4.613,4.593,4.581,4.57,4.568,4.571,4.578,4.585,4.592,4.599,4.629
264.0,270.0,5.029,4.984,4.946,4.908,4.871,4.836,4.804,4.775,4.748,4.725,4.704,4.686,4.613,4.577,4.559,4.548,4.539,4.541,4.547,4.555,4.565,4.574,4.583,4.621
264.0,271.0,5.009,4.962,4.922,4.882,4.844,4.807,4.774,4.743,4.716,4.692,4.67,4.651,4.577,4.542,4.524,4.515,4.51,4.514,4.523,4.534,4.545,4.556,4.567,4.612
264.0,272.0,4.985,4.935,4.894,4.853,4.813,4.776,4.741,4.71,4.682,4.657,4.635,4.616,4.541,4.506,4.49,4.483,4.481,4.488,4.499,4.512,4.526,4.539,4.551,4.604
264.0,273.0,4.956,4.905,4.864,4.822,4.781,4.742,4.707,4.675,4.646,4.621,4.599,4.579,4.505,4.471,4.457,4.451,4.452,4.462,4.476,4.491,4.507,4.522,4.535,4.595
264.0,274.0,4.925,4.872,4.831,4.788,4.747,4.708,4.672,4.639,4.61,4.585,4.562,4.543,4.469,4.437,4.424,4.42,4.424,4.437,4.453,4.471,4.488,4.505,4.52,4.586
264.0,275.0,4.891,4.838,4.796,4.753,4.711,4.672,4.635,4.603,4.574,4.548,4.526,4.506,4.433,4.403,4.391,4.389,4.397,4.413,4.431,4.451,4.47,4.488,4.504,4.576
264.0,276.0,4.856,4.802,4.76,4.717,4.675,4.635,4.599,4.566,4.537,4.511,4.489,4.47,4.398,4.369,4.36,4.359,4.37,4.389,4.409,4.431,4.451,4.471,4.489,4.567
265.0,266.0,5.101,5.074,5.049,5.025,5.002,4.982,4.963,4.946,4.93,4.916,4.904,4.892,4.844,4.817,4.801,4.79,4.777,4.772,4.77,4.771,4.773,4.775,4.777,4.787
265.0,267.0,5.111,5.078,5.048,5.02,4.994,4.97,4.947,4.927,4.909,4.893,4.878,4.865,4.811,4.782,4.765,4.755,4.745,4.742,4.744,4.748,4.752,4.757,4.761,4.781
265.0,268.0,5.11,5.072,5.039,5.008,4.978,4.951,4.926,4.903,4.883,4.865,4.849,4.835,4.776,4.746,4.73,4.72,4.713,4.714,4.718,4.725,4.732,4.739,4.745,4.774
265.0,269.0,5.099,5.058,5.023,4.989,4.956,4.927,4.9,4.875,4.854,4.834,4.817,4.802,4.74,4.71,4.694,4.686,4.682,4.686,4.693,4.702,4.712,4.721,4.73,4.767
265.0,270.0,5.082,5.037,5.0,4.964,4.93,4.898,4.87,4.844,4.821,4.801,4.783,4.767,4.704,4.673,4.659,4.652,4.651,4.658,4.669,4.68,4.692,4.704,4.714,4.76
265.0,271.0,5.059,5.012,4.974,4.936,4.9,4.867,4.837,4.811,4.787,4.766,4.747,4.731,4.667,4.637,4.624,4.619,4.621,4.631,4.645,4.659,4.673,4.686,4.699,4.752
265.0,272.0,5.032,4.982,4.943,4.904,4.867,4.833,4.803,4.775,4.751,4.729,4.71,4.694,4.629,4.601,4.589,4.586,4.592,4.605,4.621,4.638,4.654,4.669,4.683,4.745
265.0,273.0,5.001,4.95,4.91,4.87,4.833,4.798,4.767,4.739,4.714,4.692,4.673,4.656,4.592,4.565,4.555,4.554,4.564,4.58,4.598,4.617,4.635,4.652,4.668,4.736
265.0,274.0,4.967,4.915,4.875,4.835,4.796,4.761,4.729,4.701,4.676,4.654,4.635,4.618,4.555,4.53,4.522,4.522,4.535,4.555,4.576,4.597,4.617,4.636,4.653,4.728
265.0,275.0,4.931,4.878,4.838,4.798,4.759,4.724,4.692,4.663,4.638,4.616,4.597,4.58,4.519,4.495,4.489,4.492,4.508,4.53,4.553,4.577,4.599,4.619,4.638,4.719
265.0,276.0,4.894,4.841,4.801,4.76,4.721,4.686,4.654,4.625,4.6,4.578,4.559,4.543,4.482,4.461,4.457,4.461,4.481,4.506,4.532,4.557,4.581,4.603,4.623,4.71
265.0,277.0,4.857,4.803,4.763,4.722,4.683,4.648,4.616,4.587,4.562,4.541,4.522,4.506,4.447,4.427,4.425,4.432,4.455,4.482,4.51,4.537,4.563,4.586,4.608,4.7
266.0,267.0,5.164,5.1,5.053,5.009,4.964,4.919,4.875,4.833,4.794,4.759,4.728,4.701,4.604,4.562,4.541,4.527,4.515,4.513,4.518,4.525,4.533,4.541,4.548,4.584
266.0,268.0,5.117,5.052,5.005,4.961,4.916,4.871,4.827,4.785,4.746,4.711,4.68,4.654,4.559,4.52,4.502,4.492,4.484,4.486,4.494,4.504,4.514,4.525,4.534,4.578
266.0,269.0,5.068,5.003,4.957,4.912,4.868,4.823,4.779,4.737,4.698,4.664,4.633,4.607,4.515,4.479,4.464,4.457,4.454,4.46,4.471,4.483,4.496,4.508,4.519,4.572
266.0,270.0,5.018,4.953,4.908,4.864,4.819,4.774,4.731,4.689,4.651,4.617,4.587,4.561,4.471,4.439,4.427,4.422,4.424,4.434,4.448,4.463,4.478,4.492,4.505,4.565
266.0,271.0,4.968,4.903,4.859,4.815,4.771,4.727,4.683,4.642,4.604,4.571,4.541,4.516,4.429,4.4,4.391,4.389,4.395,4.409,4.425,4.443,4.46,4.476,4.49,4.558
266.0,272.0,4.919,4.854,4.811,4.767,4.723,4.679,4.636,4.596,4.559,4.525,4.497,4.472,4.388,4.362,4.355,4.356,4.367,4.384,4.403,4.423,4.442,4.459,4.475,4.55
266.0,273.0,4.87,4.805,4.763,4.72,4.677,4.633,4.59,4.55,4.514,4.481,4.453,4.429,4.348,4.325,4.321,4.325,4.339,4.359,4.381,4.403,4.424,4.443,4.461,4.542
266.0,274.0,4.822,4.758,4.716,4.674,4.631,4.588,4.546,4.506,4.47,4.438,4.411,4.387,4.309,4.289,4.288,4.294,4.312,4.335,4.36,4.383,4.406,4.427,4.446,4.533
266.0,275.0,4.775,4.711,4.67,4.629,4.586,4.543,4.502,4.463,4.428,4.396,4.369,4.346,4.271,4.254,4.255,4.263,4.286,4.312,4.338,4.364,4.388,4.411,4.431,4.524
266.0,276.0,4.729,4.665,4.626,4.585,4.543,4.5,4.459,4.421,4.386,4.356,4.329,4.306,4.234,4.219,4.224,4.234,4.26,4.289,4.317,4.345,4.371,4.394,4.416,4.514
266.0,277.0,4.684,4.621,4.582,4.542,4.5,4.458,4.418,4.38,4.346,4.316,4.29,4.268,4.199,4.186,4.193,4.205,4.235,4.266,4.297,4.326,4.353,4.378,4.4,4.504
266.0,278.0,4.64,4.578,4.54,4.5,4.459,4.418,4.378,4.341,4.308,4.278,4.252,4.231,4.164,4.154,4.163,4.177,4.21,4.244,4.276,4.307,4.336,4.362,4.385,4.494
267.0,268.0,5.092,5.03,4.982,4.936,4.892,4.853,4.817,4.785,4.756,4.73,4.706,4.686,4.601,4.562,4.545,4.54,4.543,4.554,4.569,4.584,4.6,4.616,4.631,4.697
267.0,269.0,5.045,4.983,4.935,4.889,4.846,4.807,4.772,4.74,4.711,4.685,4.663,4.642,4.56,4.524,4.51,4.507,4.515,4.529,4.545,4.563,4.581,4.599,4.615,4.687
267.0,270.0,4.998,4.936,4.889,4.843,4.801,4.762,4.727,4.695,4.667,4.642,4.62,4.6,4.521,4.487,4.476,4.475,4.486,4.503,4.523,4.543,4.563,4.581,4.599,4.678
267.0,271.0,4.951,4.889,4.843,4.798,4.756,4.718,4.683,4.652,4.624,4.6,4.578,4.558,4.482,4.451,4.442,4.444,4.459,4.479,4.501,4.523,4.544,4.564,4.583,4.667
267.0,272.0,4.905,4.844,4.798,4.754,4.712,4.674,4.64,4.61,4.583,4.558,4.537,4.518,4.445,4.416,4.41,4.413,4.432,4.455,4.479,4.503,4.526,4.547,4.568,4.657
267.0,273.0,4.861,4.799,4.754,4.711,4.67,4.632,4.599,4.568,4.542,4.518,4.497,4.479,4.408,4.382,4.378,4.384,4.405,4.431,4.457,4.483,4.507,4.531,4.552,4.646
267.0,274.0,4.817,4.755,4.712,4.668,4.628,4.591,4.558,4.528,4.502,4.479,4.458,4.44,4.373,4.349,4.347,4.355,4.379,4.408,4.436,4.463,4.489,4.514,4.536,4.635
267.0,275.0,4.774,4.713,4.67,4.627,4.587,4.551,4.518,4.489,4.463,4.441,4.421,4.403,4.338,4.317,4.317,4.326,4.354,4.385,4.415,4.444,4.471,4.497,4.52,4.624
267.0,276.0,4.732,4.672,4.629,4.587,4.548,4.512,4.48,4.451,4.426,4.404,4.384,4.367,4.304,4.286,4.288,4.299,4.329,4.362,4.394,4.425,4.454,4.48,4.505,4.612
267.0,277.0,4.692,4.632,4.59,4.549,4.51,4.474,4.443,4.414,4.39,4.368,4.349,4.332,4.272,4.255,4.259,4.272,4.305,4.34,4.374,4.406,4.436,4.464,4.489,4.6
267.0,278.0,4.653,4.593,4.552,4.511,4.473,4.438,4.406,4.379,4.354,4.333,4.314,4.298,4.24,4.226,4.231,4.245,4.281,4.318,4.354,4.387,4.418,4.447,4.473,4.588
267.0,279.0,4.615,4.555,4.515,4.475,4.437,4.402,4.372,4.344,4.32,4.299,4.281,4.265,4.21,4.197,4.204,4.22,4.258,4.297,4.334,4.369,4.401,4.431,4.457,4.576
268.0,269.0,4.989,4.95,4.916,4.882,4.848,4.817,4.787,4.761,4.737,4.716,4.697,4.68,4.613,4.58,4.562,4.552,4.543,4.542,4.546,4.554,4.563,4.572,4.582,4.625
268.0,270.0,4.974,4.932,4.896,4.86,4.825,4.792,4.761,4.733,4.708,4.686,4.666,4.649,4.579,4.546,4.53,4.521,4.514,4.515,4.522,4.531,4.542,4.553,4.564,4.614
268.0,271.0,4.953,4.909,4.873,4.835,4.799,4.764,4.732,4.703,4.678,4.655,4.634,4.616,4.546,4.513,4.497,4.489,4.485,4.489,4.497,4.509,4.521,4.534,4.547,4.604
268.0,272.0,4.929,4.883,4.846,4.808,4.77,4.735,4.702,4.672,4.646,4.622,4.601,4.583,4.512,4.48,4.465,4.459,4.457,4.463,4.474,4.487,4.501,4.516,4.53,4.593
268.0,273.0,4.902,4.855,4.817,4.778,4.74,4.703,4.67,4.64,4.613,4.589,4.568,4.549,4.479,4.447,4.434,4.429,4.43,4.438,4.451,4.466,4.482,4.498,4.513,4.582
268.0,274.0,4.872,4.825,4.787,4.747,4.708,4.671,4.637,4.607,4.579,4.555,4.534,4.516,4.445,4.415,4.403,4.399,4.403,4.414,4.428,4.445,4.463,4.48,4.497,4.571
268.0,275.0,4.842,4.793,4.755,4.715,4.675,4.638,4.604,4.573,4.546,4.521,4.5,4.482,4.412,4.383,4.373,4.37,4.377,4.39,4.406,4.425,4.444,4.462,4.481,4.56
268.0,276.0,4.809,4.76,4.722,4.682,4.642,4.605,4.57,4.539,4.512,4.488,4.466,4.448,4.379,4.352,4.343,4.342,4.351,4.366,4.385,4.405,4.425,4.445,4.464,4.549
268.0,277.0,4.777,4.727,4.689,4.649,4.609,4.571,4.537,4.506,4.478,4.454,4.433,4.415,4.347,4.321,4.313,4.314,4.326,4.343,4.363,4.385,4.407,4.428,4.448,4.538
268.0,278.0,4.743,4.694,4.655,4.615,4.575,4.538,4.503,4.472,4.445,4.421,4.4,4.382,4.315,4.291,4.285,4.287,4.301,4.32,4.342,4.365,4.388,4.411,4.432,4.526
268.0,279.0,4.71,4.66,4.622,4.582,4.542,4.504,4.47,4.439,4.412,4.388,4.367,4.349,4.284,4.261,4.257,4.26,4.277,4.298,4.322,4.346,4.37,4.394,4.416,4.515
268.0,280.0,4.676,4.626,4.589,4.549,4.509,4.472,4.437,4.406,4.379,4.355,4.335,4.317,4.254,4.233,4.229,4.234,4.253,4.276,4.302,4.327,4.353,4.377,4.401,4.503
269.0,270.0,4.868,4.866,4.865,4.863,4.861,4.86,4.858,4.857,4.855,4.854,4.853,4.852,4.849,4.848,4.848,4.848,4.848,4.849,4.85,4.85,4.851,4.851,4.852,4.854
269.0,271.0,4.925,4.915,4.907,4.898,4.889,4.881,4.872,4.865,4.858,4.852,4.846,4.841,4.824,4.819,4.817,4.817,4.817,4.819,4.822,4.825,4.828,4.831,4.833,4.844
269.0,272.0,4.961,4.945,4.931,4.917,4.903,4.888,4.875,4.863,4.851,4.841,4.832,4.824,4.797,4.788,4.785,4.785,4.787,4.79,4.795,4.8,4.805,4.81,4.815,4.834
269.0,273.0,4.982,4.96,4.942,4.923,4.905,4.886,4.868,4.852,4.837,4.824,4.812,4.802,4.766,4.755,4.753,4.753,4.756,4.762,4.769,4.777,4.784,4.791,4.797,4.824
269.0,274.0,4.989,4.962,4.942,4.92,4.897,4.875,4.855,4.835,4.817,4.802,4.788,4.776,4.734,4.722,4.72,4.722,4.727,4.734,4.744,4.753,4.763,4.771,4.779,4.814
269.0,275.0,4.986,4.956,4.933,4.908,4.883,4.858,4.835,4.813,4.793,4.776,4.76,4.747,4.701,4.689,4.688,4.69,4.697,4.707,4.719,4.731,4.742,4.753,4.762,4.804
269.0,276.0,4.975,4.942,4.917,4.89,4.863,4.837,4.811,4.787,4.766,4.747,4.73,4.716,4.667,4.655,4.655,4.658,4.669,4.681,4.695,4.709,4.722,4.734,4.745,4.793
269.0,277.0,4.957,4.922,4.896,4.868,4.839,4.811,4.784,4.759,4.736,4.716,4.698,4.683,4.633,4.621,4.623,4.627,4.64,4.655,4.671,4.687,4.702,4.716,4.729,4.783
269.0,278.0,4.935,4.898,4.871,4.842,4.812,4.782,4.754,4.728,4.704,4.683,4.665,4.649,4.598,4.588,4.59,4.597,4.612,4.63,4.648,4.666,4.683,4.698,4.712,4.773
269.0,279.0,4.908,4.87,4.843,4.813,4.782,4.752,4.722,4.695,4.671,4.65,4.631,4.615,4.564,4.554,4.559,4.567,4.585,4.605,4.625,4.645,4.664,4.68,4.696,4.762
269.0,280.0,4.88,4.84,4.812,4.782,4.751,4.719,4.69,4.662,4.637,4.615,4.596,4.58,4.53,4.521,4.527,4.537,4.558,4.581,4.603,4.625,4.645,4.663,4.679,4.752
269.0,281.0,4.849,4.808,4.78,4.75,4.718,4.686,4.656,4.628,4.603,4.581,4.562,4.546,4.496,4.489,4.496,4.507,4.532,4.557,4.581,4.604,4.626,4.645,4.663,4.741
270.0,271.0,4.813,4.81,4.812,4.813,4.813,4.812,4.812,4.812,4.813,4.813,4.814,4.816,4.829,4.845,4.86,4.873,4.898,4.918,4.935,4.95,4.962,4.973,4.983,5.027
270.0,272.0,4.849,4.839,4.837,4.833,4.828,4.822,4.818,4.813,4.81,4.807,4.806,4.805,4.808,4.819,4.832,4.845,4.869,4.889,4.907,4.923,4.937,4.95,4.962,5.013
270.0,273.0,4.872,4.858,4.851,4.843,4.834,4.824,4.816,4.808,4.802,4.796,4.792,4.789,4.784,4.792,4.804,4.816,4.84,4.861,4.879,4.897,4.913,4.927,4.941,5.0
270.0,274.0,4.885,4.866,4.857,4.845,4.832,4.82,4.808,4.798,4.788,4.781,4.774,4.769,4.759,4.764,4.775,4.787,4.811,4.833,4.853,4.872,4.889,4.905,4.92,4.986
270.0,275.0,4.889,4.867,4.855,4.84,4.825,4.81,4.795,4.783,4.771,4.762,4.754,4.747,4.732,4.736,4.746,4.758,4.783,4.806,4.827,4.847,4.866,4.884,4.9,4.973
270.0,276.0,4.886,4.862,4.847,4.83,4.813,4.795,4.779,4.764,4.751,4.74,4.731,4.723,4.703,4.707,4.717,4.729,4.755,4.779,4.802,4.823,4.844,4.863,4.881,4.96
270.0,277.0,4.878,4.851,4.835,4.816,4.796,4.777,4.759,4.742,4.728,4.716,4.705,4.697,4.674,4.677,4.688,4.701,4.727,4.753,4.777,4.8,4.822,4.843,4.862,4.946
270.0,278.0,4.864,4.835,4.818,4.798,4.777,4.756,4.736,4.719,4.703,4.69,4.679,4.67,4.645,4.647,4.658,4.672,4.7,4.727,4.753,4.778,4.801,4.823,4.843,4.933
270.0,279.0,4.847,4.817,4.798,4.777,4.755,4.733,4.712,4.693,4.677,4.663,4.651,4.641,4.615,4.618,4.629,4.644,4.674,4.702,4.73,4.755,4.78,4.803,4.825,4.92
270.0,280.0,4.827,4.795,4.776,4.754,4.731,4.708,4.686,4.666,4.649,4.635,4.622,4.612,4.585,4.588,4.601,4.616,4.648,4.678,4.706,4.734,4.759,4.784,4.806,4.907
270.0,281.0,4.805,4.772,4.752,4.729,4.705,4.681,4.659,4.639,4.621,4.606,4.593,4.583,4.555,4.559,4.572,4.588,4.622,4.654,4.684,4.712,4.739,4.765,4.789,4.893
270.0,282.0,4.781,4.746,4.726,4.703,4.678,4.654,4.631,4.61,4.592,4.577,4.564,4.553,4.526,4.53,4.544,4.561,4.596,4.63,4.661,4.691,4.72,4.746,4.771,4.88
271.0,272.0,4.935,4.89,4.857,4.819,4.78,4.74,4.703,4.668,4.637,4.61,4.587,4.567,4.509,4.502,4.511,4.525,4.556,4.588,4.62,4.652,4.682,4.711,4.739,4.856
271.0,273.0,4.875,4.831,4.8,4.764,4.726,4.689,4.652,4.619,4.589,4.563,4.541,4.523,4.47,4.466,4.478,4.494,4.529,4.564,4.599,4.632,4.664,4.694,4.723,4.845
271.0,274.0,4.819,4.777,4.747,4.713,4.676,4.64,4.605,4.572,4.544,4.519,4.498,4.481,4.432,4.432,4.446,4.465,4.503,4.541,4.578,4.612,4.645,4.677,4.706,4.832
271.0,275.0,4.767,4.725,4.697,4.664,4.629,4.593,4.559,4.528,4.501,4.477,4.457,4.44,4.396,4.399,4.416,4.436,4.478,4.518,4.556,4.593,4.627,4.66,4.69,4.82
271.0,276.0,4.718,4.677,4.65,4.618,4.584,4.549,4.517,4.487,4.46,4.437,4.418,4.402,4.361,4.367,4.386,4.408,4.453,4.496,4.536,4.573,4.609,4.642,4.673,4.807
271.0,277.0,4.671,4.631,4.605,4.574,4.541,4.508,4.476,4.447,4.421,4.399,4.38,4.365,4.328,4.336,4.357,4.381,4.429,4.473,4.515,4.554,4.591,4.625,4.657,4.794
271.0,278.0,4.628,4.588,4.563,4.533,4.501,4.468,4.437,4.409,4.384,4.362,4.344,4.33,4.295,4.306,4.329,4.354,4.405,4.452,4.495,4.535,4.573,4.608,4.641,4.781
271.0,279.0,4.586,4.547,4.523,4.494,4.463,4.431,4.4,4.373,4.348,4.327,4.31,4.296,4.264,4.277,4.302,4.329,4.382,4.43,4.475,4.516,4.555,4.591,4.624,4.767
271.0,280.0,4.547,4.508,4.485,4.457,4.426,4.395,4.365,4.338,4.314,4.294,4.277,4.264,4.234,4.249,4.275,4.304,4.359,4.409,4.455,4.497,4.537,4.573,4.607,4.753
271.0,281.0,4.51,4.472,4.449,4.421,4.391,4.361,4.332,4.305,4.282,4.262,4.245,4.232,4.205,4.222,4.249,4.279,4.336,4.388,4.435,4.478,4.519,4.556,4.591,4.739
271.0,282.0,4.474,4.437,4.415,4.388,4.358,4.328,4.299,4.273,4.25,4.231,4.215,4.202,4.177,4.195,4.224,4.255,4.314,4.368,4.416,4.46,4.501,4.539,4.574,4.725
271.0,283.0,4.441,4.403,4.382,4.356,4.326,4.297,4.269,4.243,4.22,4.201,4.186,4.174,4.15,4.17,4.2,4.232,4.293,4.347,4.397,4.442,4.483,4.522,4.558,4.711
272.0,273.0,4.217,4.2,4.199,4.194,4.185,4.177,4.17,4.164,4.159,4.156,4.153,4.152,4.163,4.194,4.229,4.263,4.322,4.37,4.411,4.446,4.477,4.505,4.53,4.64
272.0,274.0,4.249,4.227,4.223,4.213,4.201,4.189,4.177,4.168,4.16,4.153,4.148,4.144,4.147,4.174,4.208,4.241,4.3,4.348,4.389,4.425,4.457,4.486,4.512,4.627
272.0,275.0,4.27,4.244,4.236,4.223,4.208,4.193,4.178,4.166,4.155,4.146,4.139,4.133,4.129,4.153,4.186,4.219,4.277,4.326,4.368,4.405,4.438,4.468,4.495,4.613
272.0,276.0,4.282,4.253,4.242,4.227,4.209,4.191,4.174,4.159,4.146,4.135,4.126,4.119,4.109,4.131,4.163,4.196,4.255,4.304,4.347,4.385,4.419,4.45,4.477,4.6
272.0,277.0,4.287,4.254,4.242,4.224,4.204,4.184,4.165,4.148,4.133,4.121,4.11,4.102,4.088,4.109,4.141,4.173,4.232,4.283,4.327,4.366,4.401,4.432,4.46,4.586
272.0,278.0,4.286,4.251,4.237,4.218,4.196,4.174,4.154,4.135,4.119,4.105,4.093,4.084,4.067,4.087,4.118,4.151,4.21,4.262,4.307,4.346,4.382,4.415,4.444,4.573
272.0,279.0,4.28,4.243,4.228,4.207,4.184,4.161,4.139,4.119,4.102,4.087,4.074,4.064,4.044,4.064,4.095,4.128,4.189,4.241,4.287,4.327,4.364,4.397,4.427,4.559
272.0,280.0,4.271,4.232,4.216,4.194,4.17,4.146,4.123,4.102,4.083,4.068,4.054,4.044,4.022,4.041,4.072,4.106,4.167,4.22,4.267,4.309,4.346,4.38,4.41,4.546
272.0,281.0,4.259,4.219,4.202,4.179,4.154,4.129,4.105,4.083,4.064,4.047,4.034,4.022,3.999,4.018,4.05,4.084,4.146,4.2,4.248,4.29,4.328,4.363,4.394,4.532
272.0,282.0,4.244,4.203,4.185,4.162,4.136,4.11,4.086,4.063,4.044,4.027,4.012,4.001,3.977,3.995,4.028,4.062,4.125,4.18,4.228,4.272,4.311,4.346,4.377,4.518
272.0,283.0,4.228,4.186,4.168,4.144,4.118,4.091,4.066,4.043,4.023,4.005,3.991,3.979,3.954,3.973,4.005,4.04,4.104,4.16,4.21,4.253,4.293,4.329,4.361,4.504
272.0,284.0,4.211,4.168,4.15,4.125,4.099,4.072,4.046,4.023,4.002,3.984,3.969,3.957,3.931,3.951,3.984,4.019,4.084,4.141,4.191,4.235,4.276,4.312,4.344,4.49
273.0,274.0,3.879,3.867,3.879,3.886,3.889,3.89,3.891,3.892,3.895,3.899,3.904,3.911,3.968,4.033,4.094,4.15,4.246,4.323,4.387,4.442,4.49,4.533,4.57,4.728
273.0,275.0,3.892,3.877,3.888,3.892,3.892,3.891,3.89,3.889,3.89,3.892,3.896,3.902,3.954,4.016,4.076,4.132,4.226,4.303,4.367,4.422,4.471,4.513,4.551,4.71
273.0,276.0,3.9,3.883,3.891,3.893,3.892,3.889,3.886,3.883,3.883,3.884,3.886,3.891,3.938,3.999,4.058,4.113,4.207,4.284,4.348,4.403,4.451,4.494,4.532,4.691
273.0,277.0,3.903,3.884,3.891,3.892,3.889,3.884,3.879,3.875,3.873,3.873,3.875,3.878,3.922,3.981,4.04,4.095,4.188,4.264,4.328,4.384,4.432,4.475,4.513,4.673
273.0,278.0,3.902,3.882,3.887,3.887,3.882,3.876,3.87,3.865,3.862,3.861,3.862,3.865,3.906,3.964,4.022,4.076,4.169,4.245,4.309,4.365,4.413,4.457,4.495,4.655
273.0,279.0,3.898,3.877,3.882,3.88,3.874,3.867,3.86,3.854,3.85,3.848,3.848,3.85,3.889,3.946,4.004,4.057,4.15,4.226,4.29,4.346,4.395,4.438,4.476,4.638
273.0,280.0,3.893,3.871,3.874,3.871,3.865,3.857,3.849,3.842,3.837,3.834,3.834,3.835,3.872,3.928,3.985,4.039,4.131,4.207,4.272,4.327,4.376,4.42,4.458,4.62
273.0,281.0,3.885,3.862,3.865,3.861,3.854,3.845,3.836,3.829,3.823,3.82,3.819,3.82,3.855,3.91,3.967,4.02,4.112,4.189,4.253,4.309,4.358,4.401,4.44,4.602
273.0,282.0,3.876,3.852,3.854,3.85,3.842,3.832,3.823,3.815,3.809,3.805,3.803,3.804,3.837,3.892,3.949,4.002,4.094,4.17,4.235,4.29,4.34,4.383,4.422,4.585
273.0,283.0,3.866,3.842,3.843,3.838,3.83,3.819,3.809,3.801,3.794,3.79,3.788,3.788,3.82,3.874,3.931,3.984,4.076,4.152,4.216,4.272,4.322,4.365,4.404,4.567
273.0,284.0,3.855,3.83,3.831,3.826,3.817,3.806,3.795,3.786,3.779,3.774,3.772,3.772,3.803,3.857,3.913,3.966,4.058,4.134,4.198,4.254,4.304,4.347,4.386,4.549
273.0,285.0,3.844,3.818,3.819,3.813,3.803,3.792,3.781,3.771,3.764,3.759,3.756,3.756,3.786,3.839,3.895,3.948,4.04,4.116,4.18,4.236,4.286,4.33,4.368,4.532
274.0,275.0,4.038,4.005,3.995,3.98,3.961,3.943,3.927,3.913,3.902,3.893,3.888,3.884,3.896,3.937,3.986,4.035,4.125,4.204,4.272,4.332,4.387,4.436,4.481,4.678
274.0,276.0,4.019,3.985,3.976,3.961,3.943,3.925,3.909,3.895,3.884,3.876,3.87,3.867,3.88,3.921,3.97,4.019,4.109,4.187,4.256,4.316,4.37,4.42,4.465,4.661
274.0,277.0,4.001,3.968,3.959,3.944,3.926,3.908,3.892,3.878,3.868,3.86,3.854,3.851,3.864,3.905,3.954,4.003,4.093,4.172,4.24,4.3,4.354,4.403,4.448,4.644
274.0,278.0,3.984,3.951,3.942,3.927,3.91,3.892,3.876,3.863,3.852,3.844,3.839,3.835,3.849,3.89,3.938,3.988,4.078,4.156,4.224,4.284,4.338,4.387,4.432,4.627
274.0,279.0,3.969,3.936,3.927,3.912,3.895,3.877,3.861,3.848,3.837,3.829,3.824,3.821,3.834,3.875,3.923,3.972,4.062,4.14,4.208,4.267,4.321,4.37,4.415,4.61
274.0,280.0,3.955,3.922,3.913,3.898,3.881,3.863,3.847,3.834,3.823,3.815,3.81,3.806,3.819,3.86,3.909,3.957,4.047,4.124,4.192,4.251,4.305,4.354,4.398,4.592
274.0,281.0,3.942,3.909,3.9,3.885,3.868,3.85,3.834,3.82,3.81,3.802,3.796,3.793,3.805,3.846,3.894,3.942,4.032,4.109,4.176,4.235,4.289,4.338,4.382,4.575
274.0,282.0,3.93,3.897,3.888,3.873,3.855,3.837,3.821,3.808,3.797,3.789,3.783,3.78,3.792,3.832,3.88,3.928,4.016,4.093,4.16,4.219,4.273,4.321,4.365,4.558
274.0,283.0,3.919,3.886,3.877,3.861,3.843,3.825,3.809,3.795,3.784,3.776,3.77,3.767,3.778,3.818,3.865,3.913,4.001,4.078,4.144,4.203,4.257,4.305,4.349,4.541
274.0,284.0,3.908,3.875,3.866,3.85,3.832,3.814,3.797,3.784,3.772,3.764,3.758,3.754,3.765,3.804,3.851,3.899,3.987,4.063,4.129,4.188,4.241,4.289,4.333,4.524
274.0,285.0,3.899,3.865,3.855,3.84,3.821,3.803,3.786,3.772,3.761,3.752,3.746,3.742,3.752,3.791,3.838,3.885,3.972,4.047,4.113,4.172,4.225,4.273,4.316,4.507
274.0,286.0,3.889,3.856,3.846,3.829,3.811,3.792,3.775,3.761,3.75,3.741,3.735,3.731,3.74,3.778,3.824,3.871,3.957,4.032,4.098,4.156,4.209,4.256,4.3,4.491
275.0,276.0,3.26,3.192,3.166,3.135,3.104,3.077,3.054,3.034,3.017,3.003,2.993,2.985,2.993,3.06,3.148,3.236,3.397,3.538,3.661,3.77,3.866,3.951,4.026,4.344
275.0,277.0,3.185,3.124,3.104,3.078,3.053,3.031,3.013,2.997,2.984,2.973,2.966,2.96,2.98,3.054,3.144,3.232,3.393,3.533,3.655,3.762,3.857,3.94,4.013,4.324
275.0,278.0,3.128,3.073,3.058,3.036,3.015,2.997,2.982,2.969,2.959,2.951,2.946,2.943,2.971,3.049,3.14,3.229,3.389,3.527,3.648,3.754,3.846,3.928,4.0,4.303
275.0,279.0,3.085,3.035,3.023,3.005,2.987,2.972,2.959,2.949,2.941,2.935,2.932,2.93,2.965,3.046,3.137,3.226,3.385,3.521,3.64,3.744,3.835,3.915,3.985,4.282
275.0,280.0,3.054,3.008,2.998,2.983,2.967,2.954,2.944,2.935,2.929,2.925,2.922,2.922,2.962,3.043,3.135,3.223,3.38,3.515,3.632,3.734,3.823,3.901,3.97,4.261
275.0,281.0,3.033,2.989,2.981,2.968,2.954,2.942,2.933,2.926,2.921,2.918,2.916,2.917,2.959,3.042,3.133,3.22,3.375,3.508,3.623,3.723,3.81,3.887,3.954,4.24
275.0,282.0,3.019,2.977,2.971,2.958,2.946,2.935,2.927,2.921,2.917,2.914,2.913,2.915,2.959,3.041,3.131,3.217,3.37,3.5,3.613,3.711,3.797,3.872,3.939,4.218
275.0,283.0,3.011,2.97,2.965,2.953,2.942,2.932,2.925,2.919,2.915,2.913,2.913,2.914,2.959,3.04,3.129,3.214,3.364,3.492,3.603,3.7,3.784,3.858,3.923,4.197
275.0,284.0,3.008,2.968,2.963,2.952,2.941,2.932,2.924,2.919,2.915,2.914,2.913,2.915,2.959,3.04,3.127,3.211,3.358,3.484,3.593,3.688,3.77,3.843,3.907,4.176
275.0,285.0,3.008,2.969,2.964,2.953,2.942,2.933,2.926,2.921,2.918,2.916,2.916,2.917,2.961,3.039,3.126,3.208,3.352,3.475,3.582,3.675,3.756,3.828,3.89,4.154
275.0,286.0,3.011,2.973,2.968,2.957,2.946,2.937,2.93,2.924,2.921,2.919,2.918,2.92,2.962,3.039,3.124,3.204,3.346,3.467,3.572,3.663,3.742,3.812,3.874,4.133
275.0,287.0,3.017,2.978,2.973,2.962,2.951,2.941,2.934,2.929,2.925,2.923,2.922,2.923,2.964,3.039,3.121,3.2,3.339,3.458,3.561,3.65,3.728,3.797,3.858,4.112
276.0,277.0,3.254,3.193,3.183,3.162,3.136,3.11,3.085,3.064,3.047,3.035,3.026,3.022,3.051,3.125,3.213,3.302,3.467,3.61,3.732,3.837,3.928,4.01,4.082,4.421
276.0,278.0,3.194,3.139,3.133,3.116,3.095,3.073,3.052,3.034,3.021,3.011,3.005,3.003,3.041,3.119,3.208,3.297,3.463,3.604,3.724,3.828,3.918,3.997,4.068,4.4
276.0,279.0,3.148,3.098,3.096,3.082,3.064,3.045,3.027,3.012,3.001,2.994,2.99,2.99,3.034,3.114,3.204,3.293,3.458,3.598,3.716,3.818,3.906,3.984,4.054,4.378
276.0,280.0,3.115,3.068,3.068,3.057,3.041,3.025,3.009,2.997,2.987,2.982,2.98,2.98,3.029,3.111,3.201,3.289,3.453,3.591,3.708,3.808,3.894,3.971,4.039,4.356
276.0,281.0,3.091,3.047,3.049,3.039,3.026,3.011,2.997,2.986,2.978,2.974,2.973,2.975,3.027,3.109,3.198,3.286,3.447,3.584,3.699,3.797,3.882,3.957,4.023,4.334
276.0,282.0,3.074,3.034,3.036,3.028,3.016,3.002,2.99,2.98,2.973,2.969,2.969,2.972,3.025,3.107,3.196,3.283,3.442,3.576,3.689,3.785,3.869,3.942,4.008,4.312
276.0,283.0,3.064,3.025,3.028,3.021,3.01,2.997,2.986,2.977,2.97,2.968,2.968,2.971,3.025,3.106,3.194,3.28,3.436,3.568,3.679,3.774,3.856,3.928,3.992,4.29
276.0,284.0,3.059,3.022,3.025,3.018,3.008,2.996,2.985,2.976,2.97,2.968,2.968,2.971,3.026,3.106,3.192,3.276,3.43,3.56,3.669,3.762,3.842,3.913,3.976,4.269
276.0,285.0,3.059,3.022,3.025,3.019,3.008,2.996,2.986,2.977,2.972,2.969,2.97,2.973,3.027,3.106,3.19,3.273,3.424,3.552,3.659,3.75,3.829,3.898,3.96,4.247
276.0,286.0,3.061,3.024,3.028,3.021,3.011,2.999,2.989,2.98,2.975,2.972,2.973,2.976,3.028,3.106,3.188,3.27,3.418,3.543,3.648,3.737,3.815,3.883,3.943,4.225
276.0,287.0,3.065,3.029,3.032,3.026,3.015,3.004,2.993,2.985,2.979,2.976,2.976,2.979,3.03,3.106,3.187,3.266,3.412,3.534,3.637,3.725,3.801,3.868,3.927,4.204
276.0,288.0,3.072,3.036,3.038,3.032,3.021,3.009,2.998,2.989,2.984,2.981,2.981,2.983,3.032,3.105,3.185,3.263,3.405,3.525,3.626,3.712,3.787,3.852,3.911,4.183
277.0,278.0,1.921,1.882,1.895,1.89,1.879,1.869,1.864,1.865,1.87,1.879,1.891,1.904,2.012,2.152,2.309,2.466,2.748,2.98,3.174,3.342,3.49,3.624,3.744,4.242
277.0,279.0,1.878,1.846,1.864,1.864,1.857,1.852,1.852,1.856,1.865,1.877,1.891,1.907,2.024,2.167,2.324,2.48,2.759,2.986,3.175,3.339,3.484,3.614,3.73,4.213
277.0,280.0,1.855,1.828,1.849,1.852,1.85,1.848,1.851,1.858,1.869,1.883,1.899,1.916,2.039,2.184,2.34,2.495,2.768,2.991,3.176,3.335,3.476,3.602,3.715,4.184
277.0,281.0,1.847,1.823,1.847,1.853,1.853,1.854,1.858,1.867,1.88,1.895,1.912,1.931,2.057,2.202,2.357,2.509,2.777,2.994,3.175,3.329,3.466,3.589,3.699,4.155
277.0,282.0,1.85,1.83,1.855,1.862,1.864,1.867,1.873,1.883,1.897,1.913,1.93,1.949,2.076,2.22,2.373,2.522,2.784,2.997,3.172,3.323,3.456,3.576,3.683,4.126
277.0,283.0,1.863,1.845,1.87,1.879,1.882,1.886,1.893,1.903,1.917,1.934,1.952,1.971,2.097,2.239,2.389,2.535,2.791,2.998,3.169,3.316,3.446,3.562,3.666,4.097
277.0,284.0,1.884,1.866,1.892,1.901,1.905,1.909,1.916,1.927,1.941,1.958,1.976,1.995,2.119,2.259,2.405,2.547,2.797,2.999,3.165,3.308,3.434,3.547,3.648,4.068
277.0,285.0,1.909,1.893,1.918,1.927,1.931,1.935,1.942,1.953,1.967,1.983,2.001,2.02,2.142,2.278,2.42,2.559,2.802,2.999,3.161,3.3,3.423,3.533,3.631,4.039
277.0,286.0,1.939,1.923,1.947,1.956,1.96,1.964,1.971,1.981,1.995,2.01,2.027,2.045,2.164,2.296,2.435,2.57,2.807,2.998,3.156,3.291,3.411,3.518,3.614,4.011
277.0,287.0,1.972,1.955,1.979,1.987,1.99,1.994,2.0,2.01,2.023,2.038,2.054,2.072,2.186,2.314,2.449,2.58,2.811,2.997,3.15,3.282,3.399,3.503,3.596,3.983
277.0,288.0,2.007,1.99,2.012,2.02,2.022,2.025,2.031,2.04,2.052,2.066,2.082,2.098,2.208,2.332,2.463,2.59,2.814,2.995,3.144,3.273,3.386,3.488,3.578,3.955
277.0,289.0,2.043,2.026,2.046,2.053,2.054,2.056,2.061,2.07,2.081,2.094,2.109,2.125,2.23,2.349,2.476,2.599,2.817,2.993,3.138,3.263,3.374,3.472,3.561,3.928
278.0,279.0,1.847,1.73,1.711,1.671,1.623,1.577,1.537,1.505,1.48,1.463,1.451,1.445,1.491,1.629,1.81,2.001,2.361,2.673,2.944,3.182,3.392,3.578,3.743,4.439
278.0,280.0,1.615,1.521,1.521,1.5,1.471,1.441,1.417,1.399,1.388,1.382,1.381,1.385,1.475,1.636,1.829,2.026,2.388,2.698,2.964,3.196,3.4,3.581,3.74,4.413
278.0,281.0,1.446,1.37,1.385,1.378,1.363,1.347,1.335,1.328,1.327,1.33,1.338,1.35,1.471,1.649,1.85,2.051,2.413,2.718,2.979,3.206,3.404,3.579,3.733,4.383
278.0,282.0,1.327,1.266,1.292,1.296,1.291,1.285,1.283,1.284,1.291,1.301,1.316,1.333,1.478,1.668,1.874,2.075,2.435,2.736,2.991,3.212,3.405,3.574,3.723,4.352
278.0,283.0,1.248,1.199,1.232,1.245,1.248,1.25,1.254,1.262,1.275,1.29,1.309,1.331,1.493,1.69,1.899,2.1,2.455,2.75,3.0,3.215,3.402,3.566,3.711,4.32
278.0,284.0,1.201,1.16,1.2,1.218,1.228,1.235,1.244,1.257,1.274,1.293,1.316,1.34,1.514,1.716,1.924,2.124,2.474,2.762,3.006,3.215,3.397,3.557,3.696,4.286
278.0,285.0,1.178,1.144,1.188,1.211,1.224,1.236,1.249,1.266,1.285,1.307,1.332,1.358,1.539,1.743,1.95,2.147,2.491,2.773,3.01,3.213,3.39,3.545,3.681,4.252
278.0,286.0,1.175,1.146,1.192,1.218,1.235,1.249,1.265,1.284,1.305,1.329,1.355,1.383,1.568,1.771,1.977,2.17,2.506,2.781,3.012,3.21,3.382,3.532,3.664,4.218
278.0,287.0,1.187,1.162,1.209,1.237,1.256,1.272,1.29,1.31,1.333,1.358,1.385,1.413,1.599,1.801,2.002,2.192,2.52,2.789,3.013,3.205,3.372,3.518,3.646,4.183
278.0,288.0,1.211,1.188,1.236,1.265,1.285,1.302,1.321,1.342,1.365,1.391,1.418,1.446,1.632,1.83,2.028,2.213,2.533,2.794,3.013,3.2,3.362,3.504,3.627,4.149
278.0,289.0,1.243,1.222,1.27,1.299,1.32,1.338,1.357,1.378,1.401,1.427,1.454,1.482,1.665,1.86,2.053,2.234,2.545,2.799,3.012,3.193,3.351,3.488,3.609,4.115
278.0,290.0,1.282,1.263,1.31,1.339,1.359,1.377,1.396,1.417,1.44,1.465,1.492,1.52,1.699,1.889,2.077,2.253,2.556,2.803,3.01,3.186,3.339,3.473,3.59,4.081
279.0,280.0,1.305,1.265,1.284,1.281,1.266,1.248,1.233,1.224,1.221,1.224,1.232,1.245,1.372,1.547,1.745,1.946,2.313,2.617,2.872,3.094,3.292,3.473,3.638,4.313
279.0,281.0,1.183,1.156,1.185,1.191,1.187,1.179,1.174,1.174,1.179,1.19,1.205,1.223,1.374,1.561,1.764,1.967,2.332,2.633,2.883,3.098,3.291,3.466,3.626,4.277
279.0,282.0,1.098,1.08,1.116,1.131,1.135,1.135,1.138,1.145,1.156,1.173,1.193,1.216,1.385,1.579,1.785,1.988,2.351,2.646,2.891,3.101,3.288,3.457,3.612,4.241
279.0,283.0,1.042,1.032,1.073,1.094,1.105,1.112,1.12,1.132,1.149,1.17,1.194,1.221,1.403,1.602,1.809,2.01,2.368,2.659,2.897,3.102,3.283,3.447,3.596,4.206
279.0,284.0,1.01,1.005,1.051,1.077,1.092,1.104,1.117,1.134,1.154,1.178,1.205,1.235,1.426,1.628,1.834,2.033,2.386,2.67,2.903,3.101,3.277,3.436,3.581,4.17
279.0,285.0,0.997,0.997,1.046,1.075,1.094,1.11,1.126,1.146,1.169,1.196,1.225,1.256,1.453,1.655,1.859,2.056,2.402,2.68,2.907,3.1,3.27,3.424,3.564,4.135
279.0,286.0,1.001,1.004,1.054,1.086,1.108,1.126,1.145,1.167,1.192,1.22,1.251,1.283,1.483,1.684,1.886,2.079,2.418,2.689,2.91,3.097,3.262,3.412,3.547,4.099
279.0,287.0,1.016,1.022,1.074,1.107,1.13,1.15,1.171,1.194,1.221,1.25,1.281,1.314,1.515,1.714,1.912,2.102,2.433,2.697,2.912,3.094,3.254,3.398,3.53,4.065
279.0,288.0,1.042,1.049,1.101,1.135,1.16,1.181,1.203,1.227,1.254,1.284,1.316,1.348,1.549,1.745,1.939,2.124,2.447,2.704,2.913,3.089,3.245,3.385,3.512,4.031
279.0,289.0,1.075,1.084,1.136,1.17,1.195,1.217,1.239,1.264,1.291,1.321,1.353,1.385,1.583,1.776,1.965,2.146,2.46,2.71,2.913,3.084,3.235,3.371,3.495,3.997
279.0,290.0,1.115,1.124,1.175,1.209,1.235,1.256,1.279,1.304,1.331,1.36,1.392,1.424,1.618,1.806,1.991,2.167,2.473,2.716,2.913,3.079,3.225,3.357,3.477,3.964
279.0,291.0,1.159,1.168,1.218,1.252,1.277,1.299,1.321,1.345,1.372,1.401,1.432,1.463,1.653,1.837,2.016,2.187,2.484,2.721,2.912,3.073,3.215,3.343,3.459,3.932
280.0,281.0,1.449,1.45,1.506,1.546,1.58,1.612,1.645,1.678,1.71,1.743,1.776,1.809,2.013,2.223,2.422,2.602,2.903,3.145,3.349,3.524,3.677,3.811,3.927,4.402
280.0,282.0,1.517,1.517,1.57,1.608,1.639,1.67,1.701,1.732,1.763,1.794,1.825,1.856,2.052,2.254,2.447,2.621,2.912,3.148,3.345,3.516,3.665,3.794,3.907,4.37
280.0,283.0,1.584,1.582,1.632,1.668,1.697,1.726,1.755,1.784,1.813,1.843,1.872,1.902,2.089,2.284,2.47,2.638,2.921,3.149,3.342,3.507,3.652,3.778,3.888,4.338
280.0,284.0,1.648,1.645,1.693,1.726,1.753,1.78,1.807,1.835,1.862,1.89,1.918,1.946,2.125,2.312,2.492,2.655,2.929,3.151,3.337,3.498,3.639,3.762,3.869,4.307
280.0,285.0,1.711,1.706,1.751,1.782,1.808,1.833,1.858,1.883,1.909,1.935,1.962,1.989,2.159,2.339,2.513,2.67,2.936,3.151,3.333,3.489,3.626,3.746,3.85,4.277
280.0,286.0,1.772,1.765,1.808,1.836,1.86,1.883,1.906,1.93,1.955,1.979,2.004,2.029,2.191,2.365,2.532,2.684,2.942,3.151,3.328,3.48,3.613,3.73,3.831,4.247
280.0,287.0,1.83,1.822,1.862,1.889,1.91,1.932,1.953,1.976,1.998,2.021,2.045,2.068,2.222,2.389,2.55,2.698,2.948,3.151,3.322,3.471,3.6,3.714,3.812,4.218
280.0,288.0,1.887,1.878,1.915,1.939,1.959,1.978,1.998,2.019,2.04,2.061,2.083,2.106,2.252,2.412,2.568,2.71,2.952,3.15,3.317,3.461,3.587,3.698,3.794,4.189
280.0,289.0,1.941,1.931,1.966,1.988,2.006,2.023,2.042,2.061,2.08,2.1,2.12,2.141,2.28,2.434,2.584,2.722,2.957,3.149,3.311,3.452,3.574,3.682,3.776,4.161
280.0,290.0,1.994,1.982,2.014,2.034,2.051,2.066,2.083,2.1,2.118,2.137,2.156,2.176,2.307,2.454,2.599,2.733,2.961,3.147,3.305,3.442,3.561,3.666,3.758,4.133
280.0,291.0,2.045,2.031,2.061,2.079,2.094,2.108,2.123,2.139,2.155,2.172,2.19,2.208,2.333,2.474,2.614,2.743,2.964,3.145,3.299,3.432,3.548,3.651,3.74,4.106
280.0,292.0,2.093,2.078,2.106,2.122,2.135,2.147,2.161,2.175,2.19,2.206,2.222,2.239,2.357,2.492,2.627,2.752,2.966,3.143,3.292,3.422,3.536,3.635,3.722,4.08
281.0,282.0,1.907,1.887,1.947,1.988,2.019,2.045,2.069,2.094,2.119,2.146,2.174,2.203,2.395,2.596,2.788,2.963,3.266,3.514,3.72,3.891,4.037,4.163,4.273,4.758
281.0,283.0,1.924,1.906,1.967,2.009,2.04,2.067,2.092,2.118,2.144,2.172,2.2,2.23,2.421,2.62,2.808,2.98,3.276,3.518,3.718,3.886,4.028,4.15,4.257,4.729
281.0,284.0,1.949,1.932,1.992,2.035,2.067,2.094,2.12,2.146,2.172,2.2,2.229,2.259,2.449,2.644,2.828,2.996,3.285,3.521,3.717,3.88,4.018,4.137,4.241,4.7
281.0,285.0,1.978,1.964,2.023,2.065,2.097,2.124,2.15,2.176,2.203,2.231,2.259,2.289,2.476,2.667,2.847,3.011,3.293,3.524,3.714,3.873,4.008,4.124,4.225,4.672
281.0,286.0,2.012,1.998,2.057,2.098,2.13,2.157,2.182,2.208,2.235,2.262,2.29,2.319,2.503,2.69,2.866,3.026,3.301,3.526,3.711,3.866,3.997,4.11,4.208,4.643
281.0,287.0,2.049,2.036,2.093,2.133,2.164,2.191,2.216,2.241,2.267,2.294,2.322,2.35,2.53,2.712,2.884,3.04,3.308,3.527,3.707,3.858,3.986,4.096,4.192,4.615
281.0,288.0,2.088,2.075,2.13,2.17,2.2,2.226,2.25,2.275,2.3,2.326,2.353,2.381,2.556,2.734,2.901,3.053,3.314,3.527,3.703,3.85,3.975,4.082,4.175,4.588
281.0,289.0,2.128,2.115,2.169,2.207,2.236,2.261,2.285,2.309,2.333,2.358,2.385,2.411,2.581,2.754,2.917,3.065,3.319,3.527,3.699,3.842,3.963,4.067,4.158,4.561
281.0,290.0,2.169,2.156,2.208,2.244,2.273,2.297,2.319,2.342,2.366,2.39,2.415,2.441,2.606,2.774,2.932,3.076,3.324,3.526,3.693,3.833,3.951,4.053,4.142,4.534
281.0,291.0,2.209,2.196,2.246,2.282,2.309,2.332,2.353,2.375,2.398,2.421,2.445,2.47,2.629,2.793,2.947,3.087,3.328,3.525,3.688,3.824,3.939,4.039,4.125,4.508
281.0,292.0,2.25,2.236,2.285,2.319,2.344,2.366,2.387,2.408,2.429,2.451,2.475,2.499,2.652,2.81,2.96,3.096,3.331,3.523,3.682,3.815,3.927,4.024,4.109,4.482
281.0,293.0,2.29,2.276,2.322,2.355,2.379,2.4,2.419,2.439,2.46,2.481,2.503,2.526,2.674,2.827,2.973,3.105,3.334,3.521,3.676,3.805,3.915,4.01,4.092,4.457
282.0,283.0,1.891,1.9,1.955,1.999,2.035,2.068,2.098,2.128,2.159,2.19,2.221,2.254,2.45,2.639,2.815,2.975,3.245,3.46,3.635,3.783,3.912,4.027,4.131,4.552
282.0,284.0,1.97,1.976,2.028,2.069,2.102,2.132,2.16,2.187,2.215,2.243,2.273,2.303,2.488,2.669,2.839,2.993,3.253,3.46,3.63,3.773,3.898,4.01,4.11,4.519
282.0,285.0,2.044,2.048,2.096,2.134,2.165,2.192,2.217,2.242,2.268,2.294,2.322,2.35,2.525,2.698,2.86,3.009,3.26,3.46,3.624,3.763,3.884,3.993,4.09,4.488
282.0,286.0,2.113,2.116,2.161,2.196,2.225,2.249,2.272,2.295,2.318,2.342,2.367,2.393,2.559,2.724,2.88,3.023,3.265,3.459,3.618,3.752,3.87,3.976,4.071,4.457
282.0,287.0,2.179,2.18,2.223,2.255,2.281,2.303,2.324,2.344,2.365,2.387,2.41,2.435,2.59,2.749,2.899,3.037,3.27,3.457,3.611,3.742,3.856,3.959,4.051,4.428
282.0,288.0,2.242,2.241,2.281,2.311,2.334,2.354,2.372,2.39,2.41,2.43,2.451,2.474,2.62,2.772,2.916,3.049,3.274,3.455,3.604,3.731,3.843,3.942,4.032,4.398
282.0,289.0,2.301,2.299,2.336,2.363,2.384,2.402,2.418,2.434,2.451,2.47,2.489,2.51,2.648,2.793,2.932,3.06,3.278,3.453,3.597,3.72,3.829,3.926,4.013,4.37
282.0,290.0,2.357,2.353,2.388,2.413,2.432,2.447,2.462,2.476,2.491,2.508,2.525,2.544,2.674,2.813,2.947,3.07,3.28,3.45,3.59,3.71,3.815,3.909,3.995,4.342
282.0,291.0,2.41,2.405,2.437,2.46,2.477,2.49,2.502,2.515,2.528,2.543,2.559,2.577,2.699,2.831,2.96,3.079,3.282,3.446,3.582,3.699,3.801,3.893,3.976,4.315
282.0,292.0,2.46,2.454,2.483,2.504,2.519,2.531,2.541,2.552,2.563,2.577,2.591,2.607,2.722,2.849,2.972,3.087,3.283,3.442,3.574,3.687,3.787,3.877,3.958,4.288
282.0,293.0,2.508,2.5,2.527,2.546,2.559,2.569,2.578,2.586,2.597,2.608,2.621,2.636,2.743,2.864,2.984,3.094,3.284,3.438,3.566,3.676,3.774,3.861,3.94,4.262
282.0,294.0,2.553,2.544,2.569,2.586,2.597,2.605,2.612,2.619,2.628,2.638,2.649,2.663,2.763,2.879,2.994,3.1,3.284,3.433,3.558,3.665,3.76,3.845,3.922,4.236
283.0,284.0,1.728,1.73,1.791,1.838,1.875,1.907,1.938,1.969,2.001,2.035,2.069,2.104,2.313,2.506,2.688,2.859,3.157,3.392,3.581,3.739,3.878,4.002,4.112,4.561
283.0,285.0,1.8,1.8,1.858,1.901,1.936,1.966,1.995,2.023,2.053,2.084,2.117,2.15,2.35,2.534,2.71,2.875,3.163,3.391,3.575,3.73,3.865,3.985,4.092,4.53
283.0,286.0,1.868,1.866,1.921,1.962,1.994,2.022,2.048,2.075,2.103,2.132,2.162,2.194,2.384,2.561,2.73,2.89,3.169,3.391,3.569,3.72,3.851,3.968,4.073,4.499
283.0,287.0,1.932,1.93,1.981,2.02,2.049,2.075,2.099,2.124,2.149,2.177,2.206,2.235,2.416,2.586,2.749,2.904,3.174,3.39,3.563,3.71,3.838,3.952,4.054,4.469
283.0,288.0,1.994,1.99,2.039,2.074,2.102,2.125,2.147,2.17,2.194,2.219,2.246,2.274,2.447,2.61,2.767,2.917,3.179,3.388,3.557,3.699,3.824,3.935,4.035,4.44
283.0,289.0,2.053,2.047,2.093,2.126,2.152,2.173,2.193,2.214,2.236,2.26,2.285,2.312,2.475,2.632,2.784,2.929,3.183,3.386,3.55,3.689,3.811,3.919,4.016,4.411
283.0,290.0,2.108,2.101,2.145,2.176,2.199,2.219,2.237,2.256,2.276,2.298,2.322,2.347,2.503,2.654,2.8,2.94,3.186,3.383,3.543,3.679,3.797,3.903,3.998,4.383
283.0,291.0,2.162,2.153,2.194,2.223,2.244,2.262,2.278,2.296,2.314,2.335,2.357,2.38,2.529,2.673,2.814,2.95,3.189,3.381,3.536,3.668,3.784,3.887,3.979,4.355
283.0,292.0,2.212,2.203,2.241,2.268,2.287,2.303,2.318,2.334,2.351,2.37,2.39,2.412,2.553,2.692,2.828,2.959,3.191,3.377,3.529,3.658,3.771,3.871,3.961,4.328
283.0,293.0,2.261,2.25,2.286,2.311,2.328,2.342,2.355,2.369,2.385,2.403,2.422,2.442,2.576,2.709,2.84,2.967,3.192,3.374,3.522,3.647,3.757,3.856,3.943,4.301
283.0,294.0,2.307,2.295,2.329,2.352,2.367,2.38,2.391,2.404,2.418,2.434,2.452,2.471,2.598,2.725,2.852,2.975,3.193,3.37,3.514,3.637,3.744,3.84,3.926,4.275
283.0,295.0,2.351,2.338,2.37,2.39,2.404,2.415,2.425,2.436,2.449,2.463,2.48,2.498,2.618,2.741,2.863,2.982,3.194,3.366,3.506,3.626,3.731,3.824,3.908,4.25
284.0,285.0,1.81,1.782,1.837,1.874,1.901,1.919,1.935,1.949,1.965,1.982,2.003,2.026,2.2,2.387,2.558,2.713,2.984,3.214,3.408,3.573,3.713,3.834,3.939,4.41
284.0,286.0,1.826,1.801,1.855,1.894,1.921,1.94,1.957,1.972,1.988,2.007,2.028,2.051,2.225,2.409,2.577,2.728,2.994,3.218,3.408,3.568,3.705,3.822,3.924,4.382
284.0,287.0,1.849,1.826,1.88,1.918,1.945,1.966,1.982,1.998,2.015,2.034,2.055,2.078,2.25,2.431,2.595,2.744,3.003,3.221,3.406,3.562,3.695,3.81,3.909,4.354
284.0,288.0,1.877,1.855,1.909,1.947,1.974,1.994,2.011,2.027,2.044,2.062,2.083,2.106,2.276,2.453,2.613,2.758,3.011,3.224,3.404,3.556,3.686,3.797,3.894,4.327
284.0,289.0,1.91,1.888,1.941,1.978,2.005,2.025,2.042,2.057,2.074,2.092,2.113,2.136,2.302,2.474,2.631,2.772,3.018,3.226,3.401,3.549,3.675,3.784,3.878,4.299
284.0,290.0,1.945,1.924,1.975,2.012,2.038,2.057,2.074,2.089,2.105,2.123,2.143,2.166,2.327,2.495,2.648,2.785,3.025,3.227,3.398,3.542,3.665,3.77,3.862,4.272
284.0,291.0,1.982,1.961,2.011,2.046,2.072,2.091,2.106,2.121,2.137,2.154,2.174,2.195,2.352,2.516,2.664,2.798,3.031,3.228,3.394,3.534,3.654,3.757,3.846,4.245
284.0,292.0,2.02,2.0,2.048,2.082,2.106,2.124,2.139,2.154,2.169,2.185,2.204,2.225,2.377,2.535,2.68,2.81,3.037,3.228,3.39,3.526,3.643,3.743,3.83,4.218
284.0,293.0,2.059,2.039,2.085,2.118,2.141,2.158,2.172,2.186,2.2,2.216,2.234,2.254,2.401,2.554,2.694,2.821,3.041,3.228,3.385,3.518,3.631,3.729,3.813,4.192
284.0,294.0,2.098,2.078,2.122,2.154,2.176,2.192,2.205,2.218,2.231,2.246,2.263,2.282,2.424,2.572,2.708,2.831,3.046,3.227,3.38,3.509,3.62,3.715,3.797,4.167
284.0,295.0,2.138,2.117,2.159,2.189,2.21,2.225,2.237,2.249,2.262,2.276,2.292,2.31,2.446,2.59,2.722,2.841,3.049,3.225,3.374,3.501,3.608,3.701,3.781,4.141
284.0,296.0,2.176,2.155,2.196,2.224,2.244,2.258,2.269,2.28,2.291,2.305,2.32,2.337,2.467,2.606,2.734,2.85,3.052,3.224,3.369,3.492,3.596,3.687,3.765,4.117
285.0,286.0,1.109,1.126,1.198,1.252,1.3,1.346,1.391,1.436,1.48,1.522,1.563,1.604,1.843,2.087,2.319,2.526,2.867,3.136,3.36,3.553,3.722,3.87,4.001,4.525
285.0,287.0,1.194,1.209,1.277,1.328,1.372,1.415,1.458,1.5,1.541,1.581,1.62,1.659,1.887,2.121,2.345,2.546,2.876,3.137,3.356,3.544,3.708,3.853,3.98,4.491
285.0,288.0,1.274,1.286,1.351,1.399,1.44,1.48,1.521,1.56,1.599,1.637,1.674,1.71,1.928,2.153,2.369,2.564,2.884,3.139,3.351,3.534,3.695,3.836,3.959,4.458
285.0,289.0,1.35,1.36,1.421,1.465,1.504,1.542,1.58,1.617,1.654,1.69,1.725,1.759,1.967,2.183,2.393,2.581,2.892,3.14,3.346,3.525,3.681,3.819,3.939,4.426
285.0,290.0,1.421,1.429,1.487,1.529,1.565,1.601,1.636,1.671,1.706,1.74,1.773,1.806,2.004,2.212,2.414,2.597,2.9,3.14,3.342,3.516,3.668,3.802,3.919,4.394
285.0,291.0,1.489,1.495,1.55,1.589,1.623,1.656,1.69,1.723,1.755,1.787,1.819,1.85,2.039,2.24,2.435,2.612,2.906,3.14,3.337,3.506,3.655,3.785,3.9,4.363
285.0,292.0,1.553,1.557,1.609,1.646,1.678,1.709,1.741,1.772,1.803,1.833,1.862,1.892,2.072,2.266,2.455,2.627,2.912,3.14,3.331,3.497,3.641,3.769,3.881,4.333
285.0,293.0,1.614,1.617,1.666,1.701,1.73,1.76,1.789,1.818,1.847,1.876,1.904,1.932,2.104,2.29,2.473,2.64,2.918,3.14,3.326,3.487,3.628,3.753,3.862,4.303
285.0,294.0,1.673,1.674,1.72,1.753,1.78,1.808,1.835,1.863,1.89,1.917,1.943,1.97,2.134,2.314,2.491,2.653,2.923,3.139,3.32,3.477,3.615,3.737,3.843,4.274
285.0,295.0,1.729,1.728,1.772,1.802,1.828,1.853,1.879,1.905,1.931,1.956,1.981,2.006,2.163,2.336,2.507,2.664,2.927,3.138,3.315,3.468,3.602,3.721,3.825,4.245
285.0,296.0,1.782,1.78,1.821,1.85,1.874,1.897,1.921,1.946,1.97,1.994,2.017,2.041,2.19,2.357,2.523,2.675,2.931,3.136,3.308,3.458,3.589,3.705,3.807,4.217
285.0,297.0,1.833,1.829,1.869,1.895,1.917,1.939,1.962,1.984,2.007,2.029,2.052,2.074,2.216,2.377,2.538,2.686,2.934,3.134,3.302,3.448,3.576,3.689,3.789,4.189
286.0,287.0,0.609,0.594,0.67,0.718,0.751,0.781,0.812,0.847,0.887,0.93,0.974,1.02,1.293,1.574,1.869,2.16,2.675,3.088,3.429,3.721,3.979,4.21,4.417,5.242
286.0,288.0,0.53,0.526,0.611,0.667,0.709,0.747,0.786,0.829,0.875,0.924,0.974,1.024,1.318,1.608,1.907,2.197,2.707,3.113,3.445,3.729,3.98,4.205,4.406,5.207
286.0,289.0,0.482,0.487,0.578,0.641,0.689,0.734,0.779,0.828,0.879,0.932,0.986,1.04,1.348,1.645,1.944,2.234,2.736,3.134,3.458,3.735,3.979,4.198,4.393,5.171
286.0,290.0,0.46,0.472,0.567,0.634,0.688,0.737,0.788,0.84,0.895,0.952,1.009,1.065,1.383,1.683,1.982,2.269,2.764,3.153,3.47,3.739,3.977,4.189,4.378,5.135
286.0,291.0,0.458,0.475,0.573,0.644,0.702,0.755,0.808,0.863,0.921,0.98,1.039,1.097,1.421,1.722,2.02,2.303,2.789,3.17,3.479,3.741,3.972,4.179,4.363,5.099
286.0,292.0,0.473,0.494,0.593,0.667,0.727,0.782,0.838,0.895,0.955,1.015,1.075,1.135,1.462,1.762,2.056,2.335,2.813,3.185,3.486,3.742,3.967,4.168,4.347,5.063
286.0,293.0,0.5,0.524,0.624,0.699,0.761,0.818,0.875,0.934,0.994,1.056,1.116,1.176,1.504,1.802,2.093,2.367,2.835,3.199,3.492,3.742,3.961,4.156,4.331,5.027
286.0,294.0,0.538,0.563,0.664,0.739,0.802,0.86,0.918,0.978,1.038,1.1,1.161,1.221,1.547,1.842,2.128,2.397,2.855,3.211,3.497,3.74,3.953,4.144,4.314,4.992
286.0,295.0,0.583,0.61,0.71,0.786,0.849,0.907,0.965,1.025,1.086,1.147,1.208,1.267,1.59,1.881,2.162,2.426,2.874,3.222,3.501,3.737,3.945,4.131,4.296,4.957
286.0,296.0,0.634,0.662,0.761,0.836,0.899,0.957,1.015,1.075,1.135,1.196,1.256,1.315,1.634,1.92,2.195,2.454,2.892,3.231,3.503,3.734,3.937,4.117,4.279,4.923
286.0,297.0,0.69,0.718,0.816,0.89,0.952,1.01,1.067,1.126,1.186,1.246,1.305,1.363,1.677,1.958,2.228,2.48,2.908,3.239,3.505,3.73,3.927,4.104,4.261,4.889
286.0,298.0,0.748,0.777,0.873,0.946,1.007,1.064,1.121,1.179,1.237,1.297,1.355,1.412,1.72,1.995,2.259,2.506,2.924,3.247,3.506,3.725,3.918,4.09,4.243,4.855
287.0,288.0,0.306,0.273,0.337,0.376,0.4,0.416,0.428,0.441,0.455,0.471,0.489,0.51,0.681,0.912,1.163,1.408,1.839,2.195,2.492,2.747,2.969,3.166,3.34,4.056
287.0,289.0,0.253,0.227,0.295,0.339,0.368,0.39,0.409,0.427,0.446,0.468,0.491,0.515,0.702,0.938,1.189,1.43,1.855,2.203,2.493,2.741,2.957,3.148,3.318,4.013
287.0,290.0,0.228,0.208,0.278,0.326,0.359,0.384,0.407,0.429,0.452,0.477,0.504,0.531,0.729,0.966,1.215,1.452,1.869,2.209,2.492,2.734,2.944,3.13,3.295,3.97
287.0,291.0,0.224,0.209,0.281,0.33,0.366,0.394,0.419,0.444,0.47,0.497,0.525,0.555,0.758,0.995,1.24,1.474,1.881,2.214,2.49,2.725,2.929,3.11,3.27,3.927
287.0,292.0,0.238,0.225,0.298,0.348,0.385,0.415,0.442,0.468,0.495,0.524,0.554,0.584,0.79,1.025,1.266,1.494,1.892,2.217,2.486,2.715,2.914,3.09,3.246,3.885
287.0,293.0,0.265,0.254,0.326,0.376,0.414,0.444,0.472,0.499,0.527,0.557,0.587,0.618,0.823,1.055,1.291,1.514,1.903,2.219,2.481,2.704,2.898,3.069,3.221,3.842
287.0,294.0,0.301,0.291,0.362,0.412,0.45,0.48,0.508,0.536,0.564,0.593,0.623,0.654,0.858,1.084,1.315,1.533,1.912,2.22,2.476,2.693,2.881,3.048,3.195,3.8
287.0,295.0,0.344,0.335,0.404,0.454,0.491,0.521,0.548,0.576,0.604,0.633,0.662,0.693,0.892,1.114,1.339,1.551,1.92,2.221,2.47,2.681,2.865,3.027,3.17,3.759
287.0,296.0,0.392,0.383,0.451,0.499,0.535,0.565,0.592,0.618,0.646,0.674,0.703,0.733,0.927,1.143,1.362,1.569,1.928,2.221,2.463,2.669,2.848,3.005,3.145,3.718
287.0,297.0,0.444,0.435,0.501,0.547,0.582,0.611,0.637,0.663,0.689,0.716,0.744,0.773,0.962,1.171,1.384,1.586,1.936,2.22,2.456,2.656,2.831,2.984,3.12,3.679
287.0,298.0,0.498,0.489,0.553,0.597,0.631,0.658,0.683,0.708,0.733,0.759,0.786,0.814,0.996,1.199,1.406,1.602,1.942,2.219,2.449,2.644,2.814,2.963,3.096,3.639
287.0,299.0,0.553,0.544,0.605,0.648,0.68,0.706,0.73,0.753,0.777,0.802,0.828,0.854,1.029,1.226,1.427,1.617,1.948,2.218,2.441,2.631,2.797,2.942,3.071,3.601
288.0,289.0,0.13,0.104,0.148,0.179,0.202,0.219,0.232,0.243,0.253,0.263,0.274,0.285,0.402,0.593,0.81,1.02,1.378,1.664,1.904,2.114,2.302,2.471,2.622,3.205
288.0,290.0,0.13,0.107,0.152,0.185,0.209,0.228,0.244,0.257,0.269,0.281,0.294,0.307,0.43,0.619,0.833,1.038,1.386,1.664,1.897,2.101,2.283,2.446,2.592,3.157
288.0,291.0,0.145,0.124,0.17,0.204,0.229,0.249,0.265,0.28,0.294,0.307,0.32,0.335,0.459,0.646,0.855,1.054,1.394,1.663,1.889,2.086,2.263,2.421,2.563,3.11
288.0,292.0,0.172,0.153,0.198,0.232,0.257,0.277,0.295,0.31,0.324,0.338,0.351,0.366,0.49,0.673,0.876,1.07,1.4,1.662,1.88,2.072,2.243,2.396,2.533,3.064
288.0,293.0,0.208,0.19,0.234,0.267,0.292,0.312,0.329,0.344,0.358,0.372,0.386,0.4,0.522,0.7,0.897,1.086,1.405,1.659,1.871,2.057,2.222,2.371,2.504,3.019
288.0,294.0,0.25,0.233,0.276,0.307,0.332,0.351,0.368,0.382,0.396,0.409,0.422,0.436,0.554,0.727,0.918,1.101,1.411,1.657,1.862,2.042,2.202,2.347,2.476,2.974
288.0,295.0,0.297,0.28,0.321,0.351,0.374,0.393,0.409,0.422,0.435,0.448,0.46,0.474,0.586,0.753,0.938,1.115,1.415,1.653,1.853,2.027,2.183,2.323,2.447,2.931
288.0,296.0,0.347,0.33,0.369,0.398,0.42,0.437,0.451,0.464,0.476,0.487,0.499,0.512,0.618,0.779,0.958,1.129,1.419,1.65,1.843,2.012,2.163,2.299,2.42,2.889
288.0,297.0,0.399,0.382,0.419,0.446,0.466,0.482,0.495,0.507,0.517,0.527,0.538,0.55,0.65,0.804,0.977,1.142,1.423,1.647,1.834,1.998,2.144,2.275,2.393,2.847
288.0,298.0,0.452,0.434,0.47,0.495,0.513,0.528,0.539,0.549,0.559,0.568,0.577,0.587,0.682,0.829,0.995,1.154,1.426,1.643,1.824,1.983,2.125,2.252,2.366,2.807
288.0,299.0,0.506,0.488,0.521,0.544,0.561,0.574,0.584,0.592,0.6,0.608,0.616,0.625,0.712,0.853,1.013,1.167,1.429,1.639,1.815,1.969,2.106,2.23,2.341,2.768
288.0,300.0,0.56,0.541,0.572,0.593,0.608,0.619,0.628,0.635,0.641,0.647,0.654,0.662,0.742,0.876,1.03,1.178,1.432,1.635,1.805,1.955,2.088,2.208,2.315,2.73
289.0,290.0,0.208,0.185,0.243,0.276,0.297,0.313,0.329,0.347,0.368,0.392,0.418,0.446,0.631,0.847,1.088,1.333,1.779,2.148,2.454,2.717,2.95,3.157,3.341,4.064
289.0,291.0,0.153,0.138,0.201,0.24,0.267,0.289,0.31,0.334,0.36,0.388,0.418,0.45,0.65,0.872,1.114,1.357,1.796,2.156,2.455,2.711,2.936,3.137,3.316,4.017
289.0,292.0,0.127,0.118,0.184,0.227,0.258,0.284,0.309,0.337,0.366,0.397,0.43,0.464,0.675,0.9,1.14,1.38,1.811,2.163,2.453,2.702,2.921,3.116,3.29,3.97
289.0,293.0,0.123,0.118,0.186,0.232,0.265,0.294,0.322,0.352,0.384,0.417,0.452,0.487,0.704,0.929,1.167,1.403,1.825,2.168,2.451,2.692,2.905,3.095,3.263,3.923
289.0,294.0,0.137,0.135,0.203,0.25,0.286,0.316,0.346,0.377,0.41,0.445,0.48,0.517,0.735,0.959,1.194,1.425,1.837,2.171,2.447,2.682,2.889,3.073,3.236,3.878
289.0,295.0,0.164,0.164,0.232,0.28,0.316,0.347,0.378,0.41,0.443,0.478,0.514,0.551,0.769,0.99,1.22,1.446,1.848,2.174,2.442,2.67,2.871,3.05,3.209,3.832
289.0,296.0,0.201,0.202,0.269,0.317,0.353,0.385,0.416,0.448,0.481,0.516,0.552,0.588,0.804,1.021,1.246,1.467,1.859,2.176,2.436,2.659,2.854,3.028,3.182,3.788
289.0,297.0,0.246,0.247,0.314,0.36,0.396,0.427,0.458,0.49,0.523,0.557,0.593,0.628,0.84,1.052,1.271,1.486,1.868,2.177,2.43,2.646,2.836,3.005,3.155,3.744
289.0,298.0,0.296,0.298,0.363,0.408,0.443,0.474,0.504,0.535,0.567,0.601,0.635,0.67,0.876,1.083,1.296,1.505,1.877,2.177,2.423,2.634,2.818,2.983,3.129,3.701
289.0,299.0,0.351,0.353,0.415,0.459,0.493,0.523,0.552,0.581,0.613,0.645,0.679,0.713,0.912,1.113,1.32,1.524,1.885,2.177,2.416,2.621,2.8,2.96,3.102,3.659
289.0,300.0,0.409,0.41,0.47,0.512,0.545,0.573,0.601,0.629,0.66,0.691,0.723,0.756,0.948,1.143,1.344,1.541,1.892,2.176,2.409,2.608,2.783,2.938,3.076,3.618
289.0,301.0,0.468,0.468,0.526,0.567,0.598,0.625,0.651,0.678,0.707,0.737,0.767,0.799,0.984,1.172,1.367,1.558,1.899,2.175,2.401,2.595,2.765,2.916,3.051,3.578
290.0,291.0,0.312,0.282,0.341,0.384,0.416,0.44,0.46,0.477,0.494,0.512,0.532,0.554,0.739,0.979,1.229,1.468,1.892,2.247,2.55,2.813,3.046,3.254,3.438,4.15
290.0,292.0,0.27,0.246,0.309,0.357,0.393,0.423,0.447,0.469,0.491,0.513,0.537,0.563,0.761,1.005,1.254,1.491,1.908,2.256,2.551,2.808,3.034,3.235,3.414,4.105
290.0,293.0,0.253,0.234,0.299,0.349,0.389,0.422,0.45,0.476,0.501,0.526,0.553,0.581,0.787,1.032,1.28,1.513,1.922,2.263,2.551,2.8,3.02,3.216,3.389,4.06
290.0,294.0,0.256,0.24,0.306,0.358,0.401,0.435,0.466,0.494,0.521,0.548,0.577,0.606,0.818,1.061,1.306,1.535,1.936,2.268,2.549,2.792,3.006,3.195,3.364,4.015
290.0,295.0,0.274,0.26,0.327,0.38,0.423,0.459,0.491,0.52,0.549,0.577,0.607,0.638,0.85,1.092,1.332,1.557,1.949,2.273,2.546,2.782,2.99,3.175,3.338,3.971
290.0,296.0,0.303,0.292,0.358,0.411,0.455,0.491,0.524,0.554,0.583,0.612,0.642,0.673,0.885,1.123,1.358,1.578,1.96,2.276,2.542,2.772,2.974,3.154,3.313,3.928
290.0,297.0,0.342,0.332,0.397,0.45,0.493,0.53,0.562,0.592,0.622,0.651,0.681,0.711,0.921,1.154,1.384,1.598,1.971,2.279,2.538,2.761,2.958,3.132,3.287,3.885
290.0,298.0,0.388,0.378,0.442,0.494,0.537,0.573,0.605,0.635,0.664,0.692,0.722,0.752,0.957,1.185,1.409,1.618,1.981,2.281,2.533,2.75,2.942,3.111,3.262,3.843
290.0,299.0,0.439,0.43,0.492,0.542,0.584,0.619,0.651,0.68,0.708,0.736,0.764,0.794,0.994,1.215,1.434,1.637,1.991,2.282,2.527,2.739,2.925,3.09,3.236,3.802
290.0,300.0,0.493,0.484,0.545,0.594,0.634,0.668,0.698,0.726,0.753,0.781,0.808,0.837,1.031,1.246,1.458,1.656,1.999,2.283,2.521,2.727,2.908,3.069,3.211,3.762
290.0,301.0,0.551,0.541,0.6,0.647,0.685,0.718,0.747,0.774,0.8,0.826,0.853,0.88,1.067,1.275,1.481,1.673,2.007,2.283,2.515,2.715,2.891,3.048,3.186,3.722
290.0,302.0,0.61,0.6,0.656,0.701,0.738,0.769,0.797,0.822,0.847,0.872,0.897,0.923,1.103,1.304,1.504,1.691,2.015,2.283,2.508,2.703,2.875,3.027,3.162,3.683
291.0,292.0,0.269,0.229,0.283,0.32,0.345,0.363,0.375,0.385,0.395,0.406,0.418,0.433,0.571,0.77,0.985,1.194,1.568,1.884,2.155,2.387,2.588,2.763,2.917,3.544
291.0,293.0,0.254,0.219,0.276,0.315,0.343,0.363,0.379,0.392,0.405,0.419,0.434,0.451,0.598,0.798,1.011,1.216,1.58,1.889,2.152,2.377,2.572,2.742,2.89,3.498
291.0,294.0,0.259,0.228,0.285,0.326,0.356,0.378,0.396,0.411,0.426,0.442,0.458,0.477,0.629,0.828,1.037,1.237,1.593,1.893,2.148,2.367,2.556,2.72,2.864,3.452
291.0,295.0,0.279,0.251,0.308,0.349,0.38,0.403,0.422,0.439,0.455,0.471,0.489,0.509,0.662,0.858,1.063,1.258,1.604,1.895,2.143,2.355,2.539,2.698,2.837,3.407
291.0,296.0,0.311,0.284,0.341,0.382,0.413,0.436,0.456,0.473,0.489,0.507,0.525,0.544,0.697,0.889,1.089,1.279,1.615,1.898,2.138,2.344,2.522,2.676,2.811,3.363
291.0,297.0,0.351,0.326,0.381,0.422,0.452,0.476,0.495,0.512,0.529,0.546,0.564,0.583,0.733,0.92,1.114,1.299,1.625,1.899,2.132,2.332,2.504,2.654,2.785,3.319
291.0,298.0,0.399,0.374,0.428,0.467,0.497,0.519,0.538,0.555,0.571,0.588,0.605,0.624,0.77,0.951,1.139,1.318,1.634,1.901,2.126,2.32,2.487,2.632,2.759,3.277
291.0,299.0,0.451,0.427,0.478,0.516,0.545,0.566,0.584,0.6,0.616,0.631,0.648,0.666,0.806,0.982,1.164,1.337,1.643,1.901,2.12,2.308,2.47,2.61,2.733,3.236
291.0,300.0,0.506,0.483,0.532,0.568,0.595,0.616,0.632,0.647,0.662,0.676,0.692,0.709,0.843,1.012,1.188,1.355,1.652,1.902,2.114,2.296,2.453,2.589,2.708,3.195
291.0,301.0,0.564,0.541,0.588,0.622,0.647,0.666,0.682,0.695,0.709,0.722,0.737,0.753,0.879,1.042,1.211,1.373,1.66,1.902,2.107,2.283,2.435,2.568,2.683,3.156
291.0,302.0,0.624,0.6,0.644,0.677,0.7,0.717,0.731,0.744,0.756,0.768,0.781,0.796,0.915,1.071,1.234,1.39,1.667,1.902,2.1,2.271,2.419,2.547,2.659,3.117
291.0,303.0,0.684,0.659,0.702,0.732,0.753,0.769,0.781,0.792,0.803,0.814,0.826,0.839,0.95,1.099,1.256,1.407,1.675,1.901,2.094,2.259,2.402,2.526,2.635,3.08
292.0,293.0,0.076,0.085,0.145,0.184,0.214,0.243,0.274,0.306,0.341,0.376,0.412,0.447,0.661,0.9,1.16,1.416,1.864,2.229,2.54,2.814,3.061,3.282,3.479,4.191
292.0,294.0,0.05,0.064,0.128,0.171,0.206,0.239,0.273,0.31,0.347,0.386,0.424,0.462,0.686,0.929,1.188,1.442,1.882,2.238,2.54,2.807,3.046,3.261,3.453,4.144
292.0,295.0,0.047,0.065,0.131,0.176,0.214,0.25,0.287,0.326,0.366,0.406,0.445,0.485,0.714,0.958,1.216,1.466,1.897,2.244,2.538,2.798,3.031,3.24,3.426,4.098
292.0,296.0,0.061,0.082,0.149,0.196,0.236,0.273,0.312,0.352,0.393,0.434,0.474,0.514,0.746,0.989,1.244,1.489,1.911,2.249,2.536,2.788,3.015,3.218,3.399,4.052
292.0,297.0,0.089,0.111,0.178,0.226,0.267,0.305,0.345,0.385,0.426,0.468,0.509,0.549,0.78,1.021,1.271,1.511,1.923,2.253,2.532,2.777,2.998,3.195,3.371,4.007
292.0,298.0,0.128,0.15,0.217,0.265,0.305,0.344,0.384,0.424,0.465,0.506,0.547,0.586,0.815,1.052,1.297,1.532,1.934,2.256,2.527,2.766,2.98,3.173,3.344,3.963
292.0,299.0,0.174,0.196,0.262,0.309,0.349,0.388,0.427,0.467,0.507,0.548,0.588,0.627,0.852,1.084,1.323,1.552,1.944,2.257,2.521,2.754,2.963,3.15,3.317,3.919
292.0,300.0,0.225,0.248,0.311,0.358,0.397,0.435,0.473,0.512,0.552,0.592,0.631,0.669,0.888,1.115,1.348,1.572,1.953,2.258,2.515,2.742,2.945,3.127,3.29,3.876
292.0,301.0,0.281,0.303,0.365,0.41,0.448,0.485,0.522,0.56,0.598,0.637,0.675,0.712,0.925,1.145,1.373,1.59,1.962,2.258,2.509,2.729,2.927,3.105,3.263,3.834
292.0,302.0,0.34,0.36,0.42,0.464,0.501,0.536,0.572,0.608,0.646,0.683,0.719,0.755,0.962,1.175,1.396,1.608,1.969,2.258,2.502,2.717,2.91,3.082,3.236,3.792
292.0,303.0,0.4,0.419,0.477,0.519,0.554,0.588,0.622,0.657,0.693,0.729,0.764,0.799,0.998,1.205,1.419,1.625,1.976,2.258,2.495,2.704,2.892,3.06,3.21,3.752
292.0,304.0,0.461,0.48,0.535,0.575,0.608,0.64,0.673,0.707,0.741,0.775,0.809,0.842,1.034,1.234,1.441,1.641,1.983,2.256,2.488,2.691,2.874,3.038,3.184,3.712
293.0,294.0,0.08,0.07,0.135,0.175,0.206,0.237,0.268,0.302,0.337,0.373,0.409,0.445,0.672,0.93,1.212,1.494,2.003,2.426,2.784,3.095,3.37,3.613,3.828,4.647
293.0,295.0,0.002,0.001,0.073,0.121,0.16,0.198,0.236,0.276,0.317,0.358,0.399,0.44,0.687,0.955,1.241,1.523,2.026,2.441,2.791,3.094,3.361,3.598,3.807,4.603
293.0,296.0,-0.043,-0.036,0.041,0.094,0.139,0.182,0.225,0.269,0.314,0.359,0.404,0.448,0.709,0.984,1.271,1.551,2.046,2.453,2.795,3.09,3.351,3.581,3.784,4.558
293.0,297.0,-0.062,-0.05,0.031,0.089,0.137,0.183,0.23,0.278,0.326,0.373,0.42,0.467,0.737,1.015,1.302,1.578,2.065,2.463,2.797,3.085,3.339,3.563,3.76,4.514
293.0,298.0,-0.06,-0.043,0.04,0.1,0.151,0.199,0.248,0.298,0.348,0.397,0.446,0.493,0.769,1.048,1.332,1.605,2.083,2.472,2.798,3.079,3.325,3.544,3.736,4.47
293.0,299.0,-0.041,-0.022,0.062,0.124,0.176,0.226,0.277,0.328,0.378,0.428,0.478,0.526,0.803,1.081,1.362,1.63,2.099,2.479,2.797,3.071,3.311,3.524,3.711,4.426
293.0,300.0,-0.01,0.012,0.096,0.158,0.211,0.262,0.313,0.364,0.415,0.466,0.515,0.564,0.84,1.115,1.392,1.655,2.113,2.485,2.795,3.062,3.297,3.504,3.686,4.382
293.0,301.0,0.032,0.054,0.138,0.2,0.253,0.304,0.355,0.406,0.457,0.507,0.556,0.605,0.879,1.15,1.421,1.679,2.127,2.49,2.792,3.053,3.281,3.483,3.661,4.34
293.0,302.0,0.081,0.104,0.186,0.247,0.3,0.351,0.401,0.452,0.502,0.552,0.6,0.648,0.918,1.184,1.449,1.702,2.14,2.494,2.789,3.043,3.266,3.463,3.636,4.297
293.0,303.0,0.135,0.158,0.239,0.299,0.351,0.401,0.45,0.5,0.55,0.598,0.646,0.693,0.957,1.218,1.477,1.724,2.151,2.497,2.785,3.032,3.25,3.442,3.611,4.256
293.0,304.0,0.194,0.217,0.295,0.354,0.405,0.453,0.502,0.55,0.599,0.646,0.693,0.739,0.997,1.251,1.505,1.745,2.162,2.499,2.78,3.022,3.234,3.421,3.586,4.215
293.0,305.0,0.256,0.277,0.354,0.411,0.461,0.508,0.555,0.602,0.649,0.695,0.741,0.785,1.037,1.284,1.531,1.766,2.172,2.501,2.775,3.011,3.218,3.4,3.561,4.175
294.0,295.0,0.078,0.102,0.174,0.225,0.269,0.314,0.36,0.407,0.452,0.496,0.539,0.581,0.834,1.121,1.42,1.702,2.183,2.575,2.908,3.2,3.461,3.693,3.898,4.649
294.0,296.0,0.063,0.091,0.167,0.222,0.27,0.319,0.368,0.418,0.466,0.513,0.558,0.602,0.865,1.154,1.452,1.73,2.203,2.585,2.909,3.194,3.448,3.673,3.873,4.604
294.0,297.0,0.069,0.101,0.179,0.236,0.287,0.338,0.389,0.44,0.491,0.539,0.586,0.631,0.899,1.189,1.483,1.757,2.22,2.593,2.909,3.187,3.434,3.653,3.847,4.559
294.0,298.0,0.092,0.126,0.205,0.263,0.315,0.367,0.42,0.472,0.523,0.573,0.62,0.666,0.936,1.224,1.514,1.783,2.235,2.599,2.908,3.178,3.418,3.632,3.821,4.514
294.0,299.0,0.127,0.162,0.241,0.3,0.353,0.405,0.459,0.511,0.562,0.612,0.66,0.706,0.975,1.259,1.544,1.807,2.249,2.605,2.905,3.169,3.403,3.611,3.795,4.47
294.0,300.0,0.172,0.208,0.286,0.344,0.397,0.45,0.502,0.555,0.606,0.655,0.702,0.748,1.014,1.293,1.573,1.83,2.262,2.609,2.902,3.158,3.386,3.589,3.769,4.426
294.0,301.0,0.223,0.259,0.336,0.394,0.446,0.498,0.55,0.602,0.652,0.701,0.747,0.792,1.054,1.328,1.601,1.853,2.274,2.612,2.897,3.148,3.37,3.568,3.742,4.383
294.0,302.0,0.28,0.315,0.391,0.447,0.499,0.549,0.601,0.651,0.7,0.748,0.794,0.838,1.094,1.362,1.628,1.874,2.285,2.614,2.893,3.136,3.353,3.546,3.716,4.341
294.0,303.0,0.34,0.375,0.448,0.503,0.553,0.603,0.653,0.702,0.75,0.796,0.841,0.884,1.134,1.395,1.655,1.894,2.295,2.616,2.887,3.125,3.336,3.524,3.69,4.299
294.0,304.0,0.402,0.436,0.507,0.561,0.609,0.657,0.706,0.754,0.8,0.845,0.888,0.93,1.173,1.427,1.68,1.913,2.304,2.617,2.881,3.113,3.319,3.502,3.664,4.258
294.0,305.0,0.466,0.498,0.567,0.619,0.666,0.712,0.759,0.805,0.85,0.894,0.936,0.976,1.211,1.458,1.704,1.931,2.312,2.617,2.875,3.101,3.302,3.481,3.639,4.218
294.0,306.0,0.53,0.561,0.628,0.678,0.723,0.767,0.812,0.857,0.9,0.942,0.983,1.022,1.249,1.489,1.728,1.949,2.32,2.617,2.869,3.089,3.285,3.46,3.614,4.178
295.0,296.0,0.082,0.063,0.149,0.219,0.277,0.327,0.371,0.41,0.447,0.483,0.518,0.554,0.808,1.109,1.41,1.686,2.155,2.542,2.872,3.159,3.409,3.627,3.817,4.57
295.0,297.0,0.071,0.056,0.145,0.217,0.278,0.331,0.379,0.422,0.462,0.5,0.538,0.577,0.839,1.142,1.441,1.712,2.172,2.55,2.873,3.153,3.396,3.608,3.793,4.526
295.0,298.0,0.078,0.068,0.157,0.231,0.294,0.349,0.398,0.443,0.486,0.526,0.566,0.607,0.874,1.176,1.471,1.737,2.188,2.558,2.873,3.145,3.382,3.589,3.769,4.482
295.0,299.0,0.1,0.092,0.182,0.256,0.32,0.376,0.427,0.474,0.517,0.559,0.6,0.642,0.911,1.211,1.5,1.762,2.203,2.564,2.871,3.137,3.368,3.569,3.744,4.438
295.0,300.0,0.133,0.127,0.216,0.291,0.355,0.412,0.463,0.51,0.555,0.597,0.639,0.68,0.95,1.245,1.53,1.786,2.217,2.569,2.869,3.128,3.353,3.549,3.72,4.396
295.0,301.0,0.175,0.17,0.258,0.332,0.396,0.453,0.504,0.552,0.596,0.639,0.68,0.722,0.989,1.28,1.559,1.809,2.23,2.574,2.866,3.119,3.338,3.529,3.695,4.353
295.0,302.0,0.223,0.219,0.306,0.379,0.442,0.498,0.549,0.596,0.64,0.683,0.724,0.765,1.029,1.314,1.587,1.832,2.242,2.578,2.863,3.109,3.323,3.509,3.671,4.312
295.0,303.0,0.276,0.273,0.357,0.429,0.491,0.547,0.597,0.643,0.687,0.729,0.769,0.81,1.069,1.348,1.614,1.853,2.254,2.581,2.859,3.099,3.307,3.489,3.646,4.271
295.0,304.0,0.332,0.329,0.412,0.482,0.543,0.597,0.647,0.692,0.735,0.775,0.815,0.855,1.108,1.381,1.641,1.874,2.265,2.584,2.854,3.088,3.292,3.469,3.622,4.231
295.0,305.0,0.39,0.388,0.469,0.537,0.596,0.649,0.697,0.741,0.783,0.823,0.862,0.901,1.148,1.413,1.667,1.894,2.275,2.586,2.85,3.078,3.276,3.449,3.598,4.192
295.0,306.0,0.45,0.448,0.526,0.593,0.65,0.702,0.748,0.791,0.832,0.871,0.908,0.946,1.186,1.445,1.692,1.913,2.284,2.587,2.845,3.067,3.26,3.429,3.575,4.154
295.0,307.0,0.511,0.508,0.585,0.649,0.705,0.755,0.8,0.841,0.88,0.918,0.955,0.991,1.224,1.475,1.716,1.932,2.293,2.589,2.84,3.056,3.245,3.409,3.551,4.116
296.0,297.0,0.028,0.036,0.103,0.149,0.19,0.229,0.27,0.31,0.35,0.389,0.428,0.467,0.716,0.992,1.275,1.545,2.022,2.42,2.76,3.056,3.316,3.545,3.745,4.496
296.0,298.0,0.004,0.018,0.089,0.139,0.184,0.228,0.271,0.315,0.358,0.4,0.442,0.483,0.741,1.021,1.303,1.571,2.04,2.429,2.761,3.049,3.302,3.525,3.72,4.451
296.0,299.0,0.002,0.02,0.094,0.147,0.194,0.24,0.287,0.332,0.377,0.421,0.464,0.507,0.771,1.051,1.331,1.595,2.056,2.436,2.76,3.041,3.288,3.505,3.694,4.405
296.0,300.0,0.017,0.038,0.113,0.168,0.217,0.265,0.312,0.359,0.405,0.45,0.494,0.538,0.804,1.083,1.359,1.619,2.07,2.442,2.758,3.032,3.272,3.483,3.668,4.36
296.0,301.0,0.046,0.068,0.144,0.199,0.249,0.297,0.346,0.393,0.439,0.485,0.529,0.573,0.839,1.115,1.387,1.642,2.083,2.447,2.754,3.022,3.256,3.462,3.642,4.316
296.0,302.0,0.084,0.108,0.183,0.239,0.288,0.337,0.385,0.433,0.479,0.524,0.569,0.612,0.876,1.148,1.415,1.664,2.095,2.45,2.75,3.011,3.239,3.44,3.615,4.272
296.0,303.0,0.131,0.155,0.229,0.284,0.333,0.382,0.429,0.476,0.522,0.567,0.611,0.654,0.913,1.18,1.442,1.685,2.107,2.453,2.745,2.999,3.222,3.417,3.588,4.228
296.0,304.0,0.183,0.207,0.279,0.334,0.382,0.43,0.477,0.523,0.568,0.612,0.655,0.697,0.951,1.212,1.468,1.706,2.117,2.454,2.74,2.988,3.205,3.395,3.562,4.186
296.0,305.0,0.239,0.263,0.334,0.387,0.434,0.48,0.526,0.571,0.615,0.658,0.7,0.742,0.99,1.244,1.494,1.726,2.127,2.456,2.734,2.976,3.187,3.373,3.535,4.144
296.0,306.0,0.299,0.322,0.39,0.442,0.488,0.533,0.577,0.621,0.664,0.705,0.746,0.787,1.028,1.276,1.518,1.745,2.135,2.456,2.728,2.963,3.17,3.351,3.509,4.103
296.0,307.0,0.361,0.382,0.449,0.499,0.543,0.586,0.629,0.672,0.713,0.753,0.793,0.832,1.066,1.306,1.543,1.763,2.144,2.456,2.721,2.951,3.152,3.329,3.483,4.062
296.0,308.0,0.423,0.444,0.508,0.556,0.599,0.64,0.682,0.722,0.762,0.801,0.839,0.877,1.103,1.336,1.566,1.78,2.151,2.456,2.714,2.938,3.135,3.307,3.458,4.023
297.0,298.0,-0.011,-0.003,0.073,0.129,0.174,0.213,0.25,0.286,0.322,0.358,0.394,0.43,0.669,0.946,1.23,1.497,1.962,2.343,2.665,2.944,3.191,3.411,3.606,4.339
297.0,299.0,-0.015,-0.004,0.074,0.132,0.18,0.222,0.262,0.301,0.339,0.377,0.415,0.453,0.699,0.977,1.257,1.521,1.977,2.35,2.664,2.936,3.177,3.391,3.581,4.295
297.0,300.0,-0.002,0.012,0.091,0.15,0.199,0.243,0.285,0.325,0.365,0.405,0.444,0.484,0.732,1.008,1.285,1.544,1.991,2.355,2.662,2.927,3.162,3.37,3.555,4.251
297.0,301.0,0.025,0.04,0.119,0.179,0.229,0.273,0.316,0.358,0.398,0.439,0.479,0.518,0.768,1.04,1.312,1.566,2.003,2.36,2.659,2.917,3.146,3.349,3.529,4.207
297.0,302.0,0.063,0.079,0.157,0.216,0.266,0.311,0.354,0.396,0.437,0.477,0.517,0.557,0.804,1.072,1.339,1.587,2.015,2.363,2.655,2.907,3.13,3.328,3.503,4.164
297.0,303.0,0.108,0.124,0.201,0.26,0.309,0.354,0.396,0.438,0.479,0.519,0.558,0.598,0.841,1.104,1.365,1.608,2.026,2.366,2.65,2.896,3.113,3.306,3.477,4.121
297.0,304.0,0.159,0.175,0.251,0.308,0.357,0.4,0.442,0.483,0.523,0.563,0.602,0.64,0.879,1.136,1.391,1.628,2.036,2.367,2.645,2.885,3.096,3.285,3.452,4.08
297.0,305.0,0.214,0.23,0.304,0.36,0.407,0.45,0.491,0.53,0.57,0.608,0.646,0.684,0.917,1.167,1.416,1.648,2.045,2.368,2.639,2.873,3.08,3.263,3.426,4.039
297.0,306.0,0.272,0.287,0.359,0.414,0.459,0.501,0.54,0.579,0.617,0.654,0.691,0.728,0.954,1.198,1.44,1.666,2.054,2.369,2.633,2.861,3.063,3.242,3.401,3.998
297.0,307.0,0.332,0.346,0.416,0.469,0.513,0.553,0.591,0.628,0.665,0.701,0.737,0.772,0.991,1.228,1.464,1.684,2.062,2.369,2.627,2.849,3.046,3.221,3.376,3.959
297.0,308.0,0.393,0.406,0.473,0.524,0.567,0.605,0.642,0.678,0.713,0.747,0.782,0.816,1.028,1.258,1.487,1.701,2.069,2.369,2.62,2.837,3.029,3.2,3.351,3.92
297.0,309.0,0.454,0.467,0.531,0.58,0.621,0.658,0.693,0.727,0.761,0.794,0.826,0.859,1.064,1.287,1.51,1.718,2.076,2.368,2.613,2.825,3.012,3.179,3.327,3.882
298.0,299.0,-0.028,-0.034,0.044,0.1,0.143,0.178,0.21,0.243,0.276,0.312,0.349,0.389,0.644,0.911,1.185,1.455,1.949,2.359,2.699,2.99,3.245,3.471,3.672,4.439
298.0,300.0,-0.056,-0.057,0.024,0.085,0.131,0.171,0.207,0.244,0.281,0.32,0.361,0.403,0.669,0.939,1.212,1.481,1.967,2.369,2.701,2.984,3.232,3.452,3.648,4.394
298.0,301.0,-0.061,-0.058,0.025,0.087,0.137,0.179,0.219,0.258,0.298,0.339,0.382,0.426,0.698,0.969,1.24,1.505,1.983,2.376,2.7,2.977,3.219,3.433,3.623,4.35
298.0,302.0,-0.049,-0.043,0.04,0.104,0.156,0.2,0.241,0.282,0.323,0.366,0.41,0.455,0.73,1.0,1.268,1.529,1.997,2.382,2.699,2.968,3.204,3.413,3.598,4.306
298.0,303.0,-0.024,-0.016,0.068,0.132,0.185,0.23,0.272,0.314,0.356,0.4,0.444,0.49,0.765,1.032,1.296,1.552,2.011,2.386,2.696,2.958,3.188,3.392,3.573,4.263
298.0,304.0,0.013,0.022,0.105,0.169,0.221,0.267,0.31,0.352,0.394,0.438,0.483,0.528,0.801,1.064,1.323,1.574,2.023,2.39,2.692,2.948,3.172,3.371,3.547,4.22
298.0,305.0,0.057,0.067,0.149,0.212,0.264,0.31,0.352,0.394,0.436,0.48,0.524,0.569,0.838,1.097,1.35,1.595,2.034,2.393,2.687,2.937,3.156,3.349,3.521,4.178
298.0,306.0,0.108,0.118,0.198,0.261,0.312,0.356,0.398,0.439,0.481,0.524,0.567,0.611,0.875,1.128,1.376,1.616,2.044,2.394,2.682,2.926,3.139,3.328,3.496,4.136
298.0,307.0,0.163,0.173,0.251,0.312,0.362,0.406,0.447,0.487,0.528,0.569,0.612,0.655,0.913,1.16,1.402,1.636,2.054,2.396,2.676,2.914,3.122,3.307,3.47,4.095
298.0,308.0,0.221,0.23,0.307,0.366,0.415,0.457,0.497,0.536,0.575,0.616,0.657,0.699,0.95,1.191,1.427,1.655,2.063,2.396,2.67,2.902,3.105,3.285,3.445,4.055
298.0,309.0,0.281,0.29,0.364,0.422,0.468,0.509,0.548,0.586,0.624,0.663,0.703,0.744,0.987,1.222,1.451,1.674,2.071,2.396,2.663,2.89,3.089,3.264,3.42,4.015
298.0,310.0,0.343,0.351,0.422,0.478,0.523,0.563,0.599,0.636,0.673,0.71,0.749,0.788,1.024,1.251,1.475,1.691,2.079,2.396,2.657,2.878,3.072,3.243,3.395,3.976
299.0,300.0,-0.047,-0.081,-0.011,0.038,0.072,0.096,0.114,0.131,0.147,0.165,0.184,0.206,0.397,0.657,0.937,1.208,1.692,2.102,2.45,2.749,3.009,3.235,3.433,4.219
299.0,301.0,-0.119,-0.145,-0.07,-0.016,0.024,0.055,0.08,0.103,0.126,0.149,0.174,0.202,0.413,0.681,0.961,1.23,1.707,2.109,2.451,2.743,2.996,3.217,3.41,4.175
299.0,302.0,-0.16,-0.18,-0.101,-0.043,0.001,0.037,0.067,0.095,0.122,0.15,0.179,0.21,0.435,0.706,0.986,1.251,1.721,2.115,2.449,2.735,2.982,3.198,3.386,4.131
299.0,303.0,-0.175,-0.191,-0.11,-0.05,-0.002,0.036,0.07,0.101,0.131,0.162,0.194,0.227,0.461,0.734,1.01,1.272,1.733,2.12,2.447,2.726,2.967,3.177,3.36,4.087
299.0,304.0,-0.172,-0.184,-0.103,-0.04,0.009,0.049,0.085,0.118,0.15,0.183,0.216,0.251,0.49,0.762,1.035,1.292,1.744,2.123,2.442,2.715,2.951,3.156,3.334,4.043
299.0,305.0,-0.153,-0.163,-0.082,-0.019,0.031,0.072,0.109,0.143,0.177,0.211,0.245,0.281,0.522,0.791,1.06,1.312,1.755,2.125,2.437,2.704,2.934,3.134,3.308,3.999
299.0,306.0,-0.123,-0.132,-0.051,0.012,0.062,0.104,0.141,0.176,0.21,0.244,0.279,0.315,0.555,0.82,1.084,1.331,1.764,2.126,2.431,2.692,2.916,3.111,3.281,3.956
299.0,307.0,-0.085,-0.092,-0.013,0.049,0.099,0.141,0.178,0.213,0.247,0.281,0.316,0.352,0.589,0.85,1.108,1.35,1.773,2.127,2.425,2.679,2.898,3.089,3.255,3.913
299.0,308.0,-0.04,-0.047,0.031,0.092,0.141,0.182,0.219,0.253,0.287,0.321,0.355,0.39,0.623,0.879,1.131,1.367,1.781,2.127,2.418,2.666,2.88,3.066,3.228,3.871
299.0,309.0,0.009,0.003,0.079,0.139,0.187,0.227,0.263,0.296,0.329,0.362,0.396,0.43,0.658,0.907,1.154,1.385,1.789,2.126,2.411,2.653,2.862,3.044,3.202,3.829
299.0,310.0,0.062,0.056,0.13,0.188,0.234,0.274,0.308,0.341,0.373,0.405,0.438,0.471,0.693,0.936,1.176,1.402,1.796,2.125,2.403,2.64,2.844,3.021,3.176,3.788
299.0,311.0,0.118,0.111,0.183,0.239,0.284,0.322,0.355,0.387,0.418,0.448,0.48,0.512,0.727,0.964,1.198,1.418,1.803,2.124,2.395,2.626,2.826,2.999,3.15,3.748
300.0,301.0,-0.029,0.005,0.086,0.144,0.195,0.247,0.301,0.356,0.409,0.462,0.512,0.561,0.851,1.161,1.478,1.776,2.287,2.702,3.053,3.359,3.629,3.868,4.079,4.85
300.0,302.0,-0.032,0.007,0.091,0.151,0.206,0.261,0.317,0.374,0.43,0.484,0.537,0.588,0.884,1.195,1.51,1.805,2.307,2.713,3.056,3.355,3.619,3.852,4.058,4.811
300.0,303.0,-0.016,0.025,0.111,0.173,0.229,0.286,0.344,0.402,0.46,0.515,0.568,0.62,0.919,1.23,1.542,1.832,2.325,2.722,3.058,3.35,3.608,3.836,4.037,4.772
300.0,304.0,0.013,0.056,0.142,0.206,0.263,0.32,0.379,0.438,0.496,0.552,0.606,0.658,0.957,1.265,1.573,1.858,2.341,2.73,3.058,3.344,3.595,3.818,4.014,4.732
300.0,305.0,0.053,0.097,0.183,0.246,0.304,0.361,0.42,0.479,0.537,0.593,0.646,0.698,0.996,1.3,1.603,1.883,2.356,2.737,3.057,3.336,3.582,3.8,3.992,4.693
300.0,306.0,0.101,0.144,0.229,0.293,0.35,0.407,0.466,0.524,0.581,0.637,0.69,0.741,1.035,1.335,1.632,1.906,2.369,2.742,3.056,3.328,3.569,3.781,3.969,4.654
300.0,307.0,0.154,0.197,0.281,0.343,0.4,0.457,0.514,0.572,0.628,0.683,0.735,0.786,1.075,1.369,1.66,1.929,2.382,2.746,3.053,3.319,3.554,3.762,3.945,4.615
300.0,308.0,0.211,0.253,0.336,0.397,0.452,0.508,0.565,0.621,0.676,0.73,0.781,0.831,1.115,1.403,1.687,1.95,2.394,2.75,3.05,3.31,3.54,3.743,3.922,4.577
300.0,309.0,0.27,0.312,0.392,0.452,0.506,0.561,0.616,0.671,0.725,0.778,0.828,0.877,1.154,1.436,1.714,1.971,2.404,2.753,3.046,3.301,3.525,3.724,3.899,4.539
300.0,310.0,0.331,0.372,0.45,0.509,0.561,0.614,0.668,0.722,0.775,0.826,0.875,0.922,1.192,1.467,1.739,1.991,2.414,2.755,3.041,3.291,3.51,3.705,3.876,4.502
300.0,311.0,0.393,0.433,0.509,0.565,0.617,0.668,0.721,0.773,0.824,0.873,0.921,0.967,1.23,1.499,1.764,2.009,2.423,2.756,3.037,3.28,3.495,3.685,3.853,4.465
300.0,312.0,0.456,0.494,0.568,0.622,0.672,0.722,0.772,0.823,0.873,0.921,0.967,1.012,1.268,1.529,1.788,2.027,2.432,2.758,3.032,3.27,3.48,3.666,3.83,4.429
301.0,302.0,-0.053,-0.066,-0.002,0.038,0.07,0.102,0.135,0.169,0.204,0.239,0.274,0.31,0.543,0.823,1.123,1.415,1.933,2.368,2.741,3.069,3.357,3.609,3.827,4.66
301.0,303.0,-0.129,-0.133,-0.061,-0.014,0.025,0.063,0.102,0.142,0.182,0.223,0.262,0.302,0.554,0.843,1.147,1.439,1.953,2.38,2.747,3.068,3.35,3.597,3.81,4.623
301.0,304.0,-0.175,-0.172,-0.095,-0.042,0.002,0.045,0.088,0.133,0.177,0.22,0.263,0.306,0.571,0.867,1.172,1.463,1.97,2.391,2.751,3.065,3.341,3.583,3.791,4.585
301.0,305.0,-0.197,-0.188,-0.108,-0.052,-0.004,0.043,0.089,0.137,0.183,0.229,0.275,0.32,0.593,0.892,1.196,1.485,1.985,2.399,2.752,3.06,3.331,3.567,3.771,4.547
301.0,306.0,-0.199,-0.187,-0.104,-0.046,0.004,0.053,0.102,0.151,0.2,0.247,0.294,0.34,0.619,0.918,1.221,1.506,1.999,2.405,2.752,3.054,3.319,3.55,3.749,4.509
301.0,307.0,-0.187,-0.172,-0.088,-0.028,0.024,0.074,0.124,0.174,0.223,0.272,0.32,0.367,0.647,0.946,1.245,1.527,2.012,2.41,2.75,3.046,3.306,3.532,3.727,4.471
301.0,308.0,-0.163,-0.146,-0.062,-0.002,0.051,0.102,0.152,0.203,0.253,0.302,0.35,0.397,0.678,0.974,1.269,1.546,2.023,2.414,2.747,3.038,3.292,3.513,3.705,4.432
301.0,309.0,-0.131,-0.112,-0.029,0.032,0.085,0.136,0.186,0.237,0.287,0.336,0.384,0.431,0.709,1.002,1.293,1.565,2.033,2.417,2.744,3.028,3.277,3.494,3.682,4.394
301.0,310.0,-0.091,-0.072,0.011,0.071,0.123,0.174,0.224,0.275,0.324,0.373,0.42,0.466,0.742,1.03,1.316,1.584,2.043,2.419,2.739,3.018,3.262,3.475,3.658,4.356
301.0,311.0,-0.046,-0.027,0.054,0.114,0.165,0.215,0.265,0.315,0.364,0.411,0.458,0.504,0.775,1.058,1.339,1.602,2.052,2.421,2.735,3.008,3.247,3.455,3.635,4.319
301.0,312.0,0.003,0.021,0.101,0.16,0.21,0.259,0.308,0.357,0.405,0.452,0.497,0.542,0.808,1.086,1.362,1.619,2.06,2.422,2.729,2.997,3.231,3.436,3.612,4.282
301.0,313.0,0.054,0.072,0.15,0.207,0.257,0.305,0.352,0.4,0.447,0.493,0.537,0.581,0.842,1.113,1.383,1.635,2.068,2.422,2.723,2.986,3.216,3.416,3.588,4.246
302.0,303.0,-0.038,-0.02,0.029,0.056,0.082,0.111,0.145,0.18,0.216,0.251,0.285,0.318,0.53,0.803,1.109,1.41,1.936,2.371,2.744,3.074,3.369,3.632,3.864,4.683
302.0,304.0,-0.131,-0.103,-0.045,-0.009,0.024,0.062,0.103,0.145,0.187,0.228,0.267,0.305,0.542,0.827,1.138,1.438,1.959,2.386,2.752,3.074,3.362,3.618,3.845,4.645
302.0,305.0,-0.186,-0.152,-0.087,-0.045,-0.006,0.037,0.083,0.131,0.177,0.222,0.265,0.307,0.56,0.853,1.166,1.465,1.979,2.398,2.756,3.071,3.352,3.603,3.825,4.606
302.0,306.0,-0.213,-0.174,-0.105,-0.059,-0.015,0.032,0.082,0.132,0.182,0.23,0.276,0.32,0.584,0.881,1.193,1.49,1.996,2.407,2.757,3.066,3.341,3.586,3.802,4.566
302.0,307.0,-0.218,-0.175,-0.104,-0.055,-0.008,0.041,0.093,0.146,0.197,0.247,0.295,0.341,0.611,0.909,1.22,1.513,2.011,2.414,2.757,3.059,3.328,3.567,3.779,4.526
302.0,308.0,-0.207,-0.161,-0.089,-0.038,0.011,0.062,0.115,0.169,0.222,0.272,0.321,0.368,0.641,0.939,1.246,1.535,2.024,2.419,2.755,3.05,3.314,3.548,3.755,4.485
302.0,309.0,-0.182,-0.136,-0.063,-0.01,0.039,0.091,0.145,0.199,0.252,0.303,0.352,0.399,0.673,0.968,1.271,1.555,2.036,2.423,2.752,3.041,3.299,3.528,3.731,4.445
302.0,310.0,-0.148,-0.101,-0.028,0.024,0.074,0.126,0.18,0.234,0.287,0.338,0.387,0.434,0.705,0.997,1.296,1.575,2.046,2.426,2.748,3.031,3.283,3.508,3.706,4.406
302.0,311.0,-0.107,-0.06,0.013,0.065,0.114,0.165,0.219,0.273,0.325,0.376,0.424,0.47,0.739,1.026,1.32,1.594,2.056,2.428,2.743,3.02,3.267,3.487,3.681,4.366
302.0,312.0,-0.06,-0.014,0.058,0.109,0.158,0.208,0.261,0.314,0.366,0.415,0.463,0.509,0.773,1.055,1.343,1.611,2.064,2.429,2.738,3.009,3.251,3.466,3.656,4.327
302.0,313.0,-0.01,0.036,0.106,0.156,0.204,0.253,0.305,0.357,0.408,0.456,0.503,0.548,0.807,1.083,1.365,1.629,2.072,2.429,2.732,2.997,3.234,3.445,3.632,4.289
302.0,314.0,0.043,0.088,0.156,0.205,0.251,0.3,0.35,0.401,0.451,0.498,0.544,0.588,0.841,1.111,1.387,1.645,2.079,2.429,2.725,2.986,3.218,3.424,3.607,4.251
303.0,304.0,0.013,0.021,0.09,0.133,0.17,0.208,0.25,0.293,0.337,0.38,0.422,0.462,0.708,1.002,1.321,1.627,2.157,2.595,2.968,3.293,3.577,3.826,4.042,4.849
303.0,305.0,-0.044,-0.028,0.047,0.097,0.139,0.183,0.23,0.279,0.327,0.375,0.42,0.464,0.727,1.029,1.349,1.653,2.177,2.608,2.975,3.293,3.572,3.815,4.027,4.815
303.0,306.0,-0.073,-0.052,0.027,0.082,0.129,0.177,0.228,0.28,0.331,0.382,0.43,0.477,0.751,1.057,1.377,1.679,2.196,2.619,2.979,3.292,3.565,3.803,4.01,4.781
303.0,307.0,-0.081,-0.055,0.026,0.084,0.134,0.185,0.238,0.292,0.346,0.399,0.449,0.498,0.779,1.086,1.404,1.703,2.212,2.629,2.982,3.288,3.556,3.789,3.992,4.747
303.0,308.0,-0.072,-0.044,0.039,0.099,0.151,0.203,0.258,0.314,0.369,0.423,0.474,0.524,0.809,1.116,1.431,1.726,2.227,2.636,2.983,3.283,3.545,3.774,3.973,4.712
303.0,309.0,-0.051,-0.021,0.063,0.124,0.177,0.231,0.286,0.343,0.399,0.453,0.505,0.555,0.841,1.146,1.458,1.748,2.241,2.642,2.982,3.277,3.534,3.758,3.953,4.677
303.0,310.0,-0.019,0.012,0.096,0.156,0.21,0.264,0.32,0.377,0.433,0.487,0.539,0.589,0.874,1.176,1.483,1.769,2.253,2.647,2.981,3.27,3.522,3.742,3.932,4.642
303.0,311.0,0.019,0.051,0.134,0.195,0.248,0.302,0.358,0.414,0.47,0.524,0.576,0.625,0.908,1.206,1.508,1.789,2.265,2.652,2.979,3.262,3.509,3.725,3.912,4.607
303.0,312.0,0.063,0.095,0.177,0.237,0.29,0.344,0.399,0.455,0.51,0.563,0.614,0.663,0.942,1.236,1.533,1.809,2.276,2.655,2.976,3.254,3.496,3.707,3.891,4.573
303.0,313.0,0.111,0.143,0.224,0.283,0.335,0.388,0.442,0.497,0.551,0.604,0.654,0.702,0.977,1.265,1.557,1.827,2.285,2.658,2.972,3.245,3.483,3.69,3.87,4.539
303.0,314.0,0.162,0.193,0.273,0.33,0.382,0.433,0.487,0.54,0.594,0.645,0.694,0.742,1.011,1.294,1.58,1.845,2.295,2.66,2.969,3.236,3.469,3.672,3.849,4.505
303.0,315.0,0.215,0.245,0.323,0.379,0.429,0.48,0.532,0.585,0.637,0.687,0.735,0.782,1.045,1.322,1.602,1.862,2.303,2.661,2.964,3.227,3.455,3.655,3.828,4.472
304.0,305.0,0.052,0.04,0.12,0.176,0.218,0.252,0.283,0.312,0.342,0.373,0.406,0.44,0.675,0.957,1.254,1.541,2.051,2.475,2.83,3.132,3.395,3.625,3.827,4.613
304.0,306.0,0.003,-0.003,0.081,0.141,0.188,0.228,0.263,0.298,0.333,0.369,0.406,0.444,0.695,0.982,1.279,1.563,2.066,2.482,2.831,3.127,3.384,3.609,3.806,4.574
304.0,307.0,-0.022,-0.023,0.062,0.126,0.177,0.22,0.26,0.298,0.337,0.377,0.417,0.457,0.719,1.008,1.303,1.584,2.079,2.489,2.83,3.12,3.371,3.591,3.784,4.534
304.0,308.0,-0.028,-0.026,0.061,0.127,0.18,0.225,0.268,0.309,0.351,0.392,0.435,0.478,0.746,1.036,1.327,1.604,2.091,2.493,2.828,3.112,3.358,3.573,3.762,4.495
304.0,309.0,-0.02,-0.015,0.072,0.14,0.194,0.241,0.285,0.329,0.372,0.415,0.459,0.503,0.775,1.063,1.352,1.624,2.103,2.497,2.825,3.103,3.344,3.554,3.739,4.455
304.0,310.0,-0.0,0.006,0.094,0.162,0.217,0.265,0.31,0.354,0.399,0.443,0.487,0.532,0.806,1.091,1.375,1.643,2.113,2.5,2.821,3.094,3.329,3.535,3.715,4.416
304.0,311.0,0.028,0.036,0.123,0.191,0.246,0.295,0.341,0.385,0.43,0.475,0.519,0.564,0.837,1.119,1.399,1.662,2.123,2.502,2.816,3.083,3.314,3.515,3.692,4.378
304.0,312.0,0.064,0.072,0.158,0.226,0.281,0.329,0.375,0.42,0.464,0.509,0.554,0.599,0.869,1.147,1.422,1.68,2.132,2.503,2.811,3.073,3.298,3.495,3.668,4.339
304.0,313.0,0.104,0.113,0.198,0.264,0.319,0.367,0.413,0.457,0.501,0.546,0.59,0.634,0.901,1.174,1.444,1.697,2.14,2.504,2.806,3.061,3.282,3.475,3.644,4.302
304.0,314.0,0.148,0.157,0.241,0.306,0.36,0.408,0.452,0.496,0.54,0.584,0.627,0.671,0.934,1.202,1.466,1.714,2.148,2.504,2.8,3.05,3.266,3.455,3.621,4.264
304.0,315.0,0.195,0.204,0.286,0.35,0.403,0.45,0.494,0.537,0.579,0.622,0.665,0.708,0.966,1.228,1.487,1.73,2.155,2.504,2.793,3.039,3.25,3.435,3.598,4.228
304.0,316.0,0.244,0.253,0.333,0.396,0.447,0.493,0.536,0.578,0.62,0.662,0.703,0.745,0.997,1.254,1.507,1.746,2.161,2.503,2.787,3.027,3.234,3.415,3.574,4.191
305.0,306.0,0.076,0.056,0.126,0.173,0.205,0.229,0.249,0.267,0.286,0.306,0.327,0.35,0.534,0.791,1.074,1.347,1.822,2.213,2.545,2.832,3.082,3.301,3.491,4.222
305.0,307.0,0.023,0.009,0.082,0.134,0.171,0.2,0.226,0.25,0.274,0.298,0.324,0.352,0.553,0.814,1.096,1.366,1.832,2.215,2.54,2.82,3.065,3.279,3.465,4.179
305.0,308.0,-0.004,-0.013,0.063,0.117,0.158,0.191,0.22,0.247,0.275,0.303,0.332,0.362,0.575,0.838,1.117,1.382,1.84,2.215,2.533,2.807,3.046,3.256,3.438,4.136
305.0,309.0,-0.01,-0.016,0.061,0.117,0.16,0.195,0.226,0.256,0.286,0.317,0.348,0.38,0.598,0.861,1.137,1.398,1.847,2.214,2.525,2.793,3.027,3.232,3.411,4.094
305.0,310.0,-0.001,-0.005,0.072,0.129,0.173,0.209,0.242,0.274,0.305,0.337,0.369,0.402,0.623,0.884,1.156,1.412,1.853,2.212,2.516,2.779,3.008,3.208,3.383,4.051
305.0,311.0,0.019,0.016,0.094,0.15,0.195,0.232,0.265,0.297,0.329,0.362,0.394,0.428,0.649,0.907,1.174,1.426,1.857,2.209,2.507,2.764,2.988,3.184,3.355,4.01
305.0,312.0,0.048,0.045,0.122,0.178,0.222,0.259,0.293,0.325,0.357,0.39,0.422,0.456,0.676,0.929,1.192,1.438,1.861,2.206,2.497,2.749,2.968,3.16,3.328,3.968
305.0,313.0,0.082,0.08,0.155,0.211,0.254,0.291,0.324,0.356,0.388,0.42,0.452,0.486,0.702,0.951,1.208,1.45,1.864,2.202,2.487,2.734,2.949,3.136,3.3,3.928
305.0,314.0,0.12,0.118,0.192,0.246,0.289,0.325,0.358,0.389,0.42,0.452,0.484,0.516,0.728,0.973,1.224,1.461,1.867,2.197,2.477,2.718,2.929,3.113,3.273,3.888
305.0,315.0,0.161,0.159,0.231,0.284,0.326,0.361,0.393,0.423,0.454,0.485,0.516,0.547,0.755,0.993,1.24,1.472,1.869,2.193,2.466,2.703,2.909,3.089,3.246,3.848
305.0,316.0,0.204,0.201,0.272,0.323,0.364,0.398,0.429,0.459,0.488,0.518,0.548,0.579,0.78,1.014,1.255,1.482,1.871,2.188,2.456,2.688,2.89,3.066,3.22,3.809
305.0,317.0,0.247,0.245,0.313,0.364,0.403,0.436,0.465,0.494,0.522,0.551,0.58,0.61,0.806,1.033,1.269,1.491,1.872,2.183,2.445,2.672,2.87,3.043,3.194,3.771
306.0,307.0,0.114,0.107,0.134,0.142,0.149,0.159,0.174,0.192,0.211,0.229,0.248,0.267,0.402,0.6,0.838,1.079,1.514,1.88,2.194,2.471,2.716,2.933,3.125,3.816
306.0,308.0,0.055,0.055,0.088,0.102,0.114,0.13,0.15,0.172,0.195,0.218,0.24,0.262,0.413,0.618,0.858,1.098,1.527,1.886,2.194,2.464,2.703,2.916,3.103,3.776
306.0,309.0,0.022,0.027,0.064,0.082,0.099,0.119,0.142,0.167,0.193,0.219,0.243,0.268,0.429,0.638,0.878,1.115,1.538,1.89,2.191,2.455,2.689,2.896,3.079,3.737
306.0,310.0,0.01,0.018,0.058,0.079,0.098,0.12,0.146,0.174,0.201,0.229,0.255,0.281,0.448,0.66,0.898,1.132,1.548,1.893,2.187,2.445,2.674,2.876,3.055,3.697
306.0,311.0,0.013,0.023,0.065,0.088,0.109,0.133,0.16,0.189,0.218,0.246,0.273,0.3,0.471,0.682,0.917,1.149,1.557,1.894,2.182,2.435,2.658,2.856,3.03,3.657
306.0,312.0,0.028,0.04,0.082,0.107,0.128,0.153,0.181,0.211,0.24,0.269,0.297,0.324,0.495,0.705,0.937,1.164,1.564,1.895,2.176,2.423,2.641,2.835,3.005,3.618
306.0,313.0,0.053,0.065,0.108,0.132,0.155,0.18,0.208,0.237,0.267,0.296,0.324,0.351,0.521,0.728,0.956,1.179,1.571,1.894,2.17,2.411,2.624,2.813,2.98,3.579
306.0,314.0,0.084,0.097,0.139,0.164,0.186,0.211,0.239,0.268,0.297,0.326,0.353,0.38,0.548,0.751,0.974,1.193,1.576,1.893,2.162,2.398,2.607,2.792,2.954,3.541
306.0,315.0,0.122,0.134,0.175,0.2,0.221,0.246,0.273,0.302,0.33,0.358,0.385,0.412,0.576,0.774,0.993,1.206,1.581,1.891,2.155,2.385,2.589,2.77,2.929,3.503
306.0,316.0,0.163,0.175,0.215,0.238,0.259,0.283,0.309,0.337,0.365,0.392,0.418,0.444,0.603,0.797,1.011,1.219,1.586,1.889,2.147,2.372,2.572,2.749,2.904,3.465
306.0,317.0,0.207,0.218,0.257,0.279,0.299,0.322,0.347,0.374,0.401,0.427,0.452,0.477,0.631,0.82,1.028,1.232,1.59,1.886,2.138,2.359,2.554,2.728,2.88,3.428
306.0,318.0,0.253,0.264,0.3,0.321,0.34,0.362,0.386,0.412,0.437,0.462,0.487,0.51,0.659,0.842,1.045,1.244,1.594,1.883,2.13,2.346,2.537,2.706,2.855,3.392
307.0,308.0,0.095,0.098,0.117,0.119,0.122,0.13,0.139,0.15,0.161,0.171,0.18,0.19,0.289,0.478,0.717,0.959,1.392,1.756,2.076,2.363,2.622,2.853,3.058,3.748
307.0,309.0,0.003,0.015,0.041,0.051,0.062,0.076,0.093,0.111,0.127,0.143,0.158,0.173,0.295,0.497,0.74,0.982,1.409,1.765,2.077,2.357,2.609,2.834,3.033,3.705
307.0,310.0,-0.054,-0.037,-0.005,0.012,0.028,0.047,0.069,0.091,0.112,0.132,0.151,0.17,0.309,0.518,0.763,1.003,1.423,1.772,2.076,2.348,2.594,2.813,3.007,3.662
307.0,311.0,-0.084,-0.062,-0.027,-0.006,0.014,0.037,0.062,0.087,0.111,0.134,0.156,0.177,0.327,0.54,0.785,1.023,1.435,1.776,2.072,2.338,2.577,2.791,2.981,3.619
307.0,312.0,-0.093,-0.069,-0.031,-0.008,0.015,0.04,0.068,0.095,0.121,0.145,0.169,0.192,0.348,0.563,0.806,1.04,1.444,1.778,2.067,2.327,2.56,2.769,2.954,3.576
307.0,313.0,-0.086,-0.06,-0.021,0.004,0.028,0.055,0.083,0.112,0.139,0.164,0.189,0.213,0.372,0.587,0.826,1.057,1.453,1.778,2.061,2.314,2.542,2.746,2.926,3.533
307.0,314.0,-0.067,-0.04,-0.0,0.025,0.05,0.077,0.106,0.135,0.163,0.189,0.214,0.238,0.399,0.611,0.847,1.073,1.46,1.778,2.054,2.301,2.523,2.722,2.898,3.491
307.0,315.0,-0.039,-0.012,0.028,0.054,0.079,0.106,0.135,0.164,0.191,0.218,0.242,0.267,0.426,0.635,0.866,1.087,1.466,1.777,2.046,2.288,2.505,2.699,2.871,3.45
307.0,316.0,-0.004,0.023,0.062,0.087,0.112,0.139,0.168,0.196,0.223,0.249,0.274,0.298,0.454,0.659,0.885,1.101,1.471,1.775,2.038,2.274,2.486,2.675,2.843,3.409
307.0,317.0,0.036,0.063,0.101,0.125,0.149,0.176,0.204,0.231,0.258,0.283,0.307,0.33,0.483,0.682,0.903,1.115,1.476,1.772,2.03,2.26,2.467,2.652,2.816,3.368
307.0,318.0,0.08,0.105,0.142,0.166,0.189,0.215,0.241,0.268,0.294,0.318,0.341,0.363,0.511,0.706,0.921,1.127,1.48,1.77,2.021,2.246,2.448,2.629,2.789,3.328
307.0,319.0,0.126,0.15,0.186,0.208,0.23,0.255,0.281,0.306,0.331,0.354,0.376,0.398,0.54,0.729,0.938,1.139,1.484,1.766,2.012,2.231,2.429,2.606,2.762,3.289
308.0,309.0,0.153,0.13,0.159,0.173,0.177,0.175,0.171,0.167,0.164,0.163,0.165,0.17,0.264,0.429,0.618,0.81,1.168,1.48,1.751,1.99,2.202,2.39,2.557,3.159
308.0,310.0,0.12,0.101,0.133,0.15,0.157,0.16,0.159,0.159,0.159,0.162,0.167,0.175,0.279,0.446,0.635,0.825,1.177,1.483,1.748,1.981,2.187,2.37,2.532,3.118
308.0,311.0,0.106,0.09,0.124,0.143,0.153,0.158,0.16,0.162,0.165,0.17,0.177,0.187,0.297,0.465,0.653,0.84,1.185,1.485,1.743,1.97,2.171,2.349,2.507,3.078
308.0,312.0,0.108,0.094,0.128,0.149,0.16,0.167,0.171,0.175,0.18,0.186,0.194,0.205,0.319,0.486,0.671,0.854,1.193,1.485,1.738,1.959,2.154,2.328,2.482,3.037
308.0,313.0,0.121,0.108,0.143,0.164,0.177,0.184,0.19,0.194,0.2,0.207,0.216,0.228,0.342,0.507,0.689,0.869,1.2,1.485,1.731,1.947,2.137,2.307,2.456,2.998
308.0,314.0,0.144,0.132,0.166,0.188,0.2,0.208,0.214,0.219,0.225,0.233,0.242,0.254,0.367,0.529,0.707,0.883,1.206,1.484,1.724,1.934,2.12,2.285,2.431,2.958
308.0,315.0,0.174,0.162,0.196,0.217,0.229,0.237,0.243,0.248,0.254,0.262,0.271,0.282,0.393,0.551,0.725,0.896,1.211,1.483,1.717,1.922,2.103,2.264,2.406,2.92
308.0,316.0,0.209,0.198,0.23,0.25,0.262,0.27,0.275,0.28,0.286,0.293,0.302,0.313,0.42,0.574,0.742,0.91,1.217,1.481,1.709,1.909,2.085,2.242,2.381,2.882
308.0,317.0,0.249,0.237,0.268,0.287,0.298,0.305,0.31,0.314,0.319,0.326,0.334,0.344,0.447,0.596,0.76,0.923,1.222,1.479,1.702,1.896,2.068,2.221,2.356,2.845
308.0,318.0,0.291,0.279,0.309,0.327,0.337,0.343,0.346,0.35,0.354,0.36,0.367,0.377,0.475,0.618,0.777,0.935,1.226,1.477,1.694,1.883,2.051,2.2,2.332,2.809
308.0,319.0,0.335,0.323,0.351,0.368,0.377,0.381,0.384,0.387,0.39,0.395,0.401,0.41,0.502,0.641,0.795,0.948,1.23,1.474,1.686,1.87,2.034,2.18,2.308,2.773
308.0,320.0,0.381,0.368,0.395,0.41,0.417,0.421,0.423,0.424,0.426,0.43,0.435,0.443,0.529,0.662,0.811,0.96,1.234,1.472,1.677,1.858,2.017,2.159,2.285,2.738
309.0,310.0,0.157,0.125,0.14,0.136,0.127,0.12,0.116,0.117,0.12,0.126,0.133,0.141,0.216,0.352,0.537,0.74,1.132,1.473,1.768,2.027,2.255,2.456,2.632,3.275
309.0,311.0,0.091,0.066,0.086,0.088,0.085,0.083,0.085,0.09,0.098,0.108,0.119,0.13,0.221,0.366,0.554,0.757,1.143,1.478,1.766,2.019,2.241,2.437,2.608,3.234
309.0,312.0,0.051,0.031,0.055,0.062,0.062,0.065,0.07,0.079,0.09,0.102,0.116,0.13,0.233,0.383,0.572,0.773,1.153,1.481,1.763,2.009,2.226,2.417,2.584,3.194
309.0,313.0,0.031,0.015,0.042,0.051,0.055,0.06,0.068,0.079,0.092,0.107,0.122,0.138,0.248,0.401,0.589,0.788,1.161,1.482,1.758,1.998,2.21,2.396,2.559,3.153
309.0,314.0,0.027,0.014,0.042,0.053,0.059,0.066,0.076,0.089,0.103,0.119,0.136,0.153,0.267,0.421,0.607,0.803,1.169,1.483,1.752,1.987,2.193,2.375,2.533,3.113
309.0,315.0,0.036,0.024,0.054,0.066,0.073,0.081,0.092,0.106,0.121,0.138,0.155,0.172,0.289,0.442,0.626,0.818,1.176,1.483,1.746,1.975,2.176,2.354,2.508,3.074
309.0,316.0,0.054,0.044,0.074,0.087,0.094,0.103,0.114,0.128,0.144,0.161,0.178,0.196,0.312,0.463,0.644,0.832,1.182,1.482,1.739,1.962,2.159,2.332,2.483,3.035
309.0,317.0,0.081,0.071,0.101,0.113,0.121,0.13,0.141,0.155,0.171,0.187,0.205,0.222,0.337,0.485,0.661,0.845,1.188,1.48,1.731,1.95,2.142,2.31,2.458,2.997
309.0,318.0,0.113,0.104,0.133,0.145,0.153,0.161,0.172,0.186,0.201,0.217,0.234,0.251,0.362,0.507,0.679,0.859,1.193,1.478,1.723,1.937,2.124,2.289,2.433,2.959
309.0,319.0,0.151,0.141,0.168,0.18,0.187,0.195,0.206,0.218,0.233,0.248,0.264,0.281,0.388,0.529,0.696,0.871,1.197,1.476,1.715,1.924,2.107,2.268,2.408,2.922
309.0,320.0,0.191,0.181,0.207,0.218,0.224,0.231,0.241,0.253,0.267,0.281,0.296,0.312,0.415,0.551,0.714,0.884,1.202,1.474,1.707,1.911,2.089,2.246,2.384,2.885
309.0,321.0,0.234,0.224,0.248,0.258,0.263,0.269,0.278,0.289,0.302,0.315,0.329,0.344,0.442,0.573,0.73,0.896,1.206,1.471,1.699,1.897,2.072,2.225,2.359,2.85
310.0,311.0,0.141,0.095,0.1,0.087,0.07,0.056,0.046,0.04,0.036,0.035,0.035,0.037,0.088,0.226,0.423,0.641,1.064,1.438,1.765,2.053,2.307,2.531,2.728,3.442
310.0,312.0,0.018,-0.017,-0.003,-0.007,-0.015,-0.02,-0.022,-0.02,-0.016,-0.011,-0.005,0.003,0.082,0.235,0.439,0.659,1.079,1.446,1.766,2.047,2.295,2.513,2.704,3.399
310.0,313.0,-0.068,-0.094,-0.073,-0.07,-0.071,-0.07,-0.066,-0.058,-0.049,-0.038,-0.027,-0.015,0.085,0.248,0.456,0.676,1.091,1.452,1.765,2.039,2.281,2.494,2.68,3.356
310.0,314.0,-0.124,-0.144,-0.118,-0.109,-0.105,-0.099,-0.09,-0.079,-0.065,-0.051,-0.036,-0.021,0.093,0.264,0.473,0.692,1.101,1.455,1.762,2.03,2.265,2.473,2.654,3.312
310.0,315.0,-0.156,-0.171,-0.141,-0.129,-0.121,-0.112,-0.1,-0.085,-0.069,-0.052,-0.035,-0.017,0.107,0.282,0.491,0.708,1.111,1.457,1.757,2.019,2.249,2.451,2.627,3.269
310.0,316.0,-0.168,-0.18,-0.149,-0.134,-0.123,-0.111,-0.097,-0.08,-0.062,-0.043,-0.025,-0.005,0.125,0.302,0.51,0.723,1.119,1.458,1.751,2.007,2.231,2.428,2.601,3.226
310.0,317.0,-0.166,-0.176,-0.143,-0.126,-0.114,-0.101,-0.085,-0.067,-0.047,-0.028,-0.008,0.012,0.146,0.322,0.528,0.738,1.126,1.458,1.744,1.994,2.213,2.405,2.574,3.184
310.0,318.0,-0.152,-0.16,-0.126,-0.109,-0.096,-0.082,-0.065,-0.046,-0.026,-0.006,0.014,0.034,0.169,0.344,0.546,0.753,1.132,1.457,1.736,1.98,2.194,2.382,2.546,3.142
310.0,319.0,-0.129,-0.135,-0.102,-0.084,-0.071,-0.056,-0.039,-0.021,-0.001,0.019,0.04,0.06,0.194,0.366,0.565,0.767,1.138,1.455,1.728,1.967,2.176,2.359,2.519,3.101
310.0,320.0,-0.098,-0.104,-0.071,-0.054,-0.041,-0.026,-0.009,0.009,0.029,0.049,0.069,0.089,0.22,0.389,0.583,0.78,1.143,1.453,1.72,1.952,2.157,2.336,2.492,3.061
310.0,321.0,-0.062,-0.068,-0.036,-0.019,-0.006,0.008,0.024,0.042,0.061,0.08,0.1,0.119,0.247,0.411,0.601,0.794,1.148,1.451,1.711,1.938,2.138,2.313,2.466,3.021
310.0,322.0,-0.021,-0.028,0.003,0.019,0.031,0.044,0.06,0.077,0.095,0.114,0.132,0.151,0.274,0.434,0.619,0.806,1.152,1.448,1.702,1.924,2.119,2.29,2.439,2.982
311.0,312.0,0.142,0.111,0.125,0.122,0.116,0.114,0.115,0.119,0.125,0.131,0.138,0.146,0.227,0.386,0.597,0.824,1.254,1.63,1.958,2.247,2.502,2.727,2.924,3.632
311.0,313.0,0.048,0.025,0.047,0.051,0.053,0.057,0.065,0.075,0.087,0.099,0.111,0.124,0.227,0.398,0.614,0.841,1.268,1.637,1.958,2.24,2.489,2.709,2.901,3.591
311.0,314.0,-0.016,-0.031,-0.005,0.005,0.013,0.022,0.035,0.05,0.066,0.082,0.098,0.115,0.234,0.413,0.632,0.858,1.279,1.642,1.956,2.232,2.475,2.689,2.877,3.55
311.0,315.0,-0.055,-0.065,-0.035,-0.021,-0.009,0.004,0.021,0.039,0.058,0.077,0.096,0.115,0.246,0.43,0.649,0.874,1.289,1.645,1.952,2.222,2.46,2.669,2.852,3.508
311.0,316.0,-0.074,-0.081,-0.048,-0.03,-0.016,0.0,0.019,0.039,0.061,0.082,0.103,0.123,0.262,0.449,0.667,0.889,1.297,1.646,1.947,2.211,2.443,2.647,2.826,3.467
311.0,317.0,-0.078,-0.082,-0.047,-0.028,-0.012,0.007,0.027,0.049,0.072,0.094,0.116,0.138,0.281,0.468,0.685,0.904,1.305,1.646,1.941,2.199,2.426,2.626,2.8,3.426
311.0,318.0,-0.069,-0.071,-0.035,-0.015,0.002,0.021,0.043,0.066,0.089,0.112,0.135,0.157,0.302,0.489,0.702,0.918,1.311,1.645,1.934,2.186,2.408,2.603,2.774,3.386
311.0,319.0,-0.05,-0.051,-0.015,0.006,0.023,0.043,0.065,0.088,0.111,0.135,0.158,0.18,0.325,0.509,0.72,0.931,1.316,1.644,1.926,2.173,2.39,2.581,2.748,3.346
311.0,320.0,-0.024,-0.024,0.012,0.032,0.05,0.07,0.091,0.114,0.138,0.161,0.184,0.206,0.349,0.531,0.737,0.944,1.321,1.642,1.918,2.159,2.371,2.558,2.722,3.307
311.0,321.0,0.009,0.008,0.043,0.064,0.081,0.1,0.122,0.144,0.167,0.19,0.212,0.234,0.374,0.552,0.754,0.957,1.326,1.639,1.909,2.145,2.353,2.536,2.696,3.268
311.0,322.0,0.046,0.045,0.079,0.098,0.115,0.134,0.155,0.176,0.199,0.221,0.242,0.263,0.4,0.573,0.77,0.969,1.329,1.636,1.9,2.131,2.334,2.513,2.67,3.23
311.0,323.0,0.086,0.085,0.117,0.136,0.152,0.17,0.19,0.211,0.232,0.253,0.274,0.294,0.426,0.594,0.787,0.98,1.333,1.633,1.891,2.117,2.316,2.491,2.644,3.192
312.0,313.0,0.032,0.011,0.061,0.086,0.1,0.113,0.127,0.145,0.165,0.188,0.212,0.237,0.406,0.617,0.865,1.126,1.619,2.044,2.409,2.726,3.003,3.246,3.458,4.251
312.0,314.0,-0.057,-0.069,-0.012,0.021,0.042,0.062,0.083,0.107,0.133,0.161,0.19,0.22,0.411,0.634,0.887,1.148,1.637,2.055,2.414,2.724,2.995,3.232,3.439,4.213
312.0,315.0,-0.114,-0.119,-0.057,-0.019,0.008,0.032,0.058,0.087,0.117,0.149,0.182,0.215,0.422,0.653,0.909,1.169,1.652,2.064,2.415,2.72,2.985,3.217,3.419,4.174
312.0,316.0,-0.147,-0.147,-0.081,-0.04,-0.009,0.02,0.049,0.081,0.115,0.15,0.185,0.221,0.438,0.674,0.931,1.189,1.666,2.07,2.415,2.713,2.973,3.2,3.397,4.136
312.0,317.0,-0.16,-0.156,-0.088,-0.044,-0.01,0.021,0.053,0.087,0.123,0.159,0.197,0.234,0.458,0.697,0.952,1.208,1.678,2.075,2.413,2.705,2.959,3.181,3.374,4.097
312.0,318.0,-0.158,-0.151,-0.082,-0.036,-0.0,0.033,0.066,0.102,0.139,0.177,0.215,0.253,0.481,0.72,0.974,1.227,1.688,2.078,2.41,2.696,2.945,3.162,3.351,4.058
312.0,319.0,-0.143,-0.134,-0.065,-0.018,0.019,0.052,0.087,0.123,0.161,0.199,0.238,0.277,0.506,0.744,0.995,1.244,1.698,2.08,2.405,2.685,2.929,3.142,3.327,4.019
312.0,320.0,-0.119,-0.109,-0.04,0.007,0.045,0.079,0.114,0.15,0.188,0.227,0.266,0.305,0.533,0.769,1.016,1.261,1.706,2.081,2.4,2.674,2.913,3.122,3.303,3.98
312.0,321.0,-0.087,-0.077,-0.008,0.039,0.076,0.11,0.145,0.181,0.219,0.258,0.296,0.335,0.561,0.793,1.037,1.277,1.714,2.082,2.394,2.663,2.897,3.101,3.278,3.942
312.0,322.0,-0.049,-0.039,0.029,0.075,0.111,0.145,0.18,0.216,0.253,0.291,0.329,0.367,0.59,0.818,1.057,1.293,1.721,2.081,2.387,2.651,2.88,3.08,3.254,3.904
312.0,323.0,-0.008,0.003,0.069,0.114,0.15,0.183,0.217,0.252,0.289,0.326,0.363,0.4,0.619,0.843,1.076,1.308,1.727,2.081,2.38,2.638,2.863,3.059,3.229,3.866
312.0,324.0,0.037,0.047,0.112,0.156,0.191,0.223,0.256,0.29,0.326,0.362,0.399,0.435,0.648,0.867,1.096,1.322,1.733,2.079,2.373,2.626,2.846,3.038,3.205,3.829
313.0,314.0,0.033,0.012,0.045,0.056,0.063,0.072,0.086,0.102,0.12,0.139,0.159,0.178,0.319,0.529,0.789,1.064,1.581,2.03,2.419,2.759,3.059,3.323,3.553,4.382
313.0,315.0,-0.099,-0.108,-0.065,-0.044,-0.027,-0.008,0.014,0.039,0.065,0.091,0.118,0.144,0.316,0.543,0.812,1.089,1.603,2.046,2.428,2.762,3.055,3.313,3.538,4.347
313.0,316.0,-0.191,-0.191,-0.141,-0.112,-0.087,-0.061,-0.032,-0.001,0.031,0.063,0.095,0.126,0.32,0.56,0.834,1.112,1.622,2.059,2.434,2.761,3.048,3.301,3.521,4.311
313.0,317.0,-0.251,-0.244,-0.189,-0.154,-0.124,-0.093,-0.058,-0.023,0.014,0.05,0.085,0.12,0.332,0.58,0.856,1.134,1.639,2.068,2.437,2.758,3.039,3.286,3.502,4.275
313.0,318.0,-0.286,-0.274,-0.215,-0.176,-0.142,-0.106,-0.069,-0.03,0.01,0.049,0.087,0.125,0.348,0.601,0.879,1.154,1.653,2.076,2.438,2.752,3.028,3.27,3.481,4.238
313.0,319.0,-0.301,-0.286,-0.223,-0.182,-0.145,-0.107,-0.067,-0.025,0.017,0.058,0.098,0.137,0.367,0.624,0.901,1.174,1.666,2.081,2.437,2.745,3.016,3.253,3.459,4.201
313.0,320.0,-0.3,-0.282,-0.219,-0.175,-0.136,-0.096,-0.055,-0.012,0.031,0.074,0.115,0.155,0.39,0.647,0.922,1.192,1.677,2.085,2.434,2.737,3.002,3.235,3.437,4.163
313.0,321.0,-0.287,-0.268,-0.203,-0.158,-0.118,-0.078,-0.035,0.009,0.053,0.096,0.138,0.178,0.415,0.671,0.944,1.21,1.687,2.088,2.431,2.728,2.988,3.216,3.414,4.126
313.0,322.0,-0.265,-0.244,-0.179,-0.134,-0.093,-0.052,-0.009,0.035,0.079,0.122,0.164,0.205,0.442,0.696,0.965,1.227,1.696,2.09,2.426,2.718,2.973,3.196,3.391,4.089
313.0,323.0,-0.234,-0.213,-0.149,-0.103,-0.063,-0.022,0.021,0.065,0.109,0.152,0.194,0.234,0.469,0.72,0.985,1.243,1.704,2.091,2.421,2.707,2.957,3.176,3.367,4.052
313.0,324.0,-0.198,-0.177,-0.113,-0.068,-0.028,0.012,0.055,0.098,0.142,0.184,0.226,0.266,0.497,0.745,1.005,1.259,1.712,2.091,2.415,2.696,2.941,3.156,3.344,4.016
313.0,325.0,-0.158,-0.137,-0.074,-0.03,0.009,0.049,0.091,0.134,0.177,0.218,0.259,0.299,0.526,0.769,1.025,1.274,1.718,2.091,2.409,2.684,2.925,3.136,3.32,3.98
314.0,315.0,0.015,-0.007,0.055,0.089,0.108,0.121,0.134,0.151,0.171,0.195,0.223,0.252,0.456,0.685,0.938,1.204,1.715,2.157,2.53,2.848,3.123,3.364,3.576,4.391
314.0,316.0,-0.064,-0.078,-0.009,0.031,0.057,0.077,0.096,0.119,0.144,0.174,0.206,0.24,0.463,0.701,0.958,1.224,1.73,2.165,2.532,2.844,3.114,3.35,3.557,4.356
314.0,317.0,-0.113,-0.121,-0.048,-0.003,0.028,0.052,0.077,0.103,0.133,0.166,0.201,0.238,0.474,0.719,0.978,1.242,1.742,2.171,2.531,2.837,3.102,3.334,3.537,4.319
314.0,318.0,-0.139,-0.142,-0.067,-0.018,0.016,0.044,0.071,0.101,0.133,0.168,0.206,0.245,0.49,0.738,0.996,1.259,1.752,2.174,2.528,2.829,3.089,3.316,3.515,4.282
314.0,319.0,-0.147,-0.147,-0.07,-0.019,0.017,0.047,0.076,0.108,0.142,0.179,0.218,0.259,0.508,0.758,1.015,1.274,1.761,2.176,2.523,2.819,3.074,3.297,3.492,4.245
314.0,320.0,-0.142,-0.14,-0.062,-0.01,0.028,0.059,0.09,0.123,0.158,0.196,0.236,0.277,0.529,0.778,1.033,1.289,1.768,2.176,2.518,2.808,3.058,3.277,3.469,4.208
314.0,321.0,-0.126,-0.122,-0.044,0.008,0.046,0.079,0.11,0.144,0.179,0.218,0.258,0.299,0.551,0.798,1.05,1.303,1.774,2.175,2.511,2.796,3.042,3.257,3.445,4.171
314.0,322.0,-0.102,-0.097,-0.02,0.033,0.071,0.103,0.135,0.169,0.205,0.243,0.283,0.324,0.574,0.819,1.067,1.316,1.779,2.174,2.503,2.783,3.025,3.236,3.421,4.133
314.0,323.0,-0.072,-0.067,0.01,0.062,0.1,0.132,0.164,0.197,0.233,0.271,0.31,0.351,0.598,0.839,1.084,1.328,1.784,2.171,2.495,2.77,3.008,3.215,3.397,4.097
314.0,324.0,-0.037,-0.032,0.043,0.094,0.132,0.164,0.195,0.228,0.263,0.3,0.339,0.379,0.622,0.86,1.1,1.34,1.788,2.169,2.487,2.757,2.991,3.194,3.373,4.06
314.0,325.0,0.001,0.005,0.08,0.129,0.166,0.197,0.228,0.26,0.294,0.331,0.369,0.408,0.647,0.88,1.116,1.352,1.791,2.165,2.478,2.744,2.973,3.173,3.348,4.024
314.0,326.0,0.041,0.045,0.118,0.167,0.202,0.233,0.262,0.293,0.327,0.363,0.4,0.438,0.671,0.9,1.131,1.363,1.795,2.162,2.469,2.73,2.955,3.152,3.324,3.988
315.0,316.0,-0.004,-0.006,0.065,0.109,0.139,0.163,0.187,0.215,0.245,0.279,0.314,0.352,0.584,0.825,1.082,1.348,1.853,2.282,2.638,2.94,3.201,3.431,3.634,4.407
315.0,317.0,-0.031,-0.029,0.045,0.092,0.125,0.153,0.18,0.211,0.244,0.28,0.318,0.358,0.6,0.844,1.101,1.365,1.863,2.285,2.635,2.931,3.188,3.414,3.613,4.372
315.0,318.0,-0.04,-0.036,0.04,0.09,0.125,0.155,0.185,0.217,0.252,0.29,0.33,0.37,0.618,0.864,1.119,1.38,1.871,2.286,2.63,2.921,3.173,3.395,3.591,4.337
315.0,319.0,-0.036,-0.029,0.048,0.098,0.135,0.166,0.197,0.231,0.267,0.306,0.346,0.388,0.638,0.883,1.137,1.394,1.877,2.285,2.624,2.91,3.158,3.376,3.569,4.301
315.0,320.0,-0.021,-0.013,0.064,0.115,0.152,0.184,0.216,0.25,0.287,0.326,0.367,0.409,0.659,0.903,1.153,1.407,1.883,2.284,2.617,2.898,3.142,3.357,3.546,4.266
315.0,321.0,0.002,0.011,0.087,0.138,0.175,0.207,0.24,0.274,0.311,0.35,0.39,0.432,0.681,0.922,1.169,1.419,1.887,2.282,2.609,2.886,3.126,3.337,3.523,4.231
315.0,322.0,0.031,0.04,0.115,0.166,0.203,0.235,0.266,0.3,0.337,0.376,0.416,0.457,0.703,0.941,1.184,1.43,1.891,2.28,2.601,2.874,3.11,3.317,3.5,4.197
315.0,323.0,0.064,0.073,0.147,0.196,0.233,0.264,0.296,0.329,0.365,0.403,0.443,0.484,0.725,0.96,1.199,1.441,1.894,2.277,2.593,2.861,3.093,3.297,3.477,4.162
315.0,324.0,0.1,0.108,0.181,0.229,0.265,0.296,0.327,0.359,0.395,0.432,0.471,0.511,0.748,0.978,1.213,1.451,1.897,2.273,2.585,2.848,3.076,3.277,3.454,4.128
315.0,325.0,0.138,0.145,0.217,0.264,0.299,0.329,0.359,0.391,0.425,0.461,0.499,0.538,0.77,0.996,1.227,1.461,1.899,2.269,2.576,2.835,3.06,3.257,3.431,4.095
315.0,326.0,0.177,0.184,0.254,0.3,0.333,0.362,0.391,0.422,0.456,0.491,0.528,0.566,0.793,1.014,1.241,1.471,1.902,2.265,2.567,2.822,3.043,3.237,3.408,4.061
315.0,327.0,0.217,0.223,0.291,0.336,0.368,0.396,0.424,0.454,0.487,0.521,0.557,0.594,0.815,1.031,1.254,1.48,1.903,2.261,2.558,2.809,3.026,3.217,3.386,4.028
316.0,317.0,-0.061,-0.04,-0.005,0.01,0.024,0.044,0.068,0.094,0.12,0.145,0.169,0.193,0.348,0.573,0.844,1.12,1.614,2.028,2.389,2.712,3.002,3.262,3.492,4.266
316.0,318.0,-0.14,-0.112,-0.07,-0.048,-0.027,-0.001,0.029,0.06,0.092,0.122,0.151,0.179,0.355,0.591,0.867,1.143,1.632,2.039,2.392,2.708,2.993,3.247,3.472,4.229
316.0,319.0,-0.189,-0.155,-0.109,-0.082,-0.056,-0.025,0.009,0.044,0.079,0.113,0.145,0.177,0.368,0.611,0.889,1.164,1.647,2.046,2.393,2.703,2.981,3.23,3.451,4.192
316.0,320.0,-0.215,-0.177,-0.127,-0.097,-0.067,-0.034,0.003,0.042,0.079,0.116,0.15,0.183,0.384,0.632,0.91,1.183,1.659,2.052,2.392,2.695,2.968,3.212,3.428,4.154
316.0,321.0,-0.223,-0.182,-0.13,-0.097,-0.065,-0.03,0.009,0.049,0.089,0.126,0.162,0.197,0.404,0.654,0.93,1.2,1.669,2.055,2.388,2.686,2.953,3.193,3.404,4.116
316.0,322.0,-0.216,-0.174,-0.121,-0.086,-0.053,-0.016,0.024,0.065,0.105,0.144,0.181,0.216,0.426,0.676,0.95,1.217,1.678,2.057,2.384,2.676,2.938,3.172,3.38,4.078
316.0,323.0,-0.199,-0.156,-0.102,-0.067,-0.033,0.005,0.045,0.087,0.127,0.166,0.203,0.239,0.45,0.698,0.969,1.232,1.686,2.057,2.378,2.665,2.922,3.152,3.355,4.04
316.0,324.0,-0.173,-0.13,-0.077,-0.041,-0.007,0.031,0.071,0.113,0.153,0.192,0.229,0.265,0.475,0.72,0.988,1.246,1.692,2.057,2.372,2.653,2.905,3.131,3.331,4.002
316.0,325.0,-0.141,-0.099,-0.046,-0.01,0.024,0.061,0.101,0.142,0.182,0.221,0.258,0.293,0.501,0.742,1.005,1.26,1.698,2.056,2.365,2.641,2.888,3.11,3.306,3.965
316.0,326.0,-0.105,-0.063,-0.011,0.024,0.058,0.094,0.134,0.174,0.214,0.252,0.288,0.323,0.527,0.764,1.023,1.272,1.702,2.054,2.358,2.628,2.871,3.089,3.281,3.928
316.0,327.0,-0.065,-0.024,0.027,0.061,0.094,0.13,0.169,0.208,0.247,0.284,0.319,0.353,0.553,0.786,1.04,1.285,1.707,2.052,2.35,2.616,2.854,3.068,3.257,3.892
316.0,328.0,-0.023,0.017,0.067,0.1,0.132,0.167,0.204,0.243,0.281,0.317,0.352,0.385,0.58,0.808,1.056,1.296,1.71,2.049,2.342,2.603,2.837,3.047,3.232,3.856
317.0,318.0,-0.0,-0.049,0.0,0.022,0.028,0.028,0.028,0.03,0.036,0.047,0.062,0.08,0.235,0.441,0.676,0.922,1.392,1.803,2.157,2.466,2.736,2.971,3.175,3.931
317.0,319.0,-0.092,-0.131,-0.075,-0.045,-0.032,-0.025,-0.018,-0.009,0.004,0.02,0.04,0.063,0.239,0.455,0.694,0.94,1.405,1.809,2.157,2.459,2.724,2.954,3.153,3.894
317.0,320.0,-0.149,-0.182,-0.121,-0.086,-0.067,-0.055,-0.043,-0.029,-0.012,0.008,0.032,0.059,0.249,0.47,0.71,0.955,1.415,1.812,2.154,2.45,2.709,2.935,3.131,3.857
317.0,321.0,-0.181,-0.209,-0.144,-0.106,-0.084,-0.068,-0.053,-0.036,-0.015,0.008,0.034,0.063,0.262,0.487,0.727,0.969,1.422,1.813,2.148,2.439,2.693,2.915,3.106,3.818
317.0,322.0,-0.193,-0.218,-0.151,-0.111,-0.086,-0.068,-0.05,-0.031,-0.009,0.016,0.044,0.074,0.278,0.504,0.742,0.982,1.428,1.812,2.141,2.427,2.676,2.893,3.081,3.779
317.0,323.0,-0.191,-0.213,-0.146,-0.105,-0.078,-0.058,-0.039,-0.019,0.004,0.031,0.059,0.09,0.296,0.521,0.757,0.994,1.433,1.81,2.133,2.414,2.658,2.871,3.056,3.741
317.0,324.0,-0.178,-0.198,-0.131,-0.089,-0.062,-0.041,-0.022,-0.001,0.023,0.05,0.079,0.11,0.316,0.539,0.772,1.005,1.437,1.807,2.125,2.4,2.64,2.849,3.03,3.702
317.0,325.0,-0.157,-0.176,-0.109,-0.068,-0.04,-0.019,0.001,0.022,0.046,0.072,0.101,0.132,0.337,0.557,0.786,1.015,1.439,1.803,2.115,2.385,2.621,2.826,3.004,3.664
317.0,326.0,-0.129,-0.148,-0.082,-0.041,-0.014,0.007,0.026,0.048,0.071,0.098,0.126,0.157,0.358,0.575,0.8,1.025,1.442,1.799,2.105,2.37,2.602,2.803,2.977,3.625
317.0,327.0,-0.098,-0.116,-0.052,-0.011,0.015,0.036,0.055,0.076,0.099,0.125,0.153,0.182,0.38,0.592,0.814,1.034,1.443,1.795,2.095,2.355,2.582,2.78,2.951,3.588
317.0,328.0,-0.063,-0.081,-0.018,0.021,0.047,0.066,0.085,0.105,0.127,0.153,0.18,0.209,0.402,0.61,0.827,1.043,1.445,1.79,2.084,2.34,2.563,2.757,2.926,3.55
317.0,329.0,-0.026,-0.044,0.017,0.055,0.08,0.098,0.116,0.135,0.157,0.181,0.208,0.236,0.424,0.627,0.84,1.052,1.446,1.784,2.074,2.325,2.544,2.735,2.9,3.514
318.0,319.0,-0.03,-0.046,-0.021,-0.014,-0.007,0.004,0.018,0.034,0.051,0.067,0.084,0.102,0.241,0.448,0.696,0.954,1.442,1.868,2.238,2.563,2.852,3.107,3.331,4.128
318.0,320.0,-0.129,-0.136,-0.102,-0.087,-0.072,-0.054,-0.033,-0.01,0.013,0.035,0.057,0.08,0.241,0.461,0.714,0.974,1.46,1.88,2.243,2.562,2.844,3.094,3.313,4.092
318.0,321.0,-0.196,-0.196,-0.156,-0.134,-0.114,-0.09,-0.064,-0.036,-0.009,0.018,0.044,0.07,0.248,0.476,0.733,0.994,1.475,1.889,2.246,2.559,2.835,3.079,3.293,4.055
318.0,322.0,-0.238,-0.232,-0.188,-0.162,-0.137,-0.109,-0.079,-0.048,-0.018,0.012,0.041,0.07,0.26,0.494,0.752,1.012,1.488,1.896,2.246,2.553,2.823,3.062,3.272,4.018
318.0,323.0,-0.26,-0.25,-0.203,-0.173,-0.145,-0.114,-0.082,-0.048,-0.016,0.016,0.047,0.078,0.276,0.513,0.771,1.029,1.499,1.9,2.244,2.545,2.81,3.044,3.25,3.981
318.0,324.0,-0.266,-0.253,-0.204,-0.172,-0.142,-0.109,-0.074,-0.04,-0.005,0.028,0.06,0.092,0.295,0.533,0.79,1.045,1.509,1.903,2.241,2.536,2.796,3.026,3.227,3.943
318.0,325.0,-0.259,-0.245,-0.194,-0.161,-0.129,-0.095,-0.06,-0.024,0.011,0.046,0.079,0.111,0.316,0.554,0.809,1.061,1.518,1.905,2.237,2.526,2.781,3.006,3.204,3.906
318.0,326.0,-0.243,-0.227,-0.176,-0.142,-0.109,-0.075,-0.039,-0.002,0.033,0.068,0.101,0.134,0.339,0.575,0.828,1.076,1.525,1.906,2.232,2.516,2.766,2.986,3.18,3.869
318.0,327.0,-0.218,-0.201,-0.151,-0.116,-0.084,-0.049,-0.013,0.024,0.059,0.094,0.127,0.16,0.364,0.597,0.846,1.09,1.532,1.906,2.226,2.504,2.75,2.966,3.157,3.832
318.0,328.0,-0.188,-0.171,-0.12,-0.086,-0.054,-0.019,0.017,0.053,0.088,0.122,0.155,0.188,0.389,0.619,0.864,1.104,1.538,1.905,2.219,2.492,2.733,2.946,3.133,3.796
318.0,329.0,-0.152,-0.135,-0.086,-0.052,-0.02,0.014,0.049,0.084,0.119,0.153,0.185,0.217,0.415,0.641,0.881,1.117,1.543,1.904,2.212,2.48,2.717,2.925,3.109,3.759
318.0,330.0,-0.113,-0.097,-0.049,-0.016,0.015,0.049,0.083,0.118,0.152,0.185,0.216,0.248,0.442,0.663,0.899,1.13,1.548,1.902,2.204,2.468,2.7,2.905,3.085,3.724
319.0,320.0,0.134,0.096,0.107,0.099,0.086,0.076,0.069,0.067,0.067,0.069,0.072,0.076,0.135,0.275,0.476,0.703,1.151,1.549,1.897,2.204,2.475,2.715,2.924,3.677
319.0,321.0,0.015,-0.014,0.006,0.007,0.003,0.001,0.002,0.007,0.014,0.023,0.032,0.042,0.129,0.284,0.493,0.723,1.167,1.559,1.901,2.202,2.467,2.7,2.905,3.639
319.0,322.0,-0.07,-0.091,-0.064,-0.057,-0.054,-0.05,-0.042,-0.032,-0.019,-0.006,0.008,0.022,0.13,0.297,0.511,0.741,1.181,1.567,1.903,2.197,2.456,2.684,2.884,3.601
319.0,323.0,-0.128,-0.142,-0.111,-0.098,-0.091,-0.082,-0.069,-0.055,-0.038,-0.021,-0.003,0.014,0.137,0.312,0.528,0.758,1.194,1.573,1.902,2.19,2.443,2.666,2.862,3.562
319.0,324.0,-0.163,-0.173,-0.138,-0.122,-0.11,-0.098,-0.082,-0.064,-0.045,-0.025,-0.005,0.015,0.149,0.328,0.546,0.774,1.204,1.577,1.899,2.181,2.429,2.648,2.839,3.523
319.0,325.0,-0.18,-0.187,-0.149,-0.13,-0.116,-0.101,-0.083,-0.063,-0.042,-0.02,0.001,0.023,0.164,0.346,0.563,0.789,1.213,1.579,1.895,2.171,2.414,2.628,2.815,3.485
319.0,326.0,-0.183,-0.187,-0.148,-0.128,-0.112,-0.095,-0.076,-0.054,-0.032,-0.009,0.014,0.037,0.182,0.365,0.581,0.804,1.221,1.58,1.89,2.161,2.399,2.608,2.791,3.446
319.0,327.0,-0.175,-0.177,-0.138,-0.116,-0.099,-0.081,-0.061,-0.038,-0.015,0.008,0.032,0.055,0.202,0.385,0.598,0.818,1.227,1.58,1.884,2.149,2.382,2.587,2.766,3.408
319.0,328.0,-0.157,-0.159,-0.119,-0.097,-0.079,-0.061,-0.04,-0.018,0.006,0.03,0.054,0.077,0.224,0.405,0.615,0.832,1.234,1.579,1.877,2.137,2.366,2.566,2.742,3.371
319.0,329.0,-0.133,-0.133,-0.094,-0.072,-0.054,-0.036,-0.015,0.007,0.031,0.055,0.078,0.102,0.247,0.426,0.632,0.845,1.239,1.578,1.87,2.125,2.349,2.545,2.717,3.333
319.0,330.0,-0.103,-0.103,-0.064,-0.042,-0.025,-0.007,0.013,0.036,0.059,0.082,0.105,0.128,0.271,0.447,0.649,0.857,1.244,1.576,1.862,2.112,2.331,2.524,2.693,3.297
319.0,331.0,-0.068,-0.069,-0.031,-0.01,0.007,0.025,0.045,0.066,0.089,0.111,0.134,0.156,0.296,0.467,0.666,0.869,1.248,1.574,1.854,2.099,2.314,2.503,2.668,3.26
320.0,321.0,0.067,0.005,0.026,0.025,0.013,-0.005,-0.023,-0.039,-0.05,-0.058,-0.061,-0.061,0.001,0.128,0.294,0.477,0.84,1.168,1.455,1.708,1.93,2.123,2.29,2.907
320.0,322.0,0.002,-0.053,-0.027,-0.022,-0.03,-0.042,-0.055,-0.066,-0.073,-0.076,-0.076,-0.072,0.005,0.139,0.307,0.489,0.848,1.169,1.45,1.697,1.914,2.103,2.266,2.868
320.0,323.0,-0.038,-0.087,-0.058,-0.05,-0.053,-0.062,-0.071,-0.078,-0.082,-0.082,-0.079,-0.073,0.013,0.152,0.32,0.501,0.854,1.168,1.444,1.685,1.897,2.081,2.241,2.829
320.0,324.0,-0.058,-0.103,-0.072,-0.061,-0.062,-0.068,-0.075,-0.08,-0.081,-0.08,-0.075,-0.067,0.026,0.166,0.333,0.512,0.858,1.166,1.436,1.672,1.879,2.059,2.215,2.79
320.0,325.0,-0.062,-0.105,-0.073,-0.061,-0.06,-0.064,-0.069,-0.073,-0.073,-0.07,-0.064,-0.055,0.04,0.181,0.346,0.522,0.862,1.164,1.427,1.658,1.86,2.037,2.189,2.752
320.0,326.0,-0.055,-0.097,-0.064,-0.051,-0.049,-0.053,-0.057,-0.059,-0.059,-0.055,-0.049,-0.04,0.057,0.196,0.359,0.531,0.864,1.16,1.418,1.644,1.841,2.014,2.163,2.713
320.0,327.0,-0.04,-0.08,-0.047,-0.034,-0.032,-0.035,-0.039,-0.041,-0.04,-0.037,-0.03,-0.021,0.075,0.212,0.372,0.54,0.866,1.156,1.408,1.629,1.823,1.991,2.137,2.675
320.0,328.0,-0.018,-0.057,-0.025,-0.013,-0.011,-0.014,-0.017,-0.019,-0.019,-0.015,-0.009,0.0,0.094,0.227,0.384,0.549,0.868,1.151,1.398,1.614,1.804,1.969,2.112,2.638
320.0,329.0,0.009,-0.03,0.001,0.013,0.014,0.011,0.007,0.005,0.005,0.008,0.014,0.023,0.113,0.243,0.396,0.557,0.869,1.146,1.388,1.599,1.785,1.946,2.086,2.601
320.0,330.0,0.039,0.001,0.03,0.041,0.042,0.038,0.034,0.031,0.031,0.033,0.039,0.047,0.133,0.259,0.408,0.565,0.87,1.141,1.377,1.584,1.766,1.924,2.061,2.565
320.0,331.0,0.072,0.033,0.061,0.071,0.071,0.067,0.062,0.058,0.057,0.059,0.064,0.071,0.153,0.275,0.42,0.573,0.871,1.136,1.367,1.57,1.747,1.902,2.036,2.53
320.0,332.0,0.107,0.068,0.094,0.103,0.102,0.097,0.091,0.086,0.085,0.086,0.09,0.096,0.173,0.291,0.431,0.581,0.872,1.131,1.357,1.555,1.729,1.881,2.012,2.495
321.0,322.0,0.154,0.115,0.129,0.126,0.118,0.107,0.099,0.093,0.089,0.088,0.089,0.092,0.142,0.242,0.379,0.53,0.825,1.086,1.313,1.514,1.691,1.847,1.982,2.477
321.0,323.0,0.175,0.137,0.15,0.148,0.139,0.128,0.12,0.114,0.11,0.109,0.11,0.112,0.16,0.258,0.391,0.538,0.826,1.08,1.303,1.499,1.672,1.824,1.956,2.44
321.0,324.0,0.201,0.163,0.175,0.172,0.163,0.153,0.144,0.137,0.133,0.132,0.132,0.134,0.179,0.273,0.402,0.546,0.826,1.075,1.293,1.484,1.653,1.802,1.931,2.403
321.0,325.0,0.231,0.192,0.204,0.2,0.19,0.179,0.17,0.162,0.158,0.156,0.156,0.157,0.198,0.288,0.414,0.553,0.827,1.07,1.282,1.469,1.634,1.779,1.906,2.367
321.0,326.0,0.263,0.224,0.234,0.23,0.219,0.207,0.197,0.189,0.184,0.181,0.18,0.181,0.217,0.304,0.425,0.561,0.827,1.064,1.272,1.455,1.616,1.758,1.881,2.332
321.0,327.0,0.297,0.258,0.266,0.261,0.249,0.236,0.225,0.217,0.211,0.207,0.205,0.205,0.237,0.319,0.436,0.568,0.828,1.059,1.262,1.44,1.598,1.736,1.857,2.297
321.0,328.0,0.332,0.293,0.299,0.293,0.28,0.266,0.254,0.245,0.238,0.233,0.23,0.23,0.257,0.334,0.447,0.575,0.828,1.054,1.252,1.426,1.58,1.715,1.833,2.264
321.0,329.0,0.368,0.328,0.333,0.325,0.311,0.297,0.284,0.273,0.265,0.26,0.256,0.254,0.276,0.349,0.458,0.582,0.828,1.048,1.242,1.412,1.562,1.695,1.81,2.231
321.0,330.0,0.405,0.364,0.367,0.358,0.343,0.327,0.313,0.302,0.293,0.286,0.282,0.279,0.296,0.364,0.468,0.588,0.828,1.043,1.232,1.398,1.545,1.674,1.787,2.198
321.0,331.0,0.442,0.4,0.402,0.391,0.375,0.358,0.343,0.33,0.32,0.313,0.307,0.303,0.315,0.379,0.479,0.595,0.828,1.038,1.222,1.385,1.528,1.655,1.765,2.167
321.0,332.0,0.478,0.436,0.436,0.423,0.406,0.388,0.372,0.359,0.347,0.339,0.332,0.328,0.334,0.393,0.489,0.601,0.828,1.033,1.213,1.372,1.512,1.635,1.743,2.136
321.0,333.0,0.515,0.471,0.47,0.456,0.438,0.419,0.401,0.387,0.375,0.365,0.357,0.352,0.352,0.407,0.499,0.608,0.828,1.028,1.203,1.359,1.496,1.616,1.721,2.105
322.0,323.0,0.094,0.07,0.074,0.063,0.05,0.041,0.036,0.035,0.035,0.037,0.039,0.042,0.086,0.187,0.334,0.501,0.833,1.131,1.395,1.63,1.839,2.026,2.191,2.771
322.0,324.0,0.075,0.055,0.061,0.052,0.042,0.036,0.033,0.034,0.036,0.039,0.043,0.048,0.098,0.203,0.349,0.514,0.84,1.132,1.39,1.619,1.823,2.005,2.166,2.731
322.0,325.0,0.07,0.052,0.06,0.053,0.045,0.04,0.039,0.041,0.044,0.049,0.054,0.059,0.113,0.219,0.365,0.527,0.847,1.132,1.384,1.607,1.807,1.984,2.141,2.693
322.0,326.0,0.076,0.06,0.069,0.063,0.056,0.052,0.052,0.055,0.059,0.064,0.069,0.075,0.131,0.237,0.38,0.54,0.853,1.132,1.377,1.595,1.79,1.963,2.116,2.654
322.0,327.0,0.091,0.076,0.085,0.08,0.074,0.07,0.071,0.074,0.078,0.083,0.089,0.095,0.151,0.255,0.396,0.552,0.858,1.13,1.37,1.583,1.773,1.942,2.092,2.617
322.0,328.0,0.114,0.099,0.108,0.103,0.097,0.093,0.094,0.097,0.101,0.106,0.112,0.118,0.173,0.274,0.412,0.564,0.863,1.129,1.363,1.571,1.756,1.921,2.067,2.58
322.0,329.0,0.142,0.127,0.135,0.13,0.124,0.12,0.12,0.123,0.127,0.131,0.137,0.142,0.195,0.293,0.427,0.575,0.867,1.127,1.355,1.558,1.739,1.9,2.043,2.544
322.0,330.0,0.174,0.159,0.166,0.161,0.154,0.15,0.149,0.151,0.155,0.159,0.163,0.169,0.218,0.313,0.442,0.587,0.871,1.124,1.347,1.545,1.722,1.88,2.019,2.508
322.0,331.0,0.21,0.194,0.2,0.194,0.186,0.182,0.18,0.182,0.184,0.188,0.192,0.196,0.242,0.332,0.458,0.598,0.874,1.121,1.339,1.533,1.706,1.859,1.995,2.473
322.0,332.0,0.248,0.231,0.236,0.229,0.22,0.215,0.213,0.213,0.215,0.218,0.221,0.224,0.265,0.352,0.473,0.609,0.878,1.119,1.331,1.52,1.689,1.839,1.972,2.439
322.0,333.0,0.287,0.27,0.274,0.265,0.256,0.249,0.246,0.246,0.247,0.248,0.25,0.253,0.29,0.371,0.488,0.619,0.881,1.116,1.323,1.508,1.673,1.82,1.949,2.405
322.0,334.0,0.329,0.31,0.312,0.303,0.292,0.285,0.281,0.279,0.279,0.279,0.281,0.282,0.314,0.39,0.502,0.629,0.884,1.113,1.315,1.496,1.657,1.8,1.927,2.373
323.0,324.0,0.097,0.062,0.082,0.087,0.084,0.077,0.067,0.058,0.051,0.046,0.044,0.045,0.101,0.212,0.354,0.511,0.827,1.114,1.367,1.589,1.785,1.958,2.109,2.67
323.0,325.0,0.096,0.064,0.084,0.091,0.089,0.083,0.075,0.067,0.061,0.057,0.057,0.059,0.117,0.228,0.369,0.523,0.832,1.114,1.361,1.577,1.768,1.937,2.085,2.632
323.0,326.0,0.105,0.075,0.095,0.102,0.101,0.096,0.089,0.082,0.077,0.074,0.074,0.076,0.136,0.246,0.384,0.535,0.838,1.112,1.354,1.565,1.751,1.916,2.06,2.594
323.0,327.0,0.123,0.093,0.114,0.121,0.12,0.115,0.109,0.102,0.097,0.095,0.095,0.097,0.156,0.264,0.399,0.547,0.842,1.111,1.346,1.553,1.734,1.895,2.036,2.556
323.0,328.0,0.147,0.118,0.138,0.145,0.144,0.139,0.132,0.126,0.121,0.118,0.118,0.121,0.178,0.283,0.414,0.559,0.847,1.108,1.338,1.54,1.717,1.874,2.011,2.519
323.0,329.0,0.177,0.148,0.166,0.173,0.171,0.166,0.159,0.153,0.147,0.144,0.144,0.146,0.201,0.302,0.43,0.57,0.851,1.106,1.33,1.527,1.7,1.853,1.987,2.483
323.0,330.0,0.21,0.181,0.198,0.204,0.202,0.196,0.189,0.182,0.176,0.172,0.171,0.173,0.224,0.321,0.445,0.581,0.855,1.104,1.322,1.514,1.684,1.833,1.964,2.448
323.0,331.0,0.246,0.217,0.233,0.237,0.235,0.228,0.22,0.212,0.206,0.202,0.2,0.201,0.247,0.34,0.46,0.592,0.858,1.101,1.314,1.502,1.667,1.812,1.94,2.414
323.0,332.0,0.284,0.255,0.269,0.273,0.269,0.261,0.252,0.244,0.237,0.232,0.229,0.229,0.271,0.359,0.475,0.603,0.862,1.098,1.306,1.489,1.65,1.793,1.918,2.38
323.0,333.0,0.324,0.294,0.307,0.309,0.304,0.296,0.286,0.276,0.268,0.262,0.259,0.258,0.295,0.378,0.489,0.613,0.865,1.095,1.298,1.477,1.634,1.773,1.895,2.346
323.0,334.0,0.365,0.334,0.346,0.347,0.341,0.331,0.32,0.309,0.3,0.294,0.289,0.287,0.319,0.397,0.504,0.624,0.868,1.092,1.29,1.464,1.618,1.754,1.873,2.314
323.0,335.0,0.407,0.375,0.385,0.385,0.377,0.366,0.354,0.343,0.333,0.325,0.32,0.317,0.342,0.416,0.518,0.634,0.871,1.09,1.282,1.452,1.602,1.735,1.851,2.282
324.0,325.0,0.148,0.118,0.131,0.128,0.117,0.104,0.092,0.082,0.075,0.072,0.07,0.071,0.112,0.2,0.325,0.468,0.754,1.011,1.236,1.435,1.613,1.771,1.91,2.407
324.0,326.0,0.169,0.141,0.152,0.149,0.139,0.126,0.114,0.104,0.097,0.093,0.092,0.093,0.131,0.217,0.338,0.477,0.757,1.007,1.227,1.421,1.595,1.749,1.885,2.37
324.0,327.0,0.196,0.167,0.178,0.175,0.164,0.151,0.138,0.128,0.121,0.117,0.115,0.115,0.151,0.234,0.351,0.487,0.759,1.003,1.217,1.407,1.577,1.728,1.86,2.333
324.0,328.0,0.227,0.198,0.208,0.204,0.192,0.178,0.165,0.155,0.147,0.142,0.14,0.14,0.172,0.251,0.365,0.496,0.761,0.999,1.208,1.394,1.559,1.706,1.836,2.298
324.0,329.0,0.26,0.231,0.24,0.235,0.222,0.208,0.194,0.183,0.175,0.169,0.166,0.165,0.193,0.268,0.378,0.505,0.763,0.995,1.199,1.38,1.542,1.685,1.812,2.263
324.0,330.0,0.296,0.266,0.274,0.267,0.254,0.239,0.225,0.213,0.203,0.197,0.193,0.191,0.215,0.285,0.391,0.514,0.765,0.991,1.19,1.367,1.524,1.665,1.788,2.228
324.0,331.0,0.333,0.303,0.309,0.301,0.287,0.271,0.256,0.243,0.232,0.225,0.22,0.218,0.236,0.302,0.403,0.523,0.766,0.986,1.181,1.353,1.507,1.644,1.765,2.195
324.0,332.0,0.372,0.341,0.345,0.336,0.321,0.304,0.287,0.273,0.262,0.254,0.248,0.244,0.257,0.319,0.416,0.531,0.768,0.982,1.172,1.34,1.491,1.625,1.742,2.162
324.0,333.0,0.41,0.379,0.381,0.371,0.355,0.336,0.319,0.304,0.292,0.282,0.275,0.271,0.279,0.336,0.428,0.54,0.769,0.978,1.163,1.328,1.474,1.605,1.72,2.13
324.0,334.0,0.45,0.417,0.418,0.407,0.389,0.37,0.351,0.335,0.322,0.311,0.303,0.297,0.3,0.352,0.441,0.548,0.77,0.974,1.154,1.315,1.458,1.586,1.698,2.099
324.0,335.0,0.489,0.456,0.455,0.442,0.423,0.403,0.383,0.366,0.351,0.34,0.331,0.324,0.321,0.369,0.453,0.556,0.772,0.97,1.146,1.303,1.443,1.567,1.677,2.068
324.0,336.0,0.528,0.494,0.491,0.477,0.457,0.435,0.415,0.396,0.381,0.368,0.358,0.35,0.342,0.385,0.464,0.564,0.773,0.966,1.138,1.291,1.427,1.549,1.656,2.038
325.0,326.0,0.17,0.132,0.136,0.124,0.106,0.089,0.073,0.061,0.052,0.046,0.042,0.039,0.051,0.114,0.223,0.358,0.645,0.908,1.139,1.342,1.523,1.683,1.825,2.343
325.0,327.0,0.172,0.137,0.141,0.13,0.114,0.097,0.083,0.072,0.064,0.058,0.054,0.052,0.067,0.13,0.237,0.37,0.65,0.908,1.133,1.331,1.507,1.663,1.802,2.307
325.0,328.0,0.184,0.149,0.154,0.144,0.128,0.112,0.098,0.088,0.08,0.075,0.071,0.07,0.084,0.147,0.252,0.382,0.655,0.907,1.127,1.32,1.491,1.644,1.779,2.272
325.0,329.0,0.202,0.169,0.173,0.163,0.147,0.132,0.118,0.108,0.1,0.095,0.091,0.09,0.104,0.164,0.267,0.393,0.66,0.905,1.12,1.308,1.475,1.624,1.756,2.237
325.0,330.0,0.226,0.193,0.197,0.186,0.171,0.155,0.142,0.131,0.123,0.118,0.114,0.112,0.124,0.182,0.281,0.404,0.664,0.903,1.113,1.297,1.46,1.605,1.733,2.203
325.0,331.0,0.255,0.222,0.224,0.214,0.198,0.182,0.168,0.157,0.149,0.143,0.138,0.136,0.145,0.2,0.296,0.415,0.668,0.901,1.105,1.285,1.444,1.586,1.711,2.17
325.0,332.0,0.287,0.253,0.255,0.243,0.227,0.21,0.196,0.184,0.176,0.169,0.164,0.161,0.167,0.218,0.31,0.426,0.672,0.899,1.098,1.273,1.428,1.567,1.689,2.137
325.0,333.0,0.322,0.288,0.288,0.276,0.258,0.241,0.226,0.214,0.204,0.197,0.191,0.187,0.189,0.236,0.325,0.436,0.675,0.896,1.09,1.261,1.413,1.548,1.668,2.105
325.0,334.0,0.358,0.324,0.322,0.309,0.291,0.273,0.257,0.244,0.233,0.225,0.219,0.214,0.211,0.255,0.339,0.447,0.679,0.894,1.083,1.25,1.398,1.53,1.647,2.073
325.0,335.0,0.396,0.361,0.358,0.344,0.325,0.306,0.289,0.275,0.263,0.254,0.247,0.241,0.233,0.273,0.353,0.457,0.682,0.891,1.076,1.238,1.383,1.512,1.626,2.043
325.0,336.0,0.435,0.399,0.395,0.379,0.359,0.339,0.321,0.306,0.294,0.284,0.275,0.269,0.256,0.291,0.367,0.467,0.685,0.889,1.068,1.227,1.368,1.494,1.605,2.013
325.0,337.0,0.475,0.438,0.432,0.415,0.394,0.373,0.354,0.338,0.324,0.313,0.304,0.296,0.278,0.309,0.381,0.477,0.688,0.886,1.061,1.216,1.354,1.477,1.586,1.983
326.0,327.0,0.186,0.146,0.155,0.149,0.137,0.125,0.115,0.107,0.102,0.099,0.098,0.099,0.133,0.225,0.358,0.508,0.802,1.063,1.293,1.497,1.678,1.838,1.978,2.48
326.0,328.0,0.19,0.152,0.161,0.156,0.145,0.134,0.125,0.118,0.114,0.112,0.111,0.112,0.148,0.239,0.37,0.517,0.804,1.059,1.284,1.483,1.66,1.817,1.953,2.443
326.0,329.0,0.203,0.166,0.175,0.17,0.16,0.149,0.14,0.134,0.13,0.128,0.127,0.128,0.164,0.254,0.382,0.525,0.806,1.055,1.275,1.469,1.642,1.795,1.928,2.407
326.0,330.0,0.222,0.185,0.195,0.19,0.179,0.169,0.16,0.153,0.149,0.147,0.146,0.147,0.182,0.269,0.393,0.533,0.808,1.051,1.265,1.455,1.624,1.773,1.903,2.371
326.0,331.0,0.246,0.21,0.218,0.213,0.202,0.191,0.182,0.175,0.171,0.168,0.167,0.168,0.2,0.284,0.405,0.541,0.809,1.046,1.256,1.441,1.606,1.752,1.879,2.336
326.0,332.0,0.274,0.237,0.245,0.239,0.228,0.216,0.207,0.199,0.194,0.191,0.19,0.19,0.218,0.299,0.416,0.549,0.81,1.041,1.246,1.427,1.589,1.731,1.855,2.301
326.0,333.0,0.304,0.268,0.274,0.267,0.255,0.243,0.233,0.225,0.219,0.215,0.213,0.212,0.237,0.314,0.427,0.556,0.81,1.037,1.236,1.414,1.571,1.71,1.831,2.267
326.0,334.0,0.336,0.299,0.304,0.296,0.284,0.271,0.26,0.251,0.245,0.24,0.237,0.236,0.256,0.329,0.438,0.564,0.811,1.032,1.227,1.4,1.554,1.69,1.808,2.234
326.0,335.0,0.37,0.332,0.336,0.327,0.313,0.299,0.287,0.278,0.271,0.265,0.262,0.259,0.275,0.344,0.449,0.571,0.811,1.027,1.217,1.387,1.537,1.67,1.785,2.202
326.0,336.0,0.404,0.366,0.368,0.358,0.343,0.328,0.316,0.305,0.297,0.291,0.286,0.283,0.294,0.358,0.46,0.577,0.812,1.022,1.208,1.374,1.52,1.65,1.763,2.17
326.0,337.0,0.439,0.4,0.401,0.389,0.374,0.358,0.344,0.333,0.323,0.316,0.311,0.307,0.313,0.373,0.47,0.584,0.812,1.017,1.199,1.361,1.504,1.631,1.741,2.139
326.0,338.0,0.474,0.435,0.433,0.421,0.404,0.387,0.372,0.36,0.35,0.342,0.335,0.33,0.332,0.387,0.481,0.591,0.812,1.013,1.19,1.348,1.488,1.612,1.72,2.108
327.0,328.0,0.171,0.138,0.158,0.16,0.152,0.142,0.134,0.128,0.125,0.126,0.13,0.136,0.202,0.307,0.445,0.604,0.932,1.231,1.492,1.72,1.921,2.099,2.257,2.844
327.0,329.0,0.164,0.134,0.154,0.158,0.152,0.144,0.137,0.132,0.131,0.133,0.138,0.145,0.214,0.32,0.457,0.614,0.936,1.23,1.485,1.708,1.904,2.078,2.232,2.807
327.0,330.0,0.167,0.139,0.16,0.164,0.16,0.152,0.146,0.143,0.142,0.145,0.15,0.158,0.229,0.334,0.47,0.624,0.94,1.227,1.477,1.695,1.887,2.058,2.208,2.77
327.0,331.0,0.179,0.152,0.173,0.178,0.173,0.167,0.161,0.158,0.158,0.161,0.167,0.174,0.245,0.349,0.483,0.634,0.943,1.224,1.469,1.682,1.87,2.037,2.184,2.733
327.0,332.0,0.198,0.171,0.192,0.196,0.192,0.186,0.18,0.178,0.178,0.181,0.186,0.193,0.263,0.365,0.495,0.643,0.946,1.221,1.46,1.669,1.853,2.016,2.16,2.697
327.0,333.0,0.222,0.195,0.215,0.219,0.215,0.209,0.203,0.2,0.2,0.202,0.207,0.214,0.281,0.38,0.508,0.653,0.948,1.217,1.452,1.656,1.836,1.995,2.136,2.662
327.0,334.0,0.25,0.223,0.242,0.246,0.241,0.234,0.228,0.225,0.224,0.226,0.231,0.237,0.301,0.397,0.521,0.662,0.951,1.214,1.443,1.643,1.819,1.975,2.113,2.627
327.0,335.0,0.281,0.254,0.272,0.275,0.269,0.262,0.255,0.251,0.25,0.251,0.255,0.261,0.321,0.413,0.533,0.67,0.953,1.21,1.434,1.629,1.802,1.954,2.089,2.593
327.0,336.0,0.314,0.287,0.304,0.305,0.299,0.291,0.284,0.279,0.277,0.278,0.281,0.286,0.341,0.429,0.546,0.679,0.954,1.206,1.425,1.616,1.785,1.934,2.066,2.56
327.0,337.0,0.35,0.322,0.337,0.338,0.33,0.321,0.313,0.308,0.305,0.305,0.307,0.311,0.362,0.445,0.558,0.688,0.956,1.201,1.416,1.603,1.768,1.914,2.044,2.527
327.0,338.0,0.387,0.358,0.372,0.371,0.363,0.353,0.344,0.337,0.333,0.332,0.333,0.337,0.382,0.462,0.57,0.696,0.957,1.197,1.407,1.59,1.751,1.895,2.021,2.495
327.0,339.0,0.424,0.395,0.407,0.405,0.395,0.384,0.374,0.367,0.362,0.36,0.36,0.363,0.403,0.478,0.582,0.704,0.959,1.193,1.398,1.577,1.735,1.875,2.0,2.463
328.0,329.0,0.206,0.182,0.183,0.168,0.149,0.133,0.121,0.114,0.111,0.11,0.11,0.112,0.135,0.203,0.317,0.457,0.748,1.012,1.245,1.453,1.639,1.806,1.955,2.478
328.0,330.0,0.207,0.184,0.187,0.173,0.156,0.141,0.131,0.125,0.123,0.122,0.124,0.126,0.152,0.22,0.333,0.47,0.754,1.012,1.239,1.441,1.623,1.785,1.93,2.439
328.0,331.0,0.218,0.196,0.199,0.187,0.17,0.156,0.147,0.142,0.14,0.14,0.141,0.144,0.171,0.239,0.349,0.483,0.76,1.011,1.233,1.43,1.606,1.764,1.905,2.4
328.0,332.0,0.237,0.216,0.219,0.207,0.191,0.177,0.168,0.163,0.161,0.161,0.163,0.165,0.192,0.258,0.365,0.496,0.766,1.01,1.226,1.418,1.59,1.744,1.88,2.363
328.0,333.0,0.263,0.242,0.244,0.232,0.216,0.203,0.193,0.188,0.186,0.186,0.187,0.189,0.214,0.277,0.382,0.508,0.771,1.009,1.219,1.405,1.573,1.723,1.856,2.326
328.0,334.0,0.294,0.272,0.274,0.261,0.245,0.231,0.222,0.216,0.213,0.213,0.213,0.215,0.237,0.297,0.398,0.521,0.776,1.007,1.211,1.393,1.556,1.703,1.832,2.29
328.0,335.0,0.328,0.306,0.307,0.294,0.277,0.263,0.252,0.246,0.243,0.241,0.241,0.242,0.261,0.317,0.414,0.532,0.78,1.005,1.204,1.381,1.54,1.683,1.809,2.255
328.0,336.0,0.366,0.343,0.342,0.328,0.311,0.296,0.285,0.278,0.274,0.271,0.271,0.271,0.285,0.337,0.43,0.544,0.784,1.003,1.196,1.369,1.524,1.663,1.786,2.221
328.0,337.0,0.405,0.382,0.38,0.364,0.346,0.33,0.318,0.31,0.305,0.302,0.3,0.3,0.309,0.357,0.445,0.556,0.788,1.001,1.189,1.357,1.508,1.643,1.763,2.187
328.0,338.0,0.446,0.422,0.418,0.402,0.383,0.366,0.353,0.344,0.338,0.334,0.331,0.329,0.334,0.377,0.461,0.567,0.791,0.998,1.182,1.345,1.493,1.624,1.741,2.154
328.0,339.0,0.489,0.463,0.458,0.44,0.42,0.402,0.388,0.378,0.371,0.365,0.362,0.359,0.358,0.397,0.476,0.578,0.795,0.996,1.174,1.334,1.477,1.606,1.72,2.122
328.0,340.0,0.532,0.505,0.498,0.479,0.458,0.439,0.423,0.412,0.404,0.397,0.392,0.388,0.382,0.417,0.491,0.588,0.798,0.993,1.167,1.323,1.462,1.588,1.699,2.091
329.0,330.0,0.241,0.222,0.218,0.204,0.191,0.18,0.173,0.168,0.164,0.161,0.158,0.156,0.162,0.214,0.301,0.407,0.624,0.824,1.002,1.162,1.305,1.434,1.548,1.942
329.0,331.0,0.307,0.285,0.278,0.262,0.246,0.233,0.224,0.216,0.21,0.205,0.2,0.196,0.192,0.236,0.317,0.417,0.626,0.82,0.993,1.149,1.289,1.415,1.526,1.911
329.0,332.0,0.369,0.345,0.335,0.317,0.298,0.283,0.271,0.262,0.254,0.246,0.24,0.234,0.221,0.257,0.332,0.427,0.628,0.816,0.985,1.137,1.274,1.396,1.505,1.881
329.0,333.0,0.428,0.401,0.389,0.368,0.347,0.33,0.316,0.305,0.295,0.286,0.277,0.27,0.248,0.278,0.347,0.437,0.63,0.813,0.977,1.125,1.259,1.378,1.484,1.851
329.0,334.0,0.483,0.455,0.44,0.417,0.394,0.375,0.36,0.346,0.334,0.323,0.313,0.304,0.275,0.298,0.361,0.446,0.633,0.81,0.97,1.114,1.244,1.361,1.465,1.822
329.0,335.0,0.536,0.505,0.488,0.463,0.439,0.418,0.401,0.386,0.372,0.36,0.348,0.338,0.301,0.317,0.375,0.456,0.635,0.807,0.962,1.103,1.23,1.344,1.445,1.794
329.0,336.0,0.587,0.554,0.535,0.508,0.482,0.459,0.44,0.423,0.408,0.394,0.381,0.369,0.325,0.336,0.389,0.465,0.638,0.804,0.956,1.093,1.217,1.328,1.426,1.767
329.0,337.0,0.635,0.6,0.579,0.551,0.523,0.499,0.478,0.46,0.443,0.428,0.414,0.4,0.35,0.355,0.403,0.475,0.64,0.801,0.949,1.083,1.204,1.312,1.408,1.74
329.0,338.0,0.682,0.645,0.622,0.592,0.563,0.537,0.515,0.495,0.477,0.46,0.445,0.43,0.373,0.372,0.416,0.484,0.643,0.799,0.943,1.073,1.191,1.296,1.39,1.714
329.0,339.0,0.726,0.689,0.664,0.632,0.601,0.574,0.55,0.529,0.51,0.492,0.475,0.459,0.396,0.39,0.429,0.493,0.645,0.797,0.937,1.064,1.178,1.281,1.373,1.688
329.0,340.0,0.77,0.73,0.704,0.671,0.638,0.61,0.585,0.562,0.541,0.522,0.504,0.487,0.418,0.407,0.441,0.501,0.648,0.795,0.931,1.054,1.166,1.267,1.356,1.664
329.0,341.0,0.812,0.771,0.743,0.708,0.675,0.645,0.618,0.594,0.572,0.552,0.532,0.514,0.439,0.424,0.454,0.51,0.65,0.793,0.925,1.046,1.155,1.253,1.34,1.64
330.0,331.0,0.26,0.226,0.232,0.226,0.215,0.202,0.192,0.184,0.179,0.176,0.175,0.175,0.203,0.268,0.364,0.478,0.709,0.918,1.102,1.265,1.409,1.537,1.649,2.059
330.0,332.0,0.319,0.283,0.286,0.277,0.263,0.249,0.236,0.226,0.219,0.214,0.211,0.209,0.228,0.286,0.377,0.485,0.709,0.913,1.092,1.251,1.392,1.517,1.627,2.027
330.0,333.0,0.373,0.335,0.336,0.325,0.309,0.292,0.278,0.266,0.256,0.25,0.245,0.242,0.252,0.304,0.389,0.493,0.709,0.908,1.083,1.238,1.376,1.498,1.605,1.995
330.0,334.0,0.424,0.385,0.383,0.369,0.351,0.333,0.317,0.303,0.292,0.283,0.277,0.273,0.275,0.32,0.401,0.5,0.71,0.903,1.073,1.225,1.359,1.479,1.583,1.965
330.0,335.0,0.472,0.431,0.427,0.411,0.392,0.372,0.353,0.338,0.326,0.316,0.308,0.302,0.297,0.337,0.413,0.508,0.711,0.898,1.065,1.212,1.344,1.46,1.563,1.936
330.0,336.0,0.518,0.475,0.469,0.451,0.43,0.408,0.389,0.372,0.358,0.346,0.337,0.33,0.318,0.353,0.424,0.515,0.711,0.894,1.056,1.2,1.329,1.443,1.542,1.907
330.0,337.0,0.561,0.517,0.509,0.49,0.467,0.444,0.422,0.404,0.389,0.376,0.366,0.357,0.339,0.368,0.435,0.522,0.712,0.89,1.048,1.189,1.314,1.425,1.523,1.878
330.0,338.0,0.603,0.558,0.547,0.526,0.502,0.477,0.455,0.435,0.419,0.405,0.393,0.383,0.359,0.383,0.446,0.53,0.713,0.886,1.04,1.178,1.3,1.408,1.504,1.851
330.0,339.0,0.643,0.597,0.584,0.562,0.536,0.51,0.486,0.465,0.447,0.432,0.419,0.408,0.378,0.398,0.456,0.537,0.714,0.882,1.032,1.167,1.286,1.392,1.485,1.824
330.0,340.0,0.681,0.634,0.62,0.596,0.568,0.541,0.516,0.494,0.475,0.459,0.445,0.433,0.397,0.412,0.467,0.543,0.715,0.878,1.025,1.156,1.273,1.376,1.467,1.798
330.0,341.0,0.718,0.67,0.654,0.629,0.6,0.572,0.546,0.523,0.502,0.485,0.47,0.457,0.415,0.426,0.477,0.55,0.716,0.875,1.018,1.146,1.259,1.36,1.449,1.772
330.0,342.0,0.754,0.705,0.687,0.661,0.631,0.602,0.574,0.55,0.529,0.51,0.494,0.48,0.433,0.44,0.487,0.557,0.717,0.872,1.011,1.136,1.247,1.345,1.432,1.747
331.0,332.0,0.262,0.223,0.218,0.204,0.189,0.174,0.161,0.149,0.138,0.128,0.119,0.112,0.101,0.15,0.237,0.339,0.549,0.748,0.931,1.096,1.244,1.376,1.492,1.914
331.0,333.0,0.308,0.268,0.261,0.246,0.229,0.213,0.198,0.185,0.173,0.162,0.152,0.144,0.127,0.171,0.253,0.351,0.554,0.747,0.925,1.086,1.23,1.359,1.472,1.884
331.0,334.0,0.354,0.313,0.304,0.288,0.269,0.252,0.236,0.222,0.209,0.197,0.186,0.176,0.154,0.192,0.27,0.363,0.559,0.746,0.918,1.075,1.216,1.341,1.452,1.854
331.0,335.0,0.4,0.358,0.348,0.329,0.31,0.291,0.274,0.258,0.244,0.231,0.218,0.208,0.18,0.213,0.286,0.375,0.563,0.745,0.912,1.065,1.202,1.325,1.432,1.825
331.0,336.0,0.446,0.403,0.39,0.371,0.35,0.33,0.311,0.294,0.279,0.264,0.251,0.239,0.205,0.234,0.301,0.386,0.568,0.744,0.907,1.055,1.189,1.308,1.413,1.796
331.0,337.0,0.491,0.447,0.433,0.412,0.389,0.368,0.348,0.33,0.313,0.298,0.283,0.27,0.231,0.254,0.317,0.398,0.572,0.743,0.901,1.045,1.176,1.292,1.395,1.768
331.0,338.0,0.536,0.491,0.475,0.453,0.429,0.406,0.385,0.365,0.347,0.331,0.315,0.301,0.255,0.273,0.332,0.409,0.577,0.742,0.895,1.036,1.163,1.276,1.376,1.741
331.0,339.0,0.581,0.534,0.517,0.493,0.467,0.443,0.421,0.4,0.381,0.363,0.347,0.331,0.28,0.293,0.347,0.42,0.581,0.741,0.89,1.027,1.151,1.261,1.359,1.715
331.0,340.0,0.625,0.577,0.558,0.532,0.506,0.48,0.457,0.435,0.414,0.395,0.377,0.361,0.304,0.312,0.361,0.43,0.586,0.74,0.885,1.018,1.138,1.246,1.341,1.689
331.0,341.0,0.668,0.619,0.598,0.571,0.543,0.517,0.492,0.468,0.447,0.427,0.408,0.391,0.328,0.331,0.376,0.441,0.59,0.739,0.88,1.009,1.127,1.232,1.325,1.664
331.0,342.0,0.71,0.661,0.638,0.61,0.58,0.552,0.526,0.502,0.479,0.458,0.438,0.42,0.351,0.349,0.39,0.452,0.594,0.738,0.875,1.001,1.115,1.218,1.308,1.639
331.0,343.0,0.752,0.702,0.677,0.647,0.617,0.587,0.56,0.534,0.51,0.488,0.467,0.448,0.374,0.368,0.404,0.462,0.598,0.738,0.87,0.993,1.104,1.204,1.292,1.615
332.0,333.0,0.254,0.228,0.221,0.206,0.19,0.177,0.165,0.154,0.145,0.137,0.13,0.123,0.11,0.151,0.235,0.341,0.567,0.777,0.967,1.138,1.292,1.43,1.552,1.969
332.0,334.0,0.294,0.267,0.259,0.242,0.226,0.211,0.198,0.187,0.177,0.168,0.159,0.152,0.134,0.17,0.25,0.352,0.57,0.775,0.96,1.127,1.277,1.411,1.53,1.936
332.0,335.0,0.335,0.307,0.297,0.28,0.262,0.246,0.232,0.22,0.209,0.198,0.189,0.181,0.158,0.189,0.264,0.362,0.573,0.773,0.953,1.116,1.262,1.393,1.509,1.905
332.0,336.0,0.376,0.347,0.336,0.318,0.299,0.282,0.266,0.253,0.241,0.23,0.219,0.21,0.182,0.208,0.278,0.372,0.577,0.77,0.946,1.104,1.247,1.375,1.488,1.874
332.0,337.0,0.418,0.388,0.375,0.356,0.335,0.317,0.301,0.286,0.273,0.261,0.249,0.239,0.206,0.227,0.293,0.382,0.58,0.768,0.939,1.093,1.233,1.357,1.467,1.844
332.0,338.0,0.461,0.429,0.415,0.394,0.372,0.353,0.335,0.32,0.305,0.292,0.279,0.268,0.229,0.245,0.307,0.392,0.583,0.766,0.932,1.083,1.218,1.34,1.447,1.814
332.0,339.0,0.503,0.47,0.454,0.432,0.409,0.389,0.37,0.353,0.337,0.323,0.309,0.297,0.252,0.264,0.32,0.402,0.586,0.764,0.926,1.072,1.205,1.323,1.427,1.786
332.0,340.0,0.545,0.511,0.494,0.47,0.446,0.424,0.404,0.386,0.369,0.353,0.339,0.325,0.275,0.282,0.334,0.411,0.589,0.762,0.919,1.062,1.191,1.306,1.408,1.758
332.0,341.0,0.586,0.551,0.532,0.507,0.482,0.459,0.438,0.418,0.4,0.384,0.368,0.354,0.298,0.299,0.347,0.421,0.592,0.759,0.913,1.052,1.178,1.29,1.39,1.73
332.0,342.0,0.627,0.591,0.571,0.544,0.518,0.493,0.471,0.45,0.431,0.413,0.397,0.381,0.32,0.317,0.36,0.43,0.595,0.757,0.907,1.043,1.165,1.275,1.372,1.704
332.0,343.0,0.668,0.631,0.609,0.581,0.553,0.528,0.504,0.482,0.462,0.443,0.425,0.409,0.342,0.334,0.373,0.439,0.598,0.756,0.901,1.033,1.153,1.259,1.354,1.678
332.0,344.0,0.708,0.67,0.646,0.617,0.588,0.561,0.536,0.513,0.492,0.472,0.453,0.436,0.363,0.35,0.385,0.448,0.601,0.754,0.895,1.024,1.14,1.244,1.337,1.652
333.0,334.0,0.239,0.205,0.209,0.202,0.187,0.169,0.151,0.134,0.119,0.108,0.099,0.093,0.106,0.167,0.256,0.362,0.592,0.816,1.019,1.2,1.363,1.508,1.637,2.102
333.0,335.0,0.264,0.23,0.233,0.226,0.211,0.193,0.174,0.157,0.143,0.131,0.122,0.116,0.126,0.185,0.271,0.374,0.598,0.815,1.013,1.19,1.348,1.49,1.616,2.07
333.0,336.0,0.292,0.258,0.261,0.253,0.238,0.219,0.2,0.183,0.168,0.156,0.146,0.14,0.147,0.203,0.286,0.385,0.602,0.814,1.007,1.179,1.334,1.472,1.595,2.038
333.0,337.0,0.324,0.29,0.292,0.283,0.267,0.248,0.228,0.21,0.195,0.182,0.172,0.165,0.169,0.221,0.3,0.396,0.607,0.813,1.0,1.169,1.32,1.455,1.574,2.007
333.0,338.0,0.358,0.324,0.325,0.314,0.298,0.278,0.258,0.239,0.223,0.21,0.199,0.192,0.191,0.239,0.315,0.407,0.611,0.811,0.994,1.158,1.306,1.437,1.554,1.976
333.0,339.0,0.394,0.359,0.359,0.348,0.33,0.31,0.289,0.269,0.252,0.238,0.227,0.218,0.214,0.258,0.329,0.418,0.615,0.81,0.988,1.148,1.292,1.42,1.534,1.946
333.0,340.0,0.432,0.396,0.394,0.382,0.363,0.342,0.32,0.3,0.282,0.267,0.255,0.246,0.236,0.276,0.344,0.429,0.619,0.808,0.981,1.138,1.278,1.403,1.515,1.917
333.0,341.0,0.47,0.434,0.431,0.417,0.397,0.375,0.352,0.331,0.312,0.296,0.283,0.273,0.259,0.294,0.358,0.439,0.623,0.806,0.975,1.127,1.264,1.387,1.495,1.888
333.0,342.0,0.509,0.472,0.467,0.453,0.432,0.408,0.385,0.362,0.343,0.326,0.312,0.3,0.281,0.312,0.372,0.45,0.627,0.805,0.969,1.117,1.251,1.37,1.477,1.86
333.0,343.0,0.548,0.511,0.504,0.488,0.466,0.442,0.417,0.394,0.373,0.355,0.34,0.328,0.303,0.33,0.386,0.46,0.631,0.803,0.963,1.108,1.238,1.355,1.458,1.832
333.0,344.0,0.588,0.549,0.542,0.524,0.501,0.475,0.449,0.425,0.403,0.384,0.368,0.355,0.326,0.348,0.4,0.47,0.634,0.801,0.957,1.098,1.225,1.339,1.44,1.805
333.0,345.0,0.627,0.588,0.579,0.56,0.536,0.509,0.482,0.456,0.433,0.413,0.396,0.382,0.347,0.366,0.414,0.48,0.638,0.8,0.951,1.089,1.213,1.324,1.423,1.779
334.0,335.0,0.238,0.216,0.217,0.206,0.192,0.178,0.168,0.161,0.156,0.153,0.15,0.149,0.154,0.207,0.305,0.425,0.672,0.895,1.095,1.275,1.437,1.582,1.711,2.157
334.0,336.0,0.267,0.246,0.246,0.234,0.219,0.205,0.195,0.187,0.182,0.178,0.175,0.172,0.175,0.225,0.319,0.436,0.675,0.893,1.088,1.263,1.421,1.563,1.689,2.124
334.0,337.0,0.3,0.277,0.277,0.264,0.248,0.234,0.223,0.215,0.209,0.204,0.2,0.197,0.196,0.243,0.333,0.446,0.679,0.891,1.08,1.251,1.406,1.544,1.667,2.092
334.0,338.0,0.335,0.312,0.309,0.296,0.28,0.265,0.253,0.243,0.237,0.231,0.227,0.223,0.218,0.261,0.347,0.456,0.682,0.888,1.073,1.24,1.391,1.526,1.646,2.06
334.0,339.0,0.371,0.347,0.344,0.329,0.312,0.296,0.283,0.273,0.265,0.259,0.254,0.249,0.24,0.278,0.36,0.465,0.684,0.886,1.066,1.229,1.376,1.508,1.625,2.029
334.0,340.0,0.408,0.384,0.379,0.363,0.345,0.328,0.314,0.303,0.294,0.287,0.281,0.276,0.262,0.296,0.374,0.475,0.687,0.883,1.059,1.218,1.361,1.49,1.604,1.998
334.0,341.0,0.447,0.421,0.415,0.398,0.379,0.361,0.346,0.334,0.324,0.316,0.309,0.302,0.284,0.313,0.387,0.484,0.69,0.88,1.052,1.207,1.347,1.472,1.584,1.968
334.0,342.0,0.485,0.458,0.451,0.433,0.412,0.393,0.377,0.364,0.353,0.344,0.336,0.329,0.305,0.331,0.4,0.493,0.692,0.878,1.045,1.196,1.333,1.455,1.564,1.939
334.0,343.0,0.524,0.496,0.487,0.468,0.446,0.426,0.409,0.395,0.383,0.373,0.364,0.355,0.327,0.348,0.413,0.502,0.695,0.875,1.038,1.186,1.319,1.438,1.544,1.911
334.0,344.0,0.563,0.534,0.523,0.503,0.48,0.459,0.441,0.425,0.412,0.401,0.391,0.382,0.348,0.364,0.425,0.51,0.697,0.873,1.032,1.175,1.305,1.422,1.525,1.883
334.0,345.0,0.601,0.571,0.559,0.537,0.513,0.491,0.472,0.455,0.441,0.429,0.418,0.408,0.369,0.381,0.437,0.519,0.699,0.87,1.025,1.165,1.292,1.406,1.507,1.856
334.0,346.0,0.639,0.608,0.595,0.572,0.547,0.523,0.503,0.485,0.47,0.457,0.445,0.433,0.39,0.397,0.45,0.527,0.702,0.868,1.019,1.155,1.279,1.39,1.489,1.829
335.0,336.0,0.24,0.216,0.221,0.21,0.193,0.174,0.157,0.144,0.134,0.127,0.123,0.121,0.129,0.179,0.267,0.379,0.613,0.828,1.018,1.187,1.339,1.475,1.596,2.036
335.0,337.0,0.281,0.255,0.259,0.247,0.228,0.208,0.19,0.175,0.164,0.156,0.15,0.147,0.149,0.194,0.278,0.385,0.613,0.823,1.009,1.174,1.323,1.456,1.575,2.006
335.0,338.0,0.321,0.294,0.295,0.282,0.262,0.241,0.221,0.205,0.193,0.184,0.177,0.172,0.169,0.209,0.289,0.392,0.614,0.818,1.0,1.162,1.308,1.438,1.555,1.976
335.0,339.0,0.36,0.332,0.332,0.317,0.295,0.273,0.252,0.235,0.222,0.211,0.203,0.197,0.188,0.224,0.3,0.399,0.614,0.814,0.992,1.15,1.293,1.421,1.535,1.948
335.0,340.0,0.398,0.369,0.367,0.351,0.328,0.304,0.283,0.264,0.25,0.238,0.229,0.221,0.207,0.238,0.31,0.406,0.615,0.81,0.983,1.139,1.278,1.404,1.515,1.92
335.0,341.0,0.436,0.405,0.402,0.384,0.36,0.335,0.313,0.293,0.277,0.264,0.254,0.245,0.225,0.252,0.32,0.413,0.615,0.805,0.975,1.127,1.264,1.387,1.496,1.892
335.0,342.0,0.473,0.441,0.436,0.417,0.392,0.366,0.342,0.321,0.304,0.29,0.278,0.269,0.244,0.266,0.331,0.419,0.616,0.801,0.967,1.116,1.25,1.37,1.477,1.865
335.0,343.0,0.509,0.476,0.469,0.449,0.423,0.396,0.37,0.349,0.33,0.315,0.302,0.292,0.261,0.28,0.341,0.426,0.617,0.797,0.96,1.105,1.236,1.354,1.459,1.839
335.0,344.0,0.544,0.51,0.502,0.48,0.453,0.425,0.399,0.376,0.356,0.34,0.326,0.315,0.279,0.294,0.351,0.432,0.617,0.794,0.952,1.095,1.223,1.338,1.441,1.813
335.0,345.0,0.579,0.544,0.534,0.511,0.483,0.454,0.426,0.402,0.382,0.364,0.349,0.337,0.296,0.307,0.36,0.439,0.618,0.79,0.945,1.085,1.21,1.323,1.423,1.788
335.0,346.0,0.613,0.577,0.565,0.541,0.512,0.482,0.453,0.428,0.407,0.388,0.372,0.359,0.313,0.32,0.37,0.445,0.619,0.787,0.938,1.075,1.198,1.308,1.406,1.763
335.0,347.0,0.646,0.609,0.596,0.571,0.541,0.509,0.48,0.454,0.431,0.412,0.395,0.38,0.33,0.333,0.38,0.452,0.62,0.783,0.931,1.065,1.185,1.293,1.39,1.739
336.0,337.0,0.186,0.149,0.161,0.159,0.149,0.137,0.125,0.116,0.109,0.104,0.102,0.102,0.126,0.186,0.28,0.4,0.664,0.912,1.129,1.317,1.482,1.629,1.758,2.244
336.0,338.0,0.207,0.171,0.182,0.18,0.17,0.158,0.146,0.137,0.13,0.125,0.123,0.122,0.145,0.203,0.294,0.411,0.668,0.91,1.121,1.305,1.466,1.609,1.736,2.21
336.0,339.0,0.233,0.198,0.208,0.205,0.195,0.182,0.17,0.16,0.153,0.148,0.145,0.144,0.165,0.219,0.308,0.421,0.672,0.908,1.114,1.293,1.451,1.59,1.714,2.177
336.0,340.0,0.263,0.227,0.236,0.233,0.222,0.209,0.197,0.186,0.178,0.173,0.17,0.168,0.185,0.236,0.322,0.431,0.675,0.905,1.106,1.281,1.435,1.571,1.692,2.144
336.0,341.0,0.295,0.26,0.267,0.263,0.251,0.238,0.225,0.214,0.205,0.199,0.195,0.193,0.206,0.254,0.335,0.441,0.679,0.903,1.099,1.27,1.42,1.553,1.67,2.112
336.0,342.0,0.33,0.294,0.3,0.294,0.282,0.268,0.254,0.242,0.233,0.226,0.221,0.218,0.227,0.271,0.348,0.451,0.682,0.9,1.091,1.258,1.405,1.534,1.649,2.081
336.0,343.0,0.366,0.329,0.334,0.327,0.314,0.299,0.284,0.271,0.261,0.253,0.248,0.244,0.248,0.288,0.362,0.461,0.684,0.897,1.084,1.247,1.39,1.516,1.629,2.05
336.0,344.0,0.402,0.365,0.368,0.36,0.346,0.33,0.315,0.301,0.29,0.281,0.275,0.27,0.269,0.304,0.375,0.47,0.687,0.894,1.077,1.235,1.375,1.499,1.608,2.02
336.0,345.0,0.44,0.402,0.404,0.394,0.379,0.362,0.346,0.331,0.319,0.309,0.302,0.296,0.29,0.321,0.387,0.479,0.69,0.892,1.069,1.224,1.361,1.482,1.589,1.991
336.0,346.0,0.477,0.439,0.439,0.428,0.412,0.394,0.377,0.361,0.348,0.337,0.329,0.322,0.311,0.338,0.4,0.488,0.692,0.889,1.062,1.213,1.347,1.465,1.569,1.962
336.0,347.0,0.515,0.476,0.475,0.463,0.445,0.426,0.408,0.391,0.377,0.365,0.356,0.348,0.331,0.354,0.413,0.497,0.695,0.886,1.055,1.203,1.333,1.448,1.55,1.934
336.0,348.0,0.553,0.513,0.51,0.497,0.478,0.458,0.438,0.421,0.406,0.393,0.383,0.374,0.352,0.37,0.425,0.506,0.697,0.884,1.048,1.192,1.319,1.432,1.532,1.906
337.0,338.0,0.152,0.114,0.123,0.12,0.113,0.106,0.101,0.096,0.092,0.089,0.087,0.085,0.113,0.204,0.333,0.476,0.762,1.028,1.272,1.491,1.688,1.863,2.017,2.579
337.0,339.0,0.148,0.113,0.123,0.121,0.116,0.11,0.105,0.102,0.099,0.097,0.096,0.095,0.127,0.218,0.346,0.487,0.767,1.029,1.267,1.481,1.673,1.844,1.994,2.543
337.0,340.0,0.154,0.12,0.131,0.13,0.125,0.12,0.116,0.113,0.111,0.11,0.109,0.109,0.143,0.233,0.359,0.498,0.773,1.028,1.261,1.471,1.659,1.825,1.972,2.508
337.0,341.0,0.167,0.134,0.145,0.144,0.14,0.136,0.132,0.129,0.128,0.126,0.126,0.126,0.16,0.249,0.373,0.508,0.777,1.027,1.255,1.46,1.643,1.806,1.95,2.474
337.0,342.0,0.187,0.154,0.165,0.164,0.16,0.156,0.152,0.149,0.147,0.146,0.146,0.146,0.179,0.266,0.387,0.519,0.782,1.026,1.248,1.449,1.628,1.787,1.928,2.44
337.0,343.0,0.211,0.179,0.189,0.188,0.183,0.179,0.175,0.172,0.17,0.169,0.168,0.168,0.199,0.283,0.4,0.529,0.786,1.025,1.242,1.438,1.613,1.768,1.906,2.406
337.0,344.0,0.239,0.208,0.217,0.215,0.21,0.205,0.201,0.197,0.195,0.193,0.192,0.192,0.219,0.301,0.414,0.54,0.79,1.023,1.235,1.426,1.598,1.75,1.884,2.373
337.0,345.0,0.271,0.239,0.247,0.244,0.239,0.233,0.228,0.224,0.221,0.219,0.217,0.216,0.241,0.318,0.428,0.55,0.794,1.021,1.228,1.415,1.582,1.731,1.862,2.341
337.0,346.0,0.305,0.272,0.279,0.276,0.269,0.263,0.257,0.253,0.249,0.246,0.243,0.242,0.262,0.336,0.442,0.56,0.797,1.019,1.221,1.404,1.567,1.713,1.841,2.309
337.0,347.0,0.34,0.308,0.313,0.309,0.301,0.294,0.287,0.282,0.277,0.273,0.27,0.268,0.284,0.354,0.456,0.57,0.8,1.016,1.214,1.392,1.552,1.695,1.82,2.278
337.0,348.0,0.378,0.344,0.348,0.343,0.334,0.326,0.318,0.312,0.306,0.302,0.298,0.295,0.306,0.371,0.469,0.58,0.804,1.014,1.207,1.381,1.538,1.677,1.8,2.248
337.0,349.0,0.416,0.381,0.384,0.377,0.368,0.358,0.35,0.343,0.336,0.33,0.325,0.321,0.329,0.389,0.483,0.589,0.807,1.012,1.2,1.37,1.523,1.659,1.779,2.218
338.0,339.0,0.186,0.149,0.156,0.147,0.131,0.114,0.1,0.088,0.08,0.075,0.072,0.071,0.09,0.157,0.267,0.403,0.687,0.947,1.178,1.385,1.57,1.735,1.881,2.407
338.0,340.0,0.175,0.14,0.149,0.141,0.127,0.112,0.099,0.089,0.082,0.078,0.076,0.076,0.099,0.168,0.278,0.412,0.69,0.945,1.171,1.373,1.554,1.715,1.858,2.372
338.0,341.0,0.175,0.142,0.151,0.144,0.131,0.117,0.105,0.096,0.09,0.087,0.085,0.086,0.111,0.18,0.289,0.42,0.693,0.943,1.164,1.361,1.538,1.695,1.835,2.337
338.0,342.0,0.183,0.151,0.16,0.154,0.142,0.128,0.117,0.108,0.103,0.1,0.098,0.099,0.125,0.193,0.299,0.428,0.695,0.939,1.156,1.349,1.521,1.675,1.812,2.303
338.0,343.0,0.198,0.167,0.175,0.169,0.157,0.144,0.133,0.124,0.119,0.116,0.114,0.115,0.14,0.206,0.31,0.436,0.697,0.936,1.147,1.336,1.505,1.656,1.789,2.269
338.0,344.0,0.218,0.187,0.195,0.189,0.176,0.163,0.152,0.143,0.137,0.134,0.133,0.133,0.156,0.22,0.321,0.444,0.699,0.932,1.139,1.323,1.489,1.636,1.766,2.236
338.0,345.0,0.242,0.211,0.218,0.211,0.199,0.185,0.173,0.164,0.158,0.154,0.152,0.152,0.173,0.234,0.332,0.451,0.7,0.928,1.13,1.311,1.472,1.617,1.744,2.204
338.0,346.0,0.269,0.237,0.244,0.236,0.223,0.209,0.197,0.187,0.18,0.176,0.174,0.173,0.19,0.248,0.343,0.459,0.701,0.924,1.122,1.298,1.456,1.597,1.722,2.172
338.0,347.0,0.298,0.266,0.271,0.263,0.249,0.234,0.221,0.211,0.204,0.199,0.195,0.194,0.207,0.262,0.353,0.466,0.702,0.92,1.113,1.286,1.44,1.578,1.7,2.14
338.0,348.0,0.329,0.296,0.3,0.291,0.276,0.261,0.247,0.236,0.228,0.222,0.218,0.216,0.225,0.276,0.364,0.473,0.703,0.915,1.105,1.273,1.425,1.56,1.679,2.11
338.0,349.0,0.36,0.327,0.33,0.32,0.304,0.288,0.273,0.261,0.252,0.246,0.241,0.238,0.243,0.29,0.374,0.48,0.704,0.911,1.096,1.261,1.409,1.541,1.658,2.079
338.0,350.0,0.393,0.359,0.36,0.349,0.332,0.315,0.3,0.287,0.277,0.27,0.264,0.26,0.261,0.304,0.384,0.486,0.705,0.907,1.088,1.249,1.394,1.523,1.637,2.05
339.0,340.0,0.177,0.137,0.145,0.138,0.125,0.112,0.101,0.092,0.086,0.083,0.08,0.08,0.099,0.166,0.275,0.409,0.688,0.944,1.172,1.374,1.556,1.718,1.86,2.381
339.0,341.0,0.179,0.141,0.15,0.144,0.132,0.12,0.109,0.101,0.096,0.093,0.092,0.091,0.113,0.179,0.288,0.419,0.692,0.942,1.165,1.363,1.54,1.698,1.837,2.346
339.0,342.0,0.19,0.153,0.161,0.156,0.145,0.133,0.123,0.116,0.111,0.108,0.106,0.106,0.128,0.194,0.3,0.428,0.695,0.94,1.157,1.351,1.524,1.678,1.815,2.311
339.0,343.0,0.207,0.171,0.179,0.173,0.162,0.151,0.141,0.133,0.128,0.125,0.124,0.124,0.145,0.209,0.312,0.437,0.698,0.937,1.149,1.339,1.508,1.659,1.792,2.277
339.0,344.0,0.229,0.194,0.201,0.195,0.183,0.172,0.162,0.154,0.149,0.146,0.144,0.143,0.162,0.224,0.324,0.446,0.7,0.934,1.142,1.327,1.492,1.639,1.77,2.244
339.0,345.0,0.255,0.22,0.226,0.219,0.208,0.195,0.185,0.177,0.171,0.168,0.165,0.165,0.181,0.239,0.336,0.454,0.703,0.931,1.134,1.314,1.476,1.62,1.747,2.211
339.0,346.0,0.284,0.248,0.254,0.246,0.234,0.221,0.21,0.202,0.195,0.191,0.188,0.187,0.199,0.254,0.348,0.463,0.705,0.927,1.125,1.302,1.46,1.601,1.726,2.179
339.0,347.0,0.316,0.279,0.283,0.275,0.262,0.248,0.237,0.227,0.22,0.215,0.212,0.21,0.218,0.27,0.36,0.471,0.706,0.924,1.117,1.29,1.445,1.583,1.704,2.148
339.0,348.0,0.348,0.312,0.314,0.305,0.291,0.277,0.264,0.254,0.246,0.24,0.236,0.233,0.238,0.285,0.371,0.479,0.708,0.92,1.109,1.278,1.429,1.564,1.683,2.117
339.0,349.0,0.382,0.345,0.346,0.336,0.321,0.306,0.292,0.281,0.273,0.266,0.261,0.257,0.257,0.301,0.383,0.487,0.71,0.917,1.101,1.267,1.414,1.546,1.663,2.087
339.0,350.0,0.417,0.379,0.379,0.367,0.351,0.335,0.321,0.309,0.299,0.292,0.286,0.281,0.276,0.316,0.394,0.495,0.711,0.913,1.094,1.255,1.4,1.528,1.642,2.057
339.0,351.0,0.452,0.414,0.412,0.399,0.382,0.365,0.35,0.337,0.326,0.318,0.311,0.305,0.296,0.331,0.405,0.502,0.713,0.91,1.086,1.244,1.385,1.511,1.622,2.028
340.0,341.0,0.167,0.123,0.13,0.126,0.115,0.103,0.092,0.082,0.074,0.068,0.063,0.061,0.077,0.14,0.235,0.347,0.591,0.828,1.044,1.237,1.408,1.559,1.692,2.19
340.0,342.0,0.189,0.146,0.153,0.148,0.137,0.125,0.113,0.103,0.095,0.089,0.085,0.082,0.096,0.157,0.249,0.359,0.596,0.827,1.038,1.227,1.393,1.541,1.67,2.157
340.0,343.0,0.216,0.173,0.179,0.173,0.162,0.15,0.138,0.128,0.119,0.113,0.108,0.104,0.116,0.174,0.263,0.37,0.601,0.826,1.032,1.216,1.379,1.523,1.649,2.125
340.0,344.0,0.246,0.203,0.208,0.201,0.19,0.177,0.165,0.154,0.145,0.138,0.132,0.129,0.137,0.192,0.277,0.38,0.605,0.825,1.026,1.205,1.364,1.505,1.628,2.093
340.0,345.0,0.278,0.235,0.239,0.232,0.22,0.206,0.193,0.182,0.172,0.164,0.158,0.154,0.159,0.209,0.291,0.391,0.609,0.823,1.019,1.194,1.35,1.487,1.608,2.062
340.0,346.0,0.313,0.27,0.272,0.264,0.251,0.237,0.223,0.211,0.2,0.192,0.185,0.18,0.181,0.227,0.305,0.402,0.613,0.822,1.013,1.184,1.335,1.47,1.588,2.032
340.0,347.0,0.349,0.306,0.307,0.297,0.283,0.268,0.253,0.241,0.229,0.22,0.212,0.206,0.203,0.245,0.32,0.412,0.617,0.82,1.006,1.173,1.321,1.452,1.568,2.002
340.0,348.0,0.387,0.342,0.342,0.332,0.316,0.3,0.285,0.271,0.259,0.249,0.24,0.233,0.225,0.263,0.333,0.422,0.621,0.818,1.0,1.163,1.307,1.436,1.548,1.973
340.0,349.0,0.425,0.38,0.378,0.366,0.35,0.333,0.317,0.302,0.289,0.278,0.268,0.261,0.247,0.281,0.347,0.433,0.625,0.816,0.993,1.152,1.294,1.419,1.529,1.944
340.0,350.0,0.464,0.418,0.415,0.402,0.384,0.366,0.349,0.333,0.319,0.307,0.296,0.288,0.269,0.299,0.361,0.443,0.628,0.815,0.987,1.142,1.28,1.403,1.51,1.916
340.0,351.0,0.503,0.457,0.452,0.437,0.419,0.399,0.381,0.364,0.349,0.336,0.325,0.315,0.291,0.316,0.375,0.452,0.632,0.813,0.981,1.132,1.267,1.387,1.492,1.888
340.0,352.0,0.542,0.495,0.488,0.473,0.453,0.432,0.413,0.395,0.379,0.365,0.353,0.342,0.313,0.334,0.388,0.462,0.636,0.811,0.975,1.123,1.254,1.371,1.474,1.862
341.0,342.0,0.1,0.069,0.087,0.091,0.09,0.087,0.086,0.086,0.087,0.09,0.093,0.098,0.154,0.259,0.397,0.547,0.848,1.13,1.385,1.614,1.82,2.002,2.163,2.754
341.0,343.0,0.099,0.069,0.088,0.094,0.093,0.092,0.092,0.093,0.095,0.099,0.103,0.109,0.168,0.273,0.41,0.558,0.854,1.129,1.379,1.604,1.804,1.982,2.14,2.717
341.0,344.0,0.107,0.079,0.098,0.104,0.104,0.104,0.104,0.106,0.109,0.113,0.118,0.124,0.184,0.289,0.423,0.569,0.859,1.129,1.373,1.593,1.789,1.963,2.117,2.68
341.0,345.0,0.122,0.095,0.114,0.12,0.121,0.121,0.121,0.123,0.126,0.13,0.136,0.142,0.201,0.305,0.436,0.579,0.863,1.127,1.367,1.581,1.773,1.943,2.093,2.644
341.0,346.0,0.143,0.116,0.135,0.141,0.142,0.142,0.142,0.144,0.147,0.151,0.156,0.162,0.22,0.321,0.45,0.59,0.868,1.126,1.36,1.569,1.757,1.923,2.07,2.609
341.0,347.0,0.169,0.143,0.161,0.166,0.167,0.166,0.166,0.168,0.171,0.174,0.179,0.184,0.24,0.339,0.464,0.6,0.872,1.124,1.352,1.558,1.741,1.904,2.048,2.575
341.0,348.0,0.199,0.172,0.19,0.194,0.194,0.193,0.193,0.194,0.196,0.199,0.204,0.208,0.261,0.356,0.478,0.611,0.875,1.122,1.345,1.546,1.725,1.884,2.025,2.54
341.0,349.0,0.231,0.205,0.221,0.225,0.224,0.222,0.221,0.222,0.223,0.226,0.229,0.234,0.283,0.374,0.492,0.621,0.879,1.119,1.338,1.534,1.709,1.865,2.003,2.507
341.0,350.0,0.266,0.239,0.254,0.257,0.255,0.253,0.251,0.251,0.252,0.253,0.256,0.26,0.305,0.392,0.506,0.631,0.882,1.117,1.33,1.522,1.693,1.846,1.981,2.474
341.0,351.0,0.303,0.276,0.289,0.291,0.288,0.285,0.282,0.281,0.281,0.282,0.284,0.287,0.327,0.409,0.519,0.641,0.885,1.114,1.323,1.51,1.678,1.827,1.959,2.442
341.0,352.0,0.341,0.313,0.325,0.326,0.322,0.318,0.314,0.312,0.311,0.311,0.312,0.314,0.349,0.427,0.533,0.65,0.888,1.111,1.315,1.498,1.662,1.808,1.937,2.41
341.0,353.0,0.38,0.351,0.362,0.361,0.356,0.351,0.346,0.343,0.341,0.34,0.34,0.341,0.372,0.445,0.547,0.66,0.891,1.109,1.307,1.487,1.647,1.79,1.916,2.379
342.0,343.0,0.046,0.034,0.065,0.078,0.084,0.091,0.099,0.11,0.124,0.138,0.154,0.169,0.272,0.402,0.563,0.741,1.097,1.419,1.704,1.959,2.187,2.392,2.573,3.219
342.0,344.0,0.036,0.026,0.058,0.073,0.082,0.09,0.1,0.113,0.127,0.143,0.16,0.177,0.284,0.416,0.577,0.753,1.104,1.421,1.7,1.949,2.172,2.372,2.55,3.181
342.0,345.0,0.036,0.029,0.062,0.078,0.087,0.097,0.108,0.122,0.137,0.154,0.171,0.189,0.299,0.432,0.592,0.766,1.111,1.422,1.695,1.939,2.157,2.353,2.526,3.143
342.0,346.0,0.046,0.04,0.073,0.09,0.1,0.11,0.122,0.137,0.153,0.17,0.187,0.205,0.316,0.448,0.607,0.778,1.117,1.422,1.69,1.928,2.142,2.333,2.503,3.106
342.0,347.0,0.064,0.058,0.091,0.108,0.119,0.129,0.141,0.156,0.172,0.189,0.207,0.225,0.335,0.466,0.622,0.79,1.123,1.421,1.683,1.917,2.126,2.313,2.479,3.069
342.0,348.0,0.087,0.082,0.115,0.131,0.142,0.152,0.165,0.179,0.195,0.212,0.229,0.247,0.355,0.484,0.637,0.802,1.128,1.42,1.677,1.905,2.11,2.293,2.455,3.033
342.0,349.0,0.116,0.111,0.142,0.159,0.169,0.179,0.191,0.205,0.22,0.237,0.254,0.271,0.377,0.502,0.652,0.814,1.132,1.418,1.67,1.893,2.093,2.273,2.432,2.998
342.0,350.0,0.148,0.142,0.173,0.189,0.199,0.208,0.219,0.233,0.247,0.263,0.28,0.296,0.399,0.521,0.667,0.825,1.137,1.416,1.662,1.881,2.077,2.253,2.409,2.963
342.0,351.0,0.183,0.177,0.207,0.221,0.23,0.239,0.25,0.262,0.276,0.292,0.307,0.323,0.422,0.54,0.682,0.836,1.14,1.414,1.655,1.869,2.061,2.233,2.386,2.929
342.0,352.0,0.221,0.214,0.242,0.256,0.264,0.272,0.282,0.293,0.307,0.321,0.336,0.351,0.445,0.559,0.697,0.847,1.144,1.411,1.647,1.857,2.045,2.213,2.363,2.895
342.0,353.0,0.26,0.252,0.279,0.292,0.299,0.306,0.314,0.325,0.337,0.351,0.365,0.379,0.468,0.578,0.711,0.857,1.147,1.409,1.639,1.845,2.029,2.194,2.341,2.862
342.0,354.0,0.3,0.292,0.317,0.328,0.335,0.34,0.348,0.358,0.369,0.381,0.394,0.407,0.491,0.596,0.726,0.867,1.15,1.406,1.632,1.833,2.013,2.175,2.319,2.829
343.0,344.0,0.004,-0.023,0.008,0.018,0.021,0.022,0.026,0.034,0.043,0.055,0.067,0.081,0.178,0.322,0.506,0.707,1.097,1.443,1.747,2.018,2.26,2.476,2.665,3.35
343.0,345.0,-0.044,-0.066,-0.031,-0.017,-0.01,-0.005,0.003,0.014,0.027,0.041,0.057,0.073,0.182,0.332,0.518,0.718,1.104,1.443,1.741,2.007,2.244,2.455,2.64,3.311
343.0,346.0,-0.071,-0.089,-0.052,-0.035,-0.026,-0.017,-0.007,0.006,0.021,0.038,0.055,0.073,0.19,0.343,0.53,0.729,1.109,1.442,1.734,1.994,2.227,2.433,2.615,3.271
343.0,347.0,-0.083,-0.098,-0.06,-0.041,-0.029,-0.019,-0.007,0.008,0.024,0.042,0.06,0.079,0.201,0.356,0.542,0.738,1.113,1.44,1.726,1.981,2.209,2.411,2.589,3.232
343.0,348.0,-0.082,-0.096,-0.056,-0.036,-0.024,-0.013,0.001,0.016,0.033,0.052,0.071,0.091,0.215,0.369,0.553,0.748,1.115,1.436,1.717,1.967,2.19,2.388,2.563,3.193
343.0,349.0,-0.073,-0.085,-0.045,-0.025,-0.012,0.0,0.014,0.03,0.048,0.066,0.086,0.105,0.23,0.383,0.565,0.756,1.117,1.432,1.708,1.953,2.171,2.366,2.537,3.154
343.0,350.0,-0.056,-0.067,-0.028,-0.007,0.006,0.018,0.032,0.048,0.065,0.084,0.103,0.123,0.247,0.398,0.576,0.764,1.119,1.428,1.698,1.938,2.152,2.343,2.51,3.116
343.0,351.0,-0.033,-0.044,-0.006,0.014,0.027,0.039,0.053,0.069,0.086,0.104,0.123,0.143,0.264,0.413,0.588,0.772,1.12,1.423,1.687,1.923,2.133,2.32,2.484,3.078
343.0,352.0,-0.007,-0.018,0.02,0.039,0.052,0.063,0.077,0.092,0.109,0.127,0.145,0.164,0.282,0.427,0.599,0.779,1.12,1.417,1.677,1.908,2.114,2.297,2.458,3.041
343.0,353.0,0.023,0.011,0.048,0.067,0.078,0.089,0.102,0.117,0.133,0.15,0.168,0.186,0.301,0.442,0.61,0.787,1.121,1.412,1.666,1.893,2.095,2.275,2.433,3.004
343.0,354.0,0.054,0.042,0.078,0.095,0.107,0.117,0.129,0.142,0.158,0.174,0.191,0.209,0.32,0.457,0.621,0.793,1.121,1.406,1.656,1.878,2.076,2.252,2.408,2.968
343.0,355.0,0.088,0.075,0.109,0.126,0.136,0.145,0.156,0.169,0.184,0.199,0.216,0.232,0.338,0.472,0.631,0.8,1.12,1.4,1.645,1.863,2.058,2.23,2.383,2.932
344.0,345.0,-0.025,-0.046,0.003,0.032,0.05,0.064,0.078,0.094,0.112,0.132,0.154,0.177,0.322,0.483,0.668,0.87,1.273,1.637,1.956,2.234,2.478,2.693,2.881,3.584
344.0,346.0,-0.043,-0.061,-0.01,0.021,0.041,0.057,0.073,0.091,0.111,0.133,0.157,0.181,0.333,0.496,0.683,0.883,1.281,1.639,1.951,2.224,2.463,2.674,2.858,3.546
344.0,347.0,-0.049,-0.064,-0.012,0.021,0.042,0.06,0.077,0.096,0.117,0.141,0.165,0.191,0.346,0.511,0.697,0.896,1.288,1.639,1.946,2.214,2.448,2.654,2.834,3.508
344.0,348.0,-0.044,-0.057,-0.005,0.029,0.051,0.07,0.088,0.108,0.13,0.154,0.179,0.205,0.362,0.527,0.711,0.908,1.293,1.639,1.94,2.202,2.432,2.634,2.81,3.471
344.0,349.0,-0.03,-0.042,0.01,0.043,0.066,0.085,0.104,0.124,0.147,0.171,0.196,0.222,0.379,0.544,0.726,0.919,1.299,1.638,1.933,2.19,2.416,2.614,2.787,3.434
344.0,350.0,-0.01,-0.021,0.03,0.064,0.087,0.106,0.125,0.145,0.167,0.191,0.217,0.243,0.399,0.561,0.74,0.931,1.303,1.636,1.926,2.178,2.399,2.593,2.763,3.398
344.0,351.0,0.016,0.005,0.056,0.088,0.111,0.13,0.149,0.169,0.191,0.215,0.24,0.265,0.419,0.578,0.755,0.942,1.307,1.634,1.918,2.166,2.382,2.573,2.739,3.362
344.0,352.0,0.045,0.035,0.085,0.117,0.139,0.157,0.176,0.195,0.217,0.24,0.264,0.289,0.44,0.596,0.769,0.952,1.311,1.631,1.91,2.153,2.365,2.552,2.715,3.326
344.0,353.0,0.079,0.068,0.116,0.148,0.169,0.187,0.205,0.224,0.244,0.267,0.291,0.315,0.462,0.614,0.783,0.963,1.314,1.628,1.902,2.14,2.349,2.532,2.692,3.291
344.0,354.0,0.114,0.103,0.15,0.181,0.201,0.218,0.235,0.253,0.273,0.295,0.318,0.342,0.484,0.632,0.797,0.973,1.317,1.625,1.893,2.127,2.332,2.511,2.668,3.257
344.0,355.0,0.152,0.141,0.186,0.215,0.235,0.251,0.267,0.284,0.303,0.324,0.346,0.369,0.506,0.65,0.811,0.983,1.32,1.622,1.885,2.114,2.315,2.491,2.645,3.223
344.0,356.0,0.191,0.179,0.223,0.251,0.269,0.284,0.299,0.316,0.334,0.354,0.375,0.396,0.528,0.668,0.825,0.992,1.322,1.618,1.876,2.101,2.298,2.471,2.622,3.189
345.0,346.0,-0.023,-0.032,-0.003,0.006,0.009,0.014,0.023,0.035,0.05,0.065,0.081,0.096,0.19,0.32,0.494,0.692,1.087,1.441,1.752,2.03,2.28,2.504,2.703,3.399
345.0,347.0,-0.064,-0.069,-0.037,-0.024,-0.017,-0.009,0.003,0.018,0.036,0.054,0.072,0.089,0.195,0.332,0.509,0.706,1.097,1.444,1.749,2.021,2.265,2.484,2.678,3.358
345.0,348.0,-0.087,-0.089,-0.054,-0.039,-0.03,-0.019,-0.005,0.013,0.032,0.052,0.072,0.091,0.205,0.345,0.523,0.72,1.105,1.446,1.744,2.01,2.249,2.463,2.653,3.318
345.0,349.0,-0.096,-0.095,-0.059,-0.042,-0.031,-0.019,-0.003,0.016,0.036,0.058,0.078,0.099,0.217,0.36,0.538,0.732,1.112,1.446,1.739,1.999,2.232,2.442,2.627,3.278
345.0,350.0,-0.093,-0.091,-0.054,-0.036,-0.024,-0.01,0.007,0.026,0.048,0.069,0.091,0.112,0.233,0.376,0.553,0.745,1.118,1.446,1.732,1.987,2.215,2.42,2.602,3.238
345.0,351.0,-0.081,-0.078,-0.041,-0.022,-0.009,0.005,0.022,0.042,0.064,0.086,0.108,0.129,0.25,0.393,0.567,0.757,1.123,1.444,1.725,1.974,2.198,2.398,2.576,3.199
345.0,352.0,-0.061,-0.057,-0.021,-0.002,0.011,0.025,0.043,0.063,0.084,0.106,0.128,0.149,0.27,0.411,0.582,0.768,1.127,1.442,1.717,1.961,2.18,2.376,2.551,3.161
345.0,353.0,-0.035,-0.032,0.004,0.023,0.036,0.05,0.067,0.087,0.108,0.129,0.151,0.171,0.29,0.429,0.597,0.779,1.131,1.44,1.709,1.948,2.163,2.355,2.525,3.123
345.0,354.0,-0.005,-0.002,0.033,0.051,0.064,0.078,0.094,0.113,0.134,0.155,0.176,0.196,0.312,0.447,0.611,0.79,1.135,1.437,1.7,1.935,2.145,2.333,2.5,3.086
345.0,355.0,0.029,0.032,0.066,0.083,0.095,0.108,0.124,0.142,0.162,0.182,0.202,0.222,0.334,0.466,0.626,0.8,1.138,1.433,1.692,1.921,2.127,2.312,2.475,3.049
345.0,356.0,0.065,0.067,0.1,0.116,0.128,0.14,0.155,0.173,0.191,0.211,0.23,0.249,0.357,0.484,0.64,0.81,1.14,1.43,1.683,1.908,2.11,2.29,2.451,3.013
345.0,357.0,0.104,0.105,0.137,0.152,0.162,0.173,0.188,0.204,0.222,0.24,0.259,0.276,0.38,0.502,0.654,0.82,1.142,1.426,1.674,1.894,2.092,2.269,2.427,2.978
346.0,347.0,0.021,-0.004,0.025,0.037,0.04,0.041,0.043,0.049,0.057,0.068,0.081,0.095,0.189,0.313,0.478,0.668,1.058,1.408,1.715,1.986,2.229,2.447,2.64,3.334
346.0,348.0,-0.022,-0.042,-0.009,0.006,0.012,0.017,0.023,0.031,0.043,0.056,0.072,0.088,0.193,0.323,0.49,0.681,1.066,1.411,1.711,1.977,2.214,2.427,2.616,3.294
346.0,349.0,-0.046,-0.063,-0.029,-0.011,-0.002,0.005,0.014,0.025,0.038,0.054,0.071,0.089,0.201,0.335,0.503,0.692,1.073,1.412,1.706,1.966,2.199,2.406,2.591,3.255
346.0,350.0,-0.056,-0.071,-0.035,-0.016,-0.005,0.004,0.014,0.027,0.042,0.058,0.077,0.096,0.213,0.349,0.516,0.704,1.079,1.412,1.7,1.955,2.182,2.386,2.566,3.216
346.0,351.0,-0.055,-0.068,-0.032,-0.011,0.001,0.011,0.022,0.036,0.051,0.069,0.088,0.107,0.227,0.363,0.53,0.715,1.084,1.41,1.693,1.943,2.165,2.364,2.541,3.178
346.0,352.0,-0.045,-0.057,-0.02,0.001,0.014,0.024,0.036,0.05,0.066,0.084,0.103,0.123,0.243,0.379,0.544,0.726,1.089,1.409,1.686,1.93,2.148,2.343,2.517,3.14
346.0,353.0,-0.027,-0.039,-0.002,0.019,0.032,0.043,0.055,0.069,0.085,0.103,0.122,0.142,0.261,0.395,0.557,0.737,1.092,1.406,1.678,1.917,2.131,2.322,2.492,3.102
346.0,354.0,-0.004,-0.015,0.021,0.042,0.055,0.065,0.077,0.091,0.107,0.125,0.144,0.163,0.28,0.412,0.571,0.747,1.095,1.403,1.669,1.904,2.113,2.301,2.467,3.065
346.0,355.0,0.024,0.013,0.048,0.068,0.081,0.091,0.102,0.116,0.131,0.149,0.167,0.186,0.3,0.429,0.584,0.757,1.098,1.4,1.66,1.89,2.096,2.279,2.442,3.029
346.0,356.0,0.055,0.044,0.078,0.098,0.109,0.119,0.13,0.143,0.158,0.174,0.192,0.21,0.321,0.446,0.598,0.766,1.101,1.396,1.652,1.877,2.078,2.258,2.418,2.993
346.0,357.0,0.09,0.078,0.111,0.129,0.14,0.149,0.159,0.171,0.186,0.201,0.218,0.236,0.342,0.464,0.611,0.776,1.103,1.392,1.643,1.863,2.061,2.237,2.394,2.958
346.0,358.0,0.126,0.114,0.145,0.162,0.172,0.181,0.19,0.201,0.214,0.229,0.245,0.262,0.364,0.481,0.625,0.785,1.105,1.388,1.633,1.85,2.044,2.217,2.37,2.923
347.0,348.0,0.031,-0.006,0.021,0.029,0.032,0.034,0.037,0.042,0.048,0.055,0.063,0.071,0.154,0.299,0.485,0.687,1.089,1.463,1.802,2.106,2.377,2.616,2.827,3.594
347.0,349.0,-0.05,-0.079,-0.047,-0.033,-0.025,-0.017,-0.009,0.001,0.012,0.023,0.035,0.047,0.149,0.304,0.496,0.699,1.1,1.469,1.802,2.101,2.366,2.6,2.806,3.555
347.0,350.0,-0.106,-0.13,-0.094,-0.075,-0.063,-0.051,-0.039,-0.025,-0.011,0.004,0.019,0.034,0.149,0.312,0.507,0.712,1.109,1.473,1.801,2.094,2.353,2.583,2.784,3.516
347.0,351.0,-0.143,-0.163,-0.124,-0.101,-0.086,-0.071,-0.056,-0.04,-0.023,-0.006,0.012,0.03,0.155,0.323,0.52,0.724,1.118,1.476,1.798,2.085,2.34,2.564,2.761,3.477
347.0,352.0,-0.164,-0.18,-0.139,-0.114,-0.096,-0.08,-0.062,-0.044,-0.025,-0.006,0.013,0.032,0.164,0.336,0.533,0.736,1.125,1.478,1.794,2.076,2.325,2.545,2.738,3.439
347.0,353.0,-0.171,-0.185,-0.143,-0.117,-0.097,-0.079,-0.06,-0.04,-0.02,0.0,0.02,0.041,0.177,0.35,0.546,0.747,1.131,1.479,1.789,2.065,2.31,2.525,2.714,3.401
347.0,354.0,-0.169,-0.18,-0.137,-0.11,-0.09,-0.07,-0.05,-0.03,-0.009,0.012,0.033,0.054,0.192,0.365,0.56,0.759,1.137,1.479,1.783,2.054,2.294,2.505,2.69,3.363
347.0,355.0,-0.157,-0.168,-0.124,-0.097,-0.076,-0.056,-0.035,-0.014,0.007,0.028,0.049,0.07,0.21,0.382,0.574,0.77,1.142,1.478,1.777,2.042,2.277,2.484,2.666,3.325
347.0,356.0,-0.138,-0.148,-0.105,-0.078,-0.056,-0.036,-0.016,0.005,0.027,0.048,0.069,0.09,0.229,0.399,0.589,0.781,1.147,1.476,1.77,2.03,2.261,2.464,2.642,3.288
347.0,357.0,-0.114,-0.123,-0.081,-0.054,-0.033,-0.013,0.008,0.028,0.049,0.07,0.091,0.112,0.249,0.416,0.603,0.792,1.151,1.474,1.762,2.018,2.244,2.443,2.618,3.252
347.0,358.0,-0.085,-0.094,-0.053,-0.026,-0.006,0.014,0.034,0.054,0.075,0.095,0.116,0.136,0.271,0.434,0.617,0.803,1.155,1.472,1.754,2.005,2.227,2.422,2.594,3.216
347.0,359.0,-0.053,-0.062,-0.022,0.004,0.024,0.043,0.062,0.082,0.102,0.122,0.142,0.162,0.292,0.453,0.632,0.814,1.159,1.469,1.746,1.992,2.21,2.402,2.57,3.181
348.0,349.0,-0.053,-0.058,-0.021,-0.004,0.009,0.023,0.041,0.062,0.084,0.106,0.128,0.15,0.287,0.46,0.668,0.892,1.332,1.728,2.078,2.392,2.674,2.927,3.151,3.924
348.0,350.0,-0.117,-0.115,-0.074,-0.052,-0.034,-0.015,0.008,0.032,0.058,0.084,0.109,0.134,0.286,0.468,0.682,0.908,1.346,1.735,2.08,2.387,2.664,2.911,3.13,3.887
348.0,351.0,-0.158,-0.152,-0.108,-0.082,-0.06,-0.037,-0.012,0.016,0.044,0.073,0.1,0.128,0.291,0.479,0.696,0.922,1.357,1.741,2.079,2.381,2.652,2.894,3.109,3.849
348.0,352.0,-0.183,-0.174,-0.127,-0.098,-0.073,-0.048,-0.02,0.01,0.04,0.07,0.1,0.129,0.299,0.492,0.71,0.936,1.366,1.745,2.077,2.373,2.638,2.876,3.086,3.812
348.0,353.0,-0.194,-0.182,-0.133,-0.102,-0.076,-0.049,-0.019,0.012,0.044,0.075,0.106,0.136,0.311,0.506,0.724,0.949,1.375,1.747,2.073,2.364,2.624,2.857,3.063,3.775
348.0,354.0,-0.193,-0.179,-0.129,-0.097,-0.07,-0.042,-0.011,0.021,0.054,0.086,0.117,0.148,0.326,0.522,0.739,0.962,1.382,1.748,2.069,2.354,2.609,2.838,3.04,3.739
348.0,355.0,-0.183,-0.168,-0.118,-0.085,-0.057,-0.028,0.003,0.036,0.069,0.101,0.133,0.164,0.343,0.538,0.754,0.974,1.388,1.748,2.063,2.343,2.593,2.818,3.016,3.702
348.0,356.0,-0.165,-0.15,-0.1,-0.067,-0.039,-0.009,0.022,0.055,0.088,0.12,0.152,0.183,0.361,0.555,0.768,0.985,1.393,1.747,2.056,2.331,2.578,2.798,2.993,3.666
348.0,357.0,-0.142,-0.127,-0.077,-0.044,-0.016,0.014,0.045,0.077,0.11,0.142,0.174,0.204,0.381,0.573,0.783,0.997,1.397,1.746,2.049,2.319,2.561,2.778,2.969,3.631
348.0,358.0,-0.114,-0.099,-0.05,-0.017,0.011,0.04,0.07,0.102,0.135,0.166,0.198,0.228,0.402,0.591,0.797,1.007,1.401,1.744,2.042,2.307,2.545,2.757,2.945,3.595
348.0,359.0,-0.082,-0.067,-0.019,0.013,0.04,0.068,0.098,0.13,0.161,0.193,0.223,0.253,0.424,0.609,0.811,1.018,1.405,1.741,2.034,2.295,2.528,2.737,2.922,3.56
348.0,360.0,-0.048,-0.033,0.013,0.044,0.071,0.099,0.128,0.158,0.189,0.22,0.25,0.278,0.446,0.627,0.825,1.028,1.408,1.738,2.026,2.282,2.512,2.717,2.899,3.526
349.0,350.0,0.002,-0.02,0.019,0.044,0.06,0.07,0.078,0.085,0.092,0.1,0.111,0.124,0.243,0.402,0.579,0.767,1.148,1.502,1.816,2.093,2.34,2.56,2.755,3.451
349.0,351.0,-0.028,-0.046,-0.005,0.023,0.041,0.054,0.065,0.074,0.084,0.095,0.108,0.123,0.25,0.413,0.592,0.78,1.157,1.504,1.812,2.084,2.326,2.541,2.731,3.412
349.0,352.0,-0.042,-0.058,-0.015,0.014,0.034,0.049,0.062,0.073,0.085,0.098,0.112,0.128,0.261,0.427,0.605,0.792,1.164,1.506,1.808,2.074,2.31,2.521,2.707,3.373
349.0,353.0,-0.044,-0.058,-0.015,0.015,0.037,0.053,0.067,0.08,0.093,0.107,0.122,0.139,0.276,0.441,0.619,0.804,1.17,1.506,1.802,2.063,2.294,2.5,2.683,3.335
349.0,354.0,-0.037,-0.049,-0.006,0.025,0.047,0.064,0.079,0.093,0.106,0.121,0.137,0.155,0.292,0.457,0.633,0.815,1.176,1.506,1.796,2.051,2.278,2.48,2.658,3.297
349.0,355.0,-0.021,-0.033,0.011,0.041,0.064,0.081,0.096,0.11,0.124,0.139,0.156,0.173,0.31,0.474,0.647,0.827,1.181,1.504,1.789,2.039,2.261,2.459,2.634,3.259
349.0,356.0,0.001,-0.01,0.032,0.063,0.085,0.103,0.118,0.132,0.146,0.161,0.177,0.195,0.33,0.491,0.662,0.838,1.185,1.503,1.781,2.027,2.244,2.438,2.61,3.223
349.0,357.0,0.028,0.017,0.059,0.089,0.111,0.128,0.143,0.156,0.17,0.185,0.201,0.218,0.351,0.509,0.676,0.848,1.189,1.5,1.774,2.014,2.227,2.417,2.585,3.186
349.0,358.0,0.059,0.048,0.089,0.118,0.139,0.156,0.17,0.183,0.197,0.211,0.226,0.243,0.373,0.527,0.69,0.859,1.193,1.498,1.765,2.001,2.21,2.397,2.561,3.15
349.0,359.0,0.093,0.082,0.121,0.149,0.17,0.186,0.2,0.212,0.225,0.238,0.253,0.269,0.395,0.545,0.705,0.87,1.196,1.495,1.757,1.988,2.193,2.376,2.537,3.115
349.0,360.0,0.129,0.118,0.156,0.183,0.203,0.218,0.23,0.242,0.254,0.267,0.281,0.296,0.417,0.563,0.719,0.88,1.199,1.492,1.749,1.975,2.176,2.355,2.514,3.08
349.0,361.0,0.168,0.156,0.193,0.218,0.237,0.251,0.263,0.273,0.284,0.296,0.309,0.324,0.44,0.581,0.733,0.89,1.202,1.488,1.74,1.962,2.16,2.335,2.491,3.046
350.0,351.0,0.003,-0.02,0.02,0.046,0.063,0.074,0.082,0.09,0.098,0.107,0.117,0.13,0.245,0.401,0.579,0.769,1.151,1.501,1.81,2.083,2.325,2.542,2.734,3.424
350.0,352.0,-0.021,-0.042,0.001,0.029,0.048,0.061,0.072,0.082,0.092,0.104,0.117,0.131,0.254,0.414,0.592,0.781,1.158,1.503,1.806,2.073,2.311,2.522,2.71,3.386
350.0,353.0,-0.032,-0.05,-0.007,0.023,0.044,0.059,0.072,0.084,0.095,0.108,0.123,0.139,0.266,0.427,0.606,0.793,1.165,1.503,1.801,2.062,2.295,2.502,2.686,3.347
350.0,354.0,-0.031,-0.047,-0.003,0.027,0.049,0.065,0.079,0.092,0.105,0.119,0.134,0.151,0.281,0.442,0.619,0.805,1.171,1.503,1.795,2.051,2.279,2.482,2.661,3.309
350.0,355.0,-0.021,-0.036,0.008,0.039,0.061,0.078,0.093,0.106,0.12,0.134,0.15,0.167,0.298,0.458,0.633,0.816,1.176,1.502,1.788,2.039,2.262,2.461,2.637,3.271
350.0,356.0,-0.003,-0.017,0.026,0.056,0.079,0.096,0.111,0.125,0.138,0.153,0.169,0.186,0.317,0.475,0.647,0.827,1.18,1.5,1.78,2.027,2.246,2.44,2.613,3.234
350.0,357.0,0.02,0.006,0.049,0.079,0.101,0.118,0.133,0.147,0.161,0.175,0.191,0.208,0.336,0.492,0.662,0.838,1.184,1.498,1.773,2.014,2.229,2.419,2.588,3.197
350.0,358.0,0.048,0.035,0.076,0.106,0.127,0.144,0.158,0.172,0.185,0.199,0.215,0.231,0.357,0.51,0.676,0.848,1.188,1.495,1.765,2.001,2.211,2.399,2.564,3.161
350.0,359.0,0.08,0.066,0.107,0.135,0.156,0.172,0.186,0.199,0.212,0.225,0.24,0.256,0.379,0.527,0.69,0.858,1.191,1.492,1.756,1.988,2.194,2.378,2.54,3.126
350.0,360.0,0.114,0.1,0.14,0.167,0.187,0.203,0.216,0.228,0.24,0.253,0.267,0.282,0.4,0.545,0.703,0.868,1.194,1.489,1.748,1.975,2.177,2.357,2.516,3.091
350.0,361.0,0.151,0.136,0.174,0.201,0.22,0.234,0.246,0.258,0.269,0.281,0.295,0.309,0.423,0.563,0.717,0.878,1.197,1.486,1.739,1.962,2.16,2.337,2.493,3.056
350.0,362.0,0.189,0.174,0.211,0.236,0.254,0.267,0.278,0.289,0.299,0.31,0.323,0.336,0.445,0.581,0.731,0.888,1.199,1.482,1.731,1.949,2.144,2.317,2.47,3.022
351.0,352.0,-0.027,-0.033,0.01,0.038,0.061,0.082,0.104,0.126,0.148,0.17,0.192,0.214,0.355,0.531,0.728,0.928,1.304,1.64,1.94,2.208,2.445,2.653,2.836,3.49
351.0,353.0,-0.013,-0.019,0.025,0.054,0.076,0.098,0.12,0.143,0.165,0.187,0.209,0.231,0.372,0.547,0.742,0.939,1.308,1.639,1.933,2.196,2.428,2.633,2.812,3.453
351.0,354.0,0.007,0.002,0.046,0.074,0.097,0.119,0.141,0.163,0.185,0.207,0.229,0.251,0.391,0.564,0.756,0.949,1.312,1.637,1.926,2.183,2.412,2.612,2.788,3.417
351.0,355.0,0.032,0.028,0.07,0.098,0.121,0.142,0.164,0.186,0.208,0.23,0.252,0.273,0.411,0.581,0.769,0.959,1.316,1.634,1.918,2.171,2.395,2.592,2.764,3.381
351.0,356.0,0.061,0.057,0.099,0.126,0.148,0.169,0.19,0.212,0.233,0.255,0.276,0.297,0.432,0.598,0.783,0.969,1.319,1.631,1.91,2.158,2.378,2.571,2.74,3.346
351.0,357.0,0.094,0.089,0.13,0.156,0.178,0.198,0.219,0.239,0.26,0.281,0.301,0.322,0.453,0.615,0.796,0.979,1.322,1.628,1.902,2.145,2.36,2.55,2.716,3.311
351.0,358.0,0.129,0.124,0.163,0.189,0.209,0.229,0.248,0.268,0.288,0.308,0.328,0.348,0.475,0.633,0.81,0.989,1.324,1.625,1.893,2.132,2.343,2.53,2.692,3.276
351.0,359.0,0.166,0.16,0.198,0.222,0.242,0.26,0.279,0.298,0.318,0.337,0.355,0.374,0.497,0.651,0.823,0.998,1.327,1.621,1.884,2.119,2.326,2.509,2.669,3.243
351.0,360.0,0.204,0.198,0.234,0.257,0.276,0.293,0.311,0.329,0.347,0.365,0.383,0.401,0.519,0.668,0.836,1.007,1.329,1.618,1.876,2.106,2.31,2.489,2.646,3.209
351.0,361.0,0.243,0.236,0.271,0.293,0.31,0.327,0.343,0.36,0.377,0.395,0.411,0.428,0.541,0.685,0.849,1.016,1.331,1.614,1.867,2.093,2.293,2.469,2.623,3.176
351.0,362.0,0.283,0.275,0.309,0.329,0.345,0.36,0.376,0.392,0.408,0.424,0.44,0.456,0.563,0.703,0.862,1.025,1.333,1.61,1.858,2.08,2.276,2.449,2.601,3.144
351.0,363.0,0.324,0.315,0.346,0.366,0.38,0.394,0.409,0.424,0.438,0.453,0.468,0.483,0.585,0.72,0.874,1.033,1.335,1.606,1.85,2.067,2.26,2.43,2.578,3.112
352.0,353.0,-0.035,-0.041,0.002,0.03,0.052,0.073,0.094,0.115,0.137,0.158,0.18,0.201,0.342,0.514,0.706,0.9,1.267,1.596,1.888,2.147,2.376,2.577,2.754,3.394
352.0,354.0,-0.013,-0.019,0.024,0.052,0.074,0.094,0.115,0.137,0.158,0.18,0.201,0.223,0.362,0.532,0.721,0.911,1.272,1.594,1.881,2.134,2.359,2.557,2.73,3.357
352.0,355.0,0.014,0.008,0.05,0.077,0.099,0.119,0.14,0.161,0.182,0.204,0.225,0.246,0.383,0.55,0.735,0.922,1.276,1.592,1.873,2.122,2.342,2.536,2.706,3.321
352.0,356.0,0.044,0.038,0.08,0.106,0.127,0.147,0.168,0.188,0.209,0.229,0.25,0.271,0.405,0.568,0.749,0.933,1.279,1.59,1.865,2.109,2.325,2.515,2.682,3.285
352.0,357.0,0.078,0.072,0.112,0.138,0.158,0.177,0.197,0.217,0.237,0.257,0.277,0.297,0.427,0.586,0.764,0.943,1.283,1.587,1.857,2.096,2.308,2.495,2.658,3.25
352.0,358.0,0.115,0.108,0.147,0.172,0.191,0.209,0.228,0.247,0.266,0.285,0.305,0.324,0.45,0.605,0.778,0.954,1.286,1.584,1.849,2.083,2.291,2.474,2.635,3.215
352.0,359.0,0.153,0.145,0.183,0.207,0.225,0.242,0.26,0.278,0.296,0.315,0.333,0.351,0.473,0.623,0.792,0.964,1.289,1.58,1.84,2.07,2.274,2.454,2.611,3.181
352.0,360.0,0.193,0.184,0.22,0.243,0.26,0.276,0.293,0.31,0.327,0.345,0.362,0.38,0.496,0.641,0.806,0.973,1.291,1.577,1.832,2.057,2.257,2.434,2.588,3.147
352.0,361.0,0.233,0.224,0.259,0.28,0.296,0.311,0.326,0.342,0.359,0.375,0.391,0.408,0.519,0.66,0.819,0.983,1.294,1.574,1.823,2.045,2.241,2.414,2.565,3.114
352.0,362.0,0.275,0.265,0.297,0.317,0.332,0.346,0.36,0.375,0.39,0.405,0.421,0.436,0.542,0.678,0.833,0.992,1.296,1.57,1.814,2.032,2.224,2.394,2.543,3.081
352.0,363.0,0.316,0.306,0.337,0.355,0.368,0.381,0.394,0.408,0.422,0.436,0.45,0.465,0.564,0.695,0.846,1.001,1.298,1.566,1.806,2.019,2.208,2.374,2.52,3.049
352.0,364.0,0.359,0.347,0.376,0.393,0.405,0.416,0.428,0.441,0.453,0.466,0.48,0.493,0.587,0.713,0.859,1.01,1.3,1.563,1.797,2.006,2.192,2.355,2.499,3.018
353.0,354.0,0.015,0.001,0.044,0.07,0.085,0.097,0.109,0.123,0.139,0.156,0.176,0.196,0.33,0.475,0.637,0.81,1.158,1.475,1.752,1.994,2.208,2.395,2.559,3.169
353.0,355.0,0.043,0.029,0.071,0.096,0.111,0.123,0.134,0.148,0.163,0.18,0.199,0.219,0.35,0.493,0.651,0.821,1.162,1.472,1.744,1.982,2.191,2.375,2.536,3.134
353.0,356.0,0.074,0.059,0.101,0.125,0.14,0.151,0.162,0.175,0.189,0.206,0.224,0.244,0.371,0.51,0.665,0.832,1.166,1.47,1.736,1.969,2.175,2.355,2.513,3.099
353.0,357.0,0.107,0.093,0.133,0.156,0.17,0.181,0.191,0.203,0.217,0.233,0.251,0.27,0.393,0.528,0.679,0.842,1.169,1.467,1.728,1.957,2.158,2.335,2.49,3.065
353.0,358.0,0.143,0.129,0.167,0.189,0.202,0.212,0.222,0.233,0.246,0.261,0.278,0.296,0.415,0.546,0.693,0.852,1.172,1.464,1.72,1.944,2.142,2.315,2.467,3.032
353.0,359.0,0.181,0.166,0.203,0.224,0.236,0.244,0.253,0.264,0.276,0.29,0.306,0.323,0.437,0.564,0.707,0.862,1.175,1.461,1.712,1.932,2.125,2.296,2.445,2.999
353.0,360.0,0.22,0.204,0.239,0.259,0.27,0.278,0.285,0.295,0.306,0.32,0.335,0.351,0.459,0.581,0.72,0.872,1.178,1.458,1.704,1.919,2.109,2.276,2.423,2.967
353.0,361.0,0.26,0.243,0.277,0.295,0.305,0.311,0.318,0.327,0.337,0.349,0.363,0.378,0.482,0.599,0.734,0.881,1.18,1.454,1.695,1.907,2.093,2.257,2.401,2.935
353.0,362.0,0.3,0.283,0.315,0.331,0.34,0.345,0.351,0.358,0.368,0.379,0.392,0.406,0.504,0.617,0.747,0.89,1.182,1.451,1.687,1.895,2.077,2.238,2.379,2.903
353.0,363.0,0.341,0.322,0.353,0.368,0.375,0.38,0.384,0.39,0.399,0.409,0.421,0.434,0.526,0.634,0.76,0.9,1.185,1.447,1.679,1.882,2.062,2.22,2.358,2.872
353.0,364.0,0.382,0.362,0.391,0.405,0.411,0.414,0.417,0.422,0.43,0.439,0.449,0.461,0.548,0.651,0.773,0.908,1.187,1.444,1.671,1.87,2.046,2.201,2.337,2.842
353.0,365.0,0.423,0.402,0.429,0.441,0.446,0.448,0.45,0.454,0.46,0.468,0.478,0.489,0.569,0.668,0.786,0.917,1.189,1.44,1.663,1.858,2.031,2.183,2.316,2.812
354.0,355.0,-0.005,0.0,0.042,0.066,0.084,0.102,0.121,0.144,0.168,0.193,0.219,0.244,0.389,0.538,0.708,0.89,1.245,1.557,1.827,2.063,2.274,2.461,2.628,3.217
354.0,356.0,0.038,0.042,0.082,0.106,0.122,0.139,0.157,0.178,0.201,0.226,0.25,0.275,0.414,0.558,0.723,0.9,1.248,1.554,1.818,2.05,2.256,2.44,2.604,3.181
354.0,357.0,0.082,0.086,0.124,0.146,0.161,0.176,0.194,0.214,0.235,0.259,0.282,0.305,0.439,0.578,0.738,0.911,1.251,1.55,1.809,2.036,2.239,2.419,2.579,3.146
354.0,358.0,0.127,0.129,0.166,0.186,0.2,0.214,0.23,0.249,0.27,0.292,0.314,0.336,0.463,0.598,0.753,0.921,1.253,1.546,1.8,2.023,2.221,2.399,2.556,3.111
354.0,359.0,0.173,0.173,0.208,0.227,0.24,0.252,0.267,0.285,0.304,0.325,0.346,0.367,0.488,0.617,0.768,0.932,1.256,1.542,1.791,2.01,2.204,2.378,2.532,3.077
354.0,360.0,0.218,0.218,0.25,0.268,0.279,0.291,0.304,0.32,0.338,0.358,0.378,0.397,0.513,0.636,0.782,0.942,1.258,1.538,1.782,1.996,2.188,2.358,2.509,3.044
354.0,361.0,0.264,0.262,0.293,0.309,0.319,0.329,0.341,0.356,0.372,0.391,0.409,0.428,0.537,0.655,0.796,0.951,1.26,1.535,1.773,1.983,2.171,2.338,2.487,3.011
354.0,362.0,0.309,0.306,0.335,0.349,0.358,0.366,0.377,0.391,0.406,0.423,0.441,0.458,0.561,0.674,0.81,0.961,1.262,1.531,1.764,1.971,2.155,2.319,2.464,2.979
354.0,363.0,0.354,0.35,0.377,0.389,0.397,0.404,0.413,0.426,0.44,0.455,0.471,0.488,0.584,0.692,0.824,0.97,1.263,1.527,1.756,1.958,2.138,2.299,2.442,2.947
354.0,364.0,0.399,0.393,0.418,0.429,0.435,0.441,0.449,0.46,0.473,0.487,0.502,0.517,0.608,0.711,0.837,0.979,1.265,1.522,1.747,1.946,2.123,2.281,2.421,2.916
354.0,365.0,0.443,0.436,0.459,0.469,0.473,0.478,0.485,0.494,0.506,0.519,0.532,0.546,0.63,0.728,0.85,0.987,1.267,1.518,1.739,1.933,2.107,2.262,2.399,2.886
354.0,366.0,0.487,0.478,0.5,0.508,0.511,0.514,0.519,0.528,0.538,0.55,0.562,0.575,0.653,0.746,0.863,0.996,1.268,1.514,1.73,1.921,2.091,2.244,2.379,2.856
355.0,356.0,-0.015,-0.004,0.05,0.086,0.113,0.137,0.161,0.188,0.216,0.246,0.276,0.307,0.481,0.646,0.819,1.0,1.351,1.656,1.916,2.14,2.337,2.511,2.665,3.228
355.0,357.0,0.06,0.067,0.118,0.15,0.174,0.196,0.218,0.241,0.267,0.294,0.322,0.351,0.513,0.669,0.835,1.01,1.351,1.649,1.904,2.124,2.317,2.488,2.64,3.193
355.0,358.0,0.129,0.134,0.181,0.211,0.232,0.251,0.27,0.292,0.315,0.34,0.366,0.392,0.544,0.691,0.85,1.019,1.351,1.643,1.892,2.108,2.298,2.466,2.615,3.158
355.0,359.0,0.194,0.197,0.241,0.268,0.287,0.303,0.32,0.339,0.36,0.383,0.407,0.431,0.573,0.713,0.865,1.028,1.351,1.637,1.881,2.093,2.28,2.445,2.591,3.125
355.0,360.0,0.256,0.256,0.297,0.321,0.338,0.352,0.367,0.384,0.403,0.424,0.446,0.468,0.6,0.733,0.879,1.037,1.352,1.631,1.87,2.078,2.262,2.424,2.568,3.092
355.0,361.0,0.314,0.312,0.35,0.373,0.387,0.399,0.412,0.427,0.444,0.463,0.483,0.504,0.627,0.753,0.893,1.046,1.352,1.625,1.86,2.064,2.244,2.404,2.545,3.06
355.0,362.0,0.37,0.366,0.401,0.421,0.433,0.444,0.455,0.468,0.483,0.5,0.519,0.538,0.653,0.772,0.907,1.055,1.353,1.62,1.85,2.05,2.227,2.384,2.522,3.028
355.0,363.0,0.423,0.417,0.45,0.468,0.478,0.486,0.496,0.507,0.521,0.536,0.553,0.571,0.678,0.79,0.92,1.063,1.353,1.615,1.84,2.037,2.21,2.364,2.5,2.997
355.0,364.0,0.473,0.466,0.497,0.512,0.521,0.527,0.535,0.545,0.557,0.571,0.586,0.602,0.701,0.808,0.933,1.071,1.354,1.61,1.831,2.023,2.194,2.345,2.479,2.967
355.0,365.0,0.522,0.513,0.542,0.555,0.562,0.567,0.573,0.581,0.592,0.604,0.618,0.633,0.725,0.825,0.945,1.079,1.355,1.605,1.821,2.011,2.178,2.326,2.458,2.937
355.0,366.0,0.57,0.559,0.585,0.597,0.602,0.605,0.61,0.617,0.626,0.637,0.649,0.662,0.747,0.842,0.957,1.087,1.356,1.6,1.812,1.998,2.162,2.308,2.437,2.908
355.0,367.0,0.615,0.603,0.627,0.637,0.641,0.642,0.646,0.651,0.659,0.668,0.679,0.691,0.769,0.859,0.969,1.095,1.356,1.595,1.803,1.985,2.147,2.29,2.417,2.879
356.0,357.0,0.02,0.04,0.082,0.11,0.133,0.156,0.182,0.209,0.237,0.265,0.292,0.319,0.465,0.616,0.78,0.949,1.263,1.53,1.759,1.96,2.141,2.302,2.445,2.942
356.0,358.0,0.119,0.133,0.171,0.194,0.212,0.232,0.253,0.276,0.301,0.325,0.349,0.372,0.502,0.639,0.794,0.956,1.259,1.52,1.745,1.943,2.121,2.279,2.42,2.909
356.0,359.0,0.207,0.217,0.25,0.269,0.283,0.299,0.317,0.337,0.358,0.379,0.4,0.42,0.535,0.661,0.807,0.962,1.256,1.511,1.732,1.927,2.101,2.257,2.396,2.878
356.0,360.0,0.286,0.292,0.321,0.336,0.348,0.36,0.375,0.392,0.41,0.428,0.446,0.464,0.566,0.682,0.82,0.969,1.254,1.503,1.72,1.911,2.083,2.236,2.372,2.846
356.0,361.0,0.358,0.361,0.386,0.398,0.406,0.416,0.428,0.442,0.458,0.473,0.489,0.505,0.595,0.702,0.833,0.975,1.252,1.496,1.708,1.897,2.065,2.216,2.35,2.816
356.0,362.0,0.423,0.423,0.446,0.455,0.46,0.467,0.477,0.489,0.502,0.515,0.529,0.542,0.622,0.72,0.844,0.982,1.251,1.489,1.697,1.882,2.048,2.197,2.328,2.786
356.0,363.0,0.484,0.481,0.5,0.507,0.51,0.515,0.522,0.532,0.543,0.554,0.566,0.577,0.647,0.738,0.856,0.988,1.25,1.483,1.687,1.869,2.032,2.178,2.307,2.757
356.0,364.0,0.54,0.535,0.551,0.555,0.557,0.559,0.564,0.572,0.581,0.591,0.6,0.61,0.671,0.755,0.867,0.994,1.249,1.477,1.677,1.856,2.016,2.159,2.286,2.729
356.0,365.0,0.592,0.585,0.599,0.601,0.6,0.601,0.604,0.61,0.617,0.625,0.633,0.641,0.694,0.772,0.878,1.001,1.249,1.472,1.668,1.843,2.001,2.141,2.266,2.701
356.0,366.0,0.641,0.632,0.644,0.644,0.641,0.64,0.642,0.646,0.651,0.657,0.664,0.671,0.716,0.787,0.889,1.007,1.248,1.466,1.659,1.831,1.986,2.124,2.247,2.674
356.0,367.0,0.688,0.677,0.686,0.685,0.68,0.677,0.677,0.68,0.684,0.688,0.694,0.699,0.737,0.803,0.899,1.013,1.248,1.461,1.65,1.819,1.971,2.107,2.227,2.647
356.0,368.0,0.732,0.719,0.727,0.723,0.717,0.713,0.711,0.712,0.715,0.718,0.722,0.726,0.758,0.818,0.909,1.019,1.247,1.456,1.642,1.808,1.957,2.09,2.208,2.621
357.0,358.0,-0.013,-0.005,0.055,0.097,0.13,0.159,0.187,0.215,0.244,0.275,0.307,0.338,0.522,0.695,0.868,1.042,1.37,1.656,1.902,2.113,2.297,2.457,2.596,3.117
357.0,359.0,0.089,0.093,0.147,0.185,0.213,0.238,0.261,0.285,0.311,0.338,0.366,0.394,0.56,0.72,0.884,1.05,1.368,1.647,1.888,2.095,2.275,2.433,2.569,3.083
357.0,360.0,0.181,0.181,0.23,0.264,0.288,0.308,0.328,0.349,0.371,0.395,0.419,0.444,0.595,0.744,0.899,1.059,1.367,1.639,1.875,2.078,2.255,2.41,2.544,3.049
357.0,361.0,0.264,0.26,0.305,0.335,0.356,0.373,0.389,0.407,0.426,0.446,0.468,0.491,0.628,0.766,0.913,1.067,1.366,1.632,1.862,2.062,2.236,2.388,2.52,3.017
357.0,362.0,0.34,0.333,0.374,0.4,0.418,0.432,0.445,0.46,0.476,0.494,0.513,0.534,0.658,0.787,0.927,1.075,1.365,1.625,1.851,2.046,2.217,2.366,2.496,2.985
357.0,363.0,0.409,0.399,0.437,0.46,0.475,0.486,0.497,0.509,0.523,0.538,0.555,0.573,0.686,0.806,0.94,1.083,1.365,1.619,1.84,2.032,2.199,2.346,2.474,2.954
357.0,364.0,0.472,0.46,0.495,0.515,0.527,0.536,0.545,0.555,0.566,0.58,0.595,0.61,0.713,0.825,0.953,1.09,1.364,1.613,1.829,2.017,2.182,2.326,2.452,2.924
357.0,365.0,0.532,0.518,0.549,0.567,0.577,0.583,0.589,0.597,0.607,0.618,0.631,0.645,0.738,0.843,0.965,1.098,1.364,1.607,1.819,2.004,2.165,2.306,2.43,2.894
357.0,366.0,0.587,0.571,0.6,0.615,0.623,0.627,0.632,0.637,0.645,0.655,0.666,0.678,0.762,0.861,0.977,1.105,1.365,1.601,1.809,1.99,2.149,2.287,2.409,2.865
357.0,367.0,0.639,0.621,0.648,0.661,0.666,0.669,0.671,0.675,0.681,0.689,0.699,0.71,0.785,0.877,0.988,1.112,1.365,1.596,1.8,1.977,2.133,2.269,2.388,2.836
357.0,368.0,0.688,0.669,0.693,0.704,0.707,0.708,0.709,0.711,0.716,0.722,0.73,0.739,0.807,0.893,0.999,1.119,1.365,1.591,1.79,1.965,2.117,2.251,2.368,2.809
357.0,369.0,0.735,0.714,0.736,0.745,0.747,0.746,0.745,0.746,0.749,0.754,0.76,0.768,0.829,0.908,1.01,1.126,1.365,1.586,1.782,1.952,2.102,2.233,2.349,2.781
358.0,359.0,0.032,0.036,0.08,0.111,0.138,0.164,0.19,0.216,0.241,0.265,0.289,0.312,0.457,0.62,0.791,0.957,1.261,1.527,1.761,1.967,2.148,2.306,2.444,2.942
358.0,360.0,0.125,0.125,0.164,0.191,0.214,0.236,0.258,0.28,0.302,0.323,0.343,0.364,0.492,0.644,0.806,0.966,1.26,1.519,1.748,1.95,2.128,2.284,2.419,2.91
358.0,361.0,0.21,0.206,0.24,0.264,0.283,0.301,0.32,0.339,0.357,0.375,0.393,0.41,0.525,0.666,0.82,0.974,1.259,1.512,1.736,1.934,2.109,2.262,2.396,2.879
358.0,362.0,0.286,0.279,0.31,0.33,0.346,0.361,0.377,0.392,0.408,0.423,0.438,0.454,0.556,0.687,0.834,0.982,1.259,1.505,1.724,1.919,2.09,2.241,2.373,2.849
358.0,363.0,0.356,0.347,0.374,0.39,0.403,0.416,0.429,0.442,0.455,0.468,0.481,0.494,0.585,0.707,0.847,0.99,1.258,1.499,1.714,1.904,2.073,2.221,2.35,2.819
358.0,364.0,0.421,0.409,0.433,0.447,0.457,0.467,0.477,0.488,0.499,0.509,0.52,0.531,0.612,0.727,0.86,0.998,1.258,1.493,1.704,1.891,2.056,2.202,2.329,2.79
358.0,365.0,0.481,0.467,0.488,0.499,0.507,0.514,0.523,0.531,0.54,0.548,0.557,0.567,0.638,0.745,0.873,1.005,1.259,1.488,1.694,1.877,2.04,2.183,2.308,2.761
358.0,366.0,0.537,0.521,0.539,0.548,0.554,0.559,0.565,0.572,0.578,0.585,0.592,0.6,0.663,0.763,0.885,1.012,1.259,1.483,1.684,1.864,2.024,2.164,2.287,2.733
358.0,367.0,0.59,0.571,0.588,0.594,0.598,0.601,0.605,0.61,0.615,0.62,0.625,0.631,0.686,0.779,0.896,1.02,1.259,1.478,1.676,1.852,2.009,2.147,2.268,2.706
358.0,368.0,0.64,0.619,0.633,0.638,0.639,0.641,0.643,0.646,0.649,0.653,0.657,0.661,0.709,0.796,0.907,1.027,1.26,1.474,1.667,1.84,1.994,2.129,2.248,2.679
358.0,369.0,0.687,0.665,0.677,0.679,0.679,0.679,0.679,0.681,0.682,0.685,0.687,0.69,0.73,0.812,0.918,1.034,1.26,1.469,1.658,1.828,1.979,2.112,2.229,2.652
358.0,370.0,0.732,0.708,0.718,0.719,0.717,0.715,0.714,0.714,0.714,0.715,0.716,0.718,0.751,0.827,0.929,1.04,1.261,1.465,1.65,1.817,1.965,2.096,2.21,2.627
359.0,360.0,0.07,0.072,0.115,0.145,0.168,0.186,0.203,0.221,0.241,0.262,0.284,0.307,0.448,0.586,0.726,0.872,1.159,1.413,1.63,1.818,1.982,2.127,2.256,2.722
359.0,361.0,0.17,0.168,0.206,0.232,0.249,0.263,0.276,0.29,0.305,0.322,0.341,0.36,0.485,0.61,0.741,0.88,1.156,1.403,1.616,1.8,1.962,2.105,2.231,2.691
359.0,362.0,0.26,0.254,0.288,0.309,0.322,0.332,0.341,0.352,0.363,0.377,0.392,0.409,0.518,0.632,0.755,0.887,1.154,1.395,1.603,1.783,1.942,2.083,2.207,2.66
359.0,363.0,0.34,0.331,0.361,0.378,0.388,0.395,0.401,0.407,0.416,0.427,0.439,0.453,0.548,0.653,0.769,0.895,1.152,1.387,1.59,1.768,1.924,2.062,2.185,2.63
359.0,364.0,0.413,0.401,0.428,0.442,0.448,0.452,0.455,0.459,0.464,0.472,0.482,0.493,0.577,0.673,0.782,0.902,1.151,1.379,1.579,1.753,1.906,2.043,2.163,2.601
359.0,365.0,0.48,0.465,0.488,0.499,0.503,0.504,0.504,0.506,0.509,0.514,0.522,0.531,0.603,0.691,0.794,0.909,1.15,1.373,1.568,1.739,1.89,2.024,2.142,2.573
359.0,366.0,0.541,0.524,0.544,0.553,0.554,0.552,0.55,0.549,0.55,0.554,0.559,0.566,0.629,0.709,0.806,0.916,1.149,1.367,1.558,1.725,1.874,2.005,2.122,2.545
359.0,367.0,0.598,0.579,0.596,0.602,0.601,0.597,0.593,0.59,0.589,0.59,0.594,0.599,0.652,0.726,0.818,0.923,1.149,1.361,1.548,1.712,1.858,1.987,2.102,2.518
359.0,368.0,0.65,0.63,0.645,0.648,0.645,0.639,0.633,0.628,0.625,0.625,0.626,0.63,0.675,0.743,0.829,0.93,1.149,1.355,1.539,1.7,1.843,1.97,2.082,2.492
359.0,369.0,0.7,0.677,0.69,0.692,0.687,0.679,0.671,0.664,0.659,0.657,0.657,0.659,0.696,0.758,0.84,0.937,1.149,1.35,1.53,1.688,1.828,1.953,2.064,2.466
359.0,370.0,0.746,0.722,0.733,0.732,0.726,0.716,0.706,0.698,0.692,0.688,0.686,0.687,0.717,0.773,0.85,0.944,1.149,1.346,1.521,1.677,1.814,1.937,2.045,2.441
359.0,371.0,0.79,0.765,0.773,0.771,0.763,0.752,0.74,0.73,0.723,0.717,0.715,0.714,0.737,0.788,0.861,0.95,1.149,1.341,1.513,1.665,1.801,1.921,2.028,2.416
360.0,361.0,0.116,0.132,0.182,0.22,0.253,0.285,0.317,0.349,0.38,0.411,0.441,0.469,0.628,0.781,0.932,1.077,1.33,1.539,1.718,1.874,2.012,2.135,2.242,2.626
360.0,362.0,0.284,0.29,0.33,0.359,0.383,0.407,0.43,0.454,0.478,0.501,0.524,0.546,0.673,0.803,0.94,1.075,1.318,1.522,1.697,1.852,1.988,2.11,2.216,2.595
360.0,363.0,0.423,0.422,0.453,0.475,0.492,0.508,0.525,0.542,0.559,0.577,0.594,0.611,0.711,0.823,0.948,1.074,1.308,1.507,1.679,1.832,1.967,2.086,2.191,2.565
360.0,364.0,0.539,0.532,0.557,0.572,0.583,0.593,0.604,0.616,0.628,0.641,0.653,0.666,0.744,0.841,0.955,1.074,1.299,1.494,1.664,1.813,1.946,2.064,2.168,2.537
360.0,365.0,0.637,0.625,0.644,0.654,0.66,0.665,0.672,0.679,0.687,0.695,0.704,0.713,0.772,0.856,0.962,1.075,1.292,1.483,1.649,1.797,1.928,2.044,2.146,2.509
360.0,366.0,0.721,0.704,0.719,0.724,0.726,0.727,0.73,0.733,0.738,0.743,0.748,0.753,0.798,0.871,0.968,1.076,1.286,1.473,1.636,1.781,1.91,2.024,2.125,2.483
360.0,367.0,0.792,0.772,0.783,0.784,0.782,0.781,0.78,0.78,0.782,0.784,0.786,0.789,0.82,0.884,0.974,1.077,1.281,1.463,1.624,1.766,1.893,2.006,2.105,2.457
360.0,368.0,0.855,0.831,0.839,0.837,0.832,0.827,0.824,0.821,0.82,0.82,0.82,0.821,0.841,0.896,0.981,1.079,1.277,1.455,1.613,1.753,1.878,1.988,2.085,2.432
360.0,369.0,0.909,0.883,0.888,0.883,0.876,0.869,0.863,0.858,0.855,0.852,0.85,0.849,0.859,0.907,0.987,1.081,1.273,1.448,1.602,1.74,1.863,1.971,2.067,2.408
360.0,370.0,0.958,0.929,0.931,0.924,0.915,0.905,0.897,0.891,0.885,0.881,0.877,0.874,0.876,0.918,0.992,1.083,1.27,1.44,1.592,1.727,1.848,1.955,2.049,2.384
360.0,371.0,1.001,0.971,0.97,0.962,0.95,0.939,0.929,0.92,0.913,0.907,0.902,0.898,0.892,0.928,0.998,1.085,1.267,1.434,1.583,1.716,1.834,1.939,2.031,2.361
360.0,372.0,1.04,1.008,1.006,0.995,0.982,0.969,0.957,0.948,0.939,0.931,0.925,0.919,0.907,0.937,1.003,1.087,1.264,1.428,1.574,1.704,1.821,1.924,2.014,2.338
361.0,362.0,0.152,0.152,0.182,0.204,0.221,0.235,0.249,0.262,0.275,0.29,0.304,0.319,0.415,0.516,0.624,0.732,0.937,1.117,1.272,1.408,1.527,1.632,1.724,2.059
361.0,363.0,0.302,0.293,0.316,0.33,0.34,0.346,0.352,0.358,0.365,0.373,0.381,0.39,0.456,0.538,0.632,0.733,0.928,1.102,1.254,1.387,1.505,1.609,1.7,2.032
361.0,364.0,0.428,0.413,0.429,0.437,0.44,0.441,0.44,0.441,0.441,0.443,0.446,0.45,0.492,0.557,0.641,0.734,0.92,1.089,1.238,1.369,1.485,1.588,1.678,2.006
361.0,365.0,0.535,0.515,0.526,0.528,0.526,0.521,0.516,0.511,0.507,0.504,0.503,0.503,0.523,0.575,0.649,0.736,0.914,1.078,1.224,1.353,1.467,1.568,1.657,1.982
361.0,366.0,0.627,0.603,0.609,0.607,0.6,0.591,0.581,0.572,0.564,0.557,0.552,0.548,0.552,0.591,0.658,0.738,0.909,1.069,1.212,1.338,1.451,1.55,1.638,1.958
361.0,367.0,0.706,0.679,0.681,0.674,0.664,0.651,0.638,0.625,0.614,0.604,0.596,0.589,0.577,0.606,0.666,0.741,0.906,1.061,1.201,1.325,1.436,1.534,1.62,1.935
361.0,368.0,0.775,0.745,0.743,0.734,0.72,0.704,0.688,0.672,0.658,0.645,0.634,0.625,0.6,0.62,0.673,0.745,0.903,1.054,1.191,1.313,1.422,1.518,1.603,1.914
361.0,369.0,0.836,0.803,0.798,0.786,0.769,0.751,0.732,0.713,0.697,0.682,0.668,0.657,0.621,0.634,0.681,0.748,0.9,1.048,1.182,1.302,1.408,1.503,1.587,1.893
361.0,370.0,0.89,0.855,0.847,0.833,0.814,0.792,0.771,0.751,0.732,0.715,0.699,0.686,0.64,0.646,0.689,0.752,0.899,1.043,1.174,1.291,1.396,1.489,1.572,1.872
361.0,371.0,0.938,0.901,0.892,0.875,0.853,0.83,0.807,0.785,0.764,0.745,0.728,0.712,0.658,0.658,0.696,0.756,0.898,1.038,1.166,1.281,1.384,1.476,1.557,1.852
361.0,372.0,0.982,0.943,0.932,0.913,0.889,0.865,0.839,0.815,0.793,0.772,0.754,0.737,0.675,0.669,0.703,0.76,0.897,1.034,1.159,1.272,1.373,1.463,1.542,1.833
361.0,373.0,1.022,0.982,0.968,0.947,0.923,0.896,0.869,0.844,0.82,0.798,0.778,0.76,0.691,0.68,0.71,0.764,0.896,1.03,1.152,1.263,1.362,1.451,1.529,1.814
362.0,363.0,0.103,0.117,0.166,0.205,0.237,0.265,0.293,0.32,0.347,0.374,0.401,0.428,0.584,0.726,0.862,0.99,1.225,1.428,1.599,1.745,1.871,1.98,2.075,2.432
362.0,364.0,0.267,0.272,0.312,0.342,0.366,0.386,0.406,0.426,0.446,0.466,0.487,0.508,0.634,0.757,0.877,0.996,1.218,1.412,1.579,1.723,1.846,1.954,2.048,2.403
362.0,365.0,0.409,0.405,0.438,0.461,0.477,0.491,0.504,0.518,0.532,0.547,0.562,0.578,0.679,0.783,0.892,1.001,1.211,1.399,1.562,1.702,1.824,1.931,2.023,2.375
362.0,366.0,0.531,0.522,0.548,0.564,0.574,0.582,0.59,0.598,0.607,0.617,0.628,0.64,0.719,0.808,0.905,1.006,1.206,1.387,1.546,1.684,1.804,1.909,2.0,2.348
362.0,367.0,0.639,0.624,0.644,0.654,0.66,0.663,0.666,0.669,0.674,0.68,0.687,0.694,0.754,0.83,0.917,1.011,1.202,1.377,1.532,1.667,1.785,1.888,1.979,2.322
362.0,368.0,0.733,0.713,0.728,0.734,0.735,0.733,0.732,0.732,0.733,0.735,0.738,0.743,0.786,0.85,0.929,1.017,1.198,1.368,1.519,1.651,1.767,1.869,1.958,2.296
362.0,369.0,0.816,0.792,0.803,0.805,0.801,0.796,0.791,0.788,0.785,0.784,0.785,0.786,0.815,0.869,0.94,1.022,1.195,1.36,1.507,1.636,1.75,1.851,1.939,2.272
362.0,370.0,0.89,0.863,0.87,0.868,0.861,0.853,0.845,0.838,0.832,0.829,0.826,0.826,0.842,0.886,0.95,1.027,1.193,1.352,1.496,1.623,1.735,1.833,1.92,2.249
362.0,371.0,0.957,0.926,0.929,0.924,0.914,0.903,0.892,0.883,0.875,0.869,0.864,0.861,0.866,0.902,0.96,1.032,1.191,1.346,1.486,1.61,1.72,1.817,1.902,2.226
362.0,372.0,1.016,0.983,0.983,0.975,0.963,0.949,0.936,0.924,0.914,0.905,0.899,0.894,0.889,0.917,0.969,1.037,1.19,1.34,1.477,1.598,1.706,1.801,1.885,2.204
362.0,373.0,1.07,1.035,1.032,1.022,1.007,0.991,0.975,0.961,0.949,0.939,0.931,0.924,0.91,0.931,0.978,1.042,1.188,1.334,1.468,1.587,1.693,1.786,1.869,2.182
362.0,374.0,1.12,1.082,1.077,1.064,1.047,1.029,1.012,0.996,0.982,0.97,0.96,0.951,0.929,0.945,0.987,1.047,1.187,1.329,1.459,1.576,1.68,1.772,1.853,2.161
363.0,364.0,0.15,0.151,0.191,0.222,0.248,0.271,0.291,0.311,0.331,0.351,0.372,0.393,0.523,0.649,0.772,0.895,1.127,1.328,1.499,1.645,1.772,1.884,1.983,2.348
363.0,365.0,0.291,0.286,0.319,0.343,0.362,0.378,0.391,0.404,0.418,0.432,0.446,0.462,0.566,0.674,0.785,0.898,1.118,1.313,1.48,1.623,1.749,1.86,1.957,2.319
363.0,366.0,0.413,0.403,0.429,0.448,0.461,0.47,0.478,0.485,0.493,0.502,0.512,0.522,0.603,0.697,0.797,0.902,1.112,1.3,1.463,1.604,1.728,1.837,1.934,2.292
363.0,367.0,0.519,0.504,0.525,0.539,0.546,0.551,0.554,0.556,0.559,0.563,0.569,0.576,0.637,0.717,0.808,0.907,1.106,1.289,1.448,1.586,1.708,1.816,1.912,2.265
363.0,368.0,0.612,0.592,0.609,0.618,0.621,0.621,0.62,0.618,0.617,0.618,0.62,0.623,0.668,0.736,0.819,0.911,1.102,1.279,1.434,1.57,1.69,1.797,1.891,2.24
363.0,369.0,0.693,0.67,0.683,0.688,0.687,0.684,0.678,0.673,0.669,0.666,0.665,0.665,0.695,0.754,0.829,0.916,1.098,1.27,1.422,1.555,1.674,1.778,1.871,2.215
363.0,370.0,0.764,0.739,0.748,0.75,0.746,0.739,0.731,0.722,0.715,0.709,0.705,0.703,0.72,0.77,0.839,0.92,1.095,1.262,1.411,1.542,1.658,1.761,1.853,2.192
363.0,371.0,0.828,0.8,0.807,0.805,0.798,0.789,0.777,0.766,0.756,0.748,0.742,0.737,0.743,0.785,0.848,0.925,1.093,1.255,1.4,1.529,1.643,1.745,1.835,2.169
363.0,372.0,0.886,0.855,0.859,0.855,0.846,0.833,0.82,0.806,0.794,0.784,0.775,0.769,0.764,0.799,0.857,0.93,1.091,1.249,1.391,1.517,1.629,1.729,1.818,2.146
363.0,373.0,0.937,0.905,0.907,0.9,0.889,0.874,0.858,0.843,0.829,0.816,0.806,0.797,0.784,0.813,0.866,0.934,1.09,1.243,1.382,1.506,1.616,1.714,1.801,2.125
363.0,374.0,0.985,0.951,0.95,0.942,0.928,0.911,0.894,0.876,0.86,0.846,0.834,0.824,0.803,0.826,0.874,0.939,1.089,1.238,1.374,1.495,1.603,1.7,1.786,2.103
363.0,375.0,1.028,0.993,0.99,0.98,0.964,0.946,0.927,0.908,0.89,0.874,0.86,0.849,0.821,0.838,0.882,0.944,1.088,1.233,1.366,1.485,1.591,1.686,1.77,2.083
364.0,365.0,0.069,0.08,0.121,0.155,0.184,0.21,0.235,0.26,0.285,0.309,0.334,0.359,0.503,0.644,0.788,0.93,1.185,1.397,1.578,1.737,1.879,2.005,2.117,2.507
364.0,366.0,0.181,0.187,0.223,0.251,0.275,0.296,0.315,0.335,0.354,0.374,0.394,0.415,0.538,0.666,0.8,0.935,1.18,1.387,1.564,1.72,1.859,1.984,2.094,2.478
364.0,367.0,0.278,0.28,0.312,0.335,0.354,0.37,0.385,0.4,0.415,0.431,0.447,0.464,0.569,0.686,0.812,0.94,1.176,1.378,1.551,1.704,1.841,1.963,2.072,2.449
364.0,368.0,0.362,0.361,0.388,0.408,0.423,0.435,0.446,0.457,0.469,0.481,0.494,0.507,0.598,0.704,0.823,0.945,1.173,1.37,1.54,1.69,1.824,1.944,2.051,2.421
364.0,369.0,0.435,0.432,0.456,0.472,0.484,0.493,0.5,0.508,0.516,0.525,0.535,0.546,0.624,0.721,0.833,0.95,1.171,1.363,1.529,1.676,1.808,1.926,2.03,2.394
364.0,370.0,0.501,0.495,0.516,0.529,0.538,0.544,0.548,0.553,0.559,0.565,0.572,0.581,0.647,0.737,0.843,0.955,1.169,1.356,1.519,1.663,1.792,1.908,2.011,2.368
364.0,371.0,0.559,0.551,0.569,0.58,0.586,0.589,0.592,0.594,0.597,0.601,0.606,0.613,0.669,0.752,0.852,0.96,1.168,1.35,1.509,1.651,1.778,1.891,1.992,2.342
364.0,372.0,0.611,0.601,0.618,0.626,0.63,0.631,0.631,0.631,0.632,0.634,0.637,0.642,0.69,0.766,0.861,0.965,1.166,1.344,1.5,1.639,1.763,1.875,1.973,2.317
364.0,373.0,0.658,0.647,0.661,0.668,0.67,0.669,0.667,0.665,0.664,0.665,0.666,0.669,0.709,0.779,0.87,0.97,1.165,1.339,1.492,1.628,1.75,1.859,1.956,2.293
364.0,374.0,0.702,0.689,0.702,0.706,0.706,0.704,0.7,0.697,0.694,0.693,0.693,0.694,0.727,0.792,0.879,0.975,1.165,1.334,1.484,1.617,1.736,1.843,1.938,2.269
364.0,375.0,0.742,0.728,0.739,0.742,0.74,0.736,0.731,0.726,0.722,0.719,0.718,0.718,0.744,0.804,0.887,0.98,1.164,1.33,1.476,1.606,1.723,1.828,1.921,2.246
364.0,376.0,0.779,0.764,0.773,0.775,0.772,0.766,0.759,0.753,0.748,0.744,0.741,0.74,0.76,0.816,0.895,0.984,1.164,1.325,1.468,1.596,1.711,1.814,1.905,2.223
365.0,366.0,0.101,0.111,0.153,0.186,0.215,0.241,0.267,0.291,0.315,0.338,0.361,0.384,0.53,0.678,0.822,0.964,1.227,1.453,1.646,1.813,1.961,2.092,2.209,2.622
365.0,367.0,0.22,0.225,0.261,0.288,0.311,0.332,0.351,0.37,0.388,0.406,0.425,0.443,0.568,0.701,0.834,0.967,1.219,1.439,1.628,1.793,1.939,2.068,2.183,2.592
365.0,368.0,0.324,0.324,0.355,0.377,0.395,0.411,0.426,0.439,0.453,0.467,0.481,0.496,0.602,0.721,0.845,0.97,1.212,1.426,1.612,1.774,1.918,2.046,2.159,2.562
365.0,369.0,0.415,0.411,0.438,0.456,0.469,0.481,0.491,0.501,0.51,0.521,0.531,0.543,0.633,0.741,0.855,0.974,1.207,1.415,1.597,1.757,1.898,2.025,2.137,2.534
365.0,370.0,0.495,0.489,0.511,0.525,0.535,0.543,0.549,0.556,0.562,0.569,0.576,0.585,0.661,0.758,0.865,0.978,1.202,1.405,1.584,1.741,1.88,2.005,2.115,2.507
365.0,371.0,0.567,0.557,0.577,0.587,0.594,0.598,0.602,0.605,0.608,0.612,0.617,0.623,0.687,0.775,0.875,0.982,1.198,1.396,1.571,1.726,1.863,1.986,2.094,2.481
365.0,372.0,0.631,0.619,0.635,0.643,0.647,0.648,0.649,0.649,0.65,0.651,0.654,0.658,0.711,0.791,0.884,0.986,1.195,1.388,1.56,1.712,1.847,1.968,2.075,2.455
365.0,373.0,0.689,0.675,0.688,0.694,0.695,0.694,0.692,0.69,0.688,0.687,0.688,0.69,0.733,0.805,0.893,0.99,1.192,1.381,1.549,1.698,1.832,1.95,2.056,2.43
365.0,374.0,0.742,0.726,0.737,0.74,0.739,0.735,0.731,0.727,0.723,0.72,0.719,0.72,0.754,0.819,0.902,0.994,1.19,1.374,1.539,1.686,1.817,1.934,2.037,2.406
365.0,375.0,0.791,0.772,0.782,0.783,0.779,0.774,0.767,0.761,0.756,0.751,0.748,0.747,0.773,0.833,0.91,0.998,1.188,1.368,1.53,1.674,1.802,1.917,2.019,2.382
365.0,376.0,0.835,0.815,0.823,0.822,0.817,0.809,0.801,0.793,0.786,0.78,0.776,0.773,0.792,0.846,0.918,1.003,1.186,1.362,1.521,1.662,1.789,1.902,2.002,2.359
365.0,377.0,0.877,0.856,0.861,0.859,0.852,0.843,0.833,0.823,0.814,0.807,0.801,0.797,0.809,0.858,0.926,1.007,1.185,1.357,1.512,1.651,1.775,1.887,1.985,2.336
366.0,367.0,0.071,0.083,0.13,0.169,0.202,0.234,0.264,0.293,0.321,0.349,0.376,0.403,0.568,0.736,0.903,1.063,1.354,1.603,1.818,2.004,2.169,2.314,2.443,2.895
366.0,368.0,0.179,0.186,0.228,0.262,0.29,0.316,0.341,0.365,0.388,0.412,0.435,0.458,0.603,0.759,0.916,1.068,1.348,1.591,1.801,1.984,2.146,2.29,2.417,2.863
366.0,369.0,0.274,0.277,0.315,0.344,0.368,0.39,0.41,0.429,0.448,0.467,0.487,0.507,0.636,0.779,0.927,1.073,1.343,1.579,1.785,1.966,2.125,2.267,2.393,2.833
366.0,370.0,0.358,0.358,0.392,0.417,0.437,0.455,0.471,0.486,0.502,0.518,0.534,0.55,0.665,0.799,0.939,1.078,1.339,1.569,1.771,1.948,2.106,2.246,2.369,2.804
366.0,371.0,0.433,0.43,0.461,0.482,0.499,0.513,0.526,0.538,0.55,0.563,0.576,0.59,0.692,0.816,0.949,1.083,1.335,1.56,1.758,1.932,2.087,2.225,2.347,2.775
366.0,372.0,0.501,0.495,0.523,0.541,0.555,0.566,0.575,0.585,0.594,0.604,0.615,0.626,0.717,0.833,0.96,1.087,1.332,1.551,1.745,1.917,2.069,2.205,2.325,2.747
366.0,373.0,0.562,0.554,0.579,0.595,0.606,0.614,0.621,0.627,0.634,0.642,0.65,0.66,0.74,0.849,0.969,1.092,1.329,1.544,1.733,1.902,2.052,2.186,2.304,2.72
366.0,374.0,0.618,0.608,0.63,0.644,0.652,0.658,0.662,0.666,0.671,0.677,0.683,0.691,0.762,0.864,0.979,1.097,1.327,1.536,1.722,1.888,2.036,2.167,2.284,2.693
366.0,375.0,0.669,0.658,0.677,0.689,0.695,0.698,0.701,0.703,0.705,0.709,0.714,0.719,0.782,0.878,0.988,1.102,1.325,1.529,1.712,1.875,2.02,2.15,2.264,2.667
366.0,376.0,0.716,0.703,0.721,0.73,0.734,0.736,0.736,0.737,0.737,0.739,0.742,0.747,0.802,0.891,0.996,1.106,1.323,1.523,1.702,1.862,2.005,2.132,2.245,2.642
366.0,377.0,0.761,0.746,0.762,0.769,0.771,0.771,0.77,0.768,0.767,0.768,0.769,0.772,0.82,0.904,1.005,1.111,1.322,1.517,1.692,1.85,1.99,2.115,2.227,2.617
366.0,378.0,0.802,0.786,0.8,0.806,0.806,0.804,0.801,0.798,0.796,0.794,0.794,0.796,0.837,0.917,1.013,1.115,1.32,1.511,1.683,1.838,1.976,2.099,2.208,2.593
367.0,368.0,0.158,0.167,0.211,0.245,0.273,0.299,0.324,0.35,0.375,0.4,0.425,0.451,0.599,0.743,0.886,1.024,1.279,1.502,1.693,1.858,2.0,2.124,2.231,2.628
367.0,369.0,0.281,0.283,0.321,0.348,0.37,0.39,0.41,0.43,0.45,0.47,0.491,0.511,0.637,0.767,0.898,1.027,1.272,1.489,1.675,1.837,1.977,2.099,2.205,2.598
367.0,370.0,0.388,0.385,0.417,0.438,0.455,0.47,0.485,0.5,0.516,0.532,0.549,0.565,0.672,0.788,0.909,1.031,1.267,1.477,1.659,1.818,1.956,2.076,2.181,2.57
367.0,371.0,0.483,0.475,0.502,0.518,0.531,0.541,0.552,0.563,0.575,0.587,0.6,0.614,0.704,0.807,0.92,1.036,1.262,1.466,1.645,1.801,1.936,2.055,2.159,2.542
367.0,372.0,0.567,0.554,0.577,0.59,0.598,0.604,0.611,0.619,0.627,0.637,0.647,0.657,0.733,0.825,0.93,1.04,1.258,1.457,1.632,1.784,1.918,2.035,2.137,2.515
367.0,373.0,0.642,0.626,0.644,0.653,0.658,0.661,0.665,0.67,0.675,0.681,0.689,0.697,0.759,0.842,0.94,1.044,1.254,1.448,1.619,1.769,1.901,2.016,2.116,2.49
367.0,374.0,0.709,0.69,0.705,0.711,0.712,0.713,0.714,0.715,0.718,0.722,0.727,0.733,0.783,0.858,0.949,1.049,1.252,1.44,1.608,1.755,1.884,1.998,2.097,2.464
367.0,375.0,0.77,0.748,0.76,0.763,0.762,0.759,0.758,0.757,0.758,0.759,0.762,0.766,0.806,0.873,0.958,1.053,1.249,1.433,1.597,1.742,1.869,1.98,2.078,2.44
367.0,376.0,0.825,0.801,0.81,0.81,0.807,0.802,0.798,0.795,0.794,0.793,0.794,0.796,0.827,0.887,0.967,1.058,1.247,1.427,1.587,1.729,1.854,1.963,2.059,2.416
367.0,377.0,0.876,0.85,0.856,0.854,0.848,0.842,0.836,0.831,0.827,0.825,0.824,0.824,0.847,0.901,0.975,1.062,1.246,1.421,1.578,1.717,1.839,1.947,2.042,2.393
367.0,378.0,0.923,0.895,0.899,0.895,0.887,0.878,0.87,0.864,0.859,0.855,0.852,0.851,0.866,0.914,0.984,1.066,1.244,1.415,1.569,1.705,1.826,1.932,2.025,2.37
367.0,379.0,0.967,0.937,0.939,0.932,0.923,0.912,0.903,0.895,0.888,0.883,0.879,0.876,0.884,0.926,0.992,1.071,1.243,1.41,1.56,1.694,1.812,1.917,2.008,2.348
368.0,369.0,0.191,0.206,0.251,0.289,0.322,0.352,0.381,0.408,0.436,0.463,0.489,0.516,0.673,0.822,0.968,1.11,1.366,1.58,1.76,1.916,2.054,2.177,2.286,2.67
368.0,370.0,0.322,0.331,0.37,0.4,0.427,0.45,0.472,0.494,0.515,0.536,0.558,0.58,0.713,0.845,0.978,1.111,1.355,1.564,1.74,1.895,2.031,2.153,2.261,2.641
368.0,371.0,0.435,0.439,0.472,0.497,0.517,0.535,0.551,0.568,0.584,0.601,0.618,0.636,0.748,0.866,0.988,1.112,1.347,1.549,1.723,1.875,2.01,2.13,2.237,2.613
368.0,372.0,0.533,0.532,0.56,0.581,0.596,0.609,0.621,0.632,0.645,0.657,0.671,0.685,0.78,0.884,0.997,1.114,1.339,1.537,1.707,1.857,1.99,2.109,2.214,2.586
368.0,373.0,0.619,0.614,0.638,0.654,0.665,0.674,0.682,0.69,0.698,0.707,0.717,0.728,0.808,0.901,1.006,1.116,1.333,1.526,1.693,1.841,1.972,2.089,2.193,2.56
368.0,374.0,0.695,0.687,0.707,0.719,0.726,0.731,0.736,0.74,0.745,0.752,0.759,0.767,0.833,0.917,1.014,1.119,1.328,1.516,1.68,1.825,1.955,2.07,2.173,2.534
368.0,375.0,0.762,0.751,0.768,0.776,0.781,0.783,0.784,0.785,0.788,0.791,0.796,0.802,0.856,0.931,1.022,1.121,1.323,1.506,1.668,1.811,1.938,2.052,2.153,2.51
368.0,376.0,0.821,0.808,0.822,0.828,0.829,0.829,0.827,0.826,0.826,0.827,0.83,0.834,0.878,0.945,1.029,1.124,1.319,1.498,1.657,1.797,1.923,2.035,2.135,2.486
368.0,377.0,0.875,0.86,0.871,0.874,0.873,0.87,0.866,0.863,0.861,0.86,0.861,0.863,0.897,0.958,1.036,1.127,1.315,1.49,1.646,1.784,1.908,2.019,2.117,2.463
368.0,378.0,0.924,0.906,0.915,0.917,0.913,0.908,0.902,0.897,0.892,0.89,0.889,0.889,0.916,0.969,1.043,1.13,1.312,1.483,1.636,1.772,1.894,2.003,2.099,2.44
368.0,379.0,0.968,0.949,0.956,0.955,0.95,0.943,0.935,0.928,0.922,0.917,0.915,0.914,0.933,0.981,1.05,1.132,1.31,1.477,1.626,1.76,1.88,1.987,2.082,2.418
368.0,380.0,1.009,0.988,0.993,0.991,0.984,0.974,0.965,0.956,0.949,0.943,0.939,0.937,0.949,0.991,1.056,1.135,1.307,1.47,1.617,1.749,1.867,1.972,2.066,2.396
369.0,370.0,0.138,0.143,0.184,0.217,0.245,0.27,0.294,0.317,0.339,0.361,0.383,0.406,0.543,0.681,0.816,0.944,1.182,1.392,1.573,1.728,1.862,1.979,2.082,2.455
369.0,371.0,0.262,0.261,0.296,0.323,0.345,0.364,0.381,0.398,0.414,0.431,0.448,0.466,0.58,0.703,0.826,0.947,1.175,1.378,1.554,1.707,1.839,1.955,2.056,2.426
369.0,372.0,0.369,0.363,0.393,0.415,0.432,0.445,0.457,0.469,0.48,0.492,0.505,0.518,0.612,0.722,0.837,0.951,1.169,1.365,1.538,1.687,1.818,1.932,2.032,2.398
369.0,373.0,0.463,0.453,0.478,0.496,0.508,0.517,0.524,0.532,0.539,0.547,0.555,0.565,0.642,0.74,0.846,0.954,1.164,1.354,1.523,1.67,1.798,1.911,2.01,2.372
369.0,374.0,0.546,0.532,0.553,0.567,0.575,0.58,0.584,0.587,0.591,0.595,0.6,0.607,0.668,0.757,0.856,0.958,1.159,1.345,1.509,1.653,1.78,1.891,1.989,2.346
369.0,375.0,0.619,0.602,0.62,0.63,0.634,0.636,0.636,0.636,0.637,0.638,0.64,0.644,0.693,0.772,0.865,0.962,1.156,1.336,1.497,1.638,1.763,1.872,1.969,2.322
369.0,376.0,0.684,0.665,0.679,0.686,0.688,0.686,0.684,0.681,0.678,0.677,0.677,0.678,0.715,0.786,0.873,0.966,1.153,1.328,1.485,1.624,1.747,1.855,1.95,2.298
369.0,377.0,0.742,0.721,0.733,0.737,0.736,0.732,0.727,0.721,0.716,0.712,0.71,0.709,0.736,0.8,0.881,0.97,1.151,1.321,1.475,1.611,1.731,1.838,1.931,2.274
369.0,378.0,0.795,0.771,0.781,0.783,0.779,0.773,0.765,0.758,0.751,0.745,0.741,0.738,0.755,0.813,0.889,0.974,1.148,1.315,1.465,1.599,1.717,1.822,1.914,2.252
369.0,379.0,0.843,0.818,0.825,0.824,0.819,0.811,0.801,0.791,0.782,0.775,0.769,0.764,0.773,0.825,0.897,0.978,1.147,1.309,1.456,1.587,1.703,1.806,1.897,2.23
369.0,380.0,0.887,0.86,0.865,0.863,0.856,0.845,0.834,0.823,0.812,0.802,0.795,0.789,0.79,0.836,0.904,0.982,1.145,1.303,1.447,1.576,1.69,1.791,1.881,2.208
369.0,381.0,0.927,0.9,0.903,0.899,0.89,0.878,0.865,0.851,0.839,0.828,0.819,0.812,0.806,0.848,0.912,0.986,1.144,1.298,1.439,1.565,1.677,1.777,1.865,2.187
370.0,371.0,0.217,0.225,0.276,0.316,0.348,0.376,0.4,0.424,0.447,0.471,0.496,0.522,0.678,0.822,0.954,1.082,1.323,1.533,1.709,1.858,1.985,2.097,2.194,2.569
370.0,372.0,0.353,0.353,0.397,0.429,0.454,0.475,0.492,0.51,0.527,0.545,0.565,0.585,0.716,0.841,0.961,1.08,1.31,1.514,1.688,1.835,1.961,2.072,2.17,2.544
370.0,373.0,0.469,0.463,0.5,0.526,0.545,0.56,0.572,0.584,0.596,0.61,0.624,0.64,0.748,0.859,0.968,1.079,1.299,1.498,1.669,1.814,1.94,2.05,2.147,2.52
370.0,374.0,0.57,0.558,0.589,0.61,0.624,0.634,0.641,0.648,0.656,0.665,0.676,0.688,0.777,0.874,0.974,1.079,1.29,1.484,1.651,1.795,1.92,2.029,2.126,2.496
370.0,375.0,0.657,0.64,0.667,0.683,0.693,0.698,0.701,0.704,0.708,0.714,0.721,0.73,0.803,0.888,0.98,1.078,1.282,1.471,1.636,1.778,1.901,2.01,2.106,2.474
370.0,376.0,0.733,0.712,0.735,0.747,0.753,0.754,0.754,0.754,0.754,0.757,0.761,0.767,0.826,0.901,0.985,1.079,1.275,1.46,1.622,1.762,1.884,1.992,2.087,2.452
370.0,377.0,0.799,0.776,0.794,0.803,0.805,0.804,0.8,0.797,0.795,0.795,0.796,0.8,0.846,0.912,0.991,1.079,1.269,1.45,1.609,1.747,1.868,1.975,2.069,2.432
370.0,378.0,0.858,0.832,0.847,0.853,0.852,0.847,0.842,0.836,0.831,0.829,0.828,0.829,0.865,0.923,0.996,1.08,1.264,1.441,1.597,1.733,1.853,1.959,2.052,2.411
370.0,379.0,0.91,0.881,0.894,0.897,0.894,0.887,0.878,0.87,0.864,0.859,0.857,0.856,0.882,0.933,1.001,1.081,1.259,1.432,1.586,1.721,1.839,1.943,2.036,2.391
370.0,380.0,0.957,0.926,0.936,0.937,0.931,0.922,0.912,0.902,0.893,0.887,0.882,0.88,0.897,0.942,1.005,1.082,1.255,1.424,1.576,1.708,1.825,1.928,2.02,2.372
370.0,381.0,0.999,0.966,0.974,0.972,0.965,0.954,0.942,0.93,0.92,0.912,0.906,0.902,0.911,0.951,1.01,1.083,1.251,1.417,1.566,1.697,1.812,1.914,2.005,2.353
370.0,382.0,1.037,1.003,1.008,1.005,0.995,0.983,0.969,0.956,0.944,0.935,0.927,0.922,0.925,0.959,1.014,1.085,1.248,1.41,1.557,1.686,1.8,1.901,1.99,2.335
371.0,372.0,0.333,0.365,0.408,0.444,0.479,0.515,0.549,0.583,0.615,0.646,0.676,0.705,0.865,1.015,1.157,1.285,1.501,1.676,1.826,1.957,2.074,2.178,2.269,2.58
371.0,373.0,0.479,0.503,0.538,0.566,0.594,0.622,0.649,0.676,0.702,0.727,0.751,0.774,0.905,1.036,1.163,1.283,1.489,1.66,1.807,1.936,2.052,2.154,2.245,2.552
371.0,374.0,0.604,0.62,0.649,0.67,0.692,0.713,0.735,0.756,0.776,0.796,0.815,0.833,0.94,1.054,1.17,1.281,1.479,1.645,1.79,1.917,2.031,2.133,2.222,2.525
371.0,375.0,0.71,0.721,0.743,0.76,0.775,0.792,0.809,0.825,0.84,0.855,0.87,0.884,0.971,1.07,1.176,1.281,1.47,1.633,1.774,1.9,2.012,2.112,2.201,2.5
371.0,376.0,0.801,0.807,0.824,0.836,0.848,0.86,0.872,0.884,0.896,0.907,0.918,0.929,0.998,1.085,1.182,1.28,1.463,1.621,1.76,1.884,1.995,2.093,2.18,2.475
371.0,377.0,0.88,0.882,0.895,0.903,0.91,0.918,0.927,0.936,0.944,0.952,0.96,0.968,1.022,1.098,1.187,1.281,1.457,1.611,1.748,1.869,1.978,2.075,2.161,2.451
371.0,378.0,0.948,0.947,0.956,0.96,0.965,0.97,0.975,0.981,0.986,0.992,0.997,1.002,1.044,1.11,1.193,1.281,1.451,1.602,1.736,1.855,1.963,2.058,2.143,2.428
371.0,379.0,1.008,1.003,1.01,1.011,1.013,1.015,1.018,1.021,1.024,1.027,1.029,1.033,1.063,1.121,1.198,1.282,1.446,1.594,1.725,1.842,1.948,2.042,2.125,2.406
371.0,380.0,1.061,1.054,1.057,1.056,1.055,1.055,1.056,1.056,1.057,1.058,1.059,1.06,1.081,1.131,1.202,1.282,1.442,1.586,1.714,1.83,1.934,2.026,2.108,2.384
371.0,381.0,1.108,1.098,1.1,1.096,1.093,1.091,1.089,1.088,1.087,1.086,1.085,1.084,1.097,1.141,1.207,1.283,1.438,1.578,1.705,1.818,1.92,2.011,2.091,2.363
371.0,382.0,1.15,1.138,1.138,1.132,1.127,1.123,1.12,1.117,1.114,1.111,1.109,1.107,1.112,1.15,1.212,1.284,1.434,1.572,1.696,1.807,1.907,1.996,2.075,2.343
371.0,383.0,1.188,1.175,1.172,1.165,1.158,1.152,1.147,1.143,1.138,1.134,1.13,1.127,1.125,1.158,1.216,1.286,1.431,1.565,1.687,1.796,1.894,1.982,2.06,2.322
372.0,373.0,0.413,0.443,0.494,0.537,0.576,0.615,0.653,0.69,0.726,0.76,0.793,0.825,0.997,1.151,1.291,1.417,1.628,1.801,1.946,2.07,2.177,2.269,2.348,2.629
372.0,374.0,0.558,0.582,0.625,0.661,0.694,0.727,0.759,0.79,0.82,0.849,0.877,0.904,1.052,1.189,1.318,1.434,1.634,1.8,1.94,2.061,2.166,2.256,2.334,2.612
372.0,375.0,0.691,0.708,0.745,0.775,0.802,0.829,0.855,0.881,0.906,0.931,0.954,0.977,1.103,1.225,1.342,1.45,1.64,1.799,1.935,2.053,2.155,2.244,2.321,2.595
372.0,376.0,0.812,0.824,0.854,0.879,0.901,0.922,0.943,0.965,0.985,1.005,1.025,1.043,1.15,1.258,1.364,1.465,1.645,1.797,1.929,2.044,2.145,2.232,2.308,2.579
372.0,377.0,0.923,0.929,0.955,0.974,0.991,1.008,1.025,1.041,1.058,1.074,1.089,1.105,1.194,1.288,1.385,1.479,1.649,1.796,1.924,2.036,2.134,2.22,2.295,2.562
372.0,378.0,1.025,1.026,1.047,1.061,1.074,1.086,1.099,1.112,1.125,1.137,1.149,1.161,1.234,1.316,1.405,1.492,1.653,1.794,1.919,2.028,2.124,2.209,2.282,2.545
372.0,379.0,1.119,1.116,1.132,1.142,1.15,1.159,1.168,1.177,1.186,1.195,1.204,1.213,1.271,1.342,1.423,1.504,1.657,1.793,1.913,2.02,2.114,2.197,2.269,2.529
372.0,380.0,1.205,1.198,1.21,1.216,1.221,1.226,1.231,1.237,1.243,1.249,1.255,1.262,1.305,1.367,1.439,1.515,1.66,1.791,1.908,2.012,2.105,2.186,2.257,2.512
372.0,381.0,1.285,1.274,1.282,1.285,1.286,1.288,1.29,1.293,1.296,1.299,1.303,1.306,1.337,1.389,1.455,1.526,1.663,1.789,1.903,2.004,2.095,2.175,2.245,2.496
372.0,382.0,1.358,1.344,1.349,1.348,1.346,1.345,1.344,1.344,1.345,1.345,1.346,1.348,1.367,1.41,1.47,1.535,1.666,1.787,1.898,1.997,2.085,2.164,2.233,2.48
372.0,383.0,1.427,1.41,1.411,1.407,1.402,1.398,1.395,1.392,1.39,1.388,1.387,1.386,1.395,1.43,1.483,1.544,1.669,1.785,1.893,1.989,2.076,2.153,2.221,2.464
372.0,384.0,1.49,1.47,1.468,1.462,1.454,1.448,1.442,1.437,1.432,1.428,1.425,1.422,1.421,1.448,1.496,1.553,1.671,1.783,1.888,1.982,2.067,2.143,2.209,2.449
373.0,374.0,0.483,0.486,0.511,0.529,0.544,0.558,0.573,0.588,0.603,0.618,0.632,0.646,0.733,0.831,0.935,1.038,1.228,1.395,1.54,1.667,1.778,1.877,1.963,2.272
373.0,375.0,0.598,0.594,0.613,0.624,0.633,0.642,0.652,0.661,0.671,0.681,0.691,0.701,0.767,0.85,0.944,1.04,1.22,1.381,1.523,1.648,1.758,1.855,1.94,2.247
373.0,376.0,0.697,0.688,0.701,0.707,0.711,0.715,0.72,0.725,0.731,0.737,0.743,0.75,0.798,0.868,0.953,1.042,1.214,1.37,1.508,1.631,1.739,1.835,1.919,2.223
373.0,377.0,0.783,0.769,0.778,0.78,0.779,0.779,0.78,0.782,0.784,0.786,0.789,0.792,0.825,0.884,0.961,1.044,1.209,1.36,1.495,1.615,1.722,1.816,1.9,2.199
373.0,378.0,0.859,0.841,0.846,0.843,0.839,0.836,0.833,0.831,0.83,0.83,0.83,0.83,0.849,0.899,0.968,1.046,1.204,1.351,1.483,1.601,1.706,1.799,1.881,2.177
373.0,379.0,0.925,0.904,0.905,0.9,0.892,0.886,0.88,0.875,0.872,0.869,0.866,0.864,0.872,0.913,0.976,1.049,1.2,1.343,1.472,1.588,1.691,1.783,1.864,2.156
373.0,380.0,0.985,0.961,0.959,0.95,0.94,0.93,0.922,0.915,0.909,0.904,0.899,0.895,0.892,0.925,0.983,1.052,1.197,1.335,1.462,1.575,1.677,1.767,1.847,2.135
373.0,381.0,1.038,1.011,1.006,0.995,0.982,0.971,0.96,0.951,0.943,0.935,0.929,0.923,0.911,0.937,0.99,1.055,1.194,1.329,1.452,1.564,1.664,1.753,1.831,2.115
373.0,382.0,1.085,1.057,1.049,1.036,1.021,1.007,0.995,0.983,0.973,0.964,0.956,0.949,0.928,0.949,0.997,1.058,1.192,1.323,1.444,1.553,1.651,1.739,1.816,2.096
373.0,383.0,1.129,1.098,1.088,1.073,1.056,1.04,1.026,1.013,1.001,0.991,0.981,0.972,0.945,0.96,1.003,1.061,1.19,1.318,1.436,1.543,1.639,1.726,1.802,2.077
373.0,384.0,1.168,1.136,1.124,1.107,1.088,1.071,1.055,1.04,1.027,1.015,1.004,0.994,0.96,0.97,1.009,1.064,1.189,1.313,1.428,1.533,1.628,1.713,1.788,2.059
373.0,385.0,1.205,1.171,1.157,1.138,1.118,1.099,1.082,1.066,1.051,1.038,1.026,1.014,0.974,0.98,1.016,1.068,1.187,1.308,1.421,1.524,1.617,1.7,1.774,2.041
374.0,375.0,0.5,0.505,0.529,0.544,0.557,0.568,0.581,0.594,0.608,0.622,0.637,0.651,0.73,0.809,0.895,0.984,1.153,1.299,1.423,1.53,1.624,1.707,1.78,2.046
374.0,376.0,0.632,0.629,0.645,0.653,0.659,0.664,0.669,0.676,0.684,0.693,0.701,0.71,0.764,0.826,0.9,0.981,1.141,1.282,1.404,1.51,1.603,1.686,1.759,2.023
374.0,377.0,0.745,0.735,0.744,0.746,0.745,0.745,0.745,0.746,0.749,0.753,0.757,0.762,0.794,0.841,0.905,0.979,1.131,1.268,1.387,1.492,1.584,1.666,1.739,2.001
374.0,378.0,0.84,0.825,0.829,0.826,0.82,0.814,0.809,0.807,0.805,0.805,0.805,0.806,0.82,0.855,0.91,0.978,1.122,1.255,1.372,1.475,1.567,1.648,1.72,1.981
374.0,379.0,0.922,0.902,0.901,0.894,0.884,0.874,0.865,0.859,0.853,0.849,0.846,0.844,0.843,0.867,0.914,0.977,1.115,1.244,1.359,1.461,1.551,1.632,1.703,1.961
374.0,380.0,0.993,0.969,0.964,0.953,0.939,0.925,0.914,0.904,0.896,0.889,0.883,0.878,0.863,0.878,0.919,0.977,1.109,1.235,1.348,1.448,1.537,1.617,1.687,1.943
374.0,381.0,1.054,1.027,1.019,1.004,0.987,0.971,0.956,0.943,0.932,0.923,0.915,0.908,0.882,0.888,0.924,0.978,1.104,1.227,1.337,1.436,1.524,1.603,1.672,1.925
374.0,382.0,1.107,1.077,1.066,1.049,1.029,1.01,0.993,0.978,0.965,0.953,0.943,0.934,0.898,0.898,0.928,0.978,1.1,1.219,1.328,1.425,1.512,1.59,1.658,1.907
374.0,383.0,1.154,1.122,1.108,1.088,1.067,1.046,1.026,1.009,0.994,0.981,0.969,0.958,0.914,0.907,0.933,0.98,1.096,1.213,1.319,1.415,1.501,1.577,1.645,1.891
374.0,384.0,1.196,1.162,1.146,1.124,1.1,1.077,1.056,1.037,1.02,1.005,0.991,0.979,0.927,0.915,0.937,0.981,1.093,1.207,1.311,1.405,1.49,1.565,1.632,1.875
374.0,385.0,1.233,1.197,1.179,1.156,1.13,1.105,1.083,1.062,1.044,1.027,1.012,0.998,0.94,0.924,0.942,0.982,1.09,1.202,1.304,1.397,1.48,1.554,1.62,1.859
374.0,386.0,1.267,1.229,1.21,1.184,1.157,1.131,1.107,1.085,1.065,1.048,1.031,1.016,0.952,0.931,0.946,0.984,1.088,1.197,1.297,1.388,1.47,1.543,1.608,1.844
375.0,376.0,0.409,0.413,0.44,0.46,0.475,0.489,0.504,0.519,0.535,0.551,0.567,0.583,0.671,0.76,0.854,0.95,1.128,1.282,1.413,1.526,1.624,1.711,1.787,2.066
375.0,377.0,0.531,0.528,0.549,0.561,0.57,0.578,0.587,0.597,0.607,0.617,0.628,0.639,0.704,0.776,0.859,0.948,1.118,1.267,1.395,1.506,1.604,1.689,1.764,2.041
375.0,378.0,0.635,0.626,0.641,0.648,0.652,0.655,0.658,0.663,0.668,0.675,0.681,0.688,0.732,0.79,0.865,0.947,1.109,1.254,1.379,1.489,1.585,1.67,1.744,2.018
375.0,379.0,0.725,0.711,0.721,0.723,0.722,0.72,0.72,0.72,0.722,0.724,0.727,0.73,0.757,0.804,0.87,0.946,1.102,1.243,1.366,1.473,1.568,1.651,1.725,1.996
375.0,380.0,0.802,0.784,0.789,0.788,0.783,0.777,0.773,0.77,0.768,0.767,0.767,0.768,0.78,0.816,0.875,0.947,1.096,1.233,1.353,1.459,1.552,1.635,1.707,1.975
375.0,381.0,0.869,0.847,0.849,0.844,0.836,0.827,0.82,0.814,0.809,0.806,0.803,0.8,0.8,0.827,0.88,0.947,1.091,1.224,1.342,1.446,1.538,1.619,1.691,1.955
375.0,382.0,0.927,0.903,0.902,0.894,0.883,0.871,0.861,0.853,0.846,0.839,0.834,0.83,0.818,0.838,0.885,0.949,1.087,1.217,1.332,1.434,1.525,1.605,1.675,1.936
375.0,383.0,0.979,0.952,0.948,0.937,0.924,0.91,0.898,0.887,0.878,0.87,0.863,0.856,0.835,0.848,0.89,0.95,1.084,1.21,1.323,1.423,1.512,1.591,1.66,1.917
375.0,384.0,1.025,0.996,0.989,0.976,0.961,0.945,0.931,0.918,0.907,0.897,0.888,0.88,0.851,0.857,0.896,0.952,1.081,1.204,1.315,1.413,1.5,1.578,1.646,1.899
375.0,385.0,1.066,1.035,1.027,1.011,0.994,0.977,0.961,0.946,0.933,0.922,0.911,0.902,0.865,0.866,0.901,0.954,1.079,1.199,1.307,1.404,1.489,1.566,1.633,1.882
375.0,386.0,1.103,1.071,1.06,1.043,1.024,1.005,0.988,0.972,0.957,0.944,0.932,0.922,0.878,0.875,0.906,0.956,1.077,1.194,1.3,1.394,1.479,1.554,1.62,1.865
375.0,387.0,1.137,1.103,1.091,1.072,1.052,1.031,1.012,0.995,0.979,0.965,0.952,0.94,0.891,0.883,0.911,0.959,1.075,1.189,1.293,1.386,1.469,1.542,1.608,1.848
376.0,377.0,0.385,0.396,0.428,0.451,0.47,0.487,0.505,0.523,0.542,0.561,0.58,0.599,0.702,0.799,0.9,1.001,1.188,1.344,1.476,1.59,1.691,1.781,1.86,2.145
376.0,378.0,0.511,0.514,0.539,0.555,0.566,0.577,0.589,0.601,0.614,0.628,0.642,0.655,0.735,0.815,0.904,0.997,1.174,1.326,1.456,1.569,1.67,1.759,1.838,2.122
376.0,379.0,0.618,0.615,0.633,0.643,0.649,0.654,0.66,0.668,0.676,0.685,0.695,0.704,0.763,0.829,0.907,0.993,1.162,1.31,1.438,1.551,1.651,1.74,1.818,2.101
376.0,380.0,0.71,0.701,0.714,0.719,0.72,0.721,0.722,0.725,0.729,0.735,0.741,0.747,0.788,0.842,0.911,0.99,1.152,1.296,1.423,1.534,1.633,1.721,1.799,2.08
376.0,381.0,0.789,0.776,0.784,0.785,0.782,0.778,0.776,0.775,0.776,0.778,0.781,0.784,0.811,0.853,0.915,0.989,1.143,1.284,1.409,1.519,1.617,1.705,1.782,2.06
376.0,382.0,0.858,0.841,0.845,0.842,0.835,0.828,0.823,0.819,0.817,0.816,0.816,0.816,0.83,0.864,0.919,0.987,1.135,1.273,1.396,1.505,1.602,1.689,1.766,2.042
376.0,383.0,0.918,0.897,0.898,0.892,0.882,0.872,0.864,0.857,0.852,0.849,0.847,0.845,0.848,0.873,0.922,0.987,1.129,1.264,1.385,1.492,1.588,1.674,1.75,2.023
376.0,384.0,0.971,0.947,0.945,0.935,0.923,0.911,0.9,0.891,0.884,0.879,0.874,0.871,0.864,0.883,0.926,0.986,1.124,1.256,1.374,1.48,1.576,1.66,1.736,2.006
376.0,385.0,1.017,0.991,0.986,0.974,0.96,0.945,0.932,0.921,0.912,0.905,0.899,0.894,0.879,0.891,0.93,0.986,1.119,1.248,1.365,1.47,1.564,1.647,1.722,1.988
376.0,386.0,1.058,1.03,1.023,1.009,0.992,0.976,0.961,0.949,0.938,0.929,0.921,0.915,0.892,0.899,0.933,0.987,1.115,1.241,1.356,1.459,1.552,1.635,1.708,1.972
376.0,387.0,1.095,1.065,1.056,1.04,1.022,1.004,0.987,0.973,0.961,0.951,0.942,0.934,0.905,0.906,0.937,0.987,1.111,1.235,1.348,1.45,1.541,1.623,1.695,1.956
376.0,388.0,1.128,1.097,1.086,1.068,1.048,1.029,1.011,0.996,0.982,0.97,0.96,0.951,0.916,0.913,0.941,0.988,1.108,1.229,1.34,1.441,1.531,1.611,1.683,1.94
377.0,378.0,0.496,0.507,0.539,0.564,0.585,0.605,0.624,0.643,0.662,0.681,0.701,0.72,0.829,0.925,1.017,1.107,1.274,1.416,1.534,1.635,1.723,1.8,1.868,2.116
377.0,379.0,0.63,0.634,0.658,0.676,0.69,0.703,0.715,0.727,0.74,0.753,0.767,0.781,0.863,0.943,1.023,1.105,1.261,1.398,1.513,1.613,1.7,1.777,1.845,2.091
377.0,380.0,0.744,0.742,0.76,0.772,0.78,0.786,0.792,0.799,0.806,0.814,0.823,0.832,0.893,0.959,1.029,1.104,1.251,1.382,1.495,1.593,1.679,1.756,1.823,2.068
377.0,381.0,0.841,0.834,0.847,0.854,0.857,0.858,0.859,0.861,0.863,0.867,0.871,0.877,0.92,0.973,1.035,1.103,1.242,1.369,1.48,1.576,1.661,1.737,1.803,2.046
377.0,382.0,0.924,0.913,0.922,0.924,0.923,0.92,0.916,0.914,0.913,0.912,0.913,0.915,0.943,0.986,1.041,1.103,1.235,1.357,1.465,1.56,1.644,1.719,1.785,2.025
377.0,383.0,0.996,0.981,0.986,0.985,0.98,0.973,0.966,0.96,0.955,0.952,0.95,0.949,0.963,0.997,1.046,1.103,1.228,1.347,1.453,1.546,1.629,1.703,1.768,2.005
377.0,384.0,1.058,1.04,1.042,1.037,1.029,1.019,1.01,1.001,0.993,0.987,0.982,0.979,0.982,1.008,1.051,1.104,1.223,1.338,1.441,1.533,1.615,1.687,1.752,1.986
377.0,385.0,1.112,1.091,1.09,1.083,1.072,1.06,1.048,1.036,1.026,1.018,1.011,1.005,0.998,1.018,1.055,1.105,1.218,1.33,1.431,1.521,1.602,1.673,1.737,1.968
377.0,386.0,1.159,1.137,1.133,1.124,1.111,1.096,1.081,1.067,1.055,1.045,1.036,1.029,1.013,1.027,1.06,1.106,1.215,1.323,1.422,1.51,1.589,1.66,1.723,1.95
377.0,387.0,1.201,1.177,1.171,1.16,1.145,1.128,1.111,1.096,1.081,1.069,1.059,1.05,1.027,1.035,1.064,1.107,1.211,1.316,1.413,1.5,1.578,1.647,1.709,1.933
377.0,388.0,1.239,1.212,1.205,1.192,1.175,1.156,1.138,1.121,1.105,1.091,1.079,1.069,1.039,1.043,1.069,1.109,1.208,1.31,1.405,1.49,1.567,1.635,1.696,1.917
377.0,389.0,1.272,1.245,1.236,1.221,1.202,1.182,1.162,1.143,1.126,1.111,1.098,1.087,1.051,1.05,1.073,1.11,1.205,1.305,1.397,1.481,1.556,1.624,1.683,1.901
378.0,379.0,0.4,0.401,0.417,0.426,0.435,0.443,0.451,0.46,0.469,0.477,0.485,0.494,0.547,0.613,0.688,0.765,0.911,1.039,1.149,1.248,1.336,1.414,1.483,1.724
378.0,380.0,0.501,0.497,0.507,0.511,0.514,0.517,0.521,0.525,0.529,0.533,0.537,0.542,0.576,0.627,0.693,0.763,0.902,1.025,1.134,1.231,1.318,1.396,1.464,1.703
378.0,381.0,0.589,0.58,0.584,0.584,0.583,0.582,0.581,0.581,0.582,0.582,0.583,0.584,0.601,0.641,0.698,0.763,0.894,1.014,1.121,1.217,1.302,1.379,1.447,1.682
378.0,382.0,0.665,0.652,0.652,0.648,0.643,0.638,0.634,0.631,0.628,0.625,0.623,0.621,0.624,0.654,0.703,0.763,0.888,1.005,1.109,1.203,1.288,1.363,1.43,1.663
378.0,383.0,0.731,0.715,0.711,0.704,0.695,0.687,0.681,0.674,0.668,0.663,0.659,0.654,0.645,0.666,0.708,0.763,0.883,0.996,1.099,1.191,1.275,1.349,1.415,1.644
378.0,384.0,0.789,0.77,0.764,0.753,0.742,0.731,0.722,0.713,0.705,0.697,0.69,0.684,0.664,0.677,0.714,0.765,0.879,0.989,1.09,1.181,1.262,1.336,1.401,1.627
378.0,385.0,0.841,0.819,0.81,0.797,0.783,0.77,0.758,0.747,0.737,0.728,0.719,0.711,0.682,0.687,0.719,0.766,0.875,0.983,1.081,1.171,1.251,1.323,1.387,1.61
378.0,386.0,0.886,0.862,0.851,0.836,0.82,0.805,0.791,0.778,0.766,0.755,0.745,0.735,0.698,0.697,0.725,0.768,0.873,0.977,1.074,1.161,1.24,1.311,1.374,1.593
378.0,387.0,0.927,0.901,0.888,0.871,0.853,0.836,0.821,0.806,0.793,0.78,0.768,0.757,0.713,0.707,0.73,0.77,0.871,0.972,1.067,1.153,1.231,1.3,1.362,1.577
378.0,388.0,0.965,0.937,0.922,0.903,0.883,0.865,0.848,0.832,0.817,0.803,0.79,0.777,0.727,0.716,0.736,0.773,0.869,0.968,1.06,1.145,1.221,1.29,1.35,1.562
378.0,389.0,0.998,0.969,0.952,0.932,0.911,0.891,0.873,0.856,0.839,0.824,0.81,0.796,0.74,0.725,0.741,0.776,0.868,0.964,1.054,1.137,1.212,1.279,1.339,1.546
378.0,390.0,1.029,0.999,0.98,0.959,0.937,0.916,0.896,0.878,0.86,0.844,0.828,0.814,0.753,0.734,0.746,0.778,0.867,0.96,1.049,1.13,1.204,1.27,1.328,1.532
379.0,380.0,0.458,0.462,0.48,0.492,0.5,0.507,0.515,0.524,0.534,0.544,0.555,0.565,0.627,0.686,0.751,0.819,0.952,1.068,1.166,1.251,1.325,1.391,1.45,1.662
379.0,381.0,0.585,0.58,0.591,0.595,0.596,0.597,0.598,0.601,0.605,0.61,0.615,0.621,0.658,0.701,0.754,0.815,0.938,1.049,1.146,1.23,1.304,1.37,1.429,1.64
379.0,382.0,0.691,0.68,0.685,0.683,0.678,0.673,0.669,0.666,0.665,0.665,0.666,0.668,0.685,0.714,0.758,0.811,0.927,1.034,1.129,1.212,1.285,1.351,1.409,1.62
379.0,383.0,0.782,0.765,0.764,0.757,0.747,0.737,0.729,0.722,0.717,0.713,0.711,0.709,0.709,0.726,0.762,0.809,0.918,1.021,1.114,1.196,1.269,1.334,1.392,1.602
379.0,384.0,0.858,0.837,0.832,0.82,0.806,0.792,0.78,0.77,0.761,0.754,0.749,0.744,0.73,0.737,0.766,0.808,0.91,1.011,1.101,1.182,1.255,1.319,1.377,1.585
379.0,385.0,0.924,0.899,0.89,0.875,0.857,0.84,0.825,0.811,0.8,0.79,0.782,0.775,0.748,0.747,0.77,0.808,0.904,1.002,1.09,1.17,1.242,1.305,1.362,1.568
379.0,386.0,0.981,0.953,0.94,0.922,0.901,0.881,0.863,0.847,0.833,0.821,0.811,0.802,0.765,0.757,0.774,0.808,0.899,0.994,1.081,1.159,1.23,1.293,1.349,1.553
379.0,387.0,1.03,0.999,0.984,0.963,0.94,0.918,0.897,0.879,0.863,0.849,0.837,0.825,0.78,0.765,0.778,0.809,0.895,0.987,1.072,1.149,1.219,1.281,1.337,1.538
379.0,388.0,1.073,1.04,1.022,0.999,0.974,0.949,0.927,0.907,0.889,0.873,0.859,0.847,0.794,0.774,0.782,0.81,0.892,0.981,1.065,1.141,1.209,1.271,1.325,1.524
379.0,389.0,1.11,1.076,1.056,1.03,1.004,0.977,0.953,0.932,0.913,0.895,0.88,0.866,0.806,0.781,0.786,0.811,0.89,0.976,1.058,1.133,1.2,1.261,1.315,1.51
379.0,390.0,1.144,1.107,1.086,1.059,1.03,1.003,0.977,0.954,0.934,0.915,0.898,0.883,0.818,0.789,0.79,0.813,0.888,0.972,1.052,1.125,1.192,1.251,1.304,1.497
379.0,391.0,1.174,1.136,1.112,1.084,1.054,1.026,0.999,0.975,0.953,0.933,0.915,0.899,0.829,0.796,0.795,0.815,0.886,0.968,1.046,1.118,1.184,1.242,1.295,1.485
380.0,381.0,0.474,0.488,0.515,0.537,0.556,0.573,0.591,0.608,0.626,0.644,0.662,0.679,0.772,0.851,0.927,1.001,1.133,1.243,1.334,1.411,1.478,1.538,1.59,1.781
380.0,382.0,0.611,0.616,0.636,0.651,0.662,0.672,0.683,0.694,0.706,0.718,0.73,0.742,0.808,0.87,0.934,0.999,1.123,1.228,1.316,1.392,1.459,1.518,1.57,1.759
380.0,383.0,0.728,0.726,0.74,0.748,0.753,0.757,0.762,0.768,0.774,0.781,0.789,0.796,0.84,0.886,0.94,0.999,1.114,1.215,1.301,1.376,1.441,1.5,1.551,1.739
380.0,384.0,0.828,0.82,0.828,0.831,0.831,0.83,0.83,0.831,0.833,0.836,0.839,0.843,0.867,0.901,0.946,0.999,1.106,1.204,1.288,1.361,1.426,1.483,1.534,1.72
380.0,385.0,0.913,0.902,0.905,0.903,0.898,0.893,0.889,0.886,0.884,0.883,0.883,0.883,0.892,0.915,0.952,0.999,1.1,1.194,1.276,1.348,1.411,1.468,1.518,1.702
380.0,386.0,0.988,0.972,0.971,0.965,0.957,0.948,0.94,0.934,0.929,0.925,0.922,0.919,0.914,0.927,0.958,1.0,1.095,1.185,1.265,1.336,1.398,1.454,1.504,1.685
380.0,387.0,1.052,1.033,1.028,1.019,1.007,0.996,0.985,0.976,0.968,0.961,0.956,0.951,0.933,0.938,0.963,1.001,1.091,1.178,1.256,1.325,1.387,1.441,1.49,1.669
380.0,388.0,1.108,1.086,1.079,1.066,1.052,1.038,1.025,1.013,1.003,0.994,0.986,0.979,0.951,0.948,0.968,1.003,1.088,1.172,1.247,1.315,1.375,1.43,1.477,1.653
380.0,389.0,1.158,1.133,1.123,1.108,1.091,1.075,1.059,1.046,1.033,1.022,1.012,1.003,0.967,0.958,0.973,1.005,1.085,1.166,1.24,1.306,1.365,1.418,1.465,1.638
380.0,390.0,1.201,1.175,1.162,1.145,1.126,1.108,1.09,1.075,1.061,1.048,1.036,1.026,0.981,0.967,0.978,1.006,1.083,1.161,1.233,1.297,1.356,1.408,1.454,1.624
380.0,391.0,1.24,1.212,1.197,1.178,1.157,1.137,1.118,1.101,1.085,1.071,1.058,1.046,0.994,0.975,0.983,1.008,1.081,1.156,1.226,1.29,1.347,1.398,1.443,1.61
380.0,392.0,1.275,1.245,1.228,1.208,1.185,1.164,1.143,1.124,1.107,1.092,1.077,1.064,1.007,0.983,0.987,1.01,1.079,1.152,1.22,1.282,1.338,1.388,1.433,1.596
381.0,382.0,0.433,0.443,0.471,0.493,0.513,0.531,0.549,0.567,0.584,0.602,0.62,0.637,0.732,0.816,0.894,0.97,1.11,1.228,1.326,1.409,1.482,1.546,1.602,1.806
381.0,383.0,0.549,0.553,0.575,0.591,0.605,0.617,0.628,0.64,0.651,0.664,0.676,0.688,0.761,0.83,0.899,0.968,1.099,1.213,1.309,1.391,1.463,1.527,1.583,1.787
381.0,384.0,0.648,0.647,0.664,0.675,0.683,0.69,0.696,0.702,0.709,0.717,0.724,0.733,0.787,0.843,0.904,0.967,1.09,1.2,1.294,1.375,1.447,1.51,1.566,1.768
381.0,385.0,0.733,0.728,0.74,0.747,0.75,0.753,0.754,0.756,0.759,0.762,0.767,0.771,0.809,0.855,0.908,0.966,1.083,1.188,1.28,1.361,1.431,1.494,1.55,1.751
381.0,386.0,0.807,0.798,0.806,0.809,0.809,0.807,0.805,0.803,0.802,0.802,0.803,0.805,0.829,0.866,0.913,0.966,1.076,1.179,1.269,1.348,1.418,1.48,1.535,1.734
381.0,387.0,0.87,0.858,0.863,0.863,0.859,0.854,0.849,0.844,0.84,0.837,0.835,0.835,0.846,0.875,0.917,0.966,1.071,1.17,1.258,1.336,1.405,1.466,1.521,1.718
381.0,388.0,0.926,0.911,0.913,0.91,0.903,0.895,0.887,0.88,0.873,0.868,0.864,0.861,0.862,0.884,0.921,0.966,1.066,1.162,1.249,1.325,1.393,1.454,1.508,1.703
381.0,389.0,0.974,0.957,0.956,0.951,0.942,0.932,0.921,0.911,0.903,0.895,0.889,0.884,0.876,0.893,0.925,0.967,1.062,1.156,1.24,1.315,1.382,1.442,1.495,1.688
381.0,390.0,1.016,0.997,0.995,0.987,0.976,0.964,0.951,0.939,0.929,0.919,0.911,0.905,0.889,0.9,0.929,0.968,1.059,1.15,1.232,1.306,1.372,1.431,1.484,1.674
381.0,391.0,1.054,1.033,1.029,1.019,1.006,0.992,0.978,0.964,0.952,0.941,0.931,0.923,0.9,0.907,0.932,0.969,1.056,1.144,1.225,1.298,1.363,1.421,1.473,1.66
381.0,392.0,1.087,1.065,1.059,1.048,1.033,1.018,1.002,0.987,0.973,0.96,0.949,0.94,0.911,0.914,0.936,0.97,1.054,1.139,1.218,1.29,1.354,1.411,1.462,1.646
381.0,393.0,1.117,1.094,1.086,1.073,1.058,1.041,1.023,1.007,0.992,0.978,0.966,0.955,0.921,0.92,0.94,0.971,1.051,1.135,1.212,1.282,1.345,1.401,1.452,1.633
382.0,383.0,0.428,0.44,0.472,0.5,0.524,0.547,0.569,0.591,0.612,0.633,0.653,0.673,0.784,0.887,0.985,1.077,1.245,1.385,1.503,1.604,1.693,1.771,1.84,2.083
382.0,384.0,0.531,0.538,0.565,0.587,0.606,0.623,0.64,0.656,0.672,0.688,0.704,0.719,0.812,0.902,0.991,1.077,1.235,1.371,1.486,1.586,1.674,1.752,1.821,2.062
382.0,385.0,0.62,0.623,0.645,0.662,0.677,0.689,0.701,0.713,0.724,0.736,0.748,0.76,0.837,0.916,0.996,1.077,1.228,1.359,1.472,1.57,1.657,1.735,1.803,2.042
382.0,386.0,0.698,0.697,0.715,0.728,0.738,0.747,0.755,0.762,0.77,0.778,0.787,0.796,0.858,0.928,1.002,1.077,1.221,1.348,1.459,1.556,1.642,1.718,1.786,2.023
382.0,387.0,0.765,0.762,0.776,0.786,0.792,0.797,0.801,0.806,0.81,0.816,0.822,0.828,0.878,0.939,1.007,1.077,1.215,1.338,1.447,1.543,1.628,1.703,1.77,2.004
382.0,388.0,0.825,0.818,0.83,0.836,0.84,0.842,0.843,0.844,0.846,0.849,0.852,0.857,0.896,0.949,1.012,1.078,1.21,1.33,1.436,1.53,1.614,1.689,1.755,1.986
382.0,389.0,0.877,0.868,0.877,0.881,0.882,0.881,0.879,0.878,0.878,0.878,0.88,0.882,0.912,0.959,1.016,1.079,1.205,1.322,1.426,1.519,1.601,1.675,1.74,1.969
382.0,390.0,0.923,0.913,0.919,0.921,0.919,0.916,0.912,0.909,0.906,0.905,0.904,0.905,0.926,0.968,1.021,1.08,1.201,1.315,1.417,1.508,1.589,1.662,1.726,1.952
382.0,391.0,0.964,0.952,0.957,0.956,0.952,0.947,0.941,0.936,0.932,0.928,0.926,0.925,0.939,0.976,1.025,1.081,1.197,1.308,1.408,1.498,1.578,1.65,1.713,1.936
382.0,392.0,1.001,0.988,0.99,0.988,0.982,0.975,0.968,0.961,0.955,0.95,0.946,0.944,0.951,0.983,1.029,1.082,1.194,1.302,1.4,1.488,1.567,1.638,1.7,1.92
382.0,393.0,1.035,1.019,1.021,1.016,1.009,1.0,0.991,0.983,0.975,0.969,0.964,0.961,0.963,0.99,1.032,1.083,1.191,1.297,1.393,1.479,1.557,1.626,1.688,1.904
382.0,394.0,1.065,1.048,1.048,1.042,1.034,1.024,1.013,1.003,0.995,0.987,0.981,0.977,0.973,0.997,1.036,1.084,1.189,1.291,1.386,1.471,1.547,1.615,1.676,1.889
383.0,384.0,0.5,0.528,0.577,0.617,0.655,0.691,0.727,0.762,0.795,0.828,0.859,0.889,1.053,1.203,1.343,1.471,1.689,1.867,2.018,2.147,2.259,2.357,2.442,2.747
383.0,385.0,0.603,0.625,0.668,0.703,0.736,0.767,0.797,0.828,0.857,0.886,0.913,0.939,1.084,1.221,1.351,1.472,1.681,1.855,2.002,2.129,2.24,2.337,2.421,2.723
383.0,386.0,0.694,0.711,0.749,0.779,0.807,0.834,0.86,0.886,0.912,0.937,0.96,0.983,1.112,1.236,1.359,1.473,1.675,1.844,1.988,2.113,2.222,2.318,2.401,2.699
383.0,387.0,0.774,0.787,0.821,0.847,0.87,0.893,0.916,0.939,0.961,0.982,1.003,1.023,1.136,1.251,1.365,1.475,1.669,1.833,1.975,2.097,2.205,2.299,2.381,2.676
383.0,388.0,0.845,0.854,0.884,0.907,0.927,0.946,0.966,0.985,1.004,1.023,1.041,1.058,1.159,1.264,1.371,1.476,1.663,1.824,1.962,2.083,2.189,2.282,2.363,2.654
383.0,389.0,0.909,0.915,0.941,0.96,0.977,0.993,1.01,1.027,1.043,1.059,1.075,1.09,1.179,1.275,1.377,1.477,1.658,1.815,1.95,2.069,2.173,2.265,2.345,2.632
383.0,390.0,0.966,0.969,0.992,1.008,1.022,1.036,1.05,1.064,1.078,1.092,1.105,1.118,1.197,1.286,1.382,1.478,1.654,1.806,1.939,2.056,2.158,2.248,2.327,2.611
383.0,391.0,1.017,1.017,1.038,1.052,1.063,1.074,1.086,1.098,1.11,1.122,1.133,1.144,1.214,1.296,1.387,1.479,1.649,1.798,1.928,2.043,2.144,2.233,2.31,2.59
383.0,392.0,1.063,1.061,1.079,1.091,1.1,1.109,1.119,1.129,1.139,1.149,1.158,1.168,1.229,1.305,1.392,1.48,1.645,1.79,1.918,2.031,2.13,2.217,2.294,2.57
383.0,393.0,1.105,1.101,1.117,1.126,1.133,1.141,1.148,1.157,1.165,1.173,1.181,1.19,1.243,1.314,1.396,1.481,1.641,1.783,1.908,2.019,2.116,2.203,2.278,2.55
383.0,394.0,1.143,1.137,1.151,1.158,1.164,1.169,1.176,1.182,1.189,1.196,1.203,1.209,1.256,1.322,1.4,1.481,1.637,1.776,1.899,2.007,2.103,2.188,2.263,2.53
383.0,395.0,1.178,1.171,1.183,1.188,1.192,1.196,1.201,1.206,1.211,1.217,1.222,1.228,1.268,1.329,1.403,1.482,1.634,1.769,1.89,1.996,2.091,2.174,2.247,2.511
384.0,385.0,0.553,0.581,0.629,0.669,0.706,0.742,0.777,0.812,0.845,0.878,0.909,0.938,1.101,1.252,1.394,1.522,1.741,1.921,2.073,2.204,2.318,2.417,2.504,2.812
384.0,386.0,0.65,0.673,0.715,0.75,0.782,0.814,0.845,0.875,0.905,0.933,0.961,0.987,1.133,1.271,1.404,1.526,1.736,1.911,2.06,2.188,2.301,2.399,2.484,2.788
384.0,387.0,0.736,0.754,0.792,0.823,0.851,0.878,0.906,0.932,0.958,0.983,1.008,1.031,1.161,1.289,1.413,1.529,1.732,1.902,2.047,2.174,2.284,2.381,2.465,2.765
384.0,388.0,0.813,0.827,0.861,0.888,0.912,0.936,0.96,0.983,1.006,1.028,1.05,1.07,1.187,1.304,1.422,1.532,1.728,1.894,2.036,2.16,2.268,2.364,2.447,2.742
384.0,389.0,0.882,0.893,0.923,0.946,0.967,0.988,1.009,1.03,1.05,1.069,1.088,1.106,1.21,1.319,1.429,1.535,1.725,1.886,2.025,2.146,2.253,2.347,2.429,2.72
384.0,390.0,0.944,0.952,0.979,0.999,1.017,1.035,1.053,1.071,1.089,1.106,1.122,1.138,1.231,1.332,1.437,1.538,1.721,1.878,2.014,2.134,2.239,2.331,2.411,2.698
384.0,391.0,1.0,1.005,1.029,1.047,1.062,1.078,1.093,1.109,1.124,1.139,1.153,1.167,1.251,1.344,1.443,1.541,1.718,1.871,2.004,2.121,2.224,2.315,2.394,2.677
384.0,392.0,1.051,1.054,1.075,1.09,1.103,1.116,1.13,1.143,1.156,1.169,1.182,1.194,1.269,1.355,1.449,1.543,1.714,1.864,1.994,2.109,2.211,2.3,2.378,2.656
384.0,393.0,1.098,1.098,1.117,1.13,1.141,1.152,1.163,1.175,1.186,1.197,1.208,1.219,1.285,1.366,1.455,1.545,1.711,1.857,1.985,2.098,2.197,2.285,2.362,2.636
384.0,394.0,1.14,1.138,1.155,1.166,1.175,1.184,1.194,1.204,1.213,1.223,1.232,1.241,1.301,1.375,1.46,1.547,1.708,1.851,1.976,2.087,2.184,2.271,2.346,2.616
384.0,395.0,1.179,1.176,1.19,1.199,1.207,1.214,1.222,1.23,1.238,1.246,1.254,1.262,1.315,1.384,1.465,1.549,1.706,1.844,1.967,2.076,2.172,2.257,2.331,2.596
384.0,396.0,1.215,1.21,1.223,1.23,1.236,1.241,1.248,1.255,1.262,1.268,1.275,1.282,1.328,1.393,1.47,1.55,1.703,1.838,1.959,2.065,2.16,2.243,2.316,2.577
385.0,386.0,0.539,0.566,0.617,0.659,0.695,0.729,0.762,0.796,0.829,0.862,0.894,0.926,1.097,1.245,1.381,1.507,1.729,1.914,2.068,2.2,2.314,2.412,2.498,2.812
385.0,387.0,0.633,0.654,0.701,0.737,0.769,0.798,0.827,0.856,0.886,0.915,0.943,0.971,1.125,1.261,1.388,1.508,1.722,1.903,2.054,2.183,2.296,2.393,2.478,2.788
385.0,388.0,0.716,0.733,0.775,0.807,0.835,0.86,0.885,0.911,0.936,0.962,0.987,1.012,1.151,1.275,1.394,1.509,1.716,1.892,2.041,2.168,2.278,2.375,2.459,2.765
385.0,389.0,0.79,0.803,0.841,0.87,0.893,0.915,0.937,0.959,0.981,1.004,1.027,1.049,1.173,1.288,1.4,1.51,1.71,1.882,2.028,2.153,2.262,2.357,2.44,2.743
385.0,390.0,0.856,0.866,0.9,0.925,0.946,0.964,0.983,1.002,1.022,1.042,1.062,1.082,1.194,1.3,1.406,1.511,1.705,1.873,2.016,2.139,2.246,2.34,2.422,2.721
385.0,391.0,0.916,0.923,0.953,0.975,0.993,1.009,1.025,1.042,1.059,1.076,1.094,1.112,1.213,1.311,1.411,1.512,1.7,1.864,2.004,2.126,2.231,2.324,2.405,2.7
385.0,392.0,0.969,0.973,1.001,1.021,1.035,1.049,1.063,1.077,1.092,1.107,1.123,1.139,1.23,1.321,1.416,1.512,1.695,1.856,1.993,2.113,2.217,2.308,2.388,2.679
385.0,393.0,1.017,1.019,1.045,1.061,1.074,1.085,1.097,1.109,1.122,1.136,1.149,1.163,1.246,1.33,1.42,1.513,1.691,1.848,1.983,2.1,2.203,2.293,2.371,2.658
385.0,394.0,1.061,1.061,1.084,1.098,1.109,1.118,1.128,1.138,1.15,1.161,1.174,1.186,1.261,1.339,1.425,1.514,1.687,1.84,1.973,2.088,2.189,2.278,2.355,2.638
385.0,395.0,1.101,1.099,1.12,1.132,1.141,1.149,1.156,1.165,1.175,1.185,1.196,1.207,1.274,1.347,1.429,1.515,1.683,1.833,1.963,2.077,2.176,2.263,2.34,2.619
385.0,396.0,1.138,1.134,1.153,1.163,1.17,1.176,1.183,1.19,1.198,1.207,1.216,1.226,1.286,1.355,1.432,1.515,1.679,1.826,1.954,2.065,2.163,2.249,2.325,2.599
385.0,397.0,1.171,1.166,1.183,1.192,1.197,1.202,1.207,1.213,1.219,1.227,1.235,1.243,1.298,1.361,1.436,1.516,1.675,1.819,1.945,2.055,2.151,2.235,2.31,2.58
386.0,387.0,0.599,0.628,0.68,0.724,0.762,0.798,0.832,0.867,0.901,0.934,0.967,0.999,1.168,1.31,1.436,1.553,1.759,1.927,2.064,2.179,2.277,2.362,2.437,2.716
386.0,388.0,0.703,0.726,0.773,0.81,0.843,0.874,0.903,0.933,0.963,0.992,1.021,1.049,1.199,1.327,1.444,1.555,1.752,1.916,2.05,2.163,2.26,2.344,2.418,2.695
386.0,389.0,0.795,0.813,0.854,0.887,0.915,0.941,0.966,0.992,1.017,1.043,1.068,1.093,1.226,1.343,1.452,1.556,1.746,1.905,2.037,2.148,2.243,2.327,2.401,2.674
386.0,390.0,0.876,0.89,0.927,0.955,0.979,1.001,1.022,1.044,1.066,1.088,1.11,1.132,1.251,1.357,1.458,1.558,1.74,1.895,2.024,2.134,2.228,2.311,2.383,2.654
386.0,391.0,0.949,0.958,0.991,1.015,1.036,1.054,1.072,1.091,1.11,1.129,1.148,1.167,1.272,1.369,1.464,1.559,1.735,1.886,2.012,2.12,2.213,2.295,2.367,2.635
386.0,392.0,1.013,1.019,1.048,1.069,1.086,1.101,1.117,1.132,1.148,1.165,1.182,1.198,1.292,1.38,1.47,1.56,1.73,1.877,2.001,2.107,2.199,2.28,2.351,2.615
386.0,393.0,1.071,1.074,1.1,1.118,1.131,1.144,1.156,1.17,1.183,1.197,1.212,1.226,1.31,1.391,1.474,1.56,1.725,1.868,1.99,2.094,2.185,2.265,2.335,2.597
386.0,394.0,1.122,1.122,1.146,1.161,1.172,1.182,1.192,1.203,1.215,1.227,1.239,1.252,1.326,1.4,1.479,1.561,1.72,1.86,1.98,2.082,2.172,2.25,2.32,2.578
386.0,395.0,1.169,1.166,1.187,1.2,1.209,1.216,1.225,1.233,1.243,1.253,1.264,1.275,1.34,1.408,1.483,1.561,1.716,1.853,1.97,2.071,2.159,2.236,2.305,2.56
386.0,396.0,1.211,1.206,1.224,1.235,1.242,1.248,1.254,1.261,1.269,1.277,1.286,1.295,1.353,1.416,1.486,1.562,1.712,1.845,1.96,2.06,2.146,2.223,2.29,2.542
386.0,397.0,1.249,1.242,1.258,1.267,1.272,1.276,1.28,1.286,1.292,1.299,1.306,1.314,1.365,1.423,1.49,1.562,1.707,1.838,1.951,2.049,2.134,2.21,2.276,2.524
386.0,398.0,1.283,1.275,1.289,1.296,1.299,1.302,1.304,1.308,1.313,1.319,1.325,1.332,1.376,1.429,1.492,1.562,1.703,1.831,1.942,2.038,2.122,2.197,2.262,2.507
387.0,388.0,0.8,0.814,0.853,0.885,0.912,0.938,0.963,0.988,1.013,1.038,1.062,1.087,1.221,1.338,1.448,1.554,1.749,1.913,2.05,2.165,2.266,2.355,2.433,2.715
387.0,389.0,0.874,0.884,0.92,0.948,0.972,0.994,1.016,1.037,1.058,1.08,1.102,1.123,1.244,1.352,1.455,1.557,1.745,1.905,2.039,2.153,2.252,2.339,2.416,2.695
387.0,390.0,0.94,0.947,0.979,1.004,1.025,1.044,1.063,1.081,1.099,1.118,1.137,1.156,1.265,1.365,1.462,1.559,1.741,1.897,2.028,2.14,2.238,2.324,2.401,2.676
387.0,391.0,0.999,1.004,1.033,1.055,1.073,1.089,1.105,1.12,1.136,1.153,1.169,1.186,1.284,1.376,1.469,1.561,1.737,1.889,2.018,2.128,2.225,2.31,2.385,2.657
387.0,392.0,1.052,1.055,1.081,1.101,1.116,1.13,1.143,1.156,1.17,1.184,1.198,1.213,1.301,1.387,1.474,1.563,1.733,1.882,2.008,2.117,2.212,2.296,2.37,2.638
387.0,393.0,1.1,1.101,1.125,1.142,1.156,1.167,1.178,1.189,1.2,1.212,1.224,1.237,1.317,1.397,1.48,1.565,1.729,1.875,1.998,2.105,2.199,2.282,2.355,2.619
387.0,394.0,1.144,1.143,1.165,1.18,1.191,1.2,1.209,1.218,1.227,1.238,1.248,1.259,1.331,1.406,1.484,1.566,1.726,1.868,1.989,2.094,2.187,2.268,2.34,2.601
387.0,395.0,1.183,1.181,1.201,1.214,1.223,1.231,1.238,1.245,1.253,1.261,1.27,1.28,1.344,1.414,1.489,1.567,1.722,1.861,1.98,2.084,2.175,2.255,2.326,2.583
387.0,396.0,1.22,1.216,1.234,1.245,1.253,1.259,1.264,1.269,1.276,1.282,1.29,1.299,1.356,1.421,1.493,1.568,1.719,1.855,1.972,2.073,2.163,2.242,2.312,2.565
387.0,397.0,1.253,1.247,1.264,1.274,1.28,1.284,1.288,1.292,1.297,1.302,1.309,1.316,1.368,1.428,1.496,1.569,1.716,1.848,1.963,2.063,2.151,2.229,2.298,2.548
387.0,398.0,1.283,1.277,1.291,1.3,1.305,1.308,1.31,1.313,1.316,1.321,1.326,1.332,1.378,1.435,1.5,1.57,1.713,1.842,1.955,2.053,2.14,2.217,2.285,2.531
387.0,399.0,1.311,1.304,1.317,1.324,1.328,1.329,1.33,1.332,1.334,1.337,1.342,1.346,1.388,1.441,1.503,1.571,1.709,1.836,1.947,2.044,2.129,2.205,2.271,2.514
388.0,389.0,0.853,0.868,0.904,0.931,0.954,0.976,0.997,1.019,1.041,1.062,1.084,1.105,1.222,1.325,1.424,1.519,1.695,1.842,1.965,2.07,2.16,2.24,2.31,2.566
388.0,390.0,0.931,0.942,0.973,0.996,1.015,1.033,1.05,1.068,1.087,1.105,1.124,1.142,1.244,1.337,1.429,1.52,1.688,1.832,1.953,2.056,2.146,2.224,2.294,2.548
388.0,391.0,1.0,1.007,1.034,1.054,1.069,1.083,1.098,1.112,1.128,1.144,1.159,1.175,1.264,1.348,1.434,1.52,1.682,1.823,1.942,2.043,2.132,2.21,2.278,2.53
388.0,392.0,1.061,1.065,1.089,1.105,1.117,1.128,1.14,1.152,1.164,1.178,1.191,1.204,1.282,1.358,1.438,1.52,1.677,1.814,1.931,2.031,2.118,2.195,2.263,2.513
388.0,393.0,1.115,1.116,1.137,1.15,1.159,1.168,1.177,1.186,1.197,1.208,1.219,1.23,1.298,1.367,1.441,1.52,1.672,1.806,1.92,2.019,2.106,2.182,2.249,2.496
388.0,394.0,1.164,1.162,1.18,1.19,1.197,1.204,1.21,1.218,1.226,1.235,1.244,1.254,1.312,1.375,1.445,1.519,1.667,1.798,1.91,2.008,2.093,2.168,2.235,2.479
388.0,395.0,1.207,1.203,1.218,1.227,1.231,1.235,1.24,1.246,1.252,1.259,1.267,1.275,1.325,1.382,1.448,1.519,1.662,1.79,1.901,1.997,2.081,2.155,2.221,2.462
388.0,396.0,1.246,1.24,1.253,1.259,1.262,1.264,1.267,1.271,1.275,1.281,1.287,1.294,1.337,1.389,1.45,1.519,1.658,1.783,1.892,1.986,2.069,2.143,2.208,2.446
388.0,397.0,1.281,1.273,1.284,1.288,1.29,1.29,1.291,1.293,1.297,1.301,1.306,1.311,1.348,1.395,1.453,1.519,1.653,1.776,1.883,1.976,2.058,2.131,2.195,2.43
388.0,398.0,1.313,1.303,1.312,1.315,1.315,1.314,1.313,1.314,1.316,1.319,1.322,1.326,1.357,1.4,1.455,1.518,1.649,1.77,1.875,1.966,2.047,2.119,2.182,2.414
388.0,399.0,1.341,1.33,1.338,1.339,1.337,1.335,1.333,1.333,1.334,1.335,1.338,1.341,1.366,1.405,1.457,1.518,1.645,1.763,1.866,1.957,2.036,2.107,2.169,2.399
388.0,400.0,1.368,1.355,1.361,1.361,1.358,1.354,1.352,1.35,1.35,1.35,1.352,1.354,1.374,1.409,1.459,1.517,1.641,1.757,1.858,1.947,2.026,2.095,2.157,2.383
389.0,390.0,0.996,1.002,1.03,1.05,1.065,1.079,1.092,1.106,1.12,1.135,1.151,1.166,1.253,1.334,1.415,1.499,1.657,1.793,1.907,2.004,2.09,2.165,2.231,2.477
389.0,391.0,1.06,1.062,1.087,1.103,1.115,1.126,1.136,1.147,1.159,1.171,1.184,1.197,1.273,1.345,1.42,1.499,1.651,1.784,1.896,1.992,2.076,2.15,2.216,2.459
389.0,392.0,1.117,1.116,1.137,1.151,1.16,1.168,1.175,1.184,1.193,1.203,1.214,1.225,1.29,1.355,1.425,1.5,1.647,1.776,1.886,1.981,2.063,2.137,2.201,2.442
389.0,393.0,1.168,1.165,1.183,1.193,1.2,1.205,1.211,1.217,1.224,1.232,1.241,1.25,1.306,1.364,1.429,1.5,1.642,1.768,1.876,1.969,2.051,2.123,2.187,2.425
389.0,394.0,1.213,1.208,1.223,1.232,1.236,1.239,1.242,1.246,1.252,1.258,1.265,1.272,1.32,1.372,1.433,1.501,1.638,1.761,1.867,1.959,2.039,2.111,2.174,2.408
389.0,395.0,1.254,1.247,1.26,1.266,1.268,1.269,1.271,1.273,1.277,1.281,1.287,1.293,1.333,1.379,1.436,1.501,1.634,1.754,1.858,1.948,2.028,2.098,2.16,2.392
389.0,396.0,1.291,1.282,1.293,1.297,1.297,1.297,1.297,1.297,1.299,1.302,1.306,1.311,1.344,1.386,1.439,1.501,1.63,1.747,1.849,1.938,2.016,2.086,2.147,2.376
389.0,397.0,1.324,1.313,1.323,1.325,1.324,1.322,1.32,1.319,1.32,1.322,1.324,1.328,1.355,1.392,1.442,1.501,1.626,1.741,1.841,1.928,2.005,2.074,2.135,2.36
389.0,398.0,1.355,1.342,1.35,1.351,1.348,1.344,1.341,1.339,1.339,1.339,1.341,1.343,1.365,1.398,1.445,1.501,1.622,1.734,1.833,1.919,1.995,2.062,2.122,2.344
389.0,399.0,1.382,1.369,1.375,1.374,1.37,1.365,1.361,1.358,1.356,1.355,1.356,1.357,1.374,1.403,1.447,1.501,1.618,1.728,1.825,1.91,1.984,2.051,2.11,2.329
389.0,400.0,1.408,1.393,1.397,1.395,1.39,1.384,1.379,1.375,1.372,1.37,1.37,1.37,1.382,1.408,1.449,1.501,1.615,1.722,1.817,1.901,1.974,2.04,2.098,2.314
389.0,401.0,1.431,1.415,1.418,1.415,1.409,1.402,1.395,1.39,1.386,1.384,1.383,1.382,1.39,1.412,1.451,1.501,1.612,1.717,1.81,1.892,1.964,2.029,2.086,2.299
390.0,391.0,1.057,1.064,1.096,1.121,1.141,1.159,1.176,1.192,1.208,1.225,1.241,1.258,1.358,1.448,1.532,1.613,1.763,1.892,2.002,2.096,2.176,2.245,2.306,2.534
390.0,392.0,1.128,1.132,1.16,1.181,1.197,1.212,1.225,1.237,1.25,1.264,1.278,1.292,1.378,1.459,1.537,1.613,1.757,1.883,1.991,2.083,2.162,2.231,2.291,2.518
390.0,393.0,1.191,1.192,1.216,1.233,1.247,1.258,1.268,1.278,1.288,1.299,1.31,1.322,1.396,1.468,1.54,1.612,1.751,1.874,1.98,2.071,2.149,2.217,2.276,2.501
390.0,394.0,1.247,1.244,1.265,1.28,1.29,1.299,1.306,1.313,1.321,1.329,1.339,1.348,1.411,1.477,1.544,1.612,1.746,1.866,1.97,2.059,2.136,2.203,2.262,2.485
390.0,395.0,1.296,1.291,1.309,1.321,1.329,1.335,1.34,1.345,1.35,1.357,1.364,1.372,1.425,1.484,1.546,1.611,1.741,1.858,1.96,2.048,2.124,2.19,2.249,2.469
390.0,396.0,1.34,1.332,1.348,1.358,1.363,1.367,1.37,1.373,1.377,1.381,1.386,1.392,1.438,1.491,1.549,1.611,1.736,1.85,1.95,2.037,2.112,2.178,2.235,2.454
390.0,397.0,1.379,1.369,1.383,1.39,1.394,1.396,1.397,1.398,1.4,1.403,1.407,1.411,1.449,1.496,1.551,1.61,1.731,1.843,1.941,2.026,2.1,2.165,2.222,2.439
390.0,398.0,1.414,1.402,1.414,1.42,1.421,1.421,1.421,1.42,1.421,1.422,1.425,1.428,1.459,1.502,1.552,1.609,1.726,1.836,1.932,2.016,2.089,2.153,2.21,2.423
390.0,399.0,1.445,1.432,1.442,1.446,1.446,1.444,1.442,1.441,1.44,1.44,1.441,1.443,1.468,1.506,1.554,1.608,1.722,1.829,1.924,2.006,2.078,2.142,2.197,2.409
390.0,400.0,1.473,1.459,1.467,1.469,1.468,1.465,1.462,1.459,1.457,1.455,1.455,1.456,1.476,1.51,1.555,1.607,1.718,1.822,1.915,1.997,2.068,2.13,2.185,2.394
390.0,401.0,1.498,1.483,1.49,1.491,1.488,1.484,1.479,1.475,1.472,1.47,1.469,1.468,1.483,1.514,1.556,1.606,1.713,1.816,1.907,1.987,2.057,2.119,2.174,2.38
390.0,402.0,1.521,1.505,1.51,1.51,1.506,1.501,1.495,1.49,1.486,1.483,1.481,1.48,1.489,1.517,1.557,1.604,1.709,1.81,1.899,1.978,2.047,2.108,2.162,2.365
391.0,392.0,1.09,1.093,1.115,1.13,1.143,1.156,1.169,1.182,1.195,1.208,1.22,1.232,1.305,1.387,1.473,1.559,1.716,1.853,1.972,2.077,2.169,2.249,2.32,2.572
391.0,393.0,1.141,1.141,1.16,1.173,1.183,1.194,1.204,1.215,1.226,1.237,1.247,1.257,1.321,1.396,1.478,1.56,1.711,1.845,1.962,2.065,2.156,2.235,2.305,2.554
391.0,394.0,1.186,1.185,1.201,1.211,1.219,1.228,1.236,1.245,1.254,1.263,1.272,1.28,1.335,1.404,1.482,1.56,1.707,1.838,1.953,2.054,2.143,2.221,2.29,2.535
391.0,395.0,1.228,1.224,1.238,1.246,1.252,1.259,1.266,1.273,1.28,1.287,1.294,1.301,1.349,1.412,1.486,1.561,1.703,1.831,1.943,2.043,2.13,2.207,2.275,2.517
391.0,396.0,1.265,1.26,1.271,1.278,1.282,1.287,1.292,1.298,1.303,1.309,1.314,1.32,1.361,1.42,1.489,1.561,1.7,1.824,1.934,2.032,2.118,2.194,2.261,2.5
391.0,397.0,1.3,1.292,1.302,1.307,1.31,1.313,1.316,1.32,1.325,1.329,1.333,1.338,1.373,1.426,1.492,1.561,1.696,1.818,1.926,2.022,2.106,2.181,2.247,2.482
391.0,398.0,1.331,1.322,1.331,1.333,1.335,1.337,1.339,1.341,1.344,1.347,1.35,1.354,1.383,1.432,1.495,1.562,1.692,1.811,1.917,2.011,2.095,2.168,2.233,2.465
391.0,399.0,1.36,1.35,1.357,1.358,1.358,1.358,1.359,1.361,1.362,1.364,1.366,1.369,1.393,1.438,1.497,1.562,1.689,1.805,1.909,2.002,2.084,2.156,2.22,2.448
391.0,400.0,1.387,1.375,1.381,1.381,1.38,1.379,1.378,1.379,1.379,1.38,1.381,1.383,1.402,1.443,1.5,1.562,1.685,1.799,1.901,1.992,2.073,2.144,2.206,2.431
391.0,401.0,1.411,1.399,1.403,1.402,1.399,1.397,1.396,1.395,1.395,1.395,1.395,1.395,1.41,1.448,1.502,1.562,1.682,1.793,1.893,1.982,2.062,2.132,2.193,2.415
391.0,402.0,1.434,1.421,1.424,1.421,1.418,1.415,1.412,1.411,1.409,1.408,1.408,1.407,1.418,1.453,1.504,1.561,1.678,1.787,1.885,1.973,2.051,2.12,2.181,2.399
391.0,403.0,1.456,1.442,1.443,1.44,1.435,1.431,1.428,1.425,1.423,1.421,1.42,1.419,1.425,1.457,1.506,1.561,1.675,1.781,1.878,1.964,2.041,2.108,2.168,2.383
392.0,393.0,1.093,1.096,1.114,1.127,1.138,1.149,1.161,1.172,1.183,1.194,1.204,1.214,1.275,1.344,1.417,1.489,1.621,1.736,1.836,1.923,2.0,2.068,2.127,2.339
392.0,394.0,1.152,1.152,1.166,1.176,1.185,1.193,1.202,1.21,1.219,1.227,1.235,1.243,1.293,1.354,1.422,1.49,1.617,1.728,1.826,1.912,1.988,2.055,2.114,2.323
392.0,395.0,1.205,1.202,1.214,1.221,1.226,1.232,1.238,1.244,1.251,1.257,1.263,1.268,1.309,1.363,1.426,1.49,1.612,1.721,1.817,1.902,1.977,2.043,2.101,2.308
392.0,396.0,1.252,1.247,1.256,1.26,1.263,1.267,1.271,1.275,1.279,1.283,1.287,1.291,1.323,1.371,1.429,1.491,1.608,1.714,1.808,1.892,1.966,2.031,2.088,2.293
392.0,397.0,1.295,1.287,1.293,1.296,1.297,1.298,1.3,1.302,1.305,1.307,1.31,1.312,1.336,1.378,1.432,1.491,1.605,1.708,1.8,1.882,1.955,2.019,2.076,2.278
392.0,398.0,1.333,1.323,1.327,1.328,1.327,1.327,1.327,1.327,1.328,1.329,1.33,1.331,1.348,1.385,1.435,1.491,1.601,1.702,1.792,1.873,1.945,2.008,2.064,2.264
392.0,399.0,1.367,1.355,1.358,1.357,1.354,1.352,1.351,1.35,1.349,1.348,1.348,1.348,1.358,1.391,1.438,1.491,1.597,1.696,1.784,1.864,1.934,1.997,2.052,2.249
392.0,400.0,1.398,1.385,1.386,1.383,1.379,1.375,1.372,1.37,1.368,1.366,1.365,1.363,1.368,1.396,1.44,1.491,1.594,1.69,1.777,1.855,1.924,1.986,2.04,2.235
392.0,401.0,1.427,1.412,1.411,1.407,1.401,1.396,1.392,1.388,1.385,1.382,1.38,1.377,1.377,1.401,1.442,1.49,1.59,1.684,1.769,1.846,1.915,1.976,2.029,2.221
392.0,402.0,1.452,1.436,1.434,1.428,1.422,1.416,1.41,1.405,1.401,1.397,1.393,1.39,1.385,1.406,1.444,1.49,1.587,1.679,1.762,1.838,1.905,1.965,2.018,2.208
392.0,403.0,1.476,1.459,1.455,1.448,1.44,1.433,1.427,1.421,1.416,1.411,1.406,1.402,1.393,1.41,1.446,1.49,1.584,1.673,1.755,1.83,1.896,1.955,2.007,2.194
392.0,404.0,1.497,1.479,1.475,1.466,1.458,1.449,1.442,1.435,1.429,1.423,1.418,1.413,1.4,1.414,1.447,1.489,1.58,1.668,1.749,1.821,1.887,1.945,1.996,2.181
393.0,394.0,1.107,1.123,1.152,1.175,1.197,1.218,1.238,1.259,1.279,1.298,1.317,1.334,1.432,1.523,1.611,1.692,1.834,1.952,2.052,2.137,2.212,2.278,2.335,2.539
393.0,395.0,1.187,1.198,1.222,1.241,1.258,1.275,1.292,1.309,1.325,1.341,1.356,1.371,1.454,1.535,1.615,1.692,1.828,1.943,2.041,2.126,2.2,2.266,2.323,2.527
393.0,396.0,1.257,1.264,1.284,1.299,1.313,1.326,1.339,1.353,1.366,1.379,1.391,1.403,1.473,1.545,1.619,1.691,1.822,1.935,2.031,2.115,2.189,2.254,2.311,2.514
393.0,397.0,1.319,1.322,1.339,1.35,1.36,1.37,1.381,1.391,1.402,1.412,1.422,1.432,1.49,1.553,1.622,1.691,1.817,1.927,2.022,2.105,2.178,2.243,2.299,2.502
393.0,398.0,1.373,1.373,1.387,1.395,1.402,1.41,1.417,1.425,1.433,1.441,1.449,1.457,1.504,1.561,1.625,1.69,1.812,1.919,2.012,2.095,2.167,2.231,2.288,2.489
393.0,399.0,1.421,1.418,1.429,1.435,1.44,1.444,1.45,1.455,1.461,1.467,1.473,1.479,1.517,1.567,1.627,1.688,1.806,1.911,2.003,2.085,2.157,2.22,2.276,2.477
393.0,400.0,1.463,1.458,1.467,1.47,1.472,1.475,1.478,1.482,1.486,1.49,1.494,1.498,1.528,1.573,1.628,1.687,1.801,1.904,1.995,2.075,2.147,2.21,2.265,2.464
393.0,401.0,1.501,1.494,1.5,1.501,1.501,1.502,1.503,1.505,1.507,1.51,1.512,1.515,1.538,1.578,1.629,1.685,1.796,1.897,1.986,2.066,2.137,2.199,2.254,2.452
393.0,402.0,1.535,1.525,1.529,1.529,1.527,1.526,1.526,1.526,1.527,1.528,1.529,1.53,1.547,1.582,1.63,1.684,1.791,1.89,1.978,2.057,2.127,2.189,2.244,2.439
393.0,403.0,1.564,1.553,1.555,1.553,1.55,1.547,1.546,1.544,1.544,1.543,1.543,1.544,1.554,1.585,1.63,1.682,1.786,1.883,1.97,2.048,2.117,2.179,2.233,2.427
393.0,404.0,1.591,1.578,1.579,1.575,1.571,1.566,1.563,1.561,1.559,1.557,1.556,1.556,1.561,1.588,1.63,1.68,1.782,1.877,1.962,2.039,2.108,2.169,2.222,2.415
393.0,405.0,1.615,1.601,1.6,1.595,1.589,1.584,1.579,1.576,1.573,1.57,1.568,1.566,1.567,1.59,1.63,1.678,1.777,1.87,1.955,2.031,2.098,2.159,2.212,2.403
394.0,395.0,1.188,1.201,1.237,1.267,1.294,1.317,1.339,1.36,1.38,1.4,1.419,1.439,1.55,1.645,1.726,1.798,1.926,2.034,2.125,2.2,2.264,2.319,2.366,2.546
394.0,396.0,1.275,1.284,1.315,1.341,1.363,1.382,1.399,1.416,1.432,1.448,1.464,1.48,1.575,1.658,1.732,1.799,1.921,2.025,2.114,2.188,2.251,2.306,2.353,2.533
394.0,397.0,1.352,1.357,1.384,1.405,1.423,1.438,1.452,1.465,1.478,1.491,1.504,1.517,1.596,1.67,1.737,1.8,1.916,2.017,2.104,2.177,2.239,2.293,2.34,2.519
394.0,398.0,1.42,1.421,1.444,1.462,1.476,1.488,1.499,1.509,1.518,1.528,1.538,1.549,1.615,1.68,1.741,1.8,1.91,2.009,2.094,2.166,2.227,2.281,2.327,2.506
394.0,399.0,1.48,1.478,1.497,1.512,1.523,1.532,1.54,1.547,1.554,1.561,1.569,1.577,1.632,1.689,1.745,1.8,1.906,2.001,2.084,2.155,2.216,2.269,2.315,2.493
394.0,400.0,1.533,1.528,1.544,1.556,1.565,1.571,1.576,1.581,1.585,1.59,1.595,1.601,1.646,1.696,1.747,1.799,1.901,1.994,2.075,2.145,2.205,2.257,2.303,2.48
394.0,401.0,1.579,1.572,1.586,1.595,1.601,1.605,1.608,1.61,1.613,1.615,1.619,1.623,1.659,1.703,1.75,1.798,1.896,1.986,2.066,2.134,2.194,2.246,2.291,2.467
394.0,402.0,1.621,1.611,1.623,1.63,1.634,1.636,1.636,1.636,1.637,1.638,1.64,1.642,1.67,1.708,1.751,1.797,1.891,1.979,2.057,2.125,2.184,2.235,2.28,2.454
394.0,403.0,1.657,1.646,1.656,1.661,1.662,1.662,1.661,1.66,1.659,1.658,1.658,1.659,1.679,1.713,1.752,1.795,1.886,1.972,2.048,2.115,2.173,2.224,2.269,2.441
394.0,404.0,1.69,1.677,1.685,1.688,1.688,1.686,1.683,1.68,1.678,1.676,1.674,1.674,1.688,1.716,1.753,1.794,1.881,1.965,2.04,2.106,2.163,2.214,2.258,2.429
394.0,405.0,1.719,1.704,1.71,1.712,1.71,1.707,1.703,1.698,1.694,1.691,1.689,1.687,1.695,1.72,1.753,1.792,1.876,1.958,2.032,2.097,2.153,2.203,2.247,2.416
394.0,406.0,1.745,1.729,1.733,1.733,1.731,1.726,1.72,1.715,1.709,1.705,1.701,1.699,1.701,1.722,1.753,1.79,1.872,1.952,2.024,2.088,2.144,2.193,2.236,2.404
395.0,396.0,1.33,1.351,1.383,1.413,1.442,1.47,1.498,1.525,1.551,1.575,1.599,1.622,1.737,1.828,1.905,1.972,2.083,2.168,2.234,2.288,2.335,2.376,2.412,2.538
395.0,397.0,1.434,1.45,1.477,1.502,1.525,1.548,1.57,1.592,1.613,1.633,1.652,1.671,1.767,1.846,1.915,1.976,2.08,2.161,2.227,2.281,2.328,2.369,2.405,2.533
395.0,398.0,1.526,1.538,1.56,1.58,1.599,1.617,1.634,1.651,1.668,1.684,1.699,1.714,1.794,1.862,1.923,1.979,2.076,2.155,2.219,2.273,2.32,2.362,2.398,2.527
395.0,399.0,1.607,1.615,1.634,1.649,1.664,1.678,1.691,1.704,1.716,1.729,1.74,1.752,1.817,1.875,1.929,1.98,2.072,2.149,2.212,2.266,2.313,2.354,2.391,2.521
395.0,400.0,1.679,1.683,1.698,1.71,1.721,1.731,1.74,1.75,1.759,1.768,1.777,1.785,1.837,1.886,1.934,1.981,2.068,2.142,2.205,2.258,2.305,2.347,2.384,2.514
395.0,401.0,1.743,1.744,1.755,1.764,1.772,1.778,1.784,1.79,1.796,1.802,1.808,1.815,1.854,1.896,1.938,1.981,2.064,2.136,2.197,2.251,2.298,2.34,2.376,2.507
395.0,402.0,1.799,1.797,1.806,1.812,1.816,1.819,1.823,1.826,1.829,1.832,1.836,1.84,1.869,1.904,1.941,1.981,2.059,2.129,2.19,2.243,2.29,2.332,2.369,2.5
395.0,403.0,1.849,1.844,1.85,1.854,1.855,1.856,1.856,1.857,1.858,1.859,1.86,1.862,1.882,1.91,1.944,1.98,2.054,2.122,2.183,2.236,2.283,2.324,2.361,2.492
395.0,404.0,1.892,1.886,1.89,1.891,1.89,1.888,1.886,1.884,1.883,1.882,1.881,1.882,1.893,1.916,1.945,1.978,2.049,2.116,2.175,2.228,2.275,2.317,2.354,2.485
395.0,405.0,1.931,1.922,1.924,1.923,1.92,1.916,1.912,1.908,1.905,1.902,1.9,1.898,1.902,1.92,1.945,1.976,2.044,2.109,2.168,2.22,2.267,2.309,2.346,2.477
395.0,406.0,1.965,1.955,1.955,1.952,1.947,1.941,1.935,1.929,1.924,1.92,1.916,1.913,1.91,1.923,1.945,1.974,2.039,2.103,2.161,2.213,2.259,2.301,2.338,2.469
395.0,407.0,1.995,1.983,1.982,1.977,1.97,1.963,1.955,1.948,1.941,1.935,1.93,1.926,1.916,1.925,1.945,1.971,2.034,2.096,2.154,2.205,2.252,2.293,2.33,2.46
396.0,397.0,1.454,1.479,1.512,1.542,1.569,1.596,1.621,1.645,1.669,1.692,1.714,1.736,1.846,1.93,1.998,2.054,2.143,2.209,2.261,2.304,2.339,2.369,2.395,2.489
396.0,398.0,1.566,1.585,1.612,1.635,1.656,1.676,1.696,1.715,1.734,1.752,1.77,1.786,1.875,1.945,2.003,2.053,2.134,2.198,2.249,2.292,2.327,2.358,2.384,2.481
396.0,399.0,1.664,1.677,1.698,1.716,1.732,1.747,1.761,1.776,1.79,1.804,1.817,1.83,1.899,1.956,2.006,2.051,2.126,2.188,2.238,2.28,2.316,2.347,2.374,2.472
396.0,400.0,1.749,1.757,1.773,1.786,1.797,1.807,1.818,1.828,1.838,1.848,1.858,1.868,1.92,1.966,2.008,2.048,2.119,2.178,2.227,2.269,2.305,2.337,2.364,2.464
396.0,401.0,1.823,1.826,1.838,1.846,1.853,1.86,1.866,1.873,1.879,1.886,1.893,1.9,1.938,1.973,2.009,2.045,2.111,2.168,2.217,2.259,2.295,2.326,2.354,2.455
396.0,402.0,1.887,1.886,1.894,1.899,1.902,1.905,1.908,1.912,1.915,1.919,1.923,1.927,1.952,1.979,2.009,2.041,2.103,2.159,2.207,2.248,2.285,2.317,2.344,2.447
396.0,403.0,1.943,1.938,1.943,1.944,1.944,1.944,1.944,1.945,1.946,1.947,1.949,1.951,1.964,1.984,2.009,2.037,2.096,2.15,2.197,2.238,2.275,2.307,2.335,2.438
396.0,404.0,1.991,1.983,1.985,1.983,1.981,1.978,1.976,1.974,1.972,1.971,1.971,1.97,1.974,1.987,2.007,2.033,2.088,2.141,2.188,2.229,2.265,2.297,2.325,2.43
396.0,405.0,2.033,2.022,2.021,2.017,2.012,2.007,2.002,1.998,1.995,1.992,1.989,1.987,1.982,1.989,2.005,2.028,2.081,2.132,2.178,2.219,2.256,2.288,2.316,2.421
396.0,406.0,2.069,2.056,2.052,2.046,2.039,2.032,2.025,2.019,2.014,2.009,2.005,2.001,1.988,1.99,2.003,2.024,2.074,2.124,2.169,2.21,2.247,2.279,2.307,2.412
396.0,407.0,2.1,2.085,2.079,2.071,2.062,2.053,2.044,2.037,2.03,2.023,2.018,2.013,1.993,1.99,2.0,2.019,2.067,2.116,2.161,2.201,2.238,2.27,2.298,2.404
396.0,408.0,2.127,2.11,2.102,2.092,2.082,2.071,2.061,2.052,2.043,2.036,2.029,2.023,1.997,1.99,1.997,2.014,2.059,2.107,2.152,2.193,2.229,2.261,2.289,2.395
397.0,398.0,1.512,1.55,1.596,1.638,1.678,1.715,1.752,1.788,1.822,1.855,1.888,1.918,2.073,2.186,2.272,2.339,2.439,2.511,2.565,2.608,2.643,2.673,2.698,2.791
397.0,399.0,1.641,1.672,1.71,1.745,1.778,1.809,1.839,1.869,1.897,1.925,1.952,1.977,2.107,2.204,2.279,2.34,2.434,2.503,2.557,2.6,2.636,2.667,2.693,2.79
397.0,400.0,1.754,1.778,1.81,1.839,1.866,1.891,1.915,1.939,1.962,1.985,2.007,2.028,2.136,2.218,2.285,2.34,2.429,2.496,2.549,2.593,2.629,2.66,2.687,2.788
397.0,401.0,1.853,1.871,1.898,1.921,1.942,1.962,1.981,2.0,2.019,2.037,2.055,2.072,2.161,2.23,2.288,2.339,2.423,2.488,2.541,2.585,2.622,2.654,2.681,2.785
397.0,402.0,1.94,1.952,1.974,1.992,2.008,2.023,2.038,2.053,2.068,2.082,2.096,2.11,2.181,2.239,2.29,2.337,2.417,2.481,2.533,2.577,2.615,2.647,2.675,2.781
397.0,403.0,2.015,2.022,2.04,2.054,2.065,2.077,2.088,2.099,2.11,2.121,2.132,2.142,2.198,2.246,2.291,2.334,2.41,2.473,2.525,2.569,2.607,2.64,2.669,2.776
397.0,404.0,2.08,2.084,2.097,2.107,2.115,2.123,2.13,2.138,2.146,2.154,2.162,2.17,2.212,2.251,2.291,2.33,2.403,2.464,2.516,2.561,2.599,2.632,2.662,2.772
397.0,405.0,2.137,2.137,2.147,2.153,2.158,2.162,2.167,2.172,2.177,2.182,2.187,2.193,2.224,2.254,2.289,2.325,2.395,2.456,2.508,2.552,2.591,2.625,2.655,2.766
397.0,406.0,2.187,2.182,2.189,2.193,2.195,2.196,2.198,2.2,2.203,2.206,2.209,2.212,2.232,2.256,2.287,2.32,2.388,2.448,2.499,2.544,2.583,2.617,2.647,2.761
397.0,407.0,2.229,2.222,2.226,2.227,2.226,2.225,2.225,2.224,2.225,2.226,2.227,2.228,2.239,2.257,2.283,2.315,2.38,2.439,2.49,2.535,2.575,2.609,2.64,2.755
397.0,408.0,2.266,2.256,2.258,2.256,2.253,2.25,2.247,2.245,2.243,2.242,2.242,2.241,2.244,2.256,2.279,2.309,2.372,2.43,2.482,2.527,2.566,2.601,2.632,2.748
397.0,409.0,2.297,2.285,2.285,2.281,2.276,2.271,2.266,2.262,2.259,2.256,2.254,2.252,2.247,2.255,2.275,2.303,2.364,2.422,2.473,2.518,2.558,2.593,2.624,2.742
398.0,399.0,1.717,1.745,1.785,1.822,1.856,1.889,1.92,1.951,1.982,2.011,2.04,2.068,2.208,2.309,2.388,2.456,2.565,2.647,2.71,2.76,2.801,2.836,2.866,2.981
398.0,400.0,1.828,1.849,1.884,1.914,1.943,1.97,1.996,2.021,2.047,2.071,2.095,2.119,2.237,2.325,2.396,2.458,2.561,2.641,2.704,2.754,2.795,2.831,2.862,2.98
398.0,401.0,1.924,1.941,1.97,1.995,2.019,2.04,2.062,2.082,2.103,2.123,2.143,2.162,2.262,2.338,2.401,2.458,2.556,2.635,2.697,2.747,2.789,2.825,2.857,2.979
398.0,402.0,2.009,2.02,2.045,2.066,2.085,2.102,2.119,2.135,2.152,2.168,2.184,2.2,2.283,2.348,2.405,2.457,2.551,2.628,2.689,2.74,2.782,2.82,2.852,2.976
398.0,403.0,2.083,2.09,2.11,2.127,2.142,2.155,2.168,2.181,2.194,2.207,2.22,2.232,2.3,2.356,2.407,2.455,2.545,2.62,2.681,2.732,2.776,2.813,2.846,2.973
398.0,404.0,2.148,2.15,2.167,2.181,2.192,2.201,2.211,2.22,2.23,2.24,2.25,2.259,2.314,2.361,2.407,2.453,2.539,2.612,2.673,2.724,2.768,2.807,2.84,2.969
398.0,405.0,2.204,2.203,2.217,2.227,2.235,2.241,2.248,2.254,2.261,2.268,2.275,2.282,2.325,2.365,2.406,2.449,2.532,2.604,2.665,2.716,2.761,2.8,2.834,2.965
398.0,406.0,2.252,2.249,2.259,2.267,2.272,2.275,2.279,2.283,2.287,2.292,2.297,2.302,2.334,2.367,2.404,2.444,2.525,2.596,2.657,2.708,2.753,2.792,2.827,2.96
398.0,407.0,2.294,2.288,2.296,2.301,2.303,2.305,2.306,2.307,2.309,2.312,2.314,2.318,2.341,2.368,2.402,2.439,2.517,2.588,2.648,2.7,2.745,2.785,2.82,2.954
398.0,408.0,2.331,2.322,2.328,2.33,2.33,2.329,2.328,2.328,2.328,2.328,2.329,2.331,2.345,2.368,2.398,2.434,2.51,2.579,2.639,2.691,2.737,2.777,2.812,2.948
398.0,409.0,2.362,2.35,2.354,2.355,2.353,2.35,2.347,2.345,2.343,2.342,2.341,2.341,2.349,2.366,2.394,2.428,2.502,2.571,2.631,2.683,2.728,2.769,2.805,2.942
398.0,410.0,2.388,2.375,2.377,2.376,2.372,2.368,2.363,2.359,2.356,2.353,2.351,2.349,2.35,2.364,2.389,2.421,2.493,2.562,2.622,2.674,2.72,2.761,2.797,2.935
399.0,400.0,1.812,1.837,1.869,1.899,1.929,1.959,1.988,2.015,2.041,2.066,2.089,2.111,2.219,2.301,2.369,2.425,2.512,2.573,2.617,2.652,2.682,2.707,2.728,2.805
399.0,401.0,1.922,1.941,1.966,1.991,2.015,2.038,2.061,2.083,2.104,2.123,2.142,2.16,2.248,2.317,2.375,2.425,2.505,2.563,2.608,2.643,2.673,2.7,2.723,2.802
399.0,402.0,2.017,2.031,2.052,2.071,2.09,2.107,2.125,2.141,2.158,2.173,2.187,2.201,2.272,2.33,2.38,2.424,2.498,2.554,2.598,2.634,2.665,2.692,2.716,2.8
399.0,403.0,2.101,2.11,2.126,2.141,2.154,2.167,2.18,2.192,2.204,2.216,2.227,2.237,2.293,2.34,2.383,2.422,2.49,2.544,2.588,2.625,2.657,2.685,2.71,2.796
399.0,404.0,2.174,2.179,2.191,2.201,2.211,2.219,2.228,2.236,2.244,2.252,2.26,2.268,2.31,2.348,2.384,2.419,2.482,2.534,2.578,2.616,2.649,2.678,2.703,2.792
399.0,405.0,2.238,2.239,2.248,2.254,2.259,2.264,2.269,2.274,2.279,2.283,2.288,2.293,2.323,2.353,2.384,2.415,2.474,2.525,2.568,2.607,2.64,2.67,2.696,2.788
399.0,406.0,2.293,2.291,2.296,2.299,2.301,2.303,2.304,2.306,2.308,2.31,2.312,2.315,2.334,2.357,2.383,2.411,2.465,2.515,2.559,2.597,2.632,2.662,2.689,2.783
399.0,407.0,2.341,2.336,2.338,2.339,2.338,2.336,2.335,2.333,2.333,2.332,2.332,2.333,2.343,2.359,2.381,2.405,2.457,2.505,2.549,2.588,2.623,2.654,2.682,2.778
399.0,408.0,2.382,2.375,2.375,2.372,2.368,2.364,2.36,2.356,2.353,2.351,2.349,2.348,2.349,2.36,2.378,2.4,2.448,2.496,2.539,2.579,2.614,2.646,2.674,2.773
399.0,409.0,2.417,2.408,2.405,2.401,2.395,2.388,2.382,2.376,2.371,2.366,2.363,2.36,2.354,2.36,2.374,2.393,2.439,2.486,2.53,2.57,2.606,2.638,2.666,2.767
399.0,410.0,2.447,2.436,2.432,2.425,2.417,2.408,2.4,2.392,2.385,2.379,2.374,2.369,2.356,2.358,2.37,2.387,2.43,2.477,2.52,2.561,2.597,2.63,2.659,2.761
399.0,411.0,2.473,2.46,2.454,2.445,2.435,2.425,2.414,2.405,2.396,2.389,2.382,2.377,2.358,2.356,2.364,2.38,2.421,2.467,2.511,2.551,2.588,2.621,2.651,2.754
400.0,401.0,1.925,1.964,2.006,2.044,2.081,2.117,2.151,2.184,2.215,2.245,2.274,2.301,2.435,2.535,2.609,2.667,2.749,2.805,2.846,2.876,2.9,2.918,2.933,2.985
400.0,402.0,2.097,2.125,2.157,2.186,2.213,2.24,2.266,2.291,2.314,2.337,2.358,2.379,2.481,2.559,2.62,2.669,2.742,2.794,2.833,2.864,2.889,2.91,2.926,2.986
400.0,403.0,2.247,2.266,2.289,2.309,2.329,2.347,2.365,2.383,2.4,2.416,2.431,2.446,2.52,2.58,2.629,2.669,2.734,2.783,2.821,2.853,2.879,2.901,2.919,2.985
400.0,404.0,2.379,2.389,2.404,2.417,2.429,2.441,2.452,2.463,2.474,2.484,2.494,2.504,2.553,2.596,2.634,2.668,2.725,2.771,2.809,2.841,2.868,2.892,2.912,2.984
400.0,405.0,2.493,2.496,2.504,2.51,2.516,2.521,2.527,2.533,2.538,2.543,2.548,2.553,2.581,2.609,2.638,2.666,2.717,2.76,2.797,2.83,2.858,2.883,2.904,2.982
400.0,406.0,2.593,2.589,2.591,2.591,2.591,2.591,2.592,2.592,2.593,2.594,2.595,2.595,2.604,2.619,2.64,2.662,2.708,2.749,2.786,2.818,2.848,2.874,2.896,2.979
400.0,407.0,2.68,2.67,2.667,2.662,2.656,2.651,2.647,2.643,2.64,2.637,2.634,2.631,2.622,2.626,2.64,2.658,2.698,2.737,2.774,2.807,2.837,2.864,2.888,2.975
400.0,408.0,2.755,2.74,2.732,2.722,2.712,2.703,2.695,2.687,2.68,2.673,2.667,2.661,2.637,2.631,2.638,2.652,2.689,2.726,2.762,2.796,2.827,2.855,2.88,2.971
400.0,409.0,2.819,2.8,2.788,2.774,2.76,2.747,2.735,2.724,2.714,2.704,2.695,2.687,2.649,2.634,2.635,2.646,2.679,2.715,2.751,2.785,2.817,2.846,2.872,2.967
400.0,410.0,2.875,2.852,2.836,2.818,2.801,2.785,2.77,2.756,2.742,2.73,2.718,2.707,2.658,2.635,2.632,2.639,2.669,2.704,2.74,2.774,2.807,2.837,2.864,2.962
400.0,411.0,2.923,2.896,2.877,2.856,2.836,2.817,2.799,2.782,2.766,2.751,2.737,2.724,2.664,2.635,2.627,2.632,2.658,2.693,2.729,2.764,2.797,2.828,2.855,2.957
400.0,412.0,2.964,2.933,2.911,2.888,2.865,2.843,2.823,2.804,2.786,2.769,2.753,2.738,2.669,2.633,2.621,2.624,2.648,2.682,2.718,2.753,2.787,2.818,2.847,2.951
401.0,402.0,1.99,2.01,2.039,2.067,2.095,2.123,2.15,2.177,2.203,2.228,2.252,2.275,2.388,2.468,2.529,2.578,2.652,2.707,2.749,2.783,2.81,2.832,2.85,2.912
401.0,403.0,2.098,2.113,2.137,2.16,2.182,2.204,2.226,2.247,2.268,2.288,2.306,2.324,2.415,2.483,2.536,2.58,2.648,2.701,2.742,2.776,2.804,2.827,2.847,2.914
401.0,404.0,2.193,2.203,2.222,2.241,2.258,2.275,2.292,2.308,2.324,2.339,2.353,2.367,2.438,2.495,2.541,2.581,2.644,2.694,2.735,2.769,2.798,2.823,2.843,2.916
401.0,405.0,2.277,2.282,2.297,2.311,2.324,2.337,2.349,2.361,2.372,2.383,2.393,2.403,2.457,2.504,2.544,2.58,2.639,2.687,2.728,2.762,2.792,2.817,2.839,2.916
401.0,406.0,2.349,2.35,2.362,2.372,2.382,2.39,2.398,2.406,2.414,2.421,2.428,2.434,2.473,2.51,2.545,2.577,2.633,2.68,2.72,2.755,2.785,2.812,2.835,2.916
401.0,407.0,2.412,2.41,2.418,2.425,2.431,2.436,2.441,2.445,2.449,2.453,2.456,2.46,2.485,2.514,2.545,2.574,2.627,2.672,2.712,2.747,2.778,2.806,2.83,2.914
401.0,408.0,2.466,2.461,2.466,2.47,2.473,2.475,2.477,2.478,2.479,2.48,2.481,2.482,2.494,2.516,2.543,2.57,2.619,2.664,2.703,2.739,2.771,2.8,2.824,2.912
401.0,409.0,2.513,2.505,2.508,2.509,2.51,2.509,2.507,2.506,2.504,2.502,2.501,2.499,2.501,2.517,2.54,2.564,2.612,2.655,2.695,2.731,2.763,2.793,2.819,2.91
401.0,410.0,2.553,2.542,2.543,2.543,2.54,2.537,2.533,2.529,2.525,2.521,2.517,2.513,2.505,2.516,2.536,2.558,2.604,2.646,2.686,2.722,2.756,2.786,2.813,2.907
401.0,411.0,2.587,2.574,2.573,2.571,2.566,2.561,2.555,2.548,2.542,2.536,2.53,2.525,2.508,2.514,2.531,2.552,2.595,2.637,2.677,2.714,2.748,2.779,2.806,2.903
401.0,412.0,2.616,2.601,2.599,2.594,2.588,2.58,2.572,2.564,2.556,2.548,2.54,2.533,2.509,2.51,2.525,2.544,2.587,2.628,2.668,2.705,2.74,2.771,2.8,2.899
401.0,413.0,2.641,2.624,2.62,2.613,2.605,2.596,2.587,2.576,2.566,2.557,2.548,2.539,2.509,2.506,2.518,2.537,2.578,2.619,2.658,2.696,2.732,2.764,2.793,2.895
402.0,403.0,2.054,2.087,2.12,2.152,2.183,2.213,2.241,2.268,2.294,2.319,2.342,2.365,2.477,2.558,2.617,2.661,2.719,2.757,2.783,2.802,2.816,2.826,2.835,2.862
402.0,404.0,2.222,2.244,2.268,2.291,2.312,2.333,2.353,2.372,2.39,2.408,2.425,2.44,2.52,2.58,2.625,2.66,2.71,2.745,2.77,2.79,2.805,2.818,2.828,2.863
402.0,405.0,2.369,2.382,2.397,2.412,2.425,2.438,2.45,2.462,2.474,2.485,2.495,2.505,2.557,2.598,2.631,2.659,2.701,2.732,2.757,2.778,2.795,2.809,2.821,2.863
402.0,406.0,2.497,2.502,2.51,2.516,2.522,2.528,2.534,2.54,2.546,2.551,2.556,2.561,2.588,2.612,2.635,2.656,2.691,2.72,2.745,2.766,2.784,2.8,2.814,2.862
402.0,407.0,2.609,2.606,2.607,2.607,2.607,2.607,2.607,2.607,2.607,2.608,2.608,2.609,2.613,2.623,2.636,2.651,2.681,2.708,2.733,2.755,2.774,2.791,2.806,2.861
402.0,408.0,2.705,2.696,2.691,2.686,2.68,2.674,2.669,2.665,2.66,2.656,2.653,2.649,2.634,2.631,2.636,2.646,2.671,2.696,2.721,2.743,2.764,2.783,2.799,2.859
402.0,409.0,2.789,2.774,2.764,2.753,2.743,2.732,2.723,2.714,2.705,2.697,2.69,2.683,2.651,2.637,2.635,2.64,2.66,2.684,2.709,2.732,2.754,2.774,2.792,2.857
402.0,410.0,2.861,2.841,2.827,2.811,2.796,2.782,2.768,2.756,2.744,2.732,2.721,2.711,2.664,2.64,2.632,2.633,2.65,2.673,2.697,2.721,2.744,2.765,2.784,2.854
402.0,411.0,2.923,2.899,2.88,2.861,2.842,2.824,2.807,2.791,2.776,2.761,2.748,2.735,2.675,2.641,2.628,2.626,2.639,2.661,2.686,2.711,2.734,2.756,2.776,2.85
402.0,412.0,2.977,2.948,2.926,2.903,2.881,2.86,2.839,2.82,2.802,2.785,2.769,2.754,2.682,2.641,2.623,2.618,2.628,2.65,2.675,2.7,2.724,2.748,2.769,2.846
402.0,413.0,3.022,2.99,2.965,2.939,2.913,2.889,2.866,2.845,2.824,2.805,2.786,2.769,2.687,2.639,2.617,2.609,2.618,2.638,2.663,2.689,2.715,2.739,2.761,2.842
402.0,414.0,3.06,3.025,2.997,2.969,2.941,2.914,2.889,2.865,2.842,2.821,2.8,2.781,2.69,2.636,2.61,2.601,2.607,2.627,2.652,2.679,2.705,2.73,2.753,2.837
403.0,404.0,2.129,2.155,2.187,2.219,2.252,2.285,2.318,2.351,2.382,2.412,2.441,2.468,2.596,2.678,2.732,2.769,2.819,2.852,2.875,2.892,2.906,2.917,2.926,2.961
403.0,405.0,2.271,2.29,2.314,2.339,2.363,2.388,2.413,2.437,2.46,2.483,2.504,2.524,2.621,2.685,2.729,2.76,2.805,2.835,2.858,2.876,2.891,2.903,2.913,2.951
403.0,406.0,2.389,2.401,2.419,2.437,2.455,2.473,2.49,2.507,2.524,2.54,2.555,2.569,2.64,2.689,2.724,2.75,2.79,2.819,2.842,2.861,2.876,2.889,2.901,2.942
403.0,407.0,2.486,2.492,2.505,2.518,2.53,2.542,2.553,2.564,2.575,2.586,2.596,2.605,2.653,2.689,2.717,2.74,2.776,2.804,2.827,2.846,2.862,2.876,2.888,2.933
403.0,408.0,2.566,2.567,2.576,2.583,2.591,2.597,2.604,2.61,2.616,2.622,2.627,2.633,2.662,2.687,2.709,2.728,2.761,2.789,2.812,2.832,2.849,2.864,2.877,2.924
403.0,409.0,2.63,2.628,2.633,2.637,2.64,2.642,2.644,2.646,2.648,2.65,2.652,2.654,2.666,2.683,2.7,2.716,2.747,2.774,2.798,2.818,2.836,2.852,2.866,2.916
403.0,410.0,2.683,2.677,2.679,2.679,2.679,2.677,2.676,2.674,2.673,2.671,2.67,2.669,2.668,2.677,2.69,2.704,2.733,2.76,2.784,2.805,2.824,2.84,2.855,2.907
403.0,411.0,2.725,2.716,2.715,2.712,2.709,2.705,2.7,2.696,2.691,2.687,2.683,2.679,2.667,2.669,2.679,2.692,2.719,2.746,2.77,2.792,2.812,2.829,2.844,2.899
403.0,412.0,2.757,2.747,2.743,2.738,2.732,2.726,2.719,2.711,2.704,2.697,2.691,2.685,2.664,2.661,2.668,2.679,2.705,2.732,2.757,2.78,2.8,2.818,2.834,2.891
403.0,413.0,2.783,2.77,2.764,2.757,2.749,2.741,2.731,2.722,2.713,2.704,2.696,2.688,2.658,2.651,2.656,2.666,2.692,2.719,2.744,2.767,2.788,2.807,2.823,2.883
403.0,414.0,2.802,2.787,2.78,2.771,2.762,2.751,2.74,2.729,2.718,2.707,2.697,2.688,2.652,2.641,2.643,2.653,2.678,2.705,2.731,2.755,2.777,2.796,2.813,2.875
403.0,415.0,2.815,2.799,2.791,2.781,2.769,2.757,2.745,2.732,2.72,2.708,2.696,2.686,2.644,2.63,2.631,2.64,2.665,2.692,2.719,2.744,2.766,2.786,2.803,2.868
404.0,405.0,2.192,2.213,2.237,2.261,2.286,2.31,2.335,2.359,2.383,2.407,2.429,2.45,2.552,2.619,2.663,2.695,2.738,2.767,2.786,2.8,2.81,2.818,2.824,2.844
404.0,406.0,2.308,2.322,2.341,2.359,2.377,2.395,2.414,2.432,2.449,2.466,2.483,2.498,2.574,2.625,2.661,2.688,2.725,2.751,2.77,2.785,2.796,2.805,2.812,2.837
404.0,407.0,2.405,2.414,2.428,2.441,2.454,2.467,2.479,2.492,2.504,2.516,2.527,2.538,2.591,2.629,2.657,2.679,2.712,2.737,2.755,2.77,2.782,2.792,2.801,2.83
404.0,408.0,2.487,2.492,2.501,2.509,2.518,2.526,2.534,2.541,2.549,2.556,2.563,2.57,2.604,2.631,2.652,2.67,2.7,2.722,2.741,2.756,2.769,2.78,2.79,2.824
404.0,409.0,2.556,2.556,2.562,2.566,2.571,2.575,2.579,2.582,2.586,2.589,2.592,2.595,2.613,2.63,2.646,2.661,2.687,2.708,2.727,2.743,2.757,2.769,2.779,2.817
404.0,410.0,2.613,2.61,2.612,2.614,2.614,2.615,2.615,2.615,2.615,2.615,2.615,2.615,2.618,2.627,2.638,2.651,2.674,2.695,2.713,2.73,2.744,2.758,2.769,2.81
404.0,411.0,2.66,2.654,2.653,2.652,2.65,2.647,2.645,2.642,2.638,2.636,2.633,2.63,2.621,2.623,2.63,2.64,2.661,2.681,2.7,2.717,2.733,2.747,2.759,2.804
404.0,412.0,2.699,2.69,2.687,2.683,2.678,2.673,2.668,2.662,2.657,2.651,2.646,2.641,2.621,2.617,2.621,2.629,2.648,2.668,2.687,2.705,2.721,2.736,2.749,2.797
404.0,413.0,2.73,2.718,2.713,2.708,2.701,2.694,2.686,2.678,2.67,2.662,2.655,2.648,2.62,2.61,2.611,2.618,2.636,2.655,2.674,2.693,2.71,2.726,2.74,2.79
404.0,414.0,2.754,2.741,2.734,2.727,2.718,2.709,2.699,2.69,2.68,2.67,2.661,2.653,2.616,2.602,2.601,2.606,2.623,2.643,2.662,2.681,2.699,2.715,2.73,2.783
404.0,415.0,2.773,2.758,2.75,2.741,2.731,2.72,2.709,2.697,2.686,2.675,2.664,2.655,2.611,2.594,2.591,2.595,2.611,2.63,2.65,2.67,2.688,2.705,2.721,2.776
404.0,416.0,2.788,2.771,2.762,2.752,2.74,2.728,2.715,2.702,2.69,2.677,2.665,2.654,2.605,2.584,2.58,2.583,2.599,2.618,2.638,2.658,2.678,2.696,2.712,2.769
405.0,406.0,2.275,2.309,2.345,2.379,2.411,2.443,2.473,2.502,2.53,2.556,2.582,2.606,2.725,2.806,2.86,2.898,2.946,2.975,2.997,3.013,3.026,3.035,3.042,3.064
405.0,407.0,2.39,2.417,2.446,2.473,2.499,2.524,2.548,2.571,2.593,2.615,2.635,2.655,2.75,2.817,2.864,2.897,2.942,2.971,2.994,3.011,3.025,3.036,3.044,3.074
405.0,408.0,2.491,2.511,2.534,2.555,2.575,2.594,2.613,2.631,2.648,2.665,2.681,2.696,2.771,2.825,2.864,2.894,2.936,2.966,2.989,3.008,3.023,3.036,3.046,3.081
405.0,409.0,2.578,2.592,2.609,2.625,2.64,2.654,2.668,2.681,2.694,2.707,2.719,2.73,2.788,2.83,2.863,2.89,2.93,2.96,2.984,3.004,3.021,3.034,3.046,3.088
405.0,410.0,2.654,2.662,2.674,2.685,2.695,2.705,2.715,2.724,2.733,2.742,2.751,2.759,2.8,2.832,2.86,2.884,2.922,2.953,2.978,2.999,3.017,3.032,3.045,3.092
405.0,411.0,2.718,2.721,2.73,2.737,2.743,2.748,2.754,2.76,2.766,2.771,2.777,2.782,2.809,2.832,2.855,2.877,2.914,2.945,2.971,2.993,3.013,3.029,3.043,3.096
405.0,412.0,2.773,2.772,2.777,2.78,2.782,2.784,2.787,2.789,2.792,2.795,2.797,2.8,2.814,2.83,2.849,2.869,2.905,2.936,2.963,2.987,3.008,3.025,3.041,3.099
405.0,413.0,2.82,2.815,2.816,2.816,2.815,2.814,2.814,2.813,2.813,2.814,2.814,2.814,2.817,2.827,2.842,2.86,2.895,2.927,2.955,2.98,3.002,3.021,3.038,3.1
405.0,414.0,2.859,2.851,2.849,2.846,2.842,2.839,2.835,2.833,2.83,2.828,2.826,2.824,2.818,2.821,2.833,2.85,2.885,2.918,2.947,2.973,2.996,3.016,3.034,3.101
405.0,415.0,2.892,2.88,2.876,2.87,2.864,2.858,2.852,2.847,2.843,2.839,2.835,2.831,2.816,2.814,2.824,2.839,2.874,2.908,2.938,2.965,2.989,3.01,3.029,3.101
405.0,416.0,2.918,2.904,2.898,2.89,2.881,2.873,2.865,2.858,2.852,2.846,2.841,2.836,2.813,2.806,2.813,2.828,2.863,2.897,2.929,2.957,2.982,3.004,3.024,3.1
405.0,417.0,2.94,2.923,2.915,2.905,2.894,2.884,2.875,2.866,2.858,2.851,2.844,2.837,2.808,2.797,2.802,2.816,2.851,2.887,2.919,2.948,2.975,2.998,3.019,3.098
406.0,407.0,2.369,2.397,2.429,2.459,2.488,2.516,2.543,2.57,2.595,2.62,2.644,2.666,2.775,2.851,2.904,2.943,2.996,3.032,3.059,3.081,3.098,3.111,3.122,3.163
406.0,408.0,2.473,2.495,2.52,2.544,2.567,2.589,2.611,2.632,2.653,2.672,2.691,2.709,2.797,2.86,2.906,2.941,2.992,3.028,3.057,3.079,3.098,3.113,3.126,3.173
406.0,409.0,2.563,2.579,2.599,2.618,2.635,2.652,2.669,2.686,2.701,2.717,2.731,2.745,2.815,2.866,2.905,2.938,2.987,3.023,3.053,3.077,3.097,3.114,3.128,3.181
406.0,410.0,2.642,2.652,2.667,2.681,2.694,2.706,2.719,2.731,2.743,2.754,2.765,2.775,2.828,2.868,2.903,2.932,2.98,3.017,3.048,3.073,3.095,3.114,3.129,3.188
406.0,411.0,2.709,2.714,2.726,2.735,2.743,2.752,2.76,2.769,2.777,2.785,2.792,2.8,2.837,2.869,2.899,2.926,2.973,3.01,3.042,3.069,3.092,3.112,3.129,3.193
406.0,412.0,2.767,2.767,2.775,2.781,2.785,2.79,2.795,2.8,2.805,2.81,2.815,2.819,2.843,2.867,2.893,2.918,2.964,3.003,3.035,3.064,3.088,3.11,3.128,3.197
406.0,413.0,2.816,2.812,2.817,2.819,2.82,2.822,2.823,2.826,2.828,2.83,2.832,2.834,2.846,2.863,2.885,2.909,2.955,2.994,3.028,3.058,3.084,3.106,3.126,3.2
406.0,414.0,2.857,2.85,2.851,2.85,2.849,2.848,2.847,2.846,2.846,2.846,2.845,2.845,2.847,2.858,2.877,2.9,2.945,2.985,3.02,3.051,3.078,3.102,3.123,3.202
406.0,415.0,2.891,2.881,2.88,2.876,2.872,2.868,2.865,2.862,2.859,2.857,2.855,2.853,2.846,2.851,2.867,2.889,2.934,2.975,3.012,3.044,3.072,3.098,3.12,3.202
406.0,416.0,2.919,2.906,2.903,2.897,2.891,2.884,2.879,2.874,2.869,2.865,2.861,2.858,2.842,2.843,2.857,2.878,2.923,2.965,3.003,3.036,3.066,3.092,3.115,3.202
406.0,417.0,2.942,2.927,2.921,2.913,2.905,2.897,2.889,2.882,2.876,2.87,2.865,2.86,2.837,2.834,2.846,2.866,2.912,2.955,2.993,3.028,3.059,3.086,3.11,3.201
406.0,418.0,2.959,2.942,2.935,2.925,2.915,2.905,2.896,2.888,2.88,2.873,2.866,2.859,2.831,2.824,2.834,2.854,2.9,2.944,2.984,3.019,3.051,3.08,3.105,3.2
407.0,408.0,2.454,2.474,2.494,2.514,2.532,2.55,2.567,2.584,2.6,2.614,2.629,2.642,2.71,2.759,2.797,2.826,2.867,2.895,2.916,2.932,2.944,2.954,2.962,2.991
407.0,409.0,2.546,2.559,2.574,2.588,2.601,2.614,2.626,2.638,2.649,2.66,2.67,2.68,2.729,2.767,2.797,2.822,2.859,2.887,2.909,2.926,2.94,2.952,2.961,2.997
407.0,410.0,2.626,2.633,2.643,2.652,2.66,2.668,2.676,2.684,2.691,2.698,2.705,2.711,2.744,2.772,2.796,2.817,2.851,2.878,2.9,2.919,2.935,2.948,2.959,3.001
407.0,411.0,2.694,2.696,2.702,2.707,2.711,2.715,2.719,2.722,2.726,2.73,2.733,2.737,2.756,2.775,2.793,2.811,2.842,2.869,2.892,2.912,2.929,2.944,2.957,3.004
407.0,412.0,2.753,2.751,2.753,2.753,2.754,2.754,2.754,2.755,2.756,2.756,2.757,2.758,2.764,2.775,2.789,2.803,2.833,2.859,2.883,2.904,2.923,2.939,2.953,3.006
407.0,413.0,2.804,2.797,2.796,2.793,2.79,2.787,2.784,2.782,2.78,2.778,2.776,2.774,2.769,2.773,2.783,2.795,2.822,2.849,2.874,2.896,2.916,2.934,2.95,3.007
407.0,414.0,2.846,2.836,2.832,2.826,2.82,2.814,2.808,2.803,2.799,2.795,2.791,2.787,2.772,2.77,2.776,2.786,2.812,2.838,2.864,2.887,2.909,2.928,2.945,3.008
407.0,415.0,2.882,2.869,2.862,2.853,2.844,2.836,2.828,2.821,2.814,2.808,2.802,2.796,2.773,2.765,2.768,2.776,2.801,2.828,2.854,2.879,2.902,2.922,2.94,3.007
407.0,416.0,2.912,2.896,2.886,2.875,2.864,2.853,2.843,2.834,2.825,2.817,2.81,2.802,2.771,2.759,2.759,2.766,2.789,2.817,2.844,2.87,2.894,2.916,2.935,3.006
407.0,417.0,2.936,2.918,2.906,2.893,2.88,2.867,2.855,2.844,2.834,2.824,2.815,2.806,2.768,2.751,2.749,2.755,2.778,2.806,2.834,2.861,2.886,2.909,2.929,3.005
407.0,418.0,2.956,2.935,2.921,2.906,2.891,2.877,2.863,2.851,2.839,2.828,2.817,2.807,2.764,2.743,2.739,2.744,2.766,2.794,2.823,2.852,2.878,2.902,2.923,3.002
407.0,419.0,2.971,2.949,2.933,2.916,2.9,2.884,2.869,2.855,2.842,2.829,2.818,2.807,2.758,2.734,2.728,2.732,2.754,2.783,2.813,2.842,2.869,2.894,2.917,2.999
408.0,409.0,2.531,2.524,2.522,2.519,2.516,2.513,2.51,2.506,2.504,2.501,2.499,2.497,2.492,2.494,2.501,2.512,2.538,2.564,2.589,2.611,2.63,2.648,2.663,2.72
408.0,410.0,2.584,2.573,2.568,2.562,2.555,2.549,2.543,2.537,2.531,2.526,2.521,2.517,2.501,2.496,2.499,2.506,2.529,2.555,2.58,2.603,2.624,2.643,2.659,2.72
408.0,411.0,2.63,2.616,2.607,2.598,2.589,2.58,2.571,2.562,2.554,2.546,2.54,2.533,2.507,2.496,2.495,2.5,2.521,2.546,2.572,2.596,2.618,2.637,2.655,2.72
408.0,412.0,2.669,2.652,2.641,2.629,2.617,2.605,2.594,2.583,2.573,2.563,2.555,2.546,2.512,2.495,2.49,2.493,2.512,2.537,2.563,2.588,2.611,2.632,2.65,2.719
408.0,413.0,2.703,2.683,2.67,2.655,2.641,2.627,2.614,2.601,2.588,2.577,2.566,2.557,2.514,2.492,2.484,2.485,2.502,2.528,2.555,2.58,2.604,2.626,2.645,2.717
408.0,414.0,2.732,2.709,2.694,2.677,2.661,2.645,2.629,2.615,2.601,2.588,2.576,2.565,2.515,2.489,2.478,2.477,2.493,2.518,2.546,2.572,2.597,2.62,2.64,2.715
408.0,415.0,2.756,2.731,2.714,2.695,2.677,2.659,2.642,2.626,2.61,2.596,2.582,2.57,2.515,2.484,2.471,2.469,2.484,2.509,2.537,2.564,2.59,2.613,2.634,2.712
408.0,416.0,2.775,2.749,2.73,2.71,2.69,2.671,2.652,2.634,2.618,2.602,2.587,2.574,2.513,2.479,2.464,2.46,2.474,2.499,2.528,2.556,2.583,2.607,2.628,2.709
408.0,417.0,2.792,2.763,2.743,2.722,2.701,2.68,2.66,2.641,2.623,2.606,2.59,2.575,2.51,2.473,2.456,2.451,2.464,2.49,2.519,2.548,2.575,2.6,2.622,2.705
408.0,418.0,2.805,2.775,2.753,2.731,2.708,2.686,2.665,2.645,2.626,2.608,2.591,2.576,2.506,2.467,2.448,2.442,2.455,2.48,2.51,2.54,2.568,2.593,2.616,2.701
408.0,419.0,2.815,2.784,2.761,2.737,2.714,2.691,2.668,2.647,2.627,2.608,2.591,2.575,2.501,2.46,2.439,2.433,2.445,2.471,2.501,2.531,2.56,2.586,2.61,2.697
408.0,420.0,2.823,2.79,2.767,2.742,2.717,2.693,2.67,2.648,2.627,2.608,2.589,2.572,2.496,2.452,2.431,2.424,2.435,2.461,2.492,2.523,2.552,2.579,2.603,2.693
409.0,410.0,2.502,2.494,2.492,2.488,2.483,2.478,2.473,2.469,2.464,2.461,2.457,2.454,2.445,2.444,2.449,2.458,2.481,2.507,2.53,2.551,2.57,2.587,2.602,2.658
409.0,411.0,2.549,2.538,2.533,2.526,2.518,2.51,2.502,2.495,2.488,2.482,2.476,2.471,2.452,2.445,2.445,2.452,2.473,2.498,2.522,2.544,2.564,2.582,2.598,2.658
409.0,412.0,2.589,2.575,2.567,2.558,2.547,2.537,2.527,2.517,2.508,2.499,2.492,2.485,2.457,2.444,2.441,2.445,2.465,2.489,2.514,2.537,2.558,2.577,2.594,2.657
409.0,413.0,2.624,2.607,2.597,2.585,2.572,2.559,2.547,2.535,2.523,2.513,2.504,2.495,2.459,2.441,2.436,2.438,2.456,2.48,2.505,2.529,2.551,2.571,2.589,2.655
409.0,414.0,2.653,2.633,2.621,2.607,2.593,2.578,2.563,2.549,2.536,2.524,2.513,2.503,2.46,2.438,2.43,2.43,2.447,2.471,2.497,2.522,2.544,2.565,2.584,2.653
409.0,415.0,2.677,2.656,2.642,2.626,2.609,2.593,2.576,2.561,2.546,2.533,2.52,2.509,2.46,2.434,2.423,2.422,2.438,2.462,2.488,2.514,2.537,2.559,2.578,2.651
409.0,416.0,2.697,2.674,2.658,2.641,2.623,2.605,2.587,2.569,2.553,2.539,2.525,2.512,2.458,2.429,2.416,2.414,2.428,2.453,2.48,2.506,2.53,2.553,2.573,2.648
409.0,417.0,2.713,2.689,2.672,2.653,2.633,2.614,2.594,2.576,2.559,2.543,2.528,2.514,2.455,2.423,2.408,2.405,2.419,2.444,2.471,2.498,2.523,2.546,2.567,2.644
409.0,418.0,2.727,2.7,2.682,2.662,2.641,2.62,2.6,2.58,2.562,2.545,2.529,2.514,2.451,2.416,2.4,2.396,2.409,2.434,2.462,2.49,2.516,2.54,2.561,2.64
409.0,419.0,2.737,2.709,2.69,2.669,2.647,2.625,2.603,2.583,2.563,2.545,2.529,2.513,2.446,2.409,2.392,2.387,2.4,2.425,2.454,2.482,2.508,2.533,2.555,2.636
409.0,420.0,2.745,2.716,2.696,2.674,2.651,2.628,2.605,2.584,2.563,2.544,2.527,2.511,2.441,2.402,2.383,2.378,2.39,2.416,2.445,2.474,2.501,2.526,2.548,2.632
409.0,421.0,2.75,2.721,2.7,2.677,2.653,2.629,2.605,2.583,2.562,2.542,2.524,2.508,2.434,2.394,2.374,2.369,2.381,2.406,2.436,2.465,2.493,2.519,2.542,2.627
410.0,411.0,2.511,2.505,2.505,2.504,2.502,2.499,2.496,2.493,2.491,2.489,2.488,2.487,2.487,2.493,2.503,2.516,2.548,2.578,2.606,2.631,2.652,2.672,2.689,2.752
410.0,412.0,2.559,2.55,2.547,2.542,2.537,2.531,2.525,2.52,2.515,2.511,2.507,2.504,2.494,2.494,2.5,2.51,2.539,2.57,2.598,2.623,2.646,2.666,2.684,2.752
410.0,413.0,2.6,2.588,2.582,2.575,2.567,2.558,2.55,2.542,2.535,2.529,2.523,2.518,2.499,2.493,2.495,2.504,2.53,2.56,2.589,2.615,2.639,2.661,2.679,2.75
410.0,414.0,2.635,2.62,2.612,2.603,2.592,2.581,2.571,2.561,2.551,2.543,2.536,2.529,2.502,2.49,2.49,2.496,2.521,2.551,2.58,2.608,2.632,2.654,2.674,2.748
410.0,415.0,2.665,2.647,2.637,2.626,2.613,2.6,2.588,2.576,2.564,2.554,2.545,2.537,2.503,2.487,2.483,2.488,2.512,2.542,2.571,2.599,2.625,2.648,2.669,2.746
410.0,416.0,2.69,2.67,2.658,2.645,2.63,2.615,2.601,2.587,2.575,2.563,2.552,2.543,2.502,2.482,2.476,2.48,2.502,2.532,2.562,2.591,2.618,2.642,2.663,2.743
410.0,417.0,2.71,2.689,2.676,2.66,2.644,2.628,2.611,2.596,2.582,2.569,2.557,2.546,2.5,2.477,2.469,2.471,2.492,2.522,2.553,2.583,2.61,2.635,2.657,2.739
410.0,418.0,2.727,2.704,2.689,2.673,2.655,2.637,2.619,2.603,2.587,2.573,2.56,2.548,2.497,2.471,2.461,2.462,2.483,2.513,2.544,2.574,2.602,2.628,2.65,2.735
410.0,419.0,2.741,2.716,2.7,2.682,2.663,2.644,2.625,2.607,2.591,2.575,2.561,2.549,2.493,2.464,2.453,2.453,2.473,2.503,2.535,2.566,2.595,2.621,2.644,2.731
410.0,420.0,2.752,2.725,2.708,2.689,2.669,2.648,2.629,2.61,2.592,2.576,2.561,2.547,2.488,2.457,2.444,2.443,2.463,2.493,2.526,2.557,2.587,2.613,2.637,2.727
410.0,421.0,2.76,2.732,2.714,2.694,2.673,2.651,2.63,2.611,2.592,2.575,2.559,2.545,2.483,2.449,2.435,2.434,2.453,2.483,2.517,2.549,2.579,2.606,2.63,2.722
410.0,422.0,2.765,2.737,2.718,2.697,2.675,2.652,2.631,2.61,2.591,2.573,2.557,2.542,2.476,2.441,2.426,2.424,2.443,2.474,2.507,2.54,2.571,2.598,2.623,2.717
411.0,412.0,2.472,2.455,2.444,2.432,2.419,2.405,2.39,2.375,2.36,2.346,2.332,2.32,2.267,2.245,2.241,2.244,2.26,2.281,2.302,2.324,2.346,2.366,2.385,2.45
411.0,413.0,2.487,2.468,2.457,2.444,2.429,2.414,2.398,2.381,2.366,2.35,2.336,2.322,2.264,2.24,2.234,2.237,2.252,2.272,2.293,2.316,2.337,2.358,2.377,2.443
411.0,414.0,2.499,2.479,2.467,2.452,2.437,2.42,2.403,2.386,2.369,2.353,2.337,2.323,2.261,2.235,2.227,2.229,2.244,2.263,2.285,2.307,2.329,2.35,2.369,2.436
411.0,415.0,2.508,2.487,2.474,2.459,2.443,2.425,2.407,2.389,2.371,2.354,2.338,2.323,2.257,2.229,2.22,2.222,2.235,2.254,2.276,2.298,2.321,2.342,2.361,2.429
411.0,416.0,2.515,2.494,2.48,2.464,2.447,2.428,2.41,2.391,2.372,2.354,2.337,2.321,2.253,2.222,2.213,2.214,2.227,2.246,2.267,2.29,2.312,2.333,2.353,2.422
411.0,417.0,2.52,2.498,2.483,2.467,2.449,2.43,2.411,2.391,2.372,2.353,2.336,2.319,2.248,2.216,2.206,2.206,2.218,2.237,2.258,2.281,2.304,2.325,2.345,2.415
411.0,418.0,2.524,2.501,2.486,2.469,2.45,2.431,2.411,2.39,2.37,2.351,2.333,2.316,2.242,2.209,2.198,2.198,2.21,2.228,2.25,2.273,2.296,2.317,2.337,2.408
411.0,419.0,2.526,2.502,2.487,2.469,2.45,2.43,2.409,2.389,2.368,2.348,2.33,2.312,2.236,2.202,2.19,2.19,2.201,2.22,2.241,2.264,2.287,2.309,2.329,2.401
411.0,420.0,2.526,2.503,2.487,2.469,2.449,2.429,2.407,2.386,2.365,2.345,2.326,2.308,2.23,2.195,2.183,2.182,2.193,2.211,2.233,2.256,2.279,2.301,2.321,2.394
411.0,421.0,2.526,2.502,2.486,2.467,2.447,2.426,2.405,2.383,2.362,2.341,2.321,2.303,2.224,2.188,2.175,2.174,2.184,2.203,2.224,2.248,2.271,2.293,2.313,2.386
411.0,422.0,2.525,2.5,2.484,2.465,2.445,2.423,2.401,2.379,2.358,2.337,2.317,2.298,2.217,2.18,2.167,2.165,2.176,2.194,2.216,2.239,2.263,2.285,2.306,2.379
411.0,423.0,2.523,2.498,2.481,2.462,2.442,2.42,2.397,2.375,2.353,2.332,2.311,2.293,2.211,2.173,2.159,2.157,2.168,2.186,2.208,2.231,2.255,2.277,2.298,2.371
412.0,413.0,2.483,2.461,2.447,2.431,2.415,2.399,2.383,2.369,2.355,2.343,2.331,2.32,2.273,2.251,2.248,2.257,2.29,2.327,2.365,2.399,2.432,2.461,2.487,2.583
412.0,414.0,2.499,2.475,2.46,2.443,2.425,2.408,2.391,2.376,2.361,2.348,2.335,2.323,2.271,2.247,2.242,2.25,2.282,2.32,2.357,2.392,2.425,2.454,2.481,2.579
412.0,415.0,2.512,2.487,2.471,2.453,2.434,2.415,2.398,2.381,2.366,2.351,2.338,2.325,2.269,2.242,2.236,2.243,2.274,2.312,2.349,2.385,2.418,2.447,2.474,2.574
412.0,416.0,2.523,2.497,2.479,2.46,2.44,2.421,2.402,2.385,2.368,2.353,2.339,2.326,2.266,2.237,2.23,2.236,2.266,2.304,2.341,2.377,2.41,2.441,2.468,2.568
412.0,417.0,2.532,2.504,2.486,2.466,2.445,2.425,2.405,2.387,2.37,2.354,2.339,2.325,2.262,2.231,2.223,2.228,2.258,2.296,2.334,2.37,2.403,2.434,2.461,2.563
412.0,418.0,2.539,2.51,2.491,2.47,2.448,2.427,2.407,2.388,2.37,2.354,2.338,2.324,2.258,2.225,2.216,2.221,2.25,2.288,2.326,2.362,2.396,2.427,2.455,2.557
412.0,419.0,2.544,2.514,2.495,2.473,2.451,2.429,2.408,2.388,2.37,2.353,2.337,2.322,2.254,2.219,2.209,2.213,2.242,2.28,2.318,2.354,2.389,2.42,2.448,2.551
412.0,420.0,2.547,2.517,2.497,2.475,2.452,2.429,2.408,2.388,2.369,2.351,2.334,2.319,2.248,2.213,2.202,2.206,2.234,2.272,2.31,2.347,2.381,2.413,2.441,2.545
412.0,421.0,2.55,2.519,2.498,2.475,2.452,2.429,2.407,2.386,2.366,2.348,2.331,2.315,2.243,2.206,2.194,2.198,2.226,2.264,2.302,2.339,2.374,2.405,2.434,2.539
412.0,422.0,2.551,2.52,2.498,2.475,2.451,2.427,2.405,2.384,2.364,2.345,2.328,2.311,2.237,2.199,2.187,2.19,2.218,2.256,2.294,2.332,2.366,2.398,2.427,2.533
412.0,423.0,2.551,2.52,2.498,2.474,2.449,2.425,2.402,2.381,2.36,2.341,2.324,2.307,2.232,2.192,2.179,2.182,2.21,2.248,2.286,2.324,2.359,2.391,2.42,2.527
412.0,424.0,2.551,2.519,2.496,2.472,2.447,2.422,2.399,2.377,2.357,2.337,2.319,2.302,2.225,2.185,2.172,2.175,2.202,2.24,2.279,2.316,2.351,2.384,2.413,2.52
413.0,414.0,2.406,2.369,2.341,2.311,2.282,2.253,2.225,2.199,2.175,2.151,2.129,2.108,2.007,1.948,1.922,1.917,1.936,1.968,2.0,2.031,2.06,2.087,2.111,2.201
413.0,415.0,2.39,2.353,2.326,2.297,2.267,2.239,2.212,2.186,2.162,2.139,2.117,2.096,1.997,1.939,1.914,1.91,1.929,1.961,1.993,2.024,2.053,2.08,2.104,2.193
413.0,416.0,2.375,2.339,2.311,2.283,2.254,2.226,2.199,2.174,2.15,2.127,2.106,2.085,1.987,1.93,1.906,1.902,1.922,1.954,1.986,2.017,2.046,2.073,2.096,2.186
413.0,417.0,2.361,2.325,2.298,2.27,2.242,2.214,2.188,2.163,2.139,2.117,2.095,2.075,1.979,1.922,1.899,1.895,1.915,1.947,1.979,2.01,2.039,2.065,2.089,2.178
413.0,418.0,2.348,2.313,2.286,2.258,2.23,2.203,2.177,2.152,2.129,2.107,2.086,2.066,1.97,1.915,1.891,1.888,1.908,1.94,1.972,2.003,2.032,2.058,2.082,2.171
413.0,419.0,2.336,2.301,2.275,2.247,2.219,2.192,2.167,2.142,2.119,2.097,2.076,2.057,1.962,1.907,1.884,1.881,1.902,1.933,1.966,1.996,2.025,2.051,2.075,2.163
413.0,420.0,2.325,2.291,2.265,2.237,2.209,2.183,2.157,2.133,2.11,2.088,2.068,2.048,1.954,1.9,1.877,1.874,1.895,1.926,1.959,1.99,2.018,2.044,2.068,2.156
413.0,421.0,2.315,2.281,2.255,2.228,2.2,2.174,2.148,2.124,2.101,2.08,2.059,2.04,1.947,1.893,1.871,1.868,1.888,1.92,1.952,1.983,2.011,2.037,2.061,2.149
413.0,422.0,2.306,2.271,2.246,2.219,2.191,2.165,2.14,2.116,2.093,2.072,2.051,2.032,1.94,1.886,1.864,1.861,1.882,1.913,1.946,1.976,2.005,2.031,2.054,2.142
413.0,423.0,2.297,2.263,2.237,2.21,2.183,2.157,2.132,2.108,2.085,2.064,2.044,2.025,1.933,1.88,1.858,1.855,1.876,1.907,1.939,1.97,1.998,2.024,2.047,2.134
413.0,424.0,2.289,2.255,2.229,2.202,2.175,2.149,2.124,2.101,2.078,2.057,2.037,2.018,1.926,1.873,1.851,1.849,1.869,1.9,1.933,1.963,1.991,2.017,2.04,2.127
413.0,425.0,2.281,2.247,2.222,2.195,2.168,2.142,2.117,2.094,2.071,2.05,2.03,2.011,1.92,1.867,1.845,1.843,1.863,1.894,1.926,1.956,1.985,2.01,2.034,2.12
414.0,415.0,2.14,2.107,2.084,2.059,2.034,2.009,1.985,1.963,1.942,1.922,1.904,1.886,1.802,1.757,1.743,1.747,1.78,1.821,1.861,1.899,1.933,1.965,1.993,2.099
414.0,416.0,2.129,2.096,2.074,2.049,2.024,2.0,1.977,1.955,1.934,1.915,1.896,1.879,1.796,1.752,1.738,1.743,1.775,1.815,1.855,1.892,1.926,1.957,1.985,2.089
414.0,417.0,2.12,2.087,2.065,2.041,2.016,1.992,1.969,1.948,1.927,1.908,1.89,1.873,1.791,1.747,1.734,1.738,1.77,1.81,1.849,1.886,1.919,1.95,1.977,2.08
414.0,418.0,2.111,2.079,2.057,2.033,2.009,1.985,1.963,1.941,1.921,1.902,1.884,1.867,1.786,1.743,1.729,1.734,1.765,1.805,1.843,1.879,1.913,1.943,1.97,2.071
414.0,419.0,2.104,2.072,2.05,2.027,2.003,1.979,1.957,1.935,1.915,1.896,1.879,1.862,1.782,1.739,1.725,1.73,1.761,1.799,1.837,1.873,1.906,1.935,1.962,2.062
414.0,420.0,2.097,2.066,2.044,2.021,1.997,1.974,1.951,1.93,1.91,1.892,1.874,1.857,1.778,1.735,1.721,1.725,1.756,1.794,1.832,1.867,1.899,1.928,1.955,2.053
414.0,421.0,2.092,2.061,2.039,2.016,1.992,1.969,1.947,1.926,1.906,1.887,1.87,1.853,1.774,1.731,1.718,1.721,1.751,1.789,1.826,1.86,1.892,1.921,1.947,2.045
414.0,422.0,2.087,2.056,2.035,2.011,1.988,1.964,1.942,1.922,1.902,1.883,1.866,1.849,1.77,1.728,1.714,1.717,1.747,1.784,1.82,1.854,1.886,1.914,1.94,2.036
414.0,423.0,2.083,2.052,2.031,2.007,1.984,1.961,1.939,1.918,1.898,1.88,1.862,1.846,1.767,1.724,1.71,1.714,1.742,1.778,1.814,1.848,1.879,1.907,1.933,2.028
414.0,424.0,2.079,2.048,2.027,2.004,1.98,1.957,1.935,1.915,1.895,1.876,1.859,1.842,1.764,1.721,1.707,1.71,1.738,1.773,1.809,1.842,1.873,1.9,1.925,2.019
414.0,425.0,2.076,2.046,2.024,2.001,1.977,1.954,1.932,1.912,1.892,1.873,1.856,1.839,1.761,1.718,1.703,1.706,1.733,1.768,1.803,1.836,1.866,1.894,1.918,2.011
414.0,426.0,2.074,2.043,2.021,1.998,1.975,1.952,1.93,1.909,1.889,1.871,1.853,1.837,1.758,1.715,1.7,1.702,1.729,1.763,1.798,1.83,1.86,1.887,1.911,2.003
415.0,416.0,2.141,2.117,2.1,2.081,2.063,2.045,2.028,2.012,1.997,1.982,1.969,1.956,1.894,1.859,1.846,1.845,1.863,1.888,1.913,1.936,1.958,1.978,1.995,2.061
415.0,417.0,2.153,2.129,2.11,2.091,2.071,2.053,2.035,2.018,2.002,1.987,1.973,1.959,1.894,1.857,1.842,1.841,1.858,1.882,1.907,1.93,1.952,1.972,1.99,2.056
415.0,418.0,2.164,2.139,2.119,2.099,2.079,2.059,2.041,2.023,2.006,1.991,1.976,1.961,1.893,1.854,1.838,1.836,1.852,1.876,1.901,1.925,1.946,1.966,1.984,2.05
415.0,419.0,2.173,2.147,2.127,2.106,2.085,2.064,2.045,2.027,2.009,1.993,1.978,1.963,1.892,1.851,1.833,1.831,1.847,1.871,1.895,1.919,1.941,1.961,1.978,2.045
415.0,420.0,2.18,2.153,2.133,2.111,2.089,2.068,2.048,2.03,2.012,1.995,1.979,1.964,1.89,1.847,1.829,1.826,1.841,1.865,1.89,1.913,1.935,1.955,1.973,2.039
415.0,421.0,2.186,2.159,2.137,2.115,2.093,2.071,2.051,2.031,2.013,1.996,1.979,1.964,1.888,1.844,1.825,1.821,1.836,1.859,1.884,1.907,1.929,1.949,1.967,2.034
415.0,422.0,2.191,2.163,2.141,2.118,2.095,2.073,2.052,2.033,2.014,1.996,1.979,1.963,1.886,1.84,1.82,1.816,1.83,1.853,1.878,1.901,1.923,1.943,1.961,2.028
415.0,423.0,2.195,2.166,2.144,2.121,2.097,2.075,2.053,2.033,2.014,1.996,1.979,1.962,1.883,1.836,1.815,1.811,1.825,1.848,1.872,1.895,1.917,1.937,1.955,2.023
415.0,424.0,2.198,2.169,2.146,2.122,2.098,2.075,2.054,2.033,2.014,1.995,1.977,1.961,1.88,1.832,1.811,1.806,1.819,1.842,1.866,1.89,1.911,1.931,1.95,2.017
415.0,425.0,2.2,2.17,2.147,2.123,2.099,2.076,2.053,2.033,2.013,1.994,1.976,1.959,1.877,1.828,1.806,1.801,1.813,1.836,1.86,1.884,1.906,1.926,1.944,2.011
415.0,426.0,2.201,2.171,2.148,2.123,2.099,2.075,2.053,2.032,2.011,1.992,1.974,1.957,1.873,1.824,1.801,1.795,1.808,1.83,1.855,1.878,1.9,1.92,1.938,2.005
415.0,427.0,2.202,2.172,2.148,2.123,2.098,2.074,2.052,2.03,2.01,1.99,1.972,1.954,1.87,1.819,1.796,1.79,1.802,1.825,1.849,1.872,1.894,1.914,1.932,2.0
416.0,417.0,2.046,2.008,1.974,1.94,1.907,1.874,1.844,1.814,1.786,1.759,1.733,1.709,1.59,1.516,1.475,1.455,1.445,1.449,1.458,1.469,1.479,1.49,1.5,1.54
416.0,418.0,2.044,2.005,1.971,1.937,1.904,1.872,1.841,1.811,1.783,1.756,1.73,1.706,1.587,1.513,1.472,1.452,1.441,1.446,1.455,1.465,1.475,1.485,1.496,1.536
416.0,419.0,2.041,2.003,1.969,1.935,1.901,1.869,1.838,1.809,1.78,1.753,1.728,1.703,1.584,1.51,1.469,1.449,1.438,1.442,1.451,1.461,1.471,1.481,1.491,1.531
416.0,420.0,2.039,2.0,1.966,1.932,1.899,1.867,1.836,1.806,1.778,1.751,1.725,1.701,1.582,1.507,1.466,1.446,1.435,1.439,1.447,1.457,1.467,1.477,1.487,1.527
416.0,421.0,2.037,1.998,1.964,1.93,1.897,1.864,1.833,1.804,1.775,1.748,1.723,1.698,1.579,1.505,1.463,1.443,1.432,1.436,1.444,1.453,1.463,1.473,1.483,1.522
416.0,422.0,2.034,1.996,1.962,1.928,1.894,1.862,1.831,1.802,1.773,1.746,1.72,1.696,1.577,1.502,1.461,1.44,1.428,1.432,1.44,1.45,1.46,1.469,1.479,1.518
416.0,423.0,2.032,1.994,1.96,1.926,1.892,1.86,1.829,1.799,1.771,1.744,1.718,1.693,1.574,1.499,1.458,1.437,1.425,1.429,1.437,1.446,1.456,1.465,1.475,1.514
416.0,424.0,2.031,1.992,1.958,1.924,1.89,1.858,1.827,1.797,1.769,1.742,1.716,1.691,1.572,1.497,1.455,1.434,1.422,1.425,1.433,1.442,1.452,1.462,1.471,1.509
416.0,425.0,2.029,1.99,1.956,1.922,1.888,1.856,1.825,1.795,1.767,1.74,1.714,1.689,1.569,1.494,1.452,1.431,1.419,1.422,1.43,1.439,1.448,1.458,1.467,1.505
416.0,426.0,2.027,1.989,1.954,1.92,1.887,1.854,1.823,1.793,1.765,1.737,1.712,1.687,1.567,1.492,1.45,1.428,1.416,1.419,1.426,1.435,1.444,1.454,1.463,1.5
416.0,427.0,2.026,1.987,1.953,1.918,1.885,1.852,1.821,1.791,1.763,1.735,1.71,1.685,1.565,1.489,1.447,1.426,1.413,1.416,1.423,1.432,1.441,1.45,1.459,1.496
416.0,428.0,2.024,1.985,1.951,1.917,1.883,1.851,1.819,1.789,1.761,1.734,1.708,1.683,1.562,1.487,1.445,1.423,1.41,1.412,1.419,1.428,1.437,1.446,1.455,1.492
417.0,418.0,1.919,1.898,1.88,1.863,1.845,1.828,1.812,1.797,1.782,1.768,1.755,1.742,1.681,1.643,1.623,1.615,1.613,1.618,1.626,1.634,1.642,1.649,1.657,1.686
417.0,419.0,1.949,1.926,1.907,1.888,1.868,1.85,1.832,1.815,1.799,1.784,1.769,1.755,1.688,1.646,1.624,1.614,1.61,1.615,1.623,1.631,1.639,1.647,1.654,1.684
417.0,420.0,1.975,1.951,1.93,1.909,1.889,1.869,1.85,1.831,1.814,1.797,1.781,1.766,1.693,1.648,1.624,1.612,1.608,1.612,1.62,1.627,1.636,1.644,1.651,1.682
417.0,421.0,1.998,1.973,1.95,1.928,1.906,1.885,1.864,1.845,1.826,1.809,1.792,1.776,1.698,1.65,1.623,1.611,1.605,1.609,1.616,1.624,1.632,1.64,1.648,1.679
417.0,422.0,2.019,1.991,1.968,1.944,1.921,1.899,1.877,1.857,1.837,1.818,1.801,1.784,1.702,1.65,1.622,1.609,1.602,1.606,1.613,1.621,1.629,1.637,1.645,1.677
417.0,423.0,2.036,2.008,1.983,1.959,1.934,1.911,1.888,1.867,1.846,1.827,1.808,1.79,1.704,1.651,1.621,1.606,1.599,1.602,1.609,1.617,1.625,1.634,1.642,1.674
417.0,424.0,2.051,2.022,1.996,1.971,1.946,1.921,1.898,1.875,1.854,1.833,1.814,1.796,1.706,1.65,1.619,1.604,1.596,1.599,1.606,1.613,1.622,1.63,1.638,1.671
417.0,425.0,2.064,2.034,2.008,1.981,1.955,1.93,1.906,1.882,1.86,1.839,1.819,1.8,1.708,1.649,1.617,1.601,1.592,1.595,1.602,1.61,1.618,1.626,1.635,1.668
417.0,426.0,2.076,2.044,2.017,1.99,1.963,1.937,1.912,1.888,1.866,1.844,1.823,1.804,1.708,1.648,1.615,1.598,1.589,1.591,1.598,1.606,1.614,1.623,1.631,1.665
417.0,427.0,2.085,2.053,2.025,1.997,1.97,1.943,1.918,1.893,1.87,1.847,1.826,1.806,1.708,1.647,1.613,1.595,1.585,1.588,1.594,1.602,1.61,1.619,1.627,1.661
417.0,428.0,2.093,2.061,2.032,2.003,1.975,1.948,1.922,1.897,1.873,1.85,1.829,1.808,1.708,1.645,1.61,1.592,1.581,1.584,1.59,1.598,1.607,1.615,1.624,1.658
417.0,429.0,2.1,2.067,2.038,2.009,1.98,1.952,1.926,1.9,1.876,1.852,1.83,1.809,1.707,1.643,1.607,1.589,1.578,1.58,1.586,1.594,1.603,1.611,1.62,1.654
418.0,419.0,1.631,1.621,1.614,1.606,1.599,1.591,1.584,1.578,1.573,1.568,1.564,1.56,1.543,1.535,1.535,1.542,1.563,1.589,1.613,1.635,1.655,1.673,1.689,1.747
418.0,420.0,1.685,1.671,1.662,1.651,1.64,1.63,1.621,1.613,1.606,1.599,1.593,1.587,1.561,1.546,1.542,1.545,1.564,1.587,1.611,1.633,1.653,1.672,1.688,1.746
418.0,421.0,1.733,1.717,1.704,1.691,1.678,1.666,1.654,1.644,1.635,1.626,1.618,1.611,1.576,1.556,1.548,1.548,1.564,1.586,1.609,1.631,1.652,1.67,1.687,1.746
418.0,422.0,1.776,1.757,1.743,1.727,1.712,1.698,1.684,1.672,1.661,1.65,1.641,1.632,1.59,1.565,1.553,1.551,1.563,1.584,1.607,1.629,1.65,1.668,1.685,1.744
418.0,423.0,1.815,1.794,1.777,1.76,1.742,1.726,1.711,1.697,1.684,1.672,1.661,1.651,1.603,1.572,1.557,1.553,1.562,1.582,1.605,1.627,1.647,1.666,1.683,1.742
418.0,424.0,1.851,1.827,1.808,1.789,1.77,1.751,1.735,1.719,1.705,1.692,1.68,1.668,1.614,1.579,1.561,1.554,1.561,1.58,1.603,1.625,1.645,1.664,1.68,1.74
418.0,425.0,1.882,1.857,1.836,1.815,1.794,1.774,1.756,1.739,1.724,1.709,1.696,1.683,1.623,1.585,1.563,1.555,1.56,1.578,1.6,1.622,1.642,1.661,1.678,1.738
418.0,426.0,1.911,1.884,1.861,1.838,1.816,1.795,1.775,1.757,1.74,1.725,1.71,1.697,1.632,1.59,1.566,1.555,1.558,1.576,1.597,1.619,1.64,1.658,1.675,1.736
418.0,427.0,1.936,1.907,1.884,1.859,1.836,1.813,1.792,1.773,1.755,1.739,1.723,1.709,1.639,1.594,1.568,1.556,1.557,1.573,1.595,1.616,1.637,1.656,1.672,1.733
418.0,428.0,1.959,1.929,1.904,1.878,1.853,1.83,1.808,1.787,1.768,1.751,1.735,1.719,1.646,1.597,1.569,1.556,1.555,1.571,1.592,1.613,1.634,1.652,1.669,1.73
418.0,429.0,1.98,1.948,1.922,1.895,1.869,1.844,1.821,1.8,1.78,1.762,1.745,1.729,1.651,1.6,1.57,1.555,1.553,1.568,1.589,1.61,1.631,1.649,1.666,1.727
418.0,430.0,1.998,1.966,1.938,1.91,1.883,1.857,1.833,1.811,1.791,1.772,1.754,1.737,1.656,1.603,1.571,1.555,1.551,1.565,1.586,1.607,1.627,1.646,1.663,1.723
419.0,420.0,1.684,1.676,1.673,1.669,1.664,1.66,1.656,1.652,1.648,1.645,1.642,1.639,1.626,1.624,1.63,1.641,1.667,1.692,1.715,1.735,1.754,1.77,1.784,1.837
419.0,421.0,1.734,1.723,1.717,1.71,1.703,1.696,1.69,1.684,1.678,1.672,1.667,1.662,1.64,1.632,1.635,1.643,1.667,1.691,1.713,1.734,1.752,1.768,1.782,1.836
419.0,422.0,1.777,1.764,1.756,1.747,1.738,1.729,1.72,1.712,1.704,1.697,1.69,1.683,1.653,1.639,1.638,1.645,1.666,1.689,1.711,1.731,1.75,1.766,1.78,1.835
419.0,423.0,1.816,1.801,1.791,1.779,1.768,1.757,1.747,1.737,1.727,1.718,1.71,1.702,1.664,1.645,1.641,1.646,1.665,1.688,1.709,1.729,1.747,1.764,1.778,1.833
419.0,424.0,1.851,1.833,1.821,1.808,1.795,1.783,1.77,1.759,1.748,1.737,1.727,1.718,1.673,1.65,1.643,1.646,1.664,1.686,1.707,1.726,1.744,1.761,1.776,1.831
419.0,425.0,1.882,1.862,1.849,1.834,1.819,1.805,1.791,1.778,1.766,1.754,1.742,1.732,1.681,1.654,1.644,1.646,1.662,1.683,1.704,1.723,1.741,1.758,1.773,1.828
419.0,426.0,1.909,1.888,1.873,1.857,1.841,1.825,1.81,1.795,1.781,1.768,1.756,1.744,1.688,1.657,1.645,1.645,1.66,1.68,1.701,1.72,1.738,1.755,1.77,1.826
419.0,427.0,1.933,1.911,1.894,1.877,1.859,1.842,1.826,1.81,1.795,1.781,1.767,1.755,1.693,1.659,1.645,1.644,1.658,1.678,1.698,1.717,1.735,1.751,1.766,1.822
419.0,428.0,1.955,1.931,1.913,1.895,1.876,1.857,1.84,1.823,1.807,1.792,1.778,1.764,1.698,1.661,1.645,1.643,1.655,1.674,1.694,1.713,1.731,1.748,1.763,1.819
419.0,429.0,1.974,1.949,1.93,1.91,1.89,1.871,1.852,1.835,1.818,1.802,1.786,1.772,1.702,1.662,1.645,1.641,1.653,1.671,1.691,1.71,1.728,1.744,1.759,1.816
419.0,430.0,1.991,1.965,1.945,1.924,1.903,1.883,1.863,1.844,1.827,1.81,1.794,1.778,1.705,1.662,1.644,1.639,1.65,1.668,1.687,1.706,1.724,1.74,1.755,1.812
419.0,431.0,2.005,1.978,1.958,1.936,1.914,1.893,1.872,1.853,1.834,1.817,1.8,1.784,1.707,1.662,1.642,1.637,1.647,1.664,1.684,1.702,1.72,1.736,1.751,1.808
420.0,421.0,1.605,1.595,1.596,1.595,1.592,1.59,1.588,1.586,1.585,1.584,1.583,1.582,1.582,1.593,1.615,1.641,1.696,1.748,1.793,1.833,1.868,1.899,1.926,2.027
420.0,422.0,1.648,1.636,1.635,1.631,1.627,1.623,1.619,1.615,1.612,1.609,1.606,1.604,1.595,1.602,1.62,1.644,1.696,1.746,1.79,1.83,1.865,1.895,1.922,2.022
420.0,423.0,1.687,1.674,1.67,1.665,1.658,1.652,1.646,1.641,1.636,1.632,1.627,1.624,1.608,1.609,1.624,1.646,1.696,1.744,1.788,1.826,1.861,1.891,1.918,2.017
420.0,424.0,1.723,1.708,1.702,1.695,1.687,1.679,1.672,1.665,1.658,1.652,1.647,1.641,1.619,1.616,1.628,1.648,1.695,1.742,1.785,1.823,1.857,1.887,1.913,2.012
420.0,425.0,1.755,1.738,1.731,1.722,1.713,1.703,1.694,1.686,1.678,1.671,1.664,1.657,1.629,1.622,1.631,1.649,1.694,1.74,1.781,1.819,1.852,1.882,1.908,2.006
420.0,426.0,1.784,1.766,1.757,1.747,1.736,1.725,1.715,1.705,1.696,1.688,1.679,1.672,1.638,1.627,1.633,1.65,1.693,1.737,1.778,1.815,1.848,1.877,1.903,2.0
420.0,427.0,1.811,1.791,1.781,1.769,1.757,1.745,1.733,1.723,1.712,1.703,1.693,1.685,1.646,1.631,1.636,1.65,1.692,1.735,1.775,1.811,1.843,1.872,1.898,1.994
420.0,428.0,1.835,1.814,1.803,1.79,1.776,1.763,1.75,1.738,1.727,1.716,1.706,1.697,1.653,1.635,1.637,1.651,1.69,1.732,1.771,1.807,1.839,1.868,1.893,1.988
420.0,429.0,1.857,1.835,1.823,1.808,1.794,1.779,1.765,1.753,1.74,1.729,1.718,1.707,1.659,1.639,1.639,1.651,1.688,1.729,1.767,1.802,1.834,1.863,1.888,1.982
420.0,430.0,1.877,1.854,1.841,1.825,1.809,1.794,1.779,1.765,1.752,1.74,1.728,1.717,1.665,1.641,1.639,1.65,1.686,1.726,1.764,1.798,1.829,1.858,1.882,1.976
420.0,431.0,1.896,1.871,1.857,1.84,1.824,1.807,1.792,1.777,1.763,1.75,1.737,1.725,1.67,1.644,1.64,1.65,1.684,1.723,1.76,1.794,1.825,1.852,1.877,1.97
420.0,432.0,1.912,1.887,1.872,1.854,1.837,1.82,1.803,1.788,1.773,1.759,1.745,1.733,1.674,1.646,1.64,1.649,1.682,1.72,1.756,1.789,1.82,1.847,1.872,1.964
421.0,422.0,1.64,1.614,1.593,1.572,1.55,1.53,1.51,1.493,1.477,1.462,1.448,1.436,1.375,1.339,1.323,1.32,1.338,1.368,1.4,1.431,1.459,1.485,1.508,1.591
421.0,423.0,1.663,1.635,1.614,1.591,1.569,1.547,1.527,1.509,1.492,1.476,1.462,1.448,1.385,1.346,1.327,1.323,1.339,1.367,1.398,1.428,1.456,1.481,1.504,1.585
421.0,424.0,1.684,1.655,1.633,1.609,1.586,1.563,1.543,1.523,1.506,1.489,1.474,1.46,1.393,1.352,1.331,1.326,1.339,1.367,1.397,1.426,1.453,1.478,1.5,1.58
421.0,425.0,1.704,1.674,1.651,1.626,1.602,1.579,1.557,1.537,1.519,1.502,1.486,1.471,1.401,1.357,1.335,1.328,1.34,1.366,1.395,1.423,1.45,1.474,1.496,1.574
421.0,426.0,1.722,1.692,1.667,1.642,1.617,1.593,1.57,1.55,1.531,1.513,1.497,1.481,1.408,1.362,1.339,1.33,1.34,1.364,1.393,1.421,1.447,1.471,1.492,1.569
421.0,427.0,1.739,1.708,1.683,1.656,1.63,1.606,1.583,1.562,1.542,1.524,1.507,1.491,1.415,1.367,1.342,1.332,1.34,1.363,1.391,1.418,1.444,1.467,1.488,1.563
421.0,428.0,1.755,1.723,1.697,1.67,1.643,1.618,1.595,1.573,1.552,1.534,1.516,1.5,1.421,1.372,1.345,1.334,1.34,1.362,1.389,1.416,1.441,1.464,1.484,1.558
421.0,429.0,1.77,1.737,1.711,1.683,1.656,1.63,1.605,1.583,1.562,1.543,1.525,1.508,1.427,1.376,1.347,1.335,1.34,1.361,1.387,1.413,1.437,1.46,1.48,1.553
421.0,430.0,1.784,1.751,1.723,1.695,1.667,1.64,1.616,1.593,1.571,1.551,1.533,1.516,1.433,1.38,1.35,1.337,1.339,1.359,1.385,1.41,1.434,1.456,1.476,1.547
421.0,431.0,1.797,1.763,1.735,1.706,1.678,1.65,1.625,1.602,1.58,1.56,1.541,1.523,1.438,1.383,1.352,1.338,1.339,1.358,1.382,1.407,1.431,1.453,1.472,1.542
421.0,432.0,1.81,1.775,1.746,1.716,1.687,1.66,1.634,1.61,1.588,1.567,1.548,1.53,1.443,1.386,1.354,1.339,1.339,1.357,1.38,1.405,1.428,1.449,1.468,1.537
421.0,433.0,1.821,1.786,1.757,1.726,1.697,1.669,1.643,1.618,1.595,1.574,1.554,1.536,1.447,1.389,1.356,1.34,1.338,1.355,1.378,1.402,1.425,1.445,1.464,1.531
422.0,423.0,1.379,1.339,1.315,1.289,1.26,1.23,1.2,1.17,1.141,1.113,1.087,1.063,0.959,0.913,0.901,0.906,0.938,0.981,1.024,1.065,1.102,1.135,1.164,1.275
422.0,424.0,1.364,1.325,1.303,1.277,1.25,1.221,1.192,1.163,1.135,1.108,1.083,1.059,0.959,0.915,0.903,0.908,0.94,0.982,1.024,1.063,1.099,1.131,1.159,1.267
422.0,425.0,1.354,1.316,1.294,1.269,1.242,1.214,1.186,1.158,1.13,1.104,1.08,1.057,0.96,0.917,0.906,0.91,0.942,0.982,1.023,1.061,1.096,1.127,1.154,1.259
422.0,426.0,1.346,1.309,1.288,1.263,1.237,1.21,1.182,1.155,1.128,1.103,1.079,1.057,0.962,0.92,0.908,0.913,0.943,0.982,1.021,1.059,1.092,1.122,1.149,1.251
422.0,427.0,1.341,1.305,1.284,1.26,1.235,1.208,1.181,1.154,1.128,1.103,1.079,1.057,0.964,0.923,0.911,0.915,0.944,0.982,1.02,1.056,1.089,1.118,1.144,1.243
422.0,428.0,1.339,1.303,1.282,1.259,1.234,1.207,1.18,1.154,1.128,1.104,1.08,1.059,0.967,0.926,0.914,0.918,0.945,0.982,1.019,1.054,1.085,1.114,1.139,1.235
422.0,429.0,1.338,1.303,1.282,1.259,1.234,1.208,1.182,1.155,1.13,1.106,1.083,1.061,0.97,0.929,0.917,0.92,0.946,0.982,1.017,1.051,1.082,1.109,1.134,1.227
422.0,430.0,1.339,1.305,1.284,1.261,1.236,1.21,1.184,1.158,1.132,1.108,1.086,1.064,0.974,0.932,0.92,0.922,0.947,0.981,1.016,1.048,1.078,1.105,1.129,1.219
422.0,431.0,1.342,1.307,1.286,1.263,1.238,1.213,1.187,1.161,1.136,1.112,1.089,1.068,0.978,0.936,0.923,0.925,0.948,0.981,1.014,1.046,1.075,1.101,1.124,1.211
422.0,432.0,1.345,1.311,1.29,1.267,1.242,1.216,1.19,1.164,1.139,1.115,1.093,1.072,0.982,0.939,0.926,0.927,0.949,0.98,1.013,1.043,1.071,1.096,1.119,1.204
422.0,433.0,1.349,1.315,1.294,1.271,1.246,1.22,1.194,1.169,1.144,1.12,1.097,1.076,0.986,0.943,0.929,0.929,0.95,0.98,1.011,1.04,1.068,1.092,1.114,1.196
422.0,434.0,1.354,1.32,1.299,1.276,1.251,1.225,1.199,1.173,1.148,1.124,1.102,1.081,0.99,0.947,0.931,0.931,0.951,0.979,1.009,1.038,1.064,1.088,1.109,1.189
423.0,424.0,0.155,0.153,0.16,0.163,0.165,0.165,0.167,0.169,0.172,0.175,0.179,0.183,0.207,0.234,0.268,0.306,0.384,0.454,0.514,0.567,0.613,0.654,0.69,0.823
423.0,425.0,0.219,0.214,0.218,0.218,0.216,0.215,0.213,0.213,0.214,0.215,0.216,0.218,0.232,0.252,0.28,0.314,0.386,0.453,0.511,0.561,0.606,0.646,0.681,0.81
423.0,426.0,0.276,0.268,0.269,0.267,0.263,0.259,0.255,0.253,0.251,0.251,0.25,0.25,0.256,0.269,0.292,0.323,0.39,0.452,0.508,0.557,0.6,0.639,0.673,0.797
423.0,427.0,0.327,0.317,0.316,0.311,0.305,0.299,0.294,0.289,0.286,0.283,0.281,0.28,0.277,0.285,0.304,0.331,0.393,0.453,0.506,0.553,0.594,0.632,0.665,0.785
423.0,428.0,0.373,0.361,0.357,0.351,0.343,0.335,0.328,0.322,0.317,0.313,0.31,0.307,0.298,0.301,0.316,0.339,0.397,0.453,0.504,0.549,0.589,0.625,0.657,0.774
423.0,429.0,0.414,0.401,0.396,0.387,0.378,0.369,0.36,0.353,0.347,0.341,0.337,0.332,0.317,0.315,0.327,0.348,0.4,0.454,0.502,0.546,0.585,0.619,0.65,0.762
423.0,430.0,0.453,0.437,0.431,0.421,0.41,0.399,0.39,0.381,0.374,0.367,0.361,0.356,0.335,0.329,0.338,0.356,0.404,0.455,0.501,0.543,0.58,0.614,0.644,0.752
423.0,431.0,0.488,0.471,0.463,0.452,0.44,0.428,0.417,0.407,0.399,0.391,0.384,0.378,0.352,0.343,0.348,0.364,0.408,0.456,0.5,0.54,0.576,0.609,0.637,0.741
423.0,432.0,0.52,0.502,0.493,0.48,0.467,0.454,0.442,0.432,0.422,0.413,0.406,0.399,0.369,0.356,0.358,0.371,0.413,0.458,0.5,0.538,0.573,0.604,0.631,0.731
423.0,433.0,0.55,0.531,0.52,0.507,0.493,0.479,0.466,0.455,0.444,0.435,0.426,0.418,0.384,0.368,0.368,0.379,0.417,0.459,0.499,0.536,0.569,0.599,0.625,0.722
423.0,434.0,0.578,0.558,0.546,0.532,0.517,0.502,0.489,0.476,0.465,0.455,0.445,0.437,0.399,0.38,0.378,0.387,0.421,0.461,0.499,0.534,0.566,0.595,0.62,0.712
423.0,435.0,0.604,0.584,0.571,0.555,0.539,0.524,0.51,0.497,0.485,0.474,0.464,0.455,0.413,0.392,0.388,0.394,0.425,0.463,0.499,0.533,0.563,0.59,0.615,0.703
424.0,425.0,0.168,0.164,0.168,0.167,0.166,0.165,0.165,0.166,0.167,0.169,0.171,0.173,0.183,0.204,0.238,0.278,0.356,0.424,0.482,0.534,0.58,0.621,0.658,0.788
424.0,426.0,0.227,0.221,0.221,0.218,0.214,0.21,0.208,0.206,0.206,0.205,0.205,0.205,0.206,0.22,0.248,0.285,0.358,0.423,0.479,0.529,0.574,0.614,0.65,0.776
424.0,427.0,0.279,0.27,0.268,0.263,0.257,0.251,0.246,0.243,0.24,0.238,0.236,0.234,0.227,0.235,0.259,0.292,0.361,0.423,0.477,0.525,0.569,0.607,0.642,0.764
424.0,428.0,0.326,0.315,0.311,0.303,0.295,0.288,0.281,0.276,0.272,0.268,0.264,0.261,0.246,0.249,0.269,0.299,0.364,0.423,0.475,0.522,0.564,0.601,0.634,0.753
424.0,429.0,0.368,0.355,0.349,0.34,0.33,0.321,0.313,0.306,0.3,0.295,0.29,0.286,0.265,0.263,0.279,0.307,0.367,0.424,0.474,0.519,0.559,0.595,0.627,0.742
424.0,430.0,0.406,0.392,0.384,0.373,0.362,0.351,0.342,0.334,0.327,0.32,0.314,0.309,0.282,0.276,0.289,0.314,0.371,0.424,0.473,0.516,0.555,0.59,0.621,0.731
424.0,431.0,0.441,0.425,0.416,0.404,0.391,0.379,0.369,0.36,0.351,0.344,0.337,0.33,0.298,0.289,0.299,0.321,0.374,0.426,0.472,0.513,0.551,0.585,0.615,0.721
424.0,432.0,0.473,0.456,0.445,0.432,0.418,0.405,0.394,0.383,0.374,0.365,0.358,0.35,0.314,0.301,0.309,0.328,0.378,0.427,0.471,0.511,0.547,0.58,0.609,0.711
424.0,433.0,0.502,0.484,0.472,0.458,0.443,0.429,0.417,0.406,0.395,0.386,0.377,0.369,0.329,0.313,0.318,0.335,0.382,0.428,0.471,0.509,0.544,0.575,0.603,0.701
424.0,434.0,0.529,0.51,0.498,0.482,0.467,0.452,0.439,0.426,0.415,0.405,0.396,0.387,0.343,0.324,0.327,0.343,0.386,0.43,0.471,0.507,0.541,0.571,0.597,0.692
424.0,435.0,0.555,0.535,0.521,0.505,0.489,0.473,0.459,0.446,0.434,0.423,0.413,0.403,0.357,0.335,0.336,0.35,0.39,0.432,0.47,0.506,0.538,0.567,0.592,0.683
424.0,436.0,0.578,0.558,0.543,0.527,0.509,0.493,0.478,0.465,0.452,0.441,0.43,0.42,0.37,0.346,0.345,0.357,0.394,0.433,0.47,0.504,0.535,0.563,0.587,0.674
425.0,426.0,0.227,0.211,0.211,0.208,0.203,0.197,0.192,0.188,0.184,0.181,0.179,0.176,0.171,0.182,0.209,0.245,0.323,0.396,0.462,0.52,0.572,0.618,0.658,0.807
425.0,427.0,0.262,0.246,0.245,0.241,0.235,0.229,0.224,0.219,0.215,0.211,0.208,0.206,0.197,0.206,0.23,0.263,0.337,0.406,0.468,0.523,0.573,0.616,0.654,0.796
425.0,428.0,0.297,0.28,0.279,0.274,0.268,0.261,0.255,0.25,0.245,0.241,0.238,0.234,0.223,0.229,0.251,0.282,0.35,0.415,0.474,0.527,0.573,0.614,0.65,0.785
425.0,429.0,0.331,0.315,0.312,0.307,0.3,0.293,0.287,0.281,0.275,0.271,0.267,0.263,0.249,0.252,0.271,0.299,0.363,0.425,0.48,0.53,0.574,0.613,0.647,0.775
425.0,430.0,0.366,0.349,0.346,0.34,0.332,0.325,0.318,0.311,0.305,0.3,0.295,0.291,0.274,0.275,0.291,0.317,0.376,0.434,0.486,0.533,0.575,0.612,0.644,0.766
425.0,431.0,0.4,0.384,0.379,0.372,0.364,0.356,0.348,0.341,0.335,0.329,0.324,0.319,0.299,0.297,0.311,0.334,0.389,0.443,0.492,0.536,0.576,0.611,0.641,0.756
425.0,432.0,0.434,0.417,0.412,0.404,0.396,0.387,0.378,0.371,0.364,0.357,0.352,0.346,0.323,0.319,0.33,0.35,0.401,0.451,0.498,0.539,0.577,0.61,0.639,0.748
425.0,433.0,0.468,0.451,0.445,0.436,0.427,0.417,0.408,0.4,0.392,0.385,0.379,0.373,0.347,0.34,0.348,0.366,0.413,0.46,0.503,0.543,0.578,0.609,0.636,0.74
425.0,434.0,0.502,0.484,0.477,0.467,0.457,0.447,0.438,0.429,0.42,0.413,0.406,0.399,0.37,0.36,0.366,0.382,0.425,0.469,0.509,0.546,0.579,0.608,0.634,0.732
425.0,435.0,0.534,0.516,0.508,0.498,0.487,0.477,0.466,0.457,0.448,0.44,0.432,0.425,0.393,0.38,0.384,0.397,0.436,0.477,0.515,0.549,0.58,0.608,0.632,0.724
425.0,436.0,0.567,0.548,0.539,0.529,0.517,0.506,0.495,0.485,0.475,0.466,0.458,0.45,0.415,0.4,0.401,0.412,0.447,0.485,0.52,0.552,0.581,0.607,0.63,0.717
425.0,437.0,0.599,0.58,0.57,0.558,0.546,0.534,0.523,0.512,0.502,0.492,0.483,0.475,0.437,0.419,0.418,0.427,0.458,0.493,0.525,0.555,0.582,0.607,0.628,0.71
426.0,427.0,0.216,0.203,0.2,0.193,0.184,0.176,0.17,0.164,0.16,0.157,0.154,0.152,0.147,0.156,0.18,0.215,0.295,0.372,0.441,0.503,0.558,0.608,0.652,0.81
426.0,428.0,0.249,0.235,0.232,0.224,0.215,0.207,0.2,0.194,0.189,0.186,0.183,0.18,0.172,0.179,0.201,0.233,0.308,0.381,0.447,0.506,0.559,0.606,0.648,0.799
426.0,429.0,0.282,0.268,0.264,0.256,0.246,0.237,0.23,0.224,0.219,0.214,0.211,0.208,0.198,0.202,0.221,0.251,0.322,0.391,0.453,0.509,0.56,0.605,0.645,0.788
426.0,430.0,0.315,0.301,0.296,0.287,0.277,0.268,0.26,0.253,0.248,0.243,0.239,0.236,0.223,0.225,0.242,0.269,0.335,0.4,0.459,0.513,0.56,0.603,0.641,0.778
426.0,431.0,0.348,0.334,0.328,0.318,0.308,0.298,0.29,0.283,0.277,0.271,0.267,0.263,0.247,0.247,0.261,0.286,0.348,0.409,0.465,0.516,0.561,0.602,0.639,0.769
426.0,432.0,0.382,0.366,0.36,0.35,0.339,0.329,0.32,0.312,0.305,0.299,0.294,0.29,0.272,0.269,0.281,0.303,0.36,0.418,0.471,0.519,0.563,0.601,0.636,0.76
426.0,433.0,0.415,0.399,0.391,0.381,0.369,0.359,0.349,0.341,0.334,0.327,0.322,0.317,0.296,0.29,0.3,0.32,0.372,0.427,0.477,0.523,0.564,0.601,0.633,0.751
426.0,434.0,0.448,0.431,0.423,0.412,0.4,0.388,0.378,0.369,0.362,0.355,0.349,0.343,0.319,0.311,0.318,0.336,0.384,0.435,0.483,0.526,0.565,0.6,0.631,0.743
426.0,435.0,0.48,0.463,0.454,0.442,0.43,0.418,0.407,0.397,0.389,0.382,0.375,0.369,0.342,0.332,0.337,0.352,0.396,0.444,0.489,0.53,0.566,0.6,0.629,0.735
426.0,436.0,0.512,0.495,0.485,0.472,0.459,0.447,0.435,0.425,0.416,0.408,0.401,0.394,0.365,0.352,0.354,0.367,0.408,0.452,0.494,0.533,0.568,0.599,0.627,0.728
426.0,437.0,0.544,0.527,0.515,0.502,0.488,0.475,0.463,0.453,0.443,0.434,0.426,0.419,0.387,0.372,0.372,0.382,0.419,0.46,0.5,0.536,0.569,0.599,0.626,0.721
426.0,438.0,0.576,0.557,0.545,0.531,0.517,0.503,0.491,0.479,0.469,0.46,0.452,0.444,0.409,0.391,0.389,0.397,0.43,0.468,0.505,0.54,0.571,0.599,0.624,0.714
427.0,428.0,0.192,0.178,0.175,0.169,0.161,0.153,0.145,0.138,0.133,0.129,0.125,0.123,0.117,0.124,0.141,0.166,0.228,0.29,0.347,0.397,0.442,0.483,0.518,0.651
427.0,429.0,0.243,0.227,0.222,0.213,0.203,0.193,0.184,0.175,0.168,0.162,0.158,0.154,0.141,0.142,0.155,0.176,0.233,0.292,0.346,0.394,0.438,0.476,0.511,0.639
427.0,430.0,0.289,0.271,0.264,0.254,0.242,0.23,0.219,0.21,0.201,0.194,0.188,0.182,0.163,0.159,0.168,0.187,0.238,0.294,0.345,0.391,0.433,0.471,0.504,0.628
427.0,431.0,0.332,0.312,0.304,0.292,0.278,0.265,0.252,0.241,0.231,0.223,0.216,0.209,0.184,0.176,0.181,0.197,0.244,0.296,0.345,0.389,0.429,0.465,0.497,0.617
427.0,432.0,0.371,0.35,0.34,0.326,0.312,0.297,0.283,0.271,0.26,0.25,0.242,0.234,0.204,0.192,0.194,0.207,0.25,0.298,0.345,0.387,0.426,0.46,0.491,0.606
427.0,433.0,0.408,0.386,0.374,0.359,0.343,0.327,0.312,0.299,0.287,0.276,0.267,0.258,0.223,0.207,0.207,0.217,0.256,0.301,0.345,0.386,0.422,0.456,0.485,0.596
427.0,434.0,0.442,0.419,0.405,0.389,0.372,0.355,0.34,0.325,0.312,0.301,0.29,0.281,0.241,0.222,0.219,0.227,0.261,0.304,0.345,0.384,0.419,0.451,0.48,0.586
427.0,435.0,0.474,0.45,0.435,0.418,0.4,0.382,0.365,0.35,0.336,0.324,0.313,0.303,0.259,0.237,0.231,0.237,0.267,0.307,0.346,0.383,0.417,0.447,0.475,0.576
427.0,436.0,0.504,0.479,0.463,0.445,0.426,0.407,0.39,0.374,0.359,0.346,0.334,0.323,0.276,0.251,0.243,0.246,0.273,0.31,0.347,0.382,0.414,0.444,0.47,0.567
427.0,437.0,0.533,0.507,0.49,0.471,0.451,0.431,0.413,0.396,0.381,0.367,0.354,0.343,0.292,0.265,0.254,0.256,0.279,0.313,0.348,0.381,0.412,0.44,0.465,0.559
427.0,438.0,0.56,0.533,0.515,0.495,0.474,0.454,0.435,0.418,0.402,0.387,0.374,0.362,0.308,0.278,0.265,0.265,0.285,0.316,0.349,0.381,0.41,0.437,0.461,0.55
427.0,439.0,0.586,0.558,0.539,0.518,0.497,0.476,0.457,0.439,0.422,0.407,0.393,0.38,0.324,0.291,0.276,0.274,0.291,0.32,0.35,0.38,0.408,0.434,0.457,0.542
428.0,429.0,0.175,0.158,0.16,0.156,0.149,0.14,0.132,0.124,0.117,0.111,0.107,0.104,0.1,0.116,0.146,0.186,0.278,0.369,0.45,0.522,0.586,0.643,0.693,0.881
428.0,430.0,0.205,0.187,0.188,0.183,0.175,0.166,0.157,0.148,0.141,0.135,0.13,0.126,0.119,0.132,0.16,0.197,0.285,0.372,0.451,0.52,0.582,0.637,0.685,0.867
428.0,431.0,0.234,0.216,0.215,0.209,0.201,0.191,0.181,0.172,0.164,0.158,0.152,0.148,0.138,0.148,0.173,0.208,0.292,0.375,0.451,0.518,0.577,0.63,0.678,0.853
428.0,432.0,0.262,0.243,0.242,0.235,0.226,0.216,0.205,0.196,0.187,0.18,0.174,0.169,0.156,0.163,0.186,0.219,0.299,0.379,0.451,0.516,0.573,0.625,0.67,0.84
428.0,433.0,0.289,0.27,0.268,0.26,0.251,0.24,0.229,0.219,0.21,0.202,0.195,0.19,0.174,0.178,0.199,0.229,0.305,0.382,0.452,0.514,0.569,0.619,0.663,0.827
428.0,434.0,0.316,0.297,0.293,0.285,0.275,0.263,0.252,0.241,0.232,0.223,0.216,0.21,0.191,0.193,0.211,0.24,0.312,0.385,0.452,0.512,0.565,0.613,0.656,0.814
428.0,435.0,0.342,0.323,0.318,0.309,0.298,0.286,0.274,0.263,0.253,0.244,0.236,0.23,0.208,0.208,0.223,0.25,0.318,0.388,0.452,0.51,0.562,0.608,0.649,0.801
428.0,436.0,0.368,0.348,0.342,0.333,0.321,0.308,0.296,0.284,0.274,0.264,0.256,0.249,0.224,0.222,0.235,0.26,0.324,0.391,0.453,0.508,0.558,0.603,0.642,0.789
428.0,437.0,0.393,0.372,0.366,0.356,0.343,0.33,0.317,0.305,0.294,0.284,0.276,0.268,0.241,0.236,0.247,0.27,0.33,0.394,0.453,0.507,0.555,0.597,0.635,0.778
428.0,438.0,0.417,0.397,0.389,0.378,0.365,0.352,0.338,0.326,0.314,0.304,0.295,0.287,0.257,0.249,0.259,0.279,0.336,0.397,0.454,0.505,0.551,0.593,0.629,0.766
428.0,439.0,0.441,0.42,0.412,0.4,0.387,0.373,0.359,0.346,0.334,0.323,0.313,0.305,0.272,0.263,0.27,0.289,0.342,0.4,0.455,0.504,0.548,0.588,0.623,0.755
428.0,440.0,0.465,0.443,0.434,0.422,0.408,0.393,0.379,0.366,0.353,0.342,0.332,0.323,0.288,0.276,0.281,0.298,0.348,0.403,0.455,0.503,0.545,0.583,0.617,0.744
429.0,430.0,0.177,0.148,0.152,0.153,0.15,0.146,0.139,0.132,0.125,0.117,0.11,0.104,0.09,0.11,0.147,0.19,0.275,0.356,0.431,0.501,0.564,0.62,0.669,0.844
429.0,431.0,0.215,0.185,0.188,0.187,0.183,0.177,0.17,0.162,0.153,0.145,0.137,0.13,0.111,0.127,0.161,0.201,0.282,0.359,0.431,0.498,0.559,0.613,0.661,0.83
429.0,432.0,0.25,0.221,0.222,0.22,0.215,0.208,0.199,0.19,0.181,0.172,0.163,0.155,0.132,0.144,0.175,0.212,0.288,0.361,0.431,0.495,0.554,0.607,0.652,0.816
429.0,433.0,0.284,0.254,0.254,0.251,0.245,0.237,0.227,0.217,0.207,0.197,0.188,0.179,0.152,0.16,0.188,0.222,0.294,0.364,0.431,0.493,0.55,0.6,0.644,0.803
429.0,434.0,0.317,0.286,0.285,0.28,0.273,0.264,0.254,0.243,0.232,0.222,0.212,0.202,0.171,0.176,0.2,0.232,0.301,0.367,0.431,0.49,0.545,0.594,0.637,0.79
429.0,435.0,0.347,0.317,0.314,0.309,0.301,0.291,0.28,0.268,0.257,0.245,0.235,0.225,0.19,0.192,0.213,0.243,0.307,0.37,0.431,0.488,0.541,0.588,0.63,0.778
429.0,436.0,0.377,0.346,0.343,0.336,0.327,0.316,0.305,0.292,0.28,0.268,0.257,0.246,0.208,0.207,0.225,0.253,0.313,0.374,0.432,0.487,0.537,0.583,0.622,0.766
429.0,437.0,0.406,0.374,0.37,0.362,0.352,0.341,0.329,0.316,0.303,0.29,0.278,0.267,0.226,0.221,0.237,0.262,0.319,0.377,0.432,0.485,0.534,0.577,0.616,0.754
429.0,438.0,0.433,0.402,0.396,0.388,0.377,0.365,0.352,0.338,0.325,0.311,0.299,0.288,0.243,0.236,0.249,0.272,0.325,0.38,0.433,0.483,0.53,0.572,0.609,0.743
429.0,439.0,0.459,0.428,0.421,0.412,0.401,0.388,0.374,0.36,0.346,0.332,0.319,0.307,0.26,0.25,0.261,0.282,0.331,0.383,0.433,0.482,0.527,0.567,0.603,0.732
429.0,440.0,0.485,0.454,0.446,0.436,0.424,0.41,0.396,0.381,0.367,0.352,0.339,0.327,0.276,0.264,0.272,0.291,0.337,0.386,0.434,0.48,0.524,0.563,0.597,0.721
429.0,441.0,0.51,0.478,0.47,0.459,0.446,0.432,0.417,0.402,0.387,0.372,0.358,0.345,0.292,0.277,0.284,0.3,0.343,0.389,0.435,0.479,0.52,0.558,0.591,0.71
430.0,431.0,0.16,0.141,0.147,0.148,0.144,0.139,0.133,0.128,0.123,0.12,0.119,0.118,0.132,0.162,0.204,0.254,0.367,0.478,0.577,0.663,0.739,0.806,0.864,1.089
430.0,432.0,0.175,0.157,0.163,0.164,0.161,0.157,0.152,0.147,0.143,0.14,0.139,0.138,0.153,0.183,0.224,0.272,0.381,0.487,0.582,0.665,0.737,0.801,0.857,1.073
430.0,433.0,0.193,0.176,0.182,0.183,0.18,0.176,0.172,0.167,0.164,0.161,0.16,0.16,0.175,0.204,0.243,0.29,0.395,0.496,0.587,0.666,0.736,0.797,0.851,1.057
430.0,434.0,0.212,0.196,0.202,0.203,0.201,0.197,0.193,0.189,0.186,0.184,0.182,0.182,0.197,0.226,0.263,0.308,0.408,0.506,0.592,0.668,0.735,0.793,0.845,1.042
430.0,435.0,0.234,0.218,0.224,0.225,0.223,0.22,0.215,0.212,0.209,0.207,0.206,0.206,0.22,0.247,0.283,0.326,0.422,0.515,0.598,0.671,0.734,0.79,0.839,1.028
430.0,436.0,0.257,0.242,0.248,0.249,0.247,0.243,0.239,0.235,0.232,0.23,0.229,0.229,0.242,0.268,0.303,0.344,0.435,0.524,0.604,0.673,0.734,0.787,0.834,1.015
430.0,437.0,0.281,0.267,0.272,0.273,0.271,0.267,0.263,0.259,0.256,0.254,0.253,0.253,0.265,0.29,0.322,0.362,0.449,0.534,0.609,0.676,0.734,0.785,0.83,1.002
430.0,438.0,0.307,0.293,0.298,0.298,0.296,0.292,0.288,0.284,0.281,0.279,0.278,0.278,0.288,0.311,0.342,0.379,0.462,0.543,0.615,0.678,0.734,0.783,0.826,0.99
430.0,439.0,0.333,0.319,0.324,0.324,0.321,0.317,0.313,0.309,0.306,0.304,0.303,0.302,0.311,0.332,0.361,0.396,0.475,0.552,0.621,0.681,0.734,0.781,0.822,0.979
430.0,440.0,0.36,0.347,0.35,0.35,0.347,0.343,0.339,0.335,0.332,0.329,0.327,0.327,0.334,0.353,0.38,0.413,0.488,0.561,0.627,0.684,0.735,0.779,0.819,0.969
430.0,441.0,0.388,0.375,0.378,0.377,0.374,0.369,0.365,0.361,0.357,0.354,0.352,0.351,0.357,0.374,0.399,0.43,0.5,0.57,0.632,0.687,0.735,0.778,0.815,0.959
430.0,442.0,0.416,0.403,0.405,0.404,0.4,0.396,0.391,0.386,0.383,0.379,0.377,0.376,0.379,0.394,0.417,0.446,0.513,0.579,0.638,0.69,0.736,0.777,0.812,0.949
431.0,432.0,0.154,0.136,0.141,0.141,0.138,0.132,0.125,0.119,0.113,0.108,0.105,0.103,0.11,0.138,0.179,0.229,0.34,0.447,0.542,0.625,0.698,0.762,0.819,1.034
431.0,433.0,0.18,0.162,0.167,0.166,0.162,0.155,0.148,0.141,0.135,0.13,0.126,0.124,0.128,0.153,0.192,0.24,0.347,0.45,0.542,0.622,0.693,0.755,0.81,1.019
431.0,434.0,0.206,0.188,0.192,0.19,0.186,0.179,0.171,0.164,0.157,0.152,0.147,0.144,0.146,0.169,0.206,0.251,0.354,0.453,0.542,0.62,0.688,0.748,0.802,1.004
431.0,435.0,0.232,0.213,0.217,0.215,0.209,0.202,0.194,0.186,0.179,0.173,0.168,0.165,0.164,0.184,0.219,0.262,0.36,0.456,0.542,0.617,0.683,0.742,0.793,0.989
431.0,436.0,0.258,0.239,0.241,0.239,0.233,0.225,0.216,0.208,0.201,0.194,0.189,0.185,0.181,0.199,0.232,0.273,0.367,0.459,0.542,0.615,0.679,0.735,0.785,0.975
431.0,437.0,0.283,0.264,0.266,0.263,0.256,0.248,0.239,0.23,0.222,0.215,0.209,0.205,0.198,0.214,0.244,0.283,0.373,0.462,0.542,0.612,0.674,0.729,0.777,0.961
431.0,438.0,0.308,0.289,0.29,0.286,0.279,0.27,0.261,0.251,0.243,0.236,0.229,0.224,0.215,0.229,0.256,0.294,0.38,0.465,0.542,0.61,0.67,0.723,0.769,0.947
431.0,439.0,0.333,0.314,0.314,0.309,0.301,0.292,0.282,0.273,0.264,0.256,0.249,0.244,0.232,0.243,0.269,0.304,0.386,0.468,0.542,0.607,0.665,0.717,0.762,0.934
431.0,440.0,0.358,0.338,0.337,0.332,0.324,0.314,0.304,0.293,0.284,0.276,0.269,0.263,0.248,0.257,0.281,0.314,0.392,0.471,0.542,0.605,0.661,0.711,0.754,0.921
431.0,441.0,0.382,0.362,0.361,0.354,0.346,0.335,0.325,0.314,0.304,0.295,0.288,0.281,0.264,0.271,0.292,0.323,0.398,0.474,0.542,0.603,0.657,0.705,0.747,0.908
431.0,442.0,0.406,0.386,0.383,0.377,0.367,0.356,0.345,0.334,0.324,0.315,0.307,0.3,0.28,0.284,0.304,0.333,0.404,0.476,0.542,0.601,0.653,0.699,0.74,0.896
431.0,443.0,0.429,0.409,0.406,0.398,0.388,0.377,0.365,0.354,0.343,0.334,0.325,0.318,0.295,0.297,0.315,0.342,0.41,0.479,0.543,0.599,0.649,0.694,0.734,0.884
432.0,433.0,0.128,0.109,0.114,0.113,0.108,0.101,0.094,0.086,0.079,0.074,0.07,0.067,0.073,0.106,0.155,0.213,0.339,0.46,0.569,0.666,0.753,0.829,0.897,1.145
432.0,434.0,0.142,0.124,0.129,0.128,0.123,0.117,0.109,0.102,0.095,0.09,0.086,0.083,0.089,0.121,0.168,0.225,0.347,0.464,0.57,0.664,0.748,0.822,0.888,1.128
432.0,435.0,0.159,0.141,0.146,0.145,0.14,0.134,0.126,0.119,0.112,0.107,0.103,0.1,0.106,0.136,0.182,0.236,0.354,0.468,0.571,0.662,0.743,0.815,0.879,1.112
432.0,436.0,0.177,0.16,0.164,0.163,0.158,0.151,0.144,0.137,0.13,0.125,0.121,0.118,0.122,0.152,0.195,0.248,0.362,0.472,0.571,0.66,0.738,0.808,0.87,1.095
432.0,437.0,0.197,0.179,0.183,0.182,0.177,0.17,0.163,0.155,0.149,0.143,0.139,0.136,0.139,0.167,0.208,0.259,0.369,0.476,0.572,0.657,0.733,0.801,0.861,1.079
432.0,438.0,0.217,0.2,0.203,0.202,0.197,0.19,0.182,0.174,0.168,0.162,0.157,0.154,0.156,0.182,0.221,0.27,0.376,0.479,0.572,0.655,0.728,0.794,0.852,1.064
432.0,439.0,0.239,0.222,0.224,0.222,0.217,0.209,0.202,0.194,0.187,0.181,0.176,0.172,0.172,0.196,0.234,0.281,0.383,0.482,0.572,0.652,0.724,0.787,0.843,1.049
432.0,440.0,0.261,0.243,0.246,0.243,0.237,0.23,0.221,0.214,0.206,0.2,0.195,0.191,0.189,0.211,0.247,0.291,0.389,0.485,0.572,0.65,0.719,0.78,0.835,1.034
432.0,441.0,0.283,0.266,0.267,0.264,0.258,0.25,0.242,0.233,0.226,0.219,0.214,0.21,0.205,0.225,0.259,0.302,0.396,0.488,0.572,0.647,0.714,0.774,0.827,1.019
432.0,442.0,0.305,0.288,0.289,0.285,0.279,0.271,0.262,0.253,0.245,0.238,0.233,0.228,0.222,0.24,0.272,0.312,0.402,0.491,0.573,0.645,0.71,0.767,0.818,1.005
432.0,443.0,0.328,0.311,0.311,0.307,0.3,0.291,0.282,0.273,0.265,0.257,0.251,0.246,0.238,0.254,0.284,0.322,0.408,0.494,0.573,0.643,0.705,0.761,0.811,0.991
432.0,444.0,0.351,0.333,0.333,0.328,0.321,0.312,0.302,0.293,0.284,0.276,0.27,0.265,0.254,0.268,0.295,0.332,0.414,0.497,0.573,0.64,0.701,0.755,0.803,0.978
433.0,434.0,0.129,0.111,0.114,0.109,0.101,0.092,0.085,0.079,0.075,0.072,0.07,0.07,0.078,0.11,0.164,0.233,0.385,0.529,0.658,0.772,0.873,0.963,1.044,1.346
433.0,435.0,0.137,0.122,0.125,0.121,0.114,0.106,0.1,0.095,0.092,0.09,0.089,0.088,0.099,0.132,0.185,0.252,0.399,0.539,0.663,0.772,0.869,0.956,1.033,1.324
433.0,436.0,0.15,0.136,0.14,0.136,0.13,0.123,0.118,0.113,0.111,0.109,0.109,0.109,0.122,0.154,0.206,0.272,0.413,0.548,0.667,0.772,0.866,0.949,1.023,1.303
433.0,437.0,0.166,0.153,0.157,0.154,0.148,0.142,0.137,0.134,0.132,0.131,0.13,0.131,0.144,0.177,0.228,0.291,0.428,0.557,0.672,0.773,0.863,0.943,1.014,1.283
433.0,438.0,0.185,0.172,0.177,0.175,0.169,0.164,0.159,0.156,0.154,0.153,0.153,0.154,0.168,0.2,0.249,0.31,0.442,0.567,0.677,0.775,0.861,0.937,1.006,1.264
433.0,439.0,0.207,0.195,0.199,0.197,0.192,0.187,0.183,0.18,0.178,0.177,0.178,0.178,0.192,0.223,0.271,0.33,0.457,0.576,0.683,0.776,0.859,0.933,0.999,1.246
433.0,440.0,0.231,0.219,0.223,0.221,0.217,0.212,0.208,0.205,0.203,0.202,0.203,0.203,0.217,0.247,0.293,0.349,0.471,0.586,0.688,0.778,0.857,0.928,0.992,1.23
433.0,441.0,0.256,0.245,0.249,0.247,0.242,0.238,0.234,0.231,0.229,0.228,0.229,0.229,0.242,0.27,0.314,0.368,0.485,0.596,0.694,0.78,0.856,0.924,0.985,1.214
433.0,442.0,0.283,0.272,0.276,0.274,0.269,0.265,0.261,0.258,0.256,0.255,0.255,0.256,0.267,0.294,0.336,0.387,0.499,0.605,0.699,0.782,0.855,0.921,0.979,1.199
433.0,443.0,0.312,0.301,0.304,0.302,0.297,0.292,0.288,0.285,0.283,0.282,0.282,0.282,0.292,0.317,0.357,0.406,0.513,0.615,0.705,0.785,0.855,0.918,0.974,1.185
433.0,444.0,0.342,0.331,0.334,0.331,0.326,0.321,0.317,0.314,0.311,0.31,0.309,0.309,0.318,0.341,0.378,0.425,0.527,0.625,0.711,0.787,0.855,0.915,0.969,1.171
433.0,445.0,0.373,0.362,0.364,0.361,0.356,0.35,0.346,0.342,0.34,0.338,0.337,0.337,0.343,0.364,0.399,0.443,0.541,0.634,0.717,0.79,0.855,0.912,0.964,1.159
434.0,435.0,0.06,0.035,0.054,0.064,0.067,0.067,0.066,0.065,0.066,0.067,0.07,0.075,0.121,0.189,0.273,0.369,0.572,0.764,0.933,1.081,1.209,1.322,1.42,1.799
434.0,436.0,0.051,0.028,0.049,0.061,0.066,0.068,0.068,0.069,0.071,0.074,0.079,0.084,0.136,0.207,0.292,0.387,0.585,0.771,0.935,1.078,1.202,1.31,1.405,1.771
434.0,437.0,0.047,0.027,0.049,0.062,0.069,0.072,0.075,0.077,0.08,0.085,0.09,0.097,0.154,0.226,0.311,0.405,0.598,0.779,0.938,1.076,1.196,1.3,1.392,1.744
434.0,438.0,0.048,0.031,0.054,0.068,0.076,0.081,0.084,0.088,0.092,0.098,0.105,0.112,0.173,0.246,0.331,0.423,0.612,0.787,0.941,1.074,1.19,1.291,1.379,1.719
434.0,439.0,0.054,0.039,0.062,0.077,0.086,0.092,0.097,0.102,0.107,0.114,0.121,0.13,0.193,0.267,0.351,0.442,0.626,0.796,0.945,1.074,1.185,1.283,1.368,1.696
434.0,440.0,0.064,0.05,0.074,0.09,0.1,0.107,0.112,0.118,0.124,0.132,0.14,0.149,0.214,0.289,0.372,0.461,0.64,0.805,0.949,1.073,1.181,1.275,1.358,1.673
434.0,441.0,0.077,0.065,0.089,0.105,0.116,0.124,0.13,0.137,0.144,0.151,0.16,0.17,0.236,0.311,0.393,0.48,0.654,0.814,0.953,1.074,1.178,1.269,1.348,1.653
434.0,442.0,0.093,0.083,0.107,0.123,0.134,0.143,0.15,0.157,0.164,0.173,0.182,0.192,0.259,0.334,0.414,0.499,0.669,0.823,0.958,1.074,1.175,1.263,1.339,1.633
434.0,443.0,0.112,0.103,0.127,0.144,0.155,0.164,0.171,0.179,0.187,0.195,0.205,0.215,0.283,0.357,0.436,0.518,0.683,0.833,0.963,1.076,1.173,1.257,1.331,1.614
434.0,444.0,0.133,0.125,0.149,0.166,0.178,0.187,0.195,0.202,0.21,0.219,0.229,0.239,0.307,0.38,0.457,0.538,0.697,0.843,0.969,1.077,1.171,1.252,1.323,1.597
434.0,445.0,0.157,0.149,0.173,0.19,0.202,0.211,0.219,0.227,0.235,0.244,0.254,0.264,0.332,0.403,0.479,0.557,0.712,0.852,0.974,1.079,1.169,1.248,1.316,1.58
434.0,446.0,0.182,0.175,0.198,0.215,0.227,0.236,0.244,0.252,0.261,0.27,0.279,0.289,0.356,0.427,0.5,0.576,0.726,0.862,0.979,1.081,1.168,1.244,1.31,1.565
435.0,436.0,0.019,0.009,0.029,0.035,0.034,0.034,0.035,0.039,0.046,0.055,0.066,0.077,0.147,0.229,0.334,0.456,0.712,0.947,1.151,1.33,1.489,1.631,1.758,2.216
435.0,437.0,0.006,-0.001,0.021,0.029,0.032,0.033,0.037,0.044,0.052,0.063,0.075,0.087,0.164,0.249,0.355,0.476,0.727,0.955,1.153,1.326,1.48,1.617,1.739,2.182
435.0,438.0,-0.0,-0.004,0.02,0.03,0.034,0.038,0.044,0.052,0.062,0.074,0.087,0.101,0.183,0.271,0.376,0.496,0.742,0.964,1.156,1.323,1.472,1.604,1.722,2.149
435.0,439.0,-0.0,-0.001,0.024,0.036,0.042,0.048,0.055,0.065,0.076,0.089,0.103,0.118,0.203,0.293,0.399,0.517,0.757,0.973,1.159,1.321,1.464,1.592,1.706,2.118
435.0,440.0,0.006,0.007,0.033,0.046,0.054,0.061,0.07,0.081,0.093,0.107,0.122,0.137,0.226,0.317,0.422,0.538,0.773,0.983,1.163,1.319,1.458,1.581,1.691,2.089
435.0,441.0,0.017,0.019,0.046,0.061,0.07,0.078,0.088,0.1,0.113,0.128,0.143,0.159,0.25,0.341,0.445,0.559,0.789,0.992,1.167,1.318,1.452,1.571,1.677,2.062
435.0,442.0,0.032,0.036,0.063,0.079,0.089,0.098,0.109,0.121,0.135,0.151,0.166,0.182,0.274,0.366,0.469,0.581,0.804,1.002,1.171,1.317,1.447,1.562,1.665,2.036
435.0,443.0,0.051,0.056,0.084,0.1,0.111,0.121,0.132,0.145,0.16,0.175,0.191,0.208,0.3,0.391,0.493,0.602,0.82,1.012,1.176,1.317,1.442,1.554,1.653,2.012
435.0,444.0,0.074,0.08,0.107,0.124,0.136,0.146,0.158,0.171,0.186,0.202,0.218,0.234,0.327,0.417,0.517,0.624,0.836,1.022,1.18,1.317,1.438,1.546,1.642,1.989
435.0,445.0,0.099,0.106,0.134,0.15,0.162,0.173,0.185,0.199,0.214,0.229,0.246,0.262,0.354,0.443,0.541,0.645,0.851,1.032,1.185,1.318,1.435,1.539,1.631,1.967
435.0,446.0,0.127,0.134,0.162,0.179,0.191,0.202,0.214,0.228,0.243,0.258,0.274,0.291,0.382,0.469,0.565,0.667,0.867,1.042,1.19,1.318,1.431,1.532,1.622,1.946
435.0,447.0,0.158,0.165,0.192,0.209,0.221,0.232,0.244,0.258,0.273,0.288,0.304,0.32,0.41,0.496,0.589,0.688,0.882,1.051,1.195,1.319,1.429,1.526,1.613,1.926
436.0,437.0,0.021,0.008,0.028,0.036,0.039,0.04,0.041,0.045,0.049,0.056,0.063,0.071,0.132,0.211,0.312,0.427,0.665,0.884,1.077,1.246,1.394,1.525,1.641,2.074
436.0,438.0,0.013,0.004,0.025,0.035,0.039,0.042,0.046,0.051,0.057,0.065,0.074,0.083,0.149,0.231,0.332,0.446,0.678,0.892,1.08,1.243,1.387,1.514,1.626,2.045
436.0,439.0,0.012,0.005,0.027,0.039,0.045,0.049,0.054,0.061,0.069,0.078,0.087,0.098,0.168,0.252,0.353,0.465,0.693,0.901,1.083,1.242,1.381,1.504,1.612,2.017
436.0,440.0,0.016,0.011,0.034,0.047,0.054,0.06,0.067,0.074,0.083,0.093,0.104,0.115,0.188,0.274,0.375,0.485,0.707,0.91,1.087,1.241,1.376,1.494,1.599,1.991
436.0,441.0,0.025,0.021,0.045,0.059,0.067,0.075,0.082,0.091,0.1,0.111,0.123,0.134,0.21,0.297,0.396,0.505,0.722,0.919,1.091,1.241,1.371,1.486,1.588,1.967
436.0,442.0,0.038,0.035,0.06,0.074,0.084,0.092,0.1,0.109,0.12,0.131,0.143,0.156,0.234,0.32,0.419,0.525,0.737,0.929,1.096,1.241,1.367,1.478,1.577,1.944
436.0,443.0,0.054,0.053,0.078,0.093,0.103,0.112,0.121,0.131,0.142,0.153,0.166,0.179,0.258,0.344,0.441,0.545,0.752,0.939,1.101,1.241,1.364,1.472,1.567,1.922
436.0,444.0,0.074,0.074,0.099,0.114,0.125,0.134,0.143,0.154,0.165,0.177,0.19,0.203,0.283,0.368,0.464,0.566,0.767,0.949,1.106,1.242,1.361,1.465,1.557,1.901
436.0,445.0,0.096,0.097,0.122,0.137,0.148,0.158,0.168,0.179,0.19,0.202,0.215,0.228,0.308,0.393,0.487,0.586,0.782,0.959,1.111,1.243,1.358,1.46,1.549,1.882
436.0,446.0,0.121,0.122,0.147,0.163,0.174,0.184,0.194,0.205,0.216,0.229,0.242,0.255,0.334,0.418,0.509,0.607,0.798,0.969,1.117,1.245,1.356,1.454,1.541,1.863
436.0,447.0,0.148,0.15,0.174,0.19,0.201,0.211,0.221,0.232,0.244,0.256,0.269,0.282,0.36,0.442,0.532,0.627,0.812,0.979,1.122,1.246,1.355,1.45,1.533,1.846
436.0,448.0,0.177,0.179,0.203,0.218,0.23,0.24,0.25,0.26,0.272,0.284,0.297,0.31,0.387,0.467,0.555,0.647,0.827,0.989,1.128,1.248,1.353,1.445,1.527,1.83
437.0,438.0,0.008,-0.016,0.004,0.011,0.012,0.012,0.012,0.015,0.018,0.024,0.031,0.038,0.093,0.169,0.271,0.388,0.629,0.851,1.046,1.218,1.371,1.505,1.622,2.048
437.0,439.0,-0.007,-0.029,-0.007,0.002,0.005,0.007,0.009,0.013,0.018,0.025,0.033,0.042,0.102,0.182,0.284,0.401,0.639,0.856,1.046,1.215,1.363,1.494,1.609,2.024
437.0,440.0,-0.015,-0.034,-0.011,-0.001,0.004,0.007,0.011,0.016,0.023,0.031,0.039,0.049,0.114,0.195,0.298,0.413,0.648,0.86,1.046,1.211,1.356,1.483,1.595,2.0
437.0,441.0,-0.017,-0.034,-0.01,0.001,0.007,0.011,0.016,0.022,0.03,0.039,0.048,0.059,0.126,0.209,0.311,0.425,0.656,0.863,1.046,1.206,1.347,1.472,1.581,1.976
437.0,442.0,-0.013,-0.029,-0.005,0.008,0.015,0.02,0.025,0.032,0.04,0.049,0.06,0.07,0.14,0.223,0.324,0.437,0.663,0.866,1.044,1.201,1.339,1.461,1.567,1.953
437.0,443.0,-0.006,-0.02,0.005,0.018,0.025,0.03,0.036,0.044,0.052,0.062,0.073,0.084,0.154,0.237,0.337,0.448,0.67,0.869,1.043,1.195,1.33,1.449,1.553,1.929
437.0,444.0,0.006,-0.008,0.017,0.03,0.038,0.044,0.05,0.058,0.067,0.077,0.087,0.098,0.169,0.251,0.35,0.459,0.676,0.871,1.04,1.19,1.322,1.437,1.539,1.907
437.0,445.0,0.02,0.007,0.032,0.045,0.053,0.059,0.066,0.073,0.082,0.092,0.103,0.114,0.184,0.266,0.363,0.47,0.682,0.872,1.038,1.184,1.313,1.426,1.525,1.884
437.0,446.0,0.036,0.024,0.048,0.061,0.069,0.076,0.082,0.09,0.099,0.109,0.119,0.13,0.2,0.28,0.375,0.48,0.688,0.873,1.036,1.178,1.304,1.414,1.511,1.862
437.0,447.0,0.055,0.043,0.067,0.08,0.087,0.094,0.1,0.108,0.117,0.126,0.137,0.148,0.216,0.294,0.387,0.49,0.693,0.874,1.033,1.172,1.295,1.403,1.497,1.84
437.0,448.0,0.074,0.063,0.086,0.099,0.106,0.112,0.119,0.126,0.135,0.144,0.155,0.165,0.231,0.308,0.399,0.499,0.698,0.875,1.03,1.166,1.286,1.391,1.484,1.819
437.0,449.0,0.095,0.084,0.106,0.119,0.126,0.132,0.138,0.145,0.154,0.163,0.173,0.183,0.248,0.322,0.411,0.509,0.703,0.876,1.027,1.16,1.277,1.38,1.47,1.797
438.0,439.0,0.045,0.04,0.061,0.073,0.08,0.086,0.093,0.101,0.111,0.121,0.132,0.143,0.211,0.29,0.383,0.486,0.693,0.877,1.036,1.175,1.296,1.403,1.498,1.843
438.0,440.0,0.064,0.059,0.08,0.092,0.099,0.105,0.112,0.12,0.129,0.14,0.15,0.161,0.229,0.305,0.397,0.498,0.699,0.879,1.034,1.169,1.287,1.392,1.484,1.82
438.0,441.0,0.085,0.08,0.101,0.112,0.119,0.125,0.132,0.14,0.149,0.159,0.17,0.18,0.246,0.321,0.41,0.509,0.705,0.881,1.032,1.163,1.279,1.381,1.471,1.798
438.0,442.0,0.107,0.102,0.122,0.133,0.14,0.146,0.152,0.16,0.169,0.179,0.189,0.2,0.263,0.336,0.423,0.519,0.711,0.882,1.03,1.158,1.27,1.37,1.457,1.777
438.0,443.0,0.13,0.125,0.145,0.155,0.162,0.167,0.174,0.181,0.19,0.199,0.209,0.219,0.281,0.352,0.436,0.53,0.716,0.883,1.027,1.152,1.262,1.359,1.444,1.756
438.0,444.0,0.154,0.149,0.168,0.178,0.184,0.189,0.195,0.202,0.211,0.22,0.229,0.239,0.298,0.367,0.449,0.54,0.722,0.884,1.024,1.146,1.253,1.348,1.431,1.735
438.0,445.0,0.179,0.173,0.192,0.201,0.207,0.211,0.217,0.224,0.232,0.24,0.249,0.258,0.315,0.382,0.462,0.55,0.727,0.885,1.022,1.141,1.245,1.337,1.418,1.715
438.0,446.0,0.204,0.198,0.215,0.224,0.229,0.234,0.239,0.245,0.253,0.261,0.269,0.278,0.333,0.396,0.474,0.56,0.732,0.886,1.019,1.135,1.237,1.326,1.406,1.695
438.0,447.0,0.229,0.223,0.239,0.248,0.252,0.256,0.261,0.267,0.274,0.281,0.289,0.298,0.35,0.411,0.486,0.569,0.736,0.887,1.016,1.129,1.228,1.316,1.393,1.675
438.0,448.0,0.254,0.248,0.263,0.271,0.275,0.279,0.283,0.288,0.295,0.302,0.309,0.317,0.366,0.425,0.497,0.578,0.741,0.887,1.014,1.124,1.22,1.306,1.381,1.656
438.0,449.0,0.279,0.272,0.287,0.294,0.298,0.301,0.305,0.309,0.315,0.322,0.329,0.336,0.383,0.439,0.509,0.587,0.745,0.888,1.011,1.118,1.212,1.296,1.369,1.637
438.0,450.0,0.304,0.297,0.311,0.317,0.321,0.323,0.326,0.331,0.336,0.342,0.348,0.355,0.399,0.453,0.52,0.596,0.75,0.888,1.008,1.113,1.205,1.286,1.357,1.619
439.0,440.0,0.071,0.061,0.076,0.083,0.086,0.087,0.089,0.092,0.096,0.102,0.107,0.114,0.16,0.22,0.294,0.377,0.549,0.708,0.847,0.969,1.075,1.169,1.252,1.564
439.0,441.0,0.091,0.083,0.098,0.105,0.108,0.11,0.112,0.115,0.12,0.125,0.132,0.138,0.185,0.244,0.316,0.397,0.564,0.718,0.852,0.97,1.073,1.163,1.244,1.544
439.0,442.0,0.114,0.106,0.121,0.129,0.132,0.134,0.137,0.14,0.145,0.15,0.157,0.163,0.21,0.268,0.338,0.417,0.578,0.727,0.858,0.971,1.071,1.158,1.235,1.526
439.0,443.0,0.139,0.132,0.147,0.154,0.158,0.16,0.163,0.166,0.171,0.177,0.183,0.19,0.235,0.292,0.36,0.437,0.593,0.737,0.863,0.973,1.069,1.153,1.228,1.508
439.0,444.0,0.166,0.159,0.174,0.181,0.185,0.187,0.19,0.193,0.198,0.204,0.21,0.216,0.261,0.316,0.382,0.456,0.608,0.747,0.869,0.975,1.067,1.149,1.221,1.492
439.0,445.0,0.195,0.188,0.202,0.209,0.213,0.215,0.218,0.221,0.226,0.231,0.237,0.244,0.287,0.34,0.404,0.476,0.622,0.756,0.874,0.976,1.066,1.145,1.215,1.476
439.0,446.0,0.225,0.218,0.232,0.239,0.242,0.244,0.247,0.25,0.254,0.26,0.265,0.271,0.313,0.364,0.426,0.495,0.636,0.766,0.88,0.979,1.065,1.141,1.209,1.461
439.0,447.0,0.256,0.25,0.262,0.269,0.272,0.274,0.276,0.279,0.283,0.288,0.294,0.299,0.339,0.388,0.448,0.514,0.65,0.776,0.885,0.981,1.064,1.138,1.203,1.447
439.0,448.0,0.288,0.282,0.294,0.3,0.302,0.304,0.306,0.309,0.313,0.317,0.322,0.328,0.365,0.412,0.469,0.533,0.664,0.785,0.891,0.983,1.064,1.135,1.198,1.434
439.0,449.0,0.321,0.314,0.326,0.331,0.333,0.335,0.336,0.339,0.342,0.346,0.351,0.356,0.391,0.435,0.49,0.552,0.678,0.794,0.897,0.986,1.064,1.132,1.193,1.421
439.0,450.0,0.354,0.347,0.358,0.363,0.365,0.366,0.367,0.369,0.372,0.376,0.38,0.384,0.417,0.459,0.511,0.57,0.691,0.804,0.902,0.988,1.063,1.13,1.188,1.409
439.0,451.0,0.388,0.381,0.391,0.395,0.396,0.397,0.398,0.399,0.402,0.405,0.408,0.413,0.442,0.482,0.531,0.588,0.705,0.813,0.908,0.991,1.063,1.128,1.184,1.397
440.0,441.0,0.067,0.052,0.074,0.09,0.101,0.108,0.113,0.117,0.12,0.124,0.128,0.133,0.187,0.266,0.354,0.442,0.612,0.769,0.911,1.036,1.145,1.24,1.322,1.633
440.0,442.0,0.098,0.083,0.104,0.119,0.13,0.137,0.141,0.144,0.147,0.15,0.154,0.159,0.21,0.287,0.371,0.456,0.621,0.773,0.911,1.032,1.138,1.23,1.31,1.612
440.0,443.0,0.13,0.115,0.135,0.149,0.159,0.165,0.169,0.172,0.175,0.177,0.181,0.185,0.233,0.307,0.388,0.47,0.629,0.777,0.91,1.028,1.131,1.22,1.298,1.591
440.0,444.0,0.162,0.147,0.166,0.18,0.189,0.194,0.198,0.2,0.202,0.204,0.207,0.211,0.256,0.326,0.404,0.484,0.638,0.781,0.91,1.024,1.124,1.211,1.286,1.571
440.0,445.0,0.195,0.18,0.197,0.21,0.218,0.223,0.226,0.228,0.23,0.231,0.234,0.237,0.279,0.346,0.421,0.497,0.646,0.785,0.91,1.02,1.117,1.201,1.275,1.551
440.0,446.0,0.227,0.212,0.229,0.241,0.248,0.252,0.255,0.256,0.257,0.258,0.26,0.263,0.302,0.365,0.437,0.51,0.654,0.788,0.909,1.016,1.11,1.192,1.263,1.532
440.0,447.0,0.26,0.245,0.26,0.271,0.278,0.282,0.283,0.284,0.284,0.285,0.286,0.288,0.324,0.384,0.453,0.524,0.662,0.792,0.909,1.013,1.104,1.183,1.252,1.513
440.0,448.0,0.292,0.277,0.292,0.302,0.308,0.31,0.312,0.312,0.311,0.311,0.312,0.314,0.346,0.403,0.469,0.537,0.67,0.795,0.908,1.009,1.097,1.174,1.241,1.495
440.0,449.0,0.325,0.309,0.323,0.332,0.337,0.339,0.34,0.339,0.338,0.338,0.338,0.339,0.368,0.421,0.484,0.549,0.678,0.798,0.908,1.005,1.091,1.166,1.231,1.476
440.0,450.0,0.357,0.341,0.354,0.362,0.366,0.368,0.367,0.366,0.365,0.364,0.363,0.364,0.389,0.44,0.499,0.562,0.685,0.802,0.908,1.002,1.084,1.157,1.22,1.459
440.0,451.0,0.389,0.373,0.385,0.392,0.395,0.396,0.395,0.393,0.391,0.39,0.389,0.389,0.41,0.458,0.514,0.574,0.693,0.805,0.907,0.998,1.078,1.149,1.21,1.441
440.0,452.0,0.421,0.405,0.415,0.421,0.424,0.424,0.422,0.42,0.417,0.415,0.413,0.413,0.431,0.475,0.529,0.586,0.7,0.808,0.907,0.995,1.072,1.14,1.2,1.424
441.0,442.0,0.036,0.034,0.06,0.075,0.085,0.094,0.104,0.115,0.127,0.14,0.154,0.167,0.248,0.333,0.429,0.532,0.736,0.917,1.071,1.204,1.32,1.423,1.514,1.848
441.0,443.0,0.067,0.065,0.089,0.103,0.113,0.121,0.13,0.141,0.152,0.165,0.177,0.19,0.268,0.349,0.443,0.543,0.741,0.917,1.067,1.197,1.31,1.41,1.499,1.825
441.0,444.0,0.097,0.095,0.118,0.131,0.14,0.148,0.157,0.166,0.177,0.189,0.201,0.213,0.287,0.366,0.456,0.553,0.746,0.917,1.063,1.19,1.3,1.398,1.484,1.802
441.0,445.0,0.128,0.124,0.146,0.159,0.167,0.174,0.182,0.191,0.202,0.213,0.224,0.236,0.306,0.382,0.469,0.563,0.751,0.917,1.06,1.183,1.291,1.386,1.47,1.78
441.0,446.0,0.157,0.154,0.175,0.186,0.194,0.2,0.208,0.216,0.226,0.236,0.247,0.258,0.324,0.397,0.481,0.573,0.755,0.917,1.056,1.176,1.281,1.374,1.456,1.758
441.0,447.0,0.187,0.183,0.202,0.213,0.22,0.226,0.233,0.241,0.249,0.259,0.269,0.28,0.343,0.412,0.494,0.582,0.759,0.917,1.052,1.169,1.272,1.362,1.442,1.737
441.0,448.0,0.216,0.211,0.23,0.24,0.246,0.251,0.257,0.264,0.273,0.282,0.291,0.301,0.361,0.427,0.506,0.592,0.764,0.917,1.049,1.163,1.262,1.351,1.429,1.716
441.0,449.0,0.245,0.239,0.257,0.266,0.272,0.276,0.282,0.288,0.296,0.304,0.313,0.322,0.378,0.442,0.518,0.601,0.768,0.917,1.045,1.156,1.253,1.339,1.415,1.695
441.0,450.0,0.273,0.267,0.284,0.292,0.297,0.301,0.305,0.311,0.318,0.326,0.334,0.342,0.396,0.456,0.529,0.61,0.772,0.917,1.042,1.15,1.245,1.328,1.403,1.675
441.0,451.0,0.3,0.294,0.31,0.317,0.321,0.325,0.329,0.334,0.34,0.347,0.355,0.363,0.412,0.47,0.54,0.618,0.776,0.917,1.038,1.144,1.236,1.318,1.39,1.656
441.0,452.0,0.328,0.321,0.335,0.342,0.346,0.348,0.352,0.356,0.362,0.368,0.375,0.383,0.429,0.484,0.552,0.627,0.779,0.917,1.035,1.137,1.227,1.307,1.377,1.637
441.0,453.0,0.354,0.347,0.361,0.367,0.369,0.372,0.374,0.378,0.383,0.389,0.395,0.402,0.445,0.498,0.562,0.635,0.783,0.916,1.032,1.131,1.219,1.297,1.365,1.618
442.0,443.0,0.044,0.06,0.099,0.13,0.156,0.18,0.204,0.228,0.252,0.276,0.299,0.322,0.448,0.559,0.665,0.765,0.945,1.095,1.222,1.331,1.426,1.508,1.579,1.838
442.0,444.0,0.128,0.139,0.174,0.201,0.224,0.245,0.265,0.286,0.307,0.327,0.348,0.368,0.48,0.581,0.679,0.774,0.946,1.091,1.214,1.32,1.412,1.492,1.561,1.815
442.0,445.0,0.202,0.211,0.242,0.265,0.285,0.303,0.32,0.338,0.356,0.374,0.392,0.41,0.509,0.602,0.693,0.782,0.947,1.086,1.206,1.309,1.399,1.477,1.544,1.792
442.0,446.0,0.27,0.275,0.303,0.324,0.34,0.356,0.37,0.386,0.401,0.417,0.433,0.448,0.536,0.621,0.706,0.791,0.948,1.083,1.199,1.299,1.386,1.462,1.528,1.77
442.0,447.0,0.331,0.334,0.359,0.377,0.391,0.404,0.416,0.429,0.442,0.456,0.47,0.483,0.562,0.639,0.719,0.799,0.949,1.08,1.192,1.29,1.375,1.449,1.513,1.749
442.0,448.0,0.386,0.387,0.41,0.425,0.437,0.448,0.458,0.469,0.48,0.492,0.504,0.516,0.586,0.656,0.731,0.807,0.951,1.077,1.186,1.281,1.364,1.436,1.498,1.728
442.0,449.0,0.437,0.436,0.456,0.469,0.479,0.488,0.497,0.506,0.516,0.526,0.536,0.546,0.608,0.672,0.742,0.815,0.953,1.075,1.181,1.272,1.353,1.423,1.484,1.709
442.0,450.0,0.484,0.481,0.499,0.51,0.519,0.525,0.533,0.54,0.548,0.557,0.566,0.575,0.629,0.688,0.754,0.822,0.955,1.073,1.175,1.265,1.343,1.411,1.471,1.689
442.0,451.0,0.527,0.523,0.539,0.548,0.555,0.56,0.566,0.572,0.579,0.586,0.593,0.601,0.649,0.703,0.764,0.83,0.958,1.071,1.171,1.257,1.333,1.4,1.458,1.671
442.0,452.0,0.567,0.562,0.576,0.584,0.589,0.593,0.597,0.602,0.607,0.613,0.619,0.626,0.668,0.717,0.775,0.837,0.96,1.07,1.166,1.25,1.324,1.389,1.445,1.653
442.0,453.0,0.604,0.598,0.61,0.617,0.62,0.623,0.626,0.63,0.634,0.639,0.644,0.649,0.686,0.731,0.785,0.844,0.962,1.069,1.162,1.243,1.315,1.378,1.433,1.635
442.0,454.0,0.639,0.632,0.643,0.648,0.65,0.652,0.654,0.656,0.659,0.663,0.667,0.672,0.703,0.744,0.795,0.851,0.965,1.067,1.158,1.237,1.307,1.368,1.421,1.618
443.0,444.0,0.072,0.093,0.132,0.165,0.195,0.224,0.252,0.28,0.308,0.335,0.362,0.387,0.518,0.626,0.723,0.812,0.963,1.085,1.186,1.27,1.343,1.406,1.461,1.666
443.0,445.0,0.175,0.19,0.224,0.252,0.277,0.301,0.325,0.348,0.372,0.395,0.417,0.439,0.551,0.646,0.735,0.818,0.962,1.079,1.176,1.259,1.33,1.392,1.445,1.647
443.0,446.0,0.264,0.275,0.305,0.328,0.349,0.369,0.388,0.408,0.428,0.447,0.466,0.485,0.581,0.665,0.746,0.824,0.961,1.074,1.168,1.249,1.318,1.378,1.431,1.628
443.0,447.0,0.342,0.349,0.375,0.395,0.412,0.428,0.445,0.461,0.478,0.494,0.51,0.525,0.608,0.682,0.757,0.83,0.96,1.069,1.161,1.239,1.307,1.366,1.417,1.61
443.0,448.0,0.411,0.415,0.437,0.454,0.468,0.481,0.494,0.508,0.522,0.535,0.549,0.562,0.632,0.698,0.767,0.836,0.96,1.066,1.154,1.23,1.296,1.354,1.404,1.593
443.0,449.0,0.472,0.473,0.492,0.506,0.517,0.528,0.539,0.55,0.561,0.572,0.584,0.595,0.654,0.713,0.777,0.841,0.961,1.062,1.148,1.222,1.286,1.343,1.392,1.576
443.0,450.0,0.526,0.525,0.541,0.552,0.561,0.57,0.578,0.587,0.596,0.606,0.615,0.624,0.675,0.727,0.786,0.847,0.961,1.059,1.143,1.215,1.277,1.332,1.38,1.56
443.0,451.0,0.574,0.571,0.585,0.594,0.601,0.607,0.614,0.621,0.628,0.636,0.644,0.651,0.694,0.74,0.795,0.853,0.962,1.057,1.138,1.208,1.268,1.322,1.369,1.545
443.0,452.0,0.617,0.612,0.624,0.631,0.637,0.641,0.646,0.651,0.657,0.663,0.67,0.676,0.711,0.753,0.803,0.858,0.963,1.055,1.133,1.201,1.26,1.312,1.358,1.529
443.0,453.0,0.656,0.65,0.66,0.665,0.669,0.672,0.675,0.679,0.684,0.689,0.693,0.698,0.727,0.764,0.812,0.864,0.965,1.053,1.129,1.195,1.252,1.303,1.348,1.515
443.0,454.0,0.691,0.684,0.692,0.696,0.699,0.7,0.702,0.705,0.708,0.712,0.715,0.719,0.743,0.776,0.82,0.869,0.966,1.051,1.125,1.189,1.245,1.294,1.338,1.5
443.0,455.0,0.724,0.715,0.722,0.725,0.726,0.726,0.727,0.729,0.731,0.733,0.736,0.739,0.757,0.786,0.827,0.874,0.967,1.05,1.121,1.183,1.238,1.286,1.328,1.486
444.0,445.0,0.118,0.144,0.185,0.224,0.263,0.301,0.338,0.375,0.411,0.446,0.479,0.51,0.664,0.782,0.882,0.969,1.114,1.226,1.314,1.385,1.444,1.494,1.537,1.689
444.0,446.0,0.232,0.254,0.291,0.325,0.358,0.391,0.424,0.456,0.487,0.517,0.546,0.573,0.709,0.815,0.907,0.988,1.124,1.23,1.315,1.384,1.441,1.491,1.533,1.684
444.0,447.0,0.336,0.354,0.386,0.416,0.445,0.474,0.502,0.53,0.557,0.583,0.607,0.631,0.75,0.846,0.93,1.005,1.132,1.233,1.315,1.382,1.439,1.488,1.53,1.679
444.0,448.0,0.43,0.445,0.473,0.5,0.525,0.549,0.573,0.597,0.62,0.642,0.663,0.684,0.788,0.874,0.951,1.021,1.141,1.237,1.315,1.38,1.436,1.484,1.526,1.673
444.0,449.0,0.516,0.528,0.553,0.575,0.597,0.618,0.638,0.658,0.678,0.697,0.715,0.732,0.822,0.9,0.971,1.036,1.148,1.24,1.315,1.379,1.433,1.48,1.521,1.667
444.0,450.0,0.594,0.603,0.625,0.645,0.663,0.681,0.698,0.714,0.731,0.746,0.762,0.776,0.854,0.924,0.989,1.049,1.155,1.242,1.315,1.377,1.43,1.476,1.517,1.661
444.0,451.0,0.666,0.672,0.691,0.708,0.723,0.738,0.752,0.766,0.779,0.792,0.805,0.817,0.884,0.946,1.006,1.062,1.161,1.245,1.315,1.375,1.427,1.473,1.512,1.654
444.0,452.0,0.731,0.735,0.752,0.766,0.778,0.79,0.802,0.813,0.824,0.834,0.844,0.854,0.911,0.966,1.021,1.074,1.167,1.247,1.314,1.373,1.424,1.468,1.508,1.648
444.0,453.0,0.791,0.793,0.807,0.819,0.829,0.839,0.848,0.856,0.865,0.873,0.881,0.889,0.936,0.985,1.036,1.084,1.173,1.249,1.314,1.371,1.42,1.464,1.503,1.641
444.0,454.0,0.846,0.846,0.858,0.868,0.876,0.883,0.89,0.896,0.902,0.908,0.915,0.921,0.959,1.003,1.049,1.094,1.178,1.25,1.313,1.368,1.417,1.46,1.498,1.633
444.0,455.0,0.897,0.895,0.905,0.913,0.919,0.924,0.928,0.933,0.937,0.941,0.946,0.95,0.981,1.019,1.062,1.104,1.182,1.252,1.312,1.366,1.414,1.456,1.493,1.626
444.0,456.0,0.944,0.94,0.949,0.954,0.958,0.961,0.964,0.967,0.969,0.972,0.974,0.977,1.001,1.035,1.073,1.113,1.187,1.253,1.312,1.364,1.41,1.452,1.488,1.619
445.0,446.0,0.305,0.361,0.423,0.481,0.536,0.589,0.64,0.69,0.737,0.783,0.826,0.867,1.071,1.217,1.326,1.409,1.526,1.602,1.656,1.699,1.735,1.766,1.793,1.891
445.0,447.0,0.497,0.542,0.594,0.641,0.686,0.73,0.772,0.812,0.851,0.889,0.925,0.959,1.128,1.25,1.344,1.417,1.523,1.594,1.647,1.688,1.724,1.754,1.781,1.879
445.0,448.0,0.663,0.698,0.741,0.779,0.816,0.851,0.885,0.918,0.95,0.98,1.01,1.038,1.177,1.279,1.359,1.424,1.52,1.587,1.638,1.678,1.713,1.744,1.771,1.868
445.0,449.0,0.806,0.833,0.868,0.899,0.928,0.956,0.983,1.009,1.035,1.059,1.083,1.105,1.218,1.304,1.372,1.429,1.517,1.58,1.629,1.669,1.704,1.734,1.761,1.857
445.0,450.0,0.929,0.949,0.977,1.001,1.024,1.046,1.067,1.088,1.108,1.127,1.146,1.164,1.254,1.324,1.383,1.433,1.514,1.574,1.621,1.661,1.695,1.725,1.751,1.847
445.0,451.0,1.035,1.05,1.071,1.09,1.107,1.124,1.14,1.156,1.171,1.186,1.2,1.214,1.285,1.342,1.392,1.437,1.511,1.568,1.614,1.652,1.686,1.716,1.742,1.837
445.0,452.0,1.127,1.136,1.153,1.167,1.179,1.191,1.202,1.214,1.225,1.236,1.247,1.258,1.312,1.358,1.4,1.439,1.508,1.562,1.607,1.644,1.678,1.707,1.733,1.827
445.0,453.0,1.207,1.211,1.223,1.233,1.241,1.249,1.257,1.264,1.272,1.28,1.288,1.295,1.335,1.37,1.406,1.441,1.504,1.556,1.6,1.637,1.67,1.699,1.725,1.817
445.0,454.0,1.275,1.276,1.284,1.29,1.295,1.299,1.303,1.308,1.313,1.318,1.322,1.327,1.354,1.381,1.411,1.442,1.501,1.551,1.593,1.63,1.662,1.691,1.716,1.808
445.0,455.0,1.335,1.332,1.337,1.339,1.341,1.342,1.344,1.346,1.348,1.35,1.352,1.355,1.371,1.391,1.416,1.443,1.498,1.546,1.587,1.623,1.655,1.683,1.708,1.799
445.0,456.0,1.386,1.381,1.383,1.382,1.381,1.38,1.379,1.378,1.378,1.378,1.378,1.379,1.385,1.398,1.419,1.444,1.495,1.541,1.581,1.616,1.648,1.676,1.701,1.79
445.0,457.0,1.431,1.422,1.422,1.419,1.416,1.412,1.409,1.406,1.404,1.402,1.401,1.399,1.397,1.405,1.422,1.444,1.491,1.536,1.575,1.61,1.641,1.669,1.693,1.782
446.0,447.0,0.471,0.539,0.605,0.669,0.73,0.79,0.847,0.902,0.955,1.005,1.053,1.098,1.324,1.479,1.583,1.653,1.731,1.771,1.793,1.805,1.812,1.815,1.816,1.819
446.0,448.0,0.687,0.742,0.796,0.847,0.898,0.946,0.993,1.037,1.08,1.121,1.16,1.197,1.381,1.508,1.594,1.651,1.718,1.753,1.773,1.785,1.792,1.797,1.799,1.806
446.0,449.0,0.871,0.914,0.958,1.0,1.04,1.079,1.116,1.152,1.186,1.219,1.251,1.28,1.429,1.532,1.602,1.65,1.707,1.737,1.756,1.767,1.775,1.78,1.784,1.795
446.0,450.0,1.027,1.061,1.095,1.129,1.161,1.191,1.221,1.249,1.276,1.303,1.327,1.351,1.469,1.552,1.609,1.648,1.696,1.723,1.74,1.752,1.76,1.766,1.77,1.784
446.0,451.0,1.159,1.185,1.212,1.238,1.263,1.287,1.31,1.332,1.353,1.373,1.392,1.411,1.503,1.568,1.614,1.646,1.686,1.71,1.726,1.738,1.746,1.752,1.757,1.774
446.0,452.0,1.272,1.291,1.312,1.331,1.35,1.368,1.385,1.401,1.417,1.433,1.447,1.461,1.531,1.581,1.617,1.643,1.677,1.699,1.714,1.725,1.733,1.74,1.746,1.765
446.0,453.0,1.367,1.381,1.396,1.41,1.423,1.436,1.448,1.46,1.472,1.483,1.494,1.504,1.555,1.592,1.62,1.64,1.669,1.688,1.702,1.713,1.722,1.729,1.735,1.756
446.0,454.0,1.448,1.457,1.467,1.477,1.485,1.494,1.502,1.51,1.518,1.525,1.532,1.539,1.574,1.601,1.621,1.637,1.661,1.678,1.692,1.703,1.711,1.719,1.725,1.748
446.0,455.0,1.517,1.521,1.527,1.533,1.538,1.543,1.548,1.552,1.557,1.561,1.565,1.569,1.591,1.608,1.622,1.634,1.654,1.67,1.682,1.693,1.702,1.709,1.716,1.74
446.0,456.0,1.575,1.575,1.578,1.581,1.582,1.584,1.586,1.588,1.589,1.591,1.593,1.594,1.604,1.613,1.622,1.631,1.647,1.661,1.673,1.684,1.693,1.701,1.707,1.732
446.0,457.0,1.624,1.621,1.622,1.621,1.62,1.619,1.618,1.617,1.616,1.616,1.615,1.615,1.615,1.617,1.621,1.627,1.641,1.653,1.665,1.675,1.684,1.692,1.699,1.725
446.0,458.0,1.665,1.66,1.658,1.655,1.651,1.648,1.645,1.642,1.639,1.637,1.635,1.632,1.623,1.62,1.62,1.624,1.635,1.646,1.657,1.667,1.676,1.684,1.692,1.718
447.0,448.0,0.672,0.8,0.911,1.024,1.135,1.243,1.347,1.446,1.54,1.63,1.714,1.794,2.172,2.4,2.524,2.585,2.612,2.586,2.541,2.49,2.44,2.392,2.348,2.187
447.0,449.0,1.012,1.121,1.216,1.312,1.406,1.498,1.587,1.671,1.751,1.827,1.899,1.967,2.287,2.479,2.58,2.626,2.639,2.608,2.562,2.512,2.463,2.417,2.376,2.221
447.0,450.0,1.311,1.405,1.484,1.565,1.645,1.722,1.797,1.868,1.936,2.0,2.06,2.117,2.386,2.545,2.626,2.66,2.661,2.626,2.58,2.531,2.484,2.439,2.4,2.252
447.0,451.0,1.575,1.654,1.719,1.787,1.854,1.919,1.981,2.04,2.097,2.15,2.201,2.248,2.471,2.6,2.664,2.688,2.679,2.64,2.594,2.546,2.501,2.459,2.421,2.281
447.0,452.0,1.806,1.872,1.926,1.981,2.036,2.09,2.141,2.19,2.236,2.28,2.322,2.36,2.542,2.646,2.694,2.709,2.691,2.651,2.605,2.559,2.515,2.475,2.439,2.307
447.0,453.0,2.009,2.063,2.106,2.151,2.195,2.239,2.28,2.32,2.357,2.392,2.426,2.457,2.602,2.683,2.718,2.725,2.7,2.658,2.612,2.568,2.527,2.489,2.455,2.33
447.0,454.0,2.185,2.229,2.263,2.298,2.333,2.367,2.4,2.431,2.461,2.489,2.515,2.539,2.652,2.713,2.735,2.736,2.705,2.662,2.618,2.576,2.536,2.501,2.469,2.352
447.0,455.0,2.338,2.373,2.398,2.425,2.452,2.478,2.503,2.527,2.549,2.57,2.59,2.609,2.693,2.736,2.748,2.742,2.708,2.664,2.621,2.581,2.544,2.51,2.481,2.371
447.0,456.0,2.471,2.497,2.515,2.534,2.554,2.573,2.591,2.608,2.624,2.639,2.653,2.667,2.726,2.753,2.756,2.746,2.707,2.664,2.622,2.584,2.55,2.518,2.491,2.389
447.0,457.0,2.584,2.604,2.614,2.627,2.64,2.653,2.665,2.677,2.687,2.697,2.706,2.714,2.751,2.764,2.76,2.745,2.704,2.662,2.622,2.586,2.554,2.525,2.499,2.404
447.0,458.0,2.681,2.694,2.699,2.706,2.713,2.721,2.727,2.733,2.739,2.744,2.749,2.753,2.77,2.771,2.761,2.743,2.7,2.658,2.62,2.586,2.556,2.529,2.506,2.419
447.0,459.0,2.764,2.77,2.77,2.772,2.774,2.777,2.779,2.78,2.782,2.783,2.783,2.784,2.784,2.774,2.758,2.737,2.693,2.652,2.616,2.585,2.557,2.533,2.511,2.431
448.0,449.0,0.943,1.07,1.188,1.306,1.422,1.536,1.646,1.752,1.854,1.951,2.044,2.132,2.552,2.813,2.963,3.045,3.107,3.108,3.085,3.054,3.02,2.988,2.959,2.851
448.0,450.0,1.239,1.353,1.458,1.563,1.667,1.768,1.867,1.961,2.052,2.139,2.221,2.3,2.675,2.906,3.038,3.11,3.162,3.16,3.137,3.106,3.075,3.044,3.017,2.915
448.0,451.0,1.507,1.609,1.701,1.795,1.887,1.977,2.065,2.149,2.23,2.307,2.38,2.449,2.783,2.988,3.104,3.166,3.21,3.205,3.182,3.153,3.123,3.095,3.069,2.973
448.0,452.0,1.748,1.839,1.92,2.003,2.085,2.165,2.242,2.317,2.388,2.456,2.521,2.582,2.877,3.058,3.159,3.213,3.25,3.244,3.222,3.194,3.166,3.14,3.116,3.027
448.0,453.0,1.965,2.045,2.117,2.19,2.262,2.332,2.4,2.466,2.529,2.589,2.646,2.7,2.959,3.118,3.206,3.253,3.283,3.276,3.255,3.23,3.204,3.18,3.158,3.077
448.0,454.0,2.16,2.23,2.293,2.357,2.42,2.481,2.541,2.598,2.653,2.706,2.756,2.803,3.03,3.168,3.245,3.286,3.311,3.303,3.284,3.261,3.238,3.216,3.196,3.122
448.0,455.0,2.334,2.395,2.449,2.505,2.559,2.613,2.665,2.715,2.763,2.808,2.852,2.893,3.09,3.21,3.277,3.312,3.332,3.325,3.308,3.287,3.267,3.247,3.229,3.164
448.0,456.0,2.488,2.541,2.588,2.636,2.683,2.729,2.774,2.817,2.858,2.898,2.935,2.971,3.141,3.245,3.302,3.332,3.349,3.343,3.328,3.31,3.292,3.275,3.259,3.202
448.0,457.0,2.625,2.67,2.71,2.751,2.791,2.831,2.869,2.906,2.941,2.975,3.007,3.038,3.183,3.272,3.321,3.347,3.362,3.356,3.344,3.328,3.313,3.298,3.285,3.237
448.0,458.0,2.745,2.783,2.817,2.852,2.886,2.919,2.952,2.983,3.013,3.041,3.069,3.094,3.217,3.293,3.335,3.356,3.37,3.366,3.356,3.343,3.331,3.319,3.308,3.268
448.0,459.0,2.85,2.882,2.91,2.939,2.968,2.996,3.023,3.049,3.074,3.098,3.12,3.142,3.244,3.308,3.343,3.362,3.375,3.372,3.365,3.355,3.345,3.336,3.328,3.297
448.0,460.0,2.942,2.967,2.991,3.015,3.038,3.061,3.083,3.104,3.125,3.144,3.163,3.181,3.265,3.317,3.347,3.364,3.376,3.376,3.371,3.364,3.357,3.351,3.345,3.322
449.0,450.0,1.205,1.3,1.394,1.488,1.579,1.665,1.747,1.823,1.895,1.962,2.025,2.084,2.377,2.583,2.72,2.806,2.885,2.901,2.895,2.881,2.866,2.851,2.838,2.794
449.0,451.0,1.457,1.538,1.618,1.698,1.775,1.848,1.917,1.982,2.043,2.1,2.154,2.204,2.453,2.627,2.744,2.817,2.884,2.898,2.892,2.881,2.868,2.856,2.845,2.807
449.0,452.0,1.673,1.742,1.809,1.876,1.942,2.004,2.062,2.117,2.169,2.217,2.262,2.305,2.515,2.663,2.761,2.824,2.881,2.893,2.889,2.879,2.868,2.858,2.849,2.818
449.0,453.0,1.857,1.915,1.971,2.028,2.083,2.135,2.185,2.231,2.274,2.315,2.353,2.389,2.566,2.691,2.774,2.827,2.876,2.887,2.883,2.876,2.867,2.859,2.852,2.827
449.0,454.0,2.013,2.061,2.109,2.157,2.203,2.246,2.288,2.326,2.363,2.397,2.429,2.459,2.608,2.712,2.783,2.827,2.869,2.879,2.877,2.872,2.865,2.859,2.853,2.834
449.0,455.0,2.145,2.185,2.225,2.265,2.303,2.339,2.374,2.406,2.436,2.465,2.491,2.516,2.641,2.728,2.787,2.825,2.861,2.871,2.87,2.866,2.862,2.858,2.853,2.84
449.0,456.0,2.257,2.29,2.323,2.355,2.387,2.417,2.445,2.472,2.497,2.52,2.542,2.563,2.666,2.739,2.788,2.82,2.852,2.861,2.862,2.86,2.858,2.855,2.853,2.844
449.0,457.0,2.35,2.377,2.404,2.43,2.456,2.481,2.504,2.526,2.546,2.566,2.584,2.601,2.685,2.745,2.787,2.814,2.842,2.851,2.854,2.854,2.853,2.852,2.851,2.847
449.0,458.0,2.427,2.449,2.471,2.493,2.513,2.533,2.552,2.57,2.586,2.602,2.617,2.63,2.699,2.748,2.783,2.806,2.831,2.841,2.845,2.846,2.847,2.848,2.848,2.849
449.0,459.0,2.491,2.509,2.526,2.543,2.56,2.575,2.59,2.605,2.618,2.63,2.642,2.653,2.708,2.748,2.777,2.797,2.819,2.83,2.835,2.838,2.841,2.843,2.845,2.851
449.0,460.0,2.544,2.557,2.571,2.584,2.597,2.609,2.621,2.632,2.642,2.652,2.661,2.67,2.713,2.745,2.769,2.786,2.807,2.818,2.825,2.83,2.834,2.838,2.841,2.851
449.0,461.0,2.586,2.596,2.606,2.616,2.626,2.635,2.644,2.652,2.66,2.668,2.675,2.681,2.715,2.74,2.76,2.775,2.795,2.807,2.815,2.821,2.827,2.832,2.836,2.851
450.0,451.0,1.971,2.061,2.138,2.215,2.291,2.365,2.434,2.501,2.563,2.623,2.679,2.731,2.979,3.124,3.197,3.226,3.223,3.188,3.144,3.099,3.056,3.016,2.979,2.847
450.0,452.0,2.229,2.303,2.366,2.43,2.492,2.553,2.61,2.664,2.716,2.764,2.81,2.853,3.055,3.172,3.228,3.248,3.237,3.201,3.158,3.115,3.075,3.038,3.004,2.881
450.0,453.0,2.449,2.51,2.56,2.612,2.663,2.711,2.758,2.802,2.843,2.882,2.919,2.954,3.116,3.208,3.25,3.262,3.245,3.209,3.168,3.128,3.09,3.056,3.025,2.911
450.0,454.0,2.636,2.685,2.724,2.765,2.806,2.844,2.881,2.916,2.949,2.98,3.009,3.037,3.164,3.235,3.265,3.27,3.249,3.213,3.174,3.137,3.102,3.071,3.042,2.938
450.0,455.0,2.793,2.831,2.862,2.894,2.925,2.955,2.984,3.01,3.036,3.06,3.082,3.104,3.201,3.253,3.273,3.273,3.249,3.213,3.177,3.143,3.111,3.082,3.056,2.962
450.0,456.0,2.924,2.954,2.976,3.0,3.023,3.046,3.067,3.087,3.106,3.124,3.141,3.156,3.228,3.264,3.275,3.271,3.245,3.211,3.177,3.146,3.117,3.091,3.068,2.983
450.0,457.0,3.032,3.054,3.07,3.086,3.103,3.119,3.134,3.148,3.162,3.174,3.186,3.197,3.246,3.269,3.273,3.266,3.238,3.206,3.175,3.147,3.121,3.098,3.077,3.002
450.0,458.0,3.121,3.136,3.146,3.156,3.167,3.178,3.187,3.196,3.205,3.213,3.22,3.227,3.257,3.268,3.266,3.256,3.228,3.198,3.171,3.145,3.123,3.102,3.084,3.018
450.0,459.0,3.192,3.202,3.206,3.211,3.217,3.223,3.228,3.232,3.237,3.241,3.244,3.248,3.261,3.263,3.256,3.244,3.216,3.189,3.164,3.142,3.122,3.105,3.089,3.032
450.0,460.0,3.249,3.253,3.253,3.254,3.255,3.256,3.257,3.258,3.259,3.26,3.26,3.26,3.26,3.254,3.243,3.23,3.203,3.178,3.157,3.137,3.12,3.105,3.092,3.044
450.0,461.0,3.292,3.291,3.287,3.285,3.282,3.28,3.278,3.275,3.273,3.271,3.269,3.266,3.254,3.241,3.227,3.213,3.188,3.166,3.147,3.131,3.117,3.105,3.094,3.054
450.0,462.0,3.323,3.319,3.312,3.306,3.301,3.295,3.29,3.285,3.28,3.275,3.271,3.266,3.244,3.225,3.209,3.195,3.171,3.153,3.137,3.124,3.113,3.103,3.094,3.063
451.0,452.0,2.557,2.588,2.611,2.637,2.664,2.69,2.713,2.735,2.755,2.773,2.79,2.806,2.877,2.913,2.921,2.912,2.868,2.816,2.764,2.717,2.673,2.634,2.599,2.475
451.0,453.0,2.682,2.704,2.719,2.738,2.757,2.775,2.791,2.806,2.82,2.832,2.843,2.854,2.9,2.92,2.919,2.904,2.857,2.806,2.757,2.713,2.672,2.636,2.603,2.489
451.0,454.0,2.783,2.798,2.807,2.818,2.83,2.842,2.852,2.862,2.87,2.877,2.884,2.89,2.915,2.922,2.913,2.894,2.845,2.795,2.749,2.707,2.67,2.636,2.606,2.501
451.0,455.0,2.864,2.873,2.876,2.882,2.888,2.894,2.9,2.904,2.908,2.911,2.913,2.916,2.924,2.92,2.904,2.882,2.831,2.783,2.74,2.701,2.667,2.636,2.609,2.511
451.0,456.0,2.928,2.931,2.93,2.931,2.932,2.934,2.935,2.935,2.935,2.935,2.934,2.933,2.926,2.913,2.893,2.868,2.816,2.77,2.73,2.695,2.663,2.635,2.609,2.52
451.0,457.0,2.977,2.976,2.97,2.967,2.965,2.963,2.96,2.957,2.954,2.95,2.947,2.944,2.925,2.904,2.879,2.853,2.801,2.758,2.72,2.688,2.658,2.632,2.609,2.528
451.0,458.0,3.014,3.009,3.0,2.994,2.988,2.983,2.977,2.971,2.965,2.959,2.953,2.948,2.919,2.892,2.864,2.836,2.786,2.744,2.71,2.68,2.653,2.63,2.609,2.535
451.0,459.0,3.04,3.032,3.021,3.011,3.003,2.995,2.987,2.979,2.97,2.962,2.955,2.947,2.91,2.878,2.848,2.819,2.77,2.731,2.699,2.671,2.647,2.626,2.607,2.54
451.0,460.0,3.057,3.047,3.033,3.022,3.011,3.001,2.99,2.98,2.97,2.96,2.951,2.942,2.898,2.863,2.831,2.802,2.753,2.717,2.688,2.663,2.641,2.622,2.605,2.545
451.0,461.0,3.067,3.054,3.039,3.026,3.013,3.001,2.989,2.977,2.966,2.954,2.944,2.934,2.884,2.846,2.813,2.783,2.737,2.703,2.676,2.654,2.634,2.617,2.602,2.548
451.0,462.0,3.071,3.056,3.039,3.024,3.01,2.997,2.983,2.97,2.957,2.945,2.934,2.923,2.869,2.828,2.794,2.765,2.72,2.689,2.665,2.645,2.627,2.612,2.599,2.551
451.0,463.0,3.069,3.053,3.035,3.019,3.003,2.988,2.974,2.96,2.946,2.933,2.921,2.909,2.852,2.809,2.775,2.746,2.704,2.675,2.653,2.635,2.62,2.607,2.595,2.554
452.0,453.0,2.898,2.957,2.998,3.044,3.092,3.139,3.184,3.226,3.266,3.302,3.336,3.367,3.503,3.57,3.59,3.582,3.529,3.462,3.395,3.332,3.275,3.223,3.177,3.005
452.0,454.0,3.093,3.139,3.168,3.203,3.239,3.275,3.309,3.341,3.371,3.398,3.424,3.447,3.546,3.591,3.598,3.584,3.526,3.46,3.397,3.338,3.284,3.236,3.193,3.034
452.0,455.0,3.252,3.287,3.307,3.332,3.358,3.384,3.409,3.433,3.454,3.474,3.492,3.508,3.576,3.602,3.6,3.58,3.52,3.456,3.395,3.34,3.29,3.246,3.206,3.059
452.0,456.0,3.382,3.407,3.419,3.435,3.453,3.471,3.488,3.504,3.519,3.531,3.543,3.553,3.594,3.606,3.595,3.571,3.51,3.448,3.391,3.34,3.294,3.253,3.217,3.081
452.0,457.0,3.486,3.503,3.508,3.517,3.527,3.538,3.549,3.558,3.567,3.574,3.58,3.586,3.604,3.602,3.585,3.559,3.497,3.438,3.385,3.337,3.295,3.258,3.225,3.101
452.0,458.0,3.567,3.577,3.576,3.579,3.584,3.589,3.593,3.597,3.601,3.603,3.605,3.606,3.606,3.593,3.571,3.542,3.482,3.425,3.376,3.333,3.295,3.261,3.231,3.119
452.0,459.0,3.629,3.633,3.628,3.625,3.625,3.625,3.624,3.624,3.623,3.621,3.619,3.617,3.601,3.58,3.553,3.523,3.464,3.411,3.366,3.327,3.292,3.262,3.235,3.134
452.0,460.0,3.674,3.673,3.664,3.657,3.652,3.648,3.644,3.639,3.634,3.629,3.624,3.619,3.59,3.562,3.533,3.502,3.445,3.396,3.355,3.319,3.288,3.261,3.237,3.147
452.0,461.0,3.706,3.7,3.687,3.677,3.669,3.661,3.653,3.645,3.638,3.63,3.622,3.615,3.575,3.541,3.509,3.479,3.424,3.379,3.342,3.311,3.283,3.259,3.238,3.159
452.0,462.0,3.725,3.716,3.7,3.687,3.675,3.665,3.654,3.644,3.633,3.623,3.613,3.604,3.555,3.517,3.484,3.454,3.403,3.362,3.328,3.301,3.277,3.256,3.237,3.169
452.0,463.0,3.733,3.721,3.704,3.688,3.674,3.661,3.648,3.635,3.623,3.611,3.599,3.588,3.533,3.491,3.458,3.428,3.38,3.343,3.314,3.29,3.269,3.251,3.235,3.177
452.0,464.0,3.733,3.718,3.699,3.682,3.666,3.651,3.636,3.621,3.607,3.594,3.581,3.568,3.507,3.464,3.43,3.402,3.357,3.324,3.299,3.278,3.261,3.246,3.233,3.184
453.0,454.0,3.425,3.514,3.579,3.649,3.718,3.785,3.848,3.907,3.963,4.014,4.062,4.106,4.303,4.397,4.418,4.399,4.312,4.209,4.11,4.019,3.936,3.862,3.797,3.561
453.0,455.0,3.687,3.758,3.806,3.86,3.913,3.965,4.014,4.059,4.101,4.14,4.176,4.209,4.356,4.42,4.426,4.4,4.31,4.21,4.116,4.03,3.953,3.884,3.823,3.603
453.0,456.0,3.898,3.953,3.987,4.027,4.067,4.106,4.142,4.176,4.207,4.235,4.262,4.286,4.391,4.431,4.424,4.392,4.301,4.206,4.117,4.037,3.965,3.901,3.845,3.64
453.0,457.0,4.064,4.105,4.129,4.157,4.186,4.214,4.24,4.263,4.285,4.305,4.324,4.341,4.411,4.43,4.414,4.378,4.288,4.197,4.114,4.04,3.973,3.914,3.862,3.673
453.0,458.0,4.192,4.223,4.237,4.255,4.275,4.294,4.311,4.327,4.341,4.354,4.365,4.376,4.417,4.421,4.397,4.359,4.27,4.185,4.108,4.039,3.978,3.923,3.876,3.702
453.0,459.0,4.289,4.31,4.316,4.327,4.338,4.35,4.36,4.369,4.377,4.384,4.39,4.396,4.413,4.404,4.374,4.335,4.249,4.17,4.098,4.035,3.979,3.93,3.886,3.728
453.0,460.0,4.359,4.372,4.372,4.376,4.381,4.386,4.391,4.394,4.397,4.399,4.401,4.402,4.4,4.381,4.347,4.307,4.226,4.152,4.087,4.029,3.978,3.933,3.894,3.751
453.0,461.0,4.406,4.412,4.407,4.406,4.406,4.406,4.405,4.404,4.403,4.401,4.399,4.397,4.38,4.352,4.317,4.277,4.2,4.132,4.073,4.021,3.975,3.934,3.899,3.77
453.0,462.0,4.434,4.435,4.426,4.42,4.416,4.412,4.407,4.403,4.398,4.393,4.388,4.383,4.353,4.32,4.283,4.244,4.172,4.11,4.057,4.011,3.97,3.934,3.902,3.788
453.0,463.0,4.446,4.442,4.43,4.421,4.413,4.406,4.398,4.391,4.383,4.376,4.368,4.361,4.322,4.285,4.247,4.21,4.143,4.088,4.04,3.999,3.963,3.931,3.903,3.802
453.0,464.0,4.445,4.438,4.423,4.411,4.401,4.39,4.381,4.371,4.361,4.351,4.342,4.333,4.287,4.247,4.209,4.174,4.114,4.064,4.022,3.986,3.955,3.927,3.903,3.815
453.0,465.0,4.433,4.423,4.406,4.392,4.379,4.367,4.355,4.344,4.332,4.321,4.311,4.301,4.249,4.207,4.17,4.138,4.083,4.039,4.003,3.972,3.945,3.922,3.901,3.826
454.0,455.0,4.115,4.162,4.19,4.221,4.253,4.285,4.314,4.34,4.365,4.388,4.41,4.429,4.513,4.543,4.535,4.505,4.423,4.339,4.261,4.19,4.128,4.072,4.023,3.848
454.0,456.0,4.254,4.289,4.307,4.328,4.35,4.372,4.392,4.41,4.427,4.443,4.457,4.47,4.523,4.536,4.519,4.487,4.407,4.329,4.257,4.192,4.135,4.085,4.04,3.88
454.0,457.0,4.359,4.383,4.393,4.406,4.42,4.434,4.446,4.457,4.468,4.477,4.485,4.493,4.521,4.52,4.497,4.463,4.387,4.314,4.249,4.191,4.139,4.093,4.053,3.909
454.0,458.0,4.434,4.45,4.453,4.459,4.467,4.474,4.48,4.486,4.491,4.495,4.498,4.501,4.509,4.497,4.47,4.436,4.364,4.297,4.238,4.186,4.14,4.099,4.063,3.934
454.0,459.0,4.485,4.494,4.492,4.492,4.494,4.496,4.497,4.498,4.498,4.499,4.498,4.498,4.489,4.469,4.439,4.405,4.338,4.278,4.225,4.179,4.138,4.101,4.07,3.955
454.0,460.0,4.516,4.519,4.512,4.508,4.506,4.503,4.5,4.497,4.494,4.491,4.488,4.484,4.463,4.436,4.404,4.372,4.31,4.256,4.21,4.169,4.133,4.102,4.074,3.974
454.0,461.0,4.529,4.527,4.517,4.51,4.504,4.498,4.492,4.486,4.48,4.474,4.468,4.462,4.431,4.4,4.368,4.336,4.28,4.233,4.193,4.158,4.127,4.1,4.076,3.99
454.0,462.0,4.528,4.523,4.51,4.5,4.491,4.482,4.474,4.465,4.457,4.449,4.441,4.434,4.395,4.361,4.329,4.299,4.249,4.209,4.175,4.145,4.119,4.096,4.076,4.004
454.0,463.0,4.516,4.507,4.492,4.48,4.469,4.458,4.448,4.437,4.427,4.418,4.409,4.4,4.356,4.319,4.288,4.261,4.218,4.184,4.155,4.131,4.11,4.091,4.075,4.015
454.0,464.0,4.494,4.482,4.466,4.453,4.44,4.427,4.415,4.404,4.392,4.382,4.372,4.362,4.314,4.277,4.247,4.223,4.186,4.158,4.135,4.116,4.099,4.084,4.071,4.025
454.0,465.0,4.464,4.45,4.434,4.419,4.404,4.391,4.378,4.365,4.353,4.342,4.331,4.321,4.27,4.233,4.205,4.184,4.153,4.131,4.114,4.1,4.087,4.076,4.067,4.033
454.0,466.0,4.428,4.412,4.395,4.38,4.365,4.35,4.336,4.323,4.311,4.299,4.287,4.277,4.224,4.188,4.163,4.145,4.12,4.104,4.093,4.083,4.075,4.068,4.061,4.039
455.0,456.0,4.413,4.422,4.412,4.409,4.407,4.404,4.401,4.397,4.393,4.388,4.384,4.379,4.345,4.292,4.226,4.156,4.025,3.912,3.813,3.725,3.648,3.579,3.519,3.305
455.0,457.0,4.452,4.454,4.44,4.431,4.424,4.416,4.408,4.4,4.391,4.383,4.375,4.367,4.318,4.259,4.191,4.123,3.998,3.892,3.8,3.719,3.647,3.583,3.528,3.329
455.0,458.0,4.471,4.468,4.45,4.437,4.425,4.414,4.402,4.39,4.379,4.367,4.356,4.346,4.285,4.221,4.153,4.087,3.969,3.87,3.785,3.71,3.644,3.585,3.534,3.351
455.0,459.0,4.475,4.468,4.446,4.43,4.415,4.4,4.386,4.371,4.357,4.343,4.33,4.317,4.248,4.181,4.114,4.05,3.939,3.847,3.768,3.7,3.639,3.585,3.538,3.371
455.0,460.0,4.466,4.455,4.431,4.412,4.394,4.377,4.361,4.344,4.328,4.312,4.297,4.283,4.207,4.138,4.072,4.011,3.907,3.822,3.751,3.688,3.632,3.583,3.541,3.388
455.0,461.0,4.446,4.432,4.406,4.385,4.366,4.347,4.328,4.31,4.292,4.275,4.259,4.244,4.164,4.094,4.03,3.972,3.875,3.797,3.732,3.675,3.625,3.58,3.541,3.403
455.0,462.0,4.417,4.4,4.374,4.351,4.33,4.31,4.29,4.271,4.252,4.234,4.217,4.201,4.118,4.048,3.986,3.932,3.843,3.772,3.713,3.661,3.616,3.576,3.541,3.416
455.0,463.0,4.381,4.363,4.335,4.312,4.29,4.269,4.248,4.228,4.208,4.19,4.172,4.156,4.071,4.002,3.943,3.892,3.81,3.746,3.693,3.646,3.606,3.57,3.539,3.427
455.0,464.0,4.339,4.319,4.292,4.268,4.245,4.223,4.202,4.181,4.162,4.143,4.125,4.108,4.023,3.955,3.899,3.852,3.777,3.72,3.672,3.631,3.595,3.564,3.536,3.437
455.0,465.0,4.293,4.272,4.245,4.22,4.197,4.175,4.154,4.133,4.113,4.094,4.076,4.059,3.974,3.909,3.856,3.812,3.744,3.693,3.651,3.615,3.584,3.556,3.532,3.445
455.0,466.0,4.244,4.222,4.195,4.17,4.147,4.125,4.103,4.082,4.063,4.044,4.026,4.009,3.925,3.862,3.812,3.772,3.712,3.667,3.63,3.599,3.572,3.548,3.527,3.452
455.0,467.0,4.192,4.17,4.143,4.118,4.095,4.073,4.052,4.031,4.011,3.993,3.975,3.958,3.876,3.816,3.77,3.733,3.679,3.641,3.609,3.583,3.56,3.539,3.522,3.458
456.0,457.0,4.435,4.448,4.443,4.443,4.445,4.449,4.452,4.455,4.456,4.456,4.456,4.455,4.437,4.406,4.364,4.314,4.213,4.119,4.037,3.965,3.902,3.847,3.798,3.614
456.0,458.0,4.501,4.506,4.495,4.489,4.486,4.483,4.481,4.478,4.475,4.47,4.466,4.46,4.425,4.385,4.338,4.288,4.189,4.101,4.024,3.958,3.9,3.85,3.806,3.639
456.0,459.0,4.545,4.544,4.528,4.517,4.509,4.502,4.495,4.487,4.48,4.472,4.464,4.455,4.406,4.358,4.308,4.258,4.164,4.081,4.01,3.949,3.897,3.851,3.811,3.661
456.0,460.0,4.572,4.565,4.545,4.53,4.518,4.507,4.496,4.485,4.474,4.463,4.452,4.441,4.381,4.327,4.276,4.226,4.136,4.059,3.994,3.939,3.891,3.85,3.815,3.68
456.0,461.0,4.583,4.572,4.549,4.531,4.515,4.501,4.487,4.473,4.46,4.446,4.433,4.42,4.351,4.293,4.24,4.192,4.107,4.036,3.977,3.927,3.885,3.848,3.816,3.697
456.0,462.0,4.581,4.566,4.541,4.521,4.502,4.485,4.469,4.453,4.437,4.422,4.407,4.392,4.316,4.255,4.203,4.157,4.077,4.012,3.959,3.914,3.876,3.844,3.816,3.711
456.0,463.0,4.568,4.551,4.524,4.502,4.481,4.462,4.444,4.426,4.408,4.392,4.375,4.36,4.279,4.216,4.165,4.12,4.046,3.987,3.94,3.9,3.867,3.839,3.815,3.724
456.0,464.0,4.547,4.527,4.499,4.475,4.453,4.432,4.413,4.393,4.375,4.357,4.339,4.323,4.239,4.175,4.125,4.083,4.015,3.962,3.92,3.885,3.856,3.832,3.812,3.734
456.0,465.0,4.518,4.496,4.468,4.443,4.419,4.397,4.376,4.356,4.337,4.318,4.3,4.283,4.196,4.133,4.085,4.045,3.983,3.936,3.899,3.87,3.845,3.825,3.808,3.743
456.0,466.0,4.483,4.459,4.431,4.405,4.381,4.358,4.336,4.316,4.295,4.276,4.258,4.24,4.153,4.09,4.044,4.007,3.951,3.91,3.878,3.853,3.833,3.817,3.803,3.75
456.0,467.0,4.444,4.418,4.39,4.364,4.339,4.316,4.293,4.272,4.251,4.232,4.213,4.195,4.108,4.047,4.003,3.969,3.919,3.884,3.857,3.837,3.821,3.808,3.797,3.756
456.0,468.0,4.4,4.374,4.346,4.319,4.294,4.271,4.248,4.226,4.206,4.186,4.167,4.149,4.063,4.003,3.961,3.93,3.887,3.857,3.836,3.82,3.808,3.798,3.79,3.761
457.0,458.0,4.738,4.71,4.667,4.63,4.596,4.564,4.532,4.501,4.471,4.443,4.415,4.389,4.256,4.149,4.055,3.972,3.836,3.73,3.642,3.567,3.502,3.444,3.394,3.212
457.0,459.0,4.705,4.675,4.63,4.592,4.557,4.523,4.49,4.458,4.427,4.397,4.369,4.342,4.207,4.1,4.008,3.929,3.801,3.703,3.623,3.554,3.494,3.442,3.396,3.23
457.0,460.0,4.664,4.632,4.587,4.548,4.511,4.476,4.443,4.41,4.378,4.348,4.319,4.291,4.155,4.049,3.961,3.886,3.766,3.676,3.602,3.54,3.485,3.438,3.396,3.245
457.0,461.0,4.617,4.583,4.538,4.498,4.461,4.425,4.391,4.358,4.326,4.295,4.266,4.239,4.102,3.998,3.913,3.842,3.731,3.648,3.582,3.525,3.476,3.433,3.395,3.259
457.0,462.0,4.565,4.53,4.484,4.444,4.407,4.371,4.336,4.303,4.271,4.24,4.211,4.184,4.048,3.947,3.865,3.799,3.696,3.621,3.56,3.509,3.465,3.427,3.393,3.271
457.0,463.0,4.508,4.472,4.427,4.387,4.35,4.314,4.28,4.246,4.214,4.184,4.155,4.128,3.994,3.895,3.818,3.755,3.661,3.593,3.539,3.494,3.454,3.42,3.39,3.281
457.0,464.0,4.449,4.412,4.368,4.328,4.291,4.256,4.221,4.188,4.157,4.127,4.098,4.071,3.94,3.845,3.771,3.713,3.627,3.565,3.517,3.477,3.443,3.412,3.386,3.29
457.0,465.0,4.387,4.35,4.307,4.268,4.231,4.196,4.162,4.129,4.098,4.069,4.041,4.014,3.886,3.794,3.725,3.671,3.592,3.538,3.496,3.461,3.43,3.404,3.381,3.298
457.0,466.0,4.324,4.287,4.245,4.207,4.17,4.136,4.102,4.07,4.04,4.011,3.983,3.958,3.833,3.745,3.679,3.629,3.559,3.511,3.474,3.444,3.418,3.395,3.376,3.304
457.0,467.0,4.26,4.224,4.183,4.145,4.109,4.075,4.042,4.011,3.981,3.953,3.926,3.901,3.78,3.696,3.635,3.589,3.526,3.484,3.452,3.427,3.405,3.386,3.37,3.31
457.0,468.0,4.196,4.16,4.12,4.083,4.048,4.015,3.983,3.952,3.923,3.896,3.87,3.846,3.728,3.648,3.591,3.549,3.493,3.457,3.431,3.41,3.392,3.376,3.363,3.314
457.0,469.0,4.132,4.096,4.058,4.022,3.988,3.955,3.924,3.894,3.866,3.839,3.814,3.791,3.678,3.601,3.548,3.51,3.461,3.431,3.41,3.393,3.379,3.366,3.356,3.317
458.0,459.0,4.916,4.923,4.908,4.9,4.895,4.891,4.885,4.879,4.872,4.864,4.856,4.848,4.797,4.733,4.656,4.576,4.421,4.288,4.173,4.074,3.986,3.908,3.84,3.591
458.0,460.0,4.973,4.973,4.951,4.937,4.925,4.915,4.903,4.891,4.879,4.866,4.854,4.842,4.772,4.7,4.621,4.541,4.392,4.267,4.16,4.067,3.986,3.914,3.851,3.621
458.0,461.0,5.008,5.0,4.974,4.954,4.937,4.921,4.905,4.889,4.872,4.856,4.84,4.824,4.741,4.662,4.581,4.503,4.361,4.244,4.144,4.059,3.983,3.917,3.859,3.647
458.0,462.0,5.022,5.009,4.979,4.955,4.934,4.914,4.894,4.874,4.854,4.835,4.816,4.798,4.703,4.62,4.539,4.463,4.329,4.219,4.127,4.048,3.979,3.919,3.865,3.671
458.0,463.0,5.02,5.003,4.969,4.942,4.918,4.894,4.871,4.849,4.826,4.805,4.784,4.764,4.661,4.575,4.495,4.421,4.295,4.193,4.108,4.036,3.973,3.918,3.869,3.692
458.0,464.0,5.004,4.983,4.948,4.918,4.891,4.866,4.84,4.815,4.791,4.768,4.745,4.724,4.615,4.527,4.449,4.379,4.26,4.166,4.089,4.023,3.966,3.915,3.872,3.711
458.0,465.0,4.978,4.953,4.917,4.885,4.856,4.829,4.802,4.775,4.75,4.725,4.701,4.679,4.567,4.478,4.402,4.335,4.225,4.138,4.068,4.009,3.957,3.912,3.872,3.727
458.0,466.0,4.942,4.915,4.877,4.845,4.815,4.786,4.757,4.73,4.703,4.678,4.653,4.63,4.516,4.428,4.355,4.292,4.189,4.11,4.047,3.993,3.947,3.907,3.871,3.742
458.0,467.0,4.898,4.87,4.832,4.798,4.767,4.737,4.708,4.68,4.653,4.627,4.602,4.579,4.464,4.377,4.307,4.247,4.153,4.082,4.025,3.977,3.936,3.9,3.869,3.754
458.0,468.0,4.849,4.819,4.781,4.747,4.716,4.685,4.656,4.627,4.6,4.574,4.549,4.525,4.41,4.326,4.259,4.203,4.117,4.053,4.003,3.961,3.925,3.893,3.866,3.765
458.0,469.0,4.795,4.764,4.727,4.693,4.661,4.63,4.6,4.572,4.544,4.518,4.493,4.47,4.356,4.274,4.211,4.16,4.082,4.025,3.98,3.944,3.912,3.885,3.861,3.774
458.0,470.0,4.737,4.706,4.669,4.635,4.603,4.573,4.543,4.515,4.487,4.462,4.437,4.414,4.302,4.223,4.164,4.116,4.046,3.996,3.958,3.926,3.9,3.876,3.856,3.782
459.0,460.0,4.756,4.713,4.659,4.61,4.564,4.52,4.477,4.436,4.397,4.359,4.324,4.29,4.125,4.005,3.912,3.837,3.725,3.644,3.579,3.526,3.479,3.439,3.403,3.274
459.0,461.0,4.678,4.636,4.583,4.535,4.49,4.446,4.405,4.365,4.326,4.29,4.255,4.223,4.063,3.947,3.859,3.79,3.687,3.613,3.555,3.507,3.466,3.43,3.398,3.283
459.0,462.0,4.6,4.558,4.507,4.46,4.416,4.374,4.333,4.294,4.257,4.221,4.188,4.156,4.001,3.891,3.808,3.743,3.649,3.583,3.532,3.489,3.452,3.42,3.393,3.291
459.0,463.0,4.523,4.481,4.431,4.386,4.343,4.302,4.262,4.224,4.188,4.153,4.121,4.09,3.941,3.835,3.758,3.698,3.613,3.553,3.508,3.471,3.439,3.411,3.387,3.298
459.0,464.0,4.446,4.404,4.357,4.312,4.271,4.231,4.192,4.155,4.12,4.087,4.055,4.026,3.882,3.782,3.709,3.654,3.577,3.524,3.485,3.452,3.425,3.401,3.38,3.303
459.0,465.0,4.37,4.329,4.283,4.24,4.2,4.161,4.124,4.088,4.054,4.022,3.991,3.963,3.824,3.729,3.661,3.611,3.542,3.496,3.462,3.434,3.411,3.39,3.373,3.308
459.0,466.0,4.295,4.255,4.211,4.169,4.13,4.092,4.056,4.022,3.989,3.958,3.929,3.901,3.768,3.678,3.615,3.569,3.508,3.468,3.439,3.416,3.396,3.38,3.365,3.312
459.0,467.0,4.222,4.182,4.14,4.1,4.062,4.026,3.991,3.957,3.926,3.896,3.868,3.841,3.714,3.628,3.57,3.528,3.474,3.441,3.417,3.398,3.382,3.369,3.357,3.314
459.0,468.0,4.15,4.112,4.071,4.032,3.995,3.96,3.927,3.895,3.864,3.835,3.808,3.783,3.661,3.58,3.526,3.488,3.442,3.414,3.395,3.38,3.368,3.358,3.349,3.316
459.0,469.0,4.08,4.042,4.003,3.966,3.931,3.897,3.864,3.833,3.804,3.776,3.75,3.726,3.609,3.533,3.483,3.45,3.41,3.387,3.373,3.362,3.354,3.346,3.34,3.317
459.0,470.0,4.012,3.975,3.938,3.902,3.868,3.835,3.804,3.774,3.746,3.719,3.694,3.671,3.559,3.488,3.442,3.413,3.379,3.362,3.352,3.345,3.339,3.335,3.331,3.318
459.0,471.0,3.946,3.91,3.874,3.84,3.807,3.775,3.745,3.716,3.689,3.664,3.64,3.617,3.511,3.444,3.402,3.376,3.349,3.337,3.331,3.327,3.325,3.323,3.322,3.317
460.0,461.0,4.94,4.882,4.818,4.758,4.701,4.646,4.593,4.543,4.495,4.45,4.407,4.366,4.164,4.014,3.899,3.809,3.675,3.576,3.501,3.442,3.396,3.36,3.331,3.229
460.0,462.0,4.891,4.831,4.766,4.705,4.647,4.591,4.538,4.487,4.438,4.392,4.349,4.307,4.103,3.954,3.843,3.756,3.63,3.539,3.471,3.419,3.379,3.348,3.324,3.239
460.0,463.0,4.837,4.775,4.709,4.648,4.589,4.532,4.478,4.427,4.378,4.331,4.287,4.246,4.041,3.894,3.786,3.703,3.584,3.502,3.441,3.395,3.361,3.335,3.315,3.246
460.0,464.0,4.778,4.714,4.649,4.586,4.527,4.47,4.416,4.364,4.315,4.268,4.224,4.182,3.978,3.833,3.728,3.65,3.539,3.464,3.409,3.37,3.341,3.32,3.304,3.251
460.0,465.0,4.714,4.65,4.584,4.522,4.463,4.406,4.351,4.299,4.25,4.203,4.159,4.118,3.914,3.772,3.671,3.596,3.493,3.425,3.378,3.344,3.32,3.304,3.292,3.253
460.0,466.0,4.648,4.583,4.518,4.455,4.396,4.339,4.285,4.233,4.184,4.137,4.093,4.052,3.85,3.711,3.614,3.543,3.448,3.387,3.346,3.318,3.299,3.286,3.279,3.254
460.0,467.0,4.579,4.513,4.449,4.387,4.328,4.271,4.217,4.165,4.117,4.07,4.027,3.986,3.786,3.651,3.557,3.491,3.403,3.349,3.313,3.291,3.277,3.268,3.264,3.253
460.0,468.0,4.508,4.442,4.378,4.317,4.258,4.202,4.148,4.097,4.049,4.003,3.96,3.919,3.723,3.591,3.501,3.439,3.358,3.311,3.281,3.264,3.254,3.25,3.249,3.25
460.0,469.0,4.435,4.369,4.307,4.246,4.188,4.132,4.079,4.029,3.981,3.936,3.893,3.853,3.66,3.532,3.446,3.387,3.314,3.273,3.249,3.236,3.231,3.23,3.233,3.245
460.0,470.0,4.362,4.296,4.235,4.175,4.117,4.062,4.01,3.96,3.913,3.869,3.827,3.787,3.598,3.473,3.392,3.337,3.271,3.236,3.217,3.209,3.208,3.211,3.216,3.239
460.0,471.0,4.288,4.223,4.162,4.103,4.047,3.992,3.941,3.892,3.846,3.802,3.761,3.722,3.536,3.416,3.339,3.288,3.229,3.199,3.186,3.182,3.184,3.19,3.198,3.232
460.0,472.0,4.214,4.149,4.09,4.032,3.976,3.923,3.872,3.824,3.779,3.736,3.696,3.658,3.476,3.36,3.287,3.239,3.187,3.163,3.154,3.155,3.161,3.17,3.181,3.224
461.0,462.0,5.356,5.309,5.247,5.185,5.124,5.063,5.003,4.944,4.888,4.835,4.785,4.738,4.518,4.363,4.239,4.136,3.977,3.863,3.778,3.712,3.656,3.609,3.567,3.423
461.0,463.0,5.252,5.206,5.146,5.087,5.028,4.969,4.911,4.855,4.8,4.749,4.701,4.656,4.445,4.298,4.181,4.084,3.936,3.83,3.753,3.692,3.642,3.599,3.562,3.431
461.0,464.0,5.15,5.105,5.048,4.991,4.935,4.878,4.822,4.768,4.716,4.666,4.62,4.576,4.375,4.235,4.125,4.034,3.896,3.799,3.728,3.673,3.627,3.589,3.555,3.438
461.0,465.0,5.052,5.008,4.954,4.899,4.844,4.79,4.736,4.683,4.633,4.586,4.541,4.499,4.306,4.173,4.07,3.985,3.856,3.767,3.703,3.653,3.613,3.578,3.549,3.444
461.0,466.0,4.956,4.914,4.862,4.809,4.757,4.704,4.652,4.602,4.553,4.508,4.465,4.425,4.24,4.114,4.017,3.937,3.818,3.737,3.679,3.634,3.598,3.568,3.542,3.45
461.0,467.0,4.864,4.823,4.773,4.723,4.672,4.621,4.571,4.523,4.476,4.432,4.391,4.352,4.176,4.057,3.965,3.891,3.781,3.707,3.655,3.616,3.584,3.557,3.534,3.454
461.0,468.0,4.774,4.735,4.687,4.639,4.59,4.541,4.493,4.446,4.401,4.359,4.319,4.283,4.114,4.001,3.915,3.846,3.745,3.678,3.632,3.597,3.57,3.546,3.527,3.458
461.0,469.0,4.688,4.649,4.604,4.557,4.511,4.464,4.417,4.372,4.329,4.288,4.25,4.215,4.053,3.947,3.866,3.803,3.71,3.65,3.609,3.579,3.555,3.535,3.519,3.46
461.0,470.0,4.604,4.567,4.523,4.479,4.434,4.389,4.344,4.301,4.259,4.22,4.183,4.149,3.995,3.894,3.819,3.76,3.676,3.622,3.586,3.56,3.541,3.524,3.511,3.463
461.0,471.0,4.523,4.487,4.446,4.403,4.36,4.316,4.273,4.232,4.192,4.154,4.119,4.086,3.939,3.844,3.774,3.719,3.643,3.595,3.564,3.542,3.526,3.513,3.502,3.464
461.0,472.0,4.445,4.41,4.371,4.33,4.288,4.246,4.205,4.165,4.126,4.09,4.056,4.025,3.884,3.795,3.73,3.679,3.61,3.568,3.542,3.525,3.512,3.502,3.494,3.465
461.0,473.0,4.37,4.336,4.298,4.259,4.219,4.179,4.139,4.1,4.063,4.028,3.996,3.966,3.831,3.747,3.687,3.641,3.579,3.542,3.521,3.507,3.498,3.49,3.485,3.465
462.0,463.0,5.39,5.36,5.323,5.293,5.265,5.237,5.207,5.178,5.149,5.121,5.094,5.068,4.935,4.813,4.696,4.587,4.398,4.245,4.116,4.005,3.907,3.821,3.745,3.482
462.0,464.0,5.405,5.37,5.328,5.294,5.262,5.23,5.197,5.164,5.132,5.101,5.072,5.044,4.899,4.772,4.654,4.547,4.365,4.22,4.1,3.996,3.905,3.824,3.754,3.51
462.0,465.0,5.403,5.365,5.32,5.282,5.247,5.211,5.175,5.14,5.106,5.073,5.041,5.012,4.858,4.727,4.61,4.505,4.331,4.194,4.082,3.985,3.901,3.826,3.761,3.535
462.0,466.0,5.389,5.347,5.299,5.259,5.221,5.183,5.145,5.108,5.072,5.037,5.004,4.973,4.813,4.681,4.564,4.462,4.297,4.168,4.063,3.974,3.895,3.827,3.766,3.558
462.0,467.0,5.363,5.318,5.269,5.227,5.187,5.147,5.108,5.069,5.032,4.996,4.962,4.93,4.766,4.632,4.518,4.419,4.261,4.141,4.044,3.961,3.889,3.825,3.77,3.578
462.0,468.0,5.328,5.281,5.231,5.187,5.146,5.105,5.064,5.024,4.986,4.95,4.915,4.882,4.716,4.583,4.47,4.375,4.226,4.114,4.024,3.947,3.881,3.823,3.772,3.597
462.0,469.0,5.285,5.237,5.186,5.141,5.099,5.057,5.015,4.975,4.937,4.9,4.865,4.832,4.664,4.532,4.423,4.332,4.191,4.086,4.003,3.933,3.873,3.82,3.773,3.613
462.0,470.0,5.235,5.187,5.136,5.09,5.047,5.004,4.963,4.923,4.884,4.847,4.812,4.778,4.611,4.481,4.375,4.288,4.155,4.059,3.982,3.919,3.863,3.815,3.773,3.627
462.0,471.0,5.181,5.132,5.081,5.035,4.992,4.949,4.907,4.867,4.828,4.791,4.757,4.723,4.557,4.429,4.327,4.244,4.12,4.031,3.961,3.903,3.853,3.81,3.772,3.64
462.0,472.0,5.123,5.074,5.023,4.977,4.934,4.891,4.85,4.81,4.771,4.735,4.7,4.667,4.503,4.378,4.28,4.201,4.085,4.003,3.94,3.888,3.843,3.804,3.769,3.652
462.0,473.0,5.062,5.013,4.963,4.917,4.873,4.831,4.79,4.751,4.713,4.676,4.642,4.61,4.448,4.327,4.233,4.158,4.05,3.976,3.919,3.872,3.832,3.797,3.766,3.662
462.0,474.0,4.998,4.95,4.9,4.855,4.812,4.77,4.73,4.691,4.653,4.618,4.584,4.552,4.394,4.276,4.186,4.116,4.016,3.948,3.897,3.856,3.82,3.789,3.762,3.67
463.0,464.0,5.467,5.436,5.386,5.342,5.302,5.263,5.226,5.189,5.152,5.116,5.081,5.048,4.879,4.754,4.647,4.549,4.381,4.251,4.149,4.065,3.993,3.93,3.875,3.669
463.0,465.0,5.445,5.41,5.358,5.312,5.269,5.228,5.188,5.149,5.11,5.072,5.035,5.0,4.825,4.698,4.593,4.498,4.34,4.219,4.126,4.05,3.985,3.928,3.878,3.694
463.0,466.0,5.412,5.374,5.321,5.273,5.228,5.185,5.142,5.101,5.061,5.021,4.983,4.947,4.768,4.641,4.537,4.447,4.297,4.186,4.101,4.032,3.974,3.924,3.879,3.715
463.0,467.0,5.369,5.329,5.275,5.226,5.179,5.134,5.091,5.048,5.006,4.966,4.927,4.89,4.709,4.582,4.481,4.394,4.254,4.152,4.075,4.014,3.962,3.918,3.878,3.733
463.0,468.0,5.319,5.276,5.222,5.172,5.124,5.078,5.033,4.99,4.947,4.906,4.866,4.829,4.647,4.521,4.423,4.34,4.21,4.117,4.048,3.994,3.949,3.91,3.875,3.748
463.0,469.0,5.262,5.218,5.163,5.113,5.064,5.017,4.972,4.927,4.884,4.843,4.803,4.765,4.583,4.459,4.365,4.287,4.166,4.082,4.021,3.974,3.934,3.901,3.871,3.762
463.0,470.0,5.199,5.153,5.1,5.049,5.0,4.953,4.907,4.862,4.819,4.777,4.737,4.699,4.519,4.397,4.306,4.233,4.122,4.046,3.993,3.952,3.919,3.89,3.865,3.773
463.0,471.0,5.131,5.085,5.032,4.981,4.932,4.885,4.839,4.794,4.751,4.709,4.67,4.632,4.454,4.335,4.248,4.179,4.077,4.01,3.964,3.93,3.902,3.878,3.858,3.782
463.0,472.0,5.06,5.014,4.961,4.911,4.862,4.815,4.769,4.724,4.681,4.64,4.601,4.564,4.388,4.273,4.19,4.125,4.033,3.975,3.936,3.907,3.885,3.866,3.849,3.789
463.0,473.0,4.987,4.939,4.888,4.838,4.79,4.743,4.697,4.653,4.61,4.57,4.531,4.495,4.323,4.211,4.132,4.072,3.99,3.939,3.907,3.884,3.867,3.852,3.84,3.794
463.0,474.0,4.911,4.863,4.813,4.764,4.717,4.67,4.625,4.581,4.539,4.499,4.461,4.425,4.257,4.15,4.075,4.02,3.946,3.903,3.878,3.861,3.848,3.838,3.829,3.798
463.0,475.0,4.833,4.786,4.737,4.689,4.642,4.596,4.552,4.509,4.467,4.428,4.391,4.356,4.193,4.089,4.019,3.968,3.904,3.868,3.849,3.837,3.829,3.823,3.818,3.8
464.0,465.0,5.496,5.453,5.399,5.351,5.307,5.266,5.225,5.186,5.148,5.111,5.076,5.043,4.875,4.75,4.65,4.564,4.426,4.324,4.246,4.183,4.131,4.085,4.045,3.897
464.0,466.0,5.441,5.397,5.343,5.295,5.25,5.208,5.167,5.127,5.089,5.052,5.017,4.983,4.816,4.693,4.596,4.515,4.386,4.292,4.222,4.165,4.118,4.078,4.042,3.911
464.0,467.0,5.381,5.336,5.282,5.234,5.189,5.147,5.105,5.066,5.027,4.99,4.955,4.922,4.756,4.636,4.543,4.466,4.346,4.261,4.197,4.147,4.105,4.07,4.038,3.923
464.0,468.0,5.317,5.271,5.218,5.17,5.125,5.082,5.041,5.002,4.963,4.927,4.892,4.859,4.696,4.579,4.49,4.417,4.307,4.229,4.172,4.128,4.092,4.061,4.034,3.934
464.0,469.0,5.249,5.203,5.151,5.103,5.059,5.016,4.975,4.936,4.898,4.862,4.828,4.795,4.635,4.522,4.437,4.369,4.267,4.197,4.147,4.109,4.078,4.051,4.028,3.943
464.0,470.0,5.179,5.132,5.082,5.035,4.991,4.949,4.908,4.869,4.832,4.797,4.763,4.731,4.575,4.466,4.385,4.321,4.228,4.166,4.122,4.09,4.063,4.041,4.021,3.95
464.0,471.0,5.107,5.061,5.011,4.965,4.922,4.88,4.84,4.802,4.766,4.731,4.698,4.667,4.515,4.41,4.333,4.274,4.19,4.135,4.098,4.07,4.048,4.03,4.014,3.956
464.0,472.0,5.033,4.988,4.94,4.895,4.852,4.811,4.772,4.735,4.699,4.665,4.633,4.602,4.456,4.355,4.282,4.228,4.152,4.104,4.073,4.05,4.033,4.019,4.006,3.961
464.0,473.0,4.96,4.915,4.868,4.824,4.782,4.742,4.704,4.667,4.633,4.599,4.568,4.539,4.397,4.301,4.233,4.182,4.115,4.074,4.048,4.031,4.018,4.007,3.998,3.965
464.0,474.0,4.885,4.841,4.796,4.754,4.713,4.674,4.636,4.601,4.567,4.535,4.504,4.476,4.339,4.247,4.184,4.138,4.078,4.044,4.024,4.011,4.002,3.995,3.989,3.968
464.0,475.0,4.812,4.768,4.725,4.683,4.644,4.605,4.569,4.534,4.501,4.47,4.441,4.413,4.282,4.195,4.135,4.094,4.042,4.014,4.0,3.991,3.986,3.982,3.979,3.969
464.0,476.0,4.738,4.695,4.654,4.614,4.575,4.538,4.503,4.469,4.437,4.407,4.379,4.352,4.226,4.143,4.088,4.051,4.007,3.985,3.975,3.971,3.97,3.97,3.97,3.97
465.0,466.0,5.458,5.427,5.39,5.355,5.322,5.29,5.259,5.23,5.201,5.174,5.148,5.124,5.003,4.92,4.856,4.803,4.721,4.663,4.62,4.588,4.562,4.54,4.52,4.449
465.0,467.0,5.398,5.366,5.328,5.293,5.26,5.227,5.196,5.166,5.138,5.11,5.084,5.059,4.94,4.859,4.798,4.75,4.676,4.626,4.591,4.565,4.545,4.528,4.513,4.459
465.0,468.0,5.333,5.3,5.263,5.228,5.194,5.162,5.13,5.1,5.071,5.044,5.017,4.993,4.876,4.797,4.741,4.696,4.632,4.59,4.562,4.542,4.527,4.515,4.505,4.466
465.0,469.0,5.264,5.231,5.195,5.16,5.126,5.094,5.062,5.032,5.003,4.976,4.95,4.925,4.811,4.736,4.683,4.643,4.587,4.553,4.532,4.519,4.509,4.501,4.495,4.472
465.0,470.0,5.193,5.159,5.124,5.09,5.056,5.024,4.992,4.962,4.933,4.906,4.881,4.857,4.746,4.675,4.626,4.59,4.543,4.517,4.503,4.495,4.49,4.487,4.484,4.476
465.0,471.0,5.119,5.085,5.051,5.017,4.984,4.952,4.921,4.891,4.863,4.837,4.812,4.789,4.681,4.614,4.569,4.537,4.499,4.481,4.473,4.47,4.47,4.471,4.473,4.478
465.0,472.0,5.044,5.009,4.977,4.944,4.912,4.88,4.85,4.82,4.793,4.767,4.743,4.72,4.617,4.554,4.513,4.486,4.456,4.445,4.443,4.446,4.45,4.456,4.461,4.479
465.0,473.0,4.967,4.933,4.902,4.87,4.839,4.808,4.778,4.749,4.722,4.697,4.673,4.652,4.553,4.494,4.458,4.435,4.413,4.409,4.413,4.421,4.43,4.439,4.448,4.479
465.0,474.0,4.89,4.856,4.827,4.796,4.765,4.735,4.706,4.678,4.652,4.627,4.605,4.584,4.49,4.436,4.403,4.384,4.371,4.374,4.384,4.396,4.41,4.422,4.434,4.478
465.0,475.0,4.813,4.779,4.751,4.722,4.692,4.663,4.634,4.607,4.582,4.559,4.537,4.517,4.428,4.378,4.35,4.335,4.329,4.339,4.354,4.372,4.389,4.405,4.42,4.475
465.0,476.0,4.736,4.703,4.677,4.648,4.62,4.591,4.564,4.538,4.513,4.491,4.47,4.451,4.368,4.321,4.297,4.287,4.289,4.304,4.325,4.347,4.368,4.388,4.405,4.471
465.0,477.0,4.659,4.627,4.602,4.576,4.548,4.52,4.494,4.469,4.445,4.424,4.404,4.386,4.308,4.266,4.246,4.239,4.249,4.271,4.296,4.322,4.347,4.37,4.39,4.467
466.0,467.0,5.441,5.407,5.375,5.344,5.314,5.285,5.258,5.231,5.206,5.182,5.16,5.139,5.038,4.973,4.934,4.911,4.89,4.885,4.886,4.889,4.892,4.895,4.898,4.908
466.0,468.0,5.359,5.326,5.295,5.265,5.236,5.207,5.18,5.155,5.131,5.108,5.086,5.066,4.969,4.909,4.874,4.856,4.844,4.847,4.854,4.863,4.871,4.879,4.886,4.91
466.0,469.0,5.277,5.244,5.215,5.185,5.157,5.129,5.103,5.078,5.055,5.033,5.012,4.992,4.9,4.845,4.815,4.802,4.799,4.809,4.823,4.837,4.85,4.862,4.872,4.91
466.0,470.0,5.194,5.161,5.133,5.105,5.078,5.051,5.026,5.002,4.98,4.958,4.938,4.92,4.833,4.782,4.758,4.749,4.755,4.772,4.792,4.811,4.828,4.844,4.858,4.909
466.0,471.0,5.111,5.078,5.052,5.026,4.999,4.973,4.949,4.926,4.905,4.885,4.866,4.848,4.766,4.721,4.701,4.697,4.711,4.735,4.76,4.784,4.807,4.826,4.844,4.907
466.0,472.0,5.028,4.996,4.972,4.946,4.921,4.896,4.873,4.851,4.831,4.812,4.794,4.777,4.701,4.66,4.645,4.646,4.668,4.698,4.729,4.758,4.784,4.808,4.829,4.903
466.0,473.0,4.945,4.915,4.892,4.868,4.844,4.82,4.798,4.777,4.758,4.74,4.723,4.708,4.637,4.601,4.591,4.596,4.625,4.662,4.698,4.732,4.762,4.789,4.813,4.898
466.0,474.0,4.864,4.834,4.813,4.79,4.767,4.745,4.724,4.705,4.686,4.67,4.654,4.639,4.574,4.544,4.538,4.547,4.584,4.627,4.668,4.706,4.74,4.77,4.797,4.892
466.0,475.0,4.784,4.755,4.736,4.714,4.692,4.671,4.652,4.633,4.616,4.6,4.586,4.572,4.513,4.487,4.486,4.499,4.543,4.592,4.638,4.68,4.717,4.751,4.78,4.886
466.0,476.0,4.705,4.677,4.659,4.639,4.619,4.599,4.581,4.563,4.548,4.533,4.519,4.507,4.453,4.432,4.436,4.453,4.504,4.558,4.608,4.654,4.695,4.731,4.763,4.878
466.0,477.0,4.627,4.6,4.585,4.566,4.547,4.528,4.511,4.495,4.48,4.467,4.454,4.443,4.395,4.379,4.386,4.407,4.465,4.524,4.579,4.628,4.672,4.712,4.746,4.87
466.0,478.0,4.552,4.526,4.512,4.495,4.477,4.459,4.443,4.428,4.415,4.402,4.391,4.381,4.338,4.327,4.338,4.363,4.427,4.491,4.549,4.602,4.65,4.692,4.729,4.861
467.0,468.0,5.387,5.327,5.269,5.213,5.159,5.108,5.059,5.013,4.968,4.925,4.885,4.846,4.661,4.543,4.469,4.422,4.367,4.337,4.319,4.309,4.302,4.298,4.295,4.284
467.0,469.0,5.266,5.209,5.154,5.101,5.05,5.002,4.955,4.911,4.868,4.828,4.789,4.753,4.579,4.469,4.403,4.362,4.317,4.296,4.285,4.28,4.278,4.278,4.279,4.282
467.0,470.0,5.15,5.094,5.043,4.993,4.945,4.898,4.854,4.812,4.772,4.734,4.697,4.663,4.5,4.399,4.339,4.304,4.269,4.256,4.251,4.252,4.255,4.258,4.262,4.279
467.0,471.0,5.038,4.984,4.936,4.888,4.843,4.799,4.757,4.717,4.679,4.643,4.609,4.577,4.424,4.33,4.277,4.248,4.222,4.216,4.218,4.224,4.231,4.239,4.246,4.275
467.0,472.0,4.929,4.878,4.832,4.788,4.745,4.703,4.663,4.625,4.589,4.555,4.523,4.493,4.35,4.264,4.218,4.193,4.177,4.178,4.186,4.197,4.208,4.219,4.23,4.27
467.0,473.0,4.825,4.775,4.733,4.691,4.65,4.611,4.573,4.537,4.503,4.471,4.441,4.412,4.279,4.201,4.16,4.141,4.133,4.141,4.155,4.17,4.185,4.2,4.213,4.264
467.0,474.0,4.724,4.677,4.637,4.598,4.559,4.522,4.486,4.452,4.42,4.39,4.362,4.335,4.211,4.14,4.105,4.09,4.09,4.105,4.124,4.143,4.163,4.18,4.197,4.258
467.0,475.0,4.628,4.582,4.545,4.508,4.472,4.437,4.403,4.371,4.34,4.312,4.285,4.26,4.145,4.081,4.051,4.041,4.049,4.07,4.094,4.118,4.14,4.161,4.18,4.251
467.0,476.0,4.535,4.491,4.457,4.422,4.388,4.354,4.323,4.292,4.264,4.237,4.212,4.189,4.082,4.024,3.999,3.994,4.009,4.036,4.064,4.092,4.118,4.142,4.163,4.244
467.0,477.0,4.446,4.403,4.372,4.339,4.307,4.275,4.245,4.217,4.19,4.165,4.141,4.12,4.021,3.969,3.95,3.948,3.97,4.002,4.036,4.067,4.096,4.123,4.146,4.235
467.0,478.0,4.36,4.319,4.29,4.26,4.229,4.2,4.171,4.144,4.119,4.095,4.073,4.053,3.962,3.917,3.901,3.904,3.933,3.97,4.007,4.043,4.075,4.104,4.129,4.227
467.0,479.0,4.278,4.238,4.212,4.183,4.155,4.127,4.1,4.075,4.051,4.029,4.008,3.989,3.906,3.866,3.855,3.862,3.896,3.938,3.98,4.018,4.053,4.085,4.113,4.218
468.0,469.0,5.26,5.178,5.099,5.022,4.948,4.878,4.81,4.746,4.685,4.628,4.574,4.523,4.281,4.122,4.019,3.951,3.874,3.839,3.823,3.817,3.816,3.816,3.817,3.822
468.0,470.0,5.098,5.021,4.947,4.876,4.807,4.741,4.678,4.618,4.562,4.509,4.458,4.411,4.187,4.041,3.948,3.888,3.824,3.797,3.787,3.786,3.789,3.793,3.797,3.813
468.0,471.0,4.947,4.874,4.806,4.739,4.675,4.614,4.555,4.499,4.446,4.397,4.35,4.306,4.099,3.965,3.881,3.829,3.775,3.756,3.753,3.757,3.763,3.77,3.777,3.804
468.0,472.0,4.805,4.736,4.674,4.612,4.552,4.494,4.439,4.387,4.338,4.292,4.248,4.208,4.015,3.893,3.818,3.772,3.729,3.718,3.72,3.728,3.738,3.749,3.758,3.796
468.0,473.0,4.673,4.608,4.55,4.492,4.436,4.382,4.331,4.282,4.236,4.193,4.153,4.115,3.937,3.826,3.758,3.719,3.685,3.681,3.688,3.701,3.714,3.727,3.74,3.787
468.0,474.0,4.55,4.488,4.434,4.38,4.328,4.277,4.229,4.184,4.141,4.1,4.063,4.028,3.863,3.761,3.701,3.668,3.643,3.645,3.658,3.674,3.691,3.707,3.722,3.777
468.0,475.0,4.434,4.375,4.325,4.275,4.226,4.179,4.134,4.091,4.051,4.013,3.978,3.945,3.793,3.7,3.647,3.619,3.603,3.611,3.628,3.648,3.668,3.687,3.704,3.768
468.0,476.0,4.325,4.269,4.223,4.177,4.131,4.086,4.044,4.004,3.966,3.931,3.898,3.868,3.727,3.643,3.596,3.573,3.565,3.579,3.6,3.624,3.646,3.668,3.687,3.759
468.0,477.0,4.223,4.17,4.128,4.084,4.041,3.999,3.959,3.922,3.887,3.854,3.823,3.795,3.664,3.588,3.547,3.529,3.528,3.547,3.573,3.599,3.625,3.648,3.67,3.749
468.0,478.0,4.128,4.077,4.038,3.997,3.957,3.917,3.88,3.844,3.811,3.781,3.752,3.726,3.605,3.536,3.5,3.487,3.493,3.517,3.546,3.576,3.604,3.63,3.653,3.739
468.0,479.0,4.038,3.989,3.953,3.915,3.877,3.84,3.805,3.771,3.74,3.712,3.685,3.66,3.549,3.486,3.456,3.446,3.459,3.488,3.521,3.553,3.584,3.612,3.636,3.73
468.0,480.0,3.953,3.907,3.873,3.838,3.802,3.767,3.734,3.703,3.673,3.646,3.622,3.599,3.496,3.439,3.413,3.408,3.426,3.46,3.496,3.531,3.564,3.594,3.62,3.72
469.0,470.0,5.259,5.171,5.089,5.009,4.93,4.855,4.782,4.714,4.649,4.588,4.531,4.477,4.226,4.065,3.964,3.9,3.835,3.813,3.811,3.818,3.829,3.841,3.853,3.9
469.0,471.0,5.087,5.004,4.928,4.853,4.779,4.708,4.64,4.576,4.515,4.458,4.405,4.355,4.122,3.975,3.883,3.827,3.775,3.762,3.767,3.779,3.795,3.811,3.826,3.885
469.0,472.0,4.925,4.846,4.776,4.706,4.637,4.57,4.507,4.446,4.389,4.336,4.287,4.24,4.024,3.889,3.807,3.759,3.718,3.714,3.725,3.743,3.762,3.781,3.8,3.87
469.0,473.0,4.773,4.698,4.633,4.568,4.503,4.44,4.381,4.324,4.271,4.221,4.175,4.132,3.932,3.808,3.735,3.694,3.664,3.668,3.685,3.707,3.73,3.753,3.774,3.854
469.0,474.0,4.63,4.559,4.498,4.437,4.377,4.318,4.262,4.209,4.159,4.113,4.07,4.03,3.845,3.732,3.666,3.632,3.613,3.624,3.647,3.673,3.7,3.725,3.749,3.839
469.0,475.0,4.495,4.427,4.372,4.315,4.258,4.203,4.15,4.1,4.054,4.011,3.97,3.933,3.762,3.66,3.602,3.573,3.564,3.582,3.61,3.64,3.67,3.699,3.724,3.823
469.0,476.0,4.368,4.304,4.252,4.199,4.146,4.094,4.045,3.998,3.955,3.914,3.877,3.842,3.685,3.591,3.541,3.518,3.517,3.542,3.575,3.609,3.642,3.673,3.7,3.808
469.0,477.0,4.248,4.188,4.14,4.09,4.04,3.992,3.945,3.902,3.861,3.823,3.789,3.756,3.611,3.527,3.483,3.465,3.473,3.504,3.541,3.579,3.614,3.647,3.677,3.792
469.0,478.0,4.136,4.078,4.034,3.988,3.941,3.896,3.852,3.811,3.773,3.738,3.705,3.676,3.542,3.466,3.428,3.415,3.431,3.467,3.508,3.549,3.588,3.623,3.655,3.776
469.0,479.0,4.03,3.975,3.935,3.892,3.848,3.805,3.764,3.726,3.69,3.657,3.627,3.599,3.477,3.408,3.376,3.368,3.39,3.432,3.477,3.521,3.562,3.599,3.632,3.761
469.0,480.0,3.93,3.878,3.841,3.801,3.76,3.719,3.681,3.645,3.612,3.581,3.553,3.527,3.415,3.353,3.326,3.323,3.352,3.398,3.447,3.494,3.537,3.576,3.611,3.745
469.0,481.0,3.837,3.787,3.753,3.715,3.677,3.639,3.603,3.569,3.538,3.509,3.483,3.46,3.356,3.301,3.28,3.28,3.315,3.366,3.418,3.467,3.512,3.553,3.59,3.73
470.0,471.0,5.385,5.321,5.26,5.201,5.144,5.09,5.038,4.989,4.943,4.898,4.857,4.817,4.627,4.498,4.411,4.351,4.277,4.236,4.213,4.201,4.196,4.196,4.197,4.206
470.0,472.0,5.303,5.239,5.178,5.12,5.064,5.01,4.959,4.91,4.864,4.821,4.78,4.741,4.554,4.43,4.348,4.292,4.227,4.194,4.178,4.172,4.172,4.176,4.181,4.205
470.0,473.0,5.219,5.154,5.095,5.038,4.982,4.929,4.879,4.831,4.786,4.743,4.703,4.665,4.482,4.362,4.285,4.234,4.178,4.152,4.142,4.142,4.147,4.156,4.165,4.202
470.0,474.0,5.133,5.069,5.011,4.955,4.9,4.848,4.798,4.752,4.707,4.665,4.626,4.589,4.41,4.295,4.223,4.177,4.129,4.11,4.107,4.112,4.122,4.135,4.147,4.197
470.0,475.0,5.047,4.983,4.927,4.871,4.818,4.767,4.718,4.672,4.629,4.588,4.549,4.513,4.34,4.23,4.162,4.121,4.081,4.069,4.072,4.083,4.097,4.113,4.129,4.191
470.0,476.0,4.96,4.897,4.842,4.788,4.735,4.685,4.638,4.593,4.551,4.511,4.473,4.438,4.27,4.165,4.102,4.066,4.034,4.029,4.037,4.053,4.071,4.091,4.111,4.184
470.0,477.0,4.873,4.812,4.758,4.705,4.654,4.605,4.559,4.515,4.474,4.435,4.399,4.364,4.201,4.102,4.044,4.012,3.987,3.989,4.003,4.023,4.046,4.069,4.091,4.176
470.0,478.0,4.787,4.726,4.675,4.623,4.573,4.525,4.48,4.438,4.398,4.36,4.325,4.291,4.134,4.04,3.987,3.959,3.942,3.95,3.969,3.993,4.02,4.047,4.072,4.166
470.0,479.0,4.702,4.642,4.592,4.542,4.493,4.447,4.403,4.362,4.323,4.287,4.252,4.22,4.069,3.979,3.931,3.907,3.897,3.911,3.935,3.964,3.994,4.024,4.052,4.156
470.0,480.0,4.617,4.559,4.51,4.461,4.414,4.369,4.327,4.287,4.25,4.214,4.181,4.15,4.004,3.92,3.876,3.857,3.854,3.873,3.902,3.935,3.969,4.001,4.032,4.144
470.0,481.0,4.534,4.477,4.43,4.383,4.337,4.293,4.252,4.214,4.178,4.143,4.111,4.081,3.942,3.862,3.823,3.807,3.811,3.836,3.87,3.906,3.943,3.978,4.011,4.132
470.0,482.0,4.452,4.396,4.351,4.305,4.261,4.219,4.179,4.142,4.107,4.074,4.043,4.014,3.881,3.806,3.771,3.76,3.77,3.8,3.838,3.878,3.918,3.956,3.991,4.12
471.0,472.0,5.338,5.277,5.216,5.16,5.107,5.056,5.009,4.964,4.922,4.882,4.844,4.809,4.634,4.507,4.413,4.343,4.255,4.208,4.182,4.166,4.154,4.145,4.137,4.109
471.0,473.0,5.274,5.211,5.151,5.094,5.041,4.99,4.942,4.897,4.855,4.815,4.778,4.743,4.569,4.444,4.353,4.288,4.209,4.17,4.151,4.141,4.135,4.13,4.127,4.114
471.0,474.0,5.205,5.143,5.083,5.026,4.972,4.921,4.874,4.829,4.787,4.747,4.71,4.675,4.504,4.382,4.294,4.233,4.162,4.131,4.119,4.115,4.114,4.114,4.115,4.117
471.0,475.0,5.134,5.071,5.012,4.955,4.901,4.851,4.803,4.759,4.717,4.678,4.641,4.607,4.438,4.319,4.236,4.179,4.117,4.093,4.087,4.089,4.093,4.097,4.102,4.118
471.0,476.0,5.06,4.997,4.939,4.882,4.829,4.779,4.732,4.688,4.647,4.608,4.572,4.538,4.373,4.257,4.178,4.125,4.071,4.055,4.055,4.062,4.071,4.079,4.088,4.117
471.0,477.0,4.984,4.922,4.864,4.809,4.756,4.706,4.659,4.616,4.576,4.538,4.503,4.469,4.308,4.196,4.12,4.072,4.026,4.017,4.023,4.035,4.048,4.061,4.072,4.115
471.0,478.0,4.907,4.845,4.789,4.734,4.682,4.632,4.587,4.544,4.505,4.468,4.433,4.401,4.243,4.135,4.064,4.02,3.982,3.979,3.991,4.007,4.025,4.041,4.056,4.11
471.0,479.0,4.829,4.768,4.713,4.659,4.607,4.559,4.514,4.472,4.434,4.398,4.364,4.332,4.179,4.075,4.009,3.968,3.938,3.942,3.959,3.98,4.001,4.021,4.04,4.105
471.0,480.0,4.75,4.69,4.637,4.584,4.533,4.486,4.442,4.401,4.363,4.328,4.295,4.265,4.117,4.017,3.954,3.918,3.895,3.905,3.927,3.953,3.978,4.001,4.022,4.098
471.0,481.0,4.672,4.613,4.561,4.509,4.459,4.413,4.37,4.33,4.293,4.259,4.228,4.198,4.055,3.959,3.901,3.869,3.853,3.869,3.896,3.925,3.954,3.98,4.004,4.09
471.0,482.0,4.594,4.536,4.485,4.435,4.386,4.341,4.299,4.26,4.225,4.192,4.161,4.132,3.994,3.903,3.849,3.821,3.812,3.833,3.865,3.898,3.93,3.959,3.986,4.081
471.0,483.0,4.516,4.459,4.411,4.361,4.314,4.27,4.229,4.191,4.157,4.125,4.095,4.068,3.934,3.848,3.798,3.774,3.772,3.798,3.834,3.871,3.906,3.938,3.967,4.071
472.0,473.0,5.371,5.346,5.316,5.286,5.257,5.229,5.202,5.176,5.15,5.125,5.1,5.077,4.961,4.883,4.833,4.797,4.741,4.701,4.672,4.651,4.635,4.622,4.612,4.571
472.0,474.0,5.32,5.294,5.264,5.234,5.205,5.177,5.149,5.121,5.095,5.069,5.044,5.02,4.903,4.828,4.78,4.747,4.7,4.667,4.645,4.63,4.619,4.611,4.604,4.579
472.0,475.0,5.265,5.237,5.208,5.178,5.149,5.12,5.092,5.064,5.037,5.01,4.985,4.961,4.844,4.771,4.727,4.698,4.659,4.633,4.617,4.608,4.602,4.599,4.596,4.585
472.0,476.0,5.206,5.177,5.148,5.119,5.09,5.061,5.032,5.004,4.976,4.95,4.925,4.901,4.785,4.715,4.674,4.648,4.617,4.599,4.59,4.586,4.585,4.585,4.586,4.59
472.0,477.0,5.143,5.113,5.085,5.057,5.028,4.999,4.97,4.942,4.915,4.888,4.863,4.839,4.726,4.658,4.621,4.599,4.576,4.565,4.562,4.563,4.567,4.571,4.575,4.593
472.0,478.0,5.078,5.047,5.02,4.992,4.964,4.935,4.907,4.879,4.852,4.826,4.801,4.777,4.666,4.602,4.568,4.55,4.534,4.53,4.533,4.54,4.548,4.556,4.564,4.594
472.0,479.0,5.01,4.98,4.954,4.927,4.899,4.871,4.842,4.815,4.788,4.762,4.737,4.714,4.606,4.546,4.516,4.502,4.493,4.496,4.505,4.516,4.528,4.54,4.551,4.594
472.0,480.0,4.942,4.911,4.886,4.86,4.833,4.805,4.777,4.75,4.724,4.698,4.674,4.651,4.547,4.491,4.465,4.454,4.453,4.462,4.476,4.492,4.509,4.524,4.538,4.593
472.0,481.0,4.872,4.841,4.817,4.792,4.766,4.739,4.712,4.685,4.659,4.634,4.611,4.589,4.489,4.437,4.414,4.407,4.413,4.428,4.448,4.468,4.488,4.507,4.524,4.591
472.0,482.0,4.802,4.771,4.749,4.725,4.699,4.673,4.647,4.621,4.595,4.571,4.548,4.526,4.431,4.383,4.364,4.36,4.373,4.395,4.42,4.444,4.468,4.49,4.51,4.587
472.0,483.0,4.731,4.7,4.68,4.657,4.632,4.607,4.581,4.556,4.531,4.508,4.486,4.465,4.374,4.33,4.315,4.315,4.334,4.362,4.391,4.42,4.447,4.472,4.495,4.582
472.0,484.0,4.661,4.63,4.611,4.589,4.566,4.541,4.517,4.492,4.468,4.445,4.424,4.404,4.317,4.278,4.266,4.27,4.296,4.329,4.363,4.396,4.427,4.455,4.48,4.577
473.0,474.0,5.34,5.299,5.257,5.216,5.178,5.141,5.106,5.072,5.04,5.009,4.98,4.952,4.816,4.722,4.656,4.608,4.543,4.503,4.477,4.46,4.448,4.438,4.431,4.404
473.0,475.0,5.262,5.221,5.18,5.141,5.103,5.067,5.032,4.999,4.968,4.938,4.909,4.882,4.75,4.66,4.599,4.555,4.499,4.466,4.447,4.435,4.428,4.423,4.419,4.407
473.0,476.0,5.183,5.143,5.103,5.065,5.028,4.993,4.959,4.926,4.896,4.866,4.838,4.812,4.685,4.6,4.543,4.504,4.456,4.431,4.418,4.411,4.408,4.407,4.407,4.407
473.0,477.0,5.103,5.063,5.026,4.989,4.953,4.919,4.885,4.854,4.824,4.795,4.768,4.743,4.621,4.541,4.488,4.453,4.414,4.396,4.388,4.387,4.388,4.391,4.394,4.407
473.0,478.0,5.024,4.984,4.949,4.913,4.878,4.845,4.812,4.782,4.752,4.725,4.699,4.674,4.558,4.482,4.434,4.404,4.372,4.361,4.359,4.363,4.368,4.375,4.381,4.406
473.0,479.0,4.945,4.906,4.872,4.838,4.804,4.771,4.74,4.71,4.682,4.655,4.63,4.606,4.496,4.425,4.381,4.355,4.331,4.326,4.33,4.338,4.348,4.358,4.367,4.403
473.0,480.0,4.866,4.828,4.795,4.763,4.731,4.699,4.668,4.639,4.612,4.586,4.562,4.539,4.435,4.369,4.33,4.307,4.291,4.293,4.302,4.314,4.328,4.341,4.353,4.4
473.0,481.0,4.788,4.75,4.72,4.689,4.658,4.627,4.598,4.57,4.543,4.518,4.495,4.474,4.375,4.314,4.279,4.261,4.251,4.259,4.274,4.29,4.307,4.323,4.338,4.396
473.0,482.0,4.711,4.674,4.646,4.616,4.586,4.557,4.529,4.501,4.476,4.452,4.43,4.409,4.316,4.26,4.229,4.215,4.213,4.227,4.246,4.267,4.287,4.306,4.323,4.391
473.0,483.0,4.635,4.599,4.573,4.545,4.516,4.488,4.46,4.434,4.41,4.387,4.366,4.346,4.259,4.208,4.181,4.17,4.175,4.194,4.218,4.243,4.266,4.288,4.308,4.385
473.0,484.0,4.561,4.526,4.501,4.475,4.447,4.42,4.394,4.369,4.345,4.323,4.303,4.285,4.203,4.156,4.134,4.127,4.138,4.163,4.191,4.219,4.246,4.271,4.293,4.379
473.0,485.0,4.488,4.454,4.431,4.406,4.38,4.354,4.329,4.305,4.282,4.261,4.242,4.225,4.148,4.106,4.088,4.084,4.102,4.132,4.164,4.196,4.226,4.253,4.277,4.372
474.0,475.0,5.332,5.291,5.245,5.2,5.157,5.114,5.072,5.032,4.993,4.956,4.92,4.887,4.724,4.616,4.543,4.493,4.43,4.393,4.369,4.352,4.338,4.327,4.318,4.281
474.0,476.0,5.252,5.21,5.166,5.122,5.079,5.037,4.996,4.956,4.918,4.881,4.847,4.814,4.656,4.552,4.484,4.439,4.385,4.356,4.339,4.328,4.319,4.312,4.307,4.285
474.0,477.0,5.17,5.129,5.086,5.043,5.001,4.96,4.92,4.88,4.843,4.807,4.773,4.741,4.588,4.489,4.426,4.385,4.34,4.319,4.309,4.303,4.3,4.297,4.295,4.288
474.0,478.0,5.088,5.046,5.005,4.964,4.923,4.882,4.843,4.805,4.768,4.733,4.7,4.669,4.521,4.427,4.369,4.333,4.296,4.283,4.279,4.279,4.28,4.281,4.283,4.289
474.0,479.0,5.005,4.963,4.924,4.884,4.845,4.805,4.767,4.729,4.693,4.659,4.627,4.597,4.455,4.366,4.313,4.281,4.253,4.247,4.249,4.254,4.259,4.265,4.269,4.288
474.0,480.0,4.922,4.881,4.843,4.805,4.766,4.728,4.691,4.654,4.619,4.586,4.555,4.526,4.39,4.306,4.257,4.23,4.211,4.212,4.219,4.229,4.239,4.248,4.256,4.287
474.0,481.0,4.84,4.799,4.763,4.726,4.689,4.652,4.615,4.58,4.546,4.515,4.484,4.456,4.326,4.248,4.203,4.181,4.169,4.177,4.19,4.204,4.218,4.23,4.241,4.285
474.0,482.0,4.758,4.717,4.684,4.648,4.612,4.577,4.541,4.507,4.475,4.444,4.415,4.388,4.264,4.19,4.151,4.132,4.128,4.142,4.161,4.18,4.197,4.213,4.227,4.281
474.0,483.0,4.677,4.637,4.605,4.571,4.537,4.502,4.468,4.435,4.404,4.374,4.346,4.32,4.202,4.134,4.099,4.085,4.088,4.108,4.132,4.155,4.176,4.195,4.212,4.276
474.0,484.0,4.597,4.558,4.528,4.496,4.463,4.429,4.397,4.365,4.334,4.306,4.279,4.254,4.143,4.08,4.049,4.038,4.049,4.075,4.103,4.13,4.155,4.177,4.196,4.271
474.0,485.0,4.519,4.48,4.452,4.422,4.39,4.358,4.326,4.296,4.267,4.239,4.214,4.19,4.084,4.026,4.0,3.993,4.01,4.042,4.075,4.106,4.134,4.159,4.18,4.265
474.0,486.0,4.442,4.404,4.378,4.349,4.319,4.288,4.258,4.228,4.2,4.174,4.15,4.127,4.028,3.975,3.952,3.949,3.973,4.01,4.048,4.082,4.113,4.14,4.164,4.258
475.0,476.0,5.271,5.185,5.108,5.032,4.957,4.884,4.815,4.749,4.686,4.627,4.571,4.518,4.268,4.109,4.013,3.956,3.904,3.891,3.895,3.907,3.924,3.941,3.958,4.025
475.0,477.0,5.137,5.053,4.98,4.907,4.835,4.765,4.698,4.635,4.575,4.518,4.465,4.414,4.176,4.026,3.937,3.886,3.844,3.839,3.849,3.866,3.887,3.908,3.928,4.006
475.0,478.0,5.007,4.926,4.856,4.786,4.717,4.65,4.586,4.525,4.467,4.413,4.362,4.314,4.087,3.945,3.863,3.819,3.786,3.788,3.804,3.826,3.851,3.875,3.898,3.987
475.0,479.0,4.881,4.803,4.736,4.669,4.603,4.538,4.477,4.419,4.364,4.312,4.263,4.217,4.001,3.868,3.793,3.754,3.73,3.739,3.761,3.788,3.816,3.843,3.868,3.967
475.0,480.0,4.759,4.684,4.62,4.556,4.493,4.431,4.372,4.316,4.264,4.214,4.168,4.124,3.919,3.794,3.725,3.691,3.677,3.692,3.719,3.75,3.781,3.811,3.839,3.947
475.0,481.0,4.642,4.569,4.509,4.448,4.387,4.328,4.271,4.218,4.168,4.12,4.076,4.034,3.84,3.723,3.66,3.631,3.625,3.647,3.678,3.713,3.748,3.78,3.811,3.927
475.0,482.0,4.53,4.459,4.402,4.343,4.285,4.228,4.174,4.123,4.075,4.03,3.988,3.948,3.764,3.654,3.598,3.574,3.575,3.603,3.639,3.677,3.715,3.75,3.783,3.907
475.0,483.0,4.421,4.353,4.299,4.243,4.187,4.133,4.081,4.032,3.987,3.944,3.903,3.866,3.691,3.589,3.538,3.519,3.527,3.56,3.601,3.643,3.683,3.72,3.755,3.886
475.0,484.0,4.317,4.251,4.199,4.146,4.093,4.041,3.992,3.945,3.901,3.861,3.822,3.787,3.621,3.526,3.481,3.466,3.481,3.52,3.564,3.609,3.652,3.692,3.728,3.866
475.0,485.0,4.217,4.153,4.104,4.053,4.003,3.953,3.906,3.862,3.82,3.781,3.745,3.711,3.555,3.466,3.426,3.415,3.437,3.48,3.528,3.576,3.621,3.663,3.701,3.846
475.0,486.0,4.121,4.059,4.013,3.965,3.916,3.869,3.824,3.782,3.742,3.705,3.67,3.638,3.491,3.409,3.373,3.367,3.395,3.442,3.494,3.544,3.592,3.636,3.675,3.825
475.0,487.0,4.029,3.969,3.926,3.88,3.833,3.788,3.745,3.705,3.667,3.632,3.599,3.569,3.43,3.354,3.323,3.32,3.354,3.406,3.461,3.514,3.563,3.609,3.649,3.805
476.0,477.0,5.016,4.917,4.833,4.749,4.668,4.591,4.518,4.449,4.383,4.321,4.263,4.209,3.95,3.793,3.704,3.657,3.63,3.646,3.681,3.724,3.77,3.814,3.856,4.012
476.0,478.0,4.86,4.765,4.686,4.607,4.531,4.458,4.389,4.324,4.262,4.204,4.149,4.098,3.856,3.71,3.63,3.59,3.572,3.595,3.635,3.682,3.73,3.777,3.82,3.983
476.0,479.0,4.712,4.622,4.548,4.473,4.401,4.332,4.267,4.206,4.148,4.093,4.041,3.993,3.766,3.632,3.56,3.526,3.518,3.547,3.592,3.642,3.692,3.741,3.786,3.954
476.0,480.0,4.572,4.486,4.417,4.347,4.278,4.214,4.152,4.094,4.04,3.988,3.94,3.894,3.682,3.558,3.494,3.466,3.466,3.501,3.55,3.603,3.656,3.706,3.753,3.926
476.0,481.0,4.44,4.358,4.293,4.227,4.162,4.101,4.043,3.989,3.938,3.889,3.843,3.801,3.602,3.488,3.432,3.409,3.417,3.458,3.51,3.566,3.621,3.673,3.721,3.898
476.0,482.0,4.316,4.238,4.176,4.114,4.053,3.995,3.941,3.889,3.841,3.795,3.752,3.712,3.527,3.422,3.372,3.355,3.371,3.416,3.472,3.53,3.587,3.641,3.69,3.871
476.0,483.0,4.198,4.123,4.066,4.007,3.95,3.895,3.844,3.796,3.75,3.707,3.667,3.629,3.455,3.36,3.316,3.304,3.327,3.376,3.435,3.496,3.555,3.61,3.66,3.845
476.0,484.0,4.087,4.016,3.962,3.906,3.852,3.801,3.753,3.707,3.664,3.624,3.586,3.55,3.388,3.301,3.264,3.256,3.285,3.339,3.401,3.464,3.524,3.58,3.631,3.82
476.0,485.0,3.982,3.914,3.864,3.811,3.76,3.712,3.666,3.623,3.583,3.545,3.509,3.476,3.325,3.245,3.213,3.21,3.245,3.303,3.367,3.432,3.494,3.551,3.603,3.795
476.0,486.0,3.884,3.819,3.772,3.722,3.674,3.628,3.585,3.545,3.507,3.471,3.438,3.406,3.265,3.193,3.166,3.167,3.207,3.268,3.335,3.402,3.465,3.524,3.576,3.77
476.0,487.0,3.791,3.729,3.685,3.638,3.592,3.549,3.509,3.471,3.435,3.401,3.37,3.34,3.208,3.143,3.121,3.126,3.171,3.236,3.305,3.373,3.438,3.497,3.55,3.747
476.0,488.0,3.704,3.644,3.603,3.559,3.516,3.475,3.437,3.401,3.367,3.335,3.306,3.278,3.155,3.096,3.079,3.087,3.137,3.204,3.276,3.346,3.411,3.471,3.525,3.723
477.0,478.0,4.517,4.431,4.364,4.295,4.229,4.166,4.106,4.049,3.996,3.946,3.898,3.854,3.65,3.534,3.474,3.449,3.453,3.492,3.544,3.599,3.655,3.707,3.756,3.936
477.0,479.0,4.382,4.301,4.237,4.173,4.111,4.051,3.995,3.942,3.892,3.845,3.8,3.759,3.569,3.462,3.41,3.391,3.403,3.447,3.503,3.561,3.619,3.673,3.723,3.908
477.0,480.0,4.255,4.177,4.118,4.058,3.999,3.943,3.891,3.841,3.794,3.75,3.708,3.669,3.492,3.395,3.35,3.336,3.356,3.405,3.464,3.525,3.585,3.64,3.691,3.88
477.0,481.0,4.136,4.061,4.006,3.949,3.894,3.842,3.792,3.746,3.701,3.66,3.621,3.585,3.42,3.332,3.293,3.284,3.311,3.364,3.427,3.49,3.552,3.609,3.66,3.853
477.0,482.0,4.023,3.952,3.901,3.847,3.795,3.746,3.7,3.656,3.614,3.575,3.539,3.505,3.352,3.272,3.24,3.235,3.268,3.326,3.391,3.457,3.52,3.578,3.631,3.826
477.0,483.0,3.917,3.85,3.801,3.751,3.703,3.656,3.613,3.571,3.533,3.496,3.462,3.43,3.288,3.216,3.189,3.189,3.228,3.29,3.358,3.426,3.49,3.549,3.602,3.8
477.0,484.0,3.817,3.753,3.708,3.661,3.615,3.572,3.531,3.492,3.455,3.421,3.389,3.36,3.228,3.163,3.141,3.145,3.19,3.255,3.326,3.395,3.461,3.521,3.575,3.775
477.0,485.0,3.724,3.662,3.62,3.576,3.533,3.492,3.454,3.417,3.383,3.351,3.321,3.293,3.171,3.113,3.097,3.104,3.153,3.222,3.295,3.366,3.433,3.494,3.548,3.751
477.0,486.0,3.636,3.577,3.538,3.496,3.456,3.417,3.381,3.347,3.315,3.285,3.257,3.231,3.117,3.066,3.054,3.065,3.119,3.191,3.266,3.338,3.406,3.467,3.523,3.727
477.0,487.0,3.553,3.497,3.461,3.422,3.383,3.347,3.313,3.281,3.251,3.223,3.197,3.172,3.067,3.022,3.014,3.028,3.087,3.161,3.238,3.312,3.38,3.442,3.498,3.704
477.0,488.0,3.476,3.422,3.388,3.351,3.315,3.281,3.249,3.219,3.191,3.165,3.14,3.117,3.02,2.98,2.976,2.993,3.056,3.133,3.211,3.286,3.355,3.418,3.474,3.682
477.0,489.0,3.403,3.352,3.32,3.285,3.252,3.22,3.189,3.161,3.135,3.11,3.087,3.066,2.976,2.941,2.941,2.96,3.027,3.106,3.186,3.262,3.332,3.395,3.451,3.66
478.0,479.0,4.484,4.446,4.417,4.387,4.358,4.331,4.305,4.281,4.258,4.236,4.216,4.197,4.11,4.065,4.046,4.044,4.062,4.094,4.13,4.166,4.201,4.233,4.261,4.367
478.0,480.0,4.429,4.391,4.363,4.333,4.305,4.277,4.252,4.227,4.205,4.183,4.163,4.144,4.059,4.016,4.001,4.001,4.025,4.062,4.102,4.142,4.18,4.215,4.246,4.361
478.0,481.0,4.374,4.335,4.307,4.278,4.25,4.223,4.197,4.174,4.151,4.13,4.11,4.092,4.009,3.968,3.955,3.959,3.988,4.03,4.074,4.118,4.159,4.197,4.231,4.355
478.0,482.0,4.317,4.278,4.251,4.222,4.194,4.168,4.143,4.119,4.097,4.077,4.057,4.039,3.959,3.921,3.911,3.917,3.952,3.998,4.047,4.094,4.138,4.178,4.214,4.347
478.0,483.0,4.259,4.221,4.194,4.166,4.139,4.113,4.088,4.065,4.044,4.023,4.004,3.987,3.909,3.874,3.867,3.876,3.916,3.966,4.019,4.07,4.117,4.159,4.198,4.338
478.0,484.0,4.201,4.163,4.137,4.11,4.083,4.058,4.034,4.011,3.99,3.971,3.952,3.935,3.86,3.828,3.824,3.836,3.88,3.935,3.992,4.045,4.095,4.14,4.18,4.328
478.0,485.0,4.143,4.105,4.081,4.054,4.028,4.003,3.98,3.958,3.937,3.918,3.9,3.884,3.812,3.783,3.782,3.796,3.846,3.905,3.964,4.021,4.073,4.121,4.163,4.318
478.0,486.0,4.085,4.048,4.024,3.998,3.973,3.948,3.926,3.905,3.885,3.866,3.849,3.833,3.765,3.739,3.741,3.757,3.811,3.874,3.938,3.997,4.052,4.101,4.145,4.306
478.0,487.0,4.028,3.991,3.968,3.943,3.918,3.895,3.873,3.852,3.833,3.816,3.799,3.783,3.719,3.696,3.7,3.719,3.778,3.845,3.911,3.973,4.03,4.082,4.127,4.294
478.0,488.0,3.971,3.935,3.913,3.888,3.864,3.842,3.821,3.801,3.783,3.765,3.749,3.735,3.673,3.653,3.661,3.682,3.745,3.815,3.885,3.949,4.009,4.062,4.109,4.282
478.0,489.0,3.915,3.879,3.858,3.835,3.811,3.79,3.769,3.75,3.733,3.716,3.701,3.687,3.629,3.612,3.622,3.646,3.713,3.787,3.859,3.926,3.987,4.042,4.091,4.269
478.0,490.0,3.859,3.824,3.805,3.782,3.76,3.739,3.719,3.701,3.684,3.668,3.654,3.64,3.586,3.572,3.584,3.611,3.682,3.759,3.833,3.903,3.966,4.022,4.073,4.256
479.0,480.0,4.391,4.364,4.343,4.32,4.298,4.276,4.256,4.237,4.22,4.204,4.19,4.176,4.114,4.075,4.053,4.042,4.043,4.056,4.075,4.094,4.112,4.129,4.145,4.202
479.0,481.0,4.363,4.334,4.311,4.288,4.264,4.242,4.221,4.201,4.183,4.167,4.152,4.138,4.074,4.034,4.013,4.004,4.009,4.028,4.051,4.075,4.097,4.118,4.136,4.205
479.0,482.0,4.329,4.299,4.276,4.252,4.228,4.204,4.182,4.162,4.144,4.127,4.111,4.097,4.032,3.993,3.972,3.966,3.976,4.0,4.027,4.055,4.081,4.105,4.126,4.205
479.0,483.0,4.292,4.261,4.238,4.213,4.188,4.164,4.141,4.121,4.102,4.085,4.069,4.055,3.989,3.951,3.932,3.927,3.942,3.971,4.003,4.035,4.064,4.091,4.115,4.204
479.0,484.0,4.252,4.22,4.197,4.172,4.146,4.122,4.099,4.078,4.059,4.041,4.026,4.011,3.946,3.908,3.891,3.889,3.909,3.942,3.978,4.014,4.046,4.076,4.103,4.202
479.0,485.0,4.209,4.177,4.154,4.128,4.102,4.078,4.055,4.033,4.014,3.997,3.981,3.967,3.903,3.866,3.851,3.85,3.875,3.913,3.954,3.992,4.028,4.061,4.09,4.198
479.0,486.0,4.164,4.131,4.108,4.083,4.057,4.032,4.009,3.988,3.969,3.952,3.936,3.922,3.859,3.824,3.81,3.812,3.842,3.884,3.929,3.971,4.01,4.045,4.076,4.193
479.0,487.0,4.118,4.084,4.062,4.037,4.011,3.986,3.963,3.942,3.923,3.906,3.891,3.877,3.815,3.782,3.77,3.775,3.809,3.856,3.904,3.949,3.991,4.028,4.062,4.187
479.0,488.0,4.07,4.036,4.015,3.99,3.964,3.939,3.916,3.895,3.877,3.86,3.845,3.831,3.772,3.74,3.731,3.737,3.776,3.827,3.879,3.927,3.972,4.012,4.047,4.18
479.0,489.0,4.021,3.988,3.966,3.942,3.917,3.892,3.869,3.849,3.83,3.814,3.799,3.786,3.728,3.699,3.692,3.701,3.744,3.799,3.854,3.905,3.952,3.994,4.032,4.172
479.0,490.0,3.971,3.938,3.918,3.894,3.869,3.845,3.822,3.802,3.784,3.768,3.754,3.741,3.686,3.659,3.654,3.665,3.712,3.771,3.829,3.883,3.933,3.977,4.016,4.163
479.0,491.0,3.922,3.889,3.869,3.846,3.821,3.797,3.775,3.755,3.738,3.722,3.708,3.696,3.643,3.619,3.616,3.629,3.681,3.744,3.805,3.861,3.913,3.959,4.0,4.153
480.0,481.0,4.168,4.156,4.155,4.151,4.147,4.144,4.141,4.138,4.136,4.134,4.133,4.132,4.134,4.152,4.18,4.212,4.278,4.341,4.398,4.45,4.496,4.536,4.572,4.701
480.0,482.0,4.148,4.134,4.132,4.127,4.122,4.117,4.113,4.11,4.107,4.104,4.102,4.1,4.1,4.117,4.145,4.178,4.248,4.315,4.376,4.431,4.48,4.523,4.561,4.7
480.0,483.0,4.124,4.108,4.105,4.099,4.093,4.088,4.083,4.079,4.075,4.072,4.069,4.067,4.064,4.081,4.11,4.145,4.218,4.288,4.353,4.412,4.464,4.51,4.55,4.698
480.0,484.0,4.096,4.079,4.075,4.069,4.062,4.056,4.05,4.046,4.041,4.038,4.034,4.032,4.027,4.044,4.074,4.11,4.187,4.262,4.33,4.392,4.447,4.495,4.538,4.694
480.0,485.0,4.065,4.047,4.043,4.036,4.028,4.022,4.016,4.011,4.006,4.002,3.998,3.995,3.99,4.007,4.038,4.076,4.157,4.235,4.306,4.371,4.429,4.48,4.525,4.689
480.0,486.0,4.031,4.013,4.008,4.001,3.993,3.986,3.979,3.974,3.969,3.965,3.961,3.958,3.952,3.97,4.002,4.042,4.126,4.207,4.282,4.35,4.411,4.464,4.511,4.683
480.0,487.0,3.995,3.976,3.972,3.964,3.956,3.948,3.942,3.936,3.931,3.927,3.923,3.919,3.914,3.932,3.966,4.008,4.095,4.18,4.258,4.329,4.392,4.448,4.496,4.675
480.0,488.0,3.958,3.938,3.934,3.926,3.917,3.91,3.903,3.898,3.893,3.888,3.884,3.881,3.875,3.895,3.931,3.974,4.065,4.153,4.234,4.307,4.373,4.431,4.481,4.667
480.0,489.0,3.919,3.899,3.894,3.886,3.878,3.871,3.864,3.858,3.853,3.849,3.845,3.842,3.837,3.858,3.895,3.94,4.035,4.126,4.21,4.286,4.353,4.413,4.466,4.658
480.0,490.0,3.879,3.858,3.854,3.846,3.838,3.831,3.824,3.819,3.814,3.81,3.806,3.803,3.799,3.821,3.86,3.907,4.005,4.099,4.186,4.264,4.334,4.395,4.449,4.647
480.0,491.0,3.838,3.817,3.814,3.806,3.798,3.791,3.784,3.779,3.774,3.77,3.766,3.763,3.761,3.784,3.825,3.874,3.975,4.072,4.162,4.242,4.314,4.377,4.433,4.636
480.0,492.0,3.796,3.776,3.772,3.765,3.757,3.75,3.744,3.739,3.734,3.731,3.727,3.724,3.723,3.748,3.791,3.841,3.946,4.046,4.138,4.22,4.294,4.359,4.416,4.625
