230.0,231.0,5.849,-5.017,-4.388,-3.275,0.848,0.867,0.889,0.912,0.938,0.966,0.996,1.027,1.059,1.093,1.128,1.164,1.398,1.647,1.9,2.147,2.606,3.006,3.345,3.629,3.866,4.063,4.229,4.757
230.0,232.0,5.819,-5.088,-4.033,-3.275,0.758,0.786,0.817,0.849,0.882,0.917,0.954,0.991,1.03,1.07,1.11,1.151,1.409,1.675,1.937,2.19,2.653,3.05,3.384,3.663,3.894,4.087,4.248,4.761
231.0,232.0,5.731,-4.894,-4.558,-3.275,0.846,0.859,0.874,0.892,0.912,0.935,0.959,0.986,1.014,1.043,1.074,1.106,1.32,1.556,1.798,2.037,2.487,2.883,3.22,3.503,3.74,3.938,4.104,4.634
230.0,233.0,5.803,-5.154,-3.736,-3.275,0.684,0.721,0.758,0.798,0.838,0.879,0.922,0.965,1.009,1.053,1.098,1.144,1.422,1.702,1.973,2.231,2.697,3.093,3.424,3.698,3.925,4.114,4.272,4.772
231.0,233.0,5.692,-4.966,-4.155,-3.275,0.746,0.769,0.794,0.822,0.85,0.881,0.913,0.947,0.982,1.018,1.054,1.092,1.333,1.586,1.839,2.084,2.537,2.93,3.261,3.537,3.768,3.96,4.121,4.634
232.0,233.0,6.133,-5.35,-2.361,-3.275,0.854,0.925,0.995,1.065,1.134,1.202,1.27,1.336,1.403,1.468,1.532,1.596,1.962,2.297,2.602,2.878,3.351,3.733,4.041,4.291,4.495,4.663,4.802,5.238
230.0,234.0,5.8,-5.217,-3.488,-3.275,0.624,0.668,0.712,0.757,0.803,0.85,0.897,0.945,0.994,1.042,1.092,1.141,1.438,1.729,2.008,2.271,2.741,3.136,3.464,3.735,3.958,4.144,4.299,4.789
231.0,234.0,5.668,-5.034,-3.816,-3.275,0.665,0.696,0.73,0.765,0.801,0.839,0.878,0.918,0.958,1.0,1.042,1.084,1.348,1.616,1.878,2.13,2.586,2.976,3.303,3.574,3.799,3.987,4.144,4.641
232.0,234.0,6.181,-5.399,-2.369,-3.275,0.853,0.925,0.996,1.067,1.136,1.206,1.274,1.342,1.408,1.475,1.54,1.604,1.974,2.312,2.62,2.899,3.376,3.762,4.073,4.325,4.53,4.699,4.839,5.279
233.0,234.0,6.155,-5.222,-1.878,-3.275,1.012,1.09,1.168,1.244,1.319,1.392,1.465,1.536,1.606,1.676,1.744,1.81,2.188,2.528,2.832,3.104,3.563,3.928,4.219,4.453,4.643,4.799,4.928,5.331
230.0,235.0,5.806,-5.278,-3.284,-3.275,0.576,0.625,0.675,0.726,0.777,0.828,0.88,0.932,0.984,1.037,1.089,1.142,1.454,1.756,2.042,2.309,2.783,3.178,3.504,3.773,3.994,4.177,4.33,4.812
231.0,235.0,5.658,-5.097,-3.532,-3.275,0.599,0.638,0.679,0.721,0.763,0.807,0.851,0.897,0.942,0.988,1.035,1.082,1.365,1.646,1.917,2.173,2.633,3.022,3.345,3.612,3.833,4.017,4.171,4.656
232.0,235.0,6.229,-5.449,-2.386,-3.275,0.853,0.926,0.998,1.069,1.139,1.209,1.278,1.347,1.414,1.481,1.547,1.612,1.985,2.327,2.638,2.919,3.401,3.79,4.103,4.357,4.565,4.735,4.876,5.32
233.0,235.0,6.213,-5.266,-1.948,-3.275,1.026,1.104,1.181,1.256,1.331,1.404,1.476,1.548,1.618,1.687,1.755,1.822,2.2,2.541,2.847,3.121,3.584,3.953,4.248,4.485,4.678,4.836,4.967,5.376
234.0,235.0,5.937,-4.782,-1.616,-3.275,1.23,1.304,1.377,1.449,1.519,1.588,1.656,1.723,1.789,1.854,1.917,1.979,2.331,2.645,2.925,3.174,3.594,3.926,4.19,4.402,4.574,4.715,4.831,5.194
230.0,236.0,5.821,-5.336,-3.117,-3.275,0.538,0.592,0.647,0.702,0.757,0.812,0.868,0.923,0.979,1.034,1.09,1.145,1.471,1.783,2.075,2.346,2.824,3.219,3.544,3.811,4.03,4.212,4.363,4.84
231.0,236.0,5.659,-5.158,-3.296,-3.275,0.546,0.592,0.639,0.686,0.735,0.783,0.833,0.882,0.932,0.982,1.033,1.083,1.384,1.677,1.955,2.216,2.679,3.067,3.388,3.652,3.87,4.05,4.201,4.678
232.0,236.0,6.279,-5.499,-2.409,-3.275,0.854,0.927,1.0,1.071,1.143,1.213,1.283,1.352,1.42,1.487,1.554,1.619,1.996,2.341,2.654,2.938,3.424,3.817,4.133,4.39,4.599,4.771,4.914,5.361
233.0,236.0,6.271,-5.311,-2.017,-3.275,1.038,1.116,1.192,1.267,1.341,1.415,1.487,1.558,1.628,1.697,1.765,1.831,2.211,2.553,2.861,3.136,3.604,3.977,4.276,4.516,4.712,4.872,5.005,5.42
234.0,236.0,5.989,-4.822,-1.661,-3.275,1.242,1.316,1.388,1.46,1.53,1.6,1.668,1.735,1.801,1.866,1.929,1.992,2.344,2.66,2.942,3.194,3.617,3.952,4.22,4.434,4.608,4.751,4.868,5.236
235.0,236.0,5.811,-4.508,-1.809,-3.275,1.367,1.43,1.493,1.555,1.616,1.677,1.737,1.796,1.854,1.911,1.968,2.023,2.34,2.628,2.888,3.121,3.518,3.837,4.093,4.299,4.467,4.605,4.72,5.078
230.0,237.0,5.843,-5.392,-2.982,-3.275,0.509,0.567,0.625,0.684,0.743,0.802,0.86,0.919,0.977,1.036,1.094,1.151,1.489,1.809,2.107,2.382,2.863,3.26,3.584,3.85,4.068,4.248,4.398,4.871
231.0,237.0,5.669,-5.216,-3.102,-3.275,0.504,0.556,0.608,0.661,0.713,0.767,0.82,0.874,0.927,0.981,1.034,1.088,1.404,1.707,1.992,2.256,2.723,3.111,3.43,3.692,3.908,4.086,4.235,4.704
232.0,237.0,6.33,-5.549,-2.438,-3.275,0.855,0.929,1.002,1.074,1.146,1.217,1.287,1.356,1.425,1.493,1.56,1.626,2.006,2.353,2.67,2.956,3.447,3.843,4.163,4.422,4.633,4.806,4.951,5.403
233.0,237.0,6.328,-5.357,-2.085,-3.275,1.049,1.126,1.202,1.277,1.35,1.423,1.495,1.566,1.636,1.705,1.773,1.84,2.22,2.564,2.873,3.151,3.623,4.0,4.303,4.546,4.745,4.907,5.042,5.464
234.0,237.0,6.041,-4.864,-1.709,-3.275,1.252,1.326,1.399,1.47,1.541,1.61,1.678,1.746,1.812,1.876,1.94,2.003,2.357,2.675,2.959,3.212,3.639,3.978,4.248,4.466,4.642,4.786,4.905,5.278
235.0,237.0,5.847,-4.551,-1.787,-3.275,1.363,1.427,1.492,1.555,1.618,1.679,1.74,1.8,1.86,1.918,1.975,2.032,2.354,2.645,2.908,3.144,3.545,3.866,4.123,4.331,4.499,4.638,4.753,5.112
236.0,237.0,5.538,-4.093,-2.74,-3.275,1.477,1.511,1.546,1.581,1.617,1.654,1.691,1.729,1.767,1.805,1.843,1.882,2.115,2.343,2.562,2.768,3.137,3.447,3.704,3.917,4.092,4.238,4.36,4.745
230.0,238.0,5.872,-5.447,-2.876,-3.275,0.486,0.548,0.61,0.672,0.733,0.795,0.856,0.918,0.979,1.039,1.099,1.159,1.507,1.834,2.138,2.416,2.901,3.299,3.624,3.889,4.107,4.286,4.436,4.906
231.0,238.0,5.688,-5.271,-2.944,-3.275,0.472,0.529,0.585,0.642,0.699,0.756,0.813,0.87,0.926,0.983,1.039,1.095,1.424,1.736,2.027,2.296,2.766,3.155,3.473,3.733,3.947,4.124,4.271,4.734
232.0,238.0,6.381,-5.599,-2.472,-3.275,0.856,0.93,1.004,1.076,1.148,1.22,1.291,1.36,1.43,1.498,1.566,1.632,2.015,2.365,2.684,2.973,3.468,3.868,4.191,4.453,4.666,4.842,4.987,5.444
233.0,238.0,6.384,-5.404,-2.153,-3.275,1.058,1.134,1.21,1.284,1.358,1.431,1.503,1.574,1.644,1.712,1.78,1.847,2.228,2.573,2.885,3.165,3.641,4.022,4.329,4.576,4.777,4.942,5.079,5.507
234.0,238.0,6.093,-4.905,-1.758,-3.275,1.262,1.336,1.408,1.48,1.55,1.62,1.688,1.755,1.821,1.886,1.95,2.013,2.369,2.688,2.974,3.229,3.66,4.003,4.276,4.496,4.674,4.82,4.941,5.319
235.0,238.0,5.886,-4.593,-1.775,-3.275,1.36,1.427,1.492,1.556,1.62,1.683,1.745,1.806,1.866,1.925,1.983,2.041,2.367,2.662,2.928,3.166,3.571,3.894,4.153,4.362,4.532,4.671,4.786,5.147
236.0,238.0,5.53,-4.145,-2.512,-3.275,1.425,1.465,1.505,1.546,1.587,1.629,1.67,1.712,1.754,1.796,1.838,1.88,2.129,2.368,2.594,2.804,3.176,3.485,3.739,3.948,4.121,4.263,4.382,4.758
237.0,238.0,5.318,-3.699,-2.038,-3.275,1.659,1.699,1.74,1.78,1.821,1.861,1.901,1.942,1.982,2.022,2.062,2.101,2.334,2.553,2.758,2.947,3.277,3.548,3.771,3.953,4.102,4.226,4.329,4.653
230.0,239.0,5.906,-5.501,-2.793,-3.275,0.469,0.534,0.599,0.663,0.728,0.792,0.856,0.919,0.982,1.045,1.107,1.168,1.526,1.859,2.167,2.449,2.938,3.338,3.664,3.929,4.146,4.325,4.474,4.943
231.0,239.0,5.714,-5.326,-2.817,-3.275,0.448,0.509,0.569,0.629,0.689,0.75,0.81,0.869,0.929,0.988,1.047,1.105,1.445,1.765,2.061,2.334,2.808,3.197,3.515,3.774,3.987,4.163,4.309,4.769
232.0,239.0,6.433,-5.651,-2.511,-3.275,0.857,0.932,1.005,1.079,1.151,1.223,1.294,1.364,1.434,1.503,1.57,1.638,2.023,2.376,2.698,2.989,3.489,3.893,4.219,4.484,4.699,4.877,5.024,5.486
233.0,239.0,6.44,-5.451,-2.221,-3.275,1.065,1.141,1.217,1.291,1.365,1.437,1.509,1.58,1.65,1.718,1.786,1.853,2.235,2.582,2.895,3.178,3.658,4.044,4.354,4.605,4.809,4.976,5.115,5.549
234.0,239.0,6.145,-4.948,-1.808,-3.275,1.271,1.345,1.417,1.489,1.559,1.628,1.697,1.764,1.83,1.895,1.959,2.022,2.379,2.7,2.988,3.245,3.68,4.026,4.303,4.526,4.706,4.855,4.977,5.36
235.0,239.0,5.927,-4.635,-1.773,-3.275,1.36,1.427,1.493,1.559,1.623,1.687,1.75,1.812,1.872,1.932,1.992,2.05,2.38,2.678,2.947,3.187,3.595,3.921,4.182,4.393,4.563,4.704,4.82,5.183
236.0,239.0,5.532,-4.194,-2.322,-3.275,1.383,1.428,1.473,1.519,1.564,1.61,1.656,1.701,1.747,1.792,1.837,1.882,2.145,2.393,2.625,2.839,3.213,3.522,3.774,3.981,4.151,4.291,4.408,4.776
237.0,239.0,5.32,-3.742,-1.855,-3.275,1.623,1.668,1.713,1.758,1.802,1.847,1.891,1.935,1.978,2.021,2.064,2.106,2.352,2.58,2.79,2.982,3.314,3.586,3.806,3.986,4.132,4.254,4.354,4.671
238.0,239.0,5.254,-3.427,-2.525,-3.275,1.85,1.873,1.897,1.922,1.949,1.975,2.003,2.031,2.06,2.089,2.118,2.148,2.331,2.516,2.695,2.867,3.177,3.441,3.662,3.845,3.997,4.123,4.229,4.563
230.0,240.0,5.944,-5.554,-2.731,-3.275,0.457,0.525,0.592,0.659,0.725,0.791,0.857,0.923,0.987,1.052,1.115,1.178,1.544,1.883,2.195,2.48,2.974,3.376,3.702,3.968,4.186,4.365,4.514,4.982
231.0,240.0,5.745,-5.378,-2.717,-3.275,0.431,0.494,0.558,0.621,0.684,0.747,0.81,0.872,0.934,0.995,1.056,1.116,1.466,1.793,2.094,2.37,2.848,3.239,3.557,3.816,4.028,4.203,4.348,4.806
232.0,240.0,6.485,-5.702,-2.554,-3.275,0.858,0.933,1.007,1.08,1.153,1.225,1.297,1.367,1.437,1.506,1.575,1.642,2.03,2.386,2.71,3.004,3.509,3.917,4.246,4.514,4.732,4.911,5.06,5.527
233.0,240.0,6.495,-5.5,-2.288,-3.275,1.071,1.147,1.222,1.296,1.37,1.442,1.514,1.584,1.654,1.723,1.791,1.858,2.241,2.589,2.905,3.19,3.675,4.065,4.379,4.633,4.839,5.009,5.15,5.591
234.0,240.0,6.196,-4.991,-1.86,-3.275,1.279,1.352,1.425,1.496,1.567,1.636,1.704,1.772,1.838,1.903,1.968,2.031,2.389,2.712,3.001,3.261,3.7,4.05,4.33,4.555,4.738,4.888,5.012,5.401
235.0,240.0,5.969,-4.677,-1.78,-3.275,1.36,1.428,1.495,1.562,1.627,1.691,1.755,1.817,1.879,1.94,2.0,2.058,2.392,2.693,2.964,3.207,3.619,3.948,4.211,4.423,4.595,4.736,4.853,5.219
236.0,240.0,5.541,-4.241,-2.166,-3.275,1.35,1.399,1.449,1.498,1.548,1.597,1.646,1.695,1.743,1.791,1.839,1.886,2.161,2.418,2.655,2.872,3.25,3.558,3.809,4.014,4.182,4.321,4.436,4.798
237.0,240.0,5.33,-3.784,-1.705,-3.275,1.595,1.645,1.694,1.742,1.79,1.838,1.885,1.932,1.978,2.024,2.069,2.114,2.37,2.606,2.821,3.017,3.351,3.622,3.841,4.019,4.164,4.283,4.382,4.693
238.0,240.0,5.231,-3.475,-2.236,-3.275,1.786,1.816,1.848,1.879,1.912,1.944,1.977,2.011,2.044,2.078,2.111,2.145,2.347,2.544,2.731,2.907,3.219,3.481,3.697,3.875,4.023,4.145,4.246,4.568
239.0,240.0,5.381,-3.323,-1.614,-3.275,2.098,2.139,2.18,2.22,2.26,2.3,2.34,2.379,2.418,2.457,2.495,2.533,2.753,2.957,3.144,3.314,3.609,3.85,4.045,4.203,4.333,4.44,4.529,4.808
230.0,241.0,5.986,-5.607,-2.688,-3.275,0.449,0.519,0.588,0.657,0.725,0.793,0.861,0.928,0.994,1.06,1.125,1.189,1.561,1.906,2.222,2.511,3.008,3.412,3.741,4.007,4.225,4.405,4.554,5.023
231.0,241.0,5.782,-5.43,-2.64,-3.275,0.419,0.485,0.552,0.617,0.683,0.748,0.813,0.877,0.941,1.004,1.067,1.129,1.488,1.82,2.126,2.405,2.887,3.279,3.598,3.857,4.069,4.244,4.389,4.845
232.0,241.0,6.538,-5.755,-2.6,-3.275,0.859,0.934,1.008,1.081,1.155,1.227,1.299,1.37,1.44,1.509,1.578,1.646,2.036,2.395,2.722,3.018,3.527,3.94,4.273,4.543,4.764,4.945,5.096,5.569
233.0,241.0,6.549,-5.55,-2.354,-3.275,1.076,1.151,1.226,1.3,1.373,1.446,1.517,1.588,1.658,1.727,1.795,1.862,2.246,2.596,2.914,3.201,3.691,4.085,4.403,4.66,4.87,5.042,5.184,5.632
234.0,241.0,6.247,-5.035,-1.913,-3.275,1.286,1.359,1.432,1.503,1.573,1.643,1.711,1.778,1.845,1.91,1.975,2.038,2.397,2.722,3.014,3.275,3.718,4.072,4.355,4.583,4.769,4.921,5.047,5.441
235.0,241.0,6.012,-4.72,-1.793,-3.275,1.362,1.43,1.498,1.565,1.631,1.696,1.76,1.823,1.886,1.947,2.007,2.067,2.404,2.708,2.981,3.226,3.642,3.973,4.239,4.453,4.626,4.769,4.887,5.256
236.0,241.0,5.558,-4.287,-2.039,-3.275,1.324,1.378,1.431,1.484,1.537,1.589,1.641,1.692,1.743,1.793,1.843,1.893,2.178,2.442,2.684,2.905,3.285,3.594,3.844,4.048,4.215,4.352,4.466,4.823
237.0,241.0,5.345,-3.824,-1.583,-3.275,1.575,1.628,1.68,1.732,1.783,1.833,1.883,1.933,1.981,2.029,2.077,2.123,2.39,2.632,2.852,3.05,3.387,3.658,3.876,4.052,4.196,4.314,4.412,4.718
238.0,241.0,5.219,-3.521,-1.994,-3.275,1.735,1.772,1.809,1.847,1.884,1.922,1.959,1.997,2.034,2.072,2.109,2.146,2.365,2.572,2.766,2.945,3.26,3.52,3.733,3.907,4.051,4.169,4.268,4.579
239.0,241.0,5.384,-3.363,-1.463,-3.275,2.066,2.111,2.156,2.2,2.244,2.287,2.33,2.372,2.414,2.455,2.496,2.536,2.767,2.978,3.17,3.344,3.641,3.881,4.074,4.231,4.358,4.463,4.551,4.824
240.0,241.0,5.031,-2.903,-0.977,-3.275,2.173,2.218,2.263,2.306,2.349,2.391,2.433,2.473,2.513,2.552,2.591,2.629,2.842,3.033,3.203,3.355,3.609,3.811,3.971,4.1,4.204,4.289,4.36,4.58
230.0,242.0,6.031,-5.659,-2.66,-3.275,0.444,0.516,0.587,0.657,0.727,0.796,0.865,0.934,1.001,1.068,1.135,1.201,1.579,1.928,2.248,2.539,3.041,3.448,3.778,4.046,4.265,4.446,4.596,5.066
231.0,242.0,5.823,-5.481,-2.583,-3.275,0.411,0.48,0.549,0.617,0.684,0.752,0.818,0.884,0.95,1.015,1.079,1.142,1.508,1.847,2.157,2.439,2.924,3.319,3.639,3.899,4.111,4.286,4.431,4.887
232.0,242.0,6.591,-5.808,-2.649,-3.275,0.859,0.934,1.008,1.082,1.155,1.228,1.3,1.371,1.442,1.512,1.581,1.649,2.041,2.402,2.732,3.031,3.545,3.962,4.299,4.572,4.795,4.979,5.131,5.61
233.0,242.0,6.604,-5.6,-2.421,-3.275,1.079,1.154,1.229,1.303,1.376,1.448,1.519,1.59,1.66,1.729,1.797,1.864,2.249,2.601,2.921,3.211,3.705,4.105,4.426,4.687,4.899,5.074,5.218,5.673
234.0,242.0,6.298,-5.08,-1.967,-3.275,1.292,1.365,1.437,1.509,1.579,1.648,1.717,1.784,1.851,1.916,1.981,2.044,2.405,2.731,3.025,3.289,3.736,4.093,4.38,4.611,4.799,4.953,5.081,5.48
235.0,242.0,6.057,-4.763,-1.812,-3.275,1.364,1.433,1.501,1.569,1.635,1.701,1.766,1.829,1.892,1.954,2.015,2.075,2.414,2.721,2.997,3.244,3.664,3.998,4.266,4.482,4.658,4.801,4.921,5.293
236.0,242.0,5.579,-4.331,-1.938,-3.275,1.305,1.362,1.418,1.474,1.529,1.584,1.639,1.692,1.745,1.798,1.85,1.901,2.196,2.466,2.713,2.936,3.319,3.629,3.879,4.082,4.248,4.384,4.497,4.852
237.0,242.0,5.366,-3.862,-1.484,-3.275,1.561,1.616,1.672,1.726,1.78,1.833,1.885,1.936,1.987,2.037,2.086,2.134,2.409,2.658,2.881,3.082,3.422,3.693,3.911,4.086,4.229,4.346,4.443,4.746
238.0,242.0,5.217,-3.564,-1.792,-3.275,1.695,1.738,1.78,1.822,1.864,1.906,1.948,1.989,2.03,2.071,2.111,2.151,2.384,2.6,2.8,2.983,3.299,3.558,3.769,3.94,4.08,4.196,4.292,4.595
239.0,242.0,5.393,-3.4,-1.339,-3.275,2.042,2.09,2.138,2.185,2.232,2.278,2.324,2.368,2.413,2.456,2.499,2.541,2.782,2.999,3.196,3.372,3.671,3.911,4.104,4.259,4.385,4.489,4.574,4.843
240.0,242.0,5.04,-2.934,-0.849,-3.275,2.155,2.204,2.251,2.298,2.344,2.389,2.433,2.476,2.518,2.56,2.6,2.64,2.863,3.06,3.234,3.388,3.644,3.845,4.004,4.131,4.233,4.317,4.386,4.601
241.0,242.0,4.708,-2.345,-0.338,-3.275,2.411,2.457,2.502,2.546,2.589,2.63,2.671,2.71,2.748,2.786,2.822,2.858,3.053,3.22,3.365,3.49,3.692,3.846,3.965,4.059,4.134,4.194,4.244,4.397
231.0,243.0,5.868,-5.531,-2.544,-3.275,0.407,0.478,0.549,0.619,0.688,0.757,0.825,0.893,0.96,1.026,1.092,1.156,1.529,1.872,2.186,2.471,2.961,3.358,3.679,3.94,4.153,4.328,4.473,4.93
232.0,243.0,6.645,-5.861,-2.701,-3.275,0.859,0.934,1.008,1.082,1.156,1.228,1.301,1.372,1.443,1.513,1.583,1.651,2.046,2.409,2.742,3.043,3.562,3.983,4.324,4.6,4.826,5.012,5.166,5.651
233.0,243.0,6.657,-5.651,-2.487,-3.275,1.081,1.156,1.23,1.304,1.377,1.449,1.52,1.591,1.661,1.73,1.798,1.866,2.252,2.606,2.928,3.22,3.72,4.123,4.449,4.713,4.928,5.105,5.252,5.713
234.0,243.0,6.349,-5.126,-2.022,-3.275,1.297,1.37,1.442,1.513,1.584,1.653,1.721,1.789,1.856,1.921,1.986,2.049,2.411,2.74,3.035,3.301,3.753,4.114,4.404,4.638,4.829,4.985,5.114,5.519
235.0,243.0,6.102,-4.806,-1.837,-3.275,1.366,1.436,1.505,1.573,1.64,1.706,1.771,1.835,1.898,1.96,2.022,2.082,2.424,2.734,3.012,3.262,3.685,4.022,4.293,4.511,4.688,4.834,4.954,5.331
236.0,243.0,5.606,-4.374,-1.857,-3.275,1.292,1.351,1.41,1.468,1.526,1.583,1.639,1.695,1.75,1.804,1.858,1.911,2.213,2.489,2.74,2.966,3.352,3.663,3.914,4.116,4.281,4.417,4.53,4.883
237.0,243.0,5.392,-3.9,-1.406,-3.275,1.551,1.609,1.667,1.724,1.78,1.835,1.889,1.942,1.994,2.046,2.097,2.147,2.429,2.682,2.91,3.113,3.455,3.728,3.945,4.12,4.262,4.379,4.475,4.776
238.0,243.0,5.222,-3.604,-1.624,-3.275,1.665,1.712,1.759,1.805,1.851,1.896,1.941,1.986,2.03,2.073,2.116,2.159,2.403,2.628,2.833,3.019,3.338,3.596,3.804,3.973,4.112,4.225,4.319,4.615
239.0,243.0,5.408,-3.437,-1.239,-3.275,2.023,2.075,2.125,2.175,2.225,2.273,2.321,2.368,2.414,2.459,2.504,2.548,2.797,3.02,3.22,3.399,3.701,3.941,4.133,4.287,4.412,4.515,4.6,4.865
240.0,243.0,5.055,-2.964,-0.743,-3.275,2.143,2.195,2.245,2.294,2.343,2.39,2.436,2.481,2.526,2.569,2.611,2.653,2.883,3.086,3.264,3.42,3.678,3.878,4.037,4.162,4.263,4.346,4.413,4.624
241.0,243.0,4.72,-2.368,-0.22,-3.275,2.402,2.452,2.5,2.546,2.591,2.635,2.678,2.719,2.76,2.799,2.837,2.875,3.078,3.25,3.398,3.525,3.728,3.882,3.999,4.091,4.164,4.223,4.271,4.419
242.0,243.0,4.85,-2.252,0.095,-3.275,2.653,2.707,2.758,2.808,2.857,2.904,2.949,2.993,3.036,3.077,3.117,3.155,3.364,3.537,3.682,3.804,3.996,4.136,4.241,4.321,4.384,4.434,4.475,4.6
232.0,244.0,6.698,-5.916,-2.756,-3.275,0.858,0.933,1.007,1.081,1.155,1.228,1.3,1.372,1.443,1.514,1.583,1.652,2.049,2.415,2.75,3.055,3.579,4.004,4.349,4.628,4.857,5.045,5.201,5.691
233.0,244.0,6.71,-5.704,-2.554,-3.275,1.082,1.156,1.23,1.304,1.377,1.449,1.52,1.591,1.661,1.73,1.799,1.866,2.254,2.61,2.934,3.228,3.733,4.141,4.471,4.738,4.956,5.136,5.285,5.752
234.0,244.0,6.4,-5.172,-2.078,-3.275,1.301,1.374,1.446,1.517,1.587,1.657,1.725,1.793,1.859,1.925,1.99,2.054,2.417,2.747,3.045,3.313,3.769,4.134,4.428,4.665,4.858,5.016,5.147,5.558
235.0,244.0,6.147,-4.85,-1.866,-3.275,1.369,1.439,1.508,1.576,1.644,1.71,1.775,1.84,1.904,1.966,2.028,2.089,2.434,2.745,3.026,3.278,3.705,4.046,4.319,4.54,4.719,4.865,4.987,5.368
236.0,244.0,5.636,-4.416,-1.796,-3.275,1.283,1.344,1.405,1.466,1.525,1.584,1.642,1.7,1.756,1.812,1.867,1.921,2.231,2.512,2.766,2.995,3.384,3.696,3.948,4.15,4.316,4.451,4.563,4.915
237.0,244.0,5.421,-3.937,-1.345,-3.275,1.546,1.606,1.666,1.725,1.782,1.839,1.895,1.95,2.004,2.057,2.109,2.16,2.448,2.707,2.937,3.142,3.487,3.761,3.979,4.154,4.296,4.412,4.508,4.808
238.0,244.0,5.234,-3.643,-1.486,-3.275,1.643,1.693,1.744,1.793,1.843,1.891,1.939,1.986,2.033,2.079,2.124,2.169,2.424,2.656,2.865,3.054,3.375,3.633,3.84,4.008,4.144,4.256,4.348,4.639
239.0,244.0,5.427,-3.472,-1.158,-3.275,2.01,2.064,2.117,2.169,2.22,2.271,2.321,2.369,2.417,2.464,2.511,2.556,2.812,3.041,3.244,3.425,3.73,3.97,4.162,4.316,4.44,4.542,4.626,4.889
240.0,244.0,5.074,-2.993,-0.658,-3.275,2.136,2.19,2.243,2.295,2.345,2.394,2.442,2.489,2.535,2.58,2.624,2.667,2.904,3.111,3.292,3.45,3.71,3.911,4.069,4.193,4.294,4.375,4.442,4.65
241.0,244.0,4.736,-2.39,-0.124,-3.275,2.399,2.451,2.501,2.55,2.597,2.643,2.688,2.731,2.773,2.814,2.854,2.893,3.103,3.28,3.431,3.559,3.764,3.917,4.033,4.124,4.195,4.253,4.3,4.444
242.0,244.0,4.872,-2.271,0.144,-3.275,2.658,2.713,2.766,2.817,2.867,2.915,2.962,3.007,3.05,3.092,3.133,3.173,3.385,3.562,3.709,3.832,4.025,4.165,4.27,4.35,4.412,4.462,4.503,4.625
243.0,244.0,4.866,-2.151,0.464,-3.275,2.777,2.836,2.893,2.948,3.001,3.052,3.101,3.148,3.194,3.238,3.28,3.321,3.539,3.716,3.86,3.979,4.159,4.285,4.377,4.446,4.498,4.539,4.572,4.67
233.0,245.0,6.763,-5.757,-2.62,-3.275,1.081,1.156,1.229,1.303,1.375,1.448,1.519,1.59,1.66,1.729,1.798,1.865,2.254,2.613,2.939,3.236,3.746,4.158,4.492,4.763,4.984,5.166,5.317,5.791
234.0,245.0,6.45,-5.219,-2.135,-3.275,1.304,1.377,1.449,1.52,1.59,1.659,1.728,1.795,1.862,1.928,1.993,2.057,2.422,2.754,3.054,3.324,3.784,4.154,4.451,4.691,4.886,5.047,5.18,5.596
235.0,245.0,6.194,-4.894,-1.9,-3.275,1.371,1.442,1.511,1.58,1.647,1.714,1.78,1.845,1.909,1.972,2.034,2.095,2.442,2.756,3.039,3.293,3.724,4.069,4.345,4.567,4.748,4.897,5.02,5.405
236.0,245.0,5.67,-4.458,-1.751,-3.275,1.277,1.341,1.403,1.465,1.527,1.587,1.647,1.706,1.764,1.821,1.877,1.933,2.248,2.534,2.791,3.022,3.415,3.729,3.981,4.185,4.35,4.485,4.598,4.95
237.0,245.0,5.453,-3.973,-1.3,-3.275,1.544,1.606,1.668,1.728,1.787,1.845,1.903,1.959,2.014,2.068,2.121,2.174,2.468,2.73,2.963,3.171,3.519,3.794,4.013,4.188,4.33,4.446,4.542,4.841
238.0,245.0,5.252,-3.68,-1.373,-3.275,1.627,1.681,1.734,1.787,1.839,1.89,1.94,1.99,2.039,2.087,2.134,2.181,2.445,2.683,2.896,3.087,3.411,3.669,3.876,4.042,4.177,4.287,4.379,4.666
239.0,245.0,5.449,-3.506,-1.095,-3.275,2.0,2.057,2.112,2.166,2.219,2.271,2.323,2.373,2.422,2.471,2.519,2.565,2.827,3.06,3.267,3.451,3.757,3.999,4.191,4.344,4.469,4.57,4.654,4.915
240.0,245.0,5.097,-3.021,-0.59,-3.275,2.133,2.19,2.244,2.298,2.35,2.401,2.45,2.499,2.546,2.593,2.638,2.682,2.925,3.137,3.32,3.48,3.742,3.943,4.101,4.225,4.324,4.405,4.472,4.678
241.0,245.0,4.756,-2.411,-0.045,-3.275,2.4,2.454,2.506,2.557,2.606,2.654,2.7,2.745,2.789,2.831,2.872,2.912,3.128,3.309,3.462,3.592,3.798,3.951,4.066,4.156,4.226,4.283,4.329,4.47
242.0,245.0,4.897,-2.29,0.182,-3.275,2.665,2.721,2.775,2.828,2.879,2.928,2.975,3.021,3.065,3.108,3.15,3.19,3.406,3.585,3.734,3.859,4.053,4.194,4.298,4.378,4.441,4.49,4.53,4.652
243.0,245.0,4.897,-2.166,0.466,-3.275,2.793,2.852,2.91,2.965,3.018,3.069,3.119,3.167,3.213,3.257,3.3,3.341,3.56,3.738,3.883,4.003,4.184,4.312,4.404,4.473,4.526,4.567,4.6,4.699
244.0,245.0,4.513,-1.712,0.293,-3.275,2.848,2.894,2.937,2.98,3.02,3.06,3.098,3.134,3.17,3.204,3.237,3.268,3.438,3.576,3.69,3.784,3.928,4.03,4.105,4.161,4.204,4.238,4.266,4.348
234.0,246.0,6.5,-5.267,-2.192,-3.275,1.306,1.379,1.45,1.521,1.591,1.661,1.729,1.797,1.864,1.93,1.995,2.059,2.426,2.759,3.062,3.334,3.799,4.172,4.473,4.716,4.914,5.077,5.212,5.634
235.0,246.0,6.24,-4.938,-1.937,-3.275,1.374,1.444,1.514,1.583,1.651,1.718,1.784,1.849,1.913,1.977,2.039,2.1,2.45,2.766,3.051,3.307,3.742,4.09,4.37,4.595,4.778,4.928,5.053,5.442
236.0,246.0,5.707,-4.499,-1.72,-3.275,1.274,1.339,1.404,1.467,1.53,1.592,1.653,1.713,1.772,1.83,1.888,1.944,2.265,2.554,2.815,3.049,3.445,3.761,4.014,4.218,4.384,4.52,4.633,4.986
237.0,246.0,5.488,-4.009,-1.269,-3.275,1.545,1.609,1.671,1.733,1.794,1.853,1.911,1.969,2.025,2.08,2.135,2.188,2.487,2.752,2.989,3.198,3.549,3.826,4.046,4.221,4.364,4.48,4.576,4.876
238.0,246.0,5.275,-3.716,-1.283,-3.275,1.617,1.674,1.73,1.785,1.839,1.892,1.945,1.996,2.047,2.097,2.146,2.194,2.466,2.709,2.926,3.12,3.446,3.705,3.911,4.076,4.21,4.32,4.411,4.695
239.0,246.0,5.475,-3.54,-1.047,-3.275,1.994,2.052,2.109,2.165,2.22,2.274,2.326,2.378,2.429,2.479,2.527,2.575,2.843,3.08,3.289,3.475,3.784,4.027,4.219,4.373,4.497,4.598,4.682,4.943
240.0,246.0,5.123,-3.048,-0.538,-3.275,2.134,2.192,2.248,2.303,2.357,2.409,2.46,2.51,2.559,2.606,2.652,2.697,2.946,3.161,3.347,3.509,3.772,3.975,4.132,4.256,4.355,4.436,4.502,4.706
241.0,246.0,4.779,-2.432,0.017,-3.275,2.405,2.46,2.515,2.567,2.618,2.667,2.715,2.761,2.806,2.849,2.891,2.932,3.153,3.337,3.493,3.624,3.831,3.984,4.099,4.188,4.258,4.314,4.359,4.498
242.0,246.0,4.923,-2.308,0.21,-3.275,2.674,2.731,2.786,2.84,2.891,2.941,2.99,3.036,3.081,3.125,3.167,3.208,3.427,3.609,3.759,3.885,4.08,4.221,4.327,4.406,4.469,4.518,4.558,4.679
243.0,246.0,4.928,-2.181,0.464,-3.275,2.809,2.869,2.926,2.982,3.035,3.087,3.137,3.185,3.231,3.276,3.319,3.36,3.581,3.76,3.906,4.026,4.209,4.337,4.431,4.5,4.553,4.595,4.628,4.729
244.0,246.0,4.523,-1.728,0.397,-3.275,2.845,2.893,2.94,2.984,3.027,3.068,3.108,3.147,3.184,3.219,3.254,3.287,3.463,3.606,3.722,3.818,3.962,4.063,4.137,4.191,4.232,4.265,4.291,4.369
245.0,246.0,4.221,-1.356,0.313,-3.275,2.905,2.942,2.979,3.014,3.047,3.08,3.111,3.141,3.17,3.198,3.225,3.251,3.39,3.502,3.593,3.668,3.781,3.861,3.918,3.961,3.993,4.019,4.039,4.1
235.0,247.0,6.287,-4.983,-1.977,-3.275,1.376,1.446,1.516,1.585,1.653,1.721,1.787,1.852,1.917,1.981,2.043,2.105,2.457,2.775,3.063,3.321,3.76,4.112,4.394,4.622,4.807,4.959,5.085,5.479
236.0,247.0,5.747,-4.54,-1.701,-3.275,1.274,1.34,1.406,1.471,1.535,1.598,1.66,1.721,1.781,1.84,1.899,1.956,2.281,2.575,2.838,3.074,3.473,3.792,4.047,4.252,4.419,4.555,4.668,5.022
237.0,247.0,5.526,-4.044,-1.248,-3.275,1.548,1.613,1.677,1.74,1.801,1.862,1.921,1.98,2.037,2.093,2.148,2.202,2.505,2.774,3.013,3.225,3.578,3.857,4.078,4.255,4.397,4.514,4.611,4.911
238.0,247.0,5.302,-3.751,-1.212,-3.275,1.611,1.67,1.728,1.786,1.842,1.897,1.951,2.005,2.057,2.108,2.159,2.208,2.487,2.735,2.955,3.151,3.48,3.739,3.946,4.111,4.244,4.354,4.444,4.726
239.0,247.0,5.504,-3.573,-1.012,-3.275,1.991,2.051,2.109,2.167,2.223,2.278,2.332,2.384,2.436,2.487,2.537,2.585,2.858,3.098,3.311,3.498,3.81,4.054,4.248,4.402,4.526,4.627,4.711,4.972
240.0,247.0,5.151,-3.075,-0.498,-3.275,2.137,2.197,2.255,2.311,2.366,2.419,2.472,2.522,2.572,2.62,2.668,2.714,2.967,3.185,3.373,3.536,3.802,4.005,4.163,4.287,4.386,4.466,4.532,4.736
241.0,247.0,4.804,-2.451,0.066,-3.275,2.412,2.47,2.525,2.579,2.631,2.681,2.73,2.777,2.823,2.868,2.911,2.952,3.177,3.365,3.522,3.655,3.863,4.017,4.132,4.22,4.29,4.345,4.39,4.527
242.0,247.0,4.951,-2.327,0.23,-3.275,2.684,2.742,2.798,2.853,2.905,2.956,3.005,3.052,3.098,3.142,3.185,3.226,3.448,3.631,3.783,3.91,4.106,4.249,4.354,4.434,4.497,4.546,4.586,4.707
243.0,247.0,4.96,-2.197,0.458,-3.275,2.825,2.885,2.943,2.999,3.053,3.105,3.155,3.203,3.249,3.294,3.337,3.379,3.6,3.78,3.928,4.049,4.233,4.362,4.456,4.527,4.58,4.623,4.656,4.758
244.0,247.0,4.538,-1.743,0.483,-3.275,2.847,2.897,2.946,2.992,3.037,3.08,3.121,3.161,3.2,3.237,3.273,3.307,3.489,3.635,3.754,3.85,3.996,4.096,4.168,4.221,4.261,4.292,4.317,4.391
245.0,247.0,4.22,-1.371,0.476,-3.275,2.893,2.934,2.974,3.013,3.05,3.085,3.119,3.152,3.184,3.214,3.243,3.271,3.419,3.537,3.632,3.708,3.822,3.899,3.953,3.993,4.022,4.045,4.063,4.116
246.0,247.0,4.076,-1.006,0.35,-3.275,3.102,3.132,3.162,3.19,3.217,3.243,3.268,3.292,3.315,3.338,3.359,3.38,3.488,3.575,3.644,3.7,3.784,3.84,3.88,3.909,3.931,3.947,3.961,4.0
236.0,248.0,5.788,-4.581,-1.692,-3.275,1.275,1.343,1.41,1.476,1.54,1.604,1.667,1.729,1.79,1.851,1.91,1.968,2.297,2.594,2.86,3.098,3.501,3.822,4.079,4.285,4.453,4.59,4.704,5.06
237.0,248.0,5.565,-4.08,-1.238,-3.275,1.553,1.619,1.684,1.747,1.81,1.871,1.932,1.991,2.049,2.106,2.161,2.216,2.523,2.795,3.036,3.25,3.607,3.887,4.11,4.287,4.431,4.548,4.645,4.948
238.0,248.0,5.332,-3.786,-1.158,-3.275,1.609,1.67,1.73,1.789,1.847,1.904,1.96,2.015,2.068,2.121,2.173,2.223,2.508,2.76,2.984,3.182,3.513,3.773,3.98,4.145,4.279,4.388,4.478,4.759
239.0,248.0,5.535,-3.606,-0.988,-3.275,1.991,2.051,2.111,2.169,2.227,2.283,2.338,2.391,2.444,2.496,2.546,2.596,2.872,3.116,3.331,3.52,3.835,4.081,4.275,4.43,4.555,4.656,4.74,5.002
240.0,248.0,5.182,-3.101,-0.469,-3.275,2.143,2.204,2.263,2.32,2.376,2.431,2.484,2.536,2.586,2.635,2.683,2.73,2.987,3.208,3.398,3.563,3.831,4.035,4.193,4.318,4.417,4.497,4.563,4.767
241.0,248.0,4.832,-2.471,0.104,-3.275,2.422,2.481,2.538,2.592,2.646,2.697,2.747,2.795,2.842,2.887,2.931,2.973,3.202,3.392,3.551,3.685,3.895,4.049,4.164,4.252,4.321,4.376,4.421,4.557
242.0,248.0,4.98,-2.345,0.242,-3.275,2.696,2.755,2.812,2.866,2.919,2.97,3.02,3.068,3.114,3.159,3.202,3.244,3.468,3.653,3.806,3.934,4.132,4.275,4.381,4.462,4.524,4.574,4.614,4.736
243.0,248.0,4.992,-2.212,0.448,-3.275,2.842,2.902,2.96,3.016,3.07,3.122,3.172,3.22,3.267,3.312,3.355,3.397,3.62,3.801,3.949,4.07,4.256,4.387,4.482,4.553,4.607,4.65,4.684,4.787
244.0,248.0,4.555,-1.757,0.553,-3.275,2.852,2.905,2.955,3.003,3.049,3.094,3.136,3.178,3.217,3.256,3.292,3.328,3.514,3.664,3.784,3.882,4.028,4.128,4.199,4.251,4.29,4.32,4.344,4.415
245.0,248.0,4.225,-1.384,0.612,-3.275,2.888,2.933,2.976,3.017,3.057,3.095,3.131,3.166,3.2,3.232,3.263,3.293,3.449,3.572,3.67,3.748,3.861,3.937,3.989,4.026,4.053,4.073,4.089,4.135
246.0,248.0,4.064,-1.02,0.555,-3.275,3.081,3.116,3.15,3.183,3.214,3.243,3.272,3.299,3.326,3.351,3.375,3.398,3.518,3.612,3.685,3.743,3.826,3.88,3.916,3.941,3.958,3.972,3.982,4.01
247.0,248.0,4.341,-1.019,0.844,-3.275,3.366,3.407,3.447,3.485,3.521,3.555,3.588,3.62,3.65,3.679,3.706,3.732,3.867,3.969,4.047,4.107,4.187,4.236,4.265,4.283,4.295,4.302,4.308,4.32
237.0,249.0,5.606,-4.115,-1.236,-3.275,1.559,1.626,1.691,1.756,1.819,1.881,1.942,2.002,2.061,2.118,2.175,2.23,2.54,2.815,3.059,3.274,3.634,3.917,4.141,4.32,4.464,4.583,4.68,4.984
238.0,249.0,5.366,-3.82,-1.118,-3.275,1.61,1.673,1.735,1.795,1.855,1.913,1.97,2.026,2.081,2.134,2.187,2.239,2.528,2.784,3.011,3.211,3.544,3.806,4.014,4.179,4.313,4.422,4.512,4.793
239.0,249.0,5.568,-3.639,-0.973,-3.275,1.992,2.054,2.114,2.174,2.232,2.289,2.344,2.399,2.453,2.505,2.556,2.607,2.887,3.133,3.351,3.542,3.859,4.107,4.302,4.458,4.583,4.685,4.77,5.032
240.0,249.0,5.214,-3.127,-0.45,-3.275,2.151,2.212,2.272,2.33,2.387,2.443,2.497,2.549,2.6,2.65,2.699,2.746,3.006,3.23,3.422,3.589,3.859,4.064,4.223,4.348,4.448,4.529,4.595,4.799
241.0,249.0,4.862,-2.489,0.131,-3.275,2.434,2.494,2.552,2.607,2.661,2.714,2.764,2.813,2.861,2.906,2.951,2.994,3.226,3.418,3.579,3.714,3.925,4.08,4.195,4.283,4.352,4.408,4.452,4.588
242.0,249.0,5.01,-2.363,0.248,-3.275,2.709,2.768,2.825,2.881,2.934,2.986,3.036,3.084,3.13,3.176,3.219,3.261,3.487,3.674,3.828,3.957,4.157,4.301,4.408,4.489,4.552,4.602,4.642,4.764
243.0,249.0,5.024,-2.228,0.436,-3.275,2.858,2.919,2.977,3.033,3.087,3.139,3.189,3.238,3.284,3.329,3.373,3.415,3.638,3.82,3.969,4.091,4.278,4.41,4.506,4.578,4.633,4.677,4.711,4.816
244.0,249.0,4.576,-1.77,0.609,-3.275,2.861,2.915,2.966,3.016,3.063,3.109,3.153,3.195,3.236,3.275,3.313,3.349,3.54,3.692,3.814,3.913,4.059,4.159,4.23,4.281,4.319,4.349,4.372,4.441
245.0,249.0,4.235,-1.396,0.727,-3.275,2.889,2.936,2.982,3.026,3.068,3.108,3.146,3.183,3.219,3.253,3.285,3.317,3.479,3.606,3.707,3.786,3.9,3.974,4.024,4.058,4.083,4.102,4.116,4.157
246.0,249.0,4.06,-1.032,0.729,-3.275,3.069,3.108,3.146,3.182,3.216,3.249,3.281,3.311,3.34,3.367,3.394,3.419,3.549,3.648,3.725,3.785,3.868,3.919,3.951,3.973,3.987,3.997,4.005,4.025
247.0,249.0,4.346,-1.029,0.95,-3.275,3.363,3.407,3.45,3.49,3.528,3.564,3.599,3.633,3.664,3.694,3.723,3.751,3.891,3.998,4.078,4.138,4.219,4.266,4.293,4.309,4.319,4.325,4.329,4.336
248.0,249.0,4.154,-0.706,0.156,-3.275,3.468,3.488,3.506,3.525,3.542,3.559,3.575,3.591,3.606,3.62,3.634,3.648,3.719,3.778,3.825,3.864,3.923,3.965,3.995,4.017,4.034,4.048,4.058,4.09
238.0,250.0,5.402,-3.853,-1.091,-3.275,1.614,1.678,1.741,1.803,1.863,1.923,1.981,2.038,2.094,2.148,2.202,2.255,2.548,2.808,3.037,3.239,3.575,3.839,4.047,4.213,4.347,4.456,4.547,4.828
239.0,250.0,5.602,-3.672,-0.967,-3.275,1.994,2.057,2.118,2.179,2.238,2.295,2.352,2.407,2.461,2.514,2.566,2.617,2.901,3.15,3.369,3.562,3.882,4.132,4.329,4.486,4.612,4.715,4.799,5.063
240.0,250.0,5.249,-3.153,-0.44,-3.275,2.159,2.222,2.282,2.342,2.399,2.455,2.51,2.563,2.615,2.665,2.715,2.763,3.026,3.251,3.446,3.613,3.885,4.093,4.253,4.378,4.478,4.559,4.626,4.831
241.0,250.0,4.893,-2.508,0.15,-3.275,2.448,2.508,2.567,2.623,2.678,2.731,2.782,2.832,2.88,2.926,2.971,3.015,3.249,3.444,3.606,3.742,3.955,4.11,4.226,4.314,4.384,4.439,4.484,4.62
242.0,250.0,5.041,-2.381,0.249,-3.275,2.722,2.782,2.839,2.895,2.949,3.001,3.051,3.1,3.147,3.192,3.236,3.279,3.506,3.694,3.85,3.98,4.181,4.326,4.434,4.515,4.579,4.629,4.67,4.793
243.0,250.0,5.056,-2.244,0.421,-3.275,2.875,2.935,2.993,3.049,3.103,3.155,3.206,3.254,3.301,3.346,3.39,3.432,3.656,3.838,3.988,4.112,4.3,4.433,4.53,4.603,4.659,4.703,4.738,4.845
244.0,250.0,4.598,-1.783,0.654,-3.275,2.872,2.927,2.98,3.03,3.079,3.126,3.171,3.214,3.255,3.295,3.334,3.371,3.565,3.719,3.843,3.943,4.09,4.19,4.26,4.31,4.348,4.377,4.4,4.467
245.0,250.0,4.249,-1.406,0.823,-3.275,2.895,2.944,2.992,3.038,3.082,3.124,3.164,3.203,3.24,3.275,3.309,3.341,3.51,3.641,3.743,3.823,3.937,4.01,4.058,4.091,4.114,4.132,4.145,4.181
246.0,250.0,4.061,-1.042,0.877,-3.275,3.064,3.107,3.148,3.187,3.224,3.26,3.294,3.326,3.357,3.387,3.415,3.442,3.58,3.685,3.765,3.826,3.908,3.957,3.987,4.005,4.017,4.025,4.03,4.042
247.0,250.0,4.354,-1.037,1.039,-3.275,3.366,3.412,3.456,3.498,3.538,3.576,3.613,3.647,3.68,3.712,3.742,3.77,3.916,4.026,4.108,4.169,4.25,4.296,4.322,4.336,4.344,4.349,4.351,4.354
248.0,250.0,4.126,-0.723,0.414,-3.275,3.43,3.455,3.48,3.503,3.525,3.547,3.567,3.587,3.606,3.624,3.641,3.658,3.744,3.811,3.864,3.905,3.964,4.001,4.026,4.043,4.056,4.065,4.071,4.09
249.0,250.0,4.3,-0.795,1.145,-3.275,3.55,3.593,3.634,3.673,3.71,3.745,3.778,3.81,3.84,3.868,3.895,3.921,4.051,4.145,4.213,4.262,4.322,4.35,4.362,4.365,4.364,4.361,4.357,4.341
239.0,251.0,5.638,-3.704,-0.969,-3.275,1.998,2.061,2.123,2.184,2.244,2.302,2.359,2.415,2.47,2.524,2.576,2.628,2.914,3.166,3.387,3.582,3.905,4.157,4.355,4.513,4.64,4.744,4.829,5.095
240.0,251.0,5.284,-3.179,-0.437,-3.275,2.169,2.232,2.294,2.353,2.412,2.468,2.523,2.577,2.63,2.681,2.73,2.779,3.044,3.272,3.468,3.637,3.911,4.12,4.281,4.408,4.509,4.59,4.657,4.864
241.0,251.0,4.926,-2.527,0.161,-3.275,2.463,2.524,2.583,2.64,2.695,2.749,2.8,2.851,2.899,2.946,2.991,3.035,3.272,3.468,3.632,3.769,3.983,4.139,4.256,4.345,4.415,4.47,4.515,4.651
242.0,251.0,5.072,-2.399,0.245,-3.275,2.736,2.796,2.854,2.91,2.964,3.016,3.067,3.116,3.163,3.209,3.253,3.296,3.525,3.714,3.87,4.001,4.204,4.35,4.459,4.541,4.605,4.656,4.697,4.822
243.0,251.0,5.089,-2.261,0.403,-3.275,2.891,2.951,3.009,3.065,3.119,3.172,3.222,3.271,3.317,3.363,3.406,3.449,3.673,3.856,4.007,4.131,4.321,4.456,4.554,4.628,4.684,4.729,4.765,4.873
244.0,251.0,4.623,-1.796,0.689,-3.275,2.885,2.941,2.995,3.046,3.096,3.144,3.189,3.233,3.276,3.316,3.355,3.393,3.59,3.746,3.871,3.972,4.12,4.22,4.29,4.34,4.377,4.406,4.428,4.494
245.0,251.0,4.266,-1.416,0.901,-3.275,2.904,2.956,3.006,3.053,3.099,3.142,3.184,3.224,3.262,3.298,3.333,3.367,3.54,3.674,3.778,3.859,3.974,4.046,4.092,4.124,4.146,4.162,4.174,4.206
246.0,251.0,4.068,-1.05,1.001,-3.275,3.066,3.111,3.155,3.196,3.236,3.274,3.31,3.344,3.377,3.408,3.438,3.467,3.612,3.721,3.803,3.866,3.948,3.995,4.022,4.038,4.047,4.053,4.056,4.062
247.0,251.0,4.366,-1.045,1.113,-3.275,3.372,3.42,3.465,3.509,3.55,3.59,3.628,3.664,3.698,3.73,3.761,3.791,3.941,4.053,4.137,4.2,4.281,4.325,4.35,4.363,4.369,4.373,4.374,4.374
248.0,251.0,4.107,-0.737,0.634,-3.275,3.402,3.433,3.462,3.49,3.517,3.542,3.566,3.589,3.611,3.632,3.653,3.672,3.77,3.845,3.902,3.945,4.003,4.038,4.058,4.071,4.079,4.084,4.087,4.095
249.0,251.0,4.307,-0.802,1.232,-3.275,3.553,3.598,3.641,3.681,3.72,3.757,3.791,3.824,3.856,3.886,3.914,3.941,4.075,4.172,4.242,4.292,4.352,4.379,4.389,4.39,4.387,4.383,4.378,4.357
250.0,251.0,4.595,-0.736,0.739,-3.275,3.894,3.926,3.958,3.988,4.016,4.043,4.069,4.094,4.117,4.139,4.161,4.181,4.285,4.362,4.421,4.464,4.522,4.554,4.572,4.582,4.588,4.591,4.593,4.595
240.0,252.0,5.32,-3.205,-0.44,-3.275,2.18,2.244,2.305,2.366,2.424,2.481,2.537,2.591,2.644,2.695,2.746,2.794,3.062,3.292,3.489,3.66,3.937,4.147,4.309,4.437,4.539,4.621,4.688,4.897
241.0,252.0,4.96,-2.545,0.166,-3.275,2.478,2.54,2.599,2.657,2.713,2.767,2.819,2.869,2.918,2.966,3.011,3.056,3.294,3.492,3.657,3.795,4.011,4.168,4.286,4.375,4.445,4.501,4.546,4.683
242.0,252.0,5.104,-2.417,0.237,-3.275,2.75,2.81,2.868,2.924,2.979,3.031,3.082,3.131,3.179,3.225,3.269,3.312,3.542,3.733,3.89,4.022,4.226,4.374,4.484,4.567,4.632,4.683,4.725,4.851
243.0,252.0,5.121,-2.277,0.384,-3.275,2.907,2.967,3.025,3.081,3.135,3.187,3.238,3.286,3.333,3.378,3.422,3.464,3.69,3.873,4.025,4.15,4.341,4.477,4.577,4.652,4.709,4.755,4.791,4.901
244.0,252.0,4.649,-1.808,0.715,-3.275,2.9,2.957,3.011,3.064,3.114,3.162,3.209,3.253,3.296,3.337,3.377,3.415,3.614,3.772,3.898,4.0,4.149,4.249,4.319,4.369,4.406,4.434,4.457,4.522
245.0,252.0,4.286,-1.424,0.966,-3.275,2.917,2.971,3.022,3.071,3.118,3.162,3.205,3.246,3.285,3.323,3.359,3.393,3.57,3.707,3.812,3.895,4.009,4.08,4.126,4.156,4.177,4.192,4.203,4.232
246.0,252.0,4.079,-1.057,1.105,-3.275,3.072,3.12,3.166,3.21,3.251,3.291,3.329,3.365,3.399,3.432,3.463,3.493,3.644,3.757,3.841,3.904,3.986,4.032,4.057,4.071,4.078,4.082,4.084,4.084
247.0,252.0,4.38,-1.052,1.174,-3.275,3.381,3.43,3.477,3.522,3.565,3.606,3.644,3.681,3.716,3.75,3.782,3.812,3.966,4.081,4.166,4.229,4.31,4.354,4.377,4.389,4.395,4.397,4.398,4.394
248.0,252.0,4.096,-0.748,0.821,-3.275,3.384,3.419,3.452,3.484,3.514,3.543,3.57,3.596,3.621,3.645,3.667,3.689,3.798,3.879,3.939,3.984,4.042,4.073,4.09,4.099,4.103,4.105,4.106,4.104
249.0,252.0,4.317,-0.807,1.305,-3.275,3.559,3.606,3.65,3.692,3.733,3.77,3.807,3.841,3.873,3.904,3.933,3.961,4.099,4.199,4.271,4.321,4.381,4.407,4.415,4.415,4.411,4.406,4.399,4.375
250.0,252.0,4.587,-0.748,0.866,-3.275,3.877,3.913,3.947,3.979,4.01,4.04,4.068,4.095,4.12,4.144,4.167,4.189,4.3,4.383,4.444,4.489,4.546,4.577,4.593,4.6,4.604,4.605,4.605,4.6
251.0,252.0,4.538,-0.589,0.661,-3.275,3.978,4.006,4.032,4.057,4.081,4.104,4.126,4.147,4.166,4.185,4.203,4.22,4.306,4.371,4.418,4.454,4.499,4.524,4.537,4.543,4.547,4.548,4.548,4.546
241.0,253.0,4.994,-2.564,0.165,-3.275,2.494,2.556,2.616,2.674,2.73,2.785,2.837,2.888,2.937,2.985,3.031,3.076,3.316,3.515,3.681,3.82,4.038,4.196,4.314,4.405,4.475,4.531,4.577,4.715
242.0,253.0,5.136,-2.435,0.226,-3.275,2.764,2.824,2.882,2.939,2.993,3.046,3.097,3.146,3.194,3.24,3.285,3.328,3.56,3.751,3.91,4.042,4.248,4.397,4.508,4.592,4.658,4.71,4.752,4.88
243.0,253.0,5.154,-2.294,0.363,-3.275,2.922,2.982,3.04,3.096,3.15,3.202,3.253,3.301,3.348,3.394,3.437,3.48,3.705,3.89,4.042,4.168,4.361,4.498,4.599,4.675,4.734,4.78,4.817,4.929
244.0,253.0,4.676,-1.82,0.734,-3.275,2.916,2.974,3.029,3.082,3.133,3.181,3.228,3.273,3.317,3.358,3.398,3.437,3.638,3.797,3.925,4.027,4.177,4.277,4.347,4.397,4.434,4.463,4.485,4.55
245.0,253.0,4.308,-1.432,1.018,-3.275,2.933,2.988,3.04,3.09,3.138,3.184,3.228,3.27,3.31,3.348,3.385,3.42,3.6,3.739,3.846,3.929,4.043,4.114,4.159,4.189,4.209,4.223,4.233,4.26
246.0,253.0,4.094,-1.063,1.191,-3.275,3.083,3.133,3.181,3.226,3.27,3.311,3.35,3.387,3.423,3.457,3.489,3.52,3.676,3.792,3.878,3.942,4.024,4.068,4.092,4.104,4.109,4.111,4.112,4.108
247.0,253.0,4.397,-1.058,1.224,-3.275,3.392,3.443,3.491,3.537,3.581,3.623,3.662,3.7,3.736,3.77,3.803,3.834,3.991,4.107,4.194,4.257,4.339,4.382,4.405,4.416,4.42,4.422,4.422,4.416
248.0,253.0,4.091,-0.758,0.98,-3.275,3.374,3.412,3.449,3.484,3.517,3.549,3.579,3.607,3.634,3.66,3.685,3.708,3.826,3.912,3.976,4.022,4.079,4.108,4.122,4.128,4.129,4.128,4.126,4.117
249.0,253.0,4.33,-0.812,1.365,-3.275,3.569,3.617,3.662,3.706,3.747,3.786,3.823,3.858,3.892,3.923,3.953,3.982,4.124,4.226,4.298,4.35,4.409,4.434,4.442,4.441,4.435,4.429,4.422,4.394
250.0,253.0,4.583,-0.758,0.975,-3.275,3.865,3.904,3.94,3.975,4.008,4.04,4.07,4.098,4.125,4.151,4.176,4.199,4.316,4.403,4.466,4.512,4.57,4.599,4.613,4.619,4.62,4.619,4.618,4.608
251.0,253.0,4.522,-0.602,0.82,-3.275,3.953,3.985,4.015,4.044,4.071,4.096,4.121,4.144,4.166,4.187,4.207,4.226,4.322,4.392,4.443,4.48,4.525,4.547,4.557,4.561,4.561,4.56,4.557,4.547
252.0,253.0,4.327,-0.261,0.703,-3.275,4.088,4.11,4.13,4.149,4.167,4.184,4.2,4.215,4.229,4.243,4.255,4.267,4.326,4.367,4.394,4.412,4.43,4.433,4.429,4.423,4.415,4.408,4.402,4.378
242.0,254.0,5.169,-2.454,0.211,-3.275,2.778,2.838,2.897,2.953,3.008,3.061,3.112,3.161,3.209,3.255,3.3,3.344,3.576,3.768,3.928,4.062,4.269,4.42,4.532,4.617,4.683,4.736,4.779,4.908
243.0,254.0,5.186,-2.311,0.34,-3.275,2.937,2.997,3.055,3.111,3.165,3.217,3.267,3.316,3.363,3.408,3.452,3.494,3.72,3.906,4.058,4.185,4.379,4.519,4.621,4.698,4.757,4.804,4.842,4.957
244.0,254.0,4.704,-1.831,0.746,-3.275,2.933,2.991,3.047,3.1,3.152,3.201,3.248,3.294,3.337,3.379,3.42,3.458,3.661,3.822,3.95,4.053,4.204,4.305,4.375,4.426,4.463,4.491,4.513,4.578
245.0,254.0,4.333,-1.44,1.059,-3.275,2.951,3.007,3.06,3.111,3.16,3.207,3.251,3.294,3.335,3.374,3.411,3.446,3.63,3.77,3.878,3.962,4.077,4.148,4.192,4.221,4.24,4.253,4.263,4.288
246.0,254.0,4.111,-1.068,1.263,-3.275,3.097,3.149,3.198,3.245,3.29,3.332,3.373,3.411,3.448,3.483,3.516,3.548,3.708,3.826,3.914,3.978,4.06,4.104,4.126,4.136,4.14,4.142,4.141,4.134
247.0,254.0,4.415,-1.064,1.264,-3.275,3.406,3.458,3.507,3.554,3.598,3.641,3.681,3.72,3.756,3.791,3.824,3.856,4.015,4.134,4.221,4.285,4.367,4.41,4.431,4.442,4.446,4.447,4.446,4.438
248.0,254.0,4.091,-0.765,1.114,-3.275,3.37,3.412,3.451,3.489,3.525,3.559,3.591,3.621,3.651,3.678,3.704,3.729,3.854,3.945,4.011,4.059,4.116,4.143,4.154,4.157,4.155,4.152,4.148,4.132
249.0,254.0,4.345,-0.816,1.415,-3.275,3.58,3.63,3.677,3.721,3.763,3.803,3.841,3.877,3.911,3.944,3.974,4.003,4.148,4.252,4.326,4.377,4.437,4.461,4.468,4.465,4.459,4.452,4.444,4.414
250.0,254.0,4.583,-0.767,1.066,-3.275,3.859,3.899,3.938,3.975,4.01,4.043,4.074,4.104,4.133,4.16,4.186,4.21,4.333,4.423,4.488,4.535,4.593,4.621,4.633,4.637,4.637,4.635,4.632,4.618
251.0,254.0,4.512,-0.613,0.956,-3.275,3.936,3.971,4.004,4.035,4.065,4.093,4.12,4.145,4.169,4.192,4.214,4.235,4.338,4.413,4.467,4.505,4.55,4.571,4.578,4.579,4.576,4.573,4.569,4.552
252.0,254.0,4.302,-0.273,0.908,-3.275,4.056,4.082,4.107,4.13,4.152,4.173,4.192,4.21,4.228,4.244,4.259,4.274,4.344,4.392,4.423,4.443,4.459,4.459,4.451,4.441,4.43,4.419,4.409,4.375
253.0,254.0,4.522,-0.16,0.214,-3.275,4.371,4.379,4.387,4.395,4.402,4.409,4.415,4.421,4.427,4.433,4.438,4.443,4.468,4.487,4.5,4.51,4.522,4.528,4.531,4.532,4.532,4.531,4.531,4.528
243.0,255.0,5.218,-2.329,0.317,-3.275,2.951,3.011,3.069,3.125,3.179,3.231,3.281,3.33,3.377,3.422,3.466,3.508,3.735,3.921,4.074,4.201,4.398,4.538,4.642,4.72,4.781,4.829,4.867,4.984
244.0,255.0,4.733,-1.843,0.753,-3.275,2.951,3.009,3.065,3.119,3.171,3.22,3.268,3.314,3.358,3.4,3.441,3.48,3.684,3.846,3.975,4.079,4.23,4.332,4.403,4.453,4.491,4.519,4.541,4.606
245.0,255.0,4.359,-1.447,1.091,-3.275,2.971,3.028,3.082,3.134,3.183,3.23,3.276,3.319,3.36,3.4,3.437,3.473,3.659,3.801,3.91,3.994,4.11,4.18,4.224,4.252,4.271,4.284,4.293,4.317
246.0,255.0,4.131,-1.073,1.322,-3.275,3.114,3.168,3.218,3.266,3.312,3.356,3.397,3.437,3.474,3.51,3.544,3.576,3.74,3.86,3.949,4.014,4.096,4.138,4.159,4.168,4.172,4.172,4.17,4.16
247.0,255.0,4.435,-1.069,1.296,-3.275,3.421,3.474,3.524,3.572,3.617,3.66,3.701,3.74,3.777,3.812,3.846,3.878,4.04,4.159,4.247,4.312,4.394,4.436,4.458,4.467,4.471,4.472,4.471,4.461
248.0,255.0,4.096,-0.771,1.228,-3.275,3.372,3.416,3.458,3.498,3.536,3.572,3.606,3.638,3.669,3.698,3.726,3.752,3.883,3.978,4.046,4.095,4.152,4.177,4.185,4.186,4.182,4.177,4.172,4.149
249.0,255.0,4.361,-0.82,1.456,-3.275,3.594,3.645,3.692,3.738,3.781,3.821,3.86,3.897,3.931,3.964,3.995,4.025,4.172,4.277,4.352,4.404,4.464,4.487,4.493,4.49,4.483,4.475,4.467,4.435
250.0,255.0,4.587,-0.776,1.143,-3.275,3.856,3.898,3.939,3.977,4.014,4.048,4.081,4.112,4.142,4.17,4.197,4.222,4.35,4.443,4.51,4.558,4.616,4.643,4.653,4.656,4.654,4.651,4.647,4.629
251.0,255.0,4.507,-0.622,1.071,-3.275,3.924,3.962,3.997,4.031,4.063,4.093,4.122,4.149,4.175,4.2,4.223,4.245,4.355,4.434,4.49,4.53,4.575,4.594,4.599,4.597,4.593,4.587,4.581,4.559
252.0,255.0,4.284,-0.282,1.084,-3.275,4.033,4.063,4.092,4.118,4.143,4.167,4.189,4.21,4.23,4.249,4.267,4.283,4.363,4.416,4.451,4.472,4.488,4.486,4.474,4.46,4.445,4.432,4.419,4.376
253.0,255.0,4.478,-0.177,0.486,-3.275,4.316,4.33,4.344,4.357,4.369,4.381,4.392,4.402,4.412,4.422,4.43,4.439,4.479,4.507,4.526,4.538,4.549,4.551,4.549,4.544,4.539,4.534,4.529,4.513
254.0,255.0,4.461,0.035,0.598,-3.275,4.509,4.521,4.533,4.543,4.553,4.562,4.571,4.579,4.586,4.593,4.6,4.606,4.632,4.648,4.654,4.656,4.649,4.635,4.62,4.605,4.591,4.579,4.569,4.534
244.0,256.0,4.763,-1.855,0.755,-3.275,2.969,3.028,3.084,3.138,3.19,3.24,3.288,3.334,3.378,3.421,3.462,3.501,3.706,3.869,3.999,4.103,4.256,4.359,4.43,4.48,4.518,4.547,4.569,4.635
245.0,256.0,4.386,-1.454,1.116,-3.275,2.992,3.049,3.104,3.157,3.207,3.255,3.3,3.344,3.386,3.426,3.464,3.5,3.688,3.831,3.941,4.025,4.141,4.212,4.255,4.283,4.302,4.315,4.324,4.347
246.0,256.0,4.153,-1.077,1.37,-3.275,3.134,3.188,3.24,3.289,3.336,3.38,3.423,3.463,3.501,3.537,3.572,3.605,3.771,3.893,3.983,4.048,4.13,4.172,4.192,4.2,4.203,4.202,4.2,4.187
247.0,256.0,4.456,-1.074,1.321,-3.275,3.438,3.491,3.542,3.59,3.636,3.68,3.721,3.761,3.798,3.834,3.868,3.9,4.063,4.184,4.273,4.338,4.42,4.463,4.484,4.493,4.496,4.496,4.495,4.485
248.0,256.0,4.105,-0.776,1.323,-3.275,3.378,3.425,3.469,3.511,3.55,3.588,3.624,3.657,3.69,3.72,3.749,3.776,3.913,4.011,4.081,4.13,4.186,4.21,4.217,4.215,4.21,4.203,4.196,4.169
249.0,256.0,4.379,-0.823,1.488,-3.275,3.61,3.661,3.709,3.755,3.799,3.84,3.879,3.917,3.952,3.985,4.017,4.047,4.196,4.302,4.378,4.43,4.49,4.513,4.518,4.515,4.507,4.498,4.49,4.456
250.0,256.0,4.593,-0.783,1.206,-3.275,3.856,3.9,3.942,3.982,4.02,4.056,4.09,4.122,4.153,4.182,4.209,4.236,4.367,4.462,4.531,4.579,4.637,4.664,4.674,4.675,4.672,4.668,4.663,4.642
251.0,256.0,4.506,-0.63,1.168,-3.275,3.917,3.957,3.995,4.031,4.065,4.097,4.127,4.156,4.183,4.209,4.234,4.257,4.373,4.455,4.513,4.553,4.599,4.616,4.619,4.616,4.61,4.602,4.595,4.568
252.0,256.0,4.271,-0.289,1.233,-3.275,4.017,4.051,4.082,4.112,4.14,4.166,4.191,4.214,4.236,4.257,4.277,4.295,4.383,4.441,4.479,4.501,4.517,4.512,4.497,4.48,4.462,4.446,4.431,4.381
253.0,256.0,4.442,-0.192,0.718,-3.275,4.272,4.292,4.31,4.328,4.345,4.361,4.376,4.39,4.403,4.416,4.427,4.438,4.492,4.527,4.551,4.565,4.576,4.575,4.567,4.558,4.548,4.54,4.531,4.503
254.0,256.0,4.422,0.022,0.836,-3.275,4.463,4.48,4.497,4.512,4.527,4.54,4.553,4.565,4.576,4.586,4.595,4.604,4.644,4.667,4.679,4.682,4.674,4.657,4.637,4.617,4.599,4.582,4.568,4.522
255.0,256.0,4.889,-0.285,0.193,-3.275,4.615,4.626,4.636,4.646,4.655,4.664,4.673,4.681,4.689,4.696,4.703,4.71,4.746,4.773,4.794,4.811,4.833,4.848,4.857,4.863,4.867,4.87,4.872,4.878
245.0,257.0,4.414,-1.461,1.133,-3.275,3.014,3.072,3.127,3.18,3.231,3.279,3.325,3.369,3.411,3.452,3.49,3.527,3.716,3.86,3.971,4.056,4.172,4.242,4.286,4.314,4.332,4.345,4.354,4.376
246.0,257.0,4.177,-1.08,1.408,-3.275,3.155,3.211,3.263,3.313,3.361,3.406,3.449,3.49,3.528,3.565,3.6,3.634,3.802,3.926,4.016,4.082,4.164,4.205,4.224,4.232,4.234,4.232,4.23,4.215
247.0,257.0,4.478,-1.079,1.34,-3.275,3.456,3.51,3.561,3.609,3.656,3.7,3.741,3.781,3.819,3.855,3.89,3.922,4.087,4.208,4.298,4.363,4.446,4.488,4.509,4.518,4.521,4.521,4.519,4.508
248.0,257.0,4.117,-0.78,1.403,-3.275,3.388,3.437,3.483,3.526,3.567,3.606,3.643,3.678,3.712,3.743,3.773,3.801,3.942,4.043,4.114,4.164,4.22,4.243,4.248,4.244,4.238,4.229,4.221,4.19
249.0,257.0,4.398,-0.826,1.514,-3.275,3.627,3.678,3.727,3.774,3.818,3.86,3.899,3.937,3.973,4.006,4.038,4.069,4.219,4.327,4.403,4.456,4.515,4.538,4.543,4.539,4.531,4.522,4.513,4.478
250.0,257.0,4.602,-0.79,1.26,-3.275,3.859,3.905,3.948,3.989,4.028,4.065,4.1,4.133,4.164,4.194,4.223,4.249,4.384,4.481,4.551,4.6,4.659,4.685,4.693,4.694,4.69,4.685,4.679,4.656
251.0,257.0,4.508,-0.637,1.25,-3.275,3.915,3.956,3.996,4.033,4.069,4.103,4.134,4.165,4.193,4.22,4.246,4.27,4.39,4.476,4.536,4.577,4.622,4.638,4.64,4.635,4.627,4.619,4.61,4.579
252.0,257.0,4.264,-0.295,1.361,-3.275,4.008,4.044,4.078,4.11,4.141,4.169,4.196,4.222,4.245,4.268,4.289,4.309,4.403,4.466,4.506,4.529,4.544,4.537,4.52,4.5,4.48,4.461,4.445,4.387
253.0,257.0,4.415,-0.204,0.918,-3.275,4.237,4.262,4.285,4.307,4.328,4.347,4.365,4.382,4.399,4.414,4.428,4.441,4.506,4.549,4.576,4.592,4.602,4.598,4.586,4.573,4.56,4.547,4.536,4.498
254.0,257.0,4.391,0.011,1.041,-3.275,4.427,4.449,4.47,4.49,4.508,4.525,4.541,4.556,4.57,4.583,4.595,4.606,4.657,4.687,4.702,4.707,4.699,4.678,4.654,4.63,4.608,4.588,4.571,4.513
255.0,257.0,4.848,-0.304,0.422,-3.275,4.561,4.577,4.592,4.607,4.62,4.634,4.646,4.658,4.669,4.68,4.69,4.7,4.749,4.784,4.81,4.829,4.852,4.863,4.867,4.869,4.869,4.868,4.867,4.861
256.0,257.0,5.187,-0.491,-0.283,-3.275,4.701,4.706,4.711,4.716,4.721,4.726,4.732,4.737,4.742,4.747,4.752,4.757,4.788,4.816,4.843,4.868,4.912,4.949,4.978,5.003,5.023,5.04,5.053,5.097
246.0,258.0,4.202,-1.083,1.438,-3.275,3.178,3.234,3.287,3.338,3.386,3.432,3.475,3.517,3.556,3.593,3.629,3.663,3.833,3.957,4.048,4.115,4.197,4.238,4.256,4.263,4.264,4.263,4.259,4.243
247.0,258.0,4.501,-1.084,1.353,-3.275,3.474,3.528,3.58,3.629,3.676,3.72,3.762,3.802,3.84,3.877,3.911,3.944,4.11,4.232,4.322,4.388,4.471,4.513,4.534,4.543,4.546,4.545,4.544,4.532
248.0,258.0,4.132,-0.783,1.469,-3.275,3.402,3.452,3.499,3.544,3.586,3.626,3.664,3.701,3.735,3.767,3.798,3.827,3.971,4.074,4.147,4.197,4.253,4.275,4.278,4.274,4.265,4.256,4.247,4.212
249.0,258.0,4.418,-0.829,1.534,-3.275,3.644,3.697,3.746,3.793,3.838,3.88,3.92,3.958,3.994,4.028,4.06,4.091,4.242,4.351,4.427,4.48,4.54,4.563,4.567,4.563,4.554,4.545,4.535,4.499
250.0,258.0,4.612,-0.796,1.303,-3.275,3.865,3.911,3.955,3.997,4.037,4.075,4.111,4.145,4.177,4.207,4.236,4.264,4.401,4.5,4.571,4.621,4.679,4.705,4.713,4.713,4.708,4.702,4.696,4.671
251.0,258.0,4.513,-0.643,1.319,-3.275,3.915,3.959,4.0,4.039,4.076,4.11,4.144,4.175,4.204,4.232,4.259,4.284,4.408,4.496,4.558,4.599,4.645,4.66,4.661,4.654,4.645,4.635,4.626,4.591
252.0,258.0,4.261,-0.299,1.469,-3.275,4.003,4.042,4.078,4.113,4.145,4.176,4.204,4.231,4.257,4.281,4.303,4.324,4.425,4.491,4.533,4.557,4.572,4.562,4.543,4.521,4.498,4.478,4.46,4.397
253.0,258.0,4.395,-0.213,1.088,-3.275,4.212,4.24,4.267,4.292,4.316,4.339,4.36,4.38,4.398,4.416,4.432,4.448,4.521,4.57,4.6,4.618,4.628,4.621,4.606,4.589,4.572,4.557,4.543,4.496
254.0,258.0,4.368,0.003,1.217,-3.275,4.399,4.425,4.45,4.473,4.495,4.515,4.534,4.552,4.568,4.583,4.598,4.611,4.671,4.707,4.726,4.732,4.723,4.7,4.672,4.644,4.619,4.596,4.576,4.509
255.0,258.0,4.815,-0.32,0.619,-3.275,4.516,4.537,4.557,4.575,4.593,4.61,4.626,4.641,4.655,4.668,4.681,4.693,4.753,4.796,4.826,4.846,4.869,4.878,4.879,4.876,4.873,4.869,4.864,4.849
256.0,258.0,5.137,-0.516,-0.03,-3.275,4.633,4.644,4.654,4.665,4.675,4.685,4.695,4.704,4.713,4.722,4.73,4.739,4.784,4.822,4.854,4.882,4.926,4.959,4.985,5.004,5.02,5.032,5.043,5.074
257.0,258.0,5.176,-0.364,0.056,-3.275,4.822,4.832,4.841,4.85,4.858,4.867,4.875,4.882,4.89,4.897,4.904,4.91,4.946,4.975,4.999,5.019,5.05,5.072,5.088,5.1,5.109,5.117,5.122,5.14
247.0,259.0,4.525,-1.089,1.362,-3.275,3.493,3.548,3.6,3.649,3.696,3.74,3.783,3.823,3.861,3.898,3.933,3.966,4.132,4.255,4.346,4.412,4.495,4.537,4.558,4.567,4.57,4.57,4.568,4.556
248.0,259.0,4.149,-0.785,1.524,-3.275,3.418,3.469,3.517,3.563,3.607,3.648,3.687,3.724,3.759,3.792,3.823,3.853,4.001,4.105,4.179,4.229,4.285,4.306,4.308,4.303,4.293,4.283,4.273,4.235
249.0,259.0,4.439,-0.831,1.549,-3.275,3.663,3.715,3.765,3.813,3.858,3.9,3.94,3.979,4.015,4.049,4.081,4.112,4.265,4.374,4.451,4.504,4.564,4.587,4.591,4.586,4.578,4.568,4.558,4.522
250.0,259.0,4.624,-0.802,1.339,-3.275,3.872,3.92,3.965,4.007,4.048,4.086,4.123,4.157,4.19,4.221,4.251,4.279,4.418,4.519,4.59,4.641,4.7,4.725,4.732,4.731,4.726,4.72,4.713,4.686
251.0,259.0,4.52,-0.648,1.376,-3.275,3.919,3.964,4.006,4.046,4.084,4.12,4.154,4.186,4.217,4.246,4.273,4.299,4.426,4.517,4.579,4.621,4.667,4.681,4.681,4.673,4.663,4.652,4.642,4.604
252.0,259.0,4.262,-0.302,1.561,-3.275,4.003,4.044,4.082,4.119,4.153,4.185,4.215,4.243,4.27,4.295,4.319,4.341,4.446,4.515,4.559,4.583,4.598,4.587,4.566,4.541,4.517,4.495,4.475,4.408
253.0,259.0,4.38,-0.221,1.234,-3.275,4.193,4.225,4.255,4.283,4.31,4.335,4.358,4.381,4.401,4.421,4.439,4.456,4.538,4.591,4.624,4.643,4.653,4.643,4.626,4.606,4.586,4.568,4.552,4.498
254.0,259.0,4.35,-0.003,1.368,-3.275,4.379,4.409,4.437,4.463,4.487,4.51,4.531,4.551,4.57,4.587,4.603,4.618,4.687,4.728,4.749,4.757,4.747,4.721,4.69,4.659,4.631,4.605,4.583,4.508
255.0,259.0,4.788,-0.335,0.787,-3.275,4.48,4.505,4.528,4.55,4.571,4.591,4.61,4.628,4.644,4.66,4.675,4.689,4.759,4.808,4.841,4.864,4.886,4.893,4.891,4.885,4.878,4.871,4.865,4.841
256.0,259.0,5.097,-0.538,0.187,-3.275,4.575,4.592,4.607,4.622,4.637,4.651,4.664,4.677,4.69,4.701,4.713,4.724,4.782,4.828,4.866,4.896,4.94,4.971,4.992,5.008,5.019,5.028,5.035,5.056
257.0,259.0,5.133,-0.385,0.272,-3.275,4.763,4.778,4.792,4.805,4.818,4.831,4.842,4.854,4.864,4.875,4.884,4.894,4.942,4.98,5.008,5.031,5.061,5.081,5.093,5.101,5.106,5.11,5.113,5.12
258.0,259.0,5.053,-0.082,0.375,-3.275,4.981,4.991,5.0,5.009,5.018,5.026,5.033,5.04,5.047,5.053,5.059,5.064,5.09,5.108,5.119,5.125,5.13,5.128,5.123,5.117,5.112,5.107,5.102,5.087
248.0,260.0,4.168,-0.787,1.569,-3.275,3.436,3.488,3.538,3.584,3.629,3.671,3.71,3.748,3.784,3.817,3.849,3.88,4.029,4.136,4.21,4.261,4.317,4.336,4.338,4.331,4.321,4.31,4.299,4.259
249.0,260.0,4.46,-0.834,1.559,-3.275,3.682,3.735,3.785,3.833,3.878,3.92,3.961,3.999,4.036,4.07,4.103,4.134,4.287,4.397,4.474,4.527,4.587,4.61,4.614,4.609,4.6,4.591,4.581,4.544
250.0,260.0,4.638,-0.807,1.367,-3.275,3.881,3.929,3.975,4.018,4.059,4.098,4.135,4.17,4.204,4.235,4.265,4.294,4.435,4.537,4.609,4.66,4.719,4.744,4.751,4.75,4.744,4.738,4.73,4.702
251.0,260.0,4.53,-0.653,1.424,-3.275,3.925,3.971,4.014,4.055,4.094,4.131,4.166,4.199,4.23,4.26,4.288,4.314,4.445,4.536,4.6,4.643,4.688,4.702,4.701,4.692,4.681,4.67,4.659,4.619
252.0,260.0,4.266,-0.304,1.639,-3.275,4.007,4.049,4.089,4.127,4.163,4.196,4.228,4.257,4.285,4.311,4.335,4.358,4.468,4.54,4.584,4.609,4.624,4.611,4.588,4.562,4.537,4.513,4.492,4.42
253.0,260.0,4.371,-0.227,1.359,-3.275,4.181,4.215,4.248,4.279,4.308,4.335,4.361,4.385,4.407,4.428,4.448,4.467,4.555,4.613,4.648,4.668,4.677,4.666,4.645,4.623,4.601,4.581,4.563,4.502
254.0,260.0,4.338,-0.008,1.497,-3.275,4.365,4.398,4.428,4.457,4.484,4.509,4.532,4.554,4.575,4.594,4.611,4.628,4.703,4.748,4.772,4.78,4.77,4.742,4.708,4.675,4.644,4.616,4.591,4.51
255.0,260.0,4.768,-0.347,0.931,-3.275,4.451,4.479,4.506,4.531,4.555,4.577,4.599,4.619,4.638,4.656,4.672,4.688,4.766,4.82,4.857,4.88,4.903,4.907,4.903,4.894,4.885,4.875,4.867,4.836
256.0,260.0,5.064,-0.558,0.373,-3.275,4.527,4.548,4.568,4.587,4.606,4.623,4.64,4.656,4.671,4.686,4.7,4.713,4.782,4.835,4.877,4.909,4.954,4.982,5.0,5.012,5.02,5.026,5.031,5.042
257.0,260.0,5.098,-0.404,0.458,-3.275,4.714,4.733,4.751,4.769,4.785,4.801,4.816,4.83,4.844,4.857,4.869,4.881,4.94,4.984,5.017,5.042,5.073,5.089,5.098,5.103,5.105,5.106,5.106,5.104
258.0,260.0,5.01,-0.1,0.583,-3.275,4.926,4.941,4.955,4.969,4.981,4.993,5.004,5.014,5.024,5.033,5.042,5.05,5.088,5.113,5.128,5.137,5.141,5.136,5.128,5.118,5.109,5.1,5.092,5.066
259.0,260.0,5.011,0.005,-0.391,-3.275,5.006,4.998,4.99,4.982,4.975,4.969,4.962,4.957,4.951,4.946,4.942,4.937,4.917,4.905,4.899,4.896,4.899,4.906,4.915,4.923,4.932,4.939,4.945,4.966
249.0,261.0,4.481,-0.836,1.566,-3.275,3.701,3.755,3.805,3.853,3.898,3.941,3.981,4.02,4.057,4.091,4.124,4.155,4.309,4.419,4.496,4.55,4.61,4.633,4.637,4.632,4.623,4.613,4.603,4.566
250.0,261.0,4.652,-0.812,1.39,-3.275,3.891,3.94,3.986,4.03,4.071,4.111,4.148,4.184,4.218,4.25,4.28,4.309,4.452,4.555,4.628,4.679,4.738,4.763,4.77,4.768,4.762,4.755,4.748,4.719
251.0,261.0,4.541,-0.657,1.463,-3.275,3.933,3.98,4.024,4.066,4.106,4.143,4.179,4.213,4.244,4.275,4.303,4.33,4.463,4.556,4.62,4.664,4.709,4.723,4.721,4.711,4.7,4.688,4.676,4.634
252.0,261.0,4.272,-0.305,1.704,-3.275,4.014,4.058,4.099,4.138,4.175,4.209,4.242,4.272,4.301,4.328,4.353,4.377,4.49,4.564,4.609,4.635,4.649,4.635,4.611,4.583,4.556,4.532,4.509,4.434
253.0,261.0,4.365,-0.231,1.465,-3.275,4.173,4.211,4.245,4.278,4.309,4.338,4.366,4.391,4.415,4.438,4.459,4.479,4.573,4.634,4.671,4.692,4.701,4.688,4.665,4.64,4.616,4.594,4.575,4.508
254.0,261.0,4.329,-0.011,1.607,-3.275,4.356,4.391,4.424,4.455,4.484,4.511,4.536,4.56,4.582,4.602,4.621,4.639,4.72,4.769,4.794,4.804,4.793,4.763,4.727,4.691,4.657,4.628,4.601,4.514
255.0,261.0,4.753,-0.357,1.054,-3.275,4.429,4.46,4.489,4.517,4.543,4.568,4.591,4.613,4.634,4.653,4.672,4.689,4.775,4.833,4.872,4.897,4.92,4.922,4.915,4.904,4.893,4.881,4.871,4.834
256.0,261.0,5.038,-0.576,0.532,-3.275,4.488,4.513,4.536,4.559,4.58,4.6,4.62,4.639,4.656,4.673,4.689,4.705,4.784,4.843,4.888,4.922,4.967,4.993,5.009,5.018,5.023,5.026,5.029,5.033
257.0,261.0,5.069,-0.421,0.616,-3.275,4.672,4.695,4.717,4.738,4.758,4.777,4.794,4.811,4.827,4.843,4.857,4.871,4.94,4.99,5.026,5.052,5.084,5.099,5.104,5.106,5.105,5.103,5.101,5.092
258.0,261.0,4.976,-0.115,0.761,-3.275,4.881,4.9,4.918,4.935,4.951,4.966,4.98,4.993,5.006,5.017,5.028,5.038,5.087,5.118,5.137,5.148,5.152,5.145,5.133,5.12,5.107,5.096,5.085,5.051
259.0,261.0,4.941,-0.021,-0.056,-3.275,4.919,4.918,4.918,4.917,4.916,4.916,4.915,4.915,4.915,4.914,4.914,4.914,4.913,4.913,4.913,4.914,4.916,4.919,4.921,4.923,4.925,4.926,4.928,4.932
260.0,261.0,4.813,0.212,-0.733,-3.275,5.003,4.982,4.963,4.944,4.927,4.91,4.895,4.88,4.866,4.853,4.841,4.83,4.774,4.736,4.711,4.696,4.683,4.683,4.69,4.699,4.708,4.717,4.725,4.753
250.0,262.0,4.668,-0.817,1.407,-3.275,3.902,3.951,3.998,4.042,4.084,4.124,4.162,4.198,4.232,4.264,4.295,4.324,4.468,4.572,4.646,4.697,4.757,4.782,4.788,4.786,4.78,4.773,4.765,4.736
251.0,262.0,4.553,-0.661,1.495,-3.275,3.943,3.99,4.035,4.078,4.118,4.156,4.193,4.227,4.259,4.29,4.319,4.346,4.481,4.575,4.64,4.684,4.73,4.743,4.74,4.73,4.718,4.705,4.693,4.65
252.0,262.0,4.28,-0.305,1.759,-3.275,4.023,4.068,4.111,4.151,4.189,4.224,4.257,4.289,4.318,4.346,4.372,4.396,4.512,4.587,4.634,4.66,4.673,4.659,4.633,4.604,4.576,4.55,4.527,4.449
253.0,262.0,4.364,-0.235,1.555,-3.275,4.171,4.21,4.247,4.281,4.314,4.344,4.373,4.4,4.426,4.449,4.472,4.492,4.592,4.656,4.694,4.715,4.724,4.709,4.685,4.658,4.632,4.609,4.588,4.517
254.0,262.0,4.325,-0.012,1.701,-3.275,4.352,4.389,4.424,4.457,4.488,4.516,4.543,4.568,4.591,4.613,4.633,4.652,4.738,4.79,4.816,4.826,4.815,4.784,4.745,4.707,4.672,4.64,4.613,4.521
255.0,262.0,4.742,-0.366,1.158,-3.275,4.411,4.445,4.476,4.506,4.535,4.561,4.586,4.61,4.633,4.654,4.674,4.692,4.783,4.846,4.887,4.913,4.936,4.937,4.928,4.915,4.901,4.888,4.876,4.834
256.0,262.0,5.017,-0.592,0.667,-3.275,4.455,4.483,4.51,4.535,4.56,4.583,4.604,4.625,4.645,4.664,4.682,4.699,4.786,4.851,4.899,4.934,4.98,5.005,5.018,5.024,5.027,5.028,5.029,5.026
257.0,262.0,5.046,-0.436,0.752,-3.275,4.638,4.664,4.689,4.713,4.735,4.757,4.777,4.796,4.814,4.831,4.848,4.863,4.94,4.996,5.035,5.063,5.094,5.108,5.111,5.11,5.107,5.103,5.099,5.083
258.0,262.0,4.947,-0.129,0.914,-3.275,4.843,4.866,4.887,4.907,4.926,4.944,4.961,4.976,4.991,5.005,5.018,5.03,5.087,5.124,5.147,5.158,5.163,5.154,5.139,5.123,5.107,5.093,5.081,5.038
259.0,262.0,4.883,-0.043,0.232,-3.275,4.846,4.852,4.858,4.863,4.868,4.873,4.877,4.882,4.886,4.889,4.893,4.896,4.911,4.922,4.928,4.932,4.934,4.932,4.929,4.925,4.921,4.918,4.915,4.905
260.0,262.0,4.725,0.183,-0.308,-3.275,4.897,4.886,4.875,4.866,4.856,4.848,4.839,4.831,4.824,4.817,4.81,4.804,4.772,4.749,4.732,4.721,4.707,4.702,4.7,4.7,4.701,4.703,4.705,4.711
261.0,262.0,4.61,0.228,-0.271,-3.275,4.827,4.816,4.805,4.795,4.786,4.777,4.768,4.76,4.752,4.744,4.737,4.73,4.696,4.671,4.652,4.638,4.621,4.612,4.607,4.605,4.604,4.604,4.604,4.605
251.0,263.0,4.567,-0.664,1.521,-3.275,3.954,4.002,4.047,4.091,4.131,4.17,4.207,4.241,4.274,4.305,4.334,4.362,4.498,4.594,4.66,4.704,4.749,4.762,4.759,4.749,4.736,4.723,4.711,4.666
252.0,263.0,4.291,-0.305,1.805,-3.275,4.035,4.081,4.124,4.165,4.204,4.24,4.274,4.306,4.336,4.364,4.391,4.415,4.533,4.61,4.657,4.684,4.697,4.682,4.655,4.625,4.596,4.569,4.546,4.465
253.0,263.0,4.365,-0.237,1.631,-3.275,4.171,4.212,4.251,4.287,4.321,4.353,4.383,4.411,4.437,4.462,4.485,4.507,4.61,4.677,4.717,4.738,4.747,4.731,4.705,4.676,4.649,4.624,4.602,4.527
254.0,263.0,4.323,-0.013,1.782,-3.275,4.352,4.391,4.427,4.462,4.494,4.524,4.552,4.578,4.602,4.625,4.646,4.665,4.756,4.81,4.838,4.848,4.837,4.804,4.764,4.724,4.687,4.654,4.625,4.528
255.0,263.0,4.735,-0.374,1.247,-3.275,4.398,4.434,4.468,4.499,4.529,4.558,4.585,4.61,4.633,4.656,4.677,4.697,4.793,4.858,4.902,4.928,4.951,4.951,4.941,4.926,4.911,4.896,4.883,4.836
256.0,263.0,5.002,-0.606,0.783,-3.275,4.429,4.459,4.489,4.517,4.543,4.568,4.592,4.615,4.637,4.658,4.677,4.696,4.79,4.859,4.91,4.947,4.993,5.016,5.027,5.031,5.032,5.032,5.03,5.022
257.0,263.0,5.028,-0.449,0.868,-3.275,4.61,4.639,4.666,4.693,4.717,4.741,4.763,4.784,4.804,4.823,4.841,4.858,4.942,5.002,5.044,5.073,5.105,5.117,5.118,5.115,5.11,5.104,5.098,5.077
258.0,263.0,4.924,-0.14,1.045,-3.275,4.812,4.837,4.862,4.885,4.906,4.927,4.946,4.963,4.98,4.996,5.01,5.024,5.089,5.131,5.156,5.169,5.173,5.162,5.145,5.127,5.109,5.092,5.078,5.029
259.0,263.0,4.835,-0.062,0.48,-3.275,4.786,4.797,4.809,4.819,4.829,4.838,4.847,4.855,4.863,4.87,4.876,4.883,4.912,4.931,4.943,4.949,4.95,4.945,4.937,4.929,4.92,4.913,4.906,4.883
260.0,263.0,4.652,0.159,0.058,-3.275,4.808,4.806,4.804,4.801,4.799,4.797,4.795,4.793,4.791,4.788,4.786,4.784,4.773,4.763,4.753,4.745,4.731,4.72,4.711,4.704,4.698,4.694,4.69,4.677
261.0,263.0,4.537,0.205,0.104,-3.275,4.739,4.737,4.735,4.732,4.73,4.727,4.725,4.723,4.72,4.718,4.716,4.713,4.7,4.688,4.676,4.666,4.648,4.633,4.62,4.611,4.602,4.596,4.59,4.573
262.0,263.0,4.671,0.364,-0.893,-3.275,5.007,4.979,4.953,4.928,4.904,4.882,4.861,4.841,4.823,4.805,4.788,4.772,4.695,4.64,4.604,4.579,4.554,4.548,4.551,4.558,4.567,4.575,4.583,4.61
252.0,264.0,4.303,-0.304,1.844,-3.275,4.048,4.095,4.139,4.181,4.22,4.257,4.292,4.324,4.355,4.383,4.41,4.435,4.555,4.633,4.681,4.707,4.72,4.704,4.676,4.646,4.616,4.588,4.564,4.481
253.0,264.0,4.369,-0.239,1.696,-3.275,4.175,4.217,4.257,4.295,4.33,4.363,4.394,4.423,4.45,4.476,4.5,4.522,4.629,4.697,4.739,4.761,4.769,4.752,4.724,4.694,4.666,4.64,4.616,4.538
254.0,264.0,4.325,-0.013,1.85,-3.275,4.355,4.395,4.433,4.469,4.502,4.533,4.562,4.589,4.614,4.638,4.66,4.68,4.774,4.83,4.859,4.87,4.858,4.823,4.782,4.74,4.702,4.668,4.638,4.537
255.0,264.0,4.731,-0.381,1.322,-3.275,4.389,4.427,4.462,4.496,4.527,4.557,4.585,4.611,4.636,4.659,4.682,4.702,4.803,4.871,4.916,4.944,4.967,4.965,4.953,4.937,4.921,4.905,4.89,4.84
256.0,264.0,4.991,-0.619,0.881,-3.275,4.407,4.44,4.472,4.502,4.531,4.558,4.583,4.608,4.631,4.653,4.674,4.694,4.794,4.867,4.92,4.958,5.005,5.027,5.036,5.039,5.038,5.036,5.034,5.021
257.0,264.0,5.015,-0.461,0.966,-3.275,4.586,4.618,4.648,4.676,4.703,4.728,4.752,4.775,4.797,4.817,4.836,4.854,4.945,5.008,5.053,5.083,5.115,5.126,5.126,5.121,5.114,5.106,5.099,5.073
258.0,264.0,4.906,-0.15,1.158,-3.275,4.786,4.815,4.841,4.867,4.89,4.913,4.934,4.953,4.972,4.989,5.005,5.02,5.092,5.138,5.165,5.179,5.184,5.171,5.152,5.131,5.111,5.093,5.077,5.022
259.0,264.0,4.796,-0.078,0.694,-3.275,4.736,4.752,4.768,4.783,4.797,4.81,4.823,4.834,4.845,4.855,4.865,4.873,4.915,4.942,4.957,4.965,4.967,4.959,4.946,4.934,4.921,4.91,4.9,4.867
260.0,264.0,4.592,0.139,0.374,-3.275,4.736,4.741,4.745,4.749,4.753,4.757,4.76,4.763,4.765,4.767,4.769,4.771,4.777,4.778,4.775,4.769,4.755,4.739,4.724,4.71,4.698,4.688,4.679,4.651
261.0,264.0,4.476,0.186,0.428,-3.275,4.668,4.673,4.678,4.682,4.685,4.689,4.692,4.695,4.697,4.699,4.701,4.702,4.707,4.706,4.7,4.693,4.674,4.654,4.635,4.619,4.604,4.592,4.582,4.548
262.0,264.0,4.573,0.334,-0.416,-3.275,4.89,4.873,4.857,4.842,4.828,4.814,4.801,4.789,4.777,4.766,4.755,4.745,4.694,4.657,4.629,4.609,4.583,4.57,4.564,4.561,4.56,4.56,4.56,4.564
263.0,264.0,4.505,0.504,-0.887,-3.275,4.977,4.946,4.917,4.889,4.863,4.838,4.814,4.792,4.771,4.75,4.731,4.713,4.623,4.559,4.513,4.481,4.444,4.429,4.426,4.427,4.431,4.436,4.441,4.461
253.0,265.0,4.375,-0.239,1.75,-3.275,4.182,4.225,4.266,4.304,4.341,4.375,4.406,4.436,4.465,4.491,4.515,4.538,4.648,4.718,4.76,4.783,4.79,4.772,4.744,4.713,4.683,4.656,4.632,4.55
254.0,265.0,4.328,-0.012,1.908,-3.275,4.36,4.402,4.441,4.478,4.512,4.544,4.574,4.602,4.628,4.652,4.675,4.696,4.792,4.85,4.88,4.891,4.878,4.843,4.8,4.757,4.717,4.682,4.651,4.548
255.0,265.0,4.73,-0.387,1.386,-3.275,4.384,4.423,4.459,4.494,4.527,4.558,4.587,4.614,4.64,4.664,4.687,4.709,4.813,4.884,4.93,4.958,4.981,4.979,4.966,4.949,4.931,4.914,4.899,4.846
256.0,265.0,4.983,-0.63,0.964,-3.275,4.39,4.425,4.459,4.491,4.521,4.55,4.577,4.603,4.627,4.651,4.673,4.694,4.799,4.876,4.931,4.97,5.017,5.038,5.046,5.047,5.045,5.042,5.038,5.022
257.0,265.0,5.004,-0.472,1.05,-3.275,4.567,4.601,4.633,4.663,4.691,4.718,4.744,4.768,4.791,4.813,4.833,4.852,4.948,5.015,5.061,5.092,5.125,5.135,5.133,5.127,5.118,5.11,5.101,5.071
258.0,265.0,4.891,-0.159,1.254,-3.275,4.765,4.796,4.825,4.853,4.878,4.902,4.925,4.946,4.966,4.985,5.002,5.018,5.095,5.145,5.174,5.189,5.194,5.18,5.159,5.136,5.115,5.095,5.077,5.018
259.0,265.0,4.764,-0.091,0.877,-3.275,4.695,4.716,4.736,4.755,4.772,4.789,4.804,4.818,4.832,4.845,4.856,4.867,4.92,4.953,4.972,4.982,4.983,4.972,4.956,4.94,4.924,4.91,4.897,4.855
260.0,265.0,4.542,0.122,0.645,-3.275,4.677,4.688,4.698,4.708,4.717,4.725,4.733,4.74,4.746,4.752,4.758,4.763,4.784,4.794,4.796,4.793,4.778,4.758,4.737,4.718,4.701,4.686,4.673,4.631
261.0,265.0,4.427,0.171,0.706,-3.275,4.61,4.621,4.632,4.642,4.651,4.659,4.667,4.674,4.68,4.686,4.691,4.696,4.716,4.724,4.724,4.719,4.699,4.675,4.651,4.628,4.609,4.592,4.577,4.529
262.0,265.0,4.492,0.309,-0.005,-3.275,4.793,4.786,4.779,4.773,4.766,4.76,4.754,4.748,4.742,4.736,4.731,4.726,4.698,4.674,4.654,4.638,4.611,4.592,4.577,4.566,4.557,4.55,4.545,4.527
263.0,265.0,4.402,0.474,-0.382,-3.275,4.857,4.837,4.819,4.802,4.785,4.769,4.754,4.74,4.726,4.712,4.7,4.688,4.626,4.578,4.542,4.515,4.477,4.454,4.44,4.432,4.426,4.422,4.42,4.413
264.0,265.0,4.659,0.229,-0.091,-3.275,4.88,4.873,4.866,4.86,4.853,4.847,4.841,4.836,4.83,4.825,4.82,4.815,4.79,4.77,4.754,4.741,4.722,4.71,4.701,4.694,4.69,4.686,4.683,4.675
254.0,266.0,4.333,-0.01,1.957,-3.275,4.368,4.411,4.451,4.488,4.524,4.556,4.587,4.616,4.642,4.667,4.69,4.712,4.811,4.87,4.9,4.912,4.898,4.862,4.818,4.774,4.733,4.696,4.665,4.559
255.0,266.0,4.731,-0.393,1.44,-3.275,4.38,4.421,4.459,4.495,4.528,4.56,4.59,4.619,4.645,4.67,4.694,4.716,4.824,4.897,4.944,4.973,4.996,4.993,4.979,4.961,4.942,4.924,4.908,4.852
256.0,266.0,4.979,-0.641,1.034,-3.275,4.376,4.414,4.449,4.482,4.514,4.544,4.573,4.6,4.626,4.65,4.673,4.695,4.805,4.884,4.941,4.981,5.028,5.049,5.056,5.056,5.053,5.048,5.044,5.024
257.0,266.0,4.997,-0.482,1.121,-3.275,4.552,4.588,4.621,4.653,4.683,4.711,4.738,4.763,4.787,4.81,4.832,4.852,4.952,5.022,5.07,5.102,5.135,5.144,5.141,5.133,5.124,5.114,5.105,5.071
258.0,266.0,4.88,-0.166,1.336,-3.275,4.749,4.782,4.812,4.842,4.869,4.894,4.918,4.941,4.962,4.982,5.0,5.018,5.1,5.152,5.183,5.199,5.204,5.189,5.166,5.142,5.119,5.098,5.079,5.016
259.0,266.0,4.738,-0.102,1.034,-3.275,4.662,4.687,4.71,4.732,4.753,4.772,4.79,4.807,4.823,4.838,4.851,4.864,4.926,4.964,4.986,4.998,4.999,4.986,4.967,4.947,4.928,4.911,4.896,4.846
260.0,266.0,4.502,0.109,0.878,-3.275,4.629,4.646,4.661,4.675,4.689,4.701,4.713,4.724,4.733,4.743,4.751,4.759,4.793,4.811,4.817,4.816,4.8,4.777,4.751,4.727,4.706,4.687,4.671,4.616
261.0,266.0,4.387,0.159,0.945,-3.275,4.564,4.581,4.597,4.611,4.625,4.637,4.649,4.66,4.669,4.679,4.687,4.695,4.728,4.744,4.748,4.745,4.724,4.696,4.667,4.64,4.615,4.594,4.576,4.515
262.0,266.0,4.424,0.289,0.349,-3.275,4.714,4.715,4.716,4.717,4.717,4.717,4.717,4.716,4.716,4.715,4.714,4.713,4.704,4.693,4.68,4.666,4.639,4.614,4.592,4.574,4.558,4.545,4.534,4.498
263.0,266.0,4.317,0.45,0.053,-3.275,4.758,4.749,4.74,4.731,4.723,4.715,4.707,4.699,4.692,4.684,4.677,4.67,4.632,4.6,4.572,4.548,4.509,4.479,4.457,4.439,4.425,4.414,4.404,4.375
264.0,266.0,4.592,0.207,0.253,-3.275,4.8,4.8,4.801,4.801,4.801,4.802,4.801,4.801,4.801,4.8,4.8,4.799,4.793,4.785,4.776,4.766,4.746,4.728,4.713,4.699,4.688,4.679,4.671,4.645
265.0,266.0,4.792,0.195,-0.228,-3.275,4.977,4.968,4.959,4.95,4.942,4.935,4.927,4.92,4.914,4.907,4.901,4.895,4.866,4.845,4.829,4.817,4.802,4.794,4.79,4.788,4.787,4.787,4.787,4.788
255.0,267.0,4.734,-0.398,1.485,-3.275,4.38,4.421,4.46,4.497,4.532,4.564,4.595,4.624,4.652,4.677,4.702,4.724,4.835,4.909,4.957,4.987,5.01,5.007,4.992,4.973,4.953,4.934,4.918,4.86
256.0,267.0,4.977,-0.651,1.093,-3.275,4.366,4.405,4.441,4.476,4.509,4.54,4.57,4.598,4.625,4.65,4.674,4.697,4.811,4.893,4.951,4.992,5.04,5.06,5.066,5.065,5.061,5.055,5.05,5.028
257.0,267.0,4.993,-0.492,1.181,-3.275,4.54,4.577,4.612,4.645,4.676,4.706,4.734,4.76,4.785,4.809,4.831,4.852,4.956,5.028,5.078,5.111,5.144,5.153,5.149,5.14,5.13,5.119,5.109,5.073
258.0,267.0,4.872,-0.173,1.406,-3.275,4.736,4.77,4.803,4.833,4.862,4.889,4.914,4.938,4.96,4.981,5.0,5.018,5.104,5.159,5.192,5.209,5.214,5.198,5.174,5.148,5.124,5.101,5.082,5.015
259.0,267.0,4.718,-0.112,1.168,-3.275,4.636,4.664,4.69,4.715,4.738,4.76,4.78,4.799,4.817,4.834,4.849,4.864,4.932,4.976,5.001,5.013,5.014,4.999,4.978,4.955,4.934,4.915,4.898,4.84
260.0,267.0,4.47,0.099,1.078,-3.275,4.591,4.613,4.632,4.651,4.668,4.684,4.699,4.712,4.725,4.737,4.748,4.758,4.803,4.828,4.838,4.839,4.822,4.796,4.766,4.738,4.713,4.69,4.671,4.606
261.0,267.0,4.355,0.149,1.15,-3.275,4.528,4.549,4.57,4.588,4.606,4.622,4.637,4.651,4.664,4.675,4.686,4.696,4.741,4.763,4.772,4.77,4.749,4.717,4.684,4.652,4.624,4.599,4.577,4.506
262.0,267.0,4.369,0.273,0.654,-3.275,4.65,4.658,4.666,4.672,4.678,4.684,4.689,4.693,4.697,4.7,4.703,4.706,4.714,4.713,4.705,4.694,4.666,4.636,4.609,4.584,4.562,4.544,4.528,4.476
263.0,267.0,4.247,0.431,0.428,-3.275,4.678,4.677,4.676,4.675,4.674,4.673,4.671,4.669,4.667,4.664,4.662,4.66,4.642,4.622,4.601,4.58,4.54,4.505,4.475,4.449,4.428,4.41,4.395,4.346
264.0,267.0,4.536,0.189,0.549,-3.275,4.733,4.741,4.748,4.754,4.76,4.766,4.771,4.775,4.779,4.782,4.786,4.788,4.799,4.801,4.797,4.79,4.77,4.747,4.726,4.706,4.689,4.675,4.662,4.622
265.0,267.0,4.721,0.171,0.121,-3.275,4.891,4.89,4.889,4.888,4.886,4.885,4.883,4.882,4.88,4.879,4.877,4.876,4.866,4.857,4.848,4.839,4.824,4.811,4.8,4.791,4.783,4.777,4.772,4.755
266.0,267.0,4.685,0.379,-1.108,-3.275,5.029,4.996,4.966,4.936,4.909,4.883,4.858,4.835,4.813,4.792,4.773,4.754,4.664,4.603,4.562,4.535,4.511,4.508,4.515,4.527,4.539,4.551,4.562,4.6
256.0,268.0,4.977,-0.661,1.142,-3.275,4.358,4.398,4.436,4.472,4.506,4.538,4.569,4.598,4.626,4.652,4.677,4.7,4.817,4.901,4.961,5.003,5.051,5.071,5.076,5.074,5.069,5.063,5.057,5.033
257.0,268.0,4.991,-0.5,1.232,-3.275,4.531,4.569,4.605,4.639,4.672,4.702,4.731,4.758,4.784,4.809,4.832,4.854,4.96,5.035,5.086,5.119,5.153,5.161,5.157,5.147,5.136,5.124,5.114,5.075
258.0,268.0,4.866,-0.178,1.466,-3.275,4.726,4.762,4.796,4.827,4.857,4.885,4.911,4.936,4.959,4.981,5.001,5.02,5.11,5.167,5.201,5.218,5.223,5.206,5.181,5.154,5.129,5.106,5.085,5.015
259.0,268.0,4.703,-0.12,1.283,-3.275,4.615,4.646,4.675,4.702,4.727,4.751,4.773,4.794,4.814,4.832,4.849,4.865,4.94,4.988,5.015,5.028,5.029,5.012,4.989,4.964,4.94,4.919,4.901,4.838
260.0,268.0,4.444,0.091,1.25,-3.275,4.562,4.587,4.611,4.632,4.653,4.672,4.69,4.706,4.721,4.735,4.748,4.761,4.815,4.845,4.859,4.861,4.844,4.814,4.781,4.75,4.721,4.695,4.673,4.6
261.0,268.0,4.331,0.142,1.327,-3.275,4.5,4.526,4.55,4.572,4.593,4.612,4.63,4.647,4.662,4.676,4.689,4.701,4.755,4.784,4.795,4.794,4.773,4.738,4.701,4.666,4.634,4.606,4.582,4.501
262.0,268.0,4.324,0.26,0.917,-3.275,4.599,4.613,4.626,4.638,4.649,4.659,4.668,4.677,4.684,4.691,4.697,4.703,4.726,4.733,4.731,4.721,4.693,4.659,4.625,4.595,4.568,4.545,4.525,4.46
263.0,268.0,4.189,0.417,0.752,-3.275,4.613,4.62,4.626,4.632,4.637,4.641,4.644,4.647,4.65,4.652,4.653,4.655,4.655,4.645,4.63,4.612,4.571,4.53,4.493,4.461,4.433,4.41,4.39,4.325
264.0,268.0,4.49,0.175,0.804,-3.275,4.68,4.693,4.706,4.717,4.728,4.738,4.747,4.756,4.763,4.77,4.777,4.782,4.807,4.817,4.819,4.814,4.793,4.767,4.74,4.715,4.693,4.674,4.658,4.604
265.0,268.0,4.662,0.152,0.422,-3.275,4.821,4.826,4.832,4.836,4.841,4.845,4.848,4.852,4.854,4.857,4.859,4.861,4.869,4.87,4.867,4.861,4.845,4.827,4.81,4.795,4.782,4.77,4.761,4.729
266.0,268.0,4.579,0.346,-0.599,-3.275,4.903,4.882,4.863,4.844,4.826,4.809,4.793,4.778,4.763,4.75,4.737,4.724,4.663,4.619,4.588,4.566,4.541,4.53,4.527,4.528,4.531,4.534,4.537,4.55
267.0,268.0,4.827,0.169,-1.22,-3.275,4.963,4.933,4.904,4.878,4.852,4.829,4.806,4.785,4.766,4.748,4.73,4.714,4.638,4.589,4.559,4.544,4.538,4.551,4.57,4.592,4.613,4.632,4.648,4.705
257.0,269.0,4.99,-0.508,1.274,-3.275,4.524,4.563,4.6,4.635,4.669,4.7,4.73,4.758,4.784,4.809,4.833,4.856,4.965,5.042,5.094,5.128,5.162,5.17,5.165,5.155,5.143,5.131,5.119,5.079
258.0,269.0,4.863,-0.184,1.516,-3.275,4.719,4.756,4.791,4.823,4.854,4.883,4.91,4.936,4.96,4.982,5.003,5.023,5.115,5.174,5.209,5.227,5.232,5.215,5.189,5.161,5.135,5.111,5.089,5.017
259.0,269.0,4.691,-0.126,1.382,-3.275,4.6,4.633,4.664,4.693,4.72,4.746,4.77,4.792,4.813,4.833,4.851,4.868,4.949,5.0,5.029,5.043,5.044,5.026,5.0,4.973,4.948,4.925,4.905,4.837
260.0,269.0,4.425,0.085,1.398,-3.275,4.54,4.568,4.595,4.62,4.643,4.665,4.685,4.703,4.721,4.737,4.752,4.766,4.828,4.863,4.879,4.882,4.865,4.833,4.797,4.762,4.73,4.702,4.678,4.597
261.0,269.0,4.312,0.137,1.478,-3.275,4.48,4.509,4.536,4.562,4.585,4.607,4.627,4.646,4.664,4.68,4.695,4.709,4.77,4.804,4.818,4.818,4.796,4.759,4.719,4.68,4.645,4.614,4.588,4.499
262.0,269.0,4.288,0.251,1.142,-3.275,4.559,4.578,4.596,4.613,4.628,4.642,4.655,4.666,4.677,4.687,4.696,4.704,4.739,4.754,4.756,4.748,4.719,4.681,4.643,4.608,4.577,4.549,4.526,4.449
263.0,269.0,4.142,0.406,1.03,-3.275,4.563,4.576,4.588,4.599,4.609,4.618,4.626,4.633,4.64,4.645,4.65,4.655,4.67,4.67,4.66,4.643,4.601,4.556,4.513,4.475,4.441,4.413,4.388,4.309
264.0,269.0,4.453,0.164,1.023,-3.275,4.637,4.656,4.673,4.689,4.704,4.718,4.73,4.742,4.753,4.763,4.772,4.78,4.817,4.835,4.84,4.837,4.815,4.786,4.754,4.725,4.699,4.676,4.656,4.591
265.0,269.0,4.614,0.136,0.681,-3.275,4.763,4.774,4.785,4.795,4.804,4.813,4.821,4.828,4.835,4.841,4.847,4.852,4.874,4.884,4.886,4.882,4.865,4.844,4.822,4.801,4.783,4.767,4.754,4.709
266.0,269.0,4.491,0.319,-0.16,-3.275,4.799,4.788,4.778,4.768,4.759,4.75,4.741,4.733,4.725,4.717,4.71,4.703,4.666,4.637,4.614,4.596,4.57,4.553,4.541,4.533,4.527,4.523,4.52,4.51
267.0,269.0,4.725,0.134,-0.727,-3.275,4.839,4.82,4.802,4.786,4.77,4.755,4.741,4.728,4.716,4.704,4.693,4.683,4.635,4.603,4.583,4.572,4.566,4.571,4.581,4.593,4.604,4.615,4.624,4.656
268.0,269.0,4.709,0.187,-0.811,-3.275,4.873,4.851,4.831,4.811,4.793,4.776,4.759,4.744,4.73,4.716,4.703,4.691,4.634,4.595,4.571,4.557,4.546,4.55,4.56,4.571,4.583,4.594,4.604,4.637
258.0,270.0,4.861,-0.188,1.559,-3.275,4.713,4.751,4.787,4.821,4.853,4.883,4.91,4.937,4.961,4.984,5.006,5.026,5.121,5.182,5.218,5.236,5.241,5.223,5.196,5.168,5.141,5.116,5.094,5.02
259.0,270.0,4.683,-0.132,1.466,-3.275,4.589,4.623,4.656,4.687,4.716,4.743,4.768,4.792,4.814,4.835,4.854,4.873,4.958,5.012,5.043,5.058,5.058,5.039,5.011,4.983,4.956,4.932,4.91,4.838
260.0,270.0,4.41,0.08,1.525,-3.275,4.524,4.555,4.585,4.612,4.637,4.661,4.683,4.704,4.723,4.741,4.757,4.773,4.842,4.881,4.899,4.903,4.885,4.851,4.813,4.775,4.741,4.71,4.684,4.596
261.0,270.0,4.298,0.134,1.608,-3.275,4.467,4.498,4.528,4.556,4.582,4.606,4.628,4.649,4.669,4.686,4.703,4.718,4.787,4.824,4.84,4.842,4.819,4.78,4.737,4.695,4.658,4.624,4.596,4.5
262.0,270.0,4.259,0.244,1.336,-3.275,4.529,4.552,4.574,4.594,4.613,4.63,4.646,4.661,4.675,4.687,4.699,4.709,4.754,4.775,4.78,4.774,4.744,4.703,4.661,4.622,4.587,4.556,4.53,4.443
263.0,270.0,4.105,0.398,1.269,-3.275,4.524,4.542,4.559,4.575,4.589,4.602,4.614,4.625,4.635,4.644,4.652,4.659,4.687,4.694,4.688,4.674,4.631,4.581,4.533,4.49,4.452,4.419,4.391,4.299
264.0,270.0,4.424,0.155,1.211,-3.275,4.604,4.627,4.648,4.668,4.686,4.703,4.719,4.733,4.747,4.76,4.771,4.782,4.828,4.853,4.861,4.859,4.838,4.805,4.77,4.736,4.706,4.68,4.658,4.583
265.0,270.0,4.574,0.123,0.904,-3.275,4.716,4.732,4.748,4.763,4.776,4.789,4.8,4.811,4.821,4.83,4.839,4.847,4.881,4.898,4.904,4.903,4.886,4.861,4.834,4.809,4.787,4.767,4.75,4.693
266.0,270.0,4.419,0.297,0.219,-3.275,4.714,4.712,4.71,4.707,4.705,4.703,4.701,4.698,4.696,4.693,4.69,4.688,4.672,4.656,4.64,4.626,4.599,4.576,4.557,4.541,4.528,4.517,4.507,4.478
267.0,270.0,4.64,0.105,-0.303,-3.275,4.736,4.727,4.718,4.71,4.703,4.695,4.689,4.682,4.676,4.671,4.665,4.66,4.635,4.618,4.607,4.6,4.593,4.592,4.594,4.597,4.6,4.603,4.606,4.617
268.0,270.0,4.62,0.157,-0.368,-3.275,4.765,4.753,4.742,4.732,4.722,4.713,4.704,4.696,4.688,4.681,4.674,4.667,4.634,4.611,4.596,4.585,4.574,4.572,4.572,4.575,4.578,4.581,4.585,4.596
269.0,270.0,4.848,-0.101,0.248,-3.275,4.755,4.763,4.77,4.777,4.784,4.79,4.796,4.801,4.806,4.811,4.816,4.82,4.842,4.857,4.867,4.874,4.881,4.883,4.882,4.88,4.877,4.875,4.873,4.865
259.0,271.0,4.678,-0.136,1.538,-3.275,4.581,4.617,4.652,4.684,4.714,4.742,4.769,4.794,4.817,4.839,4.859,4.878,4.968,5.024,5.056,5.072,5.072,5.052,5.023,4.993,4.965,4.939,4.917,4.841
260.0,271.0,4.4,0.077,1.633,-3.275,4.513,4.547,4.578,4.608,4.635,4.661,4.685,4.707,4.728,4.747,4.765,4.781,4.856,4.899,4.919,4.924,4.906,4.87,4.829,4.789,4.752,4.72,4.692,4.598
261.0,271.0,4.289,0.133,1.72,-3.275,4.458,4.492,4.524,4.554,4.582,4.608,4.632,4.655,4.676,4.695,4.713,4.729,4.804,4.845,4.863,4.865,4.841,4.8,4.755,4.711,4.671,4.635,4.605,4.504
262.0,271.0,4.237,0.24,1.503,-3.275,4.506,4.533,4.559,4.582,4.604,4.624,4.643,4.66,4.676,4.691,4.704,4.717,4.77,4.797,4.805,4.8,4.769,4.725,4.679,4.636,4.598,4.564,4.535,4.44
263.0,271.0,4.076,0.394,1.476,-3.275,4.494,4.517,4.539,4.558,4.577,4.593,4.608,4.622,4.635,4.647,4.657,4.667,4.705,4.719,4.717,4.704,4.659,4.606,4.554,4.506,4.464,4.427,4.396,4.293
264.0,271.0,4.401,0.149,1.373,-3.275,4.578,4.605,4.629,4.652,4.674,4.694,4.712,4.729,4.745,4.76,4.773,4.786,4.841,4.871,4.882,4.882,4.859,4.824,4.785,4.748,4.715,4.686,4.661,4.578
265.0,271.0,4.543,0.113,1.095,-3.275,4.678,4.699,4.719,4.737,4.755,4.771,4.785,4.799,4.812,4.824,4.835,4.845,4.889,4.913,4.923,4.923,4.905,4.877,4.847,4.818,4.792,4.769,4.749,4.683
266.0,271.0,4.359,0.28,0.545,-3.275,4.644,4.65,4.655,4.659,4.663,4.667,4.67,4.672,4.674,4.676,4.678,4.679,4.681,4.676,4.667,4.655,4.627,4.599,4.573,4.55,4.531,4.514,4.5,4.454
267.0,271.0,4.569,0.082,0.062,-3.275,4.651,4.65,4.65,4.649,4.648,4.648,4.647,4.647,4.646,4.645,4.645,4.644,4.64,4.635,4.631,4.627,4.62,4.613,4.608,4.604,4.6,4.597,4.594,4.586
268.0,271.0,4.546,0.133,0.014,-3.275,4.676,4.673,4.67,4.668,4.665,4.663,4.661,4.658,4.656,4.654,4.652,4.65,4.638,4.629,4.62,4.613,4.602,4.593,4.587,4.581,4.577,4.574,4.571,4.563
269.0,271.0,4.803,-0.119,0.491,-3.275,4.697,4.711,4.724,4.735,4.747,4.757,4.767,4.777,4.785,4.794,4.802,4.809,4.844,4.868,4.883,4.892,4.899,4.897,4.892,4.885,4.878,4.871,4.866,4.846
270.0,271.0,5.079,-0.368,-0.039,-3.275,4.718,4.726,4.733,4.74,4.747,4.754,4.761,4.767,4.773,4.779,4.785,4.791,4.822,4.849,4.872,4.892,4.923,4.947,4.966,4.98,4.992,5.001,5.008,5.032
260.0,272.0,4.393,0.076,1.726,-3.275,4.507,4.543,4.576,4.607,4.637,4.664,4.689,4.713,4.735,4.755,4.774,4.792,4.871,4.917,4.939,4.944,4.925,4.887,4.844,4.802,4.764,4.73,4.701,4.602
261.0,272.0,4.283,0.132,1.815,-3.275,4.454,4.49,4.524,4.556,4.586,4.613,4.639,4.663,4.685,4.706,4.725,4.742,4.821,4.865,4.885,4.887,4.863,4.82,4.772,4.726,4.684,4.647,4.615,4.509
262.0,272.0,4.221,0.237,1.646,-3.275,4.491,4.521,4.549,4.575,4.6,4.623,4.644,4.663,4.681,4.697,4.713,4.727,4.788,4.819,4.829,4.825,4.793,4.747,4.698,4.652,4.61,4.574,4.543,4.439
263.0,272.0,4.053,0.391,1.653,-3.275,4.474,4.5,4.525,4.549,4.57,4.59,4.608,4.624,4.64,4.653,4.666,4.677,4.725,4.745,4.745,4.733,4.688,4.631,4.575,4.523,4.477,4.437,4.403,4.29
264.0,272.0,4.384,0.144,1.512,-3.275,4.559,4.589,4.617,4.642,4.666,4.689,4.709,4.728,4.746,4.763,4.778,4.792,4.855,4.889,4.903,4.903,4.88,4.842,4.801,4.761,4.725,4.694,4.666,4.576
265.0,272.0,4.517,0.105,1.26,-3.275,4.648,4.673,4.697,4.719,4.739,4.758,4.775,4.792,4.807,4.821,4.834,4.846,4.899,4.929,4.942,4.943,4.925,4.894,4.86,4.828,4.799,4.773,4.75,4.675
266.0,272.0,4.31,0.266,0.825,-3.275,4.589,4.601,4.612,4.622,4.631,4.639,4.647,4.654,4.66,4.666,4.671,4.675,4.693,4.697,4.693,4.683,4.654,4.622,4.59,4.562,4.537,4.515,4.497,4.437
267.0,272.0,4.512,0.062,0.376,-3.275,4.581,4.588,4.594,4.6,4.605,4.61,4.615,4.619,4.623,4.627,4.63,4.633,4.647,4.653,4.655,4.654,4.646,4.635,4.623,4.612,4.603,4.594,4.587,4.563
268.0,272.0,4.485,0.113,0.343,-3.275,4.603,4.608,4.612,4.616,4.62,4.624,4.627,4.63,4.632,4.634,4.636,4.638,4.645,4.647,4.645,4.641,4.629,4.615,4.602,4.59,4.58,4.571,4.563,4.538
269.0,272.0,4.766,-0.135,0.7,-3.275,4.65,4.668,4.686,4.702,4.717,4.731,4.745,4.758,4.77,4.781,4.791,4.801,4.849,4.88,4.899,4.91,4.916,4.912,4.902,4.891,4.88,4.87,4.861,4.831
270.0,272.0,5.033,-0.391,0.199,-3.275,4.656,4.67,4.682,4.694,4.706,4.717,4.728,4.738,4.748,4.758,4.767,4.775,4.821,4.856,4.884,4.906,4.938,4.959,4.973,4.983,4.99,4.995,4.999,5.011
271.0,272.0,5.053,-0.186,-1.517,-3.275,4.836,4.807,4.781,4.756,4.733,4.711,4.691,4.673,4.655,4.64,4.625,4.612,4.552,4.521,4.51,4.512,4.539,4.579,4.623,4.664,4.701,4.734,4.762,4.856
261.0,273.0,4.28,0.133,1.897,-3.275,4.454,4.492,4.528,4.561,4.592,4.621,4.648,4.673,4.696,4.718,4.738,4.756,4.839,4.885,4.906,4.909,4.884,4.84,4.79,4.742,4.699,4.66,4.627,4.516
262.0,273.0,4.209,0.236,1.769,-3.275,4.481,4.514,4.545,4.573,4.6,4.625,4.648,4.669,4.688,4.706,4.723,4.738,4.806,4.841,4.853,4.85,4.817,4.768,4.717,4.668,4.624,4.585,4.552,4.442
263.0,273.0,4.037,0.39,1.805,-3.275,4.46,4.49,4.518,4.544,4.568,4.591,4.611,4.63,4.647,4.663,4.678,4.691,4.746,4.77,4.773,4.761,4.715,4.656,4.596,4.541,4.492,4.449,4.412,4.291
264.0,273.0,4.371,0.141,1.631,-3.275,4.546,4.578,4.609,4.637,4.663,4.687,4.71,4.731,4.75,4.768,4.785,4.8,4.869,4.907,4.923,4.925,4.901,4.861,4.817,4.775,4.736,4.703,4.673,4.576
265.0,273.0,4.498,0.098,1.401,-3.275,4.626,4.654,4.68,4.705,4.728,4.749,4.769,4.788,4.805,4.821,4.835,4.849,4.91,4.945,4.96,4.962,4.944,4.911,4.874,4.839,4.806,4.778,4.753,4.671
266.0,273.0,4.271,0.256,1.066,-3.275,4.545,4.563,4.579,4.593,4.607,4.62,4.631,4.642,4.652,4.661,4.669,4.676,4.706,4.719,4.719,4.711,4.681,4.645,4.608,4.575,4.545,4.519,4.497,4.424
267.0,273.0,4.465,0.046,0.647,-3.275,4.525,4.538,4.55,4.561,4.572,4.582,4.591,4.6,4.607,4.615,4.622,4.628,4.656,4.672,4.679,4.68,4.671,4.656,4.639,4.623,4.608,4.595,4.583,4.545
268.0,273.0,4.435,0.097,0.625,-3.275,4.544,4.555,4.566,4.576,4.585,4.593,4.601,4.609,4.615,4.621,4.627,4.632,4.655,4.666,4.67,4.668,4.655,4.637,4.618,4.6,4.584,4.571,4.559,4.519
269.0,273.0,4.736,-0.148,0.879,-3.275,4.612,4.634,4.655,4.675,4.694,4.711,4.728,4.744,4.758,4.772,4.785,4.797,4.854,4.892,4.915,4.927,4.934,4.926,4.913,4.899,4.884,4.871,4.86,4.821
270.0,273.0,4.996,-0.41,0.404,-3.275,4.605,4.623,4.64,4.657,4.672,4.687,4.702,4.715,4.728,4.741,4.752,4.764,4.821,4.864,4.896,4.921,4.953,4.971,4.981,4.987,4.99,4.992,4.993,4.995
271.0,273.0,4.954,-0.225,-1.036,-3.275,4.71,4.693,4.676,4.662,4.648,4.635,4.623,4.613,4.603,4.594,4.585,4.578,4.546,4.532,4.531,4.537,4.564,4.598,4.632,4.664,4.692,4.717,4.738,4.807
272.0,273.0,4.831,-0.718,-0.781,-3.275,4.112,4.111,4.111,4.112,4.113,4.114,4.116,4.118,4.121,4.124,4.127,4.13,4.156,4.187,4.221,4.256,4.323,4.383,4.435,4.479,4.516,4.547,4.573,4.657
262.0,274.0,4.202,0.236,1.875,-3.275,4.476,4.511,4.544,4.575,4.603,4.63,4.654,4.677,4.698,4.718,4.735,4.752,4.824,4.862,4.876,4.873,4.84,4.789,4.735,4.684,4.638,4.597,4.562,4.447
263.0,274.0,4.025,0.392,1.936,-3.275,4.453,4.486,4.516,4.545,4.571,4.596,4.618,4.639,4.658,4.675,4.691,4.706,4.767,4.795,4.8,4.789,4.742,4.68,4.618,4.559,4.507,4.462,4.423,4.295
264.0,274.0,4.362,0.139,1.734,-3.275,4.538,4.573,4.605,4.635,4.663,4.689,4.713,4.736,4.757,4.776,4.794,4.81,4.885,4.926,4.943,4.945,4.921,4.879,4.833,4.788,4.748,4.712,4.681,4.579
265.0,274.0,4.483,0.094,1.522,-3.275,4.609,4.64,4.669,4.696,4.721,4.745,4.767,4.787,4.806,4.823,4.839,4.854,4.922,4.96,4.978,4.981,4.962,4.927,4.888,4.85,4.815,4.785,4.758,4.67
266.0,274.0,4.24,0.248,1.274,-3.275,4.512,4.534,4.554,4.573,4.591,4.607,4.622,4.636,4.648,4.66,4.671,4.68,4.722,4.741,4.744,4.738,4.708,4.668,4.627,4.589,4.555,4.525,4.5,4.416
267.0,274.0,4.427,0.033,0.879,-3.275,4.48,4.499,4.516,4.532,4.547,4.561,4.574,4.586,4.597,4.608,4.617,4.626,4.667,4.691,4.702,4.705,4.696,4.677,4.656,4.634,4.615,4.598,4.583,4.533
268.0,274.0,4.395,0.084,0.868,-3.275,4.497,4.514,4.53,4.545,4.558,4.571,4.583,4.594,4.604,4.614,4.622,4.63,4.666,4.686,4.694,4.694,4.681,4.659,4.635,4.612,4.592,4.574,4.558,4.506
269.0,274.0,4.712,-0.159,1.032,-3.275,4.581,4.607,4.631,4.654,4.676,4.697,4.716,4.734,4.751,4.766,4.781,4.795,4.861,4.904,4.93,4.944,4.95,4.941,4.925,4.907,4.89,4.874,4.861,4.814
270.0,274.0,4.966,-0.427,0.579,-3.275,4.562,4.584,4.606,4.626,4.645,4.663,4.681,4.697,4.713,4.728,4.742,4.755,4.823,4.872,4.908,4.935,4.967,4.983,4.99,4.992,4.993,4.992,4.99,4.983
271.0,274.0,4.871,-0.258,-0.622,-3.275,4.605,4.597,4.59,4.584,4.578,4.573,4.568,4.564,4.56,4.557,4.554,4.552,4.544,4.545,4.552,4.562,4.589,4.617,4.643,4.667,4.687,4.705,4.72,4.769
272.0,274.0,4.773,-0.748,-0.444,-3.275,4.033,4.04,4.048,4.055,4.063,4.071,4.078,4.086,4.094,4.101,4.109,4.117,4.162,4.205,4.246,4.284,4.351,4.407,4.452,4.49,4.521,4.546,4.568,4.635
273.0,274.0,5.001,-1.195,-1.001,-3.275,3.811,3.816,3.822,3.829,3.836,3.843,3.851,3.859,3.867,3.876,3.885,3.894,3.952,4.012,4.073,4.132,4.241,4.336,4.416,4.482,4.538,4.584,4.623,4.746
263.0,275.0,4.018,0.394,2.049,-3.275,4.45,4.486,4.519,4.549,4.578,4.604,4.628,4.65,4.671,4.69,4.707,4.723,4.79,4.821,4.827,4.817,4.768,4.704,4.639,4.578,4.524,4.476,4.435,4.301
264.0,275.0,4.356,0.139,1.821,-3.275,4.534,4.57,4.604,4.636,4.666,4.693,4.719,4.743,4.765,4.785,4.804,4.822,4.9,4.944,4.963,4.965,4.941,4.897,4.849,4.802,4.76,4.723,4.691,4.583
265.0,275.0,4.472,0.09,1.626,-3.275,4.598,4.631,4.662,4.691,4.718,4.743,4.767,4.789,4.809,4.828,4.845,4.862,4.935,4.976,4.996,5.0,4.98,4.944,4.902,4.862,4.825,4.793,4.764,4.671
266.0,275.0,4.216,0.243,1.452,-3.275,4.486,4.513,4.537,4.559,4.58,4.599,4.617,4.634,4.649,4.663,4.676,4.687,4.738,4.763,4.77,4.765,4.733,4.69,4.646,4.604,4.566,4.534,4.505,4.412
267.0,275.0,4.398,0.023,1.078,-3.275,4.445,4.468,4.49,4.51,4.529,4.546,4.562,4.578,4.592,4.605,4.617,4.628,4.68,4.711,4.726,4.73,4.721,4.699,4.673,4.648,4.624,4.604,4.586,4.525
268.0,275.0,4.364,0.074,1.077,-3.275,4.46,4.482,4.502,4.521,4.539,4.555,4.571,4.585,4.598,4.611,4.622,4.632,4.68,4.706,4.718,4.72,4.706,4.681,4.653,4.625,4.601,4.579,4.56,4.497
269.0,275.0,4.694,-0.169,1.164,-3.275,4.556,4.586,4.613,4.639,4.663,4.686,4.707,4.727,4.746,4.764,4.78,4.796,4.869,4.917,4.945,4.961,4.967,4.955,4.937,4.916,4.897,4.879,4.863,4.809
270.0,275.0,4.942,-0.442,0.729,-3.275,4.527,4.553,4.577,4.601,4.623,4.644,4.664,4.683,4.701,4.718,4.734,4.749,4.826,4.881,4.921,4.948,4.981,4.995,4.999,4.999,4.996,4.993,4.989,4.975
271.0,275.0,4.802,-0.286,-0.266,-3.275,4.517,4.518,4.519,4.52,4.521,4.522,4.524,4.525,4.527,4.529,4.531,4.532,4.545,4.559,4.573,4.587,4.613,4.636,4.656,4.672,4.686,4.698,4.707,4.738
272.0,275.0,4.727,-0.773,-0.155,-3.275,3.969,3.983,3.997,4.01,4.024,4.037,4.049,4.062,4.074,4.086,4.097,4.108,4.17,4.224,4.271,4.312,4.379,4.431,4.471,4.503,4.529,4.549,4.566,4.619
273.0,275.0,4.952,-1.227,-0.694,-3.275,3.738,3.75,3.763,3.776,3.79,3.803,3.816,3.829,3.842,3.855,3.868,3.881,3.957,4.029,4.097,4.16,4.269,4.36,4.434,4.495,4.545,4.586,4.62,4.729
274.0,275.0,4.954,-1.002,-1.519,-3.275,3.94,3.93,3.921,3.914,3.908,3.903,3.898,3.895,3.893,3.892,3.891,3.892,3.906,3.937,3.977,4.023,4.12,4.212,4.294,4.365,4.426,4.478,4.521,4.662
264.0,276.0,4.354,0.139,1.896,-3.275,4.533,4.571,4.607,4.64,4.671,4.7,4.726,4.751,4.774,4.796,4.816,4.834,4.916,4.962,4.982,4.985,4.96,4.915,4.865,4.817,4.773,4.734,4.701,4.589
265.0,276.0,4.464,0.088,1.714,-3.275,4.59,4.625,4.658,4.689,4.718,4.745,4.77,4.793,4.814,4.834,4.853,4.87,4.948,4.992,5.013,5.018,4.998,4.96,4.916,4.874,4.836,4.801,4.772,4.673
266.0,276.0,4.198,0.24,1.605,-3.275,4.469,4.498,4.526,4.551,4.575,4.597,4.617,4.636,4.653,4.669,4.684,4.697,4.756,4.785,4.795,4.791,4.759,4.713,4.665,4.62,4.579,4.544,4.513,4.412
267.0,276.0,4.375,0.015,1.249,-3.275,4.419,4.446,4.471,4.494,4.516,4.537,4.556,4.574,4.59,4.606,4.62,4.633,4.695,4.731,4.749,4.755,4.744,4.72,4.69,4.661,4.635,4.611,4.59,4.522
268.0,276.0,4.339,0.066,1.256,-3.275,4.432,4.458,4.482,4.505,4.526,4.545,4.564,4.581,4.597,4.611,4.625,4.637,4.694,4.727,4.742,4.745,4.73,4.702,4.671,4.64,4.611,4.586,4.565,4.492
269.0,276.0,4.68,-0.176,1.276,-3.275,4.538,4.57,4.599,4.628,4.654,4.679,4.702,4.724,4.744,4.764,4.782,4.798,4.878,4.93,4.96,4.977,4.983,4.97,4.949,4.926,4.905,4.885,4.867,4.808
270.0,276.0,4.923,-0.455,0.857,-3.275,4.498,4.527,4.555,4.581,4.606,4.629,4.651,4.672,4.692,4.711,4.729,4.746,4.83,4.89,4.932,4.962,4.994,5.007,5.009,5.006,5.001,4.996,4.99,4.97
271.0,276.0,4.746,-0.309,0.04,-3.275,4.445,4.453,4.461,4.468,4.475,4.482,4.489,4.495,4.501,4.507,4.513,4.519,4.549,4.573,4.594,4.611,4.637,4.655,4.669,4.68,4.688,4.694,4.699,4.715
272.0,276.0,4.691,-0.795,0.091,-3.275,3.917,3.937,3.957,3.975,3.993,4.011,4.028,4.044,4.06,4.075,4.09,4.104,4.181,4.244,4.296,4.339,4.406,4.455,4.49,4.518,4.539,4.555,4.569,4.609
273.0,276.0,4.914,-1.256,-0.432,-3.275,3.678,3.697,3.716,3.735,3.753,3.771,3.789,3.806,3.823,3.84,3.857,3.873,3.965,4.047,4.121,4.186,4.296,4.384,4.453,4.509,4.554,4.591,4.622,4.718
274.0,276.0,4.882,-1.04,-1.11,-3.275,3.841,3.84,3.841,3.842,3.844,3.846,3.849,3.853,3.857,3.861,3.866,3.871,3.91,3.955,4.005,4.055,4.151,4.238,4.313,4.376,4.43,4.474,4.512,4.632
275.0,276.0,4.876,-1.681,-2.947,-3.275,3.166,3.14,3.117,3.097,3.08,3.064,3.051,3.04,3.031,3.024,3.018,3.014,3.019,3.058,3.12,3.195,3.36,3.522,3.669,3.798,3.908,4.002,4.082,4.339
265.0,277.0,4.46,0.087,1.79,-3.275,4.586,4.623,4.658,4.69,4.72,4.748,4.774,4.799,4.821,4.842,4.862,4.88,4.962,5.008,5.03,5.035,5.015,4.975,4.93,4.886,4.846,4.811,4.78,4.678
266.0,277.0,4.185,0.238,1.737,-3.275,4.457,4.49,4.52,4.548,4.574,4.598,4.62,4.641,4.66,4.678,4.694,4.709,4.774,4.808,4.82,4.816,4.783,4.735,4.684,4.636,4.593,4.555,4.522,4.414
267.0,277.0,4.358,0.01,1.395,-3.275,4.4,4.43,4.458,4.484,4.509,4.532,4.554,4.574,4.592,4.61,4.626,4.641,4.71,4.751,4.772,4.779,4.768,4.741,4.708,4.676,4.647,4.62,4.597,4.521
268.0,277.0,4.321,0.06,1.41,-3.275,4.412,4.441,4.469,4.494,4.518,4.54,4.561,4.58,4.598,4.615,4.631,4.645,4.71,4.747,4.765,4.77,4.754,4.724,4.689,4.654,4.623,4.595,4.571,4.491
269.0,277.0,4.671,-0.183,1.372,-3.275,4.524,4.558,4.59,4.62,4.648,4.675,4.7,4.723,4.745,4.765,4.785,4.803,4.888,4.943,4.975,4.993,4.998,4.984,4.961,4.937,4.913,4.892,4.873,4.809
270.0,277.0,4.909,-0.467,0.966,-3.275,4.475,4.507,4.537,4.566,4.592,4.618,4.642,4.665,4.687,4.707,4.726,4.745,4.835,4.9,4.944,4.975,5.008,5.019,5.019,5.014,5.007,5.0,4.993,4.967
271.0,277.0,4.701,-0.33,0.302,-3.275,4.386,4.4,4.414,4.427,4.439,4.45,4.462,4.472,4.482,4.492,4.501,4.51,4.555,4.589,4.615,4.634,4.66,4.675,4.684,4.689,4.692,4.694,4.695,4.698
272.0,277.0,4.664,-0.814,0.302,-3.275,3.876,3.901,3.925,3.948,3.971,3.992,4.013,4.032,4.051,4.07,4.087,4.104,4.193,4.264,4.32,4.366,4.433,4.479,4.51,4.533,4.551,4.564,4.574,4.605
273.0,277.0,4.885,-1.281,-0.209,-3.275,3.629,3.654,3.678,3.701,3.724,3.747,3.768,3.79,3.81,3.83,3.85,3.869,3.974,4.065,4.144,4.212,4.323,4.407,4.473,4.525,4.566,4.6,4.627,4.712
274.0,277.0,4.824,-1.073,-0.761,-3.275,3.759,3.767,3.775,3.784,3.792,3.801,3.81,3.819,3.829,3.838,3.848,3.857,3.916,3.975,4.032,4.086,4.182,4.265,4.333,4.39,4.437,4.476,4.508,4.611
275.0,277.0,4.78,-1.734,-2.386,-3.275,3.032,3.02,3.009,3.001,2.994,2.99,2.986,2.984,2.984,2.985,2.987,2.99,3.027,3.087,3.161,3.242,3.407,3.562,3.699,3.816,3.917,4.001,4.073,4.302
276.0,277.0,4.958,-1.76,-2.914,-3.275,3.172,3.148,3.128,3.11,3.095,3.082,3.071,3.062,3.054,3.049,3.045,3.043,3.056,3.103,3.17,3.249,3.42,3.587,3.737,3.868,3.98,4.075,4.155,4.416
266.0,278.0,4.176,0.238,1.849,-3.275,4.451,4.486,4.518,4.549,4.577,4.603,4.627,4.649,4.67,4.689,4.706,4.722,4.794,4.831,4.844,4.841,4.807,4.757,4.704,4.653,4.607,4.567,4.532,4.418
267.0,278.0,4.346,0.005,1.521,-3.275,4.386,4.419,4.45,4.479,4.506,4.531,4.555,4.577,4.597,4.616,4.634,4.65,4.726,4.771,4.794,4.802,4.791,4.761,4.726,4.691,4.659,4.631,4.606,4.523
268.0,278.0,4.307,0.056,1.542,-3.275,4.398,4.43,4.46,4.488,4.515,4.539,4.562,4.583,4.603,4.622,4.639,4.655,4.727,4.768,4.788,4.794,4.778,4.745,4.707,4.67,4.636,4.606,4.58,4.492
269.0,278.0,4.664,-0.188,1.454,-3.275,4.514,4.55,4.584,4.615,4.645,4.673,4.7,4.724,4.747,4.769,4.789,4.808,4.898,4.956,4.99,5.008,5.014,4.998,4.974,4.947,4.922,4.9,4.879,4.811
270.0,278.0,4.899,-0.478,1.059,-3.275,4.457,4.491,4.523,4.554,4.583,4.61,4.636,4.66,4.683,4.705,4.726,4.745,4.841,4.909,4.956,4.987,5.02,5.03,5.029,5.022,5.014,5.005,4.997,4.967
271.0,278.0,4.665,-0.347,0.527,-3.275,4.339,4.358,4.376,4.394,4.41,4.426,4.441,4.455,4.469,4.482,4.494,4.505,4.563,4.605,4.635,4.657,4.683,4.694,4.699,4.7,4.699,4.697,4.695,4.686
272.0,278.0,4.644,-0.831,0.481,-3.275,3.844,3.873,3.901,3.928,3.954,3.979,4.003,4.025,4.047,4.068,4.088,4.107,4.206,4.284,4.344,4.392,4.459,4.502,4.531,4.55,4.564,4.574,4.582,4.604
273.0,278.0,4.865,-1.304,-0.02,-3.275,3.591,3.62,3.648,3.676,3.703,3.729,3.754,3.778,3.802,3.825,3.847,3.869,3.985,4.084,4.167,4.237,4.348,4.431,4.493,4.542,4.58,4.61,4.635,4.711
274.0,278.0,4.779,-1.102,-0.462,-3.275,3.692,3.707,3.722,3.737,3.752,3.766,3.78,3.794,3.808,3.822,3.836,3.849,3.926,3.995,4.059,4.115,4.213,4.291,4.354,4.405,4.446,4.48,4.509,4.597
275.0,278.0,4.705,-1.781,-1.906,-3.275,2.922,2.921,2.922,2.924,2.927,2.931,2.936,2.942,2.949,2.956,2.965,2.974,3.039,3.117,3.202,3.287,3.453,3.601,3.73,3.838,3.93,4.006,4.071,4.277
276.0,278.0,4.866,-1.813,-2.373,-3.275,3.041,3.031,3.023,3.016,3.011,3.008,3.007,3.007,3.008,3.01,3.013,3.018,3.063,3.13,3.209,3.294,3.465,3.625,3.765,3.886,3.988,4.074,4.147,4.38
277.0,278.0,4.973,-3.112,-3.582,-3.275,1.852,1.845,1.841,1.839,1.84,1.843,1.848,1.854,1.863,1.873,1.885,1.898,2.0,2.129,2.272,2.421,2.712,2.976,3.206,3.402,3.567,3.705,3.822,4.196
267.0,279.0,4.338,0.003,1.628,-3.275,4.378,4.413,4.447,4.478,4.507,4.534,4.559,4.582,4.604,4.625,4.644,4.662,4.743,4.791,4.816,4.825,4.813,4.782,4.744,4.707,4.673,4.642,4.616,4.527
268.0,279.0,4.298,0.054,1.654,-3.275,4.389,4.424,4.456,4.487,4.515,4.542,4.566,4.589,4.611,4.63,4.649,4.666,4.744,4.789,4.811,4.817,4.801,4.766,4.726,4.686,4.65,4.618,4.59,4.496
269.0,279.0,4.661,-0.193,1.523,-3.275,4.508,4.545,4.58,4.614,4.645,4.674,4.701,4.727,4.751,4.774,4.795,4.815,4.909,4.969,5.004,5.023,5.028,5.012,4.986,4.958,4.932,4.908,4.887,4.815
270.0,279.0,4.893,-0.488,1.137,-3.275,4.443,4.479,4.513,4.545,4.575,4.604,4.631,4.657,4.681,4.704,4.726,4.747,4.848,4.918,4.967,5.0,5.033,5.042,5.039,5.031,5.021,5.011,5.002,4.968
271.0,279.0,4.637,-0.361,0.72,-3.275,4.301,4.325,4.347,4.369,4.389,4.408,4.426,4.444,4.46,4.476,4.49,4.504,4.573,4.622,4.656,4.679,4.705,4.714,4.715,4.711,4.707,4.702,4.697,4.678
272.0,279.0,4.631,-0.846,0.634,-3.275,3.82,3.853,3.884,3.914,3.943,3.971,3.997,4.022,4.047,4.07,4.092,4.113,4.221,4.304,4.368,4.417,4.484,4.525,4.551,4.568,4.579,4.587,4.592,4.606
273.0,279.0,4.851,-1.325,0.141,-3.275,3.561,3.594,3.626,3.657,3.687,3.716,3.744,3.771,3.797,3.823,3.847,3.871,3.998,4.102,4.189,4.261,4.373,4.454,4.514,4.559,4.595,4.623,4.645,4.714
274.0,279.0,4.744,-1.127,-0.207,-3.275,3.639,3.66,3.68,3.701,3.72,3.74,3.758,3.777,3.794,3.812,3.829,3.845,3.937,4.016,4.085,4.145,4.242,4.317,4.376,4.422,4.459,4.488,4.513,4.589
275.0,279.0,4.647,-1.821,-1.495,-3.275,2.834,2.843,2.852,2.863,2.874,2.886,2.898,2.911,2.924,2.937,2.951,2.965,3.055,3.149,3.242,3.332,3.498,3.641,3.762,3.863,3.947,4.017,4.075,4.262
276.0,279.0,4.794,-1.859,-1.91,-3.275,2.934,2.935,2.937,2.94,2.945,2.951,2.957,2.964,2.973,2.982,2.991,3.002,3.074,3.158,3.247,3.337,3.51,3.663,3.795,3.907,4.0,4.079,4.145,4.356
277.0,279.0,4.905,-3.171,-3.078,-3.275,1.738,1.743,1.751,1.76,1.771,1.783,1.797,1.812,1.829,1.846,1.865,1.885,2.017,2.166,2.321,2.475,2.768,3.026,3.247,3.434,3.59,3.72,3.83,4.18
278.0,279.0,5.468,-3.572,-6.143,-3.275,1.838,1.786,1.74,1.699,1.664,1.633,1.607,1.586,1.568,1.554,1.544,1.537,1.552,1.64,1.773,1.933,2.281,2.623,2.934,3.204,3.436,3.633,3.801,4.341
268.0,280.0,4.293,0.053,1.751,-3.275,4.385,4.422,4.456,4.488,4.519,4.547,4.573,4.597,4.62,4.641,4.661,4.679,4.762,4.81,4.834,4.84,4.823,4.787,4.744,4.702,4.664,4.63,4.601,4.502
269.0,280.0,4.66,-0.197,1.582,-3.275,4.504,4.543,4.58,4.614,4.646,4.676,4.705,4.732,4.757,4.78,4.802,4.822,4.92,4.981,5.018,5.038,5.043,5.025,4.998,4.97,4.942,4.917,4.895,4.82
270.0,280.0,4.889,-0.496,1.204,-3.275,4.433,4.47,4.505,4.539,4.571,4.601,4.629,4.656,4.681,4.705,4.728,4.749,4.855,4.928,4.978,5.011,5.045,5.053,5.05,5.04,5.029,5.018,5.008,4.971
271.0,280.0,4.615,-0.374,0.884,-3.275,4.271,4.299,4.325,4.35,4.373,4.396,4.417,4.436,4.455,4.473,4.49,4.506,4.584,4.638,4.676,4.701,4.726,4.733,4.731,4.724,4.717,4.709,4.701,4.675
272.0,280.0,4.623,-0.859,0.763,-3.275,3.802,3.838,3.873,3.906,3.937,3.967,3.996,4.023,4.049,4.074,4.098,4.12,4.236,4.324,4.391,4.441,4.509,4.548,4.572,4.586,4.595,4.6,4.604,4.612
273.0,280.0,4.844,-1.344,0.276,-3.275,3.537,3.574,3.609,3.643,3.676,3.708,3.738,3.768,3.796,3.824,3.85,3.875,4.011,4.121,4.211,4.285,4.397,4.477,4.535,4.578,4.611,4.636,4.657,4.72
274.0,280.0,4.718,-1.15,0.01,-3.275,3.596,3.622,3.648,3.673,3.697,3.72,3.743,3.765,3.786,3.806,3.826,3.846,3.95,4.038,4.111,4.173,4.271,4.343,4.398,4.44,4.473,4.499,4.521,4.586
275.0,280.0,4.603,-1.857,-1.146,-3.275,2.763,2.78,2.798,2.816,2.834,2.852,2.87,2.889,2.907,2.926,2.945,2.963,3.074,3.18,3.281,3.375,3.542,3.681,3.795,3.889,3.967,4.031,4.085,4.254
276.0,280.0,4.738,-1.9,-1.515,-3.275,2.847,2.857,2.869,2.88,2.893,2.906,2.919,2.933,2.948,2.962,2.977,2.993,3.088,3.187,3.285,3.38,3.552,3.701,3.826,3.93,4.017,4.089,4.149,4.341
277.0,280.0,4.856,-3.225,-2.649,-3.275,1.646,1.662,1.679,1.698,1.717,1.738,1.76,1.782,1.805,1.829,1.854,1.879,2.038,2.203,2.368,2.528,2.822,3.076,3.29,3.468,3.617,3.741,3.844,4.174
278.0,280.0,5.333,-3.661,-5.345,-3.275,1.635,1.602,1.574,1.551,1.531,1.516,1.504,1.496,1.49,1.488,1.489,1.492,1.555,1.673,1.824,1.993,2.344,2.676,2.972,3.228,3.446,3.63,3.786,4.288
279.0,280.0,5.24,-3.914,-4.951,-3.275,1.303,1.285,1.271,1.26,1.253,1.249,1.249,1.251,1.256,1.263,1.272,1.284,1.389,1.539,1.712,1.897,2.266,2.607,2.906,3.162,3.379,3.562,3.716,4.211
269.0,281.0,4.66,-0.2,1.632,-3.275,4.503,4.543,4.581,4.616,4.649,4.681,4.71,4.737,4.763,4.787,4.81,4.831,4.931,4.994,5.032,5.052,5.057,5.038,5.011,4.981,4.953,4.927,4.904,4.826
270.0,281.0,4.888,-0.504,1.26,-3.275,4.425,4.464,4.5,4.535,4.568,4.599,4.629,4.656,4.683,4.708,4.731,4.753,4.862,4.938,4.989,5.023,5.057,5.065,5.06,5.05,5.038,5.026,5.015,4.975
271.0,281.0,4.6,-0.384,1.025,-3.275,4.248,4.279,4.309,4.336,4.363,4.387,4.411,4.433,4.454,4.474,4.492,4.51,4.596,4.656,4.696,4.722,4.747,4.752,4.747,4.738,4.727,4.717,4.708,4.674
272.0,281.0,4.62,-0.871,0.873,-3.275,3.79,3.829,3.866,3.901,3.935,3.967,3.997,4.026,4.054,4.081,4.106,4.13,4.252,4.344,4.413,4.465,4.533,4.571,4.593,4.605,4.612,4.615,4.618,4.62
273.0,281.0,4.841,-1.362,0.39,-3.275,3.52,3.56,3.598,3.634,3.67,3.703,3.736,3.768,3.798,3.827,3.855,3.882,4.025,4.139,4.232,4.308,4.421,4.5,4.555,4.596,4.628,4.652,4.671,4.728
274.0,281.0,4.701,-1.17,0.195,-3.275,3.563,3.594,3.624,3.652,3.68,3.707,3.733,3.758,3.782,3.805,3.827,3.849,3.965,4.059,4.137,4.201,4.299,4.369,4.42,4.459,4.489,4.512,4.531,4.587
275.0,281.0,4.572,-1.889,-0.848,-3.275,2.707,2.732,2.756,2.78,2.804,2.828,2.852,2.875,2.899,2.921,2.944,2.966,3.095,3.213,3.32,3.417,3.585,3.72,3.829,3.918,3.99,4.049,4.099,4.254
276.0,281.0,4.696,-1.937,-1.178,-3.275,2.777,2.796,2.815,2.834,2.853,2.872,2.892,2.911,2.931,2.95,2.97,2.989,3.105,3.217,3.323,3.421,3.594,3.739,3.858,3.956,4.036,4.103,4.159,4.334
277.0,281.0,4.822,-3.273,-2.286,-3.275,1.573,1.598,1.624,1.65,1.677,1.705,1.733,1.762,1.791,1.82,1.85,1.88,2.061,2.241,2.415,2.579,2.875,3.125,3.333,3.505,3.647,3.765,3.864,4.177
278.0,281.0,5.227,-3.741,-4.663,-3.275,1.466,1.45,1.438,1.429,1.424,1.421,1.422,1.425,1.43,1.438,1.448,1.459,1.564,1.709,1.875,2.052,2.405,2.729,3.014,3.257,3.463,3.636,3.783,4.252
279.0,281.0,5.155,-3.989,-4.346,-3.275,1.159,1.156,1.156,1.158,1.163,1.171,1.181,1.194,1.208,1.224,1.242,1.261,1.404,1.577,1.765,1.956,2.328,2.662,2.951,3.196,3.402,3.575,3.721,4.188
280.0,281.0,5.044,-3.728,-2.298,-3.275,1.351,1.386,1.421,1.457,1.494,1.53,1.567,1.604,1.642,1.679,1.716,1.753,1.975,2.189,2.392,2.581,2.915,3.194,3.423,3.612,3.768,3.897,4.005,4.344
270.0,282.0,4.889,-0.511,1.306,-3.275,4.419,4.46,4.497,4.533,4.567,4.599,4.63,4.658,4.685,4.711,4.735,4.758,4.869,4.947,5.0,5.034,5.069,5.076,5.07,5.059,5.047,5.034,5.022,4.981
271.0,282.0,4.589,-0.393,1.145,-3.275,4.231,4.265,4.297,4.327,4.356,4.383,4.409,4.433,4.455,4.477,4.497,4.516,4.609,4.673,4.715,4.743,4.768,4.771,4.764,4.752,4.739,4.727,4.716,4.676
272.0,282.0,4.621,-0.881,0.965,-3.275,3.782,3.824,3.863,3.9,3.935,3.969,4.001,4.032,4.061,4.089,4.116,4.141,4.269,4.364,4.435,4.488,4.556,4.593,4.613,4.624,4.629,4.631,4.632,4.63
273.0,282.0,4.843,-1.378,0.485,-3.275,3.508,3.55,3.59,3.629,3.666,3.702,3.737,3.77,3.802,3.832,3.862,3.89,4.039,4.158,4.253,4.33,4.444,4.522,4.576,4.616,4.645,4.668,4.686,4.739
274.0,282.0,4.69,-1.188,0.351,-3.275,3.538,3.572,3.606,3.638,3.669,3.699,3.727,3.755,3.781,3.807,3.831,3.855,3.98,4.081,4.162,4.228,4.327,4.395,4.443,4.479,4.506,4.527,4.543,4.592
275.0,282.0,4.551,-1.918,-0.596,-3.275,2.664,2.695,2.725,2.755,2.784,2.813,2.841,2.869,2.896,2.922,2.948,2.974,3.117,3.245,3.358,3.458,3.626,3.759,3.863,3.947,4.015,4.071,4.116,4.259
276.0,282.0,4.666,-1.97,-0.892,-3.275,2.722,2.748,2.773,2.799,2.823,2.848,2.873,2.897,2.921,2.945,2.968,2.991,3.125,3.247,3.359,3.461,3.635,3.776,3.89,3.983,4.058,4.121,4.172,4.334
277.0,282.0,4.802,-3.318,-1.979,-3.275,1.516,1.549,1.582,1.615,1.649,1.682,1.716,1.75,1.784,1.818,1.852,1.886,2.087,2.279,2.461,2.629,2.926,3.173,3.376,3.543,3.68,3.794,3.888,4.187
278.0,282.0,5.146,-3.813,-4.083,-3.275,1.328,1.326,1.327,1.331,1.338,1.346,1.357,1.37,1.384,1.401,1.419,1.438,1.578,1.745,1.926,2.11,2.464,2.782,3.057,3.289,3.485,3.649,3.788,4.229
279.0,282.0,5.092,-4.057,-3.831,-3.275,1.042,1.051,1.063,1.077,1.093,1.11,1.13,1.151,1.173,1.197,1.222,1.248,1.423,1.616,1.816,2.015,2.388,2.717,2.997,3.233,3.43,3.596,3.734,4.177
280.0,282.0,5.038,-3.773,-2.055,-3.275,1.306,1.348,1.389,1.431,1.473,1.514,1.556,1.597,1.639,1.68,1.721,1.762,2.0,2.224,2.433,2.626,2.962,3.239,3.466,3.651,3.803,3.928,4.033,4.362
281.0,282.0,5.387,-3.581,-2.456,-3.275,1.834,1.862,1.891,1.921,1.952,1.983,2.014,2.046,2.079,2.111,2.144,2.178,2.378,2.576,2.767,2.947,3.27,3.542,3.769,3.956,4.111,4.239,4.347,4.687
271.0,283.0,4.582,-0.401,1.247,-3.275,4.22,4.256,4.29,4.323,4.353,4.382,4.409,4.435,4.459,4.482,4.503,4.524,4.622,4.69,4.735,4.763,4.788,4.79,4.78,4.767,4.752,4.738,4.725,4.68
272.0,283.0,4.625,-0.891,1.042,-3.275,3.779,3.822,3.863,3.902,3.939,3.974,4.008,4.04,4.07,4.099,4.127,4.153,4.286,4.384,4.457,4.511,4.579,4.615,4.634,4.643,4.647,4.648,4.648,4.642
273.0,283.0,4.848,-1.393,0.565,-3.275,3.5,3.544,3.587,3.627,3.666,3.704,3.74,3.774,3.807,3.839,3.87,3.899,4.054,4.176,4.273,4.352,4.466,4.544,4.597,4.635,4.664,4.685,4.702,4.752
274.0,283.0,4.684,-1.204,0.484,-3.275,3.519,3.557,3.594,3.629,3.662,3.695,3.726,3.755,3.784,3.812,3.838,3.863,3.997,4.102,4.186,4.254,4.353,4.42,4.466,4.499,4.524,4.543,4.557,4.6
275.0,283.0,4.54,-1.944,-0.383,-3.275,2.633,2.669,2.704,2.738,2.772,2.804,2.836,2.867,2.898,2.928,2.957,2.985,3.142,3.277,3.396,3.498,3.667,3.797,3.898,3.978,4.042,4.094,4.137,4.27
276.0,283.0,4.647,-1.999,-0.65,-3.275,2.68,2.712,2.742,2.773,2.803,2.832,2.861,2.889,2.917,2.944,2.971,2.998,3.146,3.278,3.395,3.5,3.675,3.813,3.923,4.011,4.083,4.141,4.189,4.34
277.0,283.0,4.793,-3.359,-1.722,-3.275,1.473,1.512,1.551,1.59,1.629,1.668,1.707,1.745,1.784,1.822,1.859,1.897,2.114,2.318,2.505,2.677,2.976,3.221,3.42,3.582,3.715,3.825,3.916,4.203
278.0,283.0,5.085,-3.878,-3.589,-3.275,1.216,1.226,1.239,1.253,1.27,1.288,1.308,1.329,1.351,1.375,1.4,1.426,1.596,1.783,1.975,2.165,2.522,2.835,3.101,3.325,3.512,3.669,3.8,4.219
279.0,283.0,5.048,-4.119,-3.395,-3.275,0.947,0.968,0.99,1.013,1.038,1.064,1.092,1.12,1.15,1.18,1.211,1.243,1.445,1.656,1.867,2.071,2.447,2.771,3.044,3.273,3.463,3.621,3.754,4.176
280.0,283.0,5.042,-3.816,-1.853,-3.275,1.273,1.32,1.367,1.413,1.459,1.505,1.551,1.596,1.641,1.685,1.729,1.773,2.025,2.259,2.474,2.67,3.009,3.284,3.508,3.69,3.839,3.962,4.064,4.384
281.0,283.0,5.372,-3.629,-2.206,-3.275,1.777,1.812,1.847,1.883,1.919,1.955,1.991,2.028,2.065,2.101,2.138,2.175,2.392,2.602,2.799,2.983,3.308,3.579,3.802,3.985,4.136,4.261,4.366,4.695
282.0,283.0,5.098,-3.342,-1.836,-3.275,1.793,1.829,1.865,1.902,1.939,1.975,2.012,2.048,2.085,2.121,2.157,2.193,2.403,2.602,2.786,2.957,3.255,3.501,3.702,3.866,4.001,4.112,4.205,4.497
272.0,284.0,4.632,-0.899,1.106,-3.275,3.779,3.823,3.866,3.906,3.945,3.981,4.016,4.049,4.08,4.11,4.139,4.166,4.302,4.403,4.478,4.532,4.601,4.637,4.654,4.662,4.665,4.665,4.664,4.655
273.0,284.0,4.856,-1.408,0.63,-3.275,3.496,3.542,3.586,3.628,3.668,3.707,3.745,3.78,3.815,3.848,3.879,3.91,4.068,4.194,4.293,4.373,4.488,4.565,4.617,4.655,4.682,4.703,4.719,4.766
274.0,284.0,4.684,-1.219,0.595,-3.275,3.507,3.548,3.587,3.624,3.66,3.694,3.727,3.759,3.789,3.819,3.847,3.873,4.013,4.124,4.21,4.279,4.379,4.445,4.489,4.52,4.543,4.56,4.573,4.611
275.0,284.0,4.536,-1.967,-0.203,-3.275,2.61,2.651,2.69,2.728,2.765,2.802,2.837,2.871,2.904,2.937,2.968,2.999,3.167,3.31,3.432,3.537,3.706,3.834,3.932,4.009,4.07,4.119,4.16,4.284
276.0,284.0,4.637,-2.026,-0.445,-3.275,2.648,2.685,2.72,2.755,2.789,2.823,2.855,2.887,2.918,2.949,2.978,3.007,3.168,3.308,3.431,3.538,3.714,3.85,3.956,4.041,4.109,4.164,4.209,4.35
277.0,284.0,4.794,-3.398,-1.506,-3.275,1.441,1.486,1.53,1.574,1.618,1.661,1.704,1.746,1.788,1.83,1.871,1.911,2.143,2.355,2.549,2.724,3.025,3.268,3.464,3.623,3.752,3.859,3.947,4.225
278.0,284.0,5.043,-3.938,-3.171,-3.275,1.125,1.146,1.168,1.192,1.217,1.244,1.271,1.299,1.329,1.359,1.389,1.421,1.618,1.822,2.024,2.22,2.578,2.887,3.146,3.363,3.543,3.693,3.819,4.218
279.0,284.0,5.02,-4.176,-3.027,-3.275,0.872,0.902,0.933,0.964,0.997,1.03,1.065,1.1,1.135,1.171,1.208,1.245,1.471,1.697,1.917,2.126,2.504,2.824,3.092,3.314,3.498,3.651,3.779,4.184
280.0,284.0,5.054,-3.856,-1.685,-3.275,1.25,1.301,1.352,1.402,1.452,1.502,1.551,1.599,1.647,1.694,1.741,1.787,2.051,2.293,2.513,2.712,3.053,3.328,3.55,3.73,3.877,3.997,4.097,4.411
281.0,284.0,5.366,-3.675,-1.996,-3.275,1.732,1.772,1.813,1.853,1.894,1.935,1.975,2.016,2.056,2.096,2.136,2.176,2.408,2.627,2.831,3.018,3.346,3.615,3.836,4.016,4.164,4.286,4.388,4.708
282.0,284.0,5.095,-3.382,-1.628,-3.275,1.754,1.796,1.838,1.879,1.92,1.961,2.002,2.042,2.082,2.121,2.161,2.199,2.424,2.631,2.822,2.996,3.296,3.54,3.738,3.899,4.031,4.14,4.23,4.513
283.0,284.0,5.157,-3.559,-2.053,-3.275,1.634,1.671,1.708,1.745,1.782,1.819,1.857,1.894,1.932,1.969,2.006,2.044,2.262,2.471,2.666,2.847,3.166,3.429,3.645,3.822,3.968,4.089,4.189,4.506
273.0,285.0,4.867,-1.422,0.683,-3.275,3.495,3.542,3.588,3.631,3.673,3.713,3.751,3.788,3.823,3.857,3.889,3.921,4.083,4.211,4.313,4.393,4.509,4.586,4.638,4.674,4.701,4.721,4.737,4.781
274.0,285.0,4.687,-1.233,0.688,-3.275,3.499,3.542,3.584,3.623,3.661,3.697,3.732,3.765,3.797,3.828,3.857,3.885,4.031,4.145,4.234,4.304,4.404,4.469,4.512,4.541,4.563,4.578,4.59,4.624
275.0,285.0,4.539,-1.989,-0.052,-3.275,2.596,2.64,2.683,2.724,2.765,2.804,2.842,2.879,2.914,2.949,2.983,3.015,3.193,3.342,3.468,3.575,3.745,3.871,3.967,4.041,4.1,4.146,4.185,4.302
276.0,285.0,4.634,-2.05,-0.273,-3.275,2.625,2.666,2.706,2.745,2.782,2.819,2.855,2.89,2.923,2.956,2.989,3.02,3.192,3.339,3.465,3.575,3.751,3.886,3.989,4.071,4.136,4.188,4.231,4.364
277.0,285.0,4.803,-3.434,-1.327,-3.275,1.419,1.469,1.518,1.566,1.613,1.66,1.707,1.752,1.797,1.842,1.885,1.928,2.172,2.393,2.592,2.77,3.072,3.314,3.507,3.663,3.79,3.894,3.981,4.251
278.0,285.0,5.017,-3.992,-2.818,-3.275,1.053,1.083,1.114,1.145,1.178,1.211,1.245,1.28,1.315,1.35,1.386,1.422,1.642,1.861,2.072,2.272,2.633,2.938,3.192,3.403,3.577,3.722,3.843,4.226
279.0,285.0,5.007,-4.229,-2.718,-3.275,0.814,0.851,0.889,0.928,0.967,1.007,1.047,1.088,1.129,1.169,1.211,1.252,1.498,1.737,1.965,2.179,2.559,2.877,3.141,3.358,3.537,3.685,3.809,4.2
280.0,285.0,5.073,-3.895,-1.548,-3.275,1.234,1.289,1.344,1.398,1.451,1.503,1.555,1.606,1.657,1.706,1.755,1.804,2.078,2.327,2.552,2.754,3.097,3.372,3.592,3.771,3.915,4.034,4.133,4.441
281.0,285.0,5.369,-3.718,-1.822,-3.275,1.696,1.741,1.786,1.831,1.876,1.92,1.964,2.008,2.052,2.095,2.137,2.18,2.425,2.652,2.861,3.052,3.382,3.651,3.87,4.047,4.193,4.313,4.412,4.726
282.0,285.0,5.099,-3.421,-1.456,-3.275,1.725,1.772,1.818,1.863,1.908,1.953,1.997,2.04,2.083,2.126,2.168,2.209,2.445,2.661,2.857,3.034,3.336,3.579,3.775,3.934,4.063,4.169,4.257,4.533
283.0,285.0,5.154,-3.602,-1.84,-3.275,1.594,1.636,1.678,1.72,1.762,1.804,1.846,1.887,1.928,1.969,2.009,2.05,2.283,2.501,2.703,2.887,3.207,3.47,3.683,3.857,3.999,4.117,4.215,4.522
284.0,285.0,5.025,-3.304,-2.545,-3.275,1.74,1.76,1.781,1.803,1.827,1.851,1.875,1.901,1.927,1.954,1.981,2.008,2.179,2.354,2.526,2.69,2.99,3.247,3.462,3.641,3.79,3.914,4.018,4.347
274.0,286.0,4.694,-1.245,0.765,-3.275,3.496,3.541,3.584,3.625,3.665,3.702,3.738,3.773,3.806,3.838,3.868,3.898,4.049,4.166,4.257,4.328,4.429,4.493,4.534,4.563,4.583,4.597,4.608,4.638
275.0,286.0,4.548,-2.009,0.073,-3.275,2.588,2.635,2.681,2.726,2.769,2.81,2.85,2.889,2.927,2.964,2.999,3.034,3.219,3.373,3.503,3.611,3.782,3.907,4.001,4.073,4.13,4.175,4.211,4.323
276.0,286.0,4.637,-2.073,-0.129,-3.275,2.61,2.655,2.698,2.74,2.781,2.82,2.858,2.896,2.932,2.967,3.001,3.035,3.216,3.369,3.499,3.61,3.788,3.921,4.023,4.101,4.164,4.214,4.255,4.382
277.0,286.0,4.819,-3.468,-1.179,-3.275,1.406,1.459,1.512,1.564,1.614,1.665,1.714,1.762,1.81,1.857,1.903,1.948,2.202,2.43,2.633,2.814,3.118,3.359,3.551,3.705,3.83,3.932,4.016,4.28
278.0,286.0,5.003,-4.043,-2.521,-3.275,0.997,1.034,1.072,1.111,1.15,1.189,1.229,1.269,1.308,1.349,1.389,1.429,1.668,1.899,2.118,2.323,2.686,2.989,3.239,3.444,3.614,3.754,3.872,4.242
279.0,286.0,5.005,-4.279,-2.459,-3.275,0.769,0.814,0.858,0.903,0.948,0.993,1.038,1.083,1.128,1.173,1.218,1.263,1.527,1.778,2.013,2.23,2.613,2.929,3.189,3.402,3.577,3.722,3.842,4.223
280.0,286.0,5.098,-3.932,-1.438,-3.275,1.225,1.283,1.341,1.397,1.453,1.509,1.563,1.616,1.669,1.721,1.772,1.822,2.105,2.36,2.589,2.793,3.139,3.414,3.634,3.811,3.955,4.072,4.17,4.474
281.0,286.0,5.378,-3.759,-1.679,-3.275,1.669,1.718,1.767,1.815,1.863,1.911,1.958,2.005,2.051,2.097,2.142,2.186,2.442,2.677,2.891,3.085,3.417,3.686,3.903,4.079,4.223,4.341,4.439,4.747
282.0,286.0,5.111,-3.457,-1.314,-3.275,1.704,1.755,1.804,1.853,1.902,1.949,1.996,2.043,2.088,2.133,2.177,2.221,2.467,2.69,2.891,3.07,3.374,3.617,3.812,3.968,4.096,4.2,4.287,4.557
283.0,286.0,5.159,-3.643,-1.663,-3.275,1.563,1.61,1.657,1.703,1.749,1.795,1.84,1.885,1.929,1.973,2.016,2.059,2.305,2.531,2.738,2.926,3.248,3.509,3.721,3.892,4.032,4.147,4.243,4.543
284.0,286.0,4.998,-3.353,-2.221,-3.275,1.673,1.701,1.73,1.759,1.789,1.819,1.85,1.881,1.913,1.944,1.976,2.008,2.2,2.388,2.567,2.736,3.038,3.292,3.502,3.675,3.819,3.938,4.037,4.351
285.0,286.0,5.249,-4.258,-2.445,-3.275,1.034,1.078,1.122,1.167,1.211,1.256,1.301,1.346,1.391,1.436,1.481,1.525,1.788,2.038,2.272,2.488,2.869,3.184,3.442,3.654,3.828,3.972,4.092,4.471
275.0,287.0,4.561,-2.027,0.177,-3.275,2.586,2.636,2.684,2.731,2.776,2.82,2.862,2.903,2.942,2.981,3.018,3.054,3.246,3.404,3.537,3.647,3.818,3.943,4.035,4.106,4.16,4.204,4.239,4.346
276.0,287.0,4.646,-2.094,-0.009,-3.275,2.602,2.649,2.695,2.74,2.783,2.825,2.866,2.905,2.943,2.98,3.016,3.051,3.24,3.399,3.532,3.645,3.823,3.956,4.055,4.132,4.193,4.242,4.281,4.402
277.0,287.0,4.841,-3.5,-1.058,-3.275,1.399,1.456,1.511,1.566,1.62,1.673,1.725,1.775,1.825,1.874,1.922,1.969,2.232,2.466,2.673,2.856,3.162,3.403,3.594,3.746,3.869,3.97,4.053,4.312
278.0,287.0,5.002,-4.091,-2.273,-3.275,0.954,0.998,1.042,1.087,1.131,1.175,1.22,1.264,1.308,1.352,1.396,1.44,1.696,1.938,2.164,2.373,2.738,3.039,3.285,3.487,3.653,3.79,3.904,4.263
279.0,287.0,5.013,-4.326,-2.244,-3.275,0.737,0.787,0.837,0.886,0.936,0.986,1.035,1.084,1.133,1.182,1.23,1.278,1.557,1.817,2.059,2.28,2.665,2.981,3.238,3.447,3.619,3.761,3.879,4.25
280.0,287.0,5.127,-3.968,-1.349,-3.275,1.221,1.282,1.342,1.401,1.46,1.517,1.573,1.629,1.683,1.737,1.789,1.841,2.132,2.393,2.625,2.832,3.18,3.456,3.675,3.852,3.994,4.111,4.208,4.51
281.0,287.0,5.394,-3.799,-1.562,-3.275,1.648,1.701,1.753,1.804,1.855,1.906,1.956,2.005,2.053,2.101,2.148,2.195,2.46,2.701,2.919,3.116,3.451,3.72,3.937,4.112,4.254,4.371,4.468,4.772
282.0,287.0,5.128,-3.492,-1.197,-3.275,1.69,1.744,1.797,1.849,1.9,1.95,1.999,2.048,2.096,2.143,2.189,2.234,2.49,2.719,2.923,3.105,3.412,3.655,3.848,4.003,4.129,4.232,4.318,4.584
283.0,287.0,5.171,-3.682,-1.518,-3.275,1.541,1.592,1.642,1.692,1.742,1.79,1.839,1.886,1.933,1.979,2.025,2.07,2.327,2.561,2.772,2.963,3.288,3.548,3.758,3.928,4.066,4.179,4.273,4.568
284.0,287.0,4.982,-3.397,-1.948,-3.275,1.62,1.655,1.69,1.726,1.762,1.798,1.834,1.869,1.905,1.941,1.977,2.013,2.222,2.421,2.608,2.781,3.085,3.336,3.542,3.711,3.85,3.965,4.06,4.362
285.0,287.0,5.256,-4.306,-2.252,-3.275,1.0,1.049,1.098,1.148,1.197,1.246,1.295,1.343,1.392,1.44,1.488,1.535,1.812,2.071,2.311,2.531,2.914,3.229,3.485,3.694,3.866,4.007,4.125,4.495
286.0,287.0,6.414,-5.769,-5.308,-3.275,0.657,0.674,0.693,0.715,0.74,0.768,0.798,0.83,0.864,0.899,0.937,0.975,1.231,1.51,1.796,2.079,2.609,3.074,3.47,3.802,4.08,4.312,4.507,5.129
276.0,288.0,4.66,-2.113,0.09,-3.275,2.598,2.648,2.697,2.744,2.789,2.833,2.876,2.917,2.957,2.996,3.033,3.069,3.265,3.428,3.564,3.679,3.858,3.99,4.088,4.164,4.223,4.27,4.308,4.425
277.0,288.0,4.868,-3.532,-0.96,-3.275,1.398,1.457,1.516,1.573,1.629,1.684,1.738,1.791,1.843,1.893,1.943,1.992,2.263,2.502,2.712,2.898,3.206,3.446,3.636,3.788,3.91,4.009,4.091,4.347
278.0,288.0,5.009,-4.136,-2.067,-3.275,0.923,0.972,1.022,1.071,1.12,1.169,1.217,1.265,1.313,1.36,1.408,1.454,1.724,1.976,2.208,2.42,2.788,3.088,3.332,3.531,3.693,3.827,3.939,4.289
279.0,288.0,5.029,-4.37,-2.067,-3.275,0.714,0.769,0.823,0.877,0.931,0.985,1.038,1.09,1.142,1.194,1.245,1.296,1.587,1.857,2.104,2.328,2.716,3.031,3.286,3.493,3.663,3.802,3.918,4.282
280.0,288.0,5.16,-4.003,-1.281,-3.275,1.221,1.285,1.347,1.409,1.469,1.528,1.586,1.643,1.699,1.754,1.808,1.861,2.159,2.424,2.66,2.869,3.219,3.496,3.716,3.892,4.034,4.151,4.247,4.547
281.0,288.0,5.415,-3.838,-1.468,-3.275,1.633,1.689,1.744,1.798,1.852,1.904,1.956,2.007,2.058,2.108,2.156,2.205,2.478,2.725,2.947,3.146,3.484,3.754,3.97,4.144,4.286,4.402,4.498,4.799
282.0,288.0,5.15,-3.526,-1.104,-3.275,1.682,1.738,1.794,1.848,1.901,1.954,2.006,2.056,2.106,2.155,2.202,2.249,2.513,2.747,2.955,3.139,3.448,3.691,3.884,4.039,4.164,4.266,4.35,4.613
283.0,288.0,5.19,-3.719,-1.399,-3.275,1.526,1.58,1.634,1.687,1.739,1.79,1.841,1.891,1.94,1.989,2.036,2.083,2.35,2.59,2.805,2.999,3.326,3.587,3.796,3.964,4.101,4.213,4.305,4.596
284.0,288.0,4.977,-3.439,-1.719,-3.275,1.579,1.62,1.661,1.702,1.743,1.784,1.824,1.864,1.904,1.943,1.982,2.021,2.246,2.455,2.648,2.824,3.13,3.379,3.582,3.747,3.883,3.994,4.087,4.378
285.0,288.0,5.272,-4.351,-2.093,-3.275,0.975,1.028,1.082,1.135,1.188,1.241,1.293,1.345,1.396,1.447,1.498,1.548,1.836,2.104,2.349,2.572,2.958,3.273,3.527,3.735,3.904,4.044,4.16,4.524
286.0,288.0,6.38,-5.852,-4.941,-3.275,0.552,0.578,0.606,0.638,0.671,0.706,0.743,0.782,0.823,0.864,0.907,0.951,1.233,1.529,1.826,2.116,2.65,3.113,3.504,3.831,4.104,4.331,4.522,5.128
287.0,288.0,5.11,-4.787,-4.87,-3.275,0.323,0.326,0.333,0.343,0.355,0.37,0.388,0.407,0.429,0.453,0.478,0.505,0.694,0.912,1.142,1.374,1.817,2.212,2.551,2.837,3.077,3.279,3.448,3.989
277.0,289.0,4.9,-3.562,-0.883,-3.275,1.401,1.463,1.524,1.583,1.641,1.698,1.754,1.809,1.862,1.914,1.965,2.015,2.293,2.536,2.75,2.938,3.247,3.489,3.678,3.829,3.95,4.049,4.131,4.384
278.0,289.0,5.025,-4.178,-1.897,-3.275,0.901,0.955,1.009,1.062,1.115,1.168,1.22,1.271,1.322,1.372,1.422,1.471,1.754,2.014,2.251,2.467,2.836,3.136,3.378,3.575,3.735,3.867,3.976,4.32
279.0,289.0,5.053,-4.413,-1.922,-3.275,0.7,0.758,0.817,0.875,0.932,0.989,1.045,1.1,1.155,1.209,1.263,1.316,1.618,1.895,2.147,2.375,2.765,3.08,3.334,3.539,3.707,3.845,3.959,4.318
280.0,289.0,5.197,-4.038,-1.229,-3.275,1.226,1.291,1.355,1.418,1.48,1.541,1.6,1.659,1.716,1.773,1.828,1.882,2.185,2.455,2.693,2.905,3.258,3.536,3.756,3.932,4.074,4.19,4.286,4.586
281.0,289.0,5.44,-3.875,-1.394,-3.275,1.623,1.682,1.739,1.795,1.851,1.905,1.959,2.012,2.064,2.116,2.166,2.216,2.496,2.748,2.974,3.176,3.516,3.787,4.003,4.177,4.318,4.433,4.529,4.828
282.0,289.0,5.177,-3.559,-1.03,-3.275,1.678,1.737,1.794,1.851,1.906,1.961,2.014,2.066,2.118,2.168,2.217,2.265,2.536,2.775,2.986,3.172,3.483,3.727,3.92,4.074,4.198,4.3,4.383,4.644
283.0,289.0,5.213,-3.755,-1.303,-3.275,1.516,1.573,1.63,1.685,1.74,1.794,1.847,1.899,1.95,2.0,2.05,2.098,2.372,2.618,2.838,3.033,3.363,3.624,3.833,4.0,4.136,4.247,4.339,4.626
284.0,289.0,4.98,-3.478,-1.528,-3.275,1.549,1.595,1.641,1.687,1.731,1.776,1.82,1.863,1.907,1.949,1.991,2.033,2.27,2.488,2.687,2.866,3.174,3.422,3.622,3.785,3.917,4.026,4.116,4.4
285.0,289.0,5.294,-4.395,-1.964,-3.275,0.957,1.015,1.072,1.129,1.185,1.24,1.295,1.35,1.404,1.457,1.51,1.562,1.861,2.136,2.386,2.612,3.001,3.315,3.569,3.775,3.943,4.081,4.196,4.556
286.0,289.0,6.361,-5.93,-4.634,-3.275,0.463,0.498,0.534,0.573,0.613,0.655,0.699,0.744,0.79,0.837,0.885,0.933,1.237,1.548,1.855,2.15,2.689,3.151,3.539,3.862,4.13,4.354,4.541,5.135
287.0,289.0,5.057,-4.86,-4.353,-3.275,0.21,0.227,0.245,0.267,0.29,0.315,0.342,0.371,0.401,0.432,0.465,0.499,0.72,0.959,1.202,1.441,1.886,2.276,2.606,2.884,3.115,3.309,3.471,3.988
288.0,289.0,4.05,-3.977,-3.744,-3.275,0.079,0.088,0.1,0.114,0.13,0.147,0.167,0.187,0.21,0.233,0.258,0.284,0.455,0.645,0.842,1.036,1.402,1.724,1.999,2.23,2.423,2.585,2.721,3.154
278.0,290.0,5.048,-4.219,-1.758,-3.275,0.887,0.945,1.003,1.06,1.116,1.172,1.226,1.281,1.334,1.387,1.439,1.491,1.784,2.051,2.293,2.511,2.884,3.183,3.424,3.619,3.777,3.908,4.016,4.354
279.0,290.0,5.083,-4.454,-1.805,-3.275,0.692,0.754,0.816,0.877,0.937,0.997,1.055,1.113,1.171,1.227,1.283,1.337,1.65,1.933,2.19,2.42,2.813,3.128,3.381,3.586,3.752,3.888,4.002,4.356
280.0,290.0,5.237,-4.072,-1.192,-3.275,1.233,1.3,1.366,1.43,1.493,1.555,1.616,1.676,1.734,1.792,1.848,1.903,2.211,2.484,2.726,2.939,3.295,3.574,3.795,3.972,4.114,4.23,4.326,4.626
281.0,290.0,5.468,-3.912,-1.337,-3.275,1.618,1.678,1.737,1.795,1.853,1.909,1.964,2.019,2.073,2.125,2.177,2.228,2.514,2.771,3.0,3.204,3.547,3.819,4.036,4.21,4.35,4.466,4.561,4.859
282.0,290.0,5.207,-3.591,-0.972,-3.275,1.678,1.738,1.798,1.856,1.914,1.97,2.024,2.078,2.131,2.182,2.233,2.282,2.558,2.801,3.015,3.204,3.517,3.762,3.955,4.109,4.233,4.334,4.417,4.677
283.0,290.0,5.241,-3.79,-1.228,-3.275,1.511,1.571,1.63,1.687,1.744,1.8,1.855,1.908,1.961,2.013,2.064,2.114,2.395,2.646,2.869,3.067,3.399,3.661,3.869,4.036,4.171,4.282,4.373,4.658
284.0,290.0,4.992,-3.514,-1.37,-3.275,1.528,1.578,1.628,1.677,1.726,1.774,1.821,1.867,1.913,1.959,2.003,2.047,2.296,2.521,2.725,2.907,3.216,3.464,3.662,3.822,3.953,4.059,4.148,4.425
285.0,290.0,5.322,-4.437,-1.861,-3.275,0.946,1.007,1.067,1.127,1.186,1.244,1.301,1.358,1.414,1.47,1.524,1.578,1.886,2.167,2.421,2.651,3.042,3.358,3.611,3.816,3.983,4.12,4.234,4.591
286.0,290.0,6.354,-6.004,-4.38,-3.275,0.389,0.431,0.475,0.52,0.566,0.614,0.663,0.713,0.764,0.815,0.867,0.92,1.243,1.568,1.884,2.184,2.727,3.189,3.575,3.895,4.16,4.38,4.565,5.149
287.0,290.0,5.023,-4.927,-3.917,-3.275,0.121,0.148,0.178,0.208,0.241,0.275,0.31,0.346,0.383,0.422,0.461,0.5,0.749,1.006,1.26,1.505,1.953,2.339,2.662,2.932,3.157,3.344,3.5,3.997
288.0,290.0,4.006,-4.035,-3.22,-3.275,-0.009,0.013,0.037,0.062,0.088,0.116,0.144,0.174,0.204,0.235,0.267,0.3,0.503,0.713,0.921,1.121,1.488,1.804,2.07,2.291,2.475,2.628,2.757,3.164
289.0,290.0,5.088,-4.882,-4.761,-3.275,0.211,0.219,0.23,0.244,0.26,0.279,0.3,0.323,0.348,0.375,0.403,0.433,0.636,0.864,1.102,1.34,1.79,2.189,2.53,2.817,3.058,3.26,3.429,3.969
279.0,291.0,5.118,-4.494,-1.713,-3.275,0.69,0.756,0.82,0.884,0.946,1.008,1.069,1.129,1.188,1.247,1.304,1.36,1.681,1.97,2.231,2.464,2.859,3.175,3.428,3.632,3.797,3.933,4.046,4.397
280.0,291.0,5.279,-4.106,-1.167,-3.275,1.242,1.311,1.378,1.443,1.508,1.571,1.633,1.693,1.753,1.811,1.868,1.924,2.237,2.513,2.757,2.972,3.331,3.612,3.834,4.011,4.154,4.271,4.367,4.667
281.0,291.0,5.5,-3.948,-1.295,-3.275,1.615,1.677,1.738,1.798,1.856,1.914,1.971,2.027,2.082,2.136,2.188,2.24,2.532,2.793,3.025,3.231,3.577,3.85,4.068,4.242,4.383,4.498,4.594,4.892
282.0,291.0,5.24,-3.623,-0.929,-3.275,1.681,1.743,1.804,1.864,1.923,1.98,2.036,2.091,2.145,2.198,2.249,2.3,2.581,2.827,3.044,3.235,3.55,3.796,3.99,4.144,4.268,4.369,4.452,4.711
283.0,291.0,5.272,-3.825,-1.17,-3.275,1.51,1.572,1.633,1.692,1.751,1.808,1.865,1.92,1.974,2.027,2.08,2.131,2.418,2.673,2.899,3.099,3.433,3.697,3.906,4.072,4.207,4.317,4.408,4.692
284.0,291.0,5.009,-3.55,-1.24,-3.275,1.514,1.568,1.621,1.674,1.725,1.776,1.826,1.875,1.923,1.971,2.017,2.063,2.322,2.554,2.761,2.946,3.258,3.505,3.702,3.861,3.989,4.094,4.181,4.453
285.0,291.0,5.355,-4.479,-1.78,-3.275,0.94,1.004,1.067,1.129,1.19,1.25,1.31,1.369,1.427,1.484,1.54,1.596,1.911,2.197,2.456,2.688,3.082,3.399,3.652,3.857,4.024,4.16,4.274,4.628
286.0,291.0,6.358,-6.076,-4.17,-3.275,0.328,0.376,0.426,0.476,0.528,0.581,0.634,0.688,0.743,0.799,0.855,0.911,1.251,1.587,1.911,2.216,2.764,3.227,3.611,3.929,4.191,4.41,4.592,5.169
287.0,291.0,5.006,-4.99,-3.55,-3.275,0.051,0.088,0.126,0.165,0.206,0.247,0.289,0.332,0.375,0.419,0.463,0.508,0.781,1.054,1.317,1.568,2.019,2.401,2.719,2.983,3.201,3.383,3.535,4.015
288.0,291.0,3.981,-4.087,-2.777,-3.275,-0.074,-0.041,-0.007,0.028,0.063,0.099,0.135,0.172,0.21,0.247,0.285,0.323,0.553,0.78,0.998,1.204,1.572,1.883,2.141,2.354,2.53,2.676,2.798,3.185
289.0,291.0,5.042,-4.954,-4.269,-3.275,0.106,0.126,0.149,0.174,0.2,0.229,0.259,0.291,0.324,0.358,0.393,0.43,0.664,0.912,1.162,1.407,1.86,2.253,2.586,2.865,3.098,3.292,3.455,3.972
290.0,291.0,5.143,-4.843,-4.602,-3.275,0.308,0.318,0.332,0.348,0.366,0.387,0.41,0.434,0.461,0.489,0.518,0.549,0.756,0.986,1.225,1.461,1.907,2.3,2.636,2.918,3.154,3.352,3.518,4.048
280.0,292.0,5.323,-4.14,-1.153,-3.275,1.254,1.323,1.391,1.458,1.523,1.587,1.65,1.711,1.772,1.831,1.888,1.945,2.262,2.541,2.787,3.004,3.366,3.648,3.872,4.05,4.193,4.311,4.407,4.708
281.0,292.0,5.535,-3.984,-1.266,-3.275,1.615,1.678,1.741,1.802,1.862,1.921,1.979,2.036,2.092,2.146,2.2,2.253,2.55,2.814,3.049,3.257,3.606,3.881,4.099,4.274,4.416,4.531,4.627,4.925
282.0,292.0,5.275,-3.654,-0.899,-3.275,1.686,1.75,1.813,1.874,1.933,1.992,2.049,2.105,2.16,2.213,2.266,2.317,2.602,2.852,3.072,3.264,3.582,3.829,4.024,4.178,4.303,4.404,4.487,4.746
283.0,292.0,5.306,-3.859,-1.126,-3.275,1.513,1.576,1.638,1.7,1.759,1.818,1.876,1.933,1.988,2.042,2.096,2.148,2.44,2.699,2.928,3.13,3.467,3.732,3.941,4.108,4.243,4.353,4.444,4.728
284.0,292.0,5.032,-3.583,-1.135,-3.275,1.506,1.563,1.62,1.675,1.729,1.782,1.834,1.885,1.936,1.985,2.033,2.081,2.348,2.586,2.797,2.984,3.298,3.545,3.742,3.899,4.026,4.13,4.216,4.484
285.0,292.0,5.391,-4.519,-1.718,-3.275,0.939,1.005,1.07,1.134,1.197,1.259,1.32,1.381,1.44,1.499,1.557,1.614,1.936,2.227,2.489,2.724,3.121,3.439,3.693,3.898,4.064,4.201,4.314,4.667
286.0,292.0,6.371,-6.145,-4.0,-3.275,0.278,0.331,0.385,0.441,0.497,0.554,0.611,0.669,0.728,0.787,0.846,0.905,1.26,1.607,1.937,2.247,2.8,3.263,3.647,3.963,4.225,4.441,4.622,5.194
287.0,292.0,5.003,-5.048,-3.242,-3.275,-0.002,0.043,0.088,0.135,0.182,0.229,0.277,0.326,0.374,0.423,0.472,0.521,0.815,1.101,1.373,1.628,2.082,2.462,2.776,3.035,3.249,3.426,3.574,4.041
288.0,292.0,3.973,-4.134,-2.403,-3.275,-0.119,-0.077,-0.035,0.008,0.051,0.094,0.137,0.18,0.224,0.267,0.31,0.353,0.606,0.848,1.074,1.285,1.654,1.961,2.212,2.418,2.588,2.728,2.845,3.214
289.0,292.0,5.015,-5.021,-3.853,-3.275,0.023,0.054,0.086,0.12,0.156,0.193,0.231,0.27,0.309,0.35,0.391,0.434,0.694,0.96,1.221,1.471,1.927,2.317,2.644,2.915,3.141,3.329,3.486,3.985
290.0,292.0,5.101,-4.913,-4.134,-3.275,0.208,0.23,0.254,0.281,0.309,0.339,0.37,0.403,0.437,0.472,0.509,0.546,0.783,1.032,1.282,1.525,1.973,2.362,2.69,2.964,3.193,3.383,3.543,4.051
291.0,292.0,4.437,-4.21,-4.088,-3.275,0.232,0.239,0.249,0.261,0.276,0.292,0.311,0.331,0.353,0.376,0.401,0.427,0.602,0.8,1.005,1.21,1.599,1.942,2.236,2.483,2.69,2.864,3.01,3.475
281.0,293.0,5.571,-4.02,-1.248,-3.275,1.617,1.682,1.745,1.807,1.869,1.929,1.988,2.045,2.102,2.158,2.213,2.266,2.567,2.834,3.072,3.282,3.633,3.911,4.13,4.306,4.448,4.564,4.66,4.96
282.0,293.0,5.312,-3.685,-0.88,-3.275,1.694,1.759,1.822,1.884,1.945,2.005,2.063,2.12,2.175,2.23,2.283,2.335,2.624,2.877,3.098,3.292,3.613,3.862,4.057,4.212,4.337,4.439,4.522,4.782
283.0,293.0,5.343,-3.892,-1.096,-3.275,1.517,1.582,1.646,1.708,1.77,1.83,1.889,1.946,2.003,2.058,2.112,2.165,2.462,2.724,2.956,3.16,3.5,3.766,3.976,4.144,4.279,4.389,4.481,4.764
284.0,293.0,5.059,-3.616,-1.052,-3.275,1.504,1.563,1.622,1.679,1.736,1.791,1.845,1.898,1.95,2.001,2.051,2.1,2.374,2.617,2.831,3.021,3.337,3.585,3.781,3.937,4.064,4.167,4.252,4.517
285.0,293.0,5.431,-4.559,-1.673,-3.275,0.941,1.009,1.075,1.141,1.206,1.27,1.332,1.394,1.455,1.515,1.574,1.632,1.96,2.256,2.521,2.758,3.159,3.478,3.733,3.938,4.105,4.241,4.355,4.708
286.0,293.0,6.392,-6.213,-3.863,-3.275,0.236,0.294,0.352,0.412,0.472,0.532,0.593,0.655,0.716,0.778,0.84,0.901,1.27,1.625,1.962,2.277,2.834,3.299,3.683,3.999,4.259,4.475,4.655,5.223
287.0,293.0,5.012,-5.104,-2.987,-3.275,-0.041,0.011,0.063,0.115,0.168,0.22,0.273,0.327,0.38,0.433,0.486,0.538,0.85,1.148,1.427,1.687,2.143,2.522,2.833,3.088,3.298,3.472,3.616,4.073
288.0,293.0,3.978,-4.176,-2.09,-3.275,-0.149,-0.099,-0.049,0.001,0.05,0.099,0.148,0.197,0.245,0.293,0.34,0.387,0.66,0.914,1.149,1.363,1.734,2.037,2.283,2.484,2.648,2.784,2.897,3.251
289.0,293.0,5.003,-5.082,-3.504,-3.275,-0.041,-0.001,0.04,0.082,0.125,0.168,0.213,0.258,0.304,0.35,0.397,0.443,0.727,1.008,1.278,1.534,1.992,2.379,2.701,2.967,3.187,3.37,3.523,4.006
290.0,293.0,5.077,-4.979,-3.74,-3.275,0.128,0.161,0.195,0.23,0.267,0.304,0.343,0.383,0.424,0.465,0.507,0.55,0.812,1.078,1.338,1.587,2.038,2.423,2.745,3.013,3.235,3.42,3.575,4.065
291.0,293.0,4.391,-4.273,-3.57,-3.275,0.136,0.156,0.177,0.201,0.226,0.252,0.28,0.309,0.339,0.37,0.402,0.434,0.642,0.859,1.077,1.288,1.678,2.015,2.3,2.538,2.736,2.901,3.04,3.481
292.0,293.0,5.193,-5.132,-4.438,-3.275,0.079,0.1,0.123,0.148,0.175,0.205,0.236,0.268,0.302,0.337,0.374,0.411,0.653,0.91,1.169,1.422,1.891,2.299,2.645,2.934,3.175,3.376,3.545,4.082
282.0,294.0,5.351,-3.715,-0.869,-3.275,1.703,1.769,1.833,1.896,1.958,2.018,2.077,2.134,2.191,2.246,2.3,2.352,2.645,2.9,3.124,3.32,3.643,3.893,4.09,4.246,4.372,4.474,4.558,4.819
283.0,294.0,5.382,-3.925,-1.077,-3.275,1.524,1.591,1.655,1.719,1.781,1.842,1.902,1.96,2.018,2.074,2.129,2.183,2.484,2.749,2.983,3.189,3.531,3.799,4.01,4.179,4.315,4.426,4.517,4.802
284.0,294.0,5.09,-3.648,-0.986,-3.275,1.505,1.567,1.628,1.687,1.745,1.802,1.858,1.912,1.966,2.018,2.07,2.12,2.4,2.647,2.865,3.056,3.374,3.623,3.819,3.975,4.101,4.204,4.289,4.552
285.0,294.0,5.474,-4.598,-1.643,-3.275,0.946,1.015,1.083,1.15,1.217,1.282,1.346,1.409,1.471,1.532,1.592,1.651,1.984,2.284,2.552,2.791,3.195,3.516,3.772,3.978,4.146,4.282,4.396,4.75
286.0,294.0,6.42,-6.279,-3.756,-3.275,0.201,0.263,0.325,0.388,0.451,0.515,0.579,0.643,0.708,0.772,0.836,0.9,1.28,1.643,1.986,2.305,2.867,3.335,3.719,4.035,4.295,4.51,4.689,5.255
287.0,294.0,5.031,-5.156,-2.776,-3.275,-0.068,-0.011,0.046,0.104,0.161,0.219,0.276,0.333,0.39,0.447,0.503,0.559,0.886,1.194,1.48,1.744,2.203,2.581,2.89,3.142,3.349,3.52,3.662,4.11
288.0,294.0,3.995,-4.216,-1.828,-3.275,-0.164,-0.108,-0.052,0.004,0.059,0.113,0.167,0.22,0.272,0.324,0.375,0.426,0.715,0.98,1.221,1.439,1.811,2.112,2.354,2.55,2.71,2.842,2.951,3.293
289.0,294.0,5.004,-5.14,-3.213,-3.275,-0.089,-0.042,0.006,0.055,0.104,0.154,0.204,0.255,0.306,0.356,0.407,0.458,0.762,1.056,1.334,1.594,2.056,2.441,2.759,3.02,3.236,3.415,3.564,4.035
290.0,294.0,5.067,-5.039,-3.409,-3.275,0.067,0.108,0.15,0.193,0.237,0.281,0.326,0.372,0.418,0.465,0.512,0.559,0.844,1.124,1.393,1.647,2.101,2.483,2.801,3.063,3.28,3.46,3.611,4.086
291.0,294.0,4.363,-4.33,-3.133,-3.275,0.062,0.093,0.125,0.158,0.192,0.227,0.262,0.299,0.336,0.373,0.411,0.449,0.684,0.919,1.147,1.363,1.755,2.088,2.365,2.595,2.786,2.944,3.077,3.497
292.0,294.0,5.166,-5.201,-4.029,-3.275,-0.006,0.025,0.058,0.093,0.129,0.166,0.205,0.245,0.286,0.327,0.37,0.413,0.681,0.955,1.225,1.484,1.956,2.361,2.7,2.983,3.217,3.412,3.576,4.095
293.0,294.0,5.785,-5.678,-5.298,-3.275,0.118,0.133,0.15,0.171,0.194,0.22,0.248,0.279,0.311,0.345,0.381,0.418,0.666,0.939,1.219,1.497,2.019,2.478,2.869,3.198,3.473,3.703,3.896,4.512
283.0,295.0,5.423,-3.958,-1.068,-3.275,1.533,1.6,1.666,1.73,1.793,1.855,1.916,1.975,2.033,2.09,2.146,2.2,2.504,2.773,3.009,3.217,3.562,3.831,4.044,4.214,4.35,4.462,4.553,4.839
284.0,295.0,5.125,-3.679,-0.937,-3.275,1.51,1.574,1.636,1.697,1.757,1.815,1.872,1.928,1.983,2.036,2.089,2.14,2.426,2.677,2.897,3.091,3.411,3.661,3.857,4.013,4.139,4.242,4.326,4.589
285.0,295.0,5.519,-4.638,-1.624,-3.275,0.953,1.024,1.093,1.161,1.229,1.295,1.36,1.424,1.487,1.549,1.61,1.67,2.008,2.311,2.581,2.823,3.23,3.553,3.811,4.018,4.186,4.323,4.437,4.793
286.0,295.0,6.453,-6.344,-3.674,-3.275,0.173,0.238,0.303,0.369,0.435,0.502,0.568,0.635,0.701,0.768,0.834,0.9,1.29,1.661,2.009,2.332,2.899,3.369,3.755,4.071,4.331,4.546,4.725,5.291
287.0,295.0,5.058,-5.206,-2.604,-3.275,-0.086,-0.023,0.039,0.1,0.162,0.223,0.284,0.345,0.405,0.465,0.524,0.583,0.923,1.24,1.532,1.798,2.261,2.639,2.946,3.196,3.401,3.57,3.71,4.151
288.0,295.0,4.021,-4.252,-1.612,-3.275,-0.168,-0.106,-0.045,0.015,0.075,0.133,0.191,0.248,0.304,0.36,0.414,0.468,0.771,1.045,1.292,1.513,1.887,2.185,2.424,2.617,2.774,2.902,3.008,3.341
289.0,295.0,5.017,-5.195,-2.971,-3.275,-0.125,-0.071,-0.016,0.038,0.093,0.148,0.203,0.258,0.313,0.368,0.423,0.477,0.798,1.103,1.389,1.653,2.117,2.501,2.816,3.075,3.287,3.462,3.608,4.069
290.0,295.0,5.07,-5.097,-3.134,-3.275,0.021,0.069,0.118,0.167,0.217,0.267,0.318,0.369,0.42,0.471,0.522,0.573,0.877,1.169,1.446,1.705,2.162,2.542,2.857,3.115,3.327,3.504,3.651,4.115
291.0,295.0,4.351,-4.381,-2.764,-3.275,0.008,0.048,0.089,0.13,0.172,0.214,0.256,0.299,0.341,0.385,0.428,0.471,0.728,0.978,1.215,1.437,1.83,2.159,2.43,2.654,2.838,2.991,3.119,3.521
292.0,295.0,5.154,-5.265,-3.685,-3.275,-0.072,-0.032,0.009,0.052,0.095,0.14,0.185,0.231,0.278,0.325,0.372,0.42,0.712,1.001,1.28,1.544,2.02,2.422,2.756,3.033,3.262,3.453,3.612,4.116
293.0,295.0,5.749,-5.758,-4.867,-3.275,0.014,0.039,0.067,0.098,0.131,0.165,0.202,0.24,0.28,0.321,0.363,0.406,0.683,0.974,1.267,1.551,2.077,2.533,2.918,3.24,3.508,3.732,3.919,4.516
294.0,295.0,5.691,-5.638,-4.373,-3.275,0.084,0.117,0.153,0.19,0.229,0.27,0.312,0.355,0.399,0.444,0.49,0.537,0.827,1.124,1.417,1.697,2.209,2.648,3.016,3.323,3.577,3.789,3.966,4.529
284.0,296.0,5.162,-3.71,-0.901,-3.275,1.518,1.583,1.647,1.709,1.77,1.829,1.888,1.945,2.001,2.055,2.109,2.161,2.451,2.705,2.928,3.124,3.446,3.697,3.894,4.051,4.177,4.279,4.364,4.626
285.0,296.0,5.566,-4.677,-1.617,-3.275,0.962,1.033,1.104,1.173,1.241,1.309,1.375,1.439,1.503,1.566,1.628,1.688,2.03,2.336,2.61,2.854,3.264,3.589,3.849,4.057,4.226,4.364,4.479,4.836
286.0,296.0,6.492,-6.408,-3.613,-3.275,0.15,0.218,0.286,0.354,0.423,0.491,0.56,0.629,0.697,0.766,0.834,0.902,1.3,1.678,2.031,2.357,2.93,3.402,3.79,4.107,4.368,4.583,4.763,5.328
287.0,296.0,5.093,-5.254,-2.465,-3.275,-0.095,-0.029,0.037,0.103,0.168,0.232,0.297,0.36,0.423,0.485,0.547,0.608,0.959,1.284,1.581,1.852,2.317,2.695,3.002,3.25,3.454,3.621,3.76,4.197
288.0,296.0,4.056,-4.286,-1.433,-3.275,-0.163,-0.096,-0.031,0.034,0.097,0.16,0.221,0.281,0.34,0.398,0.455,0.511,0.827,1.109,1.361,1.584,1.96,2.257,2.494,2.684,2.837,2.963,3.067,3.392
289.0,296.0,5.039,-5.247,-2.772,-3.275,-0.148,-0.089,-0.029,0.03,0.09,0.149,0.208,0.267,0.326,0.384,0.442,0.499,0.835,1.15,1.442,1.71,2.177,2.561,2.874,3.129,3.339,3.512,3.656,4.109
290.0,296.0,5.084,-5.151,-2.905,-3.275,-0.013,0.041,0.096,0.151,0.206,0.261,0.316,0.371,0.427,0.481,0.536,0.591,0.911,1.214,1.498,1.761,2.221,2.601,2.912,3.167,3.377,3.55,3.694,4.149
291.0,296.0,4.352,-4.429,-2.455,-3.275,-0.029,0.018,0.066,0.114,0.162,0.21,0.259,0.307,0.355,0.402,0.45,0.497,0.775,1.037,1.282,1.508,1.903,2.229,2.496,2.714,2.893,3.041,3.165,3.553
292.0,296.0,5.156,-5.325,-3.398,-3.275,-0.123,-0.075,-0.026,0.023,0.073,0.123,0.174,0.225,0.277,0.329,0.381,0.433,0.744,1.046,1.334,1.603,2.081,2.481,2.812,3.085,3.31,3.496,3.652,4.144
293.0,296.0,5.729,-5.833,-4.506,-3.275,-0.071,-0.036,0.001,0.04,0.081,0.123,0.167,0.211,0.257,0.304,0.352,0.4,0.702,1.01,1.313,1.603,2.133,2.586,2.967,3.283,3.546,3.765,3.948,4.529
294.0,296.0,5.683,-5.708,-4.069,-3.275,0.015,0.057,0.1,0.145,0.191,0.238,0.286,0.334,0.384,0.434,0.485,0.536,0.848,1.159,1.461,1.747,2.263,2.7,3.065,3.366,3.616,3.824,3.998,4.548
295.0,296.0,5.593,-5.553,-4.247,-3.275,0.072,0.107,0.143,0.181,0.22,0.261,0.303,0.347,0.391,0.436,0.482,0.529,0.818,1.112,1.401,1.678,2.182,2.613,2.974,3.274,3.523,3.731,3.905,4.456
285.0,297.0,5.615,-4.716,-1.619,-3.275,0.972,1.044,1.116,1.186,1.255,1.323,1.39,1.455,1.52,1.583,1.645,1.707,2.052,2.361,2.637,2.883,3.297,3.625,3.886,4.096,4.266,4.405,4.52,4.88
286.0,297.0,6.534,-6.472,-3.572,-3.275,0.131,0.201,0.272,0.342,0.413,0.483,0.554,0.624,0.695,0.765,0.834,0.904,1.31,1.694,2.052,2.382,2.959,3.435,3.825,4.143,4.405,4.621,4.801,5.368
287.0,297.0,5.133,-5.301,-2.355,-3.275,-0.097,-0.027,0.042,0.11,0.178,0.246,0.312,0.378,0.444,0.508,0.572,0.635,0.996,1.327,1.629,1.903,2.372,2.751,3.057,3.305,3.507,3.673,3.811,4.245
288.0,297.0,4.097,-4.319,-1.288,-3.275,-0.149,-0.079,-0.01,0.058,0.125,0.19,0.255,0.317,0.379,0.44,0.499,0.557,0.883,1.172,1.427,1.654,2.031,2.328,2.563,2.75,2.902,3.026,3.128,3.447
289.0,297.0,5.07,-5.297,-2.611,-3.275,-0.163,-0.099,-0.035,0.029,0.092,0.155,0.218,0.28,0.342,0.403,0.464,0.524,0.872,1.195,1.493,1.765,2.235,2.619,2.931,3.184,3.392,3.563,3.705,4.152
290.0,297.0,5.107,-5.202,-2.718,-3.275,-0.036,0.024,0.083,0.143,0.202,0.262,0.321,0.38,0.438,0.496,0.554,0.612,0.946,1.259,1.549,1.815,2.278,2.658,2.967,3.22,3.427,3.598,3.74,4.187
291.0,297.0,4.366,-4.474,-2.198,-3.275,-0.054,0.001,0.055,0.109,0.162,0.216,0.269,0.321,0.374,0.425,0.477,0.528,0.822,1.095,1.347,1.577,1.974,2.298,2.561,2.775,2.95,3.094,3.214,3.592
292.0,297.0,5.169,-5.382,-3.161,-3.275,-0.16,-0.106,-0.051,0.004,0.059,0.115,0.17,0.226,0.282,0.338,0.394,0.449,0.777,1.091,1.386,1.659,2.141,2.54,2.868,3.138,3.359,3.543,3.695,4.177
293.0,297.0,5.723,-5.904,-4.204,-3.275,-0.139,-0.096,-0.051,-0.005,0.043,0.091,0.141,0.191,0.243,0.295,0.347,0.4,0.723,1.045,1.357,1.653,2.187,2.639,3.016,3.328,3.587,3.802,3.981,4.55
294.0,297.0,5.687,-5.774,-3.816,-3.275,-0.04,0.009,0.059,0.11,0.162,0.214,0.267,0.321,0.375,0.43,0.485,0.54,0.87,1.194,1.504,1.795,2.315,2.751,3.113,3.412,3.658,3.863,4.034,4.574
295.0,297.0,5.586,-5.621,-3.944,-3.275,0.006,0.049,0.093,0.138,0.184,0.231,0.28,0.329,0.378,0.428,0.479,0.53,0.841,1.149,1.447,1.729,2.236,2.666,3.023,3.319,3.564,3.767,3.938,4.476
296.0,297.0,5.555,-5.557,-4.528,-3.275,0.023,0.052,0.082,0.115,0.15,0.186,0.224,0.263,0.304,0.345,0.388,0.432,0.707,0.994,1.278,1.554,2.06,2.497,2.865,3.171,3.427,3.64,3.818,4.385
286.0,298.0,6.58,-6.535,-3.547,-3.275,0.116,0.188,0.26,0.332,0.405,0.477,0.549,0.621,0.693,0.765,0.836,0.906,1.319,1.709,2.071,2.405,2.987,3.467,3.859,4.179,4.442,4.659,4.84,5.41
287.0,298.0,5.179,-5.346,-2.27,-3.275,-0.094,-0.021,0.051,0.122,0.192,0.262,0.331,0.399,0.466,0.533,0.598,0.663,1.032,1.37,1.676,1.952,2.424,2.805,3.111,3.359,3.56,3.726,3.864,4.295
288.0,298.0,4.145,-4.349,-1.172,-3.275,-0.129,-0.056,0.017,0.087,0.157,0.225,0.291,0.356,0.42,0.483,0.544,0.604,0.938,1.233,1.492,1.721,2.1,2.397,2.63,2.816,2.967,3.089,3.19,3.504
289.0,298.0,5.107,-5.345,-2.481,-3.275,-0.169,-0.101,-0.034,0.033,0.1,0.166,0.232,0.297,0.361,0.425,0.488,0.55,0.909,1.24,1.543,1.818,2.292,2.676,2.987,3.239,3.446,3.615,3.756,4.199
290.0,298.0,5.137,-5.252,-2.566,-3.275,-0.05,0.014,0.078,0.141,0.204,0.267,0.33,0.392,0.453,0.514,0.575,0.635,0.981,1.302,1.598,1.867,2.334,2.713,3.022,3.273,3.478,3.647,3.788,4.23
291.0,298.0,4.389,-4.515,-1.985,-3.275,-0.066,-0.006,0.053,0.112,0.17,0.228,0.285,0.342,0.398,0.453,0.507,0.561,0.87,1.153,1.411,1.644,2.043,2.365,2.625,2.836,3.008,3.149,3.267,3.635
292.0,298.0,5.191,-5.437,-2.966,-3.275,-0.186,-0.127,-0.067,-0.007,0.053,0.113,0.173,0.232,0.292,0.351,0.41,0.469,0.812,1.135,1.436,1.714,2.199,2.598,2.924,3.191,3.41,3.591,3.742,4.216
293.0,298.0,5.729,-5.972,-3.955,-3.275,-0.193,-0.143,-0.092,-0.039,0.014,0.068,0.123,0.179,0.235,0.291,0.348,0.404,0.746,1.081,1.401,1.702,2.239,2.691,3.066,3.375,3.63,3.841,4.018,4.577
294.0,298.0,5.701,-5.837,-3.609,-3.275,-0.082,-0.027,0.028,0.084,0.141,0.198,0.256,0.314,0.372,0.43,0.489,0.547,0.894,1.229,1.545,1.841,2.365,2.801,3.161,3.458,3.702,3.904,4.073,4.605
295.0,298.0,5.591,-5.685,-3.693,-3.275,-0.046,0.004,0.054,0.106,0.158,0.21,0.264,0.318,0.372,0.426,0.481,0.536,0.865,1.186,1.491,1.778,2.29,2.718,3.073,3.366,3.607,3.807,3.974,4.503
296.0,298.0,5.539,-5.628,-4.18,-3.275,-0.053,-0.016,0.023,0.064,0.107,0.15,0.195,0.24,0.287,0.334,0.382,0.431,0.73,1.032,1.327,1.608,2.118,2.552,2.916,3.217,3.467,3.675,3.849,4.401
297.0,298.0,5.35,-5.399,-4.261,-3.275,-0.021,0.01,0.042,0.076,0.113,0.15,0.189,0.229,0.271,0.313,0.356,0.4,0.674,0.957,1.236,1.504,1.995,2.416,2.771,3.065,3.311,3.515,3.686,4.229
287.0,299.0,5.229,-5.391,-2.207,-3.275,-0.086,-0.011,0.063,0.136,0.209,0.281,0.351,0.421,0.49,0.558,0.625,0.691,1.068,1.411,1.721,2.0,2.475,2.857,3.164,3.412,3.614,3.78,3.917,4.347
288.0,299.0,4.197,-4.379,-1.081,-3.275,-0.104,-0.028,0.047,0.12,0.192,0.262,0.33,0.398,0.463,0.527,0.59,0.652,0.993,1.293,1.556,1.786,2.167,2.464,2.697,2.882,3.031,3.152,3.252,3.563
289.0,299.0,5.151,-5.392,-2.379,-3.275,-0.17,-0.098,-0.028,0.043,0.112,0.181,0.249,0.316,0.383,0.449,0.514,0.578,0.946,1.284,1.591,1.869,2.346,2.731,3.042,3.294,3.5,3.669,3.809,4.249
290.0,299.0,5.175,-5.3,-2.445,-3.275,-0.057,0.011,0.078,0.145,0.212,0.277,0.343,0.407,0.471,0.535,0.597,0.659,1.016,1.345,1.645,1.918,2.388,2.768,3.076,3.326,3.53,3.698,3.838,4.276
291.0,299.0,4.42,-4.555,-1.81,-3.275,-0.069,-0.004,0.059,0.122,0.185,0.246,0.307,0.367,0.425,0.484,0.541,0.597,0.918,1.21,1.472,1.708,2.11,2.431,2.689,2.898,3.067,3.206,3.321,3.682
292.0,299.0,5.222,-5.489,-2.808,-3.275,-0.203,-0.139,-0.075,-0.011,0.053,0.117,0.18,0.243,0.306,0.368,0.43,0.491,0.846,1.179,1.485,1.767,2.255,2.654,2.98,3.245,3.462,3.641,3.79,4.259
293.0,299.0,5.746,-6.037,-3.75,-3.275,-0.235,-0.179,-0.122,-0.064,-0.006,0.053,0.112,0.172,0.232,0.292,0.352,0.412,0.77,1.116,1.443,1.749,2.29,2.742,3.115,3.422,3.675,3.884,4.059,4.61
294.0,299.0,5.725,-5.898,-3.44,-3.275,-0.115,-0.055,0.006,0.066,0.127,0.189,0.25,0.312,0.373,0.435,0.496,0.557,0.918,1.262,1.586,1.886,2.413,2.85,3.21,3.504,3.747,3.947,4.114,4.641
295.0,299.0,5.607,-5.747,-3.486,-3.275,-0.086,-0.03,0.026,0.082,0.139,0.197,0.255,0.313,0.371,0.429,0.487,0.545,0.89,1.222,1.535,1.826,2.341,2.77,3.123,3.413,3.652,3.849,4.014,4.535
296.0,299.0,5.537,-5.695,-3.89,-3.275,-0.114,-0.069,-0.022,0.026,0.075,0.124,0.175,0.226,0.278,0.33,0.382,0.435,0.755,1.071,1.374,1.661,2.174,2.607,2.967,3.264,3.51,3.714,3.885,4.425
297.0,299.0,5.337,-5.466,-3.919,-3.275,-0.091,-0.052,-0.011,0.032,0.075,0.12,0.165,0.212,0.259,0.307,0.355,0.404,0.702,0.999,1.288,1.561,2.056,2.475,2.824,3.114,3.354,3.553,3.72,4.248
298.0,299.0,5.507,-5.556,-4.636,-3.275,-0.026,0.0,0.029,0.059,0.092,0.126,0.162,0.2,0.239,0.28,0.321,0.363,0.633,0.916,1.2,1.474,1.981,2.42,2.79,3.099,3.357,3.572,3.752,4.324
288.0,300.0,4.253,-4.408,-1.011,-3.275,-0.074,0.004,0.081,0.156,0.229,0.301,0.371,0.44,0.507,0.573,0.637,0.7,1.047,1.351,1.617,1.849,2.232,2.529,2.762,2.947,3.095,3.216,3.315,3.624
289.0,300.0,5.199,-5.438,-2.301,-3.275,-0.164,-0.09,-0.017,0.055,0.127,0.198,0.268,0.338,0.406,0.474,0.541,0.607,0.983,1.326,1.638,1.919,2.399,2.786,3.097,3.349,3.554,3.722,3.862,4.301
290.0,300.0,5.218,-5.347,-2.35,-3.275,-0.057,0.014,0.084,0.154,0.223,0.291,0.359,0.426,0.492,0.557,0.622,0.686,1.051,1.386,1.691,1.967,2.44,2.821,3.13,3.379,3.583,3.75,3.889,4.325
291.0,300.0,4.459,-4.592,-1.668,-3.275,-0.064,0.005,0.072,0.139,0.204,0.269,0.332,0.395,0.456,0.517,0.577,0.635,0.967,1.265,1.532,1.771,2.175,2.496,2.753,2.959,3.126,3.264,3.377,3.732
292.0,300.0,5.26,-5.54,-2.682,-3.275,-0.212,-0.144,-0.076,-0.009,0.058,0.125,0.191,0.257,0.322,0.387,0.451,0.515,0.881,1.221,1.533,1.818,2.309,2.709,3.034,3.299,3.515,3.693,3.841,4.306
293.0,300.0,5.772,-6.1,-3.584,-3.275,-0.267,-0.206,-0.144,-0.082,-0.019,0.044,0.107,0.17,0.233,0.297,0.36,0.423,0.794,1.15,1.484,1.794,2.339,2.792,3.164,3.469,3.721,3.928,4.102,4.648
294.0,300.0,5.756,-5.958,-3.305,-3.275,-0.138,-0.074,-0.01,0.055,0.119,0.184,0.249,0.313,0.378,0.442,0.506,0.57,0.943,1.296,1.625,1.929,2.46,2.899,3.258,3.551,3.792,3.992,4.158,4.681
295.0,300.0,5.631,-5.806,-3.319,-3.275,-0.116,-0.055,0.006,0.067,0.128,0.189,0.251,0.312,0.374,0.435,0.497,0.557,0.916,1.257,1.577,1.872,2.391,2.82,3.172,3.461,3.698,3.894,4.057,4.572
296.0,300.0,5.546,-5.759,-3.65,-3.275,-0.161,-0.109,-0.056,-0.003,0.052,0.107,0.162,0.218,0.274,0.331,0.387,0.444,0.781,1.109,1.42,1.711,2.229,2.661,3.018,3.313,3.555,3.756,3.924,4.455
297.0,300.0,5.338,-5.53,-3.634,-3.275,-0.146,-0.098,-0.05,-0.001,0.049,0.1,0.151,0.203,0.255,0.307,0.36,0.413,0.731,1.041,1.338,1.617,2.115,2.532,2.879,3.164,3.4,3.595,3.759,4.275
298.0,300.0,5.488,-5.628,-4.267,-3.275,-0.107,-0.071,-0.034,0.006,0.046,0.088,0.132,0.176,0.221,0.268,0.315,0.362,0.657,0.957,1.25,1.531,2.041,2.477,2.843,3.146,3.398,3.608,3.783,4.339
299.0,300.0,5.356,-5.38,-5.289,-3.275,-0.02,-0.012,-0.001,0.013,0.031,0.051,0.073,0.098,0.125,0.154,0.185,0.217,0.439,0.689,0.951,1.213,1.709,2.149,2.526,2.843,3.11,3.333,3.52,4.118
289.0,301.0,5.251,-5.483,-2.244,-3.275,-0.155,-0.079,-0.003,0.071,0.145,0.218,0.29,0.361,0.431,0.5,0.569,0.636,1.019,1.368,1.683,1.967,2.45,2.839,3.151,3.403,3.608,3.777,3.917,4.354
290.0,301.0,5.265,-5.392,-2.278,-3.275,-0.053,0.021,0.093,0.165,0.237,0.307,0.377,0.446,0.514,0.581,0.647,0.712,1.086,1.427,1.735,2.014,2.49,2.874,3.182,3.432,3.635,3.802,3.941,4.375
291.0,301.0,4.503,-4.628,-1.554,-3.275,-0.052,0.02,0.09,0.16,0.228,0.295,0.361,0.426,0.49,0.552,0.614,0.675,1.015,1.319,1.591,1.832,2.238,2.559,2.815,3.02,3.186,3.322,3.435,3.786
292.0,301.0,5.303,-5.59,-2.583,-3.275,-0.215,-0.143,-0.073,-0.002,0.068,0.137,0.206,0.274,0.342,0.408,0.474,0.54,0.916,1.262,1.579,1.867,2.362,2.763,3.088,3.352,3.568,3.745,3.892,4.355
293.0,301.0,5.805,-6.16,-3.452,-3.275,-0.291,-0.225,-0.159,-0.093,-0.027,0.039,0.106,0.172,0.238,0.304,0.37,0.435,0.819,1.183,1.523,1.837,2.387,2.841,3.213,3.518,3.768,3.974,4.147,4.689
294.0,301.0,5.793,-6.016,-3.199,-3.275,-0.155,-0.088,-0.02,0.048,0.116,0.183,0.251,0.318,0.385,0.452,0.518,0.584,0.967,1.328,1.662,1.97,2.506,2.946,3.305,3.598,3.839,4.038,4.203,4.723
295.0,301.0,5.663,-5.864,-3.184,-3.275,-0.137,-0.072,-0.008,0.057,0.122,0.187,0.252,0.316,0.381,0.445,0.508,0.572,0.942,1.292,1.617,1.916,2.439,2.869,3.221,3.509,3.745,3.939,4.102,4.613
296.0,301.0,5.566,-5.82,-3.453,-3.275,-0.197,-0.139,-0.081,-0.022,0.037,0.097,0.156,0.216,0.276,0.336,0.396,0.456,0.809,1.147,1.465,1.76,2.281,2.714,3.07,3.362,3.602,3.801,3.967,4.49
297.0,301.0,5.35,-5.59,-3.398,-3.275,-0.187,-0.133,-0.079,-0.024,0.032,0.087,0.143,0.2,0.256,0.313,0.369,0.426,0.761,1.083,1.388,1.671,2.172,2.589,2.933,3.215,3.447,3.64,3.801,4.307
298.0,301.0,5.483,-5.696,-3.959,-3.275,-0.171,-0.127,-0.082,-0.035,0.013,0.061,0.111,0.161,0.212,0.263,0.315,0.367,0.683,0.997,1.299,1.585,2.099,2.534,2.895,3.194,3.442,3.647,3.819,4.362
299.0,301.0,5.31,-5.459,-4.791,-3.275,-0.132,-0.111,-0.088,-0.063,-0.035,-0.005,0.027,0.061,0.096,0.133,0.17,0.21,0.463,0.734,1.009,1.277,1.777,2.212,2.582,2.891,3.149,3.364,3.545,4.12
300.0,301.0,5.935,-5.997,-4.387,-3.275,-0.022,0.019,0.062,0.107,0.153,0.201,0.25,0.299,0.35,0.401,0.453,0.506,0.828,1.152,1.467,1.767,2.309,2.771,3.156,3.476,3.741,3.961,4.146,4.73
290.0,302.0,5.317,-5.438,-2.225,-3.275,-0.044,0.031,0.106,0.18,0.253,0.326,0.397,0.467,0.537,0.606,0.673,0.74,1.12,1.466,1.778,2.06,2.539,2.924,3.234,3.484,3.688,3.855,3.993,4.427
291.0,302.0,4.552,-4.663,-1.466,-3.275,-0.035,0.039,0.112,0.184,0.255,0.324,0.392,0.459,0.525,0.589,0.653,0.715,1.063,1.372,1.647,1.891,2.299,2.621,2.876,3.081,3.246,3.381,3.493,3.841
292.0,302.0,5.351,-5.638,-2.508,-3.275,-0.212,-0.138,-0.065,0.008,0.08,0.152,0.223,0.293,0.362,0.431,0.499,0.566,0.95,1.302,1.623,1.914,2.413,2.816,3.142,3.406,3.621,3.798,3.945,4.406
293.0,302.0,5.844,-6.22,-3.349,-3.275,-0.307,-0.238,-0.169,-0.099,-0.03,0.039,0.108,0.177,0.246,0.314,0.382,0.45,0.844,1.216,1.561,1.879,2.433,2.889,3.261,3.566,3.815,4.022,4.193,4.734
294.0,302.0,5.836,-6.073,-3.118,-3.275,-0.166,-0.096,-0.025,0.046,0.116,0.186,0.256,0.326,0.395,0.463,0.531,0.599,0.992,1.359,1.698,2.009,2.55,2.992,3.352,3.645,3.886,4.084,4.25,4.769
295.0,302.0,5.701,-5.92,-3.078,-3.275,-0.152,-0.083,-0.015,0.053,0.121,0.188,0.256,0.323,0.39,0.456,0.522,0.588,0.969,1.326,1.656,1.959,2.486,2.918,3.27,3.557,3.792,3.986,4.148,4.656
296.0,302.0,5.594,-5.879,-3.294,-3.275,-0.223,-0.16,-0.098,-0.034,0.029,0.092,0.155,0.219,0.282,0.345,0.408,0.47,0.836,1.184,1.508,1.808,2.332,2.766,3.121,3.411,3.65,3.847,4.011,4.529
297.0,302.0,5.372,-5.648,-3.205,-3.275,-0.217,-0.158,-0.098,-0.038,0.022,0.082,0.142,0.203,0.263,0.323,0.382,0.442,0.792,1.124,1.435,1.723,2.228,2.645,2.986,3.266,3.497,3.687,3.845,4.345
298.0,302.0,5.49,-5.76,-3.704,-3.275,-0.22,-0.169,-0.117,-0.065,-0.011,0.043,0.098,0.153,0.208,0.264,0.32,0.376,0.711,1.037,1.347,1.638,2.156,2.589,2.948,3.244,3.487,3.69,3.858,4.392
299.0,302.0,5.282,-5.532,-4.372,-3.275,-0.221,-0.189,-0.156,-0.121,-0.084,-0.046,-0.006,0.035,0.077,0.12,0.165,0.21,0.49,0.779,1.065,1.34,1.843,2.275,2.638,2.94,3.192,3.401,3.576,4.133
300.0,302.0,5.938,-6.067,-4.138,-3.275,-0.082,-0.033,0.017,0.068,0.12,0.173,0.227,0.281,0.336,0.392,0.448,0.505,0.846,1.182,1.506,1.811,2.358,2.819,3.202,3.519,3.78,3.998,4.18,4.754
301.0,302.0,5.836,-5.878,-5.418,-3.275,-0.03,-0.014,0.006,0.029,0.054,0.082,0.112,0.145,0.179,0.215,0.253,0.292,0.552,0.836,1.128,1.416,1.956,2.43,2.833,3.172,3.455,3.692,3.891,4.525
291.0,303.0,4.606,-4.698,-1.398,-3.275,-0.014,0.063,0.138,0.212,0.285,0.356,0.426,0.494,0.561,0.627,0.692,0.755,1.11,1.424,1.702,1.948,2.359,2.681,2.937,3.141,3.306,3.44,3.552,3.898
292.0,303.0,5.404,-5.686,-2.454,-3.275,-0.206,-0.129,-0.054,0.021,0.096,0.169,0.242,0.314,0.385,0.455,0.524,0.592,0.984,1.341,1.666,1.96,2.462,2.867,3.194,3.458,3.674,3.851,3.998,4.459
293.0,303.0,5.889,-6.279,-3.27,-3.275,-0.318,-0.246,-0.174,-0.102,-0.03,0.042,0.114,0.185,0.256,0.326,0.396,0.465,0.869,1.247,1.598,1.919,2.478,2.936,3.309,3.614,3.864,4.07,4.241,4.781
294.0,303.0,5.883,-6.129,-3.059,-3.275,-0.173,-0.099,-0.026,0.047,0.119,0.192,0.264,0.335,0.406,0.476,0.546,0.615,1.016,1.389,1.733,2.048,2.592,3.036,3.398,3.692,3.933,4.132,4.297,4.816
295.0,303.0,5.744,-5.976,-2.998,-3.275,-0.16,-0.089,-0.018,0.053,0.123,0.193,0.263,0.333,0.402,0.47,0.538,0.605,0.995,1.359,1.694,2.0,2.531,2.965,3.318,3.605,3.84,4.034,4.195,4.703
296.0,303.0,5.629,-5.936,-3.167,-3.275,-0.241,-0.174,-0.108,-0.041,0.026,0.092,0.159,0.225,0.291,0.356,0.422,0.486,0.864,1.22,1.55,1.853,2.382,2.816,3.171,3.461,3.698,3.895,4.058,4.572
297.0,303.0,5.402,-5.703,-3.048,-3.275,-0.237,-0.173,-0.11,-0.045,0.019,0.082,0.146,0.21,0.273,0.336,0.399,0.461,0.824,1.165,1.482,1.773,2.281,2.699,3.04,3.318,3.547,3.735,3.893,4.387
298.0,303.0,5.508,-5.821,-3.494,-3.275,-0.258,-0.201,-0.143,-0.085,-0.027,0.032,0.091,0.15,0.21,0.269,0.329,0.388,0.739,1.076,1.394,1.689,2.21,2.644,3.001,3.294,3.535,3.735,3.901,4.427
299.0,303.0,5.27,-5.6,-4.02,-3.275,-0.291,-0.25,-0.208,-0.165,-0.12,-0.075,-0.028,0.019,0.067,0.116,0.166,0.216,0.52,0.825,1.12,1.401,1.907,2.337,2.695,2.992,3.238,3.442,3.613,4.154
300.0,303.0,5.952,-6.135,-3.934,-3.275,-0.129,-0.075,-0.019,0.037,0.094,0.152,0.211,0.269,0.329,0.388,0.448,0.507,0.865,1.213,1.543,1.853,2.405,2.866,3.248,3.562,3.822,4.037,4.217,4.784
301.0,303.0,5.802,-5.96,-4.994,-3.275,-0.133,-0.106,-0.076,-0.043,-0.009,0.028,0.066,0.106,0.148,0.191,0.235,0.281,0.569,0.872,1.175,1.47,2.014,2.485,2.882,3.215,3.491,3.722,3.916,4.531
302.0,303.0,5.898,-5.889,-5.657,-3.275,0.016,0.028,0.043,0.061,0.082,0.107,0.133,0.163,0.194,0.227,0.263,0.299,0.548,0.826,1.115,1.402,1.945,2.424,2.833,3.178,3.467,3.708,3.911,4.558
292.0,304.0,5.459,-5.734,-2.417,-3.275,-0.195,-0.117,-0.04,0.037,0.113,0.188,0.262,0.335,0.408,0.479,0.55,0.619,1.016,1.379,1.708,2.004,2.51,2.918,3.246,3.511,3.727,3.905,4.052,4.513
293.0,304.0,5.938,-6.337,-3.214,-3.275,-0.324,-0.249,-0.175,-0.1,-0.026,0.048,0.121,0.194,0.267,0.339,0.411,0.482,0.894,1.278,1.633,1.957,2.521,2.981,3.356,3.662,3.912,4.118,4.29,4.83
294.0,304.0,5.934,-6.184,-3.018,-3.275,-0.175,-0.1,-0.024,0.051,0.125,0.199,0.273,0.346,0.418,0.49,0.561,0.632,1.04,1.418,1.767,2.084,2.633,3.08,3.443,3.739,3.981,4.18,4.345,4.866
295.0,304.0,5.792,-6.03,-2.939,-3.275,-0.164,-0.091,-0.017,0.056,0.128,0.201,0.273,0.344,0.415,0.485,0.554,0.623,1.021,1.39,1.73,2.039,2.575,3.011,3.365,3.653,3.888,4.082,4.244,4.751
296.0,304.0,5.67,-5.992,-3.068,-3.275,-0.252,-0.182,-0.112,-0.043,0.027,0.096,0.165,0.234,0.302,0.37,0.438,0.504,0.892,1.255,1.59,1.897,2.43,2.866,3.221,3.511,3.748,3.943,4.106,4.618
297.0,304.0,5.44,-5.757,-2.924,-3.275,-0.25,-0.182,-0.115,-0.047,0.02,0.087,0.154,0.22,0.286,0.352,0.417,0.481,0.855,1.204,1.527,1.822,2.333,2.752,3.093,3.37,3.598,3.785,3.941,4.432
298.0,304.0,5.534,-5.881,-3.324,-3.275,-0.285,-0.223,-0.161,-0.098,-0.035,0.027,0.09,0.153,0.216,0.279,0.341,0.403,0.768,1.115,1.439,1.738,2.263,2.697,3.053,3.344,3.584,3.782,3.947,4.466
299.0,304.0,5.273,-5.664,-3.727,-3.275,-0.344,-0.296,-0.247,-0.197,-0.146,-0.094,-0.041,0.012,0.065,0.119,0.173,0.227,0.552,0.87,1.174,1.46,1.969,2.397,2.752,3.044,3.286,3.486,3.654,4.183
300.0,304.0,5.975,-6.2,-3.769,-3.275,-0.166,-0.107,-0.046,0.015,0.076,0.138,0.2,0.263,0.325,0.388,0.451,0.513,0.885,1.242,1.58,1.894,2.45,2.912,3.293,3.607,3.864,4.078,4.256,4.818
301.0,304.0,5.785,-6.036,-4.638,-3.275,-0.217,-0.18,-0.141,-0.1,-0.058,-0.014,0.032,0.078,0.126,0.175,0.225,0.275,0.589,0.908,1.222,1.522,2.07,2.539,2.932,3.259,3.531,3.757,3.946,4.546
302.0,304.0,5.857,-5.973,-5.203,-3.275,-0.096,-0.073,-0.047,-0.018,0.013,0.046,0.082,0.119,0.158,0.199,0.241,0.284,0.563,0.861,1.162,1.456,2.003,2.479,2.882,3.219,3.5,3.736,3.933,4.56
303.0,304.0,6.025,-6.015,-5.152,-3.275,0.033,0.058,0.086,0.117,0.15,0.185,0.222,0.261,0.301,0.343,0.386,0.431,0.716,1.019,1.323,1.62,2.17,2.647,3.051,3.389,3.67,3.905,4.103,4.729
293.0,305.0,5.991,-6.394,-3.176,-3.275,-0.326,-0.249,-0.173,-0.096,-0.02,0.055,0.131,0.205,0.28,0.353,0.426,0.499,0.917,1.307,1.666,1.994,2.562,3.026,3.402,3.709,3.96,4.167,4.339,4.88
294.0,305.0,5.988,-6.24,-2.994,-3.275,-0.174,-0.097,-0.02,0.056,0.133,0.208,0.283,0.358,0.431,0.505,0.577,0.649,1.063,1.446,1.798,2.119,2.672,3.123,3.488,3.785,4.028,4.228,4.394,4.916
295.0,305.0,5.843,-6.084,-2.898,-3.275,-0.165,-0.089,-0.013,0.062,0.136,0.21,0.284,0.357,0.429,0.5,0.571,0.642,1.046,1.421,1.765,2.077,2.617,3.055,3.411,3.7,3.937,4.131,4.293,4.801
296.0,305.0,5.716,-6.047,-2.994,-3.275,-0.258,-0.185,-0.113,-0.04,0.032,0.104,0.175,0.246,0.316,0.386,0.455,0.523,0.92,1.289,1.629,1.939,2.476,2.914,3.27,3.56,3.797,3.993,4.155,4.667
297.0,305.0,5.482,-5.81,-2.826,-3.275,-0.257,-0.185,-0.115,-0.044,0.026,0.096,0.165,0.234,0.302,0.37,0.437,0.503,0.887,1.243,1.57,1.868,2.384,2.804,3.145,3.422,3.649,3.836,3.992,4.48
298.0,305.0,5.568,-5.938,-3.188,-3.275,-0.304,-0.238,-0.171,-0.105,-0.039,0.028,0.094,0.16,0.226,0.291,0.356,0.421,0.798,1.153,1.482,1.786,2.315,2.75,3.105,3.395,3.634,3.83,3.994,4.509
299.0,305.0,5.286,-5.725,-3.485,-3.275,-0.385,-0.33,-0.274,-0.218,-0.161,-0.104,-0.047,0.011,0.068,0.126,0.184,0.242,0.585,0.915,1.226,1.517,2.03,2.457,2.809,3.098,3.336,3.534,3.698,4.218
300.0,305.0,6.006,-6.264,-3.637,-3.275,-0.195,-0.131,-0.067,-0.002,0.063,0.129,0.194,0.26,0.325,0.391,0.456,0.521,0.905,1.271,1.615,1.934,2.494,2.958,3.339,3.651,3.908,4.121,4.298,4.857
301.0,305.0,5.781,-6.109,-4.342,-3.275,-0.284,-0.239,-0.193,-0.145,-0.095,-0.045,0.007,0.059,0.112,0.166,0.22,0.275,0.61,0.944,1.266,1.573,2.125,2.593,2.982,3.305,3.572,3.795,3.98,4.569
302.0,305.0,5.833,-6.053,-4.823,-3.275,-0.188,-0.155,-0.12,-0.082,-0.042,-0.001,0.042,0.086,0.132,0.179,0.227,0.275,0.581,0.896,1.208,1.508,2.059,2.532,2.931,3.262,3.538,3.768,3.96,4.571
303.0,305.0,6.005,-6.094,-4.798,-3.275,-0.057,-0.022,0.015,0.054,0.095,0.137,0.181,0.227,0.274,0.322,0.37,0.42,0.73,1.049,1.364,1.667,2.221,2.697,3.096,3.429,3.705,3.936,4.129,4.741
304.0,305.0,5.745,-5.697,-4.969,-3.275,0.067,0.089,0.114,0.141,0.171,0.202,0.236,0.272,0.309,0.348,0.388,0.429,0.695,0.979,1.266,1.546,2.068,2.521,2.906,3.228,3.496,3.721,3.909,4.508
294.0,306.0,6.045,-6.295,-2.984,-3.275,-0.171,-0.092,-0.014,0.064,0.141,0.218,0.294,0.37,0.445,0.519,0.593,0.666,1.085,1.473,1.829,2.153,2.711,3.164,3.532,3.831,4.075,4.276,4.443,4.968
295.0,306.0,5.898,-6.138,-2.874,-3.275,-0.162,-0.084,-0.007,0.069,0.145,0.221,0.296,0.37,0.444,0.517,0.589,0.66,1.071,1.45,1.798,2.114,2.658,3.099,3.457,3.747,3.985,4.18,4.342,4.852
296.0,306.0,5.766,-6.101,-2.94,-3.275,-0.26,-0.184,-0.109,-0.035,0.039,0.113,0.186,0.259,0.331,0.402,0.473,0.543,0.947,1.322,1.666,1.979,2.521,2.961,3.319,3.609,3.847,4.043,4.206,4.717
297.0,306.0,5.53,-5.862,-2.753,-3.275,-0.258,-0.184,-0.11,-0.037,0.035,0.107,0.179,0.25,0.32,0.389,0.458,0.526,0.918,1.28,1.612,1.913,2.433,2.855,3.197,3.474,3.701,3.888,4.043,4.53
298.0,306.0,5.609,-5.994,-3.081,-3.275,-0.316,-0.246,-0.176,-0.106,-0.037,0.032,0.101,0.17,0.238,0.306,0.373,0.439,0.827,1.189,1.524,1.831,2.364,2.801,3.156,3.446,3.684,3.88,4.043,4.556
299.0,306.0,5.31,-5.783,-3.287,-3.275,-0.413,-0.353,-0.292,-0.231,-0.169,-0.108,-0.046,0.015,0.077,0.138,0.199,0.26,0.618,0.959,1.277,1.572,2.088,2.515,2.866,3.153,3.388,3.583,3.746,4.257
300.0,306.0,6.042,-6.326,-3.534,-3.275,-0.217,-0.149,-0.081,-0.013,0.055,0.123,0.192,0.26,0.328,0.396,0.464,0.531,0.926,1.3,1.649,1.971,2.536,3.002,3.384,3.696,3.953,4.165,4.342,4.898
301.0,306.0,5.79,-6.178,-4.098,-3.275,-0.338,-0.286,-0.233,-0.178,-0.123,-0.067,-0.011,0.047,0.104,0.163,0.221,0.28,0.633,0.979,1.31,1.621,2.178,2.645,3.033,3.352,3.617,3.836,4.019,4.598
302.0,306.0,5.825,-6.127,-4.505,-3.275,-0.263,-0.221,-0.177,-0.132,-0.085,-0.037,0.013,0.063,0.114,0.166,0.219,0.273,0.601,0.931,1.253,1.559,2.114,2.586,2.98,3.307,3.579,3.804,3.993,4.591
303.0,306.0,5.998,-6.169,-4.504,-3.275,-0.13,-0.087,-0.042,0.004,0.052,0.101,0.151,0.202,0.254,0.307,0.361,0.415,0.747,1.08,1.404,1.713,2.271,2.746,3.142,3.471,3.743,3.97,4.159,4.76
304.0,306.0,5.72,-5.773,-4.585,-3.275,-0.024,0.008,0.042,0.079,0.117,0.156,0.198,0.24,0.284,0.329,0.375,0.421,0.713,1.014,1.312,1.599,2.124,2.575,2.955,3.271,3.533,3.752,3.936,4.518
305.0,306.0,5.334,-5.254,-4.959,-3.275,0.089,0.101,0.116,0.134,0.155,0.178,0.203,0.23,0.259,0.29,0.323,0.357,0.583,0.833,1.092,1.349,1.833,2.258,2.621,2.927,3.182,3.396,3.576,4.149
295.0,307.0,5.955,-6.192,-2.863,-3.275,-0.157,-0.078,0.001,0.079,0.156,0.233,0.309,0.384,0.459,0.533,0.606,0.679,1.095,1.479,1.83,2.148,2.697,3.142,3.502,3.794,4.032,4.229,4.392,4.904
296.0,307.0,5.82,-6.155,-2.904,-3.275,-0.258,-0.18,-0.103,-0.027,0.049,0.124,0.199,0.273,0.347,0.42,0.492,0.563,0.974,1.354,1.702,2.018,2.564,3.007,3.366,3.658,3.897,4.093,4.256,4.769
297.0,307.0,5.582,-5.913,-2.7,-3.275,-0.254,-0.178,-0.103,-0.027,0.047,0.121,0.194,0.267,0.339,0.41,0.48,0.55,0.949,1.316,1.652,1.957,2.48,2.904,3.247,3.526,3.753,3.94,4.095,4.582
298.0,307.0,5.655,-6.049,-2.999,-3.275,-0.322,-0.249,-0.176,-0.104,-0.032,0.04,0.111,0.182,0.252,0.322,0.391,0.46,0.856,1.225,1.565,1.875,2.412,2.851,3.207,3.497,3.735,3.93,4.093,4.604
299.0,307.0,5.342,-5.84,-3.126,-3.275,-0.432,-0.367,-0.302,-0.236,-0.171,-0.106,-0.04,0.025,0.089,0.154,0.218,0.281,0.653,1.002,1.326,1.625,2.145,2.573,2.922,3.207,3.441,3.634,3.795,4.302
300.0,307.0,6.085,-6.387,-3.456,-3.275,-0.232,-0.162,-0.091,-0.02,0.051,0.122,0.192,0.263,0.333,0.403,0.473,0.542,0.946,1.327,1.681,2.008,2.577,3.045,3.428,3.741,3.998,4.21,4.386,4.942
301.0,307.0,5.809,-6.245,-3.898,-3.275,-0.379,-0.321,-0.263,-0.203,-0.143,-0.082,-0.021,0.04,0.102,0.164,0.226,0.288,0.657,1.014,1.352,1.668,2.229,2.697,3.083,3.4,3.662,3.879,4.06,4.632
302.0,307.0,5.829,-6.199,-4.242,-3.275,-0.322,-0.273,-0.222,-0.17,-0.117,-0.063,-0.008,0.047,0.103,0.16,0.217,0.275,0.622,0.966,1.296,1.608,2.167,2.638,3.03,3.354,3.621,3.844,4.03,4.617
303.0,307.0,6.004,-6.241,-4.26,-3.275,-0.189,-0.139,-0.088,-0.035,0.018,0.073,0.128,0.184,0.241,0.298,0.356,0.414,0.764,1.11,1.443,1.757,2.319,2.794,3.188,3.514,3.783,4.007,4.194,4.785
304.0,307.0,5.71,-5.845,-4.265,-3.275,-0.097,-0.056,-0.014,0.03,0.075,0.122,0.169,0.218,0.267,0.317,0.368,0.419,0.734,1.05,1.357,1.65,2.179,2.628,3.004,3.315,3.573,3.788,3.967,4.536
305.0,307.0,5.294,-5.328,-4.496,-3.275,-0.013,0.01,0.037,0.065,0.095,0.128,0.162,0.197,0.234,0.272,0.311,0.351,0.608,0.877,1.148,1.412,1.898,2.32,2.676,2.974,3.222,3.429,3.602,4.154
306.0,307.0,4.861,-4.759,-4.984,-3.275,0.098,0.099,0.102,0.109,0.119,0.132,0.147,0.165,0.184,0.206,0.23,0.255,0.435,0.648,0.875,1.105,1.546,1.941,2.281,2.569,2.811,3.014,3.185,3.73
296.0,308.0,5.877,-6.209,-2.884,-3.275,-0.253,-0.174,-0.095,-0.017,0.06,0.137,0.213,0.289,0.363,0.437,0.511,0.583,1.0,1.384,1.736,2.056,2.606,3.052,3.413,3.707,3.946,4.143,4.307,4.822
297.0,308.0,5.637,-5.964,-2.665,-3.275,-0.248,-0.17,-0.092,-0.015,0.061,0.136,0.211,0.285,0.359,0.431,0.502,0.573,0.979,1.351,1.691,1.998,2.526,2.952,3.297,3.577,3.804,3.992,4.148,4.636
298.0,308.0,5.705,-6.103,-2.939,-3.275,-0.323,-0.247,-0.172,-0.098,-0.024,0.05,0.123,0.196,0.268,0.34,0.41,0.48,0.885,1.26,1.604,1.918,2.459,2.9,3.257,3.548,3.786,3.981,4.144,4.655
299.0,308.0,5.381,-5.894,-2.998,-3.275,-0.444,-0.374,-0.305,-0.236,-0.167,-0.099,-0.03,0.037,0.105,0.172,0.238,0.304,0.687,1.044,1.374,1.676,2.2,2.629,2.978,3.262,3.495,3.687,3.847,4.349
300.0,308.0,6.131,-6.448,-3.4,-3.275,-0.243,-0.17,-0.097,-0.024,0.05,0.123,0.195,0.268,0.34,0.412,0.483,0.554,0.966,1.354,1.713,2.042,2.616,3.087,3.472,3.786,4.043,4.255,4.432,4.989
301.0,308.0,5.837,-6.309,-3.737,-3.275,-0.41,-0.348,-0.284,-0.22,-0.156,-0.092,-0.027,0.038,0.103,0.168,0.233,0.298,0.681,1.048,1.393,1.713,2.278,2.747,3.133,3.449,3.709,3.925,4.105,4.671
302.0,308.0,5.844,-6.267,-4.026,-3.275,-0.369,-0.313,-0.257,-0.199,-0.141,-0.082,-0.022,0.038,0.098,0.159,0.219,0.28,0.645,1.0,1.338,1.655,2.218,2.689,3.08,3.401,3.666,3.886,4.07,4.65
303.0,308.0,6.02,-6.31,-4.061,-3.275,-0.236,-0.18,-0.123,-0.066,-0.007,0.052,0.112,0.172,0.233,0.294,0.355,0.416,0.783,1.14,1.48,1.799,2.366,2.841,3.234,3.558,3.825,4.047,4.232,4.816
304.0,308.0,5.712,-5.914,-3.999,-3.275,-0.155,-0.107,-0.058,-0.007,0.044,0.096,0.149,0.203,0.257,0.312,0.367,0.422,0.756,1.085,1.401,1.699,2.232,2.681,3.053,3.361,3.616,3.827,4.003,4.562
305.0,308.0,5.271,-5.398,-4.106,-3.275,-0.095,-0.061,-0.025,0.012,0.051,0.091,0.132,0.175,0.218,0.262,0.307,0.353,0.635,0.922,1.203,1.472,1.962,2.38,2.731,3.022,3.264,3.465,3.634,4.168
306.0,308.0,4.803,-4.833,-4.425,-3.275,-0.018,-0.004,0.013,0.032,0.053,0.077,0.102,0.129,0.158,0.188,0.219,0.252,0.467,0.702,0.942,1.179,1.623,2.011,2.342,2.62,2.853,3.047,3.21,3.729
307.0,308.0,4.844,-4.7,-5.449,-3.275,0.128,0.117,0.11,0.107,0.107,0.111,0.118,0.128,0.14,0.155,0.172,0.191,0.343,0.537,0.753,0.977,1.417,1.817,2.165,2.462,2.712,2.922,3.099,3.667
297.0,309.0,5.696,-6.014,-2.645,-3.275,-0.239,-0.159,-0.08,-0.001,0.076,0.153,0.229,0.304,0.379,0.452,0.525,0.597,1.008,1.385,1.728,2.038,2.57,2.999,3.346,3.627,3.856,4.044,4.2,4.691
298.0,309.0,5.759,-6.157,-2.898,-3.275,-0.32,-0.243,-0.166,-0.089,-0.013,0.062,0.137,0.212,0.285,0.358,0.43,0.502,0.913,1.293,1.641,1.958,2.504,2.947,3.306,3.598,3.836,4.033,4.196,4.708
299.0,309.0,5.426,-5.948,-2.898,-3.275,-0.448,-0.376,-0.303,-0.231,-0.159,-0.088,-0.017,0.053,0.123,0.192,0.261,0.328,0.721,1.085,1.42,1.725,2.253,2.683,3.033,3.317,3.549,3.74,3.9,4.4
300.0,309.0,6.182,-6.508,-3.363,-3.275,-0.25,-0.175,-0.1,-0.024,0.051,0.125,0.2,0.274,0.348,0.421,0.494,0.566,0.986,1.379,1.742,2.075,2.654,3.129,3.515,3.83,4.088,4.302,4.479,5.037
301.0,309.0,5.872,-6.372,-3.608,-3.275,-0.434,-0.367,-0.299,-0.232,-0.164,-0.096,-0.028,0.04,0.108,0.176,0.244,0.311,0.706,1.082,1.432,1.757,2.326,2.796,3.182,3.498,3.757,3.972,4.151,4.714
302.0,309.0,5.868,-6.333,-3.851,-3.275,-0.405,-0.344,-0.282,-0.22,-0.157,-0.094,-0.031,0.033,0.097,0.161,0.225,0.289,0.669,1.034,1.379,1.7,2.267,2.74,3.129,3.449,3.712,3.93,4.112,4.687
303.0,309.0,6.044,-6.377,-3.901,-3.275,-0.273,-0.212,-0.151,-0.088,-0.026,0.038,0.101,0.165,0.229,0.293,0.358,0.422,0.803,1.17,1.516,1.84,2.411,2.887,3.28,3.603,3.868,4.088,4.272,4.851
304.0,309.0,5.725,-5.979,-3.781,-3.275,-0.201,-0.146,-0.091,-0.035,0.021,0.079,0.136,0.194,0.253,0.311,0.37,0.429,0.78,1.121,1.444,1.746,2.283,2.732,3.103,3.408,3.66,3.868,4.043,4.593
305.0,309.0,5.264,-5.463,-3.78,-3.275,-0.158,-0.116,-0.072,-0.027,0.019,0.066,0.113,0.162,0.211,0.26,0.31,0.36,0.664,0.966,1.256,1.531,2.024,2.44,2.786,3.073,3.31,3.506,3.671,4.191
306.0,309.0,4.766,-4.9,-3.952,-3.275,-0.11,-0.084,-0.056,-0.026,0.005,0.038,0.072,0.107,0.143,0.18,0.218,0.257,0.502,0.756,1.008,1.251,1.697,2.081,2.404,2.674,2.898,3.085,3.242,3.739
307.0,309.0,4.77,-4.779,-4.813,-3.275,-0.008,-0.004,0.004,0.015,0.028,0.044,0.062,0.083,0.105,0.129,0.155,0.183,0.374,0.592,0.823,1.055,1.497,1.89,2.227,2.512,2.751,2.951,3.12,3.657
308.0,309.0,4.076,-3.948,-4.504,-3.275,0.116,0.108,0.104,0.102,0.104,0.108,0.115,0.125,0.136,0.149,0.165,0.182,0.313,0.478,0.661,0.849,1.218,1.553,1.844,2.091,2.299,2.475,2.622,3.095
298.0,310.0,5.816,-6.21,-2.873,-3.275,-0.315,-0.235,-0.157,-0.079,-0.001,0.076,0.152,0.228,0.303,0.377,0.451,0.523,0.941,1.325,1.677,1.997,2.547,2.993,3.355,3.648,3.887,4.084,4.248,4.762
299.0,310.0,5.477,-6.0,-2.823,-3.275,-0.448,-0.372,-0.297,-0.222,-0.148,-0.075,-0.001,0.071,0.143,0.214,0.284,0.354,0.755,1.125,1.464,1.773,2.305,2.737,3.087,3.371,3.603,3.795,3.953,4.453
300.0,310.0,6.236,-6.568,-3.341,-3.275,-0.254,-0.177,-0.1,-0.023,0.053,0.13,0.206,0.282,0.357,0.431,0.505,0.579,1.005,1.403,1.771,2.107,2.691,3.169,3.557,3.874,4.134,4.348,4.526,5.086
301.0,310.0,5.914,-6.434,-3.509,-3.275,-0.45,-0.379,-0.309,-0.238,-0.167,-0.096,-0.025,0.046,0.116,0.186,0.256,0.325,0.731,1.114,1.47,1.799,2.372,2.845,3.231,3.547,3.806,4.02,4.198,4.76
302.0,310.0,5.901,-6.397,-3.71,-3.275,-0.432,-0.366,-0.301,-0.234,-0.168,-0.101,-0.034,0.033,0.1,0.167,0.234,0.3,0.693,1.067,1.418,1.743,2.315,2.789,3.178,3.497,3.76,3.977,4.158,4.728
303.0,310.0,6.076,-6.442,-3.773,-3.275,-0.301,-0.236,-0.171,-0.105,-0.039,0.028,0.095,0.162,0.229,0.296,0.363,0.429,0.823,1.198,1.551,1.879,2.455,2.933,3.326,3.648,3.913,4.132,4.315,4.891
304.0,310.0,5.748,-6.042,-3.603,-3.275,-0.235,-0.176,-0.116,-0.055,0.006,0.068,0.129,0.191,0.253,0.315,0.377,0.439,0.805,1.155,1.485,1.792,2.333,2.782,3.152,3.456,3.705,3.912,4.085,4.629
305.0,310.0,5.269,-5.525,-3.509,-3.275,-0.207,-0.157,-0.107,-0.055,-0.003,0.049,0.103,0.156,0.21,0.264,0.318,0.372,0.696,1.01,1.308,1.588,2.084,2.499,2.842,3.124,3.357,3.55,3.712,4.221
306.0,310.0,4.747,-4.962,-3.554,-3.275,-0.18,-0.144,-0.107,-0.068,-0.029,0.012,0.053,0.095,0.138,0.181,0.225,0.27,0.54,0.81,1.072,1.321,1.769,2.15,2.467,2.73,2.948,3.128,3.28,3.759
307.0,310.0,4.719,-4.85,-4.273,-3.275,-0.117,-0.099,-0.079,-0.056,-0.032,-0.005,0.023,0.052,0.083,0.116,0.149,0.184,0.408,0.648,0.892,1.131,1.575,1.962,2.291,2.566,2.795,2.987,3.148,3.66
308.0,310.0,4.007,-4.014,-3.865,-3.275,-0.003,0.005,0.015,0.027,0.041,0.058,0.076,0.096,0.117,0.14,0.163,0.188,0.358,0.547,0.743,0.939,1.309,1.636,1.915,2.15,2.347,2.512,2.651,3.092
309.0,310.0,4.267,-4.12,-5.05,-3.275,0.127,0.111,0.099,0.091,0.087,0.085,0.087,0.092,0.099,0.108,0.12,0.134,0.253,0.415,0.601,0.796,1.183,1.539,1.85,2.116,2.341,2.531,2.691,3.203
299.0,311.0,5.531,-6.052,-2.769,-3.275,-0.442,-0.365,-0.287,-0.21,-0.134,-0.059,0.016,0.09,0.164,0.236,0.308,0.379,0.788,1.164,1.507,1.819,2.355,2.789,3.14,3.425,3.658,3.849,4.008,4.507
300.0,311.0,6.293,-6.627,-3.334,-3.275,-0.256,-0.177,-0.099,-0.02,0.058,0.135,0.213,0.29,0.366,0.442,0.517,0.591,1.023,1.426,1.798,2.137,2.726,3.208,3.599,3.918,4.179,4.394,4.573,5.136
301.0,311.0,5.96,-6.494,-3.434,-3.275,-0.461,-0.387,-0.313,-0.24,-0.166,-0.093,-0.02,0.053,0.126,0.198,0.269,0.341,0.756,1.145,1.507,1.839,2.417,2.892,3.279,3.596,3.855,4.069,4.247,4.808
302.0,311.0,5.94,-6.46,-3.601,-3.275,-0.451,-0.382,-0.313,-0.243,-0.173,-0.103,-0.033,0.036,0.106,0.175,0.245,0.313,0.717,1.099,1.456,1.785,2.362,2.837,3.227,3.546,3.808,4.024,4.204,4.772
303.0,311.0,6.115,-6.506,-3.674,-3.275,-0.323,-0.255,-0.186,-0.116,-0.047,0.023,0.092,0.162,0.232,0.301,0.37,0.439,0.843,1.226,1.585,1.916,2.497,2.977,3.371,3.693,3.958,4.176,4.359,4.933
304.0,311.0,5.778,-6.103,-3.46,-3.275,-0.261,-0.197,-0.133,-0.068,-0.003,0.062,0.127,0.192,0.257,0.322,0.387,0.451,0.829,1.189,1.525,1.836,2.381,2.831,3.201,3.503,3.752,3.958,4.129,4.669
305.0,311.0,5.285,-5.584,-3.285,-3.275,-0.243,-0.187,-0.131,-0.074,-0.016,0.041,0.099,0.157,0.215,0.272,0.33,0.388,0.728,1.053,1.359,1.642,2.142,2.557,2.897,3.177,3.407,3.597,3.756,4.256
306.0,311.0,4.743,-5.02,-3.22,-3.275,-0.233,-0.188,-0.143,-0.097,-0.05,-0.003,0.045,0.093,0.141,0.19,0.239,0.288,0.58,0.864,1.135,1.389,1.84,2.217,2.53,2.787,2.999,3.175,3.322,3.787
307.0,311.0,4.687,-4.916,-3.818,-3.275,-0.201,-0.172,-0.141,-0.109,-0.075,-0.039,-0.003,0.034,0.073,0.112,0.152,0.193,0.446,0.705,0.96,1.204,1.651,2.033,2.354,2.622,2.843,3.028,3.183,3.674
308.0,311.0,3.96,-4.073,-3.323,-3.275,-0.094,-0.073,-0.051,-0.027,-0.002,0.025,0.053,0.081,0.111,0.141,0.173,0.205,0.406,0.616,0.825,1.027,1.398,1.718,1.988,2.213,2.4,2.556,2.687,3.102
309.0,311.0,4.186,-4.193,-4.364,-3.275,-0.009,-0.009,-0.005,0.002,0.011,0.023,0.037,0.052,0.07,0.09,0.111,0.133,0.294,0.482,0.682,0.885,1.274,1.621,1.92,2.173,2.386,2.564,2.714,3.193
310.0,311.0,4.559,-4.371,-5.994,-3.275,0.151,0.121,0.095,0.075,0.058,0.046,0.038,0.034,0.033,0.035,0.04,0.048,0.143,0.296,0.482,0.686,1.102,1.492,1.836,2.133,2.385,2.598,2.778,3.356
300.0,312.0,6.351,-6.687,-3.339,-3.275,-0.256,-0.176,-0.096,-0.016,0.063,0.142,0.22,0.298,0.375,0.452,0.528,0.604,1.041,1.448,1.823,2.166,2.76,3.245,3.64,3.961,4.224,4.441,4.621,5.188
301.0,312.0,6.012,-6.554,-3.381,-3.275,-0.467,-0.391,-0.315,-0.239,-0.163,-0.087,-0.012,0.062,0.137,0.211,0.284,0.357,0.78,1.176,1.542,1.877,2.46,2.938,3.327,3.644,3.904,4.119,4.297,4.859
302.0,312.0,5.984,-6.521,-3.517,-3.275,-0.465,-0.393,-0.32,-0.248,-0.175,-0.102,-0.03,0.042,0.114,0.186,0.257,0.328,0.741,1.13,1.492,1.825,2.406,2.884,3.275,3.594,3.856,4.072,4.252,4.819
303.0,312.0,6.159,-6.569,-3.6,-3.275,-0.339,-0.268,-0.196,-0.124,-0.052,0.021,0.093,0.165,0.236,0.308,0.379,0.449,0.863,1.253,1.617,1.952,2.538,3.02,3.415,3.738,4.003,4.222,4.404,4.978
304.0,312.0,5.816,-6.163,-3.347,-3.275,-0.28,-0.212,-0.144,-0.076,-0.008,0.061,0.129,0.197,0.264,0.332,0.399,0.465,0.855,1.222,1.563,1.878,2.428,2.88,3.249,3.552,3.8,4.004,4.175,4.712
305.0,312.0,5.311,-5.64,-3.103,-3.275,-0.268,-0.207,-0.146,-0.084,-0.022,0.039,0.101,0.162,0.224,0.285,0.346,0.406,0.761,1.096,1.408,1.695,2.199,2.613,2.952,3.23,3.458,3.646,3.802,4.296
306.0,312.0,4.751,-5.073,-2.942,-3.275,-0.271,-0.219,-0.167,-0.114,-0.061,-0.008,0.045,0.098,0.151,0.204,0.257,0.31,0.621,0.918,1.196,1.454,1.908,2.284,2.592,2.845,3.053,3.226,3.369,3.821
307.0,312.0,4.673,-4.976,-3.434,-3.275,-0.266,-0.227,-0.187,-0.145,-0.103,-0.061,-0.017,0.027,0.072,0.117,0.163,0.208,0.486,0.761,1.025,1.276,1.724,2.103,2.419,2.679,2.895,3.074,3.224,3.697
308.0,312.0,3.934,-4.126,-2.864,-3.275,-0.161,-0.13,-0.097,-0.063,-0.028,0.007,0.043,0.079,0.116,0.153,0.191,0.229,0.458,0.685,0.904,1.112,1.484,1.799,2.06,2.277,2.456,2.605,2.729,3.123
309.0,312.0,4.129,-4.258,-3.781,-3.275,-0.115,-0.101,-0.083,-0.064,-0.043,-0.021,0.003,0.029,0.056,0.084,0.113,0.143,0.338,0.549,0.762,0.971,1.362,1.702,1.991,2.233,2.435,2.604,2.746,3.197
310.0,312.0,4.456,-4.455,-5.217,-3.275,-0.016,-0.028,-0.035,-0.039,-0.04,-0.037,-0.032,-0.023,-0.012,0.001,0.017,0.035,0.176,0.358,0.562,0.775,1.192,1.572,1.903,2.185,2.423,2.624,2.793,3.333
311.0,312.0,4.724,-4.559,-5.641,-3.275,0.142,0.124,0.11,0.1,0.094,0.091,0.093,0.097,0.104,0.114,0.126,0.141,0.271,0.448,0.652,0.868,1.297,1.692,2.038,2.333,2.583,2.794,2.971,3.541
301.0,313.0,6.066,-6.613,-3.347,-3.275,-0.469,-0.391,-0.313,-0.235,-0.157,-0.08,-0.003,0.073,0.149,0.224,0.299,0.373,0.803,1.205,1.575,1.914,2.502,2.983,3.374,3.692,3.953,4.169,4.348,4.911
302.0,313.0,6.034,-6.582,-3.456,-3.275,-0.473,-0.398,-0.323,-0.248,-0.173,-0.099,-0.024,0.05,0.124,0.197,0.27,0.343,0.765,1.16,1.527,1.864,2.45,2.93,3.323,3.643,3.905,4.121,4.302,4.869
303.0,313.0,6.207,-6.631,-3.547,-3.275,-0.35,-0.276,-0.202,-0.128,-0.053,0.021,0.095,0.169,0.242,0.316,0.388,0.461,0.882,1.279,1.648,1.986,2.577,3.063,3.459,3.783,4.049,4.268,4.451,5.026
304.0,313.0,5.858,-6.221,-3.261,-3.275,-0.292,-0.221,-0.15,-0.079,-0.008,0.063,0.133,0.204,0.274,0.343,0.412,0.481,0.88,1.254,1.601,1.919,2.473,2.927,3.297,3.6,3.847,4.052,4.222,4.758
305.0,313.0,5.344,-5.694,-2.955,-3.275,-0.285,-0.219,-0.154,-0.088,-0.023,0.043,0.108,0.172,0.237,0.301,0.364,0.427,0.794,1.137,1.455,1.747,2.253,2.668,3.007,3.283,3.509,3.696,3.851,4.34
306.0,313.0,4.771,-5.124,-2.712,-3.275,-0.296,-0.238,-0.18,-0.122,-0.064,-0.006,0.052,0.109,0.166,0.223,0.28,0.336,0.663,0.971,1.256,1.518,1.974,2.349,2.655,2.904,3.109,3.278,3.419,3.861
307.0,313.0,4.673,-5.032,-3.113,-3.275,-0.313,-0.266,-0.218,-0.169,-0.12,-0.071,-0.021,0.028,0.079,0.129,0.179,0.229,0.528,0.817,1.09,1.345,1.796,2.173,2.483,2.738,2.949,3.123,3.269,3.728
308.0,313.0,3.924,-4.174,-2.477,-3.275,-0.209,-0.168,-0.126,-0.084,-0.041,0.001,0.044,0.087,0.13,0.173,0.216,0.259,0.512,0.754,0.982,1.194,1.568,1.878,2.133,2.343,2.515,2.658,2.777,3.152
309.0,313.0,4.094,-4.316,-3.287,-3.275,-0.196,-0.169,-0.141,-0.111,-0.08,-0.048,-0.015,0.019,0.054,0.089,0.125,0.161,0.387,0.616,0.84,1.056,1.447,1.782,2.062,2.295,2.489,2.65,2.785,3.212
310.0,313.0,4.38,-4.53,-4.557,-3.275,-0.149,-0.145,-0.137,-0.127,-0.114,-0.099,-0.082,-0.062,-0.041,-0.018,0.007,0.033,0.214,0.422,0.641,0.861,1.28,1.652,1.972,2.242,2.468,2.658,2.817,3.326
311.0,313.0,4.639,-4.639,-4.951,-3.275,-0.006,-0.007,-0.006,-0.001,0.007,0.018,0.031,0.047,0.065,0.085,0.107,0.131,0.302,0.506,0.726,0.95,1.381,1.768,2.102,2.384,2.622,2.822,2.99,3.526
312.0,313.0,5.406,-5.344,-5.677,-3.275,0.056,0.055,0.057,0.064,0.073,0.086,0.102,0.121,0.142,0.165,0.191,0.218,0.417,0.653,0.907,1.164,1.661,2.106,2.49,2.815,3.088,3.317,3.511,4.127
302.0,314.0,6.087,-6.642,-3.415,-3.275,-0.478,-0.401,-0.323,-0.246,-0.169,-0.093,-0.016,0.06,0.135,0.21,0.285,0.358,0.788,1.189,1.561,1.901,2.491,2.975,3.369,3.691,3.954,4.171,4.352,4.92
303.0,314.0,6.259,-6.693,-3.513,-3.275,-0.358,-0.282,-0.205,-0.129,-0.053,0.023,0.099,0.175,0.25,0.325,0.399,0.472,0.901,1.304,1.677,2.019,2.615,3.104,3.502,3.828,4.095,4.315,4.498,5.074
304.0,314.0,5.906,-6.279,-3.197,-3.275,-0.299,-0.226,-0.152,-0.078,-0.005,0.068,0.141,0.213,0.285,0.356,0.427,0.497,0.904,1.285,1.636,1.958,2.516,2.973,3.345,3.648,3.896,4.1,4.271,4.806
305.0,314.0,5.384,-5.747,-2.838,-3.275,-0.294,-0.225,-0.155,-0.086,-0.018,0.05,0.118,0.186,0.253,0.319,0.385,0.45,0.827,1.178,1.501,1.796,2.306,2.723,3.061,3.336,3.562,3.747,3.902,4.387
306.0,314.0,4.799,-5.173,-2.523,-3.275,-0.31,-0.247,-0.184,-0.121,-0.059,0.003,0.064,0.126,0.186,0.246,0.306,0.365,0.706,1.023,1.314,1.58,2.039,2.413,2.717,2.964,3.166,3.332,3.471,3.906
307.0,314.0,4.686,-5.085,-2.846,-3.275,-0.345,-0.291,-0.237,-0.182,-0.127,-0.073,-0.018,0.037,0.092,0.146,0.2,0.255,0.572,0.872,1.153,1.412,1.866,2.24,2.547,2.798,3.005,3.175,3.317,3.765
308.0,314.0,3.928,-4.217,-2.152,-3.275,-0.24,-0.19,-0.141,-0.092,-0.043,0.006,0.055,0.104,0.152,0.2,0.247,0.294,0.567,0.823,1.059,1.275,1.65,1.956,2.206,2.41,2.577,2.714,2.829,3.189
309.0,314.0,4.077,-4.369,-2.87,-3.275,-0.255,-0.218,-0.18,-0.141,-0.102,-0.062,-0.021,0.02,0.061,0.103,0.144,0.186,0.437,0.683,0.917,1.138,1.531,1.861,2.134,2.36,2.546,2.7,2.829,3.237
310.0,314.0,4.329,-4.598,-3.996,-3.275,-0.253,-0.235,-0.215,-0.192,-0.168,-0.142,-0.115,-0.086,-0.056,-0.024,0.008,0.041,0.257,0.486,0.718,0.945,1.365,1.731,2.041,2.301,2.517,2.698,2.85,3.332
311.0,314.0,4.579,-4.712,-4.365,-3.275,-0.123,-0.111,-0.095,-0.078,-0.058,-0.036,-0.012,0.014,0.041,0.07,0.1,0.131,0.338,0.565,0.799,1.03,1.463,1.843,2.167,2.439,2.666,2.857,3.017,3.526
312.0,314.0,5.346,-5.427,-5.121,-3.275,-0.072,-0.059,-0.044,-0.025,-0.004,0.02,0.046,0.074,0.105,0.136,0.17,0.205,0.439,0.698,0.965,1.23,1.73,2.17,2.545,2.86,3.124,3.345,3.531,4.122
313.0,314.0,5.638,-5.532,-6.394,-3.275,0.088,0.076,0.068,0.064,0.065,0.07,0.078,0.09,0.105,0.122,0.143,0.166,0.345,0.574,0.829,1.093,1.61,2.081,2.49,2.838,3.132,3.379,3.588,4.254
303.0,315.0,6.314,-6.755,-3.494,-3.275,-0.362,-0.284,-0.206,-0.128,-0.05,0.027,0.105,0.182,0.258,0.334,0.41,0.484,0.92,1.328,1.705,2.051,2.651,3.144,3.545,3.872,4.14,4.362,4.546,5.125
304.0,315.0,5.958,-6.336,-3.153,-3.275,-0.303,-0.227,-0.151,-0.075,0.0,0.075,0.149,0.223,0.297,0.37,0.442,0.514,0.928,1.315,1.67,1.995,2.558,3.017,3.391,3.695,3.944,4.149,4.32,4.856
305.0,315.0,5.429,-5.799,-2.748,-3.275,-0.297,-0.225,-0.152,-0.081,-0.009,0.062,0.132,0.202,0.271,0.339,0.407,0.474,0.86,1.218,1.545,1.844,2.358,2.776,3.114,3.389,3.614,3.8,3.953,4.437
306.0,315.0,4.835,-5.219,-2.37,-3.275,-0.316,-0.248,-0.181,-0.115,-0.049,0.017,0.082,0.146,0.21,0.272,0.335,0.396,0.749,1.074,1.37,1.639,2.101,2.475,2.778,3.023,3.224,3.388,3.525,3.955
307.0,315.0,4.708,-5.134,-2.625,-3.275,-0.366,-0.306,-0.246,-0.186,-0.126,-0.067,-0.007,0.051,0.11,0.168,0.226,0.283,0.616,0.927,1.214,1.477,1.933,2.307,2.611,2.859,3.062,3.23,3.369,3.808
308.0,315.0,3.944,-4.257,-1.881,-3.275,-0.256,-0.2,-0.144,-0.089,-0.034,0.02,0.074,0.127,0.18,0.231,0.283,0.334,0.624,0.891,1.133,1.353,1.729,2.033,2.279,2.478,2.64,2.773,2.884,3.232
309.0,315.0,4.075,-4.417,-2.519,-3.275,-0.296,-0.25,-0.204,-0.157,-0.111,-0.064,-0.017,0.03,0.077,0.124,0.17,0.217,0.49,0.749,0.992,1.217,1.612,1.938,2.206,2.425,2.605,2.754,2.879,3.27
310.0,315.0,4.298,-4.659,-3.522,-3.275,-0.332,-0.303,-0.271,-0.239,-0.205,-0.17,-0.134,-0.097,-0.059,-0.021,0.018,0.058,0.302,0.551,0.794,1.026,1.449,1.809,2.112,2.362,2.571,2.744,2.889,3.349
311.0,315.0,4.54,-4.778,-3.869,-3.275,-0.215,-0.19,-0.163,-0.135,-0.105,-0.073,-0.04,-0.006,0.029,0.065,0.102,0.14,0.378,0.625,0.87,1.107,1.542,1.917,2.233,2.496,2.715,2.898,3.051,3.537
312.0,315.0,5.307,-5.504,-4.652,-3.275,-0.175,-0.151,-0.124,-0.095,-0.063,-0.03,0.005,0.041,0.079,0.118,0.159,0.2,0.464,0.743,1.022,1.294,1.797,2.233,2.601,2.908,3.165,3.379,3.558,4.128
313.0,315.0,5.561,-5.623,-5.771,-3.275,-0.064,-0.061,-0.054,-0.043,-0.03,-0.013,0.007,0.03,0.055,0.082,0.111,0.142,0.361,0.616,0.886,1.158,1.679,2.143,2.543,2.88,3.163,3.401,3.601,4.239
314.0,315.0,5.564,-5.532,-5.641,-3.275,0.031,0.035,0.042,0.053,0.068,0.085,0.105,0.127,0.153,0.18,0.209,0.24,0.457,0.709,0.975,1.243,1.755,2.211,2.603,2.935,3.212,3.446,3.642,4.267
304.0,316.0,6.012,-6.393,-3.126,-3.275,-0.302,-0.225,-0.147,-0.07,0.007,0.084,0.16,0.235,0.31,0.384,0.458,0.531,0.952,1.343,1.703,2.031,2.599,3.061,3.437,3.742,3.992,4.198,4.37,4.908
305.0,316.0,5.479,-5.85,-2.68,-3.275,-0.295,-0.22,-0.145,-0.071,0.002,0.075,0.148,0.219,0.29,0.36,0.43,0.499,0.893,1.256,1.588,1.89,2.407,2.827,3.167,3.442,3.667,3.852,4.006,4.489
306.0,316.0,4.878,-5.264,-2.248,-3.275,-0.314,-0.243,-0.172,-0.102,-0.033,0.035,0.103,0.17,0.236,0.301,0.365,0.429,0.792,1.124,1.425,1.697,2.162,2.537,2.838,3.083,3.282,3.445,3.581,4.006
307.0,316.0,4.74,-5.181,-2.445,-3.275,-0.376,-0.311,-0.246,-0.182,-0.118,-0.055,0.008,0.071,0.133,0.194,0.254,0.314,0.66,0.98,1.273,1.54,1.999,2.372,2.674,2.92,3.121,3.286,3.423,3.855
308.0,316.0,3.97,-4.294,-1.656,-3.275,-0.261,-0.199,-0.138,-0.077,-0.018,0.041,0.099,0.156,0.212,0.268,0.322,0.376,0.681,0.957,1.206,1.428,1.806,2.109,2.351,2.546,2.704,2.834,2.942,3.28
309.0,316.0,4.086,-4.461,-2.226,-3.275,-0.322,-0.268,-0.215,-0.162,-0.109,-0.056,-0.004,0.048,0.1,0.151,0.202,0.252,0.544,0.815,1.066,1.294,1.691,2.014,2.277,2.492,2.667,2.812,2.932,3.31
310.0,316.0,4.285,-4.715,-3.122,-3.275,-0.391,-0.351,-0.311,-0.269,-0.227,-0.184,-0.141,-0.097,-0.053,-0.009,0.036,0.081,0.351,0.615,0.868,1.105,1.53,1.886,2.182,2.426,2.627,2.795,2.934,3.376
311.0,316.0,4.519,-4.838,-3.451,-3.275,-0.285,-0.25,-0.213,-0.175,-0.136,-0.097,-0.056,-0.015,0.027,0.07,0.113,0.156,0.421,0.684,0.94,1.182,1.62,1.99,2.299,2.555,2.767,2.944,3.091,3.557
312.0,316.0,5.285,-5.575,-4.258,-3.275,-0.257,-0.223,-0.186,-0.148,-0.108,-0.067,-0.024,0.019,0.064,0.109,0.155,0.202,0.493,0.788,1.079,1.356,1.862,2.295,2.657,2.959,3.209,3.417,3.591,4.144
313.0,316.0,5.507,-5.708,-5.243,-3.275,-0.187,-0.171,-0.152,-0.129,-0.104,-0.077,-0.047,-0.016,0.018,0.053,0.09,0.129,0.382,0.658,0.942,1.222,1.746,2.205,2.597,2.925,3.2,3.43,3.623,4.237
314.0,316.0,5.511,-5.615,-5.124,-3.275,-0.09,-0.074,-0.054,-0.031,-0.006,0.021,0.051,0.083,0.116,0.152,0.188,0.227,0.477,0.75,1.03,1.305,1.821,2.272,2.656,2.979,3.248,3.474,3.663,4.265
315.0,316.0,5.511,-5.541,-4.946,-3.275,-0.014,0.005,0.027,0.051,0.078,0.107,0.138,0.171,0.206,0.242,0.279,0.318,0.571,0.844,1.121,1.393,1.901,2.345,2.721,3.037,3.301,3.521,3.706,4.294
305.0,317.0,5.533,-5.9,-2.633,-3.275,-0.289,-0.212,-0.135,-0.059,0.017,0.091,0.165,0.239,0.311,0.383,0.454,0.524,0.925,1.294,1.629,1.934,2.456,2.878,3.218,3.495,3.72,3.905,4.059,4.542
306.0,317.0,4.926,-5.308,-2.152,-3.275,-0.306,-0.232,-0.158,-0.086,-0.014,0.057,0.127,0.196,0.264,0.331,0.397,0.463,0.835,1.173,1.478,1.753,2.221,2.596,2.898,3.142,3.34,3.503,3.638,4.06
307.0,317.0,4.779,-5.227,-2.299,-3.275,-0.378,-0.309,-0.24,-0.172,-0.105,-0.038,0.028,0.094,0.158,0.222,0.285,0.348,0.705,1.033,1.331,1.6,2.062,2.436,2.737,2.981,3.18,3.344,3.479,3.905
308.0,317.0,4.005,-4.328,-1.471,-3.275,-0.255,-0.189,-0.123,-0.058,0.005,0.068,0.129,0.19,0.249,0.308,0.365,0.421,0.739,1.023,1.276,1.502,1.882,2.182,2.422,2.614,2.77,2.897,3.003,3.332
309.0,317.0,4.108,-4.502,-1.982,-3.275,-0.334,-0.274,-0.215,-0.157,-0.099,-0.041,0.016,0.072,0.128,0.183,0.237,0.291,0.598,0.881,1.137,1.369,1.767,2.089,2.348,2.559,2.73,2.871,2.988,3.355
310.0,317.0,4.287,-4.766,-2.787,-3.275,-0.432,-0.384,-0.335,-0.286,-0.237,-0.188,-0.138,-0.089,-0.039,0.011,0.06,0.109,0.401,0.679,0.94,1.182,1.609,1.962,2.252,2.491,2.687,2.849,2.984,3.41
311.0,317.0,4.514,-4.894,-3.1,-3.275,-0.336,-0.292,-0.247,-0.201,-0.155,-0.108,-0.061,-0.014,0.034,0.082,0.13,0.178,0.465,0.744,1.008,1.256,1.695,2.063,2.366,2.616,2.822,2.993,3.136,3.587
312.0,317.0,5.279,-5.642,-3.928,-3.275,-0.321,-0.278,-0.233,-0.187,-0.14,-0.092,-0.043,0.006,0.056,0.107,0.158,0.21,0.523,0.834,1.133,1.417,1.926,2.356,2.714,3.011,3.256,3.459,3.63,4.168
313.0,317.0,5.473,-5.786,-4.798,-3.275,-0.287,-0.26,-0.23,-0.197,-0.163,-0.126,-0.088,-0.048,-0.007,0.035,0.079,0.123,0.406,0.701,0.997,1.283,1.811,2.267,2.652,2.973,3.241,3.464,3.651,4.245
314.0,317.0,5.478,-5.692,-4.688,-3.275,-0.189,-0.161,-0.13,-0.098,-0.063,-0.027,0.011,0.051,0.091,0.134,0.177,0.221,0.5,0.792,1.083,1.365,1.884,2.332,2.71,3.025,3.288,3.507,3.691,4.274
315.0,317.0,5.481,-5.616,-4.53,-3.275,-0.107,-0.078,-0.046,-0.012,0.024,0.061,0.1,0.141,0.182,0.225,0.269,0.313,0.594,0.885,1.173,1.452,1.963,2.403,2.774,3.083,3.34,3.554,3.734,4.304
316.0,317.0,5.441,-5.459,-5.685,-3.275,-0.021,-0.02,-0.015,-0.007,0.005,0.02,0.038,0.059,0.082,0.107,0.135,0.164,0.373,0.617,0.878,1.142,1.648,2.1,2.49,2.819,3.096,3.328,3.524,4.148
306.0,318.0,4.979,-5.35,-2.08,-3.275,-0.294,-0.217,-0.141,-0.066,0.008,0.081,0.153,0.224,0.294,0.363,0.43,0.497,0.877,1.22,1.529,1.807,2.278,2.655,2.957,3.2,3.398,3.561,3.695,4.117
307.0,318.0,4.824,-5.271,-2.184,-3.275,-0.373,-0.3,-0.228,-0.157,-0.087,-0.017,0.052,0.12,0.187,0.253,0.318,0.383,0.75,1.084,1.386,1.659,2.124,2.498,2.799,3.042,3.239,3.402,3.537,3.959
308.0,318.0,4.047,-4.36,-1.32,-3.275,-0.242,-0.171,-0.102,-0.033,0.034,0.099,0.164,0.227,0.289,0.35,0.41,0.468,0.796,1.087,1.345,1.573,1.955,2.254,2.492,2.682,2.836,2.961,3.064,3.387
309.0,318.0,4.139,-4.54,-1.781,-3.275,-0.336,-0.271,-0.207,-0.144,-0.081,-0.019,0.041,0.101,0.16,0.219,0.276,0.333,0.654,0.945,1.207,1.442,1.842,2.162,2.419,2.626,2.794,2.932,3.047,3.405
310.0,318.0,4.301,-4.814,-2.508,-3.275,-0.458,-0.403,-0.347,-0.292,-0.237,-0.182,-0.127,-0.073,-0.018,0.036,0.089,0.142,0.452,0.742,1.01,1.257,1.685,2.036,2.323,2.556,2.748,2.906,3.037,3.451
311.0,318.0,4.522,-4.946,-2.807,-3.275,-0.372,-0.32,-0.268,-0.216,-0.163,-0.11,-0.058,-0.005,0.048,0.1,0.153,0.205,0.511,0.802,1.075,1.326,1.768,2.133,2.433,2.678,2.88,3.046,3.185,3.623
312.0,318.0,5.285,-5.705,-3.654,-3.275,-0.37,-0.319,-0.268,-0.215,-0.162,-0.108,-0.054,0.001,0.056,0.111,0.167,0.223,0.555,0.879,1.186,1.475,1.987,2.416,2.771,3.064,3.305,3.505,3.672,4.199
313.0,318.0,5.457,-5.859,-4.425,-3.275,-0.367,-0.33,-0.29,-0.249,-0.207,-0.162,-0.117,-0.071,-0.023,0.025,0.074,0.124,0.432,0.744,1.05,1.342,1.874,2.327,2.707,3.023,3.285,3.503,3.685,4.263
314.0,318.0,5.462,-5.764,-4.323,-3.275,-0.267,-0.23,-0.19,-0.149,-0.107,-0.063,-0.018,0.029,0.076,0.124,0.172,0.222,0.526,0.834,1.135,1.423,1.946,2.391,2.764,3.074,3.331,3.545,3.724,4.291
315.0,318.0,5.467,-5.686,-4.181,-3.275,-0.182,-0.143,-0.103,-0.061,-0.017,0.028,0.073,0.12,0.168,0.216,0.265,0.315,0.619,0.926,1.224,1.508,2.023,2.461,2.827,3.131,3.383,3.592,3.767,4.322
316.0,318.0,5.384,-5.542,-5.143,-3.275,-0.146,-0.132,-0.114,-0.093,-0.07,-0.044,-0.016,0.014,0.046,0.079,0.115,0.151,0.395,0.661,0.936,1.207,1.717,2.164,2.545,2.865,3.133,3.357,3.545,4.144
317.0,318.0,5.107,-5.087,-5.804,-3.275,0.005,-0.005,-0.011,-0.012,-0.01,-0.005,0.004,0.016,0.031,0.048,0.068,0.09,0.259,0.471,0.707,0.95,1.425,1.857,2.231,2.55,2.818,3.044,3.234,3.843
307.0,319.0,4.875,-5.313,-2.094,-3.275,-0.362,-0.286,-0.212,-0.138,-0.065,0.007,0.078,0.148,0.217,0.285,0.352,0.418,0.794,1.134,1.441,1.716,2.184,2.559,2.86,3.102,3.299,3.461,3.595,4.015
308.0,319.0,4.094,-4.391,-1.198,-3.275,-0.221,-0.147,-0.075,-0.004,0.066,0.135,0.202,0.267,0.331,0.394,0.456,0.516,0.853,1.15,1.412,1.643,2.025,2.325,2.561,2.75,2.902,3.025,3.128,3.445
309.0,319.0,4.178,-4.576,-1.617,-3.275,-0.328,-0.259,-0.191,-0.124,-0.058,0.007,0.071,0.134,0.196,0.257,0.317,0.376,0.709,1.008,1.275,1.513,1.915,2.234,2.489,2.693,2.859,2.995,3.107,3.459
310.0,319.0,4.325,-4.859,-2.276,-3.275,-0.472,-0.41,-0.349,-0.289,-0.228,-0.169,-0.109,-0.051,0.008,0.065,0.122,0.179,0.504,0.804,1.079,1.329,1.76,2.109,2.392,2.622,2.81,2.965,3.094,3.497
311.0,319.0,4.542,-4.995,-2.564,-3.275,-0.395,-0.336,-0.278,-0.22,-0.162,-0.104,-0.047,0.01,0.067,0.123,0.18,0.235,0.558,0.86,1.139,1.395,1.839,2.203,2.499,2.741,2.939,3.102,3.238,3.665
312.0,319.0,5.303,-5.765,-3.428,-3.275,-0.406,-0.349,-0.292,-0.233,-0.175,-0.116,-0.057,0.002,0.061,0.121,0.18,0.239,0.588,0.923,1.238,1.531,2.047,2.476,2.828,3.118,3.356,3.553,3.717,4.236
313.0,319.0,5.455,-5.929,-4.114,-3.275,-0.43,-0.384,-0.337,-0.288,-0.239,-0.188,-0.136,-0.084,-0.031,0.022,0.076,0.131,0.46,0.787,1.102,1.4,1.935,2.387,2.763,3.074,3.331,3.545,3.724,4.289
314.0,319.0,5.46,-5.833,-4.018,-3.275,-0.329,-0.283,-0.236,-0.188,-0.138,-0.088,-0.037,0.015,0.068,0.121,0.174,0.228,0.554,0.876,1.186,1.48,2.006,2.45,2.819,3.124,3.377,3.587,3.762,4.316
315.0,319.0,5.467,-5.753,-3.89,-3.275,-0.241,-0.194,-0.146,-0.097,-0.047,0.004,0.056,0.108,0.161,0.214,0.267,0.321,0.646,0.967,1.274,1.563,2.082,2.518,2.881,3.18,3.428,3.633,3.805,4.348
316.0,319.0,5.348,-5.619,-4.686,-3.275,-0.247,-0.221,-0.192,-0.161,-0.128,-0.093,-0.056,-0.018,0.021,0.062,0.104,0.147,0.42,0.706,0.993,1.271,1.783,2.227,2.601,2.914,3.174,3.391,3.574,4.152
317.0,319.0,5.034,-5.17,-5.177,-3.275,-0.134,-0.129,-0.12,-0.108,-0.093,-0.075,-0.055,-0.033,-0.008,0.019,0.047,0.077,0.285,0.523,0.773,1.024,1.502,1.927,2.291,2.598,2.856,3.072,3.254,3.834
318.0,319.0,5.318,-5.314,-6.02,-3.275,-0.011,-0.02,-0.025,-0.026,-0.023,-0.017,-0.007,0.006,0.022,0.041,0.062,0.085,0.264,0.487,0.734,0.988,1.484,1.934,2.324,2.656,2.936,3.171,3.369,4.003
308.0,320.0,4.147,-4.421,-1.103,-3.275,-0.196,-0.119,-0.043,0.03,0.102,0.173,0.242,0.309,0.375,0.44,0.503,0.565,0.91,1.212,1.477,1.71,2.094,2.394,2.63,2.817,2.968,3.09,3.191,3.506
309.0,320.0,4.223,-4.611,-1.484,-3.275,-0.314,-0.241,-0.169,-0.099,-0.029,0.039,0.105,0.171,0.235,0.299,0.361,0.422,0.764,1.069,1.34,1.581,1.985,2.304,2.557,2.76,2.924,3.059,3.169,3.516
310.0,320.0,4.359,-4.901,-2.086,-3.275,-0.475,-0.408,-0.343,-0.277,-0.213,-0.149,-0.086,-0.024,0.038,0.099,0.159,0.218,0.556,0.866,1.146,1.399,1.832,2.181,2.462,2.689,2.874,3.026,3.152,3.548
311.0,320.0,4.571,-5.041,-2.364,-3.275,-0.406,-0.342,-0.279,-0.216,-0.154,-0.092,-0.03,0.031,0.091,0.151,0.21,0.269,0.606,0.917,1.202,1.462,1.909,2.271,2.565,2.804,2.999,3.159,3.293,3.711
312.0,320.0,5.33,-5.823,-3.244,-3.275,-0.431,-0.369,-0.307,-0.244,-0.181,-0.118,-0.055,0.008,0.071,0.134,0.196,0.258,0.622,0.967,1.288,1.585,2.105,2.534,2.885,3.172,3.408,3.603,3.766,4.277
313.0,320.0,5.465,-5.994,-3.857,-3.275,-0.478,-0.425,-0.371,-0.316,-0.261,-0.204,-0.147,-0.09,-0.033,0.025,0.084,0.142,0.49,0.83,1.153,1.456,1.994,2.446,2.819,3.126,3.38,3.591,3.766,4.321
314.0,320.0,5.47,-5.897,-3.766,-3.275,-0.376,-0.323,-0.27,-0.215,-0.16,-0.104,-0.048,0.009,0.066,0.123,0.181,0.239,0.583,0.918,1.236,1.534,2.064,2.507,2.874,3.176,3.425,3.631,3.804,4.348
315.0,320.0,5.479,-5.816,-3.65,-3.275,-0.285,-0.232,-0.178,-0.123,-0.067,-0.011,0.046,0.102,0.16,0.217,0.275,0.332,0.675,1.007,1.322,1.616,2.138,2.574,2.934,3.231,3.475,3.678,3.847,4.38
316.0,320.0,5.329,-5.691,-4.302,-3.275,-0.327,-0.291,-0.252,-0.213,-0.171,-0.129,-0.085,-0.039,0.007,0.054,0.101,0.15,0.448,0.752,1.048,1.332,1.848,2.289,2.658,2.964,3.219,3.431,3.608,4.17
317.0,320.0,4.984,-5.247,-4.646,-3.275,-0.246,-0.228,-0.206,-0.182,-0.156,-0.128,-0.098,-0.067,-0.033,0.001,0.037,0.075,0.316,0.575,0.839,1.097,1.577,1.997,2.352,2.65,2.899,3.107,3.282,3.837
318.0,320.0,5.246,-5.4,-5.402,-3.275,-0.153,-0.147,-0.138,-0.125,-0.109,-0.091,-0.069,-0.046,-0.02,0.008,0.038,0.069,0.287,0.535,0.797,1.059,1.558,2.001,2.382,2.703,2.972,3.197,3.387,3.992
319.0,320.0,4.824,-4.636,-6.216,-3.275,0.153,0.124,0.099,0.08,0.066,0.055,0.049,0.046,0.047,0.051,0.058,0.068,0.176,0.342,0.542,0.759,1.199,1.609,1.972,2.283,2.547,2.77,2.959,3.565
309.0,321.0,4.274,-4.644,-1.379,-3.275,-0.293,-0.217,-0.142,-0.069,0.003,0.073,0.142,0.21,0.276,0.341,0.405,0.468,0.819,1.129,1.404,1.648,2.053,2.372,2.625,2.827,2.99,3.123,3.232,3.575
310.0,321.0,4.4,-4.941,-1.932,-3.275,-0.469,-0.399,-0.329,-0.26,-0.192,-0.125,-0.058,0.007,0.071,0.135,0.197,0.259,0.609,0.926,1.211,1.467,1.902,2.251,2.53,2.755,2.938,3.088,3.213,3.602
311.0,321.0,4.608,-5.085,-2.201,-3.275,-0.408,-0.34,-0.273,-0.206,-0.139,-0.074,-0.009,0.055,0.119,0.181,0.243,0.304,0.654,0.973,1.264,1.526,1.976,2.338,2.63,2.867,3.06,3.218,3.35,3.762
312.0,321.0,5.364,-5.879,-3.095,-3.275,-0.448,-0.381,-0.314,-0.247,-0.18,-0.114,-0.047,0.019,0.085,0.15,0.215,0.28,0.656,1.009,1.337,1.637,2.161,2.59,2.941,3.227,3.461,3.655,3.816,4.323
313.0,321.0,5.485,-6.057,-3.646,-3.275,-0.514,-0.455,-0.395,-0.335,-0.274,-0.213,-0.152,-0.09,-0.029,0.033,0.095,0.156,0.521,0.872,1.202,1.509,2.052,2.503,2.874,3.18,3.431,3.639,3.812,4.359
314.0,321.0,5.49,-5.959,-3.559,-3.275,-0.411,-0.353,-0.294,-0.234,-0.174,-0.113,-0.052,0.009,0.07,0.131,0.192,0.253,0.613,0.959,1.284,1.586,2.12,2.563,2.928,3.228,3.474,3.678,3.849,4.385
315.0,321.0,5.5,-5.877,-3.453,-3.275,-0.319,-0.26,-0.2,-0.14,-0.08,-0.019,0.042,0.103,0.164,0.225,0.285,0.346,0.704,1.047,1.369,1.667,2.193,2.629,2.988,3.282,3.524,3.724,3.891,4.417
316.0,321.0,5.325,-5.758,-3.981,-3.275,-0.389,-0.345,-0.298,-0.251,-0.202,-0.153,-0.103,-0.052,-0.0,0.052,0.105,0.158,0.479,0.796,1.103,1.392,1.911,2.35,2.715,3.017,3.266,3.474,3.647,4.195
317.0,321.0,4.955,-5.317,-4.198,-3.275,-0.335,-0.304,-0.272,-0.239,-0.203,-0.166,-0.128,-0.088,-0.048,-0.006,0.036,0.08,0.35,0.628,0.902,1.167,1.65,2.065,2.414,2.705,2.946,3.147,3.316,3.85
318.0,321.0,5.196,-5.48,-4.879,-3.275,-0.267,-0.248,-0.227,-0.202,-0.176,-0.147,-0.116,-0.083,-0.049,-0.013,0.024,0.063,0.314,0.584,0.858,1.128,1.63,2.068,2.44,2.752,3.013,3.23,3.413,3.994
319.0,321.0,4.722,-4.723,-5.457,-3.275,-0.016,-0.027,-0.034,-0.036,-0.036,-0.032,-0.024,-0.014,-0.002,0.013,0.031,0.051,0.204,0.4,0.617,0.842,1.284,1.686,2.035,2.333,2.583,2.794,2.972,3.541
320.0,321.0,3.895,-3.841,-5.139,-3.275,0.026,0.002,-0.018,-0.034,-0.046,-0.054,-0.059,-0.061,-0.06,-0.057,-0.051,-0.043,0.047,0.185,0.351,0.531,0.895,1.235,1.535,1.793,2.012,2.196,2.352,2.853
310.0,322.0,4.448,-4.98,-1.809,-3.275,-0.457,-0.382,-0.309,-0.237,-0.166,-0.096,-0.027,0.041,0.107,0.173,0.238,0.301,0.661,0.984,1.274,1.533,1.971,2.319,2.597,2.821,3.003,3.151,3.275,3.66
311.0,322.0,4.651,-5.127,-2.07,-3.275,-0.403,-0.331,-0.26,-0.189,-0.12,-0.051,0.016,0.083,0.149,0.214,0.278,0.342,0.701,1.028,1.323,1.589,2.041,2.403,2.695,2.93,3.121,3.278,3.408,3.816
312.0,322.0,5.406,-5.933,-2.978,-3.275,-0.457,-0.386,-0.316,-0.245,-0.175,-0.106,-0.036,0.033,0.101,0.169,0.236,0.303,0.69,1.051,1.384,1.688,2.215,2.646,2.996,3.282,3.515,3.708,3.868,4.372
313.0,322.0,5.515,-6.118,-3.474,-3.275,-0.539,-0.475,-0.411,-0.346,-0.281,-0.216,-0.151,-0.086,-0.021,0.044,0.109,0.174,0.553,0.913,1.25,1.561,2.108,2.559,2.93,3.233,3.483,3.689,3.86,4.402
314.0,322.0,5.519,-6.019,-3.391,-3.275,-0.437,-0.373,-0.309,-0.245,-0.181,-0.116,-0.051,0.013,0.077,0.142,0.206,0.269,0.644,0.999,1.33,1.637,2.175,2.619,2.982,3.28,3.525,3.727,3.896,4.427
315.0,322.0,5.53,-5.936,-3.294,-3.275,-0.343,-0.279,-0.215,-0.15,-0.086,-0.021,0.043,0.107,0.172,0.236,0.299,0.363,0.734,1.086,1.414,1.717,2.246,2.683,3.041,3.333,3.574,3.772,3.938,4.459
316.0,322.0,5.334,-5.822,-3.715,-3.275,-0.437,-0.385,-0.332,-0.278,-0.223,-0.168,-0.113,-0.056,-0.0,0.057,0.113,0.17,0.511,0.841,1.155,1.449,1.972,2.41,2.772,3.07,3.316,3.52,3.69,4.227
317.0,322.0,4.941,-5.382,-3.821,-3.275,-0.403,-0.363,-0.322,-0.279,-0.236,-0.191,-0.146,-0.1,-0.053,-0.005,0.043,0.091,0.386,0.68,0.965,1.235,1.721,2.133,2.476,2.761,2.996,3.192,3.355,3.873
318.0,322.0,5.167,-5.553,-4.439,-3.275,-0.359,-0.328,-0.296,-0.262,-0.226,-0.188,-0.149,-0.108,-0.067,-0.024,0.02,0.064,0.344,0.633,0.919,1.194,1.7,2.134,2.5,2.805,3.058,3.269,3.446,4.007
319.0,322.0,4.648,-4.801,-4.811,-3.275,-0.151,-0.146,-0.138,-0.127,-0.113,-0.097,-0.078,-0.057,-0.034,-0.01,0.017,0.045,0.238,0.458,0.691,0.924,1.368,1.762,2.1,2.386,2.625,2.826,2.995,3.533
320.0,322.0,3.802,-3.913,-4.378,-3.275,-0.121,-0.127,-0.129,-0.129,-0.126,-0.12,-0.112,-0.101,-0.089,-0.075,-0.058,-0.041,0.094,0.26,0.442,0.63,0.995,1.325,1.611,1.854,2.059,2.231,2.376,2.84
321.0,322.0,3.238,-3.191,-3.712,-3.275,0.036,0.028,0.023,0.021,0.021,0.023,0.027,0.034,0.042,0.052,0.063,0.076,0.179,0.31,0.456,0.609,0.907,1.179,1.416,1.617,1.787,1.93,2.051,2.437
311.0,323.0,4.701,-5.168,-1.967,-3.275,-0.391,-0.316,-0.242,-0.169,-0.097,-0.025,0.045,0.114,0.182,0.249,0.315,0.38,0.749,1.081,1.381,1.649,2.104,2.467,2.758,2.992,3.183,3.339,3.468,3.873
312.0,323.0,5.453,-5.986,-2.887,-3.275,-0.459,-0.386,-0.312,-0.239,-0.166,-0.094,-0.022,0.049,0.12,0.19,0.259,0.328,0.724,1.092,1.429,1.737,2.268,2.7,3.051,3.336,3.569,3.762,3.921,4.423
313.0,323.0,5.552,-6.177,-3.337,-3.275,-0.557,-0.488,-0.42,-0.351,-0.282,-0.214,-0.145,-0.077,-0.009,0.059,0.126,0.193,0.584,0.953,1.296,1.611,2.162,2.614,2.985,3.287,3.535,3.74,3.911,4.448
314.0,323.0,5.556,-6.077,-3.257,-3.275,-0.454,-0.386,-0.318,-0.25,-0.182,-0.114,-0.046,0.021,0.089,0.156,0.222,0.288,0.674,1.038,1.375,1.686,2.227,2.672,3.036,3.333,3.577,3.778,3.945,4.472
315.0,323.0,5.567,-5.993,-3.167,-3.275,-0.358,-0.291,-0.223,-0.155,-0.087,-0.019,0.048,0.116,0.183,0.249,0.316,0.381,0.764,1.124,1.458,1.764,2.298,2.736,3.093,3.385,3.624,3.822,3.986,4.504
316.0,323.0,5.354,-5.883,-3.496,-3.275,-0.472,-0.414,-0.355,-0.296,-0.236,-0.176,-0.115,-0.055,0.005,0.066,0.126,0.187,0.543,0.885,1.207,1.505,2.032,2.469,2.829,3.124,3.367,3.568,3.736,4.265
317.0,323.0,4.943,-5.443,-3.507,-3.275,-0.454,-0.406,-0.357,-0.307,-0.257,-0.206,-0.154,-0.102,-0.05,0.003,0.055,0.108,0.425,0.733,1.026,1.301,1.79,2.2,2.539,2.818,3.049,3.24,3.4,3.904
318.0,323.0,5.154,-5.622,-4.069,-3.275,-0.43,-0.39,-0.349,-0.306,-0.262,-0.216,-0.17,-0.123,-0.075,-0.026,0.023,0.072,0.377,0.682,0.978,1.259,1.768,2.199,2.56,2.859,3.106,3.312,3.484,4.029
319.0,323.0,4.598,-4.873,-4.263,-3.275,-0.258,-0.24,-0.219,-0.196,-0.171,-0.144,-0.115,-0.085,-0.053,-0.021,0.013,0.049,0.275,0.518,0.763,1.003,1.449,1.837,2.166,2.442,2.672,2.864,3.025,3.538
320.0,323.0,3.736,-3.977,-3.73,-3.275,-0.234,-0.224,-0.213,-0.198,-0.182,-0.165,-0.145,-0.124,-0.102,-0.078,-0.053,-0.027,0.145,0.336,0.532,0.727,1.092,1.414,1.689,1.919,2.112,2.274,2.409,2.842
321.0,323.0,3.169,-3.246,-3.042,-3.275,-0.071,-0.063,-0.053,-0.042,-0.029,-0.014,0.002,0.019,0.037,0.057,0.077,0.098,0.239,0.395,0.555,0.714,1.012,1.275,1.499,1.687,1.844,1.976,2.087,2.439
322.0,323.0,3.619,-3.579,-4.449,-3.275,0.021,0.006,-0.006,-0.014,-0.019,-0.021,-0.021,-0.018,-0.012,-0.005,0.005,0.016,0.117,0.256,0.416,0.585,0.922,1.232,1.504,1.737,1.933,2.099,2.239,2.687
312.0,324.0,5.505,-6.039,-2.82,-3.275,-0.457,-0.381,-0.305,-0.229,-0.154,-0.08,-0.006,0.067,0.14,0.212,0.283,0.353,0.758,1.131,1.473,1.784,2.319,2.753,3.105,3.39,3.624,3.816,3.976,4.477
313.0,324.0,5.596,-6.234,-3.23,-3.275,-0.567,-0.495,-0.423,-0.351,-0.279,-0.207,-0.136,-0.065,0.005,0.076,0.145,0.214,0.616,0.992,1.34,1.659,2.214,2.668,3.039,3.341,3.588,3.793,3.963,4.497
314.0,324.0,5.599,-6.134,-3.153,-3.275,-0.464,-0.392,-0.321,-0.25,-0.179,-0.108,-0.037,0.033,0.102,0.172,0.241,0.309,0.705,1.076,1.419,1.733,2.279,2.725,3.089,3.386,3.629,3.829,3.996,4.521
315.0,324.0,5.61,-6.049,-3.068,-3.275,-0.368,-0.296,-0.225,-0.154,-0.083,-0.013,0.057,0.127,0.196,0.265,0.334,0.401,0.794,1.161,1.5,1.81,2.348,2.787,3.145,3.437,3.676,3.873,4.036,4.552
316.0,324.0,5.382,-5.942,-3.318,-3.275,-0.496,-0.433,-0.369,-0.305,-0.241,-0.177,-0.113,-0.049,0.015,0.079,0.143,0.206,0.577,0.928,1.256,1.559,2.089,2.527,2.886,3.179,3.42,3.619,3.785,4.308
317.0,324.0,4.956,-5.501,-3.246,-3.275,-0.49,-0.435,-0.38,-0.324,-0.268,-0.211,-0.155,-0.098,-0.041,0.016,0.073,0.129,0.464,0.784,1.085,1.365,1.857,2.265,2.601,2.877,3.104,3.291,3.448,3.941
318.0,324.0,5.155,-5.686,-3.76,-3.275,-0.484,-0.436,-0.387,-0.337,-0.286,-0.234,-0.182,-0.129,-0.076,-0.022,0.032,0.086,0.411,0.73,1.035,1.322,1.833,2.263,2.62,2.914,3.157,3.358,3.527,4.059
319.0,324.0,4.568,-4.937,-3.8,-3.275,-0.341,-0.311,-0.279,-0.246,-0.211,-0.176,-0.138,-0.1,-0.061,-0.021,0.019,0.06,0.316,0.577,0.834,1.08,1.528,1.912,2.233,2.501,2.723,2.908,3.063,3.554
320.0,324.0,3.693,-4.034,-3.18,-3.275,-0.32,-0.297,-0.272,-0.247,-0.22,-0.191,-0.162,-0.132,-0.101,-0.07,-0.037,-0.005,0.201,0.412,0.62,0.821,1.187,1.502,1.767,1.987,2.17,2.323,2.45,2.856
321.0,324.0,3.123,-3.293,-2.471,-3.275,-0.149,-0.128,-0.105,-0.082,-0.058,-0.033,-0.007,0.019,0.046,0.074,0.101,0.13,0.303,0.479,0.651,0.816,1.114,1.369,1.582,1.759,1.906,2.028,2.13,2.454
322.0,324.0,3.539,-3.643,-3.74,-3.275,-0.105,-0.103,-0.099,-0.092,-0.083,-0.072,-0.06,-0.045,-0.029,-0.011,0.008,0.028,0.17,0.335,0.51,0.686,1.023,1.324,1.583,1.802,1.985,2.139,2.269,2.682
323.0,324.0,3.479,-3.448,-4.163,-3.275,0.016,0.004,-0.004,-0.01,-0.013,-0.013,-0.01,-0.005,0.001,0.01,0.021,0.033,0.136,0.274,0.43,0.593,0.917,1.214,1.473,1.694,1.881,2.038,2.171,2.596
313.0,325.0,5.645,-6.291,-3.149,-3.275,-0.571,-0.496,-0.421,-0.346,-0.272,-0.198,-0.124,-0.051,0.022,0.094,0.165,0.236,0.647,1.03,1.383,1.705,2.264,2.721,3.092,3.395,3.642,3.846,4.016,4.549
314.0,325.0,5.647,-6.189,-3.073,-3.275,-0.468,-0.394,-0.32,-0.246,-0.172,-0.099,-0.026,0.046,0.118,0.19,0.26,0.33,0.736,1.113,1.461,1.778,2.328,2.777,3.141,3.438,3.681,3.882,4.048,4.572
315.0,325.0,5.658,-6.104,-2.994,-3.275,-0.371,-0.297,-0.223,-0.15,-0.077,-0.004,0.069,0.141,0.212,0.283,0.353,0.422,0.824,1.197,1.541,1.854,2.396,2.837,3.196,3.488,3.727,3.924,4.088,4.602
316.0,325.0,5.419,-5.998,-3.175,-3.275,-0.512,-0.444,-0.376,-0.309,-0.241,-0.173,-0.105,-0.038,0.029,0.095,0.162,0.227,0.61,0.97,1.304,1.611,2.145,2.584,2.942,3.234,3.473,3.671,3.836,4.354
317.0,325.0,4.98,-5.556,-3.032,-3.275,-0.515,-0.454,-0.393,-0.332,-0.271,-0.209,-0.148,-0.087,-0.027,0.034,0.094,0.154,0.504,0.835,1.143,1.426,1.922,2.33,2.663,2.936,3.16,3.345,3.499,3.983
318.0,325.0,5.169,-5.747,-3.505,-3.275,-0.524,-0.469,-0.414,-0.358,-0.301,-0.244,-0.186,-0.128,-0.071,-0.013,0.045,0.103,0.447,0.778,1.091,1.382,1.897,2.326,2.68,2.97,3.21,3.408,3.573,4.095
319.0,325.0,4.555,-4.997,-3.411,-3.275,-0.404,-0.364,-0.323,-0.281,-0.238,-0.194,-0.15,-0.105,-0.059,-0.014,0.033,0.079,0.36,0.637,0.903,1.154,1.605,1.985,2.301,2.561,2.777,2.956,3.106,3.579
320.0,325.0,3.67,-4.084,-2.715,-3.275,-0.381,-0.347,-0.312,-0.276,-0.24,-0.203,-0.166,-0.128,-0.09,-0.052,-0.013,0.026,0.259,0.487,0.706,0.912,1.28,1.589,1.845,2.057,2.231,2.376,2.498,2.881
321.0,325.0,3.098,-3.334,-1.987,-3.275,-0.203,-0.17,-0.137,-0.104,-0.07,-0.036,-0.002,0.032,0.066,0.101,0.135,0.169,0.371,0.564,0.746,0.915,1.214,1.462,1.666,1.833,1.971,2.085,2.18,2.48
322.0,325.0,3.485,-3.699,-3.138,-3.275,-0.2,-0.184,-0.166,-0.147,-0.126,-0.104,-0.081,-0.056,-0.031,-0.005,0.022,0.05,0.227,0.414,0.602,0.784,1.122,1.415,1.663,1.87,2.042,2.186,2.307,2.691
323.0,325.0,3.404,-3.508,-3.472,-3.275,-0.102,-0.097,-0.09,-0.082,-0.071,-0.058,-0.044,-0.028,-0.01,0.008,0.028,0.049,0.192,0.355,0.525,0.696,1.02,1.307,1.553,1.761,1.935,2.081,2.203,2.594
324.0,325.0,3.145,-3.093,-3.739,-3.275,0.038,0.028,0.02,0.015,0.012,0.012,0.014,0.019,0.025,0.032,0.042,0.053,0.145,0.268,0.408,0.555,0.846,1.112,1.344,1.543,1.71,1.852,1.971,2.353
314.0,326.0,5.699,-6.244,-3.016,-3.275,-0.468,-0.391,-0.314,-0.238,-0.162,-0.087,-0.012,0.062,0.136,0.209,0.281,0.352,0.766,1.149,1.501,1.822,2.376,2.827,3.193,3.491,3.734,3.934,4.101,4.625
315.0,326.0,5.71,-6.158,-2.941,-3.275,-0.371,-0.294,-0.218,-0.142,-0.067,0.008,0.082,0.156,0.229,0.301,0.373,0.444,0.853,1.232,1.58,1.896,2.442,2.886,3.247,3.539,3.779,3.976,4.14,4.654
316.0,326.0,5.461,-6.054,-3.062,-3.275,-0.521,-0.449,-0.378,-0.307,-0.235,-0.165,-0.094,-0.024,0.045,0.114,0.182,0.25,0.644,1.012,1.351,1.661,2.199,2.639,2.997,3.289,3.527,3.724,3.888,4.403
317.0,326.0,5.013,-5.608,-2.857,-3.275,-0.529,-0.464,-0.398,-0.332,-0.267,-0.202,-0.137,-0.072,-0.008,0.056,0.119,0.181,0.545,0.885,1.199,1.486,1.985,2.393,2.725,2.995,3.217,3.4,3.552,4.03
318.0,326.0,5.192,-5.805,-3.295,-3.275,-0.553,-0.492,-0.431,-0.369,-0.307,-0.246,-0.184,-0.122,-0.06,0.002,0.063,0.124,0.484,0.826,1.145,1.441,1.959,2.388,2.74,3.027,3.264,3.46,3.623,4.136
319.0,326.0,4.557,-5.053,-3.085,-3.275,-0.448,-0.4,-0.351,-0.302,-0.252,-0.202,-0.151,-0.101,-0.05,0.001,0.052,0.103,0.405,0.696,0.971,1.227,1.68,2.057,2.368,2.623,2.834,3.008,3.153,3.612
320.0,326.0,3.663,-4.129,-2.323,-3.275,-0.423,-0.379,-0.335,-0.291,-0.247,-0.202,-0.158,-0.114,-0.069,-0.025,0.019,0.062,0.319,0.563,0.791,1.001,1.37,1.674,1.924,2.128,2.296,2.434,2.55,2.914
321.0,326.0,3.09,-3.369,-1.577,-3.275,-0.237,-0.194,-0.152,-0.11,-0.068,-0.026,0.015,0.055,0.096,0.136,0.175,0.215,0.44,0.648,0.839,1.012,1.311,1.553,1.75,1.909,2.039,2.147,2.236,2.516
322.0,326.0,3.451,-3.749,-2.627,-3.275,-0.27,-0.242,-0.212,-0.182,-0.151,-0.119,-0.087,-0.054,-0.021,0.012,0.046,0.08,0.287,0.493,0.692,0.88,1.219,1.505,1.743,1.94,2.104,2.239,2.353,2.711
323.0,326.0,3.354,-3.561,-2.884,-3.275,-0.19,-0.172,-0.152,-0.13,-0.108,-0.084,-0.06,-0.034,-0.008,0.019,0.046,0.075,0.252,0.436,0.619,0.795,1.12,1.399,1.634,1.83,1.994,2.13,2.244,2.606
324.0,326.0,3.072,-3.148,-3.046,-3.275,-0.072,-0.067,-0.059,-0.05,-0.039,-0.026,-0.012,0.003,0.019,0.037,0.056,0.075,0.207,0.355,0.509,0.662,0.953,1.209,1.428,1.613,1.768,1.897,2.006,2.353
325.0,326.0,3.079,-2.988,-4.0,-3.275,0.069,0.05,0.035,0.023,0.013,0.007,0.003,0.001,0.002,0.004,0.009,0.015,0.085,0.192,0.322,0.461,0.745,1.009,1.243,1.443,1.613,1.757,1.878,2.268
315.0,327.0,5.766,-6.211,-2.905,-3.275,-0.367,-0.288,-0.21,-0.132,-0.055,0.021,0.097,0.172,0.247,0.321,0.394,0.466,0.882,1.266,1.617,1.937,2.487,2.934,3.296,3.59,3.83,4.028,4.192,4.708
316.0,327.0,5.51,-6.108,-2.976,-3.275,-0.523,-0.449,-0.374,-0.3,-0.227,-0.153,-0.081,-0.008,0.063,0.134,0.205,0.275,0.678,1.052,1.396,1.709,2.251,2.693,3.052,3.343,3.582,3.779,3.942,4.456
317.0,327.0,5.053,-5.659,-2.717,-3.275,-0.536,-0.465,-0.396,-0.326,-0.257,-0.189,-0.121,-0.053,0.014,0.08,0.146,0.211,0.586,0.934,1.253,1.544,2.046,2.454,2.785,3.055,3.275,3.456,3.607,4.081
318.0,327.0,5.225,-5.861,-3.125,-3.275,-0.571,-0.505,-0.439,-0.373,-0.307,-0.241,-0.176,-0.11,-0.045,0.02,0.084,0.148,0.521,0.872,1.198,1.497,2.02,2.449,2.799,3.085,3.319,3.513,3.674,4.182
319.0,327.0,4.571,-5.104,-2.814,-3.275,-0.479,-0.423,-0.368,-0.312,-0.256,-0.201,-0.145,-0.089,-0.034,0.021,0.076,0.131,0.451,0.754,1.037,1.297,1.752,2.128,2.435,2.686,2.892,3.063,3.205,3.652
320.0,327.0,3.671,-4.17,-1.993,-3.275,-0.447,-0.395,-0.344,-0.293,-0.242,-0.191,-0.141,-0.091,-0.041,0.008,0.056,0.104,0.381,0.638,0.873,1.087,1.457,1.758,2.002,2.2,2.362,2.496,2.607,2.955
321.0,327.0,3.096,-3.4,-1.232,-3.275,-0.253,-0.202,-0.152,-0.103,-0.054,-0.006,0.041,0.087,0.133,0.178,0.222,0.265,0.511,0.732,0.93,1.107,1.405,1.643,1.833,1.986,2.11,2.211,2.295,2.558
322.0,327.0,3.436,-3.792,-2.194,-3.275,-0.317,-0.279,-0.239,-0.2,-0.161,-0.121,-0.081,-0.041,-0.001,0.038,0.078,0.117,0.35,0.572,0.78,0.973,1.312,1.593,1.824,2.013,2.168,2.297,2.404,2.742
323.0,327.0,3.324,-3.607,-2.386,-3.275,-0.253,-0.223,-0.192,-0.16,-0.128,-0.095,-0.062,-0.028,0.006,0.04,0.074,0.108,0.315,0.517,0.711,0.892,1.217,1.49,1.716,1.902,2.057,2.184,2.291,2.629
324.0,327.0,3.023,-3.195,-2.457,-3.275,-0.153,-0.134,-0.113,-0.092,-0.069,-0.046,-0.022,0.003,0.028,0.054,0.08,0.107,0.273,0.442,0.608,0.767,1.057,1.305,1.513,1.686,1.83,1.95,2.05,2.368
325.0,327.0,2.994,-3.045,-3.252,-3.275,-0.055,-0.056,-0.055,-0.052,-0.046,-0.039,-0.031,-0.02,-0.009,0.005,0.019,0.035,0.147,0.281,0.425,0.572,0.855,1.109,1.328,1.514,1.67,1.801,1.911,2.263
326.0,327.0,3.25,-3.147,-3.899,-3.275,0.086,0.073,0.064,0.057,0.052,0.051,0.051,0.054,0.059,0.066,0.075,0.085,0.174,0.296,0.437,0.586,0.882,1.155,1.394,1.598,1.77,1.916,2.039,2.432
316.0,328.0,5.563,-6.161,-2.913,-3.275,-0.521,-0.444,-0.367,-0.29,-0.215,-0.139,-0.064,0.01,0.083,0.156,0.228,0.299,0.71,1.091,1.439,1.756,2.302,2.746,3.105,3.398,3.636,3.833,3.997,4.51
317.0,328.0,5.099,-5.708,-2.606,-3.275,-0.535,-0.461,-0.388,-0.316,-0.244,-0.172,-0.102,-0.031,0.038,0.106,0.174,0.241,0.627,0.982,1.306,1.6,2.105,2.514,2.845,3.114,3.333,3.514,3.664,4.134
318.0,328.0,5.265,-5.915,-2.989,-3.275,-0.581,-0.511,-0.441,-0.371,-0.302,-0.232,-0.164,-0.095,-0.027,0.04,0.107,0.174,0.558,0.918,1.249,1.552,2.078,2.508,2.857,3.142,3.376,3.568,3.728,4.231
319.0,328.0,4.595,-5.153,-2.59,-3.275,-0.497,-0.435,-0.374,-0.313,-0.253,-0.192,-0.132,-0.072,-0.013,0.046,0.105,0.163,0.499,0.812,1.101,1.365,1.823,2.197,2.501,2.749,2.952,3.12,3.259,3.697
320.0,328.0,3.69,-4.207,-1.718,-3.275,-0.457,-0.399,-0.341,-0.284,-0.227,-0.171,-0.116,-0.061,-0.007,0.046,0.098,0.15,0.444,0.712,0.954,1.171,1.542,1.84,2.08,2.273,2.43,2.56,2.667,3.003
321.0,328.0,3.114,-3.427,-0.942,-3.275,-0.254,-0.196,-0.14,-0.085,-0.03,0.023,0.075,0.126,0.176,0.225,0.273,0.32,0.583,0.815,1.019,1.199,1.497,1.731,1.916,2.063,2.182,2.279,2.358,2.607
322.0,328.0,3.437,-3.831,-1.83,-3.275,-0.346,-0.299,-0.251,-0.204,-0.157,-0.111,-0.065,-0.019,0.027,0.072,0.116,0.16,0.415,0.651,0.867,1.064,1.404,1.68,1.904,2.086,2.235,2.358,2.46,2.78
323.0,328.0,3.312,-3.647,-1.964,-3.275,-0.295,-0.254,-0.214,-0.173,-0.133,-0.092,-0.051,-0.011,0.029,0.069,0.109,0.149,0.38,0.598,0.801,0.987,1.312,1.579,1.798,1.976,2.122,2.243,2.344,2.661
324.0,328.0,2.995,-3.235,-1.956,-3.275,-0.209,-0.178,-0.146,-0.114,-0.082,-0.05,-0.017,0.016,0.049,0.081,0.114,0.147,0.342,0.529,0.705,0.869,1.159,1.4,1.599,1.762,1.896,2.007,2.1,2.393
325.0,328.0,2.935,-3.094,-2.614,-3.275,-0.147,-0.133,-0.118,-0.101,-0.084,-0.065,-0.046,-0.025,-0.004,0.018,0.041,0.064,0.213,0.37,0.527,0.68,0.962,1.207,1.414,1.587,1.731,1.851,1.952,2.273
326.0,328.0,3.173,-3.204,-3.197,-3.275,-0.029,-0.026,-0.02,-0.012,-0.003,0.008,0.021,0.035,0.051,0.067,0.085,0.104,0.233,0.381,0.536,0.692,0.988,1.251,1.476,1.666,1.826,1.96,2.072,2.431
327.0,328.0,3.657,-3.549,-4.261,-3.275,0.092,0.081,0.072,0.067,0.065,0.065,0.068,0.073,0.081,0.09,0.101,0.114,0.222,0.364,0.525,0.693,1.026,1.331,1.597,1.824,2.016,2.178,2.314,2.75
317.0,329.0,5.151,-5.756,-2.521,-3.275,-0.528,-0.452,-0.376,-0.301,-0.226,-0.152,-0.079,-0.007,0.064,0.135,0.204,0.273,0.667,1.028,1.356,1.654,2.162,2.573,2.905,3.173,3.392,3.572,3.721,4.19
318.0,329.0,5.311,-5.968,-2.882,-3.275,-0.583,-0.51,-0.437,-0.364,-0.292,-0.22,-0.148,-0.077,-0.007,0.063,0.132,0.201,0.596,0.962,1.298,1.605,2.134,2.565,2.915,3.2,3.432,3.624,3.783,4.284
319.0,329.0,4.629,-5.2,-2.407,-3.275,-0.504,-0.438,-0.372,-0.307,-0.242,-0.177,-0.113,-0.05,0.013,0.075,0.136,0.197,0.546,0.869,1.163,1.431,1.892,2.265,2.567,2.813,3.013,3.178,3.315,3.746
320.0,329.0,3.72,-4.241,-1.49,-3.275,-0.456,-0.391,-0.328,-0.266,-0.204,-0.144,-0.084,-0.026,0.032,0.088,0.144,0.199,0.508,0.784,1.032,1.253,1.625,1.921,2.157,2.346,2.5,2.626,2.73,3.055
321.0,329.0,3.143,-3.451,-0.701,-3.275,-0.243,-0.18,-0.118,-0.057,0.002,0.059,0.116,0.171,0.225,0.277,0.328,0.378,0.655,0.896,1.105,1.288,1.587,1.818,1.998,2.141,2.255,2.348,2.424,2.661
322.0,329.0,3.45,-3.865,-1.524,-3.275,-0.36,-0.305,-0.25,-0.196,-0.143,-0.091,-0.039,0.011,0.062,0.111,0.16,0.208,0.481,0.728,0.952,1.152,1.493,1.765,1.984,2.16,2.304,2.422,2.519,2.825
323.0,329.0,3.315,-3.683,-1.608,-3.275,-0.319,-0.27,-0.221,-0.173,-0.125,-0.078,-0.031,0.015,0.061,0.106,0.151,0.195,0.447,0.678,0.889,1.079,1.404,1.667,1.879,2.051,2.191,2.306,2.401,2.701
324.0,329.0,2.985,-3.27,-1.532,-3.275,-0.244,-0.203,-0.162,-0.121,-0.08,-0.04,-0.0,0.039,0.079,0.117,0.156,0.194,0.413,0.615,0.8,0.968,1.258,1.493,1.684,1.839,1.965,2.069,2.156,2.427
325.0,329.0,2.898,-3.136,-2.071,-3.275,-0.212,-0.185,-0.158,-0.13,-0.102,-0.074,-0.045,-0.016,0.014,0.043,0.073,0.103,0.283,0.459,0.627,0.785,1.067,1.304,1.501,1.663,1.797,1.908,2.001,2.294
326.0,329.0,3.122,-3.253,-2.599,-3.275,-0.115,-0.098,-0.079,-0.058,-0.037,-0.015,0.008,0.032,0.056,0.081,0.107,0.133,0.297,0.466,0.633,0.795,1.091,1.345,1.56,1.738,1.886,2.01,2.114,2.442
327.0,329.0,3.582,-3.611,-3.581,-3.275,-0.027,-0.023,-0.016,-0.007,0.004,0.017,0.032,0.048,0.066,0.085,0.105,0.127,0.274,0.441,0.616,0.792,1.125,1.421,1.675,1.888,2.068,2.218,2.344,2.747
328.0,329.0,3.22,-3.087,-4.002,-3.275,0.113,0.097,0.083,0.073,0.066,0.061,0.059,0.059,0.062,0.066,0.073,0.081,0.159,0.274,0.409,0.554,0.846,1.117,1.355,1.56,1.733,1.879,2.002,2.398
318.0,330.0,5.362,-6.02,-2.801,-3.275,-0.581,-0.504,-0.428,-0.353,-0.278,-0.204,-0.13,-0.057,0.016,0.087,0.158,0.229,0.632,1.005,1.346,1.656,2.189,2.622,2.972,3.257,3.489,3.681,3.839,4.338
319.0,330.0,4.669,-5.244,-2.259,-3.275,-0.503,-0.433,-0.363,-0.294,-0.225,-0.157,-0.09,-0.024,0.041,0.106,0.17,0.233,0.594,0.924,1.224,1.495,1.958,2.332,2.633,2.876,3.075,3.238,3.374,3.799
320.0,330.0,3.758,-4.273,-1.302,-3.275,-0.444,-0.375,-0.307,-0.24,-0.175,-0.111,-0.048,0.014,0.075,0.134,0.193,0.25,0.571,0.856,1.109,1.332,1.706,2.0,2.233,2.419,2.57,2.693,2.794,3.111
321.0,330.0,3.18,-3.473,-0.5,-3.275,-0.222,-0.154,-0.088,-0.023,0.04,0.102,0.162,0.22,0.277,0.332,0.386,0.439,0.728,0.976,1.19,1.375,1.674,1.903,2.079,2.218,2.329,2.418,2.492,2.719
322.0,330.0,3.475,-3.897,-1.269,-3.275,-0.36,-0.298,-0.238,-0.179,-0.121,-0.064,-0.007,0.048,0.102,0.155,0.208,0.259,0.548,0.805,1.034,1.238,1.579,1.849,2.063,2.235,2.374,2.488,2.582,2.875
323.0,330.0,3.331,-3.715,-1.31,-3.275,-0.327,-0.271,-0.216,-0.161,-0.107,-0.054,-0.002,0.049,0.099,0.149,0.197,0.245,0.515,0.758,0.975,1.168,1.494,1.753,1.96,2.126,2.261,2.371,2.462,2.748
324.0,330.0,2.989,-3.3,-1.174,-3.275,-0.261,-0.211,-0.162,-0.114,-0.066,-0.019,0.027,0.072,0.117,0.16,0.204,0.246,0.485,0.701,0.893,1.065,1.355,1.585,1.769,1.917,2.036,2.135,2.216,2.47
325.0,330.0,2.881,-3.172,-1.611,-3.275,-0.254,-0.216,-0.179,-0.142,-0.105,-0.068,-0.031,0.005,0.042,0.078,0.114,0.149,0.355,0.547,0.725,0.887,1.169,1.4,1.588,1.741,1.866,1.969,2.055,2.326
326.0,330.0,3.091,-3.295,-2.092,-3.275,-0.176,-0.146,-0.116,-0.085,-0.054,-0.022,0.009,0.041,0.073,0.106,0.138,0.17,0.363,0.551,0.729,0.895,1.191,1.439,1.643,1.812,1.951,2.066,2.162,2.466
327.0,330.0,3.531,-3.666,-3.003,-3.275,-0.117,-0.099,-0.079,-0.058,-0.036,-0.012,0.013,0.039,0.065,0.092,0.12,0.149,0.33,0.518,0.706,0.887,1.222,1.51,1.753,1.956,2.124,2.265,2.383,2.757
328.0,330.0,3.138,-3.145,-3.276,-3.275,-0.008,-0.008,-0.005,-0.0,0.007,0.015,0.026,0.038,0.051,0.065,0.081,0.098,0.218,0.359,0.509,0.661,0.953,1.214,1.438,1.628,1.787,1.921,2.034,2.393
329.0,330.0,2.49,-2.394,-2.792,-3.275,0.088,0.082,0.078,0.076,0.076,0.078,0.081,0.086,0.092,0.099,0.107,0.117,0.194,0.292,0.402,0.516,0.74,0.944,1.122,1.273,1.401,1.508,1.599,1.888
319.0,331.0,4.717,-5.287,-2.141,-3.275,-0.496,-0.422,-0.348,-0.276,-0.204,-0.134,-0.064,0.005,0.073,0.14,0.206,0.271,0.642,0.978,1.283,1.557,2.023,2.397,2.697,2.94,3.137,3.299,3.434,3.855
320.0,331.0,3.804,-4.303,-1.149,-3.275,-0.424,-0.351,-0.279,-0.209,-0.14,-0.073,-0.007,0.058,0.121,0.183,0.244,0.303,0.635,0.926,1.183,1.409,1.784,2.077,2.308,2.492,2.64,2.761,2.861,3.171
321.0,331.0,3.224,-3.492,-0.335,-3.275,-0.193,-0.121,-0.05,0.018,0.084,0.149,0.212,0.273,0.332,0.39,0.447,0.501,0.8,1.055,1.272,1.459,1.759,1.986,2.159,2.295,2.403,2.49,2.561,2.78
322.0,331.0,3.509,-3.926,-1.058,-3.275,-0.349,-0.282,-0.217,-0.153,-0.091,-0.029,0.031,0.089,0.147,0.204,0.259,0.313,0.615,0.881,1.115,1.321,1.663,1.931,2.142,2.31,2.445,2.556,2.647,2.93
323.0,331.0,3.357,-3.744,-1.062,-3.275,-0.323,-0.261,-0.2,-0.14,-0.081,-0.023,0.033,0.088,0.143,0.196,0.248,0.299,0.584,0.836,1.059,1.255,1.582,1.838,2.04,2.202,2.332,2.438,2.526,2.799
324.0,331.0,3.006,-3.327,-0.874,-3.275,-0.263,-0.206,-0.15,-0.095,-0.042,0.01,0.062,0.112,0.161,0.209,0.256,0.302,0.559,0.785,0.984,1.159,1.449,1.675,1.853,1.995,2.109,2.202,2.279,2.518
325.0,331.0,2.879,-3.202,-1.222,-3.275,-0.276,-0.23,-0.184,-0.139,-0.094,-0.05,-0.006,0.036,0.078,0.12,0.161,0.201,0.429,0.636,0.821,0.987,1.269,1.494,1.674,1.82,1.938,2.035,2.115,2.366
326.0,331.0,3.078,-3.332,-1.662,-3.275,-0.214,-0.174,-0.135,-0.095,-0.055,-0.016,0.023,0.062,0.1,0.139,0.177,0.214,0.432,0.635,0.822,0.993,1.289,1.531,1.727,1.887,2.018,2.126,2.216,2.498
327.0,331.0,3.501,-3.713,-2.513,-3.275,-0.183,-0.153,-0.122,-0.09,-0.058,-0.025,0.008,0.042,0.076,0.11,0.145,0.179,0.389,0.596,0.794,0.981,1.315,1.597,1.831,2.025,2.185,2.317,2.428,2.779
328.0,331.0,3.082,-3.195,-2.657,-3.275,-0.099,-0.084,-0.067,-0.05,-0.031,-0.011,0.01,0.032,0.055,0.078,0.102,0.126,0.282,0.445,0.608,0.766,1.057,1.309,1.522,1.7,1.847,1.971,2.074,2.403
329.0,331.0,2.424,-2.436,-2.113,-3.275,-0.004,0.006,0.017,0.029,0.042,0.055,0.07,0.085,0.101,0.118,0.135,0.153,0.267,0.389,0.512,0.632,0.855,1.049,1.213,1.35,1.465,1.561,1.641,1.896
330.0,331.0,2.645,-2.529,-2.899,-3.275,0.109,0.104,0.1,0.099,0.1,0.103,0.107,0.113,0.12,0.128,0.138,0.148,0.232,0.337,0.454,0.575,0.811,1.026,1.212,1.371,1.505,1.617,1.712,2.016
320.0,332.0,3.855,-4.331,-1.026,-3.275,-0.398,-0.321,-0.246,-0.173,-0.102,-0.032,0.037,0.104,0.169,0.233,0.296,0.357,0.697,0.995,1.255,1.484,1.86,2.153,2.382,2.565,2.711,2.83,2.928,3.233
321.0,332.0,3.275,-3.51,-0.201,-3.275,-0.157,-0.081,-0.008,0.064,0.133,0.2,0.265,0.329,0.39,0.45,0.508,0.565,0.872,1.132,1.353,1.541,1.842,2.067,2.238,2.372,2.477,2.562,2.631,2.844
322.0,332.0,3.55,-3.952,-0.884,-3.275,-0.329,-0.258,-0.189,-0.121,-0.055,0.01,0.073,0.135,0.195,0.255,0.312,0.369,0.682,0.955,1.193,1.402,1.745,2.011,2.219,2.384,2.517,2.625,2.713,2.989
323.0,332.0,3.393,-3.77,-0.856,-3.275,-0.308,-0.241,-0.175,-0.111,-0.048,0.014,0.074,0.133,0.19,0.247,0.302,0.355,0.653,0.913,1.141,1.34,1.667,1.921,2.12,2.278,2.404,2.507,2.592,2.856
324.0,332.0,3.033,-3.349,-0.622,-3.275,-0.252,-0.189,-0.127,-0.068,-0.009,0.048,0.103,0.158,0.211,0.262,0.313,0.362,0.634,0.869,1.073,1.25,1.54,1.763,1.937,2.074,2.183,2.272,2.346,2.572
325.0,332.0,2.891,-3.229,-0.895,-3.275,-0.282,-0.228,-0.175,-0.123,-0.072,-0.022,0.027,0.075,0.122,0.168,0.213,0.258,0.505,0.723,0.915,1.084,1.366,1.587,1.761,1.899,2.011,2.103,2.178,2.413
326.0,332.0,3.08,-3.364,-1.299,-3.275,-0.235,-0.186,-0.138,-0.091,-0.045,0.001,0.047,0.092,0.136,0.179,0.222,0.264,0.503,0.719,0.914,1.088,1.384,1.621,1.811,1.964,2.088,2.19,2.274,2.539
327.0,332.0,3.489,-3.756,-2.099,-3.275,-0.227,-0.187,-0.147,-0.107,-0.066,-0.026,0.015,0.056,0.096,0.136,0.176,0.216,0.451,0.673,0.88,1.072,1.407,1.684,1.91,2.096,2.248,2.374,2.479,2.809
328.0,332.0,3.047,-3.237,-2.131,-3.275,-0.163,-0.136,-0.108,-0.079,-0.05,-0.02,0.01,0.04,0.071,0.101,0.132,0.163,0.349,0.531,0.704,0.868,1.159,1.404,1.606,1.774,1.912,2.026,2.122,2.424
329.0,332.0,2.382,-2.471,-1.534,-3.275,-0.067,-0.044,-0.02,0.003,0.027,0.051,0.076,0.1,0.125,0.149,0.174,0.198,0.345,0.486,0.621,0.746,0.967,1.152,1.305,1.43,1.534,1.62,1.691,1.917
330.0,332.0,2.58,-2.573,-2.231,-3.275,0.016,0.027,0.038,0.051,0.064,0.079,0.094,0.11,0.127,0.145,0.163,0.182,0.303,0.431,0.561,0.688,0.923,1.128,1.301,1.446,1.567,1.669,1.753,2.023
331.0,332.0,2.468,-2.339,-3.049,-3.275,0.114,0.101,0.091,0.083,0.077,0.073,0.071,0.071,0.073,0.076,0.08,0.086,0.145,0.231,0.334,0.443,0.665,0.87,1.051,1.206,1.338,1.449,1.542,1.843
321.0,333.0,3.33,-3.526,-0.093,-3.275,-0.115,-0.037,0.039,0.113,0.184,0.254,0.321,0.386,0.45,0.511,0.571,0.629,0.943,1.207,1.431,1.621,1.922,2.146,2.316,2.447,2.551,2.634,2.702,2.91
322.0,333.0,3.598,-3.977,-0.743,-3.275,-0.302,-0.227,-0.154,-0.083,-0.014,0.053,0.119,0.184,0.247,0.308,0.368,0.426,0.748,1.027,1.27,1.48,1.825,2.089,2.296,2.458,2.589,2.694,2.781,3.051
323.0,333.0,3.436,-3.794,-0.686,-3.275,-0.285,-0.213,-0.143,-0.075,-0.009,0.056,0.12,0.181,0.241,0.3,0.358,0.414,0.722,0.989,1.221,1.422,1.75,2.002,2.198,2.353,2.477,2.577,2.66,2.916
324.0,333.0,3.07,-3.37,-0.414,-3.275,-0.23,-0.162,-0.096,-0.032,0.03,0.091,0.151,0.208,0.264,0.319,0.372,0.424,0.708,0.951,1.16,1.339,1.629,1.85,2.019,2.153,2.258,2.344,2.414,2.63
325.0,333.0,2.915,-3.252,-0.62,-3.275,-0.275,-0.214,-0.155,-0.097,-0.041,0.014,0.068,0.121,0.172,0.222,0.27,0.318,0.581,0.809,1.007,1.179,1.461,1.677,1.846,1.98,2.086,2.173,2.244,2.465
326.0,333.0,3.095,-3.392,-0.994,-3.275,-0.24,-0.184,-0.129,-0.076,-0.023,0.028,0.079,0.129,0.177,0.225,0.272,0.318,0.575,0.802,1.003,1.181,1.477,1.71,1.894,2.041,2.16,2.256,2.336,2.586
327.0,333.0,3.491,-3.794,-1.75,-3.275,-0.254,-0.205,-0.157,-0.109,-0.062,-0.015,0.032,0.078,0.124,0.17,0.214,0.259,0.514,0.749,0.965,1.16,1.496,1.768,1.989,2.168,2.314,2.434,2.534,2.848
328.0,333.0,3.031,-3.274,-1.686,-3.275,-0.205,-0.167,-0.129,-0.091,-0.053,-0.016,0.022,0.059,0.097,0.134,0.17,0.207,0.418,0.616,0.799,0.967,1.258,1.496,1.691,1.849,1.979,2.086,2.175,2.455
329.0,333.0,2.359,-2.499,-1.041,-3.275,-0.106,-0.071,-0.037,-0.004,0.03,0.062,0.095,0.127,0.159,0.19,0.221,0.251,0.425,0.584,0.727,0.856,1.077,1.254,1.397,1.512,1.606,1.683,1.747,1.948
330.0,333.0,2.539,-2.61,-1.662,-3.275,-0.048,-0.025,-0.001,0.023,0.048,0.073,0.098,0.123,0.148,0.174,0.199,0.225,0.377,0.526,0.666,0.798,1.033,1.229,1.391,1.525,1.635,1.726,1.802,2.043
331.0,333.0,2.392,-2.384,-2.323,-3.275,0.01,0.014,0.02,0.026,0.034,0.044,0.054,0.065,0.078,0.091,0.104,0.119,0.218,0.33,0.446,0.562,0.782,0.977,1.143,1.283,1.401,1.499,1.582,1.846
332.0,333.0,2.556,-2.414,-3.181,-3.275,0.125,0.111,0.099,0.09,0.084,0.079,0.077,0.076,0.078,0.08,0.085,0.091,0.149,0.238,0.343,0.456,0.685,0.897,1.085,1.246,1.382,1.497,1.595,1.907
322.0,334.0,3.652,-4.0,-0.63,-3.275,-0.268,-0.191,-0.115,-0.042,0.03,0.1,0.168,0.235,0.3,0.363,0.424,0.484,0.814,1.099,1.344,1.557,1.902,2.166,2.371,2.532,2.66,2.765,2.85,3.115
323.0,334.0,3.485,-3.816,-0.549,-3.275,-0.254,-0.179,-0.106,-0.034,0.035,0.103,0.168,0.233,0.295,0.356,0.415,0.473,0.791,1.063,1.298,1.501,1.831,2.082,2.276,2.428,2.55,2.648,2.729,2.978
324.0,334.0,3.114,-3.388,-0.242,-3.275,-0.2,-0.128,-0.058,0.01,0.076,0.14,0.202,0.263,0.321,0.379,0.434,0.488,0.782,1.032,1.244,1.426,1.716,1.934,2.101,2.231,2.334,2.416,2.484,2.692
325.0,334.0,2.948,-3.272,-0.392,-3.275,-0.256,-0.19,-0.125,-0.063,-0.002,0.057,0.115,0.171,0.226,0.279,0.331,0.381,0.657,0.894,1.096,1.271,1.552,1.766,1.931,2.06,2.162,2.245,2.313,2.523
326.0,334.0,3.121,-3.416,-0.739,-3.275,-0.232,-0.17,-0.11,-0.051,0.007,0.063,0.118,0.172,0.225,0.276,0.326,0.375,0.647,0.884,1.09,1.271,1.567,1.797,1.976,2.118,2.232,2.325,2.401,2.638
327.0,334.0,3.506,-3.828,-1.457,-3.275,-0.265,-0.21,-0.155,-0.101,-0.047,0.005,0.057,0.108,0.159,0.209,0.257,0.306,0.579,0.825,1.047,1.246,1.582,1.852,2.067,2.24,2.381,2.497,2.593,2.892
328.0,334.0,3.031,-3.306,-1.31,-3.275,-0.228,-0.181,-0.135,-0.089,-0.044,0.001,0.045,0.088,0.131,0.174,0.215,0.256,0.489,0.701,0.892,1.063,1.354,1.588,1.775,1.926,2.049,2.15,2.233,2.495
329.0,334.0,2.353,-2.522,-0.624,-3.275,-0.124,-0.08,-0.037,0.005,0.046,0.086,0.126,0.164,0.202,0.239,0.275,0.311,0.507,0.68,0.831,0.964,1.184,1.354,1.489,1.595,1.681,1.751,1.809,1.988
330.0,334.0,2.516,-2.64,-1.178,-3.275,-0.089,-0.054,-0.02,0.014,0.048,0.082,0.115,0.148,0.18,0.212,0.244,0.275,0.455,0.62,0.77,0.906,1.14,1.328,1.481,1.605,1.705,1.788,1.857,2.073
331.0,334.0,2.341,-2.421,-1.705,-3.275,-0.063,-0.044,-0.026,-0.006,0.013,0.034,0.054,0.075,0.097,0.118,0.14,0.162,0.295,0.428,0.556,0.678,0.896,1.081,1.236,1.363,1.469,1.557,1.63,1.862
332.0,334.0,2.478,-2.461,-2.451,-3.275,0.018,0.021,0.025,0.031,0.039,0.047,0.057,0.068,0.08,0.093,0.107,0.121,0.221,0.334,0.454,0.573,0.801,1.003,1.176,1.322,1.444,1.547,1.633,1.908
333.0,334.0,2.71,-2.569,-3.412,-3.275,0.123,0.107,0.094,0.084,0.077,0.072,0.069,0.068,0.068,0.071,0.075,0.081,0.142,0.236,0.347,0.467,0.711,0.938,1.138,1.31,1.455,1.578,1.682,2.016
323.0,335.0,3.539,-3.837,-0.438,-3.275,-0.217,-0.139,-0.063,0.01,0.082,0.152,0.22,0.286,0.35,0.413,0.474,0.534,0.858,1.136,1.374,1.579,1.909,2.159,2.352,2.502,2.622,2.719,2.798,3.043
324.0,335.0,3.163,-3.404,-0.101,-3.275,-0.163,-0.088,-0.014,0.057,0.125,0.192,0.257,0.32,0.381,0.44,0.498,0.553,0.856,1.111,1.326,1.51,1.801,2.017,2.181,2.309,2.409,2.489,2.555,2.756
325.0,335.0,2.989,-3.289,-0.202,-3.275,-0.227,-0.157,-0.088,-0.021,0.043,0.106,0.167,0.226,0.284,0.34,0.394,0.447,0.734,0.977,1.184,1.36,1.642,1.853,2.014,2.14,2.239,2.318,2.384,2.584
326.0,335.0,3.155,-3.438,-0.528,-3.275,-0.214,-0.147,-0.082,-0.018,0.044,0.104,0.163,0.22,0.276,0.331,0.384,0.435,0.72,0.964,1.176,1.358,1.655,1.882,2.058,2.196,2.306,2.395,2.469,2.695
327.0,335.0,3.531,-3.859,-1.213,-3.275,-0.265,-0.203,-0.142,-0.083,-0.024,0.033,0.089,0.145,0.199,0.252,0.304,0.356,0.644,0.9,1.127,1.329,1.667,1.933,2.144,2.314,2.45,2.562,2.654,2.943
328.0,335.0,3.043,-3.334,-0.993,-3.275,-0.235,-0.181,-0.127,-0.075,-0.024,0.027,0.077,0.125,0.173,0.22,0.265,0.31,0.562,0.785,0.982,1.157,1.448,1.677,1.859,2.004,2.121,2.216,2.295,2.541
329.0,335.0,2.362,-2.541,-0.271,-3.275,-0.125,-0.073,-0.023,0.026,0.074,0.121,0.166,0.21,0.253,0.295,0.336,0.375,0.591,0.776,0.933,1.069,1.288,1.453,1.58,1.679,1.758,1.822,1.874,2.035
330.0,335.0,2.511,-2.665,-0.768,-3.275,-0.109,-0.065,-0.022,0.021,0.062,0.103,0.143,0.182,0.221,0.259,0.295,0.332,0.534,0.713,0.871,1.011,1.244,1.426,1.571,1.686,1.779,1.855,1.917,2.112
331.0,335.0,2.311,-2.451,-1.178,-3.275,-0.11,-0.079,-0.049,-0.019,0.011,0.04,0.07,0.099,0.128,0.157,0.185,0.213,0.376,0.526,0.665,0.791,1.008,1.185,1.329,1.445,1.541,1.619,1.685,1.89
332.0,335.0,2.425,-2.5,-1.828,-3.275,-0.058,-0.041,-0.023,-0.004,0.015,0.035,0.055,0.076,0.097,0.118,0.14,0.162,0.296,0.431,0.563,0.688,0.914,1.106,1.267,1.4,1.511,1.603,1.68,1.923
333.0,335.0,2.63,-2.619,-2.676,-3.275,0.011,0.012,0.016,0.021,0.027,0.035,0.045,0.055,0.067,0.08,0.094,0.108,0.211,0.33,0.456,0.583,0.825,1.041,1.227,1.384,1.515,1.626,1.719,2.015
334.0,335.0,2.781,-2.64,-3.321,-3.275,0.126,0.114,0.105,0.098,0.094,0.091,0.091,0.093,0.096,0.101,0.108,0.116,0.188,0.289,0.407,0.531,0.78,1.01,1.212,1.384,1.53,1.653,1.757,2.09
324.0,336.0,3.219,-3.419,0.012,-3.275,-0.12,-0.042,0.034,0.108,0.179,0.248,0.314,0.379,0.442,0.503,0.562,0.619,0.929,1.188,1.407,1.591,1.883,2.098,2.26,2.386,2.484,2.563,2.627,2.823
325.0,336.0,3.037,-3.305,-0.046,-3.275,-0.191,-0.117,-0.044,0.025,0.093,0.159,0.223,0.284,0.344,0.402,0.459,0.514,0.81,1.059,1.269,1.447,1.729,1.938,2.097,2.219,2.315,2.392,2.455,2.648
326.0,336.0,3.198,-3.458,-0.353,-3.275,-0.187,-0.115,-0.046,0.021,0.087,0.15,0.212,0.272,0.331,0.388,0.443,0.497,0.792,1.044,1.259,1.444,1.741,1.965,2.138,2.273,2.38,2.466,2.537,2.755
327.0,336.0,3.566,-3.887,-1.012,-3.275,-0.253,-0.186,-0.121,-0.057,0.005,0.067,0.127,0.186,0.243,0.299,0.355,0.409,0.709,0.974,1.206,1.41,1.749,2.013,2.221,2.387,2.52,2.629,2.718,2.997
328.0,336.0,3.067,-3.358,-0.728,-3.275,-0.229,-0.168,-0.109,-0.051,0.006,0.061,0.115,0.168,0.22,0.27,0.32,0.368,0.635,0.868,1.071,1.248,1.54,1.765,1.942,2.081,2.194,2.285,2.36,2.593
329.0,336.0,2.382,-2.555,0.026,-3.275,-0.112,-0.053,0.004,0.059,0.112,0.164,0.214,0.263,0.31,0.356,0.4,0.443,0.676,0.87,1.033,1.171,1.389,1.55,1.671,1.764,1.837,1.895,1.943,2.089
330.0,336.0,2.52,-2.685,-0.422,-3.275,-0.112,-0.06,-0.009,0.04,0.088,0.135,0.181,0.226,0.269,0.312,0.353,0.393,0.615,0.806,0.97,1.113,1.345,1.522,1.66,1.768,1.854,1.924,1.981,2.159
331.0,336.0,2.299,-2.475,-0.731,-3.275,-0.135,-0.094,-0.054,-0.015,0.023,0.061,0.097,0.134,0.169,0.204,0.238,0.271,0.459,0.624,0.771,0.901,1.117,1.287,1.421,1.529,1.615,1.686,1.745,1.927
332.0,336.0,2.394,-2.532,-1.299,-3.275,-0.108,-0.078,-0.049,-0.02,0.01,0.039,0.068,0.097,0.126,0.155,0.183,0.211,0.375,0.528,0.67,0.799,1.025,1.209,1.359,1.481,1.582,1.664,1.733,1.95
333.0,336.0,2.575,-2.66,-2.05,-3.275,-0.07,-0.054,-0.037,-0.019,-0.0,0.019,0.039,0.059,0.08,0.102,0.124,0.146,0.284,0.424,0.562,0.695,0.937,1.143,1.317,1.461,1.581,1.68,1.764,2.029
334.0,336.0,2.706,-2.69,-2.613,-3.275,0.02,0.024,0.03,0.038,0.047,0.058,0.07,0.083,0.097,0.111,0.127,0.144,0.256,0.382,0.513,0.644,0.892,1.112,1.299,1.457,1.59,1.701,1.794,2.091
335.0,336.0,2.625,-2.498,-3.179,-3.275,0.113,0.101,0.091,0.084,0.079,0.077,0.076,0.077,0.08,0.084,0.09,0.097,0.163,0.258,0.369,0.486,0.722,0.94,1.131,1.295,1.434,1.551,1.65,1.967
325.0,337.0,3.09,-3.319,0.08,-3.275,-0.148,-0.071,0.004,0.077,0.147,0.215,0.281,0.345,0.407,0.467,0.525,0.581,0.885,1.139,1.352,1.532,1.814,2.021,2.178,2.298,2.392,2.467,2.528,2.714
326.0,337.0,3.247,-3.475,-0.21,-3.275,-0.152,-0.077,-0.005,0.066,0.134,0.2,0.265,0.327,0.388,0.447,0.505,0.561,0.864,1.121,1.34,1.526,1.824,2.047,2.217,2.35,2.454,2.538,2.607,2.819
327.0,337.0,3.608,-3.913,-0.846,-3.275,-0.233,-0.162,-0.093,-0.025,0.041,0.106,0.169,0.23,0.291,0.349,0.407,0.463,0.775,1.046,1.282,1.489,1.829,2.091,2.297,2.46,2.59,2.696,2.784,3.055
328.0,337.0,3.1,-3.38,-0.507,-3.275,-0.212,-0.146,-0.081,-0.019,0.042,0.102,0.16,0.216,0.271,0.325,0.377,0.428,0.709,0.95,1.157,1.337,1.629,1.851,2.024,2.159,2.268,2.355,2.427,2.649
329.0,337.0,2.413,-2.566,0.276,-3.275,-0.087,-0.022,0.04,0.1,0.158,0.215,0.269,0.321,0.372,0.421,0.469,0.515,0.761,0.963,1.131,1.271,1.488,1.644,1.76,1.848,1.916,1.97,2.014,2.147
330.0,337.0,2.54,-2.702,-0.131,-3.275,-0.101,-0.042,0.015,0.07,0.124,0.176,0.227,0.276,0.324,0.37,0.415,0.459,0.696,0.897,1.067,1.213,1.444,1.617,1.748,1.85,1.931,1.996,2.049,2.211
331.0,337.0,2.303,-2.495,-0.352,-3.275,-0.141,-0.092,-0.044,0.002,0.048,0.092,0.135,0.177,0.218,0.258,0.297,0.335,0.543,0.721,0.875,1.008,1.223,1.387,1.514,1.613,1.693,1.757,1.809,1.972
332.0,337.0,2.381,-2.558,-0.849,-3.275,-0.136,-0.096,-0.057,-0.018,0.02,0.057,0.094,0.13,0.165,0.2,0.234,0.268,0.456,0.625,0.775,0.908,1.132,1.31,1.451,1.564,1.656,1.73,1.792,1.986
333.0,337.0,2.542,-2.695,-1.516,-3.275,-0.125,-0.096,-0.067,-0.039,-0.01,0.019,0.048,0.077,0.106,0.135,0.163,0.192,0.36,0.519,0.667,0.805,1.045,1.244,1.407,1.54,1.65,1.74,1.816,2.053
334.0,337.0,2.656,-2.731,-2.01,-3.275,-0.057,-0.038,-0.019,0.001,0.022,0.044,0.066,0.088,0.111,0.134,0.158,0.181,0.327,0.475,0.618,0.754,1.002,1.212,1.388,1.534,1.655,1.755,1.839,2.106
335.0,337.0,2.55,-2.545,-2.464,-3.275,0.008,0.013,0.019,0.027,0.035,0.046,0.057,0.069,0.082,0.097,0.112,0.127,0.234,0.353,0.478,0.602,0.837,1.044,1.221,1.371,1.496,1.6,1.689,1.969
336.0,337.0,2.897,-2.801,-3.501,-3.275,0.081,0.069,0.059,0.053,0.048,0.046,0.046,0.048,0.052,0.058,0.065,0.074,0.152,0.26,0.385,0.517,0.781,1.024,1.237,1.42,1.574,1.704,1.814,2.166
326.0,338.0,3.3,-3.492,-0.095,-3.275,-0.111,-0.034,0.041,0.114,0.185,0.254,0.32,0.385,0.448,0.508,0.567,0.625,0.936,1.197,1.419,1.607,1.905,2.127,2.295,2.426,2.528,2.611,2.678,2.884
327.0,338.0,3.656,-3.937,-0.712,-3.275,-0.206,-0.131,-0.059,0.012,0.081,0.148,0.214,0.278,0.341,0.402,0.461,0.519,0.839,1.117,1.357,1.565,1.906,2.168,2.372,2.532,2.661,2.765,2.851,3.116
328.0,338.0,3.141,-3.399,-0.325,-3.275,-0.185,-0.115,-0.046,0.02,0.085,0.148,0.209,0.269,0.327,0.383,0.438,0.491,0.782,1.03,1.242,1.423,1.715,1.936,2.105,2.237,2.342,2.427,2.496,2.709
329.0,338.0,2.452,-2.575,0.484,-3.275,-0.051,0.018,0.085,0.149,0.211,0.271,0.329,0.384,0.438,0.49,0.54,0.588,0.845,1.055,1.226,1.368,1.584,1.737,1.849,1.932,1.996,2.047,2.087,2.209
330.0,338.0,2.571,-2.715,0.113,-3.275,-0.078,-0.014,0.049,0.109,0.167,0.224,0.278,0.331,0.383,0.432,0.48,0.527,0.778,0.987,1.162,1.309,1.54,1.709,1.836,1.933,2.009,2.069,2.118,2.268
331.0,338.0,2.319,-2.51,-0.033,-3.275,-0.133,-0.076,-0.021,0.032,0.083,0.133,0.182,0.229,0.274,0.318,0.361,0.403,0.628,0.817,0.977,1.112,1.326,1.485,1.605,1.698,1.771,1.83,1.878,2.024
332.0,338.0,2.384,-2.578,-0.468,-3.275,-0.145,-0.096,-0.049,-0.003,0.043,0.087,0.13,0.172,0.212,0.252,0.291,0.329,0.539,0.72,0.878,1.014,1.237,1.409,1.542,1.647,1.732,1.8,1.856,2.03
333.0,338.0,2.528,-2.724,-1.063,-3.275,-0.157,-0.118,-0.079,-0.041,-0.003,0.034,0.07,0.106,0.142,0.177,0.211,0.245,0.438,0.613,0.77,0.911,1.151,1.343,1.497,1.621,1.722,1.805,1.873,2.088
334.0,338.0,2.627,-2.765,-1.496,-3.275,-0.108,-0.077,-0.047,-0.016,0.015,0.045,0.076,0.106,0.137,0.167,0.197,0.227,0.402,0.567,0.721,0.862,1.108,1.311,1.477,1.612,1.723,1.815,1.892,2.132
335.0,338.0,2.5,-2.584,-1.854,-3.275,-0.066,-0.047,-0.028,-0.008,0.013,0.034,0.055,0.077,0.099,0.122,0.145,0.168,0.308,0.449,0.585,0.715,0.948,1.147,1.312,1.449,1.562,1.656,1.735,1.985
336.0,338.0,2.821,-2.852,-2.792,-3.275,-0.028,-0.024,-0.018,-0.01,-0.0,0.01,0.023,0.036,0.05,0.066,0.082,0.1,0.218,0.351,0.49,0.628,0.892,1.125,1.324,1.492,1.633,1.751,1.85,2.166
337.0,338.0,3.305,-3.22,-4.021,-3.275,0.068,0.054,0.043,0.035,0.03,0.028,0.028,0.031,0.035,0.042,0.05,0.061,0.15,0.274,0.418,0.57,0.873,1.153,1.398,1.607,1.785,1.934,2.06,2.465
327.0,339.0,3.709,-3.961,-0.604,-3.275,-0.173,-0.095,-0.02,0.053,0.125,0.194,0.262,0.328,0.392,0.455,0.516,0.576,0.904,1.186,1.429,1.64,1.982,2.243,2.445,2.604,2.731,2.834,2.918,3.179
328.0,339.0,3.189,-3.417,-0.176,-3.275,-0.151,-0.077,-0.005,0.065,0.132,0.198,0.262,0.324,0.384,0.443,0.5,0.555,0.855,1.109,1.324,1.507,1.8,2.018,2.185,2.314,2.417,2.499,2.566,2.772
329.0,339.0,2.498,-2.582,0.656,-3.275,-0.008,0.066,0.136,0.204,0.269,0.332,0.392,0.451,0.507,0.561,0.613,0.663,0.93,1.145,1.32,1.462,1.678,1.828,1.936,2.016,2.076,2.124,2.162,2.274
330.0,339.0,2.609,-2.726,0.317,-3.275,-0.045,0.024,0.091,0.155,0.217,0.277,0.335,0.391,0.446,0.498,0.549,0.598,0.86,1.076,1.255,1.404,1.634,1.8,1.922,2.015,2.087,2.144,2.19,2.33
331.0,339.0,2.346,-2.522,0.236,-3.275,-0.111,-0.048,0.013,0.071,0.128,0.182,0.235,0.286,0.336,0.383,0.43,0.474,0.714,0.912,1.076,1.214,1.427,1.582,1.696,1.783,1.851,1.905,1.948,2.081
332.0,339.0,2.399,-2.595,-0.147,-3.275,-0.138,-0.082,-0.028,0.025,0.076,0.126,0.174,0.221,0.266,0.311,0.354,0.396,0.623,0.815,0.978,1.118,1.34,1.506,1.633,1.732,1.809,1.872,1.923,2.081
333.0,339.0,2.529,-2.747,-0.68,-3.275,-0.17,-0.122,-0.075,-0.029,0.016,0.06,0.103,0.145,0.186,0.226,0.265,0.304,0.518,0.706,0.871,1.016,1.255,1.441,1.587,1.703,1.797,1.873,1.936,2.131
334.0,339.0,2.615,-2.794,-1.061,-3.275,-0.137,-0.097,-0.057,-0.017,0.022,0.06,0.098,0.136,0.173,0.209,0.245,0.28,0.479,0.659,0.821,0.966,1.212,1.408,1.566,1.692,1.795,1.879,1.949,2.168
335.0,339.0,2.471,-2.616,-1.336,-3.275,-0.115,-0.084,-0.053,-0.023,0.008,0.038,0.068,0.098,0.128,0.158,0.187,0.216,0.386,0.544,0.691,0.825,1.057,1.248,1.403,1.529,1.633,1.718,1.789,2.012
336.0,339.0,2.771,-2.896,-2.188,-3.275,-0.107,-0.089,-0.069,-0.049,-0.028,-0.006,0.016,0.039,0.063,0.086,0.111,0.135,0.287,0.442,0.593,0.737,1.0,1.224,1.412,1.568,1.697,1.805,1.895,2.181
337.0,339.0,3.227,-3.278,-3.313,-3.275,-0.051,-0.048,-0.043,-0.036,-0.027,-0.016,-0.004,0.01,0.025,0.042,0.059,0.078,0.208,0.358,0.516,0.675,0.979,1.248,1.48,1.676,1.84,1.977,2.093,2.462
338.0,339.0,3.134,-3.005,-4.01,-3.275,0.106,0.087,0.072,0.06,0.051,0.045,0.041,0.039,0.04,0.043,0.048,0.055,0.125,0.234,0.364,0.504,0.789,1.055,1.29,1.491,1.662,1.806,1.928,2.32
328.0,340.0,3.242,-3.433,-0.055,-3.275,-0.111,-0.034,0.041,0.113,0.184,0.252,0.318,0.382,0.444,0.504,0.563,0.62,0.927,1.186,1.404,1.589,1.882,2.099,2.264,2.391,2.491,2.571,2.637,2.837
329.0,340.0,2.55,-2.586,0.798,-3.275,0.043,0.119,0.193,0.263,0.331,0.396,0.459,0.52,0.578,0.634,0.688,0.74,1.014,1.233,1.41,1.554,1.769,1.917,2.022,2.098,2.156,2.201,2.237,2.342
330.0,340.0,2.655,-2.735,0.485,-3.275,-0.004,0.069,0.139,0.207,0.272,0.335,0.396,0.455,0.512,0.566,0.619,0.67,0.942,1.163,1.345,1.495,1.725,1.888,2.007,2.097,2.165,2.219,2.263,2.394
331.0,340.0,2.382,-2.53,0.46,-3.275,-0.078,-0.01,0.055,0.118,0.179,0.237,0.294,0.348,0.401,0.452,0.501,0.548,0.8,1.005,1.174,1.313,1.525,1.676,1.786,1.868,1.932,1.981,2.021,2.142
332.0,340.0,2.425,-2.608,0.123,-3.275,-0.119,-0.056,0.004,0.062,0.118,0.173,0.225,0.276,0.326,0.374,0.42,0.465,0.707,0.908,1.077,1.218,1.44,1.602,1.723,1.816,1.888,1.946,1.993,2.137
333.0,340.0,2.543,-2.767,-0.357,-3.275,-0.167,-0.112,-0.058,-0.005,0.046,0.095,0.144,0.191,0.237,0.281,0.325,0.367,0.6,0.798,0.969,1.117,1.355,1.536,1.676,1.786,1.873,1.944,2.002,2.18
334.0,340.0,2.619,-2.818,-0.693,-3.275,-0.149,-0.1,-0.051,-0.004,0.042,0.087,0.131,0.174,0.217,0.258,0.298,0.338,0.558,0.751,0.92,1.068,1.313,1.504,1.654,1.773,1.869,1.947,2.011,2.211
335.0,340.0,2.459,-2.643,-0.896,-3.275,-0.142,-0.101,-0.061,-0.021,0.018,0.056,0.094,0.13,0.167,0.202,0.238,0.272,0.466,0.639,0.794,0.932,1.164,1.347,1.494,1.611,1.706,1.784,1.848,2.049
336.0,340.0,2.741,-2.932,-1.675,-3.275,-0.161,-0.13,-0.1,-0.069,-0.038,-0.007,0.024,0.055,0.087,0.118,0.148,0.179,0.36,0.533,0.694,0.843,1.105,1.322,1.5,1.645,1.765,1.864,1.947,2.207
337.0,340.0,3.174,-3.329,-2.71,-3.275,-0.139,-0.122,-0.104,-0.084,-0.063,-0.042,-0.019,0.005,0.029,0.054,0.08,0.106,0.271,0.442,0.613,0.778,1.081,1.343,1.563,1.747,1.9,2.027,2.134,2.473
338.0,340.0,3.049,-3.063,-3.267,-3.275,-0.018,-0.019,-0.018,-0.015,-0.009,-0.002,0.007,0.017,0.029,0.042,0.057,0.073,0.186,0.321,0.466,0.614,0.898,1.154,1.374,1.561,1.717,1.849,1.96,2.314
339.0,340.0,3.082,-2.979,-3.847,-3.275,0.084,0.068,0.056,0.046,0.039,0.035,0.033,0.034,0.036,0.041,0.047,0.055,0.131,0.243,0.374,0.514,0.795,1.056,1.286,1.483,1.649,1.79,1.909,2.29
329.0,341.0,2.606,-2.59,0.913,-3.275,0.099,0.178,0.254,0.326,0.396,0.464,0.528,0.591,0.65,0.708,0.763,0.817,1.096,1.32,1.499,1.644,1.858,2.004,2.106,2.18,2.236,2.279,2.312,2.412
330.0,341.0,2.707,-2.742,0.623,-3.275,0.044,0.12,0.193,0.263,0.331,0.397,0.46,0.521,0.58,0.636,0.691,0.743,1.023,1.249,1.433,1.585,1.814,1.975,2.091,2.178,2.244,2.295,2.337,2.46
331.0,341.0,2.426,-2.537,0.647,-3.275,-0.036,0.036,0.105,0.172,0.236,0.298,0.357,0.415,0.47,0.523,0.574,0.624,0.886,1.097,1.269,1.409,1.621,1.768,1.874,1.953,2.012,2.059,2.096,2.207
332.0,341.0,2.461,-2.619,0.349,-3.275,-0.088,-0.021,0.044,0.107,0.168,0.226,0.282,0.337,0.39,0.441,0.49,0.537,0.792,1.0,1.173,1.316,1.537,1.695,1.812,1.9,1.968,2.022,2.066,2.197
333.0,341.0,2.568,-2.783,-0.086,-3.275,-0.151,-0.089,-0.03,0.028,0.085,0.139,0.192,0.243,0.293,0.342,0.389,0.434,0.681,0.89,1.066,1.216,1.453,1.63,1.765,1.869,1.951,2.017,2.07,2.235
334.0,341.0,2.635,-2.838,-0.383,-3.275,-0.145,-0.088,-0.033,0.02,0.072,0.123,0.172,0.22,0.267,0.313,0.357,0.4,0.638,0.841,1.016,1.167,1.412,1.598,1.742,1.855,1.945,2.017,2.077,2.261
335.0,341.0,2.463,-2.664,-0.523,-3.275,-0.15,-0.101,-0.053,-0.006,0.04,0.085,0.129,0.172,0.213,0.254,0.294,0.333,0.547,0.734,0.896,1.037,1.267,1.445,1.584,1.694,1.781,1.853,1.911,2.093
336.0,341.0,2.73,-2.963,-1.24,-3.275,-0.193,-0.152,-0.112,-0.072,-0.033,0.006,0.045,0.083,0.12,0.157,0.194,0.23,0.436,0.623,0.793,0.946,1.208,1.418,1.588,1.725,1.836,1.928,2.004,2.242
337.0,341.0,3.142,-3.372,-2.198,-3.275,-0.202,-0.173,-0.143,-0.113,-0.082,-0.051,-0.019,0.013,0.045,0.077,0.109,0.142,0.337,0.527,0.708,0.878,1.181,1.436,1.646,1.82,1.963,2.082,2.182,2.495
338.0,341.0,2.99,-3.113,-2.633,-3.275,-0.11,-0.097,-0.081,-0.065,-0.047,-0.029,-0.009,0.012,0.033,0.055,0.078,0.101,0.251,0.408,0.566,0.72,1.004,1.251,1.459,1.633,1.778,1.899,2.001,2.323
339.0,341.0,3.001,-3.035,-3.121,-3.275,-0.035,-0.033,-0.03,-0.024,-0.017,-0.008,0.003,0.015,0.028,0.043,0.059,0.076,0.194,0.331,0.476,0.623,0.904,1.155,1.371,1.553,1.706,1.834,1.943,2.287
340.0,341.0,2.81,-2.743,-3.491,-3.275,0.051,0.038,0.028,0.02,0.015,0.012,0.011,0.012,0.015,0.02,0.026,0.034,0.107,0.211,0.332,0.461,0.72,0.96,1.17,1.35,1.502,1.631,1.739,2.087
330.0,342.0,2.763,-2.748,0.735,-3.275,0.097,0.175,0.251,0.324,0.394,0.461,0.526,0.589,0.649,0.707,0.763,0.817,1.103,1.333,1.519,1.671,1.9,2.06,2.174,2.258,2.321,2.371,2.411,2.529
331.0,342.0,2.476,-2.542,0.801,-3.275,0.013,0.088,0.161,0.231,0.298,0.362,0.424,0.484,0.541,0.596,0.65,0.701,0.971,1.187,1.361,1.503,1.714,1.859,1.961,2.037,2.093,2.137,2.171,2.274
332.0,342.0,2.504,-2.627,0.536,-3.275,-0.048,0.023,0.092,0.159,0.223,0.285,0.344,0.401,0.457,0.51,0.562,0.612,0.876,1.091,1.267,1.411,1.631,1.787,1.899,1.984,2.048,2.099,2.139,2.261
333.0,342.0,2.603,-2.796,0.141,-3.275,-0.124,-0.057,0.008,0.07,0.131,0.189,0.246,0.301,0.354,0.406,0.455,0.504,0.763,0.979,1.16,1.312,1.549,1.722,1.852,1.952,2.029,2.091,2.141,2.295
334.0,342.0,2.662,-2.854,-0.123,-3.275,-0.128,-0.066,-0.005,0.054,0.111,0.166,0.22,0.272,0.323,0.372,0.419,0.466,0.718,0.93,1.11,1.264,1.508,1.69,1.829,1.936,2.021,2.089,2.145,2.316
335.0,342.0,2.48,-2.682,-0.21,-3.275,-0.144,-0.087,-0.032,0.021,0.073,0.124,0.173,0.22,0.267,0.312,0.355,0.398,0.63,0.827,0.995,1.138,1.368,1.541,1.674,1.777,1.859,1.924,1.978,2.144
336.0,342.0,2.733,-2.989,-0.873,-3.275,-0.206,-0.157,-0.109,-0.061,-0.015,0.031,0.075,0.119,0.162,0.204,0.246,0.286,0.513,0.713,0.89,1.047,1.308,1.513,1.675,1.805,1.909,1.995,2.065,2.285
337.0,342.0,3.128,-3.41,-1.764,-3.275,-0.243,-0.203,-0.164,-0.124,-0.085,-0.046,-0.007,0.032,0.071,0.109,0.147,0.185,0.405,0.611,0.801,0.975,1.279,1.527,1.73,1.895,2.031,2.142,2.235,2.528
338.0,342.0,2.953,-3.155,-2.095,-3.275,-0.176,-0.149,-0.122,-0.095,-0.066,-0.038,-0.009,0.02,0.05,0.079,0.109,0.139,0.319,0.496,0.665,0.824,1.108,1.347,1.545,1.708,1.843,1.955,2.049,2.344
339.0,342.0,2.946,-3.083,-2.502,-3.275,-0.122,-0.106,-0.089,-0.07,-0.051,-0.031,-0.009,0.012,0.035,0.058,0.082,0.107,0.26,0.419,0.577,0.73,1.011,1.253,1.457,1.627,1.768,1.886,1.985,2.298
340.0,342.0,2.734,-2.794,-2.77,-3.275,-0.059,-0.055,-0.05,-0.043,-0.034,-0.024,-0.013,-0.0,0.014,0.028,0.044,0.061,0.174,0.304,0.439,0.575,0.833,1.062,1.258,1.424,1.562,1.679,1.776,2.088
341.0,342.0,3.498,-3.46,-4.043,-3.275,0.025,0.017,0.011,0.008,0.007,0.01,0.014,0.021,0.03,0.04,0.052,0.066,0.176,0.318,0.477,0.642,0.966,1.261,1.518,1.737,1.921,2.077,2.208,2.627
331.0,343.0,2.532,-2.545,0.927,-3.275,0.068,0.146,0.221,0.294,0.363,0.43,0.494,0.555,0.614,0.671,0.726,0.779,1.055,1.275,1.452,1.594,1.805,1.947,2.047,2.119,2.173,2.215,2.248,2.343
332.0,343.0,2.554,-2.633,0.691,-3.275,-0.001,0.074,0.146,0.216,0.283,0.347,0.409,0.469,0.527,0.582,0.636,0.687,0.96,1.18,1.358,1.504,1.723,1.876,1.986,2.067,2.128,2.176,2.214,2.328
333.0,343.0,2.645,-2.806,0.329,-3.275,-0.087,-0.016,0.052,0.119,0.183,0.245,0.305,0.363,0.418,0.472,0.525,0.575,0.845,1.068,1.252,1.405,1.642,1.813,1.939,2.034,2.108,2.167,2.214,2.358
334.0,343.0,2.698,-2.868,0.093,-3.275,-0.101,-0.033,0.032,0.095,0.156,0.216,0.273,0.329,0.382,0.435,0.485,0.534,0.798,1.018,1.202,1.358,1.602,1.78,1.915,2.018,2.099,2.163,2.216,2.375
335.0,343.0,2.507,-2.696,0.054,-3.275,-0.124,-0.061,-0.001,0.058,0.115,0.17,0.223,0.275,0.325,0.374,0.421,0.467,0.713,0.919,1.091,1.237,1.467,1.636,1.763,1.86,1.937,1.998,2.048,2.2
336.0,343.0,2.749,-3.012,-0.563,-3.275,-0.205,-0.148,-0.093,-0.039,0.013,0.064,0.114,0.163,0.211,0.257,0.302,0.347,0.591,0.802,0.985,1.145,1.406,1.606,1.762,1.886,1.984,2.064,2.13,2.334
337.0,343.0,3.13,-3.443,-1.399,-3.275,-0.265,-0.217,-0.169,-0.122,-0.076,-0.03,0.016,0.06,0.105,0.148,0.191,0.233,0.475,0.694,0.892,1.07,1.374,1.617,1.813,1.971,2.1,2.206,2.293,2.568
338.0,343.0,2.936,-3.191,-1.638,-3.275,-0.218,-0.181,-0.144,-0.107,-0.07,-0.033,0.004,0.04,0.077,0.113,0.148,0.184,0.39,0.583,0.762,0.925,1.209,1.441,1.631,1.785,1.911,2.016,2.102,2.375
339.0,343.0,2.913,-3.123,-1.976,-3.275,-0.183,-0.154,-0.126,-0.096,-0.067,-0.037,-0.007,0.024,0.054,0.085,0.115,0.146,0.329,0.507,0.676,0.834,1.114,1.349,1.543,1.702,1.834,1.943,2.034,2.321
340.0,343.0,2.682,-2.837,-2.156,-3.275,-0.138,-0.12,-0.101,-0.082,-0.061,-0.04,-0.019,0.004,0.027,0.05,0.073,0.097,0.246,0.397,0.544,0.686,0.943,1.163,1.347,1.5,1.628,1.733,1.822,2.103
341.0,343.0,3.427,-3.52,-3.373,-3.275,-0.087,-0.08,-0.071,-0.06,-0.047,-0.033,-0.017,0.001,0.02,0.04,0.061,0.083,0.232,0.398,0.571,0.743,1.067,1.353,1.598,1.803,1.976,2.12,2.241,2.628
342.0,343.0,4.064,-4.052,-4.362,-3.275,0.006,0.003,0.004,0.008,0.014,0.023,0.034,0.047,0.062,0.079,0.098,0.119,0.266,0.443,0.635,0.83,1.207,1.545,1.838,2.086,2.294,2.469,2.616,3.087
332.0,344.0,2.608,-2.637,0.817,-3.275,0.052,0.13,0.205,0.277,0.346,0.413,0.477,0.539,0.598,0.655,0.71,0.763,1.043,1.267,1.447,1.594,1.813,1.964,2.071,2.149,2.208,2.253,2.29,2.397
333.0,344.0,2.694,-2.815,0.484,-3.275,-0.043,0.031,0.103,0.173,0.24,0.305,0.367,0.427,0.485,0.541,0.596,0.648,0.927,1.154,1.341,1.496,1.732,1.901,2.024,2.116,2.187,2.243,2.288,2.423
334.0,344.0,2.741,-2.879,0.273,-3.275,-0.064,0.007,0.076,0.143,0.208,0.27,0.331,0.389,0.446,0.5,0.553,0.604,0.878,1.104,1.292,1.449,1.693,1.869,2.0,2.099,2.176,2.238,2.287,2.438
335.0,344.0,2.543,-2.707,0.274,-3.275,-0.094,-0.026,0.039,0.102,0.163,0.222,0.28,0.335,0.388,0.44,0.489,0.538,0.796,1.009,1.186,1.334,1.563,1.728,1.851,1.944,2.016,2.073,2.12,2.261
336.0,344.0,2.776,-3.03,-0.304,-3.275,-0.19,-0.127,-0.067,-0.008,0.05,0.106,0.16,0.213,0.264,0.314,0.363,0.41,0.669,0.89,1.078,1.24,1.501,1.697,1.849,1.967,2.06,2.136,2.198,2.389
337.0,344.0,3.144,-3.472,-1.091,-3.275,-0.272,-0.216,-0.162,-0.108,-0.056,-0.004,0.047,0.096,0.145,0.193,0.24,0.286,0.546,0.776,0.981,1.162,1.466,1.706,1.896,2.048,2.171,2.272,2.355,2.614
338.0,344.0,2.934,-3.222,-1.252,-3.275,-0.242,-0.195,-0.15,-0.104,-0.06,-0.016,0.027,0.07,0.112,0.154,0.195,0.235,0.463,0.67,0.856,1.024,1.307,1.534,1.716,1.863,1.982,2.08,2.161,2.415
339.0,344.0,2.898,-3.158,-1.531,-3.275,-0.221,-0.183,-0.144,-0.105,-0.067,-0.029,0.009,0.046,0.083,0.12,0.157,0.193,0.401,0.595,0.773,0.935,1.216,1.444,1.629,1.78,1.903,2.004,2.089,2.354
340.0,344.0,2.651,-2.873,-1.634,-3.275,-0.192,-0.162,-0.131,-0.101,-0.071,-0.04,-0.009,0.021,0.052,0.082,0.112,0.143,0.321,0.49,0.648,0.794,1.051,1.263,1.437,1.579,1.697,1.793,1.874,2.128
341.0,344.0,3.38,-3.571,-2.804,-3.275,-0.172,-0.151,-0.129,-0.106,-0.082,-0.057,-0.031,-0.004,0.023,0.051,0.08,0.109,0.292,0.479,0.664,0.841,1.166,1.444,1.678,1.873,2.035,2.17,2.283,2.641
342.0,344.0,4.003,-4.117,-3.754,-3.275,-0.104,-0.092,-0.077,-0.061,-0.042,-0.022,-0.0,0.023,0.048,0.074,0.101,0.129,0.313,0.513,0.718,0.92,1.298,1.629,1.91,2.147,2.344,2.509,2.648,3.089
343.0,344.0,4.299,-4.303,-4.913,-3.275,-0.016,-0.025,-0.03,-0.031,-0.03,-0.025,-0.018,-0.008,0.005,0.019,0.036,0.054,0.197,0.377,0.576,0.782,1.184,1.549,1.865,2.135,2.362,2.553,2.714,3.23
333.0,345.0,2.748,-2.822,0.611,-3.275,0.007,0.084,0.159,0.231,0.301,0.367,0.432,0.494,0.554,0.612,0.668,0.722,1.007,1.239,1.429,1.584,1.821,1.987,2.107,2.197,2.265,2.319,2.362,2.491
334.0,345.0,2.79,-2.889,0.421,-3.275,-0.021,0.054,0.127,0.196,0.264,0.329,0.392,0.453,0.511,0.568,0.623,0.675,0.958,1.189,1.38,1.538,1.781,1.955,2.083,2.18,2.254,2.313,2.36,2.504
335.0,345.0,2.587,-2.716,0.456,-3.275,-0.055,0.017,0.086,0.153,0.218,0.28,0.34,0.398,0.454,0.508,0.56,0.611,0.879,1.098,1.278,1.428,1.656,1.818,1.937,2.026,2.095,2.149,2.193,2.324
336.0,345.0,2.812,-3.046,-0.088,-3.275,-0.165,-0.097,-0.032,0.032,0.094,0.153,0.211,0.268,0.322,0.375,0.427,0.477,0.748,0.976,1.169,1.333,1.593,1.787,1.934,2.048,2.137,2.209,2.268,2.448
337.0,345.0,3.169,-3.498,-0.834,-3.275,-0.266,-0.204,-0.144,-0.085,-0.027,0.029,0.085,0.139,0.191,0.243,0.294,0.343,0.617,0.858,1.068,1.252,1.556,1.793,1.978,2.126,2.244,2.34,2.42,2.666
338.0,345.0,2.946,-3.249,-0.927,-3.275,-0.249,-0.195,-0.142,-0.09,-0.039,0.011,0.06,0.108,0.155,0.201,0.246,0.29,0.538,0.756,0.949,1.119,1.403,1.626,1.801,1.942,2.055,2.147,2.223,2.461
339.0,345.0,2.899,-3.188,-1.154,-3.275,-0.241,-0.194,-0.147,-0.1,-0.055,-0.01,0.034,0.078,0.121,0.163,0.204,0.245,0.475,0.682,0.868,1.034,1.314,1.537,1.715,1.858,1.974,2.069,2.148,2.395
340.0,345.0,2.639,-2.903,-1.191,-3.275,-0.223,-0.183,-0.143,-0.104,-0.065,-0.026,0.012,0.05,0.087,0.123,0.159,0.195,0.398,0.582,0.749,0.899,1.155,1.361,1.526,1.66,1.769,1.858,1.932,2.164
341.0,345.0,3.354,-3.616,-2.32,-3.275,-0.231,-0.199,-0.167,-0.133,-0.1,-0.066,-0.031,0.003,0.038,0.073,0.108,0.144,0.354,0.559,0.754,0.937,1.262,1.534,1.759,1.945,2.098,2.224,2.33,2.665
342.0,345.0,3.964,-4.174,-3.239,-3.275,-0.188,-0.163,-0.136,-0.109,-0.08,-0.05,-0.019,0.013,0.046,0.079,0.113,0.148,0.363,0.582,0.799,1.007,1.386,1.711,1.983,2.21,2.398,2.555,2.687,3.103
343.0,345.0,4.228,-4.374,-4.268,-3.275,-0.141,-0.134,-0.124,-0.112,-0.098,-0.081,-0.062,-0.041,-0.019,0.005,0.031,0.057,0.239,0.443,0.656,0.869,1.273,1.63,1.936,2.193,2.409,2.589,2.741,3.226
344.0,345.0,4.523,-4.574,-4.646,-3.275,-0.051,-0.048,-0.041,-0.032,-0.02,-0.005,0.012,0.031,0.052,0.074,0.099,0.125,0.305,0.514,0.734,0.956,1.379,1.756,2.08,2.353,2.583,2.775,2.937,3.453
334.0,346.0,2.845,-2.897,0.541,-3.275,0.028,0.106,0.181,0.254,0.323,0.391,0.456,0.518,0.579,0.637,0.693,0.747,1.036,1.272,1.465,1.624,1.868,2.04,2.165,2.259,2.332,2.388,2.434,2.571
335.0,346.0,2.637,-2.723,0.606,-3.275,-0.008,0.067,0.139,0.209,0.277,0.342,0.404,0.464,0.522,0.578,0.633,0.685,0.961,1.186,1.369,1.519,1.747,1.907,2.023,2.109,2.174,2.226,2.267,2.391
336.0,346.0,2.855,-3.06,0.091,-3.275,-0.131,-0.059,0.011,0.078,0.143,0.206,0.267,0.326,0.384,0.439,0.493,0.545,0.826,1.061,1.257,1.423,1.683,1.874,2.018,2.128,2.214,2.283,2.34,2.511
337.0,346.0,3.204,-3.521,-0.621,-3.275,-0.249,-0.182,-0.117,-0.053,0.009,0.069,0.128,0.186,0.242,0.297,0.35,0.402,0.689,0.938,1.153,1.339,1.644,1.878,2.059,2.203,2.317,2.41,2.487,2.723
338.0,346.0,2.969,-3.273,-0.655,-3.275,-0.242,-0.181,-0.123,-0.065,-0.009,0.046,0.1,0.152,0.203,0.253,0.302,0.349,0.613,0.841,1.04,1.213,1.496,1.715,1.886,2.021,2.129,2.217,2.289,2.513
339.0,346.0,2.912,-3.214,-0.837,-3.275,-0.245,-0.19,-0.136,-0.083,-0.031,0.019,0.069,0.117,0.165,0.212,0.257,0.302,0.55,0.769,0.961,1.13,1.41,1.628,1.8,1.937,2.048,2.137,2.212,2.442
340.0,346.0,2.642,-2.929,-0.817,-3.275,-0.236,-0.187,-0.139,-0.092,-0.046,-0.001,0.044,0.087,0.13,0.172,0.212,0.253,0.476,0.674,0.848,1.002,1.257,1.457,1.615,1.741,1.843,1.926,1.994,2.207
341.0,346.0,3.344,-3.656,-1.912,-3.275,-0.27,-0.228,-0.187,-0.145,-0.103,-0.061,-0.02,0.022,0.063,0.104,0.144,0.184,0.419,0.639,0.843,1.03,1.356,1.622,1.84,2.018,2.163,2.283,2.383,2.698
342.0,346.0,3.943,-4.226,-2.803,-3.275,-0.249,-0.213,-0.177,-0.14,-0.102,-0.064,-0.025,0.014,0.054,0.094,0.134,0.174,0.415,0.652,0.878,1.091,1.472,1.792,2.057,2.276,2.456,2.606,2.731,3.127
343.0,346.0,4.181,-4.438,-3.722,-3.275,-0.238,-0.218,-0.195,-0.171,-0.146,-0.118,-0.09,-0.06,-0.029,0.003,0.036,0.07,0.284,0.51,0.736,0.955,1.36,1.711,2.007,2.254,2.46,2.632,2.776,3.235
344.0,346.0,4.47,-4.643,-4.089,-3.275,-0.158,-0.141,-0.122,-0.1,-0.077,-0.052,-0.025,0.004,0.033,0.064,0.097,0.13,0.345,0.575,0.808,1.036,1.462,1.832,2.146,2.41,2.629,2.813,2.967,3.457
345.0,346.0,4.345,-4.364,-4.968,-3.275,-0.031,-0.039,-0.044,-0.045,-0.043,-0.038,-0.031,-0.02,-0.007,0.008,0.025,0.043,0.189,0.372,0.574,0.783,1.19,1.56,1.881,2.154,2.384,2.578,2.741,3.263
335.0,347.0,2.692,-2.729,0.729,-3.275,0.044,0.122,0.197,0.269,0.339,0.406,0.471,0.533,0.593,0.65,0.706,0.76,1.043,1.271,1.456,1.608,1.835,1.993,2.106,2.19,2.253,2.303,2.342,2.46
336.0,347.0,2.905,-3.072,0.237,-3.275,-0.089,-0.014,0.059,0.129,0.197,0.263,0.326,0.388,0.447,0.505,0.561,0.615,0.904,1.144,1.344,1.511,1.771,1.96,2.101,2.208,2.292,2.358,2.412,2.576
337.0,347.0,3.246,-3.542,-0.445,-3.275,-0.223,-0.152,-0.082,-0.015,0.051,0.114,0.176,0.237,0.296,0.353,0.409,0.463,0.761,1.016,1.235,1.424,1.729,1.961,2.14,2.28,2.391,2.481,2.555,2.783
338.0,347.0,3.002,-3.293,-0.428,-3.275,-0.224,-0.158,-0.094,-0.032,0.029,0.088,0.146,0.202,0.256,0.309,0.361,0.412,0.688,0.925,1.128,1.303,1.587,1.803,1.969,2.1,2.204,2.288,2.357,2.57
339.0,347.0,2.937,-3.236,-0.572,-3.275,-0.236,-0.175,-0.115,-0.056,0.001,0.056,0.11,0.163,0.215,0.265,0.314,0.362,0.626,0.854,1.052,1.223,1.503,1.718,1.885,2.017,2.122,2.208,2.278,2.495
340.0,347.0,2.658,-2.95,-0.501,-3.275,-0.234,-0.178,-0.123,-0.069,-0.017,0.034,0.084,0.132,0.18,0.226,0.271,0.315,0.556,0.765,0.945,1.102,1.357,1.552,1.704,1.824,1.919,1.997,2.06,2.257
341.0,347.0,3.349,-3.692,-1.568,-3.275,-0.292,-0.242,-0.192,-0.143,-0.094,-0.046,0.001,0.048,0.095,0.141,0.186,0.231,0.486,0.719,0.93,1.121,1.447,1.709,1.921,2.092,2.231,2.346,2.441,2.739
342.0,347.0,3.938,-4.273,-2.436,-3.275,-0.291,-0.246,-0.201,-0.156,-0.111,-0.066,-0.02,0.025,0.071,0.116,0.161,0.206,0.47,0.721,0.956,1.174,1.556,1.871,2.13,2.342,2.517,2.661,2.781,3.16
343.0,347.0,4.154,-4.495,-3.259,-3.275,-0.311,-0.279,-0.246,-0.212,-0.177,-0.141,-0.104,-0.066,-0.028,0.011,0.05,0.09,0.333,0.576,0.813,1.038,1.445,1.79,2.078,2.317,2.515,2.68,2.818,3.254
344.0,347.0,4.438,-4.706,-3.618,-3.275,-0.241,-0.212,-0.182,-0.15,-0.117,-0.082,-0.047,-0.01,0.027,0.065,0.104,0.143,0.387,0.636,0.88,1.115,1.542,1.907,2.214,2.469,2.68,2.857,3.004,3.472
345.0,347.0,4.275,-4.436,-4.325,-3.275,-0.156,-0.149,-0.139,-0.127,-0.112,-0.095,-0.075,-0.054,-0.032,-0.007,0.018,0.046,0.23,0.437,0.654,0.87,1.279,1.641,1.951,2.212,2.431,2.614,2.768,3.259
346.0,347.0,4.264,-4.249,-4.949,-3.275,0.0,-0.01,-0.017,-0.02,-0.02,-0.017,-0.012,-0.003,0.008,0.021,0.036,0.053,0.189,0.364,0.559,0.762,1.16,1.522,1.837,2.105,2.332,2.522,2.683,3.197
336.0,348.0,2.96,-3.083,0.356,-3.275,-0.042,0.036,0.111,0.184,0.255,0.322,0.388,0.452,0.513,0.572,0.629,0.685,0.981,1.225,1.428,1.596,1.856,2.044,2.182,2.287,2.369,2.433,2.485,2.643
337.0,348.0,3.295,-3.561,-0.301,-3.275,-0.189,-0.115,-0.042,0.028,0.097,0.163,0.228,0.291,0.352,0.412,0.47,0.526,0.833,1.093,1.316,1.506,1.812,2.042,2.219,2.356,2.465,2.553,2.625,2.846
338.0,348.0,3.042,-3.311,-0.24,-3.275,-0.196,-0.126,-0.058,0.009,0.073,0.136,0.196,0.255,0.313,0.369,0.423,0.476,0.763,1.007,1.214,1.392,1.676,1.889,2.052,2.179,2.279,2.36,2.426,2.63
339.0,348.0,2.971,-3.255,-0.351,-3.275,-0.216,-0.149,-0.084,-0.021,0.04,0.1,0.158,0.214,0.269,0.323,0.375,0.425,0.702,0.938,1.14,1.314,1.594,1.806,1.969,2.096,2.198,2.279,2.346,2.553
340.0,348.0,2.685,-2.968,-0.237,-3.275,-0.218,-0.156,-0.095,-0.036,0.021,0.077,0.131,0.184,0.235,0.285,0.333,0.38,0.637,0.854,1.04,1.199,1.453,1.645,1.792,1.906,1.996,2.069,2.129,2.313
341.0,348.0,3.366,-3.723,-1.28,-3.275,-0.299,-0.242,-0.185,-0.13,-0.076,-0.022,0.031,0.082,0.133,0.183,0.232,0.281,0.553,0.797,1.015,1.209,1.536,1.795,2.001,2.167,2.301,2.411,2.502,2.786
342.0,348.0,3.947,-4.316,-2.129,-3.275,-0.317,-0.264,-0.212,-0.16,-0.109,-0.058,-0.007,0.044,0.094,0.144,0.194,0.243,0.526,0.79,1.032,1.254,1.637,1.95,2.204,2.41,2.579,2.719,2.835,3.199
343.0,348.0,4.144,-4.548,-2.87,-3.275,-0.364,-0.322,-0.28,-0.237,-0.194,-0.151,-0.107,-0.062,-0.018,0.027,0.072,0.116,0.384,0.643,0.889,1.119,1.527,1.868,2.15,2.382,2.574,2.732,2.865,3.283
344.0,348.0,4.423,-4.763,-3.221,-3.275,-0.302,-0.264,-0.224,-0.183,-0.142,-0.1,-0.057,-0.014,0.03,0.074,0.118,0.163,0.432,0.697,0.951,1.191,1.62,1.982,2.282,2.53,2.735,2.905,3.047,3.497
345.0,348.0,4.228,-4.501,-3.78,-3.275,-0.254,-0.233,-0.211,-0.186,-0.16,-0.133,-0.104,-0.074,-0.043,-0.01,0.023,0.057,0.275,0.503,0.732,0.955,1.365,1.721,2.022,2.273,2.482,2.656,2.803,3.268
346.0,348.0,4.191,-4.321,-4.29,-3.275,-0.127,-0.122,-0.114,-0.103,-0.09,-0.075,-0.057,-0.038,-0.017,0.006,0.03,0.056,0.231,0.431,0.641,0.851,1.25,1.604,1.908,2.164,2.378,2.558,2.709,3.192
347.0,348.0,4.602,-4.54,-5.605,-3.275,0.039,0.021,0.007,-0.003,-0.008,-0.01,-0.009,-0.005,0.003,0.013,0.025,0.04,0.17,0.347,0.55,0.765,1.192,1.585,1.929,2.223,2.472,2.681,2.858,3.425
337.0,349.0,3.348,-3.578,-0.185,-3.275,-0.15,-0.072,0.003,0.076,0.147,0.216,0.283,0.348,0.411,0.472,0.531,0.589,0.903,1.169,1.394,1.587,1.893,2.122,2.296,2.432,2.539,2.625,2.695,2.911
338.0,349.0,3.09,-3.327,-0.085,-3.275,-0.161,-0.087,-0.015,0.054,0.122,0.187,0.251,0.312,0.372,0.43,0.487,0.541,0.838,1.087,1.298,1.477,1.762,1.973,2.133,2.257,2.355,2.433,2.497,2.693
339.0,349.0,3.013,-3.273,-0.168,-3.275,-0.186,-0.115,-0.046,0.021,0.086,0.149,0.21,0.269,0.327,0.383,0.437,0.49,0.778,1.021,1.227,1.403,1.683,1.892,2.052,2.176,2.274,2.352,2.417,2.614
340.0,349.0,2.721,-2.983,-0.017,-3.275,-0.192,-0.124,-0.059,0.005,0.066,0.126,0.184,0.24,0.295,0.347,0.399,0.448,0.717,0.942,1.132,1.293,1.548,1.736,1.878,1.988,2.074,2.144,2.2,2.373
341.0,349.0,3.394,-3.752,-1.04,-3.275,-0.293,-0.23,-0.169,-0.108,-0.049,0.009,0.066,0.122,0.177,0.23,0.283,0.334,0.621,0.874,1.098,1.295,1.622,1.878,2.081,2.242,2.372,2.478,2.565,2.838
342.0,349.0,3.967,-4.355,-1.873,-3.275,-0.329,-0.27,-0.212,-0.155,-0.098,-0.041,0.014,0.07,0.124,0.178,0.231,0.283,0.583,0.858,1.107,1.332,1.716,2.026,2.276,2.479,2.644,2.779,2.892,3.244
343.0,349.0,4.148,-4.596,-2.543,-3.275,-0.399,-0.35,-0.3,-0.25,-0.2,-0.15,-0.1,-0.05,-0.0,0.05,0.099,0.148,0.436,0.709,0.963,1.197,1.607,1.945,2.222,2.449,2.634,2.788,2.916,3.319
344.0,349.0,4.423,-4.816,-2.888,-3.275,-0.346,-0.299,-0.252,-0.204,-0.155,-0.107,-0.058,-0.009,0.041,0.09,0.139,0.188,0.479,0.758,1.02,1.265,1.696,2.055,2.35,2.592,2.792,2.957,3.094,3.529
345.0,349.0,4.201,-4.559,-3.32,-3.275,-0.327,-0.295,-0.262,-0.228,-0.192,-0.156,-0.119,-0.081,-0.042,-0.003,0.037,0.077,0.322,0.569,0.809,1.037,1.449,1.8,2.093,2.336,2.537,2.704,2.844,3.287
346.0,349.0,4.141,-4.385,-3.732,-3.275,-0.227,-0.208,-0.187,-0.164,-0.14,-0.114,-0.086,-0.058,-0.028,0.003,0.035,0.068,0.277,0.498,0.721,0.937,1.338,1.685,1.979,2.225,2.43,2.601,2.744,3.2
347.0,349.0,4.517,-4.62,-4.908,-3.275,-0.108,-0.109,-0.107,-0.101,-0.093,-0.082,-0.068,-0.052,-0.034,-0.013,0.009,0.033,0.204,0.408,0.627,0.85,1.279,1.664,1.996,2.277,2.513,2.712,2.879,3.412
348.0,349.0,4.979,-5.001,-5.469,-3.275,-0.031,-0.035,-0.036,-0.033,-0.027,-0.018,-0.005,0.01,0.027,0.047,0.07,0.094,0.272,0.488,0.723,0.963,1.429,1.848,2.211,2.519,2.778,2.996,3.179,3.765
338.0,350.0,3.143,-3.342,0.04,-3.275,-0.12,-0.042,0.032,0.104,0.175,0.242,0.308,0.372,0.434,0.494,0.552,0.608,0.912,1.166,1.38,1.561,1.845,2.055,2.213,2.335,2.431,2.507,2.569,2.759
339.0,350.0,3.062,-3.288,-0.018,-3.275,-0.149,-0.074,-0.002,0.068,0.136,0.202,0.265,0.327,0.387,0.446,0.502,0.557,0.853,1.102,1.311,1.488,1.769,1.976,2.133,2.254,2.349,2.426,2.488,2.678
340.0,350.0,2.764,-2.995,0.166,-3.275,-0.157,-0.085,-0.015,0.052,0.117,0.18,0.241,0.3,0.357,0.413,0.466,0.518,0.797,1.029,1.223,1.385,1.639,1.825,1.964,2.07,2.153,2.219,2.273,2.436
341.0,350.0,3.431,-3.778,-0.841,-3.275,-0.278,-0.21,-0.143,-0.079,-0.015,0.047,0.107,0.166,0.224,0.281,0.336,0.39,0.689,0.951,1.179,1.378,1.706,1.96,2.159,2.317,2.443,2.546,2.631,2.894
342.0,350.0,3.997,-4.392,-1.661,-3.275,-0.33,-0.266,-0.203,-0.141,-0.079,-0.018,0.041,0.1,0.158,0.215,0.272,0.327,0.641,0.924,1.179,1.407,1.793,2.102,2.349,2.548,2.709,2.842,2.951,3.294
343.0,350.0,4.164,-4.641,-2.271,-3.275,-0.42,-0.364,-0.307,-0.251,-0.196,-0.14,-0.085,-0.03,0.024,0.078,0.131,0.184,0.49,0.774,1.035,1.273,1.685,2.021,2.294,2.516,2.697,2.847,2.971,3.362
344.0,350.0,4.435,-4.865,-2.611,-3.275,-0.376,-0.321,-0.267,-0.213,-0.158,-0.104,-0.05,0.004,0.058,0.112,0.165,0.218,0.527,0.818,1.088,1.336,1.77,2.126,2.417,2.655,2.85,3.011,3.146,3.568
345.0,350.0,4.191,-4.612,-2.932,-3.275,-0.381,-0.339,-0.297,-0.254,-0.21,-0.167,-0.122,-0.078,-0.033,0.012,0.057,0.103,0.373,0.635,0.884,1.117,1.531,1.878,2.164,2.4,2.595,2.756,2.891,3.316
346.0,350.0,4.112,-4.443,-3.259,-3.275,-0.301,-0.271,-0.239,-0.206,-0.172,-0.137,-0.101,-0.064,-0.027,0.011,0.049,0.088,0.326,0.566,0.799,1.021,1.423,1.766,2.051,2.288,2.485,2.648,2.785,3.218
347.0,350.0,4.458,-4.692,-4.315,-3.275,-0.223,-0.21,-0.194,-0.176,-0.156,-0.133,-0.109,-0.083,-0.055,-0.026,0.004,0.035,0.243,0.47,0.703,0.933,1.364,1.742,2.064,2.334,2.56,2.749,2.908,3.413
348.0,350.0,4.915,-5.081,-4.872,-3.275,-0.159,-0.149,-0.136,-0.12,-0.102,-0.081,-0.057,-0.032,-0.005,0.024,0.054,0.086,0.301,0.541,0.791,1.038,1.507,1.92,2.273,2.57,2.819,3.027,3.202,3.76
349.0,350.0,4.387,-4.393,-4.84,-3.275,-0.014,-0.019,-0.021,-0.019,-0.014,-0.006,0.004,0.017,0.032,0.049,0.068,0.089,0.243,0.432,0.638,0.849,1.258,1.627,1.947,2.218,2.446,2.638,2.799,3.316
339.0,351.0,3.116,-3.302,0.104,-3.275,-0.106,-0.028,0.047,0.119,0.19,0.258,0.324,0.388,0.45,0.51,0.568,0.624,0.928,1.181,1.393,1.572,1.853,2.059,2.214,2.332,2.425,2.5,2.56,2.744
340.0,351.0,2.814,-3.006,0.316,-3.275,-0.114,-0.038,0.035,0.105,0.173,0.239,0.302,0.364,0.423,0.48,0.536,0.59,0.877,1.114,1.311,1.475,1.729,1.912,2.048,2.151,2.231,2.295,2.346,2.502
341.0,351.0,3.474,-3.802,-0.678,-3.275,-0.253,-0.182,-0.111,-0.043,0.024,0.089,0.153,0.215,0.275,0.334,0.392,0.448,0.758,1.025,1.257,1.459,1.788,2.04,2.237,2.392,2.515,2.616,2.699,2.954
342.0,351.0,4.035,-4.427,-1.487,-3.275,-0.322,-0.253,-0.186,-0.119,-0.054,0.01,0.073,0.135,0.196,0.256,0.315,0.373,0.699,0.99,1.249,1.48,1.868,2.176,2.42,2.616,2.775,2.905,3.013,3.348
343.0,351.0,4.19,-4.682,-2.045,-3.275,-0.429,-0.367,-0.305,-0.244,-0.183,-0.123,-0.064,-0.005,0.053,0.111,0.168,0.224,0.544,0.838,1.105,1.347,1.761,2.095,2.365,2.583,2.761,2.907,3.029,3.409
344.0,351.0,4.458,-4.911,-2.381,-3.275,-0.393,-0.332,-0.272,-0.212,-0.153,-0.094,-0.035,0.023,0.081,0.138,0.195,0.251,0.576,0.877,1.154,1.406,1.842,2.197,2.485,2.719,2.911,3.068,3.2,3.612
345.0,351.0,4.195,-4.661,-2.607,-3.275,-0.417,-0.367,-0.317,-0.267,-0.217,-0.166,-0.116,-0.066,-0.016,0.034,0.084,0.134,0.424,0.7,0.957,1.195,1.611,1.954,2.236,2.466,2.655,2.811,2.942,3.352
346.0,351.0,4.1,-4.495,-2.861,-3.275,-0.356,-0.315,-0.274,-0.232,-0.19,-0.147,-0.104,-0.061,-0.017,0.027,0.071,0.115,0.378,0.633,0.876,1.103,1.507,1.845,2.124,2.354,2.543,2.701,2.832,3.246
347.0,351.0,4.42,-4.757,-3.814,-3.275,-0.313,-0.288,-0.26,-0.231,-0.2,-0.168,-0.135,-0.1,-0.065,-0.028,0.009,0.047,0.286,0.533,0.778,1.014,1.447,1.819,2.133,2.394,2.611,2.792,2.944,3.425
348.0,351.0,4.872,-5.153,-4.367,-3.275,-0.261,-0.239,-0.214,-0.187,-0.157,-0.127,-0.094,-0.06,-0.025,0.012,0.049,0.088,0.335,0.595,0.857,1.112,1.582,1.99,2.335,2.624,2.864,3.064,3.233,3.767
349.0,351.0,4.322,-4.463,-4.223,-3.275,-0.134,-0.124,-0.111,-0.096,-0.079,-0.06,-0.038,-0.015,0.009,0.035,0.063,0.092,0.283,0.496,0.716,0.934,1.345,1.707,2.015,2.275,2.492,2.674,2.827,3.314
350.0,351.0,4.348,-4.359,-4.752,-3.275,-0.018,-0.022,-0.022,-0.02,-0.014,-0.005,0.006,0.019,0.035,0.052,0.072,0.093,0.249,0.438,0.643,0.852,1.258,1.623,1.939,2.207,2.433,2.622,2.782,3.291
340.0,352.0,2.87,-3.016,0.438,-3.275,-0.065,0.013,0.089,0.162,0.232,0.3,0.366,0.429,0.49,0.549,0.606,0.662,0.956,1.198,1.397,1.562,1.816,1.997,2.131,2.232,2.309,2.371,2.42,2.57
341.0,352.0,3.524,-3.824,-0.546,-3.275,-0.222,-0.147,-0.074,-0.002,0.067,0.135,0.201,0.266,0.328,0.389,0.449,0.507,0.825,1.099,1.334,1.538,1.867,2.119,2.313,2.466,2.588,2.686,2.767,3.017
342.0,352.0,4.08,-4.459,-1.346,-3.275,-0.306,-0.234,-0.163,-0.093,-0.024,0.043,0.109,0.174,0.237,0.299,0.361,0.42,0.756,1.054,1.318,1.551,1.941,2.248,2.491,2.685,2.842,2.97,3.076,3.406
343.0,352.0,4.226,-4.722,-1.86,-3.275,-0.428,-0.361,-0.294,-0.229,-0.164,-0.1,-0.037,0.025,0.087,0.147,0.207,0.265,0.599,0.901,1.174,1.419,1.835,2.168,2.435,2.65,2.826,2.969,3.088,3.462
344.0,352.0,4.49,-4.955,-2.193,-3.275,-0.399,-0.334,-0.269,-0.204,-0.141,-0.078,-0.015,0.047,0.108,0.168,0.228,0.287,0.625,0.935,1.218,1.473,1.911,2.265,2.551,2.783,2.972,3.127,3.256,3.661
345.0,352.0,4.212,-4.707,-2.336,-3.275,-0.438,-0.382,-0.325,-0.269,-0.213,-0.157,-0.102,-0.047,0.008,0.062,0.116,0.169,0.477,0.764,1.029,1.27,1.688,2.029,2.307,2.533,2.717,2.87,2.996,3.394
346.0,352.0,4.102,-4.543,-2.526,-3.275,-0.392,-0.343,-0.294,-0.245,-0.196,-0.147,-0.098,-0.048,0.001,0.05,0.098,0.147,0.431,0.7,0.951,1.182,1.588,1.922,2.196,2.42,2.604,2.756,2.883,3.282
347.0,352.0,4.4,-4.816,-3.391,-3.275,-0.381,-0.345,-0.307,-0.269,-0.229,-0.189,-0.148,-0.106,-0.064,-0.021,0.022,0.066,0.331,0.595,0.85,1.092,1.527,1.895,2.202,2.455,2.665,2.84,2.986,3.448
348.0,352.0,4.848,-5.22,-3.941,-3.275,-0.341,-0.307,-0.272,-0.236,-0.198,-0.158,-0.118,-0.076,-0.034,0.009,0.053,0.097,0.372,0.65,0.922,1.183,1.656,2.06,2.398,2.679,2.913,3.107,3.269,3.784
349.0,352.0,4.28,-4.527,-3.701,-3.275,-0.227,-0.204,-0.179,-0.153,-0.125,-0.096,-0.065,-0.033,-0.0,0.034,0.068,0.104,0.328,0.56,0.792,1.017,1.429,1.785,2.085,2.335,2.543,2.717,2.863,3.325
350.0,352.0,4.285,-4.429,-4.142,-3.275,-0.135,-0.124,-0.111,-0.095,-0.077,-0.057,-0.035,-0.011,0.014,0.04,0.068,0.097,0.29,0.502,0.721,0.938,1.345,1.703,2.008,2.265,2.48,2.659,2.81,3.291
351.0,352.0,4.384,-4.47,-4.201,-3.275,-0.078,-0.067,-0.054,-0.038,-0.021,-0.001,0.021,0.045,0.07,0.096,0.124,0.153,0.346,0.56,0.781,0.999,1.411,1.772,2.081,2.34,2.557,2.739,2.892,3.378
341.0,353.0,3.579,-3.845,-0.44,-3.275,-0.186,-0.107,-0.031,0.042,0.114,0.184,0.252,0.319,0.383,0.446,0.507,0.567,0.892,1.17,1.409,1.614,1.945,2.195,2.388,2.539,2.66,2.757,2.836,3.081
342.0,353.0,4.13,-4.491,-1.234,-3.275,-0.284,-0.208,-0.134,-0.062,0.01,0.079,0.148,0.215,0.28,0.345,0.407,0.469,0.813,1.117,1.384,1.62,2.012,2.318,2.56,2.753,2.908,3.035,3.14,3.465
343.0,353.0,4.268,-4.759,-1.71,-3.275,-0.419,-0.347,-0.277,-0.208,-0.139,-0.072,-0.006,0.059,0.123,0.186,0.248,0.309,0.654,0.963,1.241,1.488,1.906,2.239,2.504,2.718,2.891,3.033,3.15,3.517
344.0,353.0,4.53,-4.997,-2.04,-3.275,-0.397,-0.327,-0.258,-0.19,-0.123,-0.056,0.01,0.074,0.138,0.201,0.264,0.325,0.674,0.992,1.28,1.538,1.979,2.333,2.617,2.847,3.034,3.187,3.315,3.713
345.0,353.0,4.238,-4.749,-2.112,-3.275,-0.448,-0.386,-0.324,-0.262,-0.201,-0.141,-0.081,-0.022,0.036,0.094,0.151,0.208,0.531,0.828,1.098,1.343,1.764,2.103,2.377,2.6,2.781,2.93,3.054,3.442
346.0,353.0,4.117,-4.587,-2.247,-3.275,-0.414,-0.358,-0.303,-0.247,-0.192,-0.137,-0.083,-0.029,0.025,0.078,0.131,0.183,0.485,0.766,1.024,1.259,1.667,1.999,2.268,2.487,2.667,2.815,2.938,3.324
347.0,353.0,4.396,-4.871,-3.036,-3.275,-0.43,-0.385,-0.339,-0.293,-0.246,-0.198,-0.151,-0.103,-0.055,-0.006,0.042,0.091,0.379,0.657,0.921,1.168,1.605,1.97,2.271,2.519,2.723,2.892,3.033,3.479
348.0,353.0,4.839,-5.282,-3.584,-3.275,-0.401,-0.359,-0.315,-0.27,-0.224,-0.178,-0.131,-0.083,-0.035,0.014,0.063,0.112,0.41,0.704,0.986,1.251,1.727,2.129,2.462,2.737,2.965,3.153,3.311,3.811
349.0,353.0,4.256,-4.585,-3.259,-3.275,-0.297,-0.263,-0.228,-0.192,-0.155,-0.117,-0.078,-0.039,0.001,0.041,0.082,0.123,0.375,0.625,0.867,1.097,1.511,1.863,2.155,2.397,2.598,2.765,2.904,3.346
350.0,353.0,4.244,-4.491,-3.625,-3.275,-0.226,-0.202,-0.176,-0.149,-0.121,-0.091,-0.06,-0.028,0.006,0.04,0.075,0.11,0.335,0.567,0.798,1.021,1.43,1.782,2.078,2.326,2.531,2.703,2.846,3.302
351.0,353.0,4.342,-4.534,-3.688,-3.275,-0.17,-0.147,-0.122,-0.095,-0.067,-0.037,-0.006,0.026,0.059,0.094,0.128,0.164,0.389,0.623,0.855,1.08,1.493,1.849,2.149,2.399,2.607,2.781,2.926,3.388
352.0,353.0,4.262,-4.365,-4.048,-3.275,-0.094,-0.082,-0.068,-0.052,-0.034,-0.013,0.009,0.033,0.058,0.084,0.112,0.141,0.333,0.543,0.759,0.973,1.374,1.727,2.027,2.279,2.49,2.666,2.814,3.286
342.0,354.0,4.185,-4.521,-1.146,-3.275,-0.256,-0.178,-0.102,-0.027,0.047,0.118,0.189,0.258,0.325,0.391,0.455,0.518,0.87,1.178,1.449,1.687,2.08,2.387,2.628,2.82,2.975,3.101,3.204,3.527
343.0,354.0,4.317,-4.795,-1.59,-3.275,-0.402,-0.327,-0.254,-0.182,-0.11,-0.04,0.028,0.096,0.162,0.227,0.291,0.354,0.708,1.024,1.305,1.555,1.976,2.308,2.573,2.785,2.956,3.097,3.213,3.575
344.0,354.0,4.576,-5.037,-1.918,-3.275,-0.387,-0.314,-0.242,-0.17,-0.1,-0.031,0.038,0.105,0.171,0.237,0.301,0.364,0.724,1.048,1.34,1.602,2.045,2.399,2.682,2.911,3.096,3.248,3.374,3.769
345.0,354.0,4.274,-4.79,-1.928,-3.275,-0.448,-0.38,-0.314,-0.248,-0.183,-0.119,-0.056,0.007,0.069,0.13,0.19,0.249,0.585,0.89,1.166,1.414,1.837,2.175,2.447,2.667,2.845,2.992,3.113,3.494
346.0,354.0,4.143,-4.629,-2.016,-3.275,-0.423,-0.362,-0.3,-0.24,-0.18,-0.12,-0.061,-0.003,0.054,0.111,0.167,0.223,0.54,0.831,1.095,1.334,1.743,2.073,2.34,2.555,2.731,2.876,2.996,3.372
347.0,354.0,4.406,-4.922,-2.74,-3.275,-0.463,-0.411,-0.358,-0.304,-0.251,-0.198,-0.144,-0.091,-0.038,0.015,0.068,0.12,0.428,0.719,0.991,1.242,1.681,2.043,2.34,2.583,2.782,2.947,3.084,3.517
348.0,354.0,4.845,-5.34,-3.287,-3.275,-0.445,-0.395,-0.344,-0.292,-0.24,-0.187,-0.135,-0.081,-0.028,0.026,0.079,0.133,0.451,0.757,1.048,1.318,1.797,2.196,2.525,2.796,3.019,3.203,3.358,3.844
349.0,354.0,4.249,-4.638,-2.888,-3.275,-0.347,-0.304,-0.26,-0.216,-0.171,-0.126,-0.081,-0.035,0.011,0.057,0.103,0.149,0.424,0.689,0.941,1.175,1.591,1.939,2.225,2.461,2.656,2.817,2.951,3.375
350.0,354.0,4.222,-4.548,-3.188,-3.275,-0.293,-0.259,-0.223,-0.187,-0.149,-0.111,-0.072,-0.032,0.008,0.049,0.09,0.131,0.383,0.632,0.873,1.102,1.512,1.86,2.149,2.388,2.586,2.751,2.889,3.324
351.0,354.0,4.319,-4.592,-3.255,-3.275,-0.239,-0.205,-0.17,-0.134,-0.097,-0.059,-0.02,0.02,0.06,0.1,0.141,0.183,0.435,0.686,0.929,1.159,1.574,1.925,2.218,2.46,2.661,2.828,2.967,3.409
352.0,354.0,4.222,-4.427,-3.537,-3.275,-0.183,-0.158,-0.133,-0.105,-0.076,-0.046,-0.015,0.017,0.05,0.085,0.119,0.155,0.378,0.608,0.836,1.056,1.459,1.805,2.097,2.339,2.541,2.71,2.851,3.298
353.0,354.0,3.985,-4.049,-3.868,-3.275,-0.058,-0.05,-0.039,-0.026,-0.011,0.006,0.025,0.045,0.067,0.09,0.115,0.14,0.312,0.504,0.703,0.9,1.273,1.602,1.883,2.12,2.318,2.483,2.623,3.067
343.0,355.0,4.37,-4.83,-1.496,-3.275,-0.38,-0.303,-0.226,-0.152,-0.078,-0.006,0.065,0.135,0.203,0.27,0.336,0.4,0.762,1.083,1.368,1.621,2.043,2.376,2.64,2.851,3.022,3.161,3.277,3.636
344.0,355.0,4.627,-5.076,-1.822,-3.275,-0.372,-0.296,-0.221,-0.147,-0.074,-0.002,0.069,0.138,0.206,0.274,0.34,0.405,0.772,1.103,1.399,1.663,2.109,2.463,2.746,2.974,3.159,3.31,3.435,3.826
345.0,355.0,4.316,-4.828,-1.779,-3.275,-0.439,-0.368,-0.297,-0.228,-0.159,-0.092,-0.025,0.04,0.104,0.168,0.23,0.292,0.639,0.952,1.232,1.483,1.908,2.246,2.516,2.734,2.91,3.055,3.175,3.549
346.0,355.0,4.177,-4.667,-1.825,-3.275,-0.423,-0.356,-0.29,-0.225,-0.16,-0.097,-0.034,0.027,0.088,0.148,0.207,0.265,0.596,0.895,1.165,1.407,1.818,2.147,2.41,2.623,2.796,2.938,3.056,3.424
347.0,355.0,4.427,-4.969,-2.494,-3.275,-0.483,-0.424,-0.365,-0.306,-0.247,-0.189,-0.131,-0.073,-0.016,0.041,0.097,0.153,0.477,0.78,1.058,1.313,1.755,2.115,2.409,2.648,2.843,3.005,3.139,3.561
348.0,355.0,4.862,-5.395,-3.04,-3.275,-0.476,-0.419,-0.362,-0.304,-0.247,-0.189,-0.131,-0.073,-0.015,0.042,0.1,0.157,0.492,0.81,1.108,1.383,1.864,2.262,2.588,2.855,3.075,3.256,3.407,3.883
349.0,355.0,4.255,-4.686,-2.577,-3.275,-0.381,-0.33,-0.279,-0.228,-0.176,-0.125,-0.074,-0.023,0.028,0.079,0.13,0.18,0.475,0.753,1.012,1.251,1.669,2.014,2.296,2.526,2.715,2.872,3.002,3.412
350.0,355.0,4.215,-4.6,-2.821,-3.275,-0.342,-0.298,-0.254,-0.209,-0.164,-0.119,-0.073,-0.027,0.019,0.066,0.112,0.158,0.432,0.697,0.947,1.18,1.593,1.936,2.22,2.452,2.644,2.803,2.936,3.354
351.0,355.0,4.312,-4.645,-2.891,-3.275,-0.29,-0.247,-0.203,-0.158,-0.114,-0.068,-0.023,0.023,0.069,0.115,0.161,0.207,0.482,0.748,1.0,1.235,1.652,2.0,2.287,2.523,2.717,2.879,3.013,3.438
352.0,355.0,4.2,-4.483,-3.105,-3.275,-0.249,-0.214,-0.178,-0.141,-0.104,-0.065,-0.026,0.013,0.054,0.094,0.135,0.176,0.426,0.673,0.911,1.137,1.541,1.883,2.167,2.402,2.596,2.758,2.893,3.32
353.0,355.0,3.94,-4.108,-3.327,-3.275,-0.148,-0.127,-0.104,-0.079,-0.053,-0.026,0.002,0.032,0.062,0.093,0.125,0.157,0.362,0.574,0.785,0.989,1.363,1.685,1.956,2.183,2.371,2.528,2.66,3.077
354.0,355.0,4.024,-4.118,-3.634,-3.275,-0.081,-0.066,-0.049,-0.03,-0.009,0.013,0.037,0.062,0.088,0.116,0.144,0.173,0.363,0.567,0.774,0.977,1.354,1.682,1.961,2.195,2.39,2.553,2.69,3.125
344.0,356.0,4.683,-5.114,-1.749,-3.275,-0.352,-0.273,-0.196,-0.12,-0.045,0.029,0.101,0.173,0.243,0.312,0.379,0.446,0.82,1.156,1.455,1.722,2.17,2.526,2.809,3.037,3.221,3.372,3.496,3.886
345.0,356.0,4.365,-4.865,-1.66,-3.275,-0.424,-0.349,-0.275,-0.202,-0.131,-0.061,0.008,0.076,0.143,0.208,0.273,0.336,0.692,1.012,1.296,1.55,1.977,2.315,2.584,2.8,2.975,3.119,3.237,3.608
346.0,356.0,4.219,-4.704,-1.671,-3.275,-0.413,-0.342,-0.272,-0.203,-0.136,-0.069,-0.003,0.062,0.125,0.188,0.249,0.31,0.651,0.958,1.232,1.477,1.89,2.218,2.48,2.691,2.862,3.002,3.117,3.479
347.0,356.0,4.457,-5.014,-2.291,-3.275,-0.492,-0.427,-0.363,-0.3,-0.236,-0.174,-0.112,-0.05,0.011,0.071,0.13,0.189,0.528,0.839,1.124,1.382,1.826,2.186,2.477,2.713,2.905,3.064,3.196,3.609
348.0,356.0,4.889,-5.447,-2.837,-3.275,-0.495,-0.433,-0.37,-0.308,-0.245,-0.183,-0.121,-0.059,0.002,0.063,0.124,0.184,0.534,0.863,1.166,1.445,1.93,2.327,2.651,2.916,3.132,3.311,3.46,3.928
349.0,356.0,4.273,-4.732,-2.318,-3.275,-0.401,-0.343,-0.286,-0.229,-0.172,-0.116,-0.059,-0.004,0.052,0.107,0.161,0.215,0.526,0.816,1.082,1.325,1.745,2.087,2.365,2.592,2.777,2.929,3.056,3.455
350.0,356.0,4.223,-4.648,-2.513,-3.275,-0.374,-0.323,-0.271,-0.22,-0.168,-0.116,-0.065,-0.013,0.038,0.089,0.139,0.19,0.484,0.761,1.019,1.256,1.671,2.012,2.29,2.518,2.705,2.859,2.987,3.392
351.0,356.0,4.319,-4.694,-2.586,-3.275,-0.324,-0.273,-0.222,-0.171,-0.12,-0.068,-0.017,0.034,0.085,0.136,0.187,0.237,0.532,0.81,1.07,1.309,1.728,2.073,2.355,2.586,2.776,2.933,3.063,3.474
352.0,356.0,4.195,-4.534,-2.741,-3.275,-0.296,-0.252,-0.208,-0.163,-0.118,-0.072,-0.027,0.019,0.065,0.111,0.157,0.203,0.476,0.738,0.985,1.215,1.621,1.959,2.237,2.466,2.654,2.81,2.94,3.35
353.0,356.0,3.915,-4.161,-2.87,-3.275,-0.215,-0.182,-0.149,-0.114,-0.079,-0.043,-0.007,0.03,0.068,0.105,0.144,0.182,0.414,0.644,0.865,1.074,1.45,1.767,2.03,2.248,2.428,2.578,2.703,3.099
354.0,356.0,3.989,-4.174,-3.139,-3.275,-0.159,-0.132,-0.104,-0.074,-0.044,-0.012,0.02,0.054,0.088,0.122,0.157,0.193,0.413,0.636,0.854,1.062,1.441,1.763,2.034,2.258,2.444,2.599,2.729,3.14
355.0,356.0,3.995,-4.129,-3.15,-3.275,-0.109,-0.084,-0.056,-0.028,0.001,0.032,0.064,0.096,0.129,0.163,0.197,0.232,0.447,0.666,0.881,1.087,1.461,1.782,2.05,2.273,2.458,2.612,2.742,3.151
345.0,357.0,4.419,-4.9,-1.566,-3.275,-0.402,-0.325,-0.248,-0.173,-0.099,-0.027,0.044,0.114,0.183,0.25,0.316,0.381,0.745,1.07,1.358,1.615,2.043,2.382,2.651,2.866,3.041,3.183,3.301,3.668
346.0,357.0,4.267,-4.739,-1.547,-3.275,-0.397,-0.322,-0.249,-0.177,-0.106,-0.037,0.032,0.099,0.165,0.229,0.293,0.355,0.706,1.019,1.298,1.545,1.96,2.289,2.549,2.758,2.928,3.066,3.18,3.537
347.0,357.0,4.495,-5.057,-2.127,-3.275,-0.492,-0.422,-0.354,-0.286,-0.219,-0.153,-0.087,-0.023,0.041,0.104,0.166,0.228,0.578,0.898,1.188,1.449,1.896,2.255,2.544,2.778,2.969,3.125,3.255,3.662
348.0,357.0,4.925,-5.497,-2.673,-3.275,-0.505,-0.438,-0.371,-0.304,-0.238,-0.172,-0.106,-0.041,0.024,0.088,0.151,0.214,0.577,0.914,1.223,1.506,1.993,2.391,2.713,2.976,3.191,3.367,3.514,3.976
349.0,357.0,4.301,-4.774,-2.105,-3.275,-0.41,-0.346,-0.284,-0.222,-0.16,-0.099,-0.039,0.021,0.08,0.138,0.196,0.253,0.579,0.878,1.15,1.396,1.818,2.159,2.435,2.658,2.84,2.989,3.113,3.503
350.0,357.0,4.242,-4.693,-2.257,-3.275,-0.393,-0.335,-0.277,-0.22,-0.163,-0.106,-0.049,0.006,0.062,0.117,0.171,0.225,0.536,0.825,1.089,1.33,1.747,2.085,2.36,2.584,2.766,2.917,3.042,3.435
351.0,357.0,4.337,-4.739,-2.332,-3.275,-0.345,-0.287,-0.23,-0.173,-0.116,-0.06,-0.004,0.052,0.107,0.162,0.217,0.27,0.582,0.872,1.138,1.381,1.802,2.145,2.424,2.651,2.836,2.989,3.117,3.516
352.0,357.0,4.202,-4.581,-2.437,-3.275,-0.327,-0.276,-0.224,-0.172,-0.121,-0.069,-0.018,0.033,0.084,0.135,0.185,0.235,0.527,0.802,1.057,1.291,1.699,2.034,2.308,2.531,2.714,2.866,2.991,3.388
353.0,357.0,3.905,-4.208,-2.484,-3.275,-0.261,-0.219,-0.177,-0.134,-0.091,-0.048,-0.004,0.039,0.083,0.126,0.17,0.213,0.469,0.714,0.944,1.158,1.534,1.847,2.104,2.315,2.488,2.632,2.751,3.129
354.0,357.0,3.972,-4.225,-2.72,-3.275,-0.217,-0.179,-0.141,-0.103,-0.064,-0.024,0.016,0.056,0.097,0.138,0.179,0.22,0.465,0.705,0.932,1.146,1.525,1.843,2.106,2.323,2.502,2.651,2.774,3.166
355.0,357.0,3.976,-4.18,-2.726,-3.275,-0.168,-0.132,-0.095,-0.058,-0.02,0.019,0.058,0.097,0.137,0.177,0.217,0.257,0.499,0.734,0.959,1.17,1.546,1.861,2.122,2.338,2.515,2.663,2.786,3.175
356.0,357.0,3.626,-3.753,-2.684,-3.275,-0.101,-0.074,-0.046,-0.016,0.014,0.045,0.076,0.108,0.14,0.173,0.206,0.24,0.445,0.649,0.847,1.036,1.375,1.663,1.902,2.101,2.266,2.402,2.517,2.879
346.0,358.0,4.32,-4.774,-1.449,-3.275,-0.375,-0.297,-0.221,-0.147,-0.073,-0.002,0.069,0.138,0.206,0.273,0.338,0.402,0.761,1.079,1.361,1.611,2.029,2.357,2.617,2.825,2.993,3.131,3.244,3.598
347.0,358.0,4.541,-5.098,-1.994,-3.275,-0.483,-0.41,-0.338,-0.267,-0.197,-0.128,-0.059,0.008,0.074,0.14,0.204,0.268,0.629,0.956,1.25,1.514,1.963,2.323,2.611,2.843,3.032,3.187,3.315,3.717
348.0,358.0,4.967,-5.546,-2.541,-3.275,-0.507,-0.436,-0.365,-0.295,-0.225,-0.156,-0.087,-0.019,0.048,0.115,0.18,0.245,0.619,0.964,1.279,1.564,2.055,2.453,2.775,3.036,3.249,3.425,3.571,4.028
349.0,358.0,4.337,-4.815,-1.93,-3.275,-0.409,-0.341,-0.274,-0.207,-0.142,-0.077,-0.013,0.05,0.112,0.173,0.233,0.293,0.631,0.939,1.216,1.466,1.89,2.23,2.503,2.724,2.903,3.05,3.172,3.555
350.0,358.0,4.27,-4.734,-2.046,-3.275,-0.4,-0.337,-0.274,-0.211,-0.149,-0.088,-0.028,0.032,0.091,0.149,0.207,0.264,0.589,0.887,1.158,1.402,1.82,2.158,2.43,2.65,2.829,2.977,3.099,3.483
351.0,358.0,4.365,-4.782,-2.123,-3.275,-0.354,-0.291,-0.228,-0.167,-0.105,-0.044,0.016,0.075,0.134,0.193,0.25,0.307,0.633,0.932,1.204,1.451,1.874,2.216,2.492,2.715,2.898,3.048,3.173,3.563
352.0,358.0,4.221,-4.625,-2.184,-3.275,-0.345,-0.287,-0.229,-0.172,-0.115,-0.058,-0.002,0.054,0.109,0.164,0.218,0.271,0.58,0.865,1.127,1.364,1.774,2.107,2.377,2.597,2.776,2.923,3.046,3.431
353.0,358.0,3.911,-4.251,-2.16,-3.275,-0.291,-0.241,-0.191,-0.141,-0.091,-0.042,0.007,0.056,0.105,0.154,0.201,0.249,0.525,0.783,1.021,1.239,1.617,1.926,2.177,2.383,2.55,2.689,2.804,3.166
354.0,358.0,3.97,-4.271,-2.368,-3.275,-0.255,-0.21,-0.163,-0.117,-0.071,-0.024,0.022,0.068,0.115,0.161,0.207,0.252,0.52,0.773,1.009,1.226,1.608,1.922,2.179,2.39,2.563,2.705,2.824,3.199
355.0,358.0,3.972,-4.226,-2.369,-3.275,-0.209,-0.164,-0.119,-0.074,-0.028,0.017,0.063,0.108,0.154,0.199,0.244,0.289,0.552,0.802,1.035,1.25,1.628,1.939,2.194,2.403,2.575,2.717,2.835,3.207
356.0,358.0,3.609,-3.798,-2.259,-3.275,-0.152,-0.114,-0.076,-0.038,0.001,0.039,0.078,0.117,0.156,0.195,0.234,0.273,0.503,0.724,0.931,1.124,1.464,1.747,1.979,2.17,2.327,2.456,2.565,2.906
357.0,358.0,3.827,-3.993,-2.662,-3.275,-0.134,-0.101,-0.067,-0.032,0.003,0.039,0.076,0.113,0.15,0.187,0.225,0.262,0.49,0.713,0.927,1.128,1.488,1.79,2.041,2.248,2.419,2.561,2.679,3.054
347.0,359.0,4.591,-5.138,-1.89,-3.275,-0.469,-0.393,-0.318,-0.244,-0.171,-0.099,-0.028,0.041,0.11,0.177,0.244,0.309,0.679,1.012,1.31,1.577,2.029,2.389,2.676,2.908,3.096,3.25,3.377,3.776
348.0,359.0,5.015,-5.593,-2.438,-3.275,-0.502,-0.428,-0.354,-0.281,-0.208,-0.136,-0.065,0.005,0.075,0.143,0.211,0.278,0.662,1.013,1.332,1.621,2.115,2.514,2.836,3.096,3.309,3.483,3.628,4.083
349.0,359.0,4.381,-4.853,-1.789,-3.275,-0.399,-0.328,-0.257,-0.187,-0.118,-0.05,0.016,0.082,0.147,0.211,0.273,0.335,0.684,0.998,1.28,1.533,1.959,2.299,2.571,2.79,2.967,3.113,3.233,3.61
350.0,359.0,4.307,-4.774,-1.873,-3.275,-0.398,-0.33,-0.262,-0.196,-0.13,-0.065,-0.001,0.062,0.124,0.185,0.245,0.305,0.642,0.948,1.224,1.472,1.892,2.229,2.499,2.716,2.893,3.039,3.159,3.536
351.0,359.0,4.401,-4.823,-1.952,-3.275,-0.354,-0.286,-0.219,-0.153,-0.088,-0.023,0.04,0.103,0.165,0.226,0.286,0.346,0.684,0.991,1.269,1.519,1.944,2.285,2.559,2.78,2.96,3.108,3.231,3.615
352.0,359.0,4.25,-4.665,-1.975,-3.275,-0.351,-0.288,-0.225,-0.163,-0.101,-0.04,0.02,0.08,0.138,0.196,0.254,0.31,0.633,0.928,1.195,1.436,1.848,2.18,2.447,2.663,2.839,2.983,3.103,3.479
353.0,359.0,3.928,-4.291,-1.889,-3.275,-0.306,-0.25,-0.193,-0.137,-0.082,-0.027,0.027,0.081,0.134,0.186,0.238,0.289,0.583,0.851,1.096,1.318,1.697,2.003,2.251,2.451,2.614,2.749,2.86,3.21
354.0,359.0,3.981,-4.313,-2.074,-3.275,-0.279,-0.226,-0.173,-0.12,-0.067,-0.015,0.037,0.088,0.139,0.19,0.24,0.289,0.575,0.84,1.083,1.305,1.688,1.999,2.252,2.457,2.625,2.763,2.878,3.239
355.0,359.0,3.982,-4.268,-2.07,-3.275,-0.234,-0.182,-0.129,-0.077,-0.026,0.026,0.077,0.127,0.177,0.227,0.276,0.325,0.607,0.869,1.11,1.329,1.708,2.016,2.266,2.47,2.637,2.774,2.888,3.246
356.0,359.0,3.608,-3.838,-1.901,-3.275,-0.184,-0.138,-0.092,-0.046,0.0,0.046,0.091,0.136,0.18,0.225,0.269,0.312,0.564,0.798,1.014,1.21,1.551,1.829,2.055,2.239,2.39,2.514,2.617,2.942
357.0,359.0,3.819,-4.038,-2.283,-3.275,-0.177,-0.135,-0.092,-0.049,-0.006,0.037,0.08,0.124,0.167,0.21,0.253,0.295,0.546,0.784,1.006,1.212,1.573,1.871,2.115,2.315,2.479,2.615,2.728,3.085
358.0,359.0,3.627,-3.745,-2.692,-3.275,-0.093,-0.066,-0.038,-0.009,0.021,0.051,0.082,0.114,0.146,0.179,0.212,0.245,0.449,0.653,0.85,1.038,1.376,1.664,1.903,2.102,2.266,2.403,2.518,2.88
348.0,360.0,5.068,-5.639,-2.359,-3.275,-0.492,-0.415,-0.339,-0.263,-0.188,-0.114,-0.041,0.032,0.103,0.174,0.243,0.312,0.703,1.06,1.384,1.675,2.173,2.573,2.895,3.156,3.368,3.542,3.687,4.14
349.0,360.0,4.43,-4.89,-1.677,-3.275,-0.384,-0.309,-0.235,-0.162,-0.091,-0.02,0.049,0.117,0.184,0.25,0.315,0.378,0.736,1.057,1.343,1.598,2.027,2.367,2.638,2.855,3.032,3.176,3.295,3.668
350.0,360.0,4.351,-4.812,-1.734,-3.275,-0.388,-0.316,-0.244,-0.175,-0.106,-0.038,0.029,0.095,0.16,0.223,0.286,0.347,0.696,1.008,1.289,1.539,1.962,2.298,2.567,2.782,2.958,3.101,3.22,3.591
351.0,360.0,4.444,-4.862,-1.814,-3.275,-0.346,-0.274,-0.204,-0.134,-0.065,0.002,0.069,0.134,0.199,0.262,0.325,0.386,0.735,1.049,1.331,1.584,2.012,2.353,2.625,2.845,3.023,3.169,3.29,3.669
352.0,360.0,4.287,-4.704,-1.804,-3.275,-0.348,-0.28,-0.213,-0.147,-0.081,-0.017,0.047,0.11,0.171,0.232,0.292,0.351,0.686,0.989,1.261,1.505,1.919,2.25,2.515,2.729,2.902,3.045,3.163,3.532
353.0,360.0,3.955,-4.328,-1.665,-3.275,-0.31,-0.248,-0.186,-0.125,-0.065,-0.005,0.053,0.111,0.167,0.223,0.278,0.333,0.64,0.919,1.169,1.394,1.775,2.079,2.323,2.52,2.68,2.811,2.919,3.259
354.0,360.0,4.002,-4.352,-1.828,-3.275,-0.29,-0.23,-0.171,-0.113,-0.055,0.002,0.058,0.114,0.169,0.223,0.277,0.33,0.632,0.907,1.156,1.381,1.766,2.075,2.324,2.525,2.689,2.823,2.935,3.285
355.0,360.0,4.002,-4.307,-1.821,-3.275,-0.246,-0.187,-0.129,-0.072,-0.015,0.042,0.097,0.152,0.207,0.26,0.313,0.365,0.663,0.936,1.182,1.405,1.785,2.091,2.338,2.537,2.7,2.833,2.944,3.291
356.0,360.0,3.619,-3.874,-1.6,-3.275,-0.201,-0.147,-0.094,-0.042,0.01,0.061,0.112,0.162,0.211,0.26,0.308,0.355,0.625,0.871,1.094,1.294,1.636,1.911,2.132,2.31,2.455,2.575,2.674,2.984
357.0,360.0,3.824,-4.079,-1.964,-3.275,-0.204,-0.154,-0.103,-0.054,-0.004,0.045,0.094,0.143,0.191,0.239,0.286,0.333,0.603,0.854,1.084,1.293,1.655,1.95,2.189,2.383,2.542,2.673,2.781,3.123
358.0,360.0,3.609,-3.79,-2.265,-3.275,-0.144,-0.107,-0.069,-0.031,0.007,0.046,0.084,0.123,0.162,0.201,0.239,0.278,0.507,0.727,0.934,1.126,1.466,1.748,1.98,2.17,2.327,2.457,2.565,2.907
359.0,360.0,3.353,-3.442,-2.484,-3.275,-0.066,-0.041,-0.015,0.011,0.038,0.066,0.094,0.123,0.153,0.183,0.213,0.243,0.43,0.617,0.798,0.971,1.282,1.546,1.767,1.95,2.101,2.227,2.332,2.666
349.0,361.0,4.484,-4.926,-1.589,-3.275,-0.363,-0.285,-0.209,-0.133,-0.06,0.013,0.084,0.154,0.223,0.291,0.357,0.422,0.788,1.114,1.403,1.661,2.092,2.433,2.704,2.92,3.096,3.239,3.358,3.728
350.0,361.0,4.401,-4.848,-1.623,-3.275,-0.371,-0.296,-0.222,-0.149,-0.077,-0.007,0.063,0.131,0.198,0.263,0.328,0.391,0.748,1.067,1.351,1.604,2.029,2.366,2.634,2.848,3.022,3.164,3.282,3.649
351.0,361.0,4.492,-4.899,-1.704,-3.275,-0.331,-0.256,-0.183,-0.11,-0.039,0.031,0.1,0.168,0.235,0.3,0.365,0.428,0.786,1.106,1.392,1.648,2.077,2.419,2.691,2.909,3.086,3.231,3.351,3.726
352.0,361.0,4.331,-4.741,-1.667,-3.275,-0.337,-0.266,-0.195,-0.125,-0.056,0.011,0.078,0.143,0.208,0.271,0.333,0.394,0.739,1.049,1.326,1.572,1.989,2.319,2.583,2.795,2.966,3.107,3.223,3.587
353.0,361.0,3.99,-4.363,-1.48,-3.275,-0.304,-0.237,-0.17,-0.105,-0.041,0.022,0.084,0.145,0.205,0.264,0.322,0.378,0.699,0.985,1.241,1.468,1.851,2.154,2.395,2.589,2.746,2.874,2.98,3.312
354.0,361.0,4.033,-4.388,-1.626,-3.275,-0.289,-0.225,-0.161,-0.098,-0.036,0.025,0.086,0.145,0.203,0.261,0.317,0.373,0.688,0.972,1.227,1.455,1.841,2.149,2.395,2.593,2.753,2.885,2.994,3.335
355.0,361.0,4.032,-4.344,-1.615,-3.275,-0.247,-0.183,-0.12,-0.057,0.004,0.064,0.124,0.183,0.24,0.297,0.353,0.408,0.72,1.001,1.253,1.479,1.861,2.165,2.409,2.605,2.764,2.894,3.003,3.34
356.0,361.0,3.642,-3.907,-1.35,-3.275,-0.205,-0.145,-0.086,-0.028,0.029,0.085,0.14,0.194,0.248,0.3,0.352,0.402,0.688,0.944,1.172,1.376,1.718,1.99,2.207,2.381,2.522,2.638,2.733,3.031
357.0,361.0,3.842,-4.116,-1.698,-3.275,-0.217,-0.16,-0.103,-0.048,0.007,0.062,0.116,0.169,0.221,0.273,0.324,0.375,0.662,0.923,1.159,1.372,1.735,2.027,2.262,2.451,2.606,2.733,2.838,3.167
358.0,361.0,3.608,-3.83,-1.905,-3.275,-0.177,-0.131,-0.085,-0.039,0.006,0.052,0.097,0.141,0.186,0.23,0.273,0.317,0.568,0.801,1.016,1.213,1.553,1.83,2.056,2.24,2.39,2.515,2.618,2.942
359.0,361.0,3.333,-3.484,-2.033,-3.275,-0.117,-0.081,-0.046,-0.01,0.026,0.062,0.099,0.135,0.171,0.208,0.244,0.28,0.493,0.697,0.887,1.065,1.376,1.635,1.847,2.021,2.164,2.282,2.381,2.692
360.0,361.0,3.115,-3.239,-1.323,-3.275,-0.078,-0.033,0.012,0.056,0.099,0.143,0.185,0.227,0.268,0.309,0.35,0.389,0.616,0.822,1.008,1.176,1.461,1.691,1.875,2.024,2.145,2.245,2.327,2.586
350.0,362.0,4.455,-4.883,-1.537,-3.275,-0.349,-0.271,-0.194,-0.119,-0.045,0.027,0.099,0.169,0.237,0.305,0.371,0.436,0.8,1.124,1.412,1.668,2.095,2.432,2.699,2.914,3.087,3.228,3.345,3.71
351.0,362.0,4.546,-4.936,-1.619,-3.275,-0.311,-0.234,-0.158,-0.083,-0.009,0.063,0.134,0.204,0.272,0.34,0.406,0.471,0.836,1.161,1.451,1.709,2.141,2.483,2.755,2.973,3.149,3.294,3.413,3.785
352.0,362.0,4.38,-4.777,-1.557,-3.275,-0.32,-0.245,-0.171,-0.099,-0.027,0.043,0.112,0.179,0.246,0.311,0.375,0.438,0.792,1.107,1.388,1.638,2.056,2.387,2.65,2.86,3.031,3.17,3.285,3.645
353.0,362.0,4.033,-4.395,-1.33,-3.275,-0.29,-0.218,-0.148,-0.079,-0.012,0.054,0.119,0.183,0.246,0.307,0.367,0.426,0.757,1.05,1.31,1.54,1.924,2.227,2.466,2.658,2.812,2.939,3.043,3.368
354.0,362.0,4.072,-4.423,-1.46,-3.275,-0.28,-0.211,-0.143,-0.076,-0.01,0.054,0.118,0.18,0.241,0.301,0.361,0.419,0.745,1.037,1.296,1.527,1.915,2.221,2.465,2.661,2.819,2.948,3.055,3.389
355.0,362.0,4.07,-4.378,-1.446,-3.275,-0.239,-0.17,-0.103,-0.037,0.028,0.092,0.155,0.217,0.278,0.337,0.396,0.453,0.776,1.065,1.322,1.55,1.934,2.238,2.479,2.672,2.829,2.957,3.063,3.394
356.0,362.0,3.673,-3.937,-1.142,-3.275,-0.198,-0.133,-0.069,-0.006,0.055,0.115,0.174,0.232,0.289,0.344,0.399,0.452,0.751,1.015,1.248,1.455,1.799,2.069,2.282,2.452,2.59,2.702,2.795,3.084
357.0,362.0,3.869,-4.151,-1.477,-3.275,-0.218,-0.155,-0.094,-0.033,0.027,0.086,0.144,0.201,0.257,0.312,0.366,0.419,0.721,0.991,1.233,1.449,1.814,2.103,2.335,2.52,2.671,2.795,2.897,3.216
358.0,362.0,3.619,-3.866,-1.603,-3.275,-0.194,-0.141,-0.088,-0.036,0.016,0.067,0.117,0.167,0.216,0.265,0.313,0.36,0.629,0.874,1.096,1.296,1.637,1.912,2.132,2.311,2.456,2.575,2.674,2.984
359.0,362.0,3.328,-3.521,-1.653,-3.275,-0.148,-0.104,-0.06,-0.016,0.028,0.071,0.114,0.156,0.199,0.24,0.282,0.323,0.558,0.775,0.975,1.156,1.468,1.721,1.926,2.093,2.229,2.342,2.435,2.727
360.0,362.0,3.125,-3.267,-1.005,-3.275,-0.088,-0.036,0.016,0.067,0.117,0.166,0.214,0.261,0.307,0.352,0.397,0.441,0.686,0.903,1.096,1.267,1.553,1.778,1.956,2.099,2.214,2.308,2.386,2.629
361.0,362.0,2.49,-2.564,-1.413,-3.275,-0.046,-0.019,0.009,0.037,0.065,0.093,0.121,0.149,0.177,0.205,0.233,0.26,0.421,0.573,0.715,0.846,1.075,1.263,1.417,1.544,1.647,1.733,1.804,2.029
351.0,363.0,4.603,-4.971,-1.556,-3.275,-0.287,-0.208,-0.129,-0.053,0.023,0.097,0.17,0.241,0.311,0.38,0.447,0.513,0.885,1.215,1.508,1.768,2.203,2.546,2.818,3.036,3.212,3.356,3.475,3.846
352.0,363.0,4.434,-4.811,-1.472,-3.275,-0.298,-0.22,-0.144,-0.069,0.005,0.077,0.148,0.217,0.286,0.353,0.418,0.483,0.844,1.165,1.449,1.701,2.121,2.453,2.715,2.925,3.095,3.233,3.348,3.705
353.0,363.0,4.082,-4.426,-1.209,-3.275,-0.268,-0.194,-0.121,-0.049,0.021,0.09,0.158,0.224,0.289,0.352,0.414,0.475,0.814,1.114,1.377,1.61,1.996,2.298,2.536,2.726,2.879,3.004,3.107,3.427
354.0,363.0,4.118,-4.455,-1.327,-3.275,-0.264,-0.191,-0.119,-0.049,0.02,0.087,0.153,0.218,0.282,0.344,0.406,0.466,0.802,1.1,1.364,1.597,1.986,2.292,2.535,2.728,2.885,3.012,3.118,3.446
355.0,363.0,4.114,-4.41,-1.31,-3.275,-0.223,-0.151,-0.08,-0.01,0.058,0.125,0.19,0.255,0.318,0.379,0.44,0.5,0.833,1.128,1.389,1.62,2.005,2.308,2.548,2.74,2.894,3.021,3.125,3.45
356.0,363.0,3.712,-3.965,-0.972,-3.275,-0.182,-0.112,-0.044,0.022,0.087,0.15,0.213,0.273,0.333,0.391,0.448,0.504,0.813,1.085,1.323,1.532,1.877,2.145,2.356,2.523,2.658,2.768,2.858,3.139
357.0,363.0,3.905,-4.183,-1.295,-3.275,-0.21,-0.142,-0.076,-0.011,0.052,0.115,0.176,0.236,0.296,0.354,0.411,0.466,0.78,1.058,1.305,1.524,1.89,2.178,2.406,2.589,2.737,2.858,2.958,3.269
358.0,363.0,3.641,-3.899,-1.352,-3.275,-0.198,-0.139,-0.08,-0.022,0.035,0.09,0.145,0.199,0.253,0.305,0.356,0.407,0.692,0.947,1.175,1.378,1.72,1.991,2.208,2.382,2.522,2.638,2.733,3.031
359.0,363.0,3.337,-3.553,-1.333,-3.275,-0.164,-0.112,-0.06,-0.01,0.04,0.089,0.138,0.186,0.233,0.279,0.325,0.37,0.624,0.854,1.06,1.244,1.557,1.806,2.006,2.166,2.297,2.404,2.492,2.769
360.0,363.0,3.146,-3.292,-0.739,-3.275,-0.085,-0.026,0.031,0.088,0.143,0.197,0.25,0.301,0.351,0.401,0.449,0.496,0.756,0.984,1.182,1.356,1.642,1.863,2.037,2.174,2.285,2.375,2.449,2.678
361.0,363.0,2.475,-2.592,-0.958,-3.275,-0.078,-0.04,-0.002,0.035,0.072,0.108,0.144,0.179,0.213,0.247,0.281,0.313,0.5,0.668,0.818,0.953,1.181,1.362,1.508,1.624,1.719,1.797,1.861,2.063
362.0,363.0,2.905,-3.026,-1.251,-3.275,-0.078,-0.036,0.005,0.046,0.086,0.126,0.166,0.205,0.243,0.281,0.319,0.356,0.567,0.759,0.932,1.089,1.356,1.57,1.743,1.882,1.996,2.089,2.166,2.409
352.0,364.0,4.492,-4.845,-1.408,-3.275,-0.271,-0.191,-0.113,-0.036,0.039,0.113,0.186,0.257,0.327,0.395,0.462,0.528,0.895,1.22,1.508,1.762,2.185,2.517,2.78,2.989,3.159,3.297,3.411,3.766
353.0,364.0,4.135,-4.456,-1.115,-3.275,-0.242,-0.164,-0.089,-0.015,0.058,0.129,0.199,0.267,0.333,0.398,0.462,0.524,0.871,1.176,1.443,1.677,2.065,2.367,2.605,2.794,2.946,3.069,3.171,3.488
354.0,364.0,4.168,-4.487,-1.22,-3.275,-0.241,-0.165,-0.091,-0.018,0.053,0.123,0.192,0.259,0.324,0.389,0.452,0.514,0.858,1.162,1.429,1.665,2.056,2.362,2.603,2.796,2.951,3.077,3.181,3.506
355.0,364.0,4.164,-4.441,-1.201,-3.275,-0.201,-0.126,-0.052,0.02,0.091,0.16,0.228,0.295,0.36,0.424,0.486,0.547,0.889,1.189,1.454,1.687,2.075,2.377,2.616,2.806,2.96,3.085,3.188,3.509
356.0,364.0,3.758,-3.991,-0.833,-3.275,-0.158,-0.085,-0.014,0.055,0.123,0.19,0.255,0.318,0.38,0.44,0.499,0.557,0.876,1.154,1.395,1.606,1.952,2.22,2.429,2.594,2.727,2.834,2.923,3.198
357.0,364.0,3.948,-4.213,-1.147,-3.275,-0.193,-0.122,-0.052,0.016,0.083,0.149,0.213,0.276,0.338,0.398,0.457,0.515,0.839,1.124,1.375,1.596,1.963,2.251,2.477,2.658,2.804,2.922,3.02,3.325
358.0,364.0,3.672,-3.929,-1.143,-3.275,-0.191,-0.127,-0.063,-0.001,0.06,0.12,0.179,0.237,0.293,0.349,0.403,0.456,0.754,1.018,1.251,1.457,1.8,2.07,2.283,2.453,2.59,2.702,2.795,3.083
359.0,364.0,3.357,-3.582,-1.065,-3.275,-0.166,-0.107,-0.05,0.007,0.062,0.116,0.17,0.222,0.273,0.323,0.373,0.421,0.691,0.931,1.143,1.331,1.644,1.89,2.085,2.24,2.366,2.469,2.553,2.817
360.0,364.0,3.177,-3.314,-0.517,-3.275,-0.071,-0.007,0.056,0.117,0.177,0.235,0.291,0.346,0.4,0.453,0.504,0.553,0.827,1.063,1.266,1.442,1.728,1.947,2.117,2.25,2.356,2.442,2.513,2.732
361.0,364.0,2.475,-2.614,-0.573,-3.275,-0.091,-0.044,0.002,0.047,0.091,0.134,0.176,0.217,0.258,0.297,0.335,0.373,0.58,0.761,0.919,1.057,1.284,1.46,1.597,1.706,1.794,1.865,1.923,2.105
362.0,364.0,2.91,-3.052,-0.904,-3.275,-0.091,-0.041,0.008,0.056,0.103,0.149,0.195,0.239,0.283,0.326,0.368,0.409,0.64,0.844,1.025,1.185,1.452,1.661,1.827,1.96,2.067,2.154,2.226,2.451
363.0,364.0,2.826,-2.888,-1.504,-3.275,-0.029,0.004,0.037,0.071,0.104,0.137,0.17,0.202,0.235,0.267,0.299,0.331,0.517,0.691,0.852,1.0,1.257,1.468,1.639,1.78,1.894,1.989,2.068,2.316
353.0,365.0,4.193,-4.485,-1.042,-3.275,-0.211,-0.131,-0.053,0.023,0.097,0.17,0.241,0.311,0.379,0.446,0.511,0.574,0.928,1.236,1.506,1.743,2.133,2.435,2.673,2.861,3.012,3.135,3.236,3.551
354.0,365.0,4.224,-4.517,-1.138,-3.275,-0.213,-0.135,-0.058,0.017,0.09,0.162,0.232,0.301,0.369,0.435,0.499,0.562,0.914,1.222,1.492,1.73,2.123,2.43,2.671,2.862,3.016,3.142,3.245,3.567
355.0,365.0,4.218,-4.471,-1.117,-3.275,-0.174,-0.096,-0.02,0.054,0.127,0.199,0.268,0.337,0.403,0.469,0.533,0.595,0.944,1.249,1.517,1.753,2.142,2.445,2.683,2.873,3.025,3.149,3.251,3.57
356.0,365.0,3.809,-4.016,-0.722,-3.275,-0.129,-0.053,0.021,0.093,0.164,0.233,0.3,0.365,0.429,0.491,0.552,0.611,0.938,1.221,1.466,1.679,2.026,2.293,2.501,2.664,2.795,2.902,2.989,3.259
357.0,365.0,3.996,-4.242,-1.028,-3.275,-0.17,-0.096,-0.023,0.048,0.118,0.186,0.253,0.318,0.382,0.444,0.505,0.565,0.897,1.188,1.443,1.666,2.035,2.322,2.547,2.726,2.87,2.988,3.084,3.384
358.0,365.0,3.711,-3.957,-0.971,-3.275,-0.176,-0.107,-0.039,0.027,0.092,0.155,0.217,0.278,0.337,0.396,0.452,0.508,0.817,1.088,1.325,1.534,1.878,2.146,2.356,2.524,2.658,2.768,2.858,3.139
359.0,365.0,3.387,-3.608,-0.842,-3.275,-0.156,-0.092,-0.03,0.032,0.091,0.15,0.207,0.263,0.318,0.371,0.424,0.475,0.759,1.007,1.224,1.415,1.728,1.972,2.163,2.314,2.436,2.535,2.617,2.87
360.0,365.0,3.215,-3.333,-0.333,-3.275,-0.047,0.022,0.088,0.153,0.217,0.278,0.338,0.396,0.453,0.508,0.561,0.613,0.898,1.141,1.348,1.526,1.813,2.029,2.195,2.325,2.428,2.512,2.58,2.79
361.0,365.0,2.488,-2.632,-0.248,-3.275,-0.088,-0.033,0.02,0.071,0.122,0.17,0.218,0.264,0.309,0.353,0.395,0.436,0.662,0.854,1.018,1.159,1.385,1.556,1.686,1.789,1.87,1.935,1.989,2.154
362.0,365.0,2.927,-3.076,-0.612,-3.275,-0.09,-0.033,0.022,0.077,0.13,0.181,0.232,0.281,0.329,0.376,0.422,0.467,0.714,0.929,1.115,1.278,1.545,1.75,1.911,2.037,2.139,2.221,2.289,2.499
363.0,365.0,2.818,-2.917,-1.098,-3.275,-0.056,-0.013,0.029,0.07,0.111,0.152,0.191,0.231,0.269,0.307,0.345,0.382,0.59,0.779,0.948,1.099,1.356,1.561,1.725,1.857,1.964,2.052,2.124,2.352
364.0,365.0,3.024,-3.131,-1.693,-3.275,-0.073,-0.038,-0.004,0.031,0.066,0.101,0.135,0.17,0.204,0.239,0.273,0.307,0.505,0.692,0.866,1.025,1.304,1.534,1.722,1.875,2.001,2.105,2.191,2.464
354.0,366.0,4.283,-4.546,-1.075,-3.275,-0.182,-0.101,-0.023,0.054,0.129,0.203,0.275,0.345,0.414,0.481,0.547,0.611,0.968,1.28,1.554,1.794,2.189,2.496,2.737,2.928,3.082,3.207,3.31,3.63
355.0,366.0,4.276,-4.501,-1.052,-3.275,-0.143,-0.063,0.015,0.091,0.166,0.239,0.31,0.38,0.448,0.515,0.58,0.644,0.998,1.308,1.579,1.816,2.207,2.511,2.749,2.938,3.09,3.213,3.315,3.632
356.0,366.0,3.865,-4.04,-0.635,-3.275,-0.094,-0.016,0.06,0.135,0.207,0.278,0.347,0.414,0.479,0.543,0.605,0.666,0.999,1.286,1.534,1.749,2.098,2.364,2.571,2.734,2.864,2.969,3.055,3.322
357.0,366.0,4.049,-4.27,-0.934,-3.275,-0.142,-0.065,0.011,0.084,0.156,0.227,0.295,0.362,0.428,0.492,0.555,0.616,0.955,1.251,1.509,1.734,2.105,2.392,2.616,2.794,2.937,3.053,3.149,3.445
358.0,366.0,3.756,-3.983,-0.832,-3.275,-0.153,-0.08,-0.009,0.061,0.128,0.195,0.259,0.323,0.384,0.445,0.504,0.561,0.88,1.157,1.398,1.608,1.954,2.221,2.429,2.594,2.727,2.834,2.923,3.197
359.0,366.0,3.425,-3.632,-0.658,-3.275,-0.137,-0.069,-0.002,0.063,0.127,0.189,0.25,0.309,0.366,0.423,0.478,0.531,0.827,1.082,1.304,1.496,1.81,2.052,2.24,2.388,2.507,2.603,2.682,2.927
360.0,366.0,3.26,-3.351,-0.182,-3.275,-0.016,0.056,0.127,0.195,0.261,0.326,0.388,0.449,0.508,0.565,0.621,0.675,0.969,1.217,1.428,1.608,1.895,2.109,2.273,2.4,2.501,2.581,2.647,2.85
361.0,366.0,2.512,-2.647,0.026,-3.275,-0.072,-0.011,0.048,0.106,0.161,0.215,0.267,0.317,0.366,0.413,0.459,0.504,0.744,0.945,1.115,1.258,1.483,1.649,1.775,1.871,1.947,2.008,2.057,2.208
362.0,366.0,2.955,-3.095,-0.368,-3.275,-0.076,-0.014,0.047,0.107,0.164,0.22,0.275,0.328,0.38,0.43,0.479,0.527,0.788,1.012,1.204,1.369,1.635,1.838,1.993,2.115,2.212,2.29,2.355,2.553
363.0,366.0,2.825,-2.942,-0.755,-3.275,-0.066,-0.015,0.034,0.083,0.131,0.177,0.223,0.267,0.311,0.354,0.396,0.437,0.665,0.865,1.041,1.196,1.452,1.652,1.809,1.935,2.035,2.117,2.185,2.395
364.0,366.0,3.018,-3.163,-1.3,-3.275,-0.101,-0.057,-0.014,0.029,0.072,0.114,0.155,0.196,0.237,0.276,0.316,0.354,0.575,0.776,0.958,1.122,1.401,1.625,1.805,1.95,2.069,2.166,2.247,2.5
365.0,366.0,3.174,-3.252,-1.889,-3.275,-0.046,-0.013,0.021,0.054,0.088,0.122,0.156,0.19,0.224,0.258,0.292,0.326,0.525,0.715,0.894,1.059,1.35,1.591,1.789,1.951,2.085,2.195,2.287,2.577
355.0,367.0,4.337,-4.53,-1.006,-3.275,-0.109,-0.027,0.052,0.13,0.206,0.28,0.353,0.424,0.493,0.561,0.628,0.692,1.051,1.365,1.638,1.877,2.27,2.575,2.814,3.003,3.154,3.278,3.379,3.695
356.0,367.0,3.924,-4.063,-0.568,-3.275,-0.056,0.024,0.102,0.178,0.253,0.325,0.395,0.464,0.53,0.596,0.659,0.721,1.059,1.35,1.601,1.817,2.167,2.434,2.641,2.802,2.932,3.036,3.122,3.386
357.0,367.0,4.106,-4.297,-0.862,-3.275,-0.109,-0.03,0.048,0.123,0.197,0.269,0.339,0.408,0.475,0.541,0.605,0.667,1.012,1.312,1.573,1.8,2.173,2.46,2.684,2.861,3.003,3.118,3.213,3.508
358.0,367.0,3.807,-4.008,-0.72,-3.275,-0.123,-0.048,0.026,0.098,0.169,0.237,0.304,0.37,0.433,0.495,0.556,0.615,0.941,1.224,1.468,1.681,2.028,2.294,2.501,2.665,2.795,2.901,2.988,3.258
359.0,367.0,3.469,-3.654,-0.507,-3.275,-0.11,-0.038,0.032,0.101,0.168,0.233,0.296,0.358,0.418,0.476,0.533,0.589,0.894,1.156,1.381,1.575,1.89,2.13,2.316,2.461,2.577,2.671,2.748,2.986
360.0,367.0,3.311,-3.367,-0.06,-3.275,0.022,0.097,0.17,0.241,0.31,0.377,0.441,0.504,0.565,0.624,0.681,0.737,1.039,1.292,1.506,1.687,1.975,2.188,2.35,2.474,2.573,2.652,2.716,2.913
361.0,367.0,2.546,-2.658,0.254,-3.275,-0.044,0.022,0.086,0.148,0.208,0.265,0.321,0.375,0.427,0.478,0.526,0.574,0.827,1.036,1.209,1.354,1.579,1.741,1.862,1.954,2.025,2.082,2.128,2.267
362.0,367.0,2.991,-3.113,-0.165,-3.275,-0.052,0.015,0.08,0.144,0.206,0.265,0.324,0.38,0.435,0.488,0.54,0.59,0.863,1.094,1.29,1.457,1.724,1.923,2.075,2.193,2.286,2.361,2.422,2.61
363.0,367.0,2.843,-2.964,-0.467,-3.275,-0.062,-0.004,0.052,0.106,0.16,0.211,0.262,0.311,0.359,0.406,0.451,0.496,0.74,0.951,1.133,1.29,1.546,1.742,1.894,2.013,2.108,2.185,2.249,2.445
364.0,367.0,3.026,-3.191,-0.97,-3.275,-0.112,-0.06,-0.01,0.04,0.089,0.137,0.184,0.231,0.276,0.32,0.364,0.407,0.647,0.859,1.048,1.215,1.494,1.714,1.888,2.027,2.139,2.231,2.307,2.543
365.0,367.0,3.166,-3.287,-1.493,-3.275,-0.078,-0.036,0.007,0.048,0.09,0.131,0.172,0.213,0.253,0.292,0.331,0.37,0.592,0.797,0.984,1.153,1.444,1.679,1.87,2.025,2.151,2.254,2.341,2.611
366.0,367.0,3.515,-3.608,-2.164,-3.275,-0.059,-0.024,0.012,0.048,0.084,0.121,0.157,0.194,0.231,0.268,0.305,0.341,0.559,0.768,0.965,1.148,1.471,1.74,1.961,2.143,2.292,2.416,2.519,2.845
356.0,368.0,3.986,-4.085,-0.519,-3.275,-0.015,0.067,0.147,0.224,0.3,0.373,0.445,0.514,0.582,0.648,0.713,0.775,1.119,1.413,1.665,1.883,2.235,2.502,2.709,2.87,2.999,3.103,3.188,3.452
357.0,368.0,4.167,-4.323,-0.809,-3.275,-0.073,0.008,0.087,0.164,0.24,0.313,0.385,0.455,0.523,0.59,0.655,0.718,1.068,1.372,1.635,1.864,2.238,2.526,2.75,2.927,3.069,3.184,3.278,3.571
358.0,368.0,3.863,-4.032,-0.632,-3.275,-0.089,-0.011,0.065,0.14,0.212,0.282,0.351,0.418,0.484,0.547,0.609,0.67,1.003,1.289,1.537,1.751,2.099,2.365,2.572,2.734,2.864,2.968,3.055,3.321
359.0,368.0,3.52,-3.674,-0.385,-3.275,-0.077,-0.002,0.072,0.143,0.212,0.28,0.345,0.409,0.471,0.532,0.591,0.648,0.961,1.227,1.456,1.652,1.968,2.207,2.391,2.534,2.648,2.74,2.816,3.048
360.0,368.0,3.366,-3.382,0.037,-3.275,0.064,0.142,0.218,0.291,0.362,0.43,0.497,0.561,0.624,0.684,0.743,0.8,1.108,1.365,1.581,1.764,2.052,2.265,2.425,2.548,2.645,2.722,2.785,2.978
361.0,368.0,2.587,-2.668,0.444,-3.275,-0.007,0.063,0.131,0.197,0.26,0.321,0.38,0.437,0.492,0.545,0.596,0.645,0.909,1.124,1.301,1.448,1.672,1.832,1.948,2.036,2.104,2.157,2.2,2.329
362.0,368.0,3.034,-3.128,0.003,-3.275,-0.02,0.051,0.12,0.187,0.252,0.315,0.376,0.435,0.493,0.548,0.602,0.655,0.938,1.175,1.374,1.543,1.81,2.007,2.156,2.27,2.36,2.433,2.491,2.671
363.0,368.0,2.871,-2.982,-0.226,-3.275,-0.045,0.018,0.079,0.139,0.197,0.253,0.307,0.36,0.412,0.462,0.511,0.558,0.816,1.036,1.222,1.382,1.638,1.83,1.977,2.092,2.182,2.255,2.315,2.499
364.0,368.0,3.046,-3.215,-0.692,-3.275,-0.109,-0.051,0.006,0.061,0.116,0.169,0.221,0.272,0.321,0.37,0.417,0.463,0.719,0.942,1.136,1.306,1.585,1.801,1.97,2.103,2.211,2.298,2.37,2.592
365.0,368.0,3.172,-3.317,-1.159,-3.275,-0.094,-0.044,0.006,0.055,0.103,0.151,0.197,0.243,0.288,0.333,0.376,0.419,0.661,0.878,1.071,1.244,1.535,1.766,1.951,2.099,2.219,2.317,2.398,2.652
366.0,368.0,3.51,-3.647,-1.793,-3.275,-0.093,-0.049,-0.005,0.039,0.083,0.126,0.17,0.212,0.255,0.297,0.339,0.381,0.62,0.843,1.048,1.236,1.559,1.823,2.038,2.212,2.355,2.473,2.571,2.878
367.0,368.0,3.167,-3.192,-1.756,-3.275,0.009,0.044,0.078,0.113,0.148,0.183,0.218,0.253,0.288,0.322,0.357,0.391,0.591,0.781,0.958,1.12,1.405,1.64,1.832,1.989,2.118,2.224,2.313,2.592
357.0,369.0,4.23,-4.349,-0.771,-3.275,-0.034,0.048,0.129,0.207,0.283,0.358,0.431,0.502,0.571,0.639,0.705,0.769,1.123,1.43,1.695,1.926,2.302,2.591,2.815,2.992,3.134,3.249,3.343,3.635
358.0,369.0,3.921,-4.055,-0.565,-3.275,-0.051,0.029,0.107,0.183,0.257,0.329,0.4,0.468,0.535,0.6,0.663,0.725,1.063,1.353,1.603,1.819,2.169,2.435,2.641,2.803,2.931,3.036,3.121,3.385
359.0,369.0,3.575,-3.694,-0.288,-3.275,-0.039,0.039,0.115,0.188,0.26,0.329,0.397,0.463,0.526,0.588,0.649,0.707,1.027,1.298,1.529,1.727,2.044,2.282,2.464,2.607,2.719,2.81,2.884,3.112
360.0,369.0,3.425,-3.397,0.114,-3.275,0.111,0.191,0.268,0.343,0.416,0.486,0.554,0.62,0.683,0.745,0.805,0.863,1.176,1.437,1.655,1.839,2.128,2.34,2.499,2.621,2.716,2.792,2.854,3.044
361.0,369.0,2.635,-2.675,0.601,-3.275,0.037,0.111,0.183,0.251,0.318,0.381,0.443,0.502,0.559,0.614,0.668,0.719,0.991,1.211,1.391,1.539,1.763,1.92,2.033,2.118,2.182,2.233,2.273,2.394
362.0,369.0,3.083,-3.142,0.14,-3.275,0.019,0.094,0.166,0.236,0.303,0.369,0.432,0.494,0.553,0.611,0.667,0.721,1.012,1.254,1.456,1.627,1.893,2.089,2.235,2.347,2.435,2.505,2.562,2.735
363.0,369.0,2.908,-2.997,-0.025,-3.275,-0.019,0.049,0.115,0.178,0.24,0.3,0.358,0.414,0.469,0.522,0.573,0.623,0.893,1.119,1.31,1.471,1.727,1.916,2.06,2.17,2.257,2.327,2.383,2.557
364.0,369.0,3.075,-3.236,-0.461,-3.275,-0.095,-0.031,0.031,0.091,0.15,0.208,0.264,0.318,0.371,0.423,0.473,0.522,0.792,1.023,1.223,1.395,1.674,1.887,2.051,2.18,2.283,2.367,2.435,2.646
365.0,369.0,3.19,-3.344,-0.879,-3.275,-0.096,-0.038,0.018,0.072,0.126,0.179,0.23,0.281,0.33,0.378,0.426,0.472,0.73,0.957,1.157,1.333,1.624,1.852,2.031,2.174,2.289,2.382,2.459,2.7
366.0,369.0,3.518,-3.682,-1.481,-3.275,-0.111,-0.059,-0.008,0.043,0.093,0.142,0.191,0.239,0.286,0.333,0.379,0.424,0.683,0.918,1.13,1.321,1.645,1.905,2.114,2.283,2.42,2.533,2.627,2.919
367.0,369.0,3.161,-3.225,-1.373,-3.275,-0.02,0.024,0.067,0.11,0.152,0.194,0.236,0.277,0.317,0.357,0.397,0.436,0.658,0.862,1.047,1.213,1.498,1.728,1.912,2.062,2.184,2.284,2.367,2.627
368.0,369.0,3.177,-3.177,-1.53,-3.275,0.039,0.078,0.117,0.156,0.194,0.233,0.271,0.309,0.346,0.383,0.42,0.457,0.667,0.862,1.042,1.205,1.487,1.716,1.902,2.054,2.177,2.279,2.364,2.63
358.0,370.0,3.983,-4.077,-0.515,-3.275,-0.01,0.072,0.151,0.229,0.304,0.378,0.449,0.519,0.587,0.653,0.717,0.779,1.122,1.416,1.668,1.885,2.236,2.503,2.709,2.87,2.999,3.102,3.188,3.45
359.0,370.0,3.633,-3.712,-0.213,-3.275,0.004,0.084,0.161,0.237,0.31,0.381,0.45,0.517,0.582,0.646,0.707,0.767,1.092,1.367,1.6,1.799,2.117,2.355,2.537,2.678,2.789,2.879,2.952,3.178
360.0,370.0,3.487,-3.41,0.172,-3.275,0.161,0.242,0.321,0.397,0.471,0.543,0.612,0.679,0.744,0.806,0.867,0.926,1.243,1.506,1.727,1.912,2.201,2.413,2.571,2.692,2.787,2.862,2.924,3.111
361.0,370.0,2.689,-2.681,0.73,-3.275,0.088,0.165,0.239,0.31,0.379,0.445,0.508,0.57,0.629,0.685,0.74,0.793,1.072,1.297,1.479,1.628,1.851,2.006,2.117,2.199,2.261,2.309,2.347,2.462
362.0,370.0,3.137,-3.154,0.25,-3.275,0.064,0.141,0.216,0.288,0.358,0.425,0.491,0.554,0.615,0.674,0.732,0.787,1.085,1.331,1.536,1.708,1.975,2.169,2.313,2.423,2.509,2.577,2.632,2.8
363.0,370.0,2.952,-3.011,0.141,-3.275,0.016,0.087,0.157,0.224,0.289,0.352,0.412,0.471,0.528,0.584,0.637,0.689,0.968,1.201,1.395,1.558,1.814,2.001,2.141,2.248,2.332,2.399,2.453,2.619
364.0,370.0,3.113,-3.255,-0.268,-3.275,-0.071,-0.003,0.064,0.128,0.191,0.252,0.311,0.369,0.425,0.479,0.532,0.584,0.865,1.103,1.307,1.481,1.76,1.97,2.131,2.257,2.356,2.437,2.502,2.704
365.0,370.0,3.218,-3.367,-0.645,-3.275,-0.085,-0.023,0.039,0.098,0.157,0.214,0.269,0.324,0.377,0.428,0.479,0.528,0.8,1.036,1.241,1.419,1.711,1.936,2.11,2.249,2.359,2.449,2.523,2.752
366.0,370.0,3.538,-3.713,-1.22,-3.275,-0.116,-0.058,-0.0,0.056,0.111,0.166,0.219,0.271,0.323,0.373,0.423,0.472,0.747,0.991,1.21,1.403,1.729,1.986,2.19,2.354,2.487,2.596,2.685,2.965
367.0,370.0,3.169,-3.254,-1.051,-3.275,-0.033,0.018,0.069,0.118,0.167,0.215,0.262,0.309,0.354,0.399,0.442,0.485,0.727,0.942,1.133,1.304,1.588,1.814,1.992,2.136,2.252,2.346,2.425,2.669
368.0,370.0,3.178,-3.208,-1.181,-3.275,0.018,0.065,0.112,0.158,0.204,0.249,0.293,0.336,0.379,0.421,0.463,0.504,0.734,0.942,1.129,1.296,1.578,1.802,1.982,2.126,2.244,2.34,2.419,2.668
369.0,370.0,2.958,-3.007,-1.604,-3.275,-0.016,0.018,0.052,0.086,0.119,0.153,0.187,0.22,0.254,0.287,0.32,0.353,0.544,0.724,0.891,1.045,1.313,1.533,1.713,1.86,1.98,2.079,2.162,2.422
359.0,371.0,3.695,-3.73,-0.156,-3.275,0.049,0.131,0.21,0.287,0.362,0.434,0.505,0.573,0.639,0.703,0.766,0.826,1.156,1.434,1.669,1.87,2.189,2.427,2.608,2.748,2.859,2.948,3.021,3.244
360.0,371.0,3.551,-3.423,0.215,-3.275,0.213,0.296,0.376,0.453,0.528,0.6,0.67,0.738,0.804,0.867,0.929,0.989,1.309,1.574,1.796,1.982,2.272,2.484,2.642,2.763,2.857,2.932,2.993,3.178
361.0,371.0,2.746,-2.686,0.833,-3.275,0.143,0.223,0.299,0.372,0.443,0.511,0.576,0.639,0.699,0.758,0.814,0.868,1.152,1.38,1.564,1.714,1.937,2.09,2.199,2.278,2.338,2.385,2.422,2.531
362.0,371.0,3.195,-3.165,0.338,-3.275,0.113,0.192,0.269,0.343,0.415,0.484,0.551,0.616,0.678,0.739,0.797,0.854,1.157,1.407,1.614,1.787,2.054,2.247,2.39,2.498,2.582,2.649,2.703,2.867
363.0,371.0,3.002,-3.022,0.276,-3.275,0.057,0.132,0.204,0.274,0.342,0.407,0.47,0.531,0.59,0.648,0.703,0.757,1.044,1.281,1.478,1.642,1.898,2.083,2.221,2.325,2.407,2.471,2.524,2.683
364.0,371.0,3.158,-3.272,-0.111,-3.275,-0.039,0.033,0.103,0.171,0.237,0.301,0.363,0.423,0.482,0.538,0.593,0.647,0.937,1.182,1.389,1.565,1.844,2.053,2.211,2.333,2.43,2.508,2.571,2.765
365.0,371.0,3.254,-3.389,-0.451,-3.275,-0.065,0.002,0.068,0.132,0.194,0.255,0.314,0.371,0.427,0.482,0.535,0.587,0.87,1.114,1.323,1.503,1.795,2.017,2.189,2.324,2.431,2.517,2.589,2.808
366.0,371.0,3.567,-3.741,-1.003,-3.275,-0.109,-0.046,0.017,0.078,0.137,0.196,0.253,0.309,0.364,0.418,0.471,0.522,0.81,1.064,1.287,1.484,1.81,2.065,2.266,2.426,2.555,2.66,2.747,3.017
367.0,371.0,3.188,-3.28,-0.78,-3.275,-0.032,0.025,0.082,0.137,0.191,0.244,0.296,0.347,0.396,0.445,0.492,0.539,0.796,1.021,1.218,1.391,1.677,1.898,2.072,2.21,2.321,2.411,2.486,2.717
368.0,371.0,3.191,-3.235,-0.887,-3.275,0.012,0.066,0.12,0.172,0.223,0.274,0.323,0.371,0.419,0.465,0.51,0.555,0.803,1.021,1.214,1.384,1.666,1.887,2.061,2.2,2.312,2.403,2.478,2.713
369.0,371.0,2.951,-3.038,-1.207,-3.275,-0.044,-0.0,0.042,0.084,0.126,0.167,0.207,0.247,0.286,0.325,0.363,0.401,0.615,0.809,0.985,1.142,1.41,1.624,1.796,1.935,2.048,2.141,2.218,2.458
370.0,371.0,3.041,-3.019,-1.384,-3.275,0.061,0.1,0.138,0.177,0.215,0.252,0.289,0.326,0.363,0.399,0.435,0.47,0.674,0.861,1.033,1.188,1.455,1.672,1.847,1.989,2.106,2.201,2.28,2.53
360.0,372.0,3.616,-3.436,0.244,-3.275,0.267,0.351,0.431,0.51,0.585,0.658,0.729,0.798,0.864,0.928,0.99,1.05,1.373,1.641,1.864,2.051,2.342,2.554,2.712,2.832,2.926,3.001,3.061,3.246
361.0,372.0,2.807,-2.689,0.916,-3.275,0.203,0.284,0.362,0.437,0.509,0.578,0.645,0.709,0.771,0.83,0.887,0.942,1.231,1.462,1.648,1.798,2.02,2.172,2.28,2.357,2.416,2.461,2.496,2.601
362.0,372.0,3.256,-3.175,0.407,-3.275,0.165,0.246,0.325,0.401,0.474,0.544,0.613,0.679,0.742,0.804,0.863,0.921,1.228,1.481,1.69,1.863,2.131,2.323,2.465,2.572,2.655,2.721,2.774,2.935
363.0,372.0,3.056,-3.033,0.385,-3.275,0.103,0.181,0.256,0.328,0.398,0.465,0.53,0.593,0.654,0.713,0.77,0.825,1.118,1.359,1.559,1.724,1.98,2.164,2.3,2.402,2.481,2.544,2.595,2.749
364.0,372.0,3.208,-3.287,0.018,-3.275,-0.001,0.075,0.148,0.218,0.287,0.353,0.418,0.48,0.54,0.599,0.656,0.711,1.009,1.258,1.468,1.646,1.926,2.133,2.289,2.409,2.503,2.579,2.64,2.829
365.0,372.0,3.297,-3.408,-0.292,-3.275,-0.037,0.034,0.104,0.171,0.236,0.3,0.362,0.422,0.481,0.538,0.593,0.647,0.94,1.19,1.402,1.585,1.877,2.098,2.267,2.398,2.503,2.587,2.656,2.868
366.0,372.0,3.604,-3.767,-0.824,-3.275,-0.093,-0.025,0.041,0.106,0.17,0.232,0.292,0.351,0.409,0.466,0.521,0.575,0.874,1.135,1.363,1.562,1.889,2.142,2.34,2.497,2.623,2.725,2.81,3.071
367.0,372.0,3.217,-3.302,-0.555,-3.275,-0.02,0.043,0.105,0.165,0.223,0.281,0.336,0.391,0.444,0.495,0.546,0.595,0.866,1.099,1.301,1.477,1.762,1.981,2.151,2.284,2.391,2.478,2.549,2.769
368.0,372.0,3.215,-3.259,-0.641,-3.275,0.018,0.079,0.138,0.195,0.251,0.306,0.36,0.412,0.463,0.513,0.562,0.609,0.872,1.099,1.297,1.47,1.752,1.97,2.14,2.274,2.381,2.468,2.54,2.762
369.0,372.0,2.958,-3.064,-0.871,-3.275,-0.055,-0.004,0.046,0.095,0.143,0.19,0.237,0.282,0.326,0.37,0.412,0.454,0.687,0.894,1.076,1.236,1.504,1.714,1.879,2.011,2.118,2.205,2.277,2.501
370.0,372.0,3.041,-3.047,-1.028,-3.275,0.042,0.089,0.135,0.181,0.226,0.27,0.313,0.356,0.398,0.439,0.48,0.519,0.743,0.944,1.122,1.281,1.548,1.76,1.928,2.064,2.173,2.263,2.337,2.568
371.0,372.0,2.973,-2.845,-0.802,-3.275,0.176,0.224,0.27,0.316,0.361,0.405,0.447,0.49,0.531,0.571,0.611,0.65,0.867,1.058,1.228,1.377,1.625,1.82,1.973,2.096,2.195,2.276,2.342,2.55
361.0,373.0,2.871,-2.692,0.98,-3.275,0.265,0.348,0.427,0.503,0.577,0.647,0.715,0.78,0.843,0.903,0.961,1.016,1.309,1.542,1.729,1.879,2.102,2.253,2.359,2.435,2.492,2.536,2.571,2.672
362.0,373.0,3.32,-3.185,0.459,-3.275,0.221,0.303,0.383,0.46,0.534,0.606,0.675,0.742,0.806,0.869,0.929,0.987,1.298,1.553,1.763,1.938,2.206,2.398,2.539,2.645,2.728,2.793,2.845,3.003
363.0,373.0,3.114,-3.042,0.473,-3.275,0.154,0.234,0.311,0.385,0.457,0.526,0.592,0.657,0.719,0.779,0.837,0.893,1.192,1.436,1.637,1.804,2.06,2.243,2.377,2.478,2.556,2.617,2.667,2.816
364.0,373.0,3.263,-3.301,0.121,-3.275,0.043,0.121,0.196,0.269,0.34,0.408,0.474,0.539,0.601,0.661,0.719,0.776,1.08,1.334,1.546,1.725,2.005,2.211,2.365,2.484,2.576,2.65,2.711,2.894
365.0,373.0,3.346,-3.425,-0.162,-3.275,-0.002,0.072,0.145,0.215,0.283,0.349,0.413,0.476,0.536,0.595,0.652,0.708,1.009,1.264,1.48,1.664,1.957,2.176,2.343,2.472,2.574,2.657,2.724,2.93
366.0,373.0,3.648,-3.792,-0.678,-3.275,-0.07,0.002,0.072,0.14,0.207,0.272,0.335,0.397,0.457,0.516,0.573,0.629,0.938,1.205,1.437,1.638,1.966,2.218,2.414,2.568,2.692,2.792,2.874,3.129
367.0,373.0,3.254,-3.323,-0.368,-3.275,0.001,0.069,0.135,0.199,0.261,0.322,0.381,0.439,0.495,0.549,0.602,0.653,0.935,1.176,1.382,1.56,1.846,2.062,2.229,2.359,2.462,2.546,2.614,2.826
368.0,373.0,3.248,-3.28,-0.437,-3.275,0.035,0.1,0.164,0.226,0.286,0.345,0.402,0.458,0.512,0.565,0.616,0.666,0.941,1.176,1.379,1.553,1.836,2.051,2.217,2.347,2.451,2.535,2.604,2.816
369.0,373.0,2.976,-3.087,-0.59,-3.275,-0.052,0.006,0.062,0.117,0.17,0.223,0.274,0.323,0.372,0.419,0.466,0.511,0.76,0.977,1.165,1.328,1.596,1.801,1.962,2.088,2.19,2.272,2.34,2.549
370.0,373.0,3.054,-3.072,-0.729,-3.275,0.037,0.092,0.145,0.197,0.247,0.297,0.346,0.393,0.439,0.485,0.529,0.573,0.814,1.025,1.21,1.372,1.639,1.846,2.009,2.138,2.242,2.327,2.396,2.613
371.0,373.0,2.987,-2.867,-0.51,-3.275,0.175,0.229,0.282,0.334,0.384,0.433,0.481,0.528,0.574,0.618,0.662,0.704,0.938,1.14,1.315,1.467,1.715,1.905,2.053,2.17,2.264,2.339,2.402,2.595
372.0,373.0,3.001,-2.779,-0.619,-3.275,0.273,0.323,0.372,0.419,0.466,0.512,0.556,0.6,0.642,0.684,0.724,0.764,0.984,1.176,1.344,1.491,1.732,1.919,2.066,2.182,2.275,2.351,2.413,2.607
362.0,374.0,3.386,-3.195,0.496,-3.275,0.278,0.361,0.442,0.52,0.595,0.668,0.738,0.805,0.87,0.933,0.994,1.053,1.367,1.623,1.835,2.01,2.279,2.471,2.611,2.717,2.799,2.864,2.916,3.072
363.0,374.0,3.176,-3.051,0.54,-3.275,0.209,0.29,0.369,0.444,0.517,0.588,0.655,0.721,0.784,0.845,0.904,0.961,1.264,1.511,1.714,1.882,2.138,2.32,2.453,2.552,2.629,2.689,2.738,2.884
364.0,374.0,3.322,-3.314,0.203,-3.275,0.091,0.171,0.248,0.323,0.395,0.465,0.533,0.599,0.662,0.724,0.783,0.841,1.15,1.407,1.622,1.802,2.083,2.288,2.441,2.558,2.649,2.722,2.781,2.96
365.0,374.0,3.4,-3.442,-0.058,-3.275,0.038,0.115,0.19,0.263,0.333,0.401,0.467,0.532,0.594,0.654,0.713,0.77,1.078,1.337,1.556,1.741,2.035,2.253,2.418,2.546,2.646,2.727,2.792,2.993
366.0,374.0,3.698,-3.815,-0.561,-3.275,-0.04,0.035,0.108,0.179,0.248,0.315,0.381,0.445,0.507,0.568,0.627,0.685,1.001,1.274,1.508,1.711,2.04,2.291,2.486,2.638,2.76,2.859,2.94,3.19
367.0,374.0,3.298,-3.341,-0.214,-3.275,0.031,0.102,0.172,0.239,0.304,0.368,0.43,0.49,0.548,0.605,0.66,0.713,1.005,1.251,1.461,1.64,1.927,2.141,2.305,2.433,2.534,2.615,2.681,2.885
368.0,374.0,3.288,-3.299,-0.268,-3.275,0.06,0.13,0.197,0.263,0.326,0.388,0.448,0.507,0.564,0.619,0.673,0.725,1.01,1.252,1.458,1.635,1.918,2.131,2.294,2.421,2.522,2.603,2.669,2.874
369.0,374.0,3.005,-3.107,-0.354,-3.275,-0.037,0.026,0.087,0.147,0.205,0.262,0.317,0.371,0.423,0.473,0.523,0.571,0.834,1.059,1.252,1.417,1.685,1.887,2.043,2.165,2.262,2.341,2.405,2.603
370.0,374.0,3.078,-3.094,-0.478,-3.275,0.046,0.106,0.164,0.222,0.277,0.332,0.384,0.436,0.486,0.535,0.583,0.629,0.885,1.105,1.295,1.46,1.727,1.931,2.089,2.213,2.313,2.393,2.459,2.663
371.0,374.0,3.01,-2.887,-0.266,-3.275,0.186,0.246,0.304,0.361,0.416,0.47,0.522,0.572,0.622,0.67,0.716,0.762,1.009,1.22,1.4,1.554,1.802,1.989,2.133,2.245,2.334,2.405,2.464,2.644
372.0,374.0,3.018,-2.8,-0.35,-3.275,0.276,0.333,0.387,0.441,0.492,0.543,0.592,0.64,0.686,0.732,0.776,0.819,1.054,1.256,1.429,1.578,1.82,2.003,2.144,2.255,2.343,2.414,2.472,2.652
373.0,374.0,2.671,-2.372,-1.337,-3.275,0.325,0.35,0.375,0.4,0.426,0.451,0.477,0.502,0.527,0.553,0.578,0.603,0.75,0.89,1.021,1.142,1.353,1.528,1.672,1.789,1.886,1.965,2.032,2.241
363.0,375.0,3.24,-3.059,0.592,-3.275,0.266,0.349,0.428,0.505,0.579,0.65,0.719,0.786,0.85,0.912,0.971,1.029,1.335,1.584,1.789,1.957,2.213,2.395,2.527,2.626,2.702,2.761,2.809,2.953
364.0,375.0,3.384,-3.326,0.265,-3.275,0.142,0.224,0.303,0.379,0.453,0.524,0.593,0.66,0.724,0.787,0.847,0.905,1.219,1.479,1.695,1.876,2.158,2.363,2.515,2.631,2.721,2.793,2.851,3.028
365.0,375.0,3.457,-3.457,0.024,-3.275,0.083,0.162,0.239,0.313,0.385,0.455,0.523,0.589,0.652,0.714,0.774,0.832,1.146,1.408,1.629,1.816,2.11,2.328,2.492,2.618,2.717,2.797,2.861,3.059
366.0,375.0,3.752,-3.836,-0.467,-3.275,-0.005,0.072,0.147,0.221,0.292,0.361,0.429,0.495,0.558,0.621,0.681,0.74,1.064,1.341,1.578,1.783,2.113,2.364,2.557,2.708,2.829,2.926,3.006,3.252
367.0,375.0,3.347,-3.358,-0.09,-3.275,0.066,0.141,0.213,0.283,0.352,0.418,0.482,0.544,0.604,0.663,0.719,0.775,1.074,1.325,1.538,1.719,2.006,2.219,2.381,2.506,2.605,2.684,2.749,2.947
368.0,375.0,3.334,-3.316,-0.13,-3.275,0.093,0.165,0.236,0.305,0.371,0.436,0.498,0.559,0.618,0.675,0.731,0.785,1.078,1.326,1.535,1.713,1.997,2.209,2.369,2.494,2.592,2.671,2.736,2.934
369.0,375.0,3.042,-3.124,-0.159,-3.275,-0.013,0.055,0.121,0.185,0.247,0.307,0.365,0.422,0.477,0.531,0.583,0.633,0.908,1.14,1.336,1.504,1.772,1.972,2.124,2.242,2.336,2.411,2.472,2.661
370.0,375.0,3.11,-3.113,-0.269,-3.275,0.064,0.13,0.193,0.254,0.314,0.372,0.429,0.484,0.537,0.589,0.639,0.689,0.956,1.184,1.379,1.545,1.813,2.014,2.168,2.288,2.384,2.461,2.524,2.717
371.0,375.0,3.043,-2.903,-0.062,-3.275,0.207,0.271,0.334,0.395,0.454,0.512,0.567,0.621,0.674,0.724,0.774,0.822,1.081,1.299,1.483,1.64,1.887,2.072,2.211,2.319,2.404,2.472,2.528,2.698
372.0,375.0,3.045,-2.817,-0.126,-3.275,0.291,0.353,0.412,0.47,0.526,0.581,0.634,0.685,0.735,0.784,0.831,0.877,1.125,1.335,1.512,1.664,1.905,2.085,2.222,2.328,2.412,2.479,2.534,2.703
373.0,375.0,2.652,-2.399,-0.89,-3.275,0.289,0.324,0.359,0.393,0.427,0.461,0.494,0.526,0.558,0.589,0.62,0.651,0.823,0.978,1.118,1.242,1.453,1.621,1.756,1.864,1.952,2.024,2.083,2.27
374.0,375.0,2.371,-2.075,-0.93,-3.275,0.323,0.35,0.377,0.403,0.43,0.456,0.482,0.508,0.533,0.558,0.583,0.608,0.749,0.878,0.996,1.103,1.287,1.436,1.556,1.653,1.732,1.798,1.852,2.022
364.0,376.0,3.448,-3.338,0.312,-3.275,0.196,0.279,0.359,0.436,0.511,0.583,0.653,0.721,0.786,0.85,0.911,0.97,1.287,1.549,1.767,1.949,2.231,2.436,2.587,2.703,2.792,2.864,2.921,3.096
365.0,376.0,3.518,-3.472,0.087,-3.275,0.13,0.212,0.29,0.366,0.44,0.511,0.58,0.647,0.711,0.774,0.835,0.894,1.212,1.478,1.701,1.888,2.184,2.401,2.564,2.69,2.788,2.866,2.93,3.125
366.0,376.0,3.809,-3.857,-0.395,-3.275,0.034,0.113,0.19,0.265,0.338,0.409,0.478,0.546,0.611,0.675,0.736,0.797,1.125,1.406,1.646,1.852,2.184,2.434,2.627,2.777,2.897,2.993,3.072,3.316
367.0,376.0,3.401,-3.373,0.01,-3.275,0.107,0.184,0.259,0.332,0.402,0.47,0.536,0.6,0.662,0.722,0.78,0.836,1.142,1.398,1.613,1.795,2.083,2.295,2.455,2.579,2.676,2.753,2.817,3.01
368.0,376.0,3.385,-3.332,-0.019,-3.275,0.131,0.206,0.28,0.351,0.419,0.486,0.551,0.613,0.674,0.733,0.79,0.846,1.146,1.398,1.61,1.79,2.074,2.285,2.444,2.566,2.663,2.74,2.803,2.996
369.0,376.0,3.086,-3.14,0.002,-3.275,0.02,0.091,0.161,0.228,0.293,0.356,0.418,0.477,0.535,0.59,0.645,0.697,0.981,1.219,1.419,1.589,1.856,2.054,2.204,2.319,2.409,2.482,2.541,2.721
370.0,376.0,3.15,-3.13,-0.097,-3.275,0.092,0.161,0.228,0.293,0.357,0.418,0.477,0.535,0.591,0.646,0.698,0.75,1.028,1.262,1.46,1.628,1.896,2.095,2.246,2.363,2.455,2.53,2.59,2.775
371.0,376.0,3.082,-2.917,0.107,-3.275,0.236,0.305,0.371,0.436,0.498,0.559,0.617,0.674,0.729,0.782,0.833,0.883,1.152,1.377,1.564,1.722,1.97,2.152,2.289,2.393,2.475,2.54,2.594,2.756
372.0,376.0,3.079,-2.832,0.061,-3.275,0.315,0.381,0.445,0.507,0.567,0.624,0.681,0.735,0.788,0.839,0.888,0.936,1.195,1.412,1.593,1.747,1.988,2.165,2.298,2.401,2.481,2.546,2.598,2.757
373.0,376.0,2.647,-2.421,-0.511,-3.275,0.271,0.316,0.359,0.401,0.442,0.482,0.521,0.56,0.597,0.634,0.669,0.704,0.898,1.066,1.212,1.34,1.55,1.713,1.84,1.94,2.02,2.086,2.14,2.307
374.0,376.0,2.354,-2.097,-0.487,-3.275,0.295,0.332,0.369,0.404,0.439,0.473,0.506,0.539,0.571,0.602,0.632,0.662,0.827,0.972,1.098,1.209,1.391,1.532,1.643,1.731,1.802,1.859,1.907,2.054
375.0,376.0,2.413,-2.196,-1.002,-3.275,0.245,0.273,0.302,0.329,0.357,0.385,0.412,0.439,0.465,0.492,0.518,0.544,0.692,0.829,0.953,1.066,1.261,1.418,1.546,1.649,1.733,1.803,1.86,2.041
365.0,377.0,3.582,-3.486,0.133,-3.275,0.181,0.263,0.343,0.42,0.495,0.567,0.637,0.705,0.771,0.835,0.896,0.956,1.278,1.546,1.77,1.959,2.255,2.472,2.635,2.76,2.858,2.936,2.999,3.192
366.0,377.0,3.87,-3.877,-0.341,-3.275,0.076,0.157,0.236,0.312,0.387,0.459,0.529,0.598,0.664,0.729,0.791,0.853,1.186,1.47,1.712,1.919,2.252,2.503,2.695,2.845,2.964,3.06,3.139,3.38
367.0,377.0,3.458,-3.388,0.089,-3.275,0.152,0.232,0.308,0.382,0.454,0.524,0.591,0.657,0.72,0.781,0.841,0.898,1.209,1.468,1.686,1.869,2.157,2.369,2.528,2.65,2.746,2.823,2.885,3.075
368.0,377.0,3.44,-3.347,0.069,-3.275,0.174,0.251,0.327,0.4,0.47,0.539,0.605,0.669,0.732,0.792,0.851,0.907,1.213,1.469,1.684,1.865,2.149,2.359,2.517,2.638,2.733,2.809,2.871,3.06
369.0,377.0,3.135,-3.153,0.133,-3.275,0.059,0.134,0.206,0.276,0.344,0.41,0.473,0.535,0.594,0.652,0.708,0.762,1.054,1.297,1.5,1.671,1.939,2.135,2.282,2.394,2.483,2.553,2.61,2.784
370.0,377.0,3.196,-3.145,0.045,-3.275,0.126,0.199,0.269,0.338,0.404,0.468,0.53,0.59,0.648,0.704,0.759,0.812,1.099,1.338,1.539,1.709,1.977,2.174,2.323,2.437,2.527,2.599,2.657,2.836
371.0,377.0,3.127,-2.93,0.245,-3.275,0.272,0.344,0.414,0.481,0.546,0.609,0.67,0.729,0.786,0.841,0.895,0.946,1.224,1.453,1.643,1.803,2.051,2.231,2.365,2.467,2.546,2.609,2.66,2.816
372.0,377.0,3.12,-2.845,0.215,-3.275,0.347,0.416,0.484,0.549,0.612,0.672,0.731,0.788,0.843,0.896,0.948,0.998,1.266,1.488,1.672,1.827,2.068,2.243,2.374,2.473,2.551,2.613,2.663,2.815
373.0,377.0,2.656,-2.439,-0.191,-3.275,0.27,0.321,0.371,0.42,0.467,0.513,0.558,0.601,0.643,0.684,0.724,0.762,0.973,1.152,1.305,1.436,1.645,1.802,1.923,2.017,2.091,2.151,2.2,2.351
374.0,377.0,2.353,-2.114,-0.112,-3.275,0.286,0.331,0.376,0.419,0.461,0.501,0.541,0.579,0.616,0.653,0.688,0.722,0.907,1.064,1.197,1.311,1.492,1.627,1.73,1.811,1.874,1.925,1.966,2.094
375.0,377.0,2.398,-2.219,-0.565,-3.275,0.218,0.257,0.294,0.331,0.367,0.402,0.437,0.47,0.503,0.536,0.567,0.598,0.77,0.922,1.055,1.171,1.364,1.515,1.634,1.728,1.804,1.865,1.916,2.075
376.0,377.0,2.493,-2.298,-0.935,-3.275,0.227,0.259,0.291,0.323,0.354,0.384,0.414,0.444,0.474,0.503,0.531,0.56,0.721,0.867,0.999,1.118,1.321,1.483,1.614,1.719,1.805,1.876,1.934,2.117
366.0,378.0,3.933,-3.897,-0.302,-3.275,0.121,0.203,0.283,0.361,0.436,0.509,0.581,0.65,0.717,0.783,0.846,0.908,1.245,1.532,1.776,1.984,2.319,2.57,2.762,2.912,3.031,3.127,3.205,3.446
367.0,378.0,3.519,-3.402,0.149,-3.275,0.201,0.282,0.36,0.435,0.509,0.579,0.648,0.715,0.779,0.841,0.902,0.96,1.275,1.537,1.756,1.941,2.23,2.441,2.6,2.721,2.816,2.892,2.954,3.141
368.0,378.0,3.499,-3.361,0.138,-3.275,0.22,0.3,0.377,0.451,0.523,0.593,0.661,0.727,0.79,0.851,0.911,0.969,1.28,1.538,1.755,1.937,2.223,2.432,2.589,2.709,2.803,2.878,2.939,3.125
369.0,378.0,3.189,-3.166,0.239,-3.275,0.103,0.181,0.256,0.328,0.398,0.465,0.531,0.594,0.655,0.715,0.772,0.828,1.126,1.373,1.578,1.751,2.019,2.214,2.359,2.47,2.556,2.625,2.68,2.849
370.0,378.0,3.247,-3.158,0.159,-3.275,0.167,0.242,0.315,0.386,0.454,0.52,0.584,0.646,0.706,0.765,0.821,0.875,1.169,1.413,1.617,1.788,2.056,2.252,2.399,2.511,2.599,2.669,2.726,2.899
371.0,378.0,3.178,-2.941,0.357,-3.275,0.314,0.389,0.461,0.531,0.598,0.663,0.726,0.787,0.846,0.902,0.957,1.01,1.294,1.527,1.721,1.881,2.129,2.308,2.44,2.54,2.617,2.678,2.728,2.877
372.0,378.0,3.167,-2.857,0.341,-3.275,0.385,0.457,0.527,0.595,0.66,0.724,0.785,0.843,0.9,0.956,1.009,1.06,1.336,1.562,1.75,1.906,2.147,2.32,2.448,2.546,2.621,2.68,2.729,2.874
373.0,378.0,2.676,-2.454,0.078,-3.275,0.281,0.339,0.395,0.449,0.501,0.552,0.601,0.648,0.694,0.739,0.782,0.824,1.05,1.238,1.396,1.529,1.737,1.89,2.005,2.094,2.163,2.218,2.263,2.4
374.0,378.0,2.364,-2.127,0.205,-3.275,0.292,0.345,0.396,0.445,0.493,0.539,0.584,0.627,0.669,0.709,0.748,0.786,0.989,1.156,1.295,1.411,1.59,1.721,1.817,1.89,1.948,1.993,2.029,2.141
375.0,378.0,2.398,-2.237,-0.194,-3.275,0.209,0.256,0.302,0.346,0.389,0.431,0.471,0.511,0.549,0.586,0.623,0.658,0.85,1.014,1.154,1.273,1.465,1.61,1.721,1.807,1.876,1.931,1.977,2.116
376.0,378.0,2.483,-2.32,-0.525,-3.275,0.206,0.247,0.288,0.328,0.366,0.404,0.441,0.478,0.513,0.548,0.581,0.615,0.798,0.958,1.098,1.22,1.422,1.578,1.701,1.798,1.875,1.939,1.991,2.153
377.0,378.0,2.421,-2.127,-0.621,-3.275,0.33,0.365,0.399,0.433,0.466,0.499,0.53,0.561,0.592,0.622,0.651,0.68,0.841,0.984,1.11,1.222,1.407,1.553,1.669,1.761,1.835,1.896,1.946,2.102
367.0,379.0,3.582,-3.415,0.193,-3.275,0.252,0.334,0.413,0.49,0.564,0.636,0.706,0.773,0.838,0.901,0.962,1.022,1.34,1.604,1.825,2.011,2.3,2.512,2.67,2.791,2.885,2.961,3.022,3.208
368.0,379.0,3.56,-3.375,0.19,-3.275,0.269,0.35,0.429,0.505,0.578,0.649,0.718,0.784,0.849,0.911,0.971,1.03,1.345,1.606,1.824,2.007,2.294,2.503,2.659,2.778,2.872,2.946,3.006,3.19
369.0,379.0,3.247,-3.177,0.323,-3.275,0.152,0.232,0.308,0.383,0.454,0.523,0.59,0.655,0.718,0.778,0.837,0.893,1.197,1.447,1.655,1.828,2.097,2.291,2.435,2.544,2.629,2.696,2.75,2.916
370.0,379.0,3.302,-3.171,0.251,-3.275,0.212,0.289,0.365,0.437,0.507,0.575,0.641,0.705,0.766,0.826,0.883,0.939,1.238,1.486,1.692,1.865,2.133,2.328,2.473,2.584,2.67,2.739,2.794,2.963
371.0,379.0,3.232,-2.952,0.447,-3.275,0.36,0.437,0.511,0.583,0.652,0.719,0.784,0.846,0.906,0.964,1.02,1.074,1.364,1.6,1.796,1.957,2.206,2.383,2.514,2.612,2.687,2.747,2.795,2.941
372.0,379.0,3.217,-2.867,0.442,-3.275,0.428,0.503,0.575,0.645,0.712,0.777,0.84,0.901,0.959,1.016,1.07,1.123,1.405,1.635,1.825,1.982,2.223,2.395,2.522,2.617,2.69,2.748,2.795,2.936
373.0,379.0,2.705,-2.466,0.304,-3.275,0.304,0.367,0.427,0.486,0.543,0.597,0.65,0.701,0.75,0.798,0.844,0.889,1.127,1.322,1.484,1.619,1.827,1.977,2.087,2.171,2.235,2.287,2.328,2.453
374.0,379.0,2.386,-2.136,0.472,-3.275,0.311,0.37,0.426,0.481,0.534,0.585,0.634,0.681,0.726,0.77,0.813,0.854,1.07,1.246,1.39,1.508,1.686,1.812,1.903,1.971,2.022,2.063,2.095,2.193
375.0,379.0,2.411,-2.251,0.119,-3.275,0.216,0.27,0.322,0.372,0.421,0.469,0.514,0.558,0.601,0.643,0.683,0.722,0.931,1.105,1.251,1.373,1.564,1.703,1.808,1.888,1.95,2.0,2.04,2.163
376.0,379.0,2.488,-2.338,-0.178,-3.275,0.201,0.251,0.299,0.346,0.391,0.435,0.478,0.519,0.56,0.599,0.637,0.674,0.877,1.049,1.195,1.32,1.521,1.671,1.787,1.877,1.948,2.005,2.052,2.196
377.0,379.0,2.416,-2.145,-0.235,-3.275,0.316,0.36,0.402,0.444,0.484,0.523,0.562,0.599,0.635,0.67,0.704,0.738,0.92,1.075,1.209,1.323,1.508,1.647,1.755,1.839,1.906,1.96,2.004,2.14
378.0,379.0,2.02,-1.792,-0.935,-3.275,0.248,0.269,0.29,0.31,0.331,0.351,0.372,0.392,0.412,0.432,0.452,0.472,0.587,0.695,0.795,0.887,1.046,1.177,1.284,1.371,1.442,1.501,1.55,1.704
368.0,380.0,3.624,-3.388,0.227,-3.275,0.321,0.403,0.482,0.559,0.633,0.705,0.775,0.842,0.907,0.97,1.031,1.091,1.408,1.672,1.891,2.075,2.363,2.572,2.728,2.847,2.94,3.014,3.074,3.256
369.0,380.0,3.308,-3.188,0.388,-3.275,0.204,0.285,0.364,0.439,0.512,0.583,0.651,0.717,0.781,0.842,0.902,0.959,1.267,1.52,1.729,1.903,2.172,2.366,2.509,2.617,2.701,2.767,2.821,2.983
370.0,380.0,3.36,-3.182,0.322,-3.275,0.26,0.34,0.417,0.491,0.563,0.632,0.699,0.764,0.827,0.887,0.946,1.003,1.307,1.557,1.765,1.939,2.208,2.402,2.546,2.656,2.741,2.808,2.863,3.028
371.0,380.0,3.289,-2.961,0.517,-3.275,0.41,0.489,0.565,0.638,0.709,0.777,0.843,0.906,0.967,1.026,1.083,1.139,1.432,1.672,1.869,2.031,2.28,2.457,2.586,2.683,2.757,2.816,2.863,3.005
372.0,380.0,3.272,-2.877,0.523,-3.275,0.475,0.552,0.626,0.698,0.767,0.833,0.897,0.959,1.019,1.077,1.133,1.186,1.473,1.706,1.898,2.056,2.297,2.469,2.594,2.687,2.759,2.816,2.862,2.999
373.0,380.0,2.741,-2.475,0.492,-3.275,0.336,0.403,0.467,0.53,0.59,0.648,0.704,0.758,0.81,0.86,0.908,0.955,1.203,1.406,1.571,1.707,1.915,2.061,2.168,2.247,2.309,2.356,2.395,2.511
374.0,380.0,2.417,-2.143,0.696,-3.275,0.34,0.404,0.466,0.525,0.582,0.637,0.689,0.74,0.788,0.835,0.88,0.924,1.152,1.335,1.483,1.602,1.78,1.902,1.988,2.051,2.098,2.134,2.163,2.249
375.0,380.0,2.434,-2.261,0.383,-3.275,0.235,0.295,0.353,0.408,0.462,0.514,0.564,0.612,0.659,0.704,0.747,0.789,1.013,1.196,1.346,1.47,1.66,1.795,1.894,1.968,2.025,2.07,2.107,2.216
376.0,380.0,2.505,-2.352,0.114,-3.275,0.211,0.267,0.322,0.374,0.425,0.474,0.522,0.568,0.613,0.656,0.698,0.738,0.957,1.138,1.29,1.417,1.617,1.763,1.872,1.956,2.021,2.074,2.116,2.245
377.0,380.0,2.425,-2.16,0.092,-3.275,0.318,0.369,0.419,0.467,0.513,0.558,0.602,0.644,0.685,0.724,0.762,0.799,0.999,1.166,1.305,1.422,1.605,1.74,1.84,1.918,1.978,2.026,2.065,2.185
378.0,380.0,1.994,-1.813,-0.432,-3.275,0.214,0.246,0.277,0.307,0.337,0.367,0.395,0.423,0.451,0.477,0.504,0.529,0.672,0.796,0.905,1.001,1.158,1.281,1.377,1.453,1.515,1.565,1.606,1.734
379.0,380.0,1.915,-1.655,-0.594,-3.275,0.284,0.309,0.334,0.358,0.382,0.405,0.428,0.451,0.473,0.495,0.516,0.538,0.658,0.765,0.862,0.948,1.093,1.209,1.301,1.376,1.436,1.485,1.526,1.654
369.0,381.0,3.372,-3.198,0.437,-3.275,0.259,0.341,0.421,0.498,0.572,0.643,0.712,0.779,0.844,0.906,0.966,1.025,1.336,1.591,1.802,1.977,2.246,2.439,2.582,2.689,2.772,2.838,2.891,3.051
370.0,381.0,3.422,-3.194,0.377,-3.275,0.312,0.393,0.471,0.547,0.62,0.69,0.758,0.824,0.888,0.949,1.009,1.066,1.374,1.627,1.836,2.011,2.28,2.474,2.618,2.726,2.811,2.877,2.931,3.095
371.0,381.0,3.349,-2.97,0.571,-3.275,0.463,0.543,0.62,0.694,0.766,0.835,0.902,0.967,1.029,1.089,1.147,1.203,1.5,1.742,1.94,2.103,2.352,2.529,2.657,2.753,2.826,2.884,2.931,3.071
372.0,381.0,3.329,-2.886,0.586,-3.275,0.525,0.604,0.679,0.752,0.823,0.891,0.956,1.019,1.08,1.138,1.195,1.25,1.54,1.776,1.969,2.128,2.37,2.54,2.664,2.757,2.828,2.883,2.928,3.062
373.0,381.0,2.784,-2.482,0.647,-3.275,0.375,0.446,0.514,0.579,0.642,0.703,0.761,0.818,0.872,0.924,0.974,1.023,1.28,1.487,1.655,1.793,2.0,2.144,2.247,2.324,2.382,2.427,2.463,2.571
374.0,381.0,2.455,-2.147,0.884,-3.275,0.379,0.447,0.512,0.575,0.636,0.693,0.749,0.802,0.854,0.903,0.95,0.996,1.234,1.423,1.574,1.695,1.871,1.99,2.072,2.13,2.174,2.207,2.233,2.308
375.0,381.0,2.466,-2.269,0.603,-3.275,0.265,0.33,0.392,0.452,0.51,0.566,0.619,0.671,0.721,0.769,0.815,0.859,1.095,1.284,1.438,1.564,1.753,1.885,1.979,2.048,2.101,2.142,2.175,2.273
376.0,381.0,2.532,-2.363,0.36,-3.275,0.233,0.295,0.354,0.412,0.467,0.521,0.572,0.622,0.67,0.717,0.762,0.805,1.037,1.226,1.383,1.512,1.711,1.853,1.957,2.036,2.096,2.144,2.183,2.299
377.0,381.0,2.444,-2.171,0.368,-3.275,0.333,0.39,0.446,0.499,0.551,0.601,0.649,0.695,0.74,0.783,0.825,0.865,1.08,1.255,1.399,1.518,1.701,1.831,1.925,1.997,2.052,2.095,2.13,2.235
378.0,381.0,1.985,-1.829,-0.004,-3.275,0.199,0.241,0.281,0.32,0.358,0.395,0.431,0.465,0.499,0.531,0.562,0.593,0.758,0.896,1.013,1.112,1.268,1.383,1.47,1.537,1.59,1.632,1.667,1.772
379.0,381.0,1.895,-1.672,-0.119,-3.275,0.259,0.295,0.329,0.363,0.395,0.427,0.458,0.488,0.517,0.545,0.572,0.599,0.744,0.867,0.972,1.062,1.205,1.313,1.395,1.459,1.51,1.551,1.584,1.687
380.0,381.0,1.999,-1.728,-0.186,-3.275,0.308,0.343,0.378,0.411,0.444,0.475,0.506,0.536,0.565,0.594,0.621,0.648,0.795,0.92,1.028,1.12,1.269,1.381,1.467,1.535,1.589,1.632,1.668,1.777
370.0,382.0,3.485,-3.204,0.416,-3.275,0.366,0.448,0.527,0.604,0.678,0.749,0.818,0.884,0.949,1.011,1.071,1.129,1.44,1.695,1.906,2.081,2.351,2.545,2.688,2.796,2.88,2.946,3.0,3.161
371.0,382.0,3.411,-2.978,0.61,-3.275,0.517,0.598,0.677,0.752,0.825,0.895,0.962,1.028,1.09,1.151,1.209,1.266,1.566,1.81,2.009,2.173,2.422,2.599,2.726,2.822,2.895,2.952,2.998,3.136
372.0,382.0,3.389,-2.894,0.634,-3.275,0.578,0.658,0.735,0.809,0.88,0.949,1.015,1.079,1.14,1.2,1.257,1.312,1.606,1.844,2.038,2.198,2.44,2.61,2.733,2.825,2.895,2.95,2.995,3.126
373.0,382.0,2.832,-2.488,0.775,-3.275,0.42,0.494,0.565,0.633,0.698,0.761,0.822,0.88,0.936,0.99,1.042,1.092,1.356,1.567,1.738,1.876,2.083,2.225,2.326,2.399,2.455,2.498,2.532,2.633
374.0,382.0,2.5,-2.15,1.039,-3.275,0.425,0.496,0.565,0.631,0.694,0.754,0.812,0.868,0.922,0.973,1.022,1.069,1.316,1.509,1.663,1.784,1.96,2.076,2.154,2.209,2.25,2.28,2.303,2.37
375.0,382.0,2.506,-2.274,0.787,-3.275,0.304,0.373,0.439,0.503,0.564,0.623,0.679,0.734,0.786,0.836,0.885,0.931,1.176,1.372,1.529,1.656,1.844,1.973,2.063,2.128,2.177,2.215,2.245,2.333
376.0,382.0,2.566,-2.371,0.565,-3.275,0.265,0.331,0.395,0.456,0.516,0.573,0.628,0.681,0.732,0.781,0.829,0.874,1.117,1.313,1.473,1.604,1.802,1.941,2.041,2.115,2.171,2.216,2.251,2.357
377.0,382.0,2.473,-2.179,0.599,-3.275,0.359,0.422,0.482,0.54,0.596,0.65,0.702,0.752,0.8,0.846,0.89,0.933,1.16,1.343,1.491,1.612,1.794,1.92,2.01,2.076,2.126,2.165,2.196,2.289
378.0,382.0,1.99,-1.839,0.358,-3.275,0.203,0.252,0.3,0.347,0.391,0.434,0.476,0.515,0.554,0.591,0.627,0.662,0.846,0.996,1.119,1.22,1.374,1.483,1.563,1.622,1.667,1.703,1.732,1.818
379.0,382.0,1.891,-1.684,0.284,-3.275,0.253,0.298,0.341,0.383,0.423,0.461,0.498,0.534,0.569,0.603,0.635,0.666,0.833,0.969,1.08,1.173,1.314,1.415,1.489,1.544,1.587,1.62,1.647,1.729
380.0,382.0,1.995,-1.74,0.213,-3.275,0.301,0.345,0.388,0.429,0.469,0.508,0.545,0.581,0.616,0.649,0.682,0.713,0.881,1.019,1.134,1.229,1.376,1.481,1.559,1.618,1.664,1.7,1.729,1.818
381.0,382.0,2.041,-1.789,-0.321,-3.275,0.287,0.32,0.353,0.386,0.417,0.448,0.477,0.507,0.535,0.563,0.59,0.616,0.762,0.888,0.997,1.092,1.246,1.365,1.458,1.531,1.589,1.636,1.675,1.796
371.0,383.0,3.475,-2.987,0.638,-3.275,0.573,0.655,0.734,0.81,0.884,0.955,1.023,1.088,1.152,1.213,1.272,1.329,1.631,1.876,2.076,2.241,2.491,2.667,2.794,2.889,2.962,3.019,3.065,3.202
372.0,383.0,3.451,-2.902,0.668,-3.275,0.633,0.713,0.791,0.866,0.938,1.007,1.074,1.139,1.201,1.261,1.319,1.375,1.67,1.91,2.105,2.266,2.508,2.678,2.801,2.893,2.962,3.017,3.06,3.191
373.0,383.0,2.885,-2.493,0.878,-3.275,0.471,0.547,0.619,0.69,0.757,0.822,0.884,0.944,1.001,1.057,1.11,1.161,1.431,1.646,1.818,1.957,2.164,2.304,2.403,2.474,2.528,2.569,2.601,2.697
374.0,383.0,2.549,-2.15,1.166,-3.275,0.477,0.551,0.622,0.69,0.756,0.819,0.879,0.936,0.991,1.044,1.095,1.144,1.396,1.594,1.749,1.872,2.046,2.16,2.235,2.288,2.325,2.353,2.375,2.435
375.0,383.0,2.552,-2.278,0.94,-3.275,0.349,0.422,0.491,0.558,0.622,0.683,0.742,0.799,0.854,0.906,0.956,1.004,1.257,1.458,1.618,1.746,1.933,2.059,2.146,2.208,2.254,2.289,2.316,2.396
376.0,383.0,2.608,-2.377,0.736,-3.275,0.304,0.375,0.442,0.507,0.569,0.629,0.687,0.743,0.796,0.848,0.897,0.945,1.197,1.399,1.562,1.694,1.891,2.027,2.123,2.194,2.247,2.288,2.321,2.417
377.0,383.0,2.509,-2.184,0.792,-3.275,0.395,0.462,0.526,0.588,0.647,0.705,0.759,0.812,0.863,0.912,0.959,1.004,1.241,1.43,1.581,1.704,1.884,2.007,2.093,2.155,2.201,2.237,2.265,2.347
378.0,383.0,2.007,-1.846,0.665,-3.275,0.221,0.277,0.332,0.384,0.434,0.482,0.528,0.573,0.616,0.657,0.697,0.735,0.935,1.094,1.222,1.326,1.478,1.582,1.654,1.707,1.746,1.776,1.8,1.87
379.0,383.0,1.901,-1.691,0.626,-3.275,0.264,0.316,0.366,0.415,0.461,0.505,0.548,0.589,0.628,0.666,0.703,0.738,0.922,1.069,1.186,1.281,1.421,1.515,1.582,1.629,1.665,1.692,1.714,1.777
380.0,383.0,2.004,-1.748,0.551,-3.275,0.31,0.362,0.412,0.459,0.506,0.55,0.593,0.634,0.673,0.711,0.748,0.783,0.969,1.117,1.237,1.335,1.48,1.58,1.65,1.702,1.741,1.771,1.795,1.865
381.0,383.0,2.034,-1.803,0.088,-3.275,0.276,0.319,0.36,0.401,0.44,0.477,0.514,0.549,0.583,0.617,0.649,0.68,0.847,0.986,1.103,1.201,1.354,1.466,1.549,1.613,1.664,1.704,1.736,1.835
382.0,383.0,2.382,-2.117,-0.616,-3.275,0.301,0.336,0.37,0.404,0.437,0.469,0.501,0.532,0.562,0.592,0.621,0.65,0.811,0.953,1.078,1.189,1.374,1.519,1.634,1.726,1.8,1.86,1.91,2.065
372.0,384.0,3.513,-2.91,0.69,-3.275,0.688,0.77,0.848,0.923,0.996,1.066,1.134,1.199,1.261,1.322,1.38,1.436,1.734,1.975,2.171,2.332,2.575,2.745,2.868,2.959,3.028,3.082,3.126,3.256
373.0,384.0,2.941,-2.497,0.961,-3.275,0.525,0.603,0.677,0.749,0.818,0.884,0.948,1.009,1.068,1.124,1.179,1.231,1.505,1.722,1.896,2.036,2.242,2.381,2.478,2.548,2.6,2.639,2.671,2.762
374.0,384.0,2.603,-2.15,1.27,-3.275,0.533,0.61,0.683,0.753,0.821,0.885,0.947,1.006,1.062,1.117,1.169,1.218,1.476,1.677,1.834,1.957,2.131,2.242,2.315,2.365,2.401,2.427,2.446,2.501
375.0,384.0,2.602,-2.28,1.065,-3.275,0.401,0.476,0.548,0.617,0.684,0.747,0.808,0.867,0.923,0.977,1.029,1.078,1.338,1.542,1.704,1.833,2.019,2.143,2.227,2.286,2.33,2.362,2.388,2.461
376.0,384.0,2.656,-2.381,0.876,-3.275,0.351,0.424,0.495,0.562,0.627,0.69,0.75,0.808,0.863,0.916,0.968,1.017,1.276,1.483,1.648,1.781,1.978,2.111,2.205,2.272,2.322,2.361,2.392,2.481
377.0,384.0,2.552,-2.188,0.952,-3.275,0.438,0.508,0.576,0.641,0.704,0.763,0.821,0.876,0.929,0.98,1.029,1.076,1.321,1.515,1.669,1.793,1.972,2.092,2.174,2.233,2.276,2.309,2.334,2.408
378.0,384.0,2.035,-1.849,0.923,-3.275,0.251,0.313,0.373,0.43,0.485,0.537,0.588,0.636,0.682,0.727,0.77,0.811,1.024,1.191,1.324,1.428,1.579,1.678,1.745,1.792,1.826,1.851,1.871,1.927
379.0,384.0,1.922,-1.694,0.916,-3.275,0.288,0.347,0.403,0.457,0.508,0.558,0.605,0.65,0.694,0.735,0.775,0.813,1.013,1.168,1.29,1.387,1.524,1.614,1.674,1.715,1.745,1.767,1.784,1.831
380.0,384.0,2.025,-1.753,0.837,-3.275,0.332,0.391,0.446,0.5,0.551,0.6,0.647,0.693,0.736,0.778,0.818,0.856,1.057,1.214,1.339,1.438,1.582,1.676,1.74,1.786,1.819,1.844,1.863,1.918
381.0,384.0,2.041,-1.813,0.435,-3.275,0.282,0.332,0.381,0.428,0.474,0.517,0.56,0.6,0.639,0.677,0.713,0.748,0.934,1.084,1.206,1.307,1.458,1.564,1.64,1.697,1.74,1.774,1.801,1.881
382.0,384.0,2.377,-2.135,-0.226,-3.275,0.287,0.331,0.374,0.415,0.455,0.494,0.533,0.57,0.606,0.641,0.675,0.708,0.89,1.045,1.178,1.292,1.475,1.614,1.721,1.804,1.871,1.924,1.968,2.103
383.0,384.0,3.144,-2.794,-0.846,-3.275,0.396,0.442,0.486,0.53,0.573,0.615,0.656,0.697,0.736,0.775,0.814,0.851,1.061,1.248,1.413,1.559,1.804,1.996,2.148,2.27,2.368,2.449,2.515,2.722
373.0,385.0,2.999,-2.5,1.026,-3.275,0.582,0.661,0.738,0.811,0.881,0.948,1.013,1.075,1.135,1.192,1.247,1.3,1.578,1.797,1.973,2.113,2.319,2.457,2.552,2.621,2.671,2.71,2.74,2.828
374.0,385.0,2.66,-2.149,1.354,-3.275,0.594,0.672,0.747,0.819,0.888,0.953,1.016,1.077,1.134,1.189,1.242,1.293,1.555,1.758,1.916,2.039,2.213,2.322,2.394,2.442,2.475,2.5,2.518,2.568
375.0,385.0,2.657,-2.28,1.166,-3.275,0.458,0.535,0.609,0.68,0.748,0.813,0.876,0.936,0.994,1.049,1.102,1.153,1.417,1.625,1.788,1.917,2.103,2.225,2.307,2.364,2.405,2.436,2.46,2.528
376.0,385.0,2.708,-2.384,0.991,-3.275,0.403,0.479,0.552,0.621,0.689,0.753,0.815,0.874,0.931,0.986,1.039,1.09,1.355,1.565,1.732,1.866,2.062,2.194,2.285,2.35,2.398,2.434,2.463,2.546
377.0,385.0,2.6,-2.19,1.084,-3.275,0.487,0.561,0.631,0.699,0.763,0.826,0.885,0.942,0.997,1.05,1.1,1.148,1.401,1.599,1.755,1.879,2.058,2.175,2.255,2.31,2.351,2.381,2.405,2.472
378.0,385.0,2.071,-1.85,1.14,-3.275,0.291,0.358,0.422,0.483,0.542,0.598,0.652,0.704,0.753,0.8,0.845,0.889,1.113,1.287,1.423,1.529,1.678,1.773,1.835,1.877,1.906,1.928,1.944,1.988
379.0,385.0,1.952,-1.695,1.159,-3.275,0.324,0.388,0.449,0.507,0.563,0.617,0.668,0.717,0.763,0.808,0.851,0.892,1.103,1.266,1.392,1.49,1.626,1.71,1.765,1.8,1.825,1.842,1.855,1.89
380.0,385.0,2.055,-1.754,1.077,-3.275,0.366,0.43,0.49,0.548,0.604,0.657,0.708,0.757,0.804,0.849,0.891,0.932,1.145,1.31,1.438,1.539,1.681,1.771,1.83,1.87,1.898,1.918,1.933,1.976
381.0,385.0,2.06,-1.818,0.728,-3.275,0.301,0.359,0.414,0.466,0.517,0.566,0.613,0.658,0.701,0.742,0.782,0.82,1.021,1.181,1.308,1.41,1.56,1.661,1.73,1.781,1.818,1.846,1.869,1.933
382.0,385.0,2.386,-2.149,0.104,-3.275,0.289,0.341,0.39,0.438,0.485,0.53,0.573,0.615,0.656,0.696,0.734,0.771,0.97,1.136,1.275,1.392,1.574,1.708,1.807,1.884,1.944,1.991,2.03,2.148
383.0,385.0,3.155,-2.818,-0.557,-3.275,0.39,0.443,0.494,0.543,0.592,0.639,0.685,0.731,0.775,0.818,0.86,0.901,1.128,1.324,1.496,1.645,1.889,2.077,2.224,2.34,2.433,2.508,2.57,2.763
384.0,385.0,3.218,-2.808,-0.918,-3.275,0.455,0.499,0.542,0.585,0.627,0.668,0.708,0.748,0.787,0.825,0.863,0.9,1.108,1.293,1.458,1.605,1.851,2.045,2.2,2.324,2.424,2.506,2.574,2.785
374.0,386.0,2.72,-2.146,1.42,-3.275,0.657,0.737,0.813,0.886,0.956,1.023,1.087,1.148,1.206,1.262,1.316,1.367,1.633,1.837,1.996,2.12,2.292,2.401,2.47,2.517,2.549,2.572,2.589,2.635
375.0,386.0,2.715,-2.28,1.247,-3.275,0.518,0.597,0.673,0.745,0.815,0.881,0.945,1.006,1.065,1.121,1.175,1.227,1.496,1.705,1.87,2.0,2.185,2.305,2.385,2.44,2.48,2.509,2.532,2.595
376.0,386.0,2.764,-2.386,1.084,-3.275,0.459,0.537,0.612,0.684,0.752,0.818,0.882,0.943,1.001,1.057,1.111,1.163,1.433,1.645,1.814,1.949,2.145,2.274,2.363,2.426,2.472,2.507,2.534,2.612
377.0,386.0,2.653,-2.19,1.192,-3.275,0.542,0.617,0.69,0.76,0.826,0.89,0.952,1.01,1.066,1.12,1.172,1.222,1.479,1.681,1.839,1.964,2.142,2.257,2.334,2.387,2.425,2.454,2.475,2.536
378.0,386.0,2.114,-1.848,1.321,-3.275,0.34,0.411,0.478,0.543,0.605,0.664,0.721,0.775,0.827,0.876,0.923,0.969,1.202,1.381,1.519,1.626,1.774,1.865,1.923,1.961,1.987,2.005,2.018,2.052
379.0,386.0,1.99,-1.692,1.363,-3.275,0.369,0.438,0.503,0.565,0.624,0.681,0.735,0.787,0.836,0.884,0.929,0.972,1.193,1.362,1.491,1.59,1.724,1.805,1.854,1.885,1.906,1.919,1.929,1.952
380.0,386.0,2.092,-1.753,1.278,-3.275,0.41,0.477,0.542,0.604,0.663,0.72,0.774,0.825,0.875,0.922,0.967,1.011,1.233,1.404,1.535,1.637,1.777,1.863,1.918,1.953,1.977,1.993,2.006,2.037
381.0,386.0,2.089,-1.821,0.975,-3.275,0.333,0.396,0.456,0.513,0.568,0.621,0.672,0.721,0.767,0.812,0.855,0.896,1.109,1.276,1.407,1.511,1.659,1.755,1.82,1.864,1.896,1.92,1.939,1.99
382.0,386.0,2.405,-2.16,0.382,-3.275,0.305,0.362,0.418,0.471,0.523,0.573,0.621,0.667,0.712,0.755,0.797,0.837,1.052,1.227,1.37,1.489,1.67,1.799,1.893,1.964,2.018,2.061,2.095,2.199
383.0,386.0,3.175,-2.838,-0.316,-3.275,0.397,0.455,0.511,0.566,0.619,0.671,0.721,0.77,0.818,0.864,0.91,0.954,1.194,1.4,1.576,1.728,1.972,2.157,2.299,2.41,2.499,2.57,2.628,2.809
384.0,386.0,3.227,-2.833,-0.627,-3.275,0.446,0.497,0.547,0.595,0.643,0.69,0.735,0.779,0.823,0.865,0.907,0.947,1.172,1.368,1.539,1.688,1.934,2.125,2.274,2.392,2.487,2.564,2.628,2.825
385.0,386.0,3.222,-2.822,-0.937,-3.275,0.444,0.488,0.532,0.574,0.616,0.657,0.698,0.737,0.776,0.815,0.852,0.889,1.098,1.283,1.449,1.596,1.844,2.039,2.195,2.32,2.421,2.504,2.572,2.785
375.0,387.0,2.776,-2.279,1.311,-3.275,0.581,0.661,0.738,0.812,0.883,0.95,1.015,1.077,1.137,1.194,1.249,1.301,1.573,1.784,1.95,2.08,2.265,2.384,2.462,2.516,2.554,2.582,2.604,2.663
376.0,387.0,2.823,-2.387,1.157,-3.275,0.519,0.598,0.675,0.748,0.818,0.885,0.95,1.012,1.071,1.128,1.183,1.235,1.509,1.724,1.894,2.029,2.225,2.353,2.44,2.501,2.546,2.58,2.606,2.68
377.0,387.0,2.708,-2.19,1.279,-3.275,0.6,0.678,0.752,0.823,0.892,0.957,1.019,1.079,1.137,1.192,1.245,1.295,1.557,1.761,1.92,2.046,2.223,2.337,2.412,2.463,2.499,2.526,2.546,2.602
378.0,387.0,2.162,-1.844,1.471,-3.275,0.395,0.469,0.54,0.608,0.672,0.734,0.793,0.849,0.902,0.954,1.003,1.05,1.29,1.473,1.614,1.721,1.868,1.956,2.01,2.044,2.067,2.082,2.093,2.119
379.0,387.0,2.035,-1.688,1.534,-3.275,0.422,0.494,0.563,0.628,0.69,0.75,0.807,0.861,0.912,0.962,1.009,1.054,1.283,1.457,1.588,1.687,1.82,1.897,1.943,1.97,1.986,1.997,2.003,2.017
380.0,387.0,2.136,-1.75,1.446,-3.275,0.461,0.532,0.6,0.665,0.727,0.786,0.843,0.897,0.949,0.998,1.045,1.09,1.321,1.496,1.63,1.733,1.871,1.954,2.005,2.036,2.056,2.069,2.079,2.101
381.0,387.0,2.125,-1.821,1.182,-3.275,0.374,0.441,0.506,0.567,0.626,0.682,0.736,0.788,0.837,0.884,0.93,0.973,1.197,1.37,1.504,1.609,1.756,1.848,1.908,1.948,1.975,1.995,2.01,2.051
382.0,387.0,2.434,-2.168,0.616,-3.275,0.332,0.394,0.455,0.513,0.569,0.623,0.675,0.724,0.773,0.819,0.863,0.906,1.133,1.316,1.463,1.584,1.764,1.889,1.978,2.044,2.093,2.132,2.162,2.254
383.0,387.0,3.204,-2.855,-0.114,-3.275,0.413,0.476,0.537,0.596,0.653,0.708,0.762,0.815,0.865,0.915,0.962,1.009,1.261,1.474,1.655,1.808,2.052,2.235,2.373,2.48,2.565,2.633,2.689,2.859
384.0,387.0,3.245,-2.854,-0.383,-3.275,0.45,0.506,0.562,0.615,0.668,0.719,0.769,0.817,0.864,0.91,0.955,0.998,1.237,1.442,1.618,1.77,2.016,2.203,2.348,2.461,2.551,2.624,2.684,2.869
385.0,387.0,3.23,-2.847,-0.645,-3.275,0.435,0.486,0.536,0.585,0.632,0.679,0.724,0.769,0.812,0.855,0.896,0.937,1.162,1.358,1.53,1.68,1.927,2.119,2.269,2.388,2.484,2.562,2.626,2.825
386.0,387.0,3.064,-2.612,-0.573,-3.275,0.5,0.547,0.593,0.638,0.682,0.725,0.767,0.808,0.848,0.887,0.926,0.963,1.17,1.351,1.509,1.647,1.874,2.049,2.187,2.296,2.383,2.454,2.512,2.694
376.0,388.0,2.884,-2.388,1.214,-3.275,0.581,0.662,0.739,0.814,0.885,0.953,1.018,1.081,1.141,1.199,1.254,1.308,1.584,1.801,1.972,2.108,2.302,2.43,2.516,2.576,2.619,2.652,2.677,2.748
377.0,388.0,2.767,-2.189,1.348,-3.275,0.661,0.741,0.816,0.889,0.958,1.025,1.088,1.149,1.208,1.264,1.317,1.368,1.634,1.84,2.0,2.125,2.302,2.414,2.488,2.537,2.572,2.598,2.617,2.669
378.0,388.0,2.216,-1.839,1.595,-3.275,0.456,0.533,0.606,0.676,0.742,0.806,0.867,0.925,0.98,1.033,1.083,1.131,1.377,1.564,1.706,1.814,1.959,2.045,2.096,2.127,2.147,2.159,2.168,2.187
379.0,388.0,2.085,-1.682,1.675,-3.275,0.482,0.556,0.628,0.696,0.76,0.822,0.881,0.937,0.99,1.041,1.09,1.136,1.372,1.55,1.683,1.783,1.914,1.988,2.03,2.053,2.067,2.074,2.079,2.084
380.0,388.0,2.186,-1.746,1.585,-3.275,0.518,0.592,0.663,0.73,0.795,0.856,0.915,0.971,1.025,1.076,1.124,1.171,1.408,1.587,1.723,1.826,1.963,2.043,2.09,2.118,2.135,2.146,2.153,2.167
381.0,388.0,2.168,-1.82,1.355,-3.275,0.423,0.494,0.562,0.627,0.689,0.748,0.804,0.858,0.91,0.959,1.007,1.052,1.284,1.462,1.599,1.705,1.85,1.939,1.995,2.03,2.055,2.071,2.083,2.114
382.0,388.0,2.47,-2.173,0.811,-3.275,0.368,0.435,0.499,0.561,0.621,0.678,0.733,0.786,0.837,0.885,0.932,0.978,1.215,1.403,1.554,1.676,1.855,1.977,2.062,2.123,2.169,2.204,2.231,2.312
383.0,388.0,3.24,-2.871,0.053,-3.275,0.438,0.505,0.569,0.632,0.692,0.751,0.808,0.863,0.916,0.968,1.018,1.066,1.328,1.547,1.731,1.887,2.131,2.311,2.446,2.55,2.632,2.697,2.751,2.913
384.0,388.0,3.273,-2.873,-0.179,-3.275,0.463,0.525,0.585,0.643,0.699,0.754,0.807,0.859,0.909,0.958,1.005,1.052,1.302,1.515,1.695,1.849,2.095,2.28,2.421,2.53,2.617,2.686,2.743,2.918
385.0,388.0,3.249,-2.868,-0.4,-3.275,0.439,0.496,0.551,0.605,0.657,0.708,0.758,0.806,0.853,0.899,0.944,0.988,1.227,1.432,1.609,1.762,2.009,2.197,2.343,2.457,2.548,2.622,2.683,2.869
386.0,388.0,3.077,-2.632,-0.3,-3.275,0.499,0.553,0.605,0.656,0.705,0.753,0.799,0.845,0.889,0.932,0.974,1.015,1.238,1.428,1.591,1.732,1.958,2.13,2.262,2.365,2.448,2.514,2.568,2.736
387.0,388.0,3.073,-2.402,-0.939,-3.275,0.706,0.74,0.774,0.808,0.841,0.873,0.906,0.937,0.969,1.0,1.03,1.06,1.23,1.384,1.523,1.648,1.859,2.028,2.164,2.274,2.363,2.436,2.496,2.685
377.0,389.0,2.828,-2.187,1.401,-3.275,0.725,0.805,0.882,0.956,1.026,1.093,1.158,1.22,1.279,1.335,1.389,1.441,1.709,1.916,2.077,2.203,2.379,2.49,2.562,2.611,2.645,2.669,2.687,2.737
378.0,389.0,2.273,-1.833,1.695,-3.275,0.522,0.601,0.676,0.747,0.815,0.881,0.943,1.002,1.058,1.112,1.164,1.213,1.464,1.653,1.796,1.904,2.048,2.131,2.18,2.209,2.226,2.237,2.243,2.256
379.0,389.0,2.14,-1.675,1.791,-3.275,0.546,0.623,0.697,0.767,0.833,0.897,0.957,1.015,1.07,1.122,1.172,1.219,1.461,1.641,1.775,1.875,2.005,2.076,2.115,2.136,2.147,2.152,2.154,2.153
380.0,389.0,2.239,-1.739,1.699,-3.275,0.58,0.657,0.73,0.799,0.866,0.929,0.989,1.047,1.102,1.154,1.204,1.252,1.494,1.676,1.813,1.917,2.053,2.13,2.174,2.199,2.213,2.222,2.227,2.234
381.0,389.0,2.217,-1.816,1.497,-3.275,0.479,0.553,0.623,0.691,0.755,0.817,0.875,0.931,0.985,1.036,1.085,1.132,1.371,1.553,1.692,1.798,1.942,2.028,2.08,2.113,2.133,2.147,2.157,2.18
382.0,389.0,2.514,-2.176,0.973,-3.275,0.411,0.482,0.55,0.615,0.678,0.738,0.795,0.85,0.903,0.954,1.003,1.05,1.296,1.489,1.643,1.766,1.944,2.063,2.144,2.202,2.244,2.276,2.302,2.374
383.0,389.0,3.282,-2.885,0.19,-3.275,0.47,0.54,0.607,0.673,0.736,0.797,0.856,0.913,0.969,1.023,1.074,1.125,1.395,1.619,1.806,1.963,2.207,2.386,2.519,2.62,2.699,2.762,2.814,2.969
384.0,389.0,3.307,-2.889,-0.01,-3.275,0.486,0.552,0.615,0.677,0.737,0.794,0.851,0.905,0.958,1.009,1.059,1.107,1.368,1.586,1.77,1.926,2.172,2.355,2.492,2.599,2.682,2.749,2.804,2.97
385.0,389.0,3.276,-2.887,-0.195,-3.275,0.452,0.514,0.574,0.632,0.688,0.743,0.796,0.848,0.898,0.947,0.995,1.041,1.292,1.505,1.686,1.841,2.088,2.274,2.416,2.526,2.614,2.684,2.741,2.918
386.0,389.0,3.099,-2.65,-0.072,-3.275,0.51,0.569,0.626,0.682,0.735,0.788,0.838,0.887,0.935,0.981,1.026,1.069,1.305,1.504,1.672,1.814,2.041,2.209,2.337,2.436,2.513,2.576,2.627,2.783
387.0,389.0,3.067,-2.427,-0.591,-3.275,0.684,0.727,0.768,0.809,0.849,0.888,0.926,0.963,1.0,1.035,1.07,1.104,1.294,1.46,1.606,1.734,1.945,2.109,2.238,2.341,2.423,2.49,2.545,2.717
388.0,389.0,2.877,-2.157,-0.77,-3.275,0.753,0.785,0.817,0.849,0.88,0.911,0.941,0.97,0.999,1.028,1.056,1.084,1.24,1.381,1.506,1.619,1.808,1.959,2.079,2.176,2.254,2.318,2.371,2.538
378.0,390.0,2.333,-1.826,1.776,-3.275,0.591,0.671,0.748,0.821,0.89,0.957,1.02,1.08,1.138,1.192,1.245,1.295,1.549,1.74,1.884,1.992,2.135,2.216,2.262,2.289,2.304,2.313,2.319,2.327
379.0,390.0,2.198,-1.666,1.886,-3.275,0.614,0.693,0.769,0.84,0.908,0.973,1.035,1.094,1.15,1.203,1.254,1.303,1.548,1.73,1.865,1.965,2.094,2.163,2.199,2.217,2.226,2.229,2.23,2.223
380.0,390.0,2.296,-1.732,1.792,-3.275,0.647,0.725,0.8,0.871,0.939,1.004,1.065,1.124,1.18,1.233,1.284,1.333,1.579,1.764,1.902,2.005,2.14,2.215,2.256,2.279,2.291,2.298,2.301,2.303
381.0,390.0,2.27,-1.811,1.615,-3.275,0.54,0.616,0.689,0.759,0.825,0.888,0.949,1.006,1.061,1.114,1.164,1.212,1.457,1.642,1.782,1.889,2.031,2.115,2.164,2.194,2.212,2.224,2.231,2.247
382.0,390.0,2.562,-2.177,1.107,-3.275,0.461,0.535,0.606,0.673,0.738,0.801,0.86,0.917,0.972,1.025,1.075,1.124,1.376,1.574,1.73,1.853,2.031,2.147,2.226,2.28,2.32,2.35,2.372,2.437
383.0,390.0,3.329,-2.897,0.301,-3.275,0.507,0.58,0.65,0.718,0.783,0.846,0.907,0.967,1.024,1.079,1.132,1.184,1.461,1.69,1.879,2.037,2.282,2.459,2.59,2.689,2.766,2.828,2.877,3.027
384.0,390.0,3.348,-2.904,0.128,-3.275,0.515,0.584,0.651,0.716,0.778,0.839,0.897,0.954,1.009,1.062,1.114,1.164,1.433,1.656,1.844,2.001,2.248,2.428,2.563,2.667,2.748,2.813,2.865,3.025
385.0,390.0,3.311,-2.904,-0.026,-3.275,0.475,0.54,0.604,0.666,0.725,0.783,0.84,0.894,0.947,0.998,1.048,1.096,1.357,1.577,1.761,1.918,2.166,2.349,2.488,2.595,2.679,2.747,2.802,2.97
386.0,390.0,3.13,-2.664,0.119,-3.275,0.531,0.594,0.656,0.715,0.772,0.828,0.882,0.934,0.984,1.033,1.08,1.126,1.373,1.578,1.75,1.895,2.121,2.286,2.411,2.506,2.58,2.639,2.687,2.834
387.0,390.0,3.074,-2.447,-0.297,-3.275,0.677,0.727,0.775,0.821,0.867,0.911,0.954,0.996,1.037,1.077,1.115,1.153,1.359,1.536,1.687,1.818,2.029,2.189,2.312,2.408,2.485,2.547,2.598,2.755
388.0,390.0,2.869,-2.179,-0.405,-3.275,0.731,0.772,0.812,0.851,0.889,0.926,0.962,0.998,1.032,1.066,1.099,1.131,1.307,1.46,1.593,1.709,1.897,2.042,2.155,2.244,2.316,2.374,2.421,2.569
389.0,390.0,2.767,-1.895,-0.88,-3.275,0.896,0.92,0.944,0.968,0.992,1.015,1.038,1.061,1.084,1.107,1.129,1.151,1.278,1.396,1.503,1.601,1.769,1.905,2.015,2.105,2.178,2.238,2.288,2.445
379.0,391.0,2.258,-1.657,1.962,-3.275,0.686,0.766,0.843,0.916,0.985,1.051,1.114,1.174,1.231,1.285,1.336,1.385,1.634,1.817,1.953,2.053,2.18,2.247,2.281,2.298,2.304,2.306,2.305,2.293
380.0,391.0,2.356,-1.724,1.867,-3.275,0.716,0.796,0.872,0.944,1.014,1.079,1.142,1.202,1.259,1.313,1.364,1.413,1.663,1.849,1.988,2.091,2.224,2.297,2.337,2.358,2.368,2.373,2.375,2.373
381.0,391.0,2.327,-1.805,1.711,-3.275,0.605,0.683,0.758,0.829,0.897,0.962,1.024,1.083,1.139,1.192,1.244,1.292,1.541,1.729,1.87,1.977,2.118,2.199,2.246,2.274,2.29,2.3,2.306,2.316
382.0,391.0,2.615,-2.178,1.216,-3.275,0.516,0.593,0.665,0.735,0.802,0.866,0.927,0.986,1.043,1.097,1.148,1.198,1.456,1.657,1.815,1.939,2.116,2.23,2.305,2.358,2.395,2.423,2.444,2.503
383.0,391.0,3.38,-2.909,0.39,-3.275,0.549,0.624,0.696,0.766,0.833,0.898,0.961,1.021,1.08,1.136,1.191,1.244,1.527,1.758,1.95,2.109,2.354,2.53,2.66,2.757,2.833,2.893,2.941,3.087
384.0,391.0,3.393,-2.917,0.241,-3.275,0.55,0.622,0.691,0.759,0.823,0.886,0.947,1.005,1.062,1.117,1.17,1.221,1.497,1.725,1.915,2.074,2.321,2.5,2.633,2.735,2.814,2.877,2.928,3.082
385.0,391.0,3.351,-2.919,0.114,-3.275,0.504,0.573,0.64,0.704,0.767,0.828,0.886,0.943,0.998,1.051,1.103,1.153,1.423,1.647,1.835,1.993,2.241,2.423,2.559,2.664,2.745,2.811,2.864,3.025
386.0,391.0,3.167,-2.677,0.277,-3.275,0.559,0.626,0.691,0.754,0.814,0.873,0.929,0.984,1.037,1.088,1.137,1.185,1.441,1.652,1.827,1.973,2.199,2.362,2.483,2.575,2.647,2.703,2.749,2.888
387.0,391.0,3.09,-2.464,-0.05,-3.275,0.683,0.738,0.791,0.843,0.893,0.942,0.989,1.035,1.08,1.123,1.165,1.205,1.426,1.611,1.767,1.9,2.11,2.267,2.385,2.476,2.549,2.606,2.654,2.798
388.0,391.0,2.873,-2.197,-0.097,-3.275,0.725,0.773,0.82,0.865,0.909,0.951,0.993,1.033,1.072,1.109,1.146,1.182,1.376,1.539,1.678,1.796,1.984,2.124,2.231,2.314,2.379,2.432,2.475,2.606
389.0,391.0,2.746,-1.918,-0.463,-3.275,0.862,0.896,0.929,0.961,0.993,1.024,1.054,1.083,1.112,1.141,1.168,1.195,1.346,1.477,1.592,1.693,1.86,1.99,2.092,2.173,2.238,2.29,2.334,2.47
390.0,391.0,2.803,-1.877,-0.658,-3.275,0.955,0.983,1.012,1.039,1.066,1.093,1.12,1.145,1.171,1.196,1.221,1.245,1.382,1.504,1.614,1.711,1.876,2.007,2.111,2.195,2.263,2.319,2.365,2.509
380.0,392.0,2.418,-1.716,1.926,-3.275,0.788,0.869,0.946,1.019,1.089,1.156,1.219,1.28,1.337,1.392,1.444,1.494,1.745,1.932,2.071,2.175,2.307,2.378,2.416,2.435,2.444,2.448,2.449,2.443
381.0,392.0,2.387,-1.798,1.787,-3.275,0.673,0.753,0.829,0.902,0.971,1.037,1.1,1.16,1.217,1.271,1.323,1.373,1.625,1.814,1.956,2.063,2.203,2.282,2.327,2.352,2.367,2.375,2.38,2.386
382.0,392.0,2.671,-2.177,1.304,-3.275,0.576,0.654,0.728,0.8,0.868,0.933,0.996,1.056,1.114,1.169,1.222,1.272,1.534,1.738,1.897,2.022,2.198,2.31,2.384,2.434,2.47,2.495,2.515,2.569
383.0,392.0,3.434,-2.919,0.46,-3.275,0.594,0.671,0.745,0.816,0.885,0.951,1.015,1.077,1.137,1.194,1.25,1.304,1.591,1.826,2.019,2.179,2.425,2.6,2.728,2.825,2.899,2.958,3.006,3.148
384.0,392.0,3.443,-2.929,0.331,-3.275,0.59,0.664,0.736,0.805,0.871,0.936,0.998,1.058,1.116,1.173,1.227,1.279,1.561,1.793,1.985,2.145,2.392,2.57,2.702,2.802,2.879,2.941,2.991,3.141
385.0,392.0,3.397,-2.932,0.227,-3.275,0.539,0.611,0.68,0.747,0.812,0.875,0.935,0.994,1.051,1.106,1.159,1.211,1.487,1.716,1.906,2.066,2.314,2.495,2.629,2.731,2.811,2.875,2.926,3.082
386.0,392.0,3.21,-2.688,0.406,-3.275,0.594,0.664,0.732,0.797,0.86,0.921,0.98,1.036,1.091,1.144,1.195,1.245,1.508,1.724,1.901,2.049,2.275,2.437,2.555,2.645,2.714,2.768,2.812,2.945
387.0,392.0,3.115,-2.479,0.157,-3.275,0.698,0.758,0.816,0.872,0.926,0.979,1.03,1.079,1.126,1.172,1.217,1.26,1.492,1.684,1.845,1.98,2.19,2.343,2.457,2.545,2.613,2.667,2.711,2.845
388.0,392.0,2.887,-2.212,0.163,-3.275,0.731,0.785,0.838,0.888,0.937,0.984,1.03,1.074,1.117,1.158,1.198,1.237,1.445,1.617,1.761,1.881,2.068,2.205,2.306,2.384,2.444,2.492,2.531,2.649
389.0,392.0,2.739,-1.936,-0.108,-3.275,0.846,0.888,0.929,0.968,1.006,1.043,1.079,1.114,1.148,1.181,1.214,1.245,1.414,1.558,1.68,1.784,1.949,2.073,2.168,2.242,2.3,2.346,2.385,2.502
390.0,392.0,2.788,-1.897,-0.275,-3.275,0.929,0.967,1.003,1.038,1.073,1.106,1.139,1.171,1.202,1.232,1.262,1.29,1.448,1.584,1.7,1.801,1.965,2.09,2.187,2.262,2.323,2.372,2.412,2.536
391.0,392.0,2.89,-1.913,-1.091,-3.275,0.997,1.017,1.037,1.057,1.077,1.097,1.118,1.138,1.158,1.179,1.199,1.219,1.337,1.45,1.555,1.652,1.823,1.965,2.081,2.176,2.254,2.318,2.372,2.542
381.0,393.0,2.449,-1.79,1.848,-3.275,0.744,0.825,0.902,0.976,1.046,1.113,1.176,1.237,1.295,1.35,1.402,1.452,1.707,1.897,2.04,2.147,2.286,2.363,2.406,2.43,2.443,2.45,2.453,2.455
382.0,393.0,2.73,-2.175,1.373,-3.275,0.638,0.717,0.793,0.866,0.936,1.002,1.066,1.127,1.185,1.241,1.295,1.346,1.612,1.817,1.977,2.102,2.278,2.389,2.461,2.509,2.543,2.568,2.586,2.637
383.0,393.0,3.491,-2.929,0.514,-3.275,0.643,0.72,0.796,0.868,0.938,1.006,1.071,1.133,1.194,1.253,1.309,1.364,1.654,1.891,2.086,2.247,2.493,2.668,2.795,2.891,2.965,3.023,3.07,3.21
384.0,393.0,3.496,-2.941,0.402,-3.275,0.634,0.709,0.782,0.853,0.921,0.987,1.051,1.112,1.171,1.229,1.284,1.338,1.624,1.859,2.052,2.213,2.461,2.639,2.769,2.868,2.945,3.005,3.054,3.201
385.0,393.0,3.446,-2.944,0.317,-3.275,0.579,0.653,0.724,0.793,0.86,0.924,0.987,1.047,1.105,1.162,1.216,1.269,1.551,1.783,1.976,2.137,2.385,2.565,2.698,2.799,2.877,2.939,2.989,3.141
386.0,393.0,3.257,-2.698,0.511,-3.275,0.634,0.707,0.777,0.844,0.909,0.972,1.033,1.091,1.147,1.202,1.254,1.305,1.575,1.794,1.974,2.122,2.349,2.509,2.626,2.713,2.78,2.833,2.876,3.003
387.0,393.0,3.147,-2.491,0.329,-3.275,0.722,0.786,0.848,0.907,0.965,1.021,1.074,1.126,1.176,1.225,1.271,1.317,1.558,1.757,1.921,2.057,2.267,2.418,2.529,2.613,2.678,2.729,2.771,2.896
388.0,393.0,2.91,-2.223,0.382,-3.275,0.748,0.807,0.864,0.919,0.972,1.023,1.072,1.12,1.166,1.21,1.253,1.294,1.514,1.694,1.842,1.964,2.151,2.284,2.381,2.454,2.51,2.554,2.589,2.697
389.0,393.0,2.745,-1.95,0.192,-3.275,0.845,0.893,0.94,0.986,1.029,1.072,1.113,1.153,1.191,1.228,1.264,1.299,1.484,1.638,1.765,1.872,2.036,2.156,2.244,2.311,2.364,2.405,2.439,2.54
390.0,393.0,2.787,-1.914,0.049,-3.275,0.92,0.964,1.008,1.049,1.09,1.129,1.167,1.204,1.24,1.275,1.308,1.341,1.516,1.663,1.785,1.889,2.052,2.172,2.261,2.331,2.385,2.428,2.463,2.571
391.0,393.0,2.863,-1.939,-0.654,-3.275,0.955,0.985,1.014,1.043,1.072,1.1,1.127,1.155,1.181,1.207,1.233,1.258,1.401,1.528,1.642,1.743,1.913,2.048,2.155,2.241,2.311,2.368,2.415,2.562
392.0,393.0,2.592,-1.623,-0.772,-3.275,0.99,1.01,1.03,1.05,1.07,1.09,1.109,1.129,1.148,1.167,1.186,1.205,1.313,1.413,1.505,1.588,1.732,1.849,1.944,2.021,2.084,2.136,2.179,2.314
382.0,394.0,2.791,-2.173,1.428,-3.275,0.702,0.783,0.86,0.934,1.004,1.072,1.136,1.198,1.257,1.314,1.368,1.42,1.688,1.895,2.056,2.181,2.356,2.465,2.536,2.583,2.616,2.64,2.657,2.705
383.0,394.0,3.55,-2.939,0.553,-3.275,0.693,0.772,0.848,0.922,0.992,1.061,1.127,1.19,1.252,1.311,1.368,1.423,1.716,1.955,2.151,2.313,2.56,2.734,2.861,2.957,3.03,3.087,3.134,3.273
384.0,394.0,3.551,-2.952,0.457,-3.275,0.68,0.757,0.832,0.903,0.973,1.04,1.104,1.167,1.227,1.285,1.342,1.396,1.686,1.923,2.118,2.28,2.528,2.706,2.836,2.933,3.009,3.069,3.117,3.262
385.0,394.0,3.499,-2.956,0.389,-3.275,0.622,0.698,0.771,0.842,0.91,0.976,1.039,1.101,1.16,1.218,1.273,1.327,1.614,1.849,2.044,2.205,2.455,2.633,2.765,2.865,2.942,3.003,3.052,3.201
386.0,394.0,3.308,-2.707,0.595,-3.275,0.678,0.753,0.825,0.894,0.961,1.025,1.087,1.147,1.205,1.26,1.314,1.366,1.64,1.863,2.045,2.194,2.421,2.58,2.695,2.781,2.847,2.898,2.939,3.063
387.0,394.0,3.185,-2.502,0.471,-3.275,0.753,0.82,0.885,0.948,1.008,1.066,1.122,1.177,1.229,1.279,1.328,1.375,1.625,1.828,1.995,2.132,2.342,2.491,2.599,2.68,2.743,2.792,2.831,2.949
388.0,394.0,2.941,-2.233,0.564,-3.275,0.774,0.838,0.898,0.957,1.013,1.068,1.12,1.17,1.219,1.266,1.311,1.354,1.584,1.77,1.921,2.045,2.231,2.361,2.454,2.523,2.576,2.617,2.65,2.747
389.0,394.0,2.76,-1.961,0.445,-3.275,0.855,0.91,0.962,1.012,1.061,1.108,1.153,1.197,1.239,1.279,1.318,1.356,1.555,1.717,1.849,1.957,2.121,2.236,2.32,2.381,2.429,2.466,2.495,2.584
390.0,394.0,2.797,-1.926,0.324,-3.275,0.923,0.974,1.023,1.071,1.116,1.161,1.203,1.244,1.284,1.322,1.359,1.395,1.585,1.741,1.869,1.974,2.136,2.252,2.336,2.399,2.448,2.486,2.517,2.611
391.0,394.0,2.851,-1.959,-0.284,-3.275,0.931,0.969,1.007,1.043,1.079,1.114,1.147,1.18,1.212,1.244,1.274,1.304,1.467,1.607,1.727,1.832,2.001,2.129,2.229,2.308,2.37,2.421,2.462,2.59
392.0,394.0,2.566,-1.644,-0.327,-3.275,0.953,0.983,1.013,1.042,1.07,1.098,1.124,1.151,1.176,1.202,1.226,1.25,1.382,1.497,1.597,1.684,1.826,1.936,2.022,2.09,2.144,2.188,2.224,2.337
393.0,394.0,2.776,-1.806,-0.435,-3.275,1.003,1.035,1.066,1.096,1.126,1.155,1.183,1.211,1.239,1.265,1.291,1.317,1.458,1.582,1.69,1.786,1.943,2.065,2.161,2.237,2.298,2.348,2.389,2.516
383.0,395.0,3.61,-2.948,0.581,-3.275,0.745,0.825,0.902,0.976,1.047,1.116,1.183,1.247,1.309,1.368,1.426,1.482,1.777,2.018,2.215,2.377,2.624,2.799,2.926,3.021,3.094,3.151,3.197,3.335
384.0,395.0,3.609,-2.962,0.497,-3.275,0.728,0.807,0.882,0.955,1.025,1.093,1.159,1.222,1.283,1.342,1.399,1.454,1.746,1.986,2.182,2.345,2.594,2.771,2.9,2.998,3.073,3.132,3.18,3.323
385.0,395.0,3.555,-2.967,0.444,-3.275,0.668,0.745,0.82,0.892,0.961,1.028,1.093,1.156,1.216,1.274,1.331,1.385,1.676,1.914,2.11,2.272,2.522,2.7,2.832,2.93,3.007,3.067,3.115,3.262
386.0,395.0,3.362,-2.715,0.661,-3.275,0.726,0.802,0.876,0.946,1.014,1.08,1.143,1.204,1.263,1.319,1.374,1.427,1.705,1.93,2.114,2.264,2.491,2.649,2.763,2.848,2.912,2.963,3.003,3.123
387.0,395.0,3.228,-2.511,0.587,-3.275,0.79,0.86,0.927,0.992,1.055,1.115,1.173,1.229,1.283,1.335,1.385,1.434,1.69,1.898,2.067,2.206,2.416,2.563,2.669,2.748,2.808,2.855,2.892,3.005
388.0,395.0,2.978,-2.24,0.715,-3.275,0.808,0.874,0.938,1.0,1.059,1.116,1.171,1.224,1.274,1.323,1.37,1.415,1.654,1.845,1.998,2.123,2.309,2.437,2.527,2.593,2.642,2.681,2.711,2.801
389.0,395.0,2.784,-1.97,0.657,-3.275,0.876,0.935,0.992,1.047,1.099,1.15,1.199,1.245,1.29,1.334,1.375,1.415,1.626,1.795,1.931,2.041,2.204,2.316,2.394,2.452,2.495,2.528,2.554,2.632
390.0,395.0,2.816,-1.936,0.555,-3.275,0.938,0.994,1.048,1.1,1.15,1.198,1.245,1.289,1.332,1.374,1.414,1.452,1.655,1.818,1.95,2.058,2.219,2.33,2.41,2.468,2.512,2.547,2.574,2.655
391.0,395.0,2.851,-1.976,0.031,-3.275,0.922,0.968,1.012,1.055,1.097,1.137,1.176,1.214,1.25,1.286,1.32,1.354,1.534,1.684,1.811,1.918,2.086,2.21,2.303,2.375,2.431,2.476,2.513,2.625
392.0,395.0,2.554,-1.66,0.05,-3.275,0.934,0.973,1.011,1.047,1.083,1.117,1.15,1.182,1.213,1.243,1.272,1.301,1.453,1.581,1.687,1.777,1.918,2.022,2.1,2.16,2.207,2.244,2.274,2.367
393.0,395.0,2.767,-1.824,-0.076,-3.275,0.984,1.024,1.063,1.1,1.137,1.172,1.207,1.24,1.272,1.304,1.334,1.364,1.525,1.661,1.776,1.874,2.03,2.147,2.235,2.304,2.358,2.402,2.437,2.546
394.0,395.0,2.742,-1.697,-0.135,-3.275,1.081,1.117,1.152,1.186,1.218,1.25,1.281,1.311,1.341,1.369,1.397,1.424,1.57,1.695,1.801,1.892,2.038,2.147,2.231,2.297,2.348,2.39,2.424,2.529
384.0,396.0,3.669,-2.972,0.525,-3.275,0.778,0.858,0.934,1.008,1.079,1.147,1.213,1.277,1.339,1.398,1.455,1.511,1.806,2.047,2.244,2.408,2.657,2.835,2.964,3.061,3.136,3.195,3.242,3.384
385.0,396.0,3.613,-2.978,0.484,-3.275,0.716,0.795,0.871,0.944,1.014,1.082,1.147,1.211,1.272,1.331,1.388,1.443,1.736,1.976,2.174,2.337,2.587,2.766,2.896,2.995,3.07,3.13,3.178,3.323
386.0,396.0,3.418,-2.723,0.711,-3.275,0.776,0.853,0.928,1.0,1.069,1.136,1.2,1.262,1.321,1.379,1.434,1.487,1.769,1.996,2.181,2.332,2.559,2.717,2.83,2.914,2.977,3.027,3.067,3.185
387.0,396.0,3.275,-2.519,0.681,-3.275,0.831,0.904,0.973,1.04,1.104,1.166,1.226,1.284,1.339,1.392,1.444,1.493,1.755,1.966,2.137,2.277,2.487,2.633,2.737,2.814,2.872,2.918,2.954,3.062
388.0,396.0,3.02,-2.246,0.839,-3.275,0.847,0.916,0.983,1.047,1.109,1.168,1.225,1.279,1.332,1.382,1.431,1.477,1.723,1.918,2.074,2.2,2.385,2.511,2.598,2.662,2.709,2.745,2.774,2.857
389.0,396.0,2.815,-1.976,0.835,-3.275,0.906,0.969,1.029,1.088,1.143,1.197,1.249,1.298,1.346,1.391,1.435,1.477,1.698,1.872,2.011,2.122,2.284,2.393,2.468,2.522,2.561,2.591,2.615,2.683
390.0,396.0,2.842,-1.943,0.748,-3.275,0.962,1.023,1.081,1.137,1.19,1.242,1.291,1.339,1.385,1.429,1.471,1.512,1.725,1.894,2.03,2.139,2.299,2.407,2.483,2.537,2.577,2.608,2.632,2.703
391.0,396.0,2.862,-1.989,0.296,-3.275,0.927,0.979,1.028,1.077,1.123,1.168,1.212,1.253,1.294,1.333,1.371,1.407,1.602,1.761,1.893,2.002,2.169,2.289,2.377,2.443,2.494,2.535,2.567,2.665
392.0,396.0,2.555,-1.672,0.371,-3.275,0.931,0.977,1.022,1.064,1.106,1.146,1.184,1.221,1.257,1.291,1.324,1.356,1.526,1.664,1.776,1.868,2.008,2.106,2.178,2.23,2.271,2.303,2.328,2.404
393.0,396.0,2.769,-1.838,0.228,-3.275,0.98,1.027,1.072,1.116,1.158,1.199,1.238,1.276,1.313,1.349,1.383,1.416,1.594,1.74,1.86,1.961,2.116,2.227,2.31,2.372,2.42,2.458,2.489,2.582
394.0,396.0,2.738,-1.712,0.192,-3.275,1.071,1.114,1.156,1.196,1.235,1.273,1.309,1.344,1.378,1.411,1.443,1.474,1.638,1.774,1.886,1.979,2.124,2.228,2.305,2.364,2.409,2.445,2.474,2.562
395.0,396.0,2.654,-1.487,0.388,-3.275,1.211,1.254,1.294,1.334,1.371,1.408,1.443,1.476,1.509,1.54,1.57,1.599,1.753,1.877,1.978,2.061,2.185,2.271,2.333,2.379,2.413,2.44,2.462,2.526
385.0,397.0,3.672,-2.988,0.512,-3.275,0.767,0.846,0.922,0.996,1.067,1.136,1.202,1.266,1.328,1.387,1.445,1.5,1.796,2.037,2.236,2.4,2.651,2.83,2.96,3.058,3.133,3.193,3.241,3.385
386.0,397.0,3.477,-2.73,0.748,-3.275,0.828,0.906,0.982,1.055,1.125,1.192,1.257,1.319,1.38,1.437,1.493,1.547,1.831,2.06,2.246,2.398,2.625,2.783,2.896,2.979,3.042,3.091,3.13,3.246
387.0,397.0,3.326,-2.526,0.756,-3.275,0.876,0.95,1.022,1.09,1.156,1.219,1.281,1.339,1.396,1.45,1.503,1.553,1.819,2.033,2.206,2.346,2.556,2.701,2.804,2.88,2.937,2.981,3.016,3.12
388.0,397.0,3.067,-2.251,0.941,-3.275,0.891,0.963,1.032,1.098,1.161,1.222,1.281,1.337,1.391,1.443,1.492,1.54,1.791,1.989,2.147,2.274,2.459,2.583,2.669,2.73,2.775,2.809,2.836,2.915
389.0,397.0,2.852,-1.98,0.983,-3.275,0.942,1.008,1.072,1.133,1.192,1.248,1.302,1.354,1.403,1.451,1.496,1.54,1.768,1.948,2.089,2.201,2.363,2.469,2.541,2.591,2.627,2.655,2.676,2.736
390.0,397.0,2.876,-1.949,0.91,-3.275,0.994,1.058,1.12,1.179,1.235,1.29,1.342,1.392,1.44,1.486,1.53,1.573,1.795,1.969,2.107,2.218,2.377,2.483,2.555,2.605,2.642,2.67,2.692,2.755
391.0,397.0,2.882,-1.999,0.519,-3.275,0.942,0.999,1.054,1.106,1.157,1.206,1.253,1.298,1.342,1.384,1.425,1.464,1.67,1.837,1.973,2.083,2.25,2.366,2.45,2.511,2.558,2.594,2.623,2.71
392.0,397.0,2.567,-1.681,0.642,-3.275,0.941,0.993,1.043,1.091,1.138,1.182,1.225,1.266,1.306,1.344,1.38,1.415,1.599,1.746,1.863,1.957,2.096,2.189,2.255,2.302,2.337,2.364,2.385,2.446
393.0,397.0,2.782,-1.849,0.485,-3.275,0.988,1.041,1.092,1.141,1.188,1.233,1.276,1.318,1.359,1.398,1.435,1.472,1.663,1.817,1.943,2.045,2.199,2.306,2.383,2.44,2.483,2.517,2.544,2.624
394.0,397.0,2.746,-1.723,0.47,-3.275,1.074,1.124,1.171,1.217,1.261,1.304,1.345,1.384,1.422,1.459,1.494,1.528,1.707,1.851,1.969,2.064,2.208,2.307,2.379,2.431,2.471,2.502,2.527,2.6
395.0,397.0,2.66,-1.495,0.666,-3.275,1.215,1.264,1.311,1.355,1.398,1.439,1.479,1.517,1.553,1.588,1.622,1.654,1.823,1.956,2.061,2.146,2.268,2.35,2.406,2.446,2.475,2.497,2.514,2.564
396.0,397.0,2.561,-1.276,0.65,-3.275,1.33,1.374,1.415,1.455,1.493,1.529,1.564,1.598,1.63,1.661,1.69,1.719,1.867,1.983,2.074,2.146,2.25,2.318,2.364,2.396,2.419,2.437,2.45,2.488
386.0,398.0,3.536,-2.737,0.774,-3.275,0.881,0.961,1.037,1.11,1.181,1.249,1.314,1.377,1.438,1.496,1.552,1.606,1.893,2.123,2.31,2.462,2.689,2.847,2.96,3.042,3.105,3.154,3.193,3.308
387.0,398.0,3.379,-2.533,0.814,-3.275,0.924,1.0,1.072,1.142,1.209,1.274,1.336,1.396,1.453,1.508,1.561,1.613,1.882,2.099,2.273,2.414,2.624,2.768,2.87,2.944,3.0,3.043,3.078,3.179
388.0,398.0,3.117,-2.254,1.022,-3.275,0.939,1.013,1.083,1.151,1.216,1.278,1.338,1.396,1.451,1.504,1.554,1.603,1.858,2.059,2.219,2.346,2.531,2.654,2.738,2.797,2.841,2.874,2.899,2.973
389.0,398.0,2.894,-1.982,1.104,-3.275,0.984,1.053,1.12,1.183,1.244,1.302,1.358,1.412,1.463,1.512,1.559,1.604,1.839,2.022,2.165,2.278,2.439,2.543,2.612,2.66,2.694,2.719,2.738,2.792
390.0,398.0,2.914,-1.952,1.043,-3.275,1.032,1.099,1.164,1.225,1.284,1.341,1.395,1.447,1.497,1.545,1.591,1.635,1.864,2.043,2.183,2.294,2.453,2.556,2.625,2.673,2.708,2.733,2.753,2.808
391.0,398.0,2.91,-2.007,0.705,-3.275,0.966,1.027,1.086,1.143,1.197,1.249,1.299,1.347,1.394,1.438,1.481,1.522,1.739,1.912,2.051,2.163,2.329,2.442,2.522,2.579,2.622,2.655,2.682,2.759
392.0,398.0,2.588,-1.686,0.87,-3.275,0.962,1.019,1.074,1.127,1.177,1.226,1.272,1.316,1.359,1.4,1.439,1.477,1.673,1.827,1.948,2.043,2.181,2.271,2.331,2.373,2.403,2.426,2.444,2.493
393.0,398.0,2.804,-1.856,0.701,-3.275,1.007,1.065,1.12,1.173,1.224,1.273,1.32,1.365,1.409,1.451,1.491,1.53,1.733,1.894,2.023,2.127,2.28,2.384,2.456,2.509,2.547,2.577,2.601,2.669
394.0,398.0,2.763,-1.731,0.704,-3.275,1.089,1.143,1.196,1.246,1.295,1.341,1.386,1.429,1.47,1.51,1.548,1.585,1.776,1.928,2.05,2.147,2.289,2.385,2.451,2.499,2.534,2.561,2.582,2.643
395.0,398.0,2.676,-1.501,0.901,-3.275,1.231,1.285,1.336,1.385,1.433,1.478,1.521,1.563,1.602,1.64,1.677,1.712,1.893,2.033,2.143,2.229,2.35,2.427,2.478,2.513,2.537,2.555,2.569,2.606
396.0,398.0,2.568,-1.281,0.919,-3.275,1.339,1.388,1.435,1.48,1.523,1.564,1.603,1.641,1.677,1.711,1.744,1.775,1.937,2.061,2.157,2.231,2.334,2.397,2.437,2.463,2.481,2.493,2.502,2.526
397.0,398.0,2.846,-1.51,0.978,-3.275,1.394,1.449,1.503,1.554,1.602,1.649,1.694,1.736,1.777,1.817,1.854,1.89,2.075,2.219,2.33,2.417,2.539,2.615,2.665,2.698,2.721,2.738,2.75,2.784
387.0,399.0,3.434,-2.539,0.859,-3.275,0.975,1.051,1.125,1.196,1.264,1.329,1.392,1.452,1.51,1.566,1.62,1.672,1.944,2.162,2.337,2.479,2.689,2.833,2.934,3.008,3.063,3.106,3.139,3.239
388.0,399.0,3.169,-2.257,1.087,-3.275,0.99,1.065,1.137,1.206,1.272,1.336,1.397,1.455,1.511,1.565,1.617,1.666,1.925,2.128,2.289,2.417,2.601,2.723,2.805,2.863,2.906,2.938,2.962,3.033
389.0,399.0,2.94,-1.984,1.204,-3.275,1.031,1.102,1.171,1.236,1.299,1.359,1.416,1.471,1.524,1.574,1.623,1.669,1.908,2.095,2.24,2.353,2.514,2.616,2.683,2.728,2.76,2.783,2.801,2.85
390.0,399.0,2.957,-1.954,1.153,-3.275,1.076,1.145,1.212,1.276,1.337,1.395,1.451,1.505,1.556,1.606,1.653,1.698,1.933,2.115,2.257,2.369,2.527,2.628,2.695,2.741,2.773,2.796,2.814,2.864
391.0,399.0,2.944,-2.013,0.861,-3.275,0.998,1.063,1.125,1.184,1.241,1.296,1.349,1.399,1.448,1.495,1.539,1.582,1.808,1.986,2.127,2.241,2.406,2.516,2.593,2.647,2.687,2.717,2.741,2.81
392.0,399.0,2.617,-1.689,1.062,-3.275,0.992,1.053,1.112,1.169,1.222,1.274,1.324,1.371,1.416,1.46,1.501,1.541,1.747,1.907,2.031,2.128,2.264,2.35,2.406,2.444,2.471,2.49,2.504,2.544
393.0,399.0,2.832,-1.862,0.881,-3.275,1.035,1.096,1.155,1.212,1.266,1.318,1.368,1.416,1.462,1.507,1.549,1.59,1.802,1.97,2.102,2.207,2.36,2.46,2.529,2.577,2.612,2.639,2.659,2.718
394.0,399.0,2.787,-1.737,0.901,-3.275,1.112,1.171,1.228,1.283,1.335,1.385,1.432,1.478,1.522,1.565,1.605,1.644,1.846,2.004,2.129,2.228,2.369,2.461,2.523,2.567,2.598,2.621,2.639,2.69
395.0,399.0,2.699,-1.504,1.099,-3.275,1.256,1.314,1.369,1.422,1.473,1.522,1.568,1.613,1.655,1.696,1.734,1.772,1.963,2.109,2.222,2.309,2.43,2.504,2.55,2.58,2.601,2.615,2.625,2.652
396.0,399.0,2.585,-1.284,1.146,-3.275,1.358,1.412,1.464,1.513,1.56,1.605,1.648,1.689,1.728,1.765,1.8,1.834,2.008,2.139,2.239,2.314,2.415,2.474,2.509,2.53,2.543,2.552,2.557,2.568
397.0,399.0,2.872,-1.513,1.149,-3.275,1.421,1.48,1.537,1.591,1.643,1.693,1.74,1.785,1.829,1.87,1.91,1.947,2.142,2.29,2.405,2.493,2.613,2.687,2.732,2.762,2.781,2.795,2.805,2.829
398.0,399.0,3.068,-1.517,0.634,-3.275,1.601,1.65,1.696,1.741,1.783,1.825,1.864,1.902,1.938,1.973,2.007,2.039,2.208,2.342,2.448,2.533,2.658,2.742,2.8,2.841,2.871,2.894,2.913,2.965
388.0,400.0,3.224,-2.26,1.136,-3.275,1.043,1.12,1.193,1.263,1.33,1.394,1.456,1.515,1.572,1.626,1.679,1.729,1.99,2.195,2.357,2.485,2.669,2.79,2.872,2.929,2.97,3.001,3.025,3.093
389.0,400.0,2.99,-1.985,1.284,-3.275,1.082,1.155,1.225,1.292,1.356,1.417,1.476,1.532,1.586,1.637,1.686,1.733,1.977,2.166,2.312,2.426,2.586,2.687,2.752,2.795,2.826,2.848,2.864,2.908
390.0,400.0,3.004,-1.956,1.242,-3.275,1.123,1.195,1.263,1.329,1.391,1.452,1.509,1.564,1.617,1.667,1.715,1.761,2.001,2.186,2.329,2.442,2.599,2.699,2.764,2.807,2.838,2.86,2.876,2.921
391.0,400.0,2.983,-2.017,0.989,-3.275,1.036,1.104,1.168,1.23,1.29,1.347,1.402,1.454,1.505,1.553,1.599,1.644,1.876,2.058,2.202,2.316,2.481,2.589,2.663,2.714,2.751,2.78,2.801,2.864
392.0,400.0,2.651,-1.691,1.222,-3.275,1.029,1.094,1.156,1.216,1.273,1.327,1.379,1.429,1.476,1.522,1.565,1.607,1.821,1.985,2.112,2.21,2.345,2.428,2.481,2.515,2.538,2.554,2.566,2.597
393.0,400.0,2.867,-1.866,1.032,-3.275,1.069,1.134,1.196,1.256,1.313,1.368,1.42,1.471,1.519,1.565,1.609,1.651,1.872,2.044,2.179,2.285,2.437,2.535,2.6,2.645,2.677,2.701,2.719,2.77
394.0,400.0,2.818,-1.74,1.065,-3.275,1.144,1.207,1.267,1.324,1.379,1.432,1.483,1.531,1.577,1.622,1.664,1.705,1.916,2.079,2.206,2.306,2.447,2.536,2.595,2.634,2.662,2.682,2.698,2.74
395.0,400.0,2.729,-1.505,1.265,-3.275,1.288,1.35,1.409,1.465,1.519,1.57,1.619,1.666,1.711,1.754,1.794,1.833,2.033,2.184,2.3,2.388,2.507,2.578,2.621,2.647,2.664,2.675,2.683,2.701
396.0,400.0,2.609,-1.284,1.337,-3.275,1.386,1.444,1.5,1.553,1.603,1.651,1.697,1.741,1.782,1.822,1.86,1.896,2.079,2.216,2.318,2.395,2.495,2.55,2.581,2.597,2.606,2.611,2.613,2.614
397.0,400.0,2.903,-1.514,1.291,-3.275,1.455,1.517,1.577,1.634,1.688,1.74,1.79,1.837,1.882,1.926,1.967,2.006,2.208,2.361,2.477,2.566,2.686,2.757,2.799,2.825,2.842,2.853,2.86,2.877
398.0,400.0,3.083,-1.525,0.835,-3.275,1.614,1.667,1.717,1.766,1.813,1.857,1.9,1.941,1.98,2.018,2.054,2.088,2.268,2.408,2.518,2.605,2.729,2.809,2.863,2.9,2.926,2.946,2.961,3.003
399.0,400.0,2.855,-1.209,0.765,-3.275,1.693,1.737,1.779,1.82,1.858,1.895,1.931,1.965,1.997,2.028,2.058,2.087,2.234,2.348,2.437,2.507,2.604,2.666,2.706,2.733,2.752,2.765,2.776,2.803
389.0,401.0,3.042,-1.984,1.347,-3.275,1.135,1.21,1.281,1.349,1.414,1.477,1.536,1.593,1.648,1.7,1.75,1.798,2.045,2.235,2.383,2.497,2.657,2.756,2.82,2.862,2.891,2.911,2.927,2.967
390.0,401.0,3.053,-1.956,1.314,-3.275,1.174,1.247,1.317,1.384,1.448,1.509,1.568,1.624,1.678,1.729,1.778,1.825,2.068,2.255,2.4,2.512,2.67,2.768,2.831,2.873,2.902,2.922,2.938,2.979
391.0,401.0,3.027,-2.02,1.094,-3.275,1.079,1.149,1.216,1.28,1.341,1.4,1.457,1.511,1.563,1.612,1.66,1.706,1.943,2.129,2.274,2.389,2.554,2.66,2.731,2.781,2.816,2.842,2.862,2.919
392.0,401.0,2.691,-1.69,1.355,-3.275,1.073,1.141,1.205,1.267,1.327,1.383,1.437,1.489,1.538,1.585,1.63,1.673,1.894,2.062,2.191,2.289,2.424,2.504,2.554,2.585,2.605,2.619,2.629,2.652
393.0,401.0,2.907,-1.868,1.156,-3.275,1.11,1.177,1.242,1.304,1.364,1.42,1.475,1.527,1.577,1.625,1.67,1.714,1.941,2.117,2.254,2.361,2.512,2.607,2.67,2.712,2.742,2.763,2.78,2.824
394.0,401.0,2.855,-1.742,1.201,-3.275,1.182,1.248,1.311,1.371,1.428,1.483,1.536,1.587,1.635,1.681,1.725,1.767,1.985,2.152,2.282,2.383,2.522,2.609,2.665,2.701,2.726,2.744,2.757,2.792
395.0,401.0,2.764,-1.505,1.403,-3.275,1.327,1.392,1.454,1.513,1.569,1.622,1.674,1.722,1.769,1.813,1.856,1.896,2.103,2.258,2.376,2.465,2.583,2.651,2.69,2.714,2.728,2.736,2.742,2.752
396.0,401.0,2.639,-1.282,1.497,-3.275,1.421,1.483,1.542,1.598,1.651,1.702,1.75,1.796,1.84,1.881,1.921,1.959,2.15,2.291,2.396,2.473,2.572,2.624,2.651,2.664,2.67,2.671,2.671,2.663
397.0,401.0,2.939,-1.514,1.408,-3.275,1.494,1.559,1.621,1.68,1.737,1.791,1.842,1.891,1.938,1.983,2.025,2.066,2.273,2.43,2.548,2.637,2.756,2.825,2.865,2.888,2.902,2.911,2.917,2.927
398.0,401.0,3.105,-1.53,1.004,-3.275,1.634,1.691,1.745,1.797,1.847,1.894,1.94,1.983,2.025,2.065,2.103,2.139,2.328,2.474,2.587,2.675,2.798,2.875,2.925,2.958,2.981,2.998,3.01,3.044
399.0,401.0,2.864,-1.214,0.996,-3.275,1.702,1.751,1.798,1.843,1.886,1.927,1.966,2.004,2.039,2.073,2.106,2.137,2.297,2.419,2.511,2.582,2.679,2.736,2.771,2.793,2.807,2.816,2.823,2.839
400.0,401.0,3.008,-1.304,1.183,-3.275,1.762,1.817,1.87,1.921,1.969,2.015,2.058,2.1,2.14,2.178,2.215,2.249,2.427,2.56,2.662,2.739,2.841,2.901,2.936,2.957,2.97,2.978,2.983,2.993
390.0,402.0,3.105,-1.956,1.37,-3.275,1.227,1.302,1.373,1.441,1.506,1.568,1.628,1.684,1.739,1.791,1.841,1.888,2.134,2.322,2.468,2.581,2.738,2.835,2.897,2.938,2.965,2.985,2.999,3.037
391.0,402.0,3.074,-2.022,1.18,-3.275,1.126,1.198,1.267,1.332,1.395,1.456,1.513,1.569,1.622,1.673,1.721,1.768,2.01,2.198,2.345,2.461,2.625,2.73,2.799,2.846,2.88,2.905,2.923,2.975
392.0,402.0,2.736,-1.688,1.464,-3.275,1.121,1.192,1.259,1.323,1.384,1.442,1.498,1.551,1.602,1.65,1.696,1.741,1.967,2.138,2.268,2.367,2.501,2.579,2.626,2.655,2.673,2.684,2.692,2.709
393.0,402.0,2.951,-1.869,1.258,-3.275,1.155,1.225,1.292,1.356,1.417,1.476,1.532,1.585,1.636,1.685,1.732,1.777,2.009,2.188,2.327,2.435,2.585,2.679,2.739,2.779,2.806,2.826,2.841,2.88
394.0,402.0,2.896,-1.742,1.314,-3.275,1.225,1.294,1.359,1.421,1.481,1.538,1.592,1.644,1.694,1.741,1.787,1.83,2.053,2.224,2.356,2.457,2.596,2.681,2.734,2.768,2.79,2.806,2.817,2.846
395.0,402.0,2.803,-1.503,1.517,-3.275,1.371,1.438,1.503,1.564,1.622,1.677,1.73,1.781,1.829,1.875,1.918,1.96,2.172,2.331,2.45,2.539,2.656,2.722,2.759,2.78,2.791,2.798,2.801,2.805
396.0,402.0,2.674,-1.279,1.631,-3.275,1.463,1.527,1.589,1.647,1.703,1.756,1.806,1.854,1.899,1.943,1.984,2.023,2.22,2.366,2.472,2.55,2.647,2.697,2.721,2.73,2.733,2.732,2.73,2.714
397.0,402.0,2.98,-1.512,1.505,-3.275,1.538,1.605,1.669,1.73,1.788,1.844,1.896,1.947,1.995,2.041,2.085,2.126,2.338,2.498,2.617,2.707,2.825,2.892,2.929,2.951,2.963,2.97,2.973,2.978
398.0,402.0,3.132,-1.533,1.145,-3.275,1.662,1.722,1.779,1.833,1.886,1.936,1.983,2.029,2.072,2.114,2.154,2.192,2.388,2.538,2.654,2.743,2.865,2.94,2.987,3.017,3.037,3.051,3.061,3.087
399.0,402.0,2.881,-1.217,1.192,-3.275,1.72,1.774,1.825,1.874,1.92,1.964,2.007,2.047,2.085,2.122,2.157,2.19,2.36,2.488,2.584,2.656,2.751,2.805,2.836,2.853,2.863,2.869,2.873,2.878
400.0,402.0,3.033,-1.305,1.329,-3.275,1.79,1.848,1.904,1.957,2.008,2.056,2.103,2.147,2.188,2.228,2.266,2.303,2.487,2.626,2.729,2.807,2.909,2.966,2.997,3.015,3.025,3.03,3.033,3.036
401.0,402.0,2.942,-1.129,0.841,-3.275,1.859,1.903,1.945,1.985,2.024,2.06,2.095,2.129,2.161,2.192,2.221,2.249,2.393,2.504,2.588,2.654,2.744,2.799,2.834,2.856,2.871,2.881,2.889,2.908
391.0,403.0,3.123,-2.024,1.248,-3.275,1.176,1.249,1.32,1.387,1.451,1.512,1.571,1.628,1.682,1.733,1.783,1.83,2.076,2.266,2.414,2.53,2.694,2.798,2.865,2.911,2.943,2.967,2.985,3.033
392.0,403.0,2.784,-1.685,1.553,-3.275,1.174,1.246,1.315,1.381,1.443,1.503,1.56,1.614,1.666,1.716,1.763,1.808,2.038,2.212,2.344,2.443,2.575,2.652,2.697,2.723,2.739,2.749,2.756,2.768
393.0,403.0,2.998,-1.869,1.341,-3.275,1.204,1.276,1.344,1.41,1.473,1.532,1.59,1.645,1.697,1.747,1.795,1.841,2.077,2.258,2.398,2.506,2.656,2.748,2.807,2.845,2.871,2.889,2.902,2.936
394.0,403.0,2.941,-1.742,1.406,-3.275,1.273,1.343,1.41,1.474,1.535,1.594,1.65,1.703,1.754,1.803,1.849,1.893,2.121,2.295,2.428,2.529,2.668,2.751,2.801,2.833,2.854,2.868,2.878,2.902
395.0,403.0,2.847,-1.5,1.611,-3.275,1.42,1.489,1.555,1.618,1.677,1.734,1.789,1.84,1.89,1.937,1.981,2.024,2.24,2.402,2.522,2.612,2.728,2.792,2.826,2.845,2.854,2.859,2.861,2.859
396.0,403.0,2.713,-1.274,1.741,-3.275,1.509,1.576,1.64,1.7,1.758,1.812,1.864,1.914,1.96,2.005,2.047,2.088,2.29,2.438,2.546,2.625,2.721,2.768,2.789,2.796,2.796,2.793,2.789,2.767
397.0,403.0,3.023,-1.51,1.584,-3.275,1.585,1.654,1.719,1.782,1.841,1.898,1.952,2.004,2.053,2.1,2.144,2.187,2.403,2.564,2.685,2.775,2.892,2.957,2.993,3.012,3.023,3.028,3.03,3.031
398.0,403.0,3.165,-1.535,1.262,-3.275,1.695,1.757,1.817,1.874,1.928,1.98,2.029,2.077,2.122,2.165,2.206,2.246,2.448,2.602,2.719,2.809,2.931,3.003,3.048,3.075,3.093,3.105,3.113,3.133
399.0,403.0,2.904,-1.218,1.356,-3.275,1.746,1.803,1.858,1.91,1.959,2.006,2.051,2.094,2.134,2.173,2.21,2.245,2.423,2.556,2.654,2.727,2.821,2.872,2.899,2.913,2.92,2.923,2.923,2.92
400.0,403.0,3.064,-1.305,1.45,-3.275,1.823,1.884,1.943,1.998,2.051,2.101,2.149,2.195,2.239,2.28,2.32,2.357,2.548,2.69,2.795,2.874,2.975,3.029,3.058,3.073,3.08,3.083,3.084,3.08
401.0,403.0,2.95,-1.134,1.061,-3.275,1.868,1.917,1.963,2.008,2.05,2.091,2.129,2.166,2.201,2.235,2.267,2.297,2.453,2.57,2.659,2.726,2.815,2.866,2.896,2.913,2.924,2.93,2.934,2.942
402.0,403.0,2.842,-1.014,1.265,-3.275,1.881,1.932,1.98,2.026,2.069,2.111,2.15,2.188,2.224,2.258,2.29,2.321,2.476,2.59,2.674,2.736,2.813,2.853,2.872,2.881,2.883,2.883,2.882,2.871
392.0,404.0,2.834,-1.682,1.625,-3.275,1.23,1.303,1.374,1.44,1.504,1.565,1.623,1.679,1.731,1.782,1.83,1.876,2.109,2.285,2.417,2.517,2.648,2.723,2.766,2.791,2.805,2.814,2.819,2.827
393.0,404.0,3.048,-1.868,1.407,-3.275,1.256,1.329,1.399,1.466,1.53,1.591,1.649,1.705,1.758,1.809,1.858,1.904,2.144,2.327,2.468,2.576,2.725,2.816,2.873,2.91,2.934,2.951,2.963,2.994
394.0,404.0,2.988,-1.74,1.48,-3.275,1.324,1.395,1.464,1.529,1.592,1.652,1.709,1.763,1.815,1.864,1.912,1.957,2.188,2.364,2.498,2.6,2.738,2.819,2.868,2.898,2.917,2.93,2.938,2.958
395.0,404.0,2.893,-1.496,1.687,-3.275,1.471,1.542,1.61,1.674,1.735,1.793,1.848,1.901,1.951,1.999,2.045,2.088,2.308,2.471,2.593,2.683,2.798,2.86,2.893,2.909,2.917,2.92,2.921,2.915
396.0,404.0,2.756,-1.268,1.833,-3.275,1.56,1.628,1.694,1.756,1.815,1.871,1.924,1.975,2.023,2.068,2.112,2.153,2.359,2.51,2.619,2.697,2.792,2.837,2.856,2.861,2.859,2.854,2.848,2.821
397.0,404.0,3.068,-1.507,1.647,-3.275,1.635,1.705,1.772,1.836,1.896,1.954,2.009,2.061,2.111,2.159,2.204,2.247,2.466,2.629,2.751,2.841,2.957,3.021,3.055,3.073,3.082,3.086,3.087,3.084
398.0,404.0,3.201,-1.536,1.359,-3.275,1.732,1.797,1.858,1.917,1.973,2.027,2.078,2.126,2.173,2.217,2.26,2.3,2.507,2.664,2.783,2.873,2.994,3.065,3.107,3.133,3.149,3.159,3.165,3.18
399.0,404.0,2.932,-1.217,1.494,-3.275,1.778,1.839,1.896,1.95,2.002,2.052,2.099,2.143,2.186,2.226,2.265,2.301,2.486,2.623,2.723,2.797,2.89,2.938,2.962,2.973,2.977,2.977,2.975,2.964
400.0,404.0,3.098,-1.304,1.551,-3.275,1.861,1.924,1.985,2.042,2.097,2.149,2.199,2.246,2.291,2.333,2.374,2.413,2.608,2.753,2.86,2.939,3.039,3.091,3.118,3.13,3.136,3.137,3.136,3.126
401.0,404.0,2.966,-1.136,1.248,-3.275,1.886,1.939,1.989,2.037,2.083,2.127,2.168,2.208,2.246,2.282,2.316,2.348,2.514,2.637,2.728,2.796,2.884,2.932,2.958,2.971,2.978,2.981,2.982,2.979
402.0,404.0,2.861,-1.014,1.442,-3.275,1.904,1.958,2.01,2.059,2.106,2.151,2.193,2.233,2.271,2.307,2.341,2.374,2.538,2.658,2.745,2.807,2.883,2.92,2.935,2.939,2.938,2.935,2.931,2.91
403.0,404.0,2.916,-1.001,1.385,-3.275,1.971,2.024,2.074,2.122,2.168,2.211,2.252,2.291,2.328,2.363,2.397,2.429,2.588,2.705,2.79,2.852,2.927,2.964,2.98,2.985,2.985,2.982,2.978,2.961
393.0,405.0,3.1,-1.867,1.458,-3.275,1.31,1.385,1.456,1.523,1.588,1.65,1.709,1.765,1.819,1.871,1.92,1.967,2.209,2.394,2.535,2.644,2.793,2.883,2.938,2.974,2.997,3.013,3.024,3.052
394.0,405.0,3.038,-1.738,1.539,-3.275,1.377,1.45,1.52,1.586,1.65,1.71,1.768,1.823,1.876,1.926,1.974,2.02,2.254,2.432,2.566,2.668,2.806,2.886,2.933,2.962,2.98,2.991,2.999,3.015
395.0,405.0,2.941,-1.491,1.748,-3.275,1.526,1.598,1.666,1.732,1.794,1.853,1.909,1.963,2.014,2.062,2.108,2.152,2.375,2.54,2.661,2.751,2.866,2.927,2.958,2.973,2.979,2.981,2.98,2.971
396.0,405.0,2.801,-1.262,1.907,-3.275,1.613,1.684,1.75,1.814,1.874,1.931,1.985,2.037,2.086,2.132,2.176,2.218,2.428,2.58,2.69,2.768,2.862,2.905,2.922,2.925,2.921,2.915,2.907,2.876
397.0,405.0,3.116,-1.503,1.697,-3.275,1.687,1.758,1.826,1.891,1.952,2.011,2.066,2.119,2.17,2.218,2.264,2.307,2.528,2.693,2.815,2.905,3.021,3.083,3.116,3.133,3.14,3.143,3.144,3.138
398.0,405.0,3.24,-1.536,1.437,-3.275,1.773,1.839,1.902,1.963,2.02,2.075,2.127,2.177,2.225,2.27,2.314,2.355,2.566,2.725,2.845,2.936,3.056,3.126,3.166,3.19,3.204,3.213,3.218,3.228
399.0,405.0,2.965,-1.215,1.609,-3.275,1.816,1.879,1.938,1.995,2.049,2.1,2.149,2.195,2.239,2.281,2.321,2.359,2.549,2.689,2.791,2.865,2.957,3.003,3.024,3.032,3.033,3.031,3.028,3.01
400.0,405.0,3.135,-1.301,1.633,-3.275,1.903,1.968,2.03,2.089,2.145,2.198,2.249,2.297,2.343,2.387,2.429,2.468,2.668,2.815,2.923,3.002,3.101,3.152,3.177,3.187,3.19,3.19,3.188,3.174
401.0,405.0,2.988,-1.137,1.404,-3.275,1.911,1.967,2.021,2.072,2.121,2.167,2.211,2.253,2.293,2.331,2.367,2.401,2.574,2.702,2.796,2.865,2.952,2.997,3.019,3.028,3.032,3.032,3.03,3.019
402.0,405.0,2.885,-1.012,1.591,-3.275,1.934,1.991,2.046,2.098,2.147,2.194,2.239,2.281,2.321,2.359,2.395,2.429,2.601,2.725,2.814,2.877,2.952,2.985,2.997,2.998,2.994,2.987,2.981,2.952
403.0,405.0,2.938,-1.0,1.539,-3.275,1.998,2.054,2.107,2.158,2.206,2.252,2.295,2.337,2.376,2.413,2.448,2.482,2.649,2.771,2.858,2.92,2.995,3.028,3.041,3.042,3.039,3.033,3.027,3.0
404.0,405.0,2.808,-0.808,1.195,-3.275,2.047,2.091,2.133,2.173,2.211,2.248,2.282,2.315,2.346,2.375,2.403,2.429,2.562,2.659,2.729,2.779,2.84,2.868,2.879,2.881,2.88,2.876,2.872,2.853
394.0,406.0,3.09,-1.735,1.585,-3.275,1.433,1.507,1.577,1.644,1.709,1.77,1.829,1.884,1.938,1.988,2.037,2.083,2.319,2.498,2.633,2.735,2.872,2.951,2.997,3.025,3.042,3.052,3.059,3.072
395.0,406.0,2.991,-1.486,1.796,-3.275,1.582,1.655,1.725,1.791,1.853,1.913,1.97,2.024,2.076,2.125,2.172,2.216,2.44,2.606,2.728,2.818,2.932,2.992,3.021,3.035,3.04,3.041,3.04,3.027
396.0,406.0,2.849,-1.254,1.966,-3.275,1.67,1.741,1.809,1.873,1.934,1.992,2.047,2.099,2.149,2.196,2.241,2.283,2.495,2.648,2.759,2.837,2.93,2.971,2.986,2.988,2.982,2.975,2.966,2.931
397.0,406.0,3.165,-1.499,1.736,-3.275,1.741,1.813,1.881,1.947,2.009,2.068,2.124,2.177,2.228,2.277,2.323,2.367,2.59,2.755,2.877,2.967,3.083,3.144,3.176,3.191,3.198,3.2,3.2,3.192
398.0,406.0,3.281,-1.535,1.501,-3.275,1.817,1.885,1.949,2.01,2.069,2.125,2.178,2.229,2.278,2.324,2.368,2.41,2.624,2.785,2.906,2.997,3.117,3.185,3.224,3.246,3.259,3.266,3.271,3.277
399.0,406.0,3.001,-1.211,1.703,-3.275,1.858,1.923,1.984,2.043,2.098,2.151,2.201,2.248,2.294,2.337,2.378,2.416,2.611,2.754,2.857,2.932,3.023,3.066,3.085,3.091,3.09,3.086,3.081,3.058
400.0,406.0,3.176,-1.298,1.7,-3.275,1.947,2.014,2.077,2.137,2.195,2.249,2.301,2.35,2.397,2.441,2.484,2.524,2.726,2.875,2.984,3.064,3.162,3.211,3.234,3.243,3.245,3.243,3.24,3.222
401.0,406.0,3.015,-1.136,1.535,-3.275,1.942,2.001,2.058,2.111,2.162,2.211,2.257,2.3,2.342,2.382,2.419,2.455,2.634,2.766,2.862,2.932,3.017,3.06,3.079,3.085,3.086,3.084,3.08,3.062
402.0,406.0,2.914,-1.009,1.716,-3.275,1.969,2.029,2.086,2.141,2.192,2.241,2.287,2.331,2.373,2.413,2.45,2.486,2.663,2.79,2.881,2.945,3.018,3.049,3.058,3.056,3.049,3.04,3.031,2.996
403.0,406.0,2.965,-0.997,1.668,-3.275,2.03,2.089,2.145,2.198,2.249,2.297,2.342,2.385,2.426,2.465,2.501,2.536,2.71,2.835,2.924,2.987,3.06,3.091,3.1,3.099,3.093,3.085,3.076,3.043
404.0,406.0,2.818,-0.809,1.407,-3.275,2.06,2.109,2.156,2.2,2.242,2.281,2.319,2.355,2.389,2.421,2.451,2.48,2.624,2.727,2.8,2.851,2.91,2.934,2.941,2.938,2.932,2.925,2.917,2.887
405.0,406.0,3.006,-0.893,1.296,-3.275,2.164,2.212,2.258,2.302,2.344,2.383,2.421,2.457,2.49,2.523,2.553,2.582,2.728,2.834,2.911,2.966,3.033,3.065,3.078,3.081,3.08,3.076,3.072,3.053
395.0,407.0,3.043,-1.48,1.833,-3.275,1.64,1.714,1.784,1.85,1.914,1.974,2.031,2.086,2.138,2.187,2.234,2.279,2.505,2.671,2.794,2.884,2.997,3.055,3.084,3.096,3.1,3.1,3.098,3.084
396.0,407.0,2.898,-1.247,2.014,-3.275,1.728,1.8,1.868,1.933,1.995,2.054,2.109,2.162,2.212,2.26,2.305,2.348,2.561,2.716,2.826,2.904,2.996,3.036,3.05,3.049,3.043,3.034,3.025,2.987
397.0,407.0,3.215,-1.495,1.765,-3.275,1.796,1.868,1.937,2.003,2.065,2.125,2.182,2.235,2.287,2.335,2.382,2.426,2.65,2.815,2.938,3.028,3.143,3.203,3.234,3.249,3.255,3.257,3.256,3.246
398.0,407.0,3.325,-1.534,1.551,-3.275,1.863,1.932,1.997,2.06,2.119,2.176,2.23,2.281,2.33,2.377,2.422,2.464,2.681,2.843,2.965,3.056,3.176,3.243,3.28,3.301,3.313,3.32,3.323,3.327
399.0,407.0,3.041,-1.207,1.781,-3.275,1.904,1.97,2.033,2.092,2.149,2.203,2.254,2.303,2.349,2.393,2.435,2.474,2.673,2.817,2.921,2.996,3.086,3.128,3.145,3.149,3.146,3.141,3.134,3.107
400.0,407.0,3.218,-1.294,1.754,-3.275,1.995,2.062,2.126,2.188,2.246,2.301,2.353,2.403,2.451,2.496,2.539,2.579,2.784,2.935,3.044,3.123,3.221,3.269,3.291,3.298,3.299,3.296,3.292,3.271
401.0,407.0,3.047,-1.133,1.644,-3.275,1.978,2.04,2.098,2.154,2.207,2.257,2.305,2.35,2.393,2.434,2.473,2.51,2.694,2.829,2.927,2.997,3.081,3.122,3.138,3.142,3.14,3.136,3.13,3.106
402.0,407.0,2.947,-1.004,1.82,-3.275,2.009,2.071,2.13,2.187,2.24,2.29,2.338,2.384,2.427,2.467,2.506,2.543,2.725,2.855,2.947,3.011,3.083,3.112,3.118,3.114,3.104,3.094,3.083,3.041
403.0,407.0,2.996,-0.993,1.776,-3.275,2.068,2.129,2.187,2.242,2.294,2.344,2.391,2.435,2.478,2.518,2.556,2.591,2.77,2.898,2.989,3.052,3.124,3.153,3.159,3.155,3.147,3.136,3.126,3.087
404.0,407.0,2.834,-0.807,1.586,-3.275,2.082,2.135,2.185,2.233,2.278,2.32,2.361,2.399,2.435,2.47,2.502,2.533,2.685,2.794,2.869,2.922,2.979,3.0,3.002,2.996,2.986,2.975,2.964,2.924
405.0,407.0,3.021,-0.894,1.466,-3.275,2.183,2.235,2.285,2.332,2.376,2.419,2.459,2.497,2.533,2.568,2.6,2.631,2.785,2.897,2.976,3.032,3.098,3.126,3.136,3.135,3.13,3.123,3.116,3.088
406.0,407.0,3.122,-0.91,1.077,-3.275,2.259,2.303,2.345,2.385,2.423,2.46,2.494,2.527,2.558,2.588,2.616,2.643,2.779,2.88,2.955,3.01,3.08,3.117,3.135,3.144,3.148,3.149,3.148,3.142
396.0,408.0,2.949,-1.238,2.05,-3.275,1.787,1.86,1.929,1.994,2.057,2.116,2.172,2.225,2.275,2.323,2.369,2.412,2.626,2.781,2.892,2.97,3.06,3.099,3.111,3.11,3.103,3.093,3.083,3.043
397.0,408.0,3.266,-1.49,1.786,-3.275,1.852,1.924,1.994,2.06,2.122,2.182,2.239,2.293,2.344,2.393,2.44,2.484,2.709,2.875,2.997,3.087,3.201,3.261,3.292,3.306,3.311,3.312,3.311,3.3
398.0,408.0,3.37,-1.532,1.59,-3.275,1.911,1.98,2.047,2.11,2.17,2.227,2.282,2.334,2.383,2.431,2.476,2.519,2.737,2.9,3.022,3.114,3.233,3.299,3.336,3.356,3.367,3.372,3.375,3.377
399.0,408.0,3.082,-1.202,1.843,-3.275,1.952,2.019,2.083,2.144,2.202,2.257,2.309,2.358,2.405,2.45,2.492,2.532,2.733,2.879,2.984,3.059,3.148,3.189,3.204,3.206,3.202,3.195,3.188,3.156
400.0,408.0,3.261,-1.29,1.796,-3.275,2.043,2.112,2.177,2.239,2.297,2.353,2.406,2.457,2.505,2.55,2.594,2.635,2.841,2.992,3.102,3.182,3.279,3.326,3.346,3.353,3.352,3.349,3.343,3.32
401.0,408.0,3.082,-1.13,1.734,-3.275,2.019,2.082,2.142,2.2,2.254,2.306,2.355,2.401,2.445,2.487,2.527,2.565,2.754,2.891,2.99,3.06,3.144,3.182,3.196,3.198,3.194,3.188,3.181,3.151
402.0,408.0,2.983,-0.998,1.905,-3.275,2.052,2.117,2.177,2.235,2.29,2.342,2.391,2.437,2.481,2.523,2.563,2.6,2.786,2.918,3.011,3.075,3.147,3.173,3.177,3.171,3.159,3.147,3.134,3.088
403.0,408.0,3.03,-0.988,1.865,-3.275,2.109,2.172,2.232,2.288,2.342,2.393,2.441,2.487,2.53,2.572,2.61,2.647,2.83,2.96,3.052,3.115,3.186,3.213,3.217,3.211,3.2,3.188,3.177,3.132
404.0,408.0,2.856,-0.804,1.736,-3.275,2.111,2.167,2.22,2.27,2.318,2.363,2.406,2.446,2.485,2.521,2.555,2.587,2.747,2.859,2.937,2.99,3.046,3.064,3.062,3.052,3.039,3.025,3.012,2.964
405.0,408.0,3.042,-0.892,1.609,-3.275,2.209,2.264,2.316,2.366,2.413,2.458,2.5,2.541,2.579,2.615,2.649,2.682,2.843,2.958,3.04,3.097,3.161,3.187,3.193,3.189,3.181,3.171,3.162,3.125
406.0,408.0,3.131,-0.913,1.268,-3.275,2.27,2.318,2.364,2.408,2.449,2.489,2.526,2.562,2.596,2.628,2.659,2.688,2.834,2.94,3.018,3.074,3.143,3.176,3.191,3.195,3.195,3.193,3.189,3.172
407.0,408.0,2.956,-0.654,0.867,-3.275,2.338,2.372,2.404,2.434,2.463,2.491,2.517,2.542,2.566,2.588,2.61,2.63,2.733,2.808,2.863,2.903,2.952,2.977,2.988,2.993,2.993,2.992,2.99,2.981
397.0,409.0,3.317,-1.486,1.799,-3.275,1.908,1.981,2.05,2.116,2.179,2.239,2.296,2.35,2.402,2.451,2.497,2.542,2.766,2.932,3.055,3.145,3.259,3.318,3.348,3.361,3.366,3.367,3.366,3.353
398.0,409.0,3.417,-1.53,1.619,-3.275,1.96,2.03,2.097,2.16,2.221,2.279,2.334,2.386,2.436,2.484,2.529,2.572,2.792,2.956,3.078,3.17,3.289,3.354,3.39,3.409,3.42,3.425,3.427,3.427
399.0,409.0,3.126,-1.196,1.894,-3.275,2.002,2.07,2.135,2.197,2.255,2.311,2.364,2.414,2.461,2.507,2.549,2.59,2.793,2.94,3.045,3.12,3.208,3.248,3.261,3.262,3.257,3.249,3.241,3.206
400.0,409.0,3.306,-1.286,1.828,-3.275,2.093,2.162,2.228,2.29,2.35,2.406,2.46,2.51,2.559,2.605,2.648,2.69,2.897,3.049,3.159,3.239,3.335,3.381,3.401,3.406,3.405,3.4,3.395,3.369
401.0,409.0,3.119,-1.125,1.808,-3.275,2.062,2.127,2.189,2.247,2.303,2.356,2.406,2.453,2.498,2.541,2.582,2.62,2.813,2.952,3.051,3.122,3.205,3.241,3.253,3.253,3.248,3.24,3.232,3.198
402.0,409.0,3.022,-0.992,1.975,-3.275,2.099,2.165,2.227,2.286,2.341,2.394,2.444,2.492,2.537,2.579,2.619,2.658,2.846,2.98,3.074,3.138,3.208,3.233,3.235,3.227,3.214,3.2,3.186,3.136
403.0,409.0,3.067,-0.982,1.938,-3.275,2.153,2.218,2.279,2.337,2.392,2.444,2.493,2.54,2.584,2.626,2.666,2.703,2.889,3.021,3.113,3.177,3.247,3.272,3.274,3.266,3.254,3.24,3.227,3.178
404.0,409.0,2.882,-0.799,1.863,-3.275,2.146,2.204,2.26,2.312,2.362,2.409,2.454,2.496,2.536,2.573,2.609,2.643,2.808,2.924,3.004,3.057,3.112,3.127,3.122,3.109,3.093,3.077,3.061,3.006
405.0,409.0,3.068,-0.889,1.729,-3.275,2.24,2.298,2.353,2.405,2.454,2.5,2.545,2.587,2.626,2.664,2.7,2.733,2.9,3.019,3.102,3.16,3.223,3.246,3.249,3.242,3.232,3.22,3.208,3.165
406.0,409.0,3.147,-0.914,1.43,-3.275,2.288,2.339,2.389,2.435,2.48,2.522,2.562,2.6,2.636,2.671,2.703,2.734,2.888,3.0,3.08,3.137,3.205,3.235,3.246,3.247,3.243,3.238,3.232,3.206
407.0,409.0,2.95,-0.658,1.13,-3.275,2.333,2.372,2.41,2.446,2.479,2.511,2.542,2.571,2.598,2.624,2.649,2.672,2.788,2.872,2.931,2.973,3.021,3.041,3.046,3.045,3.04,3.034,3.028,3.004
408.0,409.0,2.724,-0.325,0.114,-3.275,2.409,2.419,2.428,2.438,2.446,2.455,2.463,2.471,2.478,2.485,2.492,2.499,2.534,2.562,2.585,2.603,2.63,2.648,2.661,2.67,2.677,2.682,2.687,2.699
398.0,410.0,3.464,-1.528,1.64,-3.275,2.01,2.08,2.147,2.211,2.272,2.33,2.386,2.438,2.489,2.536,2.582,2.625,2.846,3.01,3.133,3.224,3.343,3.408,3.443,3.462,3.472,3.476,3.478,3.477
399.0,410.0,3.171,-1.19,1.933,-3.275,2.054,2.123,2.188,2.251,2.31,2.366,2.419,2.47,2.518,2.563,2.606,2.647,2.852,2.999,3.105,3.18,3.267,3.305,3.318,3.317,3.311,3.303,3.293,3.257
400.0,410.0,3.352,-1.281,1.852,-3.275,2.144,2.214,2.28,2.343,2.402,2.459,2.513,2.564,2.612,2.658,2.702,2.744,2.952,3.104,3.215,3.294,3.39,3.435,3.454,3.459,3.457,3.452,3.445,3.418
401.0,410.0,3.159,-1.12,1.868,-3.275,2.108,2.175,2.237,2.297,2.353,2.407,2.458,2.506,2.552,2.596,2.637,2.676,2.871,3.011,3.111,3.182,3.264,3.299,3.309,3.308,3.301,3.292,3.283,3.245
402.0,410.0,3.063,-0.985,2.032,-3.275,2.148,2.215,2.278,2.338,2.394,2.448,2.499,2.547,2.592,2.636,2.676,2.715,2.906,3.041,3.135,3.199,3.268,3.292,3.292,3.282,3.268,3.253,3.238,3.184
403.0,410.0,3.106,-0.975,1.997,-3.275,2.2,2.266,2.328,2.387,2.443,2.496,2.546,2.593,2.638,2.681,2.721,2.759,2.947,3.081,3.173,3.237,3.306,3.329,3.33,3.32,3.306,3.292,3.277,3.225
404.0,410.0,2.913,-0.792,1.969,-3.275,2.185,2.246,2.303,2.358,2.409,2.458,2.504,2.548,2.589,2.628,2.664,2.699,2.869,2.988,3.069,3.122,3.176,3.188,3.181,3.165,3.147,3.128,3.111,3.049
405.0,410.0,3.097,-0.885,1.829,-3.275,2.276,2.336,2.392,2.446,2.497,2.545,2.591,2.634,2.675,2.714,2.751,2.785,2.957,3.079,3.163,3.221,3.283,3.304,3.304,3.295,3.282,3.269,3.255,3.207
406.0,410.0,3.167,-0.913,1.565,-3.275,2.312,2.367,2.419,2.468,2.515,2.559,2.601,2.641,2.679,2.715,2.749,2.782,2.943,3.058,3.141,3.198,3.265,3.293,3.3,3.298,3.292,3.284,3.275,3.242
407.0,410.0,2.952,-0.66,1.354,-3.275,2.338,2.383,2.425,2.465,2.503,2.538,2.572,2.605,2.635,2.664,2.691,2.717,2.844,2.935,2.998,3.041,3.087,3.103,3.103,3.097,3.087,3.077,3.068,3.032
408.0,410.0,2.682,-0.337,0.544,-3.275,2.365,2.384,2.403,2.421,2.437,2.453,2.468,2.482,2.496,2.509,2.521,2.533,2.59,2.632,2.662,2.683,2.708,2.719,2.722,2.722,2.721,2.718,2.716,2.706
409.0,410.0,2.663,-0.286,0.076,-3.275,2.385,2.394,2.401,2.409,2.416,2.423,2.43,2.437,2.443,2.449,2.455,2.46,2.49,2.514,2.533,2.549,2.573,2.59,2.602,2.61,2.617,2.622,2.626,2.639
399.0,411.0,3.217,-1.184,1.963,-3.275,2.106,2.176,2.242,2.305,2.364,2.421,2.474,2.525,2.574,2.619,2.663,2.704,2.909,3.057,3.163,3.238,3.324,3.361,3.373,3.372,3.365,3.355,3.346,3.307
400.0,411.0,3.399,-1.276,1.869,-3.275,2.196,2.266,2.332,2.395,2.455,2.511,2.565,2.617,2.665,2.712,2.755,2.797,3.006,3.158,3.268,3.347,3.443,3.488,3.506,3.51,3.508,3.502,3.496,3.467
401.0,411.0,3.2,-1.114,1.916,-3.275,2.157,2.224,2.287,2.348,2.405,2.459,2.511,2.56,2.606,2.65,2.692,2.731,2.928,3.069,3.17,3.24,3.321,3.355,3.364,3.362,3.354,3.344,3.333,3.293
402.0,411.0,3.105,-0.977,2.078,-3.275,2.199,2.266,2.33,2.391,2.448,2.502,2.554,2.602,2.648,2.692,2.733,2.772,2.964,3.1,3.194,3.258,3.327,3.349,3.348,3.336,3.321,3.305,3.289,3.232
403.0,411.0,3.147,-0.968,2.045,-3.275,2.249,2.316,2.379,2.439,2.495,2.549,2.599,2.647,2.693,2.736,2.776,2.815,3.005,3.139,3.232,3.295,3.363,3.385,3.385,3.374,3.359,3.343,3.328,3.272
404.0,411.0,2.947,-0.785,2.056,-3.275,2.228,2.29,2.35,2.406,2.459,2.509,2.556,2.601,2.643,2.683,2.72,2.756,2.93,3.05,3.132,3.186,3.238,3.248,3.238,3.22,3.2,3.18,3.161,3.094
405.0,411.0,3.13,-0.879,1.912,-3.275,2.315,2.377,2.435,2.49,2.543,2.592,2.639,2.683,2.725,2.765,2.803,2.838,3.014,3.137,3.223,3.28,3.342,3.361,3.359,3.348,3.333,3.317,3.303,3.249
406.0,411.0,3.192,-0.911,1.679,-3.275,2.341,2.399,2.453,2.504,2.553,2.599,2.643,2.685,2.724,2.762,2.797,2.83,2.997,3.116,3.2,3.258,3.324,3.349,3.354,3.349,3.34,3.33,3.32,3.281
407.0,411.0,2.961,-0.66,1.544,-3.275,2.353,2.401,2.447,2.491,2.532,2.571,2.608,2.643,2.676,2.707,2.736,2.764,2.901,2.997,3.063,3.107,3.152,3.164,3.16,3.149,3.136,3.122,3.11,3.064
408.0,411.0,2.654,-0.345,0.913,-3.275,2.338,2.366,2.392,2.417,2.441,2.463,2.484,2.503,2.522,2.54,2.556,2.572,2.649,2.702,2.738,2.762,2.785,2.789,2.784,2.776,2.767,2.758,2.75,2.72
409.0,411.0,2.619,-0.299,0.521,-3.275,2.339,2.357,2.374,2.391,2.406,2.421,2.435,2.448,2.46,2.472,2.484,2.494,2.547,2.585,2.613,2.631,2.653,2.662,2.664,2.664,2.661,2.658,2.656,2.644
410.0,411.0,2.77,-0.384,0.064,-3.275,2.397,2.407,2.417,2.426,2.435,2.444,2.452,2.461,2.468,2.476,2.483,2.491,2.528,2.559,2.585,2.606,2.638,2.661,2.678,2.691,2.7,2.708,2.714,2.733
400.0,412.0,3.445,-1.271,1.879,-3.275,2.248,2.318,2.384,2.447,2.507,2.564,2.618,2.669,2.718,2.764,2.808,2.85,3.059,3.211,3.321,3.4,3.495,3.539,3.556,3.56,3.558,3.552,3.545,3.516
401.0,412.0,3.243,-1.108,1.953,-3.275,2.206,2.274,2.338,2.399,2.457,2.512,2.564,2.613,2.66,2.704,2.746,2.786,2.984,3.126,3.227,3.297,3.378,3.41,3.418,3.415,3.406,3.395,3.384,3.341
402.0,412.0,3.148,-0.969,2.113,-3.275,2.251,2.319,2.384,2.445,2.502,2.557,2.609,2.658,2.704,2.748,2.789,2.829,3.022,3.158,3.253,3.316,3.384,3.405,3.402,3.39,3.374,3.356,3.34,3.281
403.0,412.0,3.189,-0.961,2.082,-3.275,2.3,2.367,2.43,2.491,2.548,2.602,2.653,2.701,2.747,2.79,2.831,2.87,3.061,3.196,3.289,3.352,3.419,3.44,3.438,3.426,3.41,3.393,3.378,3.319
404.0,412.0,2.983,-0.777,2.128,-3.275,2.274,2.338,2.398,2.456,2.51,2.561,2.609,2.654,2.698,2.738,2.776,2.813,2.99,3.112,3.194,3.247,3.298,3.307,3.295,3.275,3.253,3.231,3.211,3.14
405.0,412.0,3.164,-0.873,1.98,-3.275,2.357,2.42,2.48,2.536,2.59,2.64,2.688,2.733,2.776,2.817,2.855,2.891,3.069,3.194,3.281,3.338,3.399,3.416,3.412,3.399,3.383,3.366,3.35,3.293
406.0,412.0,3.22,-0.907,1.773,-3.275,2.375,2.434,2.49,2.544,2.594,2.642,2.687,2.73,2.771,2.809,2.846,2.88,3.051,3.172,3.257,3.316,3.381,3.404,3.407,3.4,3.389,3.377,3.365,3.32
407.0,412.0,2.977,-0.657,1.704,-3.275,2.374,2.426,2.476,2.522,2.566,2.608,2.647,2.684,2.719,2.752,2.784,2.813,2.958,3.059,3.127,3.171,3.215,3.224,3.217,3.202,3.185,3.168,3.153,3.098
408.0,412.0,2.639,-0.348,1.227,-3.275,2.327,2.362,2.394,2.425,2.454,2.482,2.507,2.532,2.555,2.577,2.597,2.616,2.709,2.772,2.813,2.838,2.859,2.858,2.846,2.831,2.816,2.801,2.787,2.74
409.0,412.0,2.589,-0.307,0.902,-3.275,2.311,2.337,2.362,2.386,2.409,2.43,2.45,2.469,2.486,2.503,2.519,2.534,2.607,2.657,2.69,2.712,2.731,2.734,2.728,2.718,2.708,2.699,2.69,2.658
410.0,412.0,2.729,-0.397,0.491,-3.275,2.352,2.372,2.391,2.409,2.426,2.442,2.457,2.472,2.486,2.499,2.511,2.523,2.584,2.629,2.662,2.686,2.716,2.732,2.739,2.743,2.744,2.744,2.743,2.739
411.0,412.0,2.481,-0.103,-0.309,-3.275,2.374,2.37,2.366,2.362,2.359,2.355,2.353,2.35,2.348,2.346,2.344,2.342,2.336,2.335,2.336,2.34,2.351,2.364,2.375,2.386,2.396,2.404,2.411,2.434
401.0,413.0,3.287,-1.102,1.982,-3.275,2.257,2.325,2.39,2.451,2.509,2.564,2.617,2.666,2.713,2.758,2.8,2.84,3.039,3.182,3.282,3.353,3.432,3.464,3.471,3.467,3.457,3.445,3.434,3.389
402.0,413.0,3.193,-0.961,2.14,-3.275,2.304,2.373,2.437,2.499,2.557,2.612,2.664,2.713,2.76,2.804,2.845,2.885,3.079,3.215,3.309,3.373,3.439,3.459,3.456,3.442,3.425,3.408,3.391,3.329
403.0,413.0,3.232,-0.953,2.111,-3.275,2.351,2.419,2.483,2.543,2.601,2.655,2.706,2.755,2.801,2.845,2.886,2.925,3.117,3.252,3.345,3.408,3.474,3.494,3.491,3.478,3.461,3.443,3.427,3.367
404.0,413.0,3.022,-0.768,2.187,-3.275,2.322,2.387,2.449,2.507,2.562,2.614,2.663,2.709,2.753,2.794,2.833,2.869,3.049,3.172,3.254,3.308,3.357,3.364,3.351,3.329,3.305,3.282,3.261,3.186
405.0,413.0,3.201,-0.867,2.035,-3.275,2.402,2.466,2.527,2.584,2.638,2.69,2.738,2.784,2.828,2.869,2.907,2.944,3.124,3.251,3.337,3.395,3.454,3.47,3.465,3.45,3.433,3.415,3.398,3.337
406.0,413.0,3.251,-0.903,1.851,-3.275,2.412,2.473,2.531,2.585,2.637,2.686,2.733,2.776,2.818,2.857,2.895,2.93,3.104,3.228,3.314,3.373,3.436,3.458,3.459,3.45,3.437,3.423,3.41,3.361
407.0,413.0,2.997,-0.653,1.839,-3.275,2.402,2.457,2.509,2.558,2.604,2.648,2.689,2.729,2.765,2.8,2.833,2.864,3.015,3.119,3.189,3.234,3.277,3.283,3.272,3.254,3.234,3.215,3.197,3.135
408.0,413.0,2.633,-0.348,1.495,-3.275,2.328,2.368,2.407,2.443,2.476,2.508,2.538,2.567,2.593,2.618,2.642,2.664,2.77,2.841,2.886,2.913,2.932,2.926,2.908,2.887,2.866,2.846,2.828,2.766
409.0,413.0,2.572,-0.31,1.228,-3.275,2.298,2.332,2.363,2.393,2.422,2.448,2.474,2.497,2.52,2.541,2.56,2.579,2.668,2.728,2.767,2.79,2.808,2.804,2.791,2.774,2.757,2.742,2.727,2.678
410.0,413.0,2.701,-0.405,0.857,-3.275,2.325,2.353,2.379,2.404,2.428,2.451,2.472,2.492,2.511,2.529,2.546,2.562,2.642,2.698,2.737,2.764,2.792,2.801,2.801,2.796,2.79,2.783,2.777,2.754
411.0,413.0,2.418,-0.119,0.229,-3.275,2.307,2.315,2.322,2.329,2.336,2.342,2.348,2.353,2.359,2.364,2.369,2.373,2.395,2.411,2.422,2.43,2.438,2.441,2.442,2.441,2.44,2.438,2.437,2.431
412.0,413.0,2.655,-0.274,-0.571,-3.275,2.374,2.368,2.362,2.357,2.352,2.348,2.345,2.342,2.339,2.337,2.335,2.333,2.329,2.333,2.342,2.354,2.381,2.409,2.435,2.458,2.478,2.495,2.51,2.557
402.0,414.0,3.238,-0.952,2.16,-3.275,2.358,2.426,2.491,2.553,2.611,2.666,2.719,2.768,2.815,2.859,2.901,2.94,3.134,3.271,3.365,3.428,3.493,3.512,3.508,3.494,3.476,3.458,3.44,3.378
403.0,414.0,3.276,-0.945,2.133,-3.275,2.403,2.471,2.535,2.596,2.654,2.708,2.76,2.809,2.855,2.899,2.94,2.979,3.171,3.306,3.399,3.462,3.527,3.546,3.542,3.528,3.511,3.493,3.476,3.414
404.0,414.0,3.062,-0.759,2.235,-3.275,2.373,2.438,2.501,2.56,2.615,2.668,2.717,2.764,2.808,2.85,2.889,2.926,3.107,3.23,3.313,3.366,3.415,3.42,3.405,3.382,3.357,3.333,3.311,3.233
405.0,414.0,3.24,-0.86,2.08,-3.275,2.449,2.513,2.575,2.633,2.688,2.74,2.789,2.835,2.879,2.92,2.96,2.997,3.179,3.306,3.392,3.45,3.508,3.523,3.516,3.5,3.482,3.463,3.445,3.381
406.0,414.0,3.285,-0.898,1.915,-3.275,2.452,2.514,2.573,2.629,2.682,2.732,2.779,2.824,2.866,2.906,2.944,2.98,3.157,3.282,3.369,3.428,3.491,3.511,3.51,3.499,3.485,3.47,3.455,3.403
407.0,414.0,3.022,-0.648,1.953,-3.275,2.435,2.492,2.546,2.598,2.646,2.691,2.734,2.775,2.813,2.849,2.883,2.915,3.072,3.179,3.25,3.296,3.337,3.341,3.327,3.306,3.284,3.262,3.243,3.174
408.0,414.0,2.637,-0.345,1.724,-3.275,2.34,2.385,2.428,2.468,2.506,2.542,2.575,2.607,2.636,2.664,2.69,2.715,2.833,2.91,2.958,2.986,3.003,2.992,2.969,2.943,2.917,2.892,2.871,2.797
409.0,414.0,2.566,-0.31,1.506,-3.275,2.298,2.338,2.375,2.411,2.444,2.475,2.505,2.532,2.559,2.583,2.606,2.628,2.731,2.799,2.842,2.867,2.883,2.873,2.854,2.831,2.808,2.787,2.768,2.704
410.0,414.0,2.686,-0.41,1.17,-3.275,2.313,2.348,2.381,2.412,2.441,2.469,2.495,2.52,2.543,2.565,2.586,2.606,2.701,2.767,2.811,2.84,2.866,2.87,2.862,2.851,2.838,2.826,2.814,2.774
411.0,414.0,2.373,-0.129,0.69,-3.275,2.263,2.281,2.298,2.314,2.329,2.343,2.356,2.369,2.38,2.391,2.402,2.411,2.457,2.488,2.507,2.517,2.523,2.518,2.509,2.498,2.487,2.477,2.468,2.438
412.0,414.0,2.589,-0.294,-0.027,-3.275,2.301,2.307,2.313,2.319,2.325,2.33,2.336,2.341,2.346,2.351,2.355,2.36,2.385,2.407,2.425,2.441,2.466,2.485,2.5,2.511,2.52,2.527,2.533,2.552
413.0,414.0,2.278,0.05,-0.904,-3.275,2.306,2.285,2.265,2.247,2.23,2.214,2.199,2.185,2.172,2.159,2.148,2.137,2.087,2.057,2.04,2.032,2.034,2.049,2.067,2.086,2.103,2.119,2.133,2.179
403.0,415.0,3.32,-0.937,2.148,-3.275,2.455,2.523,2.588,2.649,2.707,2.761,2.813,2.862,2.908,2.952,2.993,3.032,3.224,3.359,3.452,3.514,3.579,3.597,3.592,3.578,3.56,3.541,3.524,3.461
404.0,415.0,3.103,-0.749,2.273,-3.275,2.424,2.491,2.554,2.613,2.669,2.722,2.772,2.819,2.863,2.905,2.945,2.982,3.164,3.288,3.371,3.423,3.471,3.475,3.459,3.434,3.408,3.383,3.36,3.279
405.0,415.0,3.279,-0.852,2.115,-3.275,2.496,2.562,2.624,2.682,2.737,2.79,2.839,2.886,2.93,2.972,3.012,3.049,3.232,3.359,3.446,3.504,3.561,3.574,3.567,3.55,3.53,3.51,3.492,3.425
406.0,415.0,3.321,-0.893,1.967,-3.275,2.495,2.558,2.617,2.674,2.728,2.778,2.826,2.872,2.915,2.955,2.994,3.03,3.209,3.335,3.423,3.481,3.543,3.562,3.56,3.548,3.532,3.516,3.501,3.445
407.0,415.0,3.051,-0.641,2.048,-3.275,2.472,2.532,2.587,2.64,2.69,2.737,2.781,2.823,2.863,2.9,2.935,2.968,3.128,3.238,3.31,3.356,3.396,3.397,3.381,3.358,3.333,3.31,3.288,3.214
408.0,415.0,2.648,-0.34,1.918,-3.275,2.36,2.41,2.456,2.5,2.541,2.58,2.617,2.651,2.683,2.713,2.742,2.768,2.895,2.978,3.029,3.058,3.073,3.058,3.03,2.999,2.969,2.941,2.916,2.831
409.0,415.0,2.568,-0.306,1.743,-3.275,2.309,2.354,2.396,2.436,2.474,2.509,2.542,2.573,2.602,2.63,2.655,2.679,2.794,2.869,2.916,2.942,2.955,2.941,2.916,2.888,2.86,2.835,2.812,2.735
410.0,415.0,2.681,-0.41,1.436,-3.275,2.314,2.354,2.393,2.429,2.463,2.495,2.525,2.554,2.581,2.606,2.63,2.653,2.762,2.836,2.884,2.914,2.938,2.937,2.924,2.906,2.888,2.87,2.855,2.8
411.0,415.0,2.343,-0.134,1.085,-3.275,2.237,2.264,2.289,2.313,2.335,2.355,2.375,2.393,2.41,2.426,2.441,2.456,2.522,2.564,2.59,2.603,2.606,2.594,2.576,2.556,2.537,2.52,2.505,2.453
412.0,415.0,2.541,-0.308,0.44,-3.275,2.251,2.268,2.284,2.299,2.313,2.326,2.339,2.351,2.363,2.374,2.384,2.394,2.444,2.481,2.507,2.526,2.549,2.56,2.565,2.566,2.566,2.564,2.563,2.557
413.0,415.0,2.191,0.028,-0.243,-3.275,2.212,2.206,2.2,2.195,2.19,2.186,2.181,2.177,2.173,2.17,2.167,2.164,2.149,2.14,2.134,2.131,2.131,2.134,2.138,2.142,2.147,2.15,2.154,2.166
414.0,415.0,2.202,-0.141,-0.921,-3.275,2.043,2.026,2.011,1.996,1.983,1.97,1.959,1.948,1.938,1.929,1.921,1.913,1.879,1.863,1.858,1.86,1.879,1.905,1.933,1.959,1.982,2.003,2.021,2.079
404.0,416.0,3.145,-0.739,2.302,-3.275,2.477,2.544,2.607,2.667,2.723,2.776,2.826,2.874,2.918,2.961,3.0,3.038,3.22,3.344,3.427,3.479,3.525,3.528,3.511,3.486,3.459,3.433,3.409,3.326
405.0,416.0,3.32,-0.844,2.142,-3.275,2.545,2.611,2.673,2.732,2.788,2.84,2.89,2.937,2.981,3.023,3.063,3.101,3.284,3.412,3.499,3.556,3.612,3.625,3.616,3.598,3.578,3.557,3.538,3.47
406.0,416.0,3.358,-0.887,2.008,-3.275,2.538,2.602,2.663,2.72,2.774,2.825,2.874,2.92,2.963,3.004,3.043,3.08,3.261,3.387,3.475,3.534,3.595,3.612,3.609,3.596,3.579,3.562,3.546,3.487
407.0,416.0,3.082,-0.633,2.126,-3.275,2.513,2.574,2.631,2.685,2.736,2.784,2.83,2.872,2.913,2.951,2.987,3.02,3.184,3.295,3.368,3.414,3.453,3.452,3.434,3.409,3.382,3.357,3.334,3.255
408.0,416.0,2.665,-0.332,2.082,-3.275,2.389,2.441,2.491,2.538,2.582,2.623,2.662,2.699,2.733,2.765,2.795,2.823,2.958,3.045,3.098,3.127,3.141,3.122,3.09,3.055,3.021,2.99,2.962,2.868
409.0,416.0,2.578,-0.3,1.944,-3.275,2.33,2.379,2.425,2.469,2.51,2.548,2.584,2.618,2.65,2.68,2.708,2.734,2.858,2.939,2.988,3.015,3.026,3.008,2.978,2.945,2.913,2.884,2.857,2.769
410.0,416.0,2.685,-0.408,1.663,-3.275,2.325,2.37,2.413,2.454,2.492,2.528,2.561,2.593,2.623,2.651,2.678,2.703,2.823,2.903,2.955,2.986,3.009,3.003,2.984,2.962,2.938,2.917,2.897,2.83
411.0,416.0,2.326,-0.135,1.422,-3.275,2.228,2.262,2.294,2.324,2.352,2.378,2.403,2.426,2.448,2.468,2.487,2.505,2.588,2.641,2.671,2.686,2.687,2.669,2.643,2.615,2.589,2.566,2.545,2.476
412.0,416.0,2.509,-0.316,0.839,-3.275,2.221,2.246,2.27,2.293,2.314,2.335,2.354,2.372,2.389,2.405,2.421,2.435,2.506,2.555,2.588,2.609,2.63,2.634,2.63,2.622,2.614,2.605,2.598,2.57
413.0,416.0,2.125,0.013,0.324,-3.275,2.145,2.152,2.158,2.164,2.17,2.175,2.18,2.184,2.188,2.192,2.196,2.199,2.214,2.223,2.227,2.228,2.225,2.218,2.21,2.202,2.195,2.188,2.183,2.164
414.0,416.0,2.121,-0.163,-0.27,-3.275,1.955,1.953,1.951,1.949,1.948,1.947,1.946,1.945,1.944,1.944,1.943,1.943,1.944,1.949,1.955,1.962,1.978,1.993,2.007,2.02,2.03,2.039,2.046,2.07
415.0,416.0,2.099,-0.057,-0.389,-3.275,2.035,2.028,2.021,2.015,2.009,2.004,1.999,1.994,1.99,1.986,1.983,1.979,1.965,1.958,1.955,1.956,1.964,1.975,1.987,1.998,2.007,2.016,2.023,2.048
405.0,417.0,3.361,-0.836,2.162,-3.275,2.594,2.66,2.723,2.782,2.838,2.891,2.94,2.988,3.032,3.074,3.114,3.152,3.336,3.463,3.55,3.607,3.662,3.674,3.664,3.646,3.625,3.604,3.584,3.514
406.0,417.0,3.396,-0.88,2.041,-3.275,2.583,2.648,2.709,2.767,2.821,2.873,2.922,2.968,3.012,3.053,3.092,3.129,3.311,3.438,3.526,3.585,3.645,3.661,3.657,3.643,3.625,3.607,3.591,3.53
407.0,417.0,3.115,-0.625,2.191,-3.275,2.556,2.618,2.676,2.732,2.784,2.833,2.879,2.923,2.964,3.002,3.039,3.073,3.239,3.352,3.425,3.471,3.508,3.506,3.486,3.459,3.431,3.404,3.38,3.297
408.0,417.0,2.687,-0.323,2.221,-3.275,2.423,2.478,2.531,2.58,2.626,2.67,2.711,2.749,2.785,2.819,2.85,2.88,3.02,3.111,3.166,3.195,3.207,3.185,3.149,3.111,3.073,3.039,3.009,2.907
409.0,417.0,2.595,-0.292,2.115,-3.275,2.358,2.411,2.46,2.507,2.551,2.592,2.63,2.667,2.701,2.732,2.762,2.79,2.923,3.008,3.059,3.086,3.096,3.074,3.039,3.002,2.966,2.933,2.904,2.806
410.0,417.0,2.696,-0.403,1.856,-3.275,2.345,2.394,2.441,2.485,2.526,2.565,2.602,2.637,2.669,2.7,2.729,2.755,2.885,2.971,3.025,3.057,3.078,3.068,3.045,3.017,2.99,2.965,2.942,2.864
411.0,417.0,2.32,-0.132,1.711,-3.275,2.231,2.272,2.309,2.345,2.378,2.409,2.438,2.466,2.491,2.515,2.537,2.558,2.656,2.717,2.751,2.768,2.767,2.742,2.71,2.675,2.643,2.614,2.589,2.503
412.0,417.0,2.491,-0.32,1.18,-3.275,2.206,2.239,2.27,2.299,2.327,2.353,2.378,2.401,2.423,2.443,2.463,2.481,2.569,2.628,2.667,2.69,2.709,2.707,2.695,2.68,2.664,2.65,2.636,2.59
413.0,417.0,2.079,0.005,0.81,-3.275,2.102,2.12,2.136,2.151,2.166,2.179,2.192,2.203,2.214,2.224,2.234,2.242,2.283,2.306,2.319,2.323,2.316,2.301,2.282,2.263,2.246,2.231,2.218,2.173
414.0,417.0,2.061,-0.178,0.288,-3.275,1.894,1.904,1.914,1.923,1.932,1.941,1.949,1.956,1.963,1.97,1.977,1.983,2.013,2.035,2.051,2.062,2.075,2.081,2.083,2.083,2.082,2.08,2.079,2.074
415.0,417.0,2.032,-0.073,0.2,-3.275,1.966,1.972,1.977,1.983,1.988,1.993,1.997,2.002,2.006,2.009,2.013,2.016,2.033,2.044,2.052,2.057,2.062,2.063,2.062,2.06,2.058,2.056,2.054,2.047
416.0,417.0,1.556,0.396,-0.563,-3.275,1.93,1.909,1.889,1.869,1.851,1.834,1.817,1.802,1.787,1.773,1.759,1.747,1.682,1.636,1.602,1.577,1.548,1.533,1.527,1.526,1.526,1.527,1.529,1.537
406.0,418.0,3.435,-0.874,2.065,-3.275,2.629,2.694,2.756,2.814,2.869,2.921,2.97,3.016,3.06,3.102,3.141,3.178,3.361,3.488,3.576,3.634,3.694,3.709,3.704,3.689,3.671,3.652,3.635,3.573
407.0,418.0,3.151,-0.615,2.244,-3.275,2.602,2.664,2.724,2.78,2.832,2.882,2.929,2.973,3.015,3.054,3.091,3.126,3.294,3.407,3.481,3.526,3.563,3.559,3.537,3.508,3.479,3.451,3.426,3.339
408.0,418.0,2.713,-0.312,2.339,-3.275,2.462,2.52,2.575,2.626,2.674,2.719,2.762,2.802,2.839,2.874,2.907,2.937,3.083,3.176,3.232,3.261,3.271,3.246,3.208,3.166,3.126,3.089,3.057,2.948
409.0,418.0,2.616,-0.282,2.259,-3.275,2.393,2.448,2.501,2.55,2.596,2.639,2.68,2.718,2.754,2.787,2.819,2.848,2.987,3.075,3.128,3.155,3.163,3.138,3.1,3.059,3.02,2.984,2.952,2.845
410.0,418.0,2.713,-0.397,2.019,-3.275,2.372,2.425,2.475,2.522,2.566,2.608,2.647,2.684,2.718,2.751,2.781,2.81,2.947,3.037,3.093,3.126,3.145,3.131,3.104,3.073,3.042,3.013,2.988,2.901
411.0,418.0,2.324,-0.125,1.956,-3.275,2.247,2.292,2.335,2.375,2.412,2.447,2.48,2.511,2.54,2.566,2.591,2.615,2.724,2.792,2.83,2.847,2.844,2.814,2.776,2.736,2.698,2.665,2.635,2.536
412.0,418.0,2.483,-0.32,1.472,-3.275,2.205,2.245,2.282,2.316,2.349,2.38,2.409,2.437,2.463,2.487,2.51,2.531,2.634,2.701,2.744,2.77,2.786,2.778,2.76,2.738,2.717,2.697,2.679,2.617
413.0,418.0,2.048,0.002,1.227,-3.275,2.079,2.105,2.13,2.154,2.175,2.196,2.215,2.233,2.249,2.265,2.279,2.292,2.354,2.39,2.409,2.415,2.406,2.383,2.355,2.327,2.301,2.278,2.258,2.191
414.0,418.0,2.02,-0.186,0.766,-3.275,1.856,1.877,1.896,1.915,1.933,1.949,1.965,1.979,1.993,2.006,2.018,2.03,2.085,2.122,2.145,2.159,2.17,2.167,2.158,2.148,2.137,2.127,2.118,2.087
415.0,418.0,1.985,-0.082,0.704,-3.275,1.921,1.938,1.954,1.969,1.984,1.997,2.01,2.021,2.032,2.043,2.052,2.061,2.104,2.131,2.147,2.156,2.158,2.149,2.137,2.124,2.112,2.101,2.091,2.057
416.0,418.0,1.468,0.38,0.146,-3.275,1.843,1.837,1.832,1.827,1.821,1.816,1.811,1.806,1.801,1.796,1.791,1.786,1.759,1.735,1.713,1.693,1.66,1.633,1.612,1.594,1.58,1.569,1.559,1.529
417.0,418.0,1.668,0.136,-0.015,-3.275,1.8,1.797,1.793,1.79,1.787,1.784,1.781,1.778,1.776,1.773,1.771,1.768,1.755,1.744,1.736,1.728,1.717,1.708,1.702,1.698,1.694,1.691,1.689,1.682
407.0,419.0,3.187,-0.606,2.287,-3.275,2.649,2.712,2.772,2.829,2.882,2.932,2.98,3.024,3.066,3.106,3.143,3.178,3.348,3.461,3.535,3.58,3.616,3.61,3.587,3.557,3.526,3.498,3.472,3.382
408.0,419.0,2.742,-0.3,2.437,-3.275,2.506,2.565,2.622,2.675,2.724,2.771,2.815,2.856,2.894,2.93,2.964,2.995,3.145,3.24,3.296,3.326,3.334,3.306,3.265,3.221,3.178,3.14,3.106,2.99
409.0,419.0,2.642,-0.271,2.381,-3.275,2.433,2.491,2.545,2.596,2.644,2.69,2.732,2.772,2.809,2.844,2.876,2.907,3.05,3.142,3.196,3.223,3.229,3.201,3.159,3.115,3.073,3.035,3.001,2.887
410.0,419.0,2.735,-0.388,2.157,-3.275,2.406,2.461,2.514,2.563,2.61,2.654,2.695,2.733,2.77,2.804,2.836,2.866,3.009,3.102,3.16,3.193,3.21,3.194,3.163,3.128,3.094,3.063,3.035,2.94
411.0,419.0,2.334,-0.116,2.166,-3.275,2.271,2.321,2.368,2.411,2.452,2.491,2.527,2.56,2.592,2.621,2.649,2.674,2.793,2.866,2.907,2.925,2.919,2.885,2.841,2.796,2.754,2.717,2.683,2.572
412.0,419.0,2.485,-0.316,1.72,-3.275,2.216,2.261,2.303,2.342,2.379,2.414,2.447,2.478,2.507,2.535,2.56,2.584,2.699,2.774,2.821,2.847,2.862,2.849,2.825,2.797,2.77,2.745,2.723,2.648
413.0,419.0,2.031,0.004,1.583,-3.275,2.072,2.106,2.138,2.168,2.197,2.223,2.247,2.27,2.292,2.312,2.33,2.347,2.426,2.473,2.497,2.505,2.494,2.463,2.427,2.391,2.357,2.328,2.302,2.215
414.0,419.0,1.994,-0.189,1.175,-3.275,1.837,1.867,1.895,1.921,1.946,1.97,1.992,2.012,2.032,2.05,2.067,2.083,2.159,2.208,2.238,2.255,2.262,2.252,2.234,2.214,2.195,2.177,2.162,2.109
415.0,419.0,1.954,-0.086,1.136,-3.275,1.897,1.923,1.948,1.972,1.994,2.014,2.034,2.052,2.069,2.085,2.099,2.113,2.178,2.218,2.241,2.252,2.251,2.235,2.213,2.19,2.169,2.15,2.133,2.076
416.0,419.0,1.404,0.372,0.754,-3.275,1.785,1.793,1.8,1.806,1.812,1.817,1.821,1.825,1.829,1.832,1.834,1.836,1.84,1.834,1.822,1.806,1.769,1.731,1.696,1.666,1.639,1.616,1.597,1.535
417.0,419.0,1.606,0.126,0.575,-3.275,1.742,1.752,1.761,1.769,1.777,1.784,1.79,1.796,1.802,1.807,1.811,1.815,1.833,1.841,1.841,1.838,1.823,1.804,1.785,1.767,1.752,1.738,1.726,1.688
418.0,419.0,1.758,-0.259,0.055,-3.275,1.507,1.514,1.521,1.527,1.534,1.54,1.546,1.551,1.557,1.562,1.567,1.572,1.598,1.62,1.637,1.651,1.673,1.688,1.699,1.707,1.714,1.719,1.723,1.735
408.0,420.0,2.775,-0.287,2.519,-3.275,2.552,2.614,2.671,2.726,2.776,2.824,2.869,2.911,2.95,2.987,3.022,3.054,3.206,3.303,3.36,3.389,3.395,3.365,3.321,3.275,3.23,3.19,3.154,3.033
409.0,420.0,2.672,-0.258,2.483,-3.275,2.477,2.537,2.593,2.646,2.696,2.742,2.786,2.827,2.865,2.901,2.935,2.966,3.114,3.207,3.262,3.289,3.293,3.262,3.218,3.171,3.126,3.086,3.05,2.93
410.0,420.0,2.761,-0.378,2.273,-3.275,2.444,2.502,2.557,2.608,2.657,2.702,2.745,2.785,2.823,2.858,2.891,2.922,3.07,3.167,3.226,3.258,3.274,3.255,3.221,3.183,3.146,3.113,3.083,2.981
411.0,420.0,2.352,-0.105,2.344,-3.275,2.304,2.357,2.407,2.454,2.498,2.539,2.578,2.614,2.647,2.679,2.708,2.735,2.862,2.94,2.982,3.001,2.993,2.955,2.906,2.857,2.811,2.769,2.733,2.611
412.0,420.0,2.495,-0.31,1.931,-3.275,2.236,2.285,2.332,2.375,2.416,2.454,2.49,2.524,2.556,2.586,2.614,2.64,2.765,2.846,2.895,2.923,2.935,2.918,2.889,2.856,2.825,2.796,2.77,2.683
413.0,420.0,2.026,0.01,1.887,-3.275,2.079,2.12,2.158,2.194,2.228,2.259,2.288,2.315,2.341,2.364,2.386,2.406,2.5,2.556,2.584,2.594,2.579,2.543,2.499,2.456,2.416,2.38,2.349,2.246
414.0,420.0,1.982,-0.187,1.525,-3.275,1.835,1.872,1.907,1.94,1.971,2.001,2.028,2.054,2.078,2.1,2.121,2.141,2.234,2.294,2.329,2.348,2.353,2.335,2.309,2.282,2.255,2.231,2.21,2.137
415.0,420.0,1.937,-0.084,1.506,-3.275,1.89,1.924,1.957,1.987,2.016,2.043,2.068,2.091,2.113,2.134,2.153,2.17,2.253,2.305,2.333,2.346,2.342,2.319,2.288,2.257,2.228,2.202,2.179,2.102
416.0,420.0,1.359,0.371,1.276,-3.275,1.751,1.77,1.788,1.804,1.82,1.833,1.846,1.857,1.868,1.877,1.886,1.894,1.924,1.934,1.93,1.917,1.876,1.828,1.782,1.739,1.701,1.669,1.641,1.55
417.0,420.0,1.564,0.122,1.081,-3.275,1.708,1.729,1.748,1.766,1.783,1.799,1.813,1.826,1.839,1.85,1.861,1.871,1.914,1.937,1.946,1.945,1.927,1.898,1.868,1.839,1.813,1.79,1.77,1.704
418.0,420.0,1.712,-0.269,0.587,-3.275,1.464,1.483,1.501,1.517,1.533,1.549,1.563,1.577,1.589,1.602,1.613,1.624,1.678,1.715,1.742,1.759,1.778,1.784,1.783,1.78,1.775,1.77,1.766,1.749
419.0,420.0,1.852,-0.291,0.112,-3.275,1.57,1.58,1.588,1.597,1.605,1.612,1.62,1.627,1.634,1.64,1.647,1.653,1.685,1.71,1.73,1.747,1.771,1.787,1.798,1.806,1.812,1.817,1.82,1.831
409.0,421.0,2.704,-0.245,2.569,-3.275,2.525,2.586,2.644,2.698,2.749,2.797,2.841,2.883,2.923,2.959,2.994,3.026,3.177,3.271,3.327,3.354,3.356,3.323,3.276,3.226,3.179,3.137,3.1,2.974
410.0,421.0,2.791,-0.367,2.37,-3.275,2.487,2.547,2.603,2.656,2.706,2.753,2.797,2.838,2.877,2.914,2.948,2.98,3.132,3.23,3.29,3.322,3.337,3.315,3.278,3.238,3.198,3.163,3.131,3.023
411.0,421.0,2.375,-0.092,2.494,-3.275,2.343,2.399,2.452,2.501,2.548,2.591,2.632,2.67,2.705,2.738,2.769,2.798,2.931,3.012,3.056,3.075,3.065,3.023,2.97,2.917,2.867,2.823,2.784,2.653
412.0,421.0,2.511,-0.302,2.11,-3.275,2.265,2.318,2.367,2.414,2.458,2.499,2.538,2.574,2.608,2.64,2.67,2.698,2.831,2.917,2.969,2.996,3.007,2.986,2.952,2.915,2.879,2.847,2.818,2.721
413.0,421.0,2.03,0.019,2.147,-3.275,2.099,2.145,2.188,2.229,2.266,2.302,2.335,2.366,2.394,2.421,2.446,2.469,2.575,2.637,2.669,2.68,2.663,2.621,2.571,2.521,2.475,2.435,2.4,2.281
414.0,421.0,1.981,-0.182,1.823,-3.275,1.846,1.89,1.931,1.97,2.006,2.04,2.072,2.102,2.13,2.156,2.18,2.203,2.311,2.379,2.419,2.438,2.441,2.417,2.385,2.35,2.317,2.287,2.261,2.172
415.0,421.0,1.932,-0.079,1.821,-3.275,1.897,1.939,1.977,2.014,2.048,2.08,2.11,2.138,2.164,2.188,2.211,2.232,2.33,2.391,2.424,2.438,2.431,2.402,2.364,2.325,2.289,2.257,2.229,2.134
416.0,421.0,1.332,0.376,1.724,-3.275,1.738,1.767,1.794,1.819,1.842,1.863,1.882,1.9,1.917,1.932,1.946,1.958,2.011,2.033,2.036,2.025,1.981,1.924,1.867,1.814,1.767,1.726,1.691,1.575
417.0,421.0,1.539,0.124,1.515,-3.275,1.695,1.725,1.753,1.779,1.804,1.826,1.847,1.867,1.885,1.902,1.918,1.932,1.997,2.033,2.048,2.05,2.028,1.991,1.951,1.912,1.877,1.845,1.818,1.729
418.0,421.0,1.684,-0.272,1.042,-3.275,1.442,1.471,1.498,1.524,1.548,1.571,1.593,1.613,1.632,1.65,1.667,1.683,1.76,1.811,1.845,1.865,1.881,1.878,1.867,1.853,1.839,1.826,1.814,1.773
419.0,421.0,1.809,-0.3,0.624,-3.275,1.53,1.551,1.57,1.588,1.606,1.622,1.638,1.652,1.666,1.679,1.692,1.704,1.762,1.803,1.832,1.852,1.873,1.88,1.88,1.877,1.872,1.868,1.863,1.846
420.0,421.0,2.112,-0.625,-0.232,-3.275,1.497,1.506,1.515,1.524,1.533,1.541,1.55,1.558,1.567,1.575,1.583,1.591,1.636,1.676,1.712,1.745,1.8,1.844,1.879,1.907,1.93,1.948,1.964,2.013
410.0,422.0,2.823,-0.355,2.451,-3.275,2.533,2.594,2.652,2.706,2.758,2.806,2.851,2.893,2.933,2.97,3.005,3.037,3.192,3.292,3.352,3.385,3.397,3.373,3.334,3.291,3.25,3.213,3.179,3.066
411.0,422.0,2.402,-0.077,2.621,-3.275,2.387,2.446,2.501,2.553,2.601,2.646,2.689,2.728,2.765,2.799,2.831,2.861,3.0,3.083,3.129,3.147,3.135,3.09,3.033,2.977,2.924,2.877,2.835,2.697
412.0,422.0,2.533,-0.292,2.262,-3.275,2.3,2.356,2.409,2.458,2.504,2.548,2.589,2.627,2.663,2.697,2.728,2.758,2.898,2.987,3.04,3.068,3.077,3.052,3.014,2.974,2.935,2.899,2.868,2.761
413.0,422.0,2.043,0.031,2.369,-3.275,2.128,2.179,2.226,2.271,2.312,2.351,2.387,2.421,2.452,2.482,2.509,2.534,2.65,2.718,2.753,2.764,2.744,2.697,2.641,2.586,2.536,2.491,2.452,2.321
414.0,422.0,1.99,-0.173,2.077,-3.275,1.869,1.918,1.964,2.008,2.048,2.086,2.122,2.156,2.187,2.216,2.243,2.269,2.389,2.463,2.506,2.527,2.527,2.498,2.459,2.418,2.379,2.345,2.314,2.211
415.0,422.0,1.937,-0.07,2.091,-3.275,1.917,1.964,2.008,2.05,2.088,2.125,2.159,2.19,2.22,2.247,2.273,2.297,2.408,2.476,2.512,2.527,2.518,2.483,2.438,2.393,2.352,2.314,2.281,2.171
416.0,422.0,1.318,0.385,2.107,-3.275,1.743,1.78,1.815,1.847,1.876,1.904,1.929,1.952,1.974,1.993,2.011,2.028,2.099,2.132,2.14,2.131,2.083,2.018,1.952,1.89,1.834,1.786,1.744,1.607
417.0,422.0,1.527,0.131,1.886,-3.275,1.698,1.736,1.772,1.805,1.836,1.865,1.891,1.916,1.939,1.961,1.981,1.999,2.082,2.128,2.149,2.152,2.127,2.083,2.034,1.986,1.943,1.904,1.871,1.761
418.0,422.0,1.67,-0.271,1.431,-3.275,1.439,1.476,1.511,1.544,1.576,1.605,1.632,1.658,1.683,1.705,1.727,1.747,1.843,1.906,1.946,1.968,1.981,1.971,1.951,1.928,1.906,1.886,1.867,1.805
419.0,422.0,1.783,-0.304,1.062,-3.275,1.511,1.541,1.569,1.596,1.621,1.645,1.667,1.688,1.708,1.727,1.745,1.761,1.842,1.897,1.932,1.954,1.973,1.972,1.962,1.949,1.935,1.922,1.911,1.87
420.0,422.0,2.069,-0.639,0.274,-3.275,1.452,1.472,1.492,1.511,1.529,1.546,1.563,1.579,1.595,1.609,1.624,1.637,1.709,1.765,1.81,1.846,1.899,1.934,1.958,1.975,1.988,1.997,2.005,2.027
421.0,422.0,1.646,-0.116,-0.508,-3.275,1.52,1.512,1.504,1.497,1.49,1.484,1.478,1.473,1.468,1.464,1.46,1.457,1.442,1.435,1.435,1.439,1.452,1.469,1.486,1.502,1.516,1.528,1.539,1.573
411.0,423.0,2.433,-0.061,2.729,-3.275,2.436,2.497,2.554,2.607,2.657,2.704,2.747,2.788,2.826,2.862,2.895,2.925,3.068,3.153,3.199,3.217,3.203,3.155,3.095,3.036,2.98,2.931,2.887,2.742
412.0,423.0,2.559,-0.28,2.39,-3.275,2.341,2.399,2.454,2.506,2.554,2.6,2.642,2.682,2.72,2.755,2.788,2.818,2.963,3.056,3.11,3.138,3.145,3.117,3.076,3.032,2.99,2.952,2.918,2.804
413.0,423.0,2.062,0.046,2.557,-3.275,2.165,2.22,2.271,2.319,2.363,2.405,2.444,2.48,2.514,2.545,2.574,2.601,2.725,2.798,2.834,2.846,2.824,2.772,2.711,2.652,2.597,2.548,2.505,2.363
414.0,423.0,2.006,-0.161,2.294,-3.275,1.902,1.956,2.006,2.053,2.097,2.139,2.177,2.214,2.248,2.28,2.309,2.337,2.466,2.547,2.592,2.614,2.611,2.577,2.533,2.486,2.443,2.404,2.369,2.254
415.0,423.0,1.951,-0.058,2.32,-3.275,1.948,1.999,2.048,2.093,2.136,2.176,2.213,2.248,2.28,2.31,2.339,2.365,2.486,2.56,2.599,2.615,2.603,2.562,2.512,2.462,2.415,2.373,2.336,2.213
416.0,423.0,1.317,0.399,2.435,-3.275,1.763,1.807,1.848,1.886,1.921,1.953,1.984,2.011,2.037,2.061,2.082,2.102,2.188,2.23,2.242,2.234,2.182,2.111,2.036,1.966,1.903,1.849,1.802,1.646
417.0,423.0,1.527,0.142,2.203,-3.275,1.716,1.761,1.803,1.842,1.878,1.912,1.943,1.973,2.0,2.025,2.049,2.07,2.168,2.222,2.247,2.252,2.224,2.173,2.116,2.06,2.01,1.966,1.927,1.799
418.0,423.0,1.669,-0.265,1.763,-3.275,1.451,1.495,1.537,1.577,1.613,1.648,1.681,1.711,1.74,1.767,1.792,1.816,1.928,2.001,2.045,2.069,2.079,2.062,2.034,2.004,1.974,1.948,1.924,1.843
419.0,423.0,1.771,-0.303,1.436,-3.275,1.509,1.547,1.583,1.616,1.648,1.678,1.706,1.733,1.758,1.781,1.804,1.824,1.924,1.989,2.031,2.055,2.07,2.062,2.043,2.022,2.001,1.981,1.963,1.902
420.0,423.0,2.043,-0.647,0.707,-3.275,1.428,1.458,1.487,1.514,1.54,1.565,1.588,1.611,1.632,1.653,1.672,1.691,1.785,1.855,1.907,1.945,1.996,2.023,2.037,2.045,2.049,2.051,2.051,2.05
421.0,423.0,1.577,-0.132,0.133,-3.275,1.451,1.457,1.462,1.468,1.473,1.478,1.482,1.487,1.491,1.495,1.499,1.503,1.521,1.535,1.546,1.553,1.564,1.57,1.573,1.575,1.576,1.576,1.576,1.577
422.0,423.0,1.415,-0.107,-1.13,-3.275,1.284,1.262,1.241,1.222,1.204,1.188,1.172,1.158,1.144,1.132,1.121,1.11,1.063,1.038,1.027,1.027,1.044,1.072,1.103,1.133,1.16,1.183,1.204,1.272
412.0,424.0,2.59,-0.267,2.497,-3.275,2.386,2.447,2.504,2.557,2.607,2.654,2.698,2.739,2.778,2.814,2.848,2.88,3.029,3.123,3.179,3.207,3.212,3.181,3.137,3.09,3.045,3.004,2.969,2.848
413.0,424.0,2.086,0.062,2.716,-3.275,2.21,2.267,2.321,2.372,2.419,2.463,2.504,2.542,2.578,2.611,2.642,2.67,2.801,2.877,2.915,2.926,2.901,2.845,2.78,2.716,2.658,2.605,2.56,2.408
414.0,424.0,2.03,-0.148,2.477,-3.275,1.943,2.0,2.054,2.104,2.151,2.196,2.237,2.276,2.312,2.346,2.377,2.407,2.544,2.629,2.677,2.698,2.693,2.655,2.605,2.554,2.507,2.464,2.426,2.3
415.0,424.0,1.971,-0.044,2.514,-3.275,1.987,2.042,2.094,2.143,2.189,2.232,2.272,2.309,2.344,2.376,2.406,2.435,2.565,2.643,2.684,2.7,2.686,2.641,2.585,2.53,2.478,2.432,2.392,2.258
416.0,424.0,1.326,0.417,2.715,-3.275,1.796,1.845,1.891,1.934,1.974,2.011,2.045,2.076,2.106,2.132,2.157,2.18,2.278,2.327,2.342,2.334,2.279,2.201,2.12,2.043,1.974,1.913,1.861,1.689
417.0,424.0,1.537,0.156,2.473,-3.275,1.747,1.797,1.844,1.888,1.928,1.967,2.002,2.035,2.066,2.094,2.12,2.144,2.254,2.316,2.344,2.349,2.318,2.261,2.197,2.135,2.079,2.029,1.986,1.842
418.0,424.0,1.679,-0.256,2.045,-3.275,1.476,1.527,1.574,1.618,1.66,1.699,1.736,1.771,1.803,1.833,1.862,1.888,2.014,2.094,2.142,2.167,2.174,2.151,2.117,2.08,2.044,2.012,1.983,1.886
419.0,424.0,1.771,-0.297,1.755,-3.275,1.521,1.566,1.608,1.648,1.686,1.721,1.754,1.785,1.814,1.842,1.867,1.891,2.006,2.081,2.127,2.153,2.165,2.151,2.125,2.096,2.067,2.042,2.018,1.94
420.0,424.0,2.031,-0.65,1.077,-3.275,1.421,1.459,1.496,1.53,1.563,1.594,1.623,1.651,1.678,1.703,1.727,1.749,1.862,1.943,2.001,2.042,2.09,2.11,2.117,2.116,2.112,2.107,2.102,2.081
421.0,424.0,1.529,-0.14,0.682,-3.275,1.408,1.426,1.443,1.459,1.474,1.488,1.501,1.514,1.526,1.537,1.547,1.557,1.604,1.635,1.654,1.666,1.673,1.669,1.66,1.649,1.639,1.63,1.621,1.592
422.0,424.0,1.326,-0.129,-0.374,-3.275,1.191,1.186,1.181,1.177,1.173,1.169,1.166,1.163,1.16,1.158,1.156,1.154,1.147,1.145,1.148,1.153,1.166,1.182,1.196,1.21,1.221,1.231,1.24,1.267
423.0,424.0,0.964,-0.938,-0.258,-3.275,0.042,0.058,0.073,0.089,0.104,0.118,0.132,0.146,0.16,0.173,0.187,0.2,0.271,0.335,0.391,0.44,0.522,0.586,0.636,0.677,0.709,0.736,0.757,0.825
413.0,425.0,2.115,0.08,2.852,-3.275,2.26,2.32,2.376,2.429,2.478,2.524,2.567,2.607,2.644,2.678,2.71,2.74,2.876,2.954,2.993,3.004,2.977,2.917,2.848,2.781,2.719,2.663,2.615,2.455
414.0,425.0,2.058,-0.132,2.632,-3.275,1.99,2.051,2.107,2.16,2.21,2.256,2.3,2.34,2.378,2.414,2.447,2.478,2.622,2.71,2.759,2.78,2.773,2.731,2.677,2.622,2.57,2.524,2.484,2.348
415.0,425.0,1.998,-0.028,2.68,-3.275,2.033,2.091,2.147,2.198,2.247,2.292,2.334,2.373,2.41,2.444,2.476,2.506,2.643,2.724,2.767,2.783,2.767,2.717,2.657,2.597,2.542,2.493,2.449,2.305
416.0,425.0,1.343,0.437,2.954,-3.275,1.839,1.893,1.943,1.99,2.034,2.074,2.112,2.146,2.178,2.208,2.235,2.26,2.368,2.423,2.441,2.433,2.374,2.291,2.202,2.119,2.044,1.979,1.923,1.737
417.0,425.0,1.556,0.173,2.703,-3.275,1.787,1.842,1.893,1.941,1.986,2.027,2.066,2.102,2.135,2.166,2.195,2.221,2.341,2.408,2.439,2.444,2.41,2.348,2.278,2.21,2.148,2.094,2.046,1.889
418.0,425.0,1.697,-0.244,2.286,-3.275,1.512,1.567,1.619,1.668,1.714,1.757,1.797,1.835,1.87,1.904,1.935,1.963,2.1,2.187,2.237,2.263,2.267,2.239,2.198,2.155,2.114,2.077,2.045,1.934
419.0,425.0,1.781,-0.289,2.026,-3.275,1.547,1.597,1.645,1.69,1.732,1.771,1.808,1.843,1.876,1.907,1.935,1.962,2.09,2.172,2.222,2.248,2.258,2.238,2.205,2.17,2.135,2.104,2.077,1.983
420.0,425.0,2.032,-0.65,1.391,-3.275,1.429,1.474,1.517,1.558,1.596,1.632,1.666,1.699,1.73,1.759,1.786,1.812,1.941,2.031,2.094,2.137,2.182,2.197,2.196,2.188,2.177,2.166,2.156,2.118
421.0,425.0,1.5,-0.143,1.153,-3.275,1.387,1.415,1.442,1.467,1.49,1.512,1.533,1.553,1.571,1.588,1.604,1.619,1.689,1.734,1.761,1.775,1.779,1.766,1.747,1.726,1.706,1.687,1.671,1.617
422.0,425.0,1.262,-0.142,0.274,-3.275,1.13,1.139,1.147,1.156,1.163,1.171,1.178,1.185,1.191,1.197,1.203,1.208,1.234,1.253,1.267,1.276,1.286,1.29,1.29,1.289,1.287,1.286,1.284,1.277
423.0,425.0,0.931,-0.948,0.324,-3.275,0.013,0.041,0.069,0.095,0.121,0.145,0.169,0.192,0.213,0.234,0.254,0.274,0.376,0.457,0.523,0.576,0.654,0.708,0.745,0.773,0.793,0.809,0.822,0.859
424.0,425.0,0.934,-0.892,-0.324,-3.275,0.055,0.069,0.082,0.095,0.107,0.12,0.132,0.144,0.156,0.168,0.18,0.191,0.255,0.313,0.365,0.412,0.49,0.552,0.602,0.642,0.675,0.702,0.724,0.793
414.0,426.0,2.091,-0.114,2.763,-3.275,2.043,2.106,2.165,2.22,2.272,2.32,2.365,2.407,2.447,2.484,2.518,2.55,2.699,2.79,2.839,2.861,2.85,2.805,2.747,2.689,2.634,2.585,2.542,2.398
415.0,426.0,2.029,-0.01,2.819,-3.275,2.084,2.146,2.204,2.257,2.308,2.355,2.399,2.44,2.479,2.514,2.547,2.578,2.72,2.805,2.849,2.865,2.845,2.792,2.728,2.665,2.606,2.553,2.507,2.354
416.0,426.0,1.368,0.46,3.157,-3.275,1.89,1.949,2.003,2.053,2.1,2.143,2.183,2.22,2.255,2.286,2.315,2.342,2.459,2.518,2.537,2.529,2.467,2.378,2.284,2.195,2.116,2.046,1.986,1.787
417.0,426.0,1.581,0.193,2.899,-3.275,1.836,1.895,1.95,2.001,2.048,2.093,2.134,2.173,2.208,2.241,2.272,2.3,2.428,2.5,2.532,2.537,2.5,2.432,2.357,2.284,2.218,2.159,2.108,1.939
418.0,426.0,1.723,-0.229,2.49,-3.275,1.557,1.616,1.672,1.724,1.774,1.82,1.863,1.903,1.941,1.977,2.01,2.041,2.186,2.278,2.33,2.356,2.358,2.325,2.279,2.231,2.185,2.144,2.108,1.985
419.0,426.0,1.8,-0.277,2.257,-3.275,1.582,1.638,1.69,1.738,1.784,1.828,1.868,1.906,1.942,1.975,2.006,2.036,2.174,2.262,2.314,2.341,2.349,2.323,2.285,2.244,2.204,2.168,2.137,2.03
420.0,426.0,2.042,-0.646,1.659,-3.275,1.45,1.501,1.549,1.594,1.637,1.678,1.716,1.753,1.787,1.819,1.85,1.879,2.02,2.118,2.185,2.229,2.272,2.281,2.274,2.26,2.244,2.228,2.213,2.159
421.0,426.0,1.485,-0.14,1.554,-3.275,1.385,1.422,1.457,1.489,1.52,1.549,1.575,1.601,1.624,1.646,1.667,1.686,1.777,1.834,1.866,1.882,1.883,1.862,1.833,1.803,1.774,1.749,1.726,1.649
422.0,426.0,1.219,-0.148,0.829,-3.275,1.094,1.115,1.136,1.155,1.172,1.189,1.205,1.22,1.234,1.247,1.259,1.271,1.325,1.361,1.383,1.396,1.403,1.396,1.384,1.371,1.358,1.345,1.335,1.298
423.0,426.0,0.917,-0.952,0.82,-3.275,0.007,0.046,0.084,0.12,0.155,0.187,0.219,0.249,0.277,0.304,0.33,0.355,0.482,0.579,0.652,0.708,0.783,0.828,0.854,0.87,0.881,0.887,0.892,0.902
424.0,426.0,0.897,-0.903,0.274,-3.275,0.022,0.048,0.074,0.099,0.122,0.145,0.167,0.188,0.208,0.228,0.246,0.264,0.36,0.436,0.498,0.548,0.623,0.675,0.712,0.739,0.759,0.775,0.787,0.824
425.0,426.0,0.973,-0.85,-0.658,-3.275,0.128,0.133,0.139,0.145,0.15,0.157,0.163,0.169,0.176,0.183,0.19,0.197,0.241,0.285,0.329,0.372,0.449,0.515,0.57,0.617,0.655,0.687,0.714,0.798
415.0,427.0,2.064,0.01,2.937,-3.275,2.141,2.205,2.264,2.32,2.372,2.421,2.466,2.509,2.548,2.585,2.62,2.651,2.798,2.884,2.929,2.944,2.922,2.866,2.798,2.731,2.669,2.614,2.566,2.405
416.0,427.0,1.398,0.486,3.331,-3.275,1.949,2.011,2.068,2.121,2.17,2.216,2.258,2.297,2.333,2.367,2.397,2.425,2.549,2.611,2.631,2.623,2.557,2.463,2.364,2.271,2.187,2.113,2.05,1.84
417.0,427.0,1.612,0.215,3.065,-3.275,1.892,1.954,2.011,2.065,2.115,2.162,2.206,2.246,2.284,2.318,2.351,2.38,2.515,2.589,2.623,2.628,2.588,2.516,2.435,2.358,2.287,2.225,2.171,1.992
418.0,427.0,1.755,-0.212,2.662,-3.275,1.609,1.672,1.731,1.786,1.838,1.887,1.932,1.975,2.015,2.052,2.087,2.12,2.272,2.367,2.422,2.448,2.447,2.409,2.358,2.306,2.256,2.211,2.172,2.039
419.0,427.0,1.826,-0.263,2.453,-3.275,1.626,1.686,1.741,1.794,1.843,1.889,1.932,1.973,2.011,2.047,2.08,2.111,2.258,2.35,2.405,2.432,2.437,2.407,2.363,2.317,2.273,2.234,2.199,2.08
420.0,427.0,2.061,-0.639,1.886,-3.275,1.481,1.537,1.589,1.639,1.686,1.73,1.772,1.811,1.848,1.883,1.916,1.948,2.1,2.204,2.274,2.319,2.36,2.364,2.351,2.332,2.311,2.29,2.272,2.206
421.0,427.0,1.484,-0.132,1.898,-3.275,1.399,1.443,1.485,1.524,1.56,1.594,1.627,1.657,1.685,1.711,1.735,1.758,1.865,1.932,1.969,1.987,1.984,1.957,1.919,1.881,1.845,1.813,1.784,1.688
422.0,427.0,1.195,-0.147,1.304,-3.275,1.081,1.113,1.143,1.171,1.197,1.222,1.245,1.266,1.287,1.306,1.324,1.34,1.419,1.469,1.498,1.513,1.516,1.501,1.478,1.454,1.431,1.41,1.391,1.329
423.0,427.0,0.92,-0.95,1.242,-3.275,0.021,0.07,0.116,0.16,0.202,0.241,0.279,0.315,0.35,0.382,0.413,0.442,0.591,0.699,0.779,0.837,0.909,0.945,0.962,0.969,0.97,0.969,0.967,0.954
424.0,427.0,0.88,-0.907,0.785,-3.275,0.013,0.051,0.087,0.121,0.154,0.185,0.215,0.244,0.271,0.297,0.322,0.345,0.467,0.559,0.629,0.682,0.754,0.796,0.821,0.837,0.846,0.852,0.857,0.866
425.0,427.0,0.924,-0.864,-0.008,-3.275,0.08,0.1,0.119,0.137,0.155,0.172,0.189,0.205,0.221,0.236,0.251,0.265,0.343,0.408,0.463,0.51,0.583,0.638,0.679,0.711,0.736,0.756,0.773,0.823
426.0,427.0,0.987,-0.873,-0.764,-3.275,0.117,0.12,0.124,0.128,0.132,0.137,0.142,0.148,0.153,0.159,0.165,0.172,0.212,0.256,0.3,0.343,0.423,0.492,0.551,0.601,0.642,0.676,0.705,0.797
416.0,428.0,1.433,0.513,3.478,-3.275,2.014,2.078,2.137,2.193,2.244,2.292,2.336,2.376,2.414,2.449,2.481,2.51,2.638,2.703,2.723,2.714,2.646,2.547,2.443,2.346,2.258,2.181,2.115,1.896
417.0,428.0,1.647,0.238,3.205,-3.275,1.954,2.018,2.078,2.134,2.186,2.235,2.28,2.322,2.361,2.397,2.431,2.461,2.601,2.678,2.712,2.716,2.673,2.597,2.512,2.431,2.357,2.291,2.235,2.046
418.0,428.0,1.792,-0.193,2.807,-3.275,1.668,1.733,1.795,1.852,1.906,1.957,2.005,2.049,2.09,2.129,2.166,2.199,2.357,2.456,2.511,2.537,2.533,2.492,2.437,2.38,2.327,2.279,2.237,2.095
419.0,428.0,1.858,-0.246,2.618,-3.275,1.678,1.74,1.799,1.854,1.906,1.955,2.0,2.043,2.083,2.12,2.155,2.188,2.341,2.438,2.494,2.521,2.523,2.489,2.441,2.39,2.343,2.299,2.261,2.133
420.0,428.0,2.087,-0.629,2.077,-3.275,1.521,1.58,1.636,1.689,1.739,1.787,1.831,1.873,1.913,1.95,1.986,2.019,2.18,2.289,2.361,2.406,2.445,2.445,2.428,2.404,2.378,2.354,2.332,2.255
421.0,428.0,1.493,-0.121,2.19,-3.275,1.426,1.476,1.524,1.568,1.61,1.648,1.685,1.719,1.751,1.781,1.808,1.834,1.955,2.029,2.07,2.089,2.083,2.049,2.005,1.96,1.917,1.879,1.846,1.733
422.0,428.0,1.185,-0.141,1.71,-3.275,1.087,1.127,1.165,1.201,1.234,1.266,1.295,1.322,1.348,1.372,1.395,1.416,1.514,1.576,1.611,1.628,1.628,1.604,1.572,1.538,1.506,1.477,1.452,1.367
423.0,428.0,0.936,-0.944,1.601,-3.275,0.051,0.108,0.161,0.212,0.26,0.306,0.349,0.39,0.429,0.466,0.501,0.534,0.7,0.819,0.904,0.963,1.032,1.061,1.069,1.068,1.061,1.053,1.045,1.012
424.0,428.0,0.88,-0.906,1.221,-3.275,0.024,0.071,0.116,0.159,0.199,0.238,0.275,0.309,0.343,0.374,0.404,0.432,0.575,0.68,0.757,0.812,0.881,0.915,0.93,0.935,0.936,0.934,0.931,0.917
425.0,428.0,0.897,-0.872,0.547,-3.275,0.059,0.09,0.121,0.15,0.178,0.204,0.23,0.254,0.278,0.3,0.321,0.342,0.448,0.53,0.594,0.644,0.715,0.759,0.788,0.808,0.821,0.831,0.839,0.859
426.0,428.0,0.936,-0.889,-0.102,-3.275,0.065,0.083,0.101,0.118,0.134,0.151,0.166,0.182,0.197,0.211,0.225,0.239,0.314,0.379,0.434,0.481,0.558,0.616,0.66,0.695,0.723,0.745,0.764,0.82
427.0,428.0,0.784,-0.716,-0.467,-3.275,0.074,0.08,0.086,0.093,0.099,0.106,0.113,0.119,0.126,0.133,0.14,0.147,0.188,0.229,0.267,0.303,0.368,0.422,0.466,0.503,0.534,0.559,0.58,0.647
417.0,429.0,1.686,0.263,3.324,-3.275,2.02,2.086,2.148,2.206,2.259,2.31,2.356,2.399,2.44,2.477,2.511,2.543,2.686,2.765,2.799,2.803,2.757,2.677,2.588,2.503,2.426,2.358,2.298,2.102
418.0,429.0,1.833,-0.173,2.929,-3.275,1.731,1.799,1.862,1.922,1.978,2.03,2.079,2.125,2.168,2.208,2.245,2.28,2.442,2.542,2.598,2.624,2.617,2.572,2.514,2.453,2.397,2.346,2.302,2.152
419.0,429.0,1.894,-0.229,2.757,-3.275,1.735,1.8,1.861,1.919,1.973,2.023,2.071,2.115,2.156,2.195,2.231,2.265,2.424,2.523,2.58,2.608,2.607,2.569,2.517,2.463,2.412,2.365,2.325,2.187
420.0,429.0,2.119,-0.618,2.239,-3.275,1.567,1.63,1.689,1.745,1.798,1.848,1.895,1.939,1.98,2.02,2.056,2.091,2.259,2.373,2.446,2.492,2.529,2.525,2.503,2.475,2.446,2.418,2.393,2.307
421.0,429.0,1.512,-0.106,2.439,-3.275,1.464,1.52,1.572,1.621,1.666,1.709,1.749,1.786,1.821,1.854,1.884,1.913,2.045,2.125,2.169,2.188,2.18,2.14,2.089,2.038,1.99,1.947,1.909,1.782
422.0,429.0,1.189,-0.131,2.056,-3.275,1.109,1.156,1.201,1.243,1.282,1.319,1.354,1.386,1.417,1.445,1.471,1.496,1.611,1.682,1.722,1.74,1.736,1.705,1.665,1.623,1.583,1.548,1.517,1.412
423.0,429.0,0.963,-0.933,1.905,-3.275,0.096,0.159,0.218,0.274,0.328,0.378,0.426,0.471,0.514,0.555,0.593,0.629,0.809,0.937,1.026,1.086,1.152,1.175,1.176,1.166,1.153,1.139,1.126,1.076
424.0,429.0,0.894,-0.899,1.591,-3.275,0.053,0.108,0.16,0.21,0.257,0.301,0.343,0.384,0.422,0.458,0.492,0.524,0.685,0.801,0.882,0.94,1.005,1.031,1.038,1.034,1.027,1.018,1.009,0.974
425.0,429.0,0.888,-0.873,1.02,-3.275,0.059,0.101,0.141,0.18,0.216,0.25,0.283,0.315,0.344,0.373,0.4,0.425,0.555,0.652,0.723,0.776,0.843,0.878,0.897,0.906,0.909,0.91,0.91,0.905
426.0,429.0,0.906,-0.897,0.464,-3.275,0.04,0.071,0.1,0.128,0.155,0.181,0.206,0.229,0.252,0.274,0.295,0.315,0.419,0.501,0.565,0.616,0.689,0.737,0.769,0.792,0.808,0.82,0.829,0.856
427.0,429.0,0.737,-0.728,0.184,-3.275,0.03,0.051,0.071,0.09,0.108,0.126,0.143,0.159,0.175,0.19,0.205,0.219,0.294,0.355,0.404,0.445,0.505,0.548,0.578,0.601,0.618,0.631,0.642,0.674
428.0,429.0,1.092,-1.014,-0.967,-3.275,0.079,0.081,0.084,0.088,0.091,0.096,0.1,0.105,0.111,0.117,0.123,0.129,0.173,0.221,0.271,0.32,0.414,0.496,0.566,0.625,0.675,0.716,0.751,0.862
418.0,430.0,1.877,-0.152,3.031,-3.275,1.799,1.868,1.933,1.994,2.051,2.105,2.155,2.202,2.246,2.287,2.325,2.36,2.526,2.627,2.684,2.708,2.699,2.651,2.589,2.526,2.467,2.414,2.367,2.211
419.0,430.0,1.935,-0.209,2.874,-3.275,1.797,1.864,1.927,1.987,2.042,2.094,2.143,2.189,2.232,2.271,2.309,2.343,2.506,2.608,2.665,2.692,2.689,2.648,2.592,2.534,2.48,2.431,2.388,2.244
420.0,430.0,2.156,-0.605,2.374,-3.275,1.62,1.685,1.747,1.805,1.86,1.912,1.961,2.007,2.05,2.09,2.129,2.165,2.338,2.455,2.53,2.575,2.61,2.603,2.577,2.546,2.513,2.483,2.455,2.361
421.0,430.0,1.538,-0.089,2.65,-3.275,1.512,1.572,1.628,1.68,1.729,1.775,1.818,1.858,1.896,1.931,1.963,1.994,2.134,2.22,2.266,2.286,2.274,2.229,2.173,2.116,2.063,2.016,1.974,1.835
422.0,430.0,1.204,-0.117,2.351,-3.275,1.144,1.198,1.248,1.295,1.34,1.381,1.42,1.456,1.49,1.522,1.552,1.579,1.708,1.786,1.83,1.849,1.842,1.805,1.757,1.707,1.661,1.62,1.584,1.463
423.0,430.0,1.0,-0.92,2.162,-3.275,0.152,0.22,0.284,0.345,0.403,0.457,0.509,0.558,0.604,0.647,0.688,0.727,0.919,1.053,1.145,1.206,1.269,1.286,1.28,1.265,1.246,1.227,1.209,1.144
424.0,430.0,0.919,-0.889,1.905,-3.275,0.096,0.157,0.216,0.271,0.323,0.373,0.42,0.464,0.506,0.546,0.584,0.619,0.795,0.919,1.005,1.064,1.126,1.145,1.144,1.134,1.119,1.104,1.09,1.037
425.0,430.0,0.894,-0.869,1.423,-3.275,0.079,0.13,0.178,0.223,0.267,0.308,0.347,0.384,0.419,0.453,0.484,0.514,0.664,0.772,0.85,0.904,0.968,0.996,1.004,1.004,0.999,0.993,0.986,0.958
426.0,430.0,0.895,-0.899,0.946,-3.275,0.039,0.08,0.119,0.156,0.192,0.226,0.258,0.289,0.318,0.346,0.372,0.398,0.526,0.623,0.695,0.748,0.818,0.857,0.878,0.889,0.896,0.899,0.9,0.9
427.0,430.0,0.711,-0.733,0.741,-3.275,0.013,0.046,0.077,0.107,0.135,0.162,0.188,0.213,0.236,0.258,0.28,0.3,0.403,0.481,0.539,0.583,0.64,0.672,0.69,0.7,0.705,0.709,0.71,0.712
428.0,430.0,1.039,-1.033,-0.298,-3.275,0.024,0.041,0.057,0.074,0.09,0.106,0.121,0.137,0.151,0.166,0.18,0.194,0.273,0.342,0.403,0.458,0.548,0.619,0.674,0.719,0.755,0.785,0.809,0.885
429.0,430.0,1.044,-0.977,-0.873,-3.275,0.07,0.074,0.077,0.082,0.086,0.092,0.097,0.103,0.109,0.115,0.122,0.129,0.173,0.221,0.27,0.318,0.408,0.486,0.552,0.608,0.654,0.693,0.726,0.83
419.0,431.0,1.978,-0.189,2.972,-3.275,1.863,1.932,1.996,2.057,2.114,2.167,2.217,2.264,2.308,2.348,2.386,2.422,2.588,2.691,2.748,2.775,2.769,2.724,2.666,2.605,2.548,2.497,2.452,2.301
420.0,431.0,2.197,-0.591,2.487,-3.275,1.677,1.745,1.809,1.869,1.925,1.979,2.029,2.076,2.121,2.162,2.202,2.239,2.417,2.535,2.611,2.657,2.689,2.679,2.65,2.615,2.58,2.547,2.518,2.416
421.0,431.0,1.57,-0.07,2.829,-3.275,1.567,1.63,1.69,1.745,1.797,1.845,1.891,1.933,1.973,2.01,2.044,2.076,2.224,2.313,2.361,2.38,2.366,2.316,2.255,2.193,2.136,2.085,2.04,1.89
422.0,431.0,1.227,-0.1,2.602,-3.275,1.19,1.249,1.304,1.356,1.404,1.45,1.492,1.532,1.569,1.603,1.636,1.666,1.805,1.89,1.936,1.956,1.946,1.902,1.848,1.792,1.74,1.694,1.653,1.517
423.0,431.0,1.045,-0.904,2.379,-3.275,0.217,0.29,0.358,0.423,0.484,0.542,0.596,0.648,0.697,0.743,0.786,0.827,1.028,1.167,1.261,1.323,1.383,1.395,1.383,1.362,1.339,1.315,1.293,1.216
424.0,431.0,0.955,-0.875,2.17,-3.275,0.15,0.217,0.281,0.341,0.398,0.452,0.503,0.551,0.596,0.639,0.679,0.718,0.906,1.036,1.126,1.185,1.244,1.257,1.25,1.232,1.212,1.192,1.173,1.105
425.0,431.0,0.913,-0.86,1.765,-3.275,0.114,0.172,0.227,0.279,0.328,0.375,0.419,0.461,0.501,0.538,0.574,0.607,0.774,0.891,0.973,1.029,1.09,1.11,1.111,1.103,1.09,1.077,1.065,1.018
426.0,431.0,0.9,-0.896,1.357,-3.275,0.056,0.106,0.153,0.198,0.241,0.282,0.32,0.357,0.392,0.425,0.456,0.486,0.635,0.743,0.821,0.877,0.944,0.974,0.986,0.988,0.985,0.981,0.975,0.953
427.0,431.0,0.704,-0.731,1.216,-3.275,0.018,0.061,0.102,0.141,0.177,0.212,0.246,0.277,0.307,0.335,0.362,0.388,0.515,0.606,0.671,0.717,0.771,0.794,0.801,0.8,0.796,0.79,0.784,0.76
428.0,431.0,1.008,-1.044,0.273,-3.275,-0.005,0.025,0.054,0.081,0.108,0.133,0.158,0.182,0.204,0.226,0.248,0.268,0.376,0.463,0.534,0.592,0.679,0.739,0.783,0.815,0.839,0.858,0.873,0.918
429.0,431.0,0.993,-0.994,-0.21,-3.275,0.017,0.036,0.053,0.07,0.087,0.104,0.12,0.136,0.151,0.166,0.181,0.195,0.274,0.343,0.404,0.456,0.542,0.609,0.661,0.702,0.735,0.762,0.784,0.853
430.0,431.0,1.352,-1.273,-1.226,-3.275,0.08,0.082,0.086,0.09,0.094,0.099,0.105,0.111,0.118,0.125,0.133,0.141,0.194,0.254,0.317,0.379,0.496,0.6,0.688,0.763,0.825,0.878,0.922,1.062
420.0,432.0,2.24,-0.575,2.581,-3.275,1.739,1.808,1.873,1.935,1.992,2.047,2.098,2.147,2.192,2.235,2.275,2.313,2.494,2.615,2.691,2.736,2.766,2.753,2.722,2.684,2.647,2.612,2.581,2.473
421.0,432.0,1.607,-0.049,2.98,-3.275,1.629,1.695,1.757,1.814,1.869,1.919,1.966,2.011,2.052,2.09,2.126,2.159,2.313,2.405,2.454,2.473,2.456,2.402,2.336,2.27,2.209,2.155,2.107,1.947
422.0,432.0,1.258,-0.08,2.815,-3.275,1.246,1.309,1.368,1.423,1.475,1.523,1.569,1.611,1.651,1.687,1.722,1.754,1.902,1.992,2.04,2.06,2.046,1.998,1.937,1.876,1.819,1.769,1.724,1.576
423.0,432.0,1.096,-0.885,2.56,-3.275,0.291,0.366,0.438,0.506,0.57,0.63,0.687,0.741,0.792,0.84,0.886,0.928,1.137,1.28,1.376,1.437,1.494,1.501,1.485,1.459,1.431,1.404,1.379,1.29
424.0,432.0,0.998,-0.859,2.394,-3.275,0.215,0.287,0.354,0.418,0.479,0.536,0.59,0.641,0.689,0.735,0.777,0.818,1.015,1.152,1.243,1.303,1.359,1.367,1.353,1.33,1.305,1.28,1.257,1.176
425.0,432.0,0.943,-0.848,2.055,-3.275,0.162,0.226,0.287,0.344,0.399,0.45,0.498,0.544,0.588,0.629,0.667,0.704,0.883,1.009,1.095,1.151,1.209,1.223,1.217,1.201,1.182,1.164,1.146,1.083
426.0,432.0,0.918,-0.889,1.706,-3.275,0.09,0.147,0.201,0.253,0.302,0.348,0.392,0.433,0.473,0.51,0.545,0.579,0.744,0.862,0.945,1.003,1.066,1.089,1.093,1.087,1.076,1.065,1.054,1.012
427.0,432.0,0.711,-0.724,1.62,-3.275,0.042,0.093,0.142,0.189,0.233,0.274,0.313,0.351,0.386,0.419,0.451,0.48,0.627,0.73,0.801,0.849,0.899,0.914,0.911,0.901,0.888,0.875,0.862,0.815
428.0,432.0,0.996,-1.048,0.761,-3.275,-0.01,0.03,0.069,0.106,0.141,0.175,0.207,0.238,0.268,0.296,0.323,0.349,0.482,0.584,0.662,0.723,0.807,0.858,0.891,0.912,0.926,0.936,0.943,0.962
429.0,432.0,0.963,-1.004,0.356,-3.275,-0.008,0.022,0.052,0.08,0.107,0.133,0.158,0.182,0.206,0.228,0.249,0.27,0.379,0.465,0.535,0.591,0.674,0.73,0.77,0.799,0.82,0.837,0.85,0.888
430.0,432.0,1.299,-1.295,-0.568,-3.275,0.021,0.038,0.055,0.072,0.089,0.105,0.122,0.138,0.154,0.17,0.186,0.201,0.29,0.371,0.445,0.512,0.626,0.719,0.793,0.854,0.903,0.943,0.977,1.083
431.0,432.0,1.291,-1.229,-1.16,-3.275,0.064,0.067,0.07,0.074,0.079,0.085,0.091,0.097,0.104,0.111,0.119,0.127,0.179,0.238,0.299,0.359,0.472,0.571,0.656,0.728,0.788,0.838,0.88,1.014
421.0,433.0,1.649,-0.026,3.107,-3.275,1.696,1.764,1.828,1.887,1.943,1.996,2.044,2.09,2.133,2.172,2.209,2.243,2.401,2.496,2.545,2.563,2.543,2.486,2.416,2.346,2.282,2.224,2.174,2.006
422.0,433.0,1.296,-0.058,2.995,-3.275,1.309,1.375,1.437,1.496,1.55,1.601,1.649,1.694,1.735,1.774,1.81,1.844,1.999,2.092,2.142,2.161,2.145,2.091,2.026,1.96,1.899,1.844,1.796,1.636
423.0,433.0,1.152,-0.865,2.712,-3.275,0.37,0.449,0.523,0.593,0.66,0.722,0.781,0.837,0.89,0.939,0.986,1.03,1.244,1.39,1.487,1.548,1.603,1.606,1.585,1.555,1.523,1.492,1.464,1.366
424.0,433.0,1.048,-0.84,2.582,-3.275,0.288,0.363,0.434,0.501,0.565,0.625,0.681,0.735,0.785,0.832,0.877,0.919,1.125,1.265,1.358,1.418,1.471,1.475,1.456,1.428,1.398,1.369,1.343,1.25
425.0,433.0,0.982,-0.833,2.3,-3.275,0.222,0.291,0.356,0.418,0.476,0.531,0.583,0.632,0.679,0.722,0.764,0.803,0.993,1.125,1.213,1.271,1.325,1.334,1.321,1.299,1.275,1.251,1.229,1.152
426.0,433.0,0.946,-0.877,2.001,-3.275,0.136,0.2,0.26,0.317,0.371,0.422,0.47,0.516,0.559,0.6,0.638,0.675,0.854,0.98,1.067,1.125,1.185,1.203,1.199,1.185,1.169,1.151,1.135,1.077
427.0,433.0,0.732,-0.713,1.963,-3.275,0.081,0.14,0.196,0.248,0.298,0.345,0.39,0.432,0.471,0.509,0.544,0.577,0.74,0.853,0.928,0.977,1.024,1.032,1.021,1.002,0.982,0.961,0.943,0.877
428.0,433.0,0.999,-1.047,1.175,-3.275,0.004,0.054,0.101,0.145,0.188,0.229,0.268,0.304,0.339,0.373,0.405,0.435,0.589,0.703,0.788,0.851,0.931,0.975,0.998,1.01,1.015,1.017,1.018,1.014
429.0,433.0,0.953,-1.007,0.839,-3.275,-0.011,0.03,0.069,0.107,0.142,0.177,0.209,0.241,0.27,0.299,0.326,0.352,0.485,0.586,0.663,0.722,0.802,0.85,0.878,0.896,0.908,0.915,0.921,0.933
430.0,433.0,1.268,-1.31,-0.005,-3.275,-0.011,0.018,0.047,0.075,0.102,0.129,0.154,0.179,0.203,0.226,0.248,0.27,0.388,0.487,0.571,0.642,0.753,0.836,0.898,0.946,0.984,1.015,1.039,1.115
431.0,433.0,1.239,-1.25,-0.501,-3.275,0.006,0.024,0.041,0.058,0.075,0.092,0.109,0.125,0.141,0.157,0.173,0.188,0.276,0.356,0.428,0.493,0.603,0.691,0.762,0.82,0.866,0.904,0.936,1.035
432.0,433.0,1.448,-1.399,-1.48,-3.275,0.047,0.047,0.048,0.05,0.052,0.056,0.06,0.065,0.071,0.077,0.084,0.091,0.143,0.205,0.272,0.339,0.469,0.585,0.686,0.771,0.842,0.902,0.952,1.114
422.0,434.0,1.338,-0.034,3.147,-3.275,1.378,1.447,1.512,1.573,1.629,1.683,1.732,1.778,1.822,1.862,1.899,1.934,2.095,2.191,2.242,2.26,2.241,2.183,2.113,2.042,1.977,1.919,1.869,1.699
423.0,434.0,1.213,-0.844,2.838,-3.275,0.455,0.536,0.612,0.684,0.752,0.817,0.877,0.934,0.988,1.039,1.087,1.132,1.35,1.499,1.596,1.657,1.708,1.707,1.683,1.649,1.614,1.581,1.55,1.444
424.0,434.0,1.104,-0.82,2.739,-3.275,0.367,0.445,0.519,0.589,0.655,0.717,0.775,0.831,0.883,0.932,0.978,1.022,1.233,1.377,1.471,1.53,1.58,1.58,1.556,1.524,1.49,1.458,1.429,1.326
425.0,434.0,1.028,-0.815,2.506,-3.275,0.29,0.363,0.432,0.497,0.559,0.617,0.672,0.724,0.773,0.819,0.862,0.903,1.102,1.239,1.329,1.387,1.438,1.442,1.423,1.396,1.367,1.339,1.314,1.224
426.0,434.0,0.985,-0.862,2.251,-3.275,0.195,0.263,0.328,0.389,0.447,0.502,0.554,0.603,0.649,0.693,0.734,0.773,0.964,1.096,1.186,1.245,1.302,1.313,1.303,1.283,1.261,1.239,1.218,1.145
427.0,434.0,0.763,-0.698,2.254,-3.275,0.134,0.198,0.26,0.318,0.372,0.424,0.473,0.519,0.562,0.603,0.641,0.677,0.854,0.974,1.053,1.103,1.146,1.147,1.129,1.103,1.076,1.05,1.026,0.944
428.0,434.0,1.017,-1.042,1.527,-3.275,0.035,0.092,0.146,0.197,0.246,0.292,0.337,0.378,0.418,0.456,0.492,0.526,0.696,0.821,0.911,0.975,1.053,1.09,1.104,1.108,1.106,1.101,1.096,1.073
429.0,434.0,0.957,-1.005,1.249,-3.275,0.005,0.055,0.102,0.148,0.191,0.232,0.271,0.308,0.343,0.377,0.409,0.439,0.593,0.706,0.79,0.851,0.927,0.967,0.986,0.995,0.997,0.997,0.996,0.986
430.0,434.0,1.256,-1.318,0.474,-3.275,-0.021,0.02,0.059,0.096,0.132,0.166,0.199,0.231,0.261,0.291,0.319,0.346,0.489,0.603,0.694,0.768,0.877,0.951,1.003,1.041,1.069,1.09,1.107,1.157
431.0,434.0,1.208,-1.264,0.061,-3.275,-0.024,0.006,0.035,0.063,0.09,0.117,0.142,0.167,0.191,0.214,0.237,0.259,0.376,0.474,0.555,0.624,0.731,0.809,0.868,0.913,0.948,0.976,0.999,1.069
432.0,434.0,1.391,-1.424,-0.804,-3.275,-0.018,-0.003,0.012,0.027,0.042,0.057,0.073,0.088,0.103,0.118,0.133,0.148,0.237,0.321,0.399,0.472,0.599,0.704,0.79,0.86,0.918,0.966,1.006,1.132
433.0,434.0,1.711,-1.657,-1.899,-3.275,0.049,0.046,0.044,0.043,0.043,0.045,0.048,0.052,0.056,0.062,0.068,0.075,0.13,0.199,0.275,0.355,0.509,0.65,0.772,0.876,0.964,1.038,1.1,1.299
423.0,435.0,1.277,-0.821,2.942,-3.275,0.544,0.626,0.704,0.778,0.847,0.913,0.975,1.033,1.088,1.139,1.188,1.234,1.455,1.605,1.702,1.763,1.811,1.807,1.779,1.742,1.704,1.668,1.636,1.523
424.0,435.0,1.164,-0.798,2.87,-3.275,0.452,0.532,0.608,0.68,0.748,0.812,0.872,0.928,0.982,1.032,1.08,1.124,1.34,1.486,1.581,1.639,1.687,1.682,1.655,1.619,1.582,1.546,1.515,1.404
425.0,435.0,1.08,-0.795,2.679,-3.275,0.366,0.442,0.514,0.582,0.646,0.707,0.764,0.818,0.869,0.917,0.962,1.005,1.211,1.351,1.443,1.5,1.548,1.548,1.524,1.492,1.459,1.428,1.399,1.299
426.0,435.0,1.03,-0.845,2.461,-3.275,0.262,0.335,0.403,0.468,0.53,0.588,0.643,0.694,0.743,0.789,0.832,0.873,1.073,1.21,1.302,1.361,1.415,1.422,1.406,1.381,1.354,1.327,1.303,1.217
427.0,435.0,0.804,-0.681,2.501,-3.275,0.197,0.267,0.333,0.395,0.454,0.509,0.561,0.61,0.657,0.7,0.741,0.78,0.967,1.093,1.175,1.225,1.265,1.26,1.235,1.203,1.171,1.14,1.112,1.015
428.0,435.0,1.045,-1.032,1.826,-3.275,0.079,0.142,0.202,0.259,0.313,0.364,0.413,0.459,0.502,0.544,0.583,0.62,0.805,0.937,1.031,1.097,1.172,1.202,1.209,1.206,1.197,1.187,1.177,1.137
429.0,435.0,0.975,-0.999,1.598,-3.275,0.037,0.095,0.149,0.201,0.25,0.297,0.341,0.383,0.423,0.461,0.497,0.531,0.702,0.825,0.913,0.976,1.049,1.082,1.093,1.093,1.089,1.082,1.074,1.045
430.0,435.0,1.259,-1.321,0.881,-3.275,-0.011,0.039,0.086,0.131,0.174,0.215,0.255,0.293,0.329,0.363,0.396,0.428,0.592,0.718,0.816,0.892,0.998,1.064,1.107,1.136,1.155,1.169,1.18,1.208
431.0,435.0,1.197,-1.271,0.54,-3.275,-0.032,0.009,0.048,0.085,0.121,0.156,0.189,0.221,0.251,0.281,0.309,0.336,0.478,0.59,0.68,0.751,0.856,0.926,0.974,1.008,1.033,1.053,1.068,1.112
432.0,435.0,1.356,-1.441,-0.228,-3.275,-0.056,-0.028,-0.001,0.025,0.051,0.076,0.101,0.125,0.148,0.171,0.193,0.215,0.334,0.436,0.524,0.601,0.726,0.821,0.894,0.953,0.999,1.036,1.067,1.163
433.0,435.0,1.649,-1.687,-1.21,-3.275,-0.026,-0.014,-0.002,0.011,0.025,0.039,0.053,0.067,0.082,0.096,0.111,0.126,0.218,0.31,0.399,0.484,0.636,0.766,0.874,0.963,1.037,1.099,1.15,1.313
434.0,435.0,2.288,-2.279,-2.399,-3.275,0.006,0.006,0.008,0.011,0.015,0.021,0.028,0.037,0.046,0.056,0.067,0.079,0.165,0.267,0.375,0.485,0.697,0.886,1.049,1.187,1.304,1.401,1.483,1.745
424.0,436.0,1.227,-0.774,2.978,-3.275,0.54,0.623,0.7,0.774,0.843,0.908,0.969,1.027,1.082,1.133,1.181,1.227,1.446,1.593,1.688,1.746,1.791,1.783,1.752,1.712,1.672,1.634,1.6,1.483
425.0,436.0,1.137,-0.774,2.823,-3.275,0.447,0.526,0.601,0.671,0.738,0.8,0.859,0.915,0.967,1.016,1.063,1.107,1.318,1.461,1.553,1.61,1.656,1.651,1.623,1.588,1.551,1.516,1.484,1.375
426.0,436.0,1.082,-0.826,2.638,-3.275,0.337,0.413,0.485,0.553,0.617,0.677,0.734,0.788,0.839,0.887,0.932,0.975,1.182,1.323,1.416,1.475,1.526,1.528,1.507,1.477,1.446,1.416,1.388,1.292
427.0,436.0,0.851,-0.66,2.708,-3.275,0.269,0.343,0.413,0.479,0.541,0.599,0.654,0.706,0.755,0.8,0.844,0.884,1.079,1.21,1.294,1.344,1.381,1.371,1.34,1.303,1.265,1.23,1.198,1.089
428.0,436.0,1.082,-1.02,2.077,-3.275,0.134,0.203,0.268,0.329,0.387,0.442,0.495,0.544,0.591,0.635,0.677,0.717,0.913,1.052,1.149,1.215,1.287,1.312,1.313,1.303,1.289,1.274,1.259,1.205
429.0,436.0,1.005,-0.989,1.894,-3.275,0.083,0.147,0.207,0.264,0.319,0.37,0.419,0.465,0.509,0.55,0.589,0.627,0.811,0.942,1.034,1.098,1.169,1.195,1.199,1.192,1.181,1.168,1.156,1.109
430.0,436.0,1.276,-1.32,1.226,-3.275,0.016,0.072,0.127,0.178,0.227,0.274,0.319,0.362,0.403,0.442,0.479,0.514,0.695,0.831,0.934,1.012,1.116,1.176,1.21,1.231,1.243,1.251,1.256,1.265
431.0,436.0,1.201,-1.273,0.947,-3.275,-0.021,0.029,0.076,0.122,0.165,0.206,0.246,0.284,0.32,0.354,0.387,0.419,0.582,0.706,0.802,0.876,0.978,1.04,1.079,1.104,1.121,1.133,1.141,1.163
432.0,436.0,1.341,-1.452,0.264,-3.275,-0.071,-0.032,0.006,0.042,0.077,0.11,0.143,0.174,0.204,0.233,0.261,0.288,0.433,0.551,0.647,0.727,0.849,0.936,0.999,1.046,1.082,1.111,1.134,1.203
433.0,436.0,1.611,-1.71,-0.622,-3.275,-0.073,-0.048,-0.023,0.002,0.026,0.05,0.074,0.097,0.12,0.143,0.165,0.187,0.31,0.421,0.521,0.61,0.76,0.88,0.975,1.052,1.114,1.166,1.208,1.34
434.0,436.0,2.231,-2.317,-1.749,-3.275,-0.072,-0.058,-0.042,-0.026,-0.009,0.009,0.027,0.045,0.064,0.083,0.102,0.122,0.244,0.367,0.488,0.604,0.814,0.993,1.144,1.268,1.372,1.458,1.53,1.759
435.0,436.0,2.834,-2.858,-3.05,-3.275,-0.027,-0.029,-0.027,-0.024,-0.019,-0.013,-0.005,0.005,0.016,0.029,0.042,0.057,0.162,0.288,0.424,0.561,0.827,1.065,1.271,1.445,1.592,1.715,1.818,2.149
425.0,437.0,1.199,-0.751,2.943,-3.275,0.533,0.615,0.691,0.763,0.831,0.895,0.956,1.013,1.066,1.117,1.164,1.209,1.424,1.568,1.662,1.718,1.761,1.752,1.721,1.681,1.641,1.604,1.57,1.453
426.0,437.0,1.139,-0.805,2.785,-3.275,0.417,0.496,0.571,0.641,0.707,0.77,0.829,0.885,0.937,0.987,1.033,1.077,1.289,1.433,1.527,1.586,1.634,1.632,1.607,1.573,1.537,1.504,1.474,1.368
427.0,437.0,0.905,-0.638,2.882,-3.275,0.349,0.426,0.499,0.567,0.632,0.693,0.75,0.804,0.855,0.902,0.947,0.989,1.191,1.325,1.41,1.46,1.494,1.479,1.444,1.401,1.359,1.32,1.285,1.165
428.0,437.0,1.128,-1.005,2.289,-3.275,0.199,0.272,0.341,0.406,0.468,0.526,0.581,0.633,0.683,0.729,0.774,0.815,1.021,1.165,1.264,1.331,1.4,1.42,1.416,1.4,1.381,1.362,1.343,1.276
429.0,437.0,1.043,-0.976,2.143,-3.275,0.14,0.209,0.274,0.336,0.394,0.45,0.502,0.551,0.598,0.643,0.685,0.724,0.92,1.057,1.153,1.217,1.285,1.305,1.303,1.29,1.273,1.255,1.239,1.178
430.0,437.0,1.304,-1.314,1.519,-3.275,0.055,0.118,0.178,0.235,0.29,0.341,0.391,0.438,0.482,0.525,0.565,0.604,0.799,0.943,1.051,1.13,1.231,1.285,1.313,1.326,1.332,1.334,1.334,1.327
431.0,437.0,1.218,-1.271,1.293,-3.275,0.007,0.064,0.118,0.17,0.22,0.267,0.312,0.354,0.395,0.434,0.471,0.506,0.686,0.821,0.922,0.997,1.096,1.152,1.183,1.2,1.21,1.215,1.218,1.22
432.0,437.0,1.342,-1.458,0.681,-3.275,-0.065,-0.017,0.029,0.073,0.116,0.156,0.195,0.233,0.269,0.303,0.336,0.368,0.534,0.665,0.768,0.85,0.97,1.049,1.103,1.141,1.168,1.189,1.205,1.252
433.0,437.0,1.592,-1.726,-0.121,-3.275,-0.096,-0.06,-0.024,0.011,0.044,0.077,0.109,0.14,0.17,0.199,0.227,0.255,0.405,0.532,0.64,0.733,0.881,0.992,1.077,1.143,1.195,1.237,1.272,1.378
434.0,437.0,2.196,-2.347,-1.195,-3.275,-0.124,-0.096,-0.069,-0.041,-0.014,0.013,0.041,0.068,0.094,0.121,0.147,0.174,0.326,0.468,0.6,0.72,0.929,1.099,1.238,1.352,1.444,1.521,1.584,1.785
435.0,437.0,2.776,-2.905,-2.41,-3.275,-0.117,-0.103,-0.088,-0.071,-0.054,-0.036,-0.017,0.003,0.024,0.045,0.067,0.089,0.231,0.38,0.528,0.672,0.937,1.166,1.359,1.52,1.655,1.767,1.861,2.159
436.0,437.0,2.642,-2.669,-2.796,-3.275,-0.029,-0.029,-0.027,-0.023,-0.017,-0.01,-0.002,0.008,0.019,0.031,0.044,0.059,0.16,0.279,0.406,0.535,0.782,1.004,1.195,1.356,1.492,1.606,1.702,2.007
426.0,438.0,1.2,-0.782,2.907,-3.275,0.503,0.584,0.661,0.733,0.801,0.865,0.925,0.982,1.036,1.087,1.134,1.179,1.395,1.541,1.636,1.694,1.739,1.733,1.704,1.667,1.628,1.592,1.559,1.446
427.0,438.0,0.963,-0.613,3.027,-3.275,0.435,0.514,0.589,0.66,0.727,0.79,0.849,0.904,0.957,1.006,1.052,1.095,1.302,1.438,1.524,1.574,1.604,1.585,1.545,1.499,1.453,1.411,1.373,1.243
428.0,438.0,1.179,-0.988,2.467,-3.275,0.272,0.348,0.42,0.488,0.553,0.614,0.671,0.726,0.777,0.826,0.872,0.915,1.128,1.276,1.377,1.444,1.51,1.526,1.516,1.496,1.473,1.45,1.428,1.351
429.0,438.0,1.089,-0.96,2.353,-3.275,0.206,0.279,0.348,0.414,0.476,0.534,0.59,0.642,0.691,0.738,0.782,0.824,1.028,1.171,1.268,1.333,1.398,1.414,1.405,1.387,1.365,1.344,1.323,1.25
430.0,438.0,1.341,-1.306,1.765,-3.275,0.106,0.174,0.239,0.301,0.359,0.415,0.468,0.518,0.566,0.612,0.655,0.696,0.902,1.054,1.164,1.244,1.343,1.392,1.413,1.421,1.422,1.419,1.415,1.394
431.0,438.0,1.246,-1.265,1.585,-3.275,0.048,0.111,0.171,0.229,0.283,0.335,0.384,0.431,0.476,0.518,0.559,0.597,0.791,0.934,1.039,1.116,1.212,1.262,1.286,1.296,1.299,1.299,1.297,1.283
432.0,438.0,1.357,-1.459,1.036,-3.275,-0.043,0.013,0.066,0.117,0.166,0.212,0.257,0.3,0.34,0.379,0.417,0.452,0.636,0.777,0.886,0.971,1.087,1.16,1.205,1.235,1.256,1.27,1.281,1.308
433.0,438.0,1.59,-1.737,0.305,-3.275,-0.099,-0.052,-0.008,0.035,0.077,0.117,0.155,0.192,0.228,0.263,0.297,0.329,0.501,0.642,0.757,0.853,0.998,1.102,1.178,1.235,1.278,1.313,1.34,1.424
434.0,438.0,2.18,-2.371,-0.725,-3.275,-0.152,-0.114,-0.076,-0.039,-0.003,0.032,0.067,0.102,0.135,0.168,0.201,0.233,0.411,0.569,0.709,0.833,1.04,1.203,1.333,1.436,1.52,1.588,1.645,1.821
435.0,438.0,2.739,-2.944,-1.865,-3.275,-0.179,-0.152,-0.125,-0.097,-0.069,-0.041,-0.013,0.016,0.044,0.073,0.102,0.131,0.304,0.471,0.63,0.779,1.044,1.265,1.447,1.598,1.722,1.824,1.91,2.181
436.0,438.0,2.585,-2.712,-2.157,-3.275,-0.113,-0.098,-0.082,-0.065,-0.047,-0.029,-0.009,0.011,0.031,0.052,0.073,0.095,0.232,0.374,0.513,0.648,0.895,1.107,1.285,1.434,1.557,1.66,1.746,2.02
437.0,438.0,2.623,-2.662,-2.852,-3.275,-0.042,-0.044,-0.043,-0.04,-0.036,-0.03,-0.022,-0.014,-0.003,0.008,0.02,0.034,0.132,0.248,0.374,0.503,0.75,0.972,1.164,1.326,1.463,1.578,1.674,1.983
427.0,439.0,1.026,-0.588,3.148,-3.275,0.525,0.606,0.684,0.756,0.824,0.889,0.949,1.006,1.059,1.109,1.156,1.2,1.411,1.549,1.635,1.684,1.712,1.689,1.645,1.595,1.546,1.5,1.46,1.322
428.0,439.0,1.236,-0.969,2.615,-3.275,0.351,0.429,0.504,0.575,0.641,0.704,0.764,0.82,0.873,0.924,0.971,1.016,1.234,1.385,1.487,1.554,1.618,1.629,1.615,1.591,1.564,1.538,1.514,1.427
429.0,439.0,1.141,-0.942,2.529,-3.275,0.28,0.357,0.429,0.497,0.562,0.623,0.681,0.735,0.787,0.835,0.881,0.924,1.136,1.283,1.382,1.446,1.508,1.519,1.507,1.484,1.458,1.432,1.409,1.325
430.0,439.0,1.386,-1.295,1.972,-3.275,0.166,0.239,0.308,0.373,0.435,0.494,0.55,0.603,0.653,0.701,0.747,0.79,1.006,1.162,1.275,1.356,1.452,1.496,1.513,1.516,1.512,1.505,1.497,1.464
431.0,439.0,1.284,-1.256,1.832,-3.275,0.1,0.169,0.234,0.296,0.354,0.41,0.463,0.513,0.561,0.607,0.65,0.691,0.896,1.045,1.154,1.231,1.325,1.37,1.387,1.392,1.39,1.384,1.378,1.351
432.0,439.0,1.384,-1.456,1.335,-3.275,-0.007,0.055,0.115,0.171,0.225,0.277,0.326,0.373,0.418,0.46,0.501,0.54,0.739,0.889,1.002,1.088,1.202,1.269,1.307,1.33,1.344,1.353,1.359,1.37
433.0,439.0,1.602,-1.742,0.665,-3.275,-0.084,-0.03,0.022,0.072,0.12,0.166,0.211,0.253,0.294,0.334,0.371,0.408,0.599,0.75,0.872,0.97,1.113,1.21,1.278,1.327,1.363,1.391,1.413,1.477
434.0,439.0,2.18,-2.39,-0.326,-3.275,-0.161,-0.114,-0.068,-0.023,0.021,0.064,0.105,0.146,0.185,0.223,0.261,0.297,0.497,0.668,0.816,0.943,1.149,1.306,1.427,1.522,1.598,1.659,1.71,1.865
435.0,439.0,2.722,-2.977,-1.402,-3.275,-0.218,-0.18,-0.143,-0.106,-0.069,-0.033,0.004,0.04,0.075,0.11,0.145,0.18,0.379,0.562,0.731,0.884,1.148,1.362,1.536,1.677,1.792,1.887,1.966,2.214
436.0,439.0,2.55,-2.747,-1.614,-3.275,-0.17,-0.142,-0.115,-0.087,-0.058,-0.03,-0.002,0.027,0.055,0.084,0.112,0.141,0.308,0.468,0.619,0.758,1.004,1.208,1.376,1.513,1.626,1.72,1.798,2.044
437.0,439.0,2.564,-2.705,-2.202,-3.275,-0.129,-0.115,-0.1,-0.084,-0.067,-0.05,-0.031,-0.012,0.008,0.028,0.049,0.07,0.204,0.344,0.483,0.617,0.863,1.076,1.255,1.404,1.528,1.632,1.719,1.994
438.0,439.0,2.302,-2.333,-1.965,-3.275,-0.023,-0.012,-0.0,0.012,0.025,0.04,0.055,0.07,0.086,0.103,0.12,0.138,0.25,0.369,0.487,0.602,0.816,1.0,1.156,1.286,1.395,1.485,1.561,1.803
428.0,440.0,1.297,-0.949,2.737,-3.275,0.434,0.515,0.592,0.664,0.733,0.798,0.859,0.916,0.971,1.022,1.071,1.116,1.339,1.492,1.595,1.661,1.722,1.73,1.712,1.685,1.655,1.626,1.599,1.504
429.0,440.0,1.198,-0.922,2.676,-3.275,0.36,0.439,0.514,0.585,0.652,0.715,0.774,0.831,0.884,0.934,0.981,1.026,1.243,1.392,1.492,1.557,1.616,1.623,1.606,1.579,1.549,1.521,1.494,1.402
430.0,440.0,1.437,-1.282,2.145,-3.275,0.234,0.31,0.382,0.45,0.515,0.577,0.635,0.691,0.743,0.793,0.84,0.885,1.108,1.269,1.384,1.465,1.559,1.599,1.611,1.609,1.601,1.591,1.58,1.537
431.0,440.0,1.329,-1.244,2.039,-3.275,0.162,0.235,0.303,0.369,0.431,0.49,0.546,0.599,0.65,0.697,0.743,0.786,1.0,1.155,1.266,1.344,1.435,1.475,1.488,1.487,1.48,1.471,1.461,1.421
432.0,440.0,1.42,-1.45,1.588,-3.275,0.041,0.108,0.173,0.234,0.293,0.348,0.401,0.452,0.5,0.545,0.589,0.63,0.841,0.998,1.115,1.202,1.314,1.375,1.408,1.425,1.433,1.437,1.439,1.436
433.0,440.0,1.626,-1.744,0.97,-3.275,-0.055,0.006,0.064,0.12,0.174,0.225,0.274,0.321,0.366,0.409,0.451,0.491,0.697,0.858,0.984,1.084,1.225,1.317,1.378,1.419,1.449,1.472,1.489,1.536
434.0,440.0,2.194,-2.405,0.011,-3.275,-0.154,-0.099,-0.046,0.006,0.056,0.105,0.152,0.197,0.242,0.284,0.326,0.366,0.584,0.767,0.92,1.05,1.255,1.406,1.521,1.609,1.678,1.733,1.778,1.916
435.0,440.0,2.721,-3.005,-1.011,-3.275,-0.237,-0.19,-0.145,-0.1,-0.055,-0.012,0.031,0.073,0.115,0.155,0.195,0.234,0.455,0.653,0.829,0.986,1.249,1.458,1.624,1.757,1.865,1.953,2.026,2.254
436.0,440.0,2.534,-2.777,-1.152,-3.275,-0.204,-0.166,-0.128,-0.091,-0.054,-0.017,0.019,0.055,0.09,0.125,0.16,0.193,0.387,0.563,0.722,0.866,1.111,1.308,1.466,1.594,1.699,1.784,1.855,2.078
437.0,440.0,2.527,-2.741,-1.649,-3.275,-0.188,-0.161,-0.134,-0.107,-0.079,-0.052,-0.024,0.004,0.032,0.06,0.088,0.116,0.281,0.439,0.589,0.728,0.973,1.178,1.346,1.484,1.598,1.692,1.77,2.018
438.0,440.0,2.26,-2.366,-1.387,-3.275,-0.082,-0.059,-0.035,-0.01,0.014,0.038,0.063,0.088,0.112,0.137,0.161,0.186,0.33,0.468,0.598,0.718,0.93,1.105,1.25,1.368,1.465,1.546,1.613,1.825
439.0,440.0,1.956,-1.964,-1.773,-3.275,-0.003,0.003,0.011,0.019,0.028,0.038,0.049,0.06,0.072,0.085,0.098,0.111,0.2,0.296,0.394,0.49,0.67,0.828,0.962,1.074,1.168,1.247,1.312,1.522
429.0,441.0,1.26,-0.901,2.797,-3.275,0.445,0.526,0.603,0.676,0.744,0.809,0.87,0.928,0.982,1.033,1.082,1.127,1.349,1.5,1.6,1.664,1.721,1.724,1.703,1.673,1.64,1.609,1.58,1.479
430.0,441.0,1.493,-1.268,2.288,-3.275,0.308,0.387,0.461,0.532,0.599,0.663,0.723,0.78,0.835,0.886,0.935,0.981,1.21,1.374,1.49,1.571,1.663,1.699,1.707,1.701,1.69,1.677,1.663,1.611
431.0,441.0,1.381,-1.23,2.212,-3.275,0.231,0.307,0.379,0.448,0.513,0.574,0.633,0.688,0.741,0.79,0.837,0.882,1.104,1.263,1.375,1.454,1.543,1.578,1.586,1.581,1.57,1.557,1.544,1.494
432.0,441.0,1.464,-1.441,1.8,-3.275,0.098,0.17,0.239,0.304,0.366,0.425,0.481,0.534,0.585,0.633,0.679,0.723,0.943,1.106,1.226,1.313,1.423,1.48,1.507,1.519,1.523,1.523,1.52,1.505
433.0,441.0,1.66,-1.743,1.227,-3.275,-0.014,0.053,0.116,0.177,0.235,0.291,0.344,0.394,0.443,0.489,0.534,0.576,0.795,0.964,1.094,1.195,1.334,1.421,1.476,1.512,1.536,1.554,1.566,1.6
434.0,441.0,2.219,-2.416,0.295,-3.275,-0.133,-0.071,-0.012,0.045,0.101,0.154,0.206,0.256,0.304,0.351,0.396,0.439,0.672,0.864,1.023,1.155,1.359,1.505,1.613,1.695,1.759,1.809,1.85,1.973
435.0,441.0,2.733,-3.029,-0.681,-3.275,-0.24,-0.186,-0.133,-0.081,-0.03,0.019,0.068,0.115,0.161,0.206,0.251,0.294,0.534,0.743,0.925,1.085,1.348,1.552,1.712,1.838,1.94,2.023,2.091,2.302
436.0,441.0,2.534,-2.802,-0.762,-3.275,-0.219,-0.172,-0.126,-0.08,-0.036,0.008,0.051,0.093,0.134,0.174,0.213,0.252,0.467,0.657,0.824,0.971,1.215,1.406,1.557,1.677,1.774,1.853,1.918,2.12
437.0,441.0,2.51,-2.771,-1.18,-3.275,-0.223,-0.186,-0.149,-0.112,-0.075,-0.039,-0.004,0.032,0.066,0.101,0.135,0.168,0.36,0.534,0.693,0.836,1.081,1.278,1.437,1.566,1.67,1.756,1.828,2.051
438.0,441.0,2.239,-2.393,-0.896,-3.275,-0.118,-0.083,-0.049,-0.014,0.019,0.053,0.085,0.117,0.149,0.18,0.211,0.241,0.413,0.567,0.706,0.831,1.041,1.209,1.343,1.451,1.539,1.611,1.671,1.857
439.0,441.0,1.908,-1.993,-1.156,-3.275,-0.065,-0.045,-0.024,-0.004,0.017,0.038,0.059,0.08,0.101,0.122,0.142,0.163,0.285,0.402,0.511,0.613,0.791,0.939,1.06,1.159,1.241,1.309,1.365,1.543
440.0,441.0,2.033,-2.054,-1.694,-3.275,-0.012,-0.002,0.009,0.021,0.034,0.047,0.06,0.074,0.089,0.104,0.12,0.136,0.237,0.342,0.447,0.548,0.736,0.897,1.034,1.148,1.242,1.321,1.388,1.598
430.0,442.0,1.554,-1.252,2.407,-3.275,0.387,0.468,0.544,0.617,0.686,0.751,0.813,0.872,0.927,0.98,1.03,1.077,1.311,1.477,1.594,1.674,1.764,1.797,1.801,1.793,1.778,1.762,1.746,1.687
431.0,442.0,1.438,-1.215,2.356,-3.275,0.306,0.385,0.46,0.531,0.598,0.662,0.722,0.779,0.833,0.884,0.933,0.979,1.207,1.369,1.483,1.561,1.647,1.679,1.683,1.674,1.66,1.644,1.628,1.57
432.0,442.0,1.514,-1.43,1.977,-3.275,0.163,0.239,0.311,0.379,0.444,0.506,0.564,0.62,0.673,0.723,0.771,0.817,1.045,1.212,1.334,1.422,1.529,1.582,1.605,1.612,1.612,1.608,1.603,1.577
433.0,442.0,1.702,-1.739,1.442,-3.275,0.037,0.108,0.176,0.241,0.303,0.362,0.418,0.472,0.523,0.572,0.619,0.664,0.893,1.068,1.201,1.303,1.441,1.523,1.573,1.604,1.624,1.637,1.646,1.667
434.0,442.0,2.254,-2.423,0.532,-3.275,-0.1,-0.034,0.031,0.093,0.153,0.21,0.266,0.319,0.371,0.421,0.469,0.515,0.761,0.96,1.123,1.257,1.459,1.602,1.705,1.782,1.841,1.887,1.923,2.034
435.0,442.0,2.756,-3.049,-0.405,-3.275,-0.23,-0.169,-0.11,-0.052,0.004,0.058,0.111,0.163,0.214,0.263,0.31,0.357,0.612,0.831,1.019,1.182,1.445,1.644,1.799,1.92,2.016,2.094,2.158,2.356
436.0,442.0,2.547,-2.822,-0.432,-3.275,-0.218,-0.163,-0.11,-0.057,-0.007,0.043,0.091,0.138,0.184,0.229,0.273,0.315,0.548,0.749,0.923,1.073,1.316,1.502,1.647,1.76,1.85,1.924,1.984,2.17
437.0,442.0,2.509,-2.796,-0.783,-3.275,-0.24,-0.193,-0.147,-0.102,-0.058,-0.015,0.028,0.069,0.11,0.15,0.189,0.227,0.44,0.629,0.795,0.942,1.186,1.377,1.528,1.648,1.745,1.825,1.89,2.094
438.0,442.0,2.234,-2.414,-0.479,-3.275,-0.134,-0.089,-0.045,-0.003,0.039,0.079,0.119,0.157,0.195,0.232,0.268,0.303,0.497,0.666,0.813,0.94,1.15,1.311,1.437,1.536,1.616,1.68,1.734,1.898
439.0,442.0,1.882,-2.016,-0.63,-3.275,-0.102,-0.069,-0.038,-0.006,0.024,0.054,0.084,0.113,0.141,0.169,0.196,0.223,0.374,0.508,0.627,0.732,0.909,1.048,1.158,1.246,1.318,1.376,1.424,1.575
440.0,442.0,1.991,-2.083,-1.104,-3.275,-0.068,-0.045,-0.021,0.002,0.026,0.049,0.073,0.096,0.119,0.143,0.165,0.188,0.321,0.446,0.562,0.668,0.854,1.006,1.131,1.232,1.315,1.384,1.441,1.621
441.0,442.0,2.29,-2.342,-1.759,-3.275,-0.038,-0.023,-0.007,0.01,0.027,0.045,0.063,0.082,0.101,0.12,0.14,0.16,0.284,0.409,0.531,0.648,0.86,1.041,1.193,1.319,1.423,1.51,1.583,1.814
431.0,443.0,1.498,-1.198,2.474,-3.275,0.386,0.467,0.544,0.617,0.686,0.751,0.813,0.872,0.927,0.98,1.029,1.076,1.308,1.473,1.587,1.665,1.749,1.778,1.778,1.766,1.749,1.73,1.712,1.646
432.0,443.0,1.57,-1.418,2.124,-3.275,0.235,0.313,0.388,0.459,0.526,0.59,0.651,0.708,0.763,0.815,0.864,0.911,1.146,1.316,1.439,1.527,1.633,1.682,1.701,1.705,1.701,1.694,1.686,1.652
433.0,443.0,1.751,-1.733,1.622,-3.275,0.097,0.171,0.243,0.311,0.376,0.437,0.496,0.553,0.606,0.658,0.707,0.753,0.991,1.171,1.306,1.408,1.544,1.623,1.668,1.695,1.711,1.72,1.727,1.738
434.0,443.0,2.296,-2.429,0.73,-3.275,-0.059,0.013,0.081,0.147,0.211,0.272,0.33,0.387,0.441,0.494,0.544,0.593,0.849,1.054,1.221,1.356,1.557,1.697,1.795,1.868,1.923,1.965,1.999,2.099
435.0,443.0,2.79,-3.066,-0.173,-3.275,-0.208,-0.142,-0.077,-0.015,0.045,0.104,0.161,0.217,0.271,0.323,0.374,0.423,0.691,0.918,1.111,1.276,1.538,1.735,1.885,2.001,2.093,2.167,2.228,2.414
436.0,443.0,2.572,-2.839,-0.156,-3.275,-0.203,-0.142,-0.082,-0.024,0.032,0.086,0.139,0.19,0.24,0.289,0.336,0.382,0.631,0.841,1.02,1.172,1.415,1.597,1.736,1.843,1.928,1.997,2.053,2.225
437.0,443.0,2.522,-2.817,-0.447,-3.275,-0.239,-0.185,-0.132,-0.08,-0.029,0.02,0.068,0.115,0.16,0.205,0.248,0.29,0.522,0.722,0.895,1.045,1.288,1.474,1.618,1.732,1.823,1.896,1.956,2.143
438.0,443.0,2.244,-2.43,-0.126,-3.275,-0.132,-0.079,-0.028,0.022,0.07,0.116,0.162,0.206,0.249,0.29,0.331,0.37,0.583,0.764,0.917,1.047,1.255,1.411,1.529,1.621,1.694,1.753,1.8,1.947
439.0,443.0,1.873,-2.033,-0.183,-3.275,-0.117,-0.074,-0.033,0.007,0.046,0.084,0.121,0.156,0.191,0.225,0.258,0.29,0.465,0.613,0.74,0.849,1.023,1.155,1.256,1.335,1.397,1.448,1.489,1.616
440.0,443.0,1.969,-2.105,-0.602,-3.275,-0.1,-0.065,-0.031,0.002,0.035,0.068,0.099,0.13,0.161,0.191,0.22,0.249,0.409,0.55,0.675,0.786,0.969,1.114,1.227,1.318,1.392,1.452,1.501,1.655
441.0,443.0,2.255,-2.373,-1.211,-3.275,-0.09,-0.062,-0.034,-0.006,0.021,0.049,0.076,0.103,0.131,0.157,0.184,0.211,0.364,0.508,0.641,0.762,0.973,1.146,1.287,1.401,1.495,1.572,1.637,1.839
442.0,443.0,2.187,-2.277,-0.766,-3.275,-0.054,-0.019,0.016,0.05,0.084,0.117,0.149,0.181,0.213,0.243,0.274,0.303,0.471,0.62,0.754,0.873,1.072,1.23,1.356,1.457,1.539,1.606,1.661,1.834
432.0,444.0,1.63,-1.404,2.245,-3.275,0.312,0.392,0.469,0.542,0.611,0.677,0.739,0.798,0.854,0.908,0.958,1.006,1.245,1.418,1.542,1.63,1.734,1.78,1.795,1.796,1.789,1.779,1.769,1.728
433.0,444.0,1.806,-1.725,1.771,-3.275,0.162,0.24,0.314,0.385,0.452,0.517,0.578,0.636,0.692,0.745,0.795,0.843,1.088,1.271,1.408,1.511,1.645,1.72,1.762,1.785,1.798,1.804,1.808,1.811
434.0,444.0,2.345,-2.432,0.894,-3.275,-0.009,0.066,0.138,0.207,0.273,0.337,0.399,0.458,0.514,0.569,0.621,0.672,0.936,1.147,1.316,1.452,1.653,1.789,1.884,1.953,2.005,2.044,2.075,2.167
435.0,444.0,2.831,-3.08,0.018,-3.275,-0.176,-0.106,-0.037,0.029,0.093,0.156,0.216,0.274,0.331,0.386,0.439,0.491,0.77,1.004,1.201,1.367,1.63,1.824,1.97,2.082,2.171,2.242,2.299,2.475
436.0,444.0,2.607,-2.852,0.076,-3.275,-0.177,-0.11,-0.046,0.017,0.077,0.136,0.193,0.248,0.301,0.353,0.403,0.451,0.713,0.931,1.114,1.269,1.511,1.69,1.824,1.927,2.007,2.072,2.124,2.284
437.0,444.0,2.546,-2.834,-0.165,-3.275,-0.225,-0.164,-0.105,-0.047,0.009,0.063,0.116,0.167,0.216,0.265,0.312,0.357,0.605,0.815,0.993,1.145,1.388,1.569,1.708,1.816,1.901,1.969,2.025,2.197
438.0,444.0,2.265,-2.443,0.171,-3.275,-0.116,-0.056,0.001,0.057,0.11,0.162,0.213,0.261,0.308,0.354,0.398,0.441,0.67,0.86,1.019,1.151,1.358,1.509,1.621,1.707,1.774,1.827,1.87,2.002
439.0,444.0,1.879,-2.045,0.196,-3.275,-0.113,-0.062,-0.013,0.034,0.08,0.125,0.168,0.209,0.249,0.288,0.326,0.362,0.557,0.717,0.851,0.962,1.135,1.26,1.353,1.424,1.479,1.522,1.558,1.665
440.0,444.0,1.964,-2.122,-0.176,-3.275,-0.112,-0.067,-0.024,0.018,0.059,0.099,0.137,0.175,0.211,0.247,0.281,0.315,0.498,0.654,0.786,0.9,1.082,1.219,1.324,1.406,1.471,1.523,1.566,1.698
441.0,444.0,2.24,-2.397,-0.746,-3.275,-0.118,-0.08,-0.042,-0.005,0.032,0.067,0.102,0.137,0.171,0.204,0.236,0.268,0.448,0.607,0.749,0.874,1.084,1.249,1.38,1.485,1.57,1.639,1.696,1.875
442.0,444.0,2.182,-2.296,-0.352,-3.275,-0.068,-0.023,0.021,0.063,0.104,0.145,0.184,0.222,0.26,0.296,0.331,0.366,0.556,0.719,0.86,0.982,1.181,1.332,1.449,1.542,1.615,1.675,1.724,1.875
443.0,444.0,1.911,-1.996,-0.112,-3.275,-0.041,0.002,0.044,0.085,0.124,0.163,0.2,0.236,0.271,0.305,0.338,0.37,0.545,0.693,0.818,0.926,1.097,1.224,1.322,1.398,1.458,1.506,1.545,1.666
433.0,445.0,1.865,-1.715,1.893,-3.275,0.234,0.314,0.39,0.463,0.532,0.598,0.661,0.721,0.778,0.833,0.884,0.934,1.184,1.37,1.508,1.611,1.744,1.816,1.854,1.874,1.884,1.888,1.889,1.885
434.0,445.0,2.4,-2.434,1.029,-3.275,0.047,0.125,0.2,0.271,0.34,0.406,0.47,0.531,0.589,0.645,0.7,0.751,1.023,1.238,1.409,1.546,1.746,1.88,1.972,2.038,2.087,2.124,2.153,2.236
435.0,445.0,2.879,-3.093,0.176,-3.275,-0.137,-0.063,0.009,0.079,0.146,0.211,0.274,0.335,0.394,0.452,0.507,0.561,0.849,1.088,1.288,1.456,1.719,1.91,2.054,2.163,2.248,2.317,2.372,2.54
436.0,445.0,2.649,-2.864,0.268,-3.275,-0.141,-0.07,-0.002,0.065,0.129,0.191,0.251,0.309,0.365,0.419,0.472,0.523,0.795,1.02,1.207,1.363,1.605,1.78,1.91,2.009,2.086,2.148,2.197,2.347
437.0,445.0,2.579,-2.847,0.07,-3.275,-0.199,-0.133,-0.068,-0.006,0.054,0.113,0.169,0.224,0.277,0.329,0.379,0.427,0.688,0.906,1.088,1.242,1.485,1.663,1.797,1.899,1.98,2.045,2.097,2.257
438.0,445.0,2.297,-2.452,0.421,-3.275,-0.088,-0.023,0.04,0.101,0.159,0.215,0.27,0.322,0.373,0.422,0.469,0.514,0.757,0.955,1.118,1.253,1.459,1.605,1.712,1.793,1.855,1.903,1.943,2.061
439.0,445.0,1.898,-2.053,0.516,-3.275,-0.094,-0.036,0.019,0.073,0.125,0.175,0.223,0.269,0.314,0.357,0.398,0.438,0.65,0.821,0.959,1.073,1.244,1.364,1.45,1.513,1.562,1.6,1.63,1.72
440.0,445.0,1.974,-2.134,0.184,-3.275,-0.106,-0.053,-0.002,0.047,0.095,0.141,0.185,0.228,0.27,0.31,0.349,0.387,0.589,0.756,0.895,1.011,1.192,1.323,1.42,1.494,1.552,1.598,1.635,1.747
441.0,445.0,2.24,-2.416,-0.352,-3.275,-0.128,-0.08,-0.034,0.011,0.055,0.098,0.139,0.18,0.219,0.258,0.295,0.332,0.533,0.705,0.854,0.983,1.191,1.35,1.473,1.57,1.647,1.709,1.76,1.919
442.0,445.0,2.192,-2.311,-0.002,-3.275,-0.064,-0.012,0.039,0.089,0.137,0.183,0.228,0.272,0.314,0.355,0.395,0.434,0.642,0.817,0.965,1.089,1.286,1.432,1.542,1.627,1.694,1.747,1.79,1.924
443.0,445.0,1.918,-2.007,0.256,-3.275,-0.036,0.016,0.065,0.113,0.159,0.204,0.247,0.289,0.329,0.368,0.405,0.442,0.636,0.796,0.928,1.037,1.207,1.328,1.418,1.486,1.538,1.58,1.613,1.715
444.0,445.0,1.881,-1.928,0.365,-3.275,0.006,0.058,0.108,0.157,0.203,0.248,0.291,0.333,0.373,0.412,0.45,0.486,0.678,0.835,0.964,1.07,1.232,1.346,1.43,1.492,1.54,1.578,1.608,1.699
434.0,446.0,2.459,-2.434,1.138,-3.275,0.108,0.188,0.265,0.339,0.41,0.478,0.543,0.606,0.666,0.723,0.779,0.832,1.109,1.327,1.5,1.637,1.837,1.968,2.058,2.122,2.168,2.203,2.23,2.308
435.0,446.0,2.933,-3.104,0.304,-3.275,-0.091,-0.014,0.061,0.133,0.203,0.27,0.336,0.399,0.46,0.519,0.576,0.631,0.927,1.171,1.374,1.543,1.805,1.995,2.136,2.243,2.326,2.392,2.445,2.607
436.0,446.0,2.698,-2.873,0.426,-3.275,-0.098,-0.023,0.049,0.118,0.186,0.25,0.313,0.374,0.432,0.488,0.543,0.596,0.877,1.107,1.297,1.454,1.696,1.869,1.996,2.092,2.166,2.224,2.271,2.413
437.0,446.0,2.621,-2.859,0.266,-3.275,-0.164,-0.093,-0.024,0.042,0.106,0.168,0.228,0.286,0.342,0.396,0.448,0.499,0.771,0.995,1.181,1.337,1.579,1.754,1.884,1.983,2.06,2.121,2.17,2.32
438.0,446.0,2.337,-2.459,0.629,-3.275,-0.049,0.02,0.087,0.152,0.214,0.274,0.332,0.388,0.441,0.493,0.542,0.59,0.844,1.049,1.216,1.352,1.557,1.7,1.802,1.878,1.936,1.981,2.017,2.124
439.0,446.0,1.928,-2.058,0.786,-3.275,-0.063,0.001,0.062,0.121,0.178,0.233,0.285,0.335,0.384,0.43,0.475,0.518,0.743,0.922,1.066,1.181,1.351,1.465,1.545,1.603,1.646,1.679,1.704,1.78
440.0,446.0,1.996,-2.143,0.489,-3.275,-0.085,-0.026,0.031,0.087,0.14,0.191,0.24,0.288,0.334,0.378,0.421,0.462,0.68,0.857,1.001,1.119,1.299,1.424,1.515,1.583,1.634,1.674,1.707,1.803
441.0,446.0,2.254,-2.431,-0.019,-3.275,-0.121,-0.066,-0.012,0.039,0.089,0.138,0.185,0.231,0.275,0.318,0.36,0.4,0.619,0.802,0.957,1.088,1.296,1.449,1.566,1.655,1.726,1.782,1.828,1.969
442.0,446.0,2.214,-2.322,0.293,-3.275,-0.047,0.013,0.07,0.125,0.179,0.23,0.28,0.328,0.375,0.42,0.463,0.505,0.73,0.914,1.067,1.194,1.39,1.53,1.634,1.713,1.773,1.821,1.86,1.978
443.0,446.0,1.938,-2.015,0.568,-3.275,-0.016,0.042,0.098,0.152,0.204,0.254,0.302,0.348,0.393,0.436,0.477,0.517,0.728,0.897,1.035,1.146,1.314,1.43,1.513,1.574,1.62,1.656,1.685,1.77
444.0,446.0,1.901,-1.934,0.672,-3.275,0.028,0.087,0.143,0.197,0.249,0.299,0.348,0.394,0.438,0.481,0.523,0.562,0.771,0.937,1.071,1.179,1.339,1.448,1.525,1.581,1.622,1.654,1.68,1.754
445.0,446.0,1.941,-1.862,1.511,-3.275,0.158,0.234,0.305,0.374,0.44,0.502,0.562,0.619,0.674,0.726,0.776,0.823,1.067,1.253,1.395,1.504,1.652,1.74,1.794,1.828,1.85,1.865,1.876,1.9
435.0,447.0,2.991,-3.114,0.407,-3.275,-0.041,0.039,0.116,0.191,0.263,0.332,0.399,0.464,0.527,0.587,0.645,0.702,1.004,1.252,1.457,1.627,1.89,2.078,2.217,2.322,2.403,2.467,2.519,2.676
436.0,447.0,2.752,-2.881,0.555,-3.275,-0.049,0.029,0.104,0.176,0.246,0.313,0.378,0.44,0.501,0.559,0.615,0.669,0.958,1.192,1.385,1.543,1.785,1.956,2.08,2.173,2.245,2.301,2.346,2.482
437.0,447.0,2.67,-2.868,0.427,-3.275,-0.121,-0.046,0.026,0.096,0.163,0.228,0.29,0.35,0.409,0.465,0.52,0.572,0.853,1.083,1.272,1.43,1.671,1.844,1.97,2.066,2.139,2.198,2.245,2.386
438.0,447.0,2.384,-2.463,0.802,-3.275,-0.003,0.071,0.141,0.209,0.275,0.338,0.398,0.456,0.512,0.566,0.618,0.668,0.931,1.141,1.311,1.448,1.652,1.792,1.891,1.963,2.017,2.059,2.092,2.19
439.0,447.0,1.966,-2.059,1.012,-3.275,-0.021,0.048,0.114,0.177,0.238,0.297,0.352,0.406,0.457,0.507,0.554,0.6,0.836,1.022,1.169,1.286,1.454,1.565,1.64,1.692,1.73,1.759,1.781,1.845
440.0,447.0,2.027,-2.148,0.745,-3.275,-0.053,0.013,0.075,0.135,0.193,0.249,0.302,0.354,0.403,0.451,0.496,0.54,0.772,0.957,1.105,1.225,1.403,1.524,1.609,1.671,1.717,1.753,1.781,1.864
441.0,447.0,2.279,-2.443,0.261,-3.275,-0.1,-0.039,0.02,0.078,0.133,0.186,0.238,0.288,0.336,0.383,0.428,0.472,0.706,0.898,1.058,1.192,1.398,1.547,1.657,1.741,1.806,1.857,1.899,2.025
442.0,447.0,2.245,-2.33,0.541,-3.275,-0.017,0.048,0.11,0.17,0.228,0.284,0.338,0.39,0.44,0.488,0.535,0.579,0.817,1.01,1.167,1.295,1.49,1.626,1.725,1.798,1.854,1.898,1.933,2.037
443.0,447.0,1.968,-2.019,0.83,-3.275,0.016,0.08,0.141,0.201,0.257,0.312,0.364,0.414,0.462,0.509,0.553,0.596,0.82,0.998,1.139,1.253,1.419,1.53,1.607,1.662,1.703,1.734,1.759,1.83
444.0,447.0,1.932,-1.937,0.929,-3.275,0.062,0.126,0.188,0.247,0.304,0.358,0.41,0.461,0.509,0.555,0.599,0.642,0.863,1.038,1.175,1.285,1.444,1.548,1.619,1.669,1.705,1.733,1.754,1.815
445.0,447.0,1.997,-1.856,1.647,-3.275,0.223,0.301,0.375,0.446,0.514,0.579,0.641,0.7,0.756,0.81,0.861,0.91,1.16,1.35,1.494,1.603,1.749,1.835,1.885,1.916,1.935,1.947,1.955,1.972
446.0,447.0,1.76,-1.543,2.441,-3.275,0.309,0.398,0.481,0.561,0.636,0.708,0.776,0.841,0.902,0.96,1.016,1.068,1.33,1.519,1.655,1.752,1.866,1.917,1.934,1.935,1.929,1.919,1.908,1.864
436.0,448.0,2.81,-2.888,0.659,-3.275,0.006,0.086,0.163,0.238,0.309,0.378,0.445,0.509,0.571,0.631,0.688,0.744,1.038,1.276,1.47,1.63,1.871,2.041,2.163,2.254,2.323,2.378,2.421,2.552
437.0,448.0,2.724,-2.876,0.559,-3.275,-0.071,0.007,0.082,0.154,0.223,0.291,0.355,0.418,0.478,0.536,0.592,0.646,0.935,1.169,1.361,1.519,1.76,1.931,2.055,2.148,2.219,2.275,2.32,2.455
438.0,448.0,2.436,-2.466,0.944,-3.275,0.05,0.127,0.201,0.271,0.339,0.405,0.467,0.528,0.586,0.641,0.695,0.746,1.017,1.231,1.403,1.541,1.745,1.882,1.978,2.047,2.098,2.138,2.169,2.259
439.0,448.0,2.012,-2.058,1.2,-3.275,0.03,0.103,0.173,0.24,0.304,0.365,0.424,0.48,0.534,0.586,0.636,0.683,0.929,1.121,1.271,1.388,1.555,1.662,1.733,1.781,1.815,1.84,1.859,1.912
440.0,448.0,2.067,-2.15,0.959,-3.275,-0.01,0.06,0.127,0.191,0.253,0.312,0.369,0.424,0.476,0.526,0.575,0.621,0.863,1.055,1.207,1.328,1.504,1.622,1.702,1.759,1.801,1.833,1.857,1.929
441.0,448.0,2.313,-2.451,0.496,-3.275,-0.069,-0.002,0.062,0.124,0.184,0.241,0.297,0.35,0.402,0.452,0.5,0.546,0.793,0.993,1.157,1.292,1.497,1.642,1.748,1.826,1.887,1.934,1.972,2.086
442.0,448.0,2.285,-2.335,0.748,-3.275,0.022,0.092,0.158,0.223,0.284,0.344,0.401,0.456,0.509,0.56,0.609,0.656,0.905,1.104,1.264,1.394,1.588,1.721,1.815,1.883,1.935,1.975,2.007,2.1
443.0,448.0,2.007,-2.02,1.05,-3.275,0.058,0.127,0.193,0.256,0.317,0.375,0.431,0.484,0.535,0.585,0.632,0.677,0.912,1.096,1.241,1.356,1.521,1.628,1.7,1.75,1.787,1.814,1.835,1.894
444.0,448.0,1.971,-1.937,1.146,-3.275,0.106,0.175,0.241,0.304,0.365,0.423,0.478,0.532,0.583,0.632,0.678,0.723,0.956,1.137,1.278,1.389,1.545,1.646,1.712,1.757,1.789,1.812,1.83,1.879
445.0,448.0,2.056,-1.848,1.757,-3.275,0.292,0.372,0.449,0.522,0.592,0.658,0.722,0.782,0.84,0.895,0.947,0.997,1.252,1.445,1.589,1.699,1.844,1.927,1.974,2.002,2.019,2.029,2.035,2.045
446.0,448.0,1.834,-1.526,2.485,-3.275,0.402,0.49,0.575,0.655,0.731,0.803,0.871,0.936,0.998,1.056,1.112,1.164,1.427,1.616,1.752,1.848,1.96,2.009,2.025,2.024,2.016,2.005,1.993,1.945
447.0,448.0,1.786,-1.437,5.089,-3.275,0.501,0.644,0.78,0.907,1.028,1.142,1.249,1.35,1.445,1.535,1.619,1.698,2.083,2.343,2.513,2.618,2.704,2.698,2.65,2.587,2.522,2.46,2.404,2.209
437.0,449.0,2.783,-2.882,0.666,-3.275,-0.016,0.064,0.141,0.215,0.287,0.356,0.423,0.487,0.549,0.608,0.666,0.721,1.015,1.253,1.447,1.607,1.847,2.016,2.138,2.229,2.298,2.352,2.396,2.525
438.0,449.0,2.493,-2.467,1.059,-3.275,0.109,0.188,0.264,0.337,0.407,0.474,0.539,0.601,0.66,0.718,0.773,0.825,1.102,1.32,1.494,1.633,1.835,1.971,2.064,2.13,2.179,2.216,2.245,2.33
439.0,449.0,2.064,-2.056,1.356,-3.275,0.088,0.164,0.237,0.307,0.374,0.438,0.499,0.558,0.614,0.667,0.719,0.768,1.022,1.218,1.37,1.488,1.653,1.757,1.824,1.869,1.899,1.922,1.938,1.982
440.0,449.0,2.115,-2.15,1.137,-3.275,0.041,0.115,0.186,0.253,0.318,0.381,0.44,0.497,0.552,0.605,0.655,0.703,0.955,1.151,1.306,1.428,1.603,1.717,1.793,1.847,1.885,1.913,1.935,1.997
441.0,449.0,2.356,-2.457,0.691,-3.275,-0.028,0.043,0.112,0.177,0.241,0.302,0.36,0.417,0.471,0.524,0.574,0.623,0.879,1.086,1.253,1.39,1.594,1.736,1.837,1.911,1.968,2.012,2.047,2.15
442.0,449.0,2.331,-2.338,0.92,-3.275,0.07,0.143,0.213,0.281,0.346,0.408,0.468,0.525,0.581,0.634,0.685,0.734,0.992,1.196,1.359,1.49,1.683,1.813,1.903,1.968,2.016,2.053,2.082,2.166
443.0,449.0,2.052,-2.019,1.233,-3.275,0.109,0.182,0.252,0.318,0.382,0.443,0.502,0.558,0.612,0.663,0.712,0.76,1.004,1.193,1.341,1.457,1.62,1.724,1.792,1.838,1.87,1.894,1.912,1.961
444.0,449.0,2.017,-1.935,1.326,-3.275,0.158,0.231,0.301,0.367,0.431,0.492,0.551,0.606,0.66,0.711,0.76,0.806,1.048,1.234,1.378,1.489,1.645,1.741,1.803,1.844,1.872,1.892,1.907,1.946
445.0,449.0,2.119,-1.84,1.847,-3.275,0.365,0.447,0.526,0.6,0.671,0.739,0.804,0.865,0.924,0.98,1.033,1.084,1.343,1.537,1.683,1.792,1.936,2.016,2.062,2.087,2.102,2.11,2.114,2.119
446.0,449.0,1.91,-1.509,2.518,-3.275,0.494,0.584,0.668,0.748,0.825,0.897,0.966,1.031,1.092,1.151,1.206,1.259,1.522,1.711,1.846,1.941,2.051,2.099,2.113,2.111,2.102,2.09,2.077,2.027
447.0,449.0,1.943,-1.391,4.744,-3.275,0.694,0.829,0.956,1.077,1.19,1.297,1.398,1.493,1.583,1.667,1.747,1.822,2.185,2.431,2.593,2.694,2.778,2.776,2.733,2.677,2.617,2.561,2.51,2.331
448.0,449.0,2.476,-1.816,4.777,-3.275,0.813,0.958,1.095,1.225,1.348,1.464,1.574,1.678,1.775,1.868,1.955,2.038,2.441,2.721,2.91,3.034,3.154,3.178,3.155,3.113,3.065,3.018,2.974,2.819
438.0,450.0,2.554,-2.468,1.152,-3.275,0.171,0.253,0.331,0.406,0.477,0.546,0.612,0.676,0.736,0.795,0.851,0.905,1.185,1.407,1.582,1.721,1.923,2.057,2.148,2.212,2.259,2.295,2.322,2.401
439.0,450.0,2.121,-2.052,1.484,-3.275,0.152,0.231,0.306,0.379,0.448,0.514,0.577,0.637,0.695,0.75,0.803,0.853,1.113,1.313,1.466,1.585,1.749,1.85,1.914,1.955,1.983,2.003,2.018,2.055
440.0,450.0,2.167,-2.148,1.284,-3.275,0.099,0.176,0.25,0.32,0.388,0.452,0.514,0.573,0.63,0.685,0.737,0.787,1.045,1.246,1.403,1.526,1.7,1.811,1.884,1.933,1.968,1.994,2.013,2.067
441.0,450.0,2.404,-2.461,0.853,-3.275,0.021,0.096,0.167,0.236,0.303,0.366,0.428,0.486,0.543,0.598,0.65,0.7,0.966,1.177,1.347,1.485,1.689,1.827,1.925,1.996,2.049,2.09,2.122,2.217
442.0,450.0,2.383,-2.339,1.062,-3.275,0.124,0.2,0.273,0.344,0.411,0.476,0.538,0.598,0.655,0.71,0.763,0.813,1.078,1.287,1.452,1.584,1.776,1.903,1.99,2.052,2.097,2.131,2.158,2.235
443.0,450.0,2.104,-2.016,1.384,-3.275,0.167,0.243,0.316,0.385,0.452,0.516,0.576,0.635,0.69,0.744,0.794,0.843,1.095,1.289,1.439,1.555,1.717,1.818,1.882,1.924,1.954,1.974,1.99,2.03
444.0,450.0,2.069,-1.931,1.475,-3.275,0.217,0.293,0.366,0.435,0.502,0.565,0.626,0.684,0.739,0.792,0.842,0.891,1.139,1.329,1.475,1.587,1.741,1.835,1.893,1.931,1.955,1.972,1.985,2.015
445.0,450.0,2.184,-1.83,1.918,-3.275,0.441,0.525,0.604,0.68,0.752,0.821,0.886,0.949,1.008,1.065,1.119,1.171,1.432,1.628,1.774,1.883,2.026,2.104,2.148,2.171,2.184,2.19,2.193,2.194
446.0,450.0,1.986,-1.492,2.54,-3.275,0.588,0.677,0.762,0.842,0.918,0.99,1.059,1.124,1.186,1.244,1.3,1.352,1.615,1.803,1.937,2.032,2.141,2.186,2.199,2.196,2.186,2.173,2.16,2.107
447.0,450.0,2.086,-1.35,4.441,-3.275,0.872,0.999,1.119,1.233,1.34,1.441,1.536,1.626,1.711,1.791,1.866,1.937,2.282,2.516,2.67,2.767,2.85,2.851,2.813,2.762,2.708,2.656,2.609,2.445
448.0,450.0,2.635,-1.776,4.378,-3.275,1.002,1.138,1.266,1.387,1.502,1.611,1.714,1.811,1.903,1.989,2.071,2.149,2.529,2.793,2.974,3.094,3.213,3.242,3.227,3.192,3.151,3.111,3.073,2.936
449.0,450.0,2.591,-1.651,3.511,-3.275,1.06,1.174,1.282,1.384,1.481,1.573,1.66,1.742,1.82,1.893,1.963,2.029,2.354,2.583,2.743,2.851,2.966,3.003,3.002,2.982,2.956,2.929,2.903,2.806
439.0,451.0,2.182,-2.046,1.589,-3.275,0.22,0.302,0.379,0.453,0.524,0.592,0.656,0.718,0.777,0.833,0.887,0.939,1.203,1.405,1.56,1.679,1.842,1.941,2.002,2.041,2.067,2.084,2.097,2.128
440.0,451.0,2.225,-2.145,1.405,-3.275,0.163,0.242,0.318,0.391,0.46,0.527,0.591,0.652,0.71,0.766,0.819,0.87,1.135,1.339,1.497,1.621,1.794,1.902,1.972,2.019,2.051,2.074,2.092,2.139
441.0,451.0,2.458,-2.463,0.986,-3.275,0.076,0.154,0.228,0.3,0.368,0.434,0.498,0.558,0.617,0.673,0.727,0.779,1.051,1.267,1.439,1.578,1.78,1.917,2.012,2.08,2.13,2.168,2.199,2.287
442.0,451.0,2.44,-2.339,1.177,-3.275,0.183,0.262,0.338,0.41,0.48,0.546,0.61,0.672,0.73,0.787,0.841,0.893,1.163,1.375,1.543,1.675,1.866,1.991,2.076,2.135,2.178,2.21,2.235,2.305
443.0,451.0,2.16,-2.012,1.509,-3.275,0.231,0.309,0.384,0.456,0.525,0.59,0.653,0.713,0.77,0.825,0.877,0.927,1.185,1.382,1.534,1.651,1.811,1.909,1.971,2.01,2.036,2.055,2.068,2.101
444.0,451.0,2.125,-1.926,1.597,-3.275,0.282,0.36,0.435,0.507,0.575,0.641,0.703,0.763,0.82,0.874,0.926,0.975,1.23,1.423,1.57,1.683,1.836,1.927,1.982,2.016,2.038,2.053,2.063,2.087
445.0,451.0,2.251,-1.821,1.974,-3.275,0.52,0.604,0.684,0.761,0.834,0.903,0.97,1.033,1.093,1.15,1.204,1.256,1.52,1.717,1.863,1.972,2.113,2.19,2.232,2.254,2.265,2.27,2.272,2.269
446.0,451.0,2.062,-1.475,2.554,-3.275,0.681,0.77,0.854,0.935,1.011,1.083,1.152,1.217,1.278,1.337,1.392,1.444,1.706,1.893,2.027,2.12,2.228,2.272,2.284,2.28,2.269,2.255,2.241,2.187
447.0,451.0,2.219,-1.312,4.174,-3.275,1.035,1.155,1.269,1.377,1.479,1.575,1.665,1.75,1.831,1.907,1.978,2.046,2.374,2.597,2.745,2.838,2.92,2.923,2.89,2.844,2.794,2.746,2.703,2.551
448.0,451.0,2.78,-1.741,4.03,-3.275,1.173,1.3,1.421,1.535,1.643,1.745,1.842,1.933,2.019,2.101,2.178,2.251,2.611,2.862,3.035,3.151,3.271,3.304,3.294,3.267,3.232,3.197,3.164,3.045
449.0,451.0,2.704,-1.625,3.31,-3.275,1.194,1.302,1.406,1.504,1.596,1.684,1.767,1.846,1.921,1.991,2.058,2.121,2.434,2.655,2.81,2.916,3.03,3.07,3.071,3.056,3.033,3.009,2.985,2.899
450.0,451.0,2.465,-0.762,3.908,-3.275,1.812,1.914,2.01,2.101,2.186,2.267,2.343,2.414,2.481,2.543,2.602,2.658,2.922,3.096,3.205,3.267,3.304,3.278,3.225,3.164,3.104,3.048,2.999,2.83
440.0,452.0,2.286,-2.141,1.502,-3.275,0.23,0.312,0.39,0.464,0.535,0.604,0.669,0.731,0.79,0.847,0.902,0.954,1.223,1.43,1.589,1.713,1.885,1.991,2.059,2.103,2.133,2.155,2.171,2.212
441.0,452.0,2.517,-2.464,1.093,-3.275,0.136,0.216,0.293,0.366,0.437,0.505,0.57,0.632,0.692,0.75,0.805,0.858,1.136,1.355,1.529,1.668,1.87,2.004,2.097,2.162,2.21,2.247,2.275,2.358
442.0,452.0,2.501,-2.338,1.27,-3.275,0.247,0.328,0.405,0.479,0.551,0.619,0.684,0.747,0.807,0.864,0.92,0.972,1.248,1.462,1.631,1.764,1.954,2.078,2.16,2.217,2.258,2.288,2.311,2.376
443.0,452.0,2.22,-2.006,1.61,-3.275,0.299,0.379,0.456,0.53,0.6,0.667,0.732,0.793,0.851,0.907,0.961,1.012,1.274,1.474,1.627,1.744,1.903,1.999,2.058,2.095,2.119,2.135,2.146,2.174
444.0,452.0,2.185,-1.919,1.697,-3.275,0.351,0.431,0.508,0.582,0.652,0.718,0.782,0.843,0.901,0.957,1.01,1.06,1.319,1.515,1.663,1.776,1.927,2.016,2.069,2.1,2.12,2.133,2.141,2.159
445.0,452.0,2.32,-1.81,2.016,-3.275,0.599,0.684,0.765,0.843,0.916,0.986,1.053,1.116,1.177,1.234,1.289,1.341,1.606,1.803,1.95,2.058,2.198,2.274,2.314,2.334,2.344,2.348,2.35,2.344
446.0,452.0,2.138,-1.458,2.561,-3.275,0.774,0.862,0.947,1.027,1.103,1.175,1.243,1.308,1.369,1.427,1.482,1.535,1.795,1.981,2.114,2.206,2.312,2.355,2.366,2.361,2.35,2.336,2.321,2.265
447.0,452.0,2.342,-1.278,3.94,-3.275,1.185,1.3,1.409,1.511,1.608,1.699,1.785,1.867,1.943,2.016,2.084,2.148,2.461,2.675,2.817,2.908,2.988,2.994,2.964,2.922,2.876,2.832,2.792,2.65
448.0,452.0,2.912,-1.71,3.724,-3.275,1.329,1.448,1.562,1.67,1.772,1.868,1.959,2.046,2.127,2.205,2.278,2.347,2.688,2.928,3.095,3.207,3.326,3.363,3.359,3.338,3.309,3.279,3.25,3.146
449.0,452.0,2.809,-1.602,3.131,-3.275,1.317,1.422,1.521,1.615,1.704,1.788,1.868,1.944,2.016,2.084,2.148,2.209,2.51,2.725,2.875,2.979,3.093,3.134,3.139,3.126,3.107,3.085,3.064,2.986
450.0,452.0,2.561,-0.732,3.747,-3.275,1.933,2.031,2.123,2.21,2.292,2.37,2.442,2.51,2.575,2.635,2.691,2.744,2.998,3.165,3.269,3.329,3.365,3.339,3.289,3.23,3.173,3.12,3.072,2.91
451.0,452.0,2.177,0.198,2.431,-3.275,2.426,2.474,2.52,2.562,2.601,2.637,2.671,2.703,2.732,2.759,2.784,2.808,2.912,2.969,2.994,2.996,2.962,2.903,2.838,2.776,2.719,2.669,2.626,2.482
441.0,453.0,2.579,-2.465,1.179,-3.275,0.2,0.282,0.36,0.435,0.507,0.577,0.643,0.707,0.768,0.827,0.883,0.937,1.219,1.441,1.616,1.755,1.957,2.09,2.18,2.244,2.29,2.325,2.352,2.43
442.0,453.0,2.564,-2.337,1.344,-3.275,0.314,0.396,0.475,0.551,0.623,0.693,0.759,0.823,0.884,0.942,0.998,1.052,1.331,1.547,1.717,1.851,2.04,2.162,2.242,2.297,2.337,2.365,2.387,2.449
443.0,453.0,2.284,-2.0,1.691,-3.275,0.37,0.452,0.531,0.606,0.678,0.746,0.811,0.874,0.933,0.99,1.044,1.096,1.362,1.563,1.717,1.834,1.992,2.086,2.143,2.178,2.2,2.215,2.225,2.248
444.0,453.0,2.248,-1.912,1.777,-3.275,0.423,0.505,0.583,0.658,0.73,0.798,0.863,0.924,0.984,1.04,1.094,1.145,1.407,1.605,1.754,1.867,2.017,2.103,2.154,2.184,2.201,2.212,2.219,2.232
445.0,453.0,2.39,-1.8,2.047,-3.275,0.68,0.765,0.847,0.924,0.998,1.069,1.136,1.199,1.26,1.318,1.373,1.425,1.69,1.888,2.034,2.142,2.281,2.355,2.394,2.414,2.423,2.426,2.426,2.418
446.0,453.0,2.213,-1.441,2.562,-3.275,0.866,0.954,1.038,1.118,1.193,1.265,1.333,1.397,1.458,1.516,1.571,1.623,1.882,2.067,2.198,2.29,2.395,2.436,2.447,2.441,2.429,2.414,2.4,2.343
447.0,453.0,2.456,-1.247,3.734,-3.275,1.325,1.435,1.538,1.636,1.728,1.816,1.898,1.976,2.049,2.118,2.184,2.245,2.545,2.75,2.887,2.975,3.054,3.062,3.036,2.997,2.954,2.913,2.876,2.744
448.0,453.0,3.034,-1.683,3.455,-3.275,1.47,1.584,1.691,1.793,1.89,1.981,2.068,2.15,2.227,2.301,2.37,2.436,2.761,2.992,3.152,3.262,3.38,3.42,3.422,3.405,3.381,3.355,3.331,3.239
449.0,453.0,2.908,-1.581,2.971,-3.275,1.433,1.533,1.629,1.719,1.805,1.886,1.963,2.036,2.105,2.171,2.233,2.292,2.584,2.792,2.938,3.04,3.153,3.196,3.203,3.194,3.177,3.158,3.139,3.068
450.0,453.0,2.65,-0.704,3.605,-3.275,2.046,2.141,2.23,2.313,2.392,2.466,2.536,2.602,2.664,2.721,2.776,2.827,3.071,3.232,3.332,3.39,3.424,3.399,3.35,3.294,3.239,3.188,3.142,2.986
451.0,453.0,2.192,0.212,2.615,-3.275,2.46,2.512,2.561,2.606,2.648,2.687,2.724,2.758,2.789,2.818,2.845,2.87,2.982,3.044,3.071,3.073,3.036,2.973,2.903,2.836,2.775,2.721,2.675,2.52
452.0,453.0,2.601,0.064,3.385,-3.275,2.742,2.814,2.881,2.944,3.004,3.059,3.11,3.158,3.203,3.244,3.283,3.318,3.482,3.578,3.626,3.641,3.611,3.543,3.462,3.383,3.31,3.246,3.189,3.001
442.0,454.0,2.63,-2.334,1.401,-3.275,0.383,0.467,0.547,0.624,0.697,0.767,0.835,0.899,0.961,1.02,1.077,1.131,1.412,1.631,1.801,1.935,2.123,2.244,2.323,2.377,2.415,2.442,2.463,2.521
443.0,454.0,2.349,-1.993,1.755,-3.275,0.444,0.528,0.607,0.683,0.756,0.825,0.892,0.955,1.015,1.072,1.127,1.18,1.448,1.651,1.805,1.922,2.08,2.172,2.226,2.26,2.28,2.294,2.302,2.321
444.0,454.0,2.314,-1.904,1.84,-3.275,0.498,0.581,0.661,0.736,0.809,0.878,0.943,1.006,1.066,1.123,1.177,1.229,1.493,1.692,1.842,1.955,2.104,2.189,2.237,2.265,2.282,2.291,2.297,2.306
445.0,454.0,2.461,-1.789,2.068,-3.275,0.761,0.847,0.929,1.006,1.08,1.151,1.218,1.282,1.342,1.4,1.455,1.508,1.773,1.97,2.116,2.224,2.362,2.435,2.473,2.492,2.5,2.502,2.502,2.493
446.0,454.0,2.288,-1.425,2.558,-3.275,0.957,1.045,1.128,1.207,1.283,1.354,1.421,1.485,1.546,1.604,1.658,1.71,1.967,2.151,2.281,2.372,2.475,2.516,2.525,2.519,2.507,2.492,2.477,2.419
447.0,454.0,2.562,-1.218,3.551,-3.275,1.455,1.56,1.659,1.753,1.841,1.925,2.004,2.079,2.149,2.215,2.278,2.337,2.625,2.823,2.955,3.04,3.119,3.128,3.105,3.069,3.029,2.991,2.956,2.832
448.0,454.0,3.146,-1.66,3.219,-3.275,1.6,1.708,1.81,1.907,1.998,2.085,2.168,2.246,2.32,2.39,2.456,2.519,2.831,3.052,3.207,3.314,3.433,3.476,3.481,3.469,3.449,3.428,3.406,3.326
449.0,454.0,3.0,-1.562,2.829,-3.275,1.54,1.638,1.73,1.817,1.9,1.978,2.053,2.124,2.19,2.254,2.314,2.371,2.654,2.856,2.999,3.099,3.212,3.256,3.266,3.259,3.245,3.228,3.211,3.147
450.0,454.0,2.734,-0.678,3.479,-3.275,2.153,2.244,2.329,2.41,2.486,2.558,2.625,2.689,2.748,2.804,2.856,2.906,3.141,3.296,3.393,3.448,3.481,3.457,3.41,3.356,3.302,3.253,3.209,3.058
451.0,454.0,2.213,0.229,2.771,-3.275,2.501,2.556,2.607,2.655,2.7,2.741,2.78,2.816,2.849,2.88,2.908,2.935,3.053,3.118,3.146,3.149,3.109,3.042,2.968,2.896,2.832,2.775,2.725,2.561
452.0,454.0,2.652,0.087,3.374,-3.275,2.815,2.887,2.953,3.016,3.074,3.129,3.179,3.227,3.271,3.312,3.35,3.385,3.546,3.64,3.686,3.7,3.668,3.598,3.517,3.437,3.364,3.299,3.242,3.053
453.0,454.0,2.983,0.169,4.596,-3.275,3.254,3.35,3.44,3.524,3.602,3.676,3.744,3.807,3.867,3.921,3.972,4.02,4.235,4.359,4.418,4.434,4.387,4.289,4.176,4.065,3.964,3.874,3.796,3.536
443.0,455.0,2.417,-1.985,1.804,-3.275,0.52,0.604,0.685,0.762,0.835,0.905,0.972,1.036,1.097,1.155,1.21,1.263,1.533,1.737,1.891,2.008,2.164,2.255,2.308,2.34,2.36,2.372,2.38,2.396
444.0,455.0,2.381,-1.895,1.889,-3.275,0.574,0.659,0.739,0.816,0.889,0.958,1.024,1.088,1.148,1.205,1.26,1.312,1.578,1.778,1.928,2.041,2.189,2.272,2.319,2.346,2.361,2.369,2.374,2.38
445.0,455.0,2.531,-1.779,2.081,-3.275,0.842,0.928,1.01,1.088,1.162,1.232,1.299,1.363,1.424,1.482,1.537,1.589,1.854,2.051,2.196,2.304,2.44,2.513,2.55,2.568,2.575,2.578,2.577,2.566
446.0,455.0,2.363,-1.408,2.549,-3.275,1.047,1.134,1.217,1.296,1.37,1.441,1.508,1.572,1.632,1.689,1.744,1.795,2.05,2.232,2.361,2.451,2.553,2.593,2.602,2.596,2.583,2.568,2.553,2.495
447.0,455.0,2.662,-1.192,3.39,-3.275,1.576,1.677,1.772,1.862,1.948,2.028,2.104,2.176,2.243,2.307,2.368,2.424,2.702,2.893,3.021,3.104,3.181,3.192,3.171,3.138,3.101,3.065,3.032,2.916
448.0,455.0,3.249,-1.639,3.011,-3.275,1.719,1.821,1.919,2.011,2.099,2.182,2.261,2.336,2.406,2.473,2.537,2.597,2.896,3.11,3.261,3.365,3.484,3.529,3.539,3.53,3.515,3.496,3.478,3.408
449.0,455.0,3.088,-1.545,2.702,-3.275,1.642,1.736,1.825,1.909,1.989,2.066,2.138,2.206,2.271,2.333,2.391,2.446,2.721,2.919,3.059,3.157,3.269,3.315,3.327,3.322,3.31,3.295,3.28,3.222
450.0,455.0,2.813,-0.653,3.368,-3.275,2.253,2.341,2.424,2.502,2.575,2.645,2.71,2.771,2.829,2.883,2.933,2.981,3.209,3.358,3.452,3.505,3.537,3.514,3.468,3.415,3.364,3.316,3.273,3.127
451.0,455.0,2.239,0.247,2.903,-3.275,2.547,2.604,2.658,2.708,2.755,2.798,2.838,2.876,2.911,2.943,2.973,3.0,3.123,3.191,3.22,3.222,3.18,3.109,3.031,2.956,2.888,2.828,2.776,2.604
452.0,455.0,2.701,0.111,3.362,-3.275,2.887,2.958,3.024,3.086,3.143,3.197,3.247,3.294,3.337,3.378,3.415,3.45,3.608,3.7,3.745,3.757,3.723,3.652,3.57,3.49,3.416,3.351,3.294,3.104
453.0,455.0,3.069,0.204,4.379,-3.275,3.37,3.461,3.545,3.624,3.698,3.767,3.831,3.891,3.946,3.998,4.046,4.09,4.291,4.406,4.46,4.473,4.424,4.328,4.218,4.111,4.013,3.927,3.851,3.601
454.0,455.0,3.413,0.52,2.986,-3.275,3.99,4.043,4.092,4.138,4.18,4.219,4.256,4.289,4.32,4.349,4.375,4.398,4.501,4.551,4.563,4.552,4.486,4.396,4.303,4.216,4.139,4.071,4.012,3.82
444.0,456.0,2.45,-1.886,1.925,-3.275,0.652,0.737,0.818,0.895,0.969,1.039,1.105,1.169,1.23,1.287,1.342,1.395,1.662,1.862,2.012,2.124,2.271,2.353,2.399,2.425,2.439,2.446,2.45,2.454
445.0,456.0,2.602,-1.769,2.086,-3.275,0.924,1.009,1.091,1.168,1.242,1.313,1.379,1.443,1.504,1.562,1.617,1.669,1.933,2.129,2.274,2.381,2.517,2.588,2.625,2.642,2.65,2.651,2.651,2.639
446.0,456.0,2.436,-1.392,2.536,-3.275,1.135,1.222,1.305,1.383,1.457,1.527,1.594,1.657,1.717,1.773,1.827,1.878,2.131,2.312,2.44,2.528,2.629,2.668,2.677,2.67,2.657,2.642,2.627,2.568
447.0,456.0,2.755,-1.168,3.246,-3.275,1.689,1.787,1.879,1.965,2.047,2.125,2.198,2.268,2.333,2.394,2.453,2.507,2.776,2.961,3.085,3.166,3.242,3.254,3.235,3.204,3.17,3.136,3.105,2.996
448.0,456.0,3.345,-1.621,2.826,-3.275,1.828,1.926,2.02,2.108,2.192,2.272,2.347,2.419,2.487,2.552,2.613,2.67,2.959,3.165,3.312,3.415,3.533,3.581,3.594,3.589,3.577,3.561,3.546,3.485
449.0,456.0,3.171,-1.53,2.588,-3.275,1.737,1.828,1.914,1.996,2.074,2.148,2.218,2.285,2.348,2.408,2.464,2.518,2.786,2.979,3.116,3.213,3.325,3.372,3.386,3.383,3.373,3.36,3.346,3.293
450.0,456.0,2.887,-0.63,3.268,-3.275,2.347,2.433,2.513,2.589,2.66,2.727,2.79,2.85,2.905,2.958,3.007,3.053,3.274,3.419,3.509,3.561,3.591,3.569,3.524,3.473,3.422,3.376,3.334,3.193
451.0,456.0,2.268,0.266,3.015,-3.275,2.597,2.657,2.712,2.764,2.812,2.857,2.899,2.938,2.974,3.007,3.038,3.066,3.193,3.262,3.292,3.294,3.249,3.175,3.094,3.015,2.944,2.882,2.828,2.648
452.0,456.0,2.75,0.134,3.35,-3.275,2.958,3.028,3.093,3.154,3.211,3.264,3.313,3.36,3.402,3.442,3.479,3.513,3.669,3.759,3.802,3.813,3.777,3.705,3.622,3.541,3.467,3.401,3.344,3.154
453.0,456.0,3.147,0.237,4.191,-3.275,3.476,3.561,3.642,3.716,3.786,3.851,3.912,3.968,4.021,4.069,4.114,4.156,4.344,4.451,4.5,4.51,4.46,4.365,4.258,4.154,4.059,3.976,3.903,3.661
454.0,456.0,3.435,0.536,3.008,-3.275,4.028,4.081,4.131,4.177,4.219,4.259,4.295,4.328,4.359,4.388,4.414,4.437,4.54,4.589,4.601,4.588,4.521,4.43,4.336,4.247,4.169,4.1,4.041,3.846
455.0,456.0,2.886,1.427,2.222,-3.275,4.331,4.346,4.36,4.372,4.382,4.39,4.397,4.402,4.406,4.409,4.41,4.41,4.393,4.351,4.294,4.229,4.091,3.959,3.84,3.738,3.65,3.575,3.512,3.309
445.0,457.0,2.673,-1.758,2.086,-3.275,1.004,1.089,1.171,1.248,1.322,1.392,1.459,1.522,1.583,1.64,1.695,1.747,2.011,2.206,2.35,2.456,2.591,2.662,2.698,2.715,2.722,2.724,2.723,2.71
446.0,457.0,2.509,-1.377,2.521,-3.275,1.223,1.309,1.39,1.468,1.541,1.611,1.677,1.74,1.799,1.855,1.909,1.959,2.21,2.389,2.516,2.604,2.703,2.742,2.75,2.743,2.73,2.714,2.699,2.641
447.0,457.0,2.843,-1.146,3.118,-3.275,1.796,1.89,1.979,2.062,2.142,2.217,2.288,2.355,2.418,2.477,2.534,2.587,2.847,3.026,3.147,3.226,3.301,3.314,3.297,3.268,3.236,3.204,3.175,3.071
448.0,457.0,3.435,-1.605,2.663,-3.275,1.929,2.023,2.113,2.198,2.279,2.356,2.428,2.497,2.563,2.625,2.684,2.739,3.018,3.219,3.362,3.463,3.581,3.631,3.647,3.645,3.636,3.623,3.61,3.557
449.0,457.0,3.25,-1.517,2.486,-3.275,1.826,1.915,1.999,2.079,2.155,2.226,2.295,2.359,2.421,2.479,2.534,2.587,2.848,3.037,3.172,3.267,3.379,3.427,3.443,3.442,3.433,3.422,3.41,3.362
450.0,457.0,2.957,-0.609,3.179,-3.275,2.437,2.52,2.598,2.671,2.741,2.806,2.867,2.925,2.979,3.03,3.078,3.122,3.337,3.477,3.565,3.615,3.644,3.622,3.578,3.528,3.479,3.434,3.393,3.255
451.0,457.0,2.299,0.287,3.11,-3.275,2.652,2.713,2.77,2.823,2.872,2.918,2.961,3.001,3.038,3.072,3.103,3.132,3.262,3.333,3.362,3.364,3.317,3.24,3.155,3.074,3.0,2.935,2.879,2.693
452.0,457.0,2.797,0.156,3.338,-3.275,3.027,3.096,3.16,3.221,3.277,3.329,3.378,3.424,3.466,3.505,3.542,3.576,3.729,3.816,3.857,3.867,3.83,3.756,3.673,3.591,3.516,3.45,3.393,3.202
453.0,457.0,3.218,0.267,4.028,-3.275,3.573,3.654,3.73,3.801,3.867,3.929,3.987,4.04,4.09,4.136,4.178,4.217,4.395,4.495,4.54,4.547,4.495,4.402,4.297,4.195,4.103,4.022,3.951,3.716
454.0,457.0,3.458,0.552,3.027,-3.275,4.067,4.12,4.17,4.216,4.258,4.297,4.334,4.367,4.398,4.426,4.452,4.476,4.578,4.626,4.637,4.624,4.555,4.463,4.367,4.278,4.199,4.129,4.07,3.873
455.0,457.0,2.853,1.436,2.497,-3.275,4.313,4.335,4.354,4.37,4.385,4.398,4.409,4.418,4.425,4.431,4.436,4.439,4.434,4.4,4.347,4.283,4.142,4.004,3.879,3.769,3.675,3.596,3.528,3.309
456.0,457.0,3.237,1.058,2.138,-3.275,4.32,4.342,4.363,4.381,4.397,4.411,4.424,4.435,4.444,4.453,4.459,4.465,4.476,4.46,4.425,4.38,4.274,4.167,4.068,3.98,3.905,3.84,3.786,3.608
446.0,458.0,2.58,-1.362,2.503,-3.275,1.308,1.394,1.475,1.552,1.624,1.694,1.759,1.821,1.88,1.936,1.988,2.038,2.287,2.465,2.59,2.677,2.775,2.813,2.821,2.814,2.801,2.785,2.77,2.712
447.0,458.0,2.926,-1.126,3.004,-3.275,1.896,1.987,2.073,2.154,2.231,2.304,2.373,2.437,2.499,2.557,2.611,2.663,2.915,3.089,3.207,3.284,3.359,3.372,3.357,3.33,3.3,3.27,3.242,3.143
448.0,458.0,3.518,-1.592,2.518,-3.275,2.022,2.113,2.2,2.282,2.36,2.434,2.504,2.571,2.634,2.694,2.751,2.805,3.075,3.27,3.41,3.51,3.628,3.68,3.698,3.699,3.693,3.682,3.671,3.625
449.0,458.0,3.324,-1.504,2.393,-3.275,1.911,1.997,2.079,2.157,2.231,2.301,2.367,2.431,2.491,2.547,2.601,2.653,2.908,3.094,3.226,3.32,3.431,3.481,3.498,3.498,3.492,3.482,3.471,3.427
450.0,458.0,3.024,-0.588,3.099,-3.275,2.521,2.602,2.678,2.75,2.817,2.881,2.94,2.997,3.049,3.099,3.145,3.189,3.397,3.534,3.619,3.668,3.696,3.674,3.631,3.582,3.534,3.489,3.45,3.315
451.0,458.0,2.334,0.309,3.189,-3.275,2.709,2.771,2.829,2.884,2.934,2.981,3.025,3.065,3.102,3.137,3.169,3.199,3.331,3.402,3.432,3.432,3.383,3.303,3.215,3.131,3.056,2.989,2.931,2.739
452.0,458.0,2.843,0.179,3.326,-3.275,3.095,3.163,3.226,3.286,3.342,3.393,3.442,3.487,3.528,3.567,3.603,3.636,3.787,3.872,3.912,3.92,3.881,3.806,3.722,3.64,3.565,3.499,3.441,3.249
453.0,458.0,3.283,0.296,3.885,-3.275,3.662,3.739,3.812,3.879,3.943,4.001,4.056,4.107,4.154,4.198,4.238,4.275,4.443,4.537,4.577,4.583,4.529,4.437,4.334,4.235,4.145,4.065,3.996,3.768
454.0,458.0,3.48,0.569,3.042,-3.275,4.106,4.159,4.209,4.254,4.297,4.336,4.372,4.406,4.437,4.465,4.491,4.514,4.615,4.663,4.673,4.659,4.588,4.495,4.398,4.308,4.228,4.158,4.098,3.899
455.0,458.0,2.829,1.449,2.735,-3.275,4.306,4.333,4.356,4.377,4.396,4.413,4.427,4.439,4.45,4.458,4.466,4.471,4.477,4.449,4.398,4.335,4.192,4.048,3.917,3.802,3.703,3.618,3.546,3.314
456.0,458.0,3.214,1.065,2.358,-3.275,4.309,4.336,4.36,4.383,4.402,4.42,4.436,4.45,4.463,4.474,4.483,4.491,4.512,4.502,4.47,4.425,4.318,4.206,4.101,4.008,3.928,3.859,3.801,3.611
457.0,458.0,2.897,1.776,1.055,-3.275,4.655,4.638,4.62,4.602,4.584,4.566,4.548,4.529,4.511,4.493,4.475,4.456,4.349,4.245,4.148,4.058,3.899,3.767,3.659,3.569,3.496,3.435,3.385,3.225
447.0,459.0,3.004,-1.107,2.901,-3.275,1.991,2.079,2.162,2.241,2.316,2.387,2.453,2.516,2.576,2.632,2.685,2.735,2.981,3.151,3.266,3.341,3.415,3.429,3.416,3.39,3.361,3.333,3.306,3.212
448.0,459.0,3.597,-1.58,2.388,-3.275,2.109,2.197,2.281,2.36,2.435,2.507,2.575,2.639,2.701,2.759,2.814,2.866,3.129,3.32,3.457,3.555,3.673,3.727,3.748,3.751,3.747,3.739,3.73,3.69
449.0,459.0,3.396,-1.493,2.308,-3.275,1.991,2.075,2.155,2.231,2.303,2.372,2.437,2.499,2.557,2.613,2.666,2.716,2.966,3.148,3.279,3.372,3.483,3.533,3.551,3.553,3.548,3.539,3.53,3.49
450.0,459.0,3.087,-0.569,3.028,-3.275,2.602,2.681,2.755,2.825,2.891,2.952,3.011,3.065,3.117,3.165,3.21,3.253,3.456,3.589,3.672,3.719,3.746,3.724,3.682,3.634,3.587,3.543,3.505,3.372
451.0,459.0,2.37,0.331,3.256,-3.275,2.768,2.832,2.891,2.946,2.997,3.044,3.089,3.13,3.168,3.203,3.235,3.265,3.398,3.47,3.499,3.499,3.447,3.364,3.274,3.188,3.11,3.042,2.982,2.786
452.0,459.0,2.888,0.201,3.314,-3.275,3.161,3.228,3.291,3.35,3.405,3.456,3.504,3.548,3.589,3.627,3.663,3.695,3.843,3.927,3.965,3.972,3.931,3.855,3.77,3.687,3.612,3.545,3.487,3.295
453.0,459.0,3.342,0.322,3.761,-3.275,3.744,3.818,3.887,3.952,4.013,4.069,4.121,4.17,4.215,4.256,4.295,4.33,4.49,4.577,4.614,4.617,4.563,4.471,4.369,4.272,4.184,4.106,4.039,3.815
454.0,459.0,3.503,0.585,3.055,-3.275,4.145,4.198,4.247,4.293,4.335,4.374,4.411,4.444,4.474,4.503,4.528,4.552,4.652,4.698,4.708,4.693,4.621,4.526,4.428,4.337,4.256,4.186,4.125,3.925
455.0,459.0,2.811,1.464,2.941,-3.275,4.309,4.339,4.367,4.391,4.413,4.433,4.45,4.465,4.478,4.489,4.499,4.506,4.521,4.498,4.45,4.386,4.241,4.092,3.955,3.835,3.731,3.642,3.567,3.322
456.0,459.0,3.198,1.075,2.547,-3.275,4.307,4.337,4.366,4.391,4.414,4.435,4.454,4.47,4.485,4.498,4.509,4.519,4.55,4.544,4.514,4.47,4.36,4.244,4.134,4.037,3.953,3.88,3.818,3.618
457.0,459.0,2.814,1.772,1.54,-3.275,4.58,4.573,4.566,4.557,4.548,4.538,4.527,4.516,4.504,4.492,4.48,4.467,4.384,4.295,4.206,4.119,3.956,3.815,3.696,3.596,3.512,3.443,3.384,3.198
458.0,459.0,3.118,1.667,2.437,-3.275,4.803,4.818,4.831,4.841,4.85,4.857,4.863,4.867,4.869,4.87,4.87,4.869,4.84,4.786,4.717,4.64,4.481,4.329,4.194,4.078,3.978,3.894,3.823,3.595
448.0,460.0,3.671,-1.57,2.273,-3.275,2.19,2.275,2.356,2.433,2.506,2.576,2.642,2.704,2.764,2.82,2.874,2.925,3.181,3.367,3.502,3.6,3.717,3.773,3.796,3.801,3.799,3.793,3.785,3.752
449.0,460.0,3.464,-1.484,2.231,-3.275,2.067,2.149,2.228,2.302,2.372,2.439,2.503,2.564,2.621,2.675,2.727,2.776,3.022,3.201,3.33,3.422,3.532,3.583,3.603,3.607,3.603,3.595,3.587,3.551
450.0,460.0,3.148,-0.551,2.963,-3.275,2.679,2.756,2.828,2.896,2.961,3.021,3.078,3.131,3.182,3.229,3.273,3.314,3.513,3.642,3.723,3.769,3.794,3.773,3.731,3.684,3.638,3.595,3.557,3.427
451.0,460.0,2.408,0.354,3.312,-3.275,2.83,2.894,2.953,3.009,3.06,3.108,3.153,3.195,3.233,3.268,3.301,3.331,3.465,3.537,3.565,3.564,3.51,3.425,3.332,3.244,3.164,3.094,3.033,2.833
452.0,460.0,2.932,0.223,3.301,-3.275,3.225,3.292,3.354,3.412,3.467,3.517,3.564,3.608,3.649,3.686,3.721,3.753,3.899,3.98,4.016,4.022,3.98,3.903,3.817,3.733,3.658,3.591,3.533,3.34
453.0,460.0,3.396,0.347,3.654,-3.275,3.82,3.891,3.958,4.02,4.078,4.132,4.182,4.228,4.271,4.311,4.348,4.382,4.534,4.616,4.65,4.651,4.595,4.504,4.404,4.308,4.221,4.145,4.079,3.86
454.0,460.0,3.525,0.602,3.065,-3.275,4.184,4.237,4.286,4.331,4.373,4.412,4.448,4.482,4.512,4.54,4.565,4.589,4.688,4.733,4.742,4.726,4.653,4.557,4.458,4.366,4.284,4.213,4.152,3.95
455.0,460.0,2.8,1.481,3.118,-3.275,4.319,4.353,4.384,4.411,4.436,4.458,4.478,4.495,4.51,4.523,4.534,4.543,4.566,4.546,4.5,4.437,4.288,4.135,3.994,3.868,3.76,3.668,3.589,3.334
456.0,460.0,3.187,1.087,2.711,-3.275,4.311,4.346,4.377,4.405,4.431,4.454,4.475,4.494,4.511,4.525,4.538,4.55,4.587,4.586,4.558,4.514,4.402,4.282,4.168,4.066,3.978,3.902,3.838,3.627
457.0,460.0,2.747,1.774,1.959,-3.275,4.525,4.527,4.528,4.527,4.526,4.523,4.518,4.513,4.507,4.5,4.493,4.484,4.422,4.346,4.263,4.178,4.012,3.863,3.734,3.625,3.532,3.455,3.389,3.181
458.0,460.0,3.084,1.678,2.684,-3.275,4.785,4.805,4.823,4.838,4.851,4.862,4.871,4.878,4.884,4.888,4.89,4.891,4.874,4.827,4.761,4.685,4.523,4.366,4.225,4.102,3.997,3.908,3.833,3.59
459.0,460.0,3.064,1.656,0.264,-3.275,4.687,4.655,4.624,4.594,4.564,4.535,4.507,4.479,4.453,4.426,4.401,4.376,4.24,4.122,4.021,3.933,3.789,3.68,3.595,3.528,3.475,3.432,3.396,3.287
449.0,461.0,3.53,-1.475,2.16,-3.275,2.139,2.22,2.297,2.369,2.438,2.504,2.566,2.626,2.682,2.735,2.786,2.834,3.076,3.252,3.379,3.471,3.581,3.632,3.653,3.658,3.656,3.649,3.642,3.609
450.0,461.0,3.205,-0.533,2.905,-3.275,2.752,2.827,2.898,2.965,3.028,3.087,3.143,3.195,3.244,3.29,3.333,3.374,3.568,3.694,3.773,3.817,3.842,3.82,3.779,3.733,3.687,3.645,3.608,3.48
451.0,461.0,2.446,0.377,3.358,-3.275,2.892,2.957,3.017,3.072,3.124,3.173,3.218,3.259,3.298,3.334,3.366,3.397,3.531,3.602,3.63,3.628,3.571,3.483,3.389,3.299,3.217,3.146,3.084,2.879
452.0,461.0,2.974,0.244,3.289,-3.275,3.289,3.355,3.416,3.474,3.527,3.577,3.624,3.667,3.707,3.744,3.778,3.81,3.953,4.032,4.067,4.072,4.027,3.949,3.862,3.779,3.702,3.635,3.577,3.384
453.0,461.0,3.445,0.371,3.56,-3.275,3.89,3.959,4.023,4.083,4.139,4.191,4.239,4.284,4.325,4.363,4.399,4.431,4.576,4.654,4.685,4.684,4.627,4.535,4.437,4.342,4.257,4.182,4.116,3.901
454.0,461.0,3.547,0.619,3.074,-3.275,4.222,4.275,4.324,4.369,4.411,4.45,4.486,4.519,4.549,4.577,4.602,4.625,4.723,4.768,4.776,4.759,4.684,4.586,4.487,4.394,4.312,4.24,4.178,3.975
455.0,461.0,2.795,1.501,3.272,-3.275,4.336,4.372,4.406,4.436,4.463,4.488,4.509,4.529,4.545,4.56,4.572,4.583,4.611,4.595,4.549,4.486,4.335,4.178,4.032,3.902,3.79,3.695,3.613,3.348
456.0,461.0,3.181,1.101,2.851,-3.275,4.322,4.359,4.393,4.424,4.452,4.477,4.5,4.521,4.539,4.555,4.57,4.582,4.626,4.627,4.601,4.557,4.442,4.319,4.201,4.096,4.004,3.926,3.858,3.64
457.0,461.0,2.694,1.781,2.321,-3.275,4.487,4.497,4.505,4.511,4.515,4.518,4.52,4.52,4.518,4.516,4.513,4.508,4.463,4.397,4.32,4.236,4.067,3.911,3.773,3.655,3.555,3.47,3.399,3.17
458.0,461.0,3.058,1.692,2.897,-3.275,4.777,4.801,4.823,4.842,4.858,4.872,4.884,4.895,4.903,4.909,4.914,4.917,4.91,4.868,4.804,4.729,4.563,4.402,4.255,4.127,4.017,3.924,3.845,3.59
459.0,461.0,2.96,1.643,0.841,-3.275,4.584,4.565,4.546,4.526,4.507,4.488,4.469,4.451,4.432,4.413,4.395,4.376,4.27,4.17,4.079,3.994,3.848,3.729,3.631,3.552,3.487,3.433,3.388,3.248
460.0,461.0,2.952,1.906,0.181,-3.275,4.817,4.778,4.739,4.702,4.666,4.63,4.596,4.563,4.53,4.498,4.468,4.438,4.275,4.136,4.017,3.915,3.751,3.628,3.533,3.459,3.4,3.353,3.314,3.195
450.0,462.0,3.261,-0.517,2.852,-3.275,2.822,2.896,2.965,3.031,3.092,3.15,3.205,3.256,3.304,3.349,3.391,3.431,3.621,3.745,3.821,3.865,3.888,3.866,3.826,3.78,3.735,3.694,3.657,3.531
451.0,462.0,2.485,0.401,3.397,-3.275,2.955,3.02,3.08,3.137,3.189,3.237,3.282,3.324,3.363,3.398,3.431,3.462,3.596,3.666,3.693,3.69,3.631,3.541,3.444,3.352,3.27,3.197,3.134,2.926
452.0,462.0,3.016,0.265,3.277,-3.275,3.351,3.416,3.477,3.533,3.586,3.636,3.681,3.724,3.763,3.8,3.834,3.865,4.005,4.083,4.116,4.12,4.073,3.994,3.907,3.822,3.746,3.679,3.62,3.426
453.0,462.0,3.491,0.394,3.478,-3.275,3.956,4.023,4.085,4.143,4.196,4.246,4.293,4.336,4.376,4.413,4.447,4.478,4.617,4.69,4.719,4.716,4.658,4.566,4.468,4.375,4.29,4.216,4.152,3.94
454.0,462.0,3.569,0.635,3.081,-3.275,4.261,4.313,4.362,4.407,4.449,4.487,4.523,4.555,4.585,4.613,4.638,4.661,4.758,4.801,4.808,4.791,4.714,4.616,4.515,4.422,4.339,4.266,4.204,4.0
455.0,462.0,2.793,1.522,3.405,-3.275,4.358,4.397,4.433,4.465,4.494,4.52,4.544,4.564,4.583,4.598,4.612,4.624,4.657,4.643,4.598,4.534,4.38,4.219,4.069,3.936,3.821,3.722,3.638,3.365
456.0,462.0,3.18,1.116,2.973,-3.275,4.338,4.378,4.413,4.446,4.476,4.503,4.528,4.55,4.569,4.587,4.603,4.616,4.664,4.668,4.643,4.599,4.482,4.355,4.234,4.125,4.031,3.95,3.88,3.654
457.0,462.0,2.652,1.792,2.635,-3.275,4.463,4.48,4.494,4.506,4.515,4.523,4.529,4.534,4.537,4.538,4.538,4.537,4.507,4.449,4.375,4.293,4.121,3.958,3.813,3.687,3.58,3.489,3.413,3.166
458.0,462.0,3.038,1.708,3.083,-3.275,4.776,4.804,4.829,4.852,4.871,4.888,4.903,4.915,4.926,4.934,4.941,4.946,4.946,4.908,4.847,4.771,4.604,4.437,4.286,4.153,4.039,3.942,3.859,3.593
459.0,462.0,2.875,1.637,1.339,-3.275,4.505,4.496,4.487,4.478,4.468,4.457,4.446,4.435,4.423,4.411,4.398,4.385,4.304,4.22,4.136,4.055,3.906,3.777,3.669,3.578,3.503,3.44,3.387,3.22
460.0,462.0,2.837,1.892,0.805,-3.275,4.703,4.678,4.652,4.627,4.602,4.578,4.553,4.529,4.505,4.482,4.459,4.436,4.305,4.186,4.078,3.98,3.813,3.678,3.57,3.482,3.41,3.352,3.303,3.15
461.0,462.0,3.144,2.205,0.106,-3.275,5.3,5.252,5.206,5.161,5.117,5.074,5.033,4.993,4.954,4.916,4.879,4.843,4.649,4.485,4.346,4.228,4.039,3.898,3.791,3.707,3.642,3.589,3.545,3.413
451.0,463.0,2.525,0.425,3.428,-3.275,3.019,3.084,3.145,3.201,3.253,3.302,3.347,3.388,3.427,3.463,3.495,3.526,3.659,3.729,3.754,3.75,3.689,3.597,3.499,3.405,3.321,3.247,3.183,2.972
452.0,463.0,3.056,0.286,3.266,-3.275,3.411,3.476,3.536,3.592,3.644,3.693,3.738,3.78,3.819,3.855,3.888,3.919,4.057,4.132,4.164,4.166,4.119,4.038,3.95,3.865,3.789,3.721,3.662,3.468
453.0,463.0,3.534,0.415,3.407,-3.275,4.018,4.082,4.142,4.199,4.251,4.299,4.344,4.386,4.424,4.46,4.492,4.522,4.656,4.726,4.751,4.747,4.688,4.596,4.499,4.406,4.323,4.25,4.186,3.977
454.0,463.0,3.59,0.652,3.087,-3.275,4.298,4.351,4.399,4.444,4.485,4.524,4.559,4.591,4.621,4.649,4.674,4.696,4.792,4.834,4.84,4.822,4.744,4.644,4.542,4.448,4.365,4.292,4.229,4.024
455.0,463.0,2.795,1.544,3.521,-3.275,4.385,4.426,4.463,4.497,4.528,4.556,4.58,4.602,4.622,4.639,4.653,4.666,4.703,4.69,4.646,4.582,4.425,4.26,4.106,3.97,3.851,3.75,3.663,3.383
456.0,463.0,3.181,1.133,3.078,-3.275,4.359,4.4,4.438,4.472,4.503,4.532,4.558,4.581,4.602,4.62,4.637,4.652,4.703,4.709,4.684,4.64,4.521,4.391,4.267,4.155,4.058,3.974,3.903,3.67
457.0,463.0,2.62,1.807,2.906,-3.275,4.452,4.474,4.493,4.51,4.524,4.536,4.546,4.554,4.56,4.565,4.568,4.569,4.551,4.501,4.43,4.349,4.174,4.005,3.852,3.72,3.607,3.511,3.429,3.167
458.0,463.0,3.023,1.726,3.243,-3.275,4.783,4.814,4.842,4.867,4.889,4.908,4.925,4.94,4.952,4.962,4.97,4.977,4.983,4.949,4.889,4.813,4.643,4.472,4.316,4.179,4.061,3.961,3.875,3.599
459.0,463.0,2.806,1.637,1.769,-3.275,4.446,4.447,4.447,4.445,4.443,4.439,4.435,4.43,4.424,4.417,4.409,4.401,4.342,4.271,4.193,4.115,3.962,3.825,3.707,3.607,3.523,3.452,3.392,3.201
460.0,463.0,2.743,1.886,1.345,-3.275,4.615,4.602,4.587,4.572,4.557,4.542,4.526,4.51,4.493,4.477,4.46,4.443,4.34,4.237,4.138,4.043,3.873,3.728,3.608,3.508,3.425,3.357,3.299,3.118
461.0,463.0,3.017,2.19,0.754,-3.275,5.173,5.139,5.106,5.074,5.042,5.01,4.979,4.949,4.919,4.89,4.861,4.832,4.672,4.529,4.4,4.286,4.094,3.942,3.82,3.723,3.644,3.579,3.526,3.358
462.0,463.0,2.985,2.283,1.995,-3.275,5.261,5.252,5.242,5.231,5.219,5.207,5.193,5.179,5.164,5.149,5.133,5.116,5.01,4.896,4.781,4.669,4.46,4.278,4.124,3.995,3.887,3.797,3.722,3.482
452.0,464.0,3.095,0.307,3.254,-3.275,3.47,3.534,3.593,3.649,3.7,3.749,3.793,3.835,3.873,3.909,3.941,3.972,4.107,4.181,4.211,4.212,4.163,4.081,3.992,3.907,3.83,3.762,3.703,3.508
453.0,464.0,3.573,0.436,3.344,-3.275,4.076,4.138,4.197,4.251,4.302,4.349,4.392,4.433,4.47,4.504,4.536,4.565,4.693,4.76,4.783,4.778,4.717,4.626,4.529,4.437,4.354,4.281,4.219,4.011
454.0,464.0,3.611,0.669,3.091,-3.275,4.336,4.388,4.436,4.48,4.522,4.56,4.595,4.627,4.657,4.684,4.708,4.731,4.825,4.867,4.871,4.852,4.773,4.672,4.569,4.474,4.39,4.317,4.254,4.047
455.0,464.0,2.8,1.568,3.621,-3.275,4.415,4.458,4.497,4.533,4.565,4.593,4.619,4.642,4.662,4.68,4.696,4.709,4.748,4.737,4.693,4.628,4.468,4.3,4.143,4.003,3.882,3.778,3.69,3.402
456.0,464.0,3.186,1.151,3.169,-3.275,4.383,4.426,4.465,4.5,4.533,4.563,4.59,4.614,4.636,4.655,4.672,4.688,4.742,4.749,4.725,4.68,4.559,4.426,4.299,4.185,4.085,3.999,3.926,3.687
457.0,464.0,2.597,1.824,3.14,-3.275,4.451,4.477,4.501,4.522,4.54,4.556,4.569,4.58,4.589,4.596,4.602,4.605,4.598,4.553,4.485,4.403,4.225,4.05,3.892,3.754,3.635,3.534,3.449,3.173
458.0,464.0,3.013,1.746,3.383,-3.275,4.796,4.829,4.86,4.887,4.911,4.932,4.951,4.967,4.981,4.992,5.002,5.009,5.021,4.99,4.93,4.854,4.681,4.507,4.346,4.205,4.084,3.981,3.893,3.608
459.0,464.0,2.751,1.642,2.141,-3.275,4.404,4.413,4.42,4.426,4.43,4.433,4.434,4.434,4.433,4.431,4.428,4.423,4.382,4.322,4.25,4.173,4.018,3.873,3.746,3.637,3.545,3.467,3.401,3.19
460.0,464.0,2.666,1.886,1.811,-3.275,4.549,4.546,4.541,4.535,4.528,4.52,4.512,4.502,4.492,4.482,4.47,4.459,4.379,4.29,4.197,4.105,3.932,3.778,3.647,3.537,3.444,3.367,3.302,3.095
461.0,464.0,2.91,2.183,1.315,-3.275,5.072,5.051,5.03,5.008,4.986,4.964,4.942,4.92,4.898,4.876,4.853,4.831,4.7,4.574,4.455,4.344,4.148,3.986,3.852,3.742,3.651,3.576,3.514,3.316
462.0,464.0,2.916,2.289,2.382,-3.275,5.206,5.206,5.204,5.2,5.195,5.189,5.181,5.172,5.163,5.152,5.141,5.128,5.041,4.938,4.829,4.718,4.506,4.316,4.153,4.015,3.899,3.801,3.719,3.458
463.0,464.0,3.282,2.097,1.168,-3.275,5.357,5.334,5.312,5.289,5.266,5.244,5.221,5.198,5.176,5.153,5.131,5.108,4.977,4.853,4.737,4.63,4.443,4.289,4.163,4.059,3.974,3.904,3.845,3.661
453.0,465.0,3.61,0.455,3.29,-3.275,4.13,4.191,4.248,4.301,4.35,4.396,4.438,4.478,4.514,4.547,4.578,4.606,4.73,4.793,4.815,4.808,4.745,4.654,4.557,4.466,4.384,4.312,4.249,4.044
454.0,465.0,3.632,0.685,3.095,-3.275,4.373,4.424,4.472,4.517,4.557,4.595,4.63,4.662,4.691,4.718,4.743,4.765,4.858,4.898,4.902,4.882,4.801,4.699,4.596,4.5,4.415,4.342,4.278,4.07
455.0,465.0,2.808,1.593,3.708,-3.275,4.449,4.493,4.533,4.57,4.603,4.633,4.66,4.683,4.704,4.723,4.739,4.752,4.794,4.784,4.739,4.673,4.511,4.34,4.179,4.037,3.913,3.807,3.716,3.423
456.0,465.0,3.193,1.17,3.248,-3.275,4.41,4.454,4.494,4.531,4.565,4.595,4.623,4.648,4.67,4.691,4.709,4.724,4.781,4.789,4.765,4.719,4.596,4.46,4.331,4.214,4.112,4.024,3.949,3.705
457.0,465.0,2.58,1.844,3.344,-3.275,4.459,4.489,4.516,4.541,4.562,4.581,4.597,4.61,4.622,4.631,4.639,4.644,4.645,4.605,4.538,4.457,4.276,4.096,3.932,3.788,3.665,3.56,3.47,3.182
458.0,465.0,3.007,1.767,3.505,-3.275,4.813,4.849,4.881,4.91,4.936,4.959,4.979,4.997,5.012,5.024,5.035,5.044,5.06,5.03,4.971,4.895,4.719,4.541,4.376,4.232,4.107,4.001,3.911,3.618
459.0,465.0,2.709,1.65,2.462,-3.275,4.377,4.393,4.407,4.418,4.428,4.436,4.442,4.446,4.45,4.451,4.452,4.451,4.425,4.373,4.306,4.23,4.072,3.921,3.786,3.669,3.57,3.486,3.415,3.186
460.0,465.0,2.604,1.891,2.214,-3.275,4.502,4.507,4.51,4.512,4.512,4.511,4.509,4.505,4.5,4.495,4.488,4.481,4.421,4.343,4.257,4.166,3.989,3.828,3.687,3.568,3.467,3.382,3.31,3.08
461.0,465.0,2.823,2.182,1.801,-3.275,4.995,4.984,4.973,4.96,4.947,4.933,4.919,4.904,4.888,4.872,4.855,4.839,4.732,4.62,4.508,4.4,4.201,4.03,3.885,3.764,3.663,3.579,3.508,3.285
462.0,465.0,2.859,2.3,2.717,-3.275,5.167,5.174,5.179,5.181,5.182,5.181,5.178,5.174,5.169,5.162,5.154,5.146,5.074,4.98,4.876,4.766,4.551,4.354,4.182,4.036,3.913,3.809,3.721,3.441
463.0,465.0,3.192,2.093,1.634,-3.275,5.274,5.262,5.249,5.235,5.221,5.206,5.19,5.175,5.158,5.142,5.125,5.108,5.0,4.89,4.782,4.678,4.488,4.325,4.188,4.074,3.979,3.9,3.834,3.625
464.0,465.0,3.605,1.826,0.563,-3.275,5.401,5.372,5.343,5.315,5.287,5.259,5.233,5.206,5.18,5.155,5.13,5.106,4.969,4.847,4.74,4.644,4.484,4.359,4.259,4.179,4.115,4.062,4.018,3.883
454.0,466.0,3.652,0.702,3.098,-3.275,4.409,4.46,4.508,4.552,4.593,4.63,4.665,4.696,4.725,4.752,4.776,4.798,4.89,4.929,4.932,4.911,4.829,4.725,4.621,4.525,4.44,4.366,4.302,4.093
455.0,466.0,2.817,1.619,3.784,-3.275,4.485,4.531,4.572,4.609,4.643,4.674,4.701,4.725,4.747,4.766,4.782,4.796,4.84,4.83,4.785,4.718,4.552,4.378,4.215,4.07,3.943,3.835,3.743,3.444
456.0,466.0,3.201,1.189,3.316,-3.275,4.44,4.484,4.526,4.563,4.598,4.629,4.658,4.683,4.706,4.727,4.745,4.761,4.82,4.829,4.804,4.757,4.632,4.494,4.362,4.243,4.139,4.05,3.973,3.724
457.0,466.0,2.569,1.867,3.52,-3.275,4.474,4.508,4.538,4.565,4.589,4.61,4.629,4.645,4.658,4.669,4.678,4.685,4.693,4.656,4.591,4.509,4.325,4.14,3.971,3.823,3.695,3.586,3.493,3.194
458.0,466.0,3.004,1.79,3.611,-3.275,4.835,4.873,4.907,4.937,4.964,4.988,5.01,5.028,5.044,5.058,5.07,5.079,5.098,5.07,5.011,4.934,4.756,4.574,4.406,4.259,4.131,4.022,3.93,3.63
459.0,466.0,2.676,1.663,2.74,-3.275,4.363,4.385,4.404,4.42,4.435,4.447,4.457,4.465,4.472,4.477,4.48,4.482,4.469,4.425,4.361,4.286,4.125,3.968,3.826,3.703,3.597,3.508,3.432,3.187
460.0,466.0,2.555,1.901,2.563,-3.275,4.471,4.483,4.494,4.502,4.508,4.512,4.515,4.517,4.516,4.515,4.512,4.508,4.465,4.397,4.315,4.226,4.046,3.877,3.728,3.6,3.491,3.4,3.322,3.073
461.0,466.0,2.751,2.186,2.221,-3.275,4.937,4.935,4.932,4.928,4.922,4.915,4.907,4.898,4.888,4.877,4.865,4.853,4.767,4.667,4.562,4.456,4.253,4.073,3.919,3.788,3.678,3.586,3.509,3.262
462.0,466.0,2.813,2.314,3.009,-3.275,5.142,5.154,5.165,5.172,5.178,5.182,5.183,5.183,5.182,5.178,5.174,5.168,5.109,5.023,4.922,4.813,4.595,4.391,4.213,4.059,3.929,3.82,3.727,3.43
463.0,466.0,3.118,2.094,2.037,-3.275,5.21,5.207,5.202,5.196,5.189,5.18,5.171,5.161,5.151,5.139,5.127,5.114,5.027,4.929,4.826,4.724,4.531,4.36,4.214,4.091,3.988,3.901,3.829,3.597
464.0,466.0,3.505,1.814,1.064,-3.275,5.301,5.283,5.265,5.246,5.227,5.209,5.19,5.171,5.152,5.133,5.115,5.096,4.985,4.879,4.78,4.688,4.525,4.391,4.28,4.189,4.115,4.053,4.002,3.839
465.0,466.0,4.261,1.149,0.22,-3.275,5.388,5.367,5.346,5.326,5.306,5.286,5.267,5.249,5.231,5.213,5.196,5.179,5.086,5.006,4.936,4.875,4.775,4.699,4.639,4.592,4.554,4.523,4.498,4.42
455.0,467.0,2.828,1.645,3.85,-3.275,4.524,4.57,4.612,4.65,4.685,4.716,4.744,4.768,4.79,4.81,4.826,4.841,4.885,4.875,4.829,4.761,4.593,4.416,4.25,4.102,3.974,3.864,3.77,3.466
456.0,467.0,3.212,1.21,3.375,-3.275,4.471,4.517,4.559,4.597,4.632,4.664,4.693,4.719,4.743,4.764,4.782,4.799,4.859,4.867,4.842,4.795,4.668,4.527,4.393,4.271,4.166,4.075,3.997,3.744
457.0,467.0,2.564,1.891,3.673,-3.275,4.495,4.532,4.565,4.594,4.621,4.644,4.664,4.682,4.697,4.709,4.72,4.728,4.741,4.707,4.643,4.561,4.373,4.184,4.01,3.857,3.726,3.613,3.518,3.209
458.0,467.0,3.003,1.814,3.704,-3.275,4.86,4.899,4.935,4.966,4.995,5.02,5.042,5.062,5.079,5.093,5.105,5.115,5.137,5.109,5.051,4.973,4.792,4.607,4.436,4.285,4.155,4.044,3.949,3.643
459.0,467.0,2.652,1.678,2.98,-3.275,4.36,4.386,4.41,4.431,4.449,4.465,4.478,4.49,4.5,4.507,4.513,4.518,4.515,4.477,4.415,4.341,4.176,4.014,3.866,3.737,3.626,3.531,3.451,3.192
460.0,467.0,2.517,1.915,2.864,-3.275,4.454,4.472,4.488,4.502,4.513,4.522,4.53,4.535,4.539,4.541,4.541,4.54,4.511,4.451,4.373,4.285,4.101,3.926,3.769,3.634,3.518,3.421,3.338,3.072
461.0,467.0,2.692,2.196,2.586,-3.275,4.896,4.902,4.906,4.908,4.909,4.908,4.905,4.901,4.896,4.89,4.882,4.873,4.805,4.715,4.615,4.51,4.304,4.117,3.953,3.814,3.696,3.597,3.514,3.247
462.0,467.0,2.775,2.332,3.262,-3.275,5.128,5.145,5.16,5.172,5.182,5.19,5.195,5.198,5.2,5.199,5.197,5.194,5.146,5.067,4.968,4.86,4.638,4.429,4.243,4.083,3.948,3.833,3.736,3.424
463.0,467.0,3.056,2.1,2.387,-3.275,5.163,5.167,5.169,5.169,5.168,5.166,5.162,5.157,5.151,5.144,5.135,5.126,5.056,4.968,4.87,4.77,4.574,4.396,4.241,4.11,4.0,3.906,3.828,3.577
464.0,467.0,3.422,1.809,1.497,-3.275,5.222,5.214,5.204,5.194,5.183,5.172,5.16,5.147,5.134,5.121,5.107,5.093,5.005,4.912,4.82,4.731,4.566,4.423,4.303,4.203,4.119,4.049,3.991,3.805
465.0,467.0,4.173,1.132,0.645,-3.275,5.293,5.281,5.269,5.257,5.245,5.233,5.221,5.209,5.197,5.185,5.173,5.161,5.091,5.025,4.962,4.905,4.804,4.72,4.652,4.595,4.549,4.511,4.479,4.379
466.0,467.0,4.868,0.547,-0.49,-3.275,5.39,5.367,5.345,5.324,5.304,5.285,5.267,5.249,5.233,5.217,5.201,5.187,5.113,5.057,5.015,4.982,4.939,4.914,4.899,4.89,4.885,4.881,4.879,4.874
456.0,468.0,3.223,1.23,3.426,-3.275,4.504,4.551,4.593,4.632,4.668,4.7,4.729,4.756,4.78,4.801,4.82,4.836,4.897,4.906,4.88,4.832,4.702,4.56,4.423,4.3,4.192,4.1,4.021,3.763
457.0,468.0,2.562,1.917,3.806,-3.275,4.522,4.561,4.596,4.628,4.656,4.681,4.703,4.722,4.738,4.752,4.763,4.773,4.79,4.758,4.694,4.611,4.42,4.227,4.049,3.892,3.757,3.642,3.543,3.226
458.0,468.0,3.005,1.839,3.785,-3.275,4.888,4.929,4.965,4.998,5.027,5.053,5.076,5.096,5.114,5.129,5.142,5.152,5.175,5.149,5.09,5.011,4.827,4.639,4.465,4.311,4.179,4.066,3.969,3.657
459.0,468.0,2.635,1.697,3.188,-3.275,4.365,4.396,4.423,4.448,4.469,4.488,4.505,4.519,4.531,4.541,4.549,4.556,4.562,4.528,4.469,4.395,4.227,4.059,3.906,3.771,3.655,3.557,3.473,3.201
460.0,468.0,2.489,1.933,3.125,-3.275,4.448,4.472,4.493,4.511,4.527,4.54,4.551,4.56,4.567,4.572,4.575,4.577,4.559,4.505,4.43,4.342,4.155,3.974,3.81,3.669,3.547,3.444,3.357,3.075
461.0,468.0,2.645,2.21,2.901,-3.275,4.869,4.882,4.892,4.9,4.906,4.91,4.912,4.912,4.911,4.909,4.904,4.899,4.845,4.764,4.667,4.564,4.354,4.16,3.989,3.842,3.717,3.612,3.523,3.238
462.0,468.0,2.745,2.353,3.482,-3.275,5.123,5.145,5.164,5.18,5.193,5.204,5.212,5.218,5.222,5.224,5.225,5.223,5.185,5.11,5.014,4.906,4.68,4.465,4.274,4.108,3.968,3.848,3.747,3.422
463.0,468.0,3.006,2.111,2.69,-3.275,5.129,5.14,5.148,5.154,5.158,5.16,5.161,5.16,5.158,5.154,5.149,5.143,5.087,5.008,4.914,4.815,4.616,4.431,4.269,4.131,4.014,3.915,3.831,3.563
464.0,468.0,3.352,1.808,1.872,-3.275,5.161,5.16,5.159,5.156,5.151,5.146,5.14,5.133,5.125,5.117,5.108,5.098,5.028,4.947,4.86,4.773,4.605,4.456,4.327,4.218,4.126,4.05,3.985,3.779
465.0,468.0,4.098,1.12,1.013,-3.275,5.215,5.212,5.207,5.203,5.198,5.192,5.186,5.179,5.173,5.166,5.158,5.15,5.1,5.045,4.989,4.934,4.832,4.742,4.665,4.601,4.548,4.503,4.465,4.346
466.0,468.0,4.776,0.52,-0.073,-3.275,5.283,5.269,5.256,5.244,5.232,5.22,5.209,5.198,5.187,5.177,5.167,5.158,5.107,5.066,5.031,5.003,4.959,4.928,4.905,4.887,4.874,4.863,4.854,4.828
467.0,468.0,4.237,1.142,-0.913,-3.275,5.331,5.285,5.242,5.2,5.16,5.122,5.085,5.05,5.017,4.985,4.955,4.926,4.777,4.663,4.576,4.51,4.419,4.365,4.331,4.31,4.296,4.287,4.28,4.264
457.0,469.0,2.564,1.945,3.922,-3.275,4.554,4.594,4.631,4.664,4.694,4.72,4.743,4.763,4.781,4.796,4.808,4.818,4.839,4.808,4.744,4.661,4.467,4.269,4.087,3.927,3.788,3.67,3.57,3.244
458.0,469.0,3.009,1.865,3.857,-3.275,4.919,4.96,4.997,5.031,5.061,5.088,5.111,5.132,5.15,5.166,5.179,5.189,5.214,5.187,5.128,5.048,4.861,4.67,4.494,4.337,4.203,4.088,3.99,3.672
459.0,469.0,2.624,1.717,3.368,-3.275,4.379,4.413,4.444,4.471,4.495,4.517,4.536,4.552,4.566,4.578,4.588,4.596,4.61,4.58,4.522,4.447,4.277,4.104,3.946,3.806,3.686,3.583,3.496,3.214
460.0,469.0,2.468,1.953,3.351,-3.275,4.453,4.481,4.506,4.528,4.547,4.564,4.578,4.59,4.599,4.607,4.612,4.616,4.607,4.559,4.486,4.399,4.208,4.021,3.852,3.704,3.577,3.47,3.378,3.083
461.0,469.0,2.607,2.227,3.175,-3.275,4.855,4.873,4.889,4.902,4.912,4.92,4.926,4.93,4.932,4.933,4.932,4.929,4.887,4.812,4.719,4.616,4.403,4.203,4.024,3.87,3.739,3.629,3.535,3.234
462.0,469.0,2.722,2.376,3.674,-3.275,5.127,5.152,5.175,5.194,5.21,5.223,5.234,5.243,5.249,5.253,5.255,5.255,5.225,5.154,5.059,4.95,4.721,4.502,4.305,4.134,3.988,3.865,3.76,3.423
463.0,469.0,2.965,2.124,2.953,-3.275,5.108,5.124,5.137,5.148,5.156,5.163,5.167,5.17,5.171,5.17,5.168,5.165,5.121,5.048,4.958,4.859,4.657,4.466,4.298,4.153,4.03,3.925,3.837,3.554
464.0,469.0,3.295,1.812,2.197,-3.275,5.115,5.121,5.126,5.129,5.131,5.131,5.13,5.127,5.124,5.119,5.114,5.107,5.054,4.982,4.9,4.814,4.644,4.488,4.351,4.235,4.137,4.054,3.984,3.76
465.0,469.0,4.037,1.112,1.331,-3.275,5.153,5.156,5.159,5.16,5.161,5.161,5.16,5.158,5.156,5.153,5.149,5.145,5.111,5.067,5.016,4.964,4.859,4.764,4.681,4.61,4.55,4.499,4.456,4.32
466.0,469.0,4.7,0.498,0.287,-3.275,5.193,5.187,5.182,5.177,5.172,5.167,5.161,5.156,5.151,5.146,5.141,5.135,5.105,5.076,5.048,5.023,4.978,4.941,4.911,4.886,4.866,4.849,4.835,4.791
467.0,469.0,4.113,1.112,-0.316,-3.275,5.191,5.159,5.128,5.098,5.07,5.042,5.015,4.99,4.965,4.941,4.919,4.897,4.78,4.686,4.611,4.549,4.456,4.392,4.347,4.313,4.287,4.268,4.252,4.205
468.0,469.0,3.804,1.47,-1.493,-3.275,5.204,5.139,5.076,5.016,4.959,4.904,4.852,4.803,4.756,4.711,4.668,4.627,4.419,4.264,4.147,4.059,3.945,3.881,3.845,3.825,3.814,3.808,3.804,3.801
458.0,470.0,3.014,1.891,3.92,-3.275,4.951,4.993,5.031,5.065,5.096,5.123,5.147,5.169,5.187,5.203,5.216,5.227,5.253,5.226,5.165,5.085,4.895,4.701,4.522,4.363,4.226,4.11,4.01,3.688
459.0,470.0,2.618,1.74,3.524,-3.275,4.399,4.436,4.469,4.499,4.526,4.549,4.57,4.589,4.604,4.618,4.629,4.638,4.658,4.631,4.574,4.499,4.325,4.148,3.985,3.841,3.717,3.611,3.521,3.229
460.0,470.0,2.454,1.976,3.547,-3.275,4.465,4.497,4.526,4.551,4.573,4.593,4.609,4.624,4.635,4.645,4.652,4.658,4.657,4.613,4.541,4.454,4.26,4.068,3.893,3.74,3.608,3.496,3.401,3.094
461.0,470.0,2.578,2.247,3.413,-3.275,4.851,4.874,4.894,4.911,4.925,4.937,4.946,4.953,4.958,4.961,4.963,4.962,4.93,4.861,4.77,4.668,4.451,4.245,4.06,3.9,3.764,3.648,3.55,3.235
462.0,470.0,2.703,2.401,3.841,-3.275,5.137,5.166,5.191,5.213,5.231,5.247,5.26,5.271,5.279,5.284,5.288,5.29,5.265,5.197,5.103,4.994,4.762,4.537,4.336,4.16,4.01,3.883,3.775,3.428
463.0,470.0,2.932,2.141,3.182,-3.275,5.097,5.117,5.134,5.149,5.161,5.171,5.179,5.185,5.189,5.191,5.191,5.19,5.156,5.088,5.001,4.902,4.697,4.501,4.327,4.176,4.047,3.938,3.846,3.55
464.0,470.0,3.248,1.819,2.478,-3.275,5.082,5.094,5.104,5.113,5.119,5.124,5.127,5.128,5.129,5.128,5.125,5.122,5.082,5.017,4.94,4.855,4.682,4.52,4.377,4.254,4.149,4.061,3.986,3.747
465.0,470.0,3.985,1.107,1.606,-3.275,5.104,5.113,5.121,5.128,5.134,5.138,5.142,5.144,5.146,5.146,5.146,5.145,5.125,5.089,5.043,4.992,4.886,4.786,4.696,4.619,4.554,4.498,4.451,4.3
466.0,470.0,4.635,0.48,0.598,-3.275,5.118,5.12,5.122,5.123,5.123,5.124,5.124,5.123,5.123,5.122,5.12,5.119,5.105,5.087,5.065,5.043,4.997,4.956,4.919,4.888,4.861,4.839,4.82,4.76
467.0,470.0,4.008,1.09,0.2,-3.275,5.077,5.056,5.036,5.017,4.998,4.979,4.961,4.943,4.926,4.909,4.893,4.877,4.788,4.711,4.645,4.587,4.493,4.42,4.364,4.32,4.284,4.255,4.231,4.158
468.0,470.0,3.649,1.435,-0.737,-3.275,5.034,4.985,4.938,4.893,4.85,4.809,4.77,4.732,4.696,4.661,4.628,4.595,4.429,4.298,4.195,4.114,3.997,3.92,3.869,3.833,3.807,3.788,3.773,3.73
469.0,470.0,3.928,1.35,-1.862,-3.275,5.202,5.131,5.063,4.999,4.938,4.88,4.824,4.772,4.722,4.674,4.629,4.587,4.371,4.214,4.099,4.016,3.914,3.865,3.843,3.836,3.836,3.84,3.845,3.868
459.0,471.0,2.617,1.764,3.659,-3.275,4.424,4.464,4.499,4.531,4.56,4.585,4.608,4.628,4.645,4.659,4.672,4.682,4.706,4.681,4.625,4.55,4.373,4.192,4.024,3.876,3.749,3.64,3.547,3.246
460.0,471.0,2.445,2.001,3.718,-3.275,4.485,4.52,4.552,4.58,4.604,4.626,4.645,4.661,4.675,4.686,4.695,4.702,4.708,4.667,4.596,4.508,4.311,4.114,3.934,3.776,3.64,3.524,3.426,3.108
461.0,471.0,2.556,2.27,3.619,-3.275,4.857,4.883,4.907,4.927,4.945,4.959,4.971,4.981,4.988,4.994,4.997,4.998,4.975,4.91,4.821,4.718,4.498,4.286,4.096,3.93,3.789,3.669,3.567,3.239
462.0,471.0,2.69,2.428,3.988,-3.275,5.154,5.185,5.212,5.236,5.257,5.275,5.289,5.301,5.311,5.318,5.323,5.326,5.306,5.241,5.147,5.038,4.802,4.573,4.366,4.186,4.033,3.902,3.791,3.434
463.0,471.0,2.906,2.161,3.381,-3.275,5.094,5.118,5.139,5.157,5.173,5.186,5.196,5.205,5.211,5.215,5.217,5.218,5.192,5.129,5.043,4.945,4.736,4.536,4.356,4.2,4.066,3.953,3.857,3.549
464.0,471.0,3.21,1.83,2.722,-3.275,5.06,5.077,5.092,5.105,5.116,5.124,5.131,5.136,5.139,5.141,5.141,5.14,5.111,5.054,4.979,4.895,4.719,4.552,4.403,4.274,4.164,4.071,3.992,3.738
465.0,471.0,3.943,1.106,1.843,-3.275,5.066,5.081,5.094,5.105,5.115,5.123,5.131,5.136,5.141,5.145,5.147,5.149,5.141,5.112,5.07,5.02,4.913,4.808,4.713,4.631,4.56,4.5,4.449,4.285
466.0,471.0,4.581,0.466,0.866,-3.275,5.057,5.065,5.072,5.079,5.084,5.089,5.094,5.098,5.101,5.103,5.106,5.107,5.108,5.099,5.082,5.062,5.016,4.97,4.928,4.891,4.86,4.833,4.81,4.736
467.0,471.0,3.921,1.073,0.645,-3.275,4.984,4.973,4.963,4.952,4.941,4.93,4.919,4.909,4.898,4.887,4.876,4.865,4.8,4.738,4.679,4.625,4.529,4.449,4.383,4.329,4.285,4.248,4.217,4.12
468.0,471.0,3.52,1.41,-0.084,-3.275,4.895,4.861,4.828,4.796,4.765,4.735,4.707,4.679,4.652,4.626,4.6,4.576,4.444,4.335,4.244,4.167,4.048,3.96,3.895,3.845,3.806,3.775,3.75,3.674
469.0,471.0,3.765,1.311,-1.073,-3.275,5.02,4.967,4.916,4.867,4.821,4.777,4.735,4.694,4.656,4.619,4.584,4.55,4.378,4.247,4.147,4.07,3.966,3.904,3.866,3.842,3.827,3.817,3.81,3.793
470.0,471.0,4.11,1.22,-0.835,-3.275,5.283,5.237,5.193,5.151,5.11,5.072,5.035,5.0,4.966,4.934,4.903,4.874,4.722,4.604,4.514,4.443,4.345,4.284,4.245,4.219,4.202,4.189,4.18,4.155
460.0,472.0,2.441,2.028,3.866,-3.275,4.511,4.549,4.583,4.613,4.64,4.663,4.684,4.702,4.717,4.729,4.74,4.748,4.758,4.72,4.65,4.561,4.36,4.159,3.974,3.812,3.672,3.553,3.452,3.125
461.0,472.0,2.54,2.296,3.799,-3.275,4.869,4.899,4.926,4.949,4.969,4.987,5.001,5.013,5.022,5.029,5.034,5.037,5.02,4.959,4.871,4.768,4.545,4.327,4.131,3.961,3.815,3.691,3.586,3.247
462.0,472.0,2.68,2.457,4.116,-3.275,5.175,5.209,5.238,5.264,5.286,5.305,5.322,5.335,5.346,5.354,5.36,5.363,5.348,5.284,5.19,5.08,4.841,4.608,4.397,4.213,4.056,3.922,3.809,3.443
463.0,472.0,2.886,2.182,3.554,-3.275,5.099,5.126,5.15,5.171,5.19,5.205,5.218,5.228,5.236,5.242,5.246,5.248,5.229,5.17,5.085,4.986,4.775,4.57,4.385,4.224,4.086,3.969,3.87,3.551
464.0,472.0,3.18,1.843,2.934,-3.275,5.047,5.069,5.088,5.105,5.119,5.131,5.14,5.148,5.154,5.158,5.161,5.162,5.142,5.09,5.017,4.934,4.756,4.583,4.429,4.294,4.18,4.082,4.0,3.734
465.0,472.0,3.908,1.108,2.049,-3.275,5.038,5.057,5.074,5.089,5.103,5.115,5.125,5.134,5.141,5.147,5.152,5.156,5.159,5.136,5.096,5.048,4.939,4.83,4.73,4.643,4.568,4.504,4.45,4.274
466.0,472.0,4.537,0.455,1.097,-3.275,5.007,5.02,5.032,5.043,5.054,5.063,5.071,5.078,5.085,5.09,5.095,5.1,5.114,5.112,5.1,5.081,5.034,4.985,4.938,4.896,4.86,4.829,4.803,4.717
467.0,472.0,3.849,1.062,1.029,-3.275,4.909,4.907,4.905,4.902,4.898,4.894,4.889,4.884,4.879,4.873,4.866,4.86,4.815,4.766,4.714,4.662,4.564,4.478,4.403,4.341,4.289,4.245,4.208,4.091
468.0,472.0,3.413,1.392,0.479,-3.275,4.783,4.761,4.741,4.72,4.7,4.68,4.66,4.64,4.621,4.603,4.584,4.566,4.465,4.373,4.292,4.219,4.097,4.001,3.923,3.861,3.811,3.77,3.736,3.63
469.0,472.0,3.629,1.281,-0.393,-3.275,4.871,4.833,4.797,4.762,4.728,4.696,4.665,4.635,4.606,4.579,4.552,4.526,4.391,4.282,4.194,4.123,4.017,3.943,3.891,3.853,3.825,3.802,3.785,3.732
470.0,472.0,3.985,1.192,-0.231,-3.275,5.144,5.112,5.081,5.051,5.022,4.994,4.967,4.941,4.916,4.892,4.869,4.847,4.727,4.63,4.551,4.485,4.385,4.314,4.263,4.224,4.195,4.172,4.153,4.097
471.0,472.0,3.976,1.289,-0.508,-3.275,5.223,5.182,5.143,5.106,5.07,5.036,5.003,4.971,4.941,4.911,4.883,4.856,4.714,4.602,4.512,4.439,4.333,4.261,4.212,4.176,4.149,4.129,4.113,4.067
461.0,473.0,2.528,2.323,3.956,-3.275,4.888,4.921,4.951,4.976,4.999,5.018,5.034,5.048,5.059,5.067,5.073,5.078,5.066,5.007,4.92,4.816,4.59,4.368,4.167,3.992,3.842,3.714,3.606,3.257
462.0,473.0,2.674,2.488,4.229,-3.275,5.201,5.236,5.267,5.294,5.318,5.339,5.356,5.37,5.382,5.391,5.398,5.402,5.389,5.327,5.233,5.122,4.879,4.642,4.427,4.239,4.079,3.942,3.827,3.453
463.0,473.0,2.87,2.206,3.706,-3.275,5.11,5.14,5.167,5.19,5.211,5.228,5.243,5.255,5.264,5.272,5.277,5.281,5.267,5.21,5.126,5.027,4.813,4.603,4.414,4.248,4.107,3.987,3.885,3.556
464.0,473.0,3.155,1.859,3.118,-3.275,5.043,5.069,5.091,5.111,5.128,5.142,5.154,5.165,5.173,5.179,5.183,5.186,5.174,5.126,5.056,4.972,4.791,4.615,4.455,4.316,4.197,4.096,4.01,3.733
465.0,473.0,3.88,1.112,2.227,-3.275,5.018,5.041,5.061,5.08,5.097,5.111,5.124,5.136,5.145,5.154,5.161,5.166,5.177,5.159,5.123,5.075,4.964,4.851,4.748,4.656,4.577,4.51,4.453,4.268
466.0,473.0,4.5,0.447,1.296,-3.275,4.966,4.984,5.001,5.016,5.03,5.042,5.054,5.064,5.074,5.082,5.089,5.096,5.121,5.125,5.117,5.1,5.052,4.999,4.948,4.902,4.862,4.828,4.798,4.702
467.0,473.0,3.789,1.055,1.361,-3.275,4.851,4.856,4.861,4.864,4.867,4.868,4.869,4.868,4.868,4.866,4.864,4.861,4.834,4.794,4.748,4.698,4.599,4.506,4.425,4.355,4.296,4.246,4.204,4.069
468.0,473.0,3.325,1.38,0.966,-3.275,4.695,4.684,4.673,4.662,4.651,4.639,4.627,4.615,4.603,4.591,4.578,4.566,4.489,4.413,4.34,4.271,4.146,4.041,3.953,3.881,3.82,3.771,3.729,3.597
469.0,473.0,3.517,1.259,0.194,-3.275,4.75,4.726,4.702,4.679,4.656,4.634,4.613,4.592,4.571,4.551,4.532,4.513,4.409,4.319,4.242,4.175,4.066,3.983,3.919,3.868,3.828,3.795,3.768,3.685
470.0,473.0,3.881,1.171,0.292,-3.275,5.031,5.01,4.99,4.971,4.952,4.933,4.915,4.897,4.88,4.862,4.846,4.829,4.738,4.658,4.588,4.526,4.424,4.345,4.282,4.233,4.193,4.16,4.134,4.05
471.0,473.0,3.859,1.265,0.067,-3.275,5.096,5.068,5.042,5.016,4.991,4.966,4.943,4.92,4.898,4.876,4.855,4.835,4.724,4.63,4.55,4.482,4.374,4.293,4.231,4.183,4.145,4.115,4.09,4.014
472.0,473.0,4.429,0.891,0.047,-3.275,5.3,5.281,5.262,5.244,5.226,5.209,5.193,5.176,5.161,5.145,5.131,5.116,5.038,4.972,4.916,4.868,4.792,4.735,4.691,4.658,4.631,4.61,4.592,4.538
462.0,474.0,2.67,2.519,4.329,-3.275,5.23,5.267,5.299,5.328,5.353,5.374,5.392,5.408,5.42,5.43,5.437,5.442,5.431,5.369,5.275,5.162,4.917,4.675,4.457,4.266,4.102,3.963,3.845,3.464
463.0,474.0,2.859,2.231,3.838,-3.275,5.126,5.159,5.188,5.213,5.235,5.254,5.271,5.284,5.295,5.304,5.31,5.315,5.305,5.251,5.167,5.068,4.85,4.636,4.442,4.273,4.128,4.005,3.9,3.563
464.0,474.0,3.137,1.877,3.278,-3.275,5.046,5.074,5.1,5.122,5.141,5.158,5.173,5.185,5.195,5.203,5.209,5.213,5.208,5.163,5.093,5.01,4.826,4.645,4.481,4.338,4.215,4.11,4.022,3.735
465.0,474.0,3.858,1.118,2.381,-3.275,5.005,5.031,5.055,5.076,5.095,5.113,5.128,5.141,5.153,5.163,5.172,5.179,5.197,5.183,5.149,5.101,4.989,4.873,4.765,4.67,4.588,4.518,4.458,4.264
466.0,474.0,4.47,0.441,1.468,-3.275,4.934,4.956,4.976,4.995,5.012,5.027,5.042,5.055,5.066,5.077,5.087,5.095,5.129,5.139,5.134,5.118,5.07,5.014,4.959,4.91,4.866,4.829,4.796,4.691
467.0,474.0,3.741,1.052,1.648,-3.275,4.806,4.818,4.828,4.837,4.845,4.851,4.856,4.86,4.863,4.865,4.866,4.867,4.854,4.824,4.782,4.734,4.632,4.535,4.447,4.371,4.306,4.251,4.204,4.054
468.0,474.0,3.252,1.374,1.386,-3.275,4.626,4.625,4.623,4.62,4.616,4.612,4.607,4.601,4.594,4.587,4.58,4.572,4.517,4.454,4.388,4.321,4.194,4.081,3.984,3.902,3.833,3.776,3.727,3.573
469.0,474.0,3.424,1.244,0.701,-3.275,4.655,4.641,4.628,4.615,4.602,4.588,4.575,4.562,4.548,4.535,4.522,4.509,4.431,4.358,4.289,4.226,4.115,4.023,3.948,3.886,3.836,3.794,3.759,3.649
470.0,474.0,3.794,1.156,0.743,-3.275,4.94,4.929,4.919,4.908,4.898,4.887,4.876,4.865,4.854,4.842,4.831,4.82,4.753,4.687,4.625,4.566,4.463,4.376,4.304,4.244,4.195,4.155,4.121,4.014
471.0,474.0,3.762,1.247,0.563,-3.275,4.993,4.976,4.96,4.944,4.928,4.913,4.897,4.882,4.867,4.851,4.837,4.822,4.737,4.66,4.589,4.524,4.414,4.325,4.252,4.194,4.146,4.107,4.074,3.972
472.0,474.0,4.344,0.871,0.458,-3.275,5.205,5.195,5.185,5.175,5.165,5.155,5.146,5.136,5.126,5.116,5.107,5.097,5.041,4.989,4.94,4.896,4.818,4.755,4.703,4.66,4.626,4.597,4.573,4.498
473.0,474.0,4.28,1.023,-0.262,-3.275,5.273,5.244,5.216,5.189,5.163,5.138,5.114,5.091,5.068,5.047,5.026,5.006,4.901,4.815,4.746,4.69,4.604,4.545,4.502,4.471,4.447,4.428,4.413,4.368
463.0,475.0,2.851,2.258,3.954,-3.275,5.147,5.182,5.212,5.239,5.263,5.283,5.301,5.316,5.328,5.338,5.345,5.35,5.344,5.291,5.208,5.107,4.886,4.668,4.471,4.298,4.15,4.024,3.917,3.572
464.0,475.0,3.123,1.897,3.418,-3.275,5.054,5.085,5.113,5.138,5.159,5.178,5.194,5.208,5.219,5.229,5.236,5.242,5.241,5.199,5.131,5.047,4.861,4.676,4.508,4.36,4.234,4.126,4.035,3.739
465.0,475.0,3.84,1.126,2.515,-3.275,4.998,5.027,5.053,5.077,5.098,5.118,5.135,5.15,5.164,5.175,5.185,5.194,5.218,5.208,5.174,5.127,5.013,4.894,4.783,4.685,4.6,4.527,4.464,4.263
466.0,475.0,4.445,0.437,1.616,-3.275,4.91,4.935,4.958,4.979,4.999,5.017,5.034,5.049,5.063,5.076,5.087,5.097,5.139,5.154,5.151,5.136,5.087,5.028,4.971,4.918,4.871,4.831,4.797,4.683
467.0,475.0,3.702,1.052,1.896,-3.275,4.773,4.79,4.806,4.819,4.831,4.842,4.851,4.858,4.865,4.87,4.874,4.877,4.877,4.853,4.815,4.769,4.666,4.563,4.47,4.388,4.318,4.258,4.207,4.044
468.0,475.0,3.194,1.373,1.749,-3.275,4.576,4.582,4.587,4.591,4.594,4.596,4.596,4.596,4.594,4.592,4.588,4.585,4.548,4.496,4.435,4.371,4.241,4.121,4.016,3.926,3.85,3.785,3.731,3.556
469.0,475.0,3.347,1.235,1.139,-3.275,4.58,4.576,4.572,4.567,4.562,4.556,4.55,4.543,4.536,4.528,4.52,4.512,4.458,4.398,4.337,4.276,4.163,4.063,3.978,3.907,3.848,3.798,3.756,3.623
470.0,475.0,3.722,1.146,1.132,-3.275,4.867,4.866,4.863,4.86,4.857,4.853,4.848,4.843,4.837,4.831,4.824,4.817,4.771,4.717,4.662,4.606,4.5,4.406,4.326,4.258,4.201,4.154,4.114,3.986
471.0,475.0,3.681,1.235,0.991,-3.275,4.91,4.904,4.896,4.889,4.881,4.873,4.864,4.855,4.846,4.836,4.827,4.817,4.755,4.691,4.627,4.566,4.453,4.357,4.275,4.207,4.151,4.104,4.064,3.939
472.0,475.0,4.272,0.856,0.812,-3.275,5.127,5.125,5.123,5.12,5.117,5.113,5.109,5.105,5.1,5.095,5.09,5.084,5.048,5.007,4.965,4.923,4.844,4.775,4.715,4.665,4.624,4.589,4.559,4.466
473.0,475.0,4.18,1.0,0.221,-3.275,5.162,5.144,5.126,5.109,5.092,5.076,5.06,5.044,5.029,5.014,4.999,4.985,4.906,4.836,4.776,4.723,4.636,4.569,4.516,4.475,4.441,4.414,4.391,4.322
474.0,475.0,4.179,1.122,-0.44,-3.275,5.264,5.229,5.195,5.163,5.132,5.102,5.073,5.045,5.019,4.993,4.969,4.945,4.822,4.724,4.646,4.583,4.49,4.428,4.384,4.353,4.33,4.312,4.299,4.258
464.0,476.0,3.112,1.919,3.54,-3.275,5.068,5.101,5.131,5.157,5.18,5.201,5.218,5.234,5.246,5.257,5.265,5.272,5.276,5.236,5.168,5.083,4.894,4.706,4.534,4.383,4.253,4.143,4.049,3.746
465.0,476.0,3.827,1.135,2.631,-3.275,4.996,5.028,5.056,5.082,5.105,5.126,5.145,5.162,5.176,5.189,5.201,5.21,5.24,5.232,5.2,5.153,5.037,4.915,4.801,4.7,4.612,4.537,4.472,4.264
466.0,476.0,4.426,0.435,1.744,-3.275,4.891,4.919,4.945,4.969,4.991,5.011,5.03,5.047,5.062,5.077,5.09,5.101,5.149,5.168,5.167,5.153,5.104,5.043,4.982,4.927,4.878,4.835,4.799,4.678
467.0,476.0,3.671,1.055,2.109,-3.275,4.75,4.772,4.791,4.809,4.825,4.839,4.851,4.862,4.871,4.879,4.885,4.89,4.901,4.884,4.849,4.803,4.698,4.591,4.493,4.406,4.331,4.268,4.213,4.038
468.0,476.0,3.148,1.376,2.063,-3.275,4.539,4.553,4.564,4.574,4.582,4.589,4.594,4.598,4.601,4.602,4.603,4.602,4.581,4.538,4.482,4.419,4.287,4.161,4.048,3.951,3.868,3.798,3.738,3.547
469.0,476.0,3.286,1.231,1.516,-3.275,4.523,4.528,4.531,4.534,4.536,4.536,4.536,4.534,4.532,4.53,4.526,4.522,4.487,4.439,4.383,4.325,4.209,4.103,4.01,3.93,3.863,3.806,3.758,3.605
470.0,476.0,3.663,1.141,1.468,-3.275,4.811,4.817,4.821,4.825,4.827,4.829,4.83,4.829,4.828,4.826,4.824,4.821,4.791,4.749,4.698,4.645,4.537,4.437,4.349,4.274,4.21,4.157,4.111,3.966
471.0,476.0,3.615,1.229,1.361,-3.275,4.846,4.847,4.848,4.847,4.846,4.844,4.841,4.838,4.834,4.829,4.824,4.818,4.775,4.723,4.665,4.606,4.492,4.389,4.299,4.223,4.159,4.105,4.06,3.915
472.0,476.0,4.213,0.846,1.118,-3.275,5.064,5.069,5.074,5.077,5.079,5.081,5.082,5.082,5.082,5.081,5.079,5.077,5.057,5.026,4.989,4.95,4.869,4.795,4.729,4.673,4.625,4.584,4.55,4.441
473.0,476.0,4.097,0.983,0.639,-3.275,5.072,5.063,5.054,5.046,5.036,5.027,5.018,5.009,4.999,4.99,4.981,4.971,4.914,4.859,4.806,4.756,4.668,4.594,4.532,4.482,4.44,4.405,4.376,4.285
474.0,476.0,4.07,1.098,0.09,-3.275,5.144,5.121,5.098,5.076,5.055,5.035,5.015,4.995,4.976,4.958,4.94,4.923,4.828,4.747,4.679,4.62,4.526,4.455,4.401,4.358,4.325,4.298,4.276,4.208
475.0,476.0,4.07,1.186,-1.896,-3.275,5.184,5.116,5.051,4.99,4.931,4.876,4.823,4.773,4.726,4.681,4.638,4.598,4.395,4.249,4.144,4.07,3.983,3.944,3.931,3.93,3.936,3.944,3.953,3.988
465.0,477.0,3.817,1.146,2.731,-3.275,4.999,5.032,5.062,5.09,5.115,5.137,5.157,5.175,5.191,5.205,5.218,5.228,5.262,5.256,5.225,5.178,5.06,4.936,4.819,4.715,4.625,4.547,4.481,4.266
466.0,477.0,4.411,0.434,1.854,-3.275,4.877,4.908,4.936,4.962,4.986,5.008,5.029,5.047,5.064,5.08,5.094,5.107,5.161,5.183,5.184,5.17,5.12,5.057,4.994,4.936,4.885,4.84,4.802,4.676
467.0,477.0,3.646,1.061,2.294,-3.275,4.735,4.761,4.784,4.805,4.824,4.841,4.856,4.869,4.881,4.891,4.9,4.907,4.926,4.914,4.881,4.837,4.73,4.619,4.516,4.425,4.346,4.279,4.222,4.036
468.0,477.0,3.111,1.383,2.334,-3.275,4.516,4.535,4.552,4.567,4.58,4.591,4.6,4.608,4.614,4.619,4.622,4.625,4.616,4.581,4.529,4.467,4.332,4.2,4.081,3.978,3.889,3.813,3.749,3.542
469.0,477.0,3.237,1.231,1.842,-3.275,4.482,4.493,4.504,4.513,4.52,4.526,4.53,4.534,4.536,4.538,4.538,4.537,4.518,4.48,4.43,4.373,4.255,4.142,4.042,3.955,3.88,3.818,3.764,3.593
470.0,477.0,3.615,1.139,1.759,-3.275,4.768,4.78,4.791,4.8,4.808,4.814,4.819,4.823,4.826,4.828,4.829,4.829,4.815,4.781,4.735,4.683,4.573,4.468,4.374,4.292,4.222,4.163,4.113,3.951
471.0,477.0,3.56,1.226,1.681,-3.275,4.796,4.805,4.812,4.818,4.822,4.826,4.828,4.829,4.83,4.829,4.827,4.825,4.799,4.756,4.703,4.646,4.53,4.42,4.324,4.241,4.17,4.11,4.06,3.898
472.0,477.0,4.163,0.839,1.382,-3.275,5.014,5.025,5.035,5.043,5.051,5.057,5.062,5.066,5.069,5.072,5.074,5.075,5.068,5.046,5.013,4.976,4.894,4.815,4.744,4.681,4.628,4.583,4.545,4.421
473.0,477.0,4.027,0.971,0.999,-3.275,4.999,4.998,4.997,4.996,4.993,4.99,4.987,4.983,4.979,4.974,4.969,4.964,4.926,4.882,4.836,4.789,4.699,4.618,4.549,4.491,4.442,4.401,4.366,4.256
474.0,477.0,3.979,1.08,0.547,-3.275,5.046,5.033,5.02,5.007,4.995,4.982,4.97,4.957,4.945,4.933,4.92,4.908,4.838,4.772,4.712,4.657,4.561,4.482,4.418,4.366,4.324,4.289,4.259,4.167
475.0,477.0,3.912,1.146,-1.132,-3.275,5.005,4.954,4.906,4.86,4.816,4.774,4.734,4.696,4.659,4.625,4.592,4.56,4.4,4.279,4.189,4.121,4.031,3.981,3.952,3.936,3.926,3.921,3.918,3.914
476.0,477.0,4.162,0.852,-2.673,-3.275,4.932,4.854,4.781,4.712,4.647,4.585,4.527,4.472,4.42,4.371,4.325,4.282,4.071,3.927,3.832,3.771,3.718,3.715,3.735,3.765,3.796,3.827,3.854,3.951
466.0,478.0,4.399,0.435,1.948,-3.275,4.868,4.901,4.931,4.959,4.984,5.008,5.03,5.05,5.068,5.085,5.101,5.115,5.173,5.198,5.2,5.187,5.136,5.072,5.007,4.946,4.893,4.846,4.806,4.675
467.0,478.0,3.628,1.069,2.454,-3.275,4.728,4.757,4.784,4.807,4.829,4.848,4.866,4.881,4.895,4.907,4.917,4.926,4.952,4.944,4.914,4.87,4.761,4.647,4.54,4.445,4.362,4.292,4.232,4.037
468.0,478.0,3.083,1.393,2.568,-3.275,4.503,4.527,4.548,4.567,4.584,4.599,4.612,4.623,4.632,4.64,4.646,4.65,4.653,4.624,4.575,4.513,4.376,4.239,4.114,4.005,3.911,3.831,3.763,3.543
469.0,478.0,3.198,1.235,2.124,-3.275,4.453,4.471,4.487,4.501,4.513,4.524,4.533,4.54,4.547,4.551,4.555,4.557,4.552,4.522,4.476,4.42,4.3,4.181,4.074,3.981,3.9,3.832,3.774,3.588
470.0,478.0,3.577,1.141,2.01,-3.275,4.737,4.755,4.771,4.785,4.797,4.807,4.816,4.824,4.83,4.835,4.839,4.842,4.84,4.813,4.771,4.72,4.609,4.498,4.398,4.311,4.236,4.172,4.117,3.942
471.0,478.0,3.516,1.227,1.957,-3.275,4.76,4.775,4.787,4.798,4.808,4.816,4.822,4.828,4.832,4.834,4.836,4.837,4.824,4.789,4.741,4.685,4.567,4.452,4.349,4.26,4.183,4.118,4.063,3.886
472.0,478.0,4.123,0.835,1.611,-3.275,4.975,4.991,5.006,5.018,5.03,5.04,5.049,5.056,5.063,5.068,5.073,5.076,5.082,5.066,5.038,5.001,4.919,4.835,4.759,4.692,4.634,4.584,4.542,4.407
473.0,478.0,3.97,0.964,1.311,-3.275,4.941,4.948,4.953,4.957,4.961,4.963,4.965,4.966,4.966,4.965,4.964,4.962,4.941,4.907,4.865,4.82,4.729,4.643,4.567,4.502,4.447,4.4,4.361,4.234
474.0,478.0,3.903,1.067,0.941,-3.275,4.967,4.963,4.959,4.954,4.948,4.942,4.936,4.93,4.923,4.916,4.909,4.901,4.852,4.799,4.745,4.693,4.595,4.51,4.437,4.377,4.326,4.284,4.249,4.136
475.0,478.0,3.78,1.116,-0.473,-3.275,4.858,4.822,4.788,4.755,4.723,4.693,4.664,4.636,4.609,4.584,4.559,4.535,4.41,4.312,4.233,4.171,4.079,4.018,3.975,3.945,3.923,3.906,3.893,3.854
476.0,478.0,3.99,0.804,-1.834,-3.275,4.732,4.674,4.619,4.567,4.517,4.471,4.426,4.385,4.345,4.308,4.272,4.239,4.074,3.959,3.88,3.826,3.771,3.755,3.759,3.771,3.786,3.802,3.817,3.871
477.0,478.0,4.122,0.384,-2.509,-3.275,4.439,4.375,4.316,4.26,4.207,4.158,4.111,4.067,4.026,3.988,3.952,3.918,3.758,3.654,3.591,3.557,3.542,3.566,3.605,3.648,3.69,3.727,3.761,3.876
467.0,479.0,3.614,1.078,2.592,-3.275,4.727,4.759,4.788,4.814,4.838,4.859,4.879,4.896,4.911,4.925,4.937,4.947,4.979,4.975,4.946,4.902,4.791,4.674,4.563,4.465,4.379,4.306,4.244,4.04
468.0,479.0,3.063,1.405,2.77,-3.275,4.499,4.527,4.552,4.575,4.595,4.613,4.629,4.643,4.654,4.664,4.672,4.679,4.691,4.667,4.62,4.559,4.419,4.278,4.148,4.033,3.935,3.85,3.779,3.547
469.0,479.0,3.168,1.243,2.367,-3.275,4.436,4.459,4.48,4.499,4.515,4.529,4.542,4.553,4.562,4.57,4.576,4.581,4.587,4.564,4.521,4.467,4.344,4.22,4.107,4.008,3.922,3.849,3.787,3.587
470.0,479.0,3.546,1.146,2.226,-3.275,4.717,4.739,4.759,4.777,4.793,4.807,4.819,4.83,4.839,4.847,4.853,4.858,4.866,4.846,4.807,4.757,4.643,4.529,4.423,4.331,4.251,4.183,4.125,3.938
471.0,479.0,3.482,1.232,2.196,-3.275,4.735,4.755,4.772,4.788,4.801,4.813,4.823,4.832,4.839,4.845,4.849,4.853,4.851,4.823,4.778,4.724,4.603,4.484,4.375,4.28,4.198,4.129,4.07,3.879
472.0,479.0,4.09,0.833,1.808,-3.275,4.945,4.966,4.984,5.001,5.016,5.029,5.041,5.051,5.061,5.069,5.075,5.081,5.096,5.087,5.062,5.027,4.942,4.856,4.775,4.703,4.641,4.588,4.543,4.396
473.0,479.0,3.923,0.96,1.58,-3.275,4.896,4.909,4.92,4.929,4.937,4.945,4.95,4.955,4.959,4.962,4.964,4.965,4.957,4.932,4.895,4.852,4.758,4.668,4.586,4.515,4.454,4.402,4.359,4.217
474.0,479.0,3.841,1.059,1.282,-3.275,4.904,4.908,4.911,4.913,4.913,4.914,4.913,4.911,4.909,4.907,4.903,4.9,4.868,4.826,4.778,4.728,4.629,4.537,4.458,4.39,4.332,4.284,4.243,4.112
475.0,479.0,3.67,1.092,0.097,-3.275,4.739,4.716,4.694,4.672,4.651,4.631,4.611,4.592,4.573,4.555,4.537,4.52,4.426,4.346,4.278,4.22,4.126,4.055,4.001,3.959,3.925,3.898,3.876,3.808
476.0,479.0,3.847,0.765,-1.11,-3.275,4.568,4.526,4.487,4.449,4.414,4.38,4.348,4.317,4.288,4.26,4.234,4.209,4.084,3.993,3.928,3.88,3.823,3.796,3.785,3.782,3.783,3.786,3.79,3.807
477.0,479.0,3.971,0.337,-1.738,-3.275,4.26,4.215,4.172,4.132,4.094,4.058,4.024,3.993,3.963,3.935,3.909,3.885,3.767,3.69,3.641,3.614,3.598,3.609,3.633,3.66,3.687,3.712,3.734,3.809
478.0,479.0,4.437,-0.009,-1.038,-3.275,4.404,4.381,4.36,4.341,4.323,4.305,4.289,4.275,4.261,4.248,4.236,4.225,4.173,4.143,4.128,4.123,4.131,4.151,4.175,4.199,4.221,4.241,4.258,4.315
468.0,480.0,3.048,1.42,2.945,-3.275,4.503,4.534,4.563,4.589,4.612,4.632,4.65,4.666,4.68,4.692,4.702,4.71,4.73,4.71,4.664,4.604,4.461,4.316,4.181,4.062,3.959,3.871,3.797,3.554
469.0,480.0,3.146,1.253,2.577,-3.275,4.429,4.456,4.481,4.503,4.523,4.541,4.557,4.57,4.582,4.592,4.601,4.608,4.624,4.606,4.566,4.512,4.387,4.258,4.14,4.036,3.945,3.868,3.803,3.59
470.0,480.0,3.523,1.153,2.414,-3.275,4.705,4.731,4.754,4.776,4.795,4.812,4.827,4.84,4.852,4.862,4.87,4.877,4.894,4.878,4.842,4.793,4.677,4.558,4.448,4.351,4.267,4.196,4.135,3.937
471.0,480.0,3.454,1.239,2.403,-3.275,4.719,4.743,4.765,4.784,4.801,4.816,4.83,4.841,4.851,4.859,4.866,4.871,4.88,4.857,4.815,4.761,4.639,4.515,4.401,4.301,4.215,4.141,4.079,3.877
472.0,480.0,4.063,0.834,1.978,-3.275,4.924,4.948,4.97,4.989,5.007,5.024,5.038,5.051,5.062,5.073,5.081,5.089,5.113,5.108,5.086,5.051,4.966,4.876,4.791,4.715,4.65,4.593,4.545,4.39
473.0,480.0,3.885,0.958,1.812,-3.275,4.862,4.88,4.896,4.91,4.922,4.933,4.943,4.951,4.958,4.963,4.968,4.972,4.976,4.957,4.924,4.882,4.787,4.692,4.605,4.529,4.463,4.407,4.36,4.206
474.0,480.0,3.789,1.055,1.576,-3.275,4.856,4.866,4.875,4.883,4.889,4.894,4.898,4.901,4.903,4.904,4.904,4.904,4.887,4.854,4.811,4.763,4.661,4.565,4.479,4.404,4.341,4.287,4.241,4.095
475.0,480.0,3.579,1.076,0.588,-3.275,4.644,4.632,4.62,4.608,4.596,4.584,4.573,4.561,4.549,4.537,4.526,4.514,4.446,4.382,4.323,4.268,4.172,4.093,4.028,3.975,3.932,3.896,3.866,3.772
476.0,480.0,3.728,0.735,-0.487,-3.275,4.434,4.407,4.381,4.356,4.332,4.309,4.287,4.266,4.246,4.227,4.209,4.191,4.1,4.03,3.976,3.933,3.874,3.837,3.813,3.797,3.786,3.779,3.773,3.757
477.0,480.0,3.847,0.3,-1.074,-3.275,4.115,4.085,4.056,4.029,4.004,3.98,3.958,3.936,3.916,3.897,3.88,3.863,3.782,3.727,3.692,3.67,3.652,3.653,3.664,3.677,3.691,3.704,3.716,3.757
478.0,480.0,4.347,-0.04,-0.556,-3.275,4.294,4.283,4.273,4.263,4.254,4.246,4.238,4.23,4.224,4.217,4.211,4.206,4.182,4.168,4.162,4.162,4.169,4.182,4.197,4.211,4.224,4.235,4.245,4.277
479.0,480.0,4.191,0.126,-0.437,-3.275,4.304,4.292,4.28,4.269,4.259,4.249,4.239,4.231,4.223,4.215,4.207,4.201,4.167,4.145,4.13,4.121,4.113,4.114,4.117,4.123,4.128,4.134,4.138,4.155
469.0,481.0,3.13,1.265,2.758,-3.275,4.429,4.46,4.489,4.514,4.537,4.558,4.576,4.592,4.606,4.618,4.629,4.638,4.662,4.648,4.61,4.556,4.428,4.296,4.173,4.064,3.97,3.889,3.82,3.597
470.0,481.0,3.505,1.162,2.576,-3.275,4.7,4.729,4.756,4.78,4.802,4.822,4.839,4.855,4.868,4.88,4.89,4.899,4.923,4.911,4.877,4.828,4.71,4.588,4.474,4.373,4.285,4.21,4.146,3.939
471.0,481.0,3.433,1.248,2.581,-3.275,4.712,4.739,4.764,4.787,4.807,4.825,4.841,4.855,4.867,4.877,4.886,4.893,4.909,4.892,4.852,4.798,4.673,4.546,4.427,4.323,4.233,4.156,4.09,3.877
472.0,481.0,4.042,0.837,2.125,-3.275,4.909,4.936,4.961,4.983,5.004,5.022,5.039,5.054,5.068,5.08,5.09,5.099,5.13,5.13,5.109,5.075,4.989,4.896,4.807,4.728,4.659,4.6,4.55,4.386
473.0,481.0,3.854,0.96,2.013,-3.275,4.838,4.86,4.88,4.897,4.913,4.928,4.94,4.951,4.961,4.969,4.976,4.982,4.996,4.983,4.953,4.912,4.816,4.717,4.625,4.544,4.474,4.415,4.364,4.199
474.0,481.0,3.748,1.054,1.831,-3.275,4.82,4.836,4.85,4.862,4.873,4.882,4.89,4.897,4.902,4.906,4.91,4.912,4.908,4.883,4.844,4.797,4.694,4.592,4.5,4.42,4.351,4.293,4.243,4.083
475.0,481.0,3.505,1.065,1.011,-3.275,4.569,4.566,4.563,4.56,4.556,4.551,4.546,4.541,4.535,4.529,4.522,4.515,4.47,4.419,4.367,4.315,4.217,4.13,4.057,3.995,3.943,3.899,3.863,3.746
476.0,481.0,3.631,0.712,0.051,-3.275,4.327,4.312,4.297,4.283,4.269,4.256,4.243,4.23,4.217,4.205,4.194,4.182,4.121,4.068,4.024,3.985,3.924,3.879,3.843,3.816,3.795,3.777,3.763,3.719
477.0,481.0,3.745,0.27,-0.503,-3.275,3.998,3.981,3.964,3.949,3.934,3.921,3.907,3.895,3.883,3.872,3.862,3.852,3.802,3.767,3.742,3.724,3.705,3.697,3.696,3.698,3.7,3.703,3.707,3.718
478.0,481.0,4.273,-0.066,-0.141,-3.275,4.206,4.204,4.203,4.201,4.2,4.199,4.198,4.197,4.197,4.196,4.196,4.195,4.194,4.195,4.197,4.2,4.206,4.213,4.219,4.225,4.23,4.234,4.238,4.249
479.0,481.0,4.116,0.103,-0.009,-3.275,4.216,4.213,4.211,4.208,4.206,4.204,4.201,4.199,4.197,4.195,4.194,4.192,4.182,4.174,4.167,4.162,4.153,4.147,4.142,4.139,4.136,4.134,4.132,4.126
480.0,481.0,4.805,-0.706,-0.652,-3.275,4.1,4.102,4.104,4.107,4.11,4.113,4.117,4.121,4.125,4.129,4.134,4.139,4.17,4.204,4.239,4.274,4.339,4.395,4.444,4.485,4.519,4.547,4.571,4.647
470.0,482.0,3.493,1.173,2.716,-3.275,4.701,4.734,4.763,4.79,4.814,4.835,4.855,4.872,4.887,4.901,4.912,4.922,4.952,4.944,4.911,4.862,4.743,4.617,4.499,4.394,4.304,4.226,4.159,3.944
471.0,482.0,3.418,1.259,2.736,-3.275,4.711,4.742,4.77,4.795,4.817,4.838,4.856,4.872,4.886,4.898,4.908,4.917,4.94,4.926,4.888,4.834,4.707,4.576,4.454,4.345,4.251,4.171,4.103,3.881
472.0,482.0,4.026,0.841,2.253,-3.275,4.9,4.93,4.957,4.982,5.004,5.025,5.044,5.061,5.076,5.089,5.101,5.111,5.148,5.151,5.132,5.099,5.011,4.915,4.824,4.742,4.67,4.609,4.556,4.385
473.0,482.0,3.83,0.964,2.186,-3.275,4.822,4.847,4.87,4.891,4.91,4.927,4.943,4.956,4.968,4.979,4.988,4.995,5.018,5.01,4.982,4.942,4.844,4.741,4.645,4.56,4.487,4.424,4.37,4.195
474.0,482.0,3.715,1.056,2.05,-3.275,4.794,4.814,4.833,4.849,4.864,4.877,4.888,4.898,4.906,4.913,4.919,4.924,4.931,4.912,4.876,4.83,4.725,4.62,4.523,4.437,4.364,4.301,4.248,4.075
475.0,482.0,3.445,1.059,1.377,-3.275,4.511,4.517,4.522,4.525,4.528,4.53,4.53,4.53,4.53,4.528,4.526,4.523,4.496,4.457,4.411,4.361,4.261,4.168,4.086,4.016,3.956,3.906,3.864,3.728
476.0,482.0,3.552,0.695,0.514,-3.275,4.242,4.238,4.233,4.228,4.222,4.217,4.211,4.206,4.2,4.194,4.188,4.182,4.145,4.108,4.071,4.036,3.973,3.92,3.875,3.838,3.807,3.781,3.76,3.692
477.0,482.0,3.663,0.247,-0.011,-3.275,3.904,3.899,3.893,3.887,3.882,3.877,3.872,3.867,3.862,3.858,3.853,3.849,3.826,3.807,3.791,3.778,3.757,3.741,3.73,3.721,3.714,3.709,3.704,3.691
478.0,482.0,4.214,-0.086,0.215,-3.275,4.134,4.141,4.147,4.153,4.159,4.164,4.169,4.174,4.179,4.183,4.187,4.191,4.209,4.222,4.231,4.237,4.243,4.244,4.243,4.241,4.239,4.237,4.235,4.229
479.0,482.0,4.055,0.084,0.358,-3.275,4.145,4.151,4.156,4.161,4.166,4.17,4.174,4.178,4.181,4.184,4.187,4.19,4.2,4.204,4.204,4.202,4.192,4.18,4.168,4.157,4.147,4.138,4.131,4.106
480.0,482.0,4.751,-0.734,-0.331,-3.275,4.026,4.036,4.045,4.055,4.064,4.073,4.082,4.091,4.1,4.109,4.118,4.127,4.177,4.222,4.264,4.302,4.367,4.419,4.462,4.496,4.525,4.548,4.567,4.627
471.0,483.0,3.407,1.273,2.87,-3.275,4.716,4.75,4.78,4.807,4.832,4.854,4.874,4.892,4.907,4.921,4.932,4.942,4.971,4.96,4.923,4.87,4.741,4.606,4.48,4.368,4.271,4.188,4.117,3.888
472.0,483.0,4.014,0.847,2.363,-3.275,4.896,4.928,4.957,4.984,5.009,5.031,5.051,5.069,5.086,5.101,5.114,5.125,5.167,5.173,5.155,5.122,5.033,4.935,4.84,4.756,4.682,4.618,4.563,4.386
473.0,483.0,3.811,0.97,2.336,-3.275,4.812,4.841,4.867,4.891,4.912,4.932,4.949,4.965,4.979,4.991,5.001,5.011,5.04,5.036,5.01,4.97,4.871,4.765,4.666,4.577,4.5,4.434,4.378,4.195
474.0,483.0,3.689,1.061,2.24,-3.275,4.777,4.801,4.823,4.843,4.861,4.877,4.891,4.904,4.915,4.924,4.932,4.939,4.955,4.941,4.908,4.863,4.756,4.647,4.545,4.455,4.378,4.311,4.255,4.072
475.0,483.0,3.397,1.058,1.692,-3.275,4.469,4.482,4.493,4.502,4.511,4.518,4.523,4.528,4.531,4.534,4.536,4.536,4.525,4.496,4.454,4.406,4.304,4.205,4.116,4.039,3.973,3.917,3.869,3.716
476.0,483.0,3.488,0.684,0.913,-3.275,4.177,4.181,4.185,4.187,4.189,4.191,4.192,4.192,4.192,4.191,4.19,4.189,4.173,4.148,4.118,4.086,4.022,3.961,3.908,3.862,3.823,3.79,3.762,3.673
477.0,483.0,3.598,0.23,0.412,-3.275,3.832,3.836,3.839,3.842,3.844,3.847,3.848,3.85,3.851,3.853,3.853,3.854,3.854,3.849,3.84,3.83,3.808,3.785,3.765,3.747,3.732,3.719,3.708,3.672
478.0,483.0,4.167,-0.103,0.521,-3.275,4.078,4.092,4.105,4.117,4.128,4.139,4.149,4.159,4.168,4.176,4.184,4.191,4.227,4.25,4.265,4.273,4.278,4.275,4.268,4.26,4.252,4.244,4.238,4.215
479.0,483.0,4.007,0.069,0.674,-3.275,4.09,4.103,4.115,4.127,4.137,4.147,4.156,4.165,4.173,4.18,4.187,4.193,4.22,4.235,4.241,4.241,4.23,4.213,4.194,4.176,4.16,4.146,4.134,4.093
480.0,483.0,4.708,-0.758,-0.056,-3.275,3.966,3.982,3.998,4.013,4.028,4.042,4.056,4.069,4.083,4.095,4.108,4.12,4.186,4.241,4.289,4.33,4.395,4.443,4.481,4.51,4.533,4.552,4.567,4.613
472.0,484.0,4.005,0.855,2.458,-3.275,4.896,4.93,4.961,4.99,5.016,5.039,5.061,5.081,5.098,5.114,5.128,5.14,5.186,5.195,5.178,5.145,5.055,4.954,4.857,4.77,4.694,4.628,4.572,4.389
473.0,484.0,3.797,0.977,2.466,-3.275,4.809,4.84,4.868,4.895,4.918,4.94,4.959,4.976,4.992,5.005,5.017,5.028,5.063,5.062,5.038,4.999,4.898,4.789,4.686,4.594,4.514,4.446,4.387,4.197
474.0,484.0,3.668,1.068,2.404,-3.275,4.767,4.795,4.82,4.843,4.864,4.883,4.899,4.914,4.927,4.938,4.948,4.956,4.98,4.971,4.94,4.895,4.787,4.673,4.568,4.474,4.393,4.323,4.264,4.071
475.0,484.0,3.359,1.059,1.965,-3.275,4.44,4.458,4.475,4.489,4.502,4.514,4.524,4.532,4.539,4.545,4.55,4.554,4.556,4.535,4.497,4.451,4.346,4.242,4.147,4.063,3.991,3.93,3.878,3.71
476.0,484.0,3.438,0.677,1.257,-3.275,4.128,4.14,4.15,4.16,4.168,4.175,4.182,4.187,4.192,4.196,4.199,4.201,4.203,4.189,4.165,4.135,4.069,4.002,3.941,3.888,3.842,3.803,3.769,3.662
477.0,484.0,3.546,0.218,0.775,-3.275,3.777,3.789,3.8,3.81,3.819,3.828,3.836,3.843,3.849,3.855,3.86,3.865,3.884,3.891,3.889,3.881,3.857,3.829,3.801,3.775,3.753,3.733,3.716,3.662
478.0,484.0,4.13,-0.116,0.784,-3.275,4.035,4.055,4.073,4.091,4.107,4.123,4.137,4.151,4.163,4.175,4.186,4.197,4.247,4.279,4.298,4.309,4.313,4.305,4.293,4.279,4.266,4.254,4.244,4.208
479.0,484.0,3.969,0.058,0.945,-3.275,4.048,4.068,4.086,4.102,4.118,4.133,4.146,4.159,4.17,4.181,4.191,4.201,4.243,4.266,4.277,4.279,4.267,4.246,4.221,4.198,4.176,4.157,4.141,4.086
480.0,484.0,4.675,-0.779,0.179,-3.275,3.918,3.94,3.96,3.981,4.0,4.019,4.037,4.054,4.071,4.087,4.102,4.117,4.197,4.261,4.313,4.356,4.422,4.467,4.5,4.525,4.544,4.558,4.57,4.605
473.0,485.0,3.787,0.986,2.578,-3.275,4.81,4.843,4.874,4.902,4.928,4.951,4.972,4.99,5.007,5.022,5.035,5.047,5.087,5.089,5.066,5.026,4.924,4.812,4.707,4.612,4.529,4.458,4.398,4.2
474.0,485.0,3.653,1.077,2.546,-3.275,4.764,4.795,4.823,4.848,4.871,4.892,4.911,4.927,4.942,4.955,4.966,4.976,5.006,5.0,4.971,4.926,4.816,4.7,4.591,4.493,4.409,4.336,4.274,4.074
475.0,485.0,3.33,1.064,2.199,-3.275,4.421,4.444,4.466,4.485,4.502,4.517,4.531,4.542,4.553,4.561,4.569,4.575,4.589,4.574,4.54,4.494,4.388,4.279,4.178,4.089,4.012,3.946,3.89,3.709
476.0,485.0,3.399,0.674,1.552,-3.275,4.093,4.111,4.128,4.143,4.157,4.169,4.18,4.19,4.199,4.206,4.213,4.218,4.235,4.23,4.211,4.183,4.115,4.042,3.975,3.915,3.863,3.818,3.78,3.657
477.0,485.0,3.507,0.209,1.087,-3.275,3.737,3.756,3.773,3.79,3.805,3.819,3.831,3.843,3.854,3.864,3.873,3.882,3.917,3.934,3.937,3.931,3.906,3.872,3.837,3.805,3.776,3.751,3.729,3.658
478.0,485.0,4.103,-0.126,1.009,-3.275,4.003,4.028,4.051,4.073,4.094,4.113,4.131,4.148,4.164,4.179,4.193,4.206,4.268,4.308,4.331,4.343,4.347,4.336,4.319,4.3,4.283,4.267,4.253,4.205
479.0,485.0,3.941,0.051,1.178,-3.275,4.018,4.042,4.065,4.087,4.107,4.125,4.142,4.159,4.174,4.188,4.201,4.213,4.267,4.298,4.313,4.317,4.304,4.278,4.249,4.22,4.194,4.171,4.151,4.084
480.0,485.0,4.65,-0.798,0.379,-3.275,3.88,3.906,3.932,3.956,3.979,4.002,4.023,4.044,4.063,4.082,4.101,4.118,4.209,4.281,4.338,4.383,4.448,4.491,4.52,4.541,4.556,4.567,4.576,4.601
474.0,486.0,3.643,1.087,2.669,-3.275,4.766,4.799,4.83,4.857,4.882,4.905,4.925,4.943,4.96,4.974,4.986,4.997,5.033,5.03,5.001,4.957,4.845,4.726,4.613,4.513,4.425,4.35,4.286,4.078
475.0,486.0,3.309,1.072,2.402,-3.275,4.412,4.439,4.464,4.487,4.508,4.526,4.543,4.557,4.57,4.581,4.591,4.599,4.623,4.613,4.582,4.537,4.428,4.315,4.209,4.115,4.034,3.964,3.905,3.712
476.0,486.0,3.369,0.675,1.807,-3.275,4.07,4.094,4.116,4.136,4.154,4.171,4.186,4.199,4.211,4.222,4.231,4.24,4.269,4.272,4.257,4.23,4.159,4.083,4.009,3.943,3.886,3.837,3.794,3.657
477.0,486.0,3.479,0.205,1.355,-3.275,3.71,3.735,3.758,3.779,3.799,3.818,3.835,3.85,3.865,3.879,3.891,3.902,3.952,3.976,3.984,3.98,3.953,3.915,3.874,3.836,3.801,3.771,3.745,3.66
478.0,486.0,4.083,-0.134,1.201,-3.275,3.98,4.009,4.037,4.062,4.087,4.109,4.131,4.151,4.169,4.187,4.203,4.218,4.291,4.337,4.364,4.377,4.38,4.366,4.345,4.322,4.301,4.281,4.264,4.207
479.0,486.0,3.921,0.045,1.378,-3.275,3.997,4.026,4.053,4.078,4.102,4.124,4.144,4.164,4.181,4.198,4.213,4.228,4.292,4.33,4.348,4.353,4.34,4.31,4.277,4.244,4.214,4.187,4.163,4.086
480.0,486.0,4.632,-0.814,0.55,-3.275,3.851,3.881,3.91,3.938,3.965,3.99,4.015,4.038,4.06,4.082,4.102,4.122,4.223,4.301,4.361,4.408,4.474,4.514,4.541,4.558,4.57,4.578,4.585,4.602
475.0,487.0,3.294,1.082,2.577,-3.275,4.41,4.441,4.47,4.496,4.519,4.541,4.56,4.576,4.592,4.605,4.616,4.626,4.658,4.652,4.623,4.578,4.468,4.35,4.24,4.142,4.056,3.983,3.921,3.718
476.0,487.0,3.348,0.678,2.026,-3.275,4.057,4.086,4.112,4.136,4.158,4.178,4.197,4.213,4.228,4.242,4.254,4.265,4.305,4.314,4.301,4.276,4.203,4.122,4.044,3.973,3.911,3.857,3.811,3.662
477.0,487.0,3.459,0.203,1.585,-3.275,3.694,3.724,3.751,3.777,3.801,3.824,3.844,3.863,3.881,3.898,3.913,3.926,3.988,4.019,4.031,4.028,4.0,3.957,3.911,3.867,3.828,3.794,3.764,3.666
478.0,487.0,4.069,-0.139,1.366,-3.275,3.965,3.998,4.029,4.058,4.085,4.111,4.135,4.157,4.178,4.198,4.216,4.234,4.315,4.366,4.396,4.41,4.412,4.395,4.371,4.345,4.32,4.298,4.278,4.212
479.0,487.0,3.907,0.043,1.548,-3.275,3.984,4.017,4.048,4.076,4.103,4.128,4.151,4.173,4.193,4.212,4.229,4.245,4.319,4.362,4.383,4.389,4.374,4.342,4.305,4.268,4.234,4.204,4.178,4.091
480.0,487.0,4.621,-0.828,0.695,-3.275,3.828,3.862,3.895,3.926,3.955,3.984,4.011,4.036,4.061,4.084,4.107,4.128,4.238,4.321,4.385,4.433,4.499,4.538,4.561,4.576,4.585,4.591,4.595,4.605
476.0,488.0,3.334,0.684,2.214,-3.275,4.053,4.086,4.116,4.143,4.169,4.192,4.213,4.232,4.25,4.265,4.279,4.292,4.341,4.355,4.346,4.321,4.246,4.161,4.078,4.003,3.936,3.879,3.83,3.67
477.0,488.0,3.446,0.204,1.782,-3.275,3.687,3.721,3.753,3.782,3.81,3.835,3.859,3.881,3.902,3.92,3.938,3.954,4.025,4.062,4.076,4.075,4.045,3.998,3.948,3.9,3.856,3.818,3.786,3.677
478.0,488.0,4.061,-0.142,1.507,-3.275,3.957,3.993,4.027,4.059,4.089,4.117,4.143,4.167,4.19,4.212,4.232,4.251,4.339,4.395,4.427,4.443,4.444,4.424,4.397,4.368,4.34,4.315,4.293,4.219
479.0,488.0,3.899,0.042,1.694,-3.275,3.979,4.014,4.048,4.079,4.109,4.136,4.162,4.186,4.208,4.228,4.247,4.265,4.346,4.394,4.417,4.424,4.408,4.373,4.333,4.293,4.256,4.223,4.195,4.1
480.0,488.0,4.614,-0.84,0.818,-3.275,3.813,3.85,3.885,3.918,3.95,3.981,4.01,4.038,4.064,4.09,4.114,4.137,4.254,4.341,4.408,4.457,4.523,4.56,4.582,4.594,4.601,4.605,4.608,4.611
477.0,489.0,3.44,0.207,1.95,-3.275,3.688,3.725,3.761,3.793,3.824,3.852,3.878,3.903,3.925,3.946,3.966,3.983,4.062,4.105,4.121,4.121,4.089,4.039,3.984,3.933,3.886,3.844,3.809,3.691
478.0,489.0,4.058,-0.144,1.627,-3.275,3.955,3.993,4.03,4.064,4.096,4.126,4.154,4.18,4.205,4.228,4.25,4.27,4.364,4.424,4.458,4.474,4.475,4.453,4.423,4.391,4.361,4.334,4.31,4.23
479.0,489.0,3.895,0.042,1.819,-3.275,3.979,4.017,4.053,4.087,4.119,4.148,4.176,4.201,4.225,4.247,4.268,4.287,4.374,4.425,4.45,4.458,4.441,4.404,4.36,4.318,4.278,4.243,4.213,4.111
480.0,489.0,4.612,-0.851,0.922,-3.275,3.802,3.842,3.879,3.915,3.949,3.982,4.013,4.042,4.07,4.097,4.122,4.147,4.27,4.362,4.43,4.481,4.547,4.583,4.602,4.613,4.618,4.62,4.621,4.62
478.0,490.0,4.059,-0.145,1.729,-3.275,3.957,3.998,4.036,4.073,4.106,4.138,4.168,4.196,4.222,4.246,4.269,4.29,4.39,4.452,4.488,4.505,4.505,4.481,4.449,4.415,4.383,4.354,4.328,4.242
479.0,490.0,3.896,0.044,1.926,-3.275,3.984,4.025,4.063,4.098,4.132,4.163,4.192,4.219,4.245,4.268,4.29,4.31,4.403,4.456,4.483,4.491,4.474,4.434,4.388,4.343,4.301,4.264,4.232,4.124
480.0,490.0,4.614,-0.861,1.009,-3.275,3.796,3.838,3.877,3.915,3.951,3.985,4.017,4.048,4.078,4.106,4.132,4.158,4.286,4.382,4.452,4.504,4.57,4.605,4.623,4.632,4.635,4.636,4.636,4.631
479.0,491.0,3.9,0.047,2.016,-3.275,3.993,4.036,4.076,4.113,4.148,4.181,4.211,4.239,4.266,4.29,4.313,4.334,4.431,4.487,4.515,4.524,4.505,4.464,4.416,4.368,4.324,4.286,4.252,4.139
480.0,491.0,4.618,-0.87,1.082,-3.275,3.794,3.837,3.879,3.918,3.955,3.991,4.024,4.057,4.087,4.116,4.144,4.17,4.303,4.401,4.473,4.526,4.593,4.627,4.643,4.651,4.653,4.653,4.652,4.643
480.0,492.0,4.626,-0.878,1.143,-3.275,3.795,3.84,3.882,3.923,3.962,3.998,4.033,4.066,4.098,4.128,4.156,4.183,4.32,4.421,4.494,4.548,4.614,4.648,4.664,4.67,4.671,4.67,4.668,4.656
