11.233942273039881,-3.5898361762948774,-1.8574671996958114,0.01990857514687545,2.4591011677610024,0.05022800442275369,-1.2576064702416325,-0.06810133044828681,-0.046328207778239774,-0.02701240986707481,-0.06827283700286166,-0.04440083946748701,-0.005086982737409065,-0.09638899729811502,0.0006561931033828738,-0.012714686942867507,-0.07916587577741653,-0.0227601837336228,-0.05752376734167724,-0.04391933915578443,-0.049417007659723226
11.91603577832633,-3.6961580479794645,-1.6107167524580244,0.019974169206993294,2.459072214523101,0.05022779284114911,-1.2575643053967578,-0.06813016564099453,-0.04628393807961587,-0.027050128294262926,-0.06830214339386641,-0.0443274794510042,-0.004929521702222739,-0.09636186040193698,0.0007738906427572452,-0.012586526964613473,-0.07909790797978875,-0.022657665569852905,-0.0573646950922329,-0.04407428022235875,-0.049540654712137665
11.67125413961697,-3.682876389537112,-1.423122836725912,0.02002917407701559,2.4590246835077556,0.05024229351761167,-1.2575232275287298,-0.06817756600078033,-0.046232727328723605,-0.02705912017917261,-0.06835002429250447,-0.04428570172067986,-0.0048134823616214385,-0.09632398016385293,0.000762812747676093,-0.01248138869996658,-0.0790264632326051,-0.022597570938313306,-0.05725144495295053,-0.04418378809079636,-0.04944718069577735
11.570592626930807,-4.093306914874282,-2.0492860055928843,0.020067331563410444,2.4590060275024674,0.0502483632378809,-1.2574945174790821,-0.06819608319038746,-0.04621379508758752,-0.027061031158854453,-0.06836906108891468,-0.04426097828299888,-0.0047423445171978175,-0.09631560317581564,0.0006256548471539141,-0.012384637864174035,-0.07900501296112811,-0.02261184080905891,-0.057188973039446436,-0.044243543925693796,-0.049272076124774355
10.609814803696306,-3.7732699097002604,-2.6008260116995165,0.020185841755010717,2.4590908430881426,0.05013616992548167,-1.2573748680350147,-0.06811140644848712,-0.04631933850405385,-0.027163231053425975,-0.06828490348195614,-0.04414520893048594,-0.004691761734467839,-0.09645202293765118,0.00047213020078858267,-0.012186955375511907,-0.07912133680454601,-0.022582918277336564,-0.05717307505330867,-0.0442575909485335,-0.04910269700336858
10.625047755588266,-4.0783798941360185,-2.8621442984193353,0.020328451019427755,2.4591473779070765,0.05002916046873191,-1.2572532368678675,-0.0680549646394645,-0.04639210446524315,-0.02729668630452478,-0.06822882642981329,-0.04397510227314141,-0.004418941496283913,-0.09656453445946404,0.0005301984591585947,-0.011940861140127539,-0.07919294945440442,-0.022389037636555392,-0.05691568200504954,-0.044510114209527815,-0.04910649435431795
10.905499025248083,-4.040196179586937,-2.6727705259397236,0.020414642732761293,2.4591401666869483,0.04999622435616452,-1.257165237382982,-0.06806216498434647,-0.04640569122496304,-0.02731829275159598,-0.06823635789743945,-0.04393279387665176,-0.004357900071681974,-0.09658971642250161,0.0004466355103639403,-0.0118152167478674,-0.07919164179483514,-0.022366074400359138,-0.05687198410708236,-0.04455150282781553,-0.049020993001885234
10.628247003490024,-3.80110524586898,-2.652235040423463,0.020502005973521642,2.4591736247252967,0.049938022248322216,-1.2570709112685923,-0.06802875325787944,-0.046457905045698605,-0.027349881333610562,-0.06820326640215815,-0.04389536229805966,-0.004379361723037861,-0.09665229336747448,0.0003432587312940929,-0.011704201258496761,-0.07923799969515749,-0.022402343103954166,-0.056905572419968645,-0.04451664689013794,-0.04893820585283987
10.711829276636228,-3.9230831907616093,-2.9101165929449304,0.020530469153851445,2.459188030454719,0.049940809006803075,-1.2570225690789516,-0.06801433486203848,-0.04647446405389292,-0.02729366247782251,-0.06818914487788241,-0.043972673986563064,-0.004523816976066257,-0.09665847862255922,0.00024093633528685926,-0.011733000077961188,-0.07925951000088903,-0.02253799498573304,-0.057044090041456566,-0.044375875912080726,-0.0488907134866499
10.40552972194198,-3.4993259537104398,-2.9229745320762857,0.020562591513353008,2.4591820192984164,0.049944444246341875,-1.2569818758720155,-0.06802036252988035,-0.04647725105709556,-0.027252608206794753,-0.06819547836671665,-0.04402197648811024,-0.0046071110535302155,-0.09667068872062082,0.00022973440120366916,-0.011731873852392287,-0.07927809861107867,-0.022582870956406185,-0.05712806911872935,-0.044288484375099524,-0.04889851295904223
9.948831542203994,-3.0369581393605634,-2.609794822681127,0.020580244943474008,2.4591436168660046,0.0499667571010119,-1.2569672426005465,-0.06805876555301968,-0.04644515073018968,-0.02722011619826207,-0.0682342274607837,-0.04404634483134345,-0.004609211075781998,-0.09665082295983253,0.0002425935440187573,-0.011698807635833369,-0.07924883021883536,-0.022594326626781448,-0.057130453132371375,-0.04428251398252098,-0.04891225608983871
9.301767961621204,-2.4594811373657763,-2.373744115725931,0.02053787223802832,2.4590603101104493,0.0500593902528855,-1.2569826111628273,-0.0681419902329553,-0.046370426262835406,-0.02707142464854324,-0.06831784516121693,-0.0441948598054836,-0.004718314107242164,-0.09653746964317399,0.00023015373515429378,-0.011811687349284696,-0.0791644356644391,-0.022676561341306016,-0.05723347221980638,-0.044175876056545244,-0.04892672720805977
9.450704911508613,-2.586924924884565,-2.708317717667145,0.020501200254747654,2.4590108959680417,0.05012679312708213,-1.2570068261708345,-0.06819135619370208,-0.04631602228975333,-0.026975951530794354,-0.06836762873201813,-0.044287084644841296,-0.004791065796915996,-0.09645895871268234,0.00022906346758462992,-0.01189253706658362,-0.07911874898120752,-0.022737677410510464,-0.057304425187413716,-0.04410102646326147,-0.04894404874851762
8.261729067075294,-1.2910800262820308,-1.100290328623206,0.020487145060533795,2.458926509309939,0.05017504064718408,-1.2570227597271464,-0.06827577880419784,-0.046254261841307646,-0.026919165197382165,-0.06845243979496869,-0.04431964363963774,-0.004735073818067733,-0.0964084781116478,0.0002548007264920175,-0.011854644196260464,-0.07904815199245577,-0.022732325431698317,-0.05724576273079332,-0.04415637215811005,-0.048960552367593786
7.5388337480736105,-1.173781712905197,-0.9109561753167658,0.020480878359422607,2.458851869793708,0.05021447541032283,-1.257036870139421,-0.06835046649403738,-0.04619557424595713,-0.026884136143629802,-0.06852753505624017,-0.044329842593620834,-0.004660992742369951,-0.09636183968283998,0.00028155853547719866,-0.011802819979293326,-0.07897776448864106,-0.022719992817575776,-0.05716770830974481,-0.04423138808022621,-0.04897549639629872
7.6137074328698695,-1.6053938958217726,-0.9888534328479667,0.0204824910548973,2.4587814326105244,0.05024420223445206,-1.2570397918686558,-0.06842094010413591,-0.04614772404726575,-0.026849065794984164,-0.06859843171206279,-0.04434167101599866,-0.004584494112067405,-0.09632368003528013,0.0003046378715483836,-0.01174509783302653,-0.0789123474055988,-0.022707344584248494,-0.05708725644297645,-0.04430894297300539,-0.048987684641368
8.381765256200639,-2.233400108207515,-1.378964148812256,0.020557769632331052,2.458760013646308,0.05019810009192316,-1.256972002486135,-0.06844246841033381,-0.04616297825381376,-0.026883134463809022,-0.06862060850536139,-0.04428943811138471,-0.004486794733617376,-0.09634821203113544,0.00032106758648195243,-0.01162775827674384,-0.07889655111483018,-0.02267022988108706,-0.056990027359115354,-0.04440338144310022,-0.04899021761974492
7.808560998463364,-1.9273371818288103,-1.307501473720609,0.020595891586539655,2.4587179959629752,0.05018993033196084,-1.2569361699454864,-0.06848455818991742,-0.04615025161153635,-0.026875522609183935,-0.06866324747555902,-0.04427933511973397,-0.0044116781325537644,-0.09634697952372717,0.0003276408017586414,-0.011547492961691715,-0.07886442941489989,-0.022655589084271753,-0.05691258767434633,-0.044478172911780724,-0.04899015092215753
7.951905590147133,-2.3167550206494636,-2.242704765446383,0.02059095071629076,2.458684626362873,0.05021798646218283,-1.2569242864072612,-0.06851791821405784,-0.04613068233642924,-0.026801348195705975,-0.06869720983304697,-0.044350960164885204,-0.004444438926022868,-0.09633007889623629,0.0002514479555917167,-0.0115732853540085,-0.07885341881410533,-0.022759401481165252,-0.05693541625860436,-0.04445349671523754,-0.048956793301922694
7.5454696259171845,-2.5643139409022706,-2.8881915805377556,0.02059891525651535,2.4586938119842165,0.05020976346827983,-1.2569052632186004,-0.068508775614912,-0.04614859160747218,-0.02677074962954277,-0.06868890116562262,-0.04438735613742954,-0.00449332426257936,-0.09638902891887909,0.00022161148406862945,-0.011592626946424876,-0.07892077432394619,-0.02281955272341134,-0.05697696986003695,-0.044410026261028177,-0.048957073080855416
8.090994608131364,-3.0303809212328954,-2.8876301050215845,0.020638468282993018,2.458727476071806,0.050169978687449414,-1.2568467119585554,-0.06847516545944936,-0.04620028768666602,-0.026745030100861114,-0.06865618105179551,-0.044428653149997874,-0.00453868518967998,-0.09647116835742206,0.00020770700246759414,-0.011586837353125618,-0.0790001687524143,-0.02285879530884647,-0.05701927899842129,-0.04436555171813384,-0.048964647462286924
7.872516899177844,-2.869022360973001,-2.9249395830447655,0.020594898886568888,2.4587058614391175,0.05022848254767866,-1.2568609013747738,-0.0684967270301556,-0.046176347430915074,-0.02662110446984941,-0.06867830430655296,-0.04455756951247899,-0.004641741146858281,-0.09641939907153164,0.0002050484611430352,-0.011714754821323652,-0.0789932251376893,-0.022930621284305442,-0.05711427728694818,-0.04426820541417474,-0.048986403962912074
7.712795324646767,-2.4923746131404574,-3.0345039444372772,0.0205449518027299,2.4586811189819398,0.05028512962951994,-1.2568896068875268,-0.06852143190166358,-0.04614842207033677,-0.02651711888207404,-0.0687035571739724,-0.04465996948375847,-0.004738776645274178,-0.09637382150811967,0.0002038643113116332,-0.011838711952395433,-0.07899834944653475,-0.023002885454157396,-0.05720815225557176,-0.04417139510287292,-0.04900968191401169
7.725460211476029,-2.1361285821383826,-2.792455226154613,0.02050473492342588,2.4586733934043683,0.050315620206367206,-1.2569171408803221,-0.06852919001714107,-0.046138175220912965,-0.02645416452497423,-0.06871194602017021,-0.044722591438426135,-0.004806273373429376,-0.09637684492513304,0.0002057660121298819,-0.011922265649221846,-0.07903824931641694,-0.02306014824222166,-0.05727638843997152,-0.044099841772845774,-0.049031231919131425
7.62029867102633,-2.1721303486205565,-2.75008555533233,0.020448571791639895,2.458637461420682,0.050373161784262155,-1.256948304175747,-0.06856510703968946,-0.04610802719963172,-0.026346035659313025,-0.0687483449060738,-0.044821781782659255,-0.004875968263166667,-0.09632980023160624,0.000207163613702497,-0.012020888238633193,-0.07903611942773804,-0.023124721280269225,-0.05734761727638421,-0.04402506642417807,-0.04905457534785399
7.501187213156409,-2.127066725201444,-2.221140804618438,0.02036561041908659,2.4585810060847226,0.05046961656371275,-1.2570014633607483,-0.06862148380865789,-0.04604743699730857,-0.026203902546028602,-0.06880510084556458,-0.04494728138037743,-0.004922953927220905,-0.0962218136910827,0.00021734117138656717,-0.01211682834447331,-0.0789795877010528,-0.02318050163279273,-0.057395261512550665,-0.04397381625804016,-0.04907996147507342
7.755660437075782,-2.345262421290212,-2.0227759123517224,0.02023533097495213,2.4584706583552567,0.05063594876297574,-1.257086768374866,-0.0687316243643698,-0.045932376634059816,-0.025991092245047982,-0.06891528759170175,-0.04512876319999028,-0.004967462691752828,-0.09604883691301441,0.0002253931270144977,-0.012226321173835429,-0.07886523526606105,-0.023246784725329275,-0.057439604734863654,-0.04392583212406607,-0.049106884015477005
8.288045626188742,-2.869312558179527,-0.7032997864920856,0.020018120365442316,2.4582853627565755,0.05091237136150943,-1.2572143180396855,-0.06891645305977366,-0.045735255443985455,-0.025671756254072284,-0.06909955365113885,-0.04541031181751825,-0.004916817061715192,-0.09594796652717867,0.00025135585007362465,-0.01222169784886795,-0.0787628790086035,-0.023248783624630606,-0.05738598119462924,-0.04397670567439205,-0.04912553324280612
8.525921074684934,-2.8030774891447425,-0.6840814581549138,0.019854209360642684,2.458158272715662,0.051102987518652575,-1.257324527924813,-0.06904321281997204,-0.045595923518197974,-0.02546597923995783,-0.06922603537942634,-0.04558405413900719,-0.004856843166626666,-0.0958661495935869,0.00027289897838424806,-0.012204331809111095,-0.07867256249456817,-0.02325032856670526,-0.05732205984290927,-0.044038145353309396,-0.04914093648822067
8.55948392312128,-2.934532697780571,-1.438958086676253,0.01974162144591979,2.4580513179561208,0.05124303618443511,-1.2574046004997543,-0.06914991114705026,-0.04548098182638054,-0.02532478896947121,-0.06933257538627102,-0.045694254149693095,-0.004836710064147142,-0.0957489066246301,0.00026450833807366964,-0.012232902644137853,-0.07857043873324271,-0.023301705602070576,-0.05729814300666105,-0.044059500218407634,-0.0491508832938559
8.90022207326449,-3.0827627725385898,-2.234413583577969,0.01970696141816304,2.458043483844699,0.05126976410444368,-1.2574317663035177,-0.06915763681940994,-0.04546919333740634,-0.02529171160006009,-0.06934135847648348,-0.04571228644536503,-0.0048132897347484445,-0.09571755091405126,0.00025166749908849163,-0.012231441553171792,-0.07854231641451627,-0.02333989465374356,-0.05727273447233998,-0.04408249138205918,-0.04915569705593262
9.155410597372633,-3.1128351970466968,-1.965237586337898,0.01964973856575922,2.4580200109771946,0.05131073908235827,-1.2574880757042666,-0.0691810177106518,-0.04544155183058478,-0.025253973089973625,-0.06936557085485952,-0.0457321820419824,-0.004776320322989776,-0.09567324740445395,0.00025965899430291573,-0.012229383263664333,-0.07849692574552568,-0.02335870966670556,-0.05723155514427528,-0.04412144586824627,-0.04916837775637414
9.718521188981123,-3.2323222402235854,-1.5343052538767452,0.019566507891653356,2.457979070052915,0.05139606242363014,-1.2575605036331279,-0.06922172579804946,-0.04537566036417421,-0.02517582771280002,-0.06940687015619773,-0.045789386111789045,-0.004738406788607897,-0.09559492632668887,0.00026687598601472134,-0.012232365610481627,-0.0784212520383969,-0.023380757473614216,-0.05718855469086912,-0.04416237150841661,-0.04918101801429463
9.011875503969028,-3.708675737520021,-1.2202216495317522,0.019405837292005162,2.4577930991220676,0.051627882775315104,-1.2576911552600838,-0.06940711344941378,-0.04514894323060853,-0.02497593010519978,-0.06959092529318436,-0.04594646972798614,-0.004699425729570115,-0.09545692846302527,0.00027705172359784365,-0.012246699727227963,-0.07828940268213103,-0.023406844142591265,-0.05714322727954352,-0.044205764936358985,-0.04919613132979404
9.114322580335326,-3.782772090081468,-1.4294634164450426,0.01918340636613279,2.4575519495312372,0.05190743680806846,-1.257881302783959,-0.06964771018686536,-0.04487643528489531,-0.02472818592391623,-0.06982933133417711,-0.046149484140767,-0.004700010658338957,-0.09526252172734398,0.0002630399210452333,-0.012317833046687777,-0.078123385880372,-0.023484861117788084,-0.05713502573267755,-0.04421220165752541,-0.049210785641808454
8.929579188510926,-3.3024267548404587,-1.3532350105650965,0.01902478310150417,2.457419161065183,0.05209316504065743,-1.2580346119867172,-0.06978010578265717,-0.04469614608813953,-0.024575818949301415,-0.06996078271642078,-0.046270605062260564,-0.004692177081246758,-0.0951093608674665,0.00026130930040866717,-0.012370181064664821,-0.07799321325653967,-0.0235396423208805,-0.05711928542867954,-0.0442262252981311,-0.04922814961422788
8.434921061911014,-2.7350676229784034,-2.0547355579211524,0.018959916787094074,2.4573756990548774,0.052166359814092685,-1.2581201693933128,-0.0698233858329468,-0.04461832038277999,-0.02453647588428296,-0.0700046116100273,-0.04628923445376526,-0.004690014019355589,-0.09498949635966442,0.0002545982429035448,-0.012421025107957132,-0.07790111448083187,-0.023596894350523187,-0.057109627256274144,-0.044234256051459905,-0.04924393576717583
8.38148517779962,-2.8399527080612392,-2.232480771686379,0.018876113309472305,2.457329671390501,0.052248540541859796,-1.2582130961631524,-0.06986922913141555,-0.04454448961982434,-0.02447509024559989,-0.07005093537029271,-0.04632985792308442,-0.004722330057306773,-0.09485799021961352,0.0002334331604840108,-0.012505129751483868,-0.07781463640633707,-0.02368152998863716,-0.05713410820150619,-0.044208267866973135,-0.04926122512595727
8.84744652236479,-3.108857499111286,-2.6386537671605903,0.018875866176449735,2.4574162848927648,0.05223807749594881,-1.258253710690316,-0.06978240808651955,-0.04455941599028367,-0.024522702237473173,-0.06996699117089603,-0.04628115131096084,-0.0046966023062814605,-0.09485165239660828,0.00024199491523542625,-0.01250016492945108,-0.0778309290636043,-0.023693926554698465,-0.057104744669388544,-0.04423597667640984,-0.049274995876364976
9.057122648188637,-3.214059843318194,-2.260006202226455,0.018793468600799494,2.457383994727706,0.05231793561469367,-1.2583394375139167,-0.06981445745036469,-0.04449376460922769,-0.024457885369516836,-0.06999968203764383,-0.04632785065581433,-0.004722654035248527,-0.09473545852967968,0.00023132297052256903,-0.01256786954900422,-0.07775502438226735,-0.023759082401044893,-0.05712440163762869,-0.04421486505715869,-0.04929450876686233
9.290732352333935,-2.939291250576083,-1.7301179464297893,0.018698248236888756,2.457304504644696,0.052420951092794446,-1.2584375650102197,-0.06989373581638662,-0.04439342358162464,-0.024375121660385225,-0.07007876022403117,-0.046385552970535614,-0.004720280451663576,-0.09461512548671511,0.00024349176370839059,-0.012609787816582842,-0.07765494519654974,-0.023791425740858133,-0.0571161532130176,-0.04422155518270592,-0.049317056973106135
8.91330491960882,-2.4606825414836777,-1.6519520001675045,0.01864715167140578,2.457277505984061,0.05247131568372334,-1.2585050285724233,-0.06992062415968198,-0.04434429177562196,-0.02434720976133729,-0.07010637383068605,-0.04639573968583757,-0.004702717743245896,-0.09454212915647756,0.0002498122765073836,-0.012625813446326522,-0.07759574372306412,-0.023816702485988724,-0.05709371790056502,-0.04424246823843263,-0.04933352288305934
9.16819514139249,-2.2794573440662056,-1.4984802937756054,0.0185933182276367,2.4572466296344944,0.05252242621371718,-1.2585771420707,-0.06995140377328922,-0.04429382318900588,-0.024319405507847745,-0.07013779015005632,-0.04640538193912031,-0.004681163897132488,-0.09447211449206,0.00025530607683863166,-0.01263881219661963,-0.07753653176877218,-0.02384156386867272,-0.05706684902766268,-0.04426789704753088,-0.049349052140552636
9.202950701948323,-1.8021053837921919,-1.0452249147983659,0.01857519212927905,2.457214043569429,0.05254932934279934,-1.258617758807301,-0.069983984804543,-0.0442520740100379,-0.024320576947496335,-0.07017095872585091,-0.04638600468658864,-0.004619926743809667,-0.09443165396536503,0.00027635218225586714,-0.012603965423210394,-0.07748109095895213,-0.023828518804134002,-0.05700130645417943,-0.04433197436105664,-0.04936082589772488
8.840386037912474,-1.5095123704626499,-0.9179137004092889,0.01854062551729718,2.4571491644289805,0.05259846157670379,-1.2586660450519467,-0.07004886804213412,-0.0441879957558527,-0.02429532686386971,-0.07023577470831394,-0.046388567338662035,-0.004571077688608003,-0.09436978200033162,0.00028330452326316724,-0.012584417933955825,-0.07740924616389756,-0.02383602997463987,-0.056947219012885804,-0.04438476639411699,-0.04936969133899367
8.603732890155293,-1.271934231503176,-0.9554601163625436,0.01851449545530273,2.4570905452020626,0.052635400601912734,-1.2587102696789085,-0.07010751666069771,-0.04413376245759636,-0.02428313057042632,-0.07029444920291425,-0.046379228152609836,-0.0045239247257101755,-0.09431109228327138,0.00028725900988638186,-0.012567587198266608,-0.0773410113491779,-0.023847723983657143,-0.05689417050835565,-0.044436632403542606,-0.049377570975348346
8.916059735129883,-0.9442627671439564,-0.34362833754676186,0.018507604757238845,2.4570392143189643,0.052657967702073386,-1.2587395001026231,-0.07015890843282446,-0.044087024865376065,-0.024289355572326258,-0.07034599189900971,-0.046352813361830725,-0.004438889800766547,-0.09429189311354295,0.00031899173165919457,-0.012502750319047603,-0.07728838278699014,-0.02380901205392919,-0.056805704159971056,-0.04452366327906861,-0.0493867202430819
8.875331651927358,-0.6282780401568063,0.5979393263802643,0.018506129139811887,2.456969053065934,0.05268247068107984,-1.2587613878488781,-0.07022915446091137,-0.044030322621625005,-0.024294300863508783,-0.07041594399280293,-0.046325196944673686,-0.00431649989011222,-0.09435714074982784,0.00038561572767422194,-0.012381307185599573,-0.07729741685674457,-0.023703593276342628,-0.05668412226209982,-0.04464338906309585,-0.04939892132567824
8.696088473806004,-0.24938947025116942,0.6973339198451179,0.018520089259506167,2.4569124109171314,0.05268775386163547,-1.2587687405115933,-0.07028592237438236,-0.04399316061526354,-0.024315438686322993,-0.07047268397462587,-0.0462836286540352,-0.004201968592437155,-0.09441123573892525,0.0004724940984969693,-0.012271077113886097,-0.07730332951374354,-0.023585353343751597,-0.05657049931431226,-0.04475515077392055,-0.04942979960948763
8.995978510470405,-0.16017672911493092,0.9723379903822146,0.01853603616788002,2.4568607602871078,0.052689997253807935,-1.2587743532307925,-0.07033769869683365,-0.04395995709875859,-0.024339162646167416,-0.07052451855561072,-0.04624045549159295,-0.0040745576157311895,-0.09449042794606222,0.0006563345994487783,-0.01214239506568896,-0.0773272716391711,-0.02337481043822996,-0.05644702589988068,-0.04487640817010127,-0.049547893791095185
8.88067752863877,0.22522878581484593,1.6961458994264267,0.01856680018719815,2.4568302486387825,0.0526741486040132,-1.2587699753083197,-0.07036834932334896,-0.04394492166230421,-0.024382123523173354,-0.07055571828550364,-0.0461813174420278,-0.0038902916700878283,-0.0946771856525338,0.0011602109724144214,-0.011939521083502758,-0.07744471699463164,-0.02287939456371527,-0.05627809723571739,-0.04504155260526012,-0.05005272196530392
8.75085879511839,-0.08538608942645382,0.7473101734927571,0.018584298322129184,2.4567835015330477,0.052673657275755174,-1.2587737849514669,-0.07041521981031397,-0.043915664919254305,-0.024407638810309863,-0.07060271122263949,-0.04613754531595016,-0.003771012815018664,-0.09474369771914762,0.001621217897666419,-0.011820202498224948,-0.07746192437705438,-0.022438109057875542,-0.05616481864950839,-0.0451518796974037,-0.05057238949830398
8.448199020790046,0.19526719656367614,0.29602341704013124,0.018611916073880384,2.4567528102967464,0.05266111992203467,-1.2587711635347298,-0.07044603580141949,-0.04389837287925914,-0.024446605475363575,-0.07063403498490026,-0.046082789505377635,-0.003677455890830123,-0.09475599562246641,0.0019655168414402747,-0.011738907208028141,-0.0774381753469649,-0.022127164356631375,-0.05607219020185827,-0.04524191655226173,-0.05100056295695247
8.030574837233644,0.06447397054290346,-0.41436195965189343,0.018632521317997277,2.4567110337785216,0.0526561939945976,-1.2587708464243734,-0.07048793529565006,-0.04387474503959663,-0.024474565804204075,-0.07067613209314012,-0.04603772033853874,-0.0036062766454511624,-0.09472659808785702,0.001892104985502259,-0.011687691831491999,-0.07738024480153236,-0.022192522045026083,-0.05599673676562383,-0.04531654456832455,-0.05085756042985604
7.8356522509413224,-0.07056786037406143,-1.334751920187615,0.01865252852933472,2.4566681955902054,0.052652871758261686,-1.2587710912598178,-0.0705308932583984,-0.04384911664702376,-0.024501465557967155,-0.07071923413873106,-0.045993777212891274,-0.0035709757431068787,-0.0946714976134854,0.0014010968948211721,-0.011683579145829936,-0.07731690800796943,-0.02265363078131326,-0.055947313282640035,-0.045369183658571045,-0.05030401391496354
8.120789091270101,-0.10430542692039063,0.17006753472791514,0.01866876519313438,2.4566256611915533,0.05265205090110625,-1.2587746133351867,-0.07057354223710847,-0.043822681015916694,-0.024525323936528922,-0.07076200927533902,-0.04595317152678376,-0.0034897970680881313,-0.09466620372568095,0.0014819636968742183,-0.011615687103907858,-0.07727703052465505,-0.022562008800479323,-0.05586579124490877,-0.04544889516567109,-0.0503470212102306
8.173312736626373,-0.040985666788707575,0.24012145263179877,0.01868624566542366,2.4565849883023327,0.05264968941902,-1.2587766726848393,-0.07061432958839897,-0.04379807258794612,-0.024550229503880364,-0.07080294810386718,-0.04591197708084535,-0.0034085310330313414,-0.09467270856929257,0.0015846465855236158,-0.011546084362067494,-0.07724960336218575,-0.02244654933061956,-0.05578490625768102,-0.04552779779752109,-0.05041208281888162
7.89009183320439,-0.09567023752293358,-0.5126023652674628,0.01870284114369041,2.45654470082767,0.05264798785202518,-1.2587791520396863,-0.07065472809111673,-0.043773374734525486,-0.024574065242022824,-0.0708434831583363,-0.04587212528949426,-0.003343920428203778,-0.09464643622473859,0.001554523317829804,-0.011499450927090166,-0.07719667191957959,-0.022466924272571052,-0.05571588014430941,-0.04559605257784334,-0.05036453552723745
7.858877189631585,-0.25246694171477996,-0.7284259341024871,0.018717362266740378,2.456505544684375,0.05264750676058038,-1.2587829479957096,-0.07069398964818241,-0.04374891852459826,-0.024595882932791854,-0.07088288807770654,-0.0458346936409868,-0.003285659536083597,-0.09462016470231617,0.0014750485546492244,-0.01145982384801718,-0.07714751947007886,-0.022530747763264015,-0.05565152383353755,-0.04566010428471176,-0.050274123217631604
7.945592744498268,-0.3014104731160435,-0.48256826123893526,0.018727925615971277,2.45646287738667,0.05265075088340325,-1.2587900100370268,-0.070736758539653,-0.04372140668592737,-0.024613606806718934,-0.07092567079325342,-0.0458011208086473,-0.0032264039724869075,-0.09459000610184312,0.0014261232600101409,-0.01141923514045285,-0.07709310926264705,-0.022572146734005216,-0.05558690357276182,-0.04572417779732144,-0.05021448277507464
8.40162968054655,-0.6055831082447871,-0.5650813732820738,0.018736999478752386,2.4564273417464757,0.05265237533332105,-1.2587969090986073,-0.07077238590339889,-0.043699385528456945,-0.024630412936626118,-0.07096149879378637,-0.045769734657692046,-0.003168326308121741,-0.09456894591592321,0.001378973808067809,-0.011378289400076015,-0.07704884511890649,-0.022606059167141822,-0.0555235213513291,-0.04578702011546814,-0.05015799507553206
8.520229014511775,-0.7405632367677939,-0.6461384598195914,0.018759319162490396,2.456408187768526,0.052637902400950044,-1.2587907722881193,-0.07079164769983133,-0.04369543813790759,-0.02466029196673552,-0.07098143738369891,-0.0457275444824759,-0.003106193367589381,-0.09457093481123138,0.0013744400140074714,-0.01132907610072005,-0.07702591025795008,-0.022588705711684313,-0.055458161505056495,-0.04585145959887008,-0.050136138772680264
8.558711047592723,-0.6520636130371378,-0.1039606986149001,0.01877370862759639,2.4563772404262405,0.052633573642406645,-1.2587903652776968,-0.07082269122305496,-0.043680348454304366,-0.0246801549862597,-0.07101277338821263,-0.04569406463666219,-0.0030424636692585236,-0.09455202360598328,0.00139906225204449,-0.011280141581956409,-0.07698055198821607,-0.022559280755385935,-0.055392263902346084,-0.045916197316888036,-0.05013843996720293
8.892237337359127,-1.0282129660666741,0.1649534862837242,0.018760334490877894,2.4563077782588136,0.05266300910740283,-1.2588086684776671,-0.07089219827161058,-0.04363197770126934,-0.02466403532533603,-0.07108134926502649,-0.0456921222828449,-0.0029704478288881666,-0.09455735232826387,0.0015082252071212717,-0.011218599144267755,-0.07695732195352449,-0.022445243498030034,-0.05532205310656553,-0.045984485834980215,-0.050208447698048164
8.571690368850545,-0.8054839601736091,-0.5369693347597476,0.018783776899368644,2.4562867372243984,0.052649728463072,-1.2588002185528357,-0.070913332502032,-0.04362573262405289,-0.02469257343816353,-0.07110304969395426,-0.045651516485852334,-0.002910466783939954,-0.09455159464240007,0.0015180320598171253,-0.01117145575412598,-0.07692664206260885,-0.02241890826260062,-0.05525955945336993,-0.046045987653166615,-0.050198866085756966
8.419886974064267,-0.7575350585385537,-0.710000440473281,0.018803749400852703,2.456261348186023,0.05264145659475512,-1.2587960607794688,-0.0709388154876107,-0.04361349841651147,-0.024718056861828486,-0.07112893692927612,-0.04561356377042655,-0.0028521611079579917,-0.0945454686036709,0.001522088041690882,-0.011125890562146745,-0.07689705455136345,-0.02239771454731424,-0.055198585911129215,-0.046106038203867244,-0.050184552445051774
8.396947876671225,-1.0123978961128595,-1.3629283811906496,0.01881352940454282,2.4562461059801177,0.05263642088088119,-1.2588031188358781,-0.07095412927551673,-0.043604036684914034,-0.024740010993393267,-0.07114496568175947,-0.045580922938634603,-0.0028066573067657523,-0.09454065067197474,0.0013929439940376094,-0.011096901808561424,-0.07687983814619812,-0.022502004092615106,-0.0551452274706635,-0.04615968912764995,-0.05005314113668981
8.971509834573212,-1.6364532696869674,-1.9948264132040034,0.018834099666259464,2.4562841358154666,0.052612897920284535,-1.2588016159530415,-0.07091610613882601,-0.043625093581252224,-0.02477903602731297,-0.07110936139014411,-0.045538771109088653,-0.0027708396093702853,-0.09457467352169513,0.0012033202495329287,-0.011075455823575548,-0.07691676300872097,-0.02264252925657097,-0.0550977106875109,-0.04620817826732271,-0.04987999723659053
8.910904811478442,-1.7695639638349796,-1.9509385756108921,0.0188446663870582,2.4563147903154485,0.052607101414239264,-1.2588136645086745,-0.07088540053790578,-0.04362486387272935,-0.024808834684650633,-0.07108075796661827,-0.04550526559531086,-0.0027379997496581247,-0.09455865579673767,0.0010624943318543274,-0.011061563327063187,-0.07690670562923316,-0.022768584419608977,-0.05505213134185903,-0.046254454421551155,-0.04976626823216524
8.77571848029863,-1.7827780320317541,-2.3048762822373834,0.01886273152107813,2.4563630228845987,0.05258215188167017,-1.258821102332583,-0.0708371579571523,-0.04364788442872086,-0.024854041521781712,-0.07103507056410732,-0.045458604207155695,-0.00270179405513963,-0.09460048893473436,0.0009797301383490515,-0.011040426969024806,-0.0769572020647625,-0.022833978834468773,-0.055005193300490085,-0.04630160721616659,-0.04970257355251835
8.369708133283165,-1.4388511667956552,-1.8657957697390315,0.018858248897173954,2.456350832044681,0.05259481753700762,-1.2588462235936348,-0.07084932530583997,-0.04362171186260805,-0.024865802972939235,-0.07104790154029766,-0.04543771634827475,-0.002669555507797057,-0.09454575959617903,0.0009064464179472041,-0.011030753928972396,-0.07690265297008084,-0.022914605443528097,-0.054960630979671264,-0.04634643966411252,-0.04965125276770932
8.249543577201656,-1.9619061413124306,-2.0168663152938753,0.018838161365798994,2.45634785033686,0.052622722013432474,-1.2588899597871617,-0.07085219806415043,-0.043585043440022474,-0.02486756652252143,-0.07105169868714832,-0.045428841581881804,-0.0026464637119475464,-0.09446582075071093,0.000818472008823533,-0.011033739383478442,-0.07683079907758827,-0.023013710406052,-0.0549212010206688,-0.04638652759554661,-0.049596574934296554
8.220879823665625,-2.206718966699392,-2.325391160826547,0.018882090201264117,2.4564585739309837,0.05256395360965741,-1.2588794478402474,-0.07074142660415923,-0.04364962150217203,-0.024948239135785807,-0.07094501680195063,-0.04535545229567004,-0.0026015474015273826,-0.09455767250038628,0.0008130026493009889,-0.010996375299993776,-0.07693043681690538,-0.023000611832839083,-0.05487119646888423,-0.04643597539753534,-0.049585924744472376
8.241486299328933,-2.424299955573624,-2.3566710357783474,0.01895527932491206,2.456589801909114,0.052472240672878465,-1.2588354244943905,-0.07061018356166619,-0.04374905984732873,-0.02505178220482598,-0.07081784361367738,-0.045261523436441395,-0.0025462849130655292,-0.0947013816358108,0.0008376682420416287,-0.010940015261531565,-0.07706817252536058,-0.022943608940288622,-0.05481655070207224,-0.04648951804592427,-0.049588852723427584
8.290482855723194,-2.6811443089953038,-2.2405526203197708,0.019115718896885583,2.4567869479096944,0.05229670360625423,-1.258707996768148,-0.07041313302091336,-0.04392819104278922,-0.025232269961882707,-0.07062527198257175,-0.04509601845122654,-0.0024630923918700478,-0.09493387060256941,0.00095215278406881,-0.010837840541129955,-0.07727792457041621,-0.022769838681384658,-0.054748914284836595,-0.04655457261710504,-0.04963420208193484
8.256467157922101,-2.9484121544070656,-2.3467012395700557,0.01924672197623078,2.4569677608456586,0.05215762635741313,-1.258616957474275,-0.070232291955076,-0.04406758145214398,-0.025390585816025244,-0.07044746356728082,-0.04495060461821364,-0.0023918904128766693,-0.09509576079220766,0.001060264389974817,-0.0107574874493045,-0.07742592153681017,-0.022612626572082937,-0.05468794074413299,-0.046613416536794905,-0.049683963148906524
8.320323002453023,-2.9901293050901043,-2.5394726841833544,0.019363508246528237,2.4571180331320908,0.05204086928195926,-1.2585385612758588,-0.0700820045817153,-0.044179381360308655,-0.025530715946940372,-0.07029900085715649,-0.04481875481037059,-0.0023235075059757676,-0.09523537237058721,0.0011877571705510167,-0.010682145061897224,-0.07755438891862652,-0.022436567982547735,-0.05462910039148225,-0.046670094524756976,-0.04975322626621116
8.474832521968343,-3.1606611921299717,-2.26566008837371,0.019480182668836624,2.4572230161320947,0.051954392993847416,-1.2584437697846114,-0.06997693812189124,-0.04424488627754133,-0.0256413250419122,-0.07019483401956626,-0.04471064220490015,-0.002258962772696567,-0.0952965323118163,0.0013323747606204792,-0.01061463727115025,-0.07759655634363792,-0.02225290920677765,-0.054572777546155596,-0.046724231881631606,-0.04984617200147838
8.404191355177705,-3.1057226916116876,-2.6172985751592814,0.019615608714703255,2.4573628285182894,0.05182740755558684,-1.2583394547446916,-0.06983712003304947,-0.04435678224325749,-0.02578786350817122,-0.07005579804224432,-0.04456769191640141,-0.002181099123827313,-0.09544370254306232,0.001633517117302265,-0.010525243251201785,-0.07772221249241985,-0.021914735390488865,-0.05451149097785017,-0.04678160072765303,-0.05009179512916759
8.136505073624145,-3.046075510154311,-3.1867881457776126,0.01973907092572342,2.4574847240538995,0.05171407456046002,-1.2582547564533104,-0.06971523693470083,-0.044450329643742605,-0.025928377047470856,-0.06993417064151038,-0.044426721938176525,-0.0020939219881851573,-0.09561281647626108,0.0020872392246507995,-0.010423273411316736,-0.07787293037451225,-0.02145789696986308,-0.05444734641635146,-0.046838214913933134,-0.05054853078737595
7.801886973975694,-2.944021514242926,-3.2163374494037735,0.01981253254740113,2.45759005823748,0.0516282933958409,-1.2582077690970053,-0.069609925708657,-0.044537467429555236,-0.02602696605098011,-0.0698287433639219,-0.04433069485202206,-0.002040862506811186,-0.09575322128539863,0.0022622110242451862,-0.01036820247936974,-0.07800812564524022,-0.02121031824644057,-0.05439816544453815,-0.0468837896685939,-0.050754901088935656
7.859717250868247,-3.3437913258965075,-3.9610372426142666,0.01986537423667776,2.457729132790291,0.051540674596607,-1.2581970344694007,-0.06947082266295787,-0.04463679901735192,-0.02613507319026935,-0.06968929039487035,-0.04423101478393602,-0.001997101611059492,-0.09590928381372897,0.002298921821794472,-0.010327255290604563,-0.07817334088421062,-0.02107178491215289,-0.054353250985014465,-0.046927575524076885,-0.05078072151294795
7.866409359244835,-3.848230002662887,-4.399261459328275,0.01985166654839822,2.457863532043192,0.05149468606514577,-1.258261156497321,-0.06933628121644071,-0.044706232489656106,-0.026209415828913032,-0.06955403698366426,-0.04417184745560153,-0.001980682517060817,-0.0959756174999018,0.0018754606490402066,-0.010330347329947706,-0.07826555724707537,-0.02140831071542109,-0.054319280344002074,-0.04697201219464939,-0.050259822661649536
7.280712589363075,-3.7905743719431113,-4.45067726471979,0.019927141974065674,2.4580390303848443,0.05137975836496042,-1.2582046405026868,-0.0691607710333629,-0.04484704131428287,-0.026326382970242465,-0.06937742150714885,-0.04407286483238525,-0.001955910150696349,-0.09615541909451567,0.001689001528278289,-0.010308356591614025,-0.07845336276695535,-0.02146219139991534,-0.05428272990542613,-0.04701244425978864,-0.050059851590634905
7.8198684992139125,-4.350561077682892,-4.487656959090498,0.02013097186041511,2.458270778834272,0.051150494644306425,-1.2580402210487216,-0.06892911599240038,-0.04507115883460991,-0.02656217230331812,-0.06914412227687221,-0.04384123239722507,-0.0018593335611928087,-0.0964510168581788,0.0020954560480498235,-0.010182051504096633,-0.07872099954104507,-0.02102103561776108,-0.054219790568505254,-0.04706345594748382,-0.050411827208914954
7.774414771844426,-4.20563072047407,-4.109143813744164,0.020365822257554234,2.4584595359113677,0.050927784548827196,-1.2578048540574338,-0.06874048227498436,-0.04528172100863232,-0.026772651055426668,-0.06895348839997473,-0.04362643153081472,-0.0017677525046039613,-0.09670687723470243,0.0025432006803154466,-0.01005906378168526,-0.0789427081530761,-0.020554543139859605,-0.0541602496659217,-0.047102361776689895,-0.05087326348582232
7.954250472827398,-4.258193910898633,-3.5611536947346085,0.02063349589327278,2.4586463693044953,0.050668607026450235,-1.257501642584166,-0.06855384381623053,-0.045531744947898745,-0.026987823242491764,-0.06876456429230401,-0.04340225772460319,-0.0016744229362737572,-0.09696143397799765,0.003022306506408397,-0.009932479921480653,-0.0791566628866928,-0.020077968843877355,-0.054101564452167156,-0.04712012542892738,-0.05138667477732655
8.025847358761936,-4.704418978738668,-3.9678544471615216,0.02082123219328409,2.4588182292054133,0.05047050569492773,-1.2572973657626703,-0.06838206686801501,-0.04572840885458111,-0.02716291604323571,-0.06859034412612762,-0.043224139212041046,-0.0016027066629071872,-0.09715271958173458,0.00339188468523463,-0.009842011460225675,-0.07932467029304426,-0.019710299907322645,-0.0540513877424081,-0.0471223785185879,-0.051807882308910515
7.78719845643645,-4.400260484464107,-4.240232600247515,0.02090021462686764,2.458936599697843,0.05035559200058693,-1.2572042782062192,-0.06826372812732003,-0.045855464569159794,-0.027260767251577136,-0.06846974650091771,-0.043132048287627796,-0.0015624947016153344,-0.09728412785114007,0.003476776161825532,-0.009799544373796609,-0.0794430486665482,-0.019551570372670555,-0.05401197001815453,-0.04714905658916126,-0.051899713124395695
7.639917171701969,-4.368537053950741,-4.672567134171555,0.02087416660965882,2.4590086391112935,0.050333003838516,-1.2572435837435785,-0.06819162381346522,-0.04589724287771162,-0.02729387293176637,-0.06839569508292113,-0.04311335936414538,-0.0015619041801307129,-0.0973058238359628,0.003087282095875499,-0.009818205368076082,-0.079468372316023,-0.019794410316484396,-0.05398504432726917,-0.047247141129376787,-0.05140995471774145
7.22239056271951,-4.331988282220252,-4.7207863328023825,0.020851852849381125,2.459074385845835,0.05031555001655909,-1.2572777145750977,-0.06812582400765636,-0.045934575281423216,-0.027322002342967274,-0.0683279825328284,-0.04310044632975368,-0.001567147287055018,-0.09732190812950882,0.0027561511995331527,-0.009843658872309811,-0.07949158006200956,-0.020035056890279408,-0.05396042767741604,-0.04733128433989003,-0.0510491869825485
7.2476123493261655,-4.4364924061453985,-5.4288552514391695,0.020777667152048065,2.459140911687346,0.050325821145485526,-1.2573870553102724,-0.06805921469932864,-0.04595091674571303,-0.027338904266435364,-0.06825943620246505,-0.04310444817952417,-0.0015944896748253435,-0.09730508106498674,0.0023967954861521647,-0.009902263024056885,-0.07950208319860239,-0.0203578906640322,-0.05394311664694691,-0.0474157966725379,-0.050699161462089554
7.074420802065809,-4.665003841101055,-5.759483894983208,0.020633931402765787,2.459209800873061,0.05036946811386208,-1.2575722053389915,-0.06799020173758814,-0.04595530921194522,-0.02732560142301387,-0.06818844833099785,-0.04315232731329275,-0.0016585329587358395,-0.09724652984785115,0.0020343475840254046,-0.010012625919255117,-0.07949167226497743,-0.02071891052339187,-0.05393828643304169,-0.04749114364646413,-0.05037873819210693
7.3763452096221895,-4.668483763837234,-4.762618545674945,0.020580874680698132,2.4592766233807426,0.05035639495492635,-1.2576322303586067,-0.06792332219438353,-0.045999630480765795,-0.027342403527066735,-0.06811960436863779,-0.04315984837682063,-0.001677931544985413,-0.09725435908789636,0.0019027905889816919,-0.010055448596825478,-0.07951191246116078,-0.020851091157751925,-0.05392078677615448,-0.0475292440947159,-0.05027203679867208
7.426210254300326,-4.467915001031244,-4.001358308949341,0.02071037210792916,2.4593622871342347,0.05023563196431133,-1.2574896360544194,-0.06783775918914761,-0.04611392976202765,-0.02744856811739969,-0.0680318822813569,-0.04305205584286108,-0.0016383367720770562,-0.09736344865539033,0.001915019582359382,-0.010007764175373749,-0.07959787101261163,-0.02082399899520057,-0.05388454612666635,-0.04756043242921882,-0.05026763177830827
7.232602377068404,-4.4060995103976905,-4.231394328062856,0.020888918769032264,2.4594432498798575,0.05009890309315406,-1.2572970080071828,-0.06775691894625398,-0.04622825004998229,-0.02757379854371489,-0.06794891284257712,-0.04291504481171142,-0.001580767585879779,-0.09749674390041771,0.0019690818042733815,-0.009932261895870032,-0.07970074158095233,-0.020747330084034944,-0.05384302725754071,-0.04758987078278871,-0.05029125705744453
6.930701316054461,-4.242667856363124,-4.52526405177252,0.020837570488171815,2.459476234563412,0.05010047278292718,-1.25736013025898,-0.06772392791525274,-0.04624586450340744,-0.02758187116690439,-0.06791431034397004,-0.04292314687030173,-0.001593054181579644,-0.09749010648161172,0.0018592885783007933,-0.009965744940124872,-0.07970267215834076,-0.02086039281615063,-0.05382396450849107,-0.04762534024226372,-0.050203066718104324
6.617468928861492,-3.9022430783209305,-4.684021365484253,0.02073505648843483,2.4594767022047965,0.05015285727092716,-1.2574872789514941,-0.0677234206068446,-0.04621319269855788,-0.027555891632925125,-0.06791261345222586,-0.04296671489328919,-0.0016261758876010368,-0.09741362938186073,0.0017223192377753735,-0.010032358607855675,-0.07965173554570486,-0.021014172589033923,-0.05381211393039693,-0.047657852853856236,-0.050101389939519396
6.618855288728466,-3.949606735325525,-4.559544621556523,0.020640587799383915,2.4594803287857947,0.05020222335996604,-1.2575992406157859,-0.06771975543111876,-0.046186258515536045,-0.02752761224486992,-0.06790777255197374,-0.043015074736448396,-0.0016646795177967463,-0.09734026845371181,0.0016029731027526906,-0.010103240544877577,-0.07960312763099313,-0.021148809170336333,-0.05380303902272652,-0.047684008901235336,-0.050017369455623635
6.627667417329595,-3.9567349271001424,-4.9665058559296975,0.02053305510441378,2.459477067347164,0.050264466968850896,-1.2577367979635843,-0.06772296096759335,-0.046142728619336645,-0.027498493443314127,-0.06790993244741758,-0.043062095986402434,-0.0017100446421684096,-0.09724305023778444,0.0014979087812109317,-0.0101854483730188,-0.07953904105139112,-0.02127472310103818,-0.05379743068545691,-0.0477039996356239,-0.049947304019302786
6.603008756251299,-3.7180684611989583,-4.056682537149053,0.020398313288941,2.4594646557979063,0.05033584218986054,-1.2578876695667913,-0.06773533600937912,-0.04610202627179971,-0.027445917535275723,-0.06792142065360525,-0.043137985541353376,-0.0017600339955084377,-0.09714812246499113,0.0014082754884190232,-0.01027277442858132,-0.07947019980053688,-0.021385691245793984,-0.053794811465603325,-0.04771844288325576,-0.04989012748027892
6.182266904005496,-3.309500478428008,-3.73795534173603,0.0202924325733914,2.4594386175510077,0.05039705201000428,-1.2579921478084446,-0.06776137056463481,-0.04606719418360049,-0.027388036670305267,-0.06794678029378454,-0.04321532120322253,-0.001809615024062625,-0.09706675621630449,0.0013359578862999078,-0.010354945090382268,-0.07940598815206996,-0.021476077413097358,-0.05379360802811097,-0.04772883105920559,-0.049845177942175425
6.155122719763006,-3.2732887003982505,-3.373437561053036,0.020234052661218065,2.4594144308899977,0.05042930963848388,-1.2580454474266418,-0.06778558326578117,-0.04604871881006318,-0.027354577485524386,-0.06797035491733885,-0.04325972267035921,-0.0018301709486425958,-0.09702006731564664,0.0013013238557229617,-0.010396065535676617,-0.07936060819110399,-0.021525529127350434,-0.05378302297660289,-0.04774254498351846,-0.04982097070386198
5.844097554688274,-2.979285498703416,-3.5153478831804805,0.020128346091143143,2.4593746489935846,0.05049608759404774,-1.2581621721412057,-0.06782536990650387,-0.04599870995747428,-0.02730206817405196,-0.06800972450387059,-0.043323612011308854,-0.0018711091047751724,-0.0969295701886412,0.0012551439656121055,-0.010469382543331959,-0.079285799825232,-0.02159212407120962,-0.05378089230413769,-0.04774998794786966,-0.049792273330812944
5.782802049355728,-2.9493562761177983,-3.307927719229135,0.020050605143308167,2.4593458867095417,0.05053840303420951,-1.258227685689121,-0.06785417054195955,-0.045978756132829604,-0.02725085928311558,-0.06803805180592119,-0.04338983583979746,-0.001916551764276304,-0.09687520870627833,0.0012116815855449591,-0.010540153198452036,-0.07923954992148255,-0.021651048932954404,-0.05378184656046846,-0.04775423516291623,-0.04976583277124548
5.779532011622744,-2.874750526690257,-3.075757638569322,0.01996696103228741,2.4593001834739345,0.050596784007831186,-1.258306551015875,-0.06789988372742081,-0.04593716808718937,-0.027191859506179646,-0.06808350467647277,-0.043459296272792505,-0.0019550119997290365,-0.0968004857119016,0.0011796656033033386,-0.01060399527361234,-0.07916999050297704,-0.021699828859933996,-0.053781363605269944,-0.047758288368613025,-0.049745612597321166
6.176891143751304,-3.221051295221715,-3.3839212146944493,0.019916778001257348,2.4592869098754333,0.05061528629220645,-1.2583633656882698,-0.0679132022902439,-0.04592995398782747,-0.027177862844993916,-0.06809632619916238,-0.0434813814525693,-0.0019754693709252854,-0.09677348685458124,0.0011623134982372057,-0.010641843226513946,-0.07914452893298615,-0.02173160653618618,-0.053774551386299746,-0.047766237726727556,-0.0497323373642762
6.1639143417033075,-3.252993145428232,-3.2037279666916967,0.0198535951204333,2.459269966685815,0.050648963470736455,-1.2584245983127242,-0.06793016556745393,-0.04591352276323315,-0.027145175472891442,-0.06811286177157001,-0.04352700622602385,-0.0020078951779856757,-0.09672415477707672,0.0011400104049551862,-0.010694695657830865,-0.07910038252401941,-0.021768871187185918,-0.053773492488942344,-0.047769602864192205,-0.0497173403255319
5.977438737519714,-3.1504905669312366,-3.1822358123091163,0.01979435610263635,2.459254569126425,0.05066933192384384,-1.2584841903808455,-0.06794560854700123,-0.045908687238800136,-0.027121950670493916,-0.06812790452516784,-0.04356062094434876,-0.0020346979946447813,-0.09669592736488233,0.0011232925517307682,-0.010739118156588297,-0.07907248076019888,-0.02179976709272283,-0.05377098777093815,-0.04777359544833805,-0.04970509481964641
6.488221226639575,-3.291255049038079,-2.850672083984032,0.01974132926936576,2.4592359582745935,0.050697499608055606,-1.2585422336290029,-0.06796423209941793,-0.045890977674866475,-0.027099329931252625,-0.06814618940529944,-0.04359212334308332,-0.0020494955887520963,-0.09665030432083489,0.0011145286234537973,-0.010769582272983871,-0.07902463043665542,-0.02182270816062668,-0.053764025140791497,-0.047780646344145604,-0.049696433431885706
7.050071011107189,-3.6124812101327186,-2.5564655375913774,0.019737534028692244,2.4592400384248427,0.05068851448383093,-1.2585562223422124,-0.06796017326814469,-0.045895573191492935,-0.02711925286543376,-0.06814166392703203,-0.04357658948828832,-0.0020326673526824017,-0.09662376881116073,0.001121752343395683,-0.010759250076843354,-0.07898647651583712,-0.021827742277312132,-0.053743600291803834,-0.0477978900542623,-0.04969437233559013
7.1951378419236285,-3.438934397908015,-1.6213687671233088,0.019660598843002874,2.4591835284764043,0.05075707924726612,-1.258609092704421,-0.06801658924210008,-0.045836896872109574,-0.027041381048452297,-0.06819807510186959,-0.043665459087175985,-0.002022767105025755,-0.09654851844135558,0.0011256037801590467,-0.010761437749349265,-0.07889664814548585,-0.02183793783998984,-0.05372635658221701,-0.047812682681276863,-0.049691074395547485
7.284921648861686,-3.188897251661059,-1.4599097395863387,0.01956107394780685,2.4591126544889277,0.050842091192333794,-1.2586820301751147,-0.06808735880151372,-0.045768061107558676,-0.026941741579208037,-0.06826897530011901,-0.04377580537056571,-0.00201625866633583,-0.09647058682341692,0.0011275389422261669,-0.010767965069599822,-0.07880399566120087,-0.021850090462011112,-0.053710797031043214,-0.04782619986566234,-0.049687076131994926
7.440146796217527,-3.3452303505500023,-1.310343188225295,0.019437086939380524,2.4590239229037953,0.05096297319873512,-1.2587743645694676,-0.06817591219681127,-0.045667324455572145,-0.0268089072813156,-0.06835778798537635,-0.04391993097121515,-0.0020099578978081843,-0.09638206601197577,0.001129309578363855,-0.010775424741656098,-0.0787017058103782,-0.02186259287871112,-0.053695547954922776,-0.04783946436141162,-0.049683106959503204
7.207727610056198,-3.0155578417380586,-1.449126680781099,0.019342811074587622,2.458950757577928,0.051050760389576774,-1.2588567227216934,-0.06824898631344889,-0.04558943915946121,-0.02672029950486131,-0.06843105991506795,-0.04401184127116938,-0.002002133330986034,-0.09630233700968516,0.0011317625395792397,-0.010780915484683592,-0.07860931033530552,-0.021874201422509076,-0.05367984959146576,-0.04785305731475233,-0.049679500796952075
7.3175501944327435,-2.8507169885176236,-1.6880331397166477,0.01930991649726009,2.4589220517988526,0.05106293844390137,-1.258882268834316,-0.06827773655210818,-0.0455830943989077,-0.026697385593394685,-0.06845988191358512,-0.04403735874233857,-0.0019913859718017814,-0.09626624170002364,0.001135092409437383,-0.01077795395724437,-0.07855840525676107,-0.021882421240422924,-0.05366312204453817,-0.047867482699570196,-0.04967624902948589
7.688355681553717,-2.9944525776620647,-1.2554512869900434,0.01924060866783942,2.458848624035616,0.05113378992381076,-1.2589238836391277,-0.06835109010278866,-0.0455204041478418,-0.026609844246932052,-0.06853345922023833,-0.044126410028407996,-0.0019774264827462393,-0.09619933404283192,0.001140156163394018,-0.01077323744933344,-0.07847505923756976,-0.0218896924756617,-0.053645180286050156,-0.04788279187562257,-0.04967381887486311
7.854078245019029,-2.879889469933821,-1.322541171621839,0.01925631772110189,2.4588394369240447,0.05110759999504509,-1.2589065151480414,-0.06836035534675529,-0.04553879737493774,-0.02662942802727007,-0.06854284949467694,-0.044105810749821575,-0.0019477323944901398,-0.09617584762709208,0.0011532096055149523,-0.010745985187864576,-0.07843181622138212,-0.021886752575130525,-0.05362067876329724,-0.04790303737331434,-0.04967469599135305
7.784311177108335,-2.2327895453039655,0.12183069619853769,0.01920619476317682,2.4587766696086835,0.05115998182370863,-1.2589434612480361,-0.06842310860124944,-0.04548585620236496,-0.026571899515275766,-0.0686058225535612,-0.04416070075102176,-0.001900164774057278,-0.09613042223880579,0.0011766124901839352,-0.01069979136998055,-0.0783619148791466,-0.02187422527704694,-0.05358880198871114,-0.04792865384616128,-0.0496800176716324
7.589419348144917,-1.8777183286393857,1.3965776949650943,0.019041197735288833,2.458618967932137,0.05134972088682719,-1.2590859704628856,-0.06858063614929348,-0.04530525984800006,-0.026386289297704455,-0.06876365272858545,-0.04433790782232005,-0.0017790553363420459,-0.09624061241404895,0.0012453507907072081,-0.010551841617578588,-0.07842420281224885,-0.021807075492665338,-0.05352689861660086,-0.04797578017909758,-0.04970467615953609
7.530684142703341,-1.6517230883906775,-0.05045296334570783,0.0190318746540822,2.4585528373140764,0.05137854166187179,-1.2590930360214159,-0.06864682791227963,-0.045259230543909956,-0.026360651706875248,-0.06883011521595125,-0.044350742558384,-0.0017410991964440837,-0.09619028333114282,0.0012637826506340653,-0.010517311480102882,-0.07835270005678521,-0.021799551726671248,-0.05349959096245136,-0.047997898304240456,-0.04970815210808437
7.263176407236501,-1.540031825035197,-0.7766725433261664,0.019021655903349234,2.458491657291306,0.05140460611157566,-1.259104510179515,-0.06870808737897756,-0.04521850411426207,-0.026338800549773524,-0.06889166367329341,-0.04436063745619319,-0.0017147866306666231,-0.09614012406309945,0.0012725820909280827,-0.010496309231346892,-0.07828574790611058,-0.021801373569261862,-0.05347695748288476,-0.04801700870098754,-0.04970725129400403
7.252821406952656,-1.4923180868365558,-0.7365532387187291,0.01900704098904372,2.458430468744079,0.05143137179806376,-1.2591216278486665,-0.06876935735404877,-0.04517773436846961,-0.02631659392642271,-0.0689532290771808,-0.04437082355163302,-0.0016883734591530476,-0.09609073293455686,0.001281470381945333,-0.010475196631192929,-0.07821986659395755,-0.021803052340402588,-0.053454489697869256,-0.04803596231176745,-0.049706471519007596
7.116717925242397,-1.4049157597478028,-0.9822127233210362,0.01898276419598906,2.4583658090778213,0.05146537102160015,-1.2591455632544175,-0.06883408747505312,-0.04513252966000384,-0.026284723405742092,-0.0690182437222715,-0.04439136623423755,-0.0016693894236316932,-0.0960370465977934,0.0012834725049443154,-0.01046318978931357,-0.07815236595169109,-0.021811784502048705,-0.05343494778857252,-0.0480531417687776,-0.049702520384390055
6.420873870000401,-0.7990734984002196,-1.4154001984511047,0.018962048852114746,2.4582901936146664,0.0515056809126792,-1.2591693945393554,-0.0689097763618616,-0.04507469638110627,-0.026252377768446397,-0.06909415886247165,-0.044408226336282136,-0.001667035937746082,-0.09595627993407033,0.001269945037179577,-0.010473401384431,-0.07806598569677252,-0.021838126721796556,-0.05342161905964069,-0.048066649057906675,-0.04969137160490637
6.332889796615485,-0.8676280813364757,-1.2801410573774774,0.018938627160671635,2.4582198283366132,0.05154263856984216,-1.2591964624866865,-0.06898022014120127,-0.04502332196849463,-0.026221738250264234,-0.06916484849668042,-0.04442480198071388,-0.001661911674356673,-0.09589106959227271,0.0012597836883646385,-0.010479229845813091,-0.07799374306302143,-0.021860160655470653,-0.05340753303546927,-0.048080405903618166,-0.049682025305085004
6.5922107558920064,-1.2353117428925242,-1.53279749666471,0.018918685626441077,2.458158019689075,0.05157117656657779,-1.259217000939001,-0.06904210426062722,-0.04498266785859285,-0.026194958191000626,-0.06922703029419135,-0.044439720525914356,-0.0016537617169221975,-0.09584117518755664,0.0012527885590560776,-0.01047972025369319,-0.07793406243452067,-0.021877528513800433,-0.05339257814391983,-0.04809454956908075,-0.04967429930213745
6.419924317682271,-1.1077861738269186,-1.2865379980626677,0.018895479171213984,2.458094120648617,0.051605236426887344,-1.2592425859011203,-0.06910607206183311,-0.04493619163520722,-0.026165626251516826,-0.06929127237191583,-0.044456804455746096,-0.0016436649334599098,-0.09578424548095238,0.0012480593950905693,-0.010478378074799725,-0.07786808535648164,-0.02189303511313139,-0.053377122771393344,-0.048108854429166355,-0.04966779610585132
6.277813311413046,-0.9243769254967943,-0.94300813245001,0.01887010880212179,2.4580247181402126,0.05164703863242278,-1.259270465153425,-0.06917553438044675,-0.044881080981059064,-0.02613088944831006,-0.06936094860591763,-0.04447822431120439,-0.0016298097702447288,-0.0957213860180251,0.0012470795800164564,-0.01047264114725385,-0.0777954809617951,-0.02190483652253864,-0.05336051303568925,-0.04812373420175668,-0.049663154277039344
6.106343906906492,-0.7668328790687492,-1.1507143630313903,0.018858859413515523,2.457957218231544,0.05167913169967121,-1.2592850463777743,-0.06924310572768648,-0.0448307891447502,-0.026106647688110222,-0.06942873592681696,-0.044487512190257684,-0.0016164253772640055,-0.0956604195171331,0.0012456678136159038,-0.010467134177331876,-0.07772517991154641,-0.021916781300001426,-0.05334424829055943,-0.04813835568018813,-0.049658398921471905
5.891698768269802,-0.5640362308786516,-1.4220379663854474,0.018853342129231065,2.45789052146591,0.05170758423484605,-1.2592955141218638,-0.06930987981654863,-0.044782046804433706,-0.02608738379460126,-0.06949571715305267,-0.04449096879720824,-0.0016106318979497464,-0.0955922640553744,0.0012371838141773056,-0.010471271638097924,-0.07765190972077833,-0.021936375622901426,-0.053330834777772895,-0.048151265397041176,-0.049650503953724015
5.686207354438908,-0.7155007170941284,-1.1148351498362647,0.01883296093049157,2.457819145174458,0.05175210866990439,-1.2593184166316091,-0.06938130169567105,-0.0447210761441909,-0.026052435711338452,-0.06956727059015967,-0.044511471250568264,-0.0016031830864884293,-0.09550817170490374,0.0012308426793469474,-0.010473835867072909,-0.0775623317891592,-0.021954169962002078,-0.053317041527205594,-0.048164244551483965,-0.04964377028506613
5.774023571595519,-0.9158835977312688,-1.917642217515544,0.018813786472773163,2.457754828389026,0.05179082157092558,-1.2593426354032575,-0.06944566984118103,-0.04466738885607023,-0.026023691964692657,-0.0696318363671349,-0.044526963023552565,-0.001608537128304672,-0.09541754497633016,0.00121288632808985,-0.010492467805788438,-0.07747356964527978,-0.02198442397042537,-0.05330792423378817,-0.04817440511326557,-0.04963191544838235
6.28639751064905,-1.4539023550538719,-1.8561972341668431,0.01877630422734689,2.457711990028307,0.051820670775010784,-1.2593902142504134,-0.0694885670144067,-0.04463489924301366,-0.026000805193713207,-0.06967521021637782,-0.04454321925550342,-0.0016113440838941152,-0.09536988932101814,0.0011986010709295254,-0.010506473801589894,-0.07742645972800132,-0.022009585013862337,-0.05329819030579834,-0.048184661544212595,-0.0496219837065262
6.524905987955958,-1.5454962121679516,-1.4710151697881462,0.01876193727963987,2.4576808420678713,0.051825627061248734,-1.2594105135974027,-0.06951980486665728,-0.04462604109864178,-0.025995272381012888,-0.06970708493946734,-0.04454289039715738,-0.0016001742320686965,-0.09535360512954189,0.001197280172087013,-0.010500281870738391,-0.07740124962219153,-0.022018592562579032,-0.05328378200000354,-0.04819758003286608,-0.04961792835454265
6.776769780830205,-1.8449129878208228,-1.2224355037886185,0.018749162603287566,2.4576541559476386,0.05183071902156178,-1.259429245955781,-0.06954655889279933,-0.04461750634950069,-0.02599091777667291,-0.06973453366737721,-0.0445427344185199,-0.0015822021684720594,-0.09533079277985639,0.0012021028190614621,-0.010486012660373413,-0.077367184070527,-0.022021349461114587,-0.05326715074453577,-0.048211768223213616,-0.04961666920837094
6.92701140619743,-1.9351063185045039,-1.077050660464713,0.018778042503685474,2.4576437316446653,0.05179815709640095,-1.2594040533791482,-0.06955709049640656,-0.044637931018247444,-0.026019638599925787,-0.06974599664422747,-0.04450892896367083,-0.0015548519804561719,-0.0953264240782752,0.0012151529030847124,-0.01045879666590801,-0.07734632200542871,-0.022014157416041423,-0.05324742522236707,-0.048227776225073876,-0.04961904772596315
6.761557873413809,-1.7043019107695319,-0.9854163740459626,0.018765955089645618,2.4576111691171882,0.051809631084258394,-1.259420349212346,-0.06958970727118657,-0.04461982256615465,-0.026010302310111328,-0.06977918909645801,-0.04451243524521563,-0.0015335458852445642,-0.09529759540722563,0.001222646439125784,-0.010440537443420045,-0.07730507636995652,-0.02201408176740366,-0.05322993332157394,-0.04824243081335118,-0.04961903577802914
6.795555919035216,-1.6392997414593968,-0.8491594406459523,0.018756199085083025,2.4575698709861618,0.05183327075057084,-1.259433509403018,-0.06963103437243169,-0.0445850194027671,-0.02599388826505059,-0.06982094482441362,-0.044521093444616536,-0.001510236290938495,-0.09526050139359511,0.0012320992935056431,-0.010419998555260202,-0.07725531824660163,-0.022012098370526156,-0.05321192905510469,-0.048257316816775954,-0.04961995437943767
6.98335659112221,-1.9063858962413067,-0.9581101475870549,0.018782713583343612,2.4575596336773793,0.05180568210772141,-1.2594117266757456,-0.06964136834911416,-0.044601498136954874,-0.02601971469485641,-0.06983220270865613,-0.04449060075334634,-0.0014842106043540092,-0.09525155862718096,0.0012440717620528037,-0.010394445804426325,-0.07723120971833962,-0.02200576929158194,-0.05319319344976968,-0.048272575760455336,-0.049621997309172404
6.74644700037014,-1.763360816504405,-0.9643387841529053,0.018774484878852207,2.4575322328212392,0.05181750513197015,-1.2594248239800245,-0.0696688139711306,-0.04458344062924707,-0.026012436695761098,-0.0698602739530815,-0.0444933445203092,-0.0014634849319042403,-0.09522255473019997,0.0012504433331696934,-0.010376388212659014,-0.07719110313735449,-0.022006238078292398,-0.05317635733985858,-0.04828679138806731,-0.049621549027318135
6.4313413297173945,-1.4103565412535746,-1.3564223675848075,0.018771842077503816,2.4574951023156806,0.05182985961961856,-1.2594313504550614,-0.06970600516052924,-0.044560369471087484,-0.026004391204252523,-0.06989791707571229,-0.0444932883353298,-0.001447370815572202,-0.09519623640459468,0.0012513967846849998,-0.010363512302096098,-0.07715591571490721,-0.02201178987545652,-0.0531611597587668,-0.04830018548146023,-0.04961861695511522
6.129518042182037,-1.0845944406769243,-1.1763286193474352,0.018760030458859614,2.4574485817885305,0.05185342141117618,-1.2594464074433072,-0.06975258265302416,-0.04452647698445254,-0.025985878042390328,-0.06994477297164284,-0.04450219173907536,-0.0014338000500420628,-0.09515855125239783,0.0012495284344929596,-0.01035440997767653,-0.07711106104470027,-0.02202101846962793,-0.05314692203663788,-0.04831304604140651,-0.049614470683824304
6.4716947014429635,-1.4322928932781887,-1.0357485683602532,0.01876266769773349,2.457415134481304,0.0518600671757059,-1.259446914664704,-0.06978609080821338,-0.044508130470062954,-0.025982585103558508,-0.0699787802781608,-0.04449764768801562,-0.0014125773520782903,-0.0951356185008133,0.001256751796743334,-0.010335130090301481,-0.07707644866906606,-0.0220199244955,-0.05313043565604818,-0.048326852399110054,-0.04961458082077015
6.563086753336681,-1.5459893279531478,-1.14085705247791,0.01875707653642992,2.457382261353099,0.05187204963766287,-1.2594540224080757,-0.06981901499313219,-0.0444890022709502,-0.025971902676388,-0.07001220292216974,-0.044502095031023405,-0.001395057452764212,-0.09511012530788364,0.0012593676883601679,-0.010320243446829526,-0.07704121961729833,-0.02202341705859058,-0.05311525624576483,-0.04834003515067941,-0.049612578265618955
6.626196215876462,-1.5124477970132895,-0.9653590930157907,0.018773565131555797,2.4573624950232773,0.051856794869265,-1.2594349559662363,-0.06983887063237672,-0.04449548163954759,-0.025980563963055855,-0.0700327916394907,-0.04448820417127601,-0.0013733697837850511,-0.09510266719202198,0.0012671217633557239,-0.010299262116581874,-0.07702022125076628,-0.022020371045451615,-0.053098956759857915,-0.04835362474097703,-0.049612981770715964
6.947118833277107,-1.6678077209521711,-0.7195007923864517,0.018785573385812725,2.4573427695401184,0.05185106782565875,-1.2594256335285174,-0.06985865700560902,-0.04449138693684277,-0.025987479083469173,-0.07005329849754958,-0.04447636411385829,-0.001349465718160362,-0.09508255196595568,0.0012780712931496103,-0.010276338052740499,-0.07698697794298368,-0.022014977393333687,-0.05308215545426463,-0.048367283855033506,-0.04961496410544516
6.756751304116508,-1.5913928990855126,-0.5910780534636744,0.018753035203102994,2.457287498962588,0.05190098937549027,-1.2594515032398583,-0.06991389312773523,-0.04443709011582342,-0.02593814312204491,-0.07010855484122606,-0.04451853442542577,-0.0013277499375887309,-0.09504394849779522,0.0012863065599941523,-0.01025675912149501,-0.07693638523937177,-0.02201329591600602,-0.053066175182730296,-0.04838052589081924,-0.04961573669460047
6.680315717085852,-1.6644851234743587,-0.5520192721081464,0.0187136957030758,2.457242307981246,0.0519502092477535,-1.259484688039383,-0.06995903899597651,-0.044388295392592515,-0.025889139639563272,-0.07015390190607153,-0.044563760230371716,-0.0013064230862261292,-0.095007257134439,0.0012940836770213408,-0.010237504580757771,-0.0768883121126855,-0.022011933827717885,-0.0530504738574352,-0.04839357657023961,-0.04961632604797034
6.57540961104558,-1.449517843743287,-0.80346275525926,0.018719975056341813,2.457216336716911,0.05194936518739402,-1.2594775528255409,-0.06998507764909069,-0.0443808634209246,-0.025887884925004705,-0.07018052225648966,-0.04455908261680155,-0.0012855139243412046,-0.0949890987128547,0.0013011441560117432,-0.010217786922614673,-0.07685853810689187,-0.022009921151585565,-0.0530350562221924,-0.048406471525778885,-0.049616558055058727
6.103378747746688,-0.888752318598831,-0.891674142814744,0.018722241783314802,2.457174094344417,0.05196210174821012,-1.2594785030802842,-0.07002738423195702,-0.044354073626316895,-0.025879989029332598,-0.07022305415128065,-0.044556181289163325,-0.0012663891068631456,-0.09496514156811352,0.0013056240918045184,-0.01020055333747236,-0.07682465932817212,-0.02201105381652366,-0.05302030594717545,-0.04841907532507028,-0.04961560114541076
6.430843274520489,-1.2349887357338054,-0.8350025090804051,0.01872666772963019,2.4571441393399924,0.051967530606962895,-1.259476853741381,-0.07005740067579436,-0.04433802782845163,-0.025877739795125216,-0.07025354584040176,-0.04455107331321355,-0.001246300570512258,-0.09494492599816257,0.0013117799212638333,-0.010181830895689983,-0.076794178805081,-0.022010026700678403,-0.05300544774878546,-0.0484315807730426,-0.049615487717496944
6.1711088510810805,-1.1511387428537048,-0.5658407521421058,0.018698923400683964,2.4570957990637488,0.052010491968935244,-1.259506529673149,-0.07010574973196923,-0.044289499409793674,-0.025842489715752457,-0.07030195071345816,-0.04457827745984225,-0.001226839513196823,-0.0949070386392675,0.0013172612414414802,-0.010164550830979278,-0.07674733146551564,-0.022010887300268994,-0.05299092488936829,-0.04844385984210135,-0.049615133131849586
5.933562125819433,-0.7781905635847728,-0.6099880863024357,0.018685714604442013,2.4570451803145996,0.05204105995421744,-1.2595221953252667,-0.07015640648175964,-0.044247482633591816,-0.025818483535440497,-0.07035258992059304,-0.044591143891932306,-0.0012081478453847528,-0.0948702078903272,0.0013215667557685915,-0.010148093136087395,-0.07670173596265749,-0.022012861033907597,-0.052976769522404175,-0.04845595307705192,-0.049614240396375055
5.888872963274706,-0.5870238849960618,-0.1699988462714447,0.01868593375133761,2.456996115245777,0.05206364428614043,-1.2595242903480723,-0.0702055194488339,-0.044208975554026475,-0.02580334519379227,-0.07040169822036073,-0.044593986206806394,-0.0011837560435882697,-0.09484625169654673,0.0013364996944743564,-0.010124196798014231,-0.07666447758475589,-0.02200322359085489,-0.052961263538059494,-0.04846799112901994,-0.04961860497209628
5.759917589716675,-0.4669722100354021,-0.2901282381152724,0.01868873001503585,2.4569469971296236,0.052083761668922396,-1.259523666990402,-0.07025468502377699,-0.044171492225790976,-0.02579032973417187,-0.07045083453541587,-0.044594223456277,-0.0011610754406400478,-0.09481967380643365,0.0013487226808018744,-0.010102339312461872,-0.07662580806974549,-0.021996370074011586,-0.05294638377645857,-0.04847979540996457,-0.049621680524055634
5.583183723444351,-0.40704541049041776,-0.7274058167545009,0.018685993888796666,2.4568972258409083,0.052108087040440725,-1.2595290168047093,-0.0703045006372232,-0.04413164037972085,-0.025773482862645955,-0.0705005804852004,-0.044598680197909586,-0.001146278483680877,-0.09477183638141126,0.0013453018015991425,-0.010090555183543876,-0.07657282866096506,-0.022006511064198292,-0.05293368614447922,-0.048491537083793314,-0.04961695557478999
5.7078608606356855,-0.42848752284617586,-0.5234663441987947,0.01868881972229579,2.4568513413004855,0.05212570788700432,-1.2595277586661784,-0.07035043724084299,-0.04409827272680327,-0.02576152291498306,-0.07054652102268945,-0.044598725748702224,-0.0011274624781223434,-0.09474199383138066,0.0013505451923989558,-0.010073184250443422,-0.07653370894640171,-0.02200656039691732,-0.05292012867292436,-0.04850300288646646,-0.04961663044893532
5.7400808836436354,-0.5227083505196303,-0.43069211346140135,0.018692812472174417,2.4568109968900735,0.052140100641434775,-1.259527619640625,-0.07039083714183844,-0.04406906330165476,-0.02575423629188222,-0.07058704613020046,-0.04459523878337454,-0.0011072477396122686,-0.09471775831954243,0.0013591819665979056,-0.010053935475787644,-0.07649952559487858,-0.022002920633704185,-0.05290638479636636,-0.04851422852495426,-0.0496180541986227
5.728882951987059,-0.6821980780400354,-0.1732543735446588,0.0186670969941012,2.4567553228572034,0.0521869534878119,-1.259551423287824,-0.07044650642860252,-0.04401421195765811,-0.02571280004908399,-0.07064241089563023,-0.04462634086100445,-0.0010850585517841339,-0.09469564680704999,0.0013728349618853327,-0.010032173271712498,-0.07646529473146356,-0.021994081573588196,-0.05289232605972516,-0.048525130065258645,-0.04962206934588167
5.61653183874071,-0.4991941797362657,-0.0631976293188372,0.01865436192419897,2.4567034388367484,0.052222660207272384,-1.259564561271968,-0.070498402664006,-0.0439656992990297,-0.025684571601104374,-0.07069407378513133,-0.044643117826875314,-0.0010618328098489392,-0.09468078678556448,0.0013897197171358836,-0.010008893216935998,-0.07643708031138519,-0.021981501026966874,-0.05287819373050542,-0.048535706001908374,-0.04962778858884648
5.4866678271375,-0.3224971684633996,0.014790874917901448,0.01865963686177499,2.4566592650739776,0.05223931059923083,-1.2595623082188026,-0.07054262230967859,-0.043931830738337466,-0.025675626389552376,-0.07073824643988906,-0.04463995630727888,-0.0010388823567640893,-0.09466621672179802,0.0014069350612268456,-0.009985850444590048,-0.0764090934348766,-0.021968485496961194,-0.05286430527676599,-0.04854601967078602,-0.04963375910193217
5.544294207243937,-0.42945499587986125,-0.09613565597857897,0.018659806733547585,2.456614274887269,0.05226034918197467,-1.2595629917729632,-0.0705876504412136,-0.0438960563983437,-0.025660516287339168,-0.07078317883145788,-0.04464368401119124,-0.0010172294749335995,-0.09464846954102017,0.0014217210073280719,-0.009964375886986938,-0.07637919135101748,-0.02195806418935061,-0.052850892156142526,-0.0485562046614241,-0.04963853912746729
5.125224951596834,-0.1655750206815692,-0.7488164466643887,0.018667582824324767,2.456571812391444,0.052274683023089505,-1.259558294830037,-0.0706301613784481,-0.04386435652348391,-0.025653732399835663,-0.07082564164301956,-0.04463849812740164,-0.0010053893759933705,-0.094589079504015,0.0014087955894591404,-0.009955509481238436,-0.07631953671469943,-0.02197779274022553,-0.05283984611937096,-0.04856774200818308,-0.04962864375321374
4.596401020263371,-0.16571210571070405,-0.6181917391923721,0.01865879639761701,2.456525765011157,0.05230187147634104,-1.259566143289406,-0.07067623796094805,-0.04382597785789657,-0.025630418475413013,-0.07087153759584758,-0.044651350524183224,-0.0010011506968500153,-0.09450309849038596,0.0013743787946984224,-0.009956110652555587,-0.07623847156137425,-0.022020156875300175,-0.052830625926544125,-0.0485802966716108,-0.04960755465876648
4.870517864509748,-0.5371949545257041,-1.40198040907051,0.018617298792607578,2.4564758612988125,0.052352278597064296,-1.259600206455212,-0.07072613854411798,-0.04377787540399315,-0.02557699472760347,-0.07092111196233022,-0.04469798300153176,-0.0010163004911891824,-0.09436001819147885,0.001289054121514012,-0.009980933921413025,-0.07611720489950771,-0.02211621280577892,-0.052825833628569074,-0.04859505262432005,-0.04956059014172213
4.894167286552516,-0.3635818560993914,-0.8177046345431855,0.01861328010524024,2.4564353049620156,0.052374384296628655,-1.259603853253742,-0.07076672735266964,-0.043744615663351305,-0.025559077810269983,-0.07096163423208919,-0.044706303732546526,-0.0010069047558627158,-0.09430627569473833,0.0012779449667206571,-0.009974426522590436,-0.07606303346955993,-0.02213305248118001,-0.052815832998927136,-0.04860516402617249,-0.04955311895586481
4.946200174518525,-0.44293202523975383,-0.8693373058566014,0.018596819872082372,2.4563968344764766,0.05239923641287496,-1.2596149865335748,-0.07080522826318318,-0.04371616449925028,-0.025530880468060606,-0.07100010923557361,-0.04472730461464378,-0.0010028000762514087,-0.09425692004922898,0.0012547716991515223,-0.009973948574749298,-0.0760152758217344,-0.022161477600844925,-0.05280713977911076,-0.04861547455704046,-0.04953996396344881
4.896286969854213,-0.39412312307587616,-0.7893807485689626,0.018584105820016145,2.456358777106573,0.05242220771642387,-1.2596241399127266,-0.07084331916496285,-0.043688146822862324,-0.02550626922201055,-0.07103816254866165,-0.04474416742338591,-0.0009971773781867583,-0.09421173840953001,0.001236984488785804,-0.009971498466140552,-0.0759706565814966,-0.022184306755967106,-0.0527982537668185,-0.048625274964050114,-0.04952975514746072
5.520987494531719,-0.9023440662823544,-0.6437692770817818,0.01857378741116495,2.4563337490212245,0.052434359299896656,-1.2596249130099975,-0.07086838605574385,-0.043678075009521256,-0.025483554155890483,-0.07106359495163501,-0.04476346926787538,-0.0009835854174544687,-0.09419774319667668,0.0012383817107506935,-0.009958740323529974,-0.07594959029660994,-0.022186059924429152,-0.05278775105429754,-0.04863434340688835,-0.049528706770017424
5.581981688953539,-1.0758722335035307,-1.1903687393143452,0.01857920263497747,2.456334025458424,0.052421574714284463,-1.2596173481119093,-0.07086818665127373,-0.04369474136792901,-0.02548865729307117,-0.07106457729362309,-0.044759626446445794,-0.0009754133497550142,-0.09420873612653904,0.0012268952726101467,-0.009951579668771708,-0.07595979987055335,-0.02219881867246339,-0.05277855102625499,-0.04864370285873853,-0.049521588535756826
5.587527341766156,-1.0893192646391991,-0.988632415260562,0.018558557210711275,2.4563170504940164,0.0524298640470119,-1.2596218469927447,-0.07088520076385413,-0.043698327478585645,-0.02545862918620184,-0.07108217892320655,-0.04479017914410394,-0.0009683990307070196,-0.09420002914247912,0.0012136140596066061,-0.009946165735586016,-0.07594761365519749,-0.022214448545540152,-0.05276972952074922,-0.048652887348149265,-0.04951384490310925
5.874282215497754,-1.3225273999340867,-0.6256023045474791,0.018584967668879706,2.4563073076980624,0.052407673104940974,-1.2595780069587128,-0.07089499871141307,-0.04371801752928609,-0.02546036284767702,-0.07109278542745837,-0.044786486864259685,-0.0009517479674353856,-0.0942019552488738,0.001223473141996922,-0.009929105445288026,-0.07593813158862597,-0.02220640939629424,-0.05275897812637616,-0.04866123701877372,-0.0495168625028162
5.986813907925426,-1.390563848739892,-0.6706734741162201,0.018554377070074787,2.4562782281453712,0.05243949262092294,-1.2595888984203616,-0.07092405527565981,-0.04369845730984749,-0.02541011000242503,-0.0711219864516907,-0.04483580049017718,-0.0009386691763509753,-0.0941818012955541,0.0012251233816731734,-0.00991682678006506,-0.07591136067951092,-0.022208025343966042,-0.05274911206110817,-0.048669694553408346,-0.04951614897990869
6.153376176510529,-1.5053661190986838,-0.7627584475963057,0.01858104718621788,2.45628137093267,0.05241384568018539,-1.259552506805424,-0.07092096599509788,-0.04372413208386831,-0.02542204361762992,-0.07112010658558283,-0.04482489486307148,-0.0009232614325014437,-0.09418683125377444,0.0012324976610776667,-0.009901112582267696,-0.0759070973088178,-0.022202216890283576,-0.052738886688025226,-0.0486778606498307,-0.049518034289654
6.230206897972308,-1.3935184099727724,-0.7039687759338341,0.018583617659212823,2.456268982492473,0.05242590499413364,-1.259545437307734,-0.07093334598826584,-0.0437119414975199,-0.02540974504282148,-0.0711331499373652,-0.0448362627160518,-0.0009085039130768636,-0.0941722769236303,0.0012386299295375938,-0.00988662758615126,-0.07588604217664933,-0.02219893417725948,-0.052728924682441516,-0.048685925697561125,-0.04951939287486213
6.173549523537485,-1.483788591458865,-0.7834956144198101,0.01853351035265013,2.45624482049612,0.05247746477446181,-1.2595876092737754,-0.07095746384921257,-0.04367833824314073,-0.025353314610287902,-0.07115751540968822,-0.044893968973905816,-0.0008980445526581719,-0.09414004088916378,0.0012334775255839502,-0.009877596427744047,-0.07585287319807461,-0.022208122390976304,-0.05271995281724826,-0.04869435340356912,-0.04951551938772056
6.238282900468685,-1.3245777385303992,-0.572837544868169,0.018500476377373953,2.456212536802774,0.052519277454811795,-1.2596053816636756,-0.07098970555297929,-0.043645416661109285,-0.025301403673432744,-0.0711897087514811,-0.04494319674817205,-0.0008842566158020248,-0.09411739382912424,0.0012378185255274969,-0.00986437000516268,-0.07582387362345282,-0.022207178179263473,-0.05271043989394108,-0.04870221332098738,-0.04951612324670387
6.373798847933293,-1.111475319903334,-0.6316983950754439,0.01847345766992096,2.456196327052959,0.052548529420531946,-1.2596301088135313,-0.0710059121189525,-0.04362384627977908,-0.025272205522617476,-0.07120640149896723,-0.04497195954098846,-0.0008718394010195884,-0.09409458572628883,0.0012385039816850908,-0.009852786055346079,-0.07579799217916865,-0.022210099211540373,-0.05270131754507989,-0.048710131893652656,-0.04951503245189288
6.561161292277688,-1.2614319210594225,-0.3195856067378205,0.01841646010593479,2.4561561493609547,0.052624043921224585,-1.2596814088480923,-0.07104598963796555,-0.04355717178531775,-0.025203066396720188,-0.07124611556158761,-0.04503740166639769,-0.0008557129037594306,-0.09407602251101732,0.0012503780679571708,-0.009836756006332593,-0.07577122956644183,-0.022201732218365088,-0.052691600080162514,-0.048717349381551735,-0.049519202191196356
6.574595909055691,-0.9869820649318569,0.41453398356890264,0.0184330010689398,2.4561294746003832,0.05262858477810278,-1.2596704528514195,-0.07107268828590713,-0.04353646309513646,-0.025208401880455592,-0.07127289986842336,-0.04502298685990054,-0.0008367977892107599,-0.09407266910316987,0.0012713036978421726,-0.009817187342012089,-0.07575474812307198,-0.02218363261711818,-0.05268148157089488,-0.048723930602007304,-0.04952763475187797
6.4352289911588025,-0.6899741168502712,0.4495290218820051,0.01847928031109993,2.45610624513208,0.052614134333870965,-1.2596341054429265,-0.07109596928414429,-0.043522200466599,-0.025239178851581556,-0.07129636988813351,-0.044980988663297854,-0.0008222258392089741,-0.09405604340255416,0.0012789727820139085,-0.00980297314874389,-0.07572981446845996,-0.02217974719745552,-0.05267230558024483,-0.04873115260592349,-0.049529790869694536
6.021120358892768,-0.07561579501183857,0.9411174393447945,0.01849661683185938,2.4560743749118488,0.05261624772702656,-1.2596217293971066,-0.07112788694693505,-0.043501204763702374,-0.0252451775835222,-0.07132814721630643,-0.04496395230693149,-0.0008006964442966683,-0.09407509266972922,0.0013112644519322782,-0.009779962825993041,-0.07573399603239055,-0.02214924061674855,-0.05266198416049425,-0.04873662738559102,-0.04954381656124883
6.1344679120723,-0.306215015482878,1.4437336469224666,0.018491548151544607,2.4560214252566057,0.052648772728772816,-1.2596259457359325,-0.07118083730555536,-0.04345270989615979,-0.025219432060605926,-0.0713801696814736,-0.0449754762946458,-0.000774127088291878,-0.09421506573936406,0.0013646765551456068,-0.009749219923784256,-0.07585232756705189,-0.022090437885905593,-0.05265091288784203,-0.04874032751998493,-0.04956836768186002
6.127545222337018,-0.32701558879933323,1.784468620868047,0.018444434042128068,2.4559488691382767,0.05272762893795873,-1.25966622337885,-0.07125331706924934,-0.04336694538112462,-0.025147171170576826,-0.07145096509881277,-0.045032866531524676,-0.0007281017017015893,-0.09455566779629256,0.0015081311474601927,-0.009692094407752483,-0.07615211475733388,-0.021926465550546344,-0.052636671977098606,-0.048735638762854305,-0.04964098372064027
6.003348994756889,-0.008043654270235512,0.8922075729549158,0.01845950455823705,2.455918113008709,0.05273126873580961,-1.2596565075466193,-0.07128411686090967,-0.04334541873848837,-0.025152094002636363,-0.07148160047001867,-0.045017357503086886,-0.000703215510419631,-0.0946418008431357,0.0015782057874789107,-0.009663925959705538,-0.07621655208956747,-0.021851992750677177,-0.05262630296864435,-0.048735577001504375,-0.04967918523058433
5.96478481888007,0.3000714689504761,0.5598564060946315,0.018491652522677367,2.4558979347715875,0.05271525807518177,-1.2596328528167353,-0.07130436359990967,-0.04334019592403291,-0.025177399316412746,-0.07150206611512373,-0.044982516482503156,-0.0006859380091251531,-0.09465639405639086,0.0016075151205475837,-0.009645798899974122,-0.07621948157701747,-0.021823878718564647,-0.052617311321667505,-0.04873968875644474,-0.0496942003886714
5.791013026438186,0.5409831560728673,0.3784461416681288,0.018533760987827875,2.4558820425537364,0.05268880080386228,-1.259598695912154,-0.07132032923351186,-0.04334300521216576,-0.02521183691944888,-0.0715183978247971,-0.04493879941146727,-0.0006697280388099393,-0.09466019094733842,0.0016324423803095267,-0.009628981623485411,-0.07621169081248659,-0.02180053725056546,-0.052608620364910264,-0.04874410993318268,-0.04970677011428745
5.886304257475183,0.35676929155528425,-0.19001857826241775,0.01859532780325712,2.4558708558408058,0.05264576464441689,-1.2595448702913652,-0.07133161507564817,-0.04335704538929647,-0.025262393412581262,-0.07153021406145038,-0.044878359122720785,-0.0006564193748860016,-0.09463510398653852,0.0016370368589064739,-0.009615892461661916,-0.07617970453664341,-0.02179972990844173,-0.05260049643382691,-0.048750990865868524,-0.04970658625809741
5.787590983196574,0.5650787830925859,-0.15053479043416607,0.0186726410619553,2.455867760148226,0.052584776885831026,-1.2594756254453479,-0.07133482631051513,-0.043386115705281204,-0.025329107247308233,-0.07153425261031936,-0.04480217779000327,-0.0006429846231431549,-0.09461440799683528,0.0016446867608357818,-0.009602551967274258,-0.07615157095593755,-0.021795468310111654,-0.05259247574099054,-0.04875732157071514,-0.04970841398158975
5.503808143929176,0.7230930715111725,-0.24725512206004716,0.018778471038578968,2.4558776241612446,0.052496249962896716,-1.2593853811315947,-0.0713251120694625,-0.043434297968176806,-0.02542882079174682,-0.07152584857654865,-0.04469243643654948,-0.000630962586647547,-0.0945813053594906,0.0016418400553638815,-0.009590952795731283,-0.07611317581708983,-0.02180253479974471,-0.05258477971201584,-0.0487649246925432,-0.049703528656145635
5.284275197533814,0.5058037337508652,-0.8859952993417636,0.01886009055465072,2.455874082192409,0.05243899866782682,-1.2593174540038432,-0.07132876693918899,-0.043455329308441655,-0.02550081725197164,-0.07153027135432248,-0.044609224418905274,-0.0006262518995910044,-0.09448440076706627,0.001573349019307485,-0.009588515330352963,-0.07602209479993881,-0.021879111977692798,-0.052578233370104026,-0.048781361196427536,-0.04965619265537883
5.3306067403125486,-0.5295195026808229,-1.7760086823982915,0.01884707918269527,2.4558518532972404,0.05245406149451322,-1.259328127666475,-0.07135101947542624,-0.04343948533317643,-0.02548317557669198,-0.07155255267967767,-0.04462272248274767,-0.0006260120183170584,-0.09443095949374547,0.0014738246401829738,-0.009590493033478044,-0.07598029193854423,-0.021978600596501918,-0.05257241828721347,-0.048801352683481396,-0.049591040472161015
5.209501863304428,-0.5036953540785406,-1.9638120746825938,0.01884124884632649,2.455833337109557,0.0524625460849719,-1.25933266517788,-0.07136956801775825,-0.043428209833753846,-0.025473127292813768,-0.07157125805656687,-0.04462869977864473,-0.0006258666078257868,-0.09439482048741088,0.0013897982806735318,-0.009592283378814327,-0.07595665421948336,-0.022062026962161786,-0.05256673068067762,-0.048818134615151276,-0.04953938439962494
5.290328646167823,-1.0544422415205879,-2.490341591303506,0.018830074489414223,2.4558633330343587,0.05243770475598431,-1.2593400246595319,-0.07133964732253134,-0.04347191355041542,-0.02548129987768928,-0.07154337223323733,-0.04463056217592502,-0.0006296738297839243,-0.094458171584671,0.0012921463265065489,-0.009597528750229928,-0.07604199405363922,-0.022152215092748534,-0.05256170408119341,-0.048835507420666176,-0.049482965699791104
5.667366483767402,-1.9878698183851693,-2.5047065989828785,0.018776120809131013,2.455896700791711,0.05243341259662434,-1.2593605171135367,-0.07130623395699887,-0.04352060663165764,-0.02543630536922972,-0.07151207367778152,-0.04469465185654747,-0.0006329893162854326,-0.09446157046834572,0.0012165914118373326,-0.009602570848567735,-0.07605619220330415,-0.022225588285715983,-0.052556736191717246,-0.04884909453680324,-0.04944266284847321
5.727416482874525,-2.4075230594402086,-2.6905787003769355,0.0188828691300269,2.4560505654115943,0.052239637091265445,-1.2592255704769078,-0.07115255272465959,-0.043737254196006804,-0.025569779535000718,-0.07136459372904337,-0.04459626462874172,-0.0006263328046572403,-0.09466630240458483,0.0011991718942806209,-0.009593249772721123,-0.07625418042154068,-0.022227142244478734,-0.05255046499864337,-0.04885663648724976,-0.049432994896340725
5.74578543332597,-2.3483530941988726,-2.5735121990075602,0.018955413815659593,2.456168997169646,0.05209868909746718,-1.2591225948872418,-0.07103424374622282,-0.043899960579445244,-0.02565842584518716,-0.07125069935455966,-0.044537047353783756,-0.0006210942747181809,-0.0948082571469436,0.00117711056788695,-0.009586372802055607,-0.07639340089946298,-0.02223809730610688,-0.05254449372032956,-0.04886433741481676,-0.04942156461469301
5.434776407179329,-2.163632635471847,-3.147110373233689,0.0190601210481555,2.4562943555579215,0.05193576174702385,-1.2589897809872694,-0.07090905197185231,-0.04407283972607973,-0.025773454632266483,-0.07112964743274829,-0.044449023909812466,-0.0006151089326437937,-0.09503258151684954,0.001158690710409865,-0.009577024261600401,-0.07660974111666265,-0.02223746489285249,-0.05253850697876141,-0.0488716414005802,-0.04941189080488569
5.270800924506287,-2.140792879762385,-3.136436092310583,0.019145710543265592,2.4563963903392603,0.0518078383496193,-1.2588747027386353,-0.07080712500822,-0.0442087025451019,-0.025859918579399954,-0.07103080838229245,-0.04438593452106291,-0.0006097505658687096,-0.09520215729209197,0.0011394413806915086,-0.009569045657613254,-0.0767731915314887,-0.0222415824831469,-0.05253270389930828,-0.04887877707082615,-0.049402278331858604
5.1658010583447584,-3.042779341084705,-4.280679545558526,0.01912421778553723,2.456548990435003,0.05173656814244708,-1.2588377839779499,-0.07065445001076837,-0.044347693505935946,-0.025861583508914678,-0.07088194515720832,-0.044446591602542405,-0.000629339699549461,-0.09528208794887097,0.0010132388457328202,-0.009590465786739192,-0.07689074841557071,-0.0223591080771357,-0.05253040627082343,-0.04889446482270596,-0.04934362399954814
4.833131426744765,-3.1298815232993533,-4.646984625778997,0.01929894458615254,2.456778740464467,0.051489088202024226,-1.2586297654059935,-0.07042485515745309,-0.044606203054815025,-0.02606157274337915,-0.07065653841218994,-0.044300501689822976,-0.0006307209241956754,-0.09559559774294997,0.0009818505276578003,-0.009586291279870564,-0.07720447696569138,-0.022367513918246415,-0.05252575974300971,-0.04890134783218355,-0.04933102445473678
5.3869500916251045,-3.9502574852080645,-4.413745145857946,0.01960554791855571,2.457101215185363,0.05110466784126652,-1.2582640790117292,-0.07010259396574291,-0.04498834579334689,-0.026372638709870427,-0.07033746187249101,-0.04404801626632733,-0.0006266378901868647,-0.09596695363385216,0.0009683081959437554,-0.009572601863966222,-0.07755788759608563,-0.022347851315778596,-0.05252042661759112,-0.04890709550877579,-0.049325730598806204
5.653274016397712,-4.338673839859803,-4.261786484379433,0.02003113958169225,2.4574275883641272,0.05067577203628489,-1.25779823714283,-0.06977646464037497,-0.04538705748747514,-0.026750510489786387,-0.07001218042804283,-0.04368633593965031,-0.0006033537329276635,-0.0963505184490372,0.0010095507207412758,-0.009533425341808725,-0.0779102123881206,-0.022259432388369093,-0.05251246834694127,-0.04891016962158918,-0.049341245956836546
5.543773386096541,-4.091762700874212,-3.7817917078248713,0.020282015091661575,2.4576328678666965,0.050445117178125144,-1.2575145997219956,-0.06957123576301369,-0.045607055053682045,-0.02694982122900873,-0.06980608380004501,-0.04350762798174535,-0.000592999925299518,-0.09653344532647422,0.0010158802354730313,-0.009515410822331927,-0.07808161635422765,-0.022224664588884294,-0.05250643712393745,-0.04891468964853917,-0.04934369068537669
5.4289394167134315,-3.9573507090141744,-3.9261224080130295,0.020444629143156146,2.457810377687571,0.050272736620266094,-1.257320929958291,-0.06939374844985245,-0.04578487728101696,-0.027092870010527403,-0.06962713985956287,-0.04339575594315248,-0.000590993628532526,-0.09669044748143138,0.0009929731722632105,-0.009508226832602473,-0.07823625448666478,-0.02222404933775048,-0.05250161044404597,-0.0489209674091877,-0.04933431014431928
5.854053322743995,-4.255873796260779,-2.882027554625673,0.02056343917043308,2.4579578801610547,0.05014221977280938,-1.2571555925723572,-0.06924618756085227,-0.04592720806308751,-0.027178685732453398,-0.06947778791946684,-0.043354949010135736,-0.0005885996201486936,-0.09674867165137019,0.0009765916291376384,-0.009503783565821908,-0.07829085764393212,-0.02223140743613399,-0.05249683452303738,-0.04892636127619809,-0.049328531164729315
5.571103864907627,-4.106963147458242,-3.6421102225094444,0.020780631063646395,2.458124212655156,0.04994314879975341,-1.2569168047666808,-0.06907993708243085,-0.046114411391926236,-0.027353309391541177,-0.06930936564822704,-0.04318985939807574,-0.000578489683307302,-0.09691666513726721,0.0009841540099873986,-0.009486630975514521,-0.07844716085256702,-0.022198451527625746,-0.052491103670769056,-0.048930448406414875,-0.04933174303378008
5.488715008815484,-4.0054216877442,-3.6645499047426515,0.020793536364398242,2.4582410253269913,0.04986678777022569,-1.256848523386965,-0.06896309735919835,-0.04622385796577828,-0.027375143751734134,-0.06919034579301762,-0.04323315445046039,-0.0005895164456290229,-0.09699279420352157,0.0009209443381715235,-0.009497600496536675,-0.07853122483331273,-0.02225501739877738,-0.052488224068655276,-0.048938599328083345,-0.04930742466909283
5.340363660128287,-3.9381616013586447,-4.230920295537339,0.020809206918270103,2.4583415339281243,0.049792927737055695,-1.2567635304585647,-0.06886256856269268,-0.0463299257330365,-0.02737471196264701,-0.06908760042709267,-0.04330412133685927,-0.0006075159337481734,-0.0970949523138797,0.0008511130615481159,-0.009515044468105993,-0.0786387555573961,-0.02231753083936524,-0.05248640621778869,-0.04894595027114192,-0.04928277967759085
5.07765234046171,-3.6672739466094257,-5.372592574603942,0.020705294898153623,2.458392058308015,0.04982076030766447,-1.2567985809302424,-0.06881191390336779,-0.0463497396124866,-0.02728257671111372,-0.0690350636266082,-0.043482039551610216,-0.0006569876985924488,-0.09709465746736552,0.0007325210914021218,-0.009571796655188676,-0.07867062912929336,-0.02244822041814688,-0.05248913783423014,-0.048952792715906544,-0.049244259029385576
4.673592964488879,-3.213757342927895,-4.918098812062198,0.020528135547965686,2.4583982706558833,0.04991558149016373,-1.2569309634899848,-0.06880554654865415,-0.046308149419303515,-0.0271501563254084,-0.06902724329353896,-0.04368573395389641,-0.0007242757907877414,-0.09699159915299015,0.0006476713114888083,-0.0096541253063539,-0.07861592588947866,-0.022558762134919856,-0.05249537357056426,-0.04895252414044412,-0.04922370063140496
4.203369397271073,-2.839880218554642,-5.178743576105761,0.020267909709504896,2.458385949497981,0.050052310005301075,-1.2571338294108672,-0.06881771646515981,-0.04624981486025569,-0.02695212235572635,-0.06903818734967654,-0.043956213178409156,-0.0008581420214436479,-0.09682459925414238,0.0005479853401902526,-0.009818046413332065,-0.07852470862181808,-0.02269603798287325,-0.05251440917571527,-0.048941491544894376,-0.04920374482900634
4.540591737812504,-3.3486442508127885,-5.768734780365533,0.020014782395444554,2.4584073481513893,0.050176219438737915,-1.2573392382871054,-0.06879614694753193,-0.046212570610930995,-0.026772085816962422,-0.0690150905607275,-0.044204947704375566,-0.0010479275753613984,-0.09668530893588649,0.00048772120461899274,-0.010044402580136884,-0.07846928418977676,-0.02279004847238915,-0.05255109893479407,-0.04891242462764115,-0.04919799983064283
4.799657428777872,-3.820269410777013,-4.959836586437376,0.019892863892974396,2.4584801636171014,0.05020346229856908,-1.257434420043116,-0.06872322578583015,-0.04623797701041222,-0.02671591609873239,-0.06894015890255262,-0.044319300292061,-0.001189491074484626,-0.09667368694850148,0.00048069662934226214,-0.010203542869690746,-0.07850017599254212,-0.02281344944583399,-0.052586311947760325,-0.048881761330333236,-0.04920400751812654
4.404293727870317,-3.4611369821580396,-5.497631482752424,0.019667517842979838,2.4584803728487032,0.0503365911207425,-1.2576232196179293,-0.06872281288854769,-0.046181000824553724,-0.026534044468639488,-0.06893843050632531,-0.04454460210275809,-0.0014582113655386847,-0.09651257315647349,0.00045621493793250324,-0.010513399949812312,-0.07840375523555838,-0.022865771463416073,-0.05267302752360747,-0.04880849182949205,-0.049207271195671066
4.55533776388499,-3.644529799435522,-5.428404373794889,0.019543402655786902,2.458512454215714,0.05040823780697703,-1.2577365937870038,-0.06869057964656998,-0.046155797498168706,-0.026451312119734494,-0.06890458113089973,-0.04466285209769454,-0.0017126805745404383,-0.09642767892723282,0.00045209733457414675,-0.01079049730672285,-0.07837087675450047,-0.022888536406199096,-0.05278512906192648,-0.04871230350717081,-0.04921419392760018
4.260867068777675,-3.268490519722207,-5.47605470018747,0.019386755132971473,2.4585183882303814,0.05051557436943347,-1.2578890688508695,-0.06868449457312871,-0.0461008012783303,-0.0263371972903137,-0.0688971644244733,-0.04480228367934187,-0.0020610260249142205,-0.09628457643330848,0.0004423359195647456,-0.011164763320233754,-0.07829490988602202,-0.022921409094651055,-0.05299375182473655,-0.04853124309058696,-0.04922027607054422
4.432140959732432,-3.579282752206047,-5.779933955536057,0.019256874669224468,2.458554333900831,0.05059390176356088,-1.258021931084214,-0.06864841075690407,-0.046072010955326016,-0.026261827928466114,-0.06885946098884078,-0.0449091528960388,-0.0024305396042714083,-0.09618520068113742,0.0004363653980608511,-0.011542079758489398,-0.07826690843541961,-0.022947795485370053,-0.05329519726001062,-0.048260277715029325,-0.049226934969347325
4.450731845091874,-3.6095186370434846,-5.784872666715534,0.019164509152238184,2.4585840285549536,0.05066087641244092,-1.2581246220871227,-0.06861857484558957,-0.04603933064889184,-0.02621064095274864,-0.06882807108602672,-0.04498518425825659,-0.0027620624018831154,-0.09609183262275718,0.0004379873954389538,-0.0118699413296107,-0.07823604283574824,-0.022963091016940117,-0.05363181779520117,-0.04794528613478711,-0.04923466142599187
3.9031989926323085,-2.973408871265738,-5.295897629479164,0.01896859632767841,2.458561738747315,0.05081937745412825,-1.2583286617398424,-0.06864069751446128,-0.04594310573397879,-0.026055972021605964,-0.0688492295278384,-0.04514860254838305,-0.0031954480035679155,-0.09586361768124155,0.0004267380757201843,-0.012312913807349724,-0.07810184411254562,-0.023002190825258298,-0.05410979274975407,-0.04747665282907346,-0.049240586311399305
4.108932070562412,-3.4644248805116398,-5.573879273512012,0.01880060868492447,2.458558216360126,0.050961495692501343,-1.258501175391819,-0.06864402537236197,-0.045862301451737315,-0.02591448248598388,-0.06885143249912913,-0.04530128576565811,-0.0035673797629795292,-0.09567418894214932,0.000421839025329219,-0.012674131841444647,-0.0780030741959725,-0.02303051629456938,-0.054557887454543486,-0.04702495881720728,-0.04924743989018901
5.169782928917275,-4.616937156260327,-6.483960752944219,0.018773578835880902,2.458661322339364,0.050963864905882325,-1.2585560220056253,-0.06854079542407976,-0.04589290660424498,-0.025952082655714834,-0.06874605781805505,-0.04531148278290125,-0.0038091098864735545,-0.09565842684481245,0.0004274106611292819,-0.01286324858992641,-0.07806966874715368,-0.023036742018210078,-0.05488783656234424,-0.04668536232062483,-0.04925538341844025
5.142124717367056,-4.502187834101473,-5.873253882151219,0.018882077022741833,2.4587904865259667,0.05083939852752315,-1.2584846024086482,-0.06841165997044865,-0.04600096959745736,-0.02612755927078978,-0.06861444505086373,-0.04518582256676105,-0.0038635447681992473,-0.09577772351898838,0.00044626560724892334,-0.01283108677461447,-0.07821749713380559,-0.023018298280090454,-0.05500961360093443,-0.04655371924575283,-0.04926474149433608
4.631121386290682,-4.041042662723248,-6.178024238655526,0.018796097654044667,2.4588155644981944,0.05090680910236815,-1.258564602319155,-0.0683864405906498,-0.04597674761838603,-0.026048907659948845,-0.06858771483729008,-0.04528792163546608,-0.0041407927889020035,-0.0956887731129211,0.00044173961189710706,-0.013071396106129724,-0.07820848264913259,-0.023038324862999785,-0.055376352826662145,-0.04617421815312745,-0.04927055959802598
4.973206062546102,-4.355891357989898,-5.8912017101203515,0.018827041628181503,2.458902728130368,0.0508506189621312,-1.2585511902169442,-0.0682992636213739,-0.04604086818774823,-0.02612542159446936,-0.06849835551038795,-0.0452525348526541,-0.004266654789025244,-0.09574299490808044,0.0004514197934883878,-0.013124469102691862,-0.0783081204939896,-0.023033701621293683,-0.055580989575541535,-0.04595671867306424,-0.04927824850691505
4.953251397957691,-4.299811649668788,-5.306974378143615,0.01883200741283708,2.458983105277003,0.0508072120054372,-1.2585590312197235,-0.06821888871722484,-0.046100152019623336,-0.026181032475465278,-0.06841581564010801,-0.04523844167400035,-0.004393603768672408,-0.09577802212564818,0.000459681283685016,-0.013189702491263455,-0.0783879588140343,-0.02303159480174827,-0.055784974807245986,-0.04573920605989442,-0.04928551674367981
4.916718960058207,-4.362219839778994,-5.762082521745883,0.01886576679292609,2.4590500041705634,0.05075639942522206,-1.2585388154378583,-0.06815197853664492,-0.04615229941111776,-0.026248445688853757,-0.0683468529499704,-0.04520600052624817,-0.004488078876316838,-0.09582330160138586,0.0004691443744396125,-0.01321391432978122,-0.07846642529697179,-0.023026027545441186,-0.05595161327302726,-0.045559345347094986,-0.04929268577122434
4.790141425798671,-4.210445360493075,-5.533355194574,0.018895801208911468,2.4590997321789416,0.050715599809412724,-1.2585183191364357,-0.06810224779520944,-0.04619366030529131,-0.026299831107739396,-0.06829525646590398,-0.045183479194696154,-0.004574373369404463,-0.09586005156691955,0.0004778244853847359,-0.013232495046992497,-0.07853194925421034,-0.023021030985255212,-0.056107243401463884,-0.04539045216096314,-0.049299491144013496
4.634714259553225,-3.9930406346001766,-5.762313217410879,0.018913454349823257,2.4591399697920604,0.0506889107103137,-1.2585102189315318,-0.06806200329751692,-0.046222151918780104,-0.026337947462447445,-0.06825326618115435,-0.04517165783012112,-0.004675917995085619,-0.09588702747481087,0.0004829534545787327,-0.013269114210212237,-0.0785938416736498,-0.023020485978297617,-0.05627924497078169,-0.04520453963255104,-0.04930547840991467
4.523862926059168,-3.8848094988416673,-5.802035039221268,0.0188860695633473,2.4591724251094225,0.0506964676826803,-1.2585485979564273,-0.06802953769184233,-0.04623394383269092,-0.026340611101673097,-0.068219166546219,-0.04519610982877871,-0.004831501083825559,-0.09588207389256045,0.00048003759959374103,-0.01337734631105684,-0.07864982878570423,-0.023032315150614838,-0.056509814496581975,-0.04495868721429882,-0.049309983981624735
5.133054232819413,-4.497996995838264,-4.808349641366233,0.01894908942903316,2.459232737270528,0.05061473042944077,-1.2584842188891774,-0.06796926178351499,-0.046308680275761196,-0.02641657729031509,-0.06815692759662047,-0.04515452358065618,-0.004861989111076785,-0.09594109548129769,0.0004914536730965401,-0.013328579242199882,-0.07871510068375213,-0.02302142193717969,-0.056595739250224236,-0.04486140867559531,-0.04931673442791538
5.232143533608519,-4.429078136785132,-4.451200289995028,0.01898591500308919,2.4592738495645188,0.05056541338148128,-1.2584380749406845,-0.06792813364470227,-0.04635507044964705,-0.026453576794150516,-0.06811407163423783,-0.04514725839432872,-0.0048875329072908934,-0.09596464328918275,0.0005030435728854469,-0.013294410630658612,-0.07874368765603741,-0.023011532164005852,-0.05667099001657177,-0.044775215052552324,-0.04932336403354728
5.11505404853257,-4.07506604940575,-4.071465508357106,0.01890660221809152,2.459261100862216,0.05061652166499156,-1.2584732293009675,-0.0679407942131237,-0.04634401830064804,-0.026335419375366504,-0.06812574459258249,-0.0452828971715166,-0.004986364369886915,-0.09592128686159881,0.000503727022820044,-0.013361643551452492,-0.07873005324568279,-0.023018522478621788,-0.05682801478991661,-0.04460461132166365,-0.04932790676546202
5.010755065818804,-3.8247069809401895,-4.052254719266574,0.018848249765804084,2.459246362705954,0.05065521727231872,-1.2584968090422277,-0.06795548926282813,-0.04633578617445141,-0.026241684288810983,-0.06813953406383289,-0.04538761611376363,-0.0050722668688003405,-0.09588754928049607,0.0005050434965956439,-0.013410189637741468,-0.0787248172536776,-0.02302390431043707,-0.05696987213689021,-0.04444964796594765,-0.049332435543325406
4.69521258550447,-3.3859726792055023,-4.388428631452909,0.018783420500557126,2.459215181869487,0.05071814770729362,-1.2585361827727173,-0.06798662332399094,-0.046302290787591745,-0.02613820748841003,-0.06817003584732335,-0.04549182759237837,-0.005185418273374478,-0.09582850605008508,0.0005010199014099148,-0.013491452751097577,-0.07871205496808914,-0.023036757783523668,-0.05714179918527734,-0.044263860081359976,-0.04933589528127565
4.62288138732341,-3.1116620686670817,-3.7856930969006126,0.0186560690116633,2.459153924811815,0.05084057617234972,-1.2586195961206073,-0.06804778219863963,-0.04623373013305093,-0.02594960163722035,-0.06823101092060396,-0.04566751087000162,-0.005320095397633303,-0.09572111853992235,0.000494330753780926,-0.013613654117871916,-0.07866513260718787,-0.02305578957498664,-0.05733426997049517,-0.044057235204051436,-0.04933897449922154
4.55419857262123,-2.848985034445094,-3.962797738620779,0.018561017084356445,2.4590868738900427,0.050946071586824904,-1.258683113699828,-0.06811475955406049,-0.046164091880318135,-0.02579724192008867,-0.0682979244692445,-0.0457986905954292,-0.005431351935073935,-0.09561784787171844,0.0004911348638198757,-0.01370751181115421,-0.07861875541265062,-0.023070145602081454,-0.057499463664155724,-0.043878807082907124,-0.04934272081631994
4.8016662069213405,-2.8430680317672117,-3.3674729865301156,0.018475547993870363,2.4590279404461417,0.051041164720230806,-1.258745748596495,-0.06817363727735164,-0.046100934079949245,-0.025666926865939438,-0.06835668840723619,-0.04590848882809416,-0.005493695756832574,-0.09553320414227755,0.000495706030057713,-0.013755787856350997,-0.0785753809600206,-0.02307444903960769,-0.05760592324783979,-0.043761008771025664,-0.04934783255181088
4.595570128489883,-2.5340423692744247,-2.8101439778951818,0.018314881042063982,2.4589129405113095,0.051224261539499855,-1.2588511912852745,-0.06828847791345138,-0.04597731457197534,-0.02541598123799114,-0.0684720409373431,-0.04611521825313221,-0.005584153673281716,-0.09538707164497039,0.0004954171589478065,-0.013850500430027767,-0.07848286501506432,-0.023087240978919548,-0.057741383429635,-0.04361347507763142,-0.049352022833176454
4.406597320213714,-2.0558577818099817,-2.0656385434703717,0.018234621742049574,2.458820255383675,0.0513300810393541,-1.258907355667144,-0.06838111253389427,-0.045891267040582315,-0.025279396445187893,-0.06856496063134344,-0.04621298379186844,-0.005583004973968284,-0.09530576086585738,0.0005090930870801985,-0.013847827267977333,-0.07841377114460321,-0.023079858941215788,-0.05776819628470831,-0.043578566787555305,-0.049358578683166454
4.604563162099341,-2.0044412848333764,-1.7364203683252082,0.018195518524674135,2.458742982481999,0.05139522688276497,-1.258937128635713,-0.06845838180858711,-0.045827089908582176,-0.025200960360308142,-0.06864240226487069,-0.04625803809366077,-0.005538589359167552,-0.09525459433923625,0.0005283156922879326,-0.01380170577674378,-0.07835463155727815,-0.023063998297118114,-0.0577413711846272,-0.04359977720526942,-0.049365925535277376
4.673362481951074,-1.9419391364945668,-1.4483346749248998,0.018148117120249403,2.4586653813054498,0.051467750303247344,-1.2589728143003762,-0.06853596549330598,-0.045759335776242,-0.025113194265795478,-0.06872017524069025,-0.046311816774030554,-0.005488492573678462,-0.09520292468004966,0.0005473639851407201,-0.013754545328493276,-0.07829220007500211,-0.023048178108825375,-0.057705495988816045,-0.043630703780138023,-0.04937305042842109
4.356723835802672,-1.520508584248491,-1.278000274865053,0.018080881036642477,2.458571143360942,0.05156009256057736,-1.2590209571614608,-0.06863017928714053,-0.0456774874197045,-0.02499708553554886,-0.06881467404622703,-0.046386517684430986,-0.005452446634289608,-0.0951398967268466,0.000562336770656154,-0.013725066526512772,-0.07822357495966868,-0.023037596529296562,-0.057684210434429735,-0.043646734671329256,-0.049379162866562964
4.102575456336099,-1.1781012636502655,-1.0113110326927084,0.01803211247115574,2.4584853148132155,0.05163457222185205,-1.2590619525815994,-0.06871601450818682,-0.04560391513435604,-0.024912813064479008,-0.06890074782985595,-0.04643263281870217,-0.005403297977286101,-0.09508576838737087,0.0005790777735348691,-0.013684918507628367,-0.07815840988295526,-0.023024483917832676,-0.05764583175387639,-0.04368077803099594,-0.04938547593930914
4.004066658822657,-0.8549610664336572,-0.757591125664612,0.018001584108679882,2.458397718279657,0.0517006625354233,-1.2590944815368694,-0.06880362719338098,-0.04552737659621153,-0.024850926367650305,-0.06898859588034813,-0.0464557355424081,-0.005337720029624663,-0.09503538534635206,0.0005987988170129411,-0.013632158451678582,-0.07808942680228909,-0.023007537830327253,-0.057586784610796096,-0.043736521149831925,-0.04939229440540513
4.327620986747003,-0.9195031765284726,-0.4775784117831822,0.017970529188272084,2.4583090122663074,0.051769931213511464,-1.2591250143845159,-0.0688923396885521,-0.04544788585379273,-0.024784865212654786,-0.06907753064971325,-0.04648241499696615,-0.005252628668528203,-0.09499524751316991,0.0006226892671553112,-0.013560484502136736,-0.0780214479359561,-0.022985014676789504,-0.05750431568197065,-0.04381675330807617,-0.0493999318726448
4.097552388229515,-0.5654642507511477,-0.662835186023293,0.017963042887918463,2.458226955992564,0.05181732287126736,-1.2591445998160329,-0.06897442863138412,-0.045377820163997454,-0.02475467509877669,-0.06915982255276672,-0.04647650029903587,-0.005179727580331753,-0.09494944527684351,0.000642425562409652,-0.013502582918629968,-0.07795300901758982,-0.022967581334241056,-0.05743449762747156,-0.043884122299879785,-0.049406447693840935
4.356305546079878,-0.751495684989717,-0.16538661287957496,0.017913205875599598,2.458126924969157,0.0519101147524134,-1.259189393737455,-0.06907443088868537,-0.04528086255446753,-0.024662376418709483,-0.06925998979569652,-0.046524477861930466,-0.005079405527435774,-0.09492132116348001,0.000670206378638564,-0.013415565314936735,-0.07788963066186202,-0.022939889019776984,-0.0573338440568706,-0.04398341250361805,-0.049414888720752496
4.609338504145663,-0.6661712024006484,-0.3398350339781195,0.017891242870552496,2.45804029979972,0.05197409804082097,-1.259216914414078,-0.06916106071494818,-0.04520088393229809,-0.02461035496528834,-0.06934677388466248,-0.04653814262555878,-0.004991714047001638,-0.09488528267232411,0.0006934525419288226,-0.013342443339786896,-0.0778238427127776,-0.022917677664291272,-0.05724639047765943,-0.04406927614388383,-0.049422074703020194
4.558006423690306,-0.5218913563618189,-0.2666073188337094,0.017872812494424056,2.45795736862244,0.05203416453843733,-1.259244663092342,-0.0692440000630705,-0.04512320123488231,-0.024566496000784775,-0.06942985304303961,-0.04654528113937337,-0.004902520619640174,-0.09485207240242939,0.000717053494594658,-0.013267671799680893,-0.07776011309900968,-0.022894916035821587,-0.05715691681680946,-0.044157327500293005,-0.0494292890872707
4.394022067464728,-0.2155660958554279,-0.037519779243588125,0.017883896952513658,2.457882592921685,0.052065110176185134,-1.2592516889490697,-0.0693188201899131,-0.045061300586059,-0.024560846176976635,-0.069504827748644,-0.04651838680396336,-0.004799520785122095,-0.09483286267398632,0.0007464594693868815,-0.013175672584216567,-0.07770391521026376,-0.02286477358362937,-0.05705321871322106,-0.044259941466602344,-0.04943813803837315
4.5437266844515545,-0.08174886952111804,-0.2404598967857765,0.01790936430217533,2.457813892150699,0.05208201768181879,-1.2592492012822907,-0.06938758212603026,-0.045007661436547455,-0.024574641432463188,-0.069573762201186,-0.04647501928937892,-0.004709288426848956,-0.09480470548808612,0.0007702860010035381,-0.013098463690354887,-0.07764420684973711,-0.022841307651124278,-0.056962268726432515,-0.04434968227004579,-0.04944530459415226
4.555219658641325,0.06343782684285171,0.09618520807445206,0.017941616324582618,2.457749050230542,0.052091554162177874,-1.2592421653332286,-0.06945249213454043,-0.04495882636245046,-0.024598169350759674,-0.06963885679875231,-0.04642375252708334,-0.0046069835700700435,-0.09479007986231229,0.0008007952954943732,-0.013005740969184333,-0.07759270253244202,-0.022809694092285355,-0.056859630328335596,-0.044451263774717954,-0.04945457914353161
4.88947428304993,-0.2025325835343315,-0.3043396506943037,0.017961384945123546,2.4576828623055538,0.05211164981017002,-1.2592433294566967,-0.0695187335888732,-0.04490579293908238,-0.02460615054603298,-0.06970525774362138,-0.04638720090369496,-0.0045223366052875155,-0.09476165581541965,0.0008217767542173937,-0.012934256794873682,-0.07753492650719525,-0.02278930108041696,-0.05677386706114502,-0.044535914818840255,-0.049460741064687994
5.109050793857478,-0.36381047813360967,-0.7128257029545885,0.017967839736998434,2.4576131082113153,0.0521437030620729,-1.2592531795315491,-0.06958852482298525,-0.044846864214697385,-0.024596879442888075,-0.0697751585539959,-0.04636619521985289,-0.00446236939619683,-0.09471173994306596,0.0008270767097343462,-0.012894100280846716,-0.07746622319231358,-0.022787425510019138,-0.0567106119717328,-0.04459813470315623,-0.049461456363702486
5.155062714979255,-0.2791776763981146,-0.4265738198759515,0.017976663212616532,2.4575453714529045,0.05217292219808885,-1.2592614112688132,-0.069656300520624,-0.04479003643078715,-0.024591204610722082,-0.06984304052784052,-0.046342525442385867,-0.004389740445829231,-0.09467490847611787,0.0008409579248443444,-0.0128373247045607,-0.0774049140115836,-0.02277535934542995,-0.05663569609903474,-0.04467206260188602,-0.0494651327115556
5.108445761792433,-0.05132584625211045,-0.06224401434234547,0.018000328282093348,2.457483200915352,0.052187795158254245,-1.2592591614203532,-0.0697185266524009,-0.044741414513780185,-0.024604856782905953,-0.06990541059981158,-0.04630218682592896,-0.004297914384489537,-0.09465934609416386,0.0008684355971600691,-0.01275450380314449,-0.07735629575234619,-0.022747000829728165,-0.05654382844773978,-0.04476287830188225,-0.049473579560384215
4.978074161404365,0.11202188205580547,-0.4244184337604973,0.01803714566198832,2.457426812768334,0.05218946055757017,-1.2592473399819124,-0.06977498388783514,-0.044700858699240634,-0.024635690453305017,-0.06996206051738953,-0.04624734708928497,-0.004225949046621169,-0.09462639734247016,0.0008815940929398866,-0.012697429648216362,-0.07729893950416553,-0.022735404993706892,-0.05646930909165437,-0.04483653861077858,-0.0494768107699227
4.761061762540011,0.3441372899781337,-0.47361036125608885,0.018086970176597182,2.457375054138324,0.05217762072590367,-1.259225398950083,-0.06982682497068259,-0.04466836906633274,-0.02468299264124079,-0.07001413631821929,-0.04617817344447977,-0.004157426160336978,-0.09459084486515994,0.0008921955762086875,-0.01264451664156011,-0.07724075449464782,-0.022726718096055136,-0.056397714428969965,-0.04490735756504453,-0.049479041370652274
4.6203395019223334,0.3140149556742081,-0.21852337247365758,0.01814070462755186,2.4573286579493967,0.05215978069264975,-1.2592006963449252,-0.06987331024465505,-0.04464151201923735,-0.024737034996515507,-0.07006091358237518,-0.046104422648430204,-0.00408033917228738,-0.09456480237054364,0.0009105974248641035,-0.012579622911575501,-0.07718784317444871,-0.022708988509741054,-0.05631908237592223,-0.04498511530035629,-0.04948421637321594
4.618136170119012,0.5051134915950293,-0.470218041884378,0.018196121683196377,2.457281328505205,0.05214252814714332,-1.2591743561505468,-0.06992072309273578,-0.04461283293960571,-0.02479164557094767,-0.07010859276548877,-0.046029648789129934,-0.0040132273523005215,-0.09453261341903893,0.0009202377927350179,-0.012527087671245052,-0.07713301286125268,-0.022700970295730698,-0.05624872682665918,-0.045054790324936686,-0.04948594173780215
4.468424022431827,0.6376786525563096,-0.37356171710743064,0.018262100999947874,2.457238089393071,0.052114775542286766,-1.2591390253048103,-0.06996405620021083,-0.0445908417704695,-0.024858453548264027,-0.07015223836676006,-0.04594424614652674,-0.003944521773806587,-0.09450300793091115,0.000931995171117876,-0.012472040425611116,-0.07708002971011672,-0.02269060427732078,-0.056177201509796056,-0.04512562125543638,-0.04948848689657016
4.690998295605946,0.29587883905337353,-0.11425948595314529,0.018309692676633973,2.457193894926493,0.052101420024508106,-1.2591177874516604,-0.07000832936254192,-0.04456344588957269,-0.024905217437915756,-0.07019679661524947,-0.045878309705628194,-0.003865469856682675,-0.09448651926040763,0.0009548531252395057,-0.012401805013568013,-0.07703526799603584,-0.022667306539215386,-0.056097862433274914,-0.04520403725574853,-0.04949546101645913
4.800981847615346,0.279930835443673,-0.21004983263421081,0.01834958344142947,2.457146925657449,0.05209652102715443,-1.2591023079287422,-0.07005536560287577,-0.0445307445295563,-0.024941907573688613,-0.07024405958836363,-0.04582131112823012,-0.0037917773628506415,-0.09446645825349105,0.0009730076578295696,-0.012338197416786404,-0.07698910198783299,-0.02264926669423307,-0.0560229602203942,-0.045278134282478635,-0.04950053492010278
4.602388557378403,0.5429501795550352,-0.5697921710997419,0.018403182591511528,2.4571023447293285,0.05208015288671589,-1.2590742675852207,-0.07010002093679846,-0.04450379617740475,-0.024992025093648236,-0.07028896478513402,-0.04575172536934191,-0.0037327918258324502,-0.09443316827251812,0.000974792578718432,-0.012294652407541838,-0.07693658401613974,-0.022649797497375196,-0.05595924245200526,-0.045341450240794244,-0.04949870369897859
4.699654844041295,0.3587807084583648,-0.7421011362247641,0.018454804215999925,2.4570591118527267,0.052063090885251254,-1.2590469349426618,-0.07014333241041608,-0.044479192191835645,-0.025040469718313575,-0.07033253330118741,-0.04568426156172187,-0.003689376231534277,-0.09437979902436801,0.000958802107680036,-0.012273584392435128,-0.07687190098280433,-0.022671243023757007,-0.055906954428117564,-0.045393803326697506,-0.049489395470655326
4.6359543390574665,0.3346454003651806,-0.499552659787893,0.01850958009808899,2.4570200068470265,0.052040355526035045,-1.2590163649263897,-0.07018252238311025,-0.04446002927032528,-0.025093769797982036,-0.07037203785368092,-0.04561341624123654,-0.003638477751542591,-0.09433231344157712,0.000954080209524888,-0.012241920287039614,-0.07680966116841592,-0.02268047916486619,-0.05584940954094595,-0.0454511752466723,-0.049485153809793486
4.86655803919834,-0.028843084632148908,-0.08313066932661993,0.018524403734718267,2.4569699181219584,0.052055590784554316,-1.2590185222566659,-0.07023265284316665,-0.04441962868521461,-0.025100961136244014,-0.0704222662846874,-0.04558498114044519,-0.0035636479860973306,-0.09432161271084755,0.0009787067809468829,-0.012173511897558864,-0.07677171652415332,-0.022654807283363707,-0.055775271762856835,-0.04552437667564056,-0.049493102940619746
5.032609611675029,-0.25474548834051447,-0.44006665209664925,0.01852234422282106,2.456915325294905,0.052086411220520636,-1.2590340914957272,-0.0702872661837927,-0.044370522779040605,-0.02508866920148159,-0.0704768699247718,-0.04557462157993191,-0.00350554137214225,-0.09428840760673832,0.000983404568091999,-0.012129527470971489,-0.07671960610771385,-0.02265265611272217,-0.05571305439864579,-0.0455861954762609,-0.04949267461261255
4.839945688504759,0.06505184153802329,-1.1366725365316928,0.018548873691199147,2.4568699295799354,0.05208984336757599,-1.2590255743394174,-0.07033271457999939,-0.04433777319200286,-0.02510886793946636,-0.07052246448807319,-0.04553486397204516,-0.003473795624008034,-0.09421995078188107,0.000953741343399335,-0.012124614422431474,-0.07664663356735281,-0.022690787793972288,-0.055668856127697265,-0.045630929839700796,-0.04947754023427256
4.626576079874033,-0.47590833403790134,-1.0204925203580324,0.018510056795532207,2.4568115862811837,0.052152151472639775,-1.2590733927794215,-0.0703910340067392,-0.04427293907555502,-0.025059377371322415,-0.07058064513718351,-0.045561069183178184,-0.0034622056040802505,-0.09412203893931526,0.000903026762497467,-0.012149440981920256,-0.07655416603510602,-0.022754359405156892,-0.055638315865414935,-0.04566269020368948,-0.0494544302116305
4.713593087253107,-0.8973361252982092,-1.497885399103724,0.01843044605424654,2.4567355063549536,0.052257333524807506,-1.2591515536145714,-0.07046702089814148,-0.04418063211643516,-0.024956500813934218,-0.07065608579094808,-0.04563484155102384,-0.0034716587041852256,-0.0939834150569825,0.0008383758057985304,-0.012205224951505,-0.07642901098850513,-0.022836125206730225,-0.055622252537725,-0.045680617174341055,-0.04942766874073035
4.618313551364444,-0.6579669142636105,-1.6346083155693,0.01840054182336865,2.4566860918224274,0.05230956294031478,-1.2591931672556984,-0.07051642038211284,-0.04412417143766789,-0.02492014199904984,-0.07070547713895836,-0.04565097488301597,-0.00347298222049153,-0.09387963645483638,0.0007959302721417899,-0.012245357517298184,-0.0763381458926566,-0.02289137387634957,-0.055601585635465696,-0.04570274326685407,-0.04941171580147923
4.260044239072804,-1.122316269014668,-2.8539885950948762,0.018318412902579764,2.456635784866913,0.052411567452727195,-1.259291720322031,-0.07056663045678652,-0.04403856366809684,-0.024840196866019182,-0.07075563317563217,-0.04571090705849264,-0.003548491102671317,-0.09365541965016111,0.0007008351165842286,-0.012396746873830355,-0.07616876674386845,-0.02301684526718118,-0.05563207865277815,-0.04567603719396345,-0.049379230002645345
4.353018813338142,-1.2268319956081926,-2.93632708224195,0.018187225709380344,2.4565511501291524,0.05256794195452831,-1.259421890767609,-0.07065109936494786,-0.0439138698558,-0.024687797867945883,-0.07083921245202056,-0.045831477250329655,-0.0036666858297740067,-0.0933636610960561,0.0006123054504897879,-0.01259828536592393,-0.07592715250783041,-0.023139400440080803,-0.05569782799082958,-0.0456149601083962,-0.049354491540011904
4.102401048839997,-2.399560977832267,-4.220685763135538,0.01794796868367727,2.456480721701044,0.052807219249137304,-1.2596629778769204,-0.07072120609072577,-0.0437552875689177,-0.024447700368929726,-0.0709087112999573,-0.046046206433713384,-0.0038671898053743276,-0.0930589861424251,0.000515430092005528,-0.012876765290835191,-0.07569998188582713,-0.02327442219563059,-0.055838146647801165,-0.04548081777534813,-0.04933273509912024
4.214090656262587,-2.5752777532769078,-5.934270278728697,0.017886292650034993,2.456552525060685,0.052833143124331544,-1.2597838131456947,-0.07064936645495135,-0.04376343444415074,-0.02447536717580314,-0.07083978297472208,-0.04604081691524045,-0.004004493914790292,-0.09299427444541301,0.00048249314004245947,-0.01304843037470405,-0.07574523708849039,-0.023327085533696595,-0.055944425391115646,-0.04537798602543885,-0.04933023176455649
4.115060847478372,-3.051054862636358,-5.581704211362061,0.017649252673578673,2.4565854199612986,0.05300209421581534,-1.2600230893172268,-0.07061623888650716,-0.04370896263023645,-0.024287415930530677,-0.07080848698672365,-0.046232611405308176,-0.004278522233159482,-0.0927771583203386,0.000415519532611924,-0.013354137851822044,-0.07567565359537685,-0.023428707149739506,-0.056188090815844485,-0.04513851494409326,-0.049322674094384726
4.280787908455096,-3.1410293853264473,-4.041003913339036,0.017520831724232213,2.4566396153372194,0.053084501684690026,-1.260159807249928,-0.0705619041095315,-0.04370531998206689,-0.024196872314806078,-0.07075638757489675,-0.04633289529185534,-0.004380765089330888,-0.09271154721294284,0.00041415475982705514,-0.013454322025292287,-0.0756822212890947,-0.02344134028467122,-0.05629308864306017,-0.04503337226584544,-0.04932819034190601
4.620393561483244,-2.979270037677746,-4.0097960234338625,0.017593668211106098,2.456765846307759,0.05294157838478076,-1.2601350388125359,-0.07043584672047175,-0.04385022775898166,-0.024363303978016226,-0.07063386243243248,-0.04620912820902727,-0.004351546464366006,-0.09284638291810214,0.000434422703238408,-0.013395305484078844,-0.07584427782656829,-0.02341625650641035,-0.05627300102996189,-0.0450522263646456,-0.04933633380898372
4.459513006540584,-2.8461425067124235,-3.582111394269185,0.017472121116453892,2.4567578266138046,0.05303859081072952,-1.2602436029048205,-0.07044366569693733,-0.043801518768974694,-0.02424358182840485,-0.07064232240781104,-0.046319380054212475,-0.004404565477161071,-0.09276996991900638,0.00043885522343732386,-0.013449878193657349,-0.07579399967340864,-0.023419977255278644,-0.05633157250321863,-0.04499273974502608,-0.04934215117490889
4.464979565156567,-3.037756737997392,-3.8551097530743923,0.017342358515369565,2.4567851091392066,0.053129264253936874,-1.2603746078454456,-0.07041621610962749,-0.04377424744117013,-0.02413964085659494,-0.07061617035897838,-0.046423656563899685,-0.004482585113284618,-0.09269446276453061,0.00043647706633741766,-0.013528108486203326,-0.0757675675576321,-0.023432944327148944,-0.05641727830975454,-0.044905825538250184,-0.049346727759625994
4.314398018860484,-2.767367478253576,-3.9958275242074475,0.017240654252301507,2.4567965075136695,0.05322186814379437,-1.2604752539262252,-0.07040464791026457,-0.04372985997288898,-0.024042181853215255,-0.07060555324250038,-0.046515050594106884,-0.004560669114174292,-0.09259990281593639,0.000433839118052468,-0.013604419835607158,-0.07572117437621348,-0.023446099100421235,-0.056506638899417094,-0.0448147085645469,-0.04935120925024333
4.4677771408458575,-3.74524120055594,-4.747671252380853,0.016964969811601,2.4567536746069822,0.05356039443085053,-1.2607568004889464,-0.07044675366102342,-0.04345840895893673,-0.023746338036748388,-0.07064758890921939,-0.04678073093611117,-0.004713509259945885,-0.09228407516586394,0.00042109700409109546,-0.013799948781280227,-0.0754541068169846,-0.023488091123671746,-0.05667105126145932,-0.044647655492991524,-0.04935489369442537
5.167299392017363,-5.059338165452767,-7.608687256756699,0.016616201027474888,2.456806228360068,0.05396471602545794,-1.2611711613836676,-0.07039318655474132,-0.04311412121993732,-0.023458089022726863,-0.07059572714355832,-0.04705591154844933,-0.0049884464065887745,-0.0918461540398689,0.0003949853015171066,-0.014152551007843033,-0.07508673641332383,-0.023579358090122925,-0.056959915313230206,-0.04435432992069083,-0.04935857553582928
4.020494626677746,-4.119920115812591,-6.679332493767096,0.016495141103505008,2.45690440299448,0.05415044173237868,-1.2613887221132671,-0.07029452064433041,-0.042931833173332434,-0.023427787361809338,-0.07049938959134128,-0.047098393140340186,-0.005064551345858751,-0.09162304403403798,0.00041684452602453885,-0.014310060608549507,-0.07488305705225262,-0.023592290780180315,-0.05704452945504949,-0.04426512088129404,-0.04936875644951941
3.148184340841445,-3.341870436487926,-5.393244352289957,0.016598073410064203,2.4570422572690416,0.05405334616013044,-1.2613708533760815,-0.07015684673468088,-0.04302121059402356,-0.023628898349073058,-0.0703642585441324,-0.04693755342115376,-0.004974792099550047,-0.09170880306265433,0.0004516536403285102,-0.014227691428578155,-0.07498968061541746,-0.02355398532776338,-0.05695658970840153,-0.044351785483246864,-0.049378733755519606
3.960341499049775,-4.131606746872112,-6.556712835548991,0.016692809126856632,2.4572341202772003,0.05393425307437114,-1.2613896090401153,-0.06996518108620518,-0.04315315292198077,-0.02386762021025844,-0.07017509746898887,-0.04675186894726315,-0.0049180740758503335,-0.09181658318723421,0.0004785090854646576,-0.01417350831965666,-0.07515462261772468,-0.02352852185849732,-0.05690529924301386,-0.04440120681130756,-0.049387466739944305
4.0347597916119415,-4.099724261108061,-6.400354368688274,0.016760920522979245,2.4573859070043715,0.05388494055388561,-1.261412128676277,-0.06981343418921077,-0.043206926325300765,-0.02402962613650822,-0.07002469249581873,-0.046629130745613194,-0.004885005680247768,-0.09184071957748331,0.0004957823439296334,-0.014142932574631704,-0.07521790529323305,-0.023517052440093278,-0.056881371267307204,-0.04442297528699608,-0.049394391137305135
3.4656637231645386,-3.531324114767132,-5.675036992865215,0.01673913548974069,2.4574600475972668,0.053891146814072935,-1.2614631979180988,-0.06973928151873966,-0.04322808573790999,-0.024054099182954335,-0.06995095644804887,-0.04662186595601784,-0.004942862458247943,-0.09182703981363385,0.00047463597112212217,-0.01416950911382249,-0.07525758947455034,-0.023549982342977012,-0.056961251871670275,-0.044339650364388083,-0.04939345783255107
4.058187251262998,-4.359473029445867,-6.455529471592556,0.016862717344519905,2.4576595314013963,0.053725006969169216,-1.2614342926375284,-0.06954004751360665,-0.04341727518219525,-0.024300599489319896,-0.06975241445746633,-0.046426274571562544,-0.004898030426806261,-0.09197337639270137,0.0004883562202855122,-0.01409312577424997,-0.07546828442940054,-0.0235299059885642,-0.056928566827390795,-0.04437034818013732,-0.049398922431434476
4.453532763031629,-4.745135355654131,-7.183457030774593,0.017135748063304444,2.457889998665746,0.053485199046646933,-1.2613004014609972,-0.06930986721181805,-0.04362711361794793,-0.024667173894881027,-0.06952216609899876,-0.046095880560438084,-0.0046967931998627335,-0.09217744643342339,0.0005539001217875775,-0.013896868673876133,-0.07569047887013824,-0.02344081760174015,-0.056719534331972285,-0.044580337478329596,-0.04941381100807851
4.4338773042681225,-4.697749945607624,-6.493271814571905,0.017487068204381406,2.45810605301121,0.0531763767564095,-1.2610642407792398,-0.06909414605303743,-0.04387542712979556,-0.02505852248384544,-0.06930554972981857,-0.04570981925820042,-0.004402960653720424,-0.0924449302811727,0.000679029876110158,-0.013605720308504793,-0.07593134942131757,-0.02327181859153047,-0.056421239828017083,-0.044879065845949626,-0.0494431196140537
4.327194489117242,-4.565667097959456,-6.214832057895403,0.01774330351322209,2.4582853897686228,0.05293128285063659,-1.2608975152974846,-0.06891509690428205,-0.04408880229589954,-0.025353248884750785,-0.06912507365584968,-0.045411956655458045,-0.004205507261219478,-0.09267003498954574,0.0007963291296368153,-0.013394968845971012,-0.07615856393762628,-0.02311781291838102,-0.05623255511179394,-0.045066158175439235,-0.049477108047662845
4.234346476040284,-4.500529393620958,-6.294397399385054,0.017944610419175017,2.458425825725304,0.052740081389851326,-1.260774280114407,-0.06877485372214384,-0.04424812786837569,-0.025587047049029768,-0.06898317291126291,-0.04516904201364733,-0.0040332336417594206,-0.0928538087743,0.0009361238560363655,-0.013213788392652913,-0.07633807737165549,-0.022949128287149127,-0.056071716210506536,-0.04522483159484825,-0.04952629310158914
4.06422421839336,-4.342149670991741,-5.970074067077472,0.018105984002059643,2.4585369345446333,0.05259078323858388,-1.2606714327421902,-0.06866389301830973,-0.044373922555807625,-0.02576707492597233,-0.06887048601922406,-0.04497977953692628,-0.003908699333878288,-0.09299685471187666,0.0010361311132017514,-0.013073373305158967,-0.07648055149034053,-0.02281681422289906,-0.05595750664948177,-0.04533727825260798,-0.04956630860175005
4.142675768228857,-4.432105179266358,-6.216584477248863,0.01821847498275616,2.4586325400267124,0.05247606182277672,-1.2606041286649818,-0.06856838597641002,-0.04447965449231355,-0.02590094603463467,-0.0687732093258846,-0.044841860169193754,-0.0038348343760985877,-0.09311068409785422,0.0010248074973117991,-0.012978133080272108,-0.07660282706139133,-0.022786124791816676,-0.05588798967136193,-0.045406318428446904,-0.049552919468834104
3.9266913806152464,-4.203353401784378,-6.4249023182355245,0.018218979993525477,2.45869213950808,0.052452446080419345,-1.2606601526609822,-0.06850879287991256,-0.044514669742166335,-0.025957675122014776,-0.06871204180430036,-0.044790740786110235,-0.0038479012628801408,-0.09313571295269384,0.0008104558734201972,-0.012979458336745244,-0.07665963995983974,-0.02299012072865612,-0.05588937965004823,-0.045407136915204385,-0.049432953740182625
4.53057568679318,-4.843264610600455,-6.254968878766448,0.018317938696613422,2.458807241028183,0.052338127836508166,-1.2606268838619357,-0.06839378774339185,-0.044629352921768804,-0.026101071514982702,-0.06859493620160126,-0.04464584112550458,-0.0037931087196002348,-0.09324152912523834,0.0007924870651694786,-0.012906782607407427,-0.0767841092397582,-0.022988837968622312,-0.05583556937395741,-0.04546080219177076,-0.049422442090699216
4.313392572618725,-4.6196140902498986,-6.745105206620576,0.018390131270603384,2.458892466169174,0.05224721522381666,-1.2606169751890477,-0.06830863131026588,-0.04471564353792325,-0.026218393437265532,-0.06850782012122439,-0.04452409131124735,-0.003740109472808423,-0.09333979502204043,0.0007787056692502777,-0.012840536361263031,-0.07689677364257254,-0.02298992116316218,-0.0557825501984804,-0.045513692172742475,-0.04941447739474742
4.339543760926296,-4.6000434045142065,-6.848453041275612,0.018420260104205874,2.458962508339817,0.0521878659744273,-1.2606417943694166,-0.06823862987355984,-0.044782139495900035,-0.026299740413269438,-0.06843594198668983,-0.044444296397221715,-0.003730122811477694,-0.09340715052341074,0.0007052270744712268,-0.012815516398636428,-0.07698745837091855,-0.023055308741686185,-0.055764306666615415,-0.04553301356992337,-0.04938348271857669
4.506282799551214,-4.744103293234737,-6.6117906894726115,0.018516387518817665,2.4590557709635568,0.052067351748191104,-1.2605984300420134,-0.06814547477133753,-0.04489579778716162,-0.026432561816211095,-0.0683406323991152,-0.044303543189631325,-0.0036631454320402257,-0.09353360325824651,0.000716826289996781,-0.012731718585091248,-0.07712004247627205,-0.023026829124732626,-0.05570035490209083,-0.045596418210755614,-0.04938619517473828
4.287067328896711,-4.4600244980333725,-6.2964206789933135,0.01856650758114213,2.4591130536458823,0.05199578991073339,-1.2605928324310562,-0.06808825892026718,-0.04496367822538307,-0.026518401118376035,-0.06828158450128377,-0.04421255744944647,-0.003624726362514207,-0.09361131691491172,0.0006963931519396778,-0.012680638554939247,-0.07720347792556703,-0.023038597148292456,-0.05565871581828524,-0.04563830310085366,-0.049377810874272544
3.934474799480722,-4.053959093631673,-6.0164438567344956,0.018549709114333835,2.4591313876966914,0.05199211001600648,-1.260641197580035,-0.06806993268727635,-0.044973974732294114,-0.02654038428325446,-0.0682618754918357,-0.04419435518083391,-0.0036399057580634815,-0.0936152262788198,0.0006200203501724614,-0.012686984997084148,-0.07722294973772273,-0.023119476321408837,-0.055658723161484173,-0.04564007968588869,-0.04935108853844167
3.526519583098921,-3.6051594810306535,-5.7401961853398245,0.01848366737752147,2.459117949848734,0.05203822650961781,-1.2607285052517256,-0.06808334515847446,-0.04494440270356615,-0.02651297710355976,-0.06827433184656086,-0.04423207723063164,-0.0037056011156068216,-0.09356370364393835,0.0005258658309662529,-0.012744502183968956,-0.07719732034100414,-0.023228272324304466,-0.055699918158066214,-0.045601906075984654,-0.04932389354688808
3.4650248103538397,-3.526480816750896,-5.961625068761475,0.01835569149893216,2.4590947071758538,0.052128601970089054,-1.2608900691611968,-0.06810652586787974,-0.044886271856928076,-0.026453043662221384,-0.0682967283185985,-0.04430988805852939,-0.0038301055673957544,-0.09345961585884309,0.00044187843630142195,-0.012866342321067956,-0.07714219944120523,-0.023341250464363476,-0.05579297522316571,-0.04551288910702822,-0.049307013671898284
2.9261022675002315,-2.935648558394904,-5.047082335195443,0.018262100668796424,2.4590532483114056,0.052196906242259436,-1.2609977965430001,-0.0681479606925476,-0.04483560578890913,-0.026399874406035757,-0.06833765455033114,-0.044371538503836516,-0.003911553603224404,-0.09338730518989252,0.00041768334690450547,-0.012942320587776895,-0.07709566723803553,-0.023385009972936258,-0.05585712796787438,-0.04545115629601743,-0.049307625346336106
3.0360832399228705,-3.0650422657325733,-5.472195416472811,0.01813176755731727,2.4590119130317984,0.05229026499607904,-1.2611443344133897,-0.0681892411845345,-0.04477191870782676,-0.026325670081039032,-0.06837847694701968,-0.04446036595828869,-0.004038400691057744,-0.09328010195670383,0.00038748008483357473,-0.013063894940723771,-0.07703312532650178,-0.023441773406310824,-0.055966391869325414,-0.045344672850332966,-0.04930833000498359
3.1980404595869736,-3.253349431186833,-6.188802272750794,0.01794181874386992,2.4589668312645667,0.05243510205028542,-1.26134564129243,-0.06823420605211347,-0.044679586769239436,-0.026204262617187304,-0.06842307397574017,-0.04460728601538122,-0.004257353474451644,-0.09309701125619464,0.0003421318405310166,-0.013273503900080804,-0.07693305145255681,-0.023527109424935296,-0.05617195328663862,-0.045141917014716364,-0.04930846843947131
3.4073564483638026,-3.4925650462696938,-6.19817517428524,0.017821106025311884,2.4589436823762463,0.05252834800581844,-1.2614623343221496,-0.06825728315349093,-0.04463259963712645,-0.026117205968493578,-0.06844560625090636,-0.04471483706031684,-0.004416793664294764,-0.09299102686555047,0.00032994740319178994,-0.013407040488092164,-0.07689837766154337,-0.023563740924538307,-0.056338848504289614,-0.04497509220782543,-0.049314471162077066
3.995276399607942,-4.224639039758667,-6.759182632317592,0.01785230754350295,2.4589761649386914,0.052515178390830496,-1.2614537542690072,-0.06822480246771441,-0.04464794884198116,-0.026156764140902813,-0.06841209730199309,-0.04467973817686485,-0.004417421712499972,-0.09299419695864265,0.00034922405203657956,-0.013390272324509442,-0.07692879796774073,-0.023547496653805514,-0.05635113590980352,-0.04496149163954703,-0.04932350857746539
4.116418867737595,-4.342353181805292,-7.254793523206819,0.017841229859543253,2.4590211531946427,0.052514764384343444,-1.2614963349114365,-0.0681798242027442,-0.044674591809176385,-0.02618290079138618,-0.06836596886468997,-0.04466664429018682,-0.004476310473030543,-0.09299081475588451,0.0003530865305945733,-0.013425819063911475,-0.07698778432253152,-0.02355377506422679,-0.056423796111060964,-0.04488738389223634,-0.049330453588341094
4.127755280793537,-4.385428610505086,-6.8290593213351345,0.017946285906965915,2.4590869779997,0.05241528629306345,-1.2614278059415964,-0.06811410545364852,-0.04476335260256677,-0.026297770240687832,-0.06829888817295265,-0.044547010517282076,-0.004408970659608954,-0.09309253687716933,0.00037998130618641655,-0.013338457147175955,-0.07709813501164724,-0.023518866496244992,-0.05636585385739306,-0.04494410053854872,-0.049339413473683966
4.147550484897444,-4.432541727960079,-6.399917244202233,0.018055662555648385,2.459148839427964,0.05230349979281177,-1.2613424318827562,-0.06805236139564982,-0.044867264573400976,-0.026408193299572665,-0.06823576747502431,-0.044430679945294364,-0.004342806982867125,-0.0932072556000707,0.00040340114830537624,-0.013247023251847987,-0.07721290752053152,-0.023485040911532758,-0.056309115990495616,-0.044999703636235795,-0.04934739961694083
3.9953778541580744,-4.291194426168077,-6.7403354301938325,0.018055800774961942,2.4591794492335146,0.052290913799819365,-1.261370793614036,-0.06802176958097955,-0.044891941917835236,-0.026441287165319217,-0.06820406818162442,-0.04440399173125584,-0.004358806254374833,-0.09322051508389904,0.0004035232801712924,-0.013249124157494482,-0.07725704720469669,-0.023490575790254122,-0.05633317618310698,-0.044974564781863166,-0.049352019977787966
3.702022975986537,-3.952170870025707,-6.592379179019179,0.0179819014965773,2.4591809360138024,0.05234029178300786,-1.261458926817532,-0.06802025465671062,-0.044874870546118995,-0.026409596336235054,-0.06820175716644208,-0.044451833605664154,-0.004446449983674711,-0.09316783123188678,0.00038086183074067045,-0.013322136929064896,-0.07726016700087125,-0.023530235308755455,-0.05643018911235774,-0.044876309234240706,-0.04935319564794631
3.8700285156880065,-4.16578645573243,-6.884239239084289,0.017904585697472483,2.459194161711651,0.05238860274186364,-1.2615499773548096,-0.06800699736506562,-0.04486682834803928,-0.02637889080648267,-0.0681876116144331,-0.044502695201168375,-0.00454508726556408,-0.09311555466456213,0.0003628531312930499,-0.013402816170083334,-0.07727588767926731,-0.023565994195511256,-0.05654250579351526,-0.04476204833130972,-0.04935592638119418
3.4616794498893175,-3.565627155968553,-6.63179676263922,0.01773944442102996,2.4591619158534535,0.05252485736800076,-1.2617147095823849,-0.06803914274410569,-0.044786883875894364,-0.02626495411771147,-0.06821937662432469,-0.04464257989525161,-0.004731555695974051,-0.09295039785630638,0.00033010319955082535,-0.013577261330805364,-0.07721406675736983,-0.023633544122875168,-0.0567490655720147,-0.044552261345563,-0.04935807219007045
2.7768850609819307,-2.93154168530493,-5.605278721287719,0.01761833975030534,2.459112302212957,0.05262453053720096,-1.2618126658765796,-0.06808871181608644,-0.04473116360578682,-0.02615868640286808,-0.06826879657933439,-0.04476380865962351,-0.0048719697225164515,-0.09284131770905173,0.0003203158907555528,-0.013692789304185491,-0.07718387763134645,-0.02366710875505568,-0.05691759871247484,-0.044379221765700236,-0.04936388585502864
2.3748856223408343,-2.443044782964197,-4.438250730948675,0.01757137447947613,2.4590546173374452,0.052675710654945494,-1.261837642765841,-0.06814640157111906,-0.04468948003515139,-0.02609839229850157,-0.06832646266717922,-0.044823388951177774,-0.00490655232763523,-0.0927960305554637,0.0003323991463990359,-0.013708780870984693,-0.07715891702461548,-0.023663466562307178,-0.05697460665142523,-0.044318397343582436,-0.04937161682160442
2.629307543680926,-2.764190417008725,-5.1173484572730334,0.017504033610225244,2.4590085931446297,0.05274145211966895,-1.2618953854975437,-0.06819241327468552,-0.04464166730285622,-0.02603642479113578,-0.06837238575572457,-0.04488843037580423,-0.004964831553407979,-0.09272912947443371,0.0003378380583835952,-0.01375411863486021,-0.07713393797131218,-0.023671878138540246,-0.057056727218003714,-0.04423185477083101,-0.0493785413568489
2.543552100352263,-2.669479125754884,-4.894366079399579,0.017456418460738414,2.4589653673404595,0.05278725245215229,-1.261932861492192,-0.06823564886337297,-0.04460877066761705,-0.025989163177934302,-0.0684155505046935,-0.04493574198802881,-0.005000172916629323,-0.09268915593513255,0.0003452125779992397,-0.013774914419968757,-0.07712533241066509,-0.023674415648810364,-0.05711435882736285,-0.04417002203304247,-0.04938525541011839
2.305651923197004,-2.3741537182845702,-4.444623115325999,0.01741288056345434,2.458913523131525,0.05282951136669574,-1.2619561594701512,-0.06828750973361558,-0.04457770278852199,-0.025935117389540067,-0.06846744442684384,-0.044987903724277876,-0.005031622541335032,-0.09265490126758875,0.0003500180063512178,-0.013787640906711396,-0.07711661869549177,-0.02367797715163761,-0.05716837808933361,-0.04411176318161576,-0.049391261870292885
2.2304642837813344,-2.2711781074929123,-4.546097949309129,0.017338816902524014,2.458854026299012,0.05289583564197253,-1.2620013300540198,-0.06834700042390673,-0.04453578500127342,-0.025850300899744848,-0.06852705476483228,-0.04507401109110047,-0.0051086971237945785,-0.09259045716537578,0.0003413323837673864,-0.013839208284738237,-0.07710332943885856,-0.023701233840411434,-0.05727399962664448,-0.0440007329401234,-0.049395536945518355
2.4029876948026803,-2.4455393663485125,-4.624144439211316,0.017275410508545048,2.4588043239373056,0.052949551959778705,-1.2620366529955582,-0.0683967042129933,-0.04450749762180804,-0.02577550291069181,-0.06857684897768188,-0.045150224943949664,-0.00516915556402373,-0.09254488173955722,0.0003382821737848886,-0.013872195900091278,-0.0771051231357269,-0.023715741961361666,-0.05736250168805487,-0.04390686189793571,-0.04940054700660006
2.7318264323503434,-2.8176751626636283,-5.1301831220008145,0.017217990190937133,2.4587674731873865,0.05299879649179729,-1.2620724819287508,-0.0684335488734403,-0.04448531977368579,-0.02571107352540575,-0.06861374746346109,-0.045217434829785595,-0.0052228386790726805,-0.0925031343143709,0.0003372569450864458,-0.013900209160319978,-0.07711440603477372,-0.023727632777949384,-0.05744356418746556,-0.04382039797751838,-0.0494057857890777
2.38717499649324,-2.410722791845615,-4.707639296912682,0.017149089477825834,2.4587149774705197,0.05306061360817014,-1.2621109669563322,-0.06848603199963524,-0.044450017834864575,-0.02562773082200199,-0.06866638610857624,-0.04530079609470036,-0.005288960813658811,-0.09244462066507642,0.00033305112418944985,-0.013939303497336818,-0.07711106874578598,-0.02374475170255001,-0.057538786331003844,-0.04371929141548714,-0.04941066667340726
1.875913233434681,-1.8389546623675401,-3.5729509575645286,0.017107726743709542,2.4586487884613972,0.053103471047504645,-1.262116967449878,-0.0685522341262054,-0.04441626605674213,-0.02555760339439544,-0.06873282279341923,-0.04536326593935575,-0.005308487411843455,-0.09241289014692335,0.0003396222665863237,-0.01393577035472794,-0.07709874898040174,-0.023744066542048078,-0.05758118884028319,-0.04367220711825228,-0.049416532722598806
2.008772643642677,-1.970973699992426,-3.7405686668614897,0.01705922852704105,2.458585007897266,0.05315276531794235,-1.2621289251360632,-0.06861601627505517,-0.044381526785977364,-0.025480205440322333,-0.0687968478080517,-0.04543418554925492,-0.005337062072399543,-0.09237472536250016,0.0003413708207246238,-0.01393939687748774,-0.0770878211670612,-0.023749301614972025,-0.057633605663210734,-0.04361486126881325,-0.049421589632236626
1.8381630325426737,-1.779156649112891,-3.712391441626787,0.017024896283322825,2.458520802112746,0.053195057975873,-1.2621319820997479,-0.068680233138741,-0.044345138444863194,-0.025415555634528325,-0.06886132286595914,-0.045489520279908185,-0.005358416786868683,-0.09233725045555556,0.0003440730735112937,-0.013939023769280034,-0.07707460969466515,-0.023753004121211715,-0.05767690386045675,-0.04356689192946124,-0.04942661969482691
1.9073238061067799,-1.8516829358494604,-3.8526781217678225,0.016981120902704983,2.4584585411549633,0.05324382810185444,-1.2621455533803407,-0.06874249747026001,-0.04430713814524038,-0.02534502450932768,-0.0689238546223922,-0.045551574330915445,-0.005389991581796179,-0.09229231512564919,0.0003431953018176817,-0.013949474697935399,-0.07706312149420165,-0.023762222119640998,-0.057730921979825656,-0.04350793761180695,-0.049431139583186866
2.0251698914860294,-1.9965573180786524,-4.113406475616399,0.016924299053501277,2.4584014566156345,0.05329783697292231,-1.2621687572553273,-0.0687995774991957,-0.044275095334170726,-0.025263422126775587,-0.06898121133173339,-0.04562700361965898,-0.005441429473232666,-0.09224292454324995,0.00033607428926386715,-0.013973511690667925,-0.07706560035816377,-0.023779896483294097,-0.05780776436798924,-0.04342554679132367,-0.049434868738626396
2.1003407935703042,-2.074981446420462,-4.123020815850693,0.016890571177895847,2.45835412819432,0.05333100713090528,-1.2621756501668178,-0.06884692337165854,-0.04425725111564888,-0.025206148033688223,-0.0690288515478377,-0.04567720813316358,-0.005463977040406743,-0.09221937286316675,0.00033780458806592645,-0.013971796238286156,-0.07707965914477391,-0.023784398358102858,-0.057851580317701067,-0.043377051681236664,-0.049439627132067135
1.9814140444112462,-1.9569099771464287,-3.959229021385254,0.016844037238118725,2.4583004181803356,0.053378015733663325,-1.262192811261279,-0.06890063500071453,-0.04422816889416969,-0.02513477733357383,-0.06908286174373464,-0.045740625933813145,-0.005497413377043013,-0.09217949865227612,0.0003361035347099095,-0.013982217566193906,-0.07708359409461837,-0.02379455294347046,-0.05790682120393253,-0.04331685747969171,-0.04944395459684483
2.1879159381632416,-2.2343861388578965,-4.374231440756123,0.01680325578674688,2.4582601897900527,0.053417465262693184,-1.262208772082194,-0.06894086794694035,-0.04421025425040258,-0.025073338775272635,-0.06912343085992075,-0.04579635973808748,-0.005527893229551626,-0.09214734521256417,0.00033479897504374803,-0.013989065646733634,-0.07710060512128467,-0.023803712878301263,-0.057958459600869726,-0.04326039523050284,-0.04944825814875899
2.4961692594616767,-2.6094672482200916,-4.9822009813915225,0.01677933876082562,2.4582393653534598,0.05343984901028378,-1.2622187973433165,-0.06896170888372662,-0.044209251126868805,-0.025036696417355498,-0.06914467116974099,-0.04583005605019747,-0.005546126572311872,-0.09213197149217454,0.00033651923913711194,-0.013986362937107411,-0.07713542369035388,-0.02380822911624865,-0.05799541263922816,-0.04321909230774739,-0.049452815542838285
2.355674162233472,-2.4131841084250265,-4.844424581619355,0.016738777562706225,2.458209272884244,0.053476471594248357,-1.2622385459065193,-0.06899180942715727,-0.04419932306365912,-0.02498005419480255,-0.069175149638326,-0.04588248592814813,-0.005584473930362796,-0.09209992947032197,0.0003317302858909545,-0.0140005426735195,-0.07716786810715563,-0.023822262599752154,-0.058054708340749654,-0.04315488578170109,-0.0494565801430604
2.3310013485390697,-2.4096763140838933,-4.7551831077432345,0.016694781247860727,2.458178184330526,0.05351441162540992,-1.2622590249185965,-0.0690229026816302,-0.044191043825963595,-0.024918244750377447,-0.06920662625418539,-0.04593959923940931,-0.005622680528929957,-0.09206943652592467,0.0003276621885090373,-0.014012924523936633,-0.07720291430936609,-0.02383537128721991,-0.05811380354904729,-0.04309091145094628,-0.04946048176654342
2.124402423080991,-2.2038607535228496,-4.390331977200855,0.016666026129304488,2.4581440330069766,0.05354273929702318,-1.2622667498137492,-0.06905706952157258,-0.04418199619480796,-0.02486895821166255,-0.06924117301915554,-0.04598164506925973,-0.005639299603368241,-0.09204939085442201,0.0003299545404366172,-0.01400828779240357,-0.07723012947474826,-0.02383918763901008,-0.05814771949066957,-0.043052886072885696,-0.04946504575721101
2.672956876208347,-2.8620125952257895,-5.219283652393123,0.01668116828554604,2.4581471348727515,0.0535272153849245,-1.2622489023550094,-0.06905401365492649,-0.044211204165324286,-0.024875338297863578,-0.06923866412521923,-0.0459745066565722,-0.005619536738966869,-0.09207213661425971,0.0003395723665591453,-0.013970773829437183,-0.07728298356259629,-0.02382954876354319,-0.05813960255011882,-0.043058310624814675,-0.049470013609113836
3.1197893537630024,-3.378404993472577,-5.7617044359227165,0.016814223478665534,2.4581980754722625,0.053413915100313694,-1.2621524600766767,-0.06900319983915537,-0.044292805949150915,-0.02501262111757087,-0.06918857236273958,-0.045839854784882075,-0.005495952589327119,-0.0921785035652704,0.00037513636376888896,-0.01384937428386645,-0.077347135571823,-0.023778396159521323,-0.0580102874755498,-0.04318915206784399,-0.04947724368615242
3.2504978155501156,-3.5539377217786514,-6.191591435464407,0.016924043767486765,2.4582531528321296,0.053322790649661646,-1.2620840134527043,-0.0689482239653197,-0.044362084759802765,-0.02513506418818291,-0.0691342187874644,-0.04572143575255944,-0.0053949247960654485,-0.0922635485076034,0.00040471801832859145,-0.013754183998060821,-0.0774121658594479,-0.023737725620595663,-0.05790528688852232,-0.043294969817061116,-0.04948379198543372
3.445758131177669,-3.7807865829870684,-6.131601285791147,0.01712300567147748,2.458335481896534,0.05315089945829732,-1.261949701776819,-0.06886606368824742,-0.04447419134347201,-0.025349735780474378,-0.06905262063689002,-0.04550558960378906,-0.005213494486020242,-0.09241924664609333,0.0004715573383199053,-0.013587215316248829,-0.07748986901210897,-0.02364695830882201,-0.05771189254888027,-0.04349137201209462,-0.04949608773186071
3.2412989968922457,-3.5338547300942067,-6.1099742050803405,0.017200625342054354,2.458384109308151,0.05307814676886961,-1.2619084781730912,-0.06881752275000985,-0.04453596007473911,-0.02544495208320773,-0.06900440273422018,-0.04541229908738523,-0.005136752696890574,-0.09249143216830927,0.00048216342608681814,-0.013516297223744379,-0.07755658038706273,-0.023628050090036466,-0.05763114383505469,-0.043572724360365994,-0.049498247707020535
3.1711296606962938,-3.4180394151802704,-6.002642875550504,0.017240415097685036,2.458408460228192,0.05304848983438326,-1.2618951601335548,-0.06879320918816997,-0.0445605658101964,-0.025496818857566637,-0.06898030676574674,-0.04536094574564841,-0.005086790437176748,-0.09251983487039751,0.0004725328994448063,-0.01347585637415073,-0.0775899251799816,-0.023635135918344877,-0.05757681347381705,-0.04362744735200404,-0.049495936155400364
3.3974453343553064,-3.6442739352954616,-6.551585304297612,0.01725224062109758,2.458434383340811,0.05305433785166997,-1.261918510555638,-0.06876728090751882,-0.044557859036836026,-0.025530743194998214,-0.06895455628850394,-0.045330931789937245,-0.005063750319543602,-0.09250264734243795,0.00044892351223067985,-0.013471874892594151,-0.07760190320302243,-0.023665286139382166,-0.057547898720176904,-0.04365663304149419,-0.04949135818094946
3.7140131083846226,-4.046597275621028,-6.717385073357702,0.017416386383056696,2.4585121058540786,0.05292333328543299,-1.261821116475068,-0.06868967030077672,-0.04463708448332685,-0.025712083065572402,-0.06887707149220847,-0.04514532796589988,-0.004912800413554257,-0.09261849898260693,0.0005153546739969488,-0.01333565327972591,-0.07766552520358025,-0.02358187747117634,-0.057391271231341634,-0.043814722777013336,-0.04950507009139367
3.250651700386049,-3.490905972053263,-5.906676284791983,0.01751564008214461,2.4585512117292727,0.05284229194063123,-1.2617602478334915,-0.06865064972573036,-0.04468692998513059,-0.02581920220649158,-0.06883805504272388,-0.04503245019926521,-0.004810057456738614,-0.09269606187477666,0.0005498241202290938,-0.013241781455311998,-0.07771044374374252,-0.02353559045395108,-0.057283750527774124,-0.0439232575981355,-0.04951246026496825
3.2160752533219306,-3.4462715914337485,-5.802481951595751,0.01760793270920685,2.4585780335989136,0.0527750635021781,-1.2616991172386873,-0.06862389356453628,-0.0447203583732977,-0.025911046996715426,-0.06881126241404908,-0.04493290797430921,-0.004710971121421707,-0.09275809346259459,0.0005820275974285899,-0.013151488114495256,-0.0777366030834661,-0.023491809323911154,-0.05718008130057471,-0.044027908742912764,-0.04951932867283378
3.2867937159176854,-3.5565897658702097,-5.522776197078096,0.01779563108362943,2.458629121984276,0.05261397473125654,-1.261544030841361,-0.06857295465231318,-0.044816965057208155,-0.026081675544735963,-0.06876020240834331,-0.04474504675492544,-0.004544176627062227,-0.09291093065519283,0.0007042229435931211,-0.012980118623809175,-0.07780804489430572,-0.02334247886841772,-0.05701578530362309,-0.04419272121431744,-0.04955229138486063
3.1796674803720637,-3.4403170816788977,-5.3125065649064585,0.01795423852374529,2.4586670920179867,0.05247615530923989,-1.2614090177634012,-0.06853511655665077,-0.044899496908231445,-0.02622287189017816,-0.0687221933077302,-0.04458605745077867,-0.004397199602993424,-0.0930465578966177,0.0008470265096282253,-0.012828864765761441,-0.07787225357063667,-0.023177382523089284,-0.05687181632588434,-0.04433694396874165,-0.04960162382869647
2.9517403476150443,-3.1411373160785185,-4.969756042273932,0.018059905459978425,2.4586794561813834,0.05238952047757899,-1.2613139453291076,-0.06852284429602967,-0.04494585825930295,-0.026309665876160796,-0.06870977652694775,-0.044484079140564424,-0.0042865970507046875,-0.09313665913015653,0.0009384676649554093,-0.012717924782839748,-0.07790735849157275,-0.023064405741034407,-0.056760532274857625,-0.044448776525833775,-0.049637628827145265
2.999893393947598,-3.2047933783364884,-4.846428648273216,0.018176026099896055,2.4586972782760217,0.05228695610620186,-1.2612039136776942,-0.06850512738665367,-0.04500888669711103,-0.026403983270779672,-0.06869188854227244,-0.0443737204160936,-0.004173648594546816,-0.09324244702537143,0.001065083011887777,-0.012601241815079984,-0.07795559285550538,-0.022911971596474904,-0.056648456254734504,-0.04456118170202657,-0.04969716905323636
3.019735254752036,-3.2332588057271705,-4.564091144802787,0.018341545158059632,2.4587265191268672,0.05213519663691226,-1.2610338578462539,-0.06847603932035362,-0.04510939781841775,-0.02653190463810754,-0.06866257487818386,-0.04422406033237723,-0.004036382180376173,-0.09339019163230236,0.001360909477129537,-0.012451474802825607,-0.07802978455382732,-0.02259628599590709,-0.056518626229158965,-0.04469036663973649,-0.04988245481104194
2.745706937187565,-2.9081458730687095,-4.044261400427164,0.01847434387788294,2.4587356111845873,0.052014435166072064,-1.2608884761311259,-0.06846708356779213,-0.04518701790854636,-0.026626366257737358,-0.0686534349117626,-0.04410854436781923,-0.0039180581787413,-0.09351230636674829,0.0016774350505940863,-0.012324704567009126,-0.07808448126782946,-0.022264356177644776,-0.056405027209279666,-0.04480326627782182,-0.050151392017376215
2.90175286619203,-3.1012263514361287,-4.127926051401719,0.01863214353731027,2.4587623888587036,0.05186314265330039,-1.2607166553475366,-0.06844047290168881,-0.04529440304958825,-0.02674454550253292,-0.06862657061096969,-0.04396764646762517,-0.0037920042683789686,-0.09366030690448994,0.0021529553736852843,-0.012186215668471417,-0.07816489903663262,-0.021789919864334005,-0.056287289609221705,-0.04491867561056686,-0.0506426430203836
2.7160433221655524,-2.850784531298813,-3.9458247706391556,0.018736572136136963,2.4587644425841284,0.05177361882808312,-1.2605999180837946,-0.06843852498224491,-0.045347379356468646,-0.026815161794968474,-0.068624441262742,-0.043878247530375926,-0.0036912679855504896,-0.0937543417095324,0.0025057080814975805,-0.012081956231515941,-0.07820221804337234,-0.021429508334156543,-0.056188911771328266,-0.045014979755023145,-0.05106755185871972
2.5029275567199614,-2.583497714414453,-3.6340627653642916,0.018805010586004714,2.4587448182087948,0.05172349222529432,-1.2605166727626202,-0.06845821403739581,-0.04536504640041709,-0.026851082398624743,-0.06864404509532471,-0.04382591806786912,-0.0036069236169563876,-0.09381159877484006,0.0026833539302500292,-0.011999722498229698,-0.07820513097316052,-0.02121585749488425,-0.05610265063318586,-0.04510048247997759,-0.051299977142141524
2.4358400379608645,-2.4974218578166787,-2.875236493751901,0.018903122793887978,2.458731238825852,0.05164643144087192,-1.260400512616463,-0.0684718920095512,-0.04540159764722047,-0.026908534371508114,-0.0686576386704198,-0.04374765598134501,-0.0035127262561799404,-0.09387914528490596,0.0030834487867920867,-0.01190556672864755,-0.07821250819394325,-0.020838108896552607,-0.056010559514726686,-0.04518830904026936,-0.051790316292203355
1.8870924558735667,-1.8742432186360487,-2.5088965925013222,0.018931716117045545,2.4586842089508014,0.051635474071387764,-1.260351160597616,-0.06851896846426841,-0.04538808060772393,-0.026904736319173964,-0.06870477254134438,-0.04373739402851953,-0.003447951394109656,-0.09390135107724398,0.002896056548160749,-0.01184851960433342,-0.07818147092405751,-0.020904936852700045,-0.055938404410565856,-0.04526430649336997,-0.051496092384448404
2.256767020799536,-2.3012880846974086,-2.6827983488886558,0.018998504936646596,2.4586605399078074,0.051584057463613345,-1.260262911736132,-0.06854271773160868,-0.04541052012496967,-0.026935068723909817,-0.06872853616823846,-0.043690533559793264,-0.0033706798057002957,-0.09395210839587385,0.0030440165375444973,-0.011774375237391497,-0.07817824791464657,-0.02071327998865318,-0.05585893929251089,-0.04534253327780398,-0.05166683455090494
2.1599599277063044,-2.1513793857556953,-2.7147888560193834,0.019027301909772035,2.4586230015542503,0.051573810472065613,-1.2602217775616869,-0.06858029130710269,-0.04539539815257661,-0.02693880162665572,-0.06876618262754428,-0.04367353768030179,-0.0033069060411835246,-0.09396960170109495,0.002910409463013229,-0.011719307336838682,-0.0781466498185553,-0.020764571899253542,-0.055788414397750834,-0.04541605078094668,-0.05146329758089033
2.2958857048026795,-2.3490463048620756,-2.93618858113067,0.019055962450657923,2.4585967687254104,0.05155712710549542,-1.2601835117986064,-0.0686065658752978,-0.04539254778756764,-0.02694803236018045,-0.06879253124173788,-0.04365304663231782,-0.0032468602778701573,-0.0939937639103222,0.002727642550204519,-0.011667767705127294,-0.07812679845620972,-0.02085186784099589,-0.05572073855122201,-0.045487436397105126,-0.0512092385753576
2.4037860250059166,-2.441176142152647,-3.103231389548255,0.019079736865862916,2.458573298735036,0.0515449869395143,-1.2601520108232278,-0.06863007098653194,-0.045387345142625095,-0.0269552343460457,-0.06881612666348172,-0.04363607811200482,-0.003190848338952147,-0.09401310762238409,0.0025094017522746146,-0.011620988449395188,-0.07810564989161303,-0.020982794893051913,-0.05565599808497773,-0.04555635690354091,-0.05093588822958795
2.6585274106053625,-2.734020060987921,-3.4490203827018866,0.019115784698230585,2.458563189668462,0.05152493309203749,-1.2601194523751171,-0.0686402089235392,-0.045384107047475655,-0.026980576483473562,-0.06882635585926634,-0.043599881883231245,-0.003130015224177187,-0.09403481421367783,0.0024301553465303125,-0.011568758252670255,-0.07808965212632829,-0.02101989519968156,-0.05558896928620824,-0.04562532205507448,-0.05083494566849584
2.426249847753214,-2.4028831756890017,-3.0108879463213922,0.01914284548125511,2.458535200440982,0.05151644467865306,-1.2600928809504237,-0.06866821948713908,-0.04536532797931391,-0.026993673292805304,-0.06885448848307077,-0.04357375937843718,-0.003068314396614209,-0.09404804513818532,0.0023951534981485213,-0.011516371535632685,-0.078059782491784,-0.021036992751207732,-0.05552199185581623,-0.045693552276690134,-0.05078441175631046
2.4667758044903354,-2.4160872954692145,-2.8610841116692245,0.019142603160402803,2.4584978341580075,0.05152919745360295,-1.2600850712314644,-0.0687055775677508,-0.04533700668354264,-0.02697935518480844,-0.06889199516747126,-0.04358029597244316,-0.0030189097148521017,-0.09404462550809295,0.00217395299386273,-0.011478662473277385,-0.07801446466863433,-0.02121068265973978,-0.05546247809517787,-0.04575703400748422,-0.05054679961023264
2.2556764460422984,-2.2483817900874388,-2.780173255634024,0.019129227805777003,2.4584675599746695,0.051547063047634546,-1.2601004640837143,-0.06873585607508614,-0.0453081689176792,-0.026966583491169763,-0.06892244070672092,-0.04358715487298854,-0.0029738982012270892,-0.09403627937080543,0.001953198001591771,-0.01144718261500141,-0.07797138257209396,-0.021403651797107886,-0.055405841626269076,-0.04581757030182696,-0.05033188531150811
2.3743929131080623,-2.2920655447401828,-2.6988863869300195,0.01912539951498716,2.458425764690796,0.051569598591219803,-1.2600982432356507,-0.06877763270378327,-0.04526758649666452,-0.02694791616314901,-0.06896439982905711,-0.04359797479065944,-0.0029259781655791833,-0.09402245096683653,0.0018188039725011659,-0.01141134219381708,-0.07791677175254072,-0.021522725661498425,-0.055348177139100375,-0.04587781238207383,-0.05020922066134777
2.4077249715471574,-2.20183948013534,-2.270376044183479,0.0191069913779506,2.458375787476342,0.05161191619483486,-1.2601115456721654,-0.06882756880558083,-0.045207602449671855,-0.0269152294840375,-0.0690145293816166,-0.04362436595211017,-0.002880545616075757,-0.09399336394032472,0.0016905114089404488,-0.011379121191522137,-0.07784605501312009,-0.021644666751687622,-0.055292335037736506,-0.04593611876487493,-0.05009963596828642
2.4726309353397062,-2.168459835355078,-2.14401809654096,0.019089599086559446,2.458322440821914,0.05165679109421074,-1.2601247035474625,-0.06888086401173311,-0.04514199395709525,-0.026882201252556203,-0.06906802714384139,-0.04365007681246495,-0.0028337750381174664,-0.09396352787216139,0.0016011281598364568,-0.011345117843397671,-0.07777318997127254,-0.021734284266355586,-0.05523631528453683,-0.045994040653499144,-0.05002553040883862
2.1011753858944546,-1.7229117081587892,-2.291585073020812,0.019052570552656772,2.4582627441832954,0.05170641739830647,-1.2601581873523418,-0.06894053731556392,-0.04507994403568805,-0.026839284643856147,-0.0691278997727479,-0.04368646295986526,-0.0027956289189113672,-0.09392750292118769,0.001464729779123718,-0.011322241508999223,-0.07770080711046376,-0.02187165192999105,-0.055185201351271515,-0.046047724588191626,-0.04992325089364723
1.89536159160041,-1.4989650916917738,-1.9023677182477376,0.019010970733058487,2.458192640518848,0.05177186787311353,-1.2601936267030562,-0.06901059688314487,-0.044998745652080646,-0.02678474374607028,-0.06919813133518346,-0.04373436907647022,-0.002758256810790345,-0.09387716238175087,0.0013547568944624235,-0.01130026114874505,-0.07761170481353824,-0.021986640861247686,-0.05513498033044682,-0.04610017573335311,-0.04984602248349867
1.9101351765810057,-1.5993383235758594,-2.012653740200412,0.01896776463386635,2.458127695711545,0.05183676656539917,-1.2602379893398854,-0.06907549696870441,-0.04491781404126602,-0.02673578875347299,-0.06926321948625835,-0.04377659246294644,-0.002720720291454715,-0.09382689208676484,0.0012699082302882962,-0.011278193524737272,-0.07752497355701647,-0.022080374655074796,-0.055085163960644785,-0.046151898494690535,-0.04978931286523652
1.9862754218272942,-1.6987557054323381,-2.0486023369682487,0.018938113127971248,2.4580718201780494,0.05188425168983787,-1.2602643401807245,-0.06913134145545184,-0.04485598627709465,-0.026696745961140207,-0.06931929496117502,-0.04380891313335805,-0.0026811296743275265,-0.09379384149867662,0.001210634485961486,-0.011251820453132291,-0.0774550817021019,-0.022145179654788037,-0.0550348748879903,-0.046203734723208184,-0.049749987942901995
1.9852798729363257,-1.5845446714433384,-1.800346740158691,0.0189149100805174,2.4580101198796234,0.05193285052163823,-1.2602821367068493,-0.06919300984719287,-0.0447872566028763,-0.02665779227880115,-0.0693811611429834,-0.04383916742201109,-0.0026386297239519617,-0.09376053027246317,0.0011754733209688138,-0.011221367265749087,-0.07738160273192983,-0.022187052870174497,-0.0549836995938021,-0.04625609626123525,-0.04972514203611465
1.5868509011571585,-1.2410151548441903,-1.7853035315093215,0.018896471293220977,2.4579503378553706,0.05197164187784467,-1.2602955678527907,-0.06925278382693771,-0.04472805595478846,-0.026625410954928225,-0.0694411410742024,-0.04386158785176014,-0.0025970111957076283,-0.09373055446846511,0.001143049046612017,-0.011191705745540374,-0.0773135646369179,-0.022226663612269222,-0.054933463854302374,-0.04630747321623463,-0.04970263069911248
1.5465830011664417,-1.1547203501734815,-1.527603074146356,0.018880359209402394,2.4578898896415,0.05200957458426732,-1.2603068172073235,-0.06931322431668364,-0.0446680843015364,-0.02659436449512775,-0.06950177696539,-0.043882051885253716,-0.002553749319709191,-0.09370390313649259,0.0011235945186511519,-0.011159443742322769,-0.07724730707891406,-0.02225339138218921,-0.054882993094070055,-0.04635887318274768,-0.04968720478030817
1.6794514406596968,-1.2674365004538757,-1.3665303050916073,0.01887256438790236,2.4578301906721407,0.05204129925410999,-1.2603061465836978,-0.06937291724201161,-0.04461323486380768,-0.02656628015035782,-0.0695616637192621,-0.04389895654787093,-0.0025083515979325084,-0.093686768885188,0.0011170466858530896,-0.011123375075185083,-0.07718836762793924,-0.022265387500305264,-0.05483210033066081,-0.04641047179620684,-0.04967821867010125
1.6898664584471113,-1.3080360968807088,-1.449045991471616,0.018841859093783962,2.4577657873790923,0.05209434986157733,-1.2603289577944523,-0.06943728192713097,-0.044542788010993595,-0.026520144609329346,-0.06962616903981833,-0.04393718126958053,-0.0024685890023547073,-0.09365278305743173,0.0010902912632267004,-0.011094710838761034,-0.07711503696896187,-0.02229911956836421,-0.054784279498770905,-0.046459305101970744,-0.04966004101274125
1.9466371792277353,-1.5773742268330664,-1.7946451348430223,0.018809386424816405,2.4577086155310575,0.05214519233500348,-1.2603560527142375,-0.06949441273374533,-0.04447814850084284,-0.026476827805515905,-0.0696834994820685,-0.043974025717975124,-0.002431098488364683,-0.09361850399615242,0.001059112269252295,-0.01106856547612066,-0.07704484206623877,-0.022337284110962433,-0.05473798432581799,-0.04650667785147298,-0.0496405003095509
2.59175742586991,-2.17757648056821,-2.342974424345202,0.01882933393974461,2.457680632825248,0.052150074911959124,-1.2603360284284086,-0.06952239118869591,-0.04444792511515663,-0.026481793058927342,-0.06971198861037481,-0.043959294753559884,-0.002384513074030928,-0.09361436644968772,0.0010695235414417052,-0.01102929987113453,-0.07700572198463979,-0.022331139527170196,-0.05468827994617058,-0.04655678032082952,-0.04964005498764302
2.6537042586289754,-2.182840335852601,-2.3878849820312786,0.01885492751435946,2.457660684118378,0.05214331857195067,-1.2603124472428184,-0.0695423499652588,-0.044430286684405663,-0.026496666139302717,-0.06973254564620981,-0.0439346302831806,-0.002337205119410282,-0.09361990701330261,0.0010862730506930143,-0.01098860905368166,-0.07697768948188219,-0.022318396403144217,-0.054638842904457564,-0.04660649982639723,-0.04964248603467603
2.6510757730934142,-2.188089423317766,-2.4031564878132072,0.01889269163750044,2.4576551226599905,0.052108509152109704,-1.260276644892976,-0.06954796087968121,-0.04444516947649982,-0.026529378785838015,-0.06973891437175467,-0.043892001052715075,-0.0022885002856972256,-0.09365107666954414,0.0011125387205845503,-0.010944937243608913,-0.07697673914613071,-0.022293498172539485,-0.054589418348765406,-0.046656046828973674,-0.049649197010927626
2.5735851750532968,-2.0387025670909624,-2.095530635240101,0.018925566717335803,2.4576339338622537,0.052086627521758744,-1.260236303167335,-0.06956918370301936,-0.04444527856575246,-0.026545632422013955,-0.06976069905698136,-0.04386505844160096,-0.002241756818830881,-0.09367072748261672,0.0011338204542722032,-0.010903405347609725,-0.0769606240647328,-0.02227320314822105,-0.054541399486992714,-0.046704253850380434,-0.049653748527415775
2.5633699149724407,-1.815853361312691,-2.1555407891235157,0.018939768269825123,2.457603262400751,0.05209264871860282,-1.2602196996707575,-0.06959985715070571,-0.04441608745117005,-0.02654560992790258,-0.06979181635360722,-0.04385565548337992,-0.0021987242604311445,-0.09366645685800976,0.0011406566858455515,-0.010867148718510775,-0.07692312835814555,-0.022270279050593807,-0.05449544269586951,-0.04675059447669783,-0.04965168217823056
2.4231761957482814,-1.6151969469632181,-1.9091031085153065,0.01892090359148388,2.4575513040856665,0.052134711235305393,-1.2602343469775743,-0.06965177708366137,-0.04435510249304216,-0.02651301533973012,-0.06984391341654109,-0.04388068377117346,-0.00216156474829265,-0.09363432526921406,0.0011192339029474153,-0.010838936476015772,-0.07685700141416384,-0.022298304068753945,-0.05445233421197952,-0.046794459123836736,-0.049636230808419377
2.337222689033543,-1.3723393531344192,-1.8217815385910885,0.018896588565128564,2.457492600625732,0.05218136668568906,-1.2602513098910102,-0.06971044296517077,-0.04429015533369704,-0.026473110926114204,-0.06990265716069509,-0.043912728251049325,-0.002126289549970042,-0.09359553843280138,0.0010925470445213516,-0.010812946013251156,-0.07678371684534384,-0.022332149765904964,-0.05441047407883249,-0.04683713556366476,-0.0496188098243933
2.4086276423588515,-1.383646078549896,-1.7062818416357535,0.018885241860264718,2.4574383972391334,0.05221733037886158,-1.2602576679326187,-0.06976462361444728,-0.0442318990112721,-0.026445105010972504,-0.06995696129922531,-0.04393111817002923,-0.0020883689446343123,-0.0935682913594658,0.0010855773176281142,-0.010782903370656675,-0.0767215491763288,-0.02234569556582859,-0.05436813721076771,-0.046880012715732444,-0.049611084428294885
2.4293547950255445,-1.3681135564547349,-1.945877435807316,0.018875520420569353,2.457393276151528,0.052243317772988324,-1.2602631737406145,-0.06980974063437019,-0.044188678491291,-0.026423463358817897,-0.07000232020535802,-0.04394436196232489,-0.0020524226875019234,-0.09354756585790291,0.0010712970235394385,-0.01075485901382672,-0.07667051677432167,-0.022365525525535154,-0.05432706255413072,-0.04692170900057044,-0.0496001472421717
2.21314645663631,-1.1368240467955517,-1.6012371367608176,0.01886205762203158,2.457344328500633,0.05227318532758936,-1.2602712580652067,-0.06985868395691183,-0.044141973558371114,-0.026397265896094306,-0.07005143581273046,-0.04396208515519565,-0.002017193700042623,-0.09352477741988713,0.001057320533180302,-0.010727424159114441,-0.07661653107243045,-0.022385233659580225,-0.054286767513955454,-0.04696260870619653,-0.049589664936482765
2.4207509953077837,-1.3441776508162793,-1.539946643224187,0.018851696940755665,2.4572968507084902,0.05230237437692874,-1.260276839056456,-0.06990614617103899,-0.04409416061645499,-0.02637318942735633,-0.07009908003907724,-0.04397758340424259,-0.0019807765494832467,-0.09350634994660034,0.0010540104967113446,-0.010697960421322586,-0.07656527079074738,-0.022393910007088357,-0.054246563951111104,-0.04700326471959094,-0.04958420671631021
2.4435389613173624,-1.282697086757946,-1.3189351123953668,0.018840801918581306,2.4572464588018335,0.052334222135651226,-1.2602821648723435,-0.06995651960934499,-0.04404275815949224,-0.026346711365646935,-0.07014957273487633,-0.04399513013095745,-0.0019443978936448318,-0.09348864353144559,0.0010540402587476817,-0.010668139207683818,-0.07651383356307845,-0.022399036266206606,-0.054206894517267776,-0.047043329584321766,-0.04958033371502381
2.4576069756254566,-1.1542755998969518,-0.915694438936982,0.018828431717159744,2.4571921804894075,0.052369220983894724,-1.260287564406025,-0.0700107781278675,-0.043987353488430234,-0.026316898007423952,-0.0702038659235474,-0.04401557175511643,-0.0019076391719569218,-0.0934751708159256,0.0010598210039426768,-0.010637361974894727,-0.07646548685450069,-0.022397965037143103,-0.05416761392773752,-0.04708291978914,-0.049579065474934216
2.432393474046649,-0.9963746438281117,-0.6616250788834264,0.018822123967954723,2.4571380410574095,0.052401517611206205,-1.260287354718345,-0.07006490293684967,-0.043931362991909806,-0.02629118854136128,-0.07025800696149317,-0.04403087912274758,-0.0018704531092392724,-0.09346590195665067,0.0010718956186926117,-0.010605594135736548,-0.07642100105970845,-0.022390253856919052,-0.05412871044793186,-0.04712204373496339,-0.04958062390104671
2.7329596028514747,-1.249504583807611,-0.6421189225932687,0.018837638067967153,2.4570960537245905,0.05240721260016633,-1.2602632362096804,-0.07010690217393199,-0.0439009283231252,-0.02628508389902783,-0.07030023002544812,-0.04402555505951654,-0.0018326911666889155,-0.09346829325885411,0.0010915270156121076,-0.010572443223205942,-0.07638833710006977,-0.022373565802565606,-0.05409014076148765,-0.047160733463236425,-0.049585556313655826
2.9107169299242286,-1.228245564451809,-0.8254879363384303,0.018845086462066615,2.4570511960765655,0.052420543011422994,-1.2602464551953105,-0.0701517567139473,-0.043864605688017866,-0.02627162286210161,-0.07034523724955884,-0.04402849188414667,-0.0017961661466610922,-0.09346666062704093,0.0011073839605335878,-0.010540665723400998,-0.07635245672789015,-0.02236098648322251,-0.05405249717457106,-0.047198533167485617,-0.049588845520338314
2.7588979322187916,-0.9635657059341444,-0.5756480286700685,0.01885179529676015,2.457005388433841,0.05243242246450835,-1.2602301350017455,-0.07019757299670872,-0.043830826914063814,-0.026257940534481668,-0.0703911694240031,-0.044031385939741804,-0.0017602458720312154,-0.09346713444389404,0.0011235377085647364,-0.010509319982860131,-0.07631911145936217,-0.022347854993159777,-0.0540155627232772,-0.04723561234580764,-0.04959231649586098
2.957709025580558,-1.101210534486146,-0.41431404699427543,0.0188633281466125,2.456960310637359,0.052439090576436184,-1.2602070755659187,-0.07024266270457784,-0.04380163349563115,-0.02624702453310736,-0.07043637126290449,-0.04403105182771742,-0.0017246804031404261,-0.0934704547702185,0.001141986749871953,-0.010478057788288923,-0.07628873617541458,-0.022332032337775684,-0.05397925116697397,-0.047272036288555544,-0.04959692002223008
2.8711870409324596,-0.907277360328207,-0.49947334960686096,0.01887310642155753,2.4569156451088445,0.05244586610279446,-1.2601863161171767,-0.07028734466414978,-0.04377304642111181,-0.026235954444331466,-0.07048115488939947,-0.044031030354639684,-0.0016898816515877077,-0.0934730454794882,0.0011595536044234822,-0.01044751676087955,-0.07625842593637154,-0.022317194567593356,-0.05394368187365304,-0.047307720924747915,-0.04960118311568786
2.844271228370711,-0.8500552009415824,-0.19690365791495298,0.01887846927215571,2.4568689796141308,0.05245731408987353,-1.2601697675304104,-0.07033402203708251,-0.0437410532102005,-0.02622054861446255,-0.07052787024024533,-0.04403576202419066,-0.0016557120214295707,-0.09347660575891475,0.0011772522985424823,-0.010417473982623668,-0.0762294956290982,-0.022302014716142154,-0.05390880306961157,-0.047342707404827315,-0.04960557962984761
2.9358731893433268,-0.8530859634696789,-0.11663824986037223,0.01888427165517057,2.4568259442900833,0.05246301002605833,-1.2601522797169655,-0.07037707861014192,-0.0437175976292042,-0.02620767362008303,-0.07057102520008636,-0.04403848592100259,-0.0016221542006683133,-0.09348096023496921,0.001195223820294027,-0.01038792221232897,-0.07620196077881351,-0.022286413897960912,-0.053874600358891044,-0.047377009103416634,-0.04961018964952724
2.830203127479536,-0.6605246529863642,-0.10565478070620193,0.018884784480148083,2.4567789991808855,0.05247472203447941,-1.2601394155073482,-0.07042404116737795,-0.04368866379405109,-0.026189168576688206,-0.07061797506430403,-0.04404695418325976,-0.0015892793307415417,-0.09348507761034038,0.0012126913311750213,-0.010358979376132138,-0.07617481095005516,-0.022271284213391706,-0.05384108489410668,-0.047410622953620266,-0.04961463205382079
3.0293166857330127,-0.7528345088076269,-0.0898548559769854,0.01888784641562859,2.4567373384621676,0.052482360149006424,-1.2601259636401763,-0.07046572351058517,-0.04366462452259826,-0.026175520627813913,-0.07065974762216097,-0.04405105224942945,-0.0015570269274808814,-0.09348932323961837,0.0012301770334510141,-0.01033056598949549,-0.07614839843345599,-0.02225607634727241,-0.05380822969594241,-0.04744357091937049,-0.04961917147659381
3.1114925134491505,-0.7473945101536947,-0.1899430314287864,0.01887688187532112,2.4566920012463305,0.05250273828025673,-1.2601271451798808,-0.07051106619184025,-0.04363141270966264,-0.02615075018191135,-0.07070507005100078,-0.04406778129085418,-0.0015256814250541343,-0.09349185764509196,0.001244117266808868,-0.010303092119379522,-0.07612115172573498,-0.0222444791546962,-0.05377610335547253,-0.04747581881371975,-0.049621945058810756
2.951599820213049,-0.4930828843593047,-0.14355038945391266,0.018866299621208654,2.4566451395639937,0.052525032809967336,-1.2601279987632876,-0.07055793454507646,-0.04359515012101552,-0.02612520559140215,-0.0707518563030603,-0.04408494639366816,-0.0014949118247385973,-0.09349432128977914,0.0012582402742540321,-0.010276099584230931,-0.07609434828666947,-0.022232675023566566,-0.053744604364244546,-0.047507432138396234,-0.04962488832586397
2.6643817572930084,-0.11354624409518432,-0.3582142833296044,0.01886885795910919,2.456600965231109,0.052537133223774124,-1.2601157734928936,-0.07060212974823028,-0.043564733404359,-0.026109705619236024,-0.07079601304744064,-0.04409048605660694,-0.0014656127144177114,-0.09348616131048662,0.001260311631781163,-0.01025094666671128,-0.07605823690879761,-0.022234246356644175,-0.0537139593228563,-0.047538298856715316,-0.049621477091618266
2.60312489408012,-0.07138866448797593,-0.35738942373798105,0.018873515386618783,2.456558573099137,0.05254553508743409,-1.2601009256580151,-0.07064454765998879,-0.04353864043191758,-0.02609636473954429,-0.07083841526289372,-0.04409390450582589,-0.001436874168788408,-0.0934804047466837,0.0012620149959300681,-0.01022622144470349,-0.07602517821568633,-0.022235683634433488,-0.053683915107282466,-0.04756856163271131,-0.04961792074009636
2.69693215203117,-0.1604650552654835,-0.4330504925759243,0.01887673336210744,2.456516932157089,0.05255474865646438,-1.260088008588324,-0.0706862122107261,-0.043512671278293905,-0.02608243568479071,-0.07088006085208869,-0.04409827733703978,-0.0014087048423871123,-0.0934755293246864,0.0012631136148445537,-0.010201963115650326,-0.07599364897056032,-0.022237449895126542,-0.053654465143294694,-0.04759822933410494,-0.04961410137715207
2.397334918836374,0.1394164777080731,-0.47811849628945424,0.018890925066854077,2.4564783311666165,0.05255357061577482,-1.260062636973191,-0.07072484932114295,-0.04349473878599661,-0.02607666949555708,-0.07091873878801587,-0.044093511994803325,-0.001381273247137172,-0.09346808599724292,0.001260885715575017,-0.01017844188825176,-0.07596023030034064,-0.02224265810643043,-0.05362564238074342,-0.04762729357452783,-0.04960856456872225
2.5103983934240612,0.011615859538324863,-0.7124569073040531,0.018900506548080294,2.4564395545110176,0.052556626642831616,-1.2600428115747393,-0.07076365635655296,-0.04347393368275808,-0.02606786317833147,-0.07095755956076373,-0.04409244126701331,-0.001355045145049259,-0.09345353752795076,0.0012476591735463651,-0.010156346018508922,-0.07592119058887584,-0.02225951818982904,-0.05359754972184286,-0.04765571915509222,-0.04959720933908899
2.1349978686975275,0.34463912761589,-0.7118506090260159,0.018926223795778414,2.4564073009867538,0.05254117291175191,-1.2600048918517106,-0.07079596283582797,-0.043469691772428626,-0.026072823088022962,-0.07099004288015039,-0.04407642590638897,-0.0013297999134620183,-0.09342546591487279,0.0012271409878776075,-0.010135433798731016,-0.07586819585669695,-0.022285198974001157,-0.053570120024630324,-0.04768353745946043,-0.04958228107625218
2.024366988520245,0.18689804983434927,-0.8297321647859375,0.018942489733086487,2.4563717845157194,0.05253713689829644,-1.2599778651135518,-0.07083151677216387,-0.043455056440264574,-0.026069782169755168,-0.07102565935441685,-0.04406924960594436,-0.0013053211524884565,-0.093402327643601,0.0012025709322023724,-0.010115203152696721,-0.07582178473948122,-0.02231360153384793,-0.053543289929338975,-0.04771078213176544,-0.04956557577666734
2.0049765481239277,0.20592436323634378,-0.49382321808260604,0.01895817700572102,2.4563368673013155,0.05253354756933237,-1.2599518268825043,-0.07086647037622286,-0.04344029604726862,-0.026066679845713658,-0.07106067158626746,-0.04406233248455303,-0.0012801739913088533,-0.09339287660408982,0.001197339179876614,-0.010093693415416851,-0.0757884050897549,-0.02232144567948509,-0.0535167187110346,-0.04773759323257734,-0.04955933515495774
1.5017917558819673,0.6445602166356794,-0.3432542440869763,0.018991101046257234,2.456308513930371,0.052510812074122136,-1.2599069669462515,-0.07089487756504412,-0.04344142818765879,-0.026078554271428293,-0.07108931212995698,-0.04403898190003086,-0.0012549953983920586,-0.09338785719045664,0.0012004250377903732,-0.01007186504090364,-0.07575954939291572,-0.022320749828794853,-0.053490551969593444,-0.047763923669514034,-0.04955747706207958
1.649538317382581,0.34975771462076216,-0.1950743299113151,0.019011812537346007,2.456277598329892,0.05250090063945534,-1.2598760205745307,-0.07092583594567083,-0.04343283979239515,-0.026080807543069007,-0.07112040715568005,-0.044026692687144785,-0.00122990300495541,-0.09338765590752497,0.001209981234039643,-0.010049877579701879,-0.07573536996858263,-0.02231322388123504,-0.05346481215624636,-0.047789768469726546,-0.04955897895501004
1.6878628474422304,-0.002714086708123842,-0.3809747124394134,0.019016173698976346,2.4562422370391537,0.05250742090334451,-1.2598624179526972,-0.0709612195700665,-0.04341202645737397,-0.02606934635404659,-0.0711557709242763,-0.04402995540244192,-0.0012057612762226783,-0.0933845530437218,0.001210613726972789,-0.010028932859232889,-0.07570960015694239,-0.022314381068755974,-0.05343968246189555,-0.04781507245699836,-0.049555869436956494
1.7863520040452598,-0.04095460487488706,-0.37404089746871877,0.01902057026126733,2.456208074760373,0.052513724073409394,-1.2598494524048705,-0.07099540422763598,-0.04339174837219549,-0.026058611645588817,-0.07118995091982376,-0.04403269143053648,-0.0011818740293075703,-0.09338362683076279,0.0012149129880953769,-0.0100080912036169,-0.07568658256503014,-0.022311816594453505,-0.05341500285208913,-0.04783989147724074,-0.04955472545216123
1.952883636392065,-0.30703412077962666,-0.751333943332421,0.019014713504968177,2.456172562623545,0.0525299514846434,-1.2598473254896867,-0.07103092218390364,-0.043364513797833536,-0.026039604925534254,-0.07122539988254267,-0.04404521990898204,-0.0011593888003146031,-0.0933701088392239,0.0012002493745738572,-0.00998897170286271,-0.07565231921521977,-0.022328814287752505,-0.05339100696231361,-0.0478641756339361,-0.049543749688386235
1.519645029438356,0.18775311792466964,-0.6028307026703498,0.019027859967652935,2.4561413474694733,0.05252750285191096,-1.2598250669962527,-0.07106216890902292,-0.043350861595977314,-0.02603624926987646,-0.07125669256788186,-0.04403975546902892,-0.0011373191225505714,-0.09335450063747808,0.0011863470265822177,-0.009970211677587371,-0.07561601372032624,-0.022345535170239773,-0.05336747771132534,-0.047887979624870874,-0.049533471415025544
1.2038777889780174,0.27925995534500536,-0.9568994583738161,0.019041855558015085,2.456109434515539,0.05252545921887219,-1.2598016787099255,-0.07109410952168867,-0.04333584704364058,-0.026032780531590347,-0.07128863553423828,-0.04403420264402662,-0.0011156734841547874,-0.09335024729339972,0.00117241407862911,-0.009951710327095723,-0.0755945458686109,-0.022360664483258106,-0.053344409272257344,-0.04791131654642229,-0.049523359775778486
0.7365509016783705,-0.5219656766621578,-0.976919817881528,0.01903304156303771,2.456083331809295,0.052534930920203754,-1.2598033919163605,-0.07112022592293438,-0.043322272617213525,-0.026017055275504422,-0.07131492534605817,-0.04404563596162571,-0.0010945813801336865,-0.09334990502856665,0.0011557983820089577,-0.009933698508476235,-0.07557740793654111,-0.022377717629198438,-0.053321819970759736,-0.04793418845984504,-0.04951212108962669
0.7043532495974666,-0.47363227625695814,-0.9891135044011482,0.019027761162951056,2.456057267433803,0.052544941380798904,-1.259802910054045,-0.07114630380180068,-0.04330572479329879,-0.026003498381249806,-0.07134115867997554,-0.0440543872707831,-0.0010737722029629604,-0.09334631607102999,0.0011422819878822536,-0.009915874560928576,-0.0755575841402466,-0.022392082606102624,-0.05329964947194014,-0.047956610470482205,-0.04950275708621728
0.7017619553337864,-0.4006282396859976,-1.117674999125611,0.0190137198065049,2.4560274743501544,0.05256487374243258,-1.2598120330227986,-0.07117609793714293,-0.04328022937398725,-0.025982288084757763,-0.07137096347954995,-0.0440713742879084,-0.001054463893824163,-0.09332320375527484,0.0011065465874658476,-0.009899973862143781,-0.07552010085344293,-0.02243052971790856,-0.05327812313609601,-0.04797854868656475,-0.04948281189214762
0.696341871460919,-0.4097415435071532,-1.1796990266324598,0.018996271194300262,2.4559982829047122,0.052586953386705784,-1.259825958794513,-0.071205287243819,-0.04325367205857923,-0.025959864771086492,-0.07140016352047844,-0.0440900131398839,-0.001035836171114734,-0.09329543500224205,0.0010677836929692405,-0.00988483009360011,-0.07547938186324969,-0.022473046228532672,-0.0532570735883067,-0.04800001997639755,-0.049462401703871235
0.5571001973780453,-0.29815039698702017,-0.9431923444059748,0.018985943901643775,2.4559693649738175,0.052603620814819244,-1.2598318305495493,-0.07123420984458406,-0.04322991828538804,-0.0259421858391484,-0.07142908574265844,-0.04410286724442876,-0.0010166825881858532,-0.09327698577584285,0.0010495228893837019,-0.009868748628349645,-0.07544622732592123,-0.022494720216605313,-0.053236270711995645,-0.048021084038594425,-0.04945244566312293
0.750078576035543,-0.5132741206437391,-1.3502693853182055,0.01895808046495334,2.455942230030623,0.05263106473802908,-1.259856728660087,-0.07126133622276278,-0.04320363456282406,-0.025913759459027578,-0.07145625409022827,-0.04412945951799973,-0.000999691184853596,-0.09324284309389358,0.0009980334222160906,-0.009855403106241792,-0.07540294079605177,-0.02255036096431644,-0.05321619773364726,-0.04804164683676126,-0.04942786983469144
0.7211514512651915,-0.48923923094440325,-1.2864515994716375,0.01893524840405027,2.4559167946508045,0.05265401796215815,-1.2598753994277636,-0.0712867678420179,-0.04318098034674885,-0.02588863026551179,-0.07148176790557018,-0.044152482011644796,-0.0009825729827982405,-0.09321578145242995,0.000961219107812717,-0.009841639831159363,-0.07536603688653488,-0.022590715106917465,-0.05319643223112279,-0.048061784417534906,-0.04941127316567028
0.9393289691192064,-0.7241142296272174,-1.6431120461301278,0.018898314863719966,2.455892869533371,0.05268958131324479,-1.2599132399148567,-0.07131066883444272,-0.043149740525893966,-0.025856250752718066,-0.07150578644032435,-0.044184793904921825,-0.0009666550901691749,-0.09317074168535029,0.0009143775748010036,-0.009829418427478436,-0.07531515260891937,-0.022643641097732703,-0.05317720203204214,-0.04808144310575194,-0.04939165208224639
0.8948821658950795,-0.6907906304032767,-1.5931990612795874,0.018869536000683265,2.455871856968244,0.05271575036583829,-1.259942376271625,-0.07133167042634887,-0.04312660530175984,-0.025831239009956854,-0.07152699144097605,-0.044208939761800854,-0.0009503932113202738,-0.09314029121663406,0.0008839364701096198,-0.009816490003098236,-0.07527853494875487,-0.022679187969270362,-0.053158231136940425,-0.048100721276717405,-0.04937989699317713
0.981511861941449,-0.8105019582813048,-1.844967517960453,0.018823501468063754,2.4558505062383316,0.052755512135082054,-1.2599919371305701,-0.07135299157941334,-0.04309535285890174,-0.02579569258013525,-0.07154848652593228,-0.04424573728077562,-0.0009357384395905956,-0.09308846938621407,0.0008382426320882462,-0.009805643789947234,-0.07522495948871495,-0.022732579879887704,-0.053139846372479545,-0.04811950362586035,-0.04936325084412659
1.1499456262266574,-1.0018842206369856,-2.2038760367334556,0.018759380619132876,2.455833002724065,0.05280946122389256,-1.2600648891921562,-0.07137044423035355,-0.043056560013506474,-0.025751206744042233,-0.07156623661345911,-0.04429444046576207,-0.0009228117145655557,-0.09301345448644918,0.0007811758167607757,-0.009797045902755366,-0.07515489812880702,-0.022800132367695652,-0.05312205607287275,-0.048137754538970304,-0.049344106298216894
1.575616686624413,-1.5199517387527317,-2.8592543034525506,0.01870751658603949,2.4558396567781737,0.052859118823787125,-1.260138119293887,-0.07136372475933814,-0.04302150704708953,-0.025726457811389113,-0.07156068445665213,-0.04432665279187367,-0.0009095132372082589,-0.09294224097429762,0.000743056071306432,-0.009787742449135724,-0.07509775480403895,-0.022847926557598167,-0.05310450440999399,-0.04815563930378033,-0.049333363373439285
1.9562692356543956,-1.981988154224593,-3.562567426607814,0.01866925746846776,2.455875972196988,0.05289585164096075,-1.260220177684449,-0.0713273418541601,-0.042996035291878724,-0.025735690357398443,-0.07152651776422161,-0.044327171014023725,-0.0008953909582033666,-0.09288091284067561,0.0007234366344246473,-0.009777358604954673,-0.07506275764843541,-0.02287844663068994,-0.053087115262962045,-0.0481732412914938,-0.049329592168720626
1.823671166542449,-1.836302235927108,-3.31164421558494,0.01862040669798294,2.4559011096389547,0.05293721319797527,-1.2603050150482762,-0.07130214026180005,-0.04296941905289535,-0.025731526780316715,-0.07150307476285593,-0.044340367728847925,-0.0008818940128410579,-0.09282066152384714,0.0007021689113211131,-0.009767592930150042,-0.07502420947141566,-0.022910381312280393,-0.05307011738360226,-0.04819045737102195,-0.049325699946148466
1.7965349680340679,-1.824066307151508,-3.328987992073063,0.01856138337972795,2.4559253591178423,0.05298646441285295,-1.2603986255131798,-0.07127782027349848,-0.04293879970635458,-0.025719564571773434,-0.07148043929091989,-0.04436269411451127,-0.0008693479283677514,-0.0927493289732929,0.0006768006527348276,-0.009758951502207054,-0.07497647794177646,-0.02294731743901216,-0.05305355517527174,-0.048207258727851234,-0.04932109140589767
1.6503734107423713,-1.6216802881174397,-2.7216802336230383,0.01857864014527049,2.455955175318743,0.052960596853353116,-1.2603951218794354,-0.07124803065080221,-0.0429679089739414,-0.025753375853603825,-0.07145248091768981,-0.0443316493756474,-0.0008528893073575381,-0.09278103777645698,0.0006918693104149366,-0.00974434030663385,-0.07501421698862633,-0.022932714012113976,-0.053036665668758025,-0.048224137962845824,-0.04932788658908736
1.3802663655420127,-1.302411348985817,-2.39129006576589,0.018574866606142038,2.45596182778367,0.05295851843483641,-1.2603999768064078,-0.0712413841076,-0.04297564964265477,-0.025755374331204898,-0.07144683094046529,-0.04433160959756323,-0.0008377815424487239,-0.09278694820393331,0.0006950875593705215,-0.009731381873720657,-0.0750204232497575,-0.022931136103251107,-0.05302026530453361,-0.048240594371566435,-0.04933118110268306
1.4580597243967817,-1.3931528509019113,-2.4173429226291088,0.018594754146815603,2.4559808660362177,0.05293141535422089,-1.2603850610982235,-0.071222385646768,-0.04300403439514982,-0.025782339233157436,-0.07142922624086094,-0.044305362543378364,-0.0008216927729454345,-0.09282262410392476,0.0007104926398481162,-0.009716909389203717,-0.07505736011194025,-0.022915091128434942,-0.0530039946922278,-0.04825684625267832,-0.04933780394077427
1.6691195459771773,-1.6496584250312458,-2.642136435879539,0.018656587575412956,2.456022460947129,0.05286923268199268,-1.26033224345664,-0.07118085239562572,-0.04305855098500375,-0.025846869281163073,-0.07138979902545128,-0.044240745845578265,-0.0008043222188693463,-0.09289027984260355,0.0007425815528135155,-0.009700480793025809,-0.075126379607129,-0.02287884353776687,-0.052987810820643966,-0.04827291420479073,-0.04934906964710835
1.7171214616085992,-1.6957972391342695,-2.1170443083791515,0.018797752098538175,2.45608532358101,0.05272440779553943,-1.2601938240890815,-0.0711181527391523,-0.04318140385808623,-0.025974909868784563,-0.07132980041384512,-0.04410508796612225,-0.0007849545689014708,-0.09302215158351332,0.0008051078270996587,-0.009681057110726804,-0.07524979105697521,-0.02280595604212085,-0.052971614493021124,-0.04828882454991016,-0.04936959814748112
1.5686543682693193,-1.5070749273438437,-1.5992025083898447,0.01892409556958482,2.4561349726971535,0.05259389382020215,-1.2600584801869172,-0.07106865338686527,-0.04329273990114878,-0.02608043050616293,-0.07128246463027442,-0.04399147281716595,-0.0007668351482565622,-0.09312429095813275,0.0008616189437208846,-0.009663234953873591,-0.07533808131683901,-0.02274036669325443,-0.05295587247224018,-0.04830431289271644,-0.049389233235258796
1.606325594715119,-1.4950641472228532,-1.2586100531195927,0.019010662803568206,2.456170190911865,0.0525040499533283,-1.2599572494321367,-0.07103353202523426,-0.04337456282582109,-0.026145947899810725,-0.0712489856280661,-0.04392176198896199,-0.000750418243255618,-0.09318399749442173,0.0008971594431614354,-0.009647666973557536,-0.07538325100453352,-0.022698721788386708,-0.052940635610159076,-0.04831941148763525,-0.049402091682609534
1.8324600613270199,-1.5701412318423484,-0.5813150727112376,0.01905198486670785,2.45617219225998,0.05246981914263236,-1.2598950382997436,-0.07103153546533808,-0.04340340752279005,-0.02615994359622573,-0.07124759955074009,-0.04390510654793517,-0.0007349725891372739,-0.09320171471508815,0.0009197785131841977,-0.009633449837399317,-0.07538139925290754,-0.022674514798579147,-0.05292579220372456,-0.04833418805648907,-0.04941034925365869
1.8225112550762013,-1.3910607181466355,0.11754277545328132,0.019041418743081226,2.45613796572858,0.0524858168020007,-1.2598738597340158,-0.0710657108452964,-0.04339067817153234,-0.02611836221513647,-0.07128129903490939,-0.04394592593676704,-0.0007196690271590311,-0.09321264104838654,0.0009466491165426622,-0.009619382180978539,-0.07537189283296172,-0.02264807444192505,-0.052911223886246854,-0.04834866262470529,-0.049420415051932294
2.2285932979476253,-1.5968468801146054,1.588226922849339,0.019056288602217385,2.4561030080006234,0.052467562209202796,-1.259812042318554,-0.07110063950898707,-0.04341104177256564,-0.026088624106537943,-0.0713157172113154,-0.04397174368585977,-0.0007043471947644166,-0.09320194592796341,0.0009840585599483445,-0.009605382892185975,-0.07534643976510666,-0.02261720053641607,-0.05289690617729999,-0.04836281985179077,-0.04943522585117401
2.8287675413513895,-1.932109139966994,1.2124794832293724,0.019015634890330438,2.456023350568295,0.052534643024523715,-1.2598029006960572,-0.0711801211835684,-0.04334156941693954,-0.0259923119290927,-0.07139331713105761,-0.04406565468525268,-0.0006888756577059,-0.09324029256357198,0.00103579749971167,-0.009590881315249372,-0.0753725595826757,-0.022566701146735268,-0.052882817722037546,-0.04837665969821455,-0.04945628300962502
2.799374977993164,-1.6517973664790944,0.6212401553341078,0.018997807381915865,2.4559647846746704,0.052584794759203746,-1.259780745161891,-0.07123855454146058,-0.04328337132382444,-0.025923292221910872,-0.07145047051194348,-0.04413203355464469,-0.0006741909967371556,-0.09326547385900141,0.0010734003736087227,-0.009577284238772034,-0.07538167760506974,-0.022530295994345778,-0.052869072492305894,-0.04839023701258049,-0.04947167084446449
2.8654180477738076,-0.9346266379292786,1.382518189027536,0.01887647908672068,2.4558278076948756,0.05277523595700372,-1.2598750578095586,-0.07137523645386337,-0.04307432076867999,-0.02575416420507633,-0.07158339531849985,-0.04429631537602175,-0.0006571499112002333,-0.09346983393783799,0.0012177654153902805,-0.009560067582828834,-0.07558599674589359,-0.022371845054955035,-0.05285528055736271,-0.04840316224287218,-0.049538330946260714
2.5128706955680875,0.09234961627513946,1.1761426732771894,0.01887649966820852,2.4557937046750147,0.052787127489412215,-1.2598668977193113,-0.07140935117279715,-0.043048721635342756,-0.025739422052722824,-0.07161695845339988,-0.04430355135645537,-0.0006410104042237279,-0.09360787640359527,0.001372946821033863,-0.00954406458701437,-0.07571494401976231,-0.022208849321706036,-0.0528418403264633,-0.04841553158929133,-0.049621652870499175
3.0653843086457964,-0.1599895223657382,1.547319087935798,0.018860659350264458,2.455737361881961,0.0528251976829259,-1.2598657609480397,-0.07146566173792279,-0.04299528457088928,-0.025696778070330085,-0.07167195451569787,-0.0443376802319795,-0.0006255604930988442,-0.09374596086659004,0.0015427634803161633,-0.009528953659146725,-0.07585545165918986,-0.022037456495085955,-0.05282871858317973,-0.0484272884183342,-0.04972755771177279
3.6295525766045356,-0.22529823591736048,2.307061395198925,0.018828336407161066,2.4556715139708154,0.052883714634629944,-1.259881170317892,-0.07153144578605096,-0.042922345719239044,-0.025637473976835808,-0.0717360670927466,-0.044388884992518834,-0.0006087310261916704,-0.0939754029475834,0.001879162814090701,-0.00951174977190839,-0.07608952832138235,-0.021699226527033686,-0.05281567382002933,-0.04843675093794891,-0.04998418983973914
3.8942597004389294,0.2461238455916699,1.701045367469026,0.01885032528618271,2.455656437155671,0.052866527621759786,-1.259855191865383,-0.07154657594908975,-0.0429255339569695,-0.025650027113110107,-0.07175125753392944,-0.044369048296901435,-0.000592200276535773,-0.09416605014770935,0.0022979870738661324,-0.009494961977311499,-0.07627659354589043,-0.021294814268906843,-0.05280289737790497,-0.048442540413001105,-0.05038858936443265
3.389603267885303,1.1447951140334525,1.870467643696291,0.019022670363055896,2.4557457586202993,0.05266444451469663,-1.259683363060917,-0.07145754368696354,-0.04310939024387931,-0.025820407263519134,-0.07166586334496951,-0.044190835205890386,-0.0005749647961970754,-0.09441648198269498,0.002822027498678131,-0.009476877919104273,-0.07651786390233939,-0.020775604854601396,-0.052790275623033636,-0.048438078639252515,-0.05094623168418303
3.6867490983035114,0.8098510968932497,1.5678025195104057,0.019117054585141655,2.4557889123122956,0.052554777268468064,-1.259584901720655,-0.07141456264067407,-0.04320730801301636,-0.02590974960342855,-0.07162482418372684,-0.044094961923553465,-0.0005599025696701454,-0.09457917331225497,0.003220049431259464,-0.00946171531793235,-0.07667382635218213,-0.02038650277044749,-0.052778111878049705,-0.048429548802441415,-0.05141409457326073
3.2979518814478697,1.5724215609472463,1.4317895266852518,0.019318276417283748,2.455890916038942,0.052324736917606085,-1.2593608087439725,-0.07131285745341322,-0.04342502868249777,-0.026086467194630956,-0.07152679286672059,-0.043908973722517335,-0.0005452817585033167,-0.09472787820574054,0.0036151834545333664,-0.009447030402095718,-0.07681099940236645,-0.020000871700465966,-0.05276621360806789,-0.04841100249642134,-0.051881590110250196
3.7161609025236237,1.283192004902812,2.053896863915282,0.019444320745650452,2.455958610901848,0.052184546038562256,-1.2592235951095292,-0.0712453540589943,-0.04355465166147514,-0.026199348506037345,-0.07146170261997638,-0.04378909887383817,-0.0005305610635554826,-0.09489359830908288,0.004039576534281865,-0.009432125762519922,-0.07697522610784056,-0.01959214092409966,-0.052754521873608046,-0.04837215299683291,-0.05237080776909893
3.349619606900559,1.5434712164541229,0.8722677864247311,0.01957834173512943,2.45603245141285,0.052023624074593815,-1.2590671344439825,-0.07117173801958473,-0.043715281178496775,-0.02631526203915506,-0.07139052347913205,-0.04366612362036978,-0.0005182675833623301,-0.09495131408135463,0.0041987390101090654,-0.009420504817862007,-0.07702242328598488,-0.019438580865941413,-0.05274327891970261,-0.048358863710669664,-0.05257450811174301
3.266600116613786,1.755552022039339,0.9843429298195109,0.019811153490151553,2.456209696272487,0.051751838532352004,-1.2588086833824303,-0.0709948125418403,-0.04399343030886479,-0.026530749379667092,-0.07121825832365336,-0.04344693311446323,-0.0005054147171252145,-0.09506699136952762,0.004480606973314153,-0.00940795695494385,-0.07713737819933333,-0.019165544566702747,-0.05273218699103964,-0.048320536818224416,-0.052920793833446556
3.499849414459381,2.003270090326316,1.115437960159206,0.020041355604838402,2.456360640842502,0.0514970346445811,-1.258538854375108,-0.07084419166076339,-0.04425191451677246,-0.02672163096233919,-0.07107092681316302,-0.04324744601680104,-0.0004927535116264047,-0.09518497211556451,0.0047699516231829355,-0.009395570343464648,-0.07725501183435574,-0.01888792885672914,-0.052721315305211944,-0.04826778954993031,-0.05327290625738228
3.6491117066247782,1.8106061080408309,2.0723095235566453,0.02017668114539949,2.4564495408700613,0.051354709048481606,-1.2583759395135745,-0.07075544546845511,-0.044393441253473005,-0.026827126707662918,-0.07098384173277393,-0.043136561261016816,-0.00047987342904917663,-0.09533593042780224,0.005107926818096459,-0.009382745832376808,-0.07741380328080673,-0.018562877859797572,-0.052710622837991605,-0.04818155890262126,-0.053669255336560924
3.797107081583267,1.7458904109279936,1.539331108468766,0.02028774004707755,2.456507190642941,0.05124890072989595,-1.2582325090212116,-0.07069789968496099,-0.04449607157453147,-0.026897501987715976,-0.0709272390081357,-0.04306099663107974,-0.0004681841478660623,-0.095414593486834,0.0053120710165490345,-0.009371524417394441,-0.0774924628778286,-0.018371742007194023,-0.05270023224799933,-0.048117807716580065,-0.053918692998070526
3.9846738506724844,1.584721502704865,1.1053725110735815,0.02039266495767059,2.456558645613607,0.05114930733485082,-1.258099479991839,-0.07064656364982849,-0.044592650477311646,-0.026964610741566853,-0.07087664771732667,-0.042987419476561,-0.000457051476206579,-0.09547024669882474,0.005466814813636325,-0.009361016747165427,-0.07754726256413823,-0.018234035499722166,-0.05269008065869151,-0.0480616914318225,-0.054112771255242505
4.472143123042478,1.0454090445375497,0.6240835970417891,0.020453548593631726,2.456564862551028,0.051103010183885494,-1.2580183124236264,-0.07064042335956143,-0.04462948190295544,-0.02699152282830057,-0.07087050432983692,-0.042952578173094134,-0.0004466430663042318,-0.09548432797318258,0.005540357887288945,-0.009351450150890422,-0.07755402953561091,-0.01817659332122405,-0.0526801769207819,-0.04803014497729014,-0.054209661398712666
4.86940155601148,0.6196742435128777,-0.02796098000325661,0.02048234595784559,2.4565514705266733,0.051086014583482005,-1.2579761637451872,-0.07065386642329921,-0.04463647851647236,-0.0269972516087309,-0.07088364895093291,-0.042939567621989444,-0.000437147211501677,-0.09545441521650541,0.005488163439660936,-0.00934305468633954,-0.07750717900477697,-0.01822883808589555,-0.052670530696793394,-0.04804443270083637,-0.0541444772506675
4.27076423985936,1.197114436353944,0.042242216377809186,0.020564481960763565,2.4565683669028395,0.051019641037580665,-1.2578675486344328,-0.07063706913072766,-0.04469463510310169,-0.027036323337608397,-0.0708670114657767,-0.042891911801191174,-0.0004277822194848417,-0.09542939083093599,0.00544903698142135,-0.009334745095454386,-0.07746641639302296,-0.01826927041648958,-0.05266107277584191,-0.048054118302730923,-0.05409584019492572
3.81826008033357,1.557757587121488,-0.21244549975649132,0.020633345799623264,2.4565933084475757,0.05096275608386771,-1.2577759927309236,-0.07061218519227463,-0.044746119427362764,-0.0270712171800429,-0.07084238699781109,-0.042851905241399035,-0.0004188397616859839,-0.0953877727672057,0.005364305018393883,-0.009326929486374574,-0.07740574460966858,-0.01835028046024142,-0.05265182286986837,-0.0480805220224733,-0.05398844894922031
3.861241684258133,1.5040369264347992,-0.4318624577540214,0.020712195221925498,2.456616485605221,0.05090158611679821,-1.257679256303244,-0.07058907353354235,-0.04479652432159228,-0.027114935981244558,-0.0708194817981845,-0.04279971994285801,-0.0004102707541986858,-0.09533402550549093,0.005241768509152878,-0.009319532460500091,-0.07733031526935069,-0.018463310127771113,-0.0526427728977199,-0.04812045099650968,-0.05383373152092371
4.185005036297703,1.2478515897956042,0.008462122684038651,0.020754040709434467,2.456619518620265,0.05087168273049195,-1.2576248365998575,-0.07058608416757531,-0.04481729771649292,-0.027133922988117513,-0.07081639933006656,-0.042773932428626545,-0.0004015367444712774,-0.09530590941141445,0.005190195309443233,-0.009311822489086812,-0.07728625689660797,-0.018513679462946794,-0.05263387793032217,-0.048135267860205375,-0.053767846110201044
4.1098345701469645,1.2668841363836365,0.21245235622743813,0.020796734390166667,2.456623246152252,0.05084350614533341,-1.2575720036702005,-0.07058239395965098,-0.04483449086453628,-0.02715452486092546,-0.07081262392186485,-0.042746196572707854,-0.00039286285175291853,-0.09528744042705006,0.0051642211257769445,-0.009304110452465144,-0.07725401429315298,-0.018540825632944624,-0.05262515240727894,-0.048141481003251725,-0.053732646623882586
4.586648340968552,0.8429994694772809,0.2866857533158797,0.02079994928529262,2.4566013732309253,0.05085273656810793,-1.2575669649452053,-0.07060426745696789,-0.044812702635086146,-0.027148139021770386,-0.07083406285429902,-0.04274647236032028,-0.00038437981027765147,-0.09526619752476057,0.005135670236641174,-0.009296582453191567,-0.07721909573368613,-0.01857184711307556,-0.05261660294046336,-0.04814858309983349,-0.05369453844512278
4.407370393719346,1.001356967853103,0.21723984658770149,0.02082598148230065,2.4565926270720357,0.05084090588678434,-1.2575333496285535,-0.07061303648586996,-0.0448127195416983,-0.027156012988280832,-0.07084258768384129,-0.04273185607732181,-0.0003760553910868516,-0.09524819506365025,0.005111673130513395,-0.00928918655622902,-0.07718769633411829,-0.018597203243843844,-0.0526082238816402,-0.048154363778467796,-0.05366131435922095
4.2931070227216335,1.1117630141452652,0.18646135893272783,0.020868532595768045,2.4565926102163336,0.0508143299230732,-1.257480164177623,-0.0706130940624309,-0.04482776549835568,-0.02717465951570898,-0.07084252781277008,-0.042705618394513964,-0.00036789839473486314,-0.09523160920301907,0.005089341960042591,-0.009281939214221671,-0.07715798626897671,-0.01862042935814842,-0.05260001270083603,-0.048159730362805055,-0.05362975336370352
3.9712178680791688,1.3648402522342544,-0.5264576439229006,0.02093271146329895,2.4565867972657274,0.05077863842077765,-1.25739929991021,-0.07061893850861717,-0.04484569724974169,-0.02719774036233858,-0.07084817489200047,-0.042671845411610586,-0.00036034690016229013,-0.09518047744375646,0.004962380195303639,-0.009275429707940744,-0.07708816428104978,-0.018737459096486605,-0.05259199634341457,-0.04820012657592753,-0.05347538077058026
3.8980510582156693,1.1814931216423914,-1.145707984306169,0.020955790882998093,2.4565527623826116,0.050780494579979706,-1.2573666211408696,-0.07065296720968411,-0.044825408489377876,-0.027191787313190982,-0.07088161536491472,-0.042668092180032834,-0.00035311987236089776,-0.09512479739476026,0.004798146161139629,-0.009269266145927636,-0.07701459725430296,-0.01888442542760246,-0.05258415156808452,-0.04825242505400234,-0.05328083962092424
3.8050678469429293,0.7695663681672859,-1.313837227211776,0.02095725401757685,2.456518569185845,0.050796967944591195,-1.2573652057636584,-0.07068715064026085,-0.044791856382863045,-0.027180976796914256,-0.07091521312055955,-0.042670735603918694,-0.0003460907675769045,-0.09507243822834013,0.004628382455574406,-0.009263274826439384,-0.07694330059196716,-0.01903209675410705,-0.05257646656715101,-0.0483056260035085,-0.053084833311405205
4.276689316116278,0.23838923401835105,-0.7487716871297093,0.02093452106195843,2.4564812256635715,0.050827568013527176,-1.2573895604710235,-0.07072448155674596,-0.0447507125493439,-0.027156580713309366,-0.07095191528063449,-0.04269039759681222,-0.0003388953781792229,-0.09503297340672008,0.004532883041061917,-0.009257015602886547,-0.07688799572475354,-0.0191190431095727,-0.05256891482751572,-0.048334400058805384,-0.052972785182225736
4.132585418735455,0.28822092825208356,-0.32598191158835593,0.02091858770275172,2.4564478279671915,0.050852103377504454,-1.2574067741491295,-0.07075787489759247,-0.04471520872199136,-0.02713760618654053,-0.07098474271044668,-0.0427041124753437,-0.0003317527321622902,-0.09499787436977024,0.004459156013017091,-0.009250770798971533,-0.07683793115711988,-0.01918901201549571,-0.05256150811542125,-0.04835623039804666,-0.05288483509995064
4.583193271274559,-0.4060539767069534,-0.8706934977746411,0.02087825728180214,2.456411086605709,0.05089402618696804,-1.2574483717102019,-0.07079458363132597,-0.04466904525916401,-0.027101342110140505,-0.07102083538840524,-0.042739617374349406,-0.00032491133561725967,-0.09496058812630027,0.004350819796506966,-0.009244835335358251,-0.07678551226322719,-0.01928468897522877,-0.052554259187233006,-0.04838820554115368,-0.052762257993609264
