231.0,232.0,6.225,-5.498,-3.74,-3.615
231.0,233.0,6.243,-5.559,-3.515,-3.594
231.0,234.0,6.257,-5.6,-3.352,-3.564
231.0,235.0,6.268,-5.625,-3.231,-3.532
231.0,236.0,6.277,-5.64,-3.142,-3.503
231.0,237.0,6.284,-5.646,-3.074,-3.477
231.0,238.0,6.29,-5.646,-3.023,-3.455
231.0,239.0,6.295,-5.641,-2.982,-3.437
231.0,240.0,6.3,-5.633,-2.95,-3.423
231.0,241.0,6.305,-5.623,-2.924,-3.411
231.0,242.0,6.309,-5.611,-2.903,-3.402
231.0,243.0,6.313,-5.598,-2.884,-3.395
232.0,233.0,6.348,-5.399,-2.158,-3.391
232.0,234.0,6.34,-5.339,-2.302,-3.353
232.0,235.0,6.336,-5.291,-2.401,-3.338
232.0,236.0,6.335,-5.252,-2.47,-3.336
232.0,237.0,6.335,-5.22,-2.517,-3.34
232.0,238.0,6.336,-5.194,-2.548,-3.346
232.0,239.0,6.338,-5.171,-2.569,-3.353
232.0,240.0,6.341,-5.152,-2.583,-3.359
232.0,241.0,6.343,-5.134,-2.591,-3.365
232.0,242.0,6.346,-5.119,-2.595,-3.369
232.0,243.0,6.349,-5.105,-2.596,-3.373
232.0,244.0,6.352,-5.092,-2.596,-3.376
233.0,234.0,6.239,-5.125,-1.97,-3.334
233.0,235.0,6.236,-5.067,-2.108,-3.32
233.0,236.0,6.237,-5.022,-2.203,-3.32
233.0,237.0,6.24,-4.985,-2.267,-3.327
233.0,238.0,6.244,-4.956,-2.311,-3.336
233.0,239.0,6.249,-4.932,-2.341,-3.346
233.0,240.0,6.255,-4.911,-2.36,-3.355
233.0,241.0,6.261,-4.894,-2.372,-3.362
233.0,242.0,6.266,-4.879,-2.38,-3.368
233.0,243.0,6.272,-4.865,-2.383,-3.373
233.0,244.0,6.278,-4.853,-2.384,-3.376
233.0,245.0,6.284,-4.841,-2.383,-3.379
234.0,235.0,6.054,-4.708,-2.018,-3.361
234.0,236.0,6.061,-4.684,-2.091,-3.364
234.0,237.0,6.069,-4.666,-2.143,-3.371
234.0,238.0,6.078,-4.653,-2.18,-3.379
234.0,239.0,6.088,-4.644,-2.206,-3.386
234.0,240.0,6.097,-4.637,-2.224,-3.393
234.0,241.0,6.107,-4.632,-2.237,-3.398
234.0,242.0,6.116,-4.629,-2.246,-3.402
234.0,243.0,6.125,-4.626,-2.252,-3.405
234.0,244.0,6.134,-4.625,-2.256,-3.407
234.0,245.0,6.143,-4.623,-2.259,-3.408
234.0,246.0,6.152,-4.622,-2.261,-3.409
235.0,236.0,5.943,-4.471,-2.106,-3.412
235.0,237.0,5.951,-4.456,-2.133,-3.424
235.0,238.0,5.961,-4.445,-2.151,-3.433
235.0,239.0,5.97,-4.436,-2.164,-3.44
235.0,240.0,5.979,-4.429,-2.172,-3.445
235.0,241.0,5.988,-4.423,-2.178,-3.449
235.0,242.0,5.997,-4.418,-2.181,-3.451
235.0,243.0,6.006,-4.414,-2.182,-3.453
235.0,244.0,6.015,-4.41,-2.183,-3.454
235.0,245.0,6.023,-4.407,-2.182,-3.454
235.0,246.0,6.032,-4.403,-2.181,-3.454
235.0,247.0,6.04,-4.4,-2.18,-3.454
236.0,237.0,5.807,-4.296,-2.633,-3.547
236.0,238.0,5.828,-4.337,-2.492,-3.562
236.0,239.0,5.845,-4.365,-2.39,-3.562
236.0,240.0,5.86,-4.384,-2.317,-3.555
236.0,241.0,5.873,-4.396,-2.264,-3.545
236.0,242.0,5.884,-4.403,-2.224,-3.534
236.0,243.0,5.895,-4.406,-2.195,-3.524
236.0,244.0,5.905,-4.406,-2.172,-3.514
236.0,245.0,5.914,-4.405,-2.154,-3.506
236.0,246.0,5.923,-4.402,-2.14,-3.499
236.0,247.0,5.932,-4.397,-2.129,-3.494
236.0,248.0,5.941,-4.392,-2.119,-3.489
237.0,238.0,5.738,-3.988,-2.339,-3.588
237.0,239.0,5.769,-4.039,-2.27,-3.592
237.0,240.0,5.797,-4.081,-2.224,-3.589
237.0,241.0,5.823,-4.118,-2.193,-3.581
237.0,242.0,5.847,-4.149,-2.173,-3.572
237.0,243.0,5.87,-4.176,-2.16,-3.563
237.0,244.0,5.892,-4.201,-2.152,-3.554
237.0,245.0,5.913,-4.222,-2.147,-3.546
237.0,246.0,5.933,-4.242,-2.145,-3.538
237.0,247.0,5.952,-4.259,-2.144,-3.532
237.0,248.0,5.971,-4.275,-2.144,-3.526
237.0,249.0,5.989,-4.29,-2.145,-3.52
238.0,239.0,5.753,-3.862,-2.537,-3.666
238.0,240.0,5.783,-3.927,-2.383,-3.665
238.0,241.0,5.808,-3.978,-2.274,-3.652
238.0,242.0,5.831,-4.018,-2.196,-3.636
238.0,243.0,5.851,-4.049,-2.141,-3.618
238.0,244.0,5.871,-4.074,-2.102,-3.601
238.0,245.0,5.889,-4.094,-2.074,-3.585
238.0,246.0,5.906,-4.11,-2.054,-3.572
238.0,247.0,5.923,-4.123,-2.039,-3.56
238.0,248.0,5.939,-4.133,-2.028,-3.55
238.0,249.0,5.954,-4.142,-2.021,-3.542
238.0,250.0,5.969,-4.149,-2.015,-3.534
239.0,240.0,5.787,-3.572,-1.794,-3.588
239.0,241.0,5.802,-3.586,-1.743,-3.567
239.0,242.0,5.815,-3.595,-1.707,-3.549
239.0,243.0,5.828,-3.601,-1.681,-3.534
239.0,244.0,5.841,-3.604,-1.663,-3.522
239.0,245.0,5.853,-3.606,-1.649,-3.511
239.0,246.0,5.864,-3.606,-1.64,-3.503
239.0,247.0,5.876,-3.606,-1.633,-3.496
239.0,248.0,5.887,-3.605,-1.627,-3.491
239.0,249.0,5.898,-3.603,-1.623,-3.486
239.0,250.0,5.909,-3.601,-1.62,-3.482
239.0,251.0,5.92,-3.6,-1.617,-3.479
240.0,241.0,5.588,-3.202,-1.829,-3.664
240.0,242.0,5.618,-3.252,-1.788,-3.656
240.0,243.0,5.646,-3.296,-1.761,-3.646
240.0,244.0,5.673,-3.335,-1.745,-3.636
240.0,245.0,5.698,-3.37,-1.736,-3.625
240.0,246.0,5.722,-3.401,-1.732,-3.615
240.0,247.0,5.745,-3.43,-1.731,-3.607
240.0,248.0,5.768,-3.457,-1.732,-3.599
240.0,249.0,5.789,-3.482,-1.734,-3.591
240.0,250.0,5.81,-3.505,-1.738,-3.585
240.0,251.0,5.83,-3.527,-1.742,-3.579
240.0,252.0,5.849,-3.547,-1.747,-3.574
241.0,242.0,5.176,-2.572,-1.261,-3.673
241.0,243.0,5.217,-2.622,-1.308,-3.671
241.0,244.0,5.257,-2.672,-1.347,-3.669
241.0,245.0,5.296,-2.721,-1.379,-3.666
241.0,246.0,5.333,-2.77,-1.407,-3.664
241.0,247.0,5.37,-2.817,-1.432,-3.66
241.0,248.0,5.405,-2.863,-1.453,-3.656
241.0,249.0,5.439,-2.907,-1.473,-3.651
241.0,250.0,5.473,-2.95,-1.491,-3.647
241.0,251.0,5.505,-2.991,-1.508,-3.642
241.0,252.0,5.536,-3.031,-1.523,-3.637
241.0,253.0,5.565,-3.068,-1.537,-3.631
242.0,243.0,5.123,-2.283,-0.682,-3.619
242.0,244.0,5.157,-2.307,-0.829,-3.614
242.0,245.0,5.192,-2.339,-0.938,-3.616
242.0,246.0,5.227,-2.376,-1.021,-3.621
242.0,247.0,5.262,-2.416,-1.085,-3.626
242.0,248.0,5.296,-2.458,-1.136,-3.63
242.0,249.0,5.329,-2.501,-1.177,-3.634
242.0,250.0,5.361,-2.544,-1.211,-3.635
242.0,251.0,5.392,-2.587,-1.239,-3.636
242.0,252.0,5.423,-2.629,-1.264,-3.635
242.0,253.0,5.452,-2.67,-1.286,-3.633
242.0,254.0,5.48,-2.71,-1.305,-3.631
243.0,244.0,5.057,-2.047,-0.289,-3.504
243.0,245.0,5.085,-2.035,-0.416,-3.497
243.0,246.0,5.113,-2.031,-0.51,-3.498
243.0,247.0,5.142,-2.034,-0.579,-3.503
243.0,248.0,5.17,-2.041,-0.63,-3.508
243.0,249.0,5.198,-2.051,-0.669,-3.514
243.0,250.0,5.226,-2.063,-0.699,-3.518
243.0,251.0,5.253,-2.076,-0.723,-3.521
243.0,252.0,5.28,-2.09,-0.742,-3.523
243.0,253.0,5.306,-2.105,-0.758,-3.524
243.0,254.0,5.331,-2.12,-0.771,-3.524
243.0,255.0,5.356,-2.136,-0.783,-3.523
244.0,245.0,4.849,-1.796,-0.701,-3.637
244.0,246.0,4.895,-1.844,-0.78,-3.65
244.0,247.0,4.939,-1.895,-0.843,-3.66
244.0,248.0,4.983,-1.947,-0.895,-3.667
244.0,249.0,5.025,-2.0,-0.938,-3.672
244.0,250.0,5.066,-2.053,-0.974,-3.673
244.0,251.0,5.106,-2.105,-1.006,-3.673
244.0,252.0,5.144,-2.156,-1.034,-3.672
244.0,253.0,5.182,-2.206,-1.059,-3.669
244.0,254.0,5.218,-2.255,-1.082,-3.666
244.0,255.0,5.253,-2.301,-1.103,-3.661
244.0,256.0,5.287,-2.347,-1.122,-3.657
245.0,246.0,4.584,-1.508,-0.706,-3.696
245.0,247.0,4.633,-1.571,-0.771,-3.714
245.0,248.0,4.68,-1.636,-0.826,-3.726
245.0,249.0,4.726,-1.7,-0.872,-3.733
245.0,250.0,4.77,-1.764,-0.912,-3.737
245.0,251.0,4.812,-1.827,-0.948,-3.738
245.0,252.0,4.854,-1.888,-0.98,-3.738
245.0,253.0,4.894,-1.948,-1.009,-3.735
245.0,254.0,4.932,-2.006,-1.035,-3.732
245.0,255.0,4.97,-2.062,-1.06,-3.728
245.0,256.0,5.006,-2.116,-1.083,-3.723
245.0,257.0,5.041,-2.169,-1.105,-3.718
246.0,247.0,4.471,-1.211,-0.686,-3.759
246.0,248.0,4.525,-1.289,-0.727,-3.774
246.0,249.0,4.577,-1.367,-0.764,-3.782
246.0,250.0,4.627,-1.442,-0.799,-3.785
246.0,251.0,4.675,-1.515,-0.831,-3.785
246.0,252.0,4.722,-1.586,-0.862,-3.782
246.0,253.0,4.767,-1.655,-0.89,-3.778
246.0,254.0,4.811,-1.722,-0.917,-3.773
246.0,255.0,4.853,-1.786,-0.943,-3.767
246.0,256.0,4.894,-1.848,-0.968,-3.76
246.0,257.0,4.934,-1.908,-0.991,-3.754
246.0,258.0,4.972,-1.965,-1.013,-3.747
247.0,248.0,4.624,-1.05,-0.26,-3.714
247.0,249.0,4.669,-1.102,-0.373,-3.713
247.0,250.0,4.715,-1.159,-0.462,-3.715
247.0,251.0,4.759,-1.218,-0.532,-3.717
247.0,252.0,4.803,-1.279,-0.59,-3.719
247.0,253.0,4.845,-1.339,-0.637,-3.72
247.0,254.0,4.886,-1.4,-0.678,-3.719
247.0,255.0,4.927,-1.46,-0.714,-3.717
247.0,256.0,4.966,-1.518,-0.746,-3.714
247.0,257.0,5.004,-1.575,-0.775,-3.711
247.0,258.0,5.04,-1.631,-0.801,-3.706
247.0,259.0,5.076,-1.685,-0.826,-3.702
248.0,249.0,4.548,-0.961,-0.707,-3.792
248.0,250.0,4.601,-1.044,-0.705,-3.798
248.0,251.0,4.651,-1.122,-0.711,-3.798
248.0,252.0,4.699,-1.196,-0.722,-3.793
248.0,253.0,4.744,-1.267,-0.737,-3.787
248.0,254.0,4.789,-1.334,-0.754,-3.779
248.0,255.0,4.832,-1.398,-0.773,-3.771
248.0,256.0,4.873,-1.46,-0.792,-3.763
248.0,257.0,4.914,-1.519,-0.811,-3.754
248.0,258.0,4.953,-1.577,-0.831,-3.746
248.0,259.0,4.991,-1.631,-0.85,-3.738
248.0,260.0,5.027,-1.684,-0.868,-3.731
249.0,250.0,4.705,-0.875,-0.429,-3.775
249.0,251.0,4.748,-0.944,-0.51,-3.769
249.0,252.0,4.791,-1.014,-0.575,-3.764
249.0,253.0,4.833,-1.085,-0.629,-3.761
249.0,254.0,4.874,-1.155,-0.675,-3.758
249.0,255.0,4.914,-1.225,-0.715,-3.754
249.0,256.0,4.953,-1.292,-0.75,-3.75
249.0,257.0,4.991,-1.359,-0.782,-3.746
249.0,258.0,5.027,-1.423,-0.811,-3.741
249.0,259.0,5.063,-1.486,-0.838,-3.736
249.0,260.0,5.098,-1.546,-0.863,-3.731
249.0,261.0,5.131,-1.605,-0.887,-3.725
250.0,251.0,4.875,-0.787,-0.157,-3.626
250.0,252.0,4.909,-0.831,-0.168,-3.605
250.0,253.0,4.941,-0.872,-0.181,-3.59
250.0,254.0,4.973,-0.913,-0.197,-3.577
250.0,255.0,5.005,-0.951,-0.213,-3.568
250.0,256.0,5.035,-0.989,-0.23,-3.56
250.0,257.0,5.065,-1.026,-0.248,-3.553
250.0,258.0,5.094,-1.062,-0.265,-3.547
250.0,259.0,5.123,-1.097,-0.282,-3.543
250.0,260.0,5.15,-1.131,-0.299,-3.538
250.0,261.0,5.177,-1.164,-0.316,-3.534
250.0,262.0,5.204,-1.197,-0.332,-3.53
251.0,252.0,4.964,-0.809,-0.661,-3.789
251.0,253.0,5.011,-0.902,-0.706,-3.781
251.0,254.0,5.057,-0.992,-0.745,-3.773
251.0,255.0,5.101,-1.079,-0.782,-3.765
251.0,256.0,5.144,-1.164,-0.815,-3.757
251.0,257.0,5.186,-1.245,-0.846,-3.75
251.0,258.0,5.226,-1.324,-0.875,-3.742
251.0,259.0,5.264,-1.4,-0.903,-3.734
251.0,260.0,5.301,-1.473,-0.929,-3.727
251.0,261.0,5.337,-1.544,-0.953,-3.719
251.0,262.0,5.371,-1.612,-0.977,-3.712
251.0,263.0,5.405,-1.677,-0.999,-3.705
252.0,253.0,4.676,-0.391,-0.285,-3.683
252.0,254.0,4.706,-0.438,-0.213,-3.667
252.0,255.0,4.734,-0.478,-0.162,-3.649
252.0,256.0,4.761,-0.512,-0.126,-3.631
252.0,257.0,4.787,-0.542,-0.101,-3.615
252.0,258.0,4.812,-0.57,-0.085,-3.6
252.0,259.0,4.836,-0.594,-0.075,-3.588
252.0,260.0,4.86,-0.617,-0.07,-3.577
252.0,261.0,4.884,-0.639,-0.068,-3.568
252.0,262.0,4.907,-0.659,-0.069,-3.56
252.0,263.0,4.93,-0.678,-0.071,-3.554
252.0,264.0,4.952,-0.697,-0.075,-3.548
253.0,254.0,4.926,-0.513,-0.81,-3.879
253.0,255.0,4.973,-0.631,-0.817,-3.871
253.0,256.0,5.018,-0.742,-0.831,-3.861
253.0,257.0,5.061,-0.847,-0.85,-3.85
253.0,258.0,5.102,-0.948,-0.873,-3.838
253.0,259.0,5.141,-1.044,-0.897,-3.827
253.0,260.0,5.179,-1.136,-0.922,-3.816
253.0,261.0,5.216,-1.225,-0.947,-3.805
253.0,262.0,5.251,-1.309,-0.973,-3.795
253.0,263.0,5.286,-1.391,-0.998,-3.785
253.0,264.0,5.319,-1.469,-1.022,-3.776
253.0,265.0,5.351,-1.545,-1.046,-3.767
254.0,255.0,4.846,-0.268,-0.588,-3.874
254.0,256.0,4.904,-0.389,-0.63,-3.864
254.0,257.0,4.959,-0.506,-0.67,-3.853
254.0,258.0,5.013,-0.619,-0.709,-3.842
254.0,259.0,5.064,-0.728,-0.746,-3.831
254.0,260.0,5.114,-0.832,-0.781,-3.82
254.0,261.0,5.161,-0.933,-0.815,-3.809
254.0,262.0,5.207,-1.029,-0.848,-3.798
254.0,263.0,5.252,-1.123,-0.879,-3.787
254.0,264.0,5.294,-1.212,-0.909,-3.777
254.0,265.0,5.335,-1.298,-0.937,-3.767
254.0,266.0,5.375,-1.381,-0.965,-3.758
255.0,256.0,5.207,-0.564,-0.646,-3.847
255.0,257.0,5.251,-0.668,-0.687,-3.825
255.0,258.0,5.293,-0.769,-0.724,-3.807
255.0,259.0,5.333,-0.866,-0.758,-3.792
255.0,260.0,5.373,-0.959,-0.79,-3.779
255.0,261.0,5.411,-1.049,-0.82,-3.767
255.0,262.0,5.447,-1.136,-0.849,-3.756
255.0,263.0,5.483,-1.22,-0.877,-3.746
255.0,264.0,5.517,-1.3,-0.903,-3.736
255.0,265.0,5.55,-1.378,-0.929,-3.727
255.0,266.0,5.582,-1.452,-0.953,-3.718
255.0,267.0,5.613,-1.524,-0.977,-3.71
256.0,257.0,5.654,-0.929,-1.059,-3.855
256.0,258.0,5.695,-1.045,-1.009,-3.824
256.0,259.0,5.733,-1.151,-0.979,-3.794
256.0,260.0,5.769,-1.248,-0.965,-3.767
256.0,261.0,5.803,-1.338,-0.961,-3.743
256.0,262.0,5.835,-1.422,-0.965,-3.721
256.0,263.0,5.866,-1.501,-0.973,-3.702
256.0,264.0,5.896,-1.575,-0.984,-3.686
256.0,265.0,5.924,-1.646,-0.998,-3.671
256.0,266.0,5.951,-1.714,-1.013,-3.659
256.0,267.0,5.977,-1.778,-1.029,-3.647
256.0,268.0,6.002,-1.839,-1.045,-3.637
257.0,258.0,5.719,-0.826,-1.004,-3.85
257.0,259.0,5.769,-0.949,-0.952,-3.818
257.0,260.0,5.814,-1.06,-0.921,-3.786
257.0,261.0,5.857,-1.162,-0.906,-3.756
257.0,262.0,5.896,-1.256,-0.902,-3.729
257.0,263.0,5.934,-1.343,-0.904,-3.706
257.0,264.0,5.969,-1.425,-0.911,-3.685
257.0,265.0,6.002,-1.502,-0.922,-3.667
257.0,266.0,6.033,-1.574,-0.935,-3.651
257.0,267.0,6.063,-1.643,-0.949,-3.637
257.0,268.0,6.091,-1.708,-0.964,-3.625
257.0,269.0,6.118,-1.77,-0.98,-3.614
258.0,259.0,5.603,-0.526,-0.926,-3.872
258.0,260.0,5.653,-0.655,-0.877,-3.845
258.0,261.0,5.699,-0.772,-0.849,-3.817
258.0,262.0,5.743,-0.881,-0.837,-3.79
258.0,263.0,5.784,-0.981,-0.835,-3.766
258.0,264.0,5.823,-1.076,-0.84,-3.743
258.0,265.0,5.859,-1.164,-0.85,-3.723
258.0,266.0,5.894,-1.248,-0.863,-3.706
258.0,267.0,5.928,-1.328,-0.878,-3.69
258.0,268.0,5.96,-1.403,-0.895,-3.676
258.0,269.0,5.99,-1.475,-0.912,-3.663
258.0,270.0,6.019,-1.544,-0.93,-3.652
259.0,260.0,5.591,-0.608,-1.235,-3.934
259.0,261.0,5.64,-0.746,-1.112,-3.91
259.0,262.0,5.685,-0.868,-1.033,-3.879
259.0,263.0,5.726,-0.978,-0.983,-3.847
259.0,264.0,5.764,-1.078,-0.954,-3.816
259.0,265.0,5.8,-1.169,-0.939,-3.788
259.0,266.0,5.834,-1.254,-0.934,-3.763
259.0,267.0,5.867,-1.334,-0.935,-3.741
259.0,268.0,5.898,-1.409,-0.941,-3.722
259.0,269.0,5.927,-1.479,-0.951,-3.705
259.0,270.0,5.955,-1.546,-0.962,-3.69
259.0,271.0,5.981,-1.61,-0.975,-3.677
260.0,261.0,5.528,-0.611,-1.543,-4.015
260.0,262.0,5.59,-0.774,-1.352,-3.991
260.0,263.0,5.645,-0.914,-1.225,-3.954
260.0,264.0,5.694,-1.038,-1.141,-3.914
260.0,265.0,5.74,-1.148,-1.088,-3.875
260.0,266.0,5.782,-1.247,-1.055,-3.839
260.0,267.0,5.822,-1.338,-1.036,-3.806
260.0,268.0,5.859,-1.421,-1.028,-3.778
260.0,269.0,5.894,-1.499,-1.026,-3.753
260.0,270.0,5.927,-1.572,-1.03,-3.732
260.0,271.0,5.958,-1.64,-1.036,-3.713
260.0,272.0,5.988,-1.704,-1.046,-3.697
261.0,262.0,5.423,-0.598,-1.606,-4.076
261.0,263.0,5.474,-0.755,-1.411,-4.048
261.0,264.0,5.519,-0.891,-1.28,-4.01
261.0,265.0,5.56,-1.012,-1.193,-3.969
261.0,266.0,5.598,-1.119,-1.137,-3.929
261.0,267.0,5.634,-1.217,-1.102,-3.893
261.0,268.0,5.669,-1.306,-1.082,-3.86
261.0,269.0,5.701,-1.389,-1.073,-3.831
261.0,270.0,5.733,-1.467,-1.07,-3.806
261.0,271.0,5.763,-1.539,-1.073,-3.784
261.0,272.0,5.792,-1.608,-1.079,-3.765
261.0,273.0,5.819,-1.673,-1.088,-3.748
262.0,263.0,5.464,-0.609,-1.737,-4.125
262.0,264.0,5.514,-0.771,-1.506,-4.091
262.0,265.0,5.558,-0.91,-1.349,-4.046
262.0,266.0,5.598,-1.031,-1.243,-3.998
262.0,267.0,5.635,-1.138,-1.173,-3.953
262.0,268.0,5.67,-1.235,-1.127,-3.911
262.0,269.0,5.703,-1.323,-1.098,-3.873
262.0,270.0,5.734,-1.403,-1.082,-3.841
262.0,271.0,5.764,-1.478,-1.074,-3.813
262.0,272.0,5.793,-1.549,-1.073,-3.788
262.0,273.0,5.821,-1.615,-1.075,-3.767
262.0,274.0,5.847,-1.677,-1.081,-3.749
263.0,264.0,5.395,-0.571,-1.927,-4.174
263.0,265.0,5.446,-0.74,-1.668,-4.14
263.0,266.0,5.491,-0.884,-1.489,-4.093
263.0,267.0,5.532,-1.009,-1.367,-4.043
263.0,268.0,5.57,-1.12,-1.284,-3.994
263.0,269.0,5.605,-1.219,-1.228,-3.95
263.0,270.0,5.639,-1.31,-1.192,-3.91
263.0,271.0,5.671,-1.394,-1.169,-3.875
263.0,272.0,5.702,-1.471,-1.156,-3.844
263.0,273.0,5.731,-1.544,-1.151,-3.818
263.0,274.0,5.76,-1.612,-1.15,-3.796
263.0,275.0,5.787,-1.676,-1.153,-3.776
264.0,265.0,5.469,-0.57,-1.606,-4.122
264.0,266.0,5.508,-0.705,-1.441,-4.075
264.0,267.0,5.544,-0.823,-1.326,-4.025
264.0,268.0,5.577,-0.929,-1.248,-3.979
264.0,269.0,5.609,-1.024,-1.195,-3.937
264.0,270.0,5.639,-1.111,-1.16,-3.9
264.0,271.0,5.668,-1.192,-1.138,-3.868
264.0,272.0,5.696,-1.267,-1.126,-3.84
264.0,273.0,5.722,-1.338,-1.121,-3.816
264.0,274.0,5.748,-1.404,-1.121,-3.795
264.0,275.0,5.773,-1.468,-1.124,-3.778
264.0,276.0,5.797,-1.528,-1.13,-3.762
265.0,266.0,5.502,-0.556,-1.442,-4.112
265.0,267.0,5.542,-0.685,-1.308,-4.063
265.0,268.0,5.58,-0.799,-1.216,-4.014
265.0,269.0,5.615,-0.901,-1.153,-3.969
265.0,270.0,5.648,-0.994,-1.112,-3.928
265.0,271.0,5.68,-1.08,-1.085,-3.892
265.0,272.0,5.71,-1.159,-1.069,-3.861
265.0,273.0,5.74,-1.234,-1.061,-3.834
265.0,274.0,5.768,-1.304,-1.058,-3.81
265.0,275.0,5.795,-1.37,-1.06,-3.79
265.0,276.0,5.821,-1.433,-1.065,-3.772
265.0,277.0,5.847,-1.494,-1.072,-3.757
266.0,267.0,5.535,-0.669,-1.952,-4.168
266.0,268.0,5.582,-0.819,-1.7,-4.127
266.0,269.0,5.623,-0.948,-1.524,-4.076
266.0,270.0,5.662,-1.06,-1.4,-4.023
266.0,271.0,5.697,-1.16,-1.314,-3.973
266.0,272.0,5.731,-1.249,-1.254,-3.928
266.0,273.0,5.763,-1.33,-1.213,-3.888
266.0,274.0,5.793,-1.405,-1.185,-3.853
266.0,275.0,5.822,-1.474,-1.168,-3.823
266.0,276.0,5.849,-1.539,-1.158,-3.797
266.0,277.0,5.876,-1.6,-1.153,-3.774
266.0,278.0,5.901,-1.658,-1.152,-3.755
267.0,268.0,5.777,-0.951,-2.18,-4.149
267.0,269.0,5.812,-1.098,-1.896,-4.096
267.0,270.0,5.843,-1.221,-1.694,-4.036
267.0,271.0,5.871,-1.326,-1.55,-3.978
267.0,272.0,5.897,-1.418,-1.447,-3.924
267.0,273.0,5.921,-1.5,-1.374,-3.877
267.0,274.0,5.944,-1.572,-1.323,-3.836
267.0,275.0,5.966,-1.639,-1.287,-3.801
267.0,276.0,5.987,-1.699,-1.263,-3.772
267.0,277.0,6.007,-1.756,-1.248,-3.747
267.0,278.0,6.026,-1.808,-1.238,-3.727
267.0,279.0,6.045,-1.858,-1.234,-3.709
268.0,269.0,5.78,-0.961,-2.245,-4.162
268.0,270.0,5.818,-1.111,-1.959,-4.108
268.0,271.0,5.851,-1.237,-1.756,-4.048
268.0,272.0,5.88,-1.344,-1.61,-3.988
268.0,273.0,5.906,-1.437,-1.505,-3.933
268.0,274.0,5.93,-1.519,-1.431,-3.885
268.0,275.0,5.953,-1.592,-1.377,-3.843
268.0,276.0,5.974,-1.659,-1.34,-3.807
268.0,277.0,5.995,-1.719,-1.314,-3.777
268.0,278.0,6.014,-1.776,-1.297,-3.751
268.0,279.0,6.033,-1.828,-1.286,-3.73
268.0,280.0,6.051,-1.878,-1.28,-3.712
269.0,270.0,5.53,-0.668,-1.281,-4.023
269.0,271.0,5.564,-0.76,-1.221,-3.967
269.0,272.0,5.596,-0.845,-1.177,-3.92
269.0,273.0,5.627,-0.923,-1.146,-3.881
269.0,274.0,5.657,-0.996,-1.125,-3.848
269.0,275.0,5.685,-1.065,-1.111,-3.82
269.0,276.0,5.712,-1.13,-1.103,-3.797
269.0,277.0,5.738,-1.191,-1.099,-3.777
269.0,278.0,5.762,-1.25,-1.099,-3.76
269.0,279.0,5.786,-1.305,-1.101,-3.745
269.0,280.0,5.809,-1.359,-1.105,-3.732
269.0,281.0,5.831,-1.41,-1.11,-3.72
270.0,271.0,5.67,-0.855,-1.235,-3.997
270.0,272.0,5.701,-0.942,-1.191,-3.945
270.0,273.0,5.73,-1.023,-1.16,-3.902
270.0,274.0,5.759,-1.098,-1.14,-3.866
270.0,275.0,5.786,-1.168,-1.127,-3.836
270.0,276.0,5.812,-1.234,-1.119,-3.811
270.0,277.0,5.837,-1.297,-1.117,-3.789
270.0,278.0,5.862,-1.356,-1.117,-3.771
270.0,279.0,5.885,-1.413,-1.12,-3.755
270.0,280.0,5.908,-1.468,-1.125,-3.741
270.0,281.0,5.93,-1.52,-1.132,-3.729
270.0,282.0,5.951,-1.57,-1.14,-3.718
271.0,272.0,5.849,-1.131,-2.075,-4.071
271.0,273.0,5.876,-1.251,-1.829,-4.03
271.0,274.0,5.9,-1.353,-1.655,-3.982
271.0,275.0,5.921,-1.44,-1.531,-3.934
271.0,276.0,5.94,-1.516,-1.443,-3.889
271.0,277.0,5.959,-1.584,-1.38,-3.849
271.0,278.0,5.976,-1.645,-1.336,-3.815
271.0,279.0,5.993,-1.701,-1.305,-3.785
271.0,280.0,6.01,-1.753,-1.284,-3.76
271.0,281.0,6.026,-1.801,-1.27,-3.739
271.0,282.0,6.041,-1.846,-1.262,-3.721
271.0,283.0,6.056,-1.889,-1.258,-3.706
272.0,273.0,5.798,-1.586,-2.111,-4.046
272.0,274.0,5.828,-1.688,-1.918,-4.002
272.0,275.0,5.856,-1.775,-1.78,-3.955
272.0,276.0,5.881,-1.851,-1.68,-3.911
272.0,277.0,5.905,-1.917,-1.608,-3.87
272.0,278.0,5.927,-1.976,-1.555,-3.835
272.0,279.0,5.948,-2.03,-1.518,-3.804
272.0,280.0,5.967,-2.079,-1.491,-3.778
272.0,281.0,5.986,-2.124,-1.472,-3.755
272.0,282.0,6.004,-2.166,-1.459,-3.736
272.0,283.0,6.022,-2.205,-1.451,-3.72
272.0,284.0,6.038,-2.243,-1.446,-3.706
273.0,274.0,5.928,-2.015,-2.108,-4.015
273.0,275.0,5.95,-2.106,-1.941,-3.964
273.0,276.0,5.969,-2.183,-1.821,-3.915
273.0,277.0,5.987,-2.249,-1.734,-3.87
273.0,278.0,6.004,-2.306,-1.671,-3.83
273.0,279.0,6.021,-2.357,-1.625,-3.796
273.0,280.0,6.036,-2.402,-1.592,-3.767
273.0,281.0,6.052,-2.443,-1.568,-3.743
273.0,282.0,6.066,-2.481,-1.551,-3.722
273.0,283.0,6.08,-2.515,-1.54,-3.705
273.0,284.0,6.094,-2.547,-1.532,-3.69
273.0,285.0,6.107,-2.577,-1.528,-3.678
274.0,275.0,5.838,-1.928,-2.213,-4.03
274.0,276.0,5.862,-2.026,-2.024,-3.988
274.0,277.0,5.883,-2.11,-1.888,-3.943
274.0,278.0,5.903,-2.181,-1.79,-3.9
274.0,279.0,5.922,-2.243,-1.719,-3.861
274.0,280.0,5.94,-2.299,-1.668,-3.827
274.0,281.0,5.957,-2.348,-1.631,-3.797
274.0,282.0,5.973,-2.393,-1.605,-3.771
274.0,283.0,5.989,-2.435,-1.586,-3.75
274.0,284.0,6.004,-2.473,-1.573,-3.731
274.0,285.0,6.019,-2.509,-1.565,-3.716
274.0,286.0,6.033,-2.542,-1.56,-3.702
275.0,276.0,6.042,-2.985,-3.178,-4.092
275.0,277.0,6.057,-3.09,-2.831,-4.048
275.0,278.0,6.069,-3.17,-2.581,-3.993
275.0,279.0,6.079,-3.232,-2.397,-3.936
275.0,280.0,6.087,-3.28,-2.262,-3.884
275.0,281.0,6.095,-3.318,-2.16,-3.837
275.0,282.0,6.102,-3.348,-2.084,-3.797
275.0,283.0,6.108,-3.372,-2.026,-3.763
275.0,284.0,6.115,-3.392,-1.982,-3.735
275.0,285.0,6.121,-3.408,-1.948,-3.711
275.0,286.0,6.128,-3.421,-1.922,-3.692
275.0,287.0,6.134,-3.432,-1.901,-3.676
276.0,277.0,6.314,-3.221,-3.579,-4.084
276.0,278.0,6.326,-3.347,-3.182,-4.03
276.0,279.0,6.334,-3.443,-2.887,-3.965
276.0,280.0,6.338,-3.516,-2.667,-3.901
276.0,281.0,6.341,-3.572,-2.5,-3.841
276.0,282.0,6.343,-3.615,-2.373,-3.788
276.0,283.0,6.344,-3.648,-2.276,-3.743
276.0,284.0,6.344,-3.673,-2.201,-3.705
276.0,285.0,6.344,-3.692,-2.143,-3.674
276.0,286.0,6.344,-3.706,-2.097,-3.648
276.0,287.0,6.343,-3.717,-2.062,-3.628
276.0,288.0,6.343,-3.725,-2.034,-3.611
277.0,278.0,6.49,-4.634,-3.928,-4.028
277.0,279.0,6.499,-4.717,-3.56,-3.961
277.0,280.0,6.504,-4.774,-3.282,-3.892
277.0,281.0,6.507,-4.813,-3.069,-3.826
277.0,282.0,6.508,-4.836,-2.905,-3.768
277.0,283.0,6.509,-4.849,-2.776,-3.717
277.0,284.0,6.509,-4.853,-2.675,-3.675
277.0,285.0,6.508,-4.85,-2.594,-3.639
277.0,286.0,6.508,-4.843,-2.529,-3.61
277.0,287.0,6.507,-4.832,-2.477,-3.587
277.0,288.0,6.506,-4.818,-2.433,-3.568
277.0,289.0,6.505,-4.802,-2.398,-3.552
278.0,279.0,6.974,-5.594,-4.79,-4.02
278.0,280.0,6.978,-5.709,-4.292,-3.946
278.0,281.0,6.976,-5.784,-3.916,-3.864
278.0,282.0,6.97,-5.829,-3.627,-3.786
278.0,283.0,6.961,-5.851,-3.403,-3.715
278.0,284.0,6.95,-5.856,-3.227,-3.655
278.0,285.0,6.938,-5.848,-3.088,-3.604
278.0,286.0,6.925,-5.831,-2.976,-3.562
278.0,287.0,6.912,-5.806,-2.885,-3.528
278.0,288.0,6.898,-5.775,-2.811,-3.501
278.0,289.0,6.884,-5.741,-2.75,-3.48
278.0,290.0,6.871,-5.704,-2.7,-3.464
279.0,280.0,6.87,-5.777,-4.792,-3.957
279.0,281.0,6.879,-5.893,-4.385,-3.888
279.0,282.0,6.883,-5.975,-4.073,-3.816
279.0,283.0,6.883,-6.03,-3.832,-3.747
279.0,284.0,6.882,-6.066,-3.644,-3.686
279.0,285.0,6.879,-6.086,-3.494,-3.634
279.0,286.0,6.876,-6.093,-3.375,-3.589
279.0,287.0,6.871,-6.092,-3.279,-3.552
279.0,288.0,6.867,-6.083,-3.201,-3.521
279.0,289.0,6.862,-6.069,-3.136,-3.496
279.0,290.0,6.856,-6.051,-3.083,-3.476
279.0,291.0,6.851,-6.029,-3.038,-3.46
280.0,281.0,6.084,-4.608,-2.75,-3.796
280.0,282.0,6.093,-4.63,-2.68,-3.732
280.0,283.0,6.102,-4.644,-2.621,-3.684
280.0,284.0,6.111,-4.653,-2.571,-3.646
280.0,285.0,6.119,-4.658,-2.529,-3.617
280.0,286.0,6.127,-4.66,-2.494,-3.594
280.0,287.0,6.135,-4.659,-2.465,-3.576
280.0,288.0,6.143,-4.655,-2.44,-3.562
280.0,289.0,6.151,-4.651,-2.419,-3.55
280.0,290.0,6.158,-4.644,-2.402,-3.541
280.0,291.0,6.165,-4.637,-2.386,-3.533
280.0,292.0,6.172,-4.629,-2.373,-3.527
281.0,282.0,5.911,-4.078,-2.148,-3.724
281.0,283.0,5.918,-4.081,-2.218,-3.682
281.0,284.0,5.927,-4.087,-2.266,-3.655
281.0,285.0,5.936,-4.095,-2.298,-3.639
281.0,286.0,5.945,-4.104,-2.321,-3.628
281.0,287.0,5.955,-4.114,-2.338,-3.621
281.0,288.0,5.964,-4.124,-2.349,-3.616
281.0,289.0,5.974,-4.135,-2.358,-3.613
281.0,290.0,5.983,-4.145,-2.365,-3.61
281.0,291.0,5.992,-4.155,-2.37,-3.608
281.0,292.0,6.0,-4.165,-2.373,-3.606
281.0,293.0,6.009,-4.175,-2.376,-3.604
282.0,283.0,5.718,-3.77,-2.304,-3.733
282.0,284.0,5.734,-3.794,-2.299,-3.714
282.0,285.0,5.749,-3.816,-2.294,-3.698
282.0,286.0,5.764,-3.837,-2.289,-3.686
282.0,287.0,5.779,-3.856,-2.285,-3.676
282.0,288.0,5.793,-3.873,-2.281,-3.668
282.0,289.0,5.807,-3.89,-2.278,-3.66
282.0,290.0,5.82,-3.905,-2.276,-3.654
282.0,291.0,5.833,-3.919,-2.274,-3.649
282.0,292.0,5.845,-3.932,-2.272,-3.644
282.0,293.0,5.858,-3.945,-2.27,-3.639
282.0,294.0,5.87,-3.956,-2.269,-3.635
283.0,284.0,5.771,-3.984,-2.423,-3.729
283.0,285.0,5.784,-4.003,-2.4,-3.713
283.0,286.0,5.798,-4.019,-2.381,-3.7
283.0,287.0,5.81,-4.033,-2.366,-3.689
283.0,288.0,5.823,-4.045,-2.353,-3.679
283.0,289.0,5.835,-4.056,-2.343,-3.671
283.0,290.0,5.846,-4.065,-2.334,-3.664
283.0,291.0,5.858,-4.073,-2.327,-3.658
283.0,292.0,5.869,-4.08,-2.321,-3.652
283.0,293.0,5.879,-4.086,-2.315,-3.647
283.0,294.0,5.89,-4.091,-2.311,-3.643
283.0,295.0,5.9,-4.096,-2.306,-3.639
284.0,285.0,5.709,-3.893,-2.802,-3.783
284.0,286.0,5.724,-3.94,-2.684,-3.776
284.0,287.0,5.737,-3.976,-2.597,-3.763
284.0,288.0,5.749,-4.006,-2.532,-3.748
284.0,289.0,5.76,-4.029,-2.483,-3.733
284.0,290.0,5.771,-4.048,-2.446,-3.719
284.0,291.0,5.781,-4.064,-2.416,-3.706
284.0,292.0,5.791,-4.077,-2.393,-3.696
284.0,293.0,5.8,-4.087,-2.375,-3.686
284.0,294.0,5.809,-4.096,-2.361,-3.678
284.0,295.0,5.818,-4.103,-2.349,-3.671
284.0,296.0,5.827,-4.109,-2.339,-3.664
285.0,286.0,6.092,-4.79,-3.06,-3.759
285.0,287.0,6.094,-4.805,-2.927,-3.735
285.0,288.0,6.095,-4.811,-2.823,-3.711
285.0,289.0,6.096,-4.81,-2.742,-3.689
285.0,290.0,6.097,-4.804,-2.678,-3.67
285.0,291.0,6.098,-4.794,-2.626,-3.653
285.0,292.0,6.099,-4.781,-2.584,-3.639
285.0,293.0,6.1,-4.766,-2.549,-3.628
285.0,294.0,6.102,-4.75,-2.521,-3.619
285.0,295.0,6.103,-4.732,-2.496,-3.611
285.0,296.0,6.104,-4.715,-2.476,-3.605
285.0,297.0,6.106,-4.696,-2.458,-3.6
286.0,287.0,7.425,-6.663,-4.54,-3.743
286.0,288.0,7.376,-6.655,-4.02,-3.684
286.0,289.0,7.325,-6.613,-3.619,-3.619
286.0,290.0,7.275,-6.548,-3.307,-3.558
286.0,291.0,7.225,-6.467,-3.061,-3.503
286.0,292.0,7.176,-6.375,-2.867,-3.457
286.0,293.0,7.128,-6.275,-2.711,-3.419
286.0,294.0,7.082,-6.17,-2.585,-3.39
286.0,295.0,7.038,-6.064,-2.483,-3.368
286.0,296.0,6.996,-5.956,-2.398,-3.352
286.0,297.0,6.955,-5.849,-2.328,-3.341
286.0,298.0,6.916,-5.744,-2.269,-3.334
287.0,288.0,6.429,-6.108,-5.008,-3.888
287.0,289.0,6.437,-6.209,-4.579,-3.87
287.0,290.0,6.442,-6.278,-4.257,-3.833
287.0,291.0,6.444,-6.325,-4.011,-3.791
287.0,292.0,6.445,-6.353,-3.822,-3.748
287.0,293.0,6.446,-6.368,-3.674,-3.708
287.0,294.0,6.446,-6.372,-3.556,-3.673
287.0,295.0,6.446,-6.369,-3.462,-3.643
287.0,296.0,6.446,-6.359,-3.386,-3.617
287.0,297.0,6.445,-6.345,-3.324,-3.596
287.0,298.0,6.445,-6.327,-3.272,-3.578
287.0,299.0,6.445,-6.307,-3.229,-3.564
288.0,289.0,5.152,-5.09,-3.98,-3.933
288.0,290.0,5.183,-5.163,-3.812,-3.935
288.0,291.0,5.213,-5.222,-3.688,-3.924
288.0,292.0,5.241,-5.271,-3.595,-3.908
288.0,293.0,5.268,-5.312,-3.524,-3.89
288.0,294.0,5.295,-5.347,-3.469,-3.872
288.0,295.0,5.32,-5.377,-3.426,-3.854
288.0,296.0,5.345,-5.402,-3.391,-3.838
288.0,297.0,5.369,-5.424,-3.363,-3.823
288.0,298.0,5.393,-5.442,-3.34,-3.81
288.0,299.0,5.416,-5.459,-3.321,-3.797
288.0,300.0,5.438,-5.473,-3.305,-3.786
289.0,290.0,6.008,-5.881,-3.902,-3.829
289.0,291.0,5.991,-5.889,-3.709,-3.791
289.0,292.0,5.975,-5.885,-3.557,-3.756
289.0,293.0,5.961,-5.872,-3.436,-3.726
289.0,294.0,5.948,-5.853,-3.339,-3.7
289.0,295.0,5.935,-5.828,-3.261,-3.678
289.0,296.0,5.924,-5.8,-3.196,-3.661
289.0,297.0,5.914,-5.77,-3.143,-3.647
289.0,298.0,5.904,-5.737,-3.099,-3.636
289.0,299.0,5.895,-5.704,-3.061,-3.628
289.0,300.0,5.887,-5.67,-3.03,-3.622
289.0,301.0,5.879,-5.636,-3.002,-3.617
290.0,291.0,6.101,-5.847,-4.023,-3.81
290.0,292.0,6.086,-5.864,-3.806,-3.775
290.0,293.0,6.071,-5.866,-3.637,-3.741
290.0,294.0,6.057,-5.858,-3.506,-3.71
290.0,295.0,6.043,-5.842,-3.401,-3.684
290.0,296.0,6.031,-5.821,-3.318,-3.661
290.0,297.0,6.019,-5.795,-3.25,-3.643
290.0,298.0,6.008,-5.766,-3.194,-3.629
290.0,299.0,5.998,-5.735,-3.148,-3.617
290.0,300.0,5.988,-5.703,-3.11,-3.609
290.0,301.0,5.979,-5.67,-3.077,-3.602
290.0,302.0,5.97,-5.636,-3.049,-3.597
291.0,292.0,5.508,-5.292,-4.193,-3.884
291.0,293.0,5.517,-5.352,-3.973,-3.874
291.0,294.0,5.525,-5.396,-3.807,-3.855
291.0,295.0,5.533,-5.429,-3.68,-3.833
291.0,296.0,5.541,-5.452,-3.582,-3.81
291.0,297.0,5.549,-5.469,-3.505,-3.789
291.0,298.0,5.558,-5.48,-3.443,-3.77
291.0,299.0,5.566,-5.486,-3.393,-3.753
291.0,300.0,5.574,-5.49,-3.353,-3.738
291.0,301.0,5.583,-5.49,-3.32,-3.725
291.0,302.0,5.591,-5.489,-3.292,-3.714
291.0,303.0,5.599,-5.486,-3.268,-3.705
292.0,293.0,6.046,-5.98,-3.77,-3.765
292.0,294.0,6.029,-5.965,-3.652,-3.725
292.0,295.0,6.013,-5.944,-3.556,-3.694
292.0,296.0,5.998,-5.917,-3.477,-3.669
292.0,297.0,5.984,-5.886,-3.411,-3.649
292.0,298.0,5.971,-5.853,-3.356,-3.634
292.0,299.0,5.958,-5.818,-3.309,-3.623
292.0,300.0,5.947,-5.782,-3.27,-3.614
292.0,301.0,5.936,-5.745,-3.235,-3.608
292.0,302.0,5.927,-5.708,-3.206,-3.603
292.0,303.0,5.917,-5.672,-3.18,-3.6
292.0,304.0,5.909,-5.636,-3.157,-3.598
293.0,294.0,6.511,-6.507,-4.046,-3.696
293.0,295.0,6.485,-6.492,-3.883,-3.651
293.0,296.0,6.459,-6.467,-3.752,-3.615
293.0,297.0,6.436,-6.435,-3.645,-3.586
293.0,298.0,6.414,-6.399,-3.558,-3.563
293.0,299.0,6.393,-6.359,-3.486,-3.545
293.0,300.0,6.374,-6.317,-3.426,-3.531
293.0,301.0,6.356,-6.273,-3.376,-3.521
293.0,302.0,6.338,-6.228,-3.333,-3.514
293.0,303.0,6.322,-6.183,-3.297,-3.509
293.0,304.0,6.306,-6.139,-3.265,-3.506
293.0,305.0,6.292,-6.095,-3.237,-3.504
294.0,295.0,6.189,-6.164,-3.388,-3.619
294.0,296.0,6.181,-6.138,-3.376,-3.587
294.0,297.0,6.173,-6.111,-3.361,-3.566
294.0,298.0,6.166,-6.085,-3.344,-3.551
294.0,299.0,6.16,-6.059,-3.327,-3.541
294.0,300.0,6.155,-6.033,-3.31,-3.534
294.0,301.0,6.15,-6.007,-3.295,-3.529
294.0,302.0,6.145,-5.982,-3.28,-3.526
294.0,303.0,6.14,-5.957,-3.267,-3.524
294.0,304.0,6.136,-5.932,-3.254,-3.523
294.0,305.0,6.132,-5.908,-3.242,-3.523
294.0,306.0,6.129,-5.884,-3.231,-3.523
295.0,296.0,5.977,-5.962,-3.337,-3.6
295.0,297.0,5.976,-5.94,-3.322,-3.584
295.0,298.0,5.975,-5.918,-3.307,-3.574
295.0,299.0,5.974,-5.896,-3.291,-3.566
295.0,300.0,5.974,-5.874,-3.277,-3.561
295.0,301.0,5.974,-5.852,-3.263,-3.557
295.0,302.0,5.974,-5.83,-3.25,-3.555
295.0,303.0,5.975,-5.809,-3.237,-3.553
295.0,304.0,5.975,-5.788,-3.226,-3.551
295.0,305.0,5.976,-5.767,-3.215,-3.551
295.0,306.0,5.977,-5.747,-3.204,-3.55
295.0,307.0,5.977,-5.727,-3.194,-3.549
296.0,297.0,5.91,-5.952,-3.616,-3.604
296.0,298.0,5.906,-5.934,-3.548,-3.597
296.0,299.0,5.902,-5.914,-3.495,-3.59
296.0,300.0,5.898,-5.891,-3.451,-3.583
296.0,301.0,5.895,-5.867,-3.415,-3.578
296.0,302.0,5.892,-5.842,-3.385,-3.573
296.0,303.0,5.889,-5.816,-3.359,-3.569
296.0,304.0,5.887,-5.79,-3.336,-3.566
296.0,305.0,5.885,-5.764,-3.316,-3.564
296.0,306.0,5.883,-5.739,-3.298,-3.562
296.0,307.0,5.882,-5.713,-3.282,-3.561
296.0,308.0,5.881,-5.688,-3.268,-3.56
297.0,298.0,5.709,-5.775,-3.548,-3.607
297.0,299.0,5.708,-5.762,-3.499,-3.605
297.0,300.0,5.707,-5.747,-3.46,-3.602
297.0,301.0,5.707,-5.73,-3.429,-3.599
297.0,302.0,5.707,-5.713,-3.402,-3.596
297.0,303.0,5.707,-5.695,-3.38,-3.593
297.0,304.0,5.707,-5.676,-3.36,-3.59
297.0,305.0,5.707,-5.657,-3.344,-3.588
297.0,306.0,5.708,-5.638,-3.329,-3.587
297.0,307.0,5.708,-5.62,-3.315,-3.585
297.0,308.0,5.709,-5.601,-3.303,-3.584
297.0,309.0,5.71,-5.583,-3.291,-3.583
298.0,299.0,5.874,-5.971,-3.804,-3.604
298.0,300.0,5.864,-5.963,-3.71,-3.598
298.0,301.0,5.856,-5.95,-3.637,-3.59
298.0,302.0,5.848,-5.934,-3.58,-3.582
298.0,303.0,5.841,-5.915,-3.533,-3.575
298.0,304.0,5.835,-5.895,-3.495,-3.568
298.0,305.0,5.829,-5.873,-3.463,-3.563
298.0,306.0,5.823,-5.851,-3.436,-3.559
298.0,307.0,5.818,-5.828,-3.413,-3.556
298.0,308.0,5.814,-5.805,-3.394,-3.554
298.0,309.0,5.81,-5.782,-3.376,-3.553
298.0,310.0,5.806,-5.759,-3.361,-3.552
299.0,300.0,5.871,-6.006,-4.495,-3.669
299.0,301.0,5.864,-6.039,-4.274,-3.667
299.0,302.0,5.857,-6.059,-4.109,-3.654
299.0,303.0,5.851,-6.069,-3.984,-3.638
299.0,304.0,5.847,-6.071,-3.887,-3.621
299.0,305.0,5.843,-6.066,-3.81,-3.605
299.0,306.0,5.84,-6.058,-3.749,-3.591
299.0,307.0,5.837,-6.046,-3.7,-3.579
299.0,308.0,5.835,-6.032,-3.66,-3.569
299.0,309.0,5.834,-6.016,-3.626,-3.561
299.0,310.0,5.833,-5.999,-3.597,-3.555
299.0,311.0,5.832,-5.981,-3.573,-3.55
300.0,301.0,6.31,-6.355,-3.616,-3.517
300.0,302.0,6.294,-6.317,-3.618,-3.486
300.0,303.0,6.279,-6.281,-3.611,-3.467
300.0,304.0,6.265,-6.246,-3.6,-3.455
300.0,305.0,6.252,-6.211,-3.587,-3.449
300.0,306.0,6.24,-6.177,-3.573,-3.445
300.0,307.0,6.228,-6.144,-3.56,-3.444
300.0,308.0,6.217,-6.112,-3.546,-3.444
300.0,309.0,6.206,-6.081,-3.533,-3.445
300.0,310.0,6.196,-6.05,-3.521,-3.447
300.0,311.0,6.187,-6.021,-3.509,-3.449
300.0,312.0,6.177,-5.992,-3.498,-3.451
301.0,302.0,6.228,-6.381,-4.432,-3.578
301.0,303.0,6.216,-6.391,-4.252,-3.566
301.0,304.0,6.205,-6.391,-4.113,-3.549
301.0,305.0,6.193,-6.381,-4.004,-3.532
301.0,306.0,6.183,-6.365,-3.918,-3.517
301.0,307.0,6.173,-6.345,-3.848,-3.503
301.0,308.0,6.164,-6.321,-3.79,-3.491
301.0,309.0,6.155,-6.295,-3.742,-3.482
301.0,310.0,6.147,-6.267,-3.702,-3.474
301.0,311.0,6.139,-6.238,-3.668,-3.469
301.0,312.0,6.132,-6.209,-3.638,-3.464
301.0,313.0,6.125,-6.179,-3.612,-3.461
302.0,303.0,6.326,-6.439,-4.659,-3.581
302.0,304.0,6.303,-6.45,-4.436,-3.563
302.0,305.0,6.28,-6.446,-4.267,-3.542
302.0,306.0,6.259,-6.433,-4.136,-3.521
302.0,307.0,6.238,-6.412,-4.033,-3.501
302.0,308.0,6.219,-6.386,-3.951,-3.485
302.0,309.0,6.2,-6.356,-3.885,-3.472
302.0,310.0,6.183,-6.324,-3.83,-3.462
302.0,311.0,6.166,-6.29,-3.785,-3.455
302.0,312.0,6.15,-6.255,-3.747,-3.45
302.0,313.0,6.136,-6.219,-3.714,-3.446
302.0,314.0,6.121,-6.184,-3.686,-3.444
303.0,304.0,6.372,-6.43,-4.248,-3.515
303.0,305.0,6.35,-6.409,-4.147,-3.491
303.0,306.0,6.33,-6.383,-4.065,-3.472
303.0,307.0,6.312,-6.354,-3.999,-3.457
303.0,308.0,6.294,-6.322,-3.943,-3.446
303.0,309.0,6.277,-6.288,-3.897,-3.438
303.0,310.0,6.261,-6.253,-3.858,-3.432
303.0,311.0,6.246,-6.218,-3.824,-3.428
303.0,312.0,6.232,-6.182,-3.794,-3.426
303.0,313.0,6.218,-6.147,-3.769,-3.424
303.0,314.0,6.206,-6.112,-3.746,-3.424
303.0,315.0,6.193,-6.077,-3.725,-3.425
304.0,305.0,6.092,-6.11,-4.288,-3.539
304.0,306.0,6.081,-6.116,-4.166,-3.529
304.0,307.0,6.07,-6.114,-4.074,-3.517
304.0,308.0,6.06,-6.107,-4.002,-3.505
304.0,309.0,6.049,-6.095,-3.945,-3.495
304.0,310.0,6.04,-6.081,-3.899,-3.486
304.0,311.0,6.031,-6.064,-3.862,-3.479
304.0,312.0,6.022,-6.046,-3.831,-3.474
304.0,313.0,6.014,-6.026,-3.805,-3.47
304.0,314.0,6.006,-6.007,-3.783,-3.467
304.0,315.0,5.998,-5.986,-3.764,-3.465
304.0,316.0,5.991,-5.966,-3.748,-3.464
305.0,306.0,5.771,-5.751,-4.495,-3.607
305.0,307.0,5.767,-5.783,-4.334,-3.608
305.0,308.0,5.763,-5.803,-4.216,-3.601
305.0,309.0,5.759,-5.815,-4.127,-3.591
305.0,310.0,5.754,-5.821,-4.06,-3.579
305.0,311.0,5.75,-5.822,-4.008,-3.568
305.0,312.0,5.746,-5.819,-3.967,-3.559
305.0,313.0,5.743,-5.815,-3.935,-3.551
305.0,314.0,5.739,-5.808,-3.908,-3.544
305.0,315.0,5.736,-5.8,-3.887,-3.539
305.0,316.0,5.733,-5.791,-3.868,-3.535
305.0,317.0,5.73,-5.782,-3.853,-3.531
306.0,307.0,5.468,-5.441,-4.735,-3.695
306.0,308.0,5.476,-5.505,-4.543,-3.702
306.0,309.0,5.483,-5.555,-4.405,-3.695
306.0,310.0,5.489,-5.594,-4.304,-3.682
306.0,311.0,5.495,-5.626,-4.228,-3.667
306.0,312.0,5.502,-5.651,-4.172,-3.652
306.0,313.0,5.507,-5.671,-4.129,-3.638
306.0,314.0,5.513,-5.687,-4.095,-3.626
306.0,315.0,5.519,-5.7,-4.069,-3.615
306.0,316.0,5.524,-5.711,-4.048,-3.605
306.0,317.0,5.53,-5.72,-4.032,-3.597
306.0,318.0,5.535,-5.727,-4.019,-3.59
307.0,308.0,5.62,-5.591,-5.086,-3.744
307.0,309.0,5.612,-5.651,-4.808,-3.737
307.0,310.0,5.605,-5.692,-4.601,-3.718
307.0,311.0,5.598,-5.72,-4.445,-3.695
307.0,312.0,5.591,-5.736,-4.324,-3.671
307.0,313.0,5.586,-5.743,-4.229,-3.649
307.0,314.0,5.58,-5.745,-4.154,-3.629
307.0,315.0,5.576,-5.742,-4.094,-3.613
307.0,316.0,5.572,-5.735,-4.045,-3.599
307.0,317.0,5.568,-5.725,-4.005,-3.588
307.0,318.0,5.564,-5.714,-3.971,-3.579
307.0,319.0,5.562,-5.701,-3.943,-3.572
308.0,309.0,5.007,-4.946,-4.714,-3.82
308.0,310.0,5.027,-5.026,-4.53,-3.822
308.0,311.0,5.045,-5.091,-4.398,-3.812
308.0,312.0,5.064,-5.146,-4.302,-3.796
308.0,313.0,5.081,-5.192,-4.231,-3.777
308.0,314.0,5.098,-5.231,-4.178,-3.759
308.0,315.0,5.114,-5.264,-4.138,-3.742
308.0,316.0,5.13,-5.293,-4.107,-3.727
308.0,317.0,5.146,-5.318,-4.083,-3.713
308.0,318.0,5.161,-5.341,-4.065,-3.701
308.0,319.0,5.176,-5.361,-4.05,-3.69
308.0,320.0,5.19,-5.378,-4.038,-3.681
309.0,310.0,5.305,-5.289,-5.031,-3.84
309.0,311.0,5.308,-5.366,-4.8,-3.825
309.0,312.0,5.312,-5.426,-4.628,-3.802
309.0,313.0,5.315,-5.472,-4.497,-3.775
309.0,314.0,5.319,-5.508,-4.398,-3.75
309.0,315.0,5.323,-5.536,-4.32,-3.726
309.0,316.0,5.327,-5.558,-4.26,-3.705
309.0,317.0,5.332,-5.575,-4.211,-3.687
309.0,318.0,5.337,-5.588,-4.173,-3.671
309.0,319.0,5.341,-5.597,-4.142,-3.658
309.0,320.0,5.346,-5.605,-4.116,-3.647
309.0,321.0,5.351,-5.61,-4.095,-3.638
310.0,311.0,5.841,-5.872,-5.866,-3.86
310.0,312.0,5.82,-5.958,-5.485,-3.827
310.0,313.0,5.801,-6.018,-5.197,-3.785
310.0,314.0,5.784,-6.059,-4.978,-3.742
310.0,315.0,5.769,-6.085,-4.807,-3.702
310.0,316.0,5.755,-6.1,-4.674,-3.667
310.0,317.0,5.743,-6.106,-4.568,-3.636
310.0,318.0,5.732,-6.105,-4.483,-3.611
310.0,319.0,5.722,-6.1,-4.415,-3.591
310.0,320.0,5.714,-6.09,-4.358,-3.574
310.0,321.0,5.706,-6.078,-4.312,-3.561
310.0,322.0,5.698,-6.064,-4.273,-3.551
311.0,312.0,6.008,-6.023,-5.604,-3.812
311.0,313.0,5.988,-6.091,-5.315,-3.767
311.0,314.0,5.97,-6.141,-5.094,-3.721
311.0,315.0,5.955,-6.175,-4.923,-3.679
311.0,316.0,5.941,-6.198,-4.789,-3.641
311.0,317.0,5.929,-6.211,-4.682,-3.609
311.0,318.0,5.918,-6.217,-4.597,-3.582
311.0,319.0,5.908,-6.218,-4.528,-3.56
311.0,320.0,5.9,-6.215,-4.472,-3.543
311.0,321.0,5.892,-6.208,-4.425,-3.528
311.0,322.0,5.885,-6.199,-4.387,-3.517
311.0,323.0,5.879,-6.188,-4.355,-3.508
312.0,313.0,6.377,-6.449,-5.02,-3.67
312.0,314.0,6.351,-6.464,-4.863,-3.608
312.0,315.0,6.328,-6.467,-4.734,-3.559
312.0,316.0,6.306,-6.463,-4.629,-3.521
312.0,317.0,6.286,-6.452,-4.541,-3.491
312.0,318.0,6.268,-6.437,-4.469,-3.468
312.0,319.0,6.251,-6.418,-4.408,-3.45
312.0,320.0,6.235,-6.397,-4.357,-3.437
312.0,321.0,6.221,-6.373,-4.314,-3.427
312.0,322.0,6.207,-6.348,-4.277,-3.42
312.0,323.0,6.194,-6.323,-4.246,-3.415
312.0,324.0,6.181,-6.297,-4.218,-3.412
313.0,314.0,6.526,-6.616,-5.583,-3.649
313.0,315.0,6.491,-6.646,-5.305,-3.6
313.0,316.0,6.458,-6.657,-5.089,-3.555
313.0,317.0,6.427,-6.655,-4.918,-3.515
313.0,318.0,6.397,-6.642,-4.781,-3.482
313.0,319.0,6.369,-6.622,-4.671,-3.455
313.0,320.0,6.342,-6.596,-4.581,-3.434
313.0,321.0,6.317,-6.566,-4.506,-3.418
313.0,322.0,6.293,-6.533,-4.444,-3.406
313.0,323.0,6.271,-6.498,-4.392,-3.397
313.0,324.0,6.249,-6.462,-4.348,-3.391
313.0,325.0,6.229,-6.425,-4.31,-3.387
314.0,315.0,6.266,-6.349,-5.042,-3.592
314.0,316.0,6.252,-6.369,-4.915,-3.555
314.0,317.0,6.239,-6.38,-4.814,-3.523
314.0,318.0,6.226,-6.384,-4.734,-3.498
314.0,319.0,6.215,-6.383,-4.669,-3.478
314.0,320.0,6.204,-6.378,-4.616,-3.462
314.0,321.0,6.194,-6.37,-4.573,-3.449
314.0,322.0,6.184,-6.359,-4.538,-3.44
314.0,323.0,6.175,-6.347,-4.508,-3.432
314.0,324.0,6.166,-6.334,-4.483,-3.427
314.0,325.0,6.158,-6.321,-4.462,-3.423
314.0,326.0,6.15,-6.306,-4.444,-3.421
315.0,316.0,6.023,-6.077,-4.526,-3.54
315.0,317.0,6.009,-6.071,-4.473,-3.514
315.0,318.0,5.997,-6.062,-4.427,-3.495
315.0,319.0,5.985,-6.05,-4.389,-3.481
315.0,320.0,5.974,-6.036,-4.356,-3.471
315.0,321.0,5.963,-6.021,-4.327,-3.463
315.0,322.0,5.953,-6.005,-4.303,-3.458
315.0,323.0,5.943,-5.989,-4.283,-3.455
315.0,324.0,5.933,-5.972,-4.265,-3.453
315.0,325.0,5.925,-5.955,-4.25,-3.452
315.0,326.0,5.916,-5.938,-4.236,-3.452
315.0,327.0,5.908,-5.921,-4.224,-3.452
316.0,317.0,6.004,-6.091,-5.197,-3.595
316.0,318.0,5.992,-6.121,-4.993,-3.579
316.0,319.0,5.98,-6.137,-4.839,-3.56
316.0,320.0,5.968,-6.143,-4.721,-3.54
316.0,321.0,5.956,-6.142,-4.628,-3.521
316.0,322.0,5.944,-6.134,-4.554,-3.506
316.0,323.0,5.932,-6.123,-4.494,-3.493
316.0,324.0,5.921,-6.108,-4.446,-3.482
316.0,325.0,5.911,-6.092,-4.406,-3.474
316.0,326.0,5.901,-6.074,-4.372,-3.468
316.0,327.0,5.891,-6.054,-4.344,-3.464
316.0,328.0,5.882,-6.035,-4.319,-3.461
317.0,318.0,5.818,-5.874,-5.529,-3.667
317.0,319.0,5.806,-5.925,-5.253,-3.657
317.0,320.0,5.793,-5.958,-5.045,-3.637
317.0,321.0,5.781,-5.976,-4.885,-3.614
317.0,322.0,5.769,-5.984,-4.761,-3.592
317.0,323.0,5.758,-5.984,-4.663,-3.572
317.0,324.0,5.747,-5.978,-4.585,-3.554
317.0,325.0,5.736,-5.968,-4.521,-3.54
317.0,326.0,5.726,-5.954,-4.469,-3.529
317.0,327.0,5.717,-5.938,-4.425,-3.519
317.0,328.0,5.708,-5.92,-4.389,-3.513
317.0,329.0,5.7,-5.901,-4.358,-3.508
318.0,319.0,6.11,-6.206,-5.655,-3.651
318.0,320.0,6.088,-6.246,-5.392,-3.625
318.0,321.0,6.067,-6.27,-5.192,-3.595
318.0,322.0,6.047,-6.281,-5.037,-3.566
318.0,323.0,6.028,-6.283,-4.916,-3.541
318.0,324.0,6.01,-6.277,-4.82,-3.52
318.0,325.0,5.993,-6.266,-4.743,-3.502
318.0,326.0,5.978,-6.252,-4.68,-3.488
318.0,327.0,5.963,-6.234,-4.629,-3.477
318.0,328.0,5.949,-6.214,-4.586,-3.469
318.0,329.0,5.936,-6.193,-4.55,-3.464
318.0,330.0,5.923,-6.172,-4.52,-3.46
319.0,320.0,5.897,-5.843,-6.24,-3.768
319.0,321.0,5.895,-5.949,-5.862,-3.752
319.0,322.0,5.89,-6.028,-5.585,-3.721
319.0,323.0,5.884,-6.087,-5.377,-3.686
319.0,324.0,5.878,-6.129,-5.219,-3.65
319.0,325.0,5.872,-6.16,-5.098,-3.619
319.0,326.0,5.866,-6.182,-5.003,-3.591
319.0,327.0,5.861,-6.197,-4.928,-3.567
319.0,328.0,5.855,-6.206,-4.869,-3.548
319.0,329.0,5.85,-6.211,-4.821,-3.532
319.0,330.0,5.845,-6.213,-4.783,-3.519
319.0,331.0,5.84,-6.212,-4.751,-3.509
320.0,321.0,5.168,-5.184,-5.842,-3.87
320.0,322.0,5.184,-5.291,-5.554,-3.866
320.0,323.0,5.198,-5.377,-5.343,-3.846
320.0,324.0,5.211,-5.446,-5.187,-3.82
320.0,325.0,5.223,-5.502,-5.068,-3.792
320.0,326.0,5.234,-5.547,-4.978,-3.765
320.0,327.0,5.244,-5.584,-4.908,-3.74
320.0,328.0,5.255,-5.615,-4.854,-3.719
320.0,329.0,5.264,-5.64,-4.811,-3.7
320.0,330.0,5.274,-5.662,-4.776,-3.684
320.0,331.0,5.283,-5.679,-4.749,-3.67
320.0,332.0,5.291,-5.694,-4.727,-3.659
321.0,322.0,4.434,-4.358,-4.73,-3.921
321.0,323.0,4.469,-4.437,-4.624,-3.923
321.0,324.0,4.502,-4.506,-4.55,-3.914
321.0,325.0,4.535,-4.568,-4.496,-3.901
321.0,326.0,4.566,-4.623,-4.457,-3.886
321.0,327.0,4.596,-4.674,-4.429,-3.871
321.0,328.0,4.626,-4.719,-4.408,-3.855
321.0,329.0,4.654,-4.761,-4.393,-3.841
321.0,330.0,4.681,-4.799,-4.381,-3.828
321.0,331.0,4.707,-4.835,-4.372,-3.815
321.0,332.0,4.733,-4.867,-4.366,-3.804
321.0,333.0,4.757,-4.898,-4.361,-3.793
322.0,323.0,4.843,-4.855,-4.984,-3.904
322.0,324.0,4.862,-4.924,-4.846,-3.885
322.0,325.0,4.882,-4.982,-4.744,-3.862
322.0,326.0,4.901,-5.032,-4.667,-3.839
322.0,327.0,4.92,-5.074,-4.609,-3.818
322.0,328.0,4.939,-5.111,-4.564,-3.798
322.0,329.0,4.958,-5.143,-4.529,-3.78
322.0,330.0,4.976,-5.171,-4.501,-3.765
322.0,331.0,4.993,-5.196,-4.48,-3.751
322.0,332.0,5.01,-5.219,-4.462,-3.739
322.0,333.0,5.026,-5.239,-4.448,-3.728
322.0,334.0,5.042,-5.257,-4.436,-3.719
323.0,324.0,4.713,-4.715,-4.856,-3.911
323.0,325.0,4.739,-4.785,-4.752,-3.894
323.0,326.0,4.765,-4.845,-4.676,-3.874
323.0,327.0,4.79,-4.899,-4.62,-3.854
323.0,328.0,4.815,-4.947,-4.578,-3.834
323.0,329.0,4.839,-4.989,-4.547,-3.816
323.0,330.0,4.863,-5.027,-4.523,-3.8
323.0,331.0,4.886,-5.062,-4.504,-3.785
323.0,332.0,4.908,-5.094,-4.49,-3.772
323.0,333.0,4.93,-5.123,-4.479,-3.76
323.0,334.0,4.951,-5.15,-4.471,-3.75
323.0,335.0,4.972,-5.174,-4.464,-3.74
324.0,325.0,4.389,-4.342,-4.677,-3.955
324.0,326.0,4.426,-4.42,-4.594,-3.948
324.0,327.0,4.461,-4.49,-4.535,-3.935
324.0,328.0,4.496,-4.553,-4.492,-3.92
324.0,329.0,4.53,-4.611,-4.461,-3.903
324.0,330.0,4.563,-4.663,-4.438,-3.886
324.0,331.0,4.595,-4.712,-4.421,-3.871
324.0,332.0,4.626,-4.757,-4.408,-3.856
324.0,333.0,4.657,-4.798,-4.399,-3.842
324.0,334.0,4.686,-4.836,-4.391,-3.829
324.0,335.0,4.714,-4.872,-4.386,-3.817
324.0,336.0,4.741,-4.905,-4.381,-3.806
325.0,326.0,4.45,-4.396,-5.006,-3.992
325.0,327.0,4.475,-4.479,-4.848,-3.982
325.0,328.0,4.501,-4.55,-4.733,-3.963
325.0,329.0,4.527,-4.611,-4.648,-3.942
325.0,330.0,4.553,-4.665,-4.585,-3.92
325.0,331.0,4.578,-4.713,-4.537,-3.899
325.0,332.0,4.603,-4.756,-4.501,-3.88
325.0,333.0,4.627,-4.794,-4.473,-3.863
325.0,334.0,4.651,-4.828,-4.451,-3.847
325.0,335.0,4.674,-4.86,-4.434,-3.833
325.0,336.0,4.696,-4.888,-4.421,-3.821
325.0,337.0,4.718,-4.914,-4.411,-3.809
326.0,327.0,4.624,-4.548,-4.852,-3.971
326.0,328.0,4.643,-4.615,-4.73,-3.949
326.0,329.0,4.662,-4.672,-4.638,-3.925
326.0,330.0,4.681,-4.722,-4.569,-3.901
326.0,331.0,4.7,-4.765,-4.516,-3.88
326.0,332.0,4.719,-4.803,-4.476,-3.86
326.0,333.0,4.738,-4.837,-4.444,-3.843
326.0,334.0,4.756,-4.867,-4.42,-3.828
326.0,335.0,4.774,-4.894,-4.4,-3.814
326.0,336.0,4.792,-4.918,-4.385,-3.802
326.0,337.0,4.809,-4.941,-4.373,-3.791
326.0,338.0,4.826,-4.961,-4.363,-3.782
327.0,328.0,5.013,-4.939,-4.931,-3.923
327.0,329.0,5.02,-4.989,-4.805,-3.888
327.0,330.0,5.028,-5.029,-4.707,-3.857
327.0,331.0,5.037,-5.062,-4.63,-3.829
327.0,332.0,5.045,-5.088,-4.57,-3.805
327.0,333.0,5.054,-5.11,-4.522,-3.785
327.0,334.0,5.062,-5.128,-4.484,-3.768
327.0,335.0,5.071,-5.142,-4.453,-3.754
327.0,336.0,5.08,-5.154,-4.427,-3.742
327.0,337.0,5.088,-5.164,-4.407,-3.732
327.0,338.0,5.097,-5.172,-4.389,-3.723
327.0,339.0,5.105,-5.179,-4.375,-3.716
328.0,329.0,4.663,-4.549,-5.092,-3.985
328.0,330.0,4.687,-4.629,-4.925,-3.969
328.0,331.0,4.71,-4.696,-4.801,-3.947
328.0,332.0,4.734,-4.754,-4.709,-3.923
328.0,333.0,4.758,-4.803,-4.639,-3.9
328.0,334.0,4.781,-4.847,-4.585,-3.877
328.0,335.0,4.804,-4.885,-4.543,-3.857
328.0,336.0,4.826,-4.919,-4.51,-3.839
328.0,337.0,4.848,-4.949,-4.484,-3.823
328.0,338.0,4.869,-4.976,-4.463,-3.808
328.0,339.0,4.89,-5.0,-4.446,-3.796
328.0,340.0,4.91,-5.022,-4.433,-3.784
329.0,330.0,3.903,-3.726,-4.475,-4.067
329.0,331.0,3.96,-3.822,-4.425,-4.071
329.0,332.0,4.015,-3.911,-4.395,-4.066
329.0,333.0,4.069,-3.994,-4.378,-4.054
329.0,334.0,4.12,-4.072,-4.368,-4.04
329.0,335.0,4.169,-4.145,-4.365,-4.024
329.0,336.0,4.217,-4.214,-4.364,-4.008
329.0,337.0,4.263,-4.278,-4.366,-3.992
329.0,338.0,4.307,-4.339,-4.369,-3.976
329.0,339.0,4.349,-4.397,-4.372,-3.961
329.0,340.0,4.39,-4.451,-4.376,-3.947
329.0,341.0,4.429,-4.502,-4.38,-3.933
330.0,331.0,4.037,-3.852,-4.364,-4.07
330.0,332.0,4.081,-3.931,-4.318,-4.062
330.0,333.0,4.125,-4.004,-4.286,-4.049
330.0,334.0,4.166,-4.071,-4.265,-4.033
330.0,335.0,4.207,-4.133,-4.25,-4.017
330.0,336.0,4.246,-4.192,-4.24,-4.001
330.0,337.0,4.283,-4.246,-4.233,-3.986
330.0,338.0,4.32,-4.297,-4.229,-3.971
330.0,339.0,4.355,-4.344,-4.226,-3.957
330.0,340.0,4.388,-4.389,-4.225,-3.943
330.0,341.0,4.421,-4.431,-4.224,-3.931
330.0,342.0,4.452,-4.471,-4.224,-3.919
331.0,332.0,3.945,-3.79,-4.545,-4.119
331.0,333.0,3.989,-3.874,-4.461,-4.113
331.0,334.0,4.033,-3.949,-4.401,-4.1
331.0,335.0,4.074,-4.018,-4.358,-4.083
331.0,336.0,4.115,-4.08,-4.328,-4.065
331.0,337.0,4.154,-4.138,-4.305,-4.047
331.0,338.0,4.192,-4.191,-4.289,-4.03
331.0,339.0,4.229,-4.24,-4.276,-4.013
331.0,340.0,4.264,-4.285,-4.267,-3.997
331.0,341.0,4.299,-4.328,-4.261,-3.983
331.0,342.0,4.332,-4.367,-4.255,-3.969
331.0,343.0,4.363,-4.404,-4.251,-3.957
332.0,333.0,4.087,-3.942,-4.659,-4.118
332.0,334.0,4.12,-4.022,-4.557,-4.104
332.0,335.0,4.152,-4.092,-4.483,-4.085
332.0,336.0,4.183,-4.156,-4.427,-4.065
332.0,337.0,4.214,-4.212,-4.385,-4.044
332.0,338.0,4.243,-4.264,-4.353,-4.024
332.0,339.0,4.273,-4.311,-4.329,-4.006
332.0,340.0,4.301,-4.354,-4.311,-3.989
332.0,341.0,4.328,-4.394,-4.296,-3.974
332.0,342.0,4.355,-4.431,-4.285,-3.96
332.0,343.0,4.381,-4.465,-4.276,-3.947
332.0,344.0,4.406,-4.496,-4.269,-3.935
333.0,334.0,4.35,-4.232,-4.897,-4.117
333.0,335.0,4.377,-4.315,-4.774,-4.093
333.0,336.0,4.404,-4.387,-4.682,-4.067
333.0,337.0,4.431,-4.451,-4.612,-4.041
333.0,338.0,4.458,-4.509,-4.559,-4.016
333.0,339.0,4.485,-4.561,-4.518,-3.994
333.0,340.0,4.511,-4.608,-4.486,-3.973
333.0,341.0,4.536,-4.651,-4.461,-3.954
333.0,342.0,4.561,-4.69,-4.442,-3.937
333.0,343.0,4.586,-4.727,-4.427,-3.922
333.0,344.0,4.61,-4.76,-4.415,-3.908
333.0,345.0,4.633,-4.792,-4.405,-3.895
334.0,335.0,4.366,-4.233,-4.709,-4.101
334.0,336.0,4.398,-4.308,-4.626,-4.076
334.0,337.0,4.43,-4.376,-4.563,-4.05
334.0,338.0,4.462,-4.437,-4.516,-4.025
334.0,339.0,4.493,-4.493,-4.481,-4.003
334.0,340.0,4.524,-4.544,-4.453,-3.981
334.0,341.0,4.554,-4.591,-4.432,-3.962
334.0,342.0,4.583,-4.634,-4.416,-3.945
334.0,343.0,4.611,-4.674,-4.404,-3.929
334.0,344.0,4.639,-4.711,-4.394,-3.914
334.0,345.0,4.666,-4.745,-4.386,-3.901
334.0,346.0,4.692,-4.777,-4.38,-3.889
335.0,336.0,4.235,-4.092,-4.756,-4.124
335.0,337.0,4.268,-4.17,-4.657,-4.107
335.0,338.0,4.301,-4.241,-4.583,-4.086
335.0,339.0,4.334,-4.305,-4.529,-4.064
335.0,340.0,4.366,-4.363,-4.488,-4.042
335.0,341.0,4.399,-4.416,-4.457,-4.022
335.0,342.0,4.43,-4.465,-4.433,-4.002
335.0,343.0,4.461,-4.511,-4.415,-3.984
335.0,344.0,4.492,-4.553,-4.401,-3.968
335.0,345.0,4.521,-4.593,-4.39,-3.953
335.0,346.0,4.55,-4.629,-4.381,-3.939
335.0,347.0,4.579,-4.664,-4.374,-3.926
336.0,337.0,4.499,-4.406,-4.79,-4.092
336.0,338.0,4.527,-4.474,-4.69,-4.063
336.0,339.0,4.556,-4.533,-4.614,-4.035
336.0,340.0,4.585,-4.587,-4.554,-4.009
336.0,341.0,4.613,-4.634,-4.508,-3.984
336.0,342.0,4.641,-4.677,-4.47,-3.962
336.0,343.0,4.669,-4.716,-4.441,-3.942
336.0,344.0,4.696,-4.751,-4.416,-3.924
336.0,345.0,4.723,-4.783,-4.397,-3.908
336.0,346.0,4.748,-4.812,-4.38,-3.893
336.0,347.0,4.774,-4.839,-4.366,-3.88
336.0,348.0,4.798,-4.863,-4.355,-3.868
337.0,338.0,4.866,-4.829,-4.944,-4.034
337.0,339.0,4.879,-4.882,-4.839,-3.996
337.0,340.0,4.892,-4.928,-4.757,-3.962
337.0,341.0,4.907,-4.968,-4.691,-3.933
337.0,342.0,4.922,-5.002,-4.639,-3.908
337.0,343.0,4.938,-5.032,-4.598,-3.886
337.0,344.0,4.953,-5.059,-4.564,-3.867
337.0,345.0,4.969,-5.082,-4.536,-3.851
337.0,346.0,4.985,-5.103,-4.513,-3.837
337.0,347.0,5.001,-5.121,-4.495,-3.824
337.0,348.0,5.017,-5.138,-4.479,-3.813
337.0,349.0,5.032,-5.153,-4.466,-3.804
338.0,339.0,4.744,-4.665,-5.146,-4.06
338.0,340.0,4.755,-4.728,-4.978,-4.035
338.0,341.0,4.767,-4.78,-4.849,-4.008
338.0,342.0,4.78,-4.823,-4.748,-3.981
338.0,343.0,4.794,-4.859,-4.667,-3.956
338.0,344.0,4.807,-4.889,-4.603,-3.933
338.0,345.0,4.821,-4.914,-4.551,-3.912
338.0,346.0,4.834,-4.936,-4.508,-3.894
338.0,347.0,4.848,-4.953,-4.473,-3.878
338.0,348.0,4.862,-4.969,-4.443,-3.864
338.0,349.0,4.875,-4.981,-4.418,-3.852
338.0,350.0,4.889,-4.992,-4.397,-3.841
339.0,340.0,4.696,-4.614,-5.075,-4.066
339.0,341.0,4.711,-4.676,-4.919,-4.043
339.0,342.0,4.726,-4.729,-4.799,-4.016
339.0,343.0,4.741,-4.773,-4.706,-3.99
339.0,344.0,4.757,-4.81,-4.633,-3.966
339.0,345.0,4.773,-4.841,-4.574,-3.943
339.0,346.0,4.789,-4.868,-4.527,-3.923
339.0,347.0,4.804,-4.891,-4.489,-3.905
339.0,348.0,4.82,-4.911,-4.458,-3.889
339.0,349.0,4.836,-4.929,-4.431,-3.875
339.0,350.0,4.851,-4.944,-4.409,-3.863
339.0,351.0,4.866,-4.957,-4.391,-3.852
340.0,341.0,4.406,-4.321,-4.891,-4.1
340.0,342.0,4.436,-4.389,-4.777,-4.087
340.0,343.0,4.467,-4.448,-4.693,-4.068
340.0,344.0,4.496,-4.5,-4.628,-4.048
340.0,345.0,4.524,-4.545,-4.579,-4.028
340.0,346.0,4.552,-4.585,-4.54,-4.008
340.0,347.0,4.578,-4.621,-4.508,-3.99
340.0,348.0,4.604,-4.653,-4.483,-3.973
340.0,349.0,4.629,-4.682,-4.462,-3.958
340.0,350.0,4.654,-4.708,-4.445,-3.944
340.0,351.0,4.677,-4.731,-4.43,-3.931
340.0,352.0,4.7,-4.753,-4.417,-3.92
341.0,342.0,4.93,-4.902,-4.677,-3.997
341.0,343.0,4.937,-4.928,-4.59,-3.957
341.0,344.0,4.944,-4.947,-4.517,-3.925
341.0,345.0,4.953,-4.962,-4.456,-3.898
341.0,346.0,4.961,-4.973,-4.404,-3.877
341.0,347.0,4.97,-4.981,-4.36,-3.858
341.0,348.0,4.98,-4.986,-4.322,-3.843
341.0,349.0,4.989,-4.989,-4.289,-3.83
341.0,350.0,4.999,-4.99,-4.261,-3.819
341.0,351.0,5.008,-4.99,-4.237,-3.81
341.0,352.0,5.018,-4.989,-4.215,-3.802
341.0,353.0,5.028,-4.987,-4.196,-3.795
342.0,343.0,5.25,-5.253,-4.411,-3.883
342.0,344.0,5.256,-5.256,-4.404,-3.837
342.0,345.0,5.263,-5.259,-4.391,-3.804
342.0,346.0,5.269,-5.259,-4.374,-3.781
342.0,347.0,5.276,-5.259,-4.356,-3.763
342.0,348.0,5.283,-5.257,-4.339,-3.75
342.0,349.0,5.29,-5.254,-4.322,-3.74
342.0,350.0,5.297,-5.251,-4.307,-3.732
342.0,351.0,5.304,-5.247,-4.292,-3.725
342.0,352.0,5.311,-5.242,-4.279,-3.72
342.0,353.0,5.317,-5.237,-4.266,-3.716
342.0,354.0,5.324,-5.232,-4.254,-3.712
343.0,344.0,5.436,-5.499,-4.83,-3.842
343.0,345.0,5.433,-5.511,-4.742,-3.806
343.0,346.0,5.432,-5.519,-4.669,-3.776
343.0,347.0,5.432,-5.522,-4.609,-3.752
343.0,348.0,5.432,-5.522,-4.558,-3.733
343.0,349.0,5.433,-5.519,-4.514,-3.718
343.0,350.0,5.434,-5.514,-4.478,-3.705
343.0,351.0,5.436,-5.508,-4.447,-3.695
343.0,352.0,5.438,-5.501,-4.419,-3.687
343.0,353.0,5.441,-5.492,-4.396,-3.681
343.0,354.0,5.443,-5.483,-4.375,-3.675
343.0,355.0,5.446,-5.474,-4.357,-3.671
344.0,345.0,5.418,-5.492,-4.382,-3.763
344.0,346.0,5.421,-5.489,-4.386,-3.73
344.0,347.0,5.424,-5.485,-4.383,-3.708
344.0,348.0,5.427,-5.48,-4.377,-3.692
344.0,349.0,5.43,-5.475,-4.368,-3.681
344.0,350.0,5.433,-5.469,-4.358,-3.673
344.0,351.0,5.436,-5.463,-4.348,-3.667
344.0,352.0,5.439,-5.457,-4.338,-3.663
344.0,353.0,5.442,-5.45,-4.329,-3.66
344.0,354.0,5.446,-5.444,-4.32,-3.657
344.0,355.0,5.449,-5.437,-4.311,-3.655
344.0,356.0,5.452,-5.431,-4.303,-3.653
345.0,346.0,5.274,-5.337,-4.906,-3.8
345.0,347.0,5.276,-5.357,-4.804,-3.788
345.0,348.0,5.278,-5.372,-4.725,-3.775
345.0,349.0,5.281,-5.382,-4.663,-3.762
345.0,350.0,5.285,-5.389,-4.614,-3.75
345.0,351.0,5.289,-5.394,-4.574,-3.739
345.0,352.0,5.294,-5.396,-4.541,-3.73
345.0,353.0,5.298,-5.396,-4.514,-3.721
345.0,354.0,5.303,-5.396,-4.491,-3.714
345.0,355.0,5.308,-5.394,-4.471,-3.708
345.0,356.0,5.313,-5.391,-4.454,-3.703
345.0,357.0,5.317,-5.388,-4.439,-3.699
346.0,347.0,5.255,-5.281,-5.066,-3.819
346.0,348.0,5.26,-5.318,-4.948,-3.81
346.0,349.0,5.266,-5.349,-4.858,-3.796
346.0,350.0,5.273,-5.374,-4.79,-3.782
346.0,351.0,5.281,-5.395,-4.738,-3.768
346.0,352.0,5.29,-5.413,-4.696,-3.755
346.0,353.0,5.299,-5.429,-4.663,-3.742
346.0,354.0,5.308,-5.442,-4.637,-3.732
346.0,355.0,5.317,-5.453,-4.615,-3.722
346.0,356.0,5.326,-5.462,-4.598,-3.714
346.0,357.0,5.335,-5.471,-4.583,-3.706
346.0,358.0,5.344,-5.478,-4.57,-3.7
347.0,348.0,5.659,-5.693,-5.498,-3.798
347.0,349.0,5.644,-5.726,-5.294,-3.774
347.0,350.0,5.631,-5.749,-5.137,-3.748
347.0,351.0,5.621,-5.763,-5.015,-3.724
347.0,352.0,5.612,-5.771,-4.918,-3.701
347.0,353.0,5.605,-5.775,-4.841,-3.682
347.0,354.0,5.6,-5.774,-4.779,-3.666
347.0,355.0,5.596,-5.771,-4.728,-3.652
347.0,356.0,5.592,-5.766,-4.686,-3.641
347.0,357.0,5.589,-5.759,-4.651,-3.632
347.0,358.0,5.587,-5.751,-4.622,-3.624
347.0,359.0,5.585,-5.741,-4.597,-3.619
348.0,349.0,5.869,-5.956,-5.049,-3.703
348.0,350.0,5.857,-5.955,-4.963,-3.667
348.0,351.0,5.848,-5.949,-4.891,-3.639
348.0,352.0,5.839,-5.94,-4.83,-3.617
348.0,353.0,5.832,-5.928,-4.778,-3.601
348.0,354.0,5.825,-5.914,-4.733,-3.588
348.0,355.0,5.819,-5.899,-4.695,-3.578
348.0,356.0,5.814,-5.883,-4.662,-3.571
348.0,357.0,5.809,-5.866,-4.633,-3.565
348.0,358.0,5.805,-5.848,-4.607,-3.561
348.0,359.0,5.802,-5.831,-4.585,-3.558
348.0,360.0,5.798,-5.813,-4.565,-3.556
349.0,350.0,5.207,-5.243,-4.831,-3.756
349.0,351.0,5.216,-5.267,-4.765,-3.752
349.0,352.0,5.226,-5.287,-4.715,-3.745
349.0,353.0,5.236,-5.304,-4.677,-3.736
349.0,354.0,5.245,-5.318,-4.648,-3.728
349.0,355.0,5.255,-5.331,-4.624,-3.72
349.0,356.0,5.265,-5.341,-4.605,-3.712
349.0,357.0,5.274,-5.351,-4.59,-3.705
349.0,358.0,5.284,-5.359,-4.577,-3.699
349.0,359.0,5.293,-5.366,-4.566,-3.693
349.0,360.0,5.302,-5.372,-4.557,-3.688
349.0,361.0,5.311,-5.377,-4.549,-3.683
350.0,351.0,5.134,-5.16,-4.722,-3.755
350.0,352.0,5.147,-5.182,-4.681,-3.751
350.0,353.0,5.16,-5.202,-4.651,-3.745
350.0,354.0,5.173,-5.219,-4.627,-3.738
350.0,355.0,5.185,-5.234,-4.609,-3.731
350.0,356.0,5.198,-5.248,-4.595,-3.724
350.0,357.0,5.21,-5.26,-4.583,-3.717
350.0,358.0,5.222,-5.271,-4.574,-3.711
350.0,359.0,5.234,-5.281,-4.565,-3.706
350.0,360.0,5.246,-5.29,-4.558,-3.701
350.0,361.0,5.257,-5.298,-4.552,-3.696
350.0,362.0,5.267,-5.306,-4.547,-3.691
351.0,352.0,4.984,-5.037,-3.993,-3.7
351.0,353.0,5.002,-5.022,-4.077,-3.694
351.0,354.0,5.019,-5.011,-4.138,-3.693
351.0,355.0,5.035,-5.003,-4.183,-3.694
351.0,356.0,5.05,-4.998,-4.216,-3.697
351.0,357.0,5.064,-4.995,-4.241,-3.699
351.0,358.0,5.077,-4.993,-4.259,-3.701
351.0,359.0,5.09,-4.992,-4.272,-3.703
351.0,360.0,5.102,-4.991,-4.281,-3.704
351.0,361.0,5.114,-4.992,-4.287,-3.704
351.0,362.0,5.125,-4.992,-4.292,-3.704
351.0,363.0,5.136,-4.993,-4.294,-3.704
352.0,353.0,4.799,-4.864,-3.86,-3.696
352.0,354.0,4.824,-4.854,-3.947,-3.699
352.0,355.0,4.847,-4.848,-4.011,-3.704
352.0,356.0,4.869,-4.845,-4.06,-3.709
352.0,357.0,4.889,-4.845,-4.097,-3.713
352.0,358.0,4.909,-4.846,-4.125,-3.717
352.0,359.0,4.928,-4.849,-4.146,-3.719
352.0,360.0,4.946,-4.852,-4.162,-3.721
352.0,361.0,4.963,-4.856,-4.174,-3.722
352.0,362.0,4.979,-4.861,-4.182,-3.722
352.0,363.0,4.995,-4.866,-4.188,-3.721
352.0,364.0,5.01,-4.87,-4.192,-3.72
353.0,354.0,4.551,-4.57,-3.919,-3.732
353.0,355.0,4.586,-4.581,-4.007,-3.748
353.0,356.0,4.619,-4.595,-4.077,-3.76
353.0,357.0,4.649,-4.613,-4.133,-3.769
353.0,358.0,4.678,-4.632,-4.178,-3.775
353.0,359.0,4.706,-4.652,-4.214,-3.779
353.0,360.0,4.732,-4.672,-4.244,-3.781
353.0,361.0,4.757,-4.694,-4.267,-3.781
353.0,362.0,4.78,-4.715,-4.286,-3.781
353.0,363.0,4.803,-4.735,-4.302,-3.779
353.0,364.0,4.825,-4.756,-4.315,-3.776
353.0,365.0,4.845,-4.776,-4.325,-3.773
354.0,355.0,4.508,-4.505,-3.629,-3.705
354.0,356.0,4.532,-4.48,-3.756,-3.717
354.0,357.0,4.556,-4.463,-3.853,-3.73
354.0,358.0,4.579,-4.452,-3.926,-3.743
354.0,359.0,4.601,-4.447,-3.983,-3.754
354.0,360.0,4.622,-4.444,-4.027,-3.763
354.0,361.0,4.642,-4.445,-4.061,-3.771
354.0,362.0,4.661,-4.447,-4.088,-3.776
354.0,363.0,4.679,-4.452,-4.108,-3.78
354.0,364.0,4.697,-4.457,-4.124,-3.782
354.0,365.0,4.714,-4.463,-4.135,-3.784
354.0,366.0,4.73,-4.469,-4.144,-3.784
355.0,356.0,4.396,-4.424,-3.177,-3.668
355.0,357.0,4.443,-4.406,-3.42,-3.681
355.0,358.0,4.487,-4.4,-3.602,-3.698
355.0,359.0,4.528,-4.402,-3.742,-3.716
355.0,360.0,4.567,-4.411,-3.85,-3.732
355.0,361.0,4.603,-4.424,-3.934,-3.745
355.0,362.0,4.637,-4.44,-4.0,-3.755
355.0,363.0,4.669,-4.458,-4.052,-3.762
355.0,364.0,4.7,-4.478,-4.093,-3.767
355.0,365.0,4.729,-4.499,-4.126,-3.77
355.0,366.0,4.757,-4.52,-4.152,-3.771
355.0,367.0,4.783,-4.541,-4.173,-3.77
356.0,357.0,3.99,-3.974,-2.897,-3.695
356.0,358.0,4.046,-3.955,-3.157,-3.725
356.0,359.0,4.098,-3.95,-3.357,-3.755
356.0,360.0,4.147,-3.954,-3.511,-3.781
356.0,361.0,4.192,-3.966,-3.633,-3.803
356.0,362.0,4.235,-3.983,-3.728,-3.82
356.0,363.0,4.275,-4.003,-3.804,-3.833
356.0,364.0,4.313,-4.027,-3.864,-3.842
356.0,365.0,4.349,-4.052,-3.912,-3.848
356.0,366.0,4.383,-4.078,-3.951,-3.851
356.0,367.0,4.416,-4.105,-3.982,-3.852
356.0,368.0,4.447,-4.132,-4.007,-3.851
357.0,358.0,4.077,-4.102,-2.606,-3.649
357.0,359.0,4.124,-4.057,-2.904,-3.671
357.0,360.0,4.167,-4.028,-3.135,-3.698
357.0,361.0,4.208,-4.012,-3.314,-3.726
357.0,362.0,4.246,-4.006,-3.456,-3.751
357.0,363.0,4.282,-4.007,-3.568,-3.772
357.0,364.0,4.316,-4.014,-3.657,-3.79
357.0,365.0,4.348,-4.026,-3.729,-3.803
357.0,366.0,4.378,-4.04,-3.787,-3.814
357.0,367.0,4.406,-4.057,-3.834,-3.821
357.0,368.0,4.433,-4.076,-3.872,-3.826
357.0,369.0,4.459,-4.095,-3.903,-3.829
358.0,359.0,3.929,-3.915,-2.8,-3.687
358.0,360.0,3.977,-3.888,-3.046,-3.72
358.0,361.0,4.022,-3.875,-3.239,-3.752
358.0,362.0,4.065,-3.873,-3.391,-3.78
358.0,363.0,4.106,-3.878,-3.512,-3.803
358.0,364.0,4.145,-3.89,-3.609,-3.822
358.0,365.0,4.182,-3.906,-3.687,-3.836
358.0,366.0,4.218,-3.926,-3.75,-3.847
358.0,367.0,4.251,-3.947,-3.801,-3.854
358.0,368.0,4.284,-3.97,-3.842,-3.859
358.0,369.0,4.314,-3.994,-3.876,-3.861
358.0,370.0,4.344,-4.019,-3.903,-3.862
359.0,360.0,3.713,-3.648,-2.728,-3.715
359.0,361.0,3.768,-3.633,-2.935,-3.751
359.0,362.0,3.82,-3.629,-3.1,-3.782
359.0,363.0,3.868,-3.633,-3.232,-3.808
359.0,364.0,3.914,-3.643,-3.338,-3.83
359.0,365.0,3.957,-3.658,-3.424,-3.846
359.0,366.0,3.997,-3.676,-3.494,-3.858
359.0,367.0,4.036,-3.697,-3.551,-3.867
359.0,368.0,4.073,-3.719,-3.598,-3.873
359.0,369.0,4.108,-3.743,-3.636,-3.876
359.0,370.0,4.142,-3.767,-3.667,-3.877
359.0,371.0,4.174,-3.791,-3.692,-3.877
360.0,361.0,3.382,-3.257,-1.899,-3.696
360.0,362.0,3.459,-3.231,-2.303,-3.735
360.0,363.0,3.532,-3.225,-2.615,-3.776
360.0,364.0,3.599,-3.235,-2.859,-3.814
360.0,365.0,3.663,-3.255,-3.052,-3.847
360.0,366.0,3.723,-3.284,-3.205,-3.874
360.0,367.0,3.779,-3.319,-3.328,-3.895
360.0,368.0,3.832,-3.358,-3.428,-3.91
360.0,369.0,3.882,-3.399,-3.508,-3.921
360.0,370.0,3.929,-3.442,-3.574,-3.927
360.0,371.0,3.974,-3.486,-3.629,-3.93
360.0,372.0,4.017,-3.53,-3.673,-3.931
361.0,362.0,2.884,-2.727,-2.182,-3.817
361.0,363.0,2.97,-2.734,-2.479,-3.876
361.0,364.0,3.051,-2.756,-2.719,-3.925
361.0,365.0,3.128,-2.789,-2.915,-3.964
361.0,366.0,3.201,-2.832,-3.075,-3.994
361.0,367.0,3.27,-2.88,-3.206,-4.016
361.0,368.0,3.336,-2.932,-3.315,-4.031
361.0,369.0,3.399,-2.988,-3.405,-4.041
361.0,370.0,3.459,-3.044,-3.479,-4.046
361.0,371.0,3.517,-3.102,-3.542,-4.048
361.0,372.0,3.571,-3.159,-3.594,-4.046
361.0,373.0,3.624,-3.216,-3.638,-4.042
362.0,363.0,3.137,-2.994,-1.709,-3.754
362.0,364.0,3.208,-2.955,-2.111,-3.79
362.0,365.0,3.276,-2.94,-2.427,-3.83
362.0,366.0,3.341,-2.941,-2.677,-3.868
362.0,367.0,3.404,-2.956,-2.878,-3.901
362.0,368.0,3.463,-2.981,-3.039,-3.929
362.0,369.0,3.52,-3.013,-3.17,-3.951
362.0,370.0,3.574,-3.05,-3.277,-3.967
362.0,371.0,3.626,-3.09,-3.365,-3.979
362.0,372.0,3.675,-3.133,-3.437,-3.986
362.0,373.0,3.722,-3.178,-3.497,-3.99
362.0,374.0,3.767,-3.223,-3.546,-3.991
363.0,364.0,3.172,-3.012,-2.02,-3.785
363.0,365.0,3.247,-3.005,-2.338,-3.823
363.0,366.0,3.319,-3.015,-2.591,-3.858
363.0,367.0,3.387,-3.036,-2.794,-3.89
363.0,368.0,3.451,-3.067,-2.957,-3.915
363.0,369.0,3.512,-3.104,-3.091,-3.935
363.0,370.0,3.57,-3.146,-3.199,-3.95
363.0,371.0,3.626,-3.19,-3.289,-3.96
363.0,372.0,3.678,-3.237,-3.363,-3.967
363.0,373.0,3.728,-3.285,-3.425,-3.97
363.0,374.0,3.776,-3.333,-3.476,-3.97
363.0,375.0,3.821,-3.381,-3.519,-3.968
364.0,365.0,3.379,-3.273,-2.115,-3.762
364.0,366.0,3.45,-3.262,-2.436,-3.789
364.0,367.0,3.516,-3.265,-2.691,-3.819
364.0,368.0,3.58,-3.28,-2.894,-3.846
364.0,369.0,3.639,-3.304,-3.058,-3.87
364.0,370.0,3.696,-3.335,-3.191,-3.889
364.0,371.0,3.749,-3.37,-3.3,-3.903
364.0,372.0,3.8,-3.408,-3.389,-3.914
364.0,373.0,3.848,-3.449,-3.462,-3.921
364.0,374.0,3.894,-3.491,-3.523,-3.925
364.0,375.0,3.937,-3.533,-3.573,-3.926
364.0,376.0,3.979,-3.575,-3.615,-3.925
365.0,366.0,3.552,-3.443,-2.247,-3.744
365.0,367.0,3.62,-3.437,-2.538,-3.766
365.0,368.0,3.684,-3.445,-2.769,-3.791
365.0,369.0,3.744,-3.463,-2.953,-3.814
365.0,370.0,3.801,-3.488,-3.101,-3.834
365.0,371.0,3.854,-3.518,-3.221,-3.85
365.0,372.0,3.904,-3.552,-3.319,-3.863
365.0,373.0,3.952,-3.589,-3.4,-3.871
365.0,374.0,3.997,-3.628,-3.466,-3.877
365.0,375.0,4.039,-3.667,-3.521,-3.88
365.0,376.0,4.08,-3.707,-3.567,-3.88
365.0,377.0,4.118,-3.746,-3.605,-3.879
366.0,367.0,3.836,-3.757,-2.279,-3.695
366.0,368.0,3.885,-3.73,-2.55,-3.707
366.0,369.0,3.932,-3.716,-2.764,-3.726
366.0,370.0,3.977,-3.713,-2.935,-3.746
366.0,371.0,4.019,-3.718,-3.072,-3.765
366.0,372.0,4.058,-3.728,-3.183,-3.782
366.0,373.0,4.096,-3.744,-3.273,-3.796
366.0,374.0,4.132,-3.762,-3.347,-3.806
366.0,375.0,4.166,-3.783,-3.407,-3.815
366.0,376.0,4.198,-3.806,-3.457,-3.82
366.0,377.0,4.229,-3.83,-3.498,-3.824
366.0,378.0,4.259,-3.854,-3.532,-3.825
367.0,368.0,3.433,-3.262,-1.842,-3.681
367.0,369.0,3.465,-3.209,-1.979,-3.701
367.0,370.0,3.497,-3.166,-2.092,-3.722
367.0,371.0,3.527,-3.131,-2.185,-3.742
367.0,372.0,3.557,-3.102,-2.262,-3.76
367.0,373.0,3.585,-3.078,-2.326,-3.776
367.0,374.0,3.613,-3.059,-2.38,-3.789
367.0,375.0,3.639,-3.044,-2.424,-3.8
367.0,376.0,3.665,-3.032,-2.46,-3.809
367.0,377.0,3.69,-3.023,-2.491,-3.817
367.0,378.0,3.715,-3.016,-2.516,-3.822
367.0,379.0,3.738,-3.011,-2.537,-3.827
368.0,369.0,3.504,-3.262,-2.104,-3.724
368.0,370.0,3.551,-3.236,-2.375,-3.753
368.0,371.0,3.598,-3.227,-2.592,-3.784
368.0,372.0,3.644,-3.229,-2.766,-3.812
368.0,373.0,3.688,-3.241,-2.907,-3.836
368.0,374.0,3.731,-3.26,-3.023,-3.857
368.0,375.0,3.772,-3.285,-3.118,-3.872
368.0,376.0,3.812,-3.313,-3.196,-3.884
368.0,377.0,3.849,-3.343,-3.261,-3.893
368.0,378.0,3.886,-3.375,-3.315,-3.898
368.0,379.0,3.92,-3.409,-3.36,-3.901
368.0,380.0,3.954,-3.442,-3.398,-3.902
369.0,370.0,3.359,-3.194,-2.217,-3.761
369.0,371.0,3.421,-3.192,-2.471,-3.794
369.0,372.0,3.481,-3.203,-2.676,-3.824
369.0,373.0,3.538,-3.222,-2.842,-3.851
369.0,374.0,3.591,-3.248,-2.979,-3.872
369.0,375.0,3.642,-3.28,-3.09,-3.889
369.0,376.0,3.691,-3.315,-3.183,-3.902
369.0,377.0,3.737,-3.353,-3.26,-3.91
369.0,378.0,3.781,-3.392,-3.324,-3.916
369.0,379.0,3.823,-3.432,-3.377,-3.918
369.0,380.0,3.863,-3.473,-3.422,-3.919
369.0,381.0,3.902,-3.513,-3.46,-3.917
370.0,371.0,3.406,-3.147,-2.044,-3.75
370.0,372.0,3.463,-3.138,-2.325,-3.777
370.0,373.0,3.517,-3.143,-2.549,-3.806
370.0,374.0,3.569,-3.158,-2.73,-3.833
370.0,375.0,3.617,-3.18,-2.877,-3.856
370.0,376.0,3.664,-3.209,-2.997,-3.874
370.0,377.0,3.708,-3.241,-3.096,-3.889
370.0,378.0,3.749,-3.277,-3.178,-3.9
370.0,379.0,3.789,-3.315,-3.247,-3.907
370.0,380.0,3.826,-3.354,-3.304,-3.912
370.0,381.0,3.862,-3.393,-3.352,-3.914
370.0,382.0,3.897,-3.433,-3.393,-3.914
371.0,372.0,3.311,-2.88,-1.659,-3.75
371.0,373.0,3.367,-2.862,-1.969,-3.778
371.0,374.0,3.421,-2.861,-2.22,-3.809
371.0,375.0,3.474,-2.872,-2.425,-3.838
371.0,376.0,3.526,-2.893,-2.594,-3.863
371.0,377.0,3.575,-2.922,-2.733,-3.885
371.0,378.0,3.622,-2.956,-2.849,-3.902
371.0,379.0,3.667,-2.994,-2.946,-3.914
371.0,380.0,3.711,-3.035,-3.027,-3.924
371.0,381.0,3.752,-3.078,-3.096,-3.93
371.0,382.0,3.792,-3.122,-3.154,-3.933
371.0,383.0,3.83,-3.166,-3.203,-3.934
372.0,373.0,3.341,-2.793,-1.534,-3.745
372.0,374.0,3.408,-2.782,-1.867,-3.772
372.0,375.0,3.473,-2.788,-2.135,-3.803
372.0,376.0,3.536,-2.806,-2.354,-3.831
372.0,377.0,3.595,-2.834,-2.533,-3.857
372.0,378.0,3.652,-2.87,-2.681,-3.878
372.0,379.0,3.706,-2.91,-2.803,-3.894
372.0,380.0,3.758,-2.955,-2.905,-3.906
372.0,381.0,3.807,-3.002,-2.991,-3.915
372.0,382.0,3.854,-3.051,-3.063,-3.92
372.0,383.0,3.899,-3.1,-3.123,-3.922
372.0,384.0,3.941,-3.149,-3.175,-3.922
373.0,374.0,3.146,-2.621,-2.233,-3.836
373.0,375.0,3.208,-2.641,-2.425,-3.878
373.0,376.0,3.268,-2.67,-2.584,-3.911
373.0,377.0,3.324,-2.706,-2.717,-3.936
373.0,378.0,3.379,-2.747,-2.828,-3.955
373.0,379.0,3.43,-2.79,-2.921,-3.969
373.0,380.0,3.48,-2.837,-2.999,-3.978
373.0,381.0,3.527,-2.884,-3.065,-3.983
373.0,382.0,3.572,-2.932,-3.122,-3.986
373.0,383.0,3.615,-2.981,-3.169,-3.985
373.0,384.0,3.657,-3.028,-3.21,-3.983
373.0,385.0,3.696,-3.076,-3.245,-3.98
374.0,375.0,2.964,-2.399,-2.204,-3.905
374.0,376.0,3.04,-2.442,-2.415,-3.945
374.0,377.0,3.113,-2.494,-2.591,-3.975
374.0,378.0,3.182,-2.551,-2.737,-3.998
374.0,379.0,3.247,-2.613,-2.86,-4.014
374.0,380.0,3.309,-2.677,-2.963,-4.024
374.0,381.0,3.369,-2.743,-3.05,-4.03
374.0,382.0,3.425,-2.809,-3.124,-4.032
374.0,383.0,3.479,-2.875,-3.187,-4.031
374.0,384.0,3.53,-2.94,-3.24,-4.028
374.0,385.0,3.579,-3.004,-3.286,-4.023
374.0,386.0,3.626,-3.066,-3.326,-4.016
375.0,376.0,2.983,-2.507,-2.124,-3.914
375.0,377.0,3.051,-2.537,-2.342,-3.941
375.0,378.0,3.116,-2.575,-2.52,-3.965
375.0,379.0,3.179,-2.621,-2.668,-3.984
375.0,380.0,3.239,-2.671,-2.791,-3.998
375.0,381.0,3.297,-2.724,-2.894,-4.009
375.0,382.0,3.352,-2.78,-2.98,-4.015
375.0,383.0,3.405,-2.836,-3.053,-4.018
375.0,384.0,3.455,-2.893,-3.115,-4.018
375.0,385.0,3.504,-2.949,-3.168,-4.017
375.0,386.0,3.55,-3.005,-3.213,-4.013
375.0,387.0,3.595,-3.06,-3.251,-4.008
376.0,377.0,3.016,-2.567,-1.925,-3.902
376.0,378.0,3.083,-2.588,-2.185,-3.921
376.0,379.0,3.146,-2.62,-2.397,-3.942
376.0,380.0,3.207,-2.659,-2.57,-3.96
376.0,381.0,3.264,-2.704,-2.713,-3.975
376.0,382.0,3.319,-2.753,-2.832,-3.987
376.0,383.0,3.37,-2.804,-2.932,-3.996
376.0,384.0,3.42,-2.858,-3.015,-4.002
376.0,385.0,3.467,-2.912,-3.086,-4.004
376.0,386.0,3.511,-2.966,-3.146,-4.005
376.0,387.0,3.554,-3.021,-3.198,-4.003
376.0,388.0,3.595,-3.074,-3.242,-4.0
377.0,378.0,2.895,-2.317,-1.674,-3.915
377.0,379.0,2.961,-2.332,-1.948,-3.938
377.0,380.0,3.027,-2.36,-2.171,-3.961
377.0,381.0,3.09,-2.398,-2.356,-3.982
377.0,382.0,3.152,-2.444,-2.508,-4.0
377.0,383.0,3.211,-2.495,-2.636,-4.013
377.0,384.0,3.268,-2.55,-2.743,-4.023
377.0,385.0,3.323,-2.608,-2.833,-4.029
377.0,386.0,3.375,-2.666,-2.91,-4.032
377.0,387.0,3.426,-2.726,-2.975,-4.032
377.0,388.0,3.474,-2.785,-3.031,-4.03
377.0,389.0,3.521,-2.843,-3.079,-4.026
378.0,379.0,2.587,-2.152,-2.009,-3.992
378.0,380.0,2.659,-2.191,-2.215,-4.026
378.0,381.0,2.728,-2.237,-2.388,-4.053
378.0,382.0,2.794,-2.291,-2.533,-4.074
378.0,383.0,2.858,-2.348,-2.655,-4.088
378.0,384.0,2.919,-2.409,-2.758,-4.098
378.0,385.0,2.979,-2.471,-2.846,-4.103
378.0,386.0,3.035,-2.535,-2.921,-4.105
378.0,387.0,3.09,-2.598,-2.985,-4.104
378.0,388.0,3.143,-2.661,-3.04,-4.101
378.0,389.0,3.193,-2.723,-3.088,-4.096
378.0,390.0,3.242,-2.784,-3.129,-4.09
379.0,380.0,2.501,-2.02,-1.793,-4.025
379.0,381.0,2.594,-2.082,-2.048,-4.052
379.0,382.0,2.683,-2.151,-2.261,-4.074
379.0,383.0,2.768,-2.227,-2.438,-4.091
379.0,384.0,2.849,-2.307,-2.586,-4.103
379.0,385.0,2.927,-2.389,-2.712,-4.109
379.0,386.0,3.001,-2.472,-2.818,-4.112
379.0,387.0,3.071,-2.555,-2.908,-4.111
379.0,388.0,3.139,-2.637,-2.985,-4.107
379.0,389.0,3.203,-2.718,-3.051,-4.101
379.0,390.0,3.264,-2.796,-3.108,-4.093
379.0,391.0,3.323,-2.873,-3.157,-4.083
380.0,381.0,2.459,-1.906,-1.274,-4.002
380.0,382.0,2.549,-1.943,-1.581,-4.021
380.0,383.0,2.636,-1.992,-1.834,-4.041
380.0,384.0,2.72,-2.05,-2.045,-4.059
380.0,385.0,2.799,-2.114,-2.22,-4.074
380.0,386.0,2.876,-2.183,-2.368,-4.084
380.0,387.0,2.949,-2.254,-2.492,-4.091
380.0,388.0,3.019,-2.327,-2.598,-4.094
380.0,389.0,3.086,-2.4,-2.687,-4.095
380.0,390.0,3.15,-2.473,-2.764,-4.092
380.0,391.0,3.211,-2.545,-2.829,-4.087
380.0,392.0,3.269,-2.616,-2.886,-4.081
381.0,382.0,2.571,-2.035,-1.512,-4.0
381.0,383.0,2.655,-2.078,-1.783,-4.017
381.0,384.0,2.736,-2.13,-2.006,-4.034
381.0,385.0,2.813,-2.189,-2.193,-4.049
381.0,386.0,2.887,-2.254,-2.348,-4.061
381.0,387.0,2.958,-2.322,-2.479,-4.07
381.0,388.0,3.026,-2.392,-2.59,-4.075
381.0,389.0,3.091,-2.463,-2.684,-4.077
381.0,390.0,3.153,-2.534,-2.764,-4.077
381.0,391.0,3.213,-2.605,-2.833,-4.073
381.0,392.0,3.27,-2.674,-2.892,-4.069
381.0,393.0,3.324,-2.742,-2.943,-4.062
382.0,383.0,2.886,-2.357,-1.572,-3.957
382.0,384.0,2.958,-2.386,-1.847,-3.962
382.0,385.0,3.028,-2.424,-2.072,-3.973
382.0,386.0,3.096,-2.471,-2.257,-3.985
382.0,387.0,3.16,-2.523,-2.41,-3.995
382.0,388.0,3.222,-2.579,-2.538,-4.003
382.0,389.0,3.281,-2.637,-2.645,-4.009
382.0,390.0,3.338,-2.697,-2.736,-4.012
382.0,391.0,3.392,-2.758,-2.813,-4.013
382.0,392.0,3.444,-2.819,-2.879,-4.012
382.0,393.0,3.493,-2.879,-2.936,-4.008
382.0,394.0,3.541,-2.938,-2.984,-4.003
383.0,384.0,3.391,-2.794,-1.109,-3.817
383.0,385.0,3.444,-2.774,-1.462,-3.805
383.0,386.0,3.496,-2.769,-1.744,-3.81
383.0,387.0,3.547,-2.778,-1.974,-3.823
383.0,388.0,3.596,-2.795,-2.161,-3.839
383.0,389.0,3.644,-2.821,-2.315,-3.854
383.0,390.0,3.689,-2.851,-2.442,-3.868
383.0,391.0,3.733,-2.886,-2.548,-3.879
383.0,392.0,3.775,-2.924,-2.637,-3.887
383.0,393.0,3.815,-2.964,-2.712,-3.893
383.0,394.0,3.853,-3.005,-2.776,-3.897
383.0,395.0,3.889,-3.046,-2.83,-3.898
384.0,385.0,3.468,-2.836,-1.16,-3.778
384.0,386.0,3.522,-2.82,-1.477,-3.777
384.0,387.0,3.575,-2.817,-1.735,-3.788
384.0,388.0,3.627,-2.826,-1.947,-3.803
384.0,389.0,3.677,-2.844,-2.121,-3.82
384.0,390.0,3.724,-2.869,-2.266,-3.835
384.0,391.0,3.77,-2.899,-2.387,-3.849
384.0,392.0,3.813,-2.933,-2.489,-3.859
384.0,393.0,3.855,-2.97,-2.575,-3.867
384.0,394.0,3.894,-3.008,-2.648,-3.873
384.0,395.0,3.932,-3.047,-2.71,-3.876
384.0,396.0,3.968,-3.087,-2.763,-3.878
385.0,386.0,3.424,-2.822,-1.141,-3.749
385.0,387.0,3.475,-2.797,-1.455,-3.759
385.0,388.0,3.526,-2.788,-1.712,-3.777
385.0,389.0,3.576,-2.792,-1.924,-3.798
385.0,390.0,3.625,-2.805,-2.099,-3.819
385.0,391.0,3.672,-2.827,-2.246,-3.838
385.0,392.0,3.718,-2.854,-2.368,-3.854
385.0,393.0,3.762,-2.886,-2.471,-3.866
385.0,394.0,3.804,-2.921,-2.558,-3.876
385.0,395.0,3.845,-2.958,-2.632,-3.882
385.0,396.0,3.884,-2.997,-2.695,-3.887
385.0,397.0,3.921,-3.036,-2.749,-3.889
386.0,387.0,3.278,-2.598,-1.017,-3.746
386.0,388.0,3.338,-2.586,-1.337,-3.766
386.0,389.0,3.398,-2.589,-1.6,-3.791
386.0,390.0,3.456,-2.604,-1.817,-3.816
386.0,391.0,3.512,-2.629,-1.999,-3.839
386.0,392.0,3.566,-2.661,-2.151,-3.859
386.0,393.0,3.618,-2.698,-2.279,-3.875
386.0,394.0,3.667,-2.74,-2.387,-3.887
386.0,395.0,3.715,-2.784,-2.478,-3.896
386.0,396.0,3.761,-2.83,-2.557,-3.901
386.0,397.0,3.804,-2.876,-2.624,-3.905
386.0,398.0,3.846,-2.923,-2.681,-3.906
387.0,388.0,3.345,-2.502,-1.355,-3.775
387.0,389.0,3.402,-2.51,-1.593,-3.8
387.0,390.0,3.458,-2.529,-1.791,-3.824
387.0,391.0,3.511,-2.556,-1.957,-3.846
387.0,392.0,3.562,-2.588,-2.097,-3.864
387.0,393.0,3.611,-2.626,-2.216,-3.879
387.0,394.0,3.657,-2.667,-2.316,-3.89
387.0,395.0,3.702,-2.71,-2.402,-3.897
387.0,396.0,3.745,-2.754,-2.476,-3.902
387.0,397.0,3.786,-2.799,-2.539,-3.905
387.0,398.0,3.825,-2.845,-2.594,-3.906
387.0,399.0,3.862,-2.89,-2.641,-3.905
388.0,389.0,3.283,-2.343,-1.588,-3.827
388.0,390.0,3.347,-2.374,-1.796,-3.856
388.0,391.0,3.409,-2.412,-1.972,-3.88
388.0,392.0,3.468,-2.457,-2.12,-3.9
388.0,393.0,3.524,-2.505,-2.246,-3.915
388.0,394.0,3.578,-2.557,-2.354,-3.926
388.0,395.0,3.629,-2.61,-2.445,-3.933
388.0,396.0,3.677,-2.665,-2.524,-3.937
388.0,397.0,3.724,-2.719,-2.592,-3.938
388.0,398.0,3.768,-2.774,-2.65,-3.938
388.0,399.0,3.81,-2.827,-2.701,-3.935
388.0,400.0,3.85,-2.88,-2.744,-3.931
389.0,390.0,3.235,-2.168,-1.783,-3.884
389.0,391.0,3.296,-2.21,-1.948,-3.913
389.0,392.0,3.354,-2.257,-2.088,-3.936
389.0,393.0,3.41,-2.309,-2.207,-3.952
389.0,394.0,3.463,-2.363,-2.309,-3.964
389.0,395.0,3.515,-2.419,-2.397,-3.971
389.0,396.0,3.564,-2.475,-2.472,-3.974
389.0,397.0,3.611,-2.533,-2.537,-3.975
389.0,398.0,3.656,-2.589,-2.593,-3.974
389.0,399.0,3.699,-2.645,-2.642,-3.971
389.0,400.0,3.741,-2.7,-2.685,-3.966
389.0,401.0,3.78,-2.754,-2.722,-3.961
390.0,391.0,3.221,-2.092,-1.513,-3.885
390.0,392.0,3.281,-2.126,-1.718,-3.907
390.0,393.0,3.339,-2.167,-1.89,-3.925
390.0,394.0,3.395,-2.214,-2.034,-3.941
390.0,395.0,3.448,-2.265,-2.155,-3.953
390.0,396.0,3.499,-2.319,-2.258,-3.962
390.0,397.0,3.549,-2.374,-2.345,-3.967
390.0,398.0,3.596,-2.431,-2.42,-3.97
390.0,399.0,3.641,-2.487,-2.484,-3.97
390.0,400.0,3.684,-2.544,-2.54,-3.969
390.0,401.0,3.725,-2.599,-2.588,-3.966
390.0,402.0,3.765,-2.654,-2.63,-3.961
391.0,392.0,3.351,-2.241,-1.743,-3.901
391.0,393.0,3.414,-2.287,-1.92,-3.916
391.0,394.0,3.474,-2.339,-2.07,-3.929
391.0,395.0,3.531,-2.394,-2.198,-3.938
391.0,396.0,3.586,-2.451,-2.306,-3.945
391.0,397.0,3.639,-2.51,-2.399,-3.949
391.0,398.0,3.689,-2.57,-2.479,-3.951
391.0,399.0,3.737,-2.629,-2.548,-3.95
391.0,400.0,3.782,-2.688,-2.608,-3.948
391.0,401.0,3.826,-2.746,-2.66,-3.944
391.0,402.0,3.867,-2.803,-2.706,-3.939
391.0,403.0,3.907,-2.858,-2.746,-3.933
392.0,393.0,3.086,-1.954,-1.669,-3.942
392.0,394.0,3.15,-2.002,-1.833,-3.964
392.0,395.0,3.211,-2.055,-1.972,-3.98
392.0,396.0,3.27,-2.111,-2.09,-3.992
392.0,397.0,3.327,-2.171,-2.192,-4.0
392.0,398.0,3.381,-2.232,-2.279,-4.004
392.0,399.0,3.434,-2.294,-2.354,-4.006
392.0,400.0,3.484,-2.355,-2.419,-4.005
392.0,401.0,3.532,-2.416,-2.476,-4.002
392.0,402.0,3.579,-2.477,-2.525,-3.997
392.0,403.0,3.623,-2.535,-2.569,-3.991
392.0,404.0,3.665,-2.593,-2.607,-3.985
393.0,394.0,3.16,-1.977,-1.236,-3.912
393.0,395.0,3.22,-2.005,-1.469,-3.922
393.0,396.0,3.278,-2.042,-1.664,-3.935
393.0,397.0,3.334,-2.086,-1.827,-3.948
393.0,398.0,3.389,-2.135,-1.965,-3.958
393.0,399.0,3.441,-2.188,-2.082,-3.967
393.0,400.0,3.491,-2.243,-2.182,-3.973
393.0,401.0,3.54,-2.299,-2.268,-3.976
393.0,402.0,3.586,-2.356,-2.342,-3.977
393.0,403.0,3.63,-2.414,-2.405,-3.977
393.0,404.0,3.672,-2.47,-2.461,-3.974
393.0,405.0,3.713,-2.526,-2.509,-3.97
394.0,395.0,3.113,-1.829,-1.036,-3.908
394.0,396.0,3.184,-1.865,-1.294,-3.92
394.0,397.0,3.253,-1.91,-1.508,-3.934
394.0,398.0,3.319,-1.962,-1.688,-3.948
394.0,399.0,3.381,-2.019,-1.84,-3.959
394.0,400.0,3.441,-2.079,-1.969,-3.968
394.0,401.0,3.499,-2.142,-2.078,-3.974
394.0,402.0,3.554,-2.205,-2.172,-3.977
394.0,403.0,3.606,-2.27,-2.253,-3.978
394.0,404.0,3.656,-2.334,-2.323,-3.977
394.0,405.0,3.703,-2.397,-2.384,-3.974
394.0,406.0,3.749,-2.459,-2.437,-3.969
395.0,396.0,2.982,-1.534,-0.715,-3.91
395.0,397.0,3.061,-1.576,-1.017,-3.927
395.0,398.0,3.137,-1.628,-1.27,-3.945
395.0,399.0,3.209,-1.689,-1.482,-3.963
395.0,400.0,3.278,-1.755,-1.661,-3.977
395.0,401.0,3.344,-1.825,-1.813,-3.989
395.0,402.0,3.407,-1.898,-1.943,-3.997
395.0,403.0,3.468,-1.972,-2.055,-4.002
395.0,404.0,3.525,-2.047,-2.151,-4.004
395.0,405.0,3.58,-2.122,-2.234,-4.003
395.0,406.0,3.632,-2.195,-2.306,-4.0
395.0,407.0,3.682,-2.268,-2.369,-3.996
396.0,397.0,2.841,-1.273,-0.475,-3.917
396.0,398.0,2.925,-1.319,-0.791,-3.937
396.0,399.0,3.006,-1.377,-1.056,-3.958
396.0,400.0,3.083,-1.442,-1.279,-3.977
396.0,401.0,3.157,-1.514,-1.469,-3.993
396.0,402.0,3.228,-1.59,-1.63,-4.006
396.0,403.0,3.295,-1.669,-1.769,-4.014
396.0,404.0,3.36,-1.749,-1.888,-4.019
396.0,405.0,3.422,-1.83,-1.991,-4.021
396.0,406.0,3.481,-1.911,-2.08,-4.02
396.0,407.0,3.537,-1.991,-2.158,-4.017
396.0,408.0,3.591,-2.07,-2.227,-4.012
397.0,398.0,2.918,-1.27,0.17,-3.85
397.0,399.0,2.996,-1.283,-0.236,-3.861
397.0,400.0,3.072,-1.313,-0.573,-3.881
397.0,401.0,3.145,-1.356,-0.855,-3.904
397.0,402.0,3.216,-1.41,-1.093,-3.927
397.0,403.0,3.283,-1.471,-1.294,-3.946
397.0,404.0,3.348,-1.538,-1.465,-3.962
397.0,405.0,3.41,-1.608,-1.611,-3.975
397.0,406.0,3.469,-1.682,-1.736,-3.983
397.0,407.0,3.525,-1.756,-1.844,-3.989
397.0,408.0,3.579,-1.831,-1.938,-3.991
397.0,409.0,3.63,-1.906,-2.02,-3.991
398.0,399.0,3.161,-1.362,-0.007,-3.82
398.0,400.0,3.236,-1.382,-0.37,-3.831
398.0,401.0,3.308,-1.416,-0.673,-3.849
398.0,402.0,3.377,-1.462,-0.927,-3.87
398.0,403.0,3.444,-1.515,-1.142,-3.889
398.0,404.0,3.507,-1.576,-1.325,-3.906
398.0,405.0,3.568,-1.641,-1.481,-3.92
398.0,406.0,3.626,-1.709,-1.615,-3.93
398.0,407.0,3.681,-1.779,-1.73,-3.937
398.0,408.0,3.734,-1.85,-1.83,-3.941
398.0,409.0,3.784,-1.922,-1.917,-3.943
398.0,410.0,3.832,-1.993,-1.993,-3.942
399.0,400.0,3.044,-1.155,-0.165,-3.849
399.0,401.0,3.132,-1.203,-0.51,-3.871
399.0,402.0,3.215,-1.262,-0.8,-3.895
399.0,403.0,3.295,-1.33,-1.044,-3.917
399.0,404.0,3.371,-1.404,-1.252,-3.936
399.0,405.0,3.443,-1.484,-1.429,-3.95
399.0,406.0,3.512,-1.566,-1.581,-3.961
399.0,407.0,3.577,-1.65,-1.712,-3.968
399.0,408.0,3.639,-1.735,-1.825,-3.972
399.0,409.0,3.698,-1.82,-1.924,-3.972
399.0,410.0,3.754,-1.904,-2.01,-3.971
399.0,411.0,3.807,-1.986,-2.086,-3.967
400.0,401.0,3.071,-1.066,0.285,-3.797
400.0,402.0,3.149,-1.081,-0.116,-3.814
400.0,403.0,3.225,-1.114,-0.451,-3.84
400.0,404.0,3.299,-1.16,-0.733,-3.866
400.0,405.0,3.37,-1.217,-0.97,-3.891
400.0,406.0,3.439,-1.282,-1.172,-3.912
400.0,407.0,3.505,-1.353,-1.345,-3.929
400.0,408.0,3.568,-1.427,-1.492,-3.942
400.0,409.0,3.629,-1.505,-1.62,-3.951
400.0,410.0,3.687,-1.583,-1.73,-3.956
400.0,411.0,3.742,-1.662,-1.826,-3.959
400.0,412.0,3.794,-1.741,-1.91,-3.959
401.0,402.0,3.059,-1.035,0.064,-3.821
401.0,403.0,3.147,-1.078,-0.3,-3.844
401.0,404.0,3.232,-1.135,-0.606,-3.87
401.0,405.0,3.312,-1.201,-0.865,-3.894
401.0,406.0,3.389,-1.275,-1.086,-3.914
401.0,407.0,3.462,-1.354,-1.275,-3.931
401.0,408.0,3.531,-1.437,-1.438,-3.944
401.0,409.0,3.596,-1.522,-1.578,-3.953
401.0,410.0,3.659,-1.608,-1.7,-3.958
401.0,411.0,3.718,-1.695,-1.805,-3.96
401.0,412.0,3.774,-1.78,-1.898,-3.959
401.0,413.0,3.827,-1.865,-1.98,-3.957
402.0,403.0,2.949,-0.862,0.242,-3.819
402.0,404.0,3.037,-0.903,-0.154,-3.845
402.0,405.0,3.121,-0.959,-0.485,-3.874
402.0,406.0,3.202,-1.026,-0.762,-3.901
402.0,407.0,3.279,-1.101,-0.997,-3.925
402.0,408.0,3.352,-1.181,-1.197,-3.945
402.0,409.0,3.422,-1.266,-1.368,-3.96
402.0,410.0,3.488,-1.354,-1.515,-3.971
402.0,411.0,3.551,-1.443,-1.642,-3.978
402.0,412.0,3.611,-1.532,-1.752,-3.981
402.0,413.0,3.669,-1.621,-1.848,-3.982
402.0,414.0,3.723,-1.709,-1.933,-3.98
403.0,404.0,2.957,-0.808,0.483,-3.785
403.0,405.0,3.051,-0.849,0.045,-3.809
403.0,406.0,3.141,-0.905,-0.32,-3.839
403.0,407.0,3.227,-0.974,-0.626,-3.868
403.0,408.0,3.31,-1.052,-0.884,-3.894
403.0,409.0,3.389,-1.138,-1.103,-3.915
403.0,410.0,3.465,-1.227,-1.29,-3.932
403.0,411.0,3.537,-1.32,-1.451,-3.945
403.0,412.0,3.605,-1.414,-1.589,-3.953
403.0,413.0,3.67,-1.509,-1.709,-3.957
403.0,414.0,3.732,-1.603,-1.813,-3.958
403.0,415.0,3.791,-1.696,-1.904,-3.956
404.0,405.0,2.94,-0.745,0.199,-3.798
404.0,406.0,3.044,-0.813,-0.197,-3.83
404.0,407.0,3.143,-0.893,-0.528,-3.861
404.0,408.0,3.237,-0.983,-0.807,-3.889
404.0,409.0,3.326,-1.079,-1.044,-3.911
404.0,410.0,3.411,-1.18,-1.246,-3.929
404.0,411.0,3.491,-1.283,-1.419,-3.942
404.0,412.0,3.567,-1.387,-1.568,-3.949
404.0,413.0,3.639,-1.491,-1.697,-3.953
404.0,414.0,3.706,-1.594,-1.809,-3.954
404.0,415.0,3.771,-1.696,-1.907,-3.952
404.0,416.0,3.832,-1.795,-1.993,-3.947
405.0,406.0,3.07,-0.751,0.487,-3.764
405.0,407.0,3.165,-0.798,0.098,-3.787
405.0,408.0,3.258,-0.86,-0.229,-3.814
405.0,409.0,3.347,-0.932,-0.507,-3.839
405.0,410.0,3.432,-1.013,-0.743,-3.861
405.0,411.0,3.513,-1.099,-0.945,-3.88
405.0,412.0,3.591,-1.189,-1.119,-3.893
405.0,413.0,3.665,-1.281,-1.27,-3.903
405.0,414.0,3.735,-1.374,-1.401,-3.909
405.0,415.0,3.802,-1.468,-1.515,-3.912
405.0,416.0,3.865,-1.56,-1.616,-3.911
405.0,417.0,3.926,-1.651,-1.704,-3.909
406.0,407.0,3.229,-0.824,0.236,-3.747
406.0,408.0,3.312,-0.87,-0.106,-3.772
406.0,409.0,3.392,-0.928,-0.396,-3.798
406.0,410.0,3.47,-0.996,-0.642,-3.823
406.0,411.0,3.544,-1.071,-0.853,-3.844
406.0,412.0,3.615,-1.151,-1.034,-3.861
406.0,413.0,3.682,-1.235,-1.19,-3.874
406.0,414.0,3.747,-1.321,-1.326,-3.883
406.0,415.0,3.808,-1.407,-1.444,-3.888
406.0,416.0,3.866,-1.494,-1.548,-3.891
406.0,417.0,3.922,-1.58,-1.639,-3.891
406.0,418.0,3.974,-1.665,-1.72,-3.888
407.0,408.0,3.139,-0.676,-0.007,-3.779
407.0,409.0,3.221,-0.733,-0.273,-3.809
407.0,410.0,3.3,-0.799,-0.501,-3.836
407.0,411.0,3.376,-0.871,-0.697,-3.858
407.0,412.0,3.448,-0.949,-0.868,-3.875
407.0,413.0,3.517,-1.03,-1.017,-3.888
407.0,414.0,3.584,-1.113,-1.147,-3.897
407.0,415.0,3.647,-1.197,-1.261,-3.902
407.0,416.0,3.707,-1.281,-1.362,-3.905
407.0,417.0,3.764,-1.365,-1.452,-3.905
407.0,418.0,3.819,-1.447,-1.531,-3.902
407.0,419.0,3.871,-1.529,-1.603,-3.899
408.0,409.0,3.091,-0.602,-0.905,-3.892
408.0,410.0,3.175,-0.706,-1.04,-3.929
408.0,411.0,3.255,-0.811,-1.161,-3.952
408.0,412.0,3.33,-0.915,-1.27,-3.966
408.0,413.0,3.402,-1.019,-1.367,-3.972
408.0,414.0,3.47,-1.12,-1.455,-3.973
408.0,415.0,3.535,-1.22,-1.534,-3.97
408.0,416.0,3.597,-1.317,-1.605,-3.965
408.0,417.0,3.655,-1.411,-1.67,-3.958
408.0,418.0,3.711,-1.502,-1.729,-3.949
408.0,419.0,3.764,-1.591,-1.783,-3.94
408.0,420.0,3.815,-1.676,-1.833,-3.93
409.0,410.0,3.136,-0.656,-1.277,-3.952
409.0,411.0,3.217,-0.773,-1.403,-3.979
409.0,412.0,3.292,-0.889,-1.515,-3.995
409.0,413.0,3.364,-1.003,-1.615,-4.003
409.0,414.0,3.431,-1.115,-1.705,-4.005
409.0,415.0,3.495,-1.225,-1.785,-4.002
409.0,416.0,3.556,-1.331,-1.857,-3.997
409.0,417.0,3.614,-1.433,-1.922,-3.989
409.0,418.0,3.669,-1.533,-1.981,-3.98
409.0,419.0,3.721,-1.629,-2.034,-3.97
409.0,420.0,3.771,-1.721,-2.083,-3.959
409.0,421.0,3.818,-1.809,-2.127,-3.948
410.0,411.0,3.243,-0.769,-1.228,-3.979
410.0,412.0,3.325,-0.887,-1.372,-3.991
410.0,413.0,3.403,-1.004,-1.498,-3.997
410.0,414.0,3.476,-1.119,-1.61,-3.999
410.0,415.0,3.546,-1.233,-1.708,-3.996
410.0,416.0,3.611,-1.343,-1.796,-3.991
410.0,417.0,3.674,-1.45,-1.874,-3.984
410.0,418.0,3.733,-1.554,-1.943,-3.976
410.0,419.0,3.789,-1.654,-2.006,-3.966
410.0,420.0,3.843,-1.751,-2.063,-3.955
410.0,421.0,3.893,-1.843,-2.114,-3.944
410.0,422.0,3.941,-1.932,-2.161,-3.933
411.0,412.0,3.095,-0.705,-1.674,-4.063
411.0,413.0,3.183,-0.85,-1.736,-4.078
411.0,414.0,3.266,-0.99,-1.796,-4.08
411.0,415.0,3.344,-1.124,-1.853,-4.075
411.0,416.0,3.418,-1.252,-1.907,-4.064
411.0,417.0,3.488,-1.374,-1.958,-4.051
411.0,418.0,3.554,-1.49,-2.006,-4.036
411.0,419.0,3.617,-1.601,-2.051,-4.02
411.0,420.0,3.677,-1.706,-2.093,-4.004
411.0,421.0,3.733,-1.806,-2.132,-3.988
411.0,422.0,3.787,-1.902,-2.169,-3.972
411.0,423.0,3.838,-1.992,-2.204,-3.956
412.0,413.0,3.287,-0.922,-1.85,-4.072
412.0,414.0,3.362,-1.056,-1.902,-4.074
412.0,415.0,3.433,-1.185,-1.953,-4.068
412.0,416.0,3.5,-1.308,-2.001,-4.058
412.0,417.0,3.563,-1.426,-2.047,-4.045
412.0,418.0,3.623,-1.538,-2.091,-4.031
412.0,419.0,3.68,-1.644,-2.132,-4.015
412.0,420.0,3.734,-1.746,-2.171,-4.0
412.0,421.0,3.785,-1.842,-2.207,-3.984
412.0,422.0,3.834,-1.934,-2.241,-3.969
412.0,423.0,3.88,-2.022,-2.274,-3.954
412.0,424.0,3.924,-2.105,-2.304,-3.939
413.0,414.0,3.131,-0.868,-2.507,-4.161
413.0,415.0,3.202,-1.026,-2.445,-4.17
413.0,416.0,3.269,-1.173,-2.401,-4.163
413.0,417.0,3.332,-1.309,-2.372,-4.147
413.0,418.0,3.391,-1.435,-2.354,-4.127
413.0,419.0,3.447,-1.553,-2.344,-4.104
413.0,420.0,3.501,-1.663,-2.341,-4.081
413.0,421.0,3.551,-1.766,-2.342,-4.058
413.0,422.0,3.6,-1.862,-2.346,-4.036
413.0,423.0,3.646,-1.952,-2.353,-4.015
413.0,424.0,3.69,-2.037,-2.363,-3.996
413.0,425.0,3.731,-2.116,-2.373,-3.977
414.0,415.0,3.094,-1.103,-2.548,-4.176
414.0,416.0,3.163,-1.253,-2.516,-4.171
414.0,417.0,3.227,-1.392,-2.497,-4.158
414.0,418.0,3.288,-1.522,-2.488,-4.139
414.0,419.0,3.345,-1.643,-2.486,-4.117
414.0,420.0,3.4,-1.756,-2.489,-4.095
414.0,421.0,3.452,-1.862,-2.495,-4.073
414.0,422.0,3.501,-1.961,-2.505,-4.052
414.0,423.0,3.548,-2.054,-2.516,-4.032
414.0,424.0,3.593,-2.141,-2.528,-4.012
414.0,425.0,3.635,-2.224,-2.542,-3.994
414.0,426.0,3.676,-2.301,-2.556,-3.977
415.0,416.0,2.916,-0.893,-2.15,-4.18
415.0,417.0,2.99,-1.038,-2.176,-4.172
415.0,418.0,3.06,-1.175,-2.206,-4.158
415.0,419.0,3.127,-1.305,-2.236,-4.142
415.0,420.0,3.19,-1.427,-2.266,-4.123
415.0,421.0,3.25,-1.544,-2.296,-4.104
415.0,422.0,3.307,-1.654,-2.325,-4.085
415.0,423.0,3.361,-1.758,-2.354,-4.067
415.0,424.0,3.413,-1.857,-2.381,-4.049
415.0,425.0,3.463,-1.95,-2.408,-4.031
415.0,426.0,3.51,-2.039,-2.433,-4.015
415.0,427.0,3.554,-2.123,-2.457,-3.999
416.0,417.0,2.481,-0.627,-2.497,-4.275
416.0,418.0,2.561,-0.795,-2.454,-4.28
416.0,419.0,2.636,-0.952,-2.429,-4.271
416.0,420.0,2.707,-1.098,-2.416,-4.254
416.0,421.0,2.775,-1.236,-2.413,-4.233
416.0,422.0,2.839,-1.364,-2.416,-4.21
416.0,423.0,2.901,-1.485,-2.424,-4.186
416.0,424.0,2.96,-1.599,-2.435,-4.163
416.0,425.0,3.016,-1.706,-2.449,-4.14
416.0,426.0,3.071,-1.806,-2.465,-4.118
416.0,427.0,3.122,-1.902,-2.481,-4.098
416.0,428.0,3.172,-1.991,-2.499,-4.079
417.0,418.0,2.475,-0.66,-2.025,-4.251
417.0,419.0,2.552,-0.804,-2.068,-4.241
417.0,420.0,2.624,-0.942,-2.11,-4.227
417.0,421.0,2.694,-1.073,-2.151,-4.21
417.0,422.0,2.76,-1.198,-2.191,-4.192
417.0,423.0,2.824,-1.317,-2.229,-4.174
417.0,424.0,2.885,-1.431,-2.266,-4.155
417.0,425.0,2.943,-1.539,-2.3,-4.137
417.0,426.0,2.999,-1.642,-2.334,-4.119
417.0,427.0,3.052,-1.74,-2.365,-4.102
417.0,428.0,3.103,-1.833,-2.395,-4.085
417.0,429.0,3.152,-1.922,-2.424,-4.069
418.0,419.0,2.441,-0.876,-1.673,-4.203
418.0,420.0,2.512,-0.989,-1.783,-4.185
418.0,421.0,2.581,-1.1,-1.878,-4.17
418.0,422.0,2.647,-1.208,-1.962,-4.157
418.0,423.0,2.71,-1.313,-2.036,-4.144
418.0,424.0,2.771,-1.414,-2.102,-4.132
418.0,425.0,2.829,-1.513,-2.161,-4.119
418.0,426.0,2.885,-1.608,-2.214,-4.107
418.0,427.0,2.938,-1.699,-2.262,-4.094
418.0,428.0,2.99,-1.787,-2.306,-4.082
418.0,429.0,3.039,-1.871,-2.346,-4.07
418.0,430.0,3.086,-1.952,-2.383,-4.058
419.0,420.0,2.413,-0.796,-1.392,-4.175
419.0,421.0,2.485,-0.904,-1.535,-4.16
419.0,422.0,2.555,-1.012,-1.658,-4.148
419.0,423.0,2.622,-1.118,-1.765,-4.138
419.0,424.0,2.686,-1.222,-1.858,-4.129
419.0,425.0,2.748,-1.324,-1.94,-4.12
419.0,426.0,2.807,-1.423,-2.012,-4.11
419.0,427.0,2.864,-1.52,-2.077,-4.1
419.0,428.0,2.918,-1.614,-2.135,-4.09
419.0,429.0,2.97,-1.704,-2.187,-4.079
419.0,430.0,3.02,-1.792,-2.234,-4.068
419.0,431.0,3.068,-1.876,-2.277,-4.057
420.0,421.0,2.677,-1.125,-1.496,-4.127
420.0,422.0,2.74,-1.216,-1.621,-4.107
420.0,423.0,2.801,-1.306,-1.728,-4.093
420.0,424.0,2.86,-1.395,-1.821,-4.082
420.0,425.0,2.916,-1.483,-1.902,-4.072
420.0,426.0,2.97,-1.569,-1.973,-4.063
420.0,427.0,3.022,-1.653,-2.036,-4.054
420.0,428.0,3.072,-1.734,-2.092,-4.045
420.0,429.0,3.12,-1.813,-2.142,-4.035
420.0,430.0,3.166,-1.889,-2.187,-4.026
420.0,431.0,3.21,-1.963,-2.228,-4.016
420.0,432.0,3.253,-2.034,-2.266,-4.007
421.0,422.0,2.446,-0.936,-2.154,-4.214
421.0,423.0,2.515,-1.066,-2.16,-4.214
421.0,424.0,2.58,-1.188,-2.172,-4.207
421.0,425.0,2.642,-1.304,-2.189,-4.194
421.0,426.0,2.701,-1.413,-2.208,-4.178
421.0,427.0,2.758,-1.517,-2.229,-4.162
421.0,428.0,2.813,-1.616,-2.251,-4.144
421.0,429.0,2.866,-1.709,-2.273,-4.127
421.0,430.0,2.916,-1.798,-2.296,-4.11
421.0,431.0,2.965,-1.882,-2.318,-4.094
421.0,432.0,3.012,-1.962,-2.34,-4.078
421.0,433.0,3.057,-2.038,-2.362,-4.063
422.0,423.0,2.283,-1.11,-2.519,-4.257
422.0,424.0,2.353,-1.244,-2.49,-4.258
422.0,425.0,2.42,-1.369,-2.473,-4.249
422.0,426.0,2.484,-1.486,-2.466,-4.233
422.0,427.0,2.546,-1.595,-2.465,-4.215
422.0,428.0,2.604,-1.698,-2.469,-4.195
422.0,429.0,2.661,-1.794,-2.477,-4.175
422.0,430.0,2.715,-1.885,-2.487,-4.156
422.0,431.0,2.767,-1.97,-2.499,-4.137
422.0,432.0,2.817,-2.051,-2.512,-4.118
422.0,433.0,2.865,-2.127,-2.526,-4.101
422.0,434.0,2.911,-2.199,-2.54,-4.085
423.0,424.0,1.699,-1.533,-1.774,-4.193
423.0,425.0,1.769,-1.603,-1.914,-4.185
423.0,426.0,1.837,-1.675,-2.032,-4.18
423.0,427.0,1.903,-1.748,-2.133,-4.176
423.0,428.0,1.966,-1.821,-2.22,-4.172
423.0,429.0,2.027,-1.894,-2.295,-4.168
423.0,430.0,2.086,-1.965,-2.36,-4.162
423.0,431.0,2.143,-2.035,-2.417,-4.156
423.0,432.0,2.198,-2.104,-2.468,-4.149
423.0,433.0,2.251,-2.171,-2.513,-4.141
423.0,434.0,2.302,-2.236,-2.553,-4.133
423.0,435.0,2.352,-2.299,-2.588,-4.124
424.0,425.0,1.531,-1.407,-1.523,-4.191
424.0,426.0,1.603,-1.483,-1.682,-4.189
424.0,427.0,1.673,-1.562,-1.817,-4.187
424.0,428.0,1.74,-1.642,-1.932,-4.186
424.0,429.0,1.805,-1.722,-2.032,-4.184
424.0,430.0,1.867,-1.802,-2.118,-4.181
424.0,431.0,1.927,-1.881,-2.194,-4.177
424.0,432.0,1.985,-1.958,-2.26,-4.171
424.0,433.0,2.041,-2.034,-2.319,-4.165
424.0,434.0,2.094,-2.107,-2.371,-4.158
424.0,435.0,2.146,-2.179,-2.417,-4.15
424.0,436.0,2.196,-2.248,-2.459,-4.141
425.0,426.0,1.682,-1.519,-1.917,-4.2
425.0,427.0,1.747,-1.606,-2.006,-4.198
425.0,428.0,1.81,-1.692,-2.084,-4.195
425.0,429.0,1.871,-1.776,-2.153,-4.19
425.0,430.0,1.929,-1.858,-2.215,-4.183
425.0,431.0,1.986,-1.938,-2.269,-4.176
425.0,432.0,2.04,-2.016,-2.319,-4.167
425.0,433.0,2.093,-2.091,-2.363,-4.158
425.0,434.0,2.143,-2.163,-2.404,-4.149
425.0,435.0,2.193,-2.233,-2.441,-4.139
425.0,436.0,2.24,-2.3,-2.474,-4.129
425.0,437.0,2.286,-2.364,-2.505,-4.118
426.0,427.0,1.766,-1.62,-2.103,-4.208
426.0,428.0,1.828,-1.708,-2.172,-4.205
426.0,429.0,1.888,-1.794,-2.233,-4.2
426.0,430.0,1.946,-1.878,-2.289,-4.193
426.0,431.0,2.002,-1.959,-2.339,-4.185
426.0,432.0,2.055,-2.038,-2.384,-4.175
426.0,433.0,2.107,-2.113,-2.425,-4.166
426.0,434.0,2.158,-2.186,-2.462,-4.155
426.0,435.0,2.206,-2.256,-2.497,-4.145
426.0,436.0,2.253,-2.322,-2.528,-4.135
426.0,437.0,2.299,-2.386,-2.557,-4.124
426.0,438.0,2.343,-2.448,-2.584,-4.114
427.0,428.0,1.54,-1.411,-1.957,-4.225
427.0,429.0,1.606,-1.499,-2.043,-4.228
427.0,430.0,1.669,-1.586,-2.119,-4.226
427.0,431.0,1.731,-1.672,-2.186,-4.223
427.0,432.0,1.79,-1.755,-2.246,-4.217
427.0,433.0,1.846,-1.836,-2.3,-4.21
427.0,434.0,1.901,-1.915,-2.349,-4.201
427.0,435.0,1.954,-1.991,-2.393,-4.192
427.0,436.0,2.006,-2.065,-2.433,-4.182
427.0,437.0,2.055,-2.136,-2.469,-4.172
427.0,438.0,2.103,-2.204,-2.503,-4.162
427.0,439.0,2.149,-2.269,-2.533,-4.151
428.0,429.0,1.897,-1.791,-2.212,-4.201
428.0,430.0,1.947,-1.865,-2.256,-4.191
428.0,431.0,1.996,-1.935,-2.297,-4.182
428.0,432.0,2.043,-2.004,-2.334,-4.172
428.0,433.0,2.089,-2.07,-2.367,-4.162
428.0,434.0,2.133,-2.133,-2.398,-4.152
428.0,435.0,2.176,-2.194,-2.427,-4.142
428.0,436.0,2.218,-2.252,-2.453,-4.132
428.0,437.0,2.258,-2.309,-2.477,-4.122
428.0,438.0,2.298,-2.362,-2.5,-4.113
428.0,439.0,2.336,-2.414,-2.521,-4.103
428.0,440.0,2.373,-2.463,-2.54,-4.094
429.0,430.0,1.873,-1.773,-2.225,-4.201
429.0,431.0,1.926,-1.851,-2.278,-4.194
429.0,432.0,1.977,-1.927,-2.325,-4.186
429.0,433.0,2.027,-2.0,-2.368,-4.177
429.0,434.0,2.074,-2.07,-2.407,-4.168
429.0,435.0,2.121,-2.138,-2.442,-4.159
429.0,436.0,2.166,-2.204,-2.475,-4.149
429.0,437.0,2.209,-2.266,-2.505,-4.139
429.0,438.0,2.251,-2.326,-2.532,-4.13
429.0,439.0,2.292,-2.384,-2.557,-4.12
429.0,440.0,2.331,-2.439,-2.58,-4.11
429.0,441.0,2.37,-2.492,-2.602,-4.101
430.0,431.0,2.176,-2.075,-2.325,-4.166
430.0,432.0,2.22,-2.14,-2.368,-4.15
430.0,433.0,2.263,-2.202,-2.406,-4.136
430.0,434.0,2.304,-2.262,-2.44,-4.124
430.0,435.0,2.345,-2.32,-2.47,-4.114
430.0,436.0,2.384,-2.376,-2.498,-4.103
430.0,437.0,2.423,-2.43,-2.524,-4.094
430.0,438.0,2.46,-2.481,-2.547,-4.084
430.0,439.0,2.496,-2.531,-2.569,-4.075
430.0,440.0,2.532,-2.578,-2.589,-4.067
430.0,441.0,2.566,-2.623,-2.608,-4.058
430.0,442.0,2.599,-2.667,-2.625,-4.05
431.0,432.0,2.104,-2.02,-2.285,-4.155
431.0,433.0,2.153,-2.087,-2.332,-4.144
431.0,434.0,2.199,-2.153,-2.373,-4.134
431.0,435.0,2.244,-2.216,-2.411,-4.124
431.0,436.0,2.288,-2.277,-2.444,-4.115
431.0,437.0,2.33,-2.336,-2.475,-4.105
431.0,438.0,2.372,-2.393,-2.503,-4.096
431.0,439.0,2.411,-2.447,-2.529,-4.087
431.0,440.0,2.45,-2.499,-2.552,-4.078
431.0,441.0,2.487,-2.549,-2.574,-4.069
431.0,442.0,2.524,-2.597,-2.595,-4.06
431.0,443.0,2.559,-2.643,-2.613,-4.052
432.0,433.0,2.309,-2.249,-2.521,-4.139
432.0,434.0,2.349,-2.31,-2.533,-4.126
432.0,435.0,2.386,-2.368,-2.545,-4.113
432.0,436.0,2.423,-2.423,-2.557,-4.101
432.0,437.0,2.459,-2.475,-2.57,-4.089
432.0,438.0,2.494,-2.524,-2.582,-4.078
432.0,439.0,2.528,-2.571,-2.594,-4.068
432.0,440.0,2.562,-2.615,-2.606,-4.058
432.0,441.0,2.594,-2.657,-2.618,-4.049
432.0,442.0,2.625,-2.697,-2.629,-4.04
432.0,443.0,2.656,-2.735,-2.64,-4.031
432.0,444.0,2.686,-2.772,-2.65,-4.023
433.0,434.0,2.637,-2.594,-2.811,-4.106
433.0,435.0,2.667,-2.65,-2.789,-4.087
433.0,436.0,2.697,-2.702,-2.774,-4.069
433.0,437.0,2.726,-2.749,-2.763,-4.053
433.0,438.0,2.754,-2.793,-2.755,-4.039
433.0,439.0,2.782,-2.834,-2.751,-4.025
433.0,440.0,2.81,-2.871,-2.748,-4.013
433.0,441.0,2.837,-2.907,-2.747,-4.002
433.0,442.0,2.863,-2.94,-2.748,-3.992
433.0,443.0,2.889,-2.97,-2.75,-3.983
433.0,444.0,2.914,-3.0,-2.752,-3.974
433.0,445.0,2.938,-3.027,-2.755,-3.966
434.0,435.0,3.106,-3.112,-2.766,-4.01
434.0,436.0,3.125,-3.135,-2.779,-3.978
434.0,437.0,3.143,-3.156,-2.79,-3.955
434.0,438.0,3.162,-3.176,-2.798,-3.938
434.0,439.0,3.182,-3.194,-2.804,-3.925
434.0,440.0,3.201,-3.212,-2.81,-3.915
434.0,441.0,3.219,-3.229,-2.815,-3.907
434.0,442.0,3.238,-3.245,-2.819,-3.901
434.0,443.0,3.256,-3.26,-2.823,-3.895
434.0,444.0,3.274,-3.274,-2.827,-3.89
434.0,445.0,3.291,-3.288,-2.83,-3.885
434.0,446.0,3.309,-3.301,-2.833,-3.881
435.0,436.0,3.586,-3.645,-2.943,-3.913
435.0,437.0,3.595,-3.647,-2.947,-3.876
435.0,438.0,3.605,-3.648,-2.948,-3.851
435.0,439.0,3.616,-3.648,-2.947,-3.833
435.0,440.0,3.626,-3.648,-2.945,-3.821
435.0,441.0,3.637,-3.647,-2.942,-3.812
435.0,442.0,3.648,-3.646,-2.938,-3.806
435.0,443.0,3.659,-3.645,-2.935,-3.801
435.0,444.0,3.67,-3.644,-2.932,-3.797
435.0,445.0,3.681,-3.643,-2.929,-3.794
435.0,446.0,3.691,-3.642,-2.925,-3.791
435.0,447.0,3.702,-3.641,-2.922,-3.789
436.0,437.0,3.395,-3.435,-3.02,-3.905
436.0,438.0,3.412,-3.456,-3.0,-3.887
436.0,439.0,3.429,-3.474,-2.984,-3.872
436.0,440.0,3.445,-3.49,-2.971,-3.86
436.0,441.0,3.462,-3.504,-2.96,-3.85
436.0,442.0,3.478,-3.517,-2.951,-3.842
436.0,443.0,3.494,-3.528,-2.943,-3.835
436.0,444.0,3.509,-3.539,-2.937,-3.828
436.0,445.0,3.525,-3.548,-2.932,-3.823
436.0,446.0,3.54,-3.556,-2.927,-3.818
436.0,447.0,3.555,-3.564,-2.924,-3.813
436.0,448.0,3.57,-3.571,-2.921,-3.809
437.0,438.0,3.365,-3.411,-3.128,-3.896
437.0,439.0,3.381,-3.434,-3.093,-3.884
437.0,440.0,3.396,-3.454,-3.065,-3.873
437.0,441.0,3.412,-3.471,-3.042,-3.863
437.0,442.0,3.427,-3.486,-3.024,-3.854
437.0,443.0,3.442,-3.5,-3.008,-3.846
437.0,444.0,3.457,-3.511,-2.995,-3.838
437.0,445.0,3.471,-3.522,-2.985,-3.832
437.0,446.0,3.486,-3.531,-2.976,-3.826
437.0,447.0,3.5,-3.539,-2.969,-3.821
437.0,448.0,3.514,-3.546,-2.963,-3.816
437.0,449.0,3.528,-3.553,-2.958,-3.811
438.0,439.0,2.876,-2.876,-2.416,-3.878
438.0,440.0,2.913,-2.907,-2.518,-3.877
438.0,441.0,2.95,-2.939,-2.603,-3.879
438.0,442.0,2.984,-2.974,-2.673,-3.881
438.0,443.0,3.018,-3.009,-2.732,-3.883
438.0,444.0,3.05,-3.044,-2.782,-3.883
438.0,445.0,3.08,-3.08,-2.824,-3.884
438.0,446.0,3.11,-3.115,-2.861,-3.883
438.0,447.0,3.138,-3.15,-2.893,-3.881
438.0,448.0,3.166,-3.184,-2.92,-3.879
438.0,449.0,3.192,-3.217,-2.945,-3.877
438.0,450.0,3.218,-3.249,-2.966,-3.873
439.0,440.0,2.535,-2.507,-2.381,-3.918
439.0,441.0,2.578,-2.55,-2.454,-3.929
439.0,442.0,2.619,-2.594,-2.516,-3.937
439.0,443.0,2.658,-2.639,-2.57,-3.941
439.0,444.0,2.695,-2.683,-2.616,-3.943
439.0,445.0,2.731,-2.726,-2.657,-3.943
439.0,446.0,2.765,-2.769,-2.693,-3.942
439.0,447.0,2.799,-2.811,-2.724,-3.939
439.0,448.0,2.831,-2.852,-2.751,-3.936
439.0,449.0,2.862,-2.891,-2.776,-3.932
439.0,450.0,2.892,-2.929,-2.798,-3.928
439.0,451.0,2.921,-2.966,-2.817,-3.923
440.0,441.0,2.518,-2.498,-2.059,-3.902
440.0,442.0,2.559,-2.523,-2.159,-3.906
440.0,443.0,2.599,-2.551,-2.243,-3.911
440.0,444.0,2.636,-2.581,-2.314,-3.915
440.0,445.0,2.673,-2.612,-2.374,-3.918
440.0,446.0,2.708,-2.644,-2.425,-3.92
440.0,447.0,2.742,-2.677,-2.469,-3.921
440.0,448.0,2.774,-2.709,-2.507,-3.921
440.0,449.0,2.806,-2.742,-2.54,-3.921
440.0,450.0,2.836,-2.774,-2.568,-3.919
440.0,451.0,2.865,-2.805,-2.594,-3.916
440.0,452.0,2.894,-2.836,-2.616,-3.913
441.0,442.0,2.662,-2.669,-1.847,-3.847
441.0,443.0,2.699,-2.674,-1.995,-3.845
441.0,444.0,2.736,-2.684,-2.117,-3.848
441.0,445.0,2.771,-2.7,-2.217,-3.854
441.0,446.0,2.805,-2.719,-2.3,-3.861
441.0,447.0,2.838,-2.741,-2.37,-3.867
441.0,448.0,2.87,-2.765,-2.429,-3.872
441.0,449.0,2.901,-2.791,-2.479,-3.875
441.0,450.0,2.93,-2.817,-2.521,-3.878
441.0,451.0,2.959,-2.843,-2.558,-3.879
441.0,452.0,2.986,-2.87,-2.589,-3.879
441.0,453.0,3.013,-2.897,-2.616,-3.879
442.0,443.0,2.327,-2.29,-0.837,-3.775
442.0,444.0,2.376,-2.269,-1.128,-3.778
442.0,445.0,2.425,-2.261,-1.366,-3.792
442.0,446.0,2.472,-2.264,-1.561,-3.81
442.0,447.0,2.517,-2.276,-1.723,-3.829
442.0,448.0,2.56,-2.295,-1.858,-3.847
442.0,449.0,2.602,-2.319,-1.971,-3.862
442.0,450.0,2.642,-2.347,-2.066,-3.875
442.0,451.0,2.68,-2.378,-2.146,-3.886
442.0,452.0,2.717,-2.411,-2.215,-3.893
442.0,453.0,2.752,-2.445,-2.274,-3.899
442.0,454.0,2.786,-2.48,-2.324,-3.902
443.0,444.0,1.961,-1.88,-0.308,-3.756
443.0,445.0,2.019,-1.855,-0.631,-3.773
443.0,446.0,2.075,-1.846,-0.899,-3.798
443.0,447.0,2.129,-1.851,-1.121,-3.824
443.0,448.0,2.181,-1.865,-1.307,-3.85
443.0,449.0,2.231,-1.888,-1.463,-3.873
443.0,450.0,2.279,-1.917,-1.595,-3.892
443.0,451.0,2.325,-1.951,-1.707,-3.908
443.0,452.0,2.369,-1.988,-1.803,-3.921
443.0,453.0,2.411,-2.027,-1.885,-3.93
443.0,454.0,2.452,-2.068,-1.955,-3.937
443.0,455.0,2.491,-2.11,-2.017,-3.942
444.0,445.0,1.93,-1.744,-0.063,-3.732
444.0,446.0,1.995,-1.719,-0.41,-3.753
444.0,447.0,2.058,-1.712,-0.696,-3.781
444.0,448.0,2.119,-1.718,-0.935,-3.811
444.0,449.0,2.177,-1.735,-1.134,-3.839
444.0,450.0,2.233,-1.76,-1.301,-3.864
444.0,451.0,2.286,-1.792,-1.442,-3.885
444.0,452.0,2.337,-1.829,-1.562,-3.902
444.0,453.0,2.385,-1.869,-1.664,-3.915
444.0,454.0,2.431,-1.912,-1.751,-3.925
444.0,455.0,2.475,-1.956,-1.827,-3.932
444.0,456.0,2.518,-2.001,-1.892,-3.937
445.0,446.0,1.94,-1.488,0.635,-3.668
445.0,447.0,2.008,-1.447,0.199,-3.688
445.0,448.0,2.074,-1.428,-0.162,-3.719
445.0,449.0,2.138,-1.427,-0.462,-3.755
445.0,450.0,2.199,-1.44,-0.713,-3.789
445.0,451.0,2.258,-1.464,-0.924,-3.821
445.0,452.0,2.314,-1.496,-1.102,-3.849
445.0,453.0,2.367,-1.536,-1.254,-3.872
445.0,454.0,2.418,-1.58,-1.383,-3.891
445.0,455.0,2.467,-1.627,-1.494,-3.906
445.0,456.0,2.513,-1.677,-1.59,-3.917
445.0,457.0,2.558,-1.729,-1.673,-3.924
446.0,447.0,1.699,-1.073,1.404,-3.622
446.0,448.0,1.776,-1.022,0.894,-3.647
446.0,449.0,1.852,-0.996,0.47,-3.686
446.0,450.0,1.925,-0.992,0.115,-3.73
446.0,451.0,1.995,-1.004,-0.184,-3.772
446.0,452.0,2.062,-1.03,-0.436,-3.811
446.0,453.0,2.126,-1.066,-0.65,-3.845
446.0,454.0,2.187,-1.11,-0.833,-3.873
446.0,455.0,2.245,-1.161,-0.99,-3.896
446.0,456.0,2.301,-1.215,-1.124,-3.915
446.0,457.0,2.354,-1.273,-1.24,-3.928
446.0,458.0,2.404,-1.333,-1.342,-3.939
447.0,448.0,1.581,-0.763,2.841,-3.334
447.0,449.0,1.696,-0.705,1.818,-3.377
447.0,450.0,1.804,-0.689,1.016,-3.452
447.0,451.0,1.905,-0.705,0.382,-3.536
447.0,452.0,1.998,-0.746,-0.124,-3.618
447.0,453.0,2.086,-0.805,-0.531,-3.692
447.0,454.0,2.167,-0.877,-0.863,-3.755
447.0,455.0,2.243,-0.96,-1.134,-3.806
447.0,456.0,2.314,-1.049,-1.359,-3.847
447.0,457.0,2.38,-1.142,-1.545,-3.878
447.0,458.0,2.443,-1.238,-1.702,-3.902
447.0,459.0,2.501,-1.335,-1.835,-3.919
448.0,449.0,2.531,-1.364,2.94,-3.068
448.0,450.0,2.582,-1.197,2.352,-3.093
448.0,451.0,2.636,-1.069,1.854,-3.146
448.0,452.0,2.691,-0.973,1.431,-3.212
448.0,453.0,2.745,-0.905,1.07,-3.282
448.0,454.0,2.799,-0.86,0.761,-3.348
448.0,455.0,2.851,-0.833,0.496,-3.409
448.0,456.0,2.901,-0.822,0.268,-3.463
448.0,457.0,2.949,-0.824,0.071,-3.511
448.0,458.0,2.995,-0.836,-0.099,-3.551
448.0,459.0,3.04,-0.856,-0.247,-3.585
448.0,460.0,3.083,-0.883,-0.377,-3.613
449.0,450.0,2.828,-1.588,1.762,-3.013
449.0,451.0,2.885,-1.469,1.364,-3.07
449.0,452.0,2.94,-1.375,1.025,-3.136
449.0,453.0,2.993,-1.303,0.737,-3.201
449.0,454.0,3.044,-1.25,0.491,-3.263
449.0,455.0,3.092,-1.212,0.281,-3.319
449.0,456.0,3.137,-1.187,0.1,-3.369
449.0,457.0,3.18,-1.173,-0.055,-3.412
449.0,458.0,3.221,-1.168,-0.189,-3.449
449.0,459.0,3.26,-1.169,-0.305,-3.48
449.0,460.0,3.298,-1.177,-0.405,-3.506
449.0,461.0,3.333,-1.19,-0.493,-3.528
450.0,451.0,2.8,-0.876,2.272,-2.973
450.0,452.0,2.877,-0.785,1.833,-3.042
450.0,453.0,2.951,-0.719,1.459,-3.115
450.0,454.0,3.02,-0.674,1.141,-3.187
450.0,455.0,3.084,-0.647,0.87,-3.252
450.0,456.0,3.145,-0.633,0.637,-3.311
450.0,457.0,3.201,-0.632,0.438,-3.363
450.0,458.0,3.254,-0.639,0.265,-3.407
450.0,459.0,3.304,-0.655,0.116,-3.444
450.0,460.0,3.351,-0.676,-0.014,-3.476
450.0,461.0,3.395,-0.703,-0.127,-3.502
450.0,462.0,3.437,-0.733,-0.227,-3.523
451.0,452.0,2.512,0.185,1.411,-3.212
451.0,453.0,2.573,0.222,1.321,-3.303
451.0,454.0,2.629,0.25,1.241,-3.368
451.0,455.0,2.682,0.269,1.168,-3.416
451.0,456.0,2.733,0.282,1.101,-3.451
451.0,457.0,2.782,0.288,1.04,-3.477
451.0,458.0,2.829,0.29,0.984,-3.497
451.0,459.0,2.876,0.287,0.932,-3.513
451.0,460.0,2.921,0.281,0.883,-3.525
451.0,461.0,2.966,0.271,0.837,-3.534
451.0,462.0,3.009,0.259,0.794,-3.542
451.0,463.0,3.052,0.245,0.754,-3.548
452.0,453.0,2.915,0.169,2.086,-3.144
452.0,454.0,2.96,0.258,1.946,-3.196
452.0,455.0,3.005,0.329,1.818,-3.242
452.0,456.0,3.05,0.387,1.7,-3.283
452.0,457.0,3.095,0.432,1.592,-3.319
452.0,458.0,3.139,0.466,1.492,-3.35
452.0,459.0,3.183,0.49,1.4,-3.377
452.0,460.0,3.226,0.506,1.315,-3.401
452.0,461.0,3.269,0.515,1.236,-3.421
452.0,462.0,3.311,0.518,1.163,-3.439
452.0,463.0,3.352,0.515,1.095,-3.454
452.0,464.0,3.393,0.507,1.031,-3.467
453.0,454.0,3.305,0.325,3.157,-2.988
453.0,455.0,3.338,0.476,2.943,-3.014
453.0,456.0,3.375,0.6,2.746,-3.051
453.0,457.0,3.416,0.701,2.566,-3.092
453.0,458.0,3.458,0.782,2.401,-3.135
453.0,459.0,3.502,0.845,2.249,-3.177
453.0,460.0,3.547,0.892,2.109,-3.216
453.0,461.0,3.592,0.926,1.98,-3.251
453.0,462.0,3.637,0.947,1.861,-3.283
453.0,463.0,3.682,0.958,1.751,-3.312
453.0,464.0,3.727,0.96,1.649,-3.337
453.0,465.0,3.771,0.955,1.554,-3.359
454.0,455.0,3.794,0.439,2.101,-2.984
454.0,456.0,3.839,0.508,2.004,-3.056
454.0,457.0,3.882,0.565,1.919,-3.116
454.0,458.0,3.924,0.611,1.844,-3.164
454.0,459.0,3.965,0.649,1.777,-3.204
454.0,460.0,4.006,0.678,1.717,-3.237
454.0,461.0,4.046,0.701,1.664,-3.265
454.0,462.0,4.085,0.718,1.615,-3.288
454.0,463.0,4.123,0.73,1.571,-3.308
454.0,464.0,4.161,0.738,1.531,-3.324
454.0,465.0,4.199,0.742,1.495,-3.338
454.0,466.0,4.236,0.743,1.461,-3.349
455.0,456.0,3.339,1.291,1.337,-3.15
455.0,457.0,3.411,1.25,1.259,-3.237
455.0,458.0,3.478,1.204,1.188,-3.296
455.0,459.0,3.541,1.155,1.122,-3.337
455.0,460.0,3.6,1.104,1.06,-3.365
455.0,461.0,3.657,1.052,1.002,-3.385
455.0,462.0,3.711,0.998,0.947,-3.398
455.0,463.0,3.763,0.944,0.895,-3.407
455.0,464.0,3.813,0.89,0.846,-3.413
455.0,465.0,3.862,0.835,0.799,-3.417
455.0,466.0,3.909,0.781,0.755,-3.419
455.0,467.0,3.954,0.728,0.712,-3.42
456.0,457.0,3.648,0.93,0.928,-3.09
456.0,458.0,3.712,0.872,0.752,-3.173
456.0,459.0,3.772,0.806,0.596,-3.237
456.0,460.0,3.828,0.733,0.456,-3.286
456.0,461.0,3.881,0.655,0.331,-3.325
456.0,462.0,3.931,0.574,0.218,-3.355
456.0,463.0,3.978,0.491,0.115,-3.379
456.0,464.0,4.023,0.406,0.023,-3.397
456.0,465.0,4.065,0.321,-0.062,-3.411
456.0,466.0,4.105,0.237,-0.14,-3.422
456.0,467.0,4.143,0.153,-0.212,-3.43
456.0,468.0,4.179,0.071,-0.278,-3.436
457.0,458.0,3.276,1.62,0.619,-3.423
457.0,459.0,3.341,1.515,0.709,-3.523
457.0,460.0,3.397,1.421,0.781,-3.572
457.0,461.0,3.449,1.335,0.838,-3.59
457.0,462.0,3.497,1.257,0.881,-3.59
457.0,463.0,3.543,1.187,0.912,-3.58
457.0,464.0,3.588,1.122,0.934,-3.564
457.0,465.0,3.631,1.063,0.949,-3.546
457.0,466.0,3.674,1.008,0.957,-3.528
457.0,467.0,3.716,0.957,0.96,-3.511
457.0,468.0,3.758,0.909,0.958,-3.495
457.0,469.0,3.799,0.864,0.953,-3.481
458.0,459.0,3.473,1.606,1.297,-3.386
458.0,460.0,3.522,1.549,1.306,-3.428
458.0,461.0,3.568,1.496,1.31,-3.45
458.0,462.0,3.61,1.445,1.31,-3.459
458.0,463.0,3.65,1.397,1.306,-3.461
458.0,464.0,3.689,1.351,1.3,-3.459
458.0,465.0,3.727,1.308,1.291,-3.454
458.0,466.0,3.763,1.266,1.28,-3.448
458.0,467.0,3.799,1.227,1.268,-3.442
458.0,468.0,3.834,1.188,1.254,-3.435
458.0,469.0,3.869,1.151,1.239,-3.429
458.0,470.0,3.903,1.116,1.223,-3.424
459.0,460.0,3.417,1.432,-0.514,-3.446
459.0,461.0,3.484,1.266,-0.477,-3.522
459.0,462.0,3.542,1.112,-0.455,-3.56
459.0,463.0,3.594,0.969,-0.444,-3.575
459.0,464.0,3.642,0.836,-0.442,-3.577
459.0,465.0,3.686,0.712,-0.447,-3.571
459.0,466.0,3.728,0.596,-0.457,-3.561
459.0,467.0,3.767,0.488,-0.472,-3.549
459.0,468.0,3.805,0.386,-0.49,-3.536
459.0,469.0,3.84,0.29,-0.51,-3.524
459.0,470.0,3.874,0.199,-0.533,-3.512
459.0,471.0,3.907,0.113,-0.556,-3.501
460.0,461.0,3.465,1.504,-1.395,-3.692
460.0,462.0,3.516,1.283,-1.268,-3.759
460.0,463.0,3.556,1.084,-1.171,-3.781
460.0,464.0,3.591,0.905,-1.097,-3.778
460.0,465.0,3.621,0.742,-1.041,-3.761
460.0,466.0,3.648,0.595,-0.999,-3.737
460.0,467.0,3.672,0.46,-0.969,-3.711
460.0,468.0,3.695,0.337,-0.949,-3.684
460.0,469.0,3.716,0.224,-0.937,-3.658
460.0,470.0,3.737,0.119,-0.931,-3.635
460.0,471.0,3.756,0.023,-0.929,-3.613
460.0,472.0,3.774,-0.067,-0.932,-3.594
461.0,462.0,3.738,1.428,-1.552,-4.134
461.0,463.0,3.75,1.251,-1.251,-4.144
461.0,464.0,3.756,1.1,-1.006,-4.11
461.0,465.0,3.76,0.972,-0.807,-4.055
461.0,466.0,3.763,0.863,-0.644,-3.991
461.0,467.0,3.766,0.77,-0.512,-3.926
461.0,468.0,3.77,0.691,-0.404,-3.864
461.0,469.0,3.774,0.622,-0.317,-3.807
461.0,470.0,3.78,0.562,-0.247,-3.757
461.0,471.0,3.787,0.51,-0.19,-3.713
461.0,472.0,3.795,0.465,-0.145,-3.674
461.0,473.0,3.804,0.425,-0.108,-3.641
462.0,463.0,3.853,1.425,-1.507,-4.459
462.0,464.0,3.858,1.25,-1.159,-4.396
462.0,465.0,3.857,1.106,-0.868,-4.306
462.0,466.0,3.855,0.987,-0.626,-4.206
462.0,467.0,3.854,0.89,-0.425,-4.106
462.0,468.0,3.854,0.811,-0.258,-4.012
462.0,469.0,3.855,0.746,-0.119,-3.928
462.0,470.0,3.858,0.694,-0.004,-3.853
462.0,471.0,3.862,0.651,0.092,-3.789
462.0,472.0,3.869,0.616,0.172,-3.734
462.0,473.0,3.876,0.588,0.239,-3.686
462.0,474.0,3.885,0.566,0.295,-3.647
463.0,464.0,3.863,1.495,-1.241,-3.991
463.0,465.0,3.907,1.313,-1.072,-3.957
463.0,466.0,3.945,1.153,-0.921,-3.913
463.0,467.0,3.979,1.014,-0.786,-3.864
463.0,468.0,4.01,0.892,-0.666,-3.814
463.0,469.0,4.038,0.787,-0.56,-3.767
463.0,470.0,4.065,0.695,-0.464,-3.722
463.0,471.0,4.089,0.616,-0.38,-3.682
463.0,472.0,4.112,0.547,-0.304,-3.644
463.0,473.0,4.134,0.488,-0.237,-3.611
463.0,474.0,4.155,0.437,-0.177,-3.581
463.0,475.0,4.175,0.394,-0.123,-3.554
464.0,465.0,4.207,1.13,-1.479,-3.985
464.0,466.0,4.252,0.951,-1.304,-3.952
464.0,467.0,4.291,0.795,-1.148,-3.907
464.0,468.0,4.326,0.658,-1.008,-3.858
464.0,469.0,4.357,0.54,-0.883,-3.808
464.0,470.0,4.386,0.437,-0.771,-3.759
464.0,471.0,4.412,0.348,-0.672,-3.714
464.0,472.0,4.436,0.271,-0.582,-3.672
464.0,473.0,4.459,0.204,-0.502,-3.634
464.0,474.0,4.481,0.148,-0.431,-3.599
464.0,475.0,4.501,0.099,-0.367,-3.568
464.0,476.0,4.52,0.058,-0.309,-3.541
465.0,466.0,4.823,0.509,-1.505,-3.923
465.0,467.0,4.837,0.375,-1.323,-3.864
465.0,468.0,4.848,0.26,-1.164,-3.806
465.0,469.0,4.857,0.162,-1.024,-3.75
465.0,470.0,4.865,0.08,-0.902,-3.699
465.0,471.0,4.873,0.01,-0.795,-3.653
465.0,472.0,4.879,-0.048,-0.701,-3.612
465.0,473.0,4.885,-0.097,-0.619,-3.576
465.0,474.0,4.891,-0.137,-0.546,-3.544
465.0,475.0,4.896,-0.17,-0.482,-3.516
465.0,476.0,4.901,-0.197,-0.426,-3.492
465.0,477.0,4.906,-0.219,-0.376,-3.47
466.0,467.0,5.52,-0.203,-1.995,-3.916
466.0,468.0,5.523,-0.341,-1.792,-3.856
466.0,469.0,5.523,-0.458,-1.613,-3.794
466.0,470.0,5.522,-0.555,-1.458,-3.736
466.0,471.0,5.519,-0.636,-1.322,-3.681
466.0,472.0,5.515,-0.704,-1.202,-3.632
466.0,473.0,5.51,-0.759,-1.098,-3.588
466.0,474.0,5.505,-0.804,-1.006,-3.549
466.0,475.0,5.499,-0.839,-0.925,-3.515
466.0,476.0,5.494,-0.867,-0.854,-3.485
466.0,477.0,5.488,-0.889,-0.791,-3.459
466.0,478.0,5.482,-0.905,-0.735,-3.437
467.0,468.0,5.772,-0.726,-3.689,-4.576
467.0,469.0,5.746,-0.905,-3.231,-4.489
467.0,470.0,5.715,-1.05,-2.839,-4.371
467.0,471.0,5.681,-1.165,-2.504,-4.243
467.0,472.0,5.647,-1.256,-2.217,-4.118
467.0,473.0,5.615,-1.327,-1.973,-4.0
467.0,474.0,5.584,-1.38,-1.765,-3.893
467.0,475.0,5.556,-1.42,-1.587,-3.799
467.0,476.0,5.531,-1.447,-1.434,-3.717
467.0,477.0,5.508,-1.465,-1.302,-3.647
467.0,478.0,5.487,-1.475,-1.189,-3.587
467.0,479.0,5.468,-1.478,-1.091,-3.536
468.0,469.0,4.869,0.03,-3.522,-4.213
468.0,470.0,4.891,-0.196,-3.172,-4.185
468.0,471.0,4.904,-0.389,-2.866,-4.13
468.0,472.0,4.912,-0.551,-2.598,-4.06
468.0,473.0,4.916,-0.688,-2.363,-3.987
468.0,474.0,4.917,-0.802,-2.158,-3.916
468.0,475.0,4.917,-0.897,-1.979,-3.848
468.0,476.0,4.916,-0.974,-1.822,-3.786
468.0,477.0,4.914,-1.038,-1.685,-3.731
468.0,478.0,4.911,-1.089,-1.564,-3.681
468.0,479.0,4.908,-1.129,-1.457,-3.638
468.0,480.0,4.905,-1.161,-1.363,-3.6
469.0,470.0,5.176,-0.385,-4.179,-4.289
469.0,471.0,5.188,-0.636,-3.843,-4.256
469.0,472.0,5.193,-0.851,-3.542,-4.196
469.0,473.0,5.191,-1.034,-3.272,-4.124
469.0,474.0,5.186,-1.189,-3.03,-4.048
469.0,475.0,5.178,-1.319,-2.814,-3.973
469.0,476.0,5.169,-1.427,-2.621,-3.902
469.0,477.0,5.158,-1.517,-2.448,-3.836
469.0,478.0,5.147,-1.59,-2.293,-3.777
469.0,479.0,5.135,-1.648,-2.153,-3.723
469.0,480.0,5.122,-1.694,-2.027,-3.675
469.0,481.0,5.11,-1.729,-1.914,-3.633
470.0,471.0,5.169,-0.16,-3.131,-4.17
470.0,472.0,5.182,-0.358,-2.868,-4.101
470.0,473.0,5.19,-0.527,-2.634,-4.027
470.0,474.0,5.194,-0.671,-2.425,-3.953
470.0,475.0,5.196,-0.794,-2.239,-3.884
470.0,476.0,5.195,-0.897,-2.072,-3.819
470.0,477.0,5.193,-0.983,-1.924,-3.76
470.0,478.0,5.189,-1.054,-1.792,-3.708
470.0,479.0,5.185,-1.113,-1.673,-3.661
470.0,480.0,5.18,-1.16,-1.566,-3.619
470.0,481.0,5.174,-1.198,-1.47,-3.582
470.0,482.0,5.168,-1.227,-1.383,-3.55
471.0,472.0,4.958,0.048,-2.85,-4.153
471.0,473.0,4.973,-0.138,-2.611,-4.087
471.0,474.0,4.985,-0.298,-2.397,-4.017
471.0,475.0,4.993,-0.436,-2.205,-3.947
471.0,476.0,4.998,-0.553,-2.033,-3.882
471.0,477.0,5.001,-0.653,-1.879,-3.821
471.0,478.0,5.003,-0.737,-1.741,-3.765
471.0,479.0,5.004,-0.807,-1.617,-3.715
471.0,480.0,5.004,-0.865,-1.505,-3.67
471.0,481.0,5.003,-0.913,-1.405,-3.63
471.0,482.0,5.002,-0.952,-1.314,-3.594
471.0,483.0,5.0,-0.982,-1.232,-3.562
472.0,473.0,5.001,0.209,-1.589,-3.954
472.0,474.0,5.005,0.1,-1.44,-3.867
472.0,475.0,5.008,0.007,-1.307,-3.795
472.0,476.0,5.011,-0.072,-1.188,-3.735
472.0,477.0,5.014,-0.139,-1.083,-3.684
472.0,478.0,5.016,-0.196,-0.989,-3.64
472.0,479.0,5.018,-0.244,-0.905,-3.602
472.0,480.0,5.019,-0.283,-0.83,-3.569
472.0,481.0,5.02,-0.316,-0.762,-3.541
472.0,482.0,5.021,-0.343,-0.701,-3.516
472.0,483.0,5.021,-0.364,-0.646,-3.495
472.0,484.0,5.021,-0.38,-0.597,-3.476
473.0,474.0,4.937,0.254,-1.946,-3.967
473.0,475.0,4.955,0.121,-1.765,-3.907
473.0,476.0,4.969,0.006,-1.603,-3.849
473.0,477.0,4.981,-0.093,-1.46,-3.793
473.0,478.0,4.992,-0.177,-1.331,-3.742
473.0,479.0,5.0,-0.249,-1.217,-3.695
473.0,480.0,5.008,-0.31,-1.114,-3.653
473.0,481.0,5.014,-0.361,-1.022,-3.616
473.0,482.0,5.019,-0.403,-0.94,-3.582
473.0,483.0,5.024,-0.438,-0.866,-3.552
473.0,484.0,5.028,-0.467,-0.8,-3.526
473.0,485.0,5.032,-0.49,-0.74,-3.503
474.0,475.0,4.905,0.272,-2.254,-4.002
474.0,476.0,4.924,0.126,-2.051,-3.957
474.0,477.0,4.939,-0.001,-1.869,-3.905
474.0,478.0,4.951,-0.109,-1.707,-3.851
474.0,479.0,4.96,-0.201,-1.562,-3.799
474.0,480.0,4.968,-0.28,-1.432,-3.751
474.0,481.0,4.975,-0.347,-1.315,-3.706
474.0,482.0,4.98,-0.403,-1.211,-3.665
474.0,483.0,4.984,-0.449,-1.117,-3.628
474.0,484.0,4.988,-0.488,-1.033,-3.595
474.0,485.0,4.991,-0.519,-0.957,-3.565
474.0,486.0,4.993,-0.543,-0.888,-3.539
475.0,476.0,5.055,-0.159,-3.602,-4.151
475.0,477.0,5.079,-0.367,-3.306,-4.128
475.0,478.0,5.095,-0.545,-3.041,-4.08
475.0,479.0,5.105,-0.698,-2.803,-4.02
475.0,480.0,5.111,-0.828,-2.591,-3.956
475.0,481.0,5.114,-0.938,-2.401,-3.893
475.0,482.0,5.114,-1.03,-2.231,-3.833
475.0,483.0,5.112,-1.107,-2.079,-3.777
475.0,484.0,5.109,-1.17,-1.942,-3.726
475.0,485.0,5.105,-1.221,-1.819,-3.681
475.0,486.0,5.1,-1.262,-1.709,-3.64
475.0,487.0,5.094,-1.294,-1.61,-3.604
476.0,477.0,5.277,-0.784,-4.19,-4.201
476.0,478.0,5.291,-0.998,-3.906,-4.168
476.0,479.0,5.297,-1.182,-3.648,-4.116
476.0,480.0,5.297,-1.34,-3.414,-4.053
476.0,481.0,5.294,-1.475,-3.201,-3.988
476.0,482.0,5.287,-1.588,-3.008,-3.924
476.0,483.0,5.277,-1.684,-2.833,-3.862
476.0,484.0,5.266,-1.763,-2.674,-3.806
476.0,485.0,5.253,-1.827,-2.529,-3.754
476.0,486.0,5.239,-1.879,-2.397,-3.707
476.0,487.0,5.224,-1.919,-2.276,-3.664
476.0,488.0,5.209,-1.95,-2.166,-3.626
477.0,478.0,5.259,-1.206,-3.985,-4.154
477.0,479.0,5.262,-1.383,-3.733,-4.101
477.0,480.0,5.261,-1.534,-3.505,-4.039
477.0,481.0,5.256,-1.664,-3.299,-3.975
477.0,482.0,5.249,-1.773,-3.112,-3.912
477.0,483.0,5.239,-1.865,-2.943,-3.853
477.0,484.0,5.228,-1.942,-2.789,-3.798
477.0,485.0,5.216,-2.004,-2.649,-3.748
477.0,486.0,5.202,-2.055,-2.522,-3.702
477.0,487.0,5.188,-2.095,-2.406,-3.661
477.0,488.0,5.174,-2.125,-2.301,-3.625
477.0,489.0,5.159,-2.147,-2.204,-3.592
478.0,479.0,5.019,-0.75,-1.863,-3.849
478.0,480.0,5.003,-0.815,-1.695,-3.749
478.0,481.0,4.989,-0.868,-1.559,-3.669
478.0,482.0,4.979,-0.911,-1.451,-3.604
478.0,483.0,4.97,-0.946,-1.364,-3.551
478.0,484.0,4.963,-0.975,-1.295,-3.509
478.0,485.0,4.958,-0.999,-1.24,-3.475
478.0,486.0,4.953,-1.019,-1.196,-3.448
478.0,487.0,4.95,-1.036,-1.16,-3.426
478.0,488.0,4.947,-1.05,-1.133,-3.408
478.0,489.0,4.944,-1.062,-1.111,-3.394
478.0,490.0,4.942,-1.072,-1.093,-3.383
479.0,480.0,4.749,-0.451,-1.667,-3.824
479.0,481.0,4.753,-0.522,-1.543,-3.756
479.0,482.0,4.757,-0.582,-1.431,-3.701
479.0,483.0,4.76,-0.632,-1.331,-3.654
479.0,484.0,4.763,-0.672,-1.241,-3.615
479.0,485.0,4.766,-0.705,-1.16,-3.581
479.0,486.0,4.769,-0.732,-1.086,-3.553
479.0,487.0,4.771,-0.752,-1.019,-3.527
479.0,488.0,4.773,-0.767,-0.958,-3.506
479.0,489.0,4.775,-0.777,-0.903,-3.486
479.0,490.0,4.776,-0.784,-0.852,-3.47
479.0,491.0,4.778,-0.787,-0.805,-3.455
480.0,481.0,5.037,-0.924,-1.088,-3.579
480.0,482.0,5.024,-0.938,-1.066,-3.505
480.0,483.0,5.015,-0.95,-1.047,-3.456
480.0,484.0,5.008,-0.961,-1.031,-3.423
480.0,485.0,5.002,-0.97,-1.017,-3.399
480.0,486.0,4.998,-0.977,-1.007,-3.383
480.0,487.0,4.995,-0.984,-0.998,-3.372
480.0,488.0,4.992,-0.99,-0.991,-3.363
480.0,489.0,4.989,-0.995,-0.986,-3.357
480.0,490.0,4.987,-1.0,-0.983,-3.352
480.0,491.0,4.985,-1.005,-0.98,-3.349
480.0,492.0,4.983,-1.009,-0.978,-3.346
