231.0,232.0,0.023,2.588,0.055,-1.285,-0.094,-0.067,-0.034,-0.091,-0.036,-0.011,-0.085,0.005,0.0,-0.076,-0.019,-0.053,-0.052,-0.101
231.0,233.0,0.023,2.588,0.055,-1.285,-0.094,-0.063,-0.034,-0.091,-0.036,-0.011,-0.085,0.005,0.0,-0.076,-0.019,-0.053,-0.052,-0.101
231.0,234.0,0.023,2.588,0.055,-1.285,-0.094,-0.06,-0.034,-0.091,-0.036,-0.011,-0.085,0.005,0.0,-0.076,-0.019,-0.053,-0.051,-0.101
231.0,235.0,0.023,2.587,0.055,-1.285,-0.094,-0.057,-0.034,-0.091,-0.036,-0.011,-0.085,0.005,0.0,-0.076,-0.019,-0.053,-0.051,-0.101
231.0,236.0,0.023,2.587,0.055,-1.285,-0.094,-0.054,-0.034,-0.091,-0.036,-0.011,-0.085,0.005,0.0,-0.076,-0.019,-0.053,-0.051,-0.101
231.0,237.0,0.023,2.587,0.055,-1.285,-0.094,-0.052,-0.034,-0.091,-0.036,-0.011,-0.085,0.005,0.0,-0.076,-0.019,-0.053,-0.051,-0.101
231.0,238.0,0.023,2.587,0.055,-1.285,-0.094,-0.05,-0.034,-0.091,-0.036,-0.011,-0.085,0.005,0.0,-0.076,-0.019,-0.053,-0.051,-0.101
231.0,239.0,0.023,2.587,0.055,-1.285,-0.094,-0.049,-0.034,-0.091,-0.036,-0.011,-0.085,0.005,0.0,-0.076,-0.019,-0.053,-0.051,-0.101
231.0,240.0,0.023,2.587,0.055,-1.285,-0.094,-0.047,-0.034,-0.091,-0.036,-0.011,-0.085,0.005,0.0,-0.076,-0.019,-0.053,-0.051,-0.101
231.0,241.0,0.023,2.587,0.055,-1.285,-0.094,-0.046,-0.034,-0.091,-0.036,-0.011,-0.085,0.005,0.0,-0.076,-0.019,-0.053,-0.051,-0.101
231.0,242.0,0.023,2.586,0.055,-1.285,-0.094,-0.045,-0.034,-0.091,-0.036,-0.011,-0.085,0.005,0.0,-0.076,-0.019,-0.053,-0.051,-0.101
231.0,243.0,0.023,2.586,0.055,-1.285,-0.094,-0.044,-0.034,-0.091,-0.036,-0.011,-0.085,0.005,0.0,-0.076,-0.019,-0.053,-0.051,-0.101
232.0,233.0,0.021,2.766,0.051,-1.223,-0.061,-0.039,-0.03,-0.072,-0.042,-0.007,-0.091,0.001,0.016,-0.084,0.011,-0.046,-0.052,-0.049
232.0,234.0,0.021,2.766,0.051,-1.223,-0.061,-0.039,-0.03,-0.073,-0.042,-0.007,-0.091,0.001,0.016,-0.084,0.011,-0.046,-0.052,-0.049
232.0,235.0,0.021,2.766,0.051,-1.223,-0.061,-0.039,-0.03,-0.073,-0.042,-0.007,-0.091,0.001,0.016,-0.084,0.011,-0.046,-0.052,-0.049
232.0,236.0,0.021,2.766,0.051,-1.223,-0.061,-0.039,-0.03,-0.073,-0.042,-0.007,-0.091,0.001,0.016,-0.084,0.011,-0.046,-0.052,-0.049
232.0,237.0,0.021,2.766,0.051,-1.223,-0.061,-0.039,-0.03,-0.073,-0.042,-0.007,-0.091,0.001,0.016,-0.084,0.011,-0.046,-0.052,-0.049
232.0,238.0,0.021,2.766,0.052,-1.223,-0.061,-0.039,-0.03,-0.073,-0.042,-0.007,-0.091,0.001,0.016,-0.084,0.01,-0.046,-0.052,-0.049
232.0,239.0,0.021,2.766,0.052,-1.223,-0.061,-0.039,-0.03,-0.073,-0.042,-0.007,-0.091,0.001,0.016,-0.084,0.01,-0.046,-0.052,-0.049
232.0,240.0,0.021,2.766,0.052,-1.223,-0.061,-0.039,-0.03,-0.073,-0.042,-0.007,-0.091,0.001,0.016,-0.084,0.01,-0.046,-0.052,-0.049
232.0,241.0,0.021,2.766,0.052,-1.223,-0.061,-0.039,-0.03,-0.073,-0.042,-0.007,-0.091,0.001,0.016,-0.084,0.01,-0.046,-0.052,-0.049
232.0,242.0,0.021,2.766,0.052,-1.223,-0.061,-0.039,-0.03,-0.073,-0.042,-0.007,-0.091,0.001,0.016,-0.084,0.01,-0.046,-0.052,-0.049
232.0,243.0,0.021,2.766,0.052,-1.223,-0.061,-0.039,-0.03,-0.073,-0.042,-0.007,-0.091,0.001,0.016,-0.084,0.01,-0.046,-0.052,-0.049
232.0,244.0,0.021,2.766,0.052,-1.223,-0.061,-0.039,-0.03,-0.073,-0.042,-0.007,-0.091,0.001,0.016,-0.084,0.01,-0.046,-0.052,-0.049
233.0,234.0,0.024,2.39,0.054,-1.051,-0.083,-0.043,-0.031,-0.042,-0.039,-0.01,-0.08,0.006,0.014,-0.074,-0.023,-0.057,-0.049,-0.089
233.0,235.0,0.023,2.39,0.054,-1.051,-0.083,-0.043,-0.031,-0.042,-0.039,-0.01,-0.08,0.006,0.014,-0.074,-0.023,-0.057,-0.049,-0.089
233.0,236.0,0.023,2.39,0.054,-1.052,-0.083,-0.043,-0.031,-0.042,-0.039,-0.01,-0.079,0.006,0.015,-0.074,-0.023,-0.057,-0.049,-0.089
233.0,237.0,0.023,2.389,0.054,-1.052,-0.083,-0.043,-0.031,-0.043,-0.039,-0.01,-0.079,0.006,0.015,-0.074,-0.023,-0.057,-0.049,-0.089
233.0,238.0,0.023,2.389,0.054,-1.052,-0.083,-0.043,-0.031,-0.043,-0.039,-0.01,-0.079,0.006,0.015,-0.074,-0.023,-0.057,-0.049,-0.089
233.0,239.0,0.023,2.389,0.054,-1.052,-0.083,-0.043,-0.031,-0.043,-0.039,-0.01,-0.079,0.006,0.016,-0.074,-0.023,-0.057,-0.049,-0.089
233.0,240.0,0.023,2.389,0.054,-1.052,-0.083,-0.043,-0.031,-0.043,-0.039,-0.01,-0.079,0.006,0.016,-0.074,-0.023,-0.057,-0.049,-0.089
233.0,241.0,0.023,2.389,0.054,-1.052,-0.083,-0.043,-0.031,-0.044,-0.039,-0.01,-0.078,0.006,0.016,-0.074,-0.023,-0.057,-0.049,-0.089
233.0,242.0,0.022,2.388,0.054,-1.052,-0.083,-0.043,-0.031,-0.044,-0.039,-0.01,-0.078,0.006,0.017,-0.074,-0.023,-0.057,-0.049,-0.089
233.0,243.0,0.022,2.388,0.054,-1.052,-0.083,-0.043,-0.031,-0.044,-0.039,-0.01,-0.078,0.006,0.017,-0.074,-0.023,-0.057,-0.049,-0.089
233.0,244.0,0.022,2.388,0.054,-1.052,-0.083,-0.043,-0.031,-0.045,-0.039,-0.01,-0.078,0.006,0.017,-0.074,-0.023,-0.057,-0.049,-0.089
233.0,245.0,0.022,2.388,0.054,-1.052,-0.083,-0.043,-0.031,-0.045,-0.039,-0.01,-0.078,0.006,0.017,-0.074,-0.023,-0.057,-0.049,-0.089
234.0,235.0,0.023,2.204,0.055,-1.298,-0.066,-0.039,-0.033,-0.043,-0.039,-0.012,-0.085,0.006,0.009,-0.08,-0.027,-0.052,-0.049,-0.075
234.0,236.0,0.023,2.204,0.055,-1.298,-0.066,-0.038,-0.033,-0.043,-0.039,-0.012,-0.085,0.006,0.009,-0.08,-0.027,-0.052,-0.049,-0.075
234.0,237.0,0.023,2.204,0.055,-1.298,-0.066,-0.038,-0.033,-0.043,-0.039,-0.012,-0.085,0.006,0.009,-0.08,-0.027,-0.052,-0.049,-0.075
234.0,238.0,0.023,2.204,0.055,-1.298,-0.066,-0.037,-0.033,-0.043,-0.039,-0.012,-0.085,0.006,0.009,-0.08,-0.027,-0.052,-0.049,-0.075
234.0,239.0,0.023,2.203,0.055,-1.298,-0.066,-0.037,-0.033,-0.043,-0.039,-0.012,-0.085,0.006,0.009,-0.08,-0.027,-0.052,-0.049,-0.075
234.0,240.0,0.023,2.203,0.055,-1.298,-0.066,-0.037,-0.033,-0.043,-0.039,-0.013,-0.085,0.006,0.009,-0.08,-0.027,-0.052,-0.049,-0.075
234.0,241.0,0.023,2.203,0.055,-1.298,-0.066,-0.037,-0.033,-0.043,-0.039,-0.013,-0.085,0.006,0.009,-0.08,-0.027,-0.052,-0.049,-0.075
234.0,242.0,0.023,2.203,0.055,-1.298,-0.066,-0.036,-0.033,-0.043,-0.039,-0.013,-0.085,0.006,0.009,-0.08,-0.026,-0.052,-0.049,-0.075
234.0,243.0,0.023,2.203,0.055,-1.298,-0.066,-0.036,-0.033,-0.043,-0.039,-0.013,-0.085,0.006,0.009,-0.08,-0.026,-0.052,-0.049,-0.075
234.0,244.0,0.023,2.203,0.055,-1.298,-0.066,-0.036,-0.033,-0.043,-0.039,-0.013,-0.085,0.006,0.009,-0.08,-0.026,-0.052,-0.049,-0.075
234.0,245.0,0.023,2.203,0.055,-1.298,-0.066,-0.036,-0.033,-0.043,-0.039,-0.013,-0.085,0.006,0.009,-0.08,-0.026,-0.052,-0.049,-0.075
234.0,246.0,0.023,2.203,0.055,-1.298,-0.066,-0.036,-0.033,-0.043,-0.039,-0.013,-0.085,0.006,0.009,-0.08,-0.026,-0.052,-0.049,-0.075
235.0,236.0,0.023,2.589,0.055,-1.233,-0.091,-0.101,-0.032,-0.082,-0.038,-0.011,-0.083,0.005,-0.009,-0.071,-0.021,-0.053,-0.049,-0.073
235.0,237.0,0.024,2.589,0.055,-1.234,-0.091,-0.093,-0.032,-0.082,-0.038,-0.011,-0.083,0.005,-0.009,-0.071,-0.021,-0.053,-0.049,-0.073
235.0,238.0,0.024,2.589,0.055,-1.234,-0.091,-0.087,-0.032,-0.082,-0.038,-0.011,-0.083,0.005,-0.009,-0.071,-0.021,-0.053,-0.049,-0.073
235.0,239.0,0.024,2.589,0.055,-1.235,-0.091,-0.081,-0.032,-0.082,-0.038,-0.011,-0.083,0.005,-0.009,-0.071,-0.021,-0.053,-0.049,-0.073
235.0,240.0,0.024,2.589,0.055,-1.236,-0.091,-0.076,-0.032,-0.082,-0.038,-0.011,-0.083,0.005,-0.009,-0.071,-0.021,-0.053,-0.049,-0.073
235.0,241.0,0.024,2.589,0.055,-1.236,-0.091,-0.072,-0.032,-0.082,-0.038,-0.011,-0.083,0.005,-0.009,-0.071,-0.021,-0.053,-0.049,-0.073
235.0,242.0,0.024,2.589,0.055,-1.237,-0.091,-0.068,-0.032,-0.082,-0.038,-0.011,-0.083,0.005,-0.009,-0.071,-0.021,-0.053,-0.049,-0.073
235.0,243.0,0.024,2.589,0.055,-1.237,-0.091,-0.065,-0.032,-0.082,-0.038,-0.011,-0.083,0.005,-0.009,-0.071,-0.021,-0.053,-0.049,-0.073
235.0,244.0,0.024,2.589,0.055,-1.238,-0.091,-0.062,-0.032,-0.082,-0.038,-0.011,-0.083,0.005,-0.009,-0.071,-0.021,-0.053,-0.049,-0.073
235.0,245.0,0.024,2.589,0.055,-1.239,-0.091,-0.06,-0.032,-0.082,-0.038,-0.011,-0.083,0.005,-0.009,-0.071,-0.021,-0.053,-0.049,-0.073
235.0,246.0,0.024,2.589,0.055,-1.239,-0.091,-0.057,-0.032,-0.082,-0.038,-0.011,-0.083,0.005,-0.009,-0.071,-0.021,-0.053,-0.049,-0.073
235.0,247.0,0.024,2.589,0.055,-1.24,-0.091,-0.055,-0.032,-0.082,-0.038,-0.011,-0.083,0.005,-0.009,-0.071,-0.021,-0.053,-0.049,-0.073
236.0,237.0,0.02,2.443,0.055,-1.007,-0.078,-0.036,-0.027,-0.03,-0.03,-0.009,-0.082,0.004,0.017,-0.085,-0.013,-0.056,-0.048,-0.086
236.0,238.0,0.02,2.443,0.055,-1.007,-0.078,-0.036,-0.027,-0.03,-0.03,-0.009,-0.081,0.004,0.017,-0.085,-0.013,-0.056,-0.048,-0.086
236.0,239.0,0.02,2.443,0.055,-1.007,-0.078,-0.036,-0.027,-0.03,-0.03,-0.009,-0.081,0.003,0.017,-0.085,-0.013,-0.056,-0.048,-0.086
236.0,240.0,0.02,2.443,0.055,-1.007,-0.078,-0.036,-0.027,-0.03,-0.03,-0.009,-0.081,0.003,0.017,-0.085,-0.013,-0.056,-0.048,-0.086
236.0,241.0,0.02,2.443,0.055,-1.007,-0.078,-0.036,-0.027,-0.03,-0.03,-0.009,-0.081,0.003,0.017,-0.085,-0.013,-0.056,-0.048,-0.086
236.0,242.0,0.02,2.443,0.055,-1.007,-0.078,-0.036,-0.027,-0.03,-0.03,-0.009,-0.081,0.003,0.017,-0.085,-0.013,-0.056,-0.048,-0.085
236.0,243.0,0.02,2.443,0.055,-1.007,-0.078,-0.036,-0.027,-0.03,-0.03,-0.009,-0.081,0.003,0.017,-0.085,-0.013,-0.056,-0.048,-0.085
236.0,244.0,0.02,2.443,0.055,-1.007,-0.078,-0.036,-0.027,-0.03,-0.03,-0.009,-0.081,0.003,0.017,-0.085,-0.013,-0.056,-0.048,-0.085
236.0,245.0,0.02,2.443,0.055,-1.007,-0.078,-0.036,-0.027,-0.03,-0.03,-0.009,-0.081,0.003,0.017,-0.085,-0.013,-0.056,-0.048,-0.085
236.0,246.0,0.02,2.443,0.055,-1.007,-0.078,-0.036,-0.027,-0.03,-0.03,-0.009,-0.08,0.003,0.017,-0.085,-0.013,-0.056,-0.048,-0.085
236.0,247.0,0.02,2.443,0.055,-1.007,-0.078,-0.036,-0.027,-0.03,-0.03,-0.009,-0.08,0.003,0.017,-0.085,-0.013,-0.056,-0.048,-0.085
236.0,248.0,0.02,2.443,0.055,-1.007,-0.078,-0.036,-0.027,-0.03,-0.03,-0.009,-0.08,0.003,0.017,-0.085,-0.013,-0.056,-0.048,-0.085
237.0,238.0,0.017,2.421,0.055,-1.043,-0.092,-0.046,-0.027,-0.033,-0.032,-0.009,-0.078,0.004,0.018,-0.09,-0.016,-0.056,-0.048,-0.067
237.0,239.0,0.018,2.421,0.055,-1.043,-0.092,-0.046,-0.027,-0.033,-0.032,-0.009,-0.078,0.004,0.018,-0.09,-0.016,-0.056,-0.048,-0.067
237.0,240.0,0.019,2.421,0.055,-1.043,-0.092,-0.046,-0.027,-0.033,-0.032,-0.009,-0.078,0.003,0.018,-0.09,-0.016,-0.056,-0.048,-0.067
237.0,241.0,0.019,2.421,0.055,-1.043,-0.092,-0.046,-0.027,-0.033,-0.032,-0.009,-0.078,0.003,0.018,-0.09,-0.016,-0.056,-0.048,-0.067
237.0,242.0,0.02,2.421,0.055,-1.043,-0.092,-0.046,-0.027,-0.033,-0.032,-0.009,-0.078,0.003,0.018,-0.09,-0.016,-0.057,-0.048,-0.067
237.0,243.0,0.02,2.421,0.055,-1.043,-0.092,-0.046,-0.027,-0.033,-0.032,-0.009,-0.078,0.003,0.018,-0.09,-0.016,-0.057,-0.048,-0.066
237.0,244.0,0.02,2.421,0.055,-1.043,-0.092,-0.046,-0.027,-0.033,-0.032,-0.009,-0.078,0.003,0.018,-0.09,-0.016,-0.057,-0.048,-0.066
237.0,245.0,0.02,2.421,0.055,-1.043,-0.092,-0.046,-0.027,-0.033,-0.032,-0.009,-0.078,0.003,0.018,-0.09,-0.016,-0.057,-0.048,-0.066
237.0,246.0,0.02,2.421,0.055,-1.043,-0.092,-0.046,-0.027,-0.033,-0.032,-0.009,-0.078,0.003,0.018,-0.09,-0.016,-0.057,-0.048,-0.066
237.0,247.0,0.02,2.421,0.055,-1.043,-0.092,-0.046,-0.027,-0.033,-0.032,-0.009,-0.078,0.003,0.018,-0.09,-0.016,-0.057,-0.048,-0.066
237.0,248.0,0.02,2.421,0.055,-1.043,-0.092,-0.046,-0.027,-0.033,-0.032,-0.009,-0.078,0.003,0.018,-0.09,-0.016,-0.057,-0.048,-0.065
237.0,249.0,0.02,2.421,0.055,-1.043,-0.092,-0.046,-0.027,-0.033,-0.032,-0.009,-0.078,0.003,0.018,-0.09,-0.016,-0.057,-0.048,-0.065
238.0,239.0,0.018,2.694,0.054,-1.228,-0.083,-0.041,-0.025,-0.07,-0.044,-0.01,-0.088,0.003,0.008,-0.071,-0.007,-0.048,-0.062,-0.059
238.0,240.0,0.018,2.694,0.054,-1.228,-0.083,-0.041,-0.025,-0.07,-0.044,-0.01,-0.088,0.003,0.008,-0.071,-0.007,-0.048,-0.062,-0.059
238.0,241.0,0.018,2.694,0.054,-1.228,-0.083,-0.041,-0.025,-0.07,-0.044,-0.01,-0.088,0.003,0.008,-0.071,-0.007,-0.048,-0.061,-0.059
238.0,242.0,0.018,2.694,0.054,-1.228,-0.083,-0.041,-0.025,-0.07,-0.044,-0.01,-0.089,0.003,0.008,-0.071,-0.007,-0.048,-0.061,-0.059
238.0,243.0,0.018,2.694,0.054,-1.228,-0.083,-0.041,-0.025,-0.07,-0.044,-0.01,-0.089,0.003,0.008,-0.071,-0.007,-0.048,-0.061,-0.059
238.0,244.0,0.018,2.694,0.054,-1.228,-0.083,-0.041,-0.025,-0.07,-0.044,-0.01,-0.089,0.003,0.008,-0.071,-0.007,-0.048,-0.061,-0.059
238.0,245.0,0.018,2.694,0.054,-1.228,-0.083,-0.041,-0.025,-0.07,-0.044,-0.01,-0.089,0.003,0.007,-0.071,-0.007,-0.048,-0.061,-0.059
238.0,246.0,0.018,2.694,0.054,-1.228,-0.083,-0.041,-0.025,-0.07,-0.044,-0.01,-0.089,0.003,0.007,-0.071,-0.007,-0.048,-0.061,-0.059
238.0,247.0,0.018,2.694,0.054,-1.228,-0.083,-0.041,-0.025,-0.07,-0.044,-0.01,-0.089,0.003,0.007,-0.071,-0.008,-0.048,-0.061,-0.059
238.0,248.0,0.018,2.694,0.054,-1.228,-0.083,-0.041,-0.025,-0.07,-0.044,-0.01,-0.089,0.003,0.007,-0.071,-0.008,-0.048,-0.061,-0.059
238.0,249.0,0.018,2.694,0.054,-1.228,-0.083,-0.041,-0.025,-0.07,-0.044,-0.01,-0.089,0.003,0.007,-0.071,-0.008,-0.049,-0.061,-0.059
238.0,250.0,0.018,2.694,0.054,-1.228,-0.083,-0.041,-0.025,-0.07,-0.044,-0.01,-0.089,0.003,0.007,-0.071,-0.008,-0.049,-0.061,-0.059
239.0,240.0,0.019,2.595,0.055,-1.28,-0.077,-0.017,-0.025,-0.078,-0.042,-0.009,-0.089,0.003,0.015,-0.082,-0.012,-0.051,-0.055,-0.053
239.0,241.0,0.019,2.595,0.055,-1.28,-0.077,-0.017,-0.025,-0.078,-0.042,-0.009,-0.089,0.003,0.015,-0.082,-0.012,-0.051,-0.055,-0.053
239.0,242.0,0.019,2.595,0.055,-1.28,-0.077,-0.017,-0.025,-0.078,-0.042,-0.009,-0.089,0.003,0.015,-0.082,-0.012,-0.051,-0.055,-0.053
239.0,243.0,0.019,2.595,0.055,-1.28,-0.077,-0.017,-0.025,-0.078,-0.042,-0.01,-0.089,0.003,0.015,-0.082,-0.012,-0.051,-0.055,-0.053
239.0,244.0,0.02,2.595,0.055,-1.28,-0.077,-0.017,-0.025,-0.078,-0.042,-0.01,-0.089,0.003,0.015,-0.082,-0.012,-0.051,-0.055,-0.053
239.0,245.0,0.02,2.595,0.055,-1.28,-0.077,-0.018,-0.025,-0.078,-0.042,-0.01,-0.089,0.003,0.015,-0.082,-0.012,-0.051,-0.055,-0.053
239.0,246.0,0.02,2.595,0.055,-1.28,-0.077,-0.018,-0.025,-0.078,-0.042,-0.01,-0.089,0.003,0.015,-0.082,-0.012,-0.052,-0.055,-0.053
239.0,247.0,0.02,2.595,0.055,-1.28,-0.077,-0.018,-0.025,-0.078,-0.042,-0.01,-0.089,0.003,0.015,-0.082,-0.012,-0.052,-0.055,-0.053
239.0,248.0,0.02,2.595,0.055,-1.28,-0.077,-0.018,-0.025,-0.078,-0.042,-0.01,-0.089,0.003,0.014,-0.082,-0.012,-0.052,-0.055,-0.053
239.0,249.0,0.02,2.595,0.055,-1.28,-0.077,-0.018,-0.025,-0.078,-0.042,-0.01,-0.089,0.003,0.014,-0.082,-0.012,-0.052,-0.055,-0.053
239.0,250.0,0.02,2.595,0.055,-1.28,-0.077,-0.018,-0.025,-0.078,-0.042,-0.01,-0.089,0.003,0.014,-0.082,-0.012,-0.052,-0.055,-0.053
239.0,251.0,0.02,2.595,0.055,-1.28,-0.077,-0.019,-0.025,-0.078,-0.042,-0.01,-0.089,0.003,0.014,-0.083,-0.012,-0.052,-0.055,-0.053
240.0,241.0,0.015,2.691,0.055,-1.289,-0.064,-0.039,-0.034,-0.03,-0.041,-0.012,-0.085,-0.003,0.006,-0.076,-0.002,-0.052,-0.049,-0.05
240.0,242.0,0.016,2.69,0.055,-1.289,-0.064,-0.039,-0.034,-0.03,-0.041,-0.012,-0.085,-0.003,0.006,-0.076,-0.002,-0.052,-0.049,-0.05
240.0,243.0,0.017,2.69,0.055,-1.289,-0.064,-0.039,-0.034,-0.03,-0.041,-0.012,-0.085,-0.003,0.006,-0.076,-0.002,-0.052,-0.049,-0.05
240.0,244.0,0.018,2.69,0.055,-1.289,-0.064,-0.039,-0.034,-0.03,-0.041,-0.012,-0.085,-0.003,0.006,-0.076,-0.002,-0.052,-0.049,-0.05
240.0,245.0,0.019,2.69,0.055,-1.289,-0.064,-0.039,-0.034,-0.03,-0.041,-0.012,-0.085,-0.002,0.006,-0.076,-0.002,-0.052,-0.049,-0.05
240.0,246.0,0.019,2.69,0.055,-1.289,-0.064,-0.039,-0.034,-0.031,-0.041,-0.012,-0.085,-0.002,0.006,-0.076,-0.002,-0.052,-0.049,-0.05
240.0,247.0,0.02,2.69,0.055,-1.289,-0.064,-0.039,-0.034,-0.031,-0.041,-0.012,-0.085,-0.002,0.006,-0.076,-0.002,-0.052,-0.049,-0.05
240.0,248.0,0.02,2.689,0.055,-1.289,-0.064,-0.039,-0.034,-0.031,-0.041,-0.012,-0.085,-0.002,0.006,-0.076,-0.002,-0.052,-0.049,-0.05
240.0,249.0,0.02,2.689,0.055,-1.289,-0.064,-0.039,-0.034,-0.031,-0.041,-0.012,-0.085,-0.002,0.006,-0.076,-0.002,-0.052,-0.049,-0.05
240.0,250.0,0.02,2.689,0.055,-1.289,-0.064,-0.039,-0.034,-0.031,-0.041,-0.012,-0.085,-0.002,0.006,-0.076,-0.002,-0.052,-0.049,-0.05
240.0,251.0,0.021,2.689,0.055,-1.289,-0.065,-0.039,-0.034,-0.032,-0.041,-0.012,-0.085,-0.002,0.006,-0.076,-0.002,-0.052,-0.049,-0.05
240.0,252.0,0.021,2.689,0.055,-1.289,-0.065,-0.039,-0.034,-0.032,-0.041,-0.012,-0.085,-0.002,0.006,-0.076,-0.002,-0.052,-0.049,-0.05
241.0,242.0,0.016,2.442,0.055,-1.376,-0.094,-0.037,-0.03,-0.104,-0.037,-0.012,-0.08,0.005,0.005,-0.084,-0.024,-0.055,-0.043,-0.075
241.0,243.0,0.017,2.442,0.055,-1.376,-0.094,-0.037,-0.03,-0.104,-0.037,-0.012,-0.08,0.005,0.005,-0.084,-0.024,-0.055,-0.043,-0.075
241.0,244.0,0.019,2.442,0.055,-1.376,-0.094,-0.036,-0.03,-0.104,-0.037,-0.012,-0.08,0.005,0.006,-0.084,-0.024,-0.055,-0.043,-0.075
241.0,245.0,0.02,2.442,0.055,-1.376,-0.094,-0.036,-0.03,-0.104,-0.037,-0.012,-0.08,0.005,0.006,-0.084,-0.024,-0.055,-0.043,-0.075
241.0,246.0,0.02,2.442,0.055,-1.376,-0.094,-0.036,-0.03,-0.104,-0.037,-0.012,-0.08,0.005,0.006,-0.084,-0.024,-0.055,-0.043,-0.075
241.0,247.0,0.021,2.442,0.055,-1.376,-0.094,-0.036,-0.03,-0.104,-0.037,-0.012,-0.08,0.005,0.006,-0.084,-0.024,-0.055,-0.043,-0.075
241.0,248.0,0.022,2.442,0.055,-1.376,-0.094,-0.036,-0.03,-0.104,-0.037,-0.012,-0.08,0.005,0.006,-0.084,-0.024,-0.055,-0.043,-0.075
241.0,249.0,0.022,2.442,0.055,-1.376,-0.094,-0.036,-0.03,-0.104,-0.037,-0.012,-0.08,0.005,0.006,-0.084,-0.024,-0.055,-0.043,-0.075
241.0,250.0,0.022,2.442,0.055,-1.376,-0.094,-0.036,-0.03,-0.104,-0.037,-0.012,-0.08,0.005,0.006,-0.084,-0.024,-0.055,-0.043,-0.075
241.0,251.0,0.023,2.442,0.055,-1.376,-0.094,-0.036,-0.03,-0.104,-0.037,-0.012,-0.08,0.005,0.006,-0.084,-0.024,-0.055,-0.043,-0.075
241.0,252.0,0.023,2.442,0.055,-1.376,-0.094,-0.036,-0.03,-0.104,-0.037,-0.012,-0.08,0.005,0.006,-0.084,-0.023,-0.055,-0.043,-0.075
241.0,253.0,0.023,2.442,0.055,-1.376,-0.094,-0.036,-0.03,-0.104,-0.037,-0.012,-0.08,0.005,0.006,-0.084,-0.023,-0.055,-0.043,-0.075
242.0,243.0,0.012,2.75,0.061,-1.192,-0.1,-0.087,-0.02,-0.103,-0.043,-0.0,-0.09,0.0,0.008,-0.083,-0.021,-0.058,-0.049,-0.046
242.0,244.0,0.012,2.75,0.061,-1.192,-0.1,-0.087,-0.02,-0.103,-0.043,-0.0,-0.09,0.0,0.008,-0.083,-0.021,-0.058,-0.049,-0.046
242.0,245.0,0.012,2.75,0.061,-1.192,-0.1,-0.087,-0.02,-0.103,-0.043,-0.0,-0.09,0.0,0.008,-0.083,-0.021,-0.058,-0.049,-0.046
242.0,246.0,0.012,2.75,0.061,-1.192,-0.1,-0.086,-0.02,-0.103,-0.043,-0.0,-0.09,0.0,0.008,-0.083,-0.021,-0.058,-0.049,-0.046
242.0,247.0,0.012,2.75,0.061,-1.192,-0.1,-0.086,-0.02,-0.103,-0.043,-0.0,-0.09,0.0,0.008,-0.083,-0.021,-0.058,-0.049,-0.046
242.0,248.0,0.013,2.75,0.061,-1.192,-0.1,-0.086,-0.02,-0.103,-0.043,-0.0,-0.09,0.0,0.008,-0.083,-0.021,-0.058,-0.049,-0.046
242.0,249.0,0.013,2.75,0.061,-1.192,-0.1,-0.086,-0.02,-0.103,-0.043,-0.0,-0.09,0.0,0.008,-0.083,-0.021,-0.058,-0.049,-0.046
242.0,250.0,0.013,2.75,0.061,-1.192,-0.1,-0.086,-0.02,-0.103,-0.043,-0.0,-0.09,0.0,0.008,-0.083,-0.021,-0.058,-0.049,-0.046
242.0,251.0,0.013,2.75,0.061,-1.192,-0.1,-0.086,-0.02,-0.103,-0.043,-0.0,-0.09,0.0,0.008,-0.083,-0.021,-0.058,-0.049,-0.046
242.0,252.0,0.013,2.75,0.061,-1.192,-0.1,-0.086,-0.02,-0.103,-0.043,-0.0,-0.09,0.0,0.008,-0.083,-0.021,-0.058,-0.049,-0.046
242.0,253.0,0.013,2.75,0.061,-1.192,-0.1,-0.086,-0.02,-0.103,-0.043,-0.0,-0.09,0.0,0.008,-0.083,-0.021,-0.058,-0.049,-0.046
242.0,254.0,0.013,2.75,0.061,-1.192,-0.1,-0.086,-0.02,-0.103,-0.043,-0.0,-0.09,0.0,0.008,-0.083,-0.021,-0.058,-0.049,-0.046
243.0,244.0,0.015,2.749,0.048,-1.104,-0.091,-0.041,-0.019,-0.099,-0.028,-0.009,-0.066,0.002,0.017,-0.103,-0.029,-0.058,-0.046,-0.031
243.0,245.0,0.015,2.749,0.048,-1.104,-0.091,-0.041,-0.019,-0.099,-0.028,-0.009,-0.066,0.002,0.017,-0.103,-0.029,-0.058,-0.046,-0.031
243.0,246.0,0.015,2.749,0.048,-1.104,-0.091,-0.041,-0.019,-0.099,-0.028,-0.009,-0.066,0.003,0.017,-0.103,-0.029,-0.058,-0.046,-0.031
243.0,247.0,0.015,2.749,0.048,-1.104,-0.091,-0.041,-0.019,-0.099,-0.028,-0.008,-0.066,0.003,0.017,-0.103,-0.029,-0.058,-0.046,-0.032
243.0,248.0,0.015,2.749,0.048,-1.104,-0.091,-0.041,-0.019,-0.099,-0.028,-0.008,-0.066,0.003,0.017,-0.103,-0.029,-0.058,-0.047,-0.032
243.0,249.0,0.015,2.749,0.048,-1.104,-0.091,-0.041,-0.019,-0.099,-0.028,-0.008,-0.066,0.003,0.017,-0.103,-0.029,-0.058,-0.047,-0.032
243.0,250.0,0.015,2.749,0.048,-1.104,-0.091,-0.041,-0.019,-0.099,-0.028,-0.008,-0.066,0.003,0.017,-0.103,-0.029,-0.058,-0.047,-0.032
243.0,251.0,0.015,2.749,0.048,-1.104,-0.091,-0.041,-0.019,-0.099,-0.028,-0.008,-0.066,0.003,0.017,-0.103,-0.029,-0.058,-0.047,-0.032
243.0,252.0,0.015,2.749,0.048,-1.104,-0.091,-0.041,-0.019,-0.099,-0.028,-0.008,-0.066,0.003,0.017,-0.103,-0.029,-0.058,-0.047,-0.032
243.0,253.0,0.015,2.749,0.048,-1.104,-0.091,-0.041,-0.019,-0.099,-0.028,-0.008,-0.066,0.003,0.017,-0.103,-0.029,-0.058,-0.047,-0.033
243.0,254.0,0.015,2.749,0.048,-1.104,-0.091,-0.041,-0.019,-0.099,-0.028,-0.007,-0.066,0.003,0.017,-0.103,-0.029,-0.058,-0.047,-0.033
243.0,255.0,0.015,2.749,0.048,-1.104,-0.091,-0.041,-0.019,-0.099,-0.028,-0.007,-0.066,0.003,0.017,-0.103,-0.029,-0.058,-0.048,-0.033
244.0,245.0,0.013,2.694,0.059,-1.25,-0.098,-0.043,-0.016,-0.096,-0.047,0.0,-0.087,-0.001,0.005,-0.081,-0.02,-0.048,-0.055,-0.059
244.0,246.0,0.013,2.694,0.059,-1.25,-0.098,-0.043,-0.016,-0.096,-0.047,0.0,-0.087,-0.001,0.005,-0.081,-0.02,-0.048,-0.055,-0.059
244.0,247.0,0.013,2.694,0.059,-1.25,-0.098,-0.043,-0.016,-0.096,-0.047,0.0,-0.087,-0.001,0.005,-0.081,-0.02,-0.048,-0.055,-0.059
244.0,248.0,0.013,2.694,0.059,-1.25,-0.098,-0.043,-0.016,-0.096,-0.047,0.0,-0.087,-0.001,0.005,-0.081,-0.02,-0.048,-0.055,-0.059
244.0,249.0,0.013,2.694,0.059,-1.25,-0.098,-0.043,-0.016,-0.096,-0.047,0.0,-0.087,-0.001,0.005,-0.081,-0.02,-0.048,-0.055,-0.059
244.0,250.0,0.013,2.694,0.059,-1.25,-0.098,-0.043,-0.016,-0.096,-0.047,0.0,-0.087,-0.001,0.005,-0.081,-0.02,-0.048,-0.055,-0.059
244.0,251.0,0.013,2.694,0.059,-1.25,-0.098,-0.043,-0.016,-0.096,-0.047,0.0,-0.087,-0.001,0.005,-0.081,-0.02,-0.048,-0.055,-0.059
244.0,252.0,0.013,2.694,0.059,-1.25,-0.098,-0.043,-0.016,-0.096,-0.047,0.0,-0.087,-0.001,0.005,-0.081,-0.02,-0.048,-0.055,-0.059
244.0,253.0,0.013,2.694,0.059,-1.25,-0.098,-0.043,-0.016,-0.096,-0.047,0.0,-0.087,-0.001,0.005,-0.081,-0.02,-0.048,-0.055,-0.059
244.0,254.0,0.013,2.694,0.059,-1.25,-0.098,-0.043,-0.016,-0.096,-0.047,0.0,-0.087,-0.001,0.005,-0.081,-0.02,-0.048,-0.055,-0.059
244.0,255.0,0.013,2.694,0.059,-1.25,-0.098,-0.043,-0.016,-0.096,-0.047,0.0,-0.087,-0.001,0.005,-0.081,-0.02,-0.048,-0.055,-0.059
244.0,256.0,0.013,2.694,0.059,-1.25,-0.098,-0.043,-0.016,-0.096,-0.047,0.0,-0.087,-0.001,0.005,-0.081,-0.02,-0.048,-0.055,-0.059
245.0,246.0,0.01,2.53,0.055,-1.255,-0.088,-0.034,-0.025,-0.055,-0.042,-0.009,-0.087,0.001,0.016,-0.087,0.022,-0.053,-0.05,-0.05
245.0,247.0,0.011,2.53,0.055,-1.255,-0.088,-0.034,-0.025,-0.055,-0.042,-0.009,-0.087,0.001,0.016,-0.087,0.022,-0.053,-0.05,-0.05
245.0,248.0,0.011,2.53,0.055,-1.255,-0.088,-0.034,-0.025,-0.055,-0.042,-0.009,-0.087,0.001,0.016,-0.087,0.022,-0.053,-0.05,-0.05
245.0,249.0,0.012,2.53,0.055,-1.255,-0.088,-0.034,-0.025,-0.055,-0.042,-0.009,-0.087,0.001,0.016,-0.087,0.022,-0.053,-0.05,-0.05
245.0,250.0,0.012,2.53,0.055,-1.255,-0.088,-0.034,-0.025,-0.055,-0.042,-0.009,-0.087,0.001,0.016,-0.087,0.022,-0.053,-0.05,-0.05
245.0,251.0,0.013,2.53,0.055,-1.255,-0.088,-0.034,-0.025,-0.056,-0.042,-0.009,-0.087,0.001,0.016,-0.087,0.022,-0.053,-0.05,-0.05
245.0,252.0,0.013,2.53,0.055,-1.255,-0.088,-0.034,-0.025,-0.056,-0.042,-0.009,-0.087,0.001,0.016,-0.087,0.022,-0.053,-0.05,-0.05
245.0,253.0,0.013,2.53,0.055,-1.255,-0.088,-0.034,-0.025,-0.056,-0.042,-0.009,-0.087,0.001,0.016,-0.087,0.022,-0.053,-0.05,-0.05
245.0,254.0,0.014,2.53,0.055,-1.255,-0.088,-0.034,-0.025,-0.056,-0.042,-0.009,-0.087,0.001,0.016,-0.087,0.022,-0.053,-0.05,-0.05
245.0,255.0,0.014,2.53,0.055,-1.255,-0.088,-0.034,-0.025,-0.056,-0.042,-0.009,-0.087,0.001,0.016,-0.087,0.022,-0.053,-0.05,-0.05
245.0,256.0,0.014,2.53,0.055,-1.255,-0.088,-0.034,-0.025,-0.057,-0.042,-0.009,-0.087,0.001,0.016,-0.087,0.022,-0.053,-0.05,-0.05
245.0,257.0,0.015,2.53,0.055,-1.255,-0.088,-0.035,-0.025,-0.057,-0.042,-0.009,-0.087,0.001,0.016,-0.087,0.022,-0.053,-0.05,-0.05
246.0,247.0,0.013,2.72,0.057,-1.233,-0.112,-0.038,-0.01,-0.108,-0.047,0.002,-0.085,0.0,-0.007,-0.08,-0.022,-0.066,-0.048,-0.046
246.0,248.0,0.013,2.72,0.056,-1.233,-0.112,-0.038,-0.01,-0.108,-0.047,0.002,-0.085,0.0,-0.007,-0.08,-0.022,-0.066,-0.048,-0.046
246.0,249.0,0.013,2.72,0.056,-1.233,-0.112,-0.038,-0.01,-0.108,-0.047,0.002,-0.085,0.0,-0.007,-0.08,-0.022,-0.066,-0.048,-0.046
246.0,250.0,0.013,2.72,0.056,-1.233,-0.112,-0.038,-0.01,-0.107,-0.046,0.002,-0.085,0.0,-0.007,-0.08,-0.022,-0.066,-0.048,-0.046
246.0,251.0,0.014,2.72,0.056,-1.233,-0.111,-0.038,-0.01,-0.107,-0.046,0.002,-0.085,0.0,-0.007,-0.08,-0.021,-0.066,-0.048,-0.046
246.0,252.0,0.014,2.72,0.056,-1.233,-0.111,-0.038,-0.01,-0.107,-0.046,0.002,-0.085,0.0,-0.007,-0.08,-0.021,-0.066,-0.048,-0.046
246.0,253.0,0.014,2.72,0.056,-1.233,-0.111,-0.038,-0.01,-0.107,-0.046,0.002,-0.085,0.0,-0.007,-0.08,-0.021,-0.066,-0.048,-0.046
246.0,254.0,0.014,2.72,0.056,-1.233,-0.111,-0.038,-0.011,-0.107,-0.046,0.001,-0.085,0.0,-0.007,-0.08,-0.021,-0.066,-0.048,-0.046
246.0,255.0,0.014,2.72,0.056,-1.233,-0.11,-0.038,-0.011,-0.107,-0.046,0.001,-0.085,0.0,-0.007,-0.08,-0.021,-0.066,-0.048,-0.046
246.0,256.0,0.014,2.72,0.056,-1.233,-0.11,-0.038,-0.011,-0.107,-0.046,0.001,-0.085,0.0,-0.007,-0.08,-0.021,-0.066,-0.048,-0.046
246.0,257.0,0.014,2.72,0.056,-1.233,-0.11,-0.038,-0.011,-0.107,-0.046,0.001,-0.085,0.0,-0.007,-0.08,-0.021,-0.066,-0.048,-0.046
246.0,258.0,0.014,2.721,0.056,-1.233,-0.11,-0.038,-0.011,-0.107,-0.046,0.001,-0.085,0.0,-0.007,-0.08,-0.021,-0.066,-0.048,-0.046
247.0,248.0,0.012,2.792,0.061,-1.247,-0.099,-0.039,-0.022,-0.094,-0.048,-0.0,-0.091,-0.011,0.012,-0.08,0.001,-0.06,-0.045,-0.052
247.0,249.0,0.013,2.792,0.061,-1.247,-0.099,-0.039,-0.022,-0.094,-0.048,-0.0,-0.091,-0.011,0.012,-0.08,0.001,-0.06,-0.045,-0.052
247.0,250.0,0.013,2.792,0.061,-1.247,-0.099,-0.039,-0.022,-0.094,-0.048,-0.0,-0.091,-0.011,0.012,-0.08,0.001,-0.06,-0.045,-0.052
247.0,251.0,0.013,2.792,0.061,-1.247,-0.099,-0.039,-0.022,-0.094,-0.048,-0.0,-0.091,-0.011,0.012,-0.08,0.001,-0.06,-0.045,-0.052
247.0,252.0,0.013,2.792,0.061,-1.247,-0.099,-0.039,-0.022,-0.094,-0.048,-0.0,-0.091,-0.011,0.011,-0.08,0.0,-0.06,-0.045,-0.052
247.0,253.0,0.013,2.792,0.061,-1.247,-0.099,-0.039,-0.022,-0.094,-0.048,-0.0,-0.091,-0.011,0.011,-0.08,0.0,-0.06,-0.045,-0.052
247.0,254.0,0.014,2.792,0.061,-1.247,-0.099,-0.039,-0.022,-0.094,-0.048,-0.0,-0.091,-0.01,0.011,-0.08,0.0,-0.06,-0.045,-0.052
247.0,255.0,0.014,2.792,0.061,-1.247,-0.099,-0.039,-0.022,-0.094,-0.048,-0.0,-0.092,-0.01,0.011,-0.08,0.0,-0.06,-0.045,-0.052
247.0,256.0,0.014,2.792,0.06,-1.247,-0.099,-0.039,-0.023,-0.094,-0.047,-0.0,-0.092,-0.01,0.011,-0.08,0.0,-0.06,-0.045,-0.051
247.0,257.0,0.014,2.792,0.06,-1.247,-0.099,-0.039,-0.023,-0.094,-0.047,-0.0,-0.092,-0.01,0.011,-0.081,0.0,-0.06,-0.045,-0.051
247.0,258.0,0.014,2.792,0.06,-1.247,-0.099,-0.039,-0.023,-0.094,-0.047,-0.0,-0.092,-0.01,0.011,-0.081,0.0,-0.06,-0.045,-0.051
247.0,259.0,0.015,2.792,0.06,-1.247,-0.099,-0.039,-0.023,-0.094,-0.047,-0.0,-0.092,-0.01,0.011,-0.081,-0.0,-0.06,-0.045,-0.051
248.0,249.0,0.011,2.708,0.062,-1.188,-0.087,-0.037,-0.022,-0.087,-0.049,-0.009,-0.092,-0.008,0.006,-0.077,0.001,-0.056,-0.046,-0.051
248.0,250.0,0.011,2.708,0.062,-1.188,-0.087,-0.037,-0.022,-0.087,-0.049,-0.009,-0.092,-0.007,0.006,-0.077,0.001,-0.056,-0.046,-0.051
248.0,251.0,0.011,2.708,0.062,-1.188,-0.087,-0.037,-0.022,-0.087,-0.049,-0.009,-0.092,-0.007,0.006,-0.077,0.001,-0.056,-0.046,-0.051
248.0,252.0,0.011,2.708,0.062,-1.188,-0.087,-0.037,-0.022,-0.087,-0.049,-0.009,-0.092,-0.007,0.006,-0.077,0.0,-0.056,-0.046,-0.051
248.0,253.0,0.012,2.708,0.062,-1.188,-0.087,-0.037,-0.022,-0.087,-0.049,-0.009,-0.092,-0.007,0.006,-0.077,0.0,-0.056,-0.046,-0.051
248.0,254.0,0.012,2.708,0.062,-1.187,-0.087,-0.037,-0.022,-0.087,-0.049,-0.009,-0.092,-0.007,0.006,-0.077,0.0,-0.056,-0.046,-0.051
248.0,255.0,0.012,2.708,0.062,-1.187,-0.087,-0.037,-0.022,-0.087,-0.049,-0.009,-0.092,-0.007,0.006,-0.077,0.0,-0.056,-0.046,-0.051
248.0,256.0,0.012,2.708,0.062,-1.187,-0.087,-0.037,-0.022,-0.087,-0.049,-0.009,-0.092,-0.007,0.006,-0.077,0.0,-0.056,-0.046,-0.051
248.0,257.0,0.012,2.708,0.061,-1.187,-0.087,-0.037,-0.022,-0.087,-0.049,-0.009,-0.092,-0.007,0.006,-0.077,0.0,-0.056,-0.046,-0.051
248.0,258.0,0.012,2.708,0.061,-1.187,-0.087,-0.037,-0.022,-0.087,-0.049,-0.009,-0.092,-0.007,0.006,-0.077,0.0,-0.056,-0.046,-0.051
248.0,259.0,0.013,2.708,0.061,-1.187,-0.087,-0.037,-0.022,-0.087,-0.049,-0.009,-0.092,-0.007,0.006,-0.077,0.0,-0.056,-0.047,-0.051
248.0,260.0,0.013,2.708,0.061,-1.187,-0.087,-0.037,-0.022,-0.087,-0.049,-0.009,-0.093,-0.007,0.006,-0.077,0.0,-0.056,-0.047,-0.051
249.0,250.0,0.004,3.248,0.055,-1.324,-0.098,-0.04,-0.03,-0.101,-0.038,-0.012,-0.085,0.003,0.084,-0.089,-0.015,-0.072,-0.047,-0.096
249.0,251.0,0.008,3.249,0.055,-1.324,-0.098,-0.04,-0.03,-0.1,-0.038,-0.012,-0.085,0.003,0.084,-0.089,-0.015,-0.072,-0.047,-0.096
249.0,252.0,0.01,3.249,0.055,-1.324,-0.098,-0.04,-0.03,-0.1,-0.038,-0.012,-0.085,0.003,0.084,-0.089,-0.015,-0.072,-0.047,-0.096
249.0,253.0,0.013,3.249,0.055,-1.324,-0.097,-0.041,-0.03,-0.1,-0.038,-0.012,-0.085,0.003,0.084,-0.089,-0.015,-0.072,-0.047,-0.096
249.0,254.0,0.015,3.249,0.055,-1.324,-0.097,-0.041,-0.03,-0.1,-0.038,-0.012,-0.085,0.003,0.084,-0.089,-0.015,-0.072,-0.047,-0.096
249.0,255.0,0.016,3.249,0.055,-1.324,-0.097,-0.041,-0.03,-0.1,-0.038,-0.012,-0.085,0.003,0.084,-0.089,-0.015,-0.072,-0.047,-0.096
249.0,256.0,0.017,3.249,0.055,-1.324,-0.097,-0.041,-0.03,-0.1,-0.038,-0.012,-0.085,0.003,0.084,-0.089,-0.015,-0.072,-0.047,-0.096
249.0,257.0,0.018,3.25,0.055,-1.324,-0.097,-0.041,-0.03,-0.1,-0.038,-0.012,-0.085,0.003,0.084,-0.089,-0.015,-0.072,-0.047,-0.096
249.0,258.0,0.019,3.25,0.055,-1.324,-0.097,-0.041,-0.03,-0.1,-0.038,-0.012,-0.085,0.003,0.084,-0.089,-0.015,-0.071,-0.047,-0.096
249.0,259.0,0.02,3.25,0.055,-1.324,-0.096,-0.041,-0.03,-0.1,-0.038,-0.012,-0.085,0.003,0.084,-0.089,-0.015,-0.071,-0.047,-0.096
249.0,260.0,0.02,3.25,0.055,-1.324,-0.096,-0.041,-0.03,-0.099,-0.038,-0.012,-0.085,0.003,0.084,-0.089,-0.015,-0.071,-0.047,-0.096
249.0,261.0,0.021,3.25,0.055,-1.324,-0.096,-0.041,-0.03,-0.099,-0.038,-0.012,-0.085,0.003,0.084,-0.089,-0.015,-0.071,-0.047,-0.096
250.0,251.0,0.019,3.129,0.054,-1.455,-0.095,-0.04,-0.028,-0.131,-0.044,-0.009,-0.092,0.002,0.046,-0.079,-0.014,-0.197,-0.064,-0.049
250.0,252.0,0.019,3.129,0.054,-1.366,-0.095,-0.04,-0.028,-0.131,-0.044,-0.009,-0.092,0.002,0.046,-0.079,-0.014,-0.197,-0.064,-0.049
250.0,253.0,0.019,3.129,0.054,-1.312,-0.095,-0.04,-0.028,-0.131,-0.044,-0.009,-0.092,0.002,0.046,-0.079,-0.014,-0.197,-0.064,-0.049
250.0,254.0,0.019,3.129,0.054,-1.279,-0.095,-0.04,-0.028,-0.131,-0.044,-0.009,-0.092,0.002,0.046,-0.079,-0.014,-0.197,-0.064,-0.049
250.0,255.0,0.019,3.129,0.054,-1.259,-0.095,-0.04,-0.028,-0.131,-0.044,-0.009,-0.092,0.002,0.046,-0.079,-0.014,-0.197,-0.064,-0.049
250.0,256.0,0.019,3.129,0.054,-1.247,-0.095,-0.04,-0.028,-0.131,-0.044,-0.009,-0.092,0.002,0.046,-0.079,-0.014,-0.197,-0.064,-0.049
250.0,257.0,0.019,3.129,0.054,-1.24,-0.095,-0.04,-0.028,-0.131,-0.044,-0.009,-0.092,0.002,0.046,-0.079,-0.014,-0.197,-0.064,-0.049
250.0,258.0,0.019,3.129,0.054,-1.235,-0.095,-0.04,-0.028,-0.131,-0.044,-0.009,-0.092,0.002,0.046,-0.079,-0.014,-0.197,-0.064,-0.049
250.0,259.0,0.019,3.129,0.054,-1.232,-0.095,-0.04,-0.028,-0.131,-0.044,-0.009,-0.092,0.002,0.046,-0.079,-0.014,-0.197,-0.064,-0.049
250.0,260.0,0.019,3.129,0.054,-1.231,-0.095,-0.04,-0.028,-0.131,-0.044,-0.009,-0.092,0.002,0.046,-0.079,-0.014,-0.197,-0.064,-0.049
250.0,261.0,0.019,3.129,0.054,-1.23,-0.095,-0.04,-0.028,-0.131,-0.044,-0.009,-0.092,0.002,0.046,-0.079,-0.014,-0.197,-0.064,-0.049
250.0,262.0,0.019,3.129,0.054,-1.229,-0.095,-0.04,-0.028,-0.131,-0.044,-0.009,-0.092,0.002,0.046,-0.079,-0.014,-0.197,-0.064,-0.049
251.0,252.0,0.013,2.551,0.06,-1.319,-0.099,-0.035,-0.031,-0.121,-0.043,-0.012,-0.083,-0.006,0.04,-0.092,-0.006,-0.054,-0.015,-0.051
251.0,253.0,0.013,2.551,0.06,-1.319,-0.099,-0.035,-0.031,-0.121,-0.043,-0.012,-0.083,-0.006,0.04,-0.092,-0.006,-0.054,-0.016,-0.051
251.0,254.0,0.014,2.551,0.06,-1.319,-0.099,-0.035,-0.031,-0.121,-0.043,-0.012,-0.083,-0.006,0.04,-0.092,-0.006,-0.054,-0.018,-0.051
251.0,255.0,0.014,2.551,0.06,-1.319,-0.099,-0.035,-0.031,-0.121,-0.043,-0.012,-0.083,-0.006,0.04,-0.092,-0.006,-0.054,-0.019,-0.051
251.0,256.0,0.015,2.551,0.06,-1.319,-0.099,-0.035,-0.031,-0.121,-0.043,-0.012,-0.083,-0.006,0.04,-0.092,-0.006,-0.054,-0.02,-0.051
251.0,257.0,0.015,2.551,0.06,-1.319,-0.099,-0.035,-0.031,-0.121,-0.043,-0.012,-0.083,-0.006,0.04,-0.092,-0.006,-0.054,-0.022,-0.051
251.0,258.0,0.016,2.551,0.06,-1.319,-0.099,-0.035,-0.031,-0.121,-0.043,-0.012,-0.083,-0.006,0.04,-0.092,-0.006,-0.054,-0.023,-0.051
251.0,259.0,0.016,2.551,0.06,-1.319,-0.099,-0.035,-0.031,-0.121,-0.043,-0.012,-0.083,-0.006,0.04,-0.092,-0.006,-0.054,-0.024,-0.051
251.0,260.0,0.016,2.551,0.06,-1.319,-0.099,-0.035,-0.031,-0.121,-0.043,-0.012,-0.083,-0.006,0.04,-0.092,-0.006,-0.054,-0.025,-0.051
251.0,261.0,0.017,2.551,0.06,-1.319,-0.099,-0.035,-0.031,-0.121,-0.043,-0.012,-0.083,-0.006,0.04,-0.092,-0.006,-0.054,-0.026,-0.051
251.0,262.0,0.017,2.551,0.06,-1.319,-0.099,-0.035,-0.031,-0.121,-0.043,-0.012,-0.083,-0.006,0.04,-0.092,-0.006,-0.054,-0.028,-0.051
251.0,263.0,0.017,2.551,0.06,-1.319,-0.099,-0.035,-0.031,-0.121,-0.043,-0.012,-0.083,-0.006,0.04,-0.092,-0.006,-0.054,-0.028,-0.051
252.0,253.0,0.001,3.202,0.059,-1.361,-0.119,-0.036,-0.03,-0.123,-0.043,-0.012,-0.087,-0.008,0.012,-0.078,-0.001,-0.054,-0.048,-0.061
252.0,254.0,0.001,3.202,0.059,-1.361,-0.119,-0.036,-0.03,-0.123,-0.043,-0.012,-0.087,-0.008,0.012,-0.078,-0.001,-0.054,-0.048,-0.061
252.0,255.0,0.002,3.202,0.059,-1.361,-0.119,-0.036,-0.03,-0.123,-0.043,-0.012,-0.087,-0.008,0.012,-0.078,-0.001,-0.054,-0.048,-0.06
252.0,256.0,0.002,3.202,0.059,-1.361,-0.119,-0.036,-0.03,-0.123,-0.043,-0.012,-0.087,-0.008,0.012,-0.078,-0.001,-0.054,-0.048,-0.06
252.0,257.0,0.002,3.202,0.059,-1.361,-0.119,-0.036,-0.03,-0.123,-0.043,-0.012,-0.087,-0.008,0.012,-0.078,-0.002,-0.054,-0.048,-0.06
252.0,258.0,0.002,3.202,0.059,-1.361,-0.119,-0.036,-0.03,-0.123,-0.043,-0.012,-0.087,-0.008,0.012,-0.078,-0.002,-0.054,-0.048,-0.06
252.0,259.0,0.002,3.202,0.059,-1.361,-0.119,-0.036,-0.03,-0.123,-0.043,-0.012,-0.088,-0.008,0.012,-0.078,-0.002,-0.054,-0.048,-0.059
252.0,260.0,0.002,3.202,0.059,-1.361,-0.119,-0.036,-0.03,-0.123,-0.043,-0.012,-0.088,-0.008,0.012,-0.078,-0.002,-0.054,-0.048,-0.059
252.0,261.0,0.002,3.202,0.059,-1.361,-0.119,-0.036,-0.03,-0.122,-0.043,-0.012,-0.088,-0.008,0.012,-0.078,-0.002,-0.054,-0.048,-0.059
252.0,262.0,0.002,3.202,0.059,-1.361,-0.119,-0.036,-0.03,-0.122,-0.043,-0.012,-0.088,-0.008,0.012,-0.078,-0.002,-0.054,-0.048,-0.058
252.0,263.0,0.002,3.202,0.059,-1.361,-0.119,-0.036,-0.03,-0.122,-0.043,-0.012,-0.088,-0.008,0.012,-0.078,-0.002,-0.054,-0.048,-0.058
252.0,264.0,0.002,3.202,0.059,-1.361,-0.119,-0.036,-0.03,-0.122,-0.043,-0.012,-0.088,-0.008,0.012,-0.078,-0.002,-0.054,-0.048,-0.058
253.0,254.0,0.006,3.181,0.05,-1.173,-0.122,0.35,-0.017,-0.101,-0.04,-0.007,-0.083,0.008,0.001,-0.105,-0.03,-0.337,-0.046,-0.049
253.0,255.0,0.006,3.181,0.05,-1.173,-0.122,0.336,-0.017,-0.101,-0.04,-0.007,-0.083,0.008,0.001,-0.105,-0.03,-0.337,-0.046,-0.049
253.0,256.0,0.006,3.181,0.05,-1.173,-0.122,0.323,-0.017,-0.101,-0.04,-0.007,-0.083,0.008,0.001,-0.105,-0.03,-0.337,-0.046,-0.049
253.0,257.0,0.006,3.181,0.05,-1.173,-0.122,0.31,-0.017,-0.101,-0.04,-0.007,-0.083,0.008,0.001,-0.105,-0.03,-0.337,-0.046,-0.049
253.0,258.0,0.006,3.181,0.05,-1.173,-0.122,0.298,-0.017,-0.101,-0.04,-0.007,-0.083,0.008,0.001,-0.105,-0.03,-0.337,-0.046,-0.049
253.0,259.0,0.006,3.181,0.05,-1.173,-0.122,0.286,-0.017,-0.101,-0.04,-0.007,-0.083,0.008,0.001,-0.105,-0.03,-0.337,-0.046,-0.049
253.0,260.0,0.006,3.181,0.05,-1.173,-0.122,0.275,-0.017,-0.101,-0.04,-0.007,-0.083,0.008,0.001,-0.105,-0.03,-0.337,-0.046,-0.049
253.0,261.0,0.006,3.181,0.05,-1.173,-0.122,0.264,-0.017,-0.101,-0.04,-0.007,-0.083,0.008,0.001,-0.105,-0.03,-0.337,-0.046,-0.049
253.0,262.0,0.006,3.181,0.05,-1.173,-0.122,0.253,-0.017,-0.101,-0.04,-0.007,-0.083,0.008,0.001,-0.105,-0.03,-0.337,-0.046,-0.049
253.0,263.0,0.006,3.182,0.05,-1.173,-0.122,0.243,-0.017,-0.101,-0.04,-0.007,-0.083,0.008,0.001,-0.105,-0.03,-0.337,-0.046,-0.049
253.0,264.0,0.006,3.182,0.05,-1.173,-0.122,0.233,-0.017,-0.101,-0.04,-0.007,-0.083,0.008,0.001,-0.105,-0.03,-0.337,-0.046,-0.049
253.0,265.0,0.006,3.182,0.05,-1.173,-0.122,0.224,-0.017,-0.101,-0.04,-0.007,-0.083,0.008,0.001,-0.105,-0.03,-0.337,-0.046,-0.049
254.0,255.0,0.022,2.823,0.057,-1.261,-0.098,-0.036,-0.026,-0.094,-0.043,-0.016,-0.092,0.006,0.034,-0.077,0.0,-0.127,-0.004,-0.048
254.0,256.0,0.022,2.823,0.057,-1.261,-0.098,-0.036,-0.026,-0.094,-0.043,-0.016,-0.092,0.006,0.034,-0.077,0.0,-0.127,-0.004,-0.048
254.0,257.0,0.022,2.823,0.057,-1.261,-0.098,-0.036,-0.026,-0.094,-0.043,-0.016,-0.092,0.006,0.034,-0.077,0.0,-0.127,-0.004,-0.048
254.0,258.0,0.022,2.823,0.057,-1.261,-0.098,-0.036,-0.026,-0.094,-0.043,-0.016,-0.092,0.006,0.034,-0.077,0.0,-0.127,-0.004,-0.048
254.0,259.0,0.022,2.823,0.057,-1.261,-0.098,-0.036,-0.026,-0.094,-0.043,-0.016,-0.092,0.006,0.034,-0.077,0.0,-0.127,-0.005,-0.048
254.0,260.0,0.022,2.823,0.057,-1.261,-0.098,-0.036,-0.026,-0.094,-0.043,-0.016,-0.092,0.006,0.034,-0.077,0.0,-0.127,-0.005,-0.048
254.0,261.0,0.022,2.823,0.057,-1.261,-0.098,-0.036,-0.026,-0.094,-0.043,-0.016,-0.092,0.006,0.034,-0.077,0.0,-0.127,-0.005,-0.048
254.0,262.0,0.022,2.823,0.057,-1.261,-0.098,-0.036,-0.026,-0.094,-0.043,-0.016,-0.092,0.006,0.034,-0.077,0.0,-0.127,-0.005,-0.048
254.0,263.0,0.022,2.824,0.057,-1.261,-0.098,-0.036,-0.026,-0.094,-0.043,-0.016,-0.092,0.006,0.034,-0.077,0.0,-0.126,-0.005,-0.048
254.0,264.0,0.022,2.824,0.057,-1.261,-0.098,-0.036,-0.026,-0.094,-0.043,-0.016,-0.092,0.006,0.034,-0.077,0.0,-0.126,-0.005,-0.048
254.0,265.0,0.023,2.824,0.057,-1.262,-0.098,-0.036,-0.026,-0.094,-0.043,-0.016,-0.092,0.006,0.034,-0.077,0.0,-0.126,-0.005,-0.048
254.0,266.0,0.023,2.824,0.057,-1.262,-0.098,-0.036,-0.026,-0.094,-0.043,-0.016,-0.092,0.006,0.034,-0.077,0.0,-0.126,-0.005,-0.048
255.0,256.0,0.009,2.995,0.065,-1.243,-0.1,-0.052,-0.012,-0.106,-0.056,0.0,-0.087,-0.009,-0.001,-0.067,-0.001,-0.053,-0.025,-0.074
255.0,257.0,0.009,2.995,0.065,-1.243,-0.1,-0.052,-0.012,-0.106,-0.056,0.0,-0.087,-0.009,-0.001,-0.067,-0.001,-0.053,-0.025,-0.074
255.0,258.0,0.009,2.995,0.065,-1.243,-0.1,-0.052,-0.012,-0.106,-0.056,0.0,-0.087,-0.009,-0.001,-0.067,-0.001,-0.053,-0.025,-0.074
255.0,259.0,0.009,2.995,0.065,-1.243,-0.1,-0.052,-0.012,-0.106,-0.056,0.0,-0.087,-0.009,-0.001,-0.067,-0.001,-0.053,-0.025,-0.074
255.0,260.0,0.009,2.995,0.065,-1.243,-0.1,-0.052,-0.012,-0.106,-0.056,0.0,-0.087,-0.009,-0.001,-0.067,-0.001,-0.053,-0.025,-0.074
255.0,261.0,0.009,2.995,0.065,-1.242,-0.1,-0.052,-0.012,-0.106,-0.056,0.0,-0.087,-0.009,-0.001,-0.067,-0.001,-0.053,-0.025,-0.074
255.0,262.0,0.009,2.995,0.065,-1.242,-0.1,-0.052,-0.012,-0.106,-0.056,0.0,-0.087,-0.009,-0.001,-0.067,-0.001,-0.053,-0.025,-0.073
255.0,263.0,0.009,2.995,0.065,-1.242,-0.1,-0.052,-0.012,-0.106,-0.056,0.0,-0.087,-0.009,-0.001,-0.067,-0.001,-0.053,-0.025,-0.073
255.0,264.0,0.009,2.995,0.065,-1.242,-0.1,-0.052,-0.012,-0.106,-0.056,0.0,-0.087,-0.009,-0.001,-0.067,-0.001,-0.053,-0.025,-0.073
255.0,265.0,0.009,2.995,0.065,-1.242,-0.1,-0.052,-0.012,-0.106,-0.056,0.0,-0.087,-0.009,-0.001,-0.067,-0.001,-0.053,-0.025,-0.073
255.0,266.0,0.009,2.995,0.065,-1.242,-0.1,-0.052,-0.012,-0.106,-0.056,0.0,-0.087,-0.009,-0.001,-0.067,-0.001,-0.053,-0.025,-0.073
255.0,267.0,0.009,2.995,0.065,-1.242,-0.1,-0.052,-0.012,-0.106,-0.056,0.0,-0.087,-0.009,-0.001,-0.067,-0.001,-0.053,-0.025,-0.073
256.0,257.0,0.012,2.561,0.068,-1.205,-0.081,-0.056,-0.02,-0.113,-0.05,-0.001,-0.069,0.0,-0.007,-0.085,-0.025,-0.058,-0.069,-0.043
256.0,258.0,0.012,2.561,0.068,-1.205,-0.081,-0.056,-0.02,-0.113,-0.05,-0.001,-0.069,0.0,-0.007,-0.085,-0.025,-0.058,-0.069,-0.043
256.0,259.0,0.012,2.561,0.068,-1.205,-0.081,-0.056,-0.02,-0.113,-0.05,-0.001,-0.069,0.0,-0.007,-0.085,-0.025,-0.058,-0.069,-0.043
256.0,260.0,0.012,2.561,0.068,-1.205,-0.081,-0.056,-0.02,-0.113,-0.05,-0.001,-0.069,0.0,-0.007,-0.085,-0.025,-0.058,-0.069,-0.043
256.0,261.0,0.013,2.561,0.068,-1.205,-0.081,-0.056,-0.02,-0.113,-0.05,-0.001,-0.069,0.0,-0.007,-0.085,-0.025,-0.058,-0.069,-0.043
256.0,262.0,0.013,2.561,0.068,-1.204,-0.081,-0.055,-0.02,-0.113,-0.05,-0.001,-0.069,0.0,-0.007,-0.085,-0.025,-0.058,-0.069,-0.043
256.0,263.0,0.013,2.561,0.068,-1.204,-0.081,-0.055,-0.02,-0.112,-0.05,-0.001,-0.069,0.0,-0.007,-0.085,-0.025,-0.058,-0.069,-0.043
256.0,264.0,0.013,2.561,0.068,-1.204,-0.081,-0.055,-0.021,-0.112,-0.05,-0.001,-0.069,0.0,-0.007,-0.085,-0.025,-0.058,-0.069,-0.043
256.0,265.0,0.013,2.561,0.068,-1.204,-0.081,-0.055,-0.021,-0.112,-0.05,-0.001,-0.069,0.0,-0.007,-0.085,-0.025,-0.058,-0.069,-0.043
256.0,266.0,0.014,2.561,0.068,-1.204,-0.081,-0.055,-0.021,-0.112,-0.05,-0.001,-0.069,0.0,-0.007,-0.085,-0.025,-0.058,-0.069,-0.043
256.0,267.0,0.014,2.561,0.068,-1.203,-0.081,-0.055,-0.021,-0.112,-0.05,-0.001,-0.069,0.0,-0.007,-0.085,-0.025,-0.058,-0.069,-0.043
256.0,268.0,0.014,2.561,0.068,-1.203,-0.081,-0.055,-0.021,-0.112,-0.05,-0.001,-0.069,0.0,-0.007,-0.085,-0.025,-0.058,-0.069,-0.043
257.0,258.0,0.022,3.411,0.055,-1.286,-0.098,-0.035,-0.024,-0.131,-0.045,-0.01,-0.109,-0.026,0.036,-0.073,0.013,-0.057,-0.015,-0.05
257.0,259.0,0.022,3.411,0.055,-1.286,-0.098,-0.035,-0.024,-0.131,-0.045,-0.01,-0.109,-0.026,0.036,-0.073,0.013,-0.057,-0.015,-0.05
257.0,260.0,0.022,3.411,0.055,-1.286,-0.098,-0.035,-0.024,-0.131,-0.045,-0.01,-0.109,-0.026,0.036,-0.073,0.013,-0.057,-0.015,-0.05
257.0,261.0,0.022,3.411,0.055,-1.286,-0.098,-0.035,-0.025,-0.131,-0.045,-0.01,-0.109,-0.026,0.036,-0.073,0.013,-0.057,-0.015,-0.05
257.0,262.0,0.022,3.411,0.055,-1.286,-0.098,-0.035,-0.025,-0.131,-0.045,-0.01,-0.109,-0.026,0.036,-0.073,0.013,-0.057,-0.015,-0.05
257.0,263.0,0.022,3.411,0.055,-1.286,-0.098,-0.035,-0.025,-0.131,-0.045,-0.01,-0.109,-0.026,0.036,-0.073,0.013,-0.057,-0.015,-0.05
257.0,264.0,0.022,3.411,0.055,-1.286,-0.098,-0.035,-0.025,-0.131,-0.045,-0.01,-0.109,-0.026,0.036,-0.073,0.013,-0.057,-0.015,-0.05
257.0,265.0,0.023,3.411,0.055,-1.286,-0.098,-0.035,-0.025,-0.131,-0.045,-0.01,-0.109,-0.026,0.036,-0.073,0.013,-0.057,-0.015,-0.05
257.0,266.0,0.023,3.411,0.055,-1.286,-0.098,-0.035,-0.025,-0.131,-0.045,-0.01,-0.109,-0.026,0.036,-0.073,0.013,-0.057,-0.015,-0.05
257.0,267.0,0.023,3.411,0.055,-1.286,-0.098,-0.035,-0.025,-0.131,-0.045,-0.01,-0.109,-0.026,0.036,-0.073,0.013,-0.057,-0.015,-0.05
257.0,268.0,0.023,3.411,0.055,-1.286,-0.098,-0.035,-0.025,-0.131,-0.045,-0.01,-0.109,-0.026,0.036,-0.073,0.013,-0.057,-0.015,-0.05
257.0,269.0,0.023,3.411,0.055,-1.287,-0.098,-0.035,-0.025,-0.131,-0.045,-0.01,-0.109,-0.026,0.036,-0.073,0.013,-0.057,-0.015,-0.05
258.0,259.0,0.017,3.172,0.058,-1.248,-0.107,-0.036,-0.023,-0.103,-0.044,-0.013,-0.083,0.005,0.02,-0.077,-0.001,-0.06,-0.008,-0.048
258.0,260.0,0.017,3.172,0.057,-1.248,-0.107,-0.036,-0.023,-0.103,-0.044,-0.013,-0.083,0.005,0.02,-0.077,-0.001,-0.059,-0.009,-0.048
258.0,261.0,0.017,3.172,0.057,-1.248,-0.107,-0.036,-0.023,-0.103,-0.044,-0.013,-0.084,0.005,0.02,-0.077,-0.001,-0.059,-0.009,-0.048
258.0,262.0,0.017,3.172,0.057,-1.248,-0.106,-0.036,-0.023,-0.103,-0.044,-0.013,-0.084,0.005,0.02,-0.077,-0.001,-0.059,-0.01,-0.048
258.0,263.0,0.017,3.172,0.057,-1.248,-0.106,-0.036,-0.023,-0.103,-0.044,-0.013,-0.084,0.005,0.02,-0.077,-0.001,-0.059,-0.01,-0.048
258.0,264.0,0.018,3.172,0.057,-1.248,-0.106,-0.036,-0.023,-0.103,-0.044,-0.013,-0.084,0.005,0.02,-0.077,-0.001,-0.059,-0.011,-0.048
258.0,265.0,0.018,3.172,0.057,-1.248,-0.106,-0.036,-0.023,-0.103,-0.044,-0.013,-0.084,0.005,0.02,-0.077,-0.001,-0.059,-0.011,-0.048
258.0,266.0,0.018,3.172,0.057,-1.248,-0.106,-0.036,-0.024,-0.103,-0.044,-0.013,-0.084,0.005,0.02,-0.077,-0.001,-0.059,-0.012,-0.048
258.0,267.0,0.018,3.172,0.057,-1.248,-0.106,-0.036,-0.024,-0.103,-0.044,-0.013,-0.084,0.006,0.02,-0.077,-0.001,-0.059,-0.012,-0.048
258.0,268.0,0.018,3.172,0.057,-1.248,-0.106,-0.036,-0.024,-0.103,-0.044,-0.013,-0.085,0.006,0.02,-0.077,-0.001,-0.059,-0.013,-0.049
258.0,269.0,0.019,3.172,0.057,-1.248,-0.106,-0.036,-0.024,-0.103,-0.044,-0.013,-0.085,0.006,0.02,-0.077,-0.001,-0.059,-0.013,-0.049
258.0,270.0,0.019,3.172,0.057,-1.248,-0.106,-0.036,-0.024,-0.103,-0.044,-0.013,-0.085,0.006,0.02,-0.077,-0.001,-0.059,-0.013,-0.049
259.0,260.0,0.018,3.021,0.06,-1.457,-0.106,-0.036,-0.023,-0.116,-0.044,-0.008,-0.086,0.002,0.035,-0.091,-0.0,-0.059,0.009,-0.051
259.0,261.0,0.018,3.021,0.06,-1.454,-0.106,-0.036,-0.023,-0.116,-0.044,-0.008,-0.086,0.002,0.035,-0.091,-0.0,-0.059,0.008,-0.051
259.0,262.0,0.018,3.021,0.06,-1.451,-0.106,-0.036,-0.023,-0.116,-0.044,-0.008,-0.086,0.002,0.035,-0.091,-0.0,-0.058,0.008,-0.051
259.0,263.0,0.018,3.021,0.06,-1.448,-0.106,-0.036,-0.023,-0.116,-0.044,-0.008,-0.086,0.002,0.035,-0.091,-0.0,-0.058,0.008,-0.051
259.0,264.0,0.018,3.021,0.06,-1.445,-0.106,-0.036,-0.023,-0.116,-0.044,-0.008,-0.086,0.002,0.035,-0.091,-0.0,-0.058,0.007,-0.051
259.0,265.0,0.018,3.021,0.06,-1.441,-0.106,-0.036,-0.023,-0.116,-0.044,-0.008,-0.086,0.002,0.035,-0.091,-0.0,-0.058,0.007,-0.051
259.0,266.0,0.018,3.021,0.06,-1.439,-0.106,-0.036,-0.023,-0.116,-0.044,-0.008,-0.086,0.002,0.035,-0.091,-0.0,-0.058,0.006,-0.051
259.0,267.0,0.018,3.021,0.06,-1.436,-0.106,-0.036,-0.023,-0.116,-0.044,-0.008,-0.086,0.002,0.035,-0.091,-0.0,-0.058,0.006,-0.051
259.0,268.0,0.018,3.021,0.06,-1.433,-0.106,-0.036,-0.023,-0.116,-0.044,-0.008,-0.087,0.002,0.035,-0.091,-0.0,-0.058,0.006,-0.051
259.0,269.0,0.018,3.021,0.06,-1.43,-0.106,-0.036,-0.023,-0.116,-0.044,-0.008,-0.087,0.002,0.035,-0.091,-0.0,-0.058,0.005,-0.051
259.0,270.0,0.019,3.021,0.06,-1.427,-0.106,-0.036,-0.023,-0.116,-0.044,-0.008,-0.087,0.002,0.035,-0.091,-0.0,-0.058,0.005,-0.051
259.0,271.0,0.019,3.021,0.06,-1.424,-0.106,-0.036,-0.023,-0.116,-0.044,-0.008,-0.087,0.002,0.035,-0.091,-0.0,-0.058,0.005,-0.051
260.0,261.0,0.016,3.499,0.058,-1.256,-0.078,0.057,-0.027,-0.104,-0.047,-0.011,-0.084,-0.0,0.037,-0.075,0.007,-0.093,-0.027,-0.049
260.0,262.0,0.016,3.499,0.058,-1.256,-0.078,0.055,-0.027,-0.104,-0.047,-0.011,-0.084,-0.0,0.037,-0.075,0.007,-0.093,-0.027,-0.049
260.0,263.0,0.016,3.499,0.058,-1.256,-0.078,0.053,-0.027,-0.104,-0.047,-0.011,-0.084,-0.0,0.037,-0.075,0.007,-0.093,-0.027,-0.049
260.0,264.0,0.016,3.499,0.058,-1.256,-0.078,0.051,-0.027,-0.104,-0.047,-0.011,-0.084,-0.0,0.037,-0.075,0.007,-0.093,-0.028,-0.049
260.0,265.0,0.017,3.499,0.058,-1.256,-0.078,0.049,-0.027,-0.104,-0.047,-0.011,-0.084,-0.0,0.037,-0.075,0.007,-0.093,-0.028,-0.049
260.0,266.0,0.017,3.499,0.058,-1.256,-0.078,0.048,-0.027,-0.104,-0.047,-0.011,-0.084,-0.0,0.037,-0.075,0.007,-0.093,-0.028,-0.049
260.0,267.0,0.017,3.499,0.058,-1.256,-0.078,0.046,-0.027,-0.104,-0.047,-0.011,-0.084,-0.0,0.037,-0.075,0.007,-0.093,-0.028,-0.049
260.0,268.0,0.017,3.499,0.058,-1.255,-0.078,0.045,-0.027,-0.104,-0.047,-0.011,-0.084,-0.0,0.037,-0.075,0.007,-0.093,-0.028,-0.049
260.0,269.0,0.017,3.499,0.058,-1.255,-0.078,0.043,-0.027,-0.104,-0.047,-0.011,-0.084,-0.0,0.037,-0.075,0.007,-0.093,-0.028,-0.049
260.0,270.0,0.018,3.499,0.058,-1.255,-0.078,0.041,-0.027,-0.104,-0.047,-0.011,-0.084,-0.0,0.037,-0.075,0.007,-0.093,-0.028,-0.049
260.0,271.0,0.018,3.499,0.058,-1.255,-0.078,0.04,-0.027,-0.104,-0.047,-0.011,-0.084,-0.0,0.037,-0.075,0.007,-0.093,-0.028,-0.049
260.0,272.0,0.018,3.499,0.058,-1.255,-0.078,0.038,-0.027,-0.104,-0.047,-0.011,-0.084,-0.0,0.036,-0.075,0.007,-0.093,-0.028,-0.049
261.0,262.0,0.02,2.979,0.056,-1.176,-0.104,-0.038,-0.024,-0.124,-0.044,-0.008,-0.05,-0.0,0.031,-0.091,-0.002,-0.063,-0.013,-0.035
261.0,263.0,0.02,2.979,0.056,-1.176,-0.104,-0.038,-0.024,-0.124,-0.044,-0.008,-0.05,-0.0,0.031,-0.091,-0.002,-0.063,-0.014,-0.035
261.0,264.0,0.02,2.979,0.056,-1.176,-0.104,-0.038,-0.024,-0.124,-0.044,-0.008,-0.051,-0.0,0.031,-0.091,-0.002,-0.062,-0.015,-0.036
261.0,265.0,0.02,2.979,0.056,-1.176,-0.104,-0.038,-0.024,-0.124,-0.044,-0.007,-0.051,-0.0,0.031,-0.091,-0.002,-0.062,-0.015,-0.036
261.0,266.0,0.02,2.979,0.056,-1.176,-0.104,-0.038,-0.024,-0.124,-0.044,-0.007,-0.051,-0.0,0.031,-0.091,-0.002,-0.062,-0.016,-0.036
261.0,267.0,0.02,2.979,0.056,-1.176,-0.104,-0.038,-0.024,-0.124,-0.044,-0.007,-0.052,-0.0,0.031,-0.091,-0.002,-0.062,-0.017,-0.037
261.0,268.0,0.02,2.979,0.056,-1.176,-0.104,-0.038,-0.024,-0.124,-0.044,-0.007,-0.052,-0.0,0.031,-0.091,-0.002,-0.061,-0.018,-0.037
261.0,269.0,0.02,2.979,0.056,-1.176,-0.104,-0.038,-0.024,-0.124,-0.044,-0.007,-0.052,-0.0,0.031,-0.091,-0.002,-0.061,-0.018,-0.037
261.0,270.0,0.02,2.979,0.056,-1.176,-0.104,-0.038,-0.024,-0.124,-0.044,-0.007,-0.053,-0.0,0.031,-0.091,-0.002,-0.061,-0.019,-0.038
261.0,271.0,0.02,2.979,0.056,-1.176,-0.104,-0.038,-0.024,-0.124,-0.044,-0.007,-0.053,-0.0,0.031,-0.091,-0.002,-0.061,-0.02,-0.038
261.0,272.0,0.02,2.979,0.056,-1.176,-0.104,-0.038,-0.024,-0.124,-0.044,-0.007,-0.053,-0.0,0.031,-0.091,-0.002,-0.061,-0.02,-0.038
261.0,273.0,0.02,2.979,0.056,-1.176,-0.104,-0.038,-0.024,-0.124,-0.044,-0.007,-0.054,-0.0,0.031,-0.091,-0.002,-0.061,-0.021,-0.039
262.0,263.0,0.02,5.712,0.052,-1.33,-0.112,-0.043,-0.028,-0.097,-0.041,-0.015,-0.085,0.002,0.261,-0.091,-0.006,-0.065,-0.049,-0.065
262.0,264.0,0.021,5.712,0.052,-1.33,-0.112,-0.043,-0.028,-0.097,-0.041,-0.015,-0.085,0.002,0.261,-0.091,-0.006,-0.065,-0.049,-0.065
262.0,265.0,0.021,5.712,0.052,-1.33,-0.112,-0.043,-0.028,-0.096,-0.041,-0.015,-0.085,0.002,0.261,-0.091,-0.006,-0.065,-0.049,-0.065
262.0,266.0,0.022,5.713,0.052,-1.33,-0.111,-0.043,-0.028,-0.096,-0.041,-0.015,-0.085,0.002,0.261,-0.091,-0.006,-0.065,-0.049,-0.065
262.0,267.0,0.022,5.713,0.052,-1.33,-0.111,-0.043,-0.028,-0.095,-0.041,-0.015,-0.085,0.002,0.261,-0.091,-0.006,-0.065,-0.049,-0.065
262.0,268.0,0.022,5.713,0.052,-1.33,-0.111,-0.043,-0.028,-0.094,-0.041,-0.015,-0.085,0.002,0.261,-0.091,-0.006,-0.065,-0.049,-0.065
262.0,269.0,0.022,5.714,0.052,-1.33,-0.111,-0.043,-0.028,-0.094,-0.041,-0.015,-0.085,0.002,0.261,-0.091,-0.006,-0.065,-0.049,-0.065
262.0,270.0,0.022,5.714,0.052,-1.33,-0.111,-0.043,-0.028,-0.093,-0.041,-0.015,-0.085,0.002,0.261,-0.091,-0.006,-0.065,-0.049,-0.065
262.0,271.0,0.022,5.714,0.052,-1.33,-0.111,-0.043,-0.028,-0.093,-0.041,-0.015,-0.085,0.002,0.261,-0.091,-0.006,-0.065,-0.049,-0.065
262.0,272.0,0.022,5.714,0.052,-1.33,-0.111,-0.043,-0.028,-0.093,-0.041,-0.015,-0.085,0.002,0.261,-0.091,-0.006,-0.065,-0.049,-0.065
262.0,273.0,0.022,5.715,0.052,-1.33,-0.111,-0.043,-0.028,-0.092,-0.041,-0.015,-0.085,0.002,0.261,-0.091,-0.006,-0.065,-0.049,-0.065
262.0,274.0,0.022,5.715,0.052,-1.33,-0.111,-0.043,-0.028,-0.092,-0.041,-0.015,-0.085,0.002,0.261,-0.091,-0.006,-0.065,-0.049,-0.065
263.0,264.0,0.017,3.671,0.058,-1.492,-0.106,0.023,-0.022,-0.104,-0.044,-0.008,-0.085,0.012,0.055,-0.119,-0.034,-0.344,-0.054,-0.05
263.0,265.0,0.017,3.671,0.058,-1.492,-0.106,0.022,-0.022,-0.104,-0.044,-0.008,-0.085,0.012,0.055,-0.119,-0.034,-0.344,-0.054,-0.05
263.0,266.0,0.017,3.671,0.058,-1.492,-0.106,0.021,-0.022,-0.104,-0.044,-0.008,-0.085,0.012,0.055,-0.119,-0.034,-0.344,-0.054,-0.05
263.0,267.0,0.017,3.671,0.058,-1.492,-0.106,0.02,-0.022,-0.104,-0.044,-0.008,-0.085,0.012,0.055,-0.119,-0.034,-0.344,-0.054,-0.05
263.0,268.0,0.017,3.671,0.058,-1.492,-0.106,0.018,-0.022,-0.104,-0.044,-0.008,-0.085,0.012,0.055,-0.119,-0.034,-0.344,-0.054,-0.05
263.0,269.0,0.017,3.671,0.058,-1.492,-0.106,0.017,-0.022,-0.104,-0.044,-0.008,-0.085,0.012,0.055,-0.119,-0.034,-0.344,-0.054,-0.05
263.0,270.0,0.017,3.671,0.058,-1.492,-0.106,0.016,-0.022,-0.104,-0.044,-0.008,-0.085,0.012,0.055,-0.119,-0.034,-0.344,-0.054,-0.05
263.0,271.0,0.017,3.671,0.058,-1.492,-0.106,0.015,-0.022,-0.104,-0.044,-0.008,-0.085,0.012,0.055,-0.119,-0.034,-0.344,-0.054,-0.05
263.0,272.0,0.017,3.671,0.058,-1.492,-0.106,0.014,-0.022,-0.104,-0.044,-0.008,-0.085,0.012,0.055,-0.119,-0.034,-0.344,-0.054,-0.05
263.0,273.0,0.017,3.671,0.058,-1.492,-0.106,0.013,-0.022,-0.104,-0.044,-0.008,-0.085,0.012,0.055,-0.119,-0.034,-0.344,-0.054,-0.05
263.0,274.0,0.017,3.671,0.058,-1.492,-0.106,0.012,-0.022,-0.104,-0.044,-0.008,-0.085,0.012,0.055,-0.119,-0.034,-0.344,-0.054,-0.05
263.0,275.0,0.017,3.671,0.058,-1.492,-0.106,0.011,-0.022,-0.104,-0.044,-0.008,-0.085,0.012,0.055,-0.119,-0.034,-0.344,-0.054,-0.05
264.0,265.0,0.01,2.787,0.058,-1.281,-0.089,-0.036,-0.017,-0.099,-0.05,-0.014,-0.079,-0.019,0.001,-0.076,-0.006,-0.055,-0.009,-0.053
264.0,266.0,0.01,2.787,0.058,-1.281,-0.089,-0.036,-0.017,-0.099,-0.05,-0.014,-0.079,-0.019,0.001,-0.076,-0.006,-0.055,-0.009,-0.053
264.0,267.0,0.01,2.787,0.058,-1.281,-0.089,-0.036,-0.017,-0.099,-0.05,-0.014,-0.079,-0.019,0.001,-0.076,-0.006,-0.055,-0.009,-0.053
264.0,268.0,0.01,2.787,0.058,-1.281,-0.089,-0.036,-0.017,-0.099,-0.05,-0.014,-0.079,-0.019,0.001,-0.076,-0.006,-0.055,-0.009,-0.053
264.0,269.0,0.01,2.787,0.058,-1.281,-0.089,-0.036,-0.017,-0.099,-0.05,-0.014,-0.079,-0.019,0.001,-0.076,-0.006,-0.055,-0.009,-0.053
264.0,270.0,0.01,2.787,0.058,-1.281,-0.089,-0.036,-0.017,-0.099,-0.05,-0.014,-0.079,-0.019,0.001,-0.076,-0.006,-0.055,-0.009,-0.053
264.0,271.0,0.01,2.787,0.058,-1.281,-0.089,-0.036,-0.017,-0.099,-0.05,-0.014,-0.079,-0.019,0.001,-0.076,-0.006,-0.055,-0.009,-0.053
264.0,272.0,0.01,2.787,0.058,-1.281,-0.089,-0.036,-0.017,-0.099,-0.05,-0.014,-0.079,-0.019,0.001,-0.076,-0.006,-0.055,-0.009,-0.053
264.0,273.0,0.01,2.787,0.058,-1.281,-0.089,-0.036,-0.017,-0.099,-0.05,-0.014,-0.079,-0.019,0.001,-0.076,-0.006,-0.055,-0.009,-0.053
264.0,274.0,0.01,2.787,0.058,-1.281,-0.089,-0.036,-0.017,-0.099,-0.05,-0.014,-0.079,-0.019,0.001,-0.076,-0.006,-0.055,-0.009,-0.053
264.0,275.0,0.01,2.787,0.058,-1.281,-0.089,-0.036,-0.017,-0.099,-0.05,-0.014,-0.079,-0.019,0.001,-0.076,-0.006,-0.055,-0.009,-0.053
264.0,276.0,0.01,2.787,0.058,-1.281,-0.089,-0.036,-0.017,-0.099,-0.05,-0.014,-0.079,-0.019,0.001,-0.076,-0.006,-0.055,-0.009,-0.053
265.0,266.0,0.016,3.324,0.061,-1.299,-0.114,-0.037,-0.025,-0.117,-0.045,-0.012,-0.075,0.0,0.016,-0.081,0.052,-0.054,-0.014,-0.051
265.0,267.0,0.017,3.325,0.061,-1.298,-0.114,-0.037,-0.025,-0.117,-0.045,-0.012,-0.075,0.0,0.016,-0.081,0.052,-0.054,-0.014,-0.051
265.0,268.0,0.017,3.325,0.061,-1.298,-0.114,-0.037,-0.025,-0.117,-0.045,-0.012,-0.075,0.0,0.016,-0.081,0.052,-0.054,-0.014,-0.051
265.0,269.0,0.017,3.325,0.061,-1.298,-0.113,-0.037,-0.025,-0.117,-0.045,-0.012,-0.075,0.0,0.016,-0.081,0.052,-0.054,-0.014,-0.051
265.0,270.0,0.017,3.325,0.061,-1.298,-0.113,-0.037,-0.025,-0.116,-0.045,-0.012,-0.075,0.0,0.016,-0.081,0.052,-0.054,-0.014,-0.051
265.0,271.0,0.017,3.325,0.061,-1.298,-0.113,-0.037,-0.025,-0.116,-0.045,-0.012,-0.075,0.0,0.016,-0.081,0.052,-0.054,-0.014,-0.051
265.0,272.0,0.018,3.325,0.061,-1.298,-0.113,-0.037,-0.025,-0.116,-0.045,-0.012,-0.075,0.0,0.016,-0.081,0.052,-0.054,-0.014,-0.051
265.0,273.0,0.018,3.325,0.061,-1.298,-0.113,-0.037,-0.025,-0.116,-0.045,-0.012,-0.075,0.0,0.016,-0.081,0.052,-0.054,-0.014,-0.051
265.0,274.0,0.018,3.325,0.061,-1.297,-0.113,-0.037,-0.025,-0.115,-0.045,-0.012,-0.075,0.0,0.016,-0.081,0.052,-0.054,-0.014,-0.051
265.0,275.0,0.018,3.325,0.061,-1.297,-0.113,-0.037,-0.025,-0.115,-0.045,-0.012,-0.076,0.0,0.016,-0.081,0.051,-0.054,-0.014,-0.051
265.0,276.0,0.018,3.325,0.061,-1.297,-0.113,-0.037,-0.025,-0.115,-0.045,-0.012,-0.076,0.0,0.016,-0.081,0.051,-0.054,-0.014,-0.051
265.0,277.0,0.018,3.326,0.061,-1.297,-0.112,-0.037,-0.025,-0.115,-0.045,-0.012,-0.076,0.0,0.016,-0.081,0.051,-0.054,-0.014,-0.051
266.0,267.0,0.016,2.934,0.055,-1.159,-0.09,-0.041,-0.025,-0.092,-0.042,-0.006,-0.059,0.001,0.06,-0.107,-0.03,-0.138,-0.031,-0.049
266.0,268.0,0.016,2.934,0.055,-1.159,-0.09,-0.041,-0.025,-0.092,-0.042,-0.006,-0.059,0.001,0.06,-0.107,-0.03,-0.137,-0.032,-0.049
266.0,269.0,0.016,2.934,0.055,-1.159,-0.09,-0.041,-0.025,-0.092,-0.042,-0.006,-0.059,0.001,0.06,-0.107,-0.03,-0.136,-0.033,-0.049
266.0,270.0,0.016,2.934,0.055,-1.159,-0.09,-0.041,-0.025,-0.092,-0.042,-0.006,-0.059,0.001,0.06,-0.107,-0.03,-0.135,-0.034,-0.049
266.0,271.0,0.016,2.934,0.055,-1.159,-0.09,-0.041,-0.025,-0.092,-0.042,-0.006,-0.059,0.001,0.06,-0.107,-0.03,-0.135,-0.035,-0.049
266.0,272.0,0.017,2.934,0.055,-1.159,-0.09,-0.041,-0.025,-0.092,-0.042,-0.006,-0.059,0.001,0.06,-0.107,-0.03,-0.134,-0.036,-0.049
266.0,273.0,0.017,2.934,0.055,-1.159,-0.09,-0.041,-0.025,-0.092,-0.042,-0.006,-0.059,0.001,0.06,-0.107,-0.03,-0.133,-0.036,-0.049
266.0,274.0,0.017,2.934,0.055,-1.159,-0.09,-0.041,-0.025,-0.092,-0.042,-0.006,-0.059,0.001,0.06,-0.107,-0.03,-0.132,-0.037,-0.049
266.0,275.0,0.017,2.934,0.055,-1.159,-0.09,-0.041,-0.025,-0.092,-0.042,-0.006,-0.059,0.001,0.06,-0.107,-0.03,-0.132,-0.038,-0.049
266.0,276.0,0.018,2.934,0.055,-1.159,-0.09,-0.041,-0.025,-0.092,-0.042,-0.006,-0.059,0.001,0.059,-0.107,-0.03,-0.131,-0.038,-0.049
266.0,277.0,0.018,2.934,0.055,-1.159,-0.09,-0.041,-0.025,-0.092,-0.042,-0.006,-0.059,0.001,0.059,-0.107,-0.03,-0.13,-0.039,-0.049
266.0,278.0,0.018,2.934,0.055,-1.159,-0.09,-0.041,-0.025,-0.092,-0.042,-0.006,-0.059,0.001,0.059,-0.107,-0.03,-0.13,-0.039,-0.049
267.0,268.0,0.014,3.025,0.063,-1.176,-0.094,-0.037,-0.022,-0.109,-0.045,-0.017,-0.07,-0.01,0.022,-0.071,0.005,-0.072,-0.033,-0.043
267.0,269.0,0.015,3.025,0.063,-1.176,-0.094,-0.037,-0.022,-0.109,-0.045,-0.017,-0.07,-0.01,0.022,-0.071,0.005,-0.072,-0.033,-0.043
267.0,270.0,0.015,3.025,0.063,-1.176,-0.094,-0.037,-0.022,-0.109,-0.045,-0.017,-0.07,-0.01,0.022,-0.071,0.005,-0.072,-0.033,-0.043
267.0,271.0,0.015,3.025,0.063,-1.176,-0.093,-0.037,-0.022,-0.108,-0.045,-0.017,-0.07,-0.01,0.022,-0.071,0.005,-0.071,-0.033,-0.043
267.0,272.0,0.015,3.025,0.063,-1.176,-0.093,-0.037,-0.022,-0.108,-0.045,-0.017,-0.07,-0.01,0.022,-0.071,0.005,-0.071,-0.033,-0.043
267.0,273.0,0.015,3.025,0.063,-1.176,-0.093,-0.037,-0.022,-0.108,-0.045,-0.017,-0.07,-0.01,0.022,-0.071,0.005,-0.071,-0.033,-0.043
267.0,274.0,0.015,3.025,0.063,-1.176,-0.093,-0.038,-0.022,-0.108,-0.045,-0.017,-0.07,-0.01,0.022,-0.071,0.005,-0.071,-0.033,-0.043
267.0,275.0,0.016,3.025,0.063,-1.176,-0.093,-0.038,-0.022,-0.108,-0.045,-0.017,-0.07,-0.01,0.022,-0.071,0.005,-0.071,-0.033,-0.043
267.0,276.0,0.016,3.025,0.063,-1.176,-0.093,-0.038,-0.022,-0.108,-0.045,-0.017,-0.07,-0.01,0.022,-0.071,0.005,-0.071,-0.033,-0.043
267.0,277.0,0.016,3.025,0.063,-1.175,-0.093,-0.038,-0.022,-0.108,-0.045,-0.017,-0.07,-0.01,0.022,-0.071,0.005,-0.071,-0.033,-0.043
267.0,278.0,0.016,3.025,0.063,-1.175,-0.093,-0.038,-0.022,-0.108,-0.045,-0.017,-0.07,-0.01,0.022,-0.071,0.005,-0.071,-0.033,-0.043
267.0,279.0,0.016,3.025,0.063,-1.175,-0.093,-0.038,-0.022,-0.108,-0.045,-0.017,-0.07,-0.01,0.022,-0.071,0.005,-0.071,-0.033,-0.043
268.0,269.0,0.018,3.799,0.056,-1.25,-0.097,-0.011,-0.025,-0.096,-0.048,-0.01,-0.077,0.0,0.092,-0.096,0.03,-0.091,-0.033,-0.054
268.0,270.0,0.018,3.799,0.056,-1.25,-0.097,-0.011,-0.025,-0.096,-0.048,-0.01,-0.077,0.0,0.092,-0.096,0.03,-0.091,-0.033,-0.054
268.0,271.0,0.018,3.799,0.056,-1.25,-0.097,-0.012,-0.025,-0.096,-0.048,-0.01,-0.077,0.0,0.092,-0.096,0.03,-0.091,-0.033,-0.054
268.0,272.0,0.019,3.799,0.056,-1.25,-0.097,-0.013,-0.025,-0.096,-0.048,-0.01,-0.077,0.0,0.092,-0.096,0.03,-0.091,-0.033,-0.054
268.0,273.0,0.019,3.799,0.056,-1.25,-0.097,-0.013,-0.025,-0.096,-0.048,-0.01,-0.077,0.0,0.092,-0.096,0.03,-0.091,-0.033,-0.054
268.0,274.0,0.019,3.799,0.056,-1.25,-0.097,-0.014,-0.025,-0.096,-0.048,-0.01,-0.077,0.0,0.092,-0.096,0.03,-0.091,-0.033,-0.054
268.0,275.0,0.019,3.799,0.056,-1.25,-0.097,-0.014,-0.025,-0.096,-0.048,-0.01,-0.077,0.0,0.092,-0.096,0.03,-0.091,-0.033,-0.054
268.0,276.0,0.019,3.799,0.056,-1.25,-0.097,-0.015,-0.025,-0.096,-0.048,-0.01,-0.077,0.0,0.092,-0.096,0.03,-0.091,-0.033,-0.054
268.0,277.0,0.02,3.799,0.056,-1.25,-0.097,-0.016,-0.025,-0.096,-0.048,-0.01,-0.077,0.0,0.092,-0.096,0.03,-0.091,-0.033,-0.054
268.0,278.0,0.02,3.799,0.056,-1.25,-0.097,-0.016,-0.025,-0.096,-0.048,-0.01,-0.077,0.0,0.092,-0.096,0.03,-0.091,-0.033,-0.054
268.0,279.0,0.02,3.799,0.056,-1.25,-0.097,-0.017,-0.025,-0.096,-0.048,-0.01,-0.077,0.0,0.092,-0.096,0.03,-0.091,-0.033,-0.054
268.0,280.0,0.02,3.799,0.056,-1.25,-0.097,-0.017,-0.025,-0.096,-0.048,-0.01,-0.077,0.0,0.092,-0.096,0.03,-0.091,-0.033,-0.054
269.0,270.0,0.018,3.073,0.057,-1.146,-0.091,-0.031,-0.024,-0.108,-0.044,-0.015,-0.068,0.004,0.016,-0.077,0.018,-0.077,-0.013,-0.045
269.0,271.0,0.018,3.073,0.057,-1.146,-0.091,-0.031,-0.024,-0.108,-0.044,-0.015,-0.068,0.004,0.016,-0.077,0.018,-0.077,-0.013,-0.045
269.0,272.0,0.019,3.073,0.057,-1.146,-0.091,-0.031,-0.024,-0.108,-0.044,-0.015,-0.068,0.004,0.016,-0.077,0.018,-0.077,-0.013,-0.045
269.0,273.0,0.019,3.073,0.057,-1.146,-0.091,-0.031,-0.024,-0.108,-0.044,-0.015,-0.068,0.004,0.016,-0.077,0.018,-0.077,-0.013,-0.045
269.0,274.0,0.019,3.073,0.057,-1.146,-0.091,-0.031,-0.024,-0.108,-0.044,-0.015,-0.068,0.004,0.016,-0.077,0.018,-0.076,-0.013,-0.045
269.0,275.0,0.019,3.073,0.057,-1.146,-0.091,-0.031,-0.024,-0.108,-0.044,-0.015,-0.068,0.004,0.016,-0.077,0.018,-0.076,-0.013,-0.045
269.0,276.0,0.019,3.073,0.057,-1.146,-0.091,-0.031,-0.024,-0.108,-0.044,-0.015,-0.068,0.004,0.016,-0.077,0.018,-0.076,-0.013,-0.045
269.0,277.0,0.019,3.073,0.057,-1.146,-0.091,-0.031,-0.024,-0.108,-0.044,-0.015,-0.068,0.004,0.016,-0.077,0.018,-0.076,-0.013,-0.045
269.0,278.0,0.019,3.073,0.057,-1.146,-0.091,-0.031,-0.024,-0.108,-0.044,-0.015,-0.068,0.004,0.016,-0.077,0.018,-0.076,-0.013,-0.045
269.0,279.0,0.019,3.073,0.057,-1.146,-0.091,-0.031,-0.024,-0.108,-0.044,-0.015,-0.068,0.004,0.016,-0.077,0.018,-0.075,-0.013,-0.045
269.0,280.0,0.019,3.073,0.057,-1.146,-0.091,-0.031,-0.024,-0.108,-0.044,-0.015,-0.068,0.004,0.016,-0.077,0.018,-0.075,-0.013,-0.045
269.0,281.0,0.019,3.073,0.057,-1.146,-0.091,-0.031,-0.024,-0.108,-0.044,-0.015,-0.068,0.004,0.016,-0.077,0.018,-0.075,-0.013,-0.045
270.0,271.0,0.025,2.915,0.064,-1.213,-0.097,-0.107,-0.028,-0.103,-0.043,-0.01,-0.095,0.002,0.06,-0.098,-0.012,-0.056,0.015,-0.052
270.0,272.0,0.025,2.915,0.064,-1.213,-0.096,-0.106,-0.028,-0.103,-0.043,-0.01,-0.095,0.002,0.06,-0.098,-0.012,-0.056,0.015,-0.052
270.0,273.0,0.025,2.915,0.064,-1.213,-0.096,-0.105,-0.028,-0.103,-0.043,-0.01,-0.095,0.002,0.06,-0.098,-0.012,-0.055,0.014,-0.052
270.0,274.0,0.025,2.915,0.064,-1.213,-0.096,-0.105,-0.028,-0.103,-0.043,-0.01,-0.095,0.002,0.06,-0.098,-0.012,-0.055,0.014,-0.052
270.0,275.0,0.025,2.915,0.064,-1.213,-0.096,-0.104,-0.028,-0.102,-0.043,-0.01,-0.095,0.002,0.059,-0.098,-0.012,-0.055,0.013,-0.052
270.0,276.0,0.025,2.915,0.064,-1.213,-0.096,-0.104,-0.028,-0.102,-0.043,-0.01,-0.095,0.002,0.059,-0.098,-0.012,-0.055,0.012,-0.052
270.0,277.0,0.025,2.915,0.064,-1.213,-0.096,-0.103,-0.028,-0.102,-0.043,-0.01,-0.095,0.002,0.059,-0.098,-0.012,-0.055,0.012,-0.052
270.0,278.0,0.025,2.916,0.064,-1.213,-0.096,-0.103,-0.028,-0.102,-0.043,-0.01,-0.095,0.002,0.059,-0.098,-0.012,-0.055,0.011,-0.052
270.0,279.0,0.025,2.916,0.064,-1.213,-0.096,-0.102,-0.028,-0.102,-0.043,-0.01,-0.095,0.002,0.059,-0.098,-0.012,-0.055,0.011,-0.052
270.0,280.0,0.025,2.916,0.064,-1.213,-0.096,-0.102,-0.028,-0.102,-0.043,-0.01,-0.095,0.002,0.059,-0.098,-0.012,-0.055,0.01,-0.052
270.0,281.0,0.025,2.916,0.064,-1.213,-0.096,-0.101,-0.028,-0.102,-0.043,-0.01,-0.095,0.002,0.059,-0.098,-0.012,-0.055,0.01,-0.052
270.0,282.0,0.025,2.916,0.064,-1.213,-0.096,-0.1,-0.028,-0.102,-0.043,-0.01,-0.095,0.002,0.059,-0.098,-0.012,-0.055,0.009,-0.052
271.0,272.0,0.027,3.466,0.052,-1.247,-0.109,-0.038,-0.024,-0.096,-0.044,-0.023,-0.083,0.001,0.048,-0.09,0.014,-0.083,-0.056,-0.049
271.0,273.0,0.027,3.466,0.052,-1.247,-0.109,-0.038,-0.024,-0.096,-0.044,-0.023,-0.083,0.001,0.048,-0.09,0.014,-0.083,-0.056,-0.049
271.0,274.0,0.027,3.466,0.052,-1.247,-0.109,-0.038,-0.024,-0.096,-0.044,-0.023,-0.083,0.001,0.048,-0.09,0.014,-0.083,-0.056,-0.049
271.0,275.0,0.027,3.466,0.052,-1.247,-0.109,-0.038,-0.024,-0.096,-0.044,-0.023,-0.083,0.001,0.048,-0.09,0.014,-0.083,-0.056,-0.049
271.0,276.0,0.027,3.466,0.052,-1.247,-0.109,-0.038,-0.024,-0.096,-0.044,-0.023,-0.083,0.001,0.048,-0.09,0.014,-0.083,-0.056,-0.049
271.0,277.0,0.027,3.466,0.052,-1.247,-0.109,-0.038,-0.024,-0.096,-0.044,-0.023,-0.083,0.001,0.048,-0.09,0.014,-0.083,-0.056,-0.049
271.0,278.0,0.027,3.466,0.052,-1.247,-0.109,-0.038,-0.024,-0.096,-0.044,-0.023,-0.083,0.001,0.048,-0.09,0.014,-0.083,-0.056,-0.049
271.0,279.0,0.027,3.466,0.052,-1.247,-0.109,-0.038,-0.024,-0.096,-0.044,-0.023,-0.083,0.001,0.048,-0.09,0.014,-0.083,-0.056,-0.049
271.0,280.0,0.027,3.466,0.052,-1.247,-0.109,-0.038,-0.024,-0.096,-0.044,-0.023,-0.083,0.001,0.048,-0.09,0.014,-0.083,-0.056,-0.049
271.0,281.0,0.027,3.466,0.052,-1.247,-0.109,-0.038,-0.024,-0.096,-0.044,-0.023,-0.083,0.001,0.048,-0.09,0.014,-0.083,-0.056,-0.049
271.0,282.0,0.027,3.466,0.052,-1.247,-0.109,-0.038,-0.024,-0.096,-0.044,-0.023,-0.083,0.001,0.048,-0.09,0.014,-0.083,-0.056,-0.049
271.0,283.0,0.027,3.466,0.052,-1.247,-0.109,-0.038,-0.024,-0.096,-0.044,-0.023,-0.083,0.001,0.048,-0.09,0.014,-0.083,-0.056,-0.049
272.0,273.0,0.019,2.871,0.055,-1.159,-0.09,-0.045,-0.021,-0.089,-0.043,-0.006,-0.054,0.001,0.064,-0.097,-0.027,-0.1,-0.036,-0.029
272.0,274.0,0.019,2.871,0.055,-1.159,-0.09,-0.045,-0.021,-0.089,-0.043,-0.006,-0.054,0.001,0.064,-0.097,-0.027,-0.099,-0.037,-0.03
272.0,275.0,0.019,2.871,0.055,-1.159,-0.09,-0.045,-0.021,-0.089,-0.043,-0.006,-0.054,0.001,0.064,-0.097,-0.027,-0.098,-0.037,-0.03
272.0,276.0,0.019,2.871,0.055,-1.159,-0.09,-0.045,-0.021,-0.089,-0.043,-0.006,-0.054,0.001,0.064,-0.097,-0.027,-0.097,-0.038,-0.03
272.0,277.0,0.019,2.871,0.055,-1.159,-0.09,-0.045,-0.021,-0.089,-0.043,-0.006,-0.054,0.001,0.064,-0.097,-0.027,-0.096,-0.038,-0.03
272.0,278.0,0.019,2.871,0.055,-1.159,-0.09,-0.045,-0.021,-0.089,-0.043,-0.006,-0.054,0.001,0.064,-0.097,-0.027,-0.095,-0.039,-0.03
272.0,279.0,0.019,2.871,0.055,-1.159,-0.09,-0.045,-0.021,-0.089,-0.043,-0.006,-0.054,0.001,0.064,-0.097,-0.027,-0.094,-0.039,-0.03
272.0,280.0,0.019,2.871,0.055,-1.159,-0.09,-0.045,-0.021,-0.089,-0.043,-0.006,-0.054,0.001,0.064,-0.097,-0.027,-0.092,-0.04,-0.03
272.0,281.0,0.019,2.871,0.055,-1.159,-0.09,-0.045,-0.021,-0.089,-0.043,-0.006,-0.054,0.001,0.064,-0.097,-0.027,-0.091,-0.04,-0.031
272.0,282.0,0.019,2.871,0.055,-1.159,-0.09,-0.045,-0.021,-0.089,-0.043,-0.006,-0.054,0.001,0.064,-0.097,-0.027,-0.09,-0.04,-0.031
272.0,283.0,0.019,2.871,0.055,-1.159,-0.09,-0.045,-0.021,-0.089,-0.043,-0.006,-0.054,0.001,0.064,-0.097,-0.027,-0.09,-0.041,-0.031
272.0,284.0,0.019,2.871,0.055,-1.159,-0.09,-0.045,-0.021,-0.089,-0.043,-0.006,-0.054,0.001,0.064,-0.097,-0.027,-0.089,-0.041,-0.031
273.0,274.0,0.019,3.562,0.055,-1.287,-0.086,-0.026,-0.026,-0.094,-0.046,-0.006,-0.071,-0.005,0.078,-0.067,0.015,-0.061,-0.035,-0.046
273.0,275.0,0.019,3.562,0.055,-1.286,-0.086,-0.026,-0.026,-0.094,-0.046,-0.006,-0.071,-0.005,0.078,-0.067,0.015,-0.061,-0.035,-0.046
273.0,276.0,0.02,3.562,0.055,-1.286,-0.086,-0.026,-0.026,-0.094,-0.046,-0.006,-0.071,-0.005,0.078,-0.067,0.015,-0.061,-0.035,-0.046
273.0,277.0,0.02,3.562,0.055,-1.286,-0.086,-0.026,-0.026,-0.094,-0.046,-0.006,-0.071,-0.005,0.078,-0.067,0.015,-0.061,-0.035,-0.046
273.0,278.0,0.02,3.562,0.055,-1.286,-0.086,-0.026,-0.026,-0.094,-0.046,-0.006,-0.071,-0.005,0.078,-0.067,0.015,-0.061,-0.035,-0.046
273.0,279.0,0.02,3.563,0.055,-1.286,-0.086,-0.027,-0.026,-0.094,-0.046,-0.006,-0.071,-0.005,0.078,-0.067,0.015,-0.061,-0.035,-0.046
273.0,280.0,0.02,3.563,0.055,-1.286,-0.086,-0.027,-0.026,-0.093,-0.046,-0.006,-0.071,-0.005,0.078,-0.067,0.015,-0.061,-0.035,-0.046
273.0,281.0,0.02,3.563,0.055,-1.286,-0.086,-0.027,-0.026,-0.093,-0.046,-0.006,-0.071,-0.005,0.078,-0.067,0.015,-0.061,-0.035,-0.046
273.0,282.0,0.02,3.563,0.055,-1.286,-0.086,-0.027,-0.026,-0.093,-0.046,-0.006,-0.071,-0.005,0.078,-0.067,0.015,-0.061,-0.035,-0.046
273.0,283.0,0.02,3.563,0.055,-1.286,-0.086,-0.027,-0.027,-0.093,-0.046,-0.006,-0.071,-0.005,0.078,-0.067,0.015,-0.061,-0.035,-0.046
273.0,284.0,0.02,3.563,0.055,-1.286,-0.086,-0.027,-0.027,-0.093,-0.045,-0.006,-0.071,-0.005,0.078,-0.067,0.015,-0.061,-0.035,-0.046
273.0,285.0,0.02,3.563,0.055,-1.286,-0.086,-0.027,-0.027,-0.093,-0.045,-0.006,-0.071,-0.005,0.078,-0.067,0.015,-0.061,-0.035,-0.046
274.0,275.0,0.021,3.303,0.056,-1.276,-0.097,-0.021,-0.028,-0.101,-0.041,-0.011,-0.068,-0.0,0.064,-0.083,-0.008,-0.054,-0.045,-0.041
274.0,276.0,0.021,3.303,0.056,-1.276,-0.097,-0.021,-0.028,-0.101,-0.041,-0.011,-0.068,-0.0,0.063,-0.084,-0.008,-0.054,-0.045,-0.041
274.0,277.0,0.021,3.303,0.056,-1.276,-0.097,-0.022,-0.028,-0.101,-0.041,-0.011,-0.069,-0.0,0.063,-0.084,-0.008,-0.054,-0.045,-0.041
274.0,278.0,0.021,3.303,0.056,-1.276,-0.097,-0.022,-0.028,-0.101,-0.041,-0.011,-0.069,-0.0,0.063,-0.084,-0.008,-0.054,-0.045,-0.041
274.0,279.0,0.021,3.303,0.056,-1.275,-0.096,-0.022,-0.028,-0.1,-0.041,-0.011,-0.069,-0.0,0.062,-0.084,-0.008,-0.054,-0.045,-0.041
274.0,280.0,0.021,3.304,0.056,-1.275,-0.096,-0.023,-0.028,-0.1,-0.041,-0.011,-0.069,-0.0,0.062,-0.084,-0.008,-0.054,-0.045,-0.041
274.0,281.0,0.021,3.304,0.056,-1.275,-0.096,-0.023,-0.028,-0.1,-0.041,-0.011,-0.069,-0.0,0.062,-0.084,-0.008,-0.054,-0.045,-0.041
274.0,282.0,0.021,3.304,0.056,-1.275,-0.096,-0.023,-0.028,-0.1,-0.041,-0.011,-0.069,-0.0,0.061,-0.084,-0.008,-0.054,-0.045,-0.041
274.0,283.0,0.021,3.304,0.056,-1.275,-0.096,-0.024,-0.028,-0.1,-0.041,-0.011,-0.07,-0.0,0.061,-0.084,-0.008,-0.054,-0.046,-0.042
274.0,284.0,0.021,3.304,0.056,-1.275,-0.096,-0.024,-0.028,-0.1,-0.041,-0.011,-0.07,-0.0,0.061,-0.084,-0.008,-0.054,-0.046,-0.042
274.0,285.0,0.022,3.304,0.056,-1.275,-0.096,-0.024,-0.028,-0.1,-0.041,-0.011,-0.07,-0.0,0.06,-0.084,-0.008,-0.054,-0.046,-0.042
274.0,286.0,0.022,3.305,0.056,-1.275,-0.095,-0.024,-0.028,-0.1,-0.041,-0.011,-0.07,-0.0,0.06,-0.084,-0.008,-0.054,-0.046,-0.042
275.0,276.0,0.021,2.563,0.053,-1.485,-0.082,-0.03,-0.027,-0.122,-0.042,-0.007,-0.069,-0.003,0.015,-0.08,-0.002,-0.052,-0.056,-0.031
275.0,277.0,0.021,2.563,0.053,-1.485,-0.082,-0.03,-0.027,-0.122,-0.042,-0.007,-0.069,-0.003,0.015,-0.08,-0.002,-0.052,-0.056,-0.031
275.0,278.0,0.021,2.563,0.053,-1.485,-0.082,-0.03,-0.027,-0.122,-0.042,-0.007,-0.069,-0.003,0.015,-0.08,-0.002,-0.052,-0.055,-0.031
275.0,279.0,0.021,2.563,0.053,-1.485,-0.082,-0.03,-0.027,-0.122,-0.042,-0.007,-0.069,-0.003,0.015,-0.08,-0.002,-0.052,-0.055,-0.032
275.0,280.0,0.021,2.563,0.053,-1.485,-0.082,-0.03,-0.027,-0.122,-0.042,-0.008,-0.069,-0.003,0.015,-0.08,-0.002,-0.052,-0.054,-0.032
275.0,281.0,0.021,2.563,0.053,-1.485,-0.082,-0.03,-0.027,-0.121,-0.042,-0.008,-0.069,-0.003,0.015,-0.08,-0.002,-0.052,-0.054,-0.032
275.0,282.0,0.021,2.563,0.053,-1.485,-0.082,-0.03,-0.027,-0.121,-0.042,-0.008,-0.069,-0.003,0.015,-0.08,-0.002,-0.052,-0.054,-0.032
275.0,283.0,0.021,2.563,0.053,-1.485,-0.082,-0.03,-0.027,-0.121,-0.042,-0.008,-0.069,-0.003,0.015,-0.08,-0.002,-0.052,-0.053,-0.032
275.0,284.0,0.021,2.563,0.053,-1.485,-0.082,-0.03,-0.027,-0.121,-0.042,-0.008,-0.069,-0.003,0.015,-0.08,-0.002,-0.052,-0.053,-0.033
275.0,285.0,0.021,2.563,0.053,-1.484,-0.082,-0.03,-0.027,-0.121,-0.042,-0.008,-0.069,-0.003,0.015,-0.08,-0.002,-0.052,-0.053,-0.033
275.0,286.0,0.021,2.563,0.053,-1.484,-0.082,-0.031,-0.027,-0.121,-0.042,-0.008,-0.069,-0.003,0.015,-0.08,-0.002,-0.053,-0.053,-0.033
275.0,287.0,0.021,2.563,0.053,-1.484,-0.081,-0.031,-0.027,-0.121,-0.042,-0.008,-0.069,-0.003,0.015,-0.08,-0.002,-0.053,-0.052,-0.033
276.0,277.0,0.019,3.694,0.056,-1.318,-0.087,-0.04,-0.027,-0.072,-0.034,-0.009,-0.058,-0.0,0.022,-0.073,0.011,-0.052,-0.049,-0.061
276.0,278.0,0.019,3.694,0.056,-1.318,-0.087,-0.04,-0.027,-0.072,-0.034,-0.009,-0.059,-0.001,0.022,-0.073,0.011,-0.052,-0.049,-0.061
276.0,279.0,0.02,3.694,0.056,-1.318,-0.087,-0.04,-0.027,-0.072,-0.034,-0.009,-0.059,-0.001,0.022,-0.073,0.011,-0.052,-0.049,-0.061
276.0,280.0,0.02,3.694,0.056,-1.318,-0.087,-0.04,-0.027,-0.072,-0.034,-0.009,-0.059,-0.001,0.022,-0.073,0.011,-0.052,-0.049,-0.06
276.0,281.0,0.02,3.695,0.056,-1.318,-0.087,-0.04,-0.027,-0.072,-0.034,-0.009,-0.06,-0.001,0.022,-0.073,0.011,-0.052,-0.049,-0.06
276.0,282.0,0.02,3.695,0.056,-1.318,-0.087,-0.04,-0.027,-0.072,-0.034,-0.009,-0.06,-0.001,0.022,-0.073,0.011,-0.052,-0.049,-0.06
276.0,283.0,0.02,3.695,0.056,-1.318,-0.087,-0.04,-0.027,-0.072,-0.034,-0.009,-0.061,-0.001,0.022,-0.073,0.011,-0.052,-0.049,-0.06
276.0,284.0,0.02,3.695,0.056,-1.318,-0.087,-0.04,-0.027,-0.072,-0.034,-0.009,-0.061,-0.001,0.022,-0.073,0.011,-0.052,-0.049,-0.06
276.0,285.0,0.02,3.695,0.056,-1.318,-0.087,-0.04,-0.027,-0.072,-0.034,-0.009,-0.061,-0.001,0.022,-0.073,0.011,-0.052,-0.049,-0.059
276.0,286.0,0.02,3.695,0.056,-1.318,-0.087,-0.04,-0.027,-0.072,-0.034,-0.009,-0.062,-0.001,0.022,-0.073,0.011,-0.052,-0.049,-0.059
276.0,287.0,0.02,3.695,0.056,-1.318,-0.087,-0.04,-0.027,-0.072,-0.034,-0.009,-0.062,-0.001,0.022,-0.073,0.011,-0.052,-0.049,-0.059
276.0,288.0,0.021,3.695,0.056,-1.318,-0.086,-0.04,-0.027,-0.072,-0.034,-0.009,-0.062,-0.001,0.022,-0.073,0.011,-0.052,-0.049,-0.059
277.0,278.0,0.023,2.725,0.048,-1.111,-0.082,-0.037,-0.027,-0.08,-0.042,0.005,-0.075,0.037,-0.012,-0.063,-0.019,-0.046,0.056,-0.047
277.0,279.0,0.023,2.725,0.048,-1.111,-0.082,-0.037,-0.027,-0.08,-0.042,0.005,-0.075,0.037,-0.012,-0.063,-0.019,-0.046,0.056,-0.047
277.0,280.0,0.023,2.725,0.048,-1.111,-0.082,-0.037,-0.027,-0.08,-0.042,0.005,-0.075,0.037,-0.012,-0.063,-0.019,-0.046,0.056,-0.047
277.0,281.0,0.023,2.725,0.048,-1.111,-0.082,-0.037,-0.027,-0.08,-0.042,0.005,-0.075,0.037,-0.012,-0.063,-0.019,-0.046,0.056,-0.047
277.0,282.0,0.023,2.725,0.048,-1.111,-0.082,-0.037,-0.027,-0.08,-0.042,0.005,-0.075,0.037,-0.012,-0.064,-0.019,-0.046,0.055,-0.047
277.0,283.0,0.023,2.725,0.048,-1.111,-0.082,-0.037,-0.027,-0.08,-0.042,0.005,-0.075,0.037,-0.012,-0.064,-0.019,-0.046,0.055,-0.047
277.0,284.0,0.023,2.725,0.048,-1.111,-0.082,-0.037,-0.027,-0.08,-0.042,0.005,-0.075,0.037,-0.012,-0.064,-0.019,-0.046,0.055,-0.047
277.0,285.0,0.023,2.725,0.048,-1.111,-0.082,-0.037,-0.027,-0.08,-0.042,0.005,-0.075,0.037,-0.012,-0.064,-0.019,-0.046,0.055,-0.047
277.0,286.0,0.023,2.725,0.048,-1.111,-0.082,-0.037,-0.027,-0.08,-0.042,0.005,-0.075,0.037,-0.012,-0.064,-0.019,-0.046,0.055,-0.047
277.0,287.0,0.023,2.725,0.048,-1.111,-0.082,-0.038,-0.027,-0.08,-0.042,0.005,-0.075,0.037,-0.012,-0.064,-0.019,-0.046,0.055,-0.047
277.0,288.0,0.023,2.725,0.048,-1.111,-0.082,-0.038,-0.027,-0.08,-0.042,0.005,-0.075,0.037,-0.012,-0.064,-0.019,-0.046,0.055,-0.047
277.0,289.0,0.023,2.725,0.048,-1.111,-0.082,-0.038,-0.027,-0.08,-0.042,0.005,-0.075,0.037,-0.012,-0.064,-0.019,-0.046,0.055,-0.047
278.0,279.0,0.025,2.617,0.047,-1.084,-0.086,-0.035,-0.026,-0.08,-0.043,0.009,-0.053,0.013,-0.001,-0.066,-0.026,-0.048,-0.107,-0.049
278.0,280.0,0.025,2.617,0.047,-1.084,-0.086,-0.035,-0.026,-0.08,-0.043,0.009,-0.053,0.013,-0.001,-0.066,-0.026,-0.048,-0.107,-0.049
278.0,281.0,0.025,2.617,0.047,-1.084,-0.086,-0.035,-0.026,-0.08,-0.043,0.009,-0.053,0.013,-0.001,-0.066,-0.026,-0.048,-0.107,-0.049
278.0,282.0,0.024,2.617,0.047,-1.084,-0.086,-0.035,-0.026,-0.08,-0.043,0.009,-0.053,0.013,-0.001,-0.066,-0.026,-0.048,-0.107,-0.049
278.0,283.0,0.024,2.617,0.047,-1.084,-0.086,-0.035,-0.026,-0.08,-0.043,0.009,-0.053,0.013,-0.001,-0.066,-0.026,-0.048,-0.107,-0.049
278.0,284.0,0.024,2.617,0.047,-1.084,-0.086,-0.035,-0.026,-0.08,-0.043,0.009,-0.053,0.013,-0.001,-0.066,-0.026,-0.048,-0.107,-0.049
278.0,285.0,0.024,2.617,0.047,-1.084,-0.086,-0.035,-0.026,-0.08,-0.043,0.009,-0.053,0.013,-0.001,-0.066,-0.026,-0.048,-0.107,-0.049
278.0,286.0,0.024,2.617,0.047,-1.084,-0.086,-0.035,-0.026,-0.08,-0.043,0.009,-0.053,0.013,-0.001,-0.066,-0.026,-0.048,-0.107,-0.049
278.0,287.0,0.024,2.617,0.047,-1.084,-0.086,-0.035,-0.026,-0.08,-0.043,0.009,-0.053,0.013,-0.001,-0.066,-0.026,-0.048,-0.107,-0.049
278.0,288.0,0.024,2.617,0.047,-1.084,-0.086,-0.035,-0.026,-0.08,-0.043,0.009,-0.053,0.013,-0.001,-0.066,-0.026,-0.048,-0.107,-0.049
278.0,289.0,0.024,2.617,0.047,-1.084,-0.086,-0.035,-0.026,-0.08,-0.043,0.009,-0.053,0.013,-0.001,-0.066,-0.026,-0.048,-0.107,-0.049
278.0,290.0,0.023,2.617,0.047,-1.084,-0.086,-0.035,-0.026,-0.08,-0.043,0.009,-0.053,0.013,-0.001,-0.066,-0.026,-0.048,-0.107,-0.049
279.0,280.0,0.022,2.959,0.047,-1.133,-0.094,-0.036,-0.026,-0.086,-0.042,0.02,-0.077,-0.023,-0.015,-0.094,0.038,-0.044,-0.063,-0.067
279.0,281.0,0.022,2.959,0.047,-1.133,-0.094,-0.036,-0.026,-0.086,-0.042,0.02,-0.077,-0.023,-0.015,-0.094,0.038,-0.044,-0.063,-0.067
279.0,282.0,0.022,2.959,0.047,-1.133,-0.094,-0.036,-0.026,-0.086,-0.042,0.02,-0.077,-0.023,-0.015,-0.094,0.038,-0.044,-0.063,-0.067
279.0,283.0,0.022,2.959,0.047,-1.133,-0.094,-0.036,-0.026,-0.086,-0.042,0.02,-0.077,-0.023,-0.015,-0.094,0.038,-0.044,-0.063,-0.067
279.0,284.0,0.022,2.959,0.047,-1.133,-0.094,-0.036,-0.026,-0.086,-0.042,0.02,-0.077,-0.023,-0.015,-0.094,0.038,-0.044,-0.063,-0.067
279.0,285.0,0.022,2.959,0.047,-1.133,-0.094,-0.036,-0.026,-0.086,-0.042,0.02,-0.077,-0.023,-0.015,-0.094,0.038,-0.044,-0.063,-0.067
279.0,286.0,0.022,2.959,0.047,-1.133,-0.094,-0.036,-0.026,-0.086,-0.042,0.02,-0.077,-0.023,-0.015,-0.094,0.038,-0.044,-0.063,-0.067
279.0,287.0,0.022,2.959,0.047,-1.133,-0.094,-0.036,-0.026,-0.086,-0.042,0.02,-0.077,-0.023,-0.015,-0.094,0.038,-0.044,-0.063,-0.067
279.0,288.0,0.022,2.959,0.047,-1.133,-0.094,-0.036,-0.026,-0.086,-0.042,0.02,-0.077,-0.023,-0.015,-0.094,0.038,-0.044,-0.063,-0.067
279.0,289.0,0.022,2.959,0.047,-1.133,-0.094,-0.036,-0.026,-0.086,-0.042,0.02,-0.077,-0.023,-0.015,-0.094,0.038,-0.044,-0.063,-0.067
279.0,290.0,0.022,2.959,0.047,-1.133,-0.094,-0.036,-0.026,-0.086,-0.042,0.02,-0.077,-0.023,-0.015,-0.094,0.038,-0.044,-0.063,-0.067
279.0,291.0,0.022,2.959,0.047,-1.133,-0.094,-0.036,-0.026,-0.086,-0.042,0.02,-0.077,-0.023,-0.015,-0.094,0.038,-0.044,-0.063,-0.067
280.0,281.0,0.018,3.496,0.051,-1.289,-0.098,-0.039,-0.028,-0.088,-0.039,-0.01,-0.072,0.004,0.036,-0.073,-0.01,-0.052,-0.049,-0.139
280.0,282.0,0.018,3.496,0.051,-1.289,-0.098,-0.039,-0.028,-0.088,-0.039,-0.01,-0.071,0.003,0.036,-0.073,-0.01,-0.052,-0.049,-0.138
280.0,283.0,0.019,3.496,0.051,-1.289,-0.098,-0.039,-0.028,-0.088,-0.039,-0.01,-0.071,0.003,0.036,-0.073,-0.01,-0.052,-0.049,-0.138
280.0,284.0,0.019,3.496,0.051,-1.289,-0.098,-0.039,-0.028,-0.088,-0.039,-0.01,-0.071,0.003,0.036,-0.073,-0.01,-0.052,-0.049,-0.138
280.0,285.0,0.02,3.496,0.051,-1.289,-0.098,-0.039,-0.028,-0.088,-0.039,-0.01,-0.071,0.003,0.036,-0.073,-0.01,-0.052,-0.049,-0.137
280.0,286.0,0.02,3.496,0.051,-1.289,-0.098,-0.039,-0.028,-0.088,-0.039,-0.01,-0.07,0.003,0.036,-0.073,-0.01,-0.052,-0.049,-0.137
280.0,287.0,0.02,3.496,0.051,-1.289,-0.098,-0.039,-0.028,-0.088,-0.039,-0.01,-0.07,0.003,0.036,-0.073,-0.01,-0.052,-0.049,-0.137
280.0,288.0,0.02,3.496,0.051,-1.289,-0.098,-0.039,-0.028,-0.088,-0.039,-0.01,-0.07,0.003,0.036,-0.073,-0.01,-0.052,-0.049,-0.136
280.0,289.0,0.02,3.496,0.051,-1.289,-0.098,-0.039,-0.028,-0.088,-0.039,-0.01,-0.07,0.003,0.036,-0.073,-0.01,-0.052,-0.049,-0.136
280.0,290.0,0.021,3.496,0.051,-1.289,-0.098,-0.039,-0.028,-0.088,-0.039,-0.01,-0.07,0.003,0.036,-0.073,-0.01,-0.052,-0.049,-0.135
280.0,291.0,0.021,3.496,0.051,-1.289,-0.098,-0.039,-0.028,-0.088,-0.039,-0.01,-0.069,0.003,0.036,-0.073,-0.01,-0.052,-0.049,-0.135
280.0,292.0,0.021,3.496,0.051,-1.289,-0.098,-0.039,-0.028,-0.088,-0.039,-0.01,-0.069,0.003,0.036,-0.073,-0.01,-0.052,-0.049,-0.135
281.0,282.0,0.017,2.706,0.046,-1.605,-0.072,-0.042,-0.027,-0.095,-0.043,-0.001,-0.075,-0.002,-0.023,-0.075,-0.006,-0.051,-0.064,-0.046
281.0,283.0,0.017,2.706,0.046,-1.605,-0.072,-0.042,-0.027,-0.095,-0.043,-0.001,-0.075,-0.002,-0.023,-0.075,-0.006,-0.051,-0.064,-0.046
281.0,284.0,0.017,2.706,0.046,-1.605,-0.072,-0.042,-0.027,-0.095,-0.043,-0.001,-0.075,-0.002,-0.023,-0.075,-0.006,-0.051,-0.064,-0.046
281.0,285.0,0.017,2.706,0.046,-1.605,-0.072,-0.042,-0.027,-0.095,-0.043,-0.002,-0.075,-0.002,-0.023,-0.075,-0.006,-0.051,-0.064,-0.046
281.0,286.0,0.017,2.706,0.046,-1.605,-0.072,-0.042,-0.027,-0.095,-0.043,-0.002,-0.075,-0.002,-0.023,-0.075,-0.006,-0.051,-0.064,-0.046
281.0,287.0,0.017,2.705,0.046,-1.605,-0.072,-0.042,-0.027,-0.095,-0.043,-0.002,-0.075,-0.003,-0.023,-0.075,-0.006,-0.051,-0.064,-0.047
281.0,288.0,0.017,2.705,0.046,-1.605,-0.072,-0.042,-0.027,-0.095,-0.043,-0.003,-0.075,-0.003,-0.023,-0.075,-0.006,-0.051,-0.064,-0.047
281.0,289.0,0.017,2.705,0.046,-1.605,-0.072,-0.042,-0.027,-0.095,-0.043,-0.003,-0.075,-0.003,-0.023,-0.075,-0.006,-0.051,-0.064,-0.047
281.0,290.0,0.017,2.705,0.046,-1.605,-0.072,-0.042,-0.027,-0.095,-0.043,-0.003,-0.075,-0.003,-0.023,-0.075,-0.006,-0.051,-0.064,-0.047
281.0,291.0,0.017,2.705,0.046,-1.605,-0.072,-0.042,-0.027,-0.095,-0.043,-0.003,-0.075,-0.003,-0.023,-0.075,-0.006,-0.051,-0.064,-0.047
281.0,292.0,0.017,2.705,0.046,-1.605,-0.072,-0.042,-0.027,-0.095,-0.043,-0.004,-0.075,-0.003,-0.023,-0.075,-0.006,-0.051,-0.064,-0.047
281.0,293.0,0.017,2.705,0.046,-1.605,-0.072,-0.042,-0.027,-0.095,-0.043,-0.004,-0.075,-0.003,-0.023,-0.075,-0.006,-0.051,-0.064,-0.048
282.0,283.0,0.018,2.724,0.05,-1.219,-0.095,-0.015,-0.026,-0.086,-0.036,-0.001,-0.079,-0.009,-0.013,-0.074,-0.019,-0.049,-0.05,-0.049
282.0,284.0,0.018,2.724,0.05,-1.218,-0.095,-0.015,-0.026,-0.086,-0.036,-0.001,-0.079,-0.009,-0.013,-0.074,-0.019,-0.049,-0.05,-0.049
282.0,285.0,0.018,2.724,0.05,-1.218,-0.095,-0.015,-0.026,-0.086,-0.036,-0.001,-0.079,-0.009,-0.013,-0.074,-0.019,-0.049,-0.05,-0.049
282.0,286.0,0.018,2.724,0.05,-1.218,-0.095,-0.016,-0.026,-0.086,-0.036,-0.001,-0.079,-0.009,-0.013,-0.074,-0.019,-0.049,-0.05,-0.049
282.0,287.0,0.018,2.724,0.05,-1.218,-0.095,-0.016,-0.026,-0.086,-0.036,-0.002,-0.079,-0.009,-0.013,-0.074,-0.019,-0.049,-0.05,-0.049
282.0,288.0,0.018,2.724,0.05,-1.218,-0.094,-0.016,-0.026,-0.086,-0.036,-0.002,-0.079,-0.009,-0.013,-0.074,-0.019,-0.049,-0.05,-0.049
282.0,289.0,0.018,2.724,0.05,-1.218,-0.094,-0.016,-0.026,-0.086,-0.036,-0.002,-0.079,-0.009,-0.013,-0.074,-0.019,-0.049,-0.05,-0.049
282.0,290.0,0.018,2.725,0.05,-1.218,-0.094,-0.016,-0.026,-0.086,-0.036,-0.002,-0.079,-0.01,-0.013,-0.074,-0.019,-0.049,-0.05,-0.049
282.0,291.0,0.018,2.725,0.05,-1.218,-0.094,-0.016,-0.026,-0.086,-0.036,-0.002,-0.079,-0.01,-0.013,-0.074,-0.019,-0.049,-0.05,-0.049
282.0,292.0,0.018,2.725,0.05,-1.218,-0.094,-0.016,-0.026,-0.086,-0.036,-0.003,-0.079,-0.01,-0.013,-0.074,-0.019,-0.049,-0.05,-0.049
282.0,293.0,0.018,2.725,0.05,-1.218,-0.094,-0.016,-0.026,-0.086,-0.036,-0.003,-0.079,-0.01,-0.013,-0.074,-0.019,-0.049,-0.05,-0.049
282.0,294.0,0.018,2.725,0.05,-1.217,-0.094,-0.016,-0.026,-0.086,-0.036,-0.003,-0.079,-0.01,-0.013,-0.074,-0.019,-0.049,-0.05,-0.049
283.0,284.0,0.023,2.772,0.048,-1.16,-0.087,-0.039,-0.023,-0.078,-0.043,-0.026,-0.08,0.023,0.032,-0.087,-0.014,-0.058,-0.047,-0.037
283.0,285.0,0.023,2.772,0.048,-1.16,-0.087,-0.039,-0.023,-0.078,-0.043,-0.026,-0.08,0.023,0.032,-0.087,-0.014,-0.058,-0.047,-0.037
283.0,286.0,0.023,2.772,0.048,-1.16,-0.087,-0.039,-0.023,-0.078,-0.043,-0.026,-0.08,0.023,0.032,-0.087,-0.014,-0.058,-0.047,-0.037
283.0,287.0,0.023,2.772,0.048,-1.16,-0.087,-0.039,-0.023,-0.078,-0.043,-0.026,-0.08,0.023,0.032,-0.087,-0.014,-0.058,-0.047,-0.037
283.0,288.0,0.023,2.772,0.048,-1.16,-0.087,-0.039,-0.023,-0.078,-0.043,-0.026,-0.08,0.023,0.032,-0.087,-0.014,-0.058,-0.047,-0.037
283.0,289.0,0.023,2.772,0.048,-1.16,-0.087,-0.039,-0.023,-0.078,-0.043,-0.026,-0.08,0.023,0.032,-0.087,-0.014,-0.058,-0.047,-0.037
283.0,290.0,0.023,2.772,0.048,-1.16,-0.087,-0.039,-0.023,-0.078,-0.043,-0.026,-0.08,0.023,0.032,-0.087,-0.014,-0.058,-0.047,-0.037
283.0,291.0,0.023,2.772,0.048,-1.16,-0.087,-0.039,-0.023,-0.078,-0.043,-0.026,-0.08,0.023,0.032,-0.087,-0.014,-0.058,-0.047,-0.037
283.0,292.0,0.023,2.772,0.048,-1.16,-0.087,-0.039,-0.023,-0.078,-0.043,-0.026,-0.08,0.023,0.032,-0.087,-0.014,-0.058,-0.047,-0.037
283.0,293.0,0.023,2.772,0.048,-1.16,-0.087,-0.039,-0.023,-0.078,-0.043,-0.026,-0.08,0.023,0.032,-0.087,-0.014,-0.058,-0.047,-0.037
283.0,294.0,0.023,2.772,0.048,-1.16,-0.087,-0.039,-0.023,-0.078,-0.043,-0.026,-0.08,0.023,0.032,-0.087,-0.014,-0.058,-0.047,-0.037
283.0,295.0,0.023,2.772,0.048,-1.16,-0.087,-0.039,-0.023,-0.078,-0.043,-0.026,-0.08,0.023,0.032,-0.087,-0.015,-0.058,-0.047,-0.038
284.0,285.0,0.027,2.686,0.051,-1.172,-0.098,-0.041,-0.027,-0.091,-0.045,0.001,-0.08,-0.034,-0.006,-0.077,-0.014,-0.044,-0.068,-0.05
284.0,286.0,0.027,2.687,0.051,-1.172,-0.098,-0.041,-0.027,-0.091,-0.045,0.001,-0.08,-0.034,-0.006,-0.077,-0.014,-0.044,-0.068,-0.05
284.0,287.0,0.027,2.687,0.051,-1.172,-0.097,-0.041,-0.027,-0.091,-0.045,0.001,-0.08,-0.034,-0.006,-0.077,-0.014,-0.044,-0.068,-0.05
284.0,288.0,0.027,2.687,0.051,-1.172,-0.097,-0.041,-0.027,-0.091,-0.044,0.001,-0.08,-0.034,-0.006,-0.077,-0.014,-0.044,-0.068,-0.05
284.0,289.0,0.027,2.687,0.051,-1.172,-0.097,-0.041,-0.027,-0.091,-0.044,0.001,-0.08,-0.034,-0.006,-0.077,-0.014,-0.044,-0.068,-0.05
284.0,290.0,0.027,2.687,0.051,-1.172,-0.097,-0.041,-0.027,-0.091,-0.044,0.001,-0.08,-0.034,-0.006,-0.077,-0.014,-0.044,-0.068,-0.05
284.0,291.0,0.026,2.687,0.051,-1.172,-0.097,-0.041,-0.027,-0.091,-0.044,0.001,-0.08,-0.034,-0.006,-0.077,-0.014,-0.044,-0.068,-0.05
284.0,292.0,0.026,2.687,0.051,-1.172,-0.097,-0.041,-0.027,-0.091,-0.044,0.001,-0.08,-0.034,-0.006,-0.077,-0.014,-0.044,-0.068,-0.05
284.0,293.0,0.026,2.687,0.051,-1.172,-0.097,-0.041,-0.027,-0.091,-0.044,0.001,-0.08,-0.033,-0.006,-0.077,-0.014,-0.044,-0.068,-0.05
284.0,294.0,0.026,2.687,0.051,-1.172,-0.097,-0.041,-0.027,-0.091,-0.044,0.001,-0.08,-0.033,-0.006,-0.077,-0.014,-0.044,-0.068,-0.05
284.0,295.0,0.026,2.687,0.05,-1.172,-0.097,-0.041,-0.027,-0.09,-0.044,0.001,-0.08,-0.033,-0.006,-0.077,-0.014,-0.044,-0.068,-0.05
284.0,296.0,0.026,2.687,0.05,-1.172,-0.097,-0.041,-0.027,-0.09,-0.044,0.001,-0.08,-0.033,-0.006,-0.077,-0.014,-0.044,-0.068,-0.05
285.0,286.0,0.017,2.709,0.055,-1.218,-0.109,-0.033,-0.019,-0.09,-0.046,-0.01,-0.069,0.007,0.014,-0.084,0.01,-0.052,-0.064,-0.05
285.0,287.0,0.017,2.709,0.055,-1.218,-0.109,-0.033,-0.019,-0.09,-0.046,-0.01,-0.069,0.007,0.014,-0.084,0.01,-0.052,-0.064,-0.05
285.0,288.0,0.017,2.709,0.055,-1.218,-0.109,-0.033,-0.019,-0.09,-0.046,-0.01,-0.069,0.007,0.014,-0.084,0.01,-0.052,-0.063,-0.05
285.0,289.0,0.017,2.709,0.055,-1.218,-0.109,-0.033,-0.019,-0.09,-0.046,-0.01,-0.069,0.007,0.013,-0.084,0.01,-0.052,-0.063,-0.05
285.0,290.0,0.017,2.709,0.055,-1.218,-0.109,-0.033,-0.019,-0.09,-0.046,-0.01,-0.069,0.007,0.013,-0.084,0.01,-0.052,-0.063,-0.05
285.0,291.0,0.017,2.709,0.054,-1.218,-0.109,-0.033,-0.019,-0.09,-0.046,-0.01,-0.069,0.007,0.013,-0.084,0.01,-0.052,-0.063,-0.05
285.0,292.0,0.017,2.709,0.054,-1.217,-0.109,-0.033,-0.019,-0.09,-0.046,-0.01,-0.069,0.007,0.013,-0.084,0.01,-0.052,-0.063,-0.05
285.0,293.0,0.017,2.709,0.054,-1.217,-0.109,-0.033,-0.019,-0.09,-0.046,-0.01,-0.069,0.007,0.013,-0.084,0.01,-0.052,-0.063,-0.05
285.0,294.0,0.017,2.709,0.054,-1.217,-0.109,-0.033,-0.019,-0.09,-0.046,-0.01,-0.069,0.007,0.013,-0.084,0.01,-0.052,-0.062,-0.05
285.0,295.0,0.017,2.709,0.054,-1.217,-0.109,-0.033,-0.019,-0.09,-0.046,-0.01,-0.069,0.007,0.013,-0.084,0.01,-0.052,-0.062,-0.05
285.0,296.0,0.017,2.709,0.054,-1.217,-0.109,-0.033,-0.019,-0.09,-0.046,-0.01,-0.069,0.007,0.013,-0.084,0.009,-0.052,-0.062,-0.05
285.0,297.0,0.017,2.709,0.054,-1.217,-0.109,-0.033,-0.019,-0.09,-0.046,-0.01,-0.069,0.007,0.013,-0.084,0.009,-0.052,-0.062,-0.05
286.0,287.0,0.018,3.028,0.053,-1.205,-0.091,-0.04,-0.021,-0.087,-0.027,-0.005,-0.07,-0.0,0.024,-0.098,-0.018,-0.036,-0.048,0.054
286.0,288.0,0.018,3.028,0.053,-1.205,-0.091,-0.04,-0.021,-0.087,-0.027,-0.005,-0.07,-0.0,0.024,-0.098,-0.018,-0.038,-0.048,0.051
286.0,289.0,0.018,3.028,0.053,-1.205,-0.091,-0.04,-0.021,-0.087,-0.027,-0.006,-0.07,-0.0,0.024,-0.098,-0.018,-0.039,-0.048,0.048
286.0,290.0,0.018,3.028,0.053,-1.205,-0.091,-0.04,-0.021,-0.087,-0.027,-0.006,-0.07,-0.0,0.024,-0.098,-0.018,-0.04,-0.048,0.045
286.0,291.0,0.018,3.028,0.053,-1.205,-0.091,-0.04,-0.021,-0.087,-0.027,-0.006,-0.071,-0.0,0.024,-0.098,-0.018,-0.041,-0.048,0.042
286.0,292.0,0.018,3.028,0.053,-1.205,-0.091,-0.04,-0.021,-0.087,-0.027,-0.006,-0.071,-0.0,0.024,-0.098,-0.018,-0.042,-0.048,0.04
286.0,293.0,0.018,3.028,0.053,-1.205,-0.091,-0.04,-0.021,-0.087,-0.027,-0.006,-0.071,-0.0,0.024,-0.098,-0.018,-0.043,-0.048,0.037
286.0,294.0,0.018,3.028,0.053,-1.205,-0.091,-0.04,-0.021,-0.087,-0.027,-0.006,-0.071,0.0,0.024,-0.098,-0.018,-0.044,-0.048,0.034
286.0,295.0,0.018,3.028,0.053,-1.205,-0.091,-0.04,-0.021,-0.087,-0.027,-0.006,-0.071,0.0,0.024,-0.098,-0.018,-0.044,-0.048,0.032
286.0,296.0,0.018,3.028,0.053,-1.205,-0.091,-0.04,-0.021,-0.087,-0.027,-0.006,-0.071,0.0,0.024,-0.098,-0.018,-0.045,-0.048,0.029
286.0,297.0,0.018,3.028,0.053,-1.205,-0.091,-0.04,-0.021,-0.087,-0.027,-0.007,-0.072,0.0,0.024,-0.099,-0.018,-0.046,-0.048,0.027
286.0,298.0,0.018,3.028,0.053,-1.205,-0.091,-0.04,-0.021,-0.087,-0.027,-0.007,-0.072,0.0,0.024,-0.099,-0.018,-0.046,-0.048,0.025
287.0,288.0,0.015,2.652,0.045,-1.196,-0.082,-0.04,-0.023,-0.076,-0.045,0.004,-0.054,0.006,0.002,-0.078,-0.013,-0.067,-0.191,-0.037
287.0,289.0,0.015,2.652,0.045,-1.196,-0.082,-0.04,-0.023,-0.076,-0.045,0.004,-0.054,0.006,0.002,-0.078,-0.013,-0.067,-0.191,-0.037
287.0,290.0,0.015,2.652,0.045,-1.196,-0.082,-0.04,-0.023,-0.076,-0.045,0.004,-0.054,0.006,0.002,-0.078,-0.013,-0.067,-0.19,-0.037
287.0,291.0,0.015,2.652,0.045,-1.196,-0.082,-0.04,-0.023,-0.076,-0.045,0.004,-0.054,0.006,0.002,-0.078,-0.013,-0.067,-0.19,-0.037
287.0,292.0,0.015,2.652,0.045,-1.196,-0.082,-0.04,-0.023,-0.076,-0.045,0.004,-0.054,0.006,0.002,-0.078,-0.013,-0.067,-0.19,-0.037
287.0,293.0,0.015,2.652,0.045,-1.196,-0.082,-0.04,-0.023,-0.076,-0.045,0.004,-0.054,0.006,0.002,-0.078,-0.013,-0.067,-0.19,-0.037
287.0,294.0,0.015,2.652,0.045,-1.196,-0.082,-0.04,-0.023,-0.076,-0.045,0.004,-0.054,0.006,0.002,-0.078,-0.013,-0.067,-0.19,-0.037
287.0,295.0,0.015,2.652,0.045,-1.196,-0.082,-0.04,-0.023,-0.076,-0.045,0.004,-0.054,0.006,0.002,-0.078,-0.013,-0.067,-0.19,-0.037
287.0,296.0,0.015,2.652,0.045,-1.196,-0.082,-0.04,-0.023,-0.076,-0.045,0.004,-0.054,0.006,0.002,-0.078,-0.013,-0.067,-0.19,-0.037
287.0,297.0,0.015,2.652,0.045,-1.196,-0.082,-0.04,-0.023,-0.076,-0.045,0.004,-0.054,0.006,0.002,-0.078,-0.013,-0.067,-0.19,-0.037
287.0,298.0,0.015,2.652,0.045,-1.196,-0.082,-0.04,-0.023,-0.076,-0.045,0.004,-0.054,0.006,0.002,-0.078,-0.013,-0.067,-0.19,-0.037
287.0,299.0,0.015,2.652,0.045,-1.196,-0.082,-0.04,-0.023,-0.076,-0.045,0.004,-0.054,0.006,0.002,-0.078,-0.013,-0.067,-0.189,-0.037
288.0,289.0,0.014,3.84,0.048,-1.226,-0.086,-0.044,-0.025,-0.094,-0.043,0.003,-0.067,0.0,0.022,-0.074,-0.005,-0.055,-0.049,-0.089
288.0,290.0,0.014,3.84,0.048,-1.28,-0.085,-0.044,-0.025,-0.094,-0.043,0.002,-0.068,0.0,0.022,-0.074,-0.005,-0.055,-0.049,-0.089
288.0,291.0,0.014,3.84,0.048,-1.324,-0.085,-0.044,-0.025,-0.094,-0.043,0.002,-0.068,-0.0,0.022,-0.074,-0.005,-0.055,-0.049,-0.089
288.0,292.0,0.014,3.84,0.048,-1.361,-0.085,-0.044,-0.025,-0.094,-0.043,0.002,-0.068,-0.0,0.022,-0.074,-0.005,-0.055,-0.049,-0.089
288.0,293.0,0.014,3.84,0.048,-1.391,-0.085,-0.044,-0.025,-0.094,-0.043,0.002,-0.069,-0.0,0.022,-0.074,-0.005,-0.055,-0.049,-0.089
288.0,294.0,0.014,3.84,0.048,-1.416,-0.085,-0.044,-0.025,-0.094,-0.043,0.002,-0.069,-0.0,0.022,-0.074,-0.005,-0.055,-0.049,-0.089
288.0,295.0,0.014,3.84,0.048,-1.437,-0.085,-0.044,-0.025,-0.094,-0.043,0.001,-0.069,-0.0,0.022,-0.074,-0.005,-0.055,-0.049,-0.088
288.0,296.0,0.014,3.84,0.048,-1.454,-0.085,-0.044,-0.025,-0.093,-0.043,0.001,-0.07,-0.001,0.022,-0.074,-0.005,-0.055,-0.049,-0.088
288.0,297.0,0.014,3.84,0.048,-1.469,-0.085,-0.044,-0.025,-0.093,-0.043,0.001,-0.07,-0.001,0.022,-0.074,-0.005,-0.055,-0.049,-0.088
288.0,298.0,0.014,3.84,0.048,-1.48,-0.085,-0.044,-0.025,-0.093,-0.043,0.001,-0.07,-0.001,0.022,-0.074,-0.005,-0.055,-0.049,-0.088
288.0,299.0,0.014,3.84,0.048,-1.49,-0.085,-0.044,-0.025,-0.093,-0.043,0.001,-0.071,-0.001,0.022,-0.074,-0.005,-0.055,-0.049,-0.088
288.0,300.0,0.014,3.84,0.048,-1.498,-0.085,-0.044,-0.025,-0.093,-0.043,0.001,-0.071,-0.001,0.022,-0.074,-0.005,-0.055,-0.049,-0.088
289.0,290.0,0.012,2.984,0.044,-1.227,-0.083,-0.042,-0.024,-0.079,-0.042,-0.004,-0.059,0.007,0.018,-0.089,0.015,-0.06,-0.065,-0.047
289.0,291.0,0.012,2.984,0.044,-1.227,-0.083,-0.042,-0.024,-0.079,-0.042,-0.004,-0.059,0.007,0.018,-0.089,0.015,-0.06,-0.065,-0.047
289.0,292.0,0.012,2.984,0.044,-1.227,-0.083,-0.042,-0.024,-0.079,-0.042,-0.004,-0.059,0.007,0.018,-0.089,0.015,-0.06,-0.065,-0.047
289.0,293.0,0.012,2.984,0.044,-1.227,-0.083,-0.042,-0.024,-0.079,-0.042,-0.004,-0.059,0.007,0.018,-0.089,0.015,-0.06,-0.065,-0.047
289.0,294.0,0.012,2.984,0.044,-1.227,-0.083,-0.042,-0.024,-0.079,-0.042,-0.004,-0.059,0.007,0.018,-0.089,0.015,-0.06,-0.065,-0.047
289.0,295.0,0.012,2.984,0.044,-1.227,-0.083,-0.042,-0.024,-0.079,-0.042,-0.004,-0.059,0.007,0.018,-0.089,0.015,-0.06,-0.065,-0.047
289.0,296.0,0.012,2.984,0.044,-1.227,-0.083,-0.042,-0.024,-0.079,-0.042,-0.004,-0.059,0.007,0.018,-0.089,0.015,-0.06,-0.065,-0.047
289.0,297.0,0.012,2.984,0.044,-1.227,-0.083,-0.042,-0.024,-0.079,-0.042,-0.004,-0.059,0.007,0.018,-0.089,0.015,-0.06,-0.065,-0.047
289.0,298.0,0.012,2.984,0.044,-1.227,-0.083,-0.042,-0.024,-0.079,-0.042,-0.004,-0.059,0.007,0.018,-0.089,0.015,-0.06,-0.065,-0.047
289.0,299.0,0.012,2.984,0.044,-1.227,-0.083,-0.042,-0.024,-0.079,-0.042,-0.004,-0.059,0.007,0.018,-0.089,0.015,-0.06,-0.065,-0.047
289.0,300.0,0.012,2.984,0.044,-1.227,-0.083,-0.042,-0.024,-0.079,-0.042,-0.004,-0.059,0.007,0.018,-0.089,0.015,-0.06,-0.065,-0.047
289.0,301.0,0.012,2.984,0.044,-1.227,-0.083,-0.042,-0.024,-0.079,-0.042,-0.004,-0.059,0.007,0.018,-0.089,0.015,-0.06,-0.065,-0.047
290.0,291.0,0.019,3.841,0.049,-1.719,-0.1,-0.037,-0.028,-0.083,-0.039,-0.001,-0.066,-0.0,0.017,-0.083,-0.002,-0.054,-0.049,-0.039
290.0,292.0,0.02,3.841,0.049,-1.719,-0.1,-0.037,-0.028,-0.083,-0.039,-0.001,-0.066,-0.0,0.017,-0.083,-0.002,-0.054,-0.049,-0.039
290.0,293.0,0.02,3.841,0.049,-1.72,-0.1,-0.037,-0.028,-0.083,-0.039,-0.002,-0.066,-0.0,0.017,-0.083,-0.002,-0.054,-0.049,-0.039
290.0,294.0,0.02,3.841,0.049,-1.721,-0.1,-0.037,-0.028,-0.083,-0.039,-0.002,-0.067,-0.001,0.017,-0.083,-0.002,-0.054,-0.049,-0.039
290.0,295.0,0.02,3.842,0.049,-1.721,-0.1,-0.037,-0.028,-0.083,-0.039,-0.002,-0.067,-0.001,0.017,-0.083,-0.002,-0.054,-0.049,-0.039
290.0,296.0,0.02,3.842,0.049,-1.722,-0.1,-0.037,-0.028,-0.083,-0.039,-0.003,-0.067,-0.001,0.017,-0.083,-0.002,-0.054,-0.049,-0.04
290.0,297.0,0.02,3.842,0.049,-1.722,-0.1,-0.037,-0.028,-0.083,-0.039,-0.003,-0.067,-0.001,0.017,-0.083,-0.002,-0.054,-0.049,-0.04
290.0,298.0,0.02,3.842,0.049,-1.723,-0.1,-0.037,-0.028,-0.083,-0.039,-0.003,-0.067,-0.001,0.017,-0.083,-0.002,-0.054,-0.049,-0.04
290.0,299.0,0.02,3.842,0.049,-1.723,-0.1,-0.037,-0.028,-0.083,-0.039,-0.003,-0.067,-0.001,0.017,-0.083,-0.002,-0.054,-0.049,-0.04
290.0,300.0,0.02,3.842,0.049,-1.724,-0.1,-0.037,-0.028,-0.083,-0.039,-0.003,-0.067,-0.001,0.017,-0.083,-0.002,-0.054,-0.049,-0.04
290.0,301.0,0.02,3.842,0.049,-1.724,-0.1,-0.037,-0.028,-0.083,-0.039,-0.004,-0.068,-0.001,0.017,-0.083,-0.002,-0.054,-0.049,-0.04
290.0,302.0,0.02,3.842,0.049,-1.725,-0.1,-0.037,-0.028,-0.083,-0.039,-0.004,-0.068,-0.001,0.017,-0.083,-0.002,-0.054,-0.049,-0.04
291.0,292.0,0.014,3.005,0.043,-1.671,-0.102,-0.033,-0.019,-0.084,-0.024,0.001,-0.062,-0.0,0.012,-0.083,-0.012,-0.053,-0.05,-0.048
291.0,293.0,0.014,3.006,0.043,-1.671,-0.102,-0.033,-0.019,-0.084,-0.024,0.001,-0.062,-0.0,0.012,-0.083,-0.012,-0.053,-0.05,-0.048
291.0,294.0,0.014,3.006,0.043,-1.671,-0.102,-0.033,-0.019,-0.084,-0.024,0.0,-0.062,-0.0,0.012,-0.083,-0.012,-0.053,-0.05,-0.048
291.0,295.0,0.014,3.006,0.043,-1.671,-0.101,-0.033,-0.019,-0.083,-0.024,-0.0,-0.062,-0.0,0.012,-0.083,-0.013,-0.053,-0.05,-0.048
291.0,296.0,0.014,3.006,0.043,-1.671,-0.101,-0.033,-0.019,-0.083,-0.024,-0.001,-0.063,-0.0,0.012,-0.083,-0.013,-0.053,-0.05,-0.048
291.0,297.0,0.014,3.007,0.043,-1.671,-0.101,-0.033,-0.019,-0.083,-0.024,-0.001,-0.063,-0.0,0.012,-0.083,-0.013,-0.053,-0.05,-0.048
291.0,298.0,0.014,3.007,0.043,-1.671,-0.1,-0.033,-0.019,-0.083,-0.024,-0.001,-0.063,-0.0,0.012,-0.083,-0.013,-0.053,-0.05,-0.048
291.0,299.0,0.014,3.007,0.043,-1.672,-0.1,-0.033,-0.019,-0.083,-0.024,-0.002,-0.063,-0.0,0.011,-0.083,-0.013,-0.053,-0.05,-0.048
291.0,300.0,0.014,3.007,0.043,-1.672,-0.1,-0.034,-0.019,-0.083,-0.024,-0.002,-0.063,-0.0,0.011,-0.083,-0.013,-0.053,-0.05,-0.048
291.0,301.0,0.014,3.008,0.042,-1.672,-0.1,-0.034,-0.019,-0.083,-0.025,-0.002,-0.063,-0.0,0.011,-0.083,-0.013,-0.053,-0.05,-0.048
291.0,302.0,0.014,3.008,0.042,-1.672,-0.099,-0.034,-0.019,-0.083,-0.025,-0.003,-0.063,-0.0,0.011,-0.083,-0.013,-0.053,-0.05,-0.048
291.0,303.0,0.014,3.008,0.042,-1.672,-0.099,-0.034,-0.019,-0.083,-0.025,-0.003,-0.063,-0.0,0.011,-0.083,-0.013,-0.053,-0.05,-0.048
292.0,293.0,0.018,2.823,0.044,-1.246,-0.099,-0.04,-0.02,-0.091,-0.044,-0.004,-0.093,-0.052,0.003,-0.069,-0.008,-0.049,-0.057,-0.047
292.0,294.0,0.018,2.823,0.044,-1.246,-0.099,-0.04,-0.02,-0.091,-0.044,-0.004,-0.093,-0.052,0.002,-0.069,-0.008,-0.049,-0.057,-0.047
292.0,295.0,0.018,2.823,0.044,-1.246,-0.099,-0.04,-0.02,-0.091,-0.044,-0.004,-0.092,-0.051,0.002,-0.069,-0.009,-0.049,-0.057,-0.047
292.0,296.0,0.018,2.823,0.044,-1.246,-0.099,-0.04,-0.02,-0.091,-0.044,-0.004,-0.092,-0.05,0.002,-0.069,-0.009,-0.049,-0.057,-0.047
292.0,297.0,0.018,2.823,0.044,-1.246,-0.099,-0.04,-0.02,-0.091,-0.044,-0.004,-0.092,-0.05,0.002,-0.069,-0.009,-0.049,-0.057,-0.047
292.0,298.0,0.018,2.823,0.044,-1.246,-0.099,-0.04,-0.02,-0.091,-0.044,-0.004,-0.092,-0.049,0.002,-0.069,-0.009,-0.049,-0.056,-0.047
292.0,299.0,0.018,2.823,0.044,-1.246,-0.099,-0.04,-0.02,-0.091,-0.044,-0.004,-0.091,-0.049,0.002,-0.069,-0.009,-0.049,-0.056,-0.047
292.0,300.0,0.018,2.823,0.044,-1.246,-0.099,-0.04,-0.02,-0.091,-0.044,-0.004,-0.091,-0.048,0.002,-0.069,-0.009,-0.049,-0.056,-0.047
292.0,301.0,0.018,2.823,0.044,-1.246,-0.099,-0.04,-0.02,-0.091,-0.044,-0.004,-0.091,-0.047,0.002,-0.069,-0.009,-0.049,-0.056,-0.047
292.0,302.0,0.018,2.823,0.044,-1.246,-0.099,-0.04,-0.02,-0.091,-0.044,-0.004,-0.09,-0.047,0.002,-0.069,-0.009,-0.049,-0.056,-0.047
292.0,303.0,0.018,2.823,0.044,-1.246,-0.099,-0.04,-0.02,-0.091,-0.044,-0.004,-0.09,-0.046,0.002,-0.069,-0.009,-0.049,-0.056,-0.047
292.0,304.0,0.018,2.823,0.044,-1.246,-0.099,-0.04,-0.02,-0.091,-0.044,-0.004,-0.09,-0.046,0.002,-0.069,-0.009,-0.049,-0.056,-0.047
293.0,294.0,0.016,3.613,0.047,-1.296,-0.094,-0.037,-0.027,-0.093,-0.037,-0.001,-0.073,-0.001,-0.003,-0.074,0.024,-0.054,-0.05,-0.05
293.0,295.0,0.016,3.613,0.047,-1.338,-0.094,-0.037,-0.027,-0.093,-0.037,-0.001,-0.073,-0.002,-0.003,-0.074,0.024,-0.054,-0.05,-0.05
293.0,296.0,0.016,3.614,0.047,-1.373,-0.094,-0.037,-0.027,-0.093,-0.037,-0.001,-0.073,-0.002,-0.003,-0.074,0.024,-0.054,-0.05,-0.05
293.0,297.0,0.016,3.614,0.047,-1.402,-0.094,-0.037,-0.027,-0.093,-0.037,-0.001,-0.073,-0.002,-0.003,-0.074,0.024,-0.054,-0.05,-0.05
293.0,298.0,0.016,3.614,0.047,-1.427,-0.094,-0.037,-0.027,-0.093,-0.037,-0.001,-0.074,-0.003,-0.003,-0.074,0.024,-0.054,-0.05,-0.05
293.0,299.0,0.016,3.614,0.047,-1.448,-0.094,-0.037,-0.027,-0.093,-0.037,-0.001,-0.074,-0.003,-0.003,-0.074,0.024,-0.054,-0.05,-0.05
293.0,300.0,0.016,3.614,0.047,-1.465,-0.094,-0.037,-0.027,-0.093,-0.037,-0.001,-0.074,-0.003,-0.003,-0.074,0.024,-0.054,-0.05,-0.05
293.0,301.0,0.016,3.614,0.047,-1.48,-0.094,-0.038,-0.027,-0.093,-0.037,-0.001,-0.074,-0.003,-0.003,-0.074,0.024,-0.054,-0.05,-0.05
293.0,302.0,0.016,3.614,0.047,-1.492,-0.094,-0.038,-0.027,-0.093,-0.037,-0.001,-0.074,-0.004,-0.003,-0.074,0.024,-0.054,-0.05,-0.05
293.0,303.0,0.016,3.614,0.047,-1.503,-0.094,-0.038,-0.027,-0.093,-0.037,-0.002,-0.074,-0.004,-0.003,-0.074,0.024,-0.054,-0.05,-0.05
293.0,304.0,0.016,3.614,0.047,-1.511,-0.094,-0.038,-0.027,-0.093,-0.037,-0.002,-0.074,-0.004,-0.003,-0.074,0.024,-0.054,-0.05,-0.05
293.0,305.0,0.016,3.614,0.047,-1.519,-0.094,-0.038,-0.027,-0.093,-0.037,-0.002,-0.074,-0.004,-0.003,-0.074,0.024,-0.054,-0.05,-0.05
294.0,295.0,0.017,2.771,0.046,-1.065,-0.085,-0.042,-0.026,-0.093,-0.045,0.013,-0.091,-0.037,-0.005,-0.078,-0.01,-0.039,-0.106,-0.045
294.0,296.0,0.017,2.771,0.046,-1.065,-0.085,-0.042,-0.026,-0.093,-0.045,0.013,-0.091,-0.037,-0.005,-0.078,-0.01,-0.039,-0.106,-0.045
294.0,297.0,0.017,2.771,0.046,-1.065,-0.085,-0.042,-0.026,-0.093,-0.045,0.013,-0.091,-0.037,-0.005,-0.078,-0.01,-0.039,-0.106,-0.045
294.0,298.0,0.017,2.771,0.046,-1.065,-0.085,-0.042,-0.026,-0.093,-0.045,0.013,-0.091,-0.037,-0.005,-0.078,-0.01,-0.039,-0.106,-0.045
294.0,299.0,0.017,2.771,0.046,-1.065,-0.085,-0.042,-0.026,-0.093,-0.045,0.013,-0.091,-0.037,-0.005,-0.078,-0.01,-0.039,-0.106,-0.045
294.0,300.0,0.017,2.771,0.046,-1.065,-0.085,-0.042,-0.026,-0.093,-0.045,0.013,-0.091,-0.037,-0.005,-0.078,-0.01,-0.039,-0.106,-0.045
294.0,301.0,0.017,2.771,0.046,-1.065,-0.085,-0.042,-0.026,-0.093,-0.045,0.013,-0.091,-0.037,-0.005,-0.078,-0.01,-0.039,-0.106,-0.045
294.0,302.0,0.017,2.771,0.046,-1.065,-0.085,-0.042,-0.026,-0.093,-0.045,0.013,-0.091,-0.037,-0.005,-0.078,-0.01,-0.039,-0.106,-0.045
294.0,303.0,0.017,2.771,0.046,-1.065,-0.085,-0.042,-0.026,-0.093,-0.045,0.013,-0.091,-0.037,-0.005,-0.078,-0.01,-0.039,-0.106,-0.045
294.0,304.0,0.017,2.771,0.046,-1.065,-0.085,-0.042,-0.026,-0.093,-0.045,0.013,-0.091,-0.037,-0.005,-0.078,-0.01,-0.039,-0.106,-0.045
294.0,305.0,0.017,2.771,0.046,-1.065,-0.085,-0.042,-0.026,-0.093,-0.045,0.013,-0.091,-0.037,-0.005,-0.078,-0.01,-0.039,-0.105,-0.045
294.0,306.0,0.017,2.771,0.046,-1.065,-0.085,-0.042,-0.026,-0.093,-0.045,0.013,-0.091,-0.037,-0.005,-0.078,-0.01,-0.039,-0.105,-0.045
295.0,296.0,0.023,3.297,0.044,-1.64,-0.087,-0.043,-0.025,-0.091,-0.041,-0.0,-0.078,-0.001,0.002,-0.077,-0.005,-0.054,-0.049,-0.049
295.0,297.0,0.023,3.297,0.044,-1.64,-0.087,-0.043,-0.025,-0.091,-0.041,-0.001,-0.078,-0.002,0.002,-0.077,-0.005,-0.054,-0.049,-0.049
295.0,298.0,0.023,3.298,0.044,-1.64,-0.087,-0.043,-0.025,-0.091,-0.041,-0.001,-0.078,-0.002,0.002,-0.077,-0.005,-0.054,-0.049,-0.049
295.0,299.0,0.023,3.298,0.044,-1.64,-0.087,-0.043,-0.025,-0.091,-0.041,-0.001,-0.078,-0.002,0.002,-0.077,-0.005,-0.054,-0.049,-0.049
295.0,300.0,0.023,3.298,0.044,-1.64,-0.087,-0.043,-0.025,-0.091,-0.041,-0.001,-0.077,-0.002,0.002,-0.077,-0.005,-0.054,-0.049,-0.049
295.0,301.0,0.023,3.298,0.044,-1.64,-0.087,-0.043,-0.025,-0.091,-0.041,-0.001,-0.077,-0.002,0.002,-0.077,-0.005,-0.054,-0.049,-0.049
295.0,302.0,0.023,3.298,0.044,-1.64,-0.087,-0.043,-0.025,-0.091,-0.041,-0.001,-0.077,-0.003,0.002,-0.077,-0.005,-0.054,-0.049,-0.049
295.0,303.0,0.023,3.298,0.044,-1.64,-0.087,-0.043,-0.025,-0.09,-0.041,-0.001,-0.077,-0.003,0.002,-0.077,-0.005,-0.054,-0.049,-0.049
295.0,304.0,0.023,3.298,0.044,-1.64,-0.087,-0.043,-0.025,-0.09,-0.041,-0.001,-0.077,-0.003,0.002,-0.077,-0.005,-0.054,-0.049,-0.049
295.0,305.0,0.023,3.298,0.044,-1.64,-0.087,-0.043,-0.025,-0.09,-0.041,-0.001,-0.077,-0.003,0.002,-0.077,-0.005,-0.054,-0.049,-0.049
295.0,306.0,0.023,3.298,0.044,-1.64,-0.087,-0.042,-0.025,-0.09,-0.041,-0.001,-0.077,-0.003,0.002,-0.077,-0.005,-0.054,-0.049,-0.049
295.0,307.0,0.023,3.298,0.044,-1.64,-0.087,-0.042,-0.025,-0.09,-0.041,-0.001,-0.077,-0.004,0.002,-0.077,-0.005,-0.054,-0.049,-0.049
296.0,297.0,0.01,3.421,0.041,-2.004,-0.084,-0.043,-0.019,-0.081,-0.005,-0.002,-0.073,0.006,-0.005,-0.085,-0.012,-0.052,-0.042,-0.05
296.0,298.0,0.01,3.421,0.041,-2.004,-0.084,-0.043,-0.019,-0.081,-0.005,-0.002,-0.073,0.006,-0.005,-0.085,-0.012,-0.052,-0.042,-0.05
296.0,299.0,0.01,3.421,0.041,-2.004,-0.084,-0.043,-0.019,-0.081,-0.005,-0.003,-0.073,0.006,-0.005,-0.085,-0.012,-0.052,-0.042,-0.05
296.0,300.0,0.01,3.421,0.041,-2.004,-0.084,-0.043,-0.019,-0.081,-0.005,-0.003,-0.073,0.006,-0.005,-0.085,-0.012,-0.052,-0.042,-0.05
296.0,301.0,0.01,3.421,0.041,-2.004,-0.084,-0.043,-0.019,-0.081,-0.005,-0.003,-0.073,0.006,-0.005,-0.085,-0.012,-0.052,-0.042,-0.05
296.0,302.0,0.01,3.421,0.041,-2.004,-0.084,-0.043,-0.019,-0.081,-0.005,-0.003,-0.073,0.006,-0.005,-0.085,-0.012,-0.052,-0.042,-0.05
296.0,303.0,0.01,3.421,0.041,-2.004,-0.084,-0.043,-0.019,-0.081,-0.005,-0.004,-0.073,0.005,-0.005,-0.085,-0.012,-0.052,-0.042,-0.05
296.0,304.0,0.01,3.421,0.041,-2.004,-0.084,-0.043,-0.019,-0.081,-0.005,-0.004,-0.073,0.005,-0.005,-0.085,-0.012,-0.052,-0.043,-0.05
296.0,305.0,0.01,3.421,0.041,-2.004,-0.084,-0.043,-0.019,-0.081,-0.006,-0.004,-0.073,0.005,-0.005,-0.085,-0.013,-0.052,-0.043,-0.05
296.0,306.0,0.01,3.421,0.041,-2.004,-0.084,-0.043,-0.019,-0.081,-0.006,-0.004,-0.073,0.005,-0.005,-0.085,-0.013,-0.052,-0.043,-0.05
296.0,307.0,0.01,3.421,0.041,-2.004,-0.084,-0.043,-0.019,-0.081,-0.006,-0.004,-0.073,0.005,-0.005,-0.085,-0.013,-0.052,-0.043,-0.05
296.0,308.0,0.01,3.421,0.041,-2.004,-0.084,-0.043,-0.019,-0.081,-0.006,-0.005,-0.073,0.005,-0.005,-0.085,-0.013,-0.052,-0.043,-0.05
297.0,298.0,0.018,4.524,0.039,-1.232,-0.094,-0.091,-0.025,-0.086,-0.045,-0.001,-0.104,-0.048,0.02,-0.075,0.003,-0.053,-0.048,-0.04
297.0,299.0,0.018,4.524,0.039,-1.232,-0.094,-0.09,-0.025,-0.086,-0.045,-0.002,-0.103,-0.048,0.02,-0.075,0.003,-0.053,-0.048,-0.04
297.0,300.0,0.018,4.524,0.039,-1.232,-0.094,-0.09,-0.025,-0.086,-0.045,-0.002,-0.103,-0.048,0.02,-0.075,0.003,-0.053,-0.048,-0.04
297.0,301.0,0.018,4.524,0.039,-1.232,-0.094,-0.089,-0.025,-0.086,-0.045,-0.002,-0.103,-0.047,0.02,-0.075,0.003,-0.053,-0.048,-0.04
297.0,302.0,0.018,4.524,0.039,-1.232,-0.094,-0.089,-0.025,-0.086,-0.045,-0.002,-0.103,-0.047,0.02,-0.075,0.003,-0.053,-0.048,-0.04
297.0,303.0,0.018,4.524,0.039,-1.232,-0.094,-0.089,-0.025,-0.086,-0.045,-0.002,-0.102,-0.047,0.02,-0.075,0.003,-0.053,-0.048,-0.04
297.0,304.0,0.018,4.524,0.039,-1.232,-0.094,-0.088,-0.025,-0.086,-0.045,-0.003,-0.102,-0.047,0.02,-0.075,0.003,-0.053,-0.048,-0.04
297.0,305.0,0.018,4.524,0.039,-1.232,-0.094,-0.088,-0.025,-0.086,-0.045,-0.003,-0.102,-0.046,0.02,-0.075,0.003,-0.053,-0.048,-0.04
297.0,306.0,0.018,4.524,0.039,-1.232,-0.094,-0.087,-0.025,-0.086,-0.045,-0.003,-0.101,-0.046,0.02,-0.075,0.003,-0.053,-0.048,-0.04
297.0,307.0,0.018,4.524,0.039,-1.232,-0.094,-0.087,-0.025,-0.086,-0.045,-0.003,-0.101,-0.046,0.02,-0.075,0.003,-0.053,-0.048,-0.04
297.0,308.0,0.018,4.524,0.039,-1.232,-0.094,-0.086,-0.025,-0.086,-0.045,-0.003,-0.101,-0.046,0.02,-0.075,0.003,-0.053,-0.048,-0.04
297.0,309.0,0.018,4.524,0.039,-1.232,-0.094,-0.086,-0.025,-0.086,-0.045,-0.004,-0.101,-0.045,0.02,-0.075,0.003,-0.053,-0.048,-0.04
298.0,299.0,0.015,2.869,0.044,-1.228,-0.093,-0.041,-0.026,-0.092,-0.041,0.013,-0.087,-0.03,0.004,-0.071,-0.015,-0.056,-0.256,-0.063
298.0,300.0,0.015,2.869,0.044,-1.228,-0.093,-0.041,-0.026,-0.092,-0.041,0.013,-0.087,-0.03,0.004,-0.071,-0.015,-0.056,-0.255,-0.063
298.0,301.0,0.015,2.869,0.044,-1.228,-0.093,-0.041,-0.026,-0.092,-0.041,0.013,-0.087,-0.03,0.004,-0.071,-0.015,-0.056,-0.255,-0.063
298.0,302.0,0.015,2.869,0.044,-1.228,-0.093,-0.041,-0.026,-0.092,-0.042,0.013,-0.087,-0.03,0.004,-0.071,-0.015,-0.056,-0.255,-0.063
298.0,303.0,0.015,2.869,0.044,-1.228,-0.093,-0.041,-0.026,-0.092,-0.042,0.013,-0.087,-0.03,0.004,-0.071,-0.015,-0.056,-0.255,-0.063
298.0,304.0,0.015,2.869,0.044,-1.228,-0.093,-0.041,-0.026,-0.092,-0.042,0.013,-0.087,-0.03,0.004,-0.071,-0.015,-0.056,-0.255,-0.063
298.0,305.0,0.015,2.869,0.044,-1.228,-0.093,-0.041,-0.026,-0.092,-0.042,0.013,-0.087,-0.03,0.004,-0.071,-0.015,-0.056,-0.255,-0.063
298.0,306.0,0.015,2.869,0.044,-1.228,-0.093,-0.041,-0.026,-0.092,-0.042,0.013,-0.087,-0.03,0.004,-0.071,-0.015,-0.056,-0.254,-0.063
298.0,307.0,0.015,2.869,0.044,-1.228,-0.093,-0.041,-0.026,-0.092,-0.042,0.013,-0.087,-0.03,0.004,-0.071,-0.015,-0.056,-0.254,-0.063
298.0,308.0,0.015,2.869,0.044,-1.228,-0.093,-0.041,-0.026,-0.092,-0.042,0.013,-0.087,-0.03,0.004,-0.071,-0.015,-0.056,-0.254,-0.063
298.0,309.0,0.015,2.869,0.044,-1.228,-0.093,-0.041,-0.026,-0.092,-0.042,0.013,-0.087,-0.03,0.004,-0.071,-0.015,-0.056,-0.254,-0.063
298.0,310.0,0.015,2.869,0.044,-1.228,-0.093,-0.041,-0.026,-0.092,-0.042,0.013,-0.087,-0.03,0.004,-0.071,-0.015,-0.056,-0.254,-0.063
299.0,300.0,0.014,2.799,0.044,-1.348,-0.087,-0.04,-0.021,-0.089,-0.045,0.005,-0.071,0.0,-0.003,-0.08,-0.004,-0.054,-0.051,0.007
299.0,301.0,0.014,2.799,0.044,-1.348,-0.087,-0.04,-0.021,-0.089,-0.045,0.005,-0.071,0.0,-0.003,-0.08,-0.004,-0.054,-0.051,0.007
299.0,302.0,0.014,2.799,0.044,-1.348,-0.087,-0.04,-0.021,-0.089,-0.045,0.005,-0.071,0.0,-0.003,-0.08,-0.004,-0.054,-0.051,0.007
299.0,303.0,0.014,2.799,0.044,-1.348,-0.087,-0.04,-0.021,-0.089,-0.045,0.005,-0.071,0.0,-0.003,-0.08,-0.004,-0.054,-0.051,0.007
299.0,304.0,0.014,2.799,0.044,-1.348,-0.087,-0.04,-0.021,-0.089,-0.045,0.005,-0.071,0.0,-0.003,-0.08,-0.004,-0.054,-0.051,0.007
299.0,305.0,0.014,2.799,0.044,-1.348,-0.087,-0.04,-0.021,-0.089,-0.045,0.005,-0.071,0.0,-0.003,-0.08,-0.004,-0.054,-0.051,0.007
299.0,306.0,0.014,2.799,0.044,-1.348,-0.087,-0.04,-0.021,-0.089,-0.045,0.005,-0.071,0.0,-0.003,-0.08,-0.004,-0.054,-0.051,0.007
299.0,307.0,0.014,2.799,0.044,-1.348,-0.087,-0.04,-0.021,-0.089,-0.045,0.005,-0.071,0.0,-0.003,-0.08,-0.004,-0.054,-0.051,0.007
299.0,308.0,0.014,2.799,0.044,-1.348,-0.087,-0.04,-0.021,-0.089,-0.045,0.005,-0.071,0.0,-0.003,-0.08,-0.004,-0.054,-0.051,0.007
299.0,309.0,0.014,2.799,0.044,-1.348,-0.087,-0.04,-0.021,-0.089,-0.045,0.005,-0.071,0.0,-0.003,-0.08,-0.004,-0.054,-0.051,0.007
299.0,310.0,0.014,2.799,0.044,-1.348,-0.087,-0.04,-0.021,-0.089,-0.045,0.005,-0.071,0.0,-0.003,-0.08,-0.004,-0.054,-0.051,0.006
299.0,311.0,0.014,2.799,0.044,-1.348,-0.087,-0.04,-0.021,-0.089,-0.045,0.005,-0.071,0.0,-0.003,-0.08,-0.004,-0.054,-0.051,0.006
300.0,301.0,0.018,2.662,0.046,-1.39,-0.091,-0.033,-0.029,-0.099,-0.032,0.0,-0.066,0.054,0.011,-0.069,0.002,-0.063,-0.065,-0.033
300.0,302.0,0.018,2.662,0.046,-1.39,-0.091,-0.033,-0.029,-0.098,-0.032,0.0,-0.066,0.054,0.011,-0.069,0.002,-0.063,-0.065,-0.034
300.0,303.0,0.018,2.662,0.046,-1.39,-0.091,-0.033,-0.029,-0.098,-0.032,0.0,-0.066,0.053,0.011,-0.069,0.002,-0.062,-0.065,-0.034
300.0,304.0,0.018,2.662,0.045,-1.39,-0.091,-0.033,-0.028,-0.098,-0.032,0.0,-0.066,0.053,0.011,-0.069,0.002,-0.062,-0.065,-0.034
300.0,305.0,0.018,2.662,0.045,-1.39,-0.091,-0.033,-0.028,-0.098,-0.032,0.0,-0.066,0.052,0.011,-0.069,0.002,-0.062,-0.065,-0.034
300.0,306.0,0.018,2.662,0.045,-1.39,-0.091,-0.033,-0.028,-0.098,-0.032,0.0,-0.066,0.052,0.011,-0.07,0.002,-0.062,-0.065,-0.034
300.0,307.0,0.018,2.662,0.045,-1.39,-0.091,-0.033,-0.028,-0.098,-0.033,0.0,-0.066,0.051,0.011,-0.07,0.001,-0.062,-0.065,-0.034
300.0,308.0,0.018,2.662,0.045,-1.39,-0.091,-0.033,-0.028,-0.098,-0.033,0.0,-0.066,0.051,0.011,-0.07,0.001,-0.062,-0.064,-0.034
300.0,309.0,0.018,2.662,0.045,-1.39,-0.091,-0.033,-0.028,-0.098,-0.033,0.0,-0.066,0.051,0.011,-0.07,0.001,-0.062,-0.064,-0.035
300.0,310.0,0.018,2.662,0.045,-1.39,-0.091,-0.033,-0.028,-0.098,-0.033,0.0,-0.066,0.05,0.011,-0.07,0.001,-0.062,-0.064,-0.035
300.0,311.0,0.018,2.662,0.045,-1.39,-0.09,-0.033,-0.028,-0.097,-0.033,0.0,-0.067,0.05,0.01,-0.071,0.001,-0.062,-0.064,-0.035
300.0,312.0,0.018,2.662,0.045,-1.39,-0.09,-0.033,-0.028,-0.097,-0.033,0.0,-0.067,0.049,0.01,-0.071,0.001,-0.062,-0.064,-0.035
301.0,302.0,0.013,2.747,0.044,-1.605,-0.083,-0.041,-0.024,-0.102,-0.029,-0.0,-0.072,0.005,0.001,-0.101,-0.011,-0.067,-0.022,-0.049
301.0,303.0,0.013,2.747,0.044,-1.605,-0.083,-0.041,-0.024,-0.102,-0.029,-0.0,-0.072,0.004,0.001,-0.101,-0.011,-0.067,-0.022,-0.049
301.0,304.0,0.013,2.747,0.044,-1.605,-0.083,-0.041,-0.024,-0.102,-0.029,-0.0,-0.072,0.004,0.001,-0.101,-0.011,-0.067,-0.022,-0.049
301.0,305.0,0.013,2.747,0.044,-1.605,-0.083,-0.041,-0.024,-0.102,-0.029,-0.0,-0.072,0.004,0.001,-0.101,-0.011,-0.067,-0.022,-0.049
301.0,306.0,0.013,2.747,0.044,-1.606,-0.083,-0.041,-0.024,-0.102,-0.029,-0.0,-0.071,0.004,0.001,-0.101,-0.011,-0.067,-0.022,-0.049
301.0,307.0,0.013,2.747,0.044,-1.606,-0.083,-0.041,-0.024,-0.102,-0.029,-0.0,-0.071,0.004,0.001,-0.101,-0.011,-0.067,-0.022,-0.049
301.0,308.0,0.013,2.747,0.044,-1.606,-0.083,-0.041,-0.024,-0.102,-0.029,-0.0,-0.071,0.004,0.001,-0.101,-0.011,-0.067,-0.022,-0.049
301.0,309.0,0.013,2.747,0.044,-1.606,-0.083,-0.041,-0.024,-0.102,-0.029,-0.0,-0.071,0.004,0.001,-0.101,-0.011,-0.066,-0.023,-0.049
301.0,310.0,0.013,2.747,0.044,-1.606,-0.083,-0.041,-0.024,-0.102,-0.029,-0.0,-0.071,0.004,0.001,-0.101,-0.011,-0.066,-0.023,-0.049
301.0,311.0,0.013,2.747,0.044,-1.606,-0.083,-0.041,-0.024,-0.102,-0.029,-0.0,-0.071,0.003,0.001,-0.101,-0.011,-0.066,-0.023,-0.049
301.0,312.0,0.013,2.747,0.044,-1.606,-0.083,-0.041,-0.024,-0.102,-0.029,-0.0,-0.071,0.003,0.001,-0.101,-0.011,-0.066,-0.023,-0.049
301.0,313.0,0.013,2.747,0.044,-1.606,-0.083,-0.041,-0.024,-0.102,-0.029,-0.0,-0.071,0.003,0.001,-0.101,-0.011,-0.066,-0.023,-0.049
302.0,303.0,0.015,2.894,0.047,-1.266,-0.095,-0.042,-0.028,-0.09,-0.039,-0.002,-0.077,0.005,0.005,-0.082,0.007,-0.052,-0.066,-0.046
302.0,304.0,0.015,2.894,0.047,-1.266,-0.095,-0.042,-0.028,-0.09,-0.039,-0.002,-0.077,0.005,0.005,-0.082,0.007,-0.052,-0.066,-0.046
302.0,305.0,0.015,2.894,0.047,-1.266,-0.095,-0.042,-0.028,-0.09,-0.039,-0.002,-0.077,0.005,0.005,-0.082,0.007,-0.052,-0.066,-0.046
302.0,306.0,0.015,2.894,0.047,-1.266,-0.095,-0.042,-0.028,-0.09,-0.039,-0.002,-0.077,0.005,0.005,-0.082,0.007,-0.052,-0.066,-0.046
302.0,307.0,0.015,2.894,0.047,-1.266,-0.095,-0.042,-0.028,-0.09,-0.039,-0.002,-0.077,0.005,0.005,-0.082,0.007,-0.052,-0.066,-0.046
302.0,308.0,0.015,2.894,0.047,-1.266,-0.095,-0.042,-0.028,-0.09,-0.039,-0.002,-0.077,0.005,0.005,-0.082,0.007,-0.052,-0.066,-0.046
302.0,309.0,0.015,2.894,0.047,-1.266,-0.095,-0.042,-0.028,-0.09,-0.039,-0.002,-0.077,0.005,0.005,-0.082,0.007,-0.052,-0.066,-0.046
302.0,310.0,0.015,2.894,0.047,-1.266,-0.095,-0.042,-0.028,-0.09,-0.039,-0.002,-0.077,0.005,0.005,-0.082,0.007,-0.052,-0.066,-0.046
302.0,311.0,0.015,2.894,0.047,-1.266,-0.095,-0.042,-0.028,-0.09,-0.039,-0.002,-0.077,0.005,0.005,-0.082,0.007,-0.052,-0.066,-0.046
302.0,312.0,0.015,2.894,0.047,-1.266,-0.095,-0.042,-0.028,-0.09,-0.039,-0.002,-0.077,0.005,0.005,-0.082,0.007,-0.052,-0.066,-0.046
302.0,313.0,0.015,2.894,0.047,-1.266,-0.095,-0.042,-0.028,-0.09,-0.039,-0.002,-0.077,0.005,0.005,-0.082,0.007,-0.052,-0.066,-0.046
302.0,314.0,0.015,2.894,0.047,-1.266,-0.095,-0.042,-0.028,-0.09,-0.039,-0.002,-0.077,0.005,0.005,-0.082,0.007,-0.052,-0.066,-0.046
303.0,304.0,0.026,2.873,0.043,-1.382,-0.077,-0.041,-0.028,-0.086,-0.044,0.009,-0.09,-0.026,-0.002,-0.088,-0.013,-0.053,-0.08,-0.05
303.0,305.0,0.026,2.873,0.043,-1.382,-0.077,-0.041,-0.028,-0.086,-0.044,0.009,-0.09,-0.026,-0.002,-0.088,-0.013,-0.053,-0.079,-0.05
303.0,306.0,0.026,2.873,0.043,-1.382,-0.077,-0.041,-0.028,-0.087,-0.044,0.009,-0.09,-0.025,-0.002,-0.088,-0.013,-0.053,-0.077,-0.05
303.0,307.0,0.026,2.873,0.043,-1.382,-0.077,-0.041,-0.028,-0.087,-0.044,0.008,-0.09,-0.025,-0.002,-0.088,-0.013,-0.053,-0.076,-0.05
303.0,308.0,0.026,2.873,0.043,-1.382,-0.077,-0.041,-0.028,-0.088,-0.044,0.008,-0.09,-0.025,-0.002,-0.088,-0.013,-0.053,-0.075,-0.05
303.0,309.0,0.026,2.873,0.043,-1.382,-0.077,-0.041,-0.028,-0.088,-0.044,0.008,-0.09,-0.024,-0.002,-0.088,-0.013,-0.053,-0.074,-0.05
303.0,310.0,0.026,2.873,0.043,-1.382,-0.077,-0.041,-0.028,-0.089,-0.044,0.008,-0.089,-0.024,-0.002,-0.088,-0.013,-0.053,-0.073,-0.05
303.0,311.0,0.026,2.873,0.043,-1.382,-0.078,-0.041,-0.028,-0.089,-0.044,0.008,-0.089,-0.024,-0.002,-0.088,-0.013,-0.053,-0.072,-0.05
303.0,312.0,0.026,2.873,0.043,-1.381,-0.078,-0.041,-0.028,-0.089,-0.044,0.008,-0.089,-0.023,-0.002,-0.088,-0.013,-0.053,-0.071,-0.05
303.0,313.0,0.026,2.873,0.043,-1.381,-0.078,-0.041,-0.028,-0.09,-0.044,0.008,-0.089,-0.023,-0.002,-0.088,-0.013,-0.053,-0.07,-0.05
303.0,314.0,0.026,2.873,0.043,-1.381,-0.078,-0.041,-0.028,-0.09,-0.044,0.008,-0.089,-0.023,-0.002,-0.088,-0.013,-0.053,-0.07,-0.05
303.0,315.0,0.026,2.874,0.043,-1.381,-0.078,-0.041,-0.028,-0.09,-0.044,0.008,-0.089,-0.023,-0.002,-0.088,-0.013,-0.053,-0.069,-0.05
304.0,305.0,0.012,2.998,0.044,-1.459,-0.078,-0.039,-0.021,-0.09,-0.016,-0.004,-0.075,0.006,0.002,-0.086,-0.016,-0.051,-0.048,-0.048
304.0,306.0,0.012,2.998,0.044,-1.459,-0.078,-0.039,-0.021,-0.09,-0.016,-0.004,-0.075,0.006,0.002,-0.086,-0.016,-0.051,-0.049,-0.048
304.0,307.0,0.012,2.998,0.044,-1.459,-0.078,-0.039,-0.021,-0.09,-0.016,-0.004,-0.075,0.006,0.002,-0.086,-0.016,-0.051,-0.049,-0.048
304.0,308.0,0.012,2.998,0.044,-1.459,-0.078,-0.039,-0.021,-0.09,-0.016,-0.004,-0.075,0.006,0.001,-0.086,-0.016,-0.051,-0.049,-0.048
304.0,309.0,0.012,2.998,0.044,-1.459,-0.078,-0.039,-0.021,-0.09,-0.016,-0.004,-0.075,0.006,0.001,-0.086,-0.016,-0.051,-0.049,-0.048
304.0,310.0,0.012,2.998,0.044,-1.459,-0.078,-0.039,-0.021,-0.09,-0.016,-0.005,-0.075,0.005,0.001,-0.086,-0.016,-0.051,-0.049,-0.048
304.0,311.0,0.012,2.998,0.044,-1.459,-0.078,-0.039,-0.021,-0.09,-0.016,-0.005,-0.075,0.005,0.001,-0.086,-0.016,-0.051,-0.049,-0.048
304.0,312.0,0.012,2.998,0.044,-1.459,-0.078,-0.039,-0.021,-0.09,-0.016,-0.005,-0.075,0.005,0.001,-0.086,-0.016,-0.051,-0.049,-0.048
304.0,313.0,0.012,2.998,0.044,-1.459,-0.078,-0.039,-0.021,-0.09,-0.016,-0.005,-0.075,0.005,0.001,-0.086,-0.016,-0.051,-0.049,-0.048
304.0,314.0,0.012,2.998,0.044,-1.459,-0.078,-0.039,-0.021,-0.09,-0.016,-0.005,-0.075,0.005,0.001,-0.086,-0.016,-0.051,-0.049,-0.048
304.0,315.0,0.012,2.998,0.044,-1.459,-0.078,-0.039,-0.021,-0.09,-0.016,-0.005,-0.075,0.005,0.001,-0.086,-0.016,-0.052,-0.049,-0.048
304.0,316.0,0.012,2.998,0.044,-1.459,-0.078,-0.039,-0.021,-0.09,-0.016,-0.005,-0.075,0.005,0.001,-0.086,-0.016,-0.052,-0.049,-0.048
305.0,306.0,0.019,2.828,0.044,-1.415,-0.087,-0.04,-0.024,-0.12,-0.043,-0.021,-0.081,0.015,0.006,-0.081,-0.003,-0.048,-0.075,-0.051
305.0,307.0,0.019,2.828,0.044,-1.415,-0.087,-0.04,-0.024,-0.12,-0.043,-0.021,-0.081,0.015,0.006,-0.081,-0.003,-0.048,-0.075,-0.051
305.0,308.0,0.019,2.828,0.044,-1.415,-0.087,-0.04,-0.024,-0.12,-0.043,-0.021,-0.081,0.015,0.006,-0.081,-0.003,-0.048,-0.075,-0.051
305.0,309.0,0.019,2.828,0.044,-1.415,-0.087,-0.04,-0.024,-0.12,-0.043,-0.021,-0.081,0.015,0.006,-0.081,-0.003,-0.048,-0.075,-0.051
305.0,310.0,0.019,2.828,0.044,-1.415,-0.087,-0.04,-0.024,-0.12,-0.043,-0.021,-0.081,0.015,0.006,-0.081,-0.003,-0.048,-0.075,-0.051
305.0,311.0,0.019,2.828,0.044,-1.415,-0.087,-0.04,-0.024,-0.12,-0.043,-0.021,-0.081,0.015,0.006,-0.081,-0.003,-0.048,-0.075,-0.051
305.0,312.0,0.019,2.828,0.044,-1.415,-0.087,-0.04,-0.024,-0.12,-0.043,-0.021,-0.081,0.015,0.006,-0.081,-0.003,-0.048,-0.074,-0.051
305.0,313.0,0.019,2.828,0.044,-1.415,-0.087,-0.04,-0.024,-0.12,-0.043,-0.021,-0.081,0.015,0.006,-0.081,-0.003,-0.048,-0.074,-0.051
305.0,314.0,0.019,2.828,0.044,-1.415,-0.087,-0.04,-0.024,-0.12,-0.043,-0.021,-0.081,0.015,0.006,-0.081,-0.003,-0.048,-0.074,-0.051
305.0,315.0,0.019,2.828,0.044,-1.415,-0.087,-0.04,-0.024,-0.12,-0.043,-0.021,-0.081,0.015,0.006,-0.081,-0.003,-0.048,-0.074,-0.051
305.0,316.0,0.019,2.828,0.044,-1.415,-0.087,-0.04,-0.024,-0.12,-0.043,-0.021,-0.081,0.015,0.006,-0.081,-0.003,-0.048,-0.074,-0.051
305.0,317.0,0.019,2.828,0.044,-1.415,-0.087,-0.04,-0.024,-0.12,-0.043,-0.021,-0.081,0.015,0.006,-0.081,-0.003,-0.048,-0.074,-0.051
306.0,307.0,0.015,2.786,0.043,-1.325,-0.084,-0.042,-0.026,-0.088,-0.045,0.001,-0.073,0.0,0.002,-0.062,-0.006,-0.049,-0.068,-0.028
306.0,308.0,0.015,2.786,0.043,-1.325,-0.084,-0.042,-0.026,-0.088,-0.045,0.001,-0.073,0.0,0.002,-0.062,-0.006,-0.049,-0.068,-0.028
306.0,309.0,0.015,2.786,0.043,-1.325,-0.084,-0.042,-0.026,-0.088,-0.045,0.001,-0.073,0.0,0.002,-0.062,-0.006,-0.049,-0.068,-0.028
306.0,310.0,0.015,2.786,0.043,-1.325,-0.084,-0.042,-0.026,-0.088,-0.045,0.001,-0.073,0.0,0.002,-0.062,-0.006,-0.049,-0.068,-0.028
306.0,311.0,0.015,2.786,0.043,-1.325,-0.084,-0.042,-0.026,-0.088,-0.045,0.001,-0.073,0.0,0.002,-0.062,-0.006,-0.049,-0.068,-0.028
306.0,312.0,0.015,2.786,0.043,-1.325,-0.084,-0.042,-0.026,-0.088,-0.045,0.001,-0.073,0.0,0.002,-0.062,-0.006,-0.049,-0.068,-0.028
306.0,313.0,0.015,2.786,0.043,-1.325,-0.084,-0.042,-0.026,-0.088,-0.045,0.001,-0.073,0.0,0.002,-0.062,-0.006,-0.049,-0.068,-0.028
306.0,314.0,0.015,2.786,0.043,-1.325,-0.084,-0.042,-0.026,-0.088,-0.045,0.001,-0.073,0.0,0.002,-0.062,-0.006,-0.049,-0.068,-0.028
306.0,315.0,0.015,2.786,0.043,-1.325,-0.084,-0.042,-0.026,-0.088,-0.045,0.001,-0.073,0.0,0.002,-0.062,-0.006,-0.049,-0.068,-0.028
306.0,316.0,0.015,2.786,0.043,-1.325,-0.084,-0.042,-0.026,-0.088,-0.045,0.001,-0.073,0.0,0.002,-0.062,-0.006,-0.049,-0.068,-0.028
306.0,317.0,0.015,2.786,0.043,-1.325,-0.084,-0.042,-0.026,-0.088,-0.045,0.001,-0.073,0.0,0.002,-0.062,-0.006,-0.049,-0.068,-0.028
306.0,318.0,0.015,2.786,0.043,-1.325,-0.084,-0.042,-0.026,-0.088,-0.045,0.001,-0.073,0.0,0.002,-0.062,-0.006,-0.049,-0.068,-0.028
307.0,308.0,0.017,3.106,0.044,-1.332,-0.135,-0.042,-0.025,-0.109,-0.043,-0.036,-0.08,0.02,0.01,-0.074,-0.006,-0.061,-0.135,-0.017
307.0,309.0,0.017,3.106,0.044,-1.332,-0.135,-0.042,-0.025,-0.109,-0.043,-0.036,-0.08,0.02,0.01,-0.074,-0.006,-0.061,-0.135,-0.017
307.0,310.0,0.017,3.106,0.044,-1.332,-0.135,-0.042,-0.025,-0.109,-0.043,-0.036,-0.08,0.02,0.01,-0.074,-0.006,-0.061,-0.135,-0.017
307.0,311.0,0.017,3.106,0.044,-1.332,-0.135,-0.042,-0.025,-0.109,-0.043,-0.036,-0.08,0.02,0.01,-0.074,-0.006,-0.061,-0.135,-0.017
307.0,312.0,0.017,3.106,0.044,-1.332,-0.135,-0.042,-0.025,-0.109,-0.043,-0.036,-0.08,0.02,0.01,-0.074,-0.006,-0.061,-0.135,-0.017
307.0,313.0,0.017,3.106,0.044,-1.332,-0.135,-0.042,-0.025,-0.109,-0.043,-0.036,-0.08,0.02,0.01,-0.074,-0.006,-0.061,-0.135,-0.017
307.0,314.0,0.017,3.106,0.044,-1.332,-0.135,-0.042,-0.025,-0.109,-0.043,-0.036,-0.08,0.02,0.01,-0.074,-0.006,-0.061,-0.135,-0.017
307.0,315.0,0.017,3.106,0.044,-1.332,-0.135,-0.042,-0.025,-0.109,-0.043,-0.036,-0.08,0.02,0.01,-0.074,-0.006,-0.061,-0.135,-0.017
307.0,316.0,0.017,3.106,0.044,-1.332,-0.135,-0.042,-0.025,-0.109,-0.043,-0.036,-0.08,0.02,0.01,-0.074,-0.006,-0.061,-0.135,-0.017
307.0,317.0,0.017,3.106,0.044,-1.332,-0.135,-0.042,-0.025,-0.109,-0.043,-0.036,-0.08,0.02,0.01,-0.074,-0.006,-0.061,-0.135,-0.017
307.0,318.0,0.017,3.106,0.044,-1.332,-0.135,-0.042,-0.025,-0.109,-0.043,-0.036,-0.08,0.02,0.01,-0.074,-0.006,-0.061,-0.135,-0.017
307.0,319.0,0.017,3.106,0.044,-1.332,-0.135,-0.042,-0.025,-0.109,-0.043,-0.036,-0.08,0.02,0.01,-0.074,-0.006,-0.061,-0.135,-0.017
308.0,309.0,0.014,2.779,0.039,-1.901,-0.095,-0.038,-0.035,-0.097,-0.034,-0.003,-0.06,0.004,0.007,-0.101,-0.011,-0.055,-0.034,-0.051
308.0,310.0,0.014,2.779,0.039,-1.901,-0.094,-0.038,-0.034,-0.097,-0.034,-0.003,-0.06,0.004,0.007,-0.102,-0.011,-0.055,-0.034,-0.051
308.0,311.0,0.014,2.779,0.039,-1.901,-0.094,-0.038,-0.034,-0.097,-0.034,-0.004,-0.06,0.004,0.007,-0.102,-0.011,-0.055,-0.035,-0.051
308.0,312.0,0.014,2.779,0.039,-1.901,-0.093,-0.038,-0.034,-0.097,-0.034,-0.004,-0.06,0.004,0.007,-0.102,-0.011,-0.055,-0.035,-0.051
308.0,313.0,0.014,2.779,0.039,-1.901,-0.092,-0.039,-0.034,-0.097,-0.034,-0.004,-0.06,0.004,0.007,-0.102,-0.011,-0.055,-0.035,-0.05
308.0,314.0,0.014,2.779,0.039,-1.901,-0.092,-0.039,-0.034,-0.096,-0.034,-0.004,-0.06,0.004,0.007,-0.102,-0.011,-0.055,-0.035,-0.05
308.0,315.0,0.014,2.779,0.039,-1.901,-0.091,-0.039,-0.034,-0.096,-0.034,-0.004,-0.06,0.004,0.007,-0.102,-0.011,-0.055,-0.036,-0.05
308.0,316.0,0.014,2.779,0.039,-1.901,-0.091,-0.039,-0.034,-0.096,-0.034,-0.004,-0.06,0.004,0.007,-0.102,-0.011,-0.055,-0.036,-0.05
308.0,317.0,0.014,2.779,0.039,-1.901,-0.09,-0.039,-0.034,-0.096,-0.034,-0.004,-0.06,0.004,0.007,-0.102,-0.011,-0.055,-0.036,-0.05
308.0,318.0,0.014,2.779,0.039,-1.901,-0.09,-0.039,-0.034,-0.096,-0.034,-0.004,-0.06,0.003,0.007,-0.102,-0.011,-0.055,-0.036,-0.05
308.0,319.0,0.014,2.779,0.039,-1.901,-0.089,-0.04,-0.034,-0.096,-0.034,-0.004,-0.06,0.003,0.007,-0.102,-0.011,-0.055,-0.037,-0.05
308.0,320.0,0.014,2.779,0.039,-1.901,-0.089,-0.04,-0.034,-0.096,-0.034,-0.004,-0.06,0.003,0.007,-0.102,-0.011,-0.055,-0.037,-0.05
309.0,310.0,0.014,2.547,0.043,-1.603,-0.092,-0.042,-0.025,-0.071,-0.045,0.003,-0.061,-0.001,0.002,-0.091,-0.007,-0.057,-0.039,-0.049
309.0,311.0,0.014,2.547,0.043,-1.603,-0.092,-0.042,-0.025,-0.071,-0.045,0.003,-0.062,-0.001,0.002,-0.091,-0.007,-0.057,-0.039,-0.049
309.0,312.0,0.014,2.547,0.043,-1.603,-0.092,-0.042,-0.025,-0.071,-0.045,0.003,-0.062,-0.001,0.002,-0.091,-0.007,-0.057,-0.04,-0.049
309.0,313.0,0.014,2.547,0.043,-1.603,-0.092,-0.042,-0.025,-0.071,-0.045,0.003,-0.062,-0.001,0.002,-0.091,-0.007,-0.056,-0.04,-0.049
309.0,314.0,0.014,2.547,0.043,-1.603,-0.092,-0.042,-0.025,-0.071,-0.045,0.003,-0.062,-0.001,0.002,-0.091,-0.007,-0.056,-0.04,-0.049
309.0,315.0,0.014,2.547,0.043,-1.603,-0.092,-0.042,-0.025,-0.071,-0.045,0.003,-0.063,-0.001,0.002,-0.091,-0.007,-0.056,-0.041,-0.049
309.0,316.0,0.014,2.547,0.043,-1.603,-0.092,-0.042,-0.025,-0.071,-0.045,0.003,-0.063,-0.001,0.002,-0.091,-0.007,-0.056,-0.041,-0.049
309.0,317.0,0.014,2.547,0.043,-1.603,-0.092,-0.042,-0.025,-0.071,-0.045,0.003,-0.063,-0.001,0.002,-0.091,-0.007,-0.056,-0.041,-0.049
309.0,318.0,0.014,2.547,0.043,-1.603,-0.092,-0.042,-0.025,-0.071,-0.045,0.003,-0.063,-0.001,0.001,-0.091,-0.008,-0.056,-0.042,-0.049
309.0,319.0,0.014,2.547,0.043,-1.603,-0.092,-0.042,-0.025,-0.071,-0.045,0.003,-0.063,-0.001,0.001,-0.091,-0.008,-0.056,-0.042,-0.049
309.0,320.0,0.014,2.547,0.043,-1.603,-0.092,-0.042,-0.025,-0.071,-0.045,0.003,-0.063,-0.001,0.001,-0.091,-0.008,-0.056,-0.042,-0.049
309.0,321.0,0.014,2.547,0.043,-1.603,-0.092,-0.042,-0.025,-0.071,-0.045,0.002,-0.064,-0.001,0.001,-0.091,-0.008,-0.055,-0.042,-0.049
310.0,311.0,0.014,2.763,0.04,-1.851,-0.086,-0.043,-0.023,-0.086,-0.027,0.003,-0.052,-0.0,-0.009,-0.087,-0.006,-0.053,-0.035,-0.046
310.0,312.0,0.014,2.763,0.04,-1.851,-0.086,-0.043,-0.023,-0.086,-0.027,0.003,-0.052,-0.0,-0.009,-0.087,-0.006,-0.053,-0.035,-0.046
310.0,313.0,0.014,2.763,0.04,-1.851,-0.086,-0.043,-0.023,-0.086,-0.027,0.003,-0.053,-0.0,-0.009,-0.087,-0.006,-0.053,-0.035,-0.046
310.0,314.0,0.014,2.763,0.04,-1.851,-0.086,-0.043,-0.023,-0.086,-0.027,0.003,-0.053,-0.0,-0.009,-0.087,-0.006,-0.053,-0.035,-0.046
310.0,315.0,0.014,2.763,0.04,-1.851,-0.086,-0.043,-0.023,-0.086,-0.027,0.003,-0.053,-0.0,-0.009,-0.087,-0.006,-0.053,-0.035,-0.046
310.0,316.0,0.014,2.763,0.04,-1.851,-0.086,-0.043,-0.023,-0.086,-0.027,0.003,-0.054,-0.0,-0.009,-0.087,-0.006,-0.053,-0.035,-0.046
310.0,317.0,0.014,2.763,0.04,-1.851,-0.086,-0.043,-0.023,-0.086,-0.027,0.003,-0.054,-0.0,-0.009,-0.087,-0.006,-0.053,-0.035,-0.046
310.0,318.0,0.014,2.763,0.04,-1.851,-0.086,-0.043,-0.023,-0.086,-0.027,0.003,-0.054,-0.0,-0.009,-0.087,-0.006,-0.053,-0.035,-0.046
310.0,319.0,0.014,2.763,0.04,-1.851,-0.086,-0.043,-0.023,-0.086,-0.027,0.002,-0.054,-0.0,-0.009,-0.087,-0.006,-0.053,-0.035,-0.047
310.0,320.0,0.014,2.764,0.04,-1.851,-0.086,-0.043,-0.023,-0.086,-0.027,0.002,-0.055,-0.0,-0.009,-0.087,-0.006,-0.053,-0.035,-0.047
310.0,321.0,0.014,2.764,0.04,-1.851,-0.086,-0.043,-0.023,-0.086,-0.027,0.002,-0.055,-0.0,-0.009,-0.087,-0.006,-0.053,-0.036,-0.047
310.0,322.0,0.014,2.764,0.04,-1.851,-0.086,-0.043,-0.023,-0.086,-0.027,0.002,-0.055,-0.0,-0.009,-0.087,-0.006,-0.053,-0.036,-0.047
311.0,312.0,0.013,3.479,0.04,-1.315,-0.109,-0.038,-0.026,-0.084,-0.039,-0.002,-0.06,0.002,0.049,-0.101,-0.013,-0.056,-0.059,-0.047
311.0,313.0,0.013,3.479,0.04,-1.315,-0.109,-0.038,-0.026,-0.084,-0.039,-0.002,-0.06,0.002,0.049,-0.101,-0.013,-0.056,-0.059,-0.047
311.0,314.0,0.013,3.479,0.04,-1.315,-0.109,-0.038,-0.026,-0.084,-0.039,-0.002,-0.06,0.002,0.049,-0.101,-0.013,-0.056,-0.059,-0.047
311.0,315.0,0.013,3.479,0.04,-1.315,-0.109,-0.038,-0.026,-0.084,-0.039,-0.002,-0.06,0.002,0.049,-0.101,-0.013,-0.056,-0.059,-0.047
311.0,316.0,0.013,3.479,0.04,-1.315,-0.109,-0.038,-0.026,-0.084,-0.039,-0.002,-0.06,0.002,0.049,-0.101,-0.013,-0.056,-0.059,-0.047
311.0,317.0,0.013,3.479,0.04,-1.315,-0.109,-0.038,-0.026,-0.084,-0.039,-0.002,-0.06,0.002,0.049,-0.101,-0.013,-0.056,-0.059,-0.047
311.0,318.0,0.014,3.479,0.04,-1.315,-0.109,-0.038,-0.026,-0.084,-0.039,-0.002,-0.06,0.002,0.049,-0.101,-0.013,-0.056,-0.059,-0.047
311.0,319.0,0.014,3.479,0.04,-1.315,-0.109,-0.038,-0.026,-0.084,-0.039,-0.002,-0.06,0.002,0.049,-0.101,-0.013,-0.056,-0.059,-0.047
311.0,320.0,0.014,3.479,0.04,-1.315,-0.109,-0.038,-0.026,-0.084,-0.039,-0.002,-0.06,0.002,0.049,-0.101,-0.013,-0.056,-0.059,-0.047
311.0,321.0,0.014,3.479,0.04,-1.315,-0.109,-0.038,-0.026,-0.084,-0.039,-0.002,-0.06,0.002,0.049,-0.101,-0.013,-0.056,-0.059,-0.047
311.0,322.0,0.014,3.479,0.04,-1.315,-0.109,-0.038,-0.026,-0.084,-0.039,-0.002,-0.06,0.002,0.049,-0.101,-0.013,-0.056,-0.059,-0.047
311.0,323.0,0.014,3.479,0.04,-1.315,-0.109,-0.038,-0.026,-0.084,-0.039,-0.002,-0.06,0.002,0.049,-0.101,-0.013,-0.056,-0.059,-0.047
312.0,313.0,0.014,2.64,0.042,-1.733,-0.091,-0.038,-0.026,-0.093,-0.03,-0.0,-0.068,0.004,0.008,-0.104,-0.022,-0.055,-0.034,-0.049
312.0,314.0,0.014,2.64,0.042,-1.733,-0.091,-0.038,-0.026,-0.093,-0.03,-0.0,-0.068,0.004,0.008,-0.104,-0.022,-0.055,-0.034,-0.049
312.0,315.0,0.014,2.64,0.042,-1.733,-0.091,-0.038,-0.026,-0.093,-0.03,-0.0,-0.068,0.004,0.008,-0.104,-0.022,-0.055,-0.034,-0.049
312.0,316.0,0.014,2.64,0.042,-1.733,-0.091,-0.038,-0.026,-0.093,-0.03,-0.0,-0.068,0.004,0.008,-0.104,-0.022,-0.055,-0.035,-0.049
312.0,317.0,0.014,2.64,0.042,-1.733,-0.091,-0.038,-0.026,-0.093,-0.03,-0.0,-0.068,0.004,0.008,-0.104,-0.022,-0.055,-0.035,-0.049
312.0,318.0,0.014,2.64,0.042,-1.733,-0.09,-0.038,-0.026,-0.093,-0.03,-0.0,-0.068,0.004,0.008,-0.104,-0.022,-0.055,-0.036,-0.049
312.0,319.0,0.014,2.64,0.042,-1.733,-0.09,-0.038,-0.026,-0.093,-0.03,-0.0,-0.068,0.004,0.008,-0.104,-0.022,-0.055,-0.036,-0.049
312.0,320.0,0.014,2.64,0.042,-1.733,-0.09,-0.038,-0.026,-0.093,-0.03,-0.0,-0.068,0.004,0.008,-0.104,-0.022,-0.054,-0.036,-0.049
312.0,321.0,0.014,2.64,0.042,-1.733,-0.09,-0.039,-0.026,-0.093,-0.03,-0.0,-0.068,0.003,0.008,-0.104,-0.022,-0.054,-0.037,-0.049
312.0,322.0,0.014,2.64,0.042,-1.733,-0.09,-0.039,-0.026,-0.093,-0.03,-0.0,-0.068,0.003,0.008,-0.104,-0.022,-0.054,-0.037,-0.049
312.0,323.0,0.014,2.64,0.042,-1.733,-0.09,-0.039,-0.026,-0.093,-0.03,-0.0,-0.068,0.003,0.008,-0.104,-0.022,-0.054,-0.037,-0.049
312.0,324.0,0.014,2.64,0.042,-1.733,-0.09,-0.039,-0.026,-0.093,-0.03,-0.0,-0.068,0.003,0.008,-0.104,-0.022,-0.054,-0.038,-0.049
313.0,314.0,0.014,2.887,0.039,-1.32,-0.143,-0.04,-0.029,-0.078,-0.04,0.04,-0.084,0.0,0.012,-0.104,-0.041,-0.034,0.06,-0.054
313.0,315.0,0.014,2.887,0.039,-1.32,-0.143,-0.04,-0.029,-0.078,-0.04,0.04,-0.084,0.0,0.012,-0.104,-0.041,-0.034,0.06,-0.054
313.0,316.0,0.014,2.887,0.04,-1.32,-0.143,-0.04,-0.029,-0.078,-0.04,0.04,-0.084,0.0,0.012,-0.104,-0.041,-0.034,0.06,-0.054
313.0,317.0,0.014,2.887,0.04,-1.32,-0.143,-0.04,-0.029,-0.078,-0.04,0.04,-0.084,0.0,0.012,-0.104,-0.041,-0.034,0.06,-0.054
313.0,318.0,0.014,2.887,0.04,-1.32,-0.143,-0.04,-0.029,-0.078,-0.04,0.04,-0.084,0.0,0.012,-0.104,-0.041,-0.034,0.06,-0.054
313.0,319.0,0.014,2.887,0.04,-1.32,-0.143,-0.04,-0.029,-0.078,-0.04,0.04,-0.084,0.0,0.012,-0.104,-0.041,-0.034,0.06,-0.054
313.0,320.0,0.014,2.887,0.04,-1.32,-0.143,-0.04,-0.029,-0.078,-0.04,0.04,-0.084,0.0,0.012,-0.104,-0.041,-0.034,0.06,-0.054
313.0,321.0,0.014,2.887,0.04,-1.32,-0.143,-0.04,-0.029,-0.078,-0.04,0.04,-0.084,0.0,0.012,-0.104,-0.041,-0.034,0.06,-0.054
313.0,322.0,0.014,2.887,0.04,-1.32,-0.143,-0.04,-0.029,-0.078,-0.04,0.04,-0.084,0.0,0.012,-0.104,-0.041,-0.034,0.06,-0.054
313.0,323.0,0.014,2.887,0.04,-1.32,-0.143,-0.04,-0.029,-0.078,-0.04,0.04,-0.084,0.0,0.012,-0.104,-0.041,-0.034,0.059,-0.054
313.0,324.0,0.014,2.887,0.04,-1.32,-0.143,-0.04,-0.029,-0.079,-0.04,0.04,-0.084,0.0,0.012,-0.104,-0.041,-0.034,0.059,-0.054
313.0,325.0,0.014,2.887,0.04,-1.32,-0.143,-0.04,-0.029,-0.079,-0.04,0.039,-0.084,0.0,0.012,-0.104,-0.041,-0.034,0.059,-0.054
314.0,315.0,0.014,2.936,0.041,-1.25,-0.099,-0.041,-0.028,-0.083,-0.035,-0.002,-0.071,0.002,0.017,-0.093,0.009,-0.052,-0.051,-0.047
314.0,316.0,0.014,2.936,0.041,-1.25,-0.099,-0.041,-0.028,-0.083,-0.035,-0.002,-0.071,0.002,0.017,-0.093,0.009,-0.052,-0.051,-0.047
314.0,317.0,0.014,2.936,0.041,-1.25,-0.099,-0.041,-0.028,-0.083,-0.035,-0.002,-0.071,0.002,0.017,-0.093,0.009,-0.052,-0.051,-0.047
314.0,318.0,0.014,2.936,0.041,-1.25,-0.099,-0.041,-0.028,-0.083,-0.035,-0.002,-0.071,0.002,0.017,-0.093,0.009,-0.052,-0.051,-0.047
314.0,319.0,0.014,2.936,0.041,-1.25,-0.099,-0.041,-0.028,-0.083,-0.035,-0.002,-0.071,0.002,0.017,-0.093,0.009,-0.052,-0.051,-0.047
314.0,320.0,0.014,2.936,0.041,-1.25,-0.099,-0.041,-0.028,-0.083,-0.035,-0.002,-0.071,0.002,0.017,-0.093,0.009,-0.052,-0.051,-0.047
314.0,321.0,0.014,2.936,0.041,-1.25,-0.099,-0.041,-0.028,-0.083,-0.035,-0.002,-0.071,0.002,0.017,-0.093,0.009,-0.052,-0.051,-0.047
314.0,322.0,0.014,2.936,0.041,-1.25,-0.099,-0.041,-0.028,-0.083,-0.035,-0.002,-0.071,0.002,0.017,-0.093,0.009,-0.052,-0.051,-0.047
314.0,323.0,0.014,2.936,0.041,-1.25,-0.099,-0.041,-0.028,-0.083,-0.035,-0.002,-0.071,0.002,0.017,-0.093,0.009,-0.052,-0.051,-0.047
314.0,324.0,0.014,2.936,0.041,-1.25,-0.099,-0.041,-0.028,-0.083,-0.035,-0.002,-0.071,0.002,0.017,-0.093,0.008,-0.052,-0.051,-0.047
314.0,325.0,0.014,2.936,0.041,-1.25,-0.099,-0.041,-0.028,-0.083,-0.035,-0.002,-0.071,0.002,0.017,-0.093,0.008,-0.052,-0.051,-0.047
314.0,326.0,0.014,2.936,0.041,-1.25,-0.099,-0.041,-0.028,-0.083,-0.035,-0.002,-0.071,0.002,0.017,-0.093,0.008,-0.052,-0.051,-0.047
315.0,316.0,0.013,2.713,0.041,-1.233,-0.09,-0.042,-0.029,-0.086,-0.045,-0.041,-0.1,0.01,0.004,-0.103,-0.007,-0.051,-0.073,-0.05
315.0,317.0,0.013,2.713,0.041,-1.232,-0.09,-0.042,-0.029,-0.086,-0.045,-0.041,-0.1,0.01,0.004,-0.103,-0.007,-0.051,-0.073,-0.05
315.0,318.0,0.013,2.713,0.041,-1.232,-0.09,-0.042,-0.029,-0.086,-0.045,-0.041,-0.1,0.01,0.004,-0.103,-0.007,-0.051,-0.073,-0.05
315.0,319.0,0.013,2.713,0.041,-1.232,-0.09,-0.042,-0.029,-0.086,-0.045,-0.041,-0.1,0.01,0.004,-0.103,-0.007,-0.051,-0.073,-0.05
315.0,320.0,0.013,2.713,0.041,-1.232,-0.09,-0.042,-0.029,-0.086,-0.045,-0.041,-0.1,0.01,0.004,-0.103,-0.007,-0.051,-0.073,-0.05
315.0,321.0,0.013,2.713,0.041,-1.232,-0.09,-0.042,-0.029,-0.086,-0.045,-0.041,-0.1,0.01,0.004,-0.103,-0.007,-0.051,-0.073,-0.05
315.0,322.0,0.013,2.713,0.041,-1.232,-0.09,-0.042,-0.029,-0.086,-0.045,-0.04,-0.1,0.01,0.004,-0.103,-0.007,-0.051,-0.072,-0.05
315.0,323.0,0.013,2.713,0.041,-1.232,-0.09,-0.042,-0.029,-0.086,-0.045,-0.04,-0.1,0.01,0.004,-0.103,-0.007,-0.051,-0.072,-0.05
315.0,324.0,0.013,2.713,0.041,-1.232,-0.09,-0.042,-0.029,-0.086,-0.045,-0.04,-0.1,0.01,0.004,-0.103,-0.007,-0.051,-0.072,-0.05
315.0,325.0,0.013,2.713,0.041,-1.232,-0.09,-0.042,-0.029,-0.086,-0.045,-0.04,-0.1,0.01,0.004,-0.103,-0.007,-0.051,-0.072,-0.05
315.0,326.0,0.013,2.713,0.041,-1.232,-0.09,-0.042,-0.029,-0.086,-0.045,-0.04,-0.1,0.01,0.004,-0.103,-0.007,-0.051,-0.072,-0.05
315.0,327.0,0.013,2.713,0.041,-1.232,-0.09,-0.042,-0.029,-0.086,-0.045,-0.04,-0.1,0.01,0.004,-0.103,-0.007,-0.051,-0.072,-0.05
316.0,317.0,0.019,3.451,0.046,-1.551,-0.095,-0.042,-0.032,-0.09,-0.045,-0.004,-0.071,-0.001,0.02,-0.085,-0.003,-0.052,-0.05,-0.05
316.0,318.0,0.019,3.451,0.046,-1.551,-0.095,-0.042,-0.032,-0.09,-0.045,-0.004,-0.071,-0.001,0.02,-0.085,-0.003,-0.052,-0.05,-0.05
316.0,319.0,0.019,3.451,0.046,-1.551,-0.095,-0.042,-0.032,-0.09,-0.045,-0.004,-0.071,-0.001,0.02,-0.085,-0.003,-0.052,-0.05,-0.05
316.0,320.0,0.019,3.451,0.046,-1.551,-0.095,-0.042,-0.032,-0.09,-0.045,-0.004,-0.071,-0.001,0.02,-0.085,-0.003,-0.052,-0.05,-0.05
316.0,321.0,0.019,3.451,0.046,-1.551,-0.095,-0.042,-0.032,-0.09,-0.045,-0.005,-0.071,-0.001,0.02,-0.085,-0.003,-0.052,-0.05,-0.05
316.0,322.0,0.019,3.451,0.046,-1.551,-0.095,-0.042,-0.032,-0.09,-0.045,-0.005,-0.071,-0.002,0.02,-0.085,-0.003,-0.052,-0.05,-0.05
316.0,323.0,0.019,3.451,0.046,-1.551,-0.095,-0.042,-0.032,-0.09,-0.045,-0.005,-0.071,-0.002,0.02,-0.085,-0.003,-0.052,-0.05,-0.05
316.0,324.0,0.019,3.451,0.046,-1.551,-0.095,-0.042,-0.032,-0.09,-0.045,-0.005,-0.071,-0.002,0.02,-0.085,-0.003,-0.052,-0.05,-0.05
316.0,325.0,0.019,3.451,0.046,-1.551,-0.095,-0.042,-0.032,-0.09,-0.045,-0.005,-0.071,-0.002,0.02,-0.085,-0.003,-0.052,-0.05,-0.05
316.0,326.0,0.019,3.451,0.046,-1.551,-0.095,-0.042,-0.032,-0.09,-0.045,-0.005,-0.071,-0.002,0.02,-0.085,-0.003,-0.052,-0.05,-0.05
316.0,327.0,0.019,3.451,0.046,-1.551,-0.095,-0.042,-0.032,-0.09,-0.045,-0.005,-0.071,-0.002,0.02,-0.085,-0.003,-0.052,-0.05,-0.05
316.0,328.0,0.019,3.451,0.046,-1.551,-0.095,-0.042,-0.032,-0.09,-0.045,-0.005,-0.071,-0.002,0.02,-0.085,-0.003,-0.052,-0.05,-0.05
317.0,318.0,0.015,2.919,0.039,-1.097,-0.123,-0.041,-0.025,-0.104,-0.043,-0.034,-0.084,0.007,0.022,-0.101,-0.003,-0.053,-0.078,-0.05
317.0,319.0,0.015,2.919,0.039,-1.097,-0.123,-0.041,-0.025,-0.104,-0.043,-0.034,-0.084,0.007,0.022,-0.101,-0.004,-0.053,-0.077,-0.05
317.0,320.0,0.015,2.919,0.039,-1.097,-0.123,-0.041,-0.025,-0.104,-0.043,-0.034,-0.084,0.007,0.022,-0.101,-0.004,-0.053,-0.077,-0.05
317.0,321.0,0.015,2.919,0.039,-1.097,-0.123,-0.041,-0.025,-0.104,-0.043,-0.034,-0.084,0.007,0.022,-0.101,-0.004,-0.053,-0.077,-0.05
317.0,322.0,0.015,2.919,0.039,-1.097,-0.123,-0.041,-0.025,-0.104,-0.043,-0.034,-0.084,0.007,0.022,-0.101,-0.004,-0.053,-0.077,-0.05
317.0,323.0,0.015,2.919,0.039,-1.097,-0.123,-0.041,-0.025,-0.104,-0.043,-0.034,-0.084,0.007,0.022,-0.102,-0.004,-0.053,-0.077,-0.05
317.0,324.0,0.015,2.919,0.039,-1.097,-0.123,-0.041,-0.025,-0.104,-0.043,-0.034,-0.084,0.007,0.022,-0.102,-0.004,-0.053,-0.077,-0.05
317.0,325.0,0.015,2.919,0.039,-1.097,-0.123,-0.041,-0.025,-0.104,-0.043,-0.034,-0.084,0.007,0.022,-0.102,-0.004,-0.053,-0.077,-0.05
317.0,326.0,0.015,2.919,0.039,-1.097,-0.123,-0.041,-0.025,-0.104,-0.043,-0.034,-0.084,0.007,0.022,-0.102,-0.004,-0.053,-0.077,-0.05
317.0,327.0,0.015,2.919,0.039,-1.097,-0.123,-0.041,-0.025,-0.104,-0.043,-0.034,-0.084,0.007,0.022,-0.102,-0.004,-0.053,-0.076,-0.05
317.0,328.0,0.015,2.919,0.039,-1.097,-0.123,-0.041,-0.025,-0.104,-0.043,-0.034,-0.084,0.006,0.022,-0.102,-0.004,-0.053,-0.076,-0.05
317.0,329.0,0.015,2.919,0.039,-1.097,-0.123,-0.041,-0.025,-0.104,-0.043,-0.034,-0.084,0.006,0.022,-0.102,-0.004,-0.053,-0.076,-0.05
318.0,319.0,0.015,2.914,0.042,-1.141,-0.142,-0.042,-0.024,-0.103,-0.042,-0.026,-0.081,0.012,0.028,-0.107,-0.002,-0.051,-0.075,-0.051
318.0,320.0,0.015,2.914,0.042,-1.141,-0.142,-0.042,-0.024,-0.103,-0.042,-0.026,-0.081,0.012,0.028,-0.107,-0.002,-0.051,-0.075,-0.051
318.0,321.0,0.015,2.914,0.042,-1.141,-0.142,-0.042,-0.024,-0.103,-0.042,-0.026,-0.081,0.012,0.028,-0.107,-0.002,-0.051,-0.075,-0.05
318.0,322.0,0.015,2.914,0.042,-1.141,-0.142,-0.042,-0.024,-0.103,-0.042,-0.026,-0.081,0.012,0.028,-0.107,-0.002,-0.051,-0.075,-0.05
318.0,323.0,0.015,2.914,0.042,-1.141,-0.142,-0.042,-0.024,-0.103,-0.042,-0.026,-0.081,0.012,0.028,-0.107,-0.002,-0.051,-0.075,-0.05
318.0,324.0,0.015,2.914,0.042,-1.141,-0.142,-0.042,-0.024,-0.103,-0.042,-0.026,-0.081,0.012,0.028,-0.107,-0.002,-0.051,-0.075,-0.05
318.0,325.0,0.015,2.914,0.042,-1.141,-0.142,-0.042,-0.024,-0.103,-0.042,-0.026,-0.081,0.012,0.028,-0.107,-0.002,-0.051,-0.075,-0.05
318.0,326.0,0.015,2.914,0.042,-1.141,-0.142,-0.042,-0.024,-0.103,-0.042,-0.026,-0.081,0.012,0.028,-0.107,-0.002,-0.051,-0.075,-0.05
318.0,327.0,0.015,2.914,0.042,-1.141,-0.142,-0.042,-0.024,-0.103,-0.042,-0.026,-0.081,0.012,0.028,-0.107,-0.002,-0.051,-0.075,-0.05
318.0,328.0,0.015,2.914,0.042,-1.141,-0.142,-0.042,-0.024,-0.103,-0.042,-0.026,-0.081,0.012,0.028,-0.107,-0.002,-0.051,-0.075,-0.05
318.0,329.0,0.015,2.914,0.042,-1.141,-0.142,-0.042,-0.024,-0.103,-0.042,-0.026,-0.081,0.012,0.028,-0.107,-0.002,-0.051,-0.075,-0.05
318.0,330.0,0.015,2.914,0.042,-1.141,-0.142,-0.042,-0.024,-0.103,-0.042,-0.026,-0.081,0.012,0.028,-0.107,-0.002,-0.051,-0.075,-0.05
319.0,320.0,0.018,3.017,0.041,-1.018,-0.105,-0.038,-0.013,-0.082,-0.038,-0.0,-0.057,0.004,0.038,-0.107,0.004,-0.053,-0.11,-0.05
319.0,321.0,0.018,3.017,0.041,-1.018,-0.105,-0.038,-0.013,-0.082,-0.038,-0.0,-0.057,0.004,0.038,-0.107,0.004,-0.053,-0.11,-0.05
319.0,322.0,0.018,3.017,0.041,-1.018,-0.105,-0.038,-0.013,-0.082,-0.038,-0.0,-0.057,0.004,0.038,-0.107,0.004,-0.053,-0.11,-0.05
319.0,323.0,0.018,3.017,0.041,-1.018,-0.105,-0.038,-0.013,-0.082,-0.038,-0.0,-0.057,0.004,0.038,-0.107,0.004,-0.053,-0.11,-0.05
319.0,324.0,0.018,3.017,0.041,-1.018,-0.105,-0.038,-0.013,-0.082,-0.038,-0.0,-0.057,0.005,0.038,-0.107,0.004,-0.053,-0.11,-0.05
319.0,325.0,0.018,3.017,0.041,-1.018,-0.105,-0.038,-0.013,-0.082,-0.038,-0.0,-0.057,0.005,0.038,-0.107,0.004,-0.053,-0.11,-0.05
319.0,326.0,0.018,3.017,0.041,-1.018,-0.105,-0.038,-0.013,-0.082,-0.038,-0.0,-0.057,0.005,0.038,-0.107,0.004,-0.053,-0.11,-0.05
319.0,327.0,0.018,3.017,0.041,-1.018,-0.105,-0.038,-0.013,-0.082,-0.038,-0.0,-0.057,0.005,0.038,-0.107,0.004,-0.053,-0.11,-0.05
319.0,328.0,0.018,3.017,0.041,-1.018,-0.105,-0.038,-0.013,-0.082,-0.038,-0.0,-0.057,0.005,0.038,-0.107,0.004,-0.053,-0.11,-0.05
319.0,329.0,0.018,3.017,0.041,-1.018,-0.105,-0.038,-0.013,-0.082,-0.038,-0.0,-0.057,0.005,0.038,-0.107,0.004,-0.053,-0.11,-0.05
319.0,330.0,0.018,3.017,0.041,-1.018,-0.105,-0.038,-0.013,-0.082,-0.038,-0.0,-0.057,0.005,0.038,-0.107,0.004,-0.053,-0.11,-0.05
319.0,331.0,0.018,3.017,0.041,-1.018,-0.105,-0.038,-0.013,-0.082,-0.038,-0.0,-0.057,0.005,0.038,-0.107,0.004,-0.053,-0.11,-0.05
320.0,321.0,0.015,2.817,0.039,-1.478,-0.088,-0.038,-0.026,-0.082,-0.04,-0.066,-0.038,-0.001,-0.02,-0.106,-0.023,-0.064,-0.037,-0.05
320.0,322.0,0.015,2.817,0.039,-1.478,-0.088,-0.038,-0.026,-0.082,-0.04,-0.066,-0.038,-0.001,-0.02,-0.106,-0.023,-0.064,-0.037,-0.05
320.0,323.0,0.015,2.817,0.039,-1.478,-0.088,-0.038,-0.026,-0.082,-0.04,-0.066,-0.038,-0.001,-0.02,-0.106,-0.023,-0.064,-0.037,-0.05
320.0,324.0,0.015,2.817,0.039,-1.478,-0.088,-0.038,-0.026,-0.082,-0.04,-0.066,-0.038,-0.001,-0.02,-0.106,-0.023,-0.064,-0.037,-0.05
320.0,325.0,0.015,2.817,0.039,-1.478,-0.088,-0.039,-0.026,-0.082,-0.04,-0.066,-0.038,-0.001,-0.02,-0.106,-0.023,-0.064,-0.037,-0.05
320.0,326.0,0.015,2.817,0.039,-1.478,-0.088,-0.039,-0.026,-0.082,-0.04,-0.066,-0.038,-0.001,-0.02,-0.106,-0.023,-0.064,-0.037,-0.05
320.0,327.0,0.015,2.817,0.039,-1.478,-0.088,-0.039,-0.026,-0.082,-0.04,-0.066,-0.038,-0.001,-0.02,-0.106,-0.023,-0.064,-0.037,-0.05
320.0,328.0,0.015,2.817,0.039,-1.478,-0.088,-0.039,-0.026,-0.082,-0.04,-0.066,-0.038,-0.001,-0.02,-0.106,-0.023,-0.064,-0.037,-0.05
320.0,329.0,0.015,2.817,0.039,-1.478,-0.088,-0.039,-0.026,-0.082,-0.04,-0.066,-0.038,-0.001,-0.02,-0.106,-0.023,-0.064,-0.037,-0.05
320.0,330.0,0.015,2.817,0.039,-1.478,-0.088,-0.039,-0.026,-0.082,-0.04,-0.066,-0.038,-0.001,-0.02,-0.106,-0.023,-0.064,-0.037,-0.05
320.0,331.0,0.015,2.817,0.039,-1.478,-0.088,-0.039,-0.026,-0.082,-0.04,-0.066,-0.038,-0.001,-0.02,-0.106,-0.023,-0.063,-0.037,-0.05
320.0,332.0,0.015,2.817,0.039,-1.478,-0.088,-0.039,-0.026,-0.082,-0.04,-0.065,-0.038,-0.001,-0.02,-0.106,-0.023,-0.063,-0.037,-0.05
321.0,322.0,0.014,2.861,0.04,-1.257,-0.119,-0.039,-0.026,-0.088,-0.043,-0.029,-0.08,0.007,0.035,-0.112,-0.009,-0.061,-0.085,-0.041
321.0,323.0,0.014,2.861,0.04,-1.257,-0.119,-0.039,-0.026,-0.088,-0.043,-0.029,-0.08,0.007,0.035,-0.112,-0.009,-0.061,-0.085,-0.041
321.0,324.0,0.014,2.861,0.04,-1.257,-0.119,-0.039,-0.026,-0.088,-0.043,-0.029,-0.08,0.007,0.035,-0.112,-0.009,-0.061,-0.085,-0.041
321.0,325.0,0.014,2.861,0.04,-1.257,-0.119,-0.039,-0.026,-0.088,-0.043,-0.029,-0.08,0.007,0.035,-0.112,-0.009,-0.061,-0.085,-0.041
321.0,326.0,0.014,2.861,0.04,-1.257,-0.119,-0.039,-0.026,-0.088,-0.043,-0.029,-0.08,0.007,0.035,-0.112,-0.009,-0.061,-0.085,-0.041
321.0,327.0,0.014,2.861,0.04,-1.257,-0.119,-0.039,-0.026,-0.088,-0.043,-0.029,-0.08,0.007,0.035,-0.112,-0.009,-0.061,-0.085,-0.041
321.0,328.0,0.014,2.861,0.04,-1.257,-0.119,-0.039,-0.026,-0.088,-0.043,-0.029,-0.08,0.007,0.035,-0.112,-0.009,-0.061,-0.085,-0.041
321.0,329.0,0.014,2.861,0.04,-1.257,-0.119,-0.039,-0.026,-0.088,-0.043,-0.029,-0.08,0.007,0.035,-0.112,-0.009,-0.061,-0.085,-0.041
321.0,330.0,0.014,2.861,0.04,-1.257,-0.119,-0.039,-0.026,-0.088,-0.043,-0.029,-0.08,0.007,0.035,-0.112,-0.009,-0.061,-0.085,-0.041
321.0,331.0,0.014,2.861,0.04,-1.257,-0.119,-0.039,-0.026,-0.088,-0.043,-0.029,-0.08,0.007,0.035,-0.112,-0.009,-0.061,-0.085,-0.041
321.0,332.0,0.014,2.861,0.04,-1.257,-0.119,-0.039,-0.026,-0.088,-0.043,-0.029,-0.08,0.007,0.035,-0.112,-0.009,-0.061,-0.085,-0.041
321.0,333.0,0.014,2.861,0.04,-1.257,-0.119,-0.039,-0.026,-0.088,-0.043,-0.029,-0.08,0.007,0.035,-0.112,-0.009,-0.061,-0.085,-0.041
322.0,323.0,0.01,2.836,0.04,-0.928,-0.116,-0.045,-0.026,-0.091,-0.045,0.001,-0.057,0.003,0.025,-0.096,-0.011,-0.056,-0.068,-0.053
322.0,324.0,0.01,2.835,0.04,-0.928,-0.116,-0.045,-0.026,-0.091,-0.045,0.001,-0.057,0.003,0.025,-0.096,-0.011,-0.056,-0.068,-0.053
322.0,325.0,0.01,2.835,0.04,-0.928,-0.116,-0.045,-0.026,-0.091,-0.045,0.001,-0.057,0.003,0.025,-0.096,-0.011,-0.056,-0.068,-0.053
322.0,326.0,0.01,2.835,0.04,-0.928,-0.116,-0.045,-0.026,-0.091,-0.045,0.001,-0.057,0.003,0.025,-0.096,-0.011,-0.056,-0.068,-0.053
322.0,327.0,0.01,2.835,0.04,-0.928,-0.116,-0.045,-0.026,-0.091,-0.045,0.001,-0.057,0.003,0.025,-0.096,-0.011,-0.056,-0.068,-0.053
322.0,328.0,0.01,2.835,0.04,-0.928,-0.116,-0.045,-0.026,-0.091,-0.045,0.001,-0.057,0.003,0.025,-0.096,-0.011,-0.056,-0.068,-0.053
322.0,329.0,0.01,2.835,0.04,-0.928,-0.116,-0.045,-0.026,-0.091,-0.045,0.001,-0.057,0.003,0.025,-0.096,-0.011,-0.056,-0.068,-0.053
322.0,330.0,0.01,2.835,0.04,-0.928,-0.116,-0.045,-0.026,-0.091,-0.045,0.001,-0.057,0.003,0.025,-0.096,-0.011,-0.056,-0.068,-0.053
322.0,331.0,0.01,2.835,0.04,-0.928,-0.116,-0.045,-0.026,-0.091,-0.045,0.001,-0.057,0.003,0.025,-0.096,-0.011,-0.056,-0.068,-0.053
322.0,332.0,0.01,2.835,0.04,-0.928,-0.116,-0.045,-0.026,-0.091,-0.045,0.001,-0.057,0.003,0.025,-0.096,-0.011,-0.056,-0.068,-0.053
322.0,333.0,0.01,2.835,0.04,-0.928,-0.116,-0.045,-0.026,-0.091,-0.045,0.001,-0.057,0.003,0.025,-0.096,-0.011,-0.056,-0.068,-0.053
322.0,334.0,0.01,2.835,0.04,-0.928,-0.116,-0.045,-0.026,-0.092,-0.045,0.001,-0.057,0.003,0.025,-0.096,-0.011,-0.056,-0.068,-0.053
323.0,324.0,0.017,2.731,0.04,-1.948,-0.088,-0.041,-0.026,-0.09,-0.027,-0.004,-0.057,0.002,0.002,-0.096,-0.015,-0.056,-0.049,-0.049
323.0,325.0,0.017,2.731,0.04,-1.948,-0.088,-0.041,-0.026,-0.09,-0.027,-0.004,-0.057,0.002,0.002,-0.096,-0.015,-0.056,-0.049,-0.049
323.0,326.0,0.017,2.731,0.04,-1.948,-0.088,-0.041,-0.026,-0.09,-0.027,-0.004,-0.057,0.002,0.002,-0.096,-0.015,-0.056,-0.049,-0.049
323.0,327.0,0.017,2.731,0.04,-1.948,-0.088,-0.041,-0.026,-0.09,-0.027,-0.004,-0.057,0.002,0.002,-0.096,-0.015,-0.056,-0.049,-0.049
323.0,328.0,0.017,2.731,0.04,-1.948,-0.088,-0.041,-0.026,-0.09,-0.027,-0.004,-0.058,0.002,0.002,-0.096,-0.015,-0.056,-0.049,-0.049
323.0,329.0,0.017,2.731,0.04,-1.948,-0.088,-0.041,-0.026,-0.09,-0.027,-0.004,-0.058,0.002,0.002,-0.096,-0.015,-0.056,-0.049,-0.049
323.0,330.0,0.017,2.731,0.04,-1.948,-0.088,-0.041,-0.026,-0.09,-0.027,-0.004,-0.058,0.002,0.002,-0.096,-0.015,-0.056,-0.049,-0.049
323.0,331.0,0.017,2.731,0.04,-1.948,-0.088,-0.041,-0.026,-0.09,-0.027,-0.004,-0.058,0.002,0.002,-0.096,-0.015,-0.056,-0.049,-0.049
323.0,332.0,0.017,2.731,0.04,-1.948,-0.088,-0.041,-0.026,-0.09,-0.027,-0.005,-0.058,0.002,0.002,-0.096,-0.015,-0.056,-0.049,-0.049
323.0,333.0,0.017,2.731,0.04,-1.948,-0.088,-0.041,-0.026,-0.09,-0.027,-0.005,-0.058,0.002,0.002,-0.096,-0.015,-0.056,-0.049,-0.049
323.0,334.0,0.017,2.731,0.04,-1.948,-0.088,-0.041,-0.026,-0.09,-0.027,-0.005,-0.059,0.002,0.002,-0.096,-0.015,-0.056,-0.049,-0.049
323.0,335.0,0.017,2.731,0.04,-1.948,-0.088,-0.041,-0.026,-0.09,-0.027,-0.005,-0.059,0.002,0.002,-0.096,-0.015,-0.056,-0.049,-0.049
324.0,325.0,0.014,2.592,0.038,-1.637,-0.09,-0.041,-0.025,-0.077,-0.045,0.006,-0.078,-0.028,-0.002,-0.092,-0.028,-0.043,-0.066,-0.047
324.0,326.0,0.014,2.592,0.038,-1.637,-0.09,-0.041,-0.025,-0.077,-0.045,0.006,-0.078,-0.028,-0.002,-0.092,-0.028,-0.043,-0.065,-0.047
324.0,327.0,0.014,2.592,0.038,-1.637,-0.09,-0.041,-0.025,-0.077,-0.045,0.006,-0.078,-0.028,-0.002,-0.092,-0.028,-0.043,-0.065,-0.047
324.0,328.0,0.014,2.592,0.038,-1.637,-0.09,-0.041,-0.025,-0.077,-0.045,0.006,-0.078,-0.028,-0.002,-0.092,-0.028,-0.043,-0.065,-0.047
324.0,329.0,0.014,2.592,0.038,-1.637,-0.09,-0.041,-0.025,-0.077,-0.045,0.006,-0.078,-0.028,-0.002,-0.092,-0.028,-0.043,-0.065,-0.047
324.0,330.0,0.014,2.592,0.038,-1.637,-0.09,-0.041,-0.025,-0.077,-0.045,0.006,-0.078,-0.028,-0.002,-0.092,-0.028,-0.043,-0.065,-0.047
324.0,331.0,0.014,2.592,0.038,-1.637,-0.09,-0.041,-0.025,-0.077,-0.045,0.006,-0.078,-0.028,-0.002,-0.092,-0.028,-0.043,-0.065,-0.047
324.0,332.0,0.014,2.592,0.038,-1.637,-0.09,-0.041,-0.025,-0.077,-0.045,0.006,-0.078,-0.028,-0.002,-0.092,-0.028,-0.043,-0.065,-0.047
324.0,333.0,0.014,2.592,0.038,-1.637,-0.09,-0.041,-0.025,-0.077,-0.045,0.006,-0.078,-0.028,-0.002,-0.092,-0.028,-0.043,-0.065,-0.047
324.0,334.0,0.014,2.592,0.038,-1.637,-0.09,-0.041,-0.025,-0.077,-0.045,0.006,-0.078,-0.028,-0.002,-0.092,-0.028,-0.043,-0.065,-0.047
324.0,335.0,0.014,2.592,0.038,-1.637,-0.09,-0.041,-0.025,-0.077,-0.045,0.006,-0.078,-0.028,-0.002,-0.092,-0.028,-0.043,-0.065,-0.047
324.0,336.0,0.014,2.592,0.038,-1.637,-0.09,-0.041,-0.025,-0.077,-0.045,0.006,-0.078,-0.028,-0.002,-0.092,-0.028,-0.043,-0.065,-0.047
325.0,326.0,0.017,2.939,0.039,-1.254,-0.082,-0.04,-0.026,-0.09,-0.043,-0.02,-0.071,0.005,0.028,-0.104,-0.006,-0.042,-0.043,-0.05
325.0,327.0,0.017,2.939,0.039,-1.254,-0.082,-0.04,-0.026,-0.09,-0.043,-0.019,-0.071,0.005,0.027,-0.104,-0.006,-0.042,-0.043,-0.05
325.0,328.0,0.017,2.939,0.039,-1.254,-0.082,-0.04,-0.026,-0.09,-0.043,-0.019,-0.071,0.005,0.027,-0.104,-0.006,-0.042,-0.043,-0.05
325.0,329.0,0.017,2.939,0.039,-1.254,-0.082,-0.04,-0.026,-0.09,-0.043,-0.019,-0.071,0.005,0.027,-0.104,-0.006,-0.042,-0.043,-0.05
325.0,330.0,0.017,2.939,0.039,-1.254,-0.082,-0.04,-0.026,-0.09,-0.043,-0.019,-0.071,0.005,0.026,-0.104,-0.006,-0.042,-0.043,-0.05
325.0,331.0,0.017,2.939,0.039,-1.254,-0.082,-0.04,-0.026,-0.09,-0.043,-0.019,-0.071,0.005,0.026,-0.104,-0.006,-0.042,-0.043,-0.05
325.0,332.0,0.017,2.939,0.039,-1.254,-0.082,-0.04,-0.026,-0.09,-0.043,-0.019,-0.071,0.005,0.026,-0.104,-0.006,-0.042,-0.043,-0.05
325.0,333.0,0.017,2.939,0.039,-1.254,-0.082,-0.04,-0.026,-0.09,-0.043,-0.019,-0.071,0.005,0.025,-0.104,-0.006,-0.042,-0.043,-0.05
325.0,334.0,0.017,2.939,0.039,-1.254,-0.082,-0.04,-0.026,-0.09,-0.043,-0.019,-0.071,0.005,0.025,-0.104,-0.006,-0.042,-0.043,-0.05
325.0,335.0,0.017,2.939,0.039,-1.254,-0.082,-0.04,-0.026,-0.09,-0.043,-0.019,-0.071,0.005,0.025,-0.104,-0.006,-0.042,-0.043,-0.05
325.0,336.0,0.017,2.939,0.039,-1.254,-0.082,-0.04,-0.026,-0.09,-0.043,-0.018,-0.071,0.005,0.024,-0.104,-0.006,-0.042,-0.043,-0.05
325.0,337.0,0.017,2.939,0.039,-1.254,-0.082,-0.04,-0.026,-0.09,-0.043,-0.018,-0.071,0.005,0.024,-0.104,-0.006,-0.042,-0.043,-0.05
326.0,327.0,0.011,2.933,0.04,-1.056,-0.121,-0.04,-0.023,-0.096,-0.039,-0.02,-0.08,0.009,0.025,-0.091,-0.017,-0.065,-0.074,-0.05
326.0,328.0,0.011,2.933,0.04,-1.056,-0.121,-0.04,-0.023,-0.096,-0.039,-0.02,-0.08,0.009,0.025,-0.091,-0.017,-0.065,-0.074,-0.05
326.0,329.0,0.011,2.933,0.04,-1.056,-0.121,-0.04,-0.023,-0.096,-0.039,-0.02,-0.08,0.009,0.025,-0.091,-0.017,-0.065,-0.074,-0.05
326.0,330.0,0.011,2.933,0.04,-1.056,-0.121,-0.04,-0.023,-0.096,-0.039,-0.02,-0.08,0.009,0.025,-0.091,-0.017,-0.065,-0.074,-0.05
326.0,331.0,0.011,2.933,0.04,-1.056,-0.121,-0.04,-0.023,-0.096,-0.039,-0.02,-0.08,0.009,0.025,-0.091,-0.017,-0.065,-0.074,-0.05
326.0,332.0,0.011,2.933,0.04,-1.056,-0.121,-0.04,-0.023,-0.096,-0.039,-0.02,-0.08,0.009,0.025,-0.091,-0.017,-0.065,-0.074,-0.05
326.0,333.0,0.011,2.933,0.04,-1.056,-0.121,-0.04,-0.023,-0.096,-0.039,-0.02,-0.08,0.009,0.025,-0.091,-0.017,-0.065,-0.074,-0.05
326.0,334.0,0.011,2.933,0.04,-1.056,-0.121,-0.04,-0.023,-0.096,-0.039,-0.02,-0.08,0.009,0.025,-0.091,-0.017,-0.065,-0.074,-0.05
326.0,335.0,0.011,2.933,0.04,-1.056,-0.121,-0.04,-0.023,-0.096,-0.039,-0.02,-0.08,0.009,0.025,-0.091,-0.017,-0.065,-0.074,-0.05
326.0,336.0,0.011,2.933,0.04,-1.056,-0.121,-0.04,-0.023,-0.096,-0.039,-0.02,-0.08,0.009,0.025,-0.091,-0.017,-0.065,-0.074,-0.05
326.0,337.0,0.011,2.933,0.04,-1.056,-0.121,-0.04,-0.023,-0.096,-0.039,-0.02,-0.08,0.009,0.025,-0.091,-0.017,-0.065,-0.074,-0.05
326.0,338.0,0.011,2.933,0.04,-1.056,-0.121,-0.04,-0.023,-0.096,-0.039,-0.02,-0.08,0.009,0.025,-0.091,-0.017,-0.065,-0.074,-0.05
327.0,328.0,0.015,2.811,0.037,-1.572,-0.082,-0.041,-0.024,-0.09,-0.032,-0.005,-0.054,0.003,0.013,-0.096,-0.012,-0.053,-0.051,-0.044
327.0,329.0,0.015,2.811,0.037,-1.572,-0.082,-0.041,-0.024,-0.09,-0.032,-0.005,-0.054,0.003,0.013,-0.096,-0.012,-0.053,-0.051,-0.044
327.0,330.0,0.015,2.811,0.037,-1.572,-0.082,-0.041,-0.024,-0.09,-0.032,-0.005,-0.054,0.003,0.013,-0.096,-0.012,-0.053,-0.051,-0.044
327.0,331.0,0.015,2.811,0.037,-1.572,-0.082,-0.041,-0.024,-0.09,-0.032,-0.005,-0.054,0.003,0.013,-0.096,-0.012,-0.053,-0.051,-0.044
327.0,332.0,0.015,2.811,0.037,-1.572,-0.082,-0.041,-0.024,-0.09,-0.032,-0.005,-0.054,0.003,0.013,-0.096,-0.012,-0.053,-0.051,-0.044
327.0,333.0,0.015,2.811,0.037,-1.572,-0.082,-0.041,-0.024,-0.09,-0.032,-0.005,-0.054,0.003,0.013,-0.096,-0.012,-0.053,-0.051,-0.044
327.0,334.0,0.015,2.811,0.037,-1.572,-0.082,-0.041,-0.024,-0.09,-0.032,-0.005,-0.054,0.003,0.013,-0.096,-0.012,-0.053,-0.051,-0.044
327.0,335.0,0.015,2.811,0.037,-1.572,-0.082,-0.041,-0.024,-0.09,-0.033,-0.005,-0.054,0.003,0.013,-0.096,-0.012,-0.053,-0.051,-0.044
327.0,336.0,0.015,2.811,0.037,-1.572,-0.082,-0.041,-0.024,-0.09,-0.033,-0.005,-0.054,0.003,0.013,-0.096,-0.012,-0.053,-0.051,-0.044
327.0,337.0,0.015,2.811,0.037,-1.572,-0.082,-0.041,-0.024,-0.09,-0.033,-0.005,-0.054,0.003,0.013,-0.096,-0.012,-0.053,-0.051,-0.044
327.0,338.0,0.015,2.811,0.037,-1.572,-0.082,-0.041,-0.024,-0.09,-0.033,-0.005,-0.054,0.003,0.013,-0.096,-0.012,-0.053,-0.051,-0.044
327.0,339.0,0.015,2.811,0.037,-1.572,-0.082,-0.041,-0.024,-0.09,-0.033,-0.005,-0.054,0.003,0.013,-0.096,-0.012,-0.053,-0.051,-0.044
328.0,329.0,0.013,2.755,0.036,-1.72,-0.108,-0.042,-0.025,-0.083,-0.034,0.005,-0.049,0.002,-0.012,-0.095,-0.008,0.015,-0.08,-0.039
328.0,330.0,0.013,2.755,0.036,-1.72,-0.108,-0.042,-0.025,-0.083,-0.034,0.005,-0.049,0.002,-0.012,-0.095,-0.008,0.015,-0.08,-0.039
328.0,331.0,0.013,2.755,0.036,-1.72,-0.108,-0.042,-0.025,-0.083,-0.034,0.005,-0.049,0.002,-0.012,-0.095,-0.008,0.015,-0.08,-0.039
328.0,332.0,0.013,2.755,0.036,-1.72,-0.108,-0.042,-0.025,-0.083,-0.034,0.005,-0.049,0.002,-0.012,-0.095,-0.008,0.015,-0.08,-0.039
328.0,333.0,0.013,2.755,0.036,-1.72,-0.108,-0.042,-0.025,-0.083,-0.035,0.005,-0.049,0.002,-0.012,-0.095,-0.008,0.015,-0.08,-0.039
328.0,334.0,0.013,2.755,0.036,-1.72,-0.108,-0.042,-0.025,-0.083,-0.035,0.005,-0.049,0.002,-0.012,-0.095,-0.008,0.015,-0.08,-0.039
328.0,335.0,0.013,2.755,0.036,-1.72,-0.108,-0.042,-0.025,-0.083,-0.035,0.005,-0.049,0.002,-0.012,-0.095,-0.008,0.015,-0.08,-0.039
328.0,336.0,0.013,2.755,0.036,-1.72,-0.108,-0.042,-0.025,-0.083,-0.035,0.005,-0.049,0.002,-0.012,-0.095,-0.008,0.015,-0.08,-0.039
328.0,337.0,0.013,2.755,0.036,-1.72,-0.108,-0.042,-0.025,-0.083,-0.035,0.005,-0.049,0.002,-0.012,-0.095,-0.008,0.015,-0.08,-0.039
328.0,338.0,0.013,2.755,0.036,-1.72,-0.108,-0.042,-0.025,-0.083,-0.035,0.005,-0.049,0.002,-0.012,-0.095,-0.008,0.015,-0.08,-0.039
328.0,339.0,0.013,2.755,0.036,-1.72,-0.108,-0.042,-0.025,-0.083,-0.035,0.005,-0.049,0.002,-0.012,-0.095,-0.008,0.015,-0.08,-0.039
328.0,340.0,0.013,2.755,0.036,-1.72,-0.108,-0.042,-0.025,-0.083,-0.035,0.005,-0.05,0.002,-0.012,-0.095,-0.008,0.015,-0.08,-0.039
329.0,330.0,0.015,2.871,0.039,-1.235,-0.115,-0.04,-0.024,-0.099,-0.043,-0.018,-0.072,0.007,0.005,-0.096,-0.011,-0.053,-0.046,-0.048
329.0,331.0,0.015,2.871,0.039,-1.235,-0.115,-0.04,-0.024,-0.099,-0.043,-0.018,-0.072,0.007,0.005,-0.096,-0.011,-0.053,-0.046,-0.048
329.0,332.0,0.015,2.871,0.039,-1.235,-0.115,-0.04,-0.024,-0.099,-0.043,-0.018,-0.072,0.007,0.005,-0.096,-0.011,-0.053,-0.046,-0.048
329.0,333.0,0.015,2.871,0.039,-1.235,-0.115,-0.04,-0.024,-0.099,-0.043,-0.017,-0.072,0.007,0.005,-0.096,-0.011,-0.053,-0.046,-0.048
329.0,334.0,0.015,2.871,0.039,-1.235,-0.115,-0.04,-0.024,-0.099,-0.043,-0.017,-0.072,0.007,0.005,-0.096,-0.011,-0.053,-0.046,-0.048
329.0,335.0,0.015,2.871,0.039,-1.235,-0.115,-0.04,-0.024,-0.099,-0.043,-0.017,-0.072,0.007,0.005,-0.096,-0.011,-0.053,-0.046,-0.048
329.0,336.0,0.015,2.871,0.039,-1.235,-0.115,-0.04,-0.024,-0.099,-0.043,-0.017,-0.072,0.007,0.005,-0.096,-0.011,-0.053,-0.046,-0.048
329.0,337.0,0.015,2.871,0.039,-1.235,-0.115,-0.04,-0.024,-0.099,-0.043,-0.017,-0.072,0.007,0.005,-0.096,-0.011,-0.053,-0.046,-0.048
329.0,338.0,0.015,2.871,0.039,-1.235,-0.115,-0.04,-0.024,-0.099,-0.043,-0.017,-0.072,0.007,0.005,-0.096,-0.011,-0.053,-0.046,-0.048
329.0,339.0,0.015,2.871,0.039,-1.235,-0.115,-0.04,-0.024,-0.099,-0.043,-0.017,-0.072,0.007,0.005,-0.096,-0.011,-0.053,-0.046,-0.048
329.0,340.0,0.015,2.871,0.039,-1.235,-0.115,-0.04,-0.024,-0.099,-0.043,-0.017,-0.072,0.007,0.005,-0.096,-0.011,-0.053,-0.046,-0.048
329.0,341.0,0.015,2.871,0.039,-1.235,-0.115,-0.04,-0.024,-0.099,-0.043,-0.017,-0.072,0.007,0.005,-0.096,-0.011,-0.053,-0.046,-0.048
330.0,331.0,0.015,2.85,0.039,-1.443,-0.135,-0.041,-0.026,-0.089,-0.041,-0.006,-0.065,0.014,0.004,-0.097,-0.013,-0.057,0.062,-0.05
330.0,332.0,0.015,2.85,0.039,-1.443,-0.135,-0.041,-0.026,-0.089,-0.041,-0.006,-0.065,0.014,0.004,-0.097,-0.013,-0.056,0.061,-0.05
330.0,333.0,0.015,2.85,0.039,-1.443,-0.135,-0.041,-0.026,-0.089,-0.041,-0.006,-0.065,0.014,0.004,-0.097,-0.013,-0.056,0.06,-0.05
330.0,334.0,0.015,2.85,0.039,-1.443,-0.135,-0.041,-0.026,-0.089,-0.041,-0.006,-0.065,0.014,0.004,-0.097,-0.013,-0.056,0.059,-0.05
330.0,335.0,0.015,2.85,0.039,-1.443,-0.135,-0.041,-0.026,-0.089,-0.041,-0.006,-0.065,0.014,0.004,-0.097,-0.013,-0.056,0.058,-0.05
330.0,336.0,0.015,2.85,0.039,-1.443,-0.135,-0.041,-0.026,-0.089,-0.041,-0.006,-0.065,0.014,0.004,-0.097,-0.013,-0.056,0.057,-0.05
330.0,337.0,0.015,2.85,0.039,-1.443,-0.135,-0.041,-0.026,-0.089,-0.041,-0.006,-0.065,0.014,0.004,-0.097,-0.013,-0.056,0.056,-0.05
330.0,338.0,0.015,2.85,0.039,-1.443,-0.135,-0.041,-0.026,-0.089,-0.041,-0.006,-0.065,0.014,0.004,-0.097,-0.013,-0.056,0.056,-0.05
330.0,339.0,0.015,2.85,0.039,-1.443,-0.135,-0.041,-0.026,-0.089,-0.041,-0.006,-0.065,0.014,0.004,-0.097,-0.013,-0.056,0.055,-0.05
330.0,340.0,0.015,2.85,0.039,-1.443,-0.135,-0.041,-0.026,-0.089,-0.041,-0.006,-0.065,0.014,0.004,-0.097,-0.013,-0.056,0.054,-0.05
330.0,341.0,0.015,2.85,0.039,-1.443,-0.135,-0.041,-0.026,-0.089,-0.041,-0.006,-0.065,0.014,0.004,-0.097,-0.013,-0.056,0.053,-0.05
330.0,342.0,0.015,2.85,0.039,-1.443,-0.135,-0.041,-0.026,-0.089,-0.041,-0.006,-0.065,0.014,0.004,-0.097,-0.013,-0.056,0.052,-0.05
331.0,332.0,0.014,2.88,0.038,-1.391,-0.119,-0.042,-0.023,-0.094,-0.042,-0.017,-0.074,0.008,-0.003,-0.091,-0.016,-0.056,-0.044,-0.048
331.0,333.0,0.014,2.88,0.038,-1.391,-0.119,-0.042,-0.023,-0.094,-0.042,-0.017,-0.074,0.008,-0.003,-0.091,-0.015,-0.056,-0.044,-0.048
331.0,334.0,0.014,2.88,0.038,-1.391,-0.119,-0.042,-0.023,-0.094,-0.042,-0.016,-0.074,0.008,-0.003,-0.091,-0.015,-0.056,-0.044,-0.048
331.0,335.0,0.014,2.88,0.038,-1.391,-0.119,-0.042,-0.023,-0.094,-0.042,-0.016,-0.074,0.008,-0.003,-0.091,-0.015,-0.056,-0.044,-0.048
331.0,336.0,0.014,2.88,0.038,-1.391,-0.119,-0.042,-0.023,-0.094,-0.042,-0.016,-0.074,0.008,-0.003,-0.091,-0.015,-0.056,-0.044,-0.048
331.0,337.0,0.014,2.88,0.038,-1.391,-0.119,-0.042,-0.023,-0.094,-0.042,-0.016,-0.074,0.008,-0.003,-0.091,-0.015,-0.056,-0.044,-0.048
331.0,338.0,0.014,2.88,0.038,-1.391,-0.119,-0.042,-0.023,-0.094,-0.042,-0.016,-0.074,0.008,-0.003,-0.091,-0.015,-0.056,-0.044,-0.048
331.0,339.0,0.014,2.88,0.038,-1.391,-0.119,-0.042,-0.023,-0.094,-0.042,-0.016,-0.073,0.008,-0.003,-0.091,-0.015,-0.056,-0.044,-0.048
331.0,340.0,0.014,2.88,0.038,-1.391,-0.119,-0.042,-0.023,-0.094,-0.042,-0.016,-0.073,0.008,-0.003,-0.091,-0.015,-0.056,-0.044,-0.048
331.0,341.0,0.014,2.88,0.038,-1.391,-0.119,-0.042,-0.023,-0.094,-0.042,-0.016,-0.073,0.008,-0.003,-0.091,-0.015,-0.056,-0.044,-0.048
331.0,342.0,0.014,2.88,0.038,-1.391,-0.119,-0.042,-0.023,-0.094,-0.042,-0.016,-0.073,0.008,-0.003,-0.091,-0.015,-0.055,-0.044,-0.048
331.0,343.0,0.014,2.88,0.038,-1.391,-0.119,-0.042,-0.023,-0.094,-0.042,-0.016,-0.073,0.008,-0.003,-0.091,-0.015,-0.055,-0.044,-0.048
332.0,333.0,0.013,2.895,0.038,-1.475,-0.149,-0.038,-0.022,-0.108,-0.042,-0.019,-0.077,0.007,-0.001,-0.09,-0.014,-0.058,-0.056,-0.049
332.0,334.0,0.013,2.895,0.038,-1.475,-0.149,-0.038,-0.022,-0.108,-0.042,-0.019,-0.077,0.007,-0.001,-0.09,-0.014,-0.058,-0.056,-0.049
332.0,335.0,0.013,2.895,0.038,-1.475,-0.149,-0.038,-0.022,-0.108,-0.042,-0.019,-0.077,0.007,-0.001,-0.09,-0.014,-0.058,-0.056,-0.049
332.0,336.0,0.013,2.895,0.038,-1.475,-0.149,-0.038,-0.022,-0.108,-0.042,-0.019,-0.077,0.007,-0.001,-0.09,-0.014,-0.058,-0.056,-0.049
332.0,337.0,0.013,2.895,0.038,-1.475,-0.149,-0.038,-0.022,-0.108,-0.042,-0.019,-0.077,0.007,-0.001,-0.09,-0.014,-0.058,-0.056,-0.049
332.0,338.0,0.013,2.895,0.038,-1.475,-0.149,-0.038,-0.022,-0.108,-0.042,-0.019,-0.077,0.007,-0.001,-0.09,-0.014,-0.058,-0.056,-0.049
332.0,339.0,0.013,2.895,0.038,-1.475,-0.149,-0.038,-0.022,-0.108,-0.042,-0.019,-0.077,0.007,-0.001,-0.09,-0.014,-0.058,-0.056,-0.049
332.0,340.0,0.013,2.895,0.038,-1.475,-0.149,-0.038,-0.022,-0.108,-0.042,-0.019,-0.077,0.007,-0.001,-0.09,-0.014,-0.058,-0.056,-0.049
332.0,341.0,0.013,2.895,0.038,-1.475,-0.149,-0.038,-0.022,-0.108,-0.042,-0.019,-0.077,0.007,-0.001,-0.09,-0.014,-0.058,-0.056,-0.049
332.0,342.0,0.013,2.895,0.038,-1.475,-0.149,-0.038,-0.022,-0.108,-0.042,-0.019,-0.077,0.007,-0.001,-0.09,-0.014,-0.058,-0.056,-0.049
332.0,343.0,0.013,2.895,0.038,-1.475,-0.149,-0.038,-0.022,-0.108,-0.042,-0.019,-0.077,0.007,-0.001,-0.09,-0.014,-0.058,-0.056,-0.049
332.0,344.0,0.013,2.895,0.038,-1.475,-0.149,-0.038,-0.022,-0.108,-0.042,-0.019,-0.077,0.007,-0.001,-0.09,-0.014,-0.058,-0.056,-0.049
333.0,334.0,0.016,2.949,0.037,-1.587,-0.13,-0.038,-0.028,-0.099,-0.032,-0.009,-0.054,-0.0,0.003,-0.095,-0.002,-0.056,-0.046,-0.052
333.0,335.0,0.016,2.949,0.037,-1.587,-0.13,-0.038,-0.028,-0.099,-0.032,-0.009,-0.054,-0.0,0.003,-0.095,-0.003,-0.056,-0.046,-0.052
333.0,336.0,0.016,2.949,0.037,-1.587,-0.13,-0.038,-0.028,-0.099,-0.032,-0.008,-0.054,-0.0,0.003,-0.095,-0.003,-0.056,-0.046,-0.052
333.0,337.0,0.016,2.949,0.037,-1.587,-0.13,-0.038,-0.028,-0.099,-0.032,-0.008,-0.054,-0.0,0.003,-0.095,-0.003,-0.056,-0.046,-0.052
333.0,338.0,0.016,2.949,0.037,-1.587,-0.13,-0.038,-0.028,-0.099,-0.032,-0.008,-0.054,-0.0,0.003,-0.095,-0.003,-0.056,-0.046,-0.052
333.0,339.0,0.016,2.949,0.037,-1.587,-0.13,-0.038,-0.028,-0.099,-0.032,-0.008,-0.054,-0.0,0.003,-0.095,-0.003,-0.056,-0.046,-0.052
333.0,340.0,0.016,2.949,0.037,-1.587,-0.13,-0.038,-0.028,-0.099,-0.032,-0.008,-0.054,-0.0,0.003,-0.096,-0.003,-0.056,-0.046,-0.052
333.0,341.0,0.016,2.949,0.037,-1.587,-0.13,-0.038,-0.028,-0.099,-0.032,-0.008,-0.054,-0.0,0.003,-0.096,-0.003,-0.056,-0.046,-0.052
333.0,342.0,0.016,2.949,0.037,-1.587,-0.13,-0.038,-0.028,-0.099,-0.032,-0.008,-0.054,-0.0,0.003,-0.096,-0.003,-0.055,-0.046,-0.052
333.0,343.0,0.016,2.949,0.037,-1.587,-0.13,-0.038,-0.028,-0.099,-0.032,-0.008,-0.054,-0.0,0.003,-0.096,-0.003,-0.055,-0.046,-0.051
333.0,344.0,0.016,2.949,0.037,-1.587,-0.13,-0.038,-0.028,-0.099,-0.032,-0.008,-0.054,-0.0,0.003,-0.096,-0.003,-0.055,-0.046,-0.051
333.0,345.0,0.016,2.949,0.037,-1.587,-0.13,-0.038,-0.028,-0.099,-0.032,-0.008,-0.055,-0.0,0.003,-0.096,-0.004,-0.055,-0.046,-0.051
334.0,335.0,0.015,3.065,0.039,-1.619,-0.125,-0.039,-0.022,-0.093,-0.039,-0.008,-0.079,0.016,0.007,-0.101,-0.008,-0.047,0.036,-0.049
334.0,336.0,0.015,3.065,0.039,-1.619,-0.125,-0.039,-0.022,-0.093,-0.039,-0.008,-0.079,0.016,0.007,-0.101,-0.008,-0.047,0.034,-0.049
334.0,337.0,0.015,3.065,0.039,-1.619,-0.125,-0.039,-0.022,-0.093,-0.039,-0.008,-0.079,0.016,0.006,-0.101,-0.008,-0.047,0.033,-0.049
334.0,338.0,0.015,3.065,0.039,-1.619,-0.125,-0.039,-0.022,-0.093,-0.039,-0.008,-0.079,0.016,0.006,-0.101,-0.008,-0.047,0.032,-0.049
334.0,339.0,0.015,3.065,0.039,-1.619,-0.125,-0.039,-0.022,-0.093,-0.039,-0.008,-0.079,0.016,0.006,-0.101,-0.008,-0.047,0.031,-0.049
334.0,340.0,0.015,3.065,0.039,-1.619,-0.125,-0.039,-0.022,-0.093,-0.039,-0.008,-0.079,0.016,0.006,-0.101,-0.008,-0.047,0.03,-0.049
334.0,341.0,0.015,3.065,0.039,-1.619,-0.125,-0.039,-0.022,-0.093,-0.039,-0.008,-0.079,0.016,0.006,-0.101,-0.008,-0.047,0.028,-0.049
334.0,342.0,0.015,3.065,0.039,-1.619,-0.125,-0.039,-0.022,-0.093,-0.039,-0.008,-0.079,0.016,0.006,-0.101,-0.008,-0.047,0.027,-0.049
334.0,343.0,0.015,3.065,0.039,-1.619,-0.125,-0.039,-0.022,-0.093,-0.039,-0.008,-0.079,0.016,0.006,-0.101,-0.008,-0.047,0.026,-0.049
334.0,344.0,0.015,3.065,0.039,-1.619,-0.125,-0.039,-0.022,-0.093,-0.039,-0.008,-0.079,0.016,0.006,-0.101,-0.008,-0.047,0.025,-0.049
334.0,345.0,0.015,3.065,0.039,-1.619,-0.125,-0.039,-0.022,-0.093,-0.039,-0.008,-0.079,0.016,0.006,-0.1,-0.009,-0.048,0.024,-0.049
334.0,346.0,0.015,3.065,0.039,-1.619,-0.125,-0.039,-0.022,-0.093,-0.039,-0.008,-0.079,0.016,0.006,-0.1,-0.009,-0.048,0.023,-0.049
335.0,336.0,0.015,3.017,0.035,-1.735,-0.147,-0.036,-0.023,-0.115,-0.042,-0.02,-0.067,0.002,0.009,-0.097,-0.012,-0.036,-0.038,-0.064
335.0,337.0,0.015,3.017,0.035,-1.735,-0.147,-0.036,-0.023,-0.115,-0.042,-0.02,-0.067,0.002,0.009,-0.097,-0.012,-0.036,-0.038,-0.064
335.0,338.0,0.015,3.017,0.035,-1.735,-0.147,-0.036,-0.023,-0.115,-0.042,-0.02,-0.067,0.002,0.009,-0.097,-0.012,-0.036,-0.039,-0.064
335.0,339.0,0.015,3.017,0.035,-1.735,-0.147,-0.036,-0.023,-0.115,-0.042,-0.02,-0.067,0.002,0.009,-0.097,-0.012,-0.036,-0.039,-0.063
335.0,340.0,0.015,3.017,0.035,-1.735,-0.147,-0.036,-0.023,-0.115,-0.042,-0.02,-0.067,0.002,0.009,-0.097,-0.012,-0.036,-0.039,-0.063
335.0,341.0,0.015,3.017,0.035,-1.735,-0.147,-0.036,-0.023,-0.115,-0.042,-0.02,-0.067,0.002,0.009,-0.097,-0.012,-0.036,-0.039,-0.063
335.0,342.0,0.015,3.017,0.035,-1.735,-0.147,-0.036,-0.023,-0.115,-0.042,-0.02,-0.067,0.002,0.009,-0.097,-0.012,-0.036,-0.039,-0.063
335.0,343.0,0.015,3.017,0.035,-1.735,-0.147,-0.036,-0.023,-0.115,-0.042,-0.02,-0.067,0.002,0.009,-0.097,-0.012,-0.036,-0.039,-0.063
335.0,344.0,0.015,3.017,0.035,-1.735,-0.147,-0.036,-0.023,-0.115,-0.042,-0.02,-0.067,0.002,0.009,-0.097,-0.012,-0.036,-0.039,-0.063
335.0,345.0,0.015,3.017,0.035,-1.735,-0.147,-0.036,-0.023,-0.115,-0.042,-0.02,-0.067,0.002,0.009,-0.097,-0.012,-0.036,-0.04,-0.063
335.0,346.0,0.015,3.017,0.035,-1.735,-0.147,-0.036,-0.023,-0.115,-0.042,-0.019,-0.067,0.002,0.009,-0.097,-0.012,-0.036,-0.04,-0.063
335.0,347.0,0.015,3.017,0.035,-1.735,-0.147,-0.036,-0.023,-0.115,-0.042,-0.019,-0.067,0.002,0.009,-0.097,-0.012,-0.036,-0.04,-0.062
336.0,337.0,0.014,2.977,0.037,-2.42,-0.083,-0.041,-0.018,-0.036,-0.006,-0.006,-0.059,0.004,0.008,-0.115,-0.014,-0.059,-0.047,-0.05
336.0,338.0,0.014,2.977,0.037,-2.42,-0.083,-0.041,-0.018,-0.036,-0.006,-0.006,-0.059,0.004,0.008,-0.115,-0.014,-0.059,-0.047,-0.05
336.0,339.0,0.014,2.977,0.037,-2.42,-0.083,-0.041,-0.018,-0.036,-0.006,-0.006,-0.059,0.004,0.008,-0.115,-0.014,-0.059,-0.047,-0.05
336.0,340.0,0.014,2.977,0.037,-2.42,-0.083,-0.041,-0.018,-0.037,-0.006,-0.006,-0.059,0.004,0.008,-0.115,-0.014,-0.059,-0.047,-0.05
336.0,341.0,0.014,2.977,0.037,-2.42,-0.083,-0.041,-0.018,-0.037,-0.006,-0.006,-0.059,0.004,0.008,-0.115,-0.014,-0.059,-0.047,-0.05
336.0,342.0,0.014,2.977,0.037,-2.42,-0.083,-0.041,-0.018,-0.037,-0.006,-0.006,-0.06,0.004,0.008,-0.115,-0.014,-0.059,-0.047,-0.05
336.0,343.0,0.014,2.977,0.037,-2.42,-0.083,-0.041,-0.018,-0.038,-0.007,-0.006,-0.06,0.004,0.008,-0.115,-0.014,-0.059,-0.047,-0.05
336.0,344.0,0.014,2.977,0.037,-2.42,-0.083,-0.041,-0.018,-0.038,-0.007,-0.006,-0.06,0.004,0.008,-0.115,-0.014,-0.059,-0.047,-0.05
336.0,345.0,0.014,2.977,0.037,-2.42,-0.083,-0.041,-0.018,-0.038,-0.007,-0.007,-0.06,0.004,0.008,-0.115,-0.014,-0.059,-0.047,-0.05
336.0,346.0,0.014,2.977,0.037,-2.42,-0.083,-0.041,-0.018,-0.038,-0.007,-0.007,-0.06,0.004,0.008,-0.115,-0.014,-0.059,-0.048,-0.05
336.0,347.0,0.014,2.977,0.037,-2.42,-0.083,-0.041,-0.018,-0.039,-0.007,-0.007,-0.06,0.003,0.008,-0.115,-0.014,-0.059,-0.048,-0.05
336.0,348.0,0.014,2.977,0.037,-2.42,-0.083,-0.041,-0.018,-0.039,-0.007,-0.007,-0.06,0.003,0.008,-0.115,-0.014,-0.059,-0.048,-0.05
337.0,338.0,0.014,3.078,0.046,-1.558,-0.137,-0.039,-0.022,-0.089,-0.032,-0.004,-0.061,-0.003,0.018,-0.096,-0.039,-0.033,-0.053,-0.045
337.0,339.0,0.014,3.078,0.046,-1.558,-0.137,-0.039,-0.022,-0.089,-0.032,-0.004,-0.061,-0.003,0.018,-0.096,-0.039,-0.033,-0.053,-0.045
337.0,340.0,0.014,3.078,0.046,-1.558,-0.137,-0.039,-0.022,-0.089,-0.032,-0.004,-0.061,-0.003,0.018,-0.096,-0.039,-0.033,-0.053,-0.045
337.0,341.0,0.014,3.078,0.046,-1.558,-0.137,-0.039,-0.022,-0.089,-0.032,-0.004,-0.061,-0.003,0.018,-0.096,-0.039,-0.033,-0.053,-0.045
337.0,342.0,0.014,3.078,0.046,-1.558,-0.137,-0.039,-0.022,-0.089,-0.032,-0.004,-0.061,-0.003,0.018,-0.096,-0.039,-0.033,-0.053,-0.045
337.0,343.0,0.014,3.078,0.046,-1.558,-0.137,-0.039,-0.022,-0.089,-0.032,-0.004,-0.061,-0.003,0.018,-0.096,-0.039,-0.033,-0.053,-0.045
337.0,344.0,0.014,3.078,0.046,-1.558,-0.137,-0.039,-0.022,-0.089,-0.032,-0.004,-0.061,-0.003,0.018,-0.096,-0.039,-0.033,-0.053,-0.045
337.0,345.0,0.014,3.078,0.046,-1.558,-0.137,-0.039,-0.022,-0.089,-0.032,-0.004,-0.061,-0.003,0.018,-0.096,-0.039,-0.033,-0.053,-0.045
337.0,346.0,0.014,3.078,0.046,-1.558,-0.137,-0.039,-0.022,-0.089,-0.032,-0.004,-0.061,-0.003,0.018,-0.096,-0.039,-0.033,-0.053,-0.045
337.0,347.0,0.014,3.078,0.046,-1.558,-0.137,-0.039,-0.022,-0.089,-0.032,-0.004,-0.061,-0.003,0.018,-0.096,-0.039,-0.033,-0.053,-0.045
337.0,348.0,0.014,3.078,0.046,-1.558,-0.137,-0.039,-0.022,-0.089,-0.032,-0.004,-0.061,-0.003,0.018,-0.096,-0.039,-0.033,-0.053,-0.045
337.0,349.0,0.014,3.078,0.046,-1.558,-0.137,-0.039,-0.022,-0.089,-0.032,-0.004,-0.061,-0.003,0.018,-0.096,-0.039,-0.033,-0.053,-0.045
338.0,339.0,0.016,3.051,0.036,-1.571,-0.112,-0.039,-0.029,-0.087,-0.04,-0.007,-0.054,0.0,0.002,-0.091,-0.003,-0.059,-0.046,-0.053
338.0,340.0,0.016,3.051,0.036,-1.571,-0.112,-0.039,-0.029,-0.087,-0.04,-0.007,-0.054,0.0,0.002,-0.091,-0.003,-0.059,-0.046,-0.053
338.0,341.0,0.016,3.051,0.036,-1.571,-0.112,-0.039,-0.029,-0.087,-0.04,-0.007,-0.054,0.0,0.002,-0.091,-0.003,-0.059,-0.046,-0.053
338.0,342.0,0.016,3.051,0.036,-1.571,-0.112,-0.039,-0.029,-0.087,-0.04,-0.007,-0.054,0.0,0.002,-0.091,-0.003,-0.059,-0.046,-0.053
338.0,343.0,0.016,3.051,0.036,-1.571,-0.112,-0.039,-0.029,-0.087,-0.04,-0.007,-0.055,0.0,0.002,-0.091,-0.003,-0.059,-0.046,-0.052
338.0,344.0,0.016,3.051,0.036,-1.571,-0.112,-0.039,-0.029,-0.087,-0.04,-0.007,-0.055,0.0,0.002,-0.091,-0.003,-0.058,-0.046,-0.052
338.0,345.0,0.016,3.051,0.036,-1.571,-0.112,-0.039,-0.028,-0.087,-0.04,-0.007,-0.055,0.0,0.002,-0.091,-0.003,-0.058,-0.046,-0.052
338.0,346.0,0.016,3.051,0.036,-1.571,-0.112,-0.039,-0.028,-0.087,-0.04,-0.007,-0.055,0.0,0.002,-0.091,-0.003,-0.058,-0.046,-0.052
338.0,347.0,0.016,3.051,0.036,-1.571,-0.112,-0.039,-0.028,-0.087,-0.04,-0.007,-0.055,0.0,0.002,-0.091,-0.003,-0.058,-0.046,-0.052
338.0,348.0,0.016,3.051,0.036,-1.571,-0.112,-0.039,-0.028,-0.087,-0.04,-0.006,-0.055,0.0,0.002,-0.091,-0.003,-0.058,-0.046,-0.052
338.0,349.0,0.016,3.051,0.036,-1.571,-0.112,-0.039,-0.028,-0.087,-0.04,-0.006,-0.055,0.0,0.002,-0.091,-0.003,-0.058,-0.046,-0.052
338.0,350.0,0.016,3.051,0.036,-1.571,-0.112,-0.039,-0.028,-0.087,-0.04,-0.006,-0.055,0.0,0.002,-0.091,-0.003,-0.058,-0.046,-0.052
339.0,340.0,0.013,2.824,0.037,-1.03,-0.135,-0.038,-0.026,-0.089,-0.039,-0.014,-0.064,0.006,-0.003,-0.089,-0.005,-0.051,-0.052,-0.05
339.0,341.0,0.013,2.824,0.037,-1.03,-0.136,-0.038,-0.026,-0.089,-0.039,-0.014,-0.064,0.006,-0.003,-0.089,-0.005,-0.051,-0.052,-0.05
339.0,342.0,0.013,2.824,0.037,-1.03,-0.136,-0.038,-0.026,-0.089,-0.039,-0.014,-0.064,0.006,-0.003,-0.089,-0.005,-0.051,-0.052,-0.05
339.0,343.0,0.013,2.824,0.037,-1.03,-0.136,-0.038,-0.026,-0.089,-0.039,-0.014,-0.064,0.006,-0.003,-0.089,-0.005,-0.051,-0.052,-0.05
339.0,344.0,0.013,2.824,0.037,-1.03,-0.136,-0.038,-0.026,-0.089,-0.039,-0.014,-0.064,0.006,-0.003,-0.089,-0.005,-0.051,-0.052,-0.05
339.0,345.0,0.013,2.824,0.037,-1.03,-0.136,-0.038,-0.026,-0.089,-0.039,-0.014,-0.064,0.006,-0.003,-0.089,-0.005,-0.051,-0.052,-0.05
339.0,346.0,0.013,2.824,0.037,-1.03,-0.136,-0.038,-0.026,-0.089,-0.039,-0.014,-0.064,0.006,-0.003,-0.089,-0.005,-0.051,-0.052,-0.05
339.0,347.0,0.013,2.824,0.037,-1.03,-0.136,-0.038,-0.026,-0.089,-0.039,-0.013,-0.064,0.006,-0.003,-0.089,-0.005,-0.051,-0.052,-0.05
339.0,348.0,0.013,2.824,0.037,-1.03,-0.136,-0.038,-0.026,-0.089,-0.039,-0.013,-0.064,0.006,-0.004,-0.089,-0.005,-0.051,-0.052,-0.05
339.0,349.0,0.013,2.824,0.037,-1.03,-0.136,-0.038,-0.026,-0.089,-0.039,-0.013,-0.064,0.006,-0.004,-0.089,-0.005,-0.051,-0.052,-0.05
339.0,350.0,0.013,2.824,0.037,-1.03,-0.136,-0.038,-0.026,-0.089,-0.039,-0.013,-0.064,0.006,-0.004,-0.089,-0.005,-0.051,-0.051,-0.05
339.0,351.0,0.013,2.824,0.037,-1.03,-0.136,-0.038,-0.026,-0.089,-0.039,-0.013,-0.064,0.006,-0.004,-0.089,-0.005,-0.051,-0.051,-0.05
340.0,341.0,0.018,3.082,0.035,-1.746,-0.124,-0.04,-0.023,-0.088,-0.028,-0.011,-0.058,-0.0,0.012,-0.09,-0.017,-0.053,-0.049,-0.048
340.0,342.0,0.018,3.082,0.035,-1.746,-0.124,-0.04,-0.023,-0.088,-0.028,-0.011,-0.058,-0.0,0.012,-0.091,-0.017,-0.053,-0.049,-0.048
340.0,343.0,0.018,3.082,0.035,-1.746,-0.124,-0.04,-0.023,-0.088,-0.028,-0.011,-0.058,-0.0,0.012,-0.091,-0.017,-0.053,-0.049,-0.048
340.0,344.0,0.018,3.082,0.035,-1.746,-0.124,-0.04,-0.023,-0.089,-0.029,-0.011,-0.058,-0.0,0.012,-0.091,-0.017,-0.053,-0.049,-0.048
340.0,345.0,0.018,3.082,0.035,-1.746,-0.124,-0.04,-0.023,-0.089,-0.029,-0.011,-0.058,-0.0,0.012,-0.091,-0.017,-0.053,-0.049,-0.048
340.0,346.0,0.018,3.082,0.035,-1.746,-0.124,-0.04,-0.023,-0.089,-0.029,-0.011,-0.058,-0.0,0.012,-0.091,-0.017,-0.053,-0.049,-0.048
340.0,347.0,0.018,3.082,0.035,-1.746,-0.124,-0.04,-0.023,-0.089,-0.029,-0.011,-0.058,-0.0,0.012,-0.091,-0.017,-0.053,-0.049,-0.048
340.0,348.0,0.018,3.082,0.035,-1.746,-0.124,-0.04,-0.023,-0.089,-0.029,-0.011,-0.058,-0.0,0.012,-0.091,-0.017,-0.053,-0.049,-0.048
340.0,349.0,0.018,3.082,0.035,-1.746,-0.124,-0.04,-0.023,-0.089,-0.029,-0.011,-0.058,-0.0,0.012,-0.091,-0.017,-0.053,-0.049,-0.049
340.0,350.0,0.018,3.082,0.035,-1.746,-0.124,-0.04,-0.023,-0.089,-0.029,-0.011,-0.058,-0.0,0.012,-0.091,-0.017,-0.053,-0.049,-0.049
340.0,351.0,0.018,3.082,0.035,-1.746,-0.124,-0.04,-0.023,-0.089,-0.029,-0.011,-0.058,-0.0,0.012,-0.091,-0.017,-0.053,-0.049,-0.049
340.0,352.0,0.018,3.082,0.035,-1.746,-0.124,-0.04,-0.023,-0.089,-0.029,-0.011,-0.058,-0.0,0.012,-0.091,-0.017,-0.053,-0.049,-0.049
341.0,342.0,0.016,2.86,0.036,-1.596,-0.128,-0.039,-0.024,-0.086,-0.038,-0.014,-0.069,0.008,-0.004,-0.096,-0.01,-0.05,-0.058,-0.051
341.0,343.0,0.016,2.86,0.036,-1.596,-0.128,-0.039,-0.024,-0.086,-0.038,-0.014,-0.069,0.008,-0.004,-0.096,-0.01,-0.05,-0.058,-0.051
341.0,344.0,0.016,2.86,0.036,-1.596,-0.128,-0.039,-0.024,-0.086,-0.038,-0.014,-0.069,0.008,-0.004,-0.096,-0.01,-0.05,-0.057,-0.051
341.0,345.0,0.016,2.86,0.036,-1.596,-0.128,-0.039,-0.024,-0.086,-0.038,-0.014,-0.069,0.008,-0.004,-0.096,-0.01,-0.05,-0.057,-0.051
341.0,346.0,0.016,2.86,0.036,-1.596,-0.128,-0.039,-0.024,-0.086,-0.038,-0.013,-0.069,0.008,-0.004,-0.096,-0.01,-0.05,-0.057,-0.051
341.0,347.0,0.016,2.86,0.036,-1.596,-0.128,-0.039,-0.024,-0.086,-0.038,-0.013,-0.069,0.008,-0.004,-0.096,-0.011,-0.05,-0.057,-0.051
341.0,348.0,0.016,2.86,0.036,-1.596,-0.128,-0.039,-0.024,-0.086,-0.038,-0.013,-0.068,0.007,-0.004,-0.096,-0.011,-0.05,-0.056,-0.051
341.0,349.0,0.016,2.86,0.036,-1.596,-0.128,-0.039,-0.024,-0.086,-0.038,-0.013,-0.068,0.007,-0.004,-0.096,-0.011,-0.05,-0.056,-0.051
341.0,350.0,0.015,2.86,0.036,-1.596,-0.128,-0.039,-0.024,-0.086,-0.038,-0.013,-0.068,0.007,-0.004,-0.096,-0.011,-0.05,-0.056,-0.051
341.0,351.0,0.015,2.86,0.036,-1.596,-0.128,-0.039,-0.024,-0.086,-0.038,-0.013,-0.068,0.007,-0.004,-0.096,-0.011,-0.05,-0.056,-0.051
341.0,352.0,0.015,2.86,0.036,-1.596,-0.128,-0.039,-0.024,-0.086,-0.038,-0.012,-0.068,0.007,-0.004,-0.096,-0.011,-0.05,-0.056,-0.051
341.0,353.0,0.015,2.86,0.036,-1.596,-0.128,-0.039,-0.024,-0.086,-0.038,-0.012,-0.068,0.007,-0.004,-0.096,-0.011,-0.051,-0.055,-0.051
342.0,343.0,0.017,2.699,0.031,-2.165,-0.09,-0.037,-0.022,-0.081,-0.035,0.036,-0.11,0.001,0.015,-0.122,-0.007,-0.046,0.038,-0.048
342.0,344.0,0.017,2.699,0.031,-2.165,-0.09,-0.037,-0.022,-0.081,-0.035,0.036,-0.11,0.001,0.015,-0.122,-0.007,-0.046,0.038,-0.048
342.0,345.0,0.017,2.699,0.031,-2.165,-0.09,-0.036,-0.022,-0.081,-0.035,0.036,-0.11,0.001,0.015,-0.122,-0.007,-0.046,0.037,-0.048
342.0,346.0,0.017,2.699,0.031,-2.165,-0.09,-0.036,-0.022,-0.081,-0.035,0.036,-0.11,0.001,0.015,-0.122,-0.007,-0.046,0.037,-0.048
342.0,347.0,0.017,2.699,0.031,-2.166,-0.09,-0.036,-0.022,-0.081,-0.035,0.035,-0.109,0.001,0.015,-0.122,-0.007,-0.047,0.036,-0.048
342.0,348.0,0.017,2.699,0.031,-2.166,-0.09,-0.036,-0.022,-0.081,-0.036,0.035,-0.109,0.001,0.015,-0.122,-0.007,-0.047,0.036,-0.048
342.0,349.0,0.017,2.699,0.031,-2.166,-0.09,-0.036,-0.022,-0.081,-0.036,0.035,-0.109,0.001,0.015,-0.122,-0.007,-0.047,0.035,-0.048
342.0,350.0,0.017,2.699,0.031,-2.166,-0.09,-0.036,-0.022,-0.081,-0.036,0.035,-0.109,0.001,0.015,-0.122,-0.007,-0.047,0.035,-0.048
342.0,351.0,0.017,2.699,0.031,-2.166,-0.09,-0.036,-0.022,-0.081,-0.036,0.035,-0.109,0.001,0.015,-0.122,-0.007,-0.047,0.034,-0.048
342.0,352.0,0.017,2.699,0.031,-2.166,-0.09,-0.036,-0.022,-0.081,-0.036,0.035,-0.108,0.001,0.015,-0.122,-0.007,-0.047,0.034,-0.048
342.0,353.0,0.017,2.699,0.031,-2.166,-0.09,-0.036,-0.022,-0.081,-0.036,0.035,-0.108,0.001,0.015,-0.122,-0.007,-0.047,0.033,-0.048
342.0,354.0,0.017,2.699,0.031,-2.166,-0.09,-0.036,-0.022,-0.081,-0.036,0.034,-0.108,0.001,0.015,-0.122,-0.007,-0.047,0.033,-0.048
343.0,344.0,0.013,2.921,0.037,-1.602,-0.117,-0.041,-0.025,-0.106,-0.037,0.011,-0.085,-0.027,-0.004,-0.083,-0.019,-0.052,-0.063,-0.056
343.0,345.0,0.013,2.921,0.037,-1.602,-0.117,-0.041,-0.025,-0.106,-0.037,0.011,-0.085,-0.027,-0.004,-0.083,-0.019,-0.052,-0.063,-0.056
343.0,346.0,0.013,2.921,0.037,-1.602,-0.117,-0.041,-0.025,-0.106,-0.037,0.011,-0.085,-0.027,-0.004,-0.083,-0.019,-0.052,-0.063,-0.056
343.0,347.0,0.013,2.921,0.037,-1.602,-0.117,-0.041,-0.025,-0.106,-0.037,0.011,-0.085,-0.027,-0.004,-0.083,-0.019,-0.052,-0.063,-0.056
343.0,348.0,0.013,2.921,0.037,-1.602,-0.117,-0.041,-0.025,-0.106,-0.037,0.011,-0.085,-0.027,-0.004,-0.083,-0.019,-0.052,-0.063,-0.056
343.0,349.0,0.013,2.921,0.037,-1.602,-0.117,-0.041,-0.025,-0.106,-0.037,0.011,-0.085,-0.027,-0.004,-0.083,-0.019,-0.052,-0.063,-0.056
343.0,350.0,0.013,2.921,0.037,-1.602,-0.117,-0.041,-0.025,-0.106,-0.037,0.011,-0.085,-0.027,-0.004,-0.083,-0.019,-0.052,-0.063,-0.056
343.0,351.0,0.013,2.921,0.037,-1.602,-0.117,-0.041,-0.025,-0.106,-0.037,0.011,-0.085,-0.027,-0.004,-0.083,-0.019,-0.052,-0.063,-0.056
343.0,352.0,0.013,2.921,0.037,-1.602,-0.117,-0.041,-0.025,-0.106,-0.037,0.011,-0.085,-0.026,-0.004,-0.083,-0.019,-0.052,-0.063,-0.056
343.0,353.0,0.013,2.921,0.037,-1.602,-0.117,-0.041,-0.025,-0.106,-0.037,0.011,-0.085,-0.026,-0.004,-0.083,-0.019,-0.052,-0.063,-0.056
343.0,354.0,0.013,2.921,0.037,-1.602,-0.117,-0.041,-0.025,-0.106,-0.037,0.011,-0.085,-0.026,-0.004,-0.083,-0.019,-0.052,-0.063,-0.056
343.0,355.0,0.013,2.921,0.037,-1.602,-0.117,-0.041,-0.025,-0.106,-0.037,0.011,-0.085,-0.026,-0.004,-0.083,-0.019,-0.052,-0.063,-0.056
344.0,345.0,0.023,3.212,0.041,-1.569,-0.12,-0.058,-0.029,-0.104,-0.035,-0.005,-0.075,-0.0,0.019,-0.098,-0.003,-0.053,-0.049,0.015
344.0,346.0,0.023,3.212,0.041,-1.569,-0.12,-0.058,-0.029,-0.104,-0.035,-0.005,-0.074,-0.0,0.019,-0.098,-0.003,-0.053,-0.049,0.014
344.0,347.0,0.023,3.212,0.041,-1.569,-0.12,-0.058,-0.029,-0.104,-0.035,-0.005,-0.074,-0.0,0.019,-0.098,-0.003,-0.053,-0.049,0.014
344.0,348.0,0.023,3.212,0.041,-1.569,-0.12,-0.058,-0.029,-0.104,-0.035,-0.005,-0.074,-0.0,0.019,-0.098,-0.003,-0.053,-0.049,0.013
344.0,349.0,0.023,3.212,0.041,-1.569,-0.12,-0.058,-0.029,-0.104,-0.035,-0.006,-0.074,-0.0,0.019,-0.098,-0.003,-0.053,-0.049,0.013
344.0,350.0,0.023,3.212,0.041,-1.569,-0.12,-0.058,-0.029,-0.104,-0.035,-0.006,-0.074,-0.0,0.019,-0.098,-0.003,-0.053,-0.049,0.012
344.0,351.0,0.023,3.212,0.041,-1.569,-0.12,-0.058,-0.029,-0.104,-0.035,-0.006,-0.074,-0.001,0.019,-0.098,-0.003,-0.053,-0.049,0.011
344.0,352.0,0.023,3.212,0.041,-1.569,-0.12,-0.058,-0.029,-0.104,-0.035,-0.006,-0.074,-0.001,0.019,-0.098,-0.003,-0.053,-0.049,0.011
344.0,353.0,0.023,3.212,0.041,-1.569,-0.12,-0.058,-0.029,-0.104,-0.035,-0.006,-0.074,-0.001,0.019,-0.098,-0.003,-0.053,-0.049,0.01
344.0,354.0,0.023,3.212,0.041,-1.569,-0.12,-0.058,-0.029,-0.104,-0.035,-0.006,-0.074,-0.001,0.019,-0.098,-0.003,-0.053,-0.049,0.01
344.0,355.0,0.023,3.212,0.041,-1.569,-0.12,-0.058,-0.029,-0.104,-0.035,-0.006,-0.073,-0.001,0.019,-0.098,-0.003,-0.053,-0.049,0.009
344.0,356.0,0.023,3.212,0.041,-1.569,-0.12,-0.058,-0.029,-0.104,-0.035,-0.007,-0.073,-0.001,0.019,-0.098,-0.003,-0.053,-0.049,0.009
345.0,346.0,0.019,3.543,0.038,-1.237,-0.15,-0.042,-0.026,-0.105,-0.04,-0.002,-0.087,-0.033,0.005,-0.077,-0.005,-0.049,-0.052,-0.04
345.0,347.0,0.019,3.543,0.038,-1.237,-0.15,-0.042,-0.026,-0.105,-0.04,-0.002,-0.087,-0.032,0.005,-0.077,-0.005,-0.049,-0.052,-0.04
345.0,348.0,0.019,3.543,0.038,-1.237,-0.15,-0.042,-0.026,-0.105,-0.04,-0.002,-0.087,-0.032,0.005,-0.077,-0.005,-0.049,-0.052,-0.04
345.0,349.0,0.019,3.543,0.038,-1.237,-0.15,-0.042,-0.026,-0.105,-0.04,-0.002,-0.087,-0.032,0.005,-0.077,-0.005,-0.049,-0.052,-0.04
345.0,350.0,0.019,3.543,0.038,-1.237,-0.15,-0.042,-0.026,-0.105,-0.04,-0.002,-0.087,-0.031,0.005,-0.077,-0.005,-0.049,-0.052,-0.04
345.0,351.0,0.019,3.543,0.038,-1.237,-0.15,-0.042,-0.026,-0.105,-0.04,-0.002,-0.087,-0.031,0.005,-0.077,-0.005,-0.049,-0.052,-0.04
345.0,352.0,0.019,3.543,0.038,-1.237,-0.15,-0.042,-0.026,-0.105,-0.04,-0.002,-0.086,-0.031,0.005,-0.077,-0.005,-0.049,-0.052,-0.04
345.0,353.0,0.019,3.543,0.038,-1.237,-0.15,-0.042,-0.026,-0.105,-0.04,-0.003,-0.086,-0.03,0.005,-0.077,-0.005,-0.049,-0.052,-0.04
345.0,354.0,0.019,3.543,0.038,-1.237,-0.15,-0.042,-0.026,-0.105,-0.04,-0.003,-0.086,-0.03,0.005,-0.077,-0.006,-0.049,-0.052,-0.04
345.0,355.0,0.019,3.543,0.038,-1.237,-0.15,-0.042,-0.026,-0.105,-0.04,-0.003,-0.086,-0.03,0.005,-0.077,-0.006,-0.049,-0.052,-0.04
345.0,356.0,0.019,3.543,0.038,-1.237,-0.15,-0.042,-0.026,-0.105,-0.04,-0.003,-0.086,-0.03,0.005,-0.077,-0.006,-0.049,-0.052,-0.04
345.0,357.0,0.019,3.543,0.038,-1.237,-0.15,-0.042,-0.026,-0.105,-0.04,-0.003,-0.086,-0.029,0.005,-0.077,-0.006,-0.049,-0.052,-0.04
346.0,347.0,0.015,2.933,0.034,-1.404,-0.118,-0.04,-0.022,-0.112,-0.027,0.007,-0.072,-0.024,-0.001,-0.111,-0.02,-0.06,-0.068,-0.049
346.0,348.0,0.015,2.933,0.034,-1.404,-0.118,-0.04,-0.022,-0.112,-0.027,0.007,-0.072,-0.024,-0.001,-0.111,-0.02,-0.06,-0.068,-0.049
346.0,349.0,0.015,2.933,0.034,-1.404,-0.118,-0.04,-0.022,-0.112,-0.027,0.007,-0.072,-0.023,-0.001,-0.111,-0.02,-0.06,-0.068,-0.049
346.0,350.0,0.015,2.933,0.034,-1.404,-0.118,-0.04,-0.022,-0.112,-0.027,0.006,-0.072,-0.022,-0.001,-0.111,-0.02,-0.06,-0.068,-0.049
346.0,351.0,0.015,2.933,0.034,-1.404,-0.118,-0.04,-0.022,-0.112,-0.027,0.006,-0.072,-0.022,-0.001,-0.111,-0.02,-0.06,-0.068,-0.049
346.0,352.0,0.015,2.933,0.034,-1.404,-0.118,-0.04,-0.022,-0.112,-0.027,0.006,-0.072,-0.021,-0.001,-0.111,-0.02,-0.06,-0.068,-0.049
346.0,353.0,0.015,2.933,0.034,-1.404,-0.118,-0.04,-0.022,-0.112,-0.027,0.006,-0.072,-0.021,-0.001,-0.111,-0.02,-0.06,-0.068,-0.049
346.0,354.0,0.015,2.933,0.034,-1.404,-0.118,-0.04,-0.022,-0.112,-0.027,0.006,-0.072,-0.02,-0.001,-0.111,-0.02,-0.06,-0.067,-0.049
346.0,355.0,0.015,2.933,0.034,-1.404,-0.118,-0.04,-0.022,-0.112,-0.027,0.006,-0.072,-0.02,-0.001,-0.111,-0.02,-0.06,-0.067,-0.049
346.0,356.0,0.015,2.933,0.034,-1.404,-0.118,-0.04,-0.022,-0.112,-0.027,0.006,-0.072,-0.019,-0.001,-0.111,-0.02,-0.06,-0.067,-0.049
346.0,357.0,0.015,2.933,0.034,-1.404,-0.118,-0.04,-0.022,-0.112,-0.027,0.006,-0.072,-0.019,-0.001,-0.111,-0.02,-0.06,-0.067,-0.049
346.0,358.0,0.015,2.933,0.034,-1.404,-0.118,-0.04,-0.022,-0.112,-0.027,0.006,-0.072,-0.019,-0.001,-0.111,-0.02,-0.06,-0.067,-0.049
347.0,348.0,0.016,2.953,0.035,-1.715,-0.133,-0.041,-0.023,-0.093,-0.038,-0.037,-0.079,0.003,0.002,-0.094,-0.009,-0.04,-0.055,-0.049
347.0,349.0,0.016,2.953,0.035,-1.715,-0.133,-0.041,-0.023,-0.093,-0.038,-0.037,-0.079,0.003,0.002,-0.094,-0.009,-0.04,-0.054,-0.049
347.0,350.0,0.016,2.953,0.035,-1.715,-0.133,-0.041,-0.023,-0.093,-0.038,-0.036,-0.079,0.003,0.002,-0.095,-0.009,-0.04,-0.054,-0.049
347.0,351.0,0.016,2.953,0.035,-1.715,-0.133,-0.041,-0.023,-0.093,-0.038,-0.036,-0.079,0.002,0.002,-0.095,-0.009,-0.04,-0.054,-0.049
347.0,352.0,0.016,2.953,0.035,-1.715,-0.133,-0.041,-0.023,-0.093,-0.038,-0.035,-0.079,0.002,0.002,-0.095,-0.01,-0.04,-0.054,-0.049
347.0,353.0,0.016,2.953,0.035,-1.715,-0.133,-0.041,-0.023,-0.093,-0.038,-0.035,-0.079,0.002,0.002,-0.095,-0.01,-0.04,-0.054,-0.049
347.0,354.0,0.016,2.953,0.035,-1.715,-0.133,-0.041,-0.023,-0.093,-0.038,-0.034,-0.079,0.002,0.002,-0.095,-0.01,-0.04,-0.054,-0.049
347.0,355.0,0.016,2.953,0.035,-1.715,-0.133,-0.041,-0.023,-0.093,-0.038,-0.034,-0.079,0.002,0.002,-0.095,-0.01,-0.041,-0.054,-0.049
347.0,356.0,0.016,2.953,0.035,-1.715,-0.133,-0.041,-0.023,-0.093,-0.038,-0.034,-0.079,0.002,0.001,-0.095,-0.01,-0.041,-0.054,-0.049
347.0,357.0,0.016,2.953,0.035,-1.715,-0.133,-0.041,-0.023,-0.093,-0.038,-0.033,-0.079,0.002,0.001,-0.095,-0.01,-0.041,-0.054,-0.049
347.0,358.0,0.016,2.953,0.035,-1.715,-0.133,-0.041,-0.023,-0.092,-0.038,-0.033,-0.078,0.002,0.001,-0.095,-0.01,-0.041,-0.054,-0.049
347.0,359.0,0.016,2.953,0.035,-1.715,-0.133,-0.041,-0.023,-0.092,-0.038,-0.032,-0.078,0.002,0.001,-0.095,-0.01,-0.041,-0.054,-0.049
348.0,349.0,0.015,2.812,0.036,-1.756,-0.13,-0.042,-0.024,-0.093,-0.034,0.013,-0.086,-0.031,-0.003,-0.096,-0.008,-0.051,-0.073,-0.053
348.0,350.0,0.015,2.812,0.036,-1.756,-0.13,-0.042,-0.024,-0.093,-0.034,0.013,-0.086,-0.031,-0.003,-0.096,-0.008,-0.051,-0.073,-0.053
348.0,351.0,0.015,2.812,0.036,-1.756,-0.13,-0.042,-0.024,-0.093,-0.034,0.013,-0.086,-0.03,-0.003,-0.096,-0.008,-0.051,-0.073,-0.053
348.0,352.0,0.015,2.812,0.036,-1.756,-0.13,-0.042,-0.024,-0.093,-0.034,0.013,-0.086,-0.03,-0.003,-0.096,-0.008,-0.051,-0.073,-0.053
348.0,353.0,0.015,2.812,0.036,-1.756,-0.13,-0.042,-0.024,-0.093,-0.034,0.013,-0.086,-0.03,-0.003,-0.096,-0.008,-0.051,-0.073,-0.053
348.0,354.0,0.015,2.812,0.036,-1.756,-0.13,-0.042,-0.024,-0.093,-0.034,0.013,-0.086,-0.03,-0.003,-0.096,-0.008,-0.051,-0.073,-0.053
348.0,355.0,0.015,2.812,0.036,-1.756,-0.13,-0.042,-0.024,-0.093,-0.034,0.013,-0.086,-0.03,-0.003,-0.096,-0.008,-0.051,-0.073,-0.053
348.0,356.0,0.015,2.812,0.036,-1.756,-0.13,-0.042,-0.024,-0.093,-0.034,0.013,-0.086,-0.03,-0.003,-0.096,-0.008,-0.051,-0.073,-0.053
348.0,357.0,0.015,2.812,0.036,-1.756,-0.13,-0.042,-0.024,-0.093,-0.034,0.013,-0.086,-0.03,-0.003,-0.096,-0.008,-0.051,-0.073,-0.053
348.0,358.0,0.015,2.812,0.036,-1.756,-0.13,-0.042,-0.024,-0.093,-0.034,0.013,-0.086,-0.03,-0.003,-0.096,-0.008,-0.051,-0.073,-0.053
348.0,359.0,0.015,2.812,0.036,-1.756,-0.13,-0.042,-0.024,-0.093,-0.034,0.013,-0.086,-0.03,-0.003,-0.096,-0.008,-0.051,-0.073,-0.053
348.0,360.0,0.015,2.812,0.036,-1.756,-0.13,-0.042,-0.024,-0.093,-0.034,0.013,-0.086,-0.03,-0.003,-0.096,-0.008,-0.051,-0.073,-0.053
349.0,350.0,0.015,2.915,0.036,-1.127,-0.127,-0.043,-0.019,-0.096,-0.041,0.009,-0.09,-0.03,-0.005,-0.079,-0.014,-0.059,-0.05,-0.048
349.0,351.0,0.015,2.915,0.036,-1.127,-0.127,-0.043,-0.019,-0.096,-0.041,0.009,-0.089,-0.03,-0.005,-0.079,-0.014,-0.059,-0.05,-0.048
349.0,352.0,0.015,2.915,0.036,-1.127,-0.127,-0.043,-0.019,-0.096,-0.041,0.009,-0.089,-0.03,-0.005,-0.079,-0.014,-0.059,-0.05,-0.048
349.0,353.0,0.015,2.915,0.036,-1.127,-0.127,-0.043,-0.019,-0.096,-0.041,0.009,-0.089,-0.03,-0.005,-0.079,-0.014,-0.059,-0.05,-0.048
349.0,354.0,0.015,2.915,0.036,-1.127,-0.127,-0.043,-0.019,-0.096,-0.041,0.009,-0.089,-0.03,-0.005,-0.079,-0.014,-0.059,-0.05,-0.048
349.0,355.0,0.015,2.915,0.036,-1.127,-0.127,-0.043,-0.019,-0.096,-0.041,0.009,-0.088,-0.03,-0.005,-0.079,-0.014,-0.059,-0.05,-0.048
349.0,356.0,0.015,2.915,0.036,-1.127,-0.127,-0.043,-0.019,-0.096,-0.041,0.009,-0.088,-0.03,-0.005,-0.079,-0.014,-0.059,-0.05,-0.048
349.0,357.0,0.015,2.915,0.036,-1.127,-0.127,-0.043,-0.019,-0.096,-0.041,0.008,-0.088,-0.029,-0.005,-0.079,-0.015,-0.058,-0.05,-0.048
349.0,358.0,0.015,2.915,0.036,-1.127,-0.127,-0.043,-0.019,-0.096,-0.041,0.008,-0.088,-0.029,-0.005,-0.08,-0.015,-0.058,-0.05,-0.048
349.0,359.0,0.015,2.915,0.036,-1.127,-0.127,-0.043,-0.019,-0.096,-0.041,0.008,-0.087,-0.029,-0.005,-0.08,-0.015,-0.058,-0.05,-0.048
349.0,360.0,0.015,2.915,0.036,-1.127,-0.127,-0.043,-0.019,-0.096,-0.041,0.008,-0.087,-0.029,-0.005,-0.08,-0.015,-0.058,-0.05,-0.048
349.0,361.0,0.015,2.915,0.036,-1.127,-0.127,-0.043,-0.019,-0.096,-0.041,0.008,-0.087,-0.029,-0.005,-0.08,-0.015,-0.058,-0.05,-0.048
350.0,351.0,0.016,2.796,0.037,-2.094,-0.107,-0.038,-0.023,-0.086,-0.028,-0.032,-0.082,0.013,-0.007,-0.089,-0.008,-0.053,-0.081,-0.05
350.0,352.0,0.016,2.796,0.037,-2.094,-0.107,-0.038,-0.023,-0.086,-0.028,-0.032,-0.082,0.013,-0.007,-0.089,-0.008,-0.053,-0.081,-0.05
350.0,353.0,0.016,2.796,0.037,-2.094,-0.107,-0.038,-0.023,-0.086,-0.028,-0.032,-0.082,0.013,-0.007,-0.089,-0.008,-0.053,-0.081,-0.05
350.0,354.0,0.016,2.796,0.037,-2.094,-0.107,-0.038,-0.023,-0.086,-0.028,-0.032,-0.082,0.013,-0.007,-0.089,-0.008,-0.053,-0.081,-0.05
350.0,355.0,0.016,2.796,0.037,-2.094,-0.107,-0.038,-0.022,-0.086,-0.028,-0.032,-0.082,0.013,-0.007,-0.089,-0.008,-0.053,-0.081,-0.05
350.0,356.0,0.016,2.796,0.037,-2.094,-0.107,-0.038,-0.022,-0.086,-0.028,-0.032,-0.082,0.013,-0.007,-0.089,-0.008,-0.053,-0.081,-0.05
350.0,357.0,0.016,2.796,0.037,-2.094,-0.107,-0.038,-0.022,-0.086,-0.028,-0.032,-0.082,0.013,-0.007,-0.089,-0.008,-0.053,-0.081,-0.05
350.0,358.0,0.016,2.796,0.037,-2.094,-0.107,-0.038,-0.022,-0.086,-0.028,-0.032,-0.082,0.013,-0.007,-0.089,-0.008,-0.053,-0.081,-0.05
350.0,359.0,0.016,2.796,0.037,-2.094,-0.107,-0.038,-0.022,-0.086,-0.028,-0.032,-0.082,0.013,-0.007,-0.089,-0.008,-0.053,-0.081,-0.05
350.0,360.0,0.016,2.796,0.037,-2.094,-0.107,-0.038,-0.022,-0.086,-0.028,-0.032,-0.082,0.013,-0.007,-0.089,-0.008,-0.053,-0.081,-0.05
350.0,361.0,0.016,2.796,0.037,-2.094,-0.107,-0.038,-0.022,-0.086,-0.028,-0.032,-0.082,0.013,-0.007,-0.089,-0.008,-0.053,-0.081,-0.05
350.0,362.0,0.016,2.796,0.037,-2.094,-0.107,-0.038,-0.022,-0.086,-0.028,-0.032,-0.082,0.013,-0.007,-0.089,-0.008,-0.053,-0.081,-0.05
351.0,352.0,0.016,2.76,0.036,-1.766,-0.115,-0.042,-0.026,-0.099,-0.039,-0.035,-0.089,0.014,-0.004,-0.097,-0.015,-0.053,-0.073,-0.049
351.0,353.0,0.016,2.76,0.036,-1.766,-0.115,-0.042,-0.026,-0.099,-0.039,-0.035,-0.089,0.014,-0.004,-0.097,-0.015,-0.053,-0.073,-0.049
351.0,354.0,0.016,2.76,0.036,-1.766,-0.115,-0.042,-0.026,-0.099,-0.039,-0.035,-0.089,0.014,-0.004,-0.097,-0.015,-0.053,-0.073,-0.049
351.0,355.0,0.016,2.76,0.036,-1.766,-0.115,-0.042,-0.026,-0.099,-0.039,-0.035,-0.089,0.014,-0.004,-0.097,-0.015,-0.053,-0.073,-0.049
351.0,356.0,0.016,2.76,0.036,-1.766,-0.115,-0.042,-0.026,-0.099,-0.039,-0.035,-0.089,0.014,-0.004,-0.097,-0.015,-0.053,-0.073,-0.049
351.0,357.0,0.016,2.76,0.036,-1.766,-0.115,-0.042,-0.026,-0.099,-0.039,-0.035,-0.089,0.014,-0.004,-0.097,-0.015,-0.053,-0.073,-0.049
351.0,358.0,0.016,2.76,0.036,-1.766,-0.115,-0.042,-0.026,-0.099,-0.039,-0.035,-0.089,0.014,-0.004,-0.097,-0.015,-0.053,-0.073,-0.049
351.0,359.0,0.016,2.76,0.036,-1.766,-0.115,-0.042,-0.026,-0.099,-0.039,-0.035,-0.089,0.014,-0.004,-0.097,-0.015,-0.053,-0.073,-0.049
351.0,360.0,0.016,2.76,0.036,-1.766,-0.115,-0.042,-0.026,-0.099,-0.039,-0.035,-0.089,0.014,-0.004,-0.097,-0.015,-0.053,-0.073,-0.049
351.0,361.0,0.016,2.76,0.036,-1.766,-0.115,-0.042,-0.026,-0.099,-0.039,-0.035,-0.089,0.014,-0.004,-0.097,-0.015,-0.053,-0.073,-0.049
351.0,362.0,0.016,2.76,0.036,-1.766,-0.115,-0.042,-0.026,-0.099,-0.039,-0.035,-0.089,0.014,-0.004,-0.097,-0.015,-0.053,-0.073,-0.049
351.0,363.0,0.016,2.76,0.036,-1.766,-0.115,-0.042,-0.026,-0.099,-0.039,-0.035,-0.089,0.014,-0.004,-0.097,-0.015,-0.053,-0.073,-0.049
352.0,353.0,0.017,3.083,0.038,-1.105,-0.119,-0.041,-0.023,-0.111,-0.039,-0.029,-0.09,0.016,0.003,-0.089,-0.013,-0.06,-0.07,-0.048
352.0,354.0,0.017,3.083,0.038,-1.105,-0.119,-0.041,-0.023,-0.111,-0.039,-0.029,-0.09,0.016,0.003,-0.089,-0.013,-0.06,-0.07,-0.048
352.0,355.0,0.017,3.083,0.038,-1.105,-0.119,-0.041,-0.023,-0.111,-0.039,-0.029,-0.09,0.016,0.003,-0.089,-0.013,-0.06,-0.07,-0.048
352.0,356.0,0.017,3.083,0.038,-1.105,-0.119,-0.041,-0.023,-0.111,-0.039,-0.029,-0.09,0.016,0.003,-0.089,-0.013,-0.06,-0.07,-0.048
352.0,357.0,0.017,3.083,0.038,-1.105,-0.119,-0.041,-0.023,-0.111,-0.039,-0.029,-0.09,0.016,0.003,-0.089,-0.013,-0.06,-0.07,-0.048
352.0,358.0,0.017,3.083,0.038,-1.105,-0.119,-0.041,-0.023,-0.111,-0.039,-0.029,-0.09,0.016,0.003,-0.089,-0.013,-0.06,-0.07,-0.048
352.0,359.0,0.017,3.083,0.038,-1.105,-0.119,-0.041,-0.023,-0.111,-0.039,-0.029,-0.09,0.016,0.003,-0.089,-0.013,-0.06,-0.07,-0.048
352.0,360.0,0.017,3.083,0.038,-1.105,-0.119,-0.041,-0.023,-0.111,-0.039,-0.029,-0.09,0.016,0.003,-0.089,-0.013,-0.06,-0.07,-0.048
352.0,361.0,0.017,3.083,0.038,-1.105,-0.119,-0.041,-0.023,-0.111,-0.039,-0.029,-0.09,0.016,0.003,-0.089,-0.013,-0.06,-0.07,-0.048
352.0,362.0,0.017,3.083,0.038,-1.105,-0.119,-0.041,-0.023,-0.111,-0.039,-0.029,-0.09,0.016,0.003,-0.089,-0.013,-0.06,-0.07,-0.048
352.0,363.0,0.017,3.083,0.038,-1.105,-0.119,-0.041,-0.023,-0.111,-0.039,-0.029,-0.09,0.016,0.003,-0.089,-0.013,-0.06,-0.07,-0.048
352.0,364.0,0.017,3.083,0.038,-1.105,-0.119,-0.041,-0.023,-0.111,-0.039,-0.029,-0.09,0.016,0.003,-0.089,-0.013,-0.06,-0.07,-0.048
353.0,354.0,0.015,2.778,0.039,-1.015,-0.108,-0.042,-0.02,-0.085,-0.044,-0.042,-0.098,0.008,0.026,-0.108,-0.002,-0.041,-0.058,-0.074
353.0,355.0,0.015,2.778,0.039,-1.015,-0.108,-0.042,-0.02,-0.085,-0.044,-0.042,-0.098,0.008,0.026,-0.108,-0.002,-0.041,-0.058,-0.074
353.0,356.0,0.015,2.778,0.039,-1.015,-0.108,-0.042,-0.02,-0.085,-0.044,-0.042,-0.098,0.008,0.026,-0.108,-0.002,-0.042,-0.058,-0.074
353.0,357.0,0.015,2.778,0.039,-1.015,-0.108,-0.042,-0.02,-0.085,-0.044,-0.042,-0.098,0.007,0.026,-0.108,-0.002,-0.042,-0.058,-0.074
353.0,358.0,0.015,2.778,0.039,-1.015,-0.108,-0.042,-0.02,-0.085,-0.044,-0.041,-0.097,0.007,0.026,-0.108,-0.002,-0.042,-0.058,-0.074
353.0,359.0,0.015,2.778,0.039,-1.015,-0.108,-0.042,-0.02,-0.085,-0.044,-0.041,-0.097,0.007,0.026,-0.108,-0.002,-0.042,-0.058,-0.074
353.0,360.0,0.015,2.778,0.039,-1.015,-0.108,-0.042,-0.02,-0.085,-0.044,-0.041,-0.097,0.007,0.026,-0.108,-0.002,-0.042,-0.058,-0.074
353.0,361.0,0.015,2.778,0.039,-1.015,-0.108,-0.042,-0.02,-0.085,-0.044,-0.041,-0.097,0.007,0.026,-0.108,-0.002,-0.042,-0.058,-0.074
353.0,362.0,0.015,2.778,0.039,-1.015,-0.108,-0.042,-0.02,-0.085,-0.044,-0.041,-0.097,0.007,0.026,-0.108,-0.002,-0.042,-0.058,-0.074
353.0,363.0,0.015,2.778,0.039,-1.015,-0.108,-0.042,-0.02,-0.085,-0.044,-0.041,-0.097,0.007,0.026,-0.108,-0.002,-0.042,-0.058,-0.074
353.0,364.0,0.015,2.778,0.039,-1.015,-0.108,-0.042,-0.02,-0.085,-0.044,-0.041,-0.097,0.007,0.026,-0.108,-0.002,-0.043,-0.058,-0.074
353.0,365.0,0.015,2.778,0.039,-1.015,-0.108,-0.042,-0.02,-0.085,-0.044,-0.041,-0.096,0.007,0.026,-0.108,-0.002,-0.043,-0.057,-0.074
354.0,355.0,0.015,2.979,0.035,-1.645,-0.155,-0.043,-0.022,-0.106,-0.041,0.009,-0.096,-0.043,0.006,-0.095,-0.012,-0.054,-0.058,-0.044
354.0,356.0,0.015,2.979,0.035,-1.645,-0.155,-0.043,-0.022,-0.106,-0.041,0.009,-0.096,-0.043,0.006,-0.095,-0.012,-0.054,-0.058,-0.044
354.0,357.0,0.015,2.979,0.035,-1.645,-0.155,-0.043,-0.022,-0.106,-0.041,0.009,-0.095,-0.043,0.006,-0.095,-0.012,-0.054,-0.058,-0.044
354.0,358.0,0.015,2.979,0.035,-1.645,-0.155,-0.043,-0.022,-0.106,-0.041,0.009,-0.095,-0.043,0.006,-0.095,-0.012,-0.054,-0.057,-0.044
354.0,359.0,0.015,2.979,0.035,-1.645,-0.155,-0.043,-0.022,-0.106,-0.041,0.009,-0.095,-0.043,0.006,-0.095,-0.012,-0.054,-0.057,-0.044
354.0,360.0,0.015,2.979,0.035,-1.645,-0.155,-0.043,-0.022,-0.106,-0.041,0.009,-0.095,-0.043,0.006,-0.095,-0.012,-0.054,-0.057,-0.044
354.0,361.0,0.015,2.979,0.035,-1.645,-0.155,-0.043,-0.022,-0.106,-0.041,0.009,-0.094,-0.043,0.006,-0.095,-0.012,-0.054,-0.057,-0.044
354.0,362.0,0.015,2.979,0.035,-1.645,-0.155,-0.043,-0.022,-0.106,-0.041,0.009,-0.094,-0.043,0.006,-0.095,-0.012,-0.054,-0.057,-0.044
354.0,363.0,0.015,2.979,0.035,-1.645,-0.155,-0.043,-0.022,-0.106,-0.041,0.009,-0.094,-0.043,0.006,-0.095,-0.012,-0.054,-0.057,-0.044
354.0,364.0,0.015,2.979,0.035,-1.645,-0.155,-0.043,-0.022,-0.106,-0.041,0.009,-0.094,-0.043,0.006,-0.095,-0.012,-0.054,-0.057,-0.044
354.0,365.0,0.015,2.979,0.035,-1.645,-0.155,-0.043,-0.022,-0.106,-0.041,0.009,-0.093,-0.042,0.006,-0.095,-0.012,-0.054,-0.057,-0.044
354.0,366.0,0.015,2.979,0.035,-1.645,-0.155,-0.043,-0.022,-0.106,-0.041,0.009,-0.093,-0.042,0.006,-0.095,-0.012,-0.054,-0.057,-0.044
355.0,356.0,0.015,2.939,0.035,-1.867,-0.1,-0.049,-0.023,-0.1,-0.02,0.027,-0.068,-0.034,-0.009,-0.102,-0.042,-0.053,-0.049,-0.048
355.0,357.0,0.015,2.938,0.035,-1.867,-0.1,-0.049,-0.023,-0.1,-0.02,0.027,-0.068,-0.034,-0.009,-0.102,-0.041,-0.053,-0.049,-0.048
355.0,358.0,0.015,2.938,0.035,-1.867,-0.101,-0.048,-0.023,-0.1,-0.02,0.027,-0.068,-0.034,-0.009,-0.102,-0.041,-0.053,-0.049,-0.048
355.0,359.0,0.015,2.938,0.035,-1.867,-0.101,-0.048,-0.023,-0.1,-0.02,0.027,-0.068,-0.034,-0.009,-0.102,-0.041,-0.053,-0.049,-0.048
355.0,360.0,0.015,2.938,0.035,-1.867,-0.101,-0.048,-0.023,-0.1,-0.02,0.027,-0.068,-0.034,-0.009,-0.102,-0.041,-0.053,-0.049,-0.048
355.0,361.0,0.015,2.938,0.035,-1.867,-0.101,-0.048,-0.023,-0.1,-0.02,0.027,-0.068,-0.034,-0.009,-0.102,-0.04,-0.053,-0.049,-0.048
355.0,362.0,0.015,2.938,0.035,-1.867,-0.101,-0.048,-0.023,-0.1,-0.02,0.027,-0.068,-0.034,-0.009,-0.102,-0.04,-0.053,-0.049,-0.048
355.0,363.0,0.015,2.938,0.035,-1.867,-0.101,-0.048,-0.023,-0.1,-0.02,0.027,-0.068,-0.034,-0.009,-0.102,-0.04,-0.053,-0.049,-0.048
355.0,364.0,0.015,2.938,0.035,-1.867,-0.101,-0.048,-0.023,-0.1,-0.02,0.027,-0.068,-0.034,-0.009,-0.102,-0.04,-0.053,-0.049,-0.048
355.0,365.0,0.015,2.938,0.035,-1.867,-0.101,-0.048,-0.023,-0.1,-0.02,0.027,-0.068,-0.034,-0.009,-0.102,-0.039,-0.053,-0.049,-0.048
355.0,366.0,0.015,2.938,0.035,-1.867,-0.101,-0.047,-0.023,-0.1,-0.02,0.027,-0.068,-0.034,-0.009,-0.102,-0.039,-0.053,-0.049,-0.048
355.0,367.0,0.015,2.938,0.035,-1.867,-0.101,-0.047,-0.023,-0.1,-0.02,0.027,-0.068,-0.034,-0.009,-0.102,-0.039,-0.053,-0.049,-0.048
356.0,357.0,0.016,2.9,0.037,-1.394,-0.169,-0.039,-0.019,-0.096,-0.039,-0.034,-0.097,0.014,0.011,-0.108,-0.006,-0.043,-0.062,-0.053
356.0,358.0,0.016,2.9,0.037,-1.394,-0.169,-0.039,-0.019,-0.096,-0.039,-0.034,-0.097,0.014,0.011,-0.108,-0.006,-0.043,-0.062,-0.053
356.0,359.0,0.016,2.9,0.037,-1.394,-0.169,-0.039,-0.019,-0.096,-0.039,-0.034,-0.097,0.014,0.011,-0.108,-0.006,-0.043,-0.061,-0.053
356.0,360.0,0.016,2.9,0.037,-1.394,-0.169,-0.039,-0.019,-0.096,-0.039,-0.034,-0.097,0.013,0.011,-0.108,-0.006,-0.043,-0.061,-0.053
356.0,361.0,0.016,2.9,0.037,-1.394,-0.169,-0.039,-0.019,-0.096,-0.039,-0.034,-0.097,0.013,0.011,-0.108,-0.006,-0.043,-0.061,-0.053
356.0,362.0,0.016,2.9,0.037,-1.394,-0.169,-0.039,-0.019,-0.096,-0.039,-0.034,-0.097,0.013,0.011,-0.108,-0.006,-0.043,-0.06,-0.053
356.0,363.0,0.016,2.9,0.037,-1.394,-0.169,-0.039,-0.019,-0.096,-0.039,-0.034,-0.097,0.013,0.011,-0.108,-0.007,-0.043,-0.06,-0.053
356.0,364.0,0.016,2.9,0.037,-1.394,-0.169,-0.039,-0.019,-0.096,-0.039,-0.034,-0.097,0.013,0.011,-0.108,-0.007,-0.043,-0.06,-0.052
356.0,365.0,0.016,2.9,0.037,-1.394,-0.169,-0.039,-0.019,-0.096,-0.039,-0.034,-0.097,0.013,0.011,-0.108,-0.007,-0.043,-0.059,-0.052
356.0,366.0,0.016,2.9,0.037,-1.394,-0.169,-0.039,-0.019,-0.096,-0.039,-0.033,-0.097,0.013,0.011,-0.108,-0.007,-0.044,-0.059,-0.052
356.0,367.0,0.016,2.9,0.037,-1.394,-0.169,-0.039,-0.019,-0.096,-0.039,-0.033,-0.096,0.013,0.011,-0.108,-0.007,-0.044,-0.059,-0.052
356.0,368.0,0.016,2.9,0.037,-1.394,-0.169,-0.039,-0.019,-0.096,-0.039,-0.033,-0.096,0.012,0.011,-0.108,-0.007,-0.044,-0.058,-0.052
357.0,358.0,0.017,2.867,0.034,-1.871,-0.143,-0.04,-0.022,-0.101,-0.037,-0.038,-0.098,0.018,-0.004,-0.094,-0.021,-0.052,-0.072,-0.05
357.0,359.0,0.017,2.867,0.034,-1.871,-0.143,-0.04,-0.022,-0.101,-0.037,-0.038,-0.098,0.018,-0.004,-0.094,-0.021,-0.052,-0.072,-0.05
357.0,360.0,0.017,2.867,0.034,-1.871,-0.143,-0.04,-0.022,-0.101,-0.037,-0.038,-0.098,0.018,-0.004,-0.094,-0.021,-0.052,-0.072,-0.05
357.0,361.0,0.017,2.867,0.034,-1.871,-0.143,-0.04,-0.022,-0.101,-0.037,-0.038,-0.098,0.018,-0.004,-0.094,-0.021,-0.052,-0.072,-0.05
357.0,362.0,0.017,2.867,0.034,-1.871,-0.143,-0.04,-0.022,-0.101,-0.037,-0.038,-0.098,0.018,-0.004,-0.094,-0.021,-0.052,-0.072,-0.05
357.0,363.0,0.017,2.867,0.034,-1.871,-0.143,-0.04,-0.022,-0.101,-0.037,-0.038,-0.098,0.018,-0.004,-0.094,-0.021,-0.052,-0.072,-0.05
357.0,364.0,0.017,2.867,0.034,-1.871,-0.143,-0.04,-0.022,-0.101,-0.037,-0.038,-0.098,0.018,-0.004,-0.094,-0.021,-0.052,-0.072,-0.05
357.0,365.0,0.017,2.867,0.034,-1.871,-0.143,-0.04,-0.022,-0.101,-0.037,-0.038,-0.098,0.018,-0.004,-0.094,-0.021,-0.052,-0.072,-0.05
357.0,366.0,0.017,2.867,0.034,-1.871,-0.143,-0.04,-0.022,-0.101,-0.037,-0.038,-0.098,0.018,-0.004,-0.094,-0.021,-0.052,-0.072,-0.05
357.0,367.0,0.017,2.867,0.034,-1.871,-0.143,-0.04,-0.022,-0.101,-0.037,-0.038,-0.098,0.018,-0.004,-0.094,-0.021,-0.052,-0.072,-0.05
357.0,368.0,0.017,2.867,0.034,-1.871,-0.143,-0.04,-0.022,-0.101,-0.037,-0.038,-0.098,0.018,-0.004,-0.094,-0.021,-0.052,-0.072,-0.05
357.0,369.0,0.017,2.867,0.034,-1.871,-0.143,-0.04,-0.022,-0.101,-0.037,-0.038,-0.098,0.018,-0.004,-0.094,-0.021,-0.052,-0.072,-0.05
358.0,359.0,0.014,2.803,0.036,-1.513,-0.104,-0.035,-0.022,-0.098,-0.043,0.016,-0.1,-0.038,0.007,-0.098,-0.022,-0.053,-0.06,-0.049
358.0,360.0,0.014,2.803,0.036,-1.513,-0.104,-0.035,-0.022,-0.098,-0.043,0.016,-0.1,-0.038,0.007,-0.098,-0.022,-0.053,-0.06,-0.049
358.0,361.0,0.014,2.803,0.036,-1.513,-0.104,-0.035,-0.022,-0.098,-0.043,0.016,-0.1,-0.038,0.007,-0.098,-0.022,-0.053,-0.06,-0.049
358.0,362.0,0.014,2.803,0.036,-1.513,-0.104,-0.035,-0.022,-0.098,-0.043,0.016,-0.1,-0.038,0.007,-0.098,-0.022,-0.053,-0.06,-0.049
358.0,363.0,0.014,2.803,0.036,-1.513,-0.104,-0.035,-0.022,-0.098,-0.043,0.016,-0.1,-0.038,0.007,-0.098,-0.022,-0.053,-0.06,-0.049
358.0,364.0,0.014,2.803,0.036,-1.513,-0.104,-0.035,-0.022,-0.098,-0.043,0.016,-0.1,-0.038,0.007,-0.098,-0.022,-0.053,-0.06,-0.049
358.0,365.0,0.014,2.803,0.036,-1.513,-0.104,-0.035,-0.022,-0.098,-0.043,0.016,-0.1,-0.038,0.007,-0.098,-0.022,-0.053,-0.06,-0.049
358.0,366.0,0.014,2.803,0.036,-1.513,-0.104,-0.035,-0.022,-0.098,-0.043,0.016,-0.1,-0.038,0.007,-0.098,-0.022,-0.053,-0.06,-0.049
358.0,367.0,0.014,2.803,0.036,-1.513,-0.104,-0.035,-0.022,-0.098,-0.043,0.016,-0.1,-0.038,0.007,-0.098,-0.022,-0.053,-0.06,-0.049
358.0,368.0,0.014,2.803,0.036,-1.513,-0.104,-0.035,-0.022,-0.098,-0.043,0.016,-0.1,-0.038,0.007,-0.098,-0.022,-0.053,-0.06,-0.049
358.0,369.0,0.014,2.803,0.036,-1.513,-0.104,-0.035,-0.022,-0.098,-0.043,0.016,-0.1,-0.038,0.007,-0.098,-0.022,-0.053,-0.06,-0.049
358.0,370.0,0.014,2.803,0.036,-1.513,-0.104,-0.035,-0.022,-0.098,-0.043,0.016,-0.1,-0.038,0.007,-0.098,-0.022,-0.053,-0.06,-0.049
359.0,360.0,0.015,2.891,0.035,-1.738,-0.103,-0.038,-0.021,-0.095,-0.036,-0.039,-0.1,0.017,-0.015,-0.085,-0.015,-0.052,-0.056,-0.049
359.0,361.0,0.015,2.891,0.035,-1.738,-0.103,-0.038,-0.021,-0.095,-0.036,-0.039,-0.1,0.017,-0.015,-0.085,-0.015,-0.052,-0.056,-0.049
359.0,362.0,0.015,2.891,0.035,-1.738,-0.103,-0.038,-0.021,-0.095,-0.036,-0.039,-0.1,0.017,-0.015,-0.085,-0.015,-0.052,-0.056,-0.049
359.0,363.0,0.015,2.891,0.035,-1.738,-0.103,-0.038,-0.021,-0.095,-0.036,-0.039,-0.1,0.017,-0.015,-0.085,-0.015,-0.052,-0.056,-0.049
359.0,364.0,0.015,2.891,0.035,-1.738,-0.103,-0.038,-0.021,-0.095,-0.036,-0.039,-0.1,0.017,-0.015,-0.085,-0.015,-0.052,-0.056,-0.049
359.0,365.0,0.015,2.891,0.035,-1.738,-0.103,-0.038,-0.021,-0.095,-0.036,-0.039,-0.1,0.017,-0.014,-0.085,-0.015,-0.052,-0.056,-0.049
359.0,366.0,0.015,2.891,0.035,-1.738,-0.103,-0.038,-0.021,-0.095,-0.036,-0.039,-0.1,0.017,-0.014,-0.085,-0.015,-0.052,-0.056,-0.049
359.0,367.0,0.015,2.891,0.035,-1.738,-0.103,-0.038,-0.021,-0.095,-0.036,-0.039,-0.1,0.017,-0.014,-0.085,-0.015,-0.052,-0.056,-0.049
359.0,368.0,0.015,2.891,0.035,-1.738,-0.103,-0.038,-0.021,-0.095,-0.036,-0.039,-0.1,0.017,-0.014,-0.085,-0.015,-0.052,-0.056,-0.049
359.0,369.0,0.015,2.891,0.035,-1.738,-0.103,-0.038,-0.021,-0.095,-0.036,-0.039,-0.1,0.017,-0.014,-0.085,-0.015,-0.052,-0.056,-0.049
359.0,370.0,0.015,2.891,0.035,-1.738,-0.103,-0.038,-0.021,-0.095,-0.036,-0.039,-0.1,0.017,-0.014,-0.085,-0.015,-0.052,-0.056,-0.049
359.0,371.0,0.015,2.891,0.035,-1.738,-0.103,-0.038,-0.021,-0.095,-0.036,-0.039,-0.1,0.017,-0.014,-0.085,-0.015,-0.052,-0.056,-0.049
360.0,361.0,0.014,2.757,0.035,-1.117,-0.142,-0.037,-0.021,-0.098,-0.04,-0.044,-0.098,0.01,0.039,-0.153,-0.004,-0.038,-0.06,-0.058
360.0,362.0,0.014,2.757,0.035,-1.117,-0.142,-0.037,-0.021,-0.098,-0.04,-0.044,-0.098,0.01,0.039,-0.153,-0.004,-0.038,-0.06,-0.057
360.0,363.0,0.014,2.757,0.035,-1.117,-0.142,-0.037,-0.021,-0.098,-0.04,-0.044,-0.097,0.009,0.039,-0.153,-0.004,-0.038,-0.06,-0.057
360.0,364.0,0.014,2.757,0.035,-1.117,-0.142,-0.037,-0.021,-0.098,-0.04,-0.044,-0.097,0.009,0.039,-0.153,-0.004,-0.038,-0.06,-0.057
360.0,365.0,0.014,2.757,0.035,-1.117,-0.142,-0.037,-0.021,-0.098,-0.04,-0.044,-0.097,0.009,0.039,-0.153,-0.004,-0.039,-0.06,-0.057
360.0,366.0,0.014,2.757,0.035,-1.117,-0.142,-0.037,-0.021,-0.098,-0.04,-0.044,-0.097,0.009,0.039,-0.153,-0.004,-0.039,-0.06,-0.057
360.0,367.0,0.014,2.757,0.035,-1.117,-0.142,-0.037,-0.021,-0.098,-0.04,-0.044,-0.097,0.009,0.039,-0.153,-0.004,-0.039,-0.06,-0.057
360.0,368.0,0.014,2.757,0.035,-1.117,-0.142,-0.037,-0.021,-0.098,-0.04,-0.044,-0.096,0.009,0.039,-0.153,-0.004,-0.039,-0.06,-0.057
360.0,369.0,0.014,2.757,0.035,-1.117,-0.142,-0.037,-0.021,-0.098,-0.04,-0.044,-0.096,0.009,0.039,-0.153,-0.004,-0.039,-0.06,-0.057
360.0,370.0,0.014,2.757,0.035,-1.117,-0.142,-0.037,-0.021,-0.098,-0.04,-0.044,-0.096,0.009,0.039,-0.153,-0.004,-0.039,-0.059,-0.057
360.0,371.0,0.014,2.757,0.035,-1.117,-0.142,-0.037,-0.021,-0.098,-0.04,-0.044,-0.096,0.008,0.039,-0.153,-0.004,-0.039,-0.059,-0.057
360.0,372.0,0.014,2.757,0.035,-1.117,-0.142,-0.037,-0.021,-0.098,-0.04,-0.044,-0.096,0.008,0.039,-0.153,-0.004,-0.04,-0.059,-0.057
361.0,362.0,0.015,2.929,0.032,-2.302,-0.115,-0.04,-0.019,-0.084,-0.019,-0.034,-0.077,0.015,0.006,-0.123,-0.036,-0.039,-0.077,-0.065
361.0,363.0,0.015,2.929,0.032,-2.302,-0.115,-0.04,-0.019,-0.084,-0.019,-0.034,-0.077,0.015,0.006,-0.123,-0.036,-0.039,-0.077,-0.065
361.0,364.0,0.015,2.929,0.032,-2.302,-0.115,-0.04,-0.019,-0.084,-0.02,-0.033,-0.076,0.015,0.006,-0.123,-0.036,-0.039,-0.077,-0.065
361.0,365.0,0.015,2.929,0.032,-2.302,-0.115,-0.04,-0.019,-0.084,-0.02,-0.033,-0.076,0.015,0.006,-0.123,-0.036,-0.04,-0.077,-0.064
361.0,366.0,0.015,2.929,0.032,-2.302,-0.115,-0.04,-0.019,-0.084,-0.02,-0.033,-0.076,0.015,0.006,-0.123,-0.036,-0.04,-0.077,-0.064
361.0,367.0,0.015,2.929,0.032,-2.302,-0.115,-0.04,-0.019,-0.084,-0.02,-0.033,-0.076,0.015,0.006,-0.123,-0.036,-0.04,-0.077,-0.064
361.0,368.0,0.015,2.929,0.032,-2.302,-0.115,-0.04,-0.019,-0.084,-0.02,-0.032,-0.075,0.015,0.006,-0.123,-0.036,-0.04,-0.077,-0.064
361.0,369.0,0.015,2.929,0.032,-2.302,-0.115,-0.04,-0.019,-0.084,-0.02,-0.032,-0.075,0.015,0.006,-0.123,-0.036,-0.04,-0.077,-0.064
361.0,370.0,0.015,2.929,0.032,-2.302,-0.115,-0.04,-0.019,-0.084,-0.02,-0.032,-0.075,0.015,0.006,-0.123,-0.036,-0.041,-0.077,-0.063
361.0,371.0,0.015,2.929,0.032,-2.302,-0.115,-0.04,-0.019,-0.084,-0.021,-0.032,-0.075,0.015,0.006,-0.123,-0.036,-0.041,-0.077,-0.063
361.0,372.0,0.015,2.929,0.032,-2.302,-0.115,-0.04,-0.019,-0.084,-0.021,-0.031,-0.074,0.015,0.006,-0.123,-0.036,-0.041,-0.077,-0.063
361.0,373.0,0.015,2.929,0.032,-2.302,-0.115,-0.04,-0.019,-0.084,-0.021,-0.031,-0.074,0.014,0.006,-0.123,-0.036,-0.041,-0.077,-0.063
362.0,363.0,0.014,2.777,0.036,-1.658,-0.123,-0.042,-0.023,-0.085,-0.04,-0.04,-0.097,0.017,0.005,-0.098,-0.017,-0.049,-0.07,-0.053
362.0,364.0,0.014,2.777,0.036,-1.658,-0.123,-0.042,-0.023,-0.085,-0.04,-0.04,-0.097,0.017,0.005,-0.098,-0.017,-0.049,-0.07,-0.053
362.0,365.0,0.014,2.777,0.036,-1.658,-0.123,-0.042,-0.023,-0.085,-0.04,-0.04,-0.097,0.017,0.005,-0.098,-0.017,-0.049,-0.07,-0.053
362.0,366.0,0.014,2.777,0.036,-1.658,-0.123,-0.042,-0.023,-0.085,-0.04,-0.039,-0.097,0.017,0.005,-0.098,-0.017,-0.049,-0.07,-0.053
362.0,367.0,0.014,2.777,0.036,-1.658,-0.123,-0.042,-0.023,-0.085,-0.04,-0.039,-0.097,0.017,0.005,-0.098,-0.017,-0.049,-0.07,-0.053
362.0,368.0,0.014,2.777,0.036,-1.658,-0.123,-0.042,-0.023,-0.085,-0.04,-0.039,-0.097,0.017,0.005,-0.098,-0.017,-0.049,-0.07,-0.053
362.0,369.0,0.014,2.777,0.036,-1.658,-0.123,-0.042,-0.023,-0.085,-0.04,-0.039,-0.097,0.017,0.005,-0.098,-0.017,-0.049,-0.07,-0.053
362.0,370.0,0.014,2.777,0.036,-1.658,-0.123,-0.042,-0.023,-0.085,-0.04,-0.039,-0.097,0.017,0.005,-0.098,-0.017,-0.049,-0.07,-0.053
362.0,371.0,0.014,2.777,0.036,-1.658,-0.123,-0.042,-0.023,-0.085,-0.04,-0.039,-0.097,0.017,0.005,-0.098,-0.017,-0.049,-0.07,-0.053
362.0,372.0,0.014,2.777,0.036,-1.658,-0.123,-0.042,-0.023,-0.085,-0.04,-0.039,-0.097,0.017,0.005,-0.098,-0.017,-0.049,-0.07,-0.053
362.0,373.0,0.014,2.777,0.036,-1.658,-0.123,-0.042,-0.023,-0.085,-0.04,-0.039,-0.097,0.017,0.005,-0.098,-0.017,-0.049,-0.07,-0.053
362.0,374.0,0.014,2.777,0.036,-1.658,-0.123,-0.042,-0.023,-0.085,-0.04,-0.039,-0.097,0.017,0.005,-0.098,-0.017,-0.049,-0.07,-0.053
363.0,364.0,0.014,2.746,0.036,-1.56,-0.141,-0.041,-0.02,-0.085,-0.041,0.034,-0.089,-0.016,0.001,-0.108,-0.008,-0.05,0.081,-0.066
363.0,365.0,0.014,2.746,0.036,-1.56,-0.141,-0.041,-0.02,-0.085,-0.041,0.034,-0.089,-0.016,0.001,-0.108,-0.008,-0.05,0.081,-0.066
363.0,366.0,0.014,2.746,0.036,-1.56,-0.141,-0.041,-0.02,-0.085,-0.041,0.034,-0.089,-0.016,0.001,-0.108,-0.008,-0.05,0.081,-0.065
363.0,367.0,0.014,2.746,0.036,-1.56,-0.141,-0.041,-0.02,-0.085,-0.041,0.034,-0.089,-0.016,0.001,-0.108,-0.008,-0.05,0.081,-0.065
363.0,368.0,0.014,2.746,0.036,-1.56,-0.141,-0.041,-0.02,-0.085,-0.041,0.034,-0.089,-0.016,0.001,-0.108,-0.008,-0.05,0.081,-0.065
363.0,369.0,0.014,2.746,0.036,-1.56,-0.141,-0.041,-0.02,-0.085,-0.041,0.034,-0.089,-0.016,0.001,-0.108,-0.008,-0.05,0.081,-0.065
363.0,370.0,0.014,2.746,0.036,-1.56,-0.141,-0.041,-0.02,-0.085,-0.041,0.034,-0.089,-0.016,0.001,-0.108,-0.008,-0.05,0.081,-0.065
363.0,371.0,0.014,2.746,0.036,-1.56,-0.141,-0.041,-0.02,-0.085,-0.041,0.034,-0.089,-0.016,0.001,-0.108,-0.008,-0.05,0.081,-0.065
363.0,372.0,0.014,2.746,0.036,-1.56,-0.141,-0.041,-0.02,-0.085,-0.041,0.034,-0.089,-0.016,0.001,-0.108,-0.008,-0.05,0.081,-0.065
363.0,373.0,0.014,2.746,0.036,-1.56,-0.141,-0.041,-0.02,-0.085,-0.041,0.034,-0.089,-0.016,0.001,-0.108,-0.008,-0.05,0.081,-0.065
363.0,374.0,0.014,2.746,0.036,-1.56,-0.141,-0.041,-0.02,-0.085,-0.041,0.034,-0.089,-0.016,0.001,-0.108,-0.008,-0.05,0.081,-0.065
363.0,375.0,0.014,2.746,0.036,-1.56,-0.141,-0.041,-0.02,-0.085,-0.041,0.034,-0.089,-0.016,0.001,-0.108,-0.008,-0.05,0.081,-0.065
364.0,365.0,0.018,2.837,0.038,-1.091,-0.141,-0.038,-0.022,-0.094,-0.042,0.007,-0.097,-0.041,0.011,-0.1,-0.023,-0.053,-0.049,-0.031
364.0,366.0,0.018,2.837,0.038,-1.091,-0.141,-0.038,-0.022,-0.094,-0.042,0.007,-0.097,-0.04,0.011,-0.1,-0.023,-0.053,-0.049,-0.031
364.0,367.0,0.018,2.837,0.038,-1.091,-0.141,-0.038,-0.022,-0.094,-0.042,0.007,-0.097,-0.04,0.011,-0.1,-0.023,-0.053,-0.049,-0.031
364.0,368.0,0.018,2.837,0.038,-1.091,-0.141,-0.038,-0.022,-0.094,-0.042,0.007,-0.096,-0.04,0.011,-0.1,-0.023,-0.053,-0.049,-0.031
364.0,369.0,0.018,2.837,0.038,-1.091,-0.141,-0.038,-0.022,-0.094,-0.042,0.007,-0.096,-0.04,0.011,-0.1,-0.023,-0.053,-0.049,-0.032
364.0,370.0,0.018,2.837,0.038,-1.091,-0.141,-0.038,-0.022,-0.094,-0.042,0.007,-0.096,-0.04,0.011,-0.1,-0.023,-0.053,-0.049,-0.032
364.0,371.0,0.018,2.837,0.038,-1.091,-0.141,-0.038,-0.022,-0.094,-0.042,0.007,-0.096,-0.04,0.011,-0.1,-0.023,-0.053,-0.049,-0.032
364.0,372.0,0.018,2.837,0.038,-1.091,-0.141,-0.038,-0.022,-0.094,-0.042,0.007,-0.095,-0.04,0.011,-0.1,-0.023,-0.053,-0.049,-0.032
364.0,373.0,0.018,2.837,0.038,-1.091,-0.141,-0.038,-0.022,-0.094,-0.042,0.007,-0.095,-0.04,0.011,-0.1,-0.023,-0.053,-0.049,-0.032
364.0,374.0,0.018,2.837,0.038,-1.091,-0.141,-0.038,-0.022,-0.094,-0.042,0.007,-0.095,-0.039,0.011,-0.1,-0.023,-0.053,-0.049,-0.032
364.0,375.0,0.018,2.837,0.038,-1.091,-0.141,-0.038,-0.022,-0.094,-0.042,0.007,-0.095,-0.039,0.011,-0.1,-0.023,-0.053,-0.049,-0.032
364.0,376.0,0.018,2.837,0.038,-1.091,-0.141,-0.038,-0.022,-0.094,-0.042,0.007,-0.094,-0.039,0.011,-0.1,-0.023,-0.053,-0.049,-0.032
365.0,366.0,0.016,2.781,0.037,-1.64,-0.13,-0.039,-0.02,-0.092,-0.037,-0.035,-0.095,0.017,-0.007,-0.094,-0.014,-0.05,-0.061,-0.051
365.0,367.0,0.016,2.781,0.037,-1.64,-0.13,-0.039,-0.02,-0.092,-0.037,-0.035,-0.095,0.017,-0.007,-0.094,-0.014,-0.05,-0.061,-0.051
365.0,368.0,0.016,2.781,0.037,-1.64,-0.13,-0.039,-0.02,-0.092,-0.037,-0.035,-0.095,0.017,-0.007,-0.094,-0.014,-0.05,-0.061,-0.051
365.0,369.0,0.016,2.781,0.037,-1.64,-0.13,-0.039,-0.02,-0.092,-0.037,-0.035,-0.095,0.017,-0.007,-0.094,-0.014,-0.05,-0.061,-0.051
365.0,370.0,0.016,2.781,0.037,-1.64,-0.13,-0.039,-0.02,-0.092,-0.037,-0.035,-0.095,0.017,-0.007,-0.094,-0.014,-0.05,-0.061,-0.051
365.0,371.0,0.016,2.781,0.037,-1.64,-0.13,-0.039,-0.02,-0.092,-0.037,-0.035,-0.095,0.017,-0.007,-0.094,-0.014,-0.05,-0.061,-0.051
365.0,372.0,0.016,2.781,0.037,-1.64,-0.13,-0.039,-0.02,-0.092,-0.037,-0.035,-0.095,0.017,-0.007,-0.094,-0.014,-0.05,-0.06,-0.051
365.0,373.0,0.016,2.781,0.037,-1.64,-0.13,-0.039,-0.02,-0.092,-0.037,-0.035,-0.095,0.017,-0.007,-0.094,-0.014,-0.05,-0.06,-0.051
365.0,374.0,0.016,2.781,0.037,-1.64,-0.13,-0.039,-0.02,-0.092,-0.037,-0.035,-0.095,0.017,-0.007,-0.094,-0.014,-0.05,-0.06,-0.051
365.0,375.0,0.016,2.781,0.037,-1.64,-0.13,-0.039,-0.02,-0.092,-0.037,-0.035,-0.095,0.017,-0.007,-0.094,-0.014,-0.05,-0.06,-0.051
365.0,376.0,0.016,2.781,0.037,-1.64,-0.13,-0.039,-0.02,-0.092,-0.037,-0.035,-0.095,0.017,-0.007,-0.094,-0.014,-0.05,-0.06,-0.051
365.0,377.0,0.016,2.781,0.037,-1.64,-0.13,-0.039,-0.02,-0.092,-0.037,-0.035,-0.095,0.017,-0.007,-0.094,-0.014,-0.05,-0.06,-0.051
366.0,367.0,0.02,2.917,0.035,-1.697,-0.126,-0.039,-0.023,-0.094,-0.041,-0.004,-0.074,0.004,0.013,-0.099,-0.01,-0.053,-0.049,-0.049
366.0,368.0,0.02,2.917,0.035,-1.697,-0.126,-0.039,-0.023,-0.094,-0.041,-0.004,-0.073,0.004,0.013,-0.099,-0.01,-0.053,-0.049,-0.049
366.0,369.0,0.02,2.917,0.035,-1.697,-0.126,-0.039,-0.023,-0.094,-0.041,-0.004,-0.073,0.004,0.013,-0.099,-0.01,-0.053,-0.049,-0.049
366.0,370.0,0.02,2.917,0.035,-1.697,-0.126,-0.039,-0.023,-0.094,-0.041,-0.004,-0.073,0.004,0.013,-0.099,-0.01,-0.053,-0.049,-0.049
366.0,371.0,0.02,2.917,0.035,-1.697,-0.126,-0.039,-0.023,-0.094,-0.041,-0.004,-0.073,0.004,0.012,-0.099,-0.01,-0.053,-0.049,-0.049
366.0,372.0,0.02,2.917,0.035,-1.697,-0.126,-0.039,-0.023,-0.094,-0.041,-0.005,-0.073,0.004,0.012,-0.099,-0.01,-0.053,-0.049,-0.049
366.0,373.0,0.02,2.917,0.035,-1.697,-0.126,-0.039,-0.023,-0.094,-0.041,-0.005,-0.073,0.003,0.012,-0.099,-0.01,-0.053,-0.049,-0.049
366.0,374.0,0.02,2.917,0.035,-1.697,-0.126,-0.039,-0.023,-0.094,-0.041,-0.005,-0.073,0.003,0.012,-0.099,-0.01,-0.053,-0.049,-0.049
366.0,375.0,0.02,2.917,0.035,-1.697,-0.126,-0.039,-0.023,-0.094,-0.041,-0.005,-0.073,0.003,0.012,-0.099,-0.01,-0.053,-0.049,-0.049
366.0,376.0,0.02,2.917,0.035,-1.697,-0.126,-0.039,-0.023,-0.094,-0.041,-0.005,-0.073,0.003,0.012,-0.099,-0.01,-0.053,-0.049,-0.049
366.0,377.0,0.02,2.917,0.035,-1.697,-0.126,-0.039,-0.023,-0.094,-0.041,-0.005,-0.072,0.003,0.011,-0.099,-0.01,-0.053,-0.049,-0.049
366.0,378.0,0.02,2.917,0.035,-1.697,-0.126,-0.039,-0.023,-0.094,-0.041,-0.005,-0.072,0.003,0.011,-0.1,-0.01,-0.053,-0.049,-0.049
367.0,368.0,0.016,2.83,0.035,-1.787,-0.134,-0.041,-0.021,-0.095,-0.042,0.003,-0.067,0.005,0.008,-0.141,0.018,-0.052,-0.039,-0.057
367.0,369.0,0.016,2.83,0.035,-1.787,-0.134,-0.041,-0.021,-0.095,-0.042,0.003,-0.067,0.005,0.008,-0.142,0.018,-0.052,-0.039,-0.057
367.0,370.0,0.016,2.83,0.035,-1.787,-0.134,-0.041,-0.021,-0.095,-0.042,0.003,-0.067,0.005,0.008,-0.142,0.018,-0.052,-0.039,-0.057
367.0,371.0,0.016,2.83,0.035,-1.787,-0.134,-0.041,-0.021,-0.095,-0.042,0.003,-0.067,0.005,0.008,-0.142,0.018,-0.052,-0.039,-0.057
367.0,372.0,0.016,2.83,0.035,-1.787,-0.134,-0.041,-0.021,-0.095,-0.042,0.003,-0.067,0.005,0.008,-0.142,0.018,-0.052,-0.039,-0.057
367.0,373.0,0.016,2.83,0.035,-1.787,-0.134,-0.041,-0.021,-0.095,-0.042,0.002,-0.067,0.005,0.008,-0.142,0.017,-0.052,-0.039,-0.057
367.0,374.0,0.016,2.83,0.035,-1.787,-0.134,-0.041,-0.021,-0.095,-0.042,0.002,-0.067,0.005,0.008,-0.142,0.017,-0.052,-0.04,-0.057
367.0,375.0,0.016,2.83,0.035,-1.787,-0.134,-0.041,-0.021,-0.095,-0.042,0.002,-0.067,0.005,0.008,-0.142,0.017,-0.052,-0.04,-0.057
367.0,376.0,0.016,2.83,0.035,-1.787,-0.134,-0.041,-0.021,-0.095,-0.042,0.002,-0.067,0.004,0.008,-0.142,0.017,-0.052,-0.04,-0.057
367.0,377.0,0.016,2.83,0.035,-1.787,-0.134,-0.041,-0.021,-0.095,-0.042,0.002,-0.067,0.004,0.008,-0.142,0.017,-0.052,-0.04,-0.057
367.0,378.0,0.016,2.83,0.035,-1.787,-0.134,-0.041,-0.021,-0.095,-0.042,0.002,-0.067,0.004,0.008,-0.142,0.017,-0.052,-0.04,-0.057
367.0,379.0,0.016,2.83,0.035,-1.787,-0.134,-0.041,-0.021,-0.095,-0.042,0.002,-0.067,0.004,0.007,-0.142,0.017,-0.052,-0.04,-0.057
368.0,369.0,0.014,2.771,0.037,-1.278,-0.123,-0.041,-0.021,-0.088,-0.042,-0.0,-0.071,0.003,0.022,-0.137,0.019,-0.052,-0.03,-0.052
368.0,370.0,0.014,2.771,0.037,-1.278,-0.123,-0.041,-0.021,-0.088,-0.042,-0.0,-0.071,0.003,0.022,-0.137,0.019,-0.052,-0.03,-0.052
368.0,371.0,0.014,2.771,0.037,-1.278,-0.123,-0.041,-0.021,-0.088,-0.042,-0.0,-0.071,0.003,0.022,-0.137,0.019,-0.052,-0.03,-0.052
368.0,372.0,0.014,2.771,0.037,-1.278,-0.123,-0.041,-0.021,-0.088,-0.042,-0.0,-0.071,0.003,0.022,-0.137,0.019,-0.052,-0.03,-0.052
368.0,373.0,0.014,2.771,0.037,-1.278,-0.123,-0.041,-0.021,-0.088,-0.042,-0.0,-0.071,0.003,0.022,-0.137,0.019,-0.052,-0.03,-0.052
368.0,374.0,0.014,2.771,0.037,-1.278,-0.123,-0.041,-0.021,-0.088,-0.042,-0.0,-0.071,0.003,0.022,-0.137,0.019,-0.052,-0.03,-0.052
368.0,375.0,0.014,2.771,0.037,-1.278,-0.123,-0.041,-0.021,-0.088,-0.042,-0.0,-0.071,0.003,0.022,-0.137,0.019,-0.052,-0.03,-0.052
368.0,376.0,0.014,2.771,0.037,-1.278,-0.123,-0.041,-0.021,-0.088,-0.042,-0.0,-0.071,0.003,0.022,-0.137,0.019,-0.052,-0.03,-0.052
368.0,377.0,0.014,2.771,0.037,-1.278,-0.123,-0.041,-0.021,-0.088,-0.042,-0.0,-0.071,0.003,0.022,-0.137,0.019,-0.052,-0.03,-0.052
368.0,378.0,0.014,2.771,0.037,-1.278,-0.123,-0.041,-0.021,-0.088,-0.042,-0.0,-0.071,0.003,0.022,-0.137,0.019,-0.052,-0.03,-0.052
368.0,379.0,0.014,2.771,0.037,-1.278,-0.123,-0.041,-0.021,-0.088,-0.042,-0.0,-0.071,0.003,0.022,-0.137,0.019,-0.052,-0.03,-0.052
368.0,380.0,0.014,2.771,0.037,-1.278,-0.123,-0.041,-0.021,-0.088,-0.042,-0.0,-0.071,0.003,0.022,-0.137,0.019,-0.052,-0.03,-0.052
369.0,370.0,0.025,2.917,0.039,-1.565,-0.132,-0.043,-0.026,-0.095,-0.045,-0.029,-0.079,0.006,0.017,-0.107,0.006,-0.05,-0.103,-0.053
369.0,371.0,0.025,2.917,0.039,-1.565,-0.132,-0.043,-0.026,-0.095,-0.045,-0.029,-0.079,0.006,0.017,-0.107,0.006,-0.05,-0.102,-0.053
369.0,372.0,0.025,2.917,0.039,-1.565,-0.132,-0.043,-0.026,-0.095,-0.045,-0.028,-0.079,0.006,0.017,-0.107,0.006,-0.05,-0.102,-0.053
369.0,373.0,0.025,2.917,0.039,-1.565,-0.132,-0.043,-0.026,-0.095,-0.045,-0.028,-0.079,0.006,0.017,-0.108,0.006,-0.05,-0.101,-0.053
369.0,374.0,0.025,2.917,0.039,-1.565,-0.132,-0.043,-0.026,-0.095,-0.045,-0.028,-0.079,0.006,0.017,-0.108,0.006,-0.05,-0.101,-0.053
369.0,375.0,0.025,2.917,0.039,-1.565,-0.132,-0.043,-0.026,-0.095,-0.045,-0.028,-0.078,0.006,0.017,-0.108,0.006,-0.05,-0.1,-0.053
369.0,376.0,0.025,2.917,0.039,-1.565,-0.132,-0.043,-0.026,-0.095,-0.045,-0.028,-0.078,0.006,0.017,-0.108,0.006,-0.05,-0.099,-0.053
369.0,377.0,0.025,2.917,0.039,-1.565,-0.132,-0.043,-0.026,-0.095,-0.045,-0.028,-0.078,0.006,0.017,-0.108,0.006,-0.05,-0.099,-0.053
369.0,378.0,0.025,2.917,0.039,-1.565,-0.132,-0.043,-0.026,-0.095,-0.045,-0.027,-0.078,0.006,0.017,-0.108,0.006,-0.05,-0.098,-0.053
369.0,379.0,0.025,2.917,0.039,-1.565,-0.132,-0.043,-0.026,-0.095,-0.045,-0.027,-0.078,0.006,0.017,-0.108,0.006,-0.05,-0.098,-0.053
369.0,380.0,0.025,2.917,0.039,-1.565,-0.132,-0.043,-0.026,-0.095,-0.045,-0.027,-0.078,0.006,0.017,-0.109,0.006,-0.051,-0.097,-0.053
369.0,381.0,0.025,2.917,0.039,-1.565,-0.132,-0.043,-0.026,-0.095,-0.045,-0.027,-0.078,0.005,0.017,-0.109,0.005,-0.051,-0.097,-0.053
370.0,371.0,0.014,2.66,0.035,-1.584,-0.124,-0.042,-0.026,-0.09,-0.041,0.001,-0.06,0.005,0.035,-0.136,-0.015,-0.054,-0.047,-0.05
370.0,372.0,0.014,2.66,0.035,-1.584,-0.124,-0.042,-0.026,-0.09,-0.041,0.001,-0.06,0.005,0.035,-0.136,-0.015,-0.054,-0.047,-0.05
370.0,373.0,0.014,2.66,0.035,-1.584,-0.124,-0.042,-0.026,-0.09,-0.041,0.001,-0.06,0.005,0.035,-0.136,-0.015,-0.054,-0.047,-0.05
370.0,374.0,0.014,2.66,0.035,-1.584,-0.124,-0.042,-0.026,-0.09,-0.041,0.001,-0.06,0.005,0.035,-0.136,-0.015,-0.054,-0.047,-0.05
370.0,375.0,0.014,2.66,0.035,-1.584,-0.124,-0.042,-0.026,-0.09,-0.041,0.001,-0.06,0.005,0.035,-0.136,-0.015,-0.054,-0.047,-0.05
370.0,376.0,0.014,2.66,0.035,-1.584,-0.124,-0.042,-0.026,-0.09,-0.041,0.001,-0.06,0.005,0.035,-0.136,-0.015,-0.054,-0.047,-0.05
370.0,377.0,0.014,2.66,0.035,-1.584,-0.124,-0.042,-0.026,-0.09,-0.041,0.001,-0.06,0.005,0.035,-0.136,-0.015,-0.054,-0.047,-0.05
370.0,378.0,0.014,2.66,0.035,-1.584,-0.124,-0.042,-0.026,-0.09,-0.041,0.001,-0.06,0.005,0.035,-0.136,-0.015,-0.054,-0.047,-0.05
370.0,379.0,0.014,2.66,0.035,-1.584,-0.124,-0.042,-0.026,-0.09,-0.041,0.001,-0.06,0.005,0.035,-0.136,-0.015,-0.054,-0.047,-0.05
370.0,380.0,0.014,2.66,0.035,-1.584,-0.124,-0.042,-0.026,-0.09,-0.041,0.001,-0.06,0.005,0.035,-0.136,-0.015,-0.054,-0.047,-0.05
370.0,381.0,0.014,2.66,0.035,-1.584,-0.124,-0.042,-0.026,-0.09,-0.041,0.001,-0.06,0.005,0.035,-0.136,-0.015,-0.054,-0.047,-0.05
370.0,382.0,0.014,2.66,0.035,-1.584,-0.124,-0.042,-0.026,-0.09,-0.041,0.001,-0.061,0.005,0.035,-0.136,-0.015,-0.054,-0.047,-0.05
371.0,372.0,0.014,2.62,0.035,-1.61,-0.104,-0.04,-0.024,-0.086,-0.042,-0.038,-0.073,0.009,0.031,-0.144,0.005,-0.041,-0.063,-0.054
371.0,373.0,0.014,2.62,0.035,-1.61,-0.104,-0.04,-0.024,-0.086,-0.042,-0.038,-0.073,0.009,0.031,-0.144,0.005,-0.041,-0.063,-0.054
371.0,374.0,0.014,2.62,0.035,-1.61,-0.104,-0.04,-0.024,-0.086,-0.042,-0.038,-0.073,0.009,0.031,-0.144,0.005,-0.042,-0.063,-0.054
371.0,375.0,0.014,2.62,0.035,-1.61,-0.104,-0.04,-0.024,-0.086,-0.042,-0.037,-0.073,0.009,0.031,-0.144,0.005,-0.042,-0.063,-0.054
371.0,376.0,0.014,2.62,0.035,-1.61,-0.104,-0.04,-0.024,-0.086,-0.042,-0.037,-0.073,0.009,0.031,-0.144,0.005,-0.042,-0.063,-0.054
371.0,377.0,0.014,2.62,0.035,-1.61,-0.104,-0.04,-0.024,-0.086,-0.042,-0.037,-0.073,0.009,0.031,-0.144,0.005,-0.042,-0.063,-0.054
371.0,378.0,0.014,2.62,0.035,-1.61,-0.104,-0.04,-0.024,-0.086,-0.042,-0.037,-0.073,0.009,0.031,-0.144,0.005,-0.042,-0.063,-0.054
371.0,379.0,0.014,2.62,0.035,-1.61,-0.104,-0.04,-0.024,-0.086,-0.042,-0.037,-0.072,0.009,0.031,-0.144,0.005,-0.042,-0.063,-0.054
371.0,380.0,0.014,2.62,0.035,-1.61,-0.104,-0.04,-0.024,-0.086,-0.042,-0.037,-0.072,0.009,0.031,-0.144,0.005,-0.042,-0.063,-0.054
371.0,381.0,0.014,2.62,0.035,-1.61,-0.104,-0.04,-0.024,-0.086,-0.042,-0.037,-0.072,0.009,0.031,-0.144,0.005,-0.042,-0.063,-0.054
371.0,382.0,0.014,2.62,0.035,-1.61,-0.104,-0.04,-0.024,-0.086,-0.042,-0.037,-0.072,0.009,0.031,-0.144,0.005,-0.043,-0.063,-0.054
371.0,383.0,0.014,2.62,0.035,-1.61,-0.104,-0.04,-0.024,-0.086,-0.042,-0.037,-0.072,0.009,0.031,-0.144,0.005,-0.043,-0.062,-0.054
372.0,373.0,0.016,2.78,0.037,-1.647,-0.106,-0.04,-0.021,-0.098,-0.043,-0.013,-0.074,0.029,0.023,-0.105,-0.002,-0.056,0.046,-0.047
372.0,374.0,0.016,2.78,0.037,-1.647,-0.106,-0.04,-0.021,-0.098,-0.043,-0.013,-0.074,0.029,0.023,-0.105,-0.002,-0.056,0.045,-0.047
372.0,375.0,0.016,2.78,0.037,-1.647,-0.106,-0.04,-0.021,-0.098,-0.043,-0.013,-0.074,0.029,0.023,-0.105,-0.002,-0.056,0.044,-0.047
372.0,376.0,0.016,2.78,0.037,-1.647,-0.106,-0.04,-0.021,-0.098,-0.043,-0.013,-0.074,0.029,0.023,-0.105,-0.002,-0.056,0.043,-0.047
372.0,377.0,0.016,2.78,0.037,-1.647,-0.106,-0.04,-0.021,-0.098,-0.043,-0.013,-0.074,0.029,0.023,-0.105,-0.002,-0.056,0.042,-0.047
372.0,378.0,0.016,2.78,0.037,-1.647,-0.106,-0.04,-0.021,-0.098,-0.043,-0.013,-0.074,0.029,0.023,-0.105,-0.002,-0.056,0.042,-0.047
372.0,379.0,0.016,2.78,0.037,-1.647,-0.106,-0.04,-0.021,-0.098,-0.043,-0.013,-0.074,0.029,0.023,-0.105,-0.002,-0.056,0.041,-0.047
372.0,380.0,0.016,2.78,0.037,-1.647,-0.106,-0.04,-0.021,-0.098,-0.043,-0.013,-0.073,0.029,0.023,-0.105,-0.002,-0.056,0.04,-0.047
372.0,381.0,0.016,2.78,0.037,-1.647,-0.106,-0.04,-0.021,-0.098,-0.043,-0.013,-0.073,0.029,0.023,-0.105,-0.002,-0.056,0.039,-0.047
372.0,382.0,0.016,2.78,0.037,-1.647,-0.106,-0.04,-0.021,-0.098,-0.043,-0.013,-0.073,0.029,0.022,-0.105,-0.002,-0.056,0.039,-0.047
372.0,383.0,0.016,2.78,0.037,-1.647,-0.106,-0.04,-0.021,-0.098,-0.043,-0.013,-0.073,0.029,0.022,-0.105,-0.002,-0.056,0.038,-0.047
372.0,384.0,0.016,2.78,0.037,-1.647,-0.106,-0.04,-0.021,-0.098,-0.043,-0.013,-0.073,0.029,0.022,-0.105,-0.002,-0.056,0.037,-0.047
373.0,374.0,0.015,2.679,0.04,-1.538,-0.118,-0.039,-0.022,-0.083,-0.041,-0.032,-0.072,0.014,0.008,-0.102,-0.019,-0.047,-0.063,-0.05
373.0,375.0,0.015,2.679,0.04,-1.538,-0.118,-0.039,-0.022,-0.083,-0.041,-0.032,-0.072,0.014,0.008,-0.102,-0.019,-0.047,-0.063,-0.05
373.0,376.0,0.015,2.679,0.04,-1.538,-0.118,-0.039,-0.022,-0.083,-0.041,-0.032,-0.072,0.014,0.008,-0.102,-0.019,-0.047,-0.063,-0.05
373.0,377.0,0.015,2.679,0.04,-1.538,-0.118,-0.039,-0.022,-0.083,-0.041,-0.032,-0.072,0.014,0.008,-0.102,-0.019,-0.047,-0.063,-0.05
373.0,378.0,0.015,2.679,0.04,-1.538,-0.118,-0.039,-0.022,-0.083,-0.041,-0.032,-0.072,0.014,0.008,-0.102,-0.019,-0.047,-0.063,-0.05
373.0,379.0,0.015,2.679,0.04,-1.538,-0.118,-0.039,-0.022,-0.083,-0.041,-0.032,-0.072,0.014,0.008,-0.102,-0.019,-0.047,-0.062,-0.05
373.0,380.0,0.015,2.679,0.04,-1.538,-0.118,-0.039,-0.022,-0.083,-0.041,-0.032,-0.072,0.014,0.008,-0.102,-0.019,-0.047,-0.062,-0.05
373.0,381.0,0.015,2.679,0.04,-1.538,-0.118,-0.039,-0.022,-0.083,-0.041,-0.032,-0.072,0.014,0.008,-0.102,-0.019,-0.047,-0.062,-0.05
373.0,382.0,0.015,2.679,0.04,-1.538,-0.118,-0.039,-0.022,-0.083,-0.041,-0.032,-0.072,0.014,0.008,-0.102,-0.019,-0.047,-0.062,-0.05
373.0,383.0,0.015,2.679,0.04,-1.538,-0.118,-0.039,-0.022,-0.083,-0.041,-0.032,-0.072,0.014,0.008,-0.102,-0.019,-0.047,-0.062,-0.05
373.0,384.0,0.015,2.679,0.04,-1.538,-0.118,-0.039,-0.022,-0.083,-0.041,-0.032,-0.072,0.014,0.008,-0.102,-0.019,-0.047,-0.062,-0.05
373.0,385.0,0.015,2.679,0.04,-1.538,-0.118,-0.039,-0.022,-0.083,-0.041,-0.032,-0.072,0.014,0.008,-0.102,-0.019,-0.047,-0.062,-0.05
374.0,375.0,0.015,2.79,0.038,-1.51,-0.116,-0.044,-0.021,-0.111,-0.042,-0.001,-0.049,0.005,0.025,-0.112,-0.014,-0.052,-0.048,-0.046
374.0,376.0,0.015,2.79,0.038,-1.51,-0.116,-0.044,-0.021,-0.111,-0.042,-0.001,-0.049,0.005,0.025,-0.112,-0.014,-0.053,-0.049,-0.046
374.0,377.0,0.015,2.79,0.038,-1.51,-0.116,-0.044,-0.021,-0.111,-0.042,-0.001,-0.049,0.005,0.025,-0.112,-0.014,-0.053,-0.049,-0.046
374.0,378.0,0.015,2.79,0.038,-1.51,-0.116,-0.044,-0.021,-0.111,-0.042,-0.001,-0.05,0.005,0.025,-0.112,-0.014,-0.053,-0.049,-0.046
374.0,379.0,0.015,2.79,0.038,-1.51,-0.116,-0.044,-0.021,-0.111,-0.042,-0.001,-0.05,0.005,0.025,-0.112,-0.014,-0.053,-0.049,-0.046
374.0,380.0,0.015,2.79,0.038,-1.51,-0.116,-0.044,-0.021,-0.111,-0.042,-0.001,-0.05,0.005,0.025,-0.112,-0.014,-0.053,-0.049,-0.046
374.0,381.0,0.015,2.79,0.038,-1.51,-0.116,-0.044,-0.021,-0.111,-0.042,-0.001,-0.05,0.005,0.024,-0.112,-0.014,-0.053,-0.049,-0.046
374.0,382.0,0.015,2.79,0.038,-1.51,-0.116,-0.044,-0.021,-0.111,-0.042,-0.001,-0.05,0.005,0.024,-0.112,-0.014,-0.053,-0.049,-0.046
374.0,383.0,0.015,2.79,0.038,-1.51,-0.116,-0.044,-0.021,-0.111,-0.042,-0.002,-0.05,0.005,0.024,-0.112,-0.014,-0.053,-0.049,-0.046
374.0,384.0,0.015,2.79,0.038,-1.51,-0.116,-0.044,-0.021,-0.111,-0.042,-0.002,-0.05,0.004,0.024,-0.112,-0.014,-0.053,-0.049,-0.046
374.0,385.0,0.015,2.79,0.038,-1.51,-0.116,-0.044,-0.021,-0.111,-0.042,-0.002,-0.05,0.004,0.024,-0.112,-0.014,-0.053,-0.049,-0.046
374.0,386.0,0.015,2.79,0.038,-1.51,-0.116,-0.044,-0.021,-0.111,-0.042,-0.002,-0.051,0.004,0.024,-0.112,-0.014,-0.053,-0.049,-0.046
375.0,376.0,0.014,2.681,0.038,-1.114,-0.106,-0.041,-0.022,-0.092,-0.043,0.004,-0.048,0.001,-0.001,-0.123,0.025,-0.053,-0.049,-0.053
375.0,377.0,0.014,2.681,0.038,-1.114,-0.106,-0.041,-0.022,-0.092,-0.043,0.004,-0.048,0.001,-0.001,-0.123,0.024,-0.053,-0.049,-0.053
375.0,378.0,0.014,2.681,0.038,-1.114,-0.106,-0.041,-0.022,-0.092,-0.043,0.004,-0.048,0.001,-0.001,-0.123,0.023,-0.053,-0.049,-0.053
375.0,379.0,0.014,2.681,0.038,-1.114,-0.106,-0.041,-0.022,-0.092,-0.043,0.004,-0.048,0.001,-0.001,-0.123,0.023,-0.053,-0.049,-0.053
375.0,380.0,0.014,2.681,0.038,-1.114,-0.106,-0.041,-0.022,-0.092,-0.043,0.004,-0.048,0.001,-0.001,-0.123,0.022,-0.053,-0.049,-0.053
375.0,381.0,0.014,2.681,0.038,-1.114,-0.106,-0.041,-0.022,-0.092,-0.043,0.004,-0.048,0.001,-0.001,-0.123,0.021,-0.053,-0.049,-0.053
375.0,382.0,0.014,2.681,0.038,-1.114,-0.106,-0.041,-0.022,-0.092,-0.043,0.004,-0.048,0.001,-0.001,-0.123,0.021,-0.053,-0.049,-0.053
375.0,383.0,0.014,2.681,0.038,-1.114,-0.106,-0.041,-0.022,-0.092,-0.043,0.004,-0.048,0.001,-0.001,-0.123,0.02,-0.053,-0.049,-0.053
375.0,384.0,0.014,2.681,0.038,-1.114,-0.106,-0.041,-0.022,-0.092,-0.043,0.004,-0.048,0.001,-0.001,-0.123,0.02,-0.053,-0.049,-0.053
375.0,385.0,0.014,2.681,0.038,-1.114,-0.106,-0.041,-0.022,-0.092,-0.043,0.004,-0.049,0.001,-0.001,-0.123,0.019,-0.053,-0.049,-0.053
375.0,386.0,0.014,2.681,0.038,-1.114,-0.106,-0.041,-0.022,-0.092,-0.043,0.004,-0.049,0.001,-0.001,-0.123,0.019,-0.053,-0.049,-0.053
375.0,387.0,0.014,2.681,0.038,-1.114,-0.106,-0.041,-0.022,-0.092,-0.043,0.004,-0.049,0.001,-0.001,-0.123,0.018,-0.053,-0.049,-0.052
376.0,377.0,0.017,2.908,0.041,-0.943,-0.124,-0.001,-0.022,-0.11,-0.036,0.006,-0.069,-0.034,0.008,-0.105,-0.019,-0.053,-0.048,-0.049
376.0,378.0,0.017,2.908,0.041,-0.943,-0.124,-0.002,-0.022,-0.11,-0.036,0.006,-0.069,-0.034,0.008,-0.105,-0.019,-0.053,-0.048,-0.049
376.0,379.0,0.017,2.908,0.041,-0.943,-0.124,-0.004,-0.022,-0.11,-0.036,0.006,-0.069,-0.034,0.008,-0.105,-0.019,-0.053,-0.048,-0.049
376.0,380.0,0.017,2.907,0.041,-0.943,-0.124,-0.005,-0.022,-0.11,-0.036,0.006,-0.069,-0.034,0.008,-0.105,-0.019,-0.053,-0.048,-0.049
376.0,381.0,0.017,2.907,0.041,-0.943,-0.124,-0.006,-0.022,-0.11,-0.036,0.006,-0.069,-0.034,0.008,-0.105,-0.019,-0.053,-0.048,-0.049
376.0,382.0,0.017,2.907,0.041,-0.943,-0.124,-0.008,-0.022,-0.11,-0.036,0.006,-0.069,-0.034,0.008,-0.105,-0.019,-0.053,-0.048,-0.049
376.0,383.0,0.017,2.907,0.041,-0.943,-0.124,-0.009,-0.022,-0.11,-0.036,0.006,-0.069,-0.034,0.008,-0.105,-0.019,-0.053,-0.048,-0.049
376.0,384.0,0.017,2.907,0.041,-0.943,-0.124,-0.01,-0.022,-0.11,-0.036,0.006,-0.069,-0.034,0.008,-0.105,-0.019,-0.053,-0.048,-0.049
376.0,385.0,0.017,2.907,0.041,-0.943,-0.124,-0.011,-0.022,-0.11,-0.036,0.006,-0.069,-0.034,0.008,-0.105,-0.019,-0.053,-0.048,-0.049
376.0,386.0,0.017,2.907,0.041,-0.943,-0.124,-0.012,-0.022,-0.11,-0.036,0.006,-0.069,-0.034,0.008,-0.105,-0.019,-0.053,-0.048,-0.049
376.0,387.0,0.017,2.907,0.041,-0.943,-0.124,-0.013,-0.022,-0.11,-0.036,0.006,-0.069,-0.034,0.008,-0.105,-0.019,-0.053,-0.048,-0.049
376.0,388.0,0.017,2.907,0.041,-0.943,-0.124,-0.014,-0.022,-0.11,-0.036,0.006,-0.069,-0.034,0.008,-0.105,-0.019,-0.053,-0.048,-0.049
377.0,378.0,0.017,2.788,0.037,-2.032,-0.119,-0.044,-0.02,-0.107,-0.044,0.012,-0.064,-0.032,0.001,-0.1,-0.008,-0.054,-0.069,-0.051
377.0,379.0,0.017,2.788,0.037,-2.032,-0.119,-0.044,-0.02,-0.107,-0.044,0.012,-0.064,-0.032,0.001,-0.1,-0.008,-0.054,-0.068,-0.051
377.0,380.0,0.017,2.788,0.037,-2.032,-0.119,-0.044,-0.02,-0.107,-0.044,0.012,-0.064,-0.032,0.001,-0.1,-0.008,-0.054,-0.068,-0.051
377.0,381.0,0.017,2.788,0.037,-2.032,-0.119,-0.044,-0.02,-0.107,-0.044,0.012,-0.064,-0.032,0.001,-0.1,-0.008,-0.054,-0.068,-0.051
377.0,382.0,0.017,2.788,0.037,-2.032,-0.119,-0.044,-0.02,-0.108,-0.044,0.012,-0.064,-0.032,0.001,-0.1,-0.008,-0.054,-0.068,-0.051
377.0,383.0,0.017,2.788,0.037,-2.032,-0.119,-0.044,-0.02,-0.108,-0.044,0.012,-0.064,-0.032,0.001,-0.1,-0.008,-0.054,-0.068,-0.051
377.0,384.0,0.017,2.788,0.037,-2.032,-0.119,-0.044,-0.02,-0.108,-0.044,0.012,-0.064,-0.032,0.001,-0.1,-0.008,-0.054,-0.068,-0.051
377.0,385.0,0.017,2.788,0.037,-2.032,-0.119,-0.044,-0.02,-0.108,-0.044,0.012,-0.064,-0.032,0.001,-0.1,-0.008,-0.054,-0.068,-0.051
377.0,386.0,0.017,2.788,0.037,-2.032,-0.119,-0.044,-0.02,-0.108,-0.044,0.012,-0.064,-0.032,0.001,-0.1,-0.008,-0.054,-0.068,-0.051
377.0,387.0,0.017,2.788,0.037,-2.032,-0.119,-0.044,-0.02,-0.108,-0.044,0.012,-0.064,-0.032,0.001,-0.1,-0.008,-0.054,-0.068,-0.051
377.0,388.0,0.017,2.788,0.037,-2.032,-0.119,-0.044,-0.02,-0.108,-0.044,0.012,-0.064,-0.032,0.001,-0.1,-0.008,-0.054,-0.068,-0.051
377.0,389.0,0.017,2.788,0.037,-2.032,-0.119,-0.044,-0.02,-0.108,-0.044,0.012,-0.064,-0.032,0.001,-0.1,-0.008,-0.054,-0.068,-0.051
378.0,379.0,0.014,2.577,0.036,-1.597,-0.114,-0.042,-0.024,-0.091,-0.046,-0.0,-0.049,0.005,0.058,-0.166,-0.002,-0.063,-0.044,-0.049
378.0,380.0,0.014,2.577,0.036,-1.597,-0.114,-0.042,-0.024,-0.091,-0.046,-0.0,-0.049,0.005,0.058,-0.166,-0.002,-0.063,-0.044,-0.049
378.0,381.0,0.014,2.577,0.036,-1.597,-0.114,-0.042,-0.024,-0.091,-0.046,-0.0,-0.049,0.005,0.058,-0.166,-0.002,-0.063,-0.044,-0.049
378.0,382.0,0.014,2.577,0.036,-1.597,-0.114,-0.042,-0.024,-0.091,-0.046,-0.0,-0.049,0.004,0.058,-0.166,-0.003,-0.063,-0.044,-0.049
378.0,383.0,0.014,2.577,0.036,-1.597,-0.114,-0.042,-0.024,-0.091,-0.046,-0.0,-0.049,0.004,0.058,-0.166,-0.003,-0.062,-0.044,-0.049
378.0,384.0,0.014,2.577,0.036,-1.597,-0.114,-0.042,-0.024,-0.091,-0.046,-0.0,-0.05,0.004,0.058,-0.166,-0.003,-0.062,-0.044,-0.049
378.0,385.0,0.014,2.577,0.036,-1.597,-0.114,-0.042,-0.024,-0.091,-0.046,-0.0,-0.05,0.004,0.058,-0.166,-0.003,-0.062,-0.044,-0.049
378.0,386.0,0.014,2.577,0.036,-1.597,-0.114,-0.042,-0.024,-0.091,-0.046,-0.0,-0.05,0.004,0.058,-0.166,-0.003,-0.062,-0.044,-0.049
378.0,387.0,0.014,2.577,0.036,-1.597,-0.114,-0.042,-0.024,-0.091,-0.046,-0.0,-0.05,0.004,0.058,-0.166,-0.003,-0.062,-0.044,-0.049
378.0,388.0,0.014,2.577,0.036,-1.597,-0.114,-0.042,-0.024,-0.091,-0.046,-0.0,-0.05,0.004,0.058,-0.166,-0.003,-0.062,-0.044,-0.049
378.0,389.0,0.014,2.577,0.036,-1.597,-0.114,-0.042,-0.024,-0.091,-0.046,-0.0,-0.05,0.004,0.058,-0.166,-0.003,-0.062,-0.044,-0.049
378.0,390.0,0.014,2.577,0.036,-1.597,-0.114,-0.042,-0.024,-0.091,-0.046,-0.0,-0.05,0.004,0.058,-0.166,-0.003,-0.062,-0.044,-0.049
379.0,380.0,0.019,2.895,0.04,-1.189,-0.094,-0.037,-0.026,-0.106,-0.045,0.006,-0.069,-0.029,0.008,-0.103,-0.002,-0.054,-0.044,-0.041
379.0,381.0,0.019,2.895,0.04,-1.189,-0.094,-0.037,-0.026,-0.106,-0.045,0.006,-0.069,-0.029,0.008,-0.103,-0.002,-0.054,-0.044,-0.041
379.0,382.0,0.019,2.895,0.04,-1.189,-0.094,-0.038,-0.026,-0.106,-0.045,0.006,-0.069,-0.029,0.008,-0.104,-0.002,-0.054,-0.044,-0.041
379.0,383.0,0.019,2.895,0.04,-1.189,-0.094,-0.038,-0.026,-0.106,-0.045,0.005,-0.069,-0.028,0.008,-0.104,-0.002,-0.054,-0.044,-0.041
379.0,384.0,0.019,2.895,0.04,-1.189,-0.094,-0.038,-0.026,-0.106,-0.045,0.005,-0.069,-0.028,0.008,-0.104,-0.002,-0.054,-0.044,-0.041
379.0,385.0,0.019,2.895,0.04,-1.189,-0.094,-0.038,-0.026,-0.106,-0.045,0.005,-0.069,-0.028,0.008,-0.104,-0.002,-0.054,-0.044,-0.041
379.0,386.0,0.019,2.895,0.04,-1.189,-0.094,-0.038,-0.026,-0.106,-0.045,0.005,-0.069,-0.028,0.008,-0.105,-0.002,-0.054,-0.044,-0.041
379.0,387.0,0.019,2.895,0.04,-1.189,-0.094,-0.038,-0.026,-0.106,-0.045,0.005,-0.069,-0.028,0.008,-0.105,-0.002,-0.054,-0.045,-0.041
379.0,388.0,0.019,2.895,0.04,-1.189,-0.094,-0.038,-0.026,-0.106,-0.045,0.005,-0.069,-0.027,0.007,-0.105,-0.002,-0.054,-0.045,-0.041
379.0,389.0,0.019,2.895,0.04,-1.189,-0.094,-0.038,-0.026,-0.106,-0.045,0.005,-0.069,-0.027,0.007,-0.105,-0.002,-0.054,-0.045,-0.041
379.0,390.0,0.019,2.895,0.04,-1.189,-0.094,-0.038,-0.026,-0.106,-0.045,0.005,-0.069,-0.027,0.007,-0.106,-0.002,-0.054,-0.045,-0.041
379.0,391.0,0.019,2.895,0.04,-1.189,-0.094,-0.038,-0.026,-0.106,-0.045,0.005,-0.069,-0.027,0.007,-0.106,-0.002,-0.054,-0.045,-0.041
380.0,381.0,0.015,2.578,0.036,-1.665,-0.104,-0.039,-0.024,-0.093,-0.05,0.011,-0.064,-0.035,0.024,-0.148,0.014,-0.055,-0.067,-0.067
380.0,382.0,0.015,2.578,0.036,-1.665,-0.104,-0.039,-0.024,-0.093,-0.05,0.011,-0.064,-0.035,0.024,-0.148,0.014,-0.055,-0.067,-0.067
380.0,383.0,0.015,2.578,0.036,-1.665,-0.104,-0.039,-0.024,-0.093,-0.05,0.011,-0.064,-0.035,0.024,-0.148,0.014,-0.055,-0.067,-0.067
380.0,384.0,0.015,2.578,0.036,-1.665,-0.104,-0.039,-0.024,-0.093,-0.05,0.011,-0.064,-0.035,0.024,-0.148,0.014,-0.055,-0.067,-0.067
380.0,385.0,0.015,2.578,0.036,-1.665,-0.104,-0.039,-0.024,-0.093,-0.05,0.011,-0.064,-0.035,0.024,-0.148,0.014,-0.055,-0.067,-0.067
380.0,386.0,0.015,2.578,0.036,-1.665,-0.104,-0.039,-0.024,-0.093,-0.05,0.011,-0.064,-0.035,0.024,-0.148,0.014,-0.055,-0.067,-0.067
380.0,387.0,0.015,2.578,0.036,-1.665,-0.104,-0.039,-0.024,-0.093,-0.05,0.011,-0.064,-0.035,0.024,-0.148,0.014,-0.055,-0.067,-0.067
380.0,388.0,0.015,2.578,0.036,-1.665,-0.104,-0.039,-0.024,-0.093,-0.05,0.011,-0.064,-0.035,0.024,-0.148,0.014,-0.055,-0.067,-0.067
380.0,389.0,0.015,2.578,0.036,-1.665,-0.104,-0.039,-0.024,-0.093,-0.05,0.011,-0.064,-0.035,0.024,-0.148,0.014,-0.055,-0.067,-0.067
380.0,390.0,0.015,2.578,0.036,-1.665,-0.104,-0.039,-0.024,-0.093,-0.05,0.011,-0.064,-0.035,0.024,-0.148,0.014,-0.055,-0.067,-0.067
380.0,391.0,0.015,2.578,0.036,-1.665,-0.104,-0.039,-0.024,-0.093,-0.05,0.011,-0.064,-0.035,0.024,-0.148,0.014,-0.055,-0.067,-0.067
380.0,392.0,0.015,2.578,0.036,-1.665,-0.104,-0.039,-0.024,-0.093,-0.05,0.011,-0.064,-0.035,0.024,-0.148,0.014,-0.055,-0.067,-0.067
381.0,382.0,0.014,2.75,0.038,-1.187,-0.109,-0.036,-0.021,-0.098,-0.042,-0.001,-0.045,0.004,0.011,-0.097,-0.012,-0.053,-0.049,-0.048
381.0,383.0,0.014,2.75,0.038,-1.187,-0.109,-0.036,-0.021,-0.098,-0.042,-0.001,-0.045,0.004,0.011,-0.097,-0.012,-0.053,-0.049,-0.048
381.0,384.0,0.014,2.75,0.038,-1.187,-0.109,-0.036,-0.021,-0.098,-0.042,-0.001,-0.045,0.004,0.011,-0.097,-0.012,-0.053,-0.049,-0.048
381.0,385.0,0.014,2.75,0.038,-1.187,-0.109,-0.036,-0.021,-0.098,-0.042,-0.001,-0.045,0.004,0.011,-0.097,-0.012,-0.053,-0.049,-0.048
381.0,386.0,0.014,2.75,0.038,-1.187,-0.109,-0.036,-0.021,-0.098,-0.042,-0.001,-0.045,0.004,0.011,-0.097,-0.012,-0.053,-0.049,-0.048
381.0,387.0,0.014,2.75,0.038,-1.187,-0.109,-0.036,-0.021,-0.098,-0.042,-0.001,-0.045,0.004,0.011,-0.097,-0.012,-0.053,-0.049,-0.048
381.0,388.0,0.014,2.75,0.038,-1.187,-0.109,-0.036,-0.021,-0.098,-0.042,-0.001,-0.046,0.004,0.011,-0.097,-0.012,-0.053,-0.049,-0.048
381.0,389.0,0.014,2.75,0.038,-1.187,-0.109,-0.036,-0.021,-0.098,-0.042,-0.001,-0.046,0.004,0.011,-0.097,-0.012,-0.053,-0.049,-0.048
381.0,390.0,0.014,2.75,0.038,-1.187,-0.109,-0.036,-0.021,-0.098,-0.042,-0.001,-0.046,0.004,0.011,-0.097,-0.012,-0.053,-0.049,-0.048
381.0,391.0,0.014,2.75,0.038,-1.187,-0.109,-0.036,-0.021,-0.098,-0.042,-0.001,-0.046,0.004,0.011,-0.097,-0.012,-0.053,-0.049,-0.048
381.0,392.0,0.014,2.75,0.038,-1.187,-0.109,-0.036,-0.021,-0.098,-0.042,-0.001,-0.046,0.004,0.011,-0.097,-0.012,-0.053,-0.049,-0.048
381.0,393.0,0.014,2.75,0.038,-1.187,-0.109,-0.036,-0.021,-0.098,-0.042,-0.001,-0.046,0.004,0.011,-0.097,-0.012,-0.053,-0.049,-0.048
382.0,383.0,0.016,2.764,0.037,-1.577,-0.109,-0.039,-0.021,-0.092,-0.041,-0.012,-0.055,0.023,0.012,-0.097,-0.016,-0.056,0.06,-0.048
382.0,384.0,0.016,2.764,0.037,-1.577,-0.109,-0.039,-0.021,-0.092,-0.041,-0.012,-0.055,0.023,0.012,-0.097,-0.016,-0.056,0.059,-0.048
382.0,385.0,0.016,2.764,0.037,-1.577,-0.109,-0.039,-0.021,-0.092,-0.041,-0.012,-0.055,0.023,0.012,-0.097,-0.016,-0.056,0.058,-0.048
382.0,386.0,0.016,2.764,0.037,-1.577,-0.109,-0.039,-0.021,-0.092,-0.041,-0.012,-0.055,0.023,0.012,-0.097,-0.016,-0.056,0.058,-0.048
382.0,387.0,0.016,2.764,0.037,-1.577,-0.109,-0.039,-0.021,-0.092,-0.041,-0.012,-0.056,0.022,0.012,-0.097,-0.016,-0.056,0.057,-0.048
382.0,388.0,0.016,2.764,0.037,-1.577,-0.109,-0.039,-0.021,-0.092,-0.041,-0.012,-0.056,0.022,0.012,-0.097,-0.016,-0.056,0.056,-0.048
382.0,389.0,0.016,2.764,0.037,-1.577,-0.109,-0.039,-0.021,-0.092,-0.041,-0.012,-0.056,0.022,0.012,-0.097,-0.016,-0.056,0.056,-0.048
382.0,390.0,0.016,2.764,0.037,-1.577,-0.109,-0.039,-0.021,-0.092,-0.041,-0.012,-0.056,0.022,0.012,-0.097,-0.016,-0.056,0.055,-0.048
382.0,391.0,0.016,2.764,0.037,-1.577,-0.109,-0.039,-0.021,-0.092,-0.041,-0.012,-0.056,0.022,0.011,-0.097,-0.016,-0.056,0.054,-0.048
382.0,392.0,0.016,2.764,0.037,-1.577,-0.109,-0.039,-0.021,-0.092,-0.041,-0.012,-0.056,0.022,0.011,-0.097,-0.016,-0.056,0.053,-0.048
382.0,393.0,0.016,2.764,0.037,-1.577,-0.109,-0.039,-0.021,-0.092,-0.041,-0.012,-0.056,0.022,0.011,-0.097,-0.016,-0.056,0.053,-0.048
382.0,394.0,0.016,2.764,0.037,-1.577,-0.109,-0.039,-0.021,-0.092,-0.041,-0.012,-0.056,0.022,0.011,-0.097,-0.016,-0.056,0.052,-0.048
383.0,384.0,0.017,2.843,0.038,-1.303,-0.128,-0.04,-0.017,-0.096,-0.042,0.013,-0.071,-0.032,-0.0,-0.109,0.008,-0.051,-0.063,-0.05
383.0,385.0,0.017,2.843,0.038,-1.303,-0.128,-0.04,-0.017,-0.096,-0.042,0.013,-0.071,-0.032,-0.0,-0.109,0.007,-0.051,-0.063,-0.05
383.0,386.0,0.017,2.843,0.038,-1.303,-0.128,-0.04,-0.017,-0.096,-0.042,0.013,-0.071,-0.032,-0.0,-0.109,0.007,-0.051,-0.063,-0.05
383.0,387.0,0.017,2.843,0.038,-1.303,-0.128,-0.04,-0.017,-0.096,-0.042,0.013,-0.071,-0.032,-0.0,-0.109,0.007,-0.051,-0.063,-0.05
383.0,388.0,0.017,2.843,0.038,-1.303,-0.128,-0.04,-0.017,-0.096,-0.042,0.013,-0.071,-0.032,-0.0,-0.109,0.007,-0.051,-0.063,-0.05
383.0,389.0,0.017,2.843,0.038,-1.303,-0.128,-0.04,-0.017,-0.096,-0.042,0.013,-0.071,-0.032,-0.0,-0.109,0.007,-0.051,-0.062,-0.05
383.0,390.0,0.017,2.843,0.038,-1.303,-0.128,-0.04,-0.017,-0.096,-0.042,0.013,-0.071,-0.032,-0.0,-0.109,0.007,-0.051,-0.062,-0.05
383.0,391.0,0.017,2.843,0.038,-1.303,-0.128,-0.04,-0.017,-0.096,-0.042,0.013,-0.071,-0.032,-0.0,-0.109,0.007,-0.051,-0.062,-0.05
383.0,392.0,0.017,2.843,0.038,-1.303,-0.128,-0.04,-0.017,-0.096,-0.042,0.013,-0.071,-0.032,-0.0,-0.109,0.007,-0.051,-0.062,-0.05
383.0,393.0,0.017,2.843,0.038,-1.303,-0.128,-0.04,-0.017,-0.096,-0.042,0.013,-0.071,-0.032,-0.0,-0.109,0.007,-0.051,-0.062,-0.05
383.0,394.0,0.017,2.843,0.038,-1.303,-0.128,-0.04,-0.017,-0.096,-0.042,0.013,-0.071,-0.032,-0.0,-0.109,0.007,-0.051,-0.062,-0.05
383.0,395.0,0.017,2.843,0.038,-1.303,-0.128,-0.04,-0.017,-0.096,-0.042,0.013,-0.071,-0.032,-0.0,-0.109,0.007,-0.051,-0.062,-0.05
384.0,385.0,0.013,2.871,0.037,-1.629,-0.114,-0.04,-0.018,-0.093,-0.031,-0.038,-0.071,0.014,0.003,-0.118,-0.019,-0.051,-0.07,-0.066
384.0,386.0,0.013,2.871,0.037,-1.629,-0.114,-0.04,-0.018,-0.093,-0.031,-0.038,-0.071,0.014,0.003,-0.118,-0.019,-0.051,-0.07,-0.066
384.0,387.0,0.013,2.871,0.037,-1.629,-0.114,-0.04,-0.018,-0.093,-0.031,-0.038,-0.071,0.014,0.003,-0.118,-0.019,-0.051,-0.07,-0.065
384.0,388.0,0.013,2.871,0.037,-1.629,-0.114,-0.04,-0.018,-0.093,-0.031,-0.038,-0.07,0.014,0.003,-0.118,-0.019,-0.051,-0.07,-0.065
384.0,389.0,0.013,2.871,0.037,-1.629,-0.114,-0.04,-0.018,-0.093,-0.031,-0.038,-0.07,0.014,0.003,-0.118,-0.019,-0.051,-0.07,-0.065
384.0,390.0,0.013,2.871,0.037,-1.629,-0.114,-0.04,-0.018,-0.093,-0.032,-0.037,-0.07,0.014,0.003,-0.118,-0.019,-0.051,-0.07,-0.065
384.0,391.0,0.013,2.871,0.037,-1.629,-0.114,-0.04,-0.018,-0.093,-0.032,-0.037,-0.07,0.014,0.003,-0.118,-0.019,-0.051,-0.07,-0.065
384.0,392.0,0.013,2.871,0.037,-1.629,-0.114,-0.04,-0.018,-0.093,-0.032,-0.037,-0.07,0.014,0.003,-0.118,-0.019,-0.051,-0.07,-0.065
384.0,393.0,0.013,2.871,0.037,-1.629,-0.114,-0.04,-0.018,-0.093,-0.032,-0.037,-0.07,0.014,0.003,-0.118,-0.019,-0.051,-0.07,-0.065
384.0,394.0,0.013,2.871,0.037,-1.629,-0.114,-0.04,-0.018,-0.093,-0.032,-0.036,-0.07,0.014,0.003,-0.118,-0.019,-0.051,-0.07,-0.065
384.0,395.0,0.013,2.871,0.037,-1.629,-0.114,-0.04,-0.018,-0.093,-0.032,-0.036,-0.07,0.014,0.003,-0.118,-0.019,-0.051,-0.07,-0.065
384.0,396.0,0.013,2.871,0.037,-1.629,-0.114,-0.04,-0.018,-0.093,-0.032,-0.036,-0.07,0.014,0.003,-0.118,-0.019,-0.051,-0.07,-0.065
385.0,386.0,0.014,2.805,0.037,-1.623,-0.153,-0.042,-0.022,-0.085,-0.04,-0.034,-0.08,0.017,-0.013,-0.094,-0.018,-0.049,-0.049,-0.05
385.0,387.0,0.014,2.805,0.037,-1.623,-0.153,-0.042,-0.022,-0.085,-0.04,-0.034,-0.08,0.017,-0.013,-0.094,-0.018,-0.049,-0.049,-0.05
385.0,388.0,0.014,2.805,0.037,-1.623,-0.153,-0.042,-0.022,-0.085,-0.04,-0.034,-0.08,0.017,-0.013,-0.094,-0.018,-0.049,-0.049,-0.05
385.0,389.0,0.014,2.805,0.037,-1.623,-0.153,-0.042,-0.022,-0.085,-0.04,-0.034,-0.08,0.017,-0.013,-0.094,-0.018,-0.049,-0.049,-0.05
385.0,390.0,0.014,2.805,0.037,-1.623,-0.153,-0.042,-0.022,-0.085,-0.04,-0.034,-0.08,0.017,-0.013,-0.094,-0.018,-0.049,-0.049,-0.05
385.0,391.0,0.014,2.805,0.037,-1.623,-0.153,-0.042,-0.022,-0.085,-0.04,-0.034,-0.08,0.017,-0.013,-0.094,-0.018,-0.049,-0.049,-0.05
385.0,392.0,0.014,2.805,0.037,-1.623,-0.153,-0.042,-0.022,-0.085,-0.04,-0.034,-0.08,0.017,-0.013,-0.094,-0.018,-0.049,-0.049,-0.05
385.0,393.0,0.014,2.805,0.037,-1.623,-0.153,-0.042,-0.022,-0.085,-0.04,-0.034,-0.08,0.017,-0.013,-0.094,-0.018,-0.049,-0.049,-0.05
385.0,394.0,0.014,2.805,0.037,-1.623,-0.153,-0.042,-0.022,-0.085,-0.04,-0.034,-0.08,0.017,-0.013,-0.094,-0.018,-0.049,-0.049,-0.05
385.0,395.0,0.014,2.805,0.037,-1.623,-0.153,-0.042,-0.022,-0.085,-0.04,-0.034,-0.08,0.017,-0.013,-0.094,-0.018,-0.049,-0.049,-0.05
385.0,396.0,0.014,2.805,0.037,-1.623,-0.153,-0.042,-0.022,-0.085,-0.04,-0.034,-0.08,0.017,-0.013,-0.094,-0.018,-0.049,-0.049,-0.05
385.0,397.0,0.014,2.805,0.037,-1.623,-0.153,-0.042,-0.022,-0.085,-0.04,-0.034,-0.08,0.017,-0.013,-0.094,-0.018,-0.049,-0.049,-0.05
386.0,387.0,0.014,2.678,0.036,-1.59,-0.132,-0.043,-0.023,-0.086,-0.043,-0.042,-0.083,0.012,0.008,-0.11,-0.032,-0.045,-0.054,-0.053
386.0,388.0,0.014,2.678,0.036,-1.59,-0.132,-0.043,-0.023,-0.086,-0.043,-0.042,-0.083,0.012,0.008,-0.11,-0.032,-0.045,-0.054,-0.053
386.0,389.0,0.014,2.678,0.036,-1.59,-0.132,-0.043,-0.023,-0.086,-0.043,-0.042,-0.083,0.012,0.009,-0.11,-0.032,-0.045,-0.054,-0.053
386.0,390.0,0.014,2.678,0.036,-1.59,-0.132,-0.043,-0.023,-0.086,-0.043,-0.041,-0.083,0.011,0.009,-0.11,-0.032,-0.045,-0.054,-0.053
386.0,391.0,0.014,2.678,0.036,-1.59,-0.132,-0.043,-0.023,-0.086,-0.043,-0.041,-0.083,0.011,0.009,-0.11,-0.032,-0.045,-0.054,-0.053
386.0,392.0,0.014,2.678,0.036,-1.59,-0.132,-0.043,-0.023,-0.086,-0.043,-0.041,-0.082,0.011,0.009,-0.11,-0.032,-0.045,-0.054,-0.053
386.0,393.0,0.014,2.678,0.036,-1.59,-0.132,-0.043,-0.023,-0.086,-0.043,-0.041,-0.082,0.011,0.009,-0.11,-0.032,-0.045,-0.054,-0.053
386.0,394.0,0.014,2.678,0.036,-1.59,-0.132,-0.043,-0.023,-0.086,-0.043,-0.041,-0.082,0.011,0.009,-0.11,-0.032,-0.045,-0.054,-0.053
386.0,395.0,0.014,2.678,0.036,-1.59,-0.132,-0.043,-0.023,-0.086,-0.043,-0.041,-0.082,0.011,0.009,-0.11,-0.032,-0.045,-0.054,-0.053
386.0,396.0,0.014,2.678,0.036,-1.59,-0.132,-0.043,-0.023,-0.086,-0.043,-0.041,-0.082,0.011,0.009,-0.109,-0.032,-0.045,-0.054,-0.053
386.0,397.0,0.014,2.678,0.036,-1.59,-0.132,-0.043,-0.023,-0.086,-0.043,-0.041,-0.082,0.011,0.01,-0.109,-0.032,-0.046,-0.054,-0.053
386.0,398.0,0.014,2.678,0.036,-1.59,-0.132,-0.043,-0.023,-0.086,-0.043,-0.041,-0.082,0.011,0.01,-0.109,-0.032,-0.046,-0.054,-0.052
387.0,388.0,0.015,2.791,0.038,-1.188,-0.145,-0.042,-0.018,-0.089,-0.043,0.0,-0.061,0.006,0.067,-0.142,-0.018,-0.051,-0.042,-0.049
387.0,389.0,0.015,2.791,0.038,-1.188,-0.145,-0.042,-0.018,-0.089,-0.043,0.0,-0.061,0.006,0.067,-0.142,-0.018,-0.051,-0.042,-0.049
387.0,390.0,0.015,2.791,0.038,-1.188,-0.145,-0.042,-0.018,-0.089,-0.043,0.0,-0.061,0.006,0.067,-0.142,-0.018,-0.051,-0.042,-0.049
387.0,391.0,0.015,2.791,0.038,-1.188,-0.145,-0.042,-0.018,-0.089,-0.043,0.0,-0.061,0.006,0.067,-0.142,-0.018,-0.051,-0.042,-0.049
387.0,392.0,0.015,2.791,0.038,-1.188,-0.145,-0.042,-0.018,-0.089,-0.043,0.0,-0.061,0.006,0.067,-0.142,-0.018,-0.051,-0.042,-0.049
387.0,393.0,0.015,2.791,0.038,-1.188,-0.145,-0.042,-0.018,-0.089,-0.043,-0.0,-0.061,0.006,0.067,-0.142,-0.018,-0.051,-0.042,-0.049
387.0,394.0,0.015,2.791,0.038,-1.188,-0.145,-0.042,-0.018,-0.089,-0.043,-0.0,-0.061,0.006,0.066,-0.142,-0.018,-0.051,-0.042,-0.049
387.0,395.0,0.015,2.791,0.038,-1.188,-0.145,-0.042,-0.018,-0.089,-0.043,-0.0,-0.061,0.006,0.066,-0.142,-0.018,-0.051,-0.042,-0.049
387.0,396.0,0.015,2.791,0.038,-1.188,-0.145,-0.042,-0.018,-0.089,-0.043,-0.0,-0.061,0.006,0.066,-0.142,-0.018,-0.051,-0.042,-0.049
387.0,397.0,0.015,2.791,0.038,-1.188,-0.145,-0.042,-0.018,-0.089,-0.043,-0.0,-0.061,0.006,0.066,-0.142,-0.018,-0.051,-0.042,-0.049
387.0,398.0,0.015,2.791,0.038,-1.188,-0.145,-0.042,-0.018,-0.089,-0.043,-0.0,-0.061,0.006,0.066,-0.142,-0.018,-0.051,-0.042,-0.049
387.0,399.0,0.015,2.791,0.038,-1.188,-0.145,-0.042,-0.018,-0.089,-0.043,-0.0,-0.061,0.006,0.066,-0.142,-0.018,-0.051,-0.042,-0.049
388.0,389.0,0.015,2.783,0.037,-1.554,-0.12,-0.04,-0.022,-0.087,-0.041,-0.039,-0.072,0.015,0.01,-0.095,-0.03,-0.056,-0.08,-0.048
388.0,390.0,0.015,2.783,0.037,-1.554,-0.12,-0.04,-0.022,-0.087,-0.041,-0.039,-0.072,0.015,0.01,-0.095,-0.03,-0.056,-0.08,-0.048
388.0,391.0,0.015,2.783,0.037,-1.554,-0.12,-0.04,-0.022,-0.087,-0.041,-0.039,-0.072,0.015,0.01,-0.095,-0.03,-0.056,-0.08,-0.048
388.0,392.0,0.015,2.783,0.037,-1.554,-0.121,-0.04,-0.022,-0.087,-0.041,-0.039,-0.072,0.015,0.01,-0.095,-0.03,-0.056,-0.08,-0.048
388.0,393.0,0.015,2.783,0.037,-1.554,-0.121,-0.04,-0.022,-0.087,-0.041,-0.039,-0.072,0.015,0.01,-0.095,-0.029,-0.056,-0.08,-0.048
388.0,394.0,0.015,2.783,0.037,-1.554,-0.121,-0.04,-0.022,-0.087,-0.041,-0.039,-0.072,0.015,0.01,-0.095,-0.029,-0.056,-0.08,-0.048
388.0,395.0,0.015,2.783,0.037,-1.554,-0.121,-0.04,-0.022,-0.087,-0.041,-0.039,-0.072,0.015,0.01,-0.095,-0.029,-0.056,-0.08,-0.048
388.0,396.0,0.015,2.783,0.037,-1.554,-0.121,-0.04,-0.022,-0.087,-0.041,-0.039,-0.072,0.015,0.01,-0.095,-0.029,-0.056,-0.08,-0.048
388.0,397.0,0.015,2.783,0.037,-1.554,-0.121,-0.04,-0.022,-0.087,-0.041,-0.039,-0.072,0.015,0.01,-0.095,-0.029,-0.056,-0.08,-0.048
388.0,398.0,0.015,2.783,0.037,-1.554,-0.121,-0.04,-0.022,-0.087,-0.041,-0.039,-0.072,0.015,0.01,-0.095,-0.029,-0.056,-0.08,-0.048
388.0,399.0,0.015,2.783,0.037,-1.554,-0.121,-0.04,-0.022,-0.087,-0.041,-0.039,-0.072,0.015,0.01,-0.095,-0.029,-0.056,-0.08,-0.048
388.0,400.0,0.015,2.783,0.037,-1.554,-0.121,-0.04,-0.022,-0.087,-0.041,-0.038,-0.072,0.015,0.01,-0.095,-0.029,-0.056,-0.08,-0.048
389.0,390.0,0.015,2.752,0.037,-1.632,-0.126,-0.043,-0.022,-0.093,-0.04,-0.014,-0.065,0.031,-0.003,-0.106,0.001,-0.058,0.064,-0.048
389.0,391.0,0.015,2.752,0.037,-1.632,-0.126,-0.043,-0.022,-0.093,-0.04,-0.014,-0.065,0.031,-0.003,-0.106,0.001,-0.058,0.064,-0.048
389.0,392.0,0.015,2.752,0.037,-1.632,-0.126,-0.043,-0.022,-0.093,-0.04,-0.014,-0.065,0.031,-0.003,-0.106,0.001,-0.058,0.064,-0.048
389.0,393.0,0.015,2.752,0.037,-1.632,-0.126,-0.043,-0.022,-0.093,-0.04,-0.014,-0.065,0.031,-0.003,-0.106,0.001,-0.058,0.063,-0.048
389.0,394.0,0.015,2.752,0.037,-1.632,-0.126,-0.043,-0.022,-0.093,-0.04,-0.014,-0.065,0.031,-0.003,-0.106,0.0,-0.058,0.063,-0.048
389.0,395.0,0.015,2.752,0.037,-1.632,-0.126,-0.043,-0.022,-0.093,-0.04,-0.014,-0.065,0.031,-0.003,-0.106,0.0,-0.058,0.063,-0.048
389.0,396.0,0.015,2.752,0.037,-1.632,-0.126,-0.043,-0.022,-0.093,-0.04,-0.014,-0.065,0.031,-0.003,-0.106,0.0,-0.058,0.062,-0.048
389.0,397.0,0.015,2.752,0.037,-1.632,-0.126,-0.043,-0.022,-0.093,-0.04,-0.014,-0.065,0.031,-0.003,-0.106,0.0,-0.058,0.062,-0.048
389.0,398.0,0.015,2.752,0.037,-1.632,-0.126,-0.043,-0.022,-0.094,-0.04,-0.014,-0.065,0.031,-0.003,-0.106,-0.0,-0.058,0.062,-0.048
389.0,399.0,0.015,2.752,0.037,-1.632,-0.126,-0.043,-0.022,-0.094,-0.04,-0.014,-0.065,0.031,-0.003,-0.106,-0.0,-0.058,0.061,-0.048
389.0,400.0,0.015,2.752,0.037,-1.632,-0.126,-0.043,-0.022,-0.094,-0.04,-0.014,-0.065,0.031,-0.003,-0.106,-0.0,-0.058,0.061,-0.048
389.0,401.0,0.015,2.752,0.037,-1.632,-0.126,-0.043,-0.022,-0.094,-0.04,-0.014,-0.065,0.031,-0.003,-0.106,-0.0,-0.058,0.061,-0.048
390.0,391.0,0.016,2.873,0.04,-1.694,-0.116,-0.041,-0.022,-0.091,-0.041,-0.03,-0.067,0.016,0.013,-0.091,-0.011,-0.048,-0.041,-0.054
390.0,392.0,0.016,2.873,0.04,-1.694,-0.116,-0.041,-0.022,-0.091,-0.041,-0.03,-0.067,0.016,0.013,-0.091,-0.011,-0.048,-0.041,-0.054
390.0,393.0,0.016,2.873,0.04,-1.694,-0.116,-0.041,-0.022,-0.091,-0.041,-0.03,-0.067,0.016,0.013,-0.091,-0.011,-0.048,-0.041,-0.054
390.0,394.0,0.016,2.873,0.04,-1.694,-0.116,-0.041,-0.022,-0.091,-0.041,-0.03,-0.067,0.016,0.013,-0.091,-0.011,-0.048,-0.041,-0.054
390.0,395.0,0.016,2.873,0.04,-1.694,-0.116,-0.041,-0.022,-0.091,-0.041,-0.03,-0.067,0.016,0.013,-0.091,-0.011,-0.048,-0.041,-0.054
390.0,396.0,0.016,2.873,0.04,-1.694,-0.116,-0.041,-0.022,-0.091,-0.041,-0.03,-0.067,0.016,0.013,-0.091,-0.011,-0.048,-0.041,-0.054
390.0,397.0,0.016,2.873,0.04,-1.694,-0.116,-0.041,-0.022,-0.091,-0.041,-0.03,-0.067,0.016,0.013,-0.091,-0.011,-0.048,-0.041,-0.054
390.0,398.0,0.016,2.873,0.04,-1.694,-0.116,-0.041,-0.022,-0.091,-0.041,-0.03,-0.067,0.016,0.013,-0.091,-0.011,-0.048,-0.041,-0.054
390.0,399.0,0.016,2.873,0.04,-1.694,-0.116,-0.041,-0.022,-0.091,-0.041,-0.03,-0.067,0.016,0.013,-0.091,-0.012,-0.048,-0.041,-0.054
390.0,400.0,0.016,2.873,0.04,-1.694,-0.116,-0.041,-0.022,-0.091,-0.041,-0.03,-0.067,0.016,0.013,-0.091,-0.012,-0.048,-0.041,-0.054
390.0,401.0,0.016,2.873,0.04,-1.694,-0.116,-0.041,-0.022,-0.091,-0.041,-0.03,-0.067,0.016,0.013,-0.091,-0.012,-0.048,-0.041,-0.053
390.0,402.0,0.016,2.873,0.04,-1.694,-0.116,-0.041,-0.022,-0.091,-0.041,-0.03,-0.067,0.016,0.013,-0.091,-0.012,-0.049,-0.041,-0.053
391.0,392.0,0.014,2.883,0.037,-1.417,-0.115,-0.04,-0.021,-0.102,-0.039,-0.038,-0.069,0.009,0.007,-0.106,-0.012,-0.042,-0.054,-0.056
391.0,393.0,0.014,2.883,0.037,-1.417,-0.115,-0.04,-0.021,-0.102,-0.039,-0.037,-0.069,0.009,0.007,-0.106,-0.012,-0.043,-0.053,-0.056
391.0,394.0,0.014,2.883,0.037,-1.417,-0.115,-0.04,-0.021,-0.102,-0.039,-0.037,-0.069,0.009,0.007,-0.106,-0.012,-0.043,-0.053,-0.056
391.0,395.0,0.014,2.883,0.037,-1.417,-0.115,-0.04,-0.021,-0.102,-0.039,-0.037,-0.069,0.009,0.007,-0.106,-0.012,-0.043,-0.053,-0.056
391.0,396.0,0.014,2.883,0.037,-1.417,-0.115,-0.04,-0.021,-0.102,-0.039,-0.036,-0.069,0.009,0.007,-0.106,-0.012,-0.043,-0.053,-0.056
391.0,397.0,0.014,2.883,0.037,-1.417,-0.115,-0.04,-0.021,-0.102,-0.039,-0.036,-0.069,0.009,0.007,-0.106,-0.012,-0.043,-0.053,-0.056
391.0,398.0,0.014,2.883,0.037,-1.417,-0.115,-0.04,-0.021,-0.102,-0.039,-0.035,-0.069,0.008,0.007,-0.106,-0.012,-0.043,-0.053,-0.056
391.0,399.0,0.014,2.883,0.037,-1.417,-0.115,-0.04,-0.021,-0.102,-0.039,-0.035,-0.068,0.008,0.007,-0.106,-0.012,-0.043,-0.053,-0.056
391.0,400.0,0.014,2.883,0.037,-1.417,-0.115,-0.04,-0.021,-0.102,-0.039,-0.034,-0.068,0.008,0.007,-0.106,-0.012,-0.043,-0.053,-0.056
391.0,401.0,0.014,2.883,0.037,-1.417,-0.115,-0.04,-0.021,-0.102,-0.039,-0.034,-0.068,0.008,0.007,-0.106,-0.012,-0.043,-0.053,-0.056
391.0,402.0,0.014,2.883,0.037,-1.417,-0.115,-0.04,-0.021,-0.102,-0.039,-0.033,-0.068,0.008,0.007,-0.106,-0.012,-0.043,-0.053,-0.056
391.0,403.0,0.014,2.883,0.037,-1.417,-0.115,-0.04,-0.021,-0.102,-0.039,-0.033,-0.068,0.008,0.007,-0.106,-0.013,-0.043,-0.053,-0.055
392.0,393.0,0.016,2.57,0.035,-1.981,-0.099,-0.045,-0.025,-0.09,-0.046,-0.0,-0.049,0.006,0.03,-0.133,0.0,-0.062,-0.041,-0.05
392.0,394.0,0.016,2.57,0.035,-1.981,-0.099,-0.045,-0.025,-0.09,-0.046,-0.0,-0.05,0.006,0.03,-0.133,0.0,-0.062,-0.041,-0.05
392.0,395.0,0.016,2.57,0.035,-1.981,-0.099,-0.045,-0.025,-0.09,-0.046,-0.0,-0.05,0.006,0.03,-0.133,-0.0,-0.061,-0.041,-0.05
392.0,396.0,0.016,2.57,0.035,-1.981,-0.099,-0.045,-0.025,-0.09,-0.046,-0.0,-0.05,0.006,0.03,-0.133,-0.0,-0.061,-0.041,-0.05
392.0,397.0,0.016,2.57,0.035,-1.981,-0.099,-0.045,-0.025,-0.09,-0.046,-0.0,-0.05,0.005,0.03,-0.133,-0.0,-0.061,-0.041,-0.05
392.0,398.0,0.016,2.57,0.035,-1.981,-0.099,-0.045,-0.025,-0.09,-0.046,-0.0,-0.05,0.005,0.03,-0.133,-0.0,-0.061,-0.041,-0.05
392.0,399.0,0.016,2.57,0.035,-1.981,-0.099,-0.045,-0.025,-0.09,-0.046,-0.0,-0.05,0.005,0.03,-0.133,-0.0,-0.061,-0.041,-0.05
392.0,400.0,0.016,2.57,0.035,-1.981,-0.099,-0.045,-0.025,-0.09,-0.046,-0.0,-0.05,0.005,0.03,-0.133,-0.0,-0.061,-0.041,-0.05
392.0,401.0,0.016,2.57,0.035,-1.981,-0.099,-0.045,-0.025,-0.09,-0.046,-0.0,-0.05,0.005,0.03,-0.133,-0.0,-0.061,-0.042,-0.05
392.0,402.0,0.016,2.57,0.035,-1.981,-0.099,-0.045,-0.025,-0.09,-0.046,-0.001,-0.051,0.005,0.03,-0.133,-0.0,-0.061,-0.042,-0.05
392.0,403.0,0.016,2.57,0.035,-1.981,-0.099,-0.045,-0.025,-0.09,-0.046,-0.001,-0.051,0.005,0.03,-0.133,-0.0,-0.061,-0.042,-0.05
392.0,404.0,0.016,2.57,0.035,-1.981,-0.099,-0.045,-0.025,-0.09,-0.046,-0.001,-0.051,0.005,0.03,-0.133,-0.0,-0.061,-0.042,-0.05
393.0,394.0,0.015,2.603,0.036,-1.66,-0.123,-0.038,-0.023,-0.086,-0.044,-0.041,-0.063,0.009,0.071,-0.163,-0.003,-0.044,-0.057,-0.058
393.0,395.0,0.015,2.603,0.036,-1.66,-0.123,-0.038,-0.023,-0.086,-0.044,-0.041,-0.063,0.008,0.071,-0.163,-0.003,-0.044,-0.056,-0.058
393.0,396.0,0.015,2.603,0.036,-1.66,-0.123,-0.038,-0.023,-0.086,-0.044,-0.041,-0.063,0.008,0.071,-0.163,-0.003,-0.044,-0.056,-0.058
393.0,397.0,0.015,2.603,0.036,-1.66,-0.123,-0.038,-0.023,-0.086,-0.044,-0.041,-0.063,0.008,0.071,-0.163,-0.003,-0.044,-0.056,-0.058
393.0,398.0,0.015,2.603,0.036,-1.66,-0.123,-0.038,-0.023,-0.086,-0.044,-0.041,-0.063,0.008,0.071,-0.163,-0.003,-0.044,-0.056,-0.058
393.0,399.0,0.015,2.603,0.036,-1.66,-0.123,-0.038,-0.023,-0.086,-0.044,-0.041,-0.063,0.008,0.071,-0.163,-0.003,-0.045,-0.056,-0.058
393.0,400.0,0.015,2.603,0.036,-1.66,-0.123,-0.038,-0.023,-0.086,-0.044,-0.041,-0.063,0.008,0.071,-0.163,-0.003,-0.045,-0.056,-0.058
393.0,401.0,0.015,2.603,0.036,-1.66,-0.123,-0.038,-0.023,-0.086,-0.044,-0.041,-0.063,0.008,0.071,-0.163,-0.003,-0.045,-0.056,-0.058
393.0,402.0,0.015,2.603,0.036,-1.66,-0.123,-0.038,-0.023,-0.086,-0.044,-0.041,-0.063,0.008,0.071,-0.163,-0.003,-0.045,-0.056,-0.058
393.0,403.0,0.015,2.603,0.036,-1.66,-0.123,-0.038,-0.023,-0.086,-0.044,-0.04,-0.063,0.008,0.071,-0.163,-0.003,-0.045,-0.056,-0.058
393.0,404.0,0.015,2.603,0.036,-1.66,-0.123,-0.038,-0.023,-0.086,-0.044,-0.04,-0.063,0.008,0.071,-0.163,-0.003,-0.045,-0.056,-0.058
393.0,405.0,0.015,2.603,0.036,-1.66,-0.123,-0.038,-0.023,-0.086,-0.044,-0.04,-0.063,0.008,0.071,-0.163,-0.003,-0.045,-0.056,-0.058
394.0,395.0,0.014,2.764,0.036,-1.616,-0.123,-0.039,-0.021,-0.094,-0.04,0.013,-0.061,-0.035,0.0,-0.111,-0.013,-0.05,-0.05,-0.052
394.0,396.0,0.014,2.764,0.036,-1.616,-0.123,-0.039,-0.021,-0.094,-0.04,0.013,-0.061,-0.035,0.0,-0.111,-0.013,-0.05,-0.05,-0.052
394.0,397.0,0.014,2.764,0.036,-1.616,-0.123,-0.039,-0.021,-0.094,-0.04,0.013,-0.061,-0.035,0.0,-0.111,-0.013,-0.05,-0.05,-0.052
394.0,398.0,0.014,2.764,0.036,-1.616,-0.123,-0.039,-0.021,-0.094,-0.04,0.013,-0.061,-0.035,0.0,-0.111,-0.013,-0.05,-0.05,-0.052
394.0,399.0,0.014,2.764,0.036,-1.616,-0.123,-0.039,-0.021,-0.094,-0.04,0.013,-0.061,-0.035,0.0,-0.111,-0.013,-0.05,-0.05,-0.052
394.0,400.0,0.014,2.764,0.036,-1.616,-0.123,-0.039,-0.021,-0.094,-0.04,0.013,-0.061,-0.035,0.0,-0.111,-0.013,-0.05,-0.05,-0.052
394.0,401.0,0.014,2.764,0.036,-1.616,-0.123,-0.039,-0.021,-0.094,-0.04,0.013,-0.061,-0.035,0.0,-0.111,-0.013,-0.05,-0.05,-0.052
394.0,402.0,0.014,2.764,0.036,-1.616,-0.123,-0.039,-0.021,-0.094,-0.04,0.013,-0.061,-0.035,0.0,-0.111,-0.013,-0.05,-0.05,-0.052
394.0,403.0,0.014,2.764,0.036,-1.616,-0.123,-0.039,-0.021,-0.094,-0.04,0.013,-0.061,-0.035,0.0,-0.111,-0.013,-0.05,-0.05,-0.052
394.0,404.0,0.014,2.764,0.036,-1.616,-0.123,-0.039,-0.021,-0.094,-0.04,0.013,-0.061,-0.035,0.0,-0.111,-0.013,-0.05,-0.05,-0.052
394.0,405.0,0.014,2.764,0.036,-1.616,-0.123,-0.039,-0.021,-0.094,-0.04,0.013,-0.061,-0.035,0.0,-0.111,-0.013,-0.05,-0.05,-0.052
394.0,406.0,0.014,2.764,0.036,-1.616,-0.123,-0.039,-0.021,-0.094,-0.04,0.013,-0.061,-0.035,0.0,-0.111,-0.013,-0.05,-0.05,-0.052
395.0,396.0,0.021,2.888,0.039,-1.365,-0.134,-0.045,-0.022,-0.089,-0.043,-0.034,-0.065,0.005,0.041,-0.104,-0.011,-0.05,-0.036,-0.055
395.0,397.0,0.021,2.888,0.039,-1.365,-0.134,-0.045,-0.022,-0.089,-0.043,-0.034,-0.065,0.005,0.04,-0.104,-0.011,-0.05,-0.036,-0.055
395.0,398.0,0.021,2.888,0.039,-1.365,-0.134,-0.045,-0.022,-0.089,-0.043,-0.034,-0.065,0.005,0.04,-0.104,-0.011,-0.05,-0.036,-0.055
395.0,399.0,0.021,2.888,0.039,-1.365,-0.134,-0.045,-0.022,-0.089,-0.043,-0.034,-0.065,0.005,0.04,-0.104,-0.011,-0.05,-0.037,-0.055
395.0,400.0,0.021,2.888,0.039,-1.365,-0.134,-0.045,-0.022,-0.089,-0.043,-0.033,-0.065,0.005,0.039,-0.104,-0.011,-0.05,-0.037,-0.055
395.0,401.0,0.021,2.888,0.039,-1.365,-0.134,-0.045,-0.022,-0.089,-0.043,-0.033,-0.065,0.005,0.039,-0.104,-0.011,-0.05,-0.037,-0.055
395.0,402.0,0.021,2.888,0.039,-1.365,-0.134,-0.045,-0.022,-0.089,-0.043,-0.033,-0.065,0.005,0.039,-0.104,-0.011,-0.05,-0.037,-0.055
395.0,403.0,0.021,2.888,0.039,-1.365,-0.134,-0.045,-0.022,-0.089,-0.043,-0.033,-0.065,0.005,0.038,-0.104,-0.011,-0.05,-0.037,-0.055
395.0,404.0,0.021,2.888,0.039,-1.365,-0.134,-0.045,-0.022,-0.089,-0.043,-0.033,-0.066,0.005,0.038,-0.104,-0.011,-0.05,-0.037,-0.055
395.0,405.0,0.021,2.888,0.039,-1.365,-0.134,-0.045,-0.022,-0.089,-0.043,-0.033,-0.066,0.005,0.038,-0.104,-0.011,-0.05,-0.037,-0.055
395.0,406.0,0.021,2.888,0.039,-1.365,-0.134,-0.045,-0.022,-0.089,-0.043,-0.033,-0.066,0.005,0.037,-0.105,-0.011,-0.05,-0.037,-0.055
395.0,407.0,0.021,2.888,0.039,-1.365,-0.134,-0.045,-0.022,-0.089,-0.043,-0.033,-0.066,0.005,0.037,-0.105,-0.011,-0.05,-0.037,-0.055
396.0,397.0,0.015,2.821,0.036,-1.531,-0.127,-0.04,-0.024,-0.088,-0.039,-0.006,-0.05,0.006,0.011,-0.075,-0.003,-0.048,-0.061,-0.05
396.0,398.0,0.015,2.821,0.036,-1.531,-0.127,-0.04,-0.024,-0.088,-0.039,-0.006,-0.05,0.006,0.011,-0.075,-0.003,-0.048,-0.06,-0.05
396.0,399.0,0.015,2.821,0.036,-1.531,-0.127,-0.04,-0.024,-0.088,-0.039,-0.006,-0.05,0.006,0.011,-0.076,-0.003,-0.048,-0.06,-0.05
396.0,400.0,0.015,2.821,0.036,-1.531,-0.127,-0.04,-0.024,-0.088,-0.039,-0.006,-0.051,0.006,0.011,-0.076,-0.004,-0.048,-0.06,-0.05
396.0,401.0,0.015,2.821,0.036,-1.531,-0.127,-0.04,-0.024,-0.088,-0.039,-0.006,-0.051,0.006,0.011,-0.076,-0.004,-0.048,-0.06,-0.05
396.0,402.0,0.015,2.821,0.036,-1.531,-0.127,-0.04,-0.024,-0.088,-0.039,-0.006,-0.051,0.006,0.01,-0.076,-0.004,-0.048,-0.06,-0.05
396.0,403.0,0.015,2.821,0.036,-1.531,-0.127,-0.04,-0.024,-0.088,-0.039,-0.006,-0.051,0.006,0.01,-0.076,-0.004,-0.048,-0.06,-0.05
396.0,404.0,0.015,2.821,0.036,-1.531,-0.127,-0.04,-0.024,-0.088,-0.039,-0.006,-0.051,0.006,0.01,-0.076,-0.004,-0.048,-0.06,-0.05
396.0,405.0,0.015,2.821,0.036,-1.531,-0.127,-0.04,-0.024,-0.088,-0.039,-0.006,-0.051,0.006,0.01,-0.076,-0.004,-0.048,-0.06,-0.05
396.0,406.0,0.015,2.821,0.036,-1.531,-0.127,-0.04,-0.024,-0.088,-0.039,-0.006,-0.051,0.006,0.01,-0.076,-0.004,-0.048,-0.059,-0.05
396.0,407.0,0.015,2.821,0.036,-1.531,-0.127,-0.04,-0.024,-0.088,-0.039,-0.006,-0.052,0.006,0.01,-0.077,-0.004,-0.048,-0.059,-0.05
396.0,408.0,0.015,2.821,0.036,-1.531,-0.127,-0.04,-0.024,-0.088,-0.039,-0.006,-0.052,0.006,0.01,-0.077,-0.004,-0.048,-0.059,-0.05
397.0,398.0,0.02,2.618,0.039,-1.187,-0.088,-0.043,-0.019,-0.072,-0.041,-0.036,-0.056,0.006,0.04,-0.123,-0.008,-0.044,-0.042,-0.053
397.0,399.0,0.02,2.618,0.039,-1.187,-0.088,-0.043,-0.019,-0.072,-0.041,-0.036,-0.056,0.006,0.04,-0.123,-0.008,-0.044,-0.042,-0.053
397.0,400.0,0.02,2.618,0.039,-1.187,-0.088,-0.043,-0.019,-0.072,-0.041,-0.036,-0.056,0.006,0.04,-0.123,-0.008,-0.044,-0.042,-0.053
397.0,401.0,0.02,2.618,0.039,-1.187,-0.088,-0.043,-0.019,-0.073,-0.041,-0.036,-0.056,0.006,0.04,-0.123,-0.008,-0.044,-0.042,-0.053
397.0,402.0,0.02,2.618,0.039,-1.187,-0.088,-0.043,-0.019,-0.073,-0.041,-0.036,-0.056,0.006,0.04,-0.123,-0.008,-0.044,-0.042,-0.053
397.0,403.0,0.02,2.618,0.039,-1.187,-0.089,-0.043,-0.019,-0.073,-0.041,-0.036,-0.056,0.005,0.04,-0.123,-0.008,-0.044,-0.042,-0.053
397.0,404.0,0.02,2.618,0.039,-1.187,-0.089,-0.043,-0.019,-0.074,-0.041,-0.036,-0.056,0.005,0.04,-0.123,-0.008,-0.044,-0.042,-0.053
397.0,405.0,0.02,2.618,0.039,-1.187,-0.089,-0.043,-0.019,-0.074,-0.041,-0.036,-0.056,0.005,0.04,-0.123,-0.008,-0.044,-0.042,-0.053
397.0,406.0,0.02,2.618,0.039,-1.187,-0.089,-0.043,-0.019,-0.074,-0.041,-0.036,-0.056,0.005,0.04,-0.123,-0.008,-0.044,-0.042,-0.053
397.0,407.0,0.02,2.618,0.039,-1.187,-0.089,-0.043,-0.019,-0.074,-0.041,-0.036,-0.056,0.005,0.04,-0.123,-0.008,-0.044,-0.042,-0.053
397.0,408.0,0.02,2.618,0.039,-1.187,-0.089,-0.043,-0.019,-0.075,-0.041,-0.035,-0.056,0.005,0.04,-0.123,-0.008,-0.044,-0.042,-0.053
397.0,409.0,0.02,2.618,0.039,-1.187,-0.089,-0.043,-0.019,-0.075,-0.041,-0.035,-0.057,0.005,0.04,-0.123,-0.008,-0.044,-0.042,-0.053
398.0,399.0,0.014,2.773,0.038,-1.064,-0.121,-0.034,-0.02,-0.096,-0.04,-0.039,-0.06,0.009,0.009,-0.11,-0.017,-0.055,-0.048,-0.049
398.0,400.0,0.014,2.773,0.038,-1.064,-0.121,-0.034,-0.02,-0.096,-0.04,-0.039,-0.06,0.009,0.009,-0.11,-0.017,-0.055,-0.048,-0.049
398.0,401.0,0.014,2.773,0.038,-1.064,-0.121,-0.034,-0.02,-0.096,-0.04,-0.039,-0.06,0.009,0.009,-0.11,-0.017,-0.055,-0.048,-0.049
398.0,402.0,0.014,2.773,0.038,-1.064,-0.121,-0.034,-0.02,-0.096,-0.04,-0.039,-0.06,0.009,0.009,-0.11,-0.017,-0.055,-0.048,-0.049
398.0,403.0,0.014,2.773,0.038,-1.064,-0.121,-0.034,-0.02,-0.096,-0.04,-0.039,-0.06,0.009,0.009,-0.11,-0.017,-0.055,-0.048,-0.049
398.0,404.0,0.014,2.773,0.038,-1.064,-0.121,-0.034,-0.02,-0.096,-0.04,-0.039,-0.06,0.009,0.009,-0.11,-0.017,-0.055,-0.048,-0.049
398.0,405.0,0.014,2.773,0.038,-1.064,-0.121,-0.034,-0.02,-0.096,-0.04,-0.039,-0.061,0.009,0.009,-0.11,-0.017,-0.055,-0.048,-0.049
398.0,406.0,0.014,2.773,0.038,-1.064,-0.121,-0.034,-0.02,-0.096,-0.04,-0.039,-0.061,0.008,0.009,-0.11,-0.017,-0.055,-0.048,-0.049
398.0,407.0,0.014,2.773,0.038,-1.064,-0.121,-0.034,-0.02,-0.096,-0.04,-0.039,-0.061,0.008,0.009,-0.11,-0.017,-0.055,-0.048,-0.049
398.0,408.0,0.014,2.773,0.038,-1.064,-0.121,-0.034,-0.02,-0.096,-0.04,-0.039,-0.061,0.008,0.009,-0.11,-0.017,-0.055,-0.048,-0.05
398.0,409.0,0.014,2.773,0.038,-1.064,-0.121,-0.034,-0.02,-0.096,-0.04,-0.039,-0.061,0.008,0.009,-0.11,-0.017,-0.055,-0.048,-0.05
398.0,410.0,0.014,2.773,0.038,-1.064,-0.121,-0.034,-0.02,-0.096,-0.04,-0.039,-0.061,0.008,0.009,-0.11,-0.017,-0.055,-0.048,-0.05
399.0,400.0,0.014,2.787,0.036,-1.656,-0.107,-0.04,-0.022,-0.104,-0.042,-0.036,-0.053,0.012,0.034,-0.136,0.006,-0.051,-0.053,-0.051
399.0,401.0,0.014,2.787,0.036,-1.656,-0.107,-0.04,-0.022,-0.104,-0.042,-0.036,-0.053,0.012,0.034,-0.136,0.006,-0.051,-0.053,-0.051
399.0,402.0,0.014,2.787,0.036,-1.656,-0.107,-0.04,-0.022,-0.104,-0.042,-0.036,-0.053,0.012,0.034,-0.136,0.006,-0.051,-0.053,-0.051
399.0,403.0,0.014,2.787,0.036,-1.656,-0.107,-0.04,-0.022,-0.104,-0.042,-0.036,-0.053,0.012,0.034,-0.136,0.006,-0.051,-0.053,-0.051
399.0,404.0,0.014,2.787,0.036,-1.656,-0.107,-0.04,-0.022,-0.104,-0.042,-0.036,-0.053,0.012,0.034,-0.136,0.006,-0.051,-0.053,-0.051
399.0,405.0,0.014,2.787,0.036,-1.656,-0.107,-0.04,-0.022,-0.104,-0.042,-0.036,-0.053,0.012,0.034,-0.136,0.006,-0.051,-0.053,-0.051
399.0,406.0,0.014,2.787,0.036,-1.656,-0.107,-0.04,-0.022,-0.104,-0.042,-0.036,-0.053,0.012,0.034,-0.136,0.006,-0.051,-0.053,-0.051
399.0,407.0,0.014,2.787,0.036,-1.656,-0.107,-0.04,-0.022,-0.104,-0.042,-0.036,-0.053,0.012,0.034,-0.136,0.006,-0.051,-0.053,-0.051
399.0,408.0,0.014,2.787,0.036,-1.656,-0.107,-0.04,-0.022,-0.104,-0.042,-0.036,-0.053,0.012,0.034,-0.136,0.006,-0.051,-0.053,-0.051
399.0,409.0,0.014,2.787,0.036,-1.656,-0.107,-0.04,-0.022,-0.104,-0.042,-0.036,-0.053,0.012,0.034,-0.136,0.006,-0.051,-0.053,-0.051
399.0,410.0,0.014,2.787,0.036,-1.656,-0.107,-0.04,-0.022,-0.104,-0.042,-0.036,-0.053,0.012,0.034,-0.136,0.006,-0.051,-0.053,-0.051
399.0,411.0,0.014,2.787,0.036,-1.656,-0.107,-0.04,-0.022,-0.104,-0.042,-0.036,-0.053,0.012,0.034,-0.136,0.006,-0.051,-0.053,-0.051
400.0,401.0,0.016,2.716,0.037,-1.661,-0.11,-0.034,-0.018,-0.092,-0.041,-0.033,-0.056,0.014,-0.001,-0.096,-0.019,-0.053,-0.049,-0.05
400.0,402.0,0.016,2.716,0.037,-1.661,-0.11,-0.034,-0.018,-0.092,-0.041,-0.033,-0.056,0.014,-0.001,-0.096,-0.019,-0.053,-0.049,-0.05
400.0,403.0,0.016,2.716,0.037,-1.661,-0.11,-0.034,-0.018,-0.092,-0.041,-0.033,-0.056,0.014,-0.001,-0.096,-0.019,-0.053,-0.049,-0.05
400.0,404.0,0.016,2.716,0.037,-1.661,-0.11,-0.034,-0.018,-0.092,-0.041,-0.033,-0.056,0.014,-0.001,-0.096,-0.019,-0.053,-0.049,-0.05
400.0,405.0,0.016,2.716,0.037,-1.661,-0.11,-0.034,-0.018,-0.092,-0.041,-0.033,-0.056,0.014,-0.001,-0.096,-0.019,-0.053,-0.049,-0.05
400.0,406.0,0.016,2.716,0.037,-1.661,-0.11,-0.034,-0.018,-0.092,-0.041,-0.033,-0.056,0.014,-0.001,-0.096,-0.019,-0.053,-0.049,-0.05
400.0,407.0,0.016,2.716,0.037,-1.661,-0.11,-0.034,-0.018,-0.092,-0.041,-0.033,-0.056,0.014,-0.001,-0.096,-0.019,-0.053,-0.049,-0.05
400.0,408.0,0.016,2.716,0.037,-1.661,-0.11,-0.034,-0.018,-0.092,-0.041,-0.033,-0.056,0.014,-0.001,-0.096,-0.019,-0.053,-0.049,-0.05
400.0,409.0,0.016,2.716,0.037,-1.661,-0.11,-0.034,-0.018,-0.092,-0.041,-0.033,-0.056,0.014,-0.001,-0.096,-0.019,-0.053,-0.049,-0.05
400.0,410.0,0.016,2.716,0.037,-1.661,-0.11,-0.034,-0.018,-0.092,-0.041,-0.033,-0.056,0.014,-0.001,-0.096,-0.019,-0.053,-0.049,-0.05
400.0,411.0,0.016,2.716,0.037,-1.661,-0.11,-0.034,-0.018,-0.092,-0.041,-0.033,-0.056,0.014,-0.001,-0.096,-0.019,-0.053,-0.049,-0.05
400.0,412.0,0.016,2.716,0.037,-1.661,-0.11,-0.034,-0.018,-0.092,-0.041,-0.033,-0.056,0.014,-0.001,-0.096,-0.019,-0.053,-0.049,-0.05
401.0,402.0,0.016,2.884,0.038,-1.562,-0.125,-0.044,-0.019,-0.096,-0.042,-0.035,-0.054,0.012,0.005,-0.096,-0.013,-0.053,-0.058,-0.049
401.0,403.0,0.016,2.884,0.038,-1.562,-0.125,-0.044,-0.019,-0.096,-0.042,-0.035,-0.054,0.012,0.005,-0.096,-0.013,-0.053,-0.058,-0.049
401.0,404.0,0.016,2.884,0.038,-1.562,-0.125,-0.044,-0.019,-0.096,-0.042,-0.035,-0.054,0.012,0.005,-0.096,-0.013,-0.053,-0.058,-0.049
401.0,405.0,0.016,2.884,0.038,-1.562,-0.125,-0.044,-0.019,-0.096,-0.042,-0.035,-0.054,0.012,0.005,-0.096,-0.013,-0.053,-0.058,-0.049
401.0,406.0,0.016,2.884,0.038,-1.562,-0.125,-0.044,-0.019,-0.096,-0.042,-0.035,-0.054,0.012,0.005,-0.096,-0.013,-0.053,-0.058,-0.049
401.0,407.0,0.016,2.884,0.038,-1.562,-0.125,-0.044,-0.019,-0.096,-0.042,-0.035,-0.054,0.012,0.005,-0.096,-0.013,-0.053,-0.058,-0.049
401.0,408.0,0.016,2.884,0.038,-1.562,-0.125,-0.044,-0.019,-0.096,-0.042,-0.035,-0.054,0.012,0.005,-0.096,-0.013,-0.053,-0.058,-0.049
401.0,409.0,0.016,2.884,0.038,-1.562,-0.125,-0.044,-0.019,-0.096,-0.042,-0.035,-0.054,0.012,0.005,-0.096,-0.013,-0.053,-0.058,-0.049
401.0,410.0,0.016,2.884,0.038,-1.562,-0.125,-0.044,-0.019,-0.096,-0.042,-0.035,-0.054,0.012,0.005,-0.096,-0.013,-0.053,-0.058,-0.049
401.0,411.0,0.016,2.884,0.038,-1.562,-0.125,-0.044,-0.019,-0.096,-0.042,-0.035,-0.054,0.012,0.005,-0.096,-0.013,-0.053,-0.058,-0.049
401.0,412.0,0.016,2.884,0.038,-1.562,-0.125,-0.044,-0.019,-0.096,-0.042,-0.035,-0.054,0.012,0.005,-0.096,-0.013,-0.053,-0.058,-0.049
401.0,413.0,0.016,2.884,0.038,-1.562,-0.125,-0.044,-0.019,-0.096,-0.042,-0.035,-0.054,0.012,0.005,-0.096,-0.013,-0.053,-0.058,-0.049
402.0,403.0,0.016,2.754,0.036,-1.815,-0.109,-0.039,-0.02,-0.08,-0.042,-0.034,-0.051,0.014,0.001,-0.104,-0.007,-0.054,-0.05,-0.049
402.0,404.0,0.016,2.754,0.036,-1.815,-0.109,-0.039,-0.02,-0.08,-0.042,-0.034,-0.051,0.014,0.001,-0.104,-0.007,-0.054,-0.05,-0.049
402.0,405.0,0.016,2.754,0.036,-1.815,-0.109,-0.039,-0.02,-0.08,-0.042,-0.034,-0.051,0.014,0.001,-0.104,-0.007,-0.054,-0.05,-0.049
402.0,406.0,0.016,2.754,0.036,-1.815,-0.109,-0.039,-0.02,-0.08,-0.042,-0.034,-0.051,0.014,0.001,-0.104,-0.007,-0.054,-0.05,-0.049
402.0,407.0,0.016,2.754,0.036,-1.815,-0.109,-0.039,-0.02,-0.08,-0.042,-0.034,-0.051,0.014,0.001,-0.104,-0.007,-0.054,-0.05,-0.049
402.0,408.0,0.016,2.754,0.036,-1.815,-0.109,-0.039,-0.02,-0.08,-0.042,-0.034,-0.051,0.014,0.001,-0.104,-0.007,-0.054,-0.05,-0.049
402.0,409.0,0.016,2.754,0.036,-1.815,-0.109,-0.039,-0.02,-0.08,-0.042,-0.034,-0.051,0.014,0.001,-0.104,-0.007,-0.054,-0.05,-0.049
402.0,410.0,0.016,2.754,0.036,-1.815,-0.109,-0.039,-0.02,-0.08,-0.042,-0.034,-0.051,0.014,0.001,-0.104,-0.007,-0.054,-0.05,-0.049
402.0,411.0,0.016,2.754,0.036,-1.815,-0.109,-0.039,-0.02,-0.08,-0.042,-0.034,-0.051,0.014,0.001,-0.104,-0.007,-0.054,-0.05,-0.049
402.0,412.0,0.016,2.754,0.036,-1.815,-0.109,-0.039,-0.02,-0.08,-0.042,-0.034,-0.051,0.014,0.001,-0.104,-0.007,-0.054,-0.05,-0.049
402.0,413.0,0.016,2.754,0.036,-1.815,-0.109,-0.039,-0.02,-0.08,-0.042,-0.034,-0.051,0.014,0.001,-0.104,-0.007,-0.054,-0.05,-0.049
402.0,414.0,0.016,2.754,0.036,-1.815,-0.109,-0.039,-0.02,-0.08,-0.042,-0.034,-0.051,0.014,0.001,-0.104,-0.007,-0.054,-0.05,-0.049
403.0,404.0,0.017,2.622,0.035,-1.847,-0.096,-0.038,-0.019,-0.087,-0.054,-0.034,-0.052,0.013,-0.002,-0.113,-0.006,-0.056,-0.05,-0.049
403.0,405.0,0.017,2.622,0.035,-1.847,-0.096,-0.038,-0.019,-0.087,-0.054,-0.034,-0.052,0.013,-0.002,-0.113,-0.006,-0.056,-0.05,-0.049
403.0,406.0,0.017,2.622,0.035,-1.847,-0.096,-0.038,-0.019,-0.087,-0.054,-0.034,-0.052,0.013,-0.002,-0.113,-0.006,-0.056,-0.05,-0.049
403.0,407.0,0.017,2.622,0.035,-1.847,-0.096,-0.038,-0.019,-0.087,-0.054,-0.034,-0.052,0.013,-0.002,-0.113,-0.006,-0.056,-0.05,-0.049
403.0,408.0,0.017,2.622,0.035,-1.847,-0.096,-0.038,-0.019,-0.087,-0.054,-0.034,-0.052,0.013,-0.002,-0.113,-0.006,-0.056,-0.05,-0.049
403.0,409.0,0.017,2.622,0.035,-1.847,-0.096,-0.038,-0.019,-0.087,-0.054,-0.034,-0.052,0.013,-0.002,-0.113,-0.006,-0.056,-0.05,-0.049
403.0,410.0,0.017,2.622,0.035,-1.847,-0.096,-0.038,-0.019,-0.087,-0.054,-0.034,-0.052,0.013,-0.002,-0.113,-0.006,-0.056,-0.05,-0.049
403.0,411.0,0.017,2.622,0.035,-1.847,-0.096,-0.038,-0.019,-0.087,-0.054,-0.034,-0.052,0.013,-0.002,-0.113,-0.006,-0.056,-0.05,-0.049
403.0,412.0,0.017,2.622,0.035,-1.847,-0.096,-0.038,-0.019,-0.087,-0.054,-0.034,-0.052,0.013,-0.002,-0.113,-0.006,-0.056,-0.05,-0.049
403.0,413.0,0.017,2.622,0.035,-1.847,-0.096,-0.038,-0.019,-0.087,-0.054,-0.034,-0.052,0.013,-0.002,-0.113,-0.006,-0.056,-0.05,-0.049
403.0,414.0,0.017,2.622,0.035,-1.847,-0.096,-0.038,-0.019,-0.087,-0.054,-0.034,-0.052,0.013,-0.002,-0.113,-0.006,-0.056,-0.05,-0.049
403.0,415.0,0.017,2.622,0.035,-1.847,-0.096,-0.038,-0.019,-0.087,-0.054,-0.034,-0.052,0.013,-0.002,-0.113,-0.006,-0.056,-0.05,-0.049
404.0,405.0,0.016,2.702,0.037,-1.274,-0.122,-0.043,-0.019,-0.085,-0.043,-0.035,-0.053,0.009,0.012,-0.11,-0.008,-0.052,-0.048,-0.051
404.0,406.0,0.016,2.702,0.037,-1.274,-0.122,-0.043,-0.019,-0.085,-0.043,-0.035,-0.054,0.009,0.012,-0.11,-0.008,-0.052,-0.048,-0.051
404.0,407.0,0.016,2.702,0.037,-1.274,-0.122,-0.043,-0.019,-0.085,-0.043,-0.035,-0.054,0.009,0.012,-0.111,-0.008,-0.052,-0.048,-0.051
404.0,408.0,0.016,2.702,0.037,-1.274,-0.122,-0.043,-0.019,-0.085,-0.043,-0.034,-0.054,0.009,0.012,-0.111,-0.008,-0.052,-0.048,-0.05
404.0,409.0,0.016,2.702,0.037,-1.274,-0.122,-0.043,-0.019,-0.085,-0.043,-0.034,-0.054,0.009,0.012,-0.111,-0.008,-0.052,-0.048,-0.05
404.0,410.0,0.016,2.702,0.037,-1.274,-0.122,-0.043,-0.019,-0.085,-0.043,-0.034,-0.054,0.009,0.012,-0.111,-0.008,-0.052,-0.048,-0.05
404.0,411.0,0.016,2.702,0.037,-1.274,-0.122,-0.043,-0.019,-0.085,-0.043,-0.034,-0.054,0.009,0.012,-0.111,-0.008,-0.052,-0.048,-0.05
404.0,412.0,0.016,2.702,0.037,-1.274,-0.122,-0.043,-0.019,-0.085,-0.043,-0.034,-0.054,0.009,0.012,-0.111,-0.008,-0.052,-0.048,-0.05
404.0,413.0,0.016,2.702,0.037,-1.274,-0.122,-0.043,-0.019,-0.085,-0.043,-0.034,-0.054,0.009,0.012,-0.111,-0.008,-0.052,-0.048,-0.05
404.0,414.0,0.016,2.702,0.037,-1.274,-0.122,-0.043,-0.019,-0.085,-0.043,-0.034,-0.054,0.009,0.012,-0.111,-0.008,-0.052,-0.048,-0.05
404.0,415.0,0.016,2.702,0.037,-1.274,-0.122,-0.043,-0.019,-0.085,-0.043,-0.034,-0.054,0.009,0.012,-0.111,-0.008,-0.052,-0.048,-0.05
404.0,416.0,0.016,2.702,0.037,-1.274,-0.122,-0.043,-0.019,-0.085,-0.043,-0.034,-0.055,0.009,0.012,-0.111,-0.008,-0.052,-0.048,-0.05
405.0,406.0,0.014,2.779,0.039,-1.168,-0.096,-0.042,-0.019,-0.088,-0.04,-0.038,-0.058,0.007,0.022,-0.133,0.004,-0.054,-0.046,-0.062
405.0,407.0,0.014,2.779,0.039,-1.168,-0.096,-0.042,-0.019,-0.088,-0.04,-0.038,-0.058,0.007,0.022,-0.133,0.004,-0.054,-0.046,-0.062
405.0,408.0,0.014,2.779,0.039,-1.168,-0.096,-0.042,-0.019,-0.088,-0.04,-0.038,-0.058,0.007,0.022,-0.133,0.004,-0.054,-0.046,-0.062
405.0,409.0,0.014,2.779,0.039,-1.168,-0.096,-0.042,-0.019,-0.088,-0.04,-0.038,-0.058,0.007,0.022,-0.133,0.004,-0.054,-0.046,-0.062
405.0,410.0,0.014,2.779,0.039,-1.168,-0.096,-0.042,-0.019,-0.088,-0.04,-0.038,-0.058,0.007,0.022,-0.133,0.004,-0.054,-0.046,-0.062
405.0,411.0,0.014,2.779,0.039,-1.168,-0.096,-0.042,-0.019,-0.088,-0.04,-0.038,-0.058,0.007,0.022,-0.133,0.004,-0.054,-0.046,-0.062
405.0,412.0,0.014,2.779,0.039,-1.168,-0.096,-0.042,-0.019,-0.088,-0.04,-0.038,-0.058,0.007,0.022,-0.133,0.004,-0.054,-0.046,-0.062
405.0,413.0,0.014,2.779,0.039,-1.168,-0.096,-0.042,-0.019,-0.088,-0.04,-0.038,-0.058,0.007,0.022,-0.133,0.004,-0.054,-0.046,-0.062
405.0,414.0,0.014,2.779,0.039,-1.168,-0.096,-0.042,-0.019,-0.088,-0.04,-0.038,-0.058,0.007,0.022,-0.133,0.004,-0.054,-0.046,-0.062
405.0,415.0,0.014,2.779,0.039,-1.168,-0.096,-0.042,-0.019,-0.088,-0.04,-0.038,-0.059,0.007,0.022,-0.133,0.004,-0.054,-0.046,-0.062
405.0,416.0,0.014,2.779,0.039,-1.168,-0.096,-0.042,-0.019,-0.088,-0.04,-0.038,-0.059,0.007,0.021,-0.133,0.004,-0.054,-0.046,-0.062
405.0,417.0,0.014,2.779,0.039,-1.168,-0.096,-0.042,-0.019,-0.088,-0.04,-0.038,-0.059,0.007,0.021,-0.133,0.004,-0.054,-0.046,-0.062
406.0,407.0,0.024,2.849,0.043,-1.27,-0.109,-0.034,-0.02,-0.096,-0.041,-0.03,-0.057,0.007,0.02,-0.106,0.012,-0.054,-0.034,-0.053
406.0,408.0,0.024,2.849,0.043,-1.27,-0.109,-0.034,-0.02,-0.096,-0.041,-0.03,-0.057,0.007,0.02,-0.106,0.012,-0.054,-0.034,-0.053
406.0,409.0,0.024,2.849,0.043,-1.27,-0.109,-0.034,-0.02,-0.096,-0.041,-0.03,-0.057,0.007,0.02,-0.106,0.012,-0.054,-0.034,-0.053
406.0,410.0,0.024,2.849,0.043,-1.27,-0.109,-0.034,-0.02,-0.096,-0.041,-0.03,-0.057,0.007,0.02,-0.106,0.012,-0.054,-0.034,-0.053
406.0,411.0,0.024,2.849,0.043,-1.27,-0.109,-0.034,-0.02,-0.096,-0.041,-0.03,-0.057,0.007,0.02,-0.106,0.012,-0.054,-0.034,-0.053
406.0,412.0,0.024,2.849,0.043,-1.27,-0.109,-0.034,-0.02,-0.096,-0.041,-0.03,-0.057,0.007,0.02,-0.106,0.012,-0.054,-0.034,-0.053
406.0,413.0,0.024,2.849,0.043,-1.27,-0.109,-0.034,-0.02,-0.096,-0.041,-0.03,-0.057,0.007,0.02,-0.106,0.012,-0.054,-0.034,-0.053
406.0,414.0,0.024,2.849,0.043,-1.27,-0.109,-0.034,-0.02,-0.096,-0.041,-0.03,-0.057,0.007,0.02,-0.106,0.012,-0.054,-0.034,-0.053
406.0,415.0,0.024,2.849,0.043,-1.27,-0.109,-0.034,-0.02,-0.096,-0.041,-0.03,-0.057,0.007,0.02,-0.106,0.012,-0.054,-0.034,-0.053
406.0,416.0,0.024,2.849,0.043,-1.27,-0.109,-0.034,-0.02,-0.096,-0.041,-0.03,-0.057,0.007,0.02,-0.106,0.012,-0.054,-0.034,-0.053
406.0,417.0,0.024,2.849,0.043,-1.27,-0.109,-0.034,-0.02,-0.096,-0.041,-0.03,-0.057,0.007,0.02,-0.106,0.012,-0.054,-0.034,-0.053
406.0,418.0,0.024,2.849,0.043,-1.27,-0.109,-0.034,-0.02,-0.096,-0.041,-0.03,-0.057,0.007,0.02,-0.106,0.012,-0.054,-0.034,-0.053
407.0,408.0,0.012,3.288,0.039,-1.877,-0.096,0.055,-0.017,-0.083,-0.017,-0.013,-0.049,0.019,0.031,-0.072,-0.025,-0.052,-0.076,-0.05
407.0,409.0,0.012,3.288,0.039,-1.877,-0.096,0.05,-0.017,-0.083,-0.017,-0.013,-0.049,0.019,0.031,-0.072,-0.025,-0.052,-0.076,-0.05
407.0,410.0,0.012,3.288,0.039,-1.877,-0.096,0.045,-0.017,-0.083,-0.017,-0.013,-0.05,0.019,0.031,-0.072,-0.025,-0.052,-0.075,-0.05
407.0,411.0,0.012,3.288,0.039,-1.877,-0.095,0.04,-0.017,-0.083,-0.017,-0.013,-0.05,0.019,0.031,-0.072,-0.025,-0.052,-0.074,-0.05
407.0,412.0,0.012,3.288,0.039,-1.877,-0.095,0.035,-0.017,-0.083,-0.017,-0.013,-0.05,0.019,0.031,-0.072,-0.025,-0.052,-0.073,-0.05
407.0,413.0,0.012,3.288,0.039,-1.877,-0.095,0.031,-0.017,-0.083,-0.017,-0.013,-0.05,0.019,0.03,-0.072,-0.025,-0.052,-0.073,-0.05
407.0,414.0,0.012,3.288,0.039,-1.877,-0.095,0.026,-0.017,-0.083,-0.017,-0.013,-0.05,0.019,0.03,-0.072,-0.025,-0.052,-0.072,-0.05
407.0,415.0,0.012,3.288,0.039,-1.877,-0.095,0.022,-0.017,-0.083,-0.018,-0.013,-0.05,0.019,0.03,-0.072,-0.025,-0.052,-0.071,-0.05
407.0,416.0,0.012,3.288,0.039,-1.877,-0.095,0.019,-0.017,-0.083,-0.018,-0.013,-0.051,0.019,0.03,-0.072,-0.025,-0.052,-0.071,-0.05
407.0,417.0,0.012,3.288,0.039,-1.877,-0.095,0.015,-0.017,-0.083,-0.018,-0.013,-0.051,0.019,0.03,-0.072,-0.025,-0.052,-0.07,-0.05
407.0,418.0,0.012,3.288,0.039,-1.877,-0.095,0.012,-0.017,-0.083,-0.018,-0.013,-0.051,0.019,0.029,-0.072,-0.025,-0.052,-0.069,-0.05
407.0,419.0,0.012,3.288,0.039,-1.877,-0.095,0.009,-0.017,-0.083,-0.018,-0.013,-0.051,0.019,0.029,-0.072,-0.025,-0.052,-0.069,-0.05
408.0,409.0,0.016,2.806,0.038,-1.031,-0.114,-0.033,-0.018,-0.089,-0.043,-0.029,-0.036,0.007,0.012,-0.096,-0.007,-0.053,-0.049,-0.052
408.0,410.0,0.016,2.806,0.038,-1.031,-0.114,-0.033,-0.018,-0.089,-0.043,-0.029,-0.036,0.007,0.012,-0.096,-0.007,-0.053,-0.049,-0.052
408.0,411.0,0.016,2.806,0.038,-1.031,-0.114,-0.033,-0.018,-0.089,-0.043,-0.029,-0.036,0.007,0.011,-0.096,-0.007,-0.053,-0.049,-0.052
408.0,412.0,0.016,2.806,0.038,-1.031,-0.114,-0.033,-0.018,-0.089,-0.043,-0.029,-0.037,0.007,0.011,-0.096,-0.007,-0.053,-0.049,-0.052
408.0,413.0,0.016,2.806,0.038,-1.031,-0.114,-0.033,-0.018,-0.089,-0.043,-0.029,-0.037,0.007,0.011,-0.096,-0.008,-0.053,-0.049,-0.052
408.0,414.0,0.016,2.806,0.038,-1.031,-0.114,-0.033,-0.018,-0.089,-0.043,-0.029,-0.037,0.007,0.011,-0.096,-0.008,-0.053,-0.049,-0.052
408.0,415.0,0.016,2.806,0.038,-1.031,-0.114,-0.033,-0.018,-0.089,-0.043,-0.029,-0.037,0.006,0.011,-0.096,-0.008,-0.053,-0.049,-0.051
408.0,416.0,0.016,2.806,0.038,-1.031,-0.114,-0.033,-0.018,-0.089,-0.043,-0.029,-0.037,0.006,0.011,-0.096,-0.008,-0.053,-0.049,-0.051
408.0,417.0,0.016,2.806,0.038,-1.031,-0.114,-0.033,-0.018,-0.089,-0.043,-0.028,-0.037,0.006,0.01,-0.096,-0.008,-0.053,-0.049,-0.051
408.0,418.0,0.016,2.806,0.038,-1.031,-0.114,-0.033,-0.018,-0.089,-0.043,-0.028,-0.037,0.006,0.01,-0.096,-0.008,-0.053,-0.049,-0.051
408.0,419.0,0.016,2.806,0.038,-1.031,-0.114,-0.033,-0.018,-0.089,-0.043,-0.028,-0.037,0.006,0.01,-0.096,-0.008,-0.053,-0.049,-0.051
408.0,420.0,0.016,2.806,0.038,-1.031,-0.114,-0.033,-0.018,-0.089,-0.043,-0.028,-0.037,0.006,0.01,-0.096,-0.009,-0.053,-0.049,-0.051
409.0,410.0,0.013,2.799,0.04,-1.227,-0.136,-0.035,-0.019,-0.089,-0.043,-0.027,-0.04,0.008,0.009,-0.1,-0.024,-0.057,-0.035,-0.049
409.0,411.0,0.013,2.799,0.04,-1.227,-0.136,-0.035,-0.019,-0.089,-0.043,-0.027,-0.041,0.008,0.009,-0.1,-0.024,-0.057,-0.035,-0.049
409.0,412.0,0.013,2.799,0.04,-1.226,-0.136,-0.035,-0.019,-0.089,-0.043,-0.027,-0.041,0.008,0.009,-0.1,-0.024,-0.057,-0.035,-0.049
409.0,413.0,0.013,2.799,0.04,-1.226,-0.136,-0.036,-0.019,-0.089,-0.043,-0.027,-0.041,0.008,0.009,-0.1,-0.024,-0.057,-0.035,-0.049
409.0,414.0,0.013,2.799,0.04,-1.226,-0.136,-0.036,-0.019,-0.089,-0.043,-0.027,-0.041,0.008,0.009,-0.1,-0.024,-0.057,-0.035,-0.049
409.0,415.0,0.013,2.799,0.04,-1.226,-0.136,-0.036,-0.019,-0.089,-0.043,-0.027,-0.041,0.008,0.009,-0.1,-0.024,-0.057,-0.035,-0.049
409.0,416.0,0.013,2.799,0.04,-1.226,-0.136,-0.036,-0.019,-0.089,-0.043,-0.027,-0.041,0.008,0.009,-0.1,-0.024,-0.057,-0.036,-0.049
409.0,417.0,0.013,2.799,0.04,-1.226,-0.136,-0.036,-0.019,-0.089,-0.043,-0.027,-0.042,0.008,0.008,-0.1,-0.024,-0.057,-0.036,-0.049
409.0,418.0,0.013,2.799,0.04,-1.226,-0.136,-0.036,-0.019,-0.089,-0.043,-0.027,-0.042,0.008,0.008,-0.1,-0.024,-0.057,-0.036,-0.049
409.0,419.0,0.013,2.799,0.04,-1.226,-0.136,-0.036,-0.019,-0.089,-0.043,-0.027,-0.042,0.008,0.008,-0.1,-0.024,-0.057,-0.036,-0.049
409.0,420.0,0.013,2.799,0.04,-1.226,-0.136,-0.036,-0.019,-0.089,-0.043,-0.027,-0.042,0.008,0.008,-0.1,-0.024,-0.057,-0.036,-0.049
409.0,421.0,0.013,2.799,0.04,-1.226,-0.136,-0.036,-0.019,-0.089,-0.043,-0.027,-0.042,0.008,0.008,-0.1,-0.024,-0.057,-0.036,-0.049
410.0,411.0,0.018,2.763,0.04,-1.148,-0.115,-0.039,-0.018,-0.089,-0.042,-0.027,-0.036,0.005,0.023,-0.103,-0.001,-0.051,-0.036,-0.051
410.0,412.0,0.018,2.763,0.04,-1.148,-0.115,-0.039,-0.018,-0.089,-0.042,-0.027,-0.036,0.005,0.023,-0.104,-0.001,-0.051,-0.036,-0.051
410.0,413.0,0.018,2.763,0.04,-1.148,-0.115,-0.039,-0.018,-0.089,-0.042,-0.027,-0.037,0.005,0.023,-0.104,-0.001,-0.051,-0.036,-0.051
410.0,414.0,0.018,2.763,0.04,-1.148,-0.115,-0.039,-0.018,-0.089,-0.042,-0.027,-0.037,0.005,0.023,-0.104,-0.001,-0.051,-0.037,-0.051
410.0,415.0,0.018,2.763,0.04,-1.148,-0.115,-0.039,-0.018,-0.089,-0.042,-0.027,-0.037,0.005,0.023,-0.104,-0.001,-0.051,-0.037,-0.051
410.0,416.0,0.018,2.763,0.04,-1.148,-0.115,-0.039,-0.018,-0.089,-0.042,-0.027,-0.037,0.005,0.023,-0.104,-0.001,-0.051,-0.037,-0.051
410.0,417.0,0.018,2.763,0.04,-1.148,-0.115,-0.039,-0.018,-0.089,-0.042,-0.027,-0.037,0.005,0.023,-0.104,-0.001,-0.051,-0.037,-0.051
410.0,418.0,0.018,2.763,0.04,-1.148,-0.115,-0.039,-0.018,-0.089,-0.042,-0.027,-0.038,0.005,0.022,-0.104,-0.001,-0.051,-0.037,-0.051
410.0,419.0,0.018,2.763,0.04,-1.148,-0.115,-0.039,-0.018,-0.089,-0.042,-0.026,-0.038,0.005,0.022,-0.104,-0.001,-0.051,-0.037,-0.051
410.0,420.0,0.018,2.763,0.04,-1.148,-0.115,-0.039,-0.018,-0.089,-0.042,-0.026,-0.038,0.005,0.022,-0.104,-0.001,-0.051,-0.037,-0.051
410.0,421.0,0.018,2.763,0.04,-1.148,-0.115,-0.039,-0.018,-0.089,-0.042,-0.026,-0.038,0.005,0.022,-0.104,-0.001,-0.051,-0.037,-0.051
410.0,422.0,0.018,2.763,0.04,-1.148,-0.115,-0.039,-0.018,-0.089,-0.042,-0.026,-0.038,0.005,0.022,-0.104,-0.001,-0.051,-0.038,-0.051
411.0,412.0,0.017,2.761,0.04,-1.195,-0.126,-0.043,-0.02,-0.095,-0.04,-0.03,-0.05,0.004,0.026,-0.114,0.006,-0.056,-0.018,-0.062
411.0,413.0,0.017,2.761,0.04,-1.195,-0.126,-0.043,-0.02,-0.095,-0.04,-0.03,-0.05,0.004,0.026,-0.114,0.006,-0.056,-0.018,-0.062
411.0,414.0,0.017,2.761,0.04,-1.195,-0.126,-0.043,-0.02,-0.095,-0.04,-0.03,-0.05,0.004,0.026,-0.114,0.006,-0.056,-0.019,-0.062
411.0,415.0,0.017,2.761,0.04,-1.195,-0.126,-0.043,-0.02,-0.095,-0.04,-0.029,-0.05,0.004,0.026,-0.114,0.006,-0.056,-0.019,-0.062
411.0,416.0,0.017,2.761,0.04,-1.195,-0.126,-0.043,-0.02,-0.095,-0.04,-0.029,-0.051,0.004,0.026,-0.115,0.006,-0.056,-0.019,-0.062
411.0,417.0,0.017,2.761,0.04,-1.195,-0.126,-0.043,-0.02,-0.095,-0.04,-0.029,-0.051,0.004,0.026,-0.115,0.006,-0.056,-0.02,-0.062
411.0,418.0,0.017,2.761,0.04,-1.195,-0.126,-0.043,-0.02,-0.095,-0.04,-0.029,-0.051,0.004,0.026,-0.115,0.006,-0.056,-0.02,-0.062
411.0,419.0,0.017,2.761,0.04,-1.195,-0.126,-0.043,-0.02,-0.095,-0.04,-0.029,-0.051,0.004,0.026,-0.115,0.006,-0.056,-0.02,-0.062
411.0,420.0,0.017,2.761,0.04,-1.195,-0.126,-0.043,-0.02,-0.095,-0.04,-0.029,-0.051,0.004,0.025,-0.115,0.006,-0.056,-0.021,-0.061
411.0,421.0,0.017,2.761,0.04,-1.195,-0.126,-0.043,-0.02,-0.095,-0.04,-0.029,-0.051,0.004,0.025,-0.115,0.006,-0.056,-0.021,-0.061
411.0,422.0,0.017,2.761,0.04,-1.195,-0.126,-0.043,-0.02,-0.095,-0.04,-0.029,-0.052,0.004,0.025,-0.115,0.006,-0.056,-0.021,-0.061
411.0,423.0,0.017,2.761,0.04,-1.195,-0.126,-0.043,-0.02,-0.095,-0.04,-0.029,-0.052,0.004,0.025,-0.115,0.006,-0.056,-0.021,-0.061
412.0,413.0,0.013,3.091,0.042,-2.245,-0.08,-0.017,-0.01,-0.061,-0.016,-0.005,-0.043,0.006,0.009,-0.127,-0.015,-0.054,-0.045,-0.05
412.0,414.0,0.013,3.091,0.042,-2.245,-0.08,-0.018,-0.01,-0.061,-0.016,-0.005,-0.043,0.006,0.009,-0.127,-0.016,-0.054,-0.045,-0.05
412.0,415.0,0.013,3.091,0.042,-2.245,-0.08,-0.02,-0.01,-0.061,-0.016,-0.005,-0.043,0.006,0.009,-0.127,-0.016,-0.054,-0.045,-0.05
412.0,416.0,0.013,3.091,0.042,-2.245,-0.08,-0.021,-0.01,-0.061,-0.016,-0.005,-0.044,0.006,0.009,-0.127,-0.016,-0.054,-0.045,-0.05
412.0,417.0,0.013,3.091,0.042,-2.245,-0.08,-0.022,-0.01,-0.061,-0.016,-0.005,-0.044,0.006,0.009,-0.127,-0.016,-0.054,-0.045,-0.05
412.0,418.0,0.013,3.091,0.042,-2.245,-0.08,-0.023,-0.01,-0.061,-0.016,-0.005,-0.044,0.006,0.009,-0.127,-0.016,-0.054,-0.045,-0.05
412.0,419.0,0.013,3.091,0.042,-2.245,-0.08,-0.025,-0.01,-0.061,-0.016,-0.005,-0.045,0.006,0.009,-0.127,-0.017,-0.054,-0.045,-0.05
412.0,420.0,0.013,3.091,0.042,-2.245,-0.08,-0.026,-0.01,-0.061,-0.016,-0.005,-0.045,0.006,0.009,-0.127,-0.017,-0.054,-0.045,-0.05
412.0,421.0,0.013,3.091,0.042,-2.245,-0.08,-0.027,-0.01,-0.061,-0.016,-0.005,-0.046,0.006,0.009,-0.127,-0.017,-0.054,-0.045,-0.05
412.0,422.0,0.013,3.091,0.042,-2.245,-0.08,-0.028,-0.01,-0.061,-0.016,-0.005,-0.046,0.006,0.009,-0.127,-0.017,-0.054,-0.045,-0.05
412.0,423.0,0.013,3.091,0.042,-2.245,-0.08,-0.028,-0.01,-0.061,-0.016,-0.005,-0.046,0.006,0.009,-0.127,-0.017,-0.054,-0.045,-0.05
412.0,424.0,0.013,3.091,0.042,-2.245,-0.08,-0.029,-0.01,-0.061,-0.016,-0.005,-0.047,0.006,0.009,-0.127,-0.017,-0.054,-0.045,-0.05
413.0,414.0,0.012,2.823,0.038,-1.437,-0.134,-0.04,-0.021,-0.098,-0.043,-0.029,-0.037,0.011,0.007,-0.098,-0.018,-0.056,-0.05,-0.05
413.0,415.0,0.012,2.823,0.038,-1.437,-0.134,-0.04,-0.021,-0.098,-0.043,-0.029,-0.037,0.011,0.007,-0.098,-0.018,-0.056,-0.05,-0.05
413.0,416.0,0.012,2.823,0.038,-1.437,-0.134,-0.04,-0.021,-0.098,-0.043,-0.029,-0.037,0.011,0.007,-0.098,-0.018,-0.056,-0.05,-0.05
413.0,417.0,0.012,2.823,0.038,-1.437,-0.134,-0.04,-0.021,-0.098,-0.043,-0.029,-0.037,0.011,0.007,-0.098,-0.018,-0.056,-0.05,-0.05
413.0,418.0,0.012,2.823,0.038,-1.437,-0.134,-0.04,-0.021,-0.098,-0.043,-0.029,-0.037,0.011,0.007,-0.098,-0.018,-0.056,-0.05,-0.05
413.0,419.0,0.012,2.823,0.038,-1.437,-0.134,-0.04,-0.021,-0.098,-0.043,-0.029,-0.037,0.011,0.007,-0.098,-0.018,-0.056,-0.05,-0.05
413.0,420.0,0.012,2.823,0.038,-1.437,-0.134,-0.04,-0.021,-0.098,-0.043,-0.029,-0.037,0.011,0.007,-0.098,-0.018,-0.056,-0.05,-0.05
413.0,421.0,0.012,2.823,0.038,-1.437,-0.134,-0.04,-0.021,-0.098,-0.043,-0.029,-0.037,0.011,0.007,-0.098,-0.018,-0.056,-0.05,-0.05
413.0,422.0,0.012,2.823,0.038,-1.437,-0.134,-0.04,-0.021,-0.098,-0.043,-0.029,-0.037,0.011,0.007,-0.098,-0.018,-0.056,-0.05,-0.05
413.0,423.0,0.012,2.823,0.038,-1.437,-0.134,-0.04,-0.021,-0.098,-0.043,-0.029,-0.037,0.011,0.007,-0.098,-0.018,-0.056,-0.05,-0.05
413.0,424.0,0.012,2.823,0.038,-1.437,-0.134,-0.04,-0.021,-0.098,-0.043,-0.029,-0.037,0.011,0.007,-0.098,-0.018,-0.056,-0.05,-0.05
413.0,425.0,0.012,2.823,0.038,-1.437,-0.134,-0.04,-0.021,-0.098,-0.043,-0.029,-0.037,0.011,0.007,-0.098,-0.018,-0.056,-0.05,-0.05
414.0,415.0,0.014,2.781,0.041,-0.963,-0.116,-0.025,-0.021,-0.089,-0.039,-0.006,-0.042,0.007,0.014,-0.091,-0.003,-0.046,-0.051,-0.051
414.0,416.0,0.014,2.781,0.04,-0.963,-0.116,-0.025,-0.021,-0.089,-0.039,-0.006,-0.043,0.007,0.014,-0.092,-0.003,-0.046,-0.051,-0.051
414.0,417.0,0.014,2.781,0.04,-0.963,-0.116,-0.025,-0.021,-0.089,-0.039,-0.006,-0.043,0.007,0.014,-0.092,-0.003,-0.046,-0.051,-0.051
414.0,418.0,0.014,2.781,0.04,-0.963,-0.116,-0.025,-0.021,-0.089,-0.039,-0.006,-0.043,0.007,0.014,-0.092,-0.004,-0.046,-0.051,-0.051
414.0,419.0,0.014,2.781,0.04,-0.963,-0.116,-0.025,-0.021,-0.089,-0.039,-0.006,-0.043,0.007,0.014,-0.092,-0.004,-0.046,-0.051,-0.051
414.0,420.0,0.014,2.781,0.04,-0.963,-0.116,-0.025,-0.021,-0.089,-0.039,-0.006,-0.043,0.007,0.014,-0.092,-0.004,-0.046,-0.051,-0.051
414.0,421.0,0.014,2.781,0.04,-0.963,-0.116,-0.025,-0.021,-0.089,-0.039,-0.006,-0.043,0.007,0.013,-0.092,-0.004,-0.046,-0.051,-0.051
414.0,422.0,0.014,2.781,0.04,-0.963,-0.116,-0.026,-0.021,-0.089,-0.039,-0.006,-0.043,0.007,0.013,-0.092,-0.004,-0.046,-0.051,-0.051
414.0,423.0,0.014,2.781,0.04,-0.963,-0.116,-0.026,-0.021,-0.089,-0.039,-0.006,-0.043,0.007,0.013,-0.092,-0.004,-0.046,-0.051,-0.051
414.0,424.0,0.015,2.781,0.04,-0.963,-0.116,-0.026,-0.021,-0.089,-0.039,-0.006,-0.043,0.007,0.013,-0.092,-0.004,-0.046,-0.051,-0.051
414.0,425.0,0.015,2.781,0.04,-0.963,-0.116,-0.026,-0.021,-0.089,-0.039,-0.006,-0.043,0.007,0.013,-0.092,-0.005,-0.046,-0.051,-0.051
414.0,426.0,0.015,2.781,0.04,-0.963,-0.116,-0.026,-0.021,-0.089,-0.039,-0.006,-0.043,0.006,0.013,-0.093,-0.005,-0.046,-0.051,-0.051
415.0,416.0,0.015,2.696,0.038,-1.691,-0.125,-0.041,-0.023,-0.091,-0.041,-0.026,-0.045,0.009,0.01,-0.103,-0.01,-0.059,-0.04,-0.049
415.0,417.0,0.015,2.696,0.038,-1.691,-0.125,-0.041,-0.023,-0.091,-0.041,-0.026,-0.045,0.009,0.01,-0.103,-0.01,-0.059,-0.04,-0.049
415.0,418.0,0.015,2.696,0.038,-1.691,-0.125,-0.041,-0.023,-0.091,-0.041,-0.026,-0.045,0.009,0.01,-0.103,-0.01,-0.059,-0.04,-0.049
415.0,419.0,0.015,2.696,0.038,-1.691,-0.125,-0.041,-0.023,-0.091,-0.041,-0.026,-0.046,0.009,0.01,-0.103,-0.01,-0.059,-0.04,-0.049
415.0,420.0,0.015,2.696,0.038,-1.691,-0.125,-0.041,-0.023,-0.091,-0.041,-0.026,-0.046,0.009,0.01,-0.103,-0.01,-0.059,-0.041,-0.049
415.0,421.0,0.015,2.696,0.038,-1.691,-0.125,-0.041,-0.023,-0.091,-0.041,-0.026,-0.046,0.009,0.01,-0.103,-0.01,-0.059,-0.041,-0.049
415.0,422.0,0.015,2.696,0.038,-1.691,-0.125,-0.041,-0.023,-0.091,-0.041,-0.026,-0.046,0.009,0.01,-0.103,-0.01,-0.059,-0.041,-0.049
415.0,423.0,0.015,2.696,0.038,-1.691,-0.125,-0.041,-0.023,-0.091,-0.041,-0.026,-0.046,0.009,0.01,-0.103,-0.01,-0.059,-0.041,-0.049
415.0,424.0,0.015,2.696,0.038,-1.691,-0.125,-0.041,-0.023,-0.091,-0.041,-0.026,-0.046,0.009,0.01,-0.103,-0.01,-0.059,-0.041,-0.049
415.0,425.0,0.015,2.696,0.038,-1.691,-0.125,-0.041,-0.023,-0.091,-0.041,-0.026,-0.046,0.009,0.01,-0.103,-0.01,-0.059,-0.041,-0.049
415.0,426.0,0.015,2.696,0.038,-1.691,-0.125,-0.041,-0.023,-0.091,-0.041,-0.026,-0.046,0.009,0.01,-0.103,-0.01,-0.059,-0.041,-0.049
415.0,427.0,0.015,2.696,0.038,-1.691,-0.125,-0.041,-0.023,-0.091,-0.041,-0.026,-0.047,0.009,0.01,-0.103,-0.01,-0.059,-0.041,-0.049
416.0,417.0,0.015,2.758,0.039,-1.032,-0.114,-0.012,-0.021,-0.079,-0.041,-0.032,-0.04,0.005,0.021,-0.099,-0.017,-0.057,-0.048,-0.05
416.0,418.0,0.015,2.758,0.039,-1.032,-0.114,-0.012,-0.021,-0.079,-0.041,-0.031,-0.04,0.005,0.021,-0.099,-0.017,-0.057,-0.048,-0.05
416.0,419.0,0.015,2.758,0.039,-1.032,-0.114,-0.012,-0.021,-0.079,-0.041,-0.031,-0.04,0.005,0.021,-0.099,-0.017,-0.057,-0.048,-0.05
416.0,420.0,0.015,2.758,0.039,-1.032,-0.114,-0.012,-0.021,-0.079,-0.041,-0.031,-0.04,0.004,0.021,-0.099,-0.017,-0.057,-0.048,-0.05
416.0,421.0,0.015,2.758,0.039,-1.032,-0.114,-0.012,-0.021,-0.079,-0.041,-0.031,-0.041,0.004,0.021,-0.099,-0.017,-0.056,-0.048,-0.05
416.0,422.0,0.015,2.758,0.039,-1.032,-0.114,-0.012,-0.021,-0.079,-0.041,-0.031,-0.041,0.004,0.021,-0.099,-0.017,-0.056,-0.048,-0.05
416.0,423.0,0.015,2.758,0.039,-1.032,-0.114,-0.012,-0.021,-0.079,-0.041,-0.031,-0.041,0.004,0.021,-0.099,-0.017,-0.056,-0.048,-0.05
416.0,424.0,0.015,2.758,0.039,-1.032,-0.114,-0.012,-0.021,-0.079,-0.041,-0.031,-0.041,0.004,0.021,-0.099,-0.017,-0.056,-0.048,-0.05
416.0,425.0,0.015,2.758,0.039,-1.032,-0.114,-0.012,-0.021,-0.079,-0.041,-0.031,-0.041,0.004,0.021,-0.099,-0.017,-0.056,-0.048,-0.05
416.0,426.0,0.015,2.758,0.039,-1.032,-0.114,-0.012,-0.021,-0.079,-0.041,-0.031,-0.042,0.004,0.02,-0.099,-0.017,-0.056,-0.048,-0.05
416.0,427.0,0.015,2.758,0.039,-1.032,-0.114,-0.012,-0.021,-0.079,-0.041,-0.031,-0.042,0.004,0.02,-0.099,-0.017,-0.056,-0.048,-0.05
416.0,428.0,0.015,2.758,0.039,-1.032,-0.114,-0.012,-0.021,-0.079,-0.041,-0.031,-0.042,0.004,0.02,-0.099,-0.018,-0.056,-0.048,-0.05
417.0,418.0,0.016,2.591,0.039,-1.666,-0.115,-0.041,-0.02,-0.081,-0.037,-0.017,-0.035,0.01,0.005,-0.074,-0.007,-0.055,-0.057,-0.05
417.0,419.0,0.016,2.591,0.039,-1.666,-0.115,-0.041,-0.02,-0.081,-0.037,-0.017,-0.036,0.01,0.005,-0.074,-0.007,-0.055,-0.057,-0.05
417.0,420.0,0.016,2.591,0.039,-1.666,-0.115,-0.041,-0.02,-0.081,-0.037,-0.017,-0.036,0.01,0.005,-0.074,-0.007,-0.055,-0.056,-0.05
417.0,421.0,0.016,2.591,0.039,-1.666,-0.115,-0.041,-0.02,-0.081,-0.037,-0.017,-0.036,0.01,0.005,-0.074,-0.007,-0.055,-0.056,-0.05
417.0,422.0,0.016,2.591,0.039,-1.666,-0.115,-0.041,-0.02,-0.081,-0.037,-0.017,-0.036,0.01,0.005,-0.074,-0.007,-0.055,-0.056,-0.05
417.0,423.0,0.016,2.591,0.039,-1.666,-0.115,-0.041,-0.02,-0.081,-0.037,-0.017,-0.036,0.01,0.005,-0.074,-0.007,-0.055,-0.056,-0.05
417.0,424.0,0.016,2.591,0.039,-1.666,-0.115,-0.041,-0.02,-0.081,-0.037,-0.016,-0.037,0.01,0.005,-0.074,-0.007,-0.055,-0.056,-0.05
417.0,425.0,0.016,2.591,0.039,-1.666,-0.115,-0.041,-0.02,-0.081,-0.037,-0.016,-0.037,0.01,0.005,-0.074,-0.007,-0.055,-0.056,-0.05
417.0,426.0,0.016,2.591,0.039,-1.666,-0.115,-0.041,-0.02,-0.081,-0.037,-0.016,-0.037,0.01,0.005,-0.074,-0.007,-0.055,-0.056,-0.05
417.0,427.0,0.016,2.591,0.039,-1.666,-0.115,-0.041,-0.02,-0.081,-0.037,-0.016,-0.037,0.01,0.005,-0.074,-0.007,-0.055,-0.056,-0.05
417.0,428.0,0.016,2.591,0.039,-1.666,-0.115,-0.041,-0.02,-0.081,-0.037,-0.016,-0.037,0.01,0.005,-0.074,-0.008,-0.055,-0.056,-0.05
417.0,429.0,0.016,2.591,0.039,-1.666,-0.115,-0.041,-0.02,-0.081,-0.037,-0.016,-0.038,0.01,0.005,-0.074,-0.008,-0.055,-0.055,-0.05
418.0,419.0,0.016,2.778,0.039,-1.11,-0.148,-0.019,-0.02,-0.089,-0.042,-0.029,-0.029,0.004,0.024,-0.115,-0.013,-0.059,-0.045,-0.049
418.0,420.0,0.016,2.778,0.039,-1.11,-0.148,-0.019,-0.02,-0.089,-0.042,-0.029,-0.029,0.004,0.024,-0.115,-0.014,-0.059,-0.045,-0.049
418.0,421.0,0.016,2.778,0.039,-1.11,-0.148,-0.019,-0.02,-0.089,-0.042,-0.029,-0.029,0.004,0.024,-0.115,-0.014,-0.059,-0.045,-0.049
418.0,422.0,0.016,2.778,0.039,-1.11,-0.148,-0.019,-0.02,-0.089,-0.042,-0.029,-0.03,0.004,0.024,-0.115,-0.014,-0.059,-0.046,-0.049
418.0,423.0,0.016,2.778,0.039,-1.11,-0.148,-0.019,-0.02,-0.089,-0.042,-0.029,-0.03,0.004,0.024,-0.115,-0.014,-0.059,-0.046,-0.049
418.0,424.0,0.016,2.778,0.039,-1.11,-0.148,-0.019,-0.02,-0.089,-0.042,-0.029,-0.03,0.004,0.024,-0.115,-0.014,-0.059,-0.046,-0.049
418.0,425.0,0.016,2.778,0.039,-1.11,-0.148,-0.019,-0.02,-0.089,-0.042,-0.029,-0.03,0.004,0.024,-0.115,-0.014,-0.059,-0.046,-0.049
418.0,426.0,0.016,2.778,0.039,-1.11,-0.148,-0.019,-0.02,-0.089,-0.042,-0.029,-0.03,0.004,0.024,-0.115,-0.014,-0.059,-0.046,-0.049
418.0,427.0,0.016,2.778,0.039,-1.11,-0.148,-0.019,-0.02,-0.089,-0.042,-0.029,-0.031,0.004,0.024,-0.115,-0.014,-0.059,-0.046,-0.049
418.0,428.0,0.016,2.778,0.039,-1.11,-0.148,-0.019,-0.02,-0.089,-0.042,-0.029,-0.031,0.004,0.024,-0.115,-0.014,-0.059,-0.046,-0.049
418.0,429.0,0.016,2.778,0.039,-1.11,-0.148,-0.019,-0.02,-0.089,-0.042,-0.029,-0.031,0.004,0.024,-0.115,-0.014,-0.059,-0.046,-0.049
418.0,430.0,0.016,2.778,0.039,-1.11,-0.148,-0.019,-0.02,-0.089,-0.042,-0.029,-0.031,0.004,0.024,-0.115,-0.014,-0.059,-0.046,-0.049
419.0,420.0,0.014,2.713,0.038,-1.127,-0.115,-0.039,-0.019,-0.084,-0.041,-0.027,-0.042,0.003,0.035,-0.123,-0.005,-0.054,-0.028,-0.051
419.0,421.0,0.014,2.713,0.038,-1.127,-0.115,-0.039,-0.019,-0.084,-0.041,-0.027,-0.043,0.003,0.034,-0.123,-0.005,-0.054,-0.029,-0.051
419.0,422.0,0.014,2.713,0.038,-1.127,-0.115,-0.039,-0.019,-0.084,-0.041,-0.027,-0.043,0.003,0.034,-0.123,-0.005,-0.054,-0.029,-0.051
419.0,423.0,0.014,2.713,0.038,-1.127,-0.115,-0.039,-0.019,-0.084,-0.041,-0.027,-0.043,0.003,0.034,-0.123,-0.005,-0.054,-0.029,-0.051
419.0,424.0,0.014,2.713,0.038,-1.127,-0.115,-0.039,-0.019,-0.084,-0.041,-0.027,-0.043,0.003,0.034,-0.123,-0.005,-0.054,-0.03,-0.051
419.0,425.0,0.014,2.713,0.038,-1.127,-0.115,-0.039,-0.019,-0.084,-0.041,-0.027,-0.044,0.003,0.034,-0.123,-0.005,-0.054,-0.03,-0.051
419.0,426.0,0.015,2.713,0.038,-1.127,-0.115,-0.039,-0.019,-0.084,-0.041,-0.027,-0.044,0.003,0.034,-0.123,-0.005,-0.054,-0.03,-0.051
419.0,427.0,0.015,2.713,0.038,-1.127,-0.115,-0.039,-0.019,-0.084,-0.041,-0.027,-0.044,0.003,0.034,-0.123,-0.005,-0.054,-0.031,-0.051
419.0,428.0,0.015,2.713,0.038,-1.127,-0.115,-0.039,-0.019,-0.084,-0.041,-0.026,-0.044,0.003,0.034,-0.123,-0.005,-0.054,-0.031,-0.05
419.0,429.0,0.015,2.713,0.038,-1.127,-0.115,-0.039,-0.019,-0.084,-0.041,-0.026,-0.044,0.003,0.034,-0.123,-0.005,-0.054,-0.031,-0.05
419.0,430.0,0.015,2.713,0.038,-1.127,-0.115,-0.039,-0.019,-0.084,-0.041,-0.026,-0.045,0.003,0.034,-0.123,-0.006,-0.054,-0.031,-0.05
419.0,431.0,0.015,2.713,0.038,-1.127,-0.115,-0.039,-0.019,-0.084,-0.041,-0.026,-0.045,0.003,0.034,-0.123,-0.006,-0.054,-0.032,-0.05
420.0,421.0,0.017,2.642,0.036,-1.775,-0.111,-0.041,-0.021,-0.083,-0.043,-0.031,-0.04,0.007,0.036,-0.12,-0.011,-0.06,-0.059,-0.049
420.0,422.0,0.017,2.642,0.036,-1.775,-0.111,-0.041,-0.021,-0.083,-0.043,-0.031,-0.04,0.007,0.036,-0.12,-0.011,-0.06,-0.059,-0.049
420.0,423.0,0.017,2.642,0.036,-1.775,-0.111,-0.041,-0.021,-0.083,-0.043,-0.031,-0.04,0.007,0.036,-0.12,-0.011,-0.06,-0.059,-0.049
420.0,424.0,0.017,2.642,0.036,-1.775,-0.111,-0.041,-0.021,-0.083,-0.043,-0.031,-0.04,0.007,0.036,-0.12,-0.011,-0.06,-0.059,-0.049
420.0,425.0,0.017,2.642,0.036,-1.775,-0.111,-0.041,-0.021,-0.083,-0.043,-0.031,-0.04,0.007,0.036,-0.12,-0.011,-0.06,-0.059,-0.049
420.0,426.0,0.017,2.642,0.036,-1.775,-0.111,-0.041,-0.021,-0.083,-0.043,-0.031,-0.04,0.007,0.036,-0.12,-0.011,-0.06,-0.059,-0.049
420.0,427.0,0.017,2.642,0.036,-1.775,-0.111,-0.041,-0.021,-0.083,-0.043,-0.031,-0.04,0.007,0.035,-0.12,-0.011,-0.06,-0.059,-0.049
420.0,428.0,0.017,2.642,0.036,-1.775,-0.111,-0.041,-0.021,-0.083,-0.043,-0.031,-0.04,0.007,0.035,-0.12,-0.011,-0.06,-0.059,-0.049
420.0,429.0,0.017,2.642,0.036,-1.775,-0.111,-0.041,-0.021,-0.083,-0.043,-0.031,-0.04,0.007,0.035,-0.12,-0.011,-0.06,-0.059,-0.049
420.0,430.0,0.017,2.642,0.036,-1.775,-0.111,-0.041,-0.021,-0.083,-0.043,-0.031,-0.04,0.007,0.035,-0.12,-0.011,-0.06,-0.059,-0.049
420.0,431.0,0.017,2.642,0.036,-1.775,-0.111,-0.041,-0.021,-0.083,-0.043,-0.031,-0.04,0.007,0.035,-0.12,-0.011,-0.06,-0.059,-0.049
420.0,432.0,0.017,2.642,0.036,-1.775,-0.111,-0.041,-0.021,-0.083,-0.043,-0.031,-0.04,0.007,0.035,-0.12,-0.011,-0.059,-0.059,-0.049
421.0,422.0,0.015,2.76,0.04,-0.99,-0.127,-0.034,-0.021,-0.085,-0.041,-0.032,-0.042,0.005,0.015,-0.107,-0.016,-0.053,-0.047,-0.048
421.0,423.0,0.015,2.76,0.04,-0.99,-0.127,-0.034,-0.021,-0.085,-0.041,-0.032,-0.042,0.005,0.015,-0.107,-0.016,-0.052,-0.047,-0.048
421.0,424.0,0.015,2.76,0.04,-0.99,-0.127,-0.034,-0.021,-0.085,-0.041,-0.032,-0.042,0.005,0.015,-0.107,-0.016,-0.052,-0.047,-0.048
421.0,425.0,0.015,2.76,0.04,-0.99,-0.127,-0.034,-0.021,-0.085,-0.041,-0.032,-0.043,0.005,0.015,-0.107,-0.016,-0.052,-0.047,-0.048
421.0,426.0,0.015,2.76,0.04,-0.99,-0.127,-0.034,-0.021,-0.085,-0.041,-0.032,-0.043,0.005,0.015,-0.107,-0.016,-0.052,-0.047,-0.048
421.0,427.0,0.015,2.76,0.04,-0.99,-0.127,-0.034,-0.021,-0.085,-0.041,-0.031,-0.043,0.005,0.015,-0.107,-0.016,-0.052,-0.047,-0.048
421.0,428.0,0.015,2.76,0.04,-0.99,-0.127,-0.034,-0.021,-0.085,-0.041,-0.031,-0.043,0.005,0.015,-0.107,-0.016,-0.052,-0.047,-0.048
421.0,429.0,0.015,2.76,0.04,-0.99,-0.127,-0.034,-0.021,-0.085,-0.041,-0.031,-0.043,0.005,0.015,-0.107,-0.016,-0.052,-0.047,-0.048
421.0,430.0,0.015,2.76,0.04,-0.99,-0.127,-0.034,-0.021,-0.085,-0.041,-0.031,-0.044,0.005,0.015,-0.107,-0.016,-0.052,-0.047,-0.048
421.0,431.0,0.015,2.76,0.04,-0.99,-0.127,-0.034,-0.021,-0.085,-0.041,-0.031,-0.044,0.005,0.015,-0.107,-0.016,-0.052,-0.047,-0.048
421.0,432.0,0.015,2.76,0.04,-0.99,-0.127,-0.034,-0.021,-0.085,-0.041,-0.031,-0.044,0.005,0.015,-0.107,-0.016,-0.052,-0.047,-0.048
421.0,433.0,0.015,2.76,0.04,-0.99,-0.127,-0.034,-0.021,-0.085,-0.041,-0.031,-0.044,0.005,0.015,-0.107,-0.016,-0.052,-0.047,-0.048
422.0,423.0,0.015,2.532,0.039,-0.901,-0.122,-0.041,-0.021,-0.071,-0.039,-0.033,-0.057,0.006,0.044,-0.15,-0.002,-0.052,-0.046,-0.053
422.0,424.0,0.015,2.532,0.039,-0.901,-0.122,-0.041,-0.021,-0.071,-0.039,-0.033,-0.057,0.005,0.044,-0.15,-0.002,-0.052,-0.046,-0.053
422.0,425.0,0.015,2.532,0.039,-0.901,-0.122,-0.041,-0.021,-0.071,-0.039,-0.032,-0.057,0.005,0.044,-0.15,-0.002,-0.052,-0.046,-0.053
422.0,426.0,0.015,2.532,0.039,-0.901,-0.122,-0.041,-0.021,-0.071,-0.039,-0.032,-0.057,0.005,0.044,-0.15,-0.002,-0.052,-0.046,-0.053
422.0,427.0,0.015,2.532,0.039,-0.901,-0.122,-0.041,-0.021,-0.071,-0.039,-0.032,-0.057,0.005,0.044,-0.15,-0.002,-0.052,-0.046,-0.053
422.0,428.0,0.015,2.532,0.039,-0.901,-0.122,-0.041,-0.021,-0.071,-0.039,-0.032,-0.057,0.005,0.044,-0.15,-0.002,-0.052,-0.046,-0.053
422.0,429.0,0.015,2.532,0.039,-0.901,-0.122,-0.041,-0.021,-0.071,-0.039,-0.032,-0.057,0.005,0.044,-0.15,-0.002,-0.052,-0.046,-0.053
422.0,430.0,0.015,2.532,0.039,-0.901,-0.122,-0.041,-0.021,-0.071,-0.039,-0.032,-0.058,0.005,0.044,-0.15,-0.002,-0.052,-0.046,-0.053
422.0,431.0,0.015,2.532,0.039,-0.901,-0.122,-0.041,-0.021,-0.071,-0.039,-0.032,-0.058,0.005,0.044,-0.15,-0.002,-0.052,-0.046,-0.053
422.0,432.0,0.015,2.532,0.039,-0.901,-0.122,-0.041,-0.021,-0.071,-0.039,-0.032,-0.058,0.005,0.044,-0.15,-0.002,-0.052,-0.046,-0.053
422.0,433.0,0.015,2.532,0.039,-0.901,-0.122,-0.041,-0.021,-0.071,-0.039,-0.032,-0.058,0.005,0.044,-0.15,-0.002,-0.052,-0.046,-0.053
422.0,434.0,0.015,2.532,0.039,-0.901,-0.122,-0.041,-0.021,-0.071,-0.039,-0.032,-0.058,0.005,0.044,-0.15,-0.002,-0.052,-0.046,-0.053
423.0,424.0,0.015,2.704,0.034,-2.463,-0.102,-0.043,-0.028,-0.081,-0.043,-0.039,-0.065,0.003,-0.009,-0.107,-0.016,-0.044,-0.036,-0.056
423.0,425.0,0.015,2.704,0.034,-2.463,-0.102,-0.043,-0.028,-0.081,-0.043,-0.039,-0.065,0.003,-0.009,-0.107,-0.016,-0.044,-0.036,-0.056
423.0,426.0,0.015,2.704,0.034,-2.463,-0.102,-0.043,-0.028,-0.081,-0.043,-0.039,-0.065,0.003,-0.009,-0.107,-0.016,-0.044,-0.036,-0.056
423.0,427.0,0.015,2.704,0.034,-2.463,-0.102,-0.043,-0.028,-0.081,-0.043,-0.039,-0.065,0.003,-0.009,-0.107,-0.016,-0.044,-0.036,-0.056
423.0,428.0,0.015,2.704,0.034,-2.463,-0.102,-0.043,-0.028,-0.081,-0.043,-0.039,-0.065,0.003,-0.009,-0.107,-0.016,-0.044,-0.036,-0.056
423.0,429.0,0.015,2.704,0.034,-2.463,-0.102,-0.043,-0.028,-0.081,-0.043,-0.039,-0.065,0.003,-0.009,-0.107,-0.016,-0.044,-0.037,-0.056
423.0,430.0,0.015,2.704,0.034,-2.463,-0.102,-0.043,-0.028,-0.081,-0.043,-0.038,-0.065,0.003,-0.009,-0.107,-0.016,-0.044,-0.037,-0.056
423.0,431.0,0.015,2.704,0.034,-2.463,-0.102,-0.043,-0.028,-0.081,-0.043,-0.038,-0.065,0.002,-0.009,-0.107,-0.016,-0.044,-0.037,-0.056
423.0,432.0,0.015,2.704,0.034,-2.463,-0.102,-0.043,-0.028,-0.081,-0.043,-0.038,-0.065,0.002,-0.009,-0.107,-0.016,-0.045,-0.037,-0.056
423.0,433.0,0.015,2.704,0.034,-2.463,-0.102,-0.043,-0.028,-0.081,-0.043,-0.038,-0.065,0.002,-0.009,-0.107,-0.016,-0.045,-0.037,-0.056
423.0,434.0,0.015,2.704,0.034,-2.463,-0.102,-0.043,-0.028,-0.081,-0.043,-0.038,-0.065,0.002,-0.009,-0.107,-0.016,-0.045,-0.038,-0.056
423.0,435.0,0.015,2.704,0.034,-2.463,-0.102,-0.043,-0.028,-0.081,-0.043,-0.038,-0.065,0.002,-0.009,-0.107,-0.016,-0.045,-0.038,-0.055
424.0,425.0,0.015,2.489,0.037,-1.784,-0.103,-0.03,-0.025,-0.094,-0.042,-0.023,-0.062,0.013,-0.016,-0.116,-0.031,-0.052,-0.029,-0.05
424.0,426.0,0.015,2.489,0.037,-1.784,-0.103,-0.031,-0.025,-0.094,-0.042,-0.023,-0.062,0.013,-0.016,-0.116,-0.031,-0.052,-0.03,-0.05
424.0,427.0,0.015,2.489,0.037,-1.784,-0.103,-0.031,-0.025,-0.094,-0.042,-0.023,-0.062,0.013,-0.016,-0.116,-0.031,-0.052,-0.03,-0.05
424.0,428.0,0.015,2.489,0.037,-1.784,-0.103,-0.031,-0.025,-0.094,-0.042,-0.023,-0.062,0.013,-0.016,-0.116,-0.031,-0.052,-0.03,-0.05
424.0,429.0,0.015,2.489,0.037,-1.784,-0.103,-0.031,-0.025,-0.094,-0.042,-0.023,-0.062,0.013,-0.016,-0.116,-0.031,-0.052,-0.03,-0.05
424.0,430.0,0.015,2.489,0.037,-1.784,-0.103,-0.032,-0.025,-0.094,-0.042,-0.023,-0.062,0.013,-0.016,-0.116,-0.031,-0.052,-0.03,-0.05
424.0,431.0,0.015,2.489,0.037,-1.784,-0.103,-0.032,-0.025,-0.094,-0.042,-0.023,-0.062,0.013,-0.016,-0.116,-0.031,-0.052,-0.03,-0.05
424.0,432.0,0.015,2.489,0.037,-1.784,-0.103,-0.032,-0.025,-0.094,-0.042,-0.023,-0.062,0.013,-0.016,-0.116,-0.031,-0.052,-0.03,-0.05
424.0,433.0,0.015,2.489,0.037,-1.784,-0.103,-0.032,-0.025,-0.094,-0.042,-0.022,-0.062,0.013,-0.016,-0.116,-0.031,-0.052,-0.031,-0.05
424.0,434.0,0.015,2.489,0.037,-1.784,-0.103,-0.033,-0.025,-0.094,-0.042,-0.022,-0.062,0.013,-0.016,-0.116,-0.031,-0.052,-0.031,-0.05
424.0,435.0,0.015,2.489,0.037,-1.784,-0.103,-0.033,-0.025,-0.094,-0.042,-0.022,-0.062,0.013,-0.016,-0.116,-0.031,-0.052,-0.031,-0.05
424.0,436.0,0.015,2.489,0.037,-1.784,-0.103,-0.033,-0.025,-0.094,-0.042,-0.022,-0.062,0.013,-0.016,-0.116,-0.031,-0.052,-0.031,-0.05
425.0,426.0,0.015,2.723,0.035,-1.711,-0.136,-0.043,-0.02,-0.091,-0.041,-0.011,-0.049,0.013,0.022,-0.139,-0.012,-0.054,0.086,-0.066
425.0,427.0,0.015,2.723,0.035,-1.711,-0.136,-0.043,-0.02,-0.091,-0.041,-0.011,-0.049,0.013,0.022,-0.139,-0.012,-0.054,0.086,-0.066
425.0,428.0,0.015,2.723,0.035,-1.711,-0.136,-0.043,-0.02,-0.091,-0.041,-0.011,-0.049,0.013,0.022,-0.139,-0.012,-0.054,0.086,-0.066
425.0,429.0,0.015,2.723,0.035,-1.711,-0.136,-0.043,-0.02,-0.091,-0.041,-0.011,-0.05,0.013,0.022,-0.139,-0.012,-0.054,0.086,-0.065
425.0,430.0,0.015,2.723,0.035,-1.711,-0.136,-0.043,-0.02,-0.091,-0.041,-0.011,-0.05,0.013,0.022,-0.139,-0.012,-0.054,0.086,-0.065
425.0,431.0,0.015,2.723,0.035,-1.711,-0.136,-0.043,-0.02,-0.091,-0.041,-0.011,-0.05,0.013,0.022,-0.14,-0.012,-0.054,0.085,-0.065
425.0,432.0,0.015,2.723,0.035,-1.711,-0.136,-0.043,-0.02,-0.091,-0.041,-0.011,-0.051,0.013,0.022,-0.14,-0.012,-0.054,0.085,-0.065
425.0,433.0,0.015,2.723,0.035,-1.711,-0.136,-0.043,-0.02,-0.091,-0.041,-0.011,-0.051,0.013,0.022,-0.14,-0.012,-0.054,0.085,-0.065
425.0,434.0,0.015,2.723,0.035,-1.711,-0.136,-0.043,-0.02,-0.091,-0.041,-0.011,-0.051,0.012,0.022,-0.14,-0.013,-0.054,0.085,-0.065
425.0,435.0,0.015,2.723,0.035,-1.711,-0.136,-0.043,-0.02,-0.091,-0.041,-0.011,-0.051,0.012,0.022,-0.14,-0.013,-0.054,0.085,-0.065
425.0,436.0,0.015,2.723,0.035,-1.711,-0.136,-0.043,-0.02,-0.091,-0.041,-0.011,-0.052,0.012,0.022,-0.14,-0.013,-0.054,0.085,-0.065
425.0,437.0,0.015,2.723,0.035,-1.711,-0.136,-0.043,-0.02,-0.091,-0.041,-0.011,-0.052,0.012,0.022,-0.14,-0.013,-0.054,0.084,-0.065
426.0,427.0,0.017,2.889,0.039,-1.198,-0.141,-0.034,-0.019,-0.103,-0.04,0.003,-0.061,-0.035,-0.001,-0.104,-0.01,-0.054,-0.048,-0.047
426.0,428.0,0.017,2.889,0.039,-1.198,-0.141,-0.034,-0.019,-0.103,-0.04,0.003,-0.061,-0.035,-0.001,-0.104,-0.01,-0.054,-0.048,-0.047
426.0,429.0,0.017,2.889,0.039,-1.198,-0.141,-0.034,-0.019,-0.103,-0.04,0.003,-0.061,-0.035,-0.001,-0.104,-0.01,-0.054,-0.048,-0.047
426.0,430.0,0.017,2.889,0.039,-1.198,-0.141,-0.034,-0.019,-0.103,-0.04,0.003,-0.061,-0.035,-0.001,-0.104,-0.01,-0.054,-0.048,-0.047
426.0,431.0,0.017,2.889,0.039,-1.198,-0.141,-0.034,-0.019,-0.103,-0.04,0.003,-0.061,-0.035,-0.001,-0.104,-0.01,-0.054,-0.048,-0.047
426.0,432.0,0.017,2.889,0.039,-1.198,-0.141,-0.034,-0.019,-0.103,-0.04,0.003,-0.061,-0.035,-0.001,-0.104,-0.01,-0.054,-0.048,-0.047
426.0,433.0,0.017,2.889,0.039,-1.198,-0.141,-0.034,-0.019,-0.103,-0.04,0.003,-0.061,-0.035,-0.001,-0.104,-0.01,-0.054,-0.048,-0.047
426.0,434.0,0.017,2.889,0.039,-1.198,-0.141,-0.034,-0.019,-0.103,-0.04,0.003,-0.061,-0.035,-0.001,-0.104,-0.01,-0.054,-0.048,-0.047
426.0,435.0,0.017,2.889,0.039,-1.198,-0.141,-0.034,-0.019,-0.103,-0.04,0.003,-0.061,-0.035,-0.001,-0.104,-0.01,-0.054,-0.048,-0.047
426.0,436.0,0.017,2.889,0.039,-1.198,-0.141,-0.034,-0.019,-0.103,-0.04,0.003,-0.061,-0.035,-0.001,-0.104,-0.01,-0.054,-0.048,-0.047
426.0,437.0,0.017,2.889,0.039,-1.198,-0.141,-0.034,-0.019,-0.103,-0.04,0.003,-0.061,-0.035,-0.001,-0.104,-0.01,-0.054,-0.048,-0.047
426.0,438.0,0.017,2.889,0.039,-1.198,-0.141,-0.034,-0.019,-0.103,-0.04,0.003,-0.062,-0.035,-0.001,-0.104,-0.01,-0.054,-0.048,-0.047
427.0,428.0,0.015,2.753,0.036,-1.705,-0.079,-0.042,-0.017,-0.083,-0.037,-0.027,-0.064,0.011,-0.009,-0.1,-0.004,-0.062,-0.037,-0.049
427.0,429.0,0.015,2.753,0.036,-1.705,-0.079,-0.042,-0.017,-0.083,-0.037,-0.027,-0.064,0.011,-0.009,-0.1,-0.004,-0.062,-0.037,-0.049
427.0,430.0,0.015,2.753,0.036,-1.705,-0.079,-0.042,-0.017,-0.083,-0.037,-0.027,-0.064,0.011,-0.009,-0.1,-0.004,-0.062,-0.037,-0.049
427.0,431.0,0.015,2.753,0.036,-1.705,-0.079,-0.042,-0.017,-0.083,-0.037,-0.027,-0.064,0.011,-0.009,-0.1,-0.004,-0.062,-0.037,-0.049
427.0,432.0,0.015,2.753,0.036,-1.705,-0.079,-0.042,-0.017,-0.083,-0.037,-0.027,-0.064,0.011,-0.009,-0.1,-0.004,-0.062,-0.037,-0.049
427.0,433.0,0.015,2.753,0.036,-1.705,-0.079,-0.042,-0.017,-0.083,-0.037,-0.027,-0.064,0.011,-0.009,-0.1,-0.004,-0.062,-0.037,-0.049
427.0,434.0,0.015,2.753,0.036,-1.705,-0.079,-0.042,-0.017,-0.083,-0.037,-0.027,-0.064,0.011,-0.009,-0.1,-0.004,-0.062,-0.037,-0.049
427.0,435.0,0.015,2.753,0.036,-1.705,-0.079,-0.042,-0.017,-0.083,-0.037,-0.026,-0.064,0.011,-0.009,-0.1,-0.004,-0.062,-0.037,-0.049
427.0,436.0,0.015,2.753,0.036,-1.705,-0.079,-0.042,-0.017,-0.083,-0.037,-0.026,-0.064,0.011,-0.009,-0.1,-0.004,-0.062,-0.037,-0.049
427.0,437.0,0.015,2.753,0.036,-1.705,-0.079,-0.042,-0.017,-0.083,-0.037,-0.026,-0.064,0.011,-0.009,-0.1,-0.004,-0.062,-0.037,-0.049
427.0,438.0,0.015,2.753,0.036,-1.705,-0.079,-0.042,-0.017,-0.083,-0.037,-0.026,-0.064,0.011,-0.009,-0.1,-0.004,-0.061,-0.038,-0.049
427.0,439.0,0.015,2.753,0.036,-1.705,-0.079,-0.042,-0.017,-0.083,-0.037,-0.026,-0.064,0.011,-0.009,-0.1,-0.004,-0.061,-0.038,-0.049
428.0,429.0,0.014,3.021,0.036,-2.048,-0.106,-0.043,-0.012,-0.072,-0.023,-0.024,-0.066,0.008,-0.019,-0.112,-0.018,-0.041,-0.043,-0.051
428.0,430.0,0.014,3.021,0.036,-2.048,-0.106,-0.043,-0.012,-0.072,-0.023,-0.024,-0.066,0.007,-0.019,-0.113,-0.018,-0.041,-0.043,-0.051
428.0,431.0,0.014,3.021,0.036,-2.048,-0.106,-0.043,-0.012,-0.072,-0.023,-0.024,-0.066,0.007,-0.019,-0.113,-0.018,-0.042,-0.043,-0.051
428.0,432.0,0.014,3.021,0.036,-2.048,-0.106,-0.043,-0.012,-0.072,-0.024,-0.023,-0.066,0.007,-0.019,-0.113,-0.018,-0.042,-0.043,-0.051
428.0,433.0,0.014,3.021,0.036,-2.048,-0.106,-0.043,-0.012,-0.072,-0.024,-0.023,-0.066,0.007,-0.019,-0.113,-0.018,-0.042,-0.043,-0.051
428.0,434.0,0.014,3.021,0.036,-2.048,-0.106,-0.043,-0.012,-0.072,-0.024,-0.023,-0.066,0.007,-0.019,-0.113,-0.018,-0.042,-0.043,-0.051
428.0,435.0,0.014,3.021,0.036,-2.048,-0.106,-0.043,-0.012,-0.072,-0.024,-0.023,-0.066,0.007,-0.019,-0.113,-0.018,-0.042,-0.043,-0.051
428.0,436.0,0.014,3.021,0.036,-2.048,-0.106,-0.043,-0.012,-0.072,-0.024,-0.022,-0.066,0.007,-0.02,-0.113,-0.018,-0.043,-0.043,-0.051
428.0,437.0,0.014,3.021,0.036,-2.048,-0.106,-0.043,-0.012,-0.072,-0.024,-0.022,-0.066,0.007,-0.02,-0.113,-0.018,-0.043,-0.043,-0.051
428.0,438.0,0.014,3.021,0.036,-2.048,-0.106,-0.043,-0.012,-0.072,-0.024,-0.022,-0.066,0.007,-0.02,-0.113,-0.018,-0.043,-0.043,-0.051
428.0,439.0,0.014,3.021,0.036,-2.048,-0.106,-0.043,-0.012,-0.072,-0.024,-0.021,-0.066,0.007,-0.02,-0.113,-0.018,-0.043,-0.043,-0.051
428.0,440.0,0.014,3.021,0.036,-2.048,-0.106,-0.043,-0.012,-0.072,-0.024,-0.021,-0.066,0.007,-0.02,-0.113,-0.018,-0.043,-0.043,-0.051
429.0,430.0,0.017,2.657,0.033,-2.251,-0.086,-0.04,-0.016,-0.082,-0.043,-0.019,-0.06,0.009,-0.003,-0.098,-0.018,-0.045,-0.053,-0.05
429.0,431.0,0.017,2.657,0.033,-2.251,-0.086,-0.04,-0.016,-0.082,-0.043,-0.019,-0.06,0.008,-0.003,-0.098,-0.018,-0.045,-0.053,-0.05
429.0,432.0,0.017,2.657,0.033,-2.251,-0.086,-0.04,-0.016,-0.082,-0.043,-0.019,-0.06,0.008,-0.003,-0.098,-0.018,-0.045,-0.053,-0.05
429.0,433.0,0.017,2.657,0.033,-2.251,-0.086,-0.04,-0.016,-0.082,-0.043,-0.019,-0.06,0.008,-0.003,-0.098,-0.018,-0.045,-0.053,-0.05
429.0,434.0,0.017,2.657,0.033,-2.251,-0.086,-0.04,-0.016,-0.082,-0.043,-0.018,-0.06,0.008,-0.003,-0.098,-0.018,-0.045,-0.053,-0.05
429.0,435.0,0.017,2.657,0.033,-2.251,-0.086,-0.04,-0.016,-0.082,-0.043,-0.018,-0.06,0.008,-0.003,-0.098,-0.018,-0.045,-0.053,-0.05
429.0,436.0,0.017,2.657,0.033,-2.251,-0.086,-0.04,-0.016,-0.082,-0.043,-0.018,-0.06,0.008,-0.003,-0.098,-0.018,-0.045,-0.053,-0.05
429.0,437.0,0.017,2.657,0.033,-2.251,-0.086,-0.04,-0.016,-0.082,-0.043,-0.018,-0.06,0.008,-0.003,-0.098,-0.018,-0.045,-0.053,-0.05
429.0,438.0,0.017,2.657,0.033,-2.251,-0.086,-0.04,-0.016,-0.082,-0.043,-0.018,-0.06,0.008,-0.003,-0.098,-0.018,-0.045,-0.053,-0.05
429.0,439.0,0.017,2.657,0.033,-2.251,-0.086,-0.04,-0.016,-0.082,-0.043,-0.018,-0.06,0.008,-0.003,-0.098,-0.018,-0.045,-0.053,-0.05
429.0,440.0,0.017,2.657,0.033,-2.251,-0.086,-0.04,-0.016,-0.082,-0.042,-0.017,-0.06,0.008,-0.003,-0.098,-0.018,-0.045,-0.053,-0.05
429.0,441.0,0.017,2.657,0.033,-2.251,-0.086,-0.04,-0.016,-0.082,-0.042,-0.017,-0.06,0.008,-0.003,-0.098,-0.018,-0.045,-0.053,-0.05
430.0,431.0,0.012,3.297,0.045,-1.901,-0.088,-0.044,-0.021,-0.05,-0.009,-0.011,-0.048,0.019,0.062,-0.124,-0.018,-0.052,-0.082,-0.05
430.0,432.0,0.012,3.297,0.045,-1.901,-0.088,-0.044,-0.021,-0.06,-0.009,-0.011,-0.048,0.019,0.062,-0.124,-0.018,-0.052,-0.082,-0.05
430.0,433.0,0.012,3.297,0.045,-1.901,-0.088,-0.044,-0.021,-0.066,-0.009,-0.011,-0.048,0.019,0.062,-0.124,-0.018,-0.052,-0.082,-0.05
430.0,434.0,0.012,3.297,0.045,-1.901,-0.088,-0.044,-0.021,-0.069,-0.009,-0.011,-0.048,0.02,0.062,-0.124,-0.018,-0.052,-0.082,-0.05
430.0,435.0,0.012,3.297,0.045,-1.901,-0.088,-0.044,-0.021,-0.071,-0.009,-0.011,-0.048,0.02,0.062,-0.124,-0.018,-0.052,-0.082,-0.05
430.0,436.0,0.012,3.297,0.045,-1.901,-0.088,-0.044,-0.021,-0.072,-0.009,-0.011,-0.048,0.02,0.062,-0.124,-0.018,-0.052,-0.082,-0.05
430.0,437.0,0.012,3.297,0.045,-1.901,-0.088,-0.044,-0.021,-0.072,-0.009,-0.011,-0.048,0.021,0.062,-0.124,-0.018,-0.052,-0.082,-0.05
430.0,438.0,0.012,3.297,0.045,-1.901,-0.088,-0.044,-0.021,-0.072,-0.009,-0.011,-0.048,0.021,0.062,-0.124,-0.018,-0.052,-0.082,-0.05
430.0,439.0,0.012,3.297,0.045,-1.901,-0.088,-0.044,-0.021,-0.073,-0.009,-0.011,-0.048,0.021,0.062,-0.124,-0.018,-0.052,-0.082,-0.05
430.0,440.0,0.012,3.297,0.045,-1.901,-0.088,-0.044,-0.021,-0.073,-0.009,-0.011,-0.048,0.021,0.062,-0.124,-0.018,-0.052,-0.082,-0.05
430.0,441.0,0.012,3.297,0.045,-1.901,-0.088,-0.044,-0.021,-0.073,-0.009,-0.011,-0.048,0.021,0.062,-0.124,-0.018,-0.052,-0.082,-0.05
430.0,442.0,0.012,3.297,0.045,-1.901,-0.088,-0.044,-0.021,-0.073,-0.009,-0.011,-0.049,0.022,0.062,-0.124,-0.018,-0.052,-0.082,-0.05
431.0,432.0,0.016,2.676,0.037,-1.871,-0.094,-0.042,-0.02,-0.082,-0.034,-0.021,-0.054,0.014,-0.006,-0.101,-0.008,-0.048,-0.112,-0.05
431.0,433.0,0.016,2.676,0.037,-1.871,-0.094,-0.042,-0.02,-0.082,-0.034,-0.021,-0.054,0.014,-0.006,-0.101,-0.008,-0.048,-0.112,-0.05
431.0,434.0,0.016,2.676,0.037,-1.871,-0.094,-0.042,-0.02,-0.082,-0.034,-0.021,-0.054,0.014,-0.006,-0.101,-0.008,-0.048,-0.111,-0.05
431.0,435.0,0.016,2.676,0.037,-1.871,-0.094,-0.042,-0.02,-0.082,-0.034,-0.021,-0.054,0.014,-0.006,-0.101,-0.008,-0.049,-0.111,-0.05
431.0,436.0,0.016,2.676,0.037,-1.871,-0.094,-0.042,-0.02,-0.082,-0.034,-0.021,-0.054,0.014,-0.006,-0.101,-0.008,-0.049,-0.111,-0.05
431.0,437.0,0.016,2.676,0.037,-1.871,-0.094,-0.042,-0.02,-0.082,-0.034,-0.021,-0.054,0.014,-0.006,-0.101,-0.008,-0.049,-0.11,-0.05
431.0,438.0,0.016,2.676,0.037,-1.871,-0.094,-0.042,-0.02,-0.082,-0.034,-0.021,-0.054,0.014,-0.006,-0.101,-0.008,-0.049,-0.11,-0.05
431.0,439.0,0.016,2.676,0.037,-1.871,-0.094,-0.042,-0.02,-0.082,-0.034,-0.021,-0.055,0.014,-0.006,-0.101,-0.008,-0.049,-0.11,-0.05
431.0,440.0,0.016,2.676,0.037,-1.871,-0.094,-0.042,-0.02,-0.082,-0.034,-0.021,-0.055,0.014,-0.006,-0.101,-0.008,-0.049,-0.109,-0.05
431.0,441.0,0.016,2.676,0.037,-1.871,-0.094,-0.042,-0.02,-0.082,-0.034,-0.021,-0.055,0.014,-0.006,-0.101,-0.008,-0.049,-0.109,-0.05
431.0,442.0,0.016,2.676,0.037,-1.871,-0.094,-0.042,-0.02,-0.082,-0.034,-0.021,-0.055,0.014,-0.006,-0.101,-0.008,-0.049,-0.108,-0.05
431.0,443.0,0.016,2.676,0.037,-1.871,-0.094,-0.042,-0.02,-0.082,-0.034,-0.021,-0.055,0.014,-0.006,-0.101,-0.008,-0.049,-0.108,-0.05
432.0,433.0,0.014,2.742,0.036,-1.998,-0.108,-0.039,-0.022,-0.08,-0.028,-0.006,-0.047,0.009,-0.0,-0.094,-0.01,-0.039,-0.13,-0.05
432.0,434.0,0.014,2.742,0.036,-1.998,-0.108,-0.039,-0.022,-0.08,-0.028,-0.006,-0.047,0.009,-0.0,-0.094,-0.01,-0.039,-0.13,-0.05
432.0,435.0,0.014,2.742,0.036,-1.998,-0.108,-0.039,-0.022,-0.08,-0.028,-0.006,-0.047,0.009,-0.0,-0.094,-0.01,-0.039,-0.13,-0.05
432.0,436.0,0.014,2.742,0.036,-1.998,-0.108,-0.039,-0.022,-0.08,-0.028,-0.006,-0.047,0.009,-0.0,-0.094,-0.01,-0.039,-0.13,-0.05
432.0,437.0,0.014,2.742,0.036,-1.998,-0.108,-0.039,-0.022,-0.08,-0.028,-0.006,-0.047,0.009,-0.0,-0.094,-0.01,-0.039,-0.13,-0.05
432.0,438.0,0.014,2.742,0.036,-1.998,-0.108,-0.04,-0.022,-0.08,-0.028,-0.006,-0.047,0.009,-0.0,-0.094,-0.01,-0.039,-0.129,-0.05
432.0,439.0,0.014,2.742,0.036,-1.998,-0.108,-0.04,-0.022,-0.08,-0.028,-0.006,-0.047,0.009,-0.0,-0.094,-0.01,-0.039,-0.129,-0.05
432.0,440.0,0.014,2.742,0.036,-1.998,-0.108,-0.04,-0.022,-0.08,-0.028,-0.006,-0.047,0.009,-0.0,-0.094,-0.01,-0.039,-0.129,-0.05
432.0,441.0,0.014,2.742,0.036,-1.998,-0.108,-0.04,-0.022,-0.08,-0.028,-0.006,-0.047,0.009,-0.0,-0.094,-0.01,-0.039,-0.129,-0.05
432.0,442.0,0.014,2.742,0.036,-1.998,-0.108,-0.04,-0.022,-0.08,-0.028,-0.006,-0.047,0.009,-0.0,-0.094,-0.01,-0.039,-0.129,-0.05
432.0,443.0,0.014,2.742,0.036,-1.998,-0.108,-0.04,-0.022,-0.08,-0.028,-0.006,-0.047,0.009,-0.0,-0.094,-0.01,-0.039,-0.129,-0.05
432.0,444.0,0.014,2.742,0.036,-1.998,-0.108,-0.04,-0.022,-0.08,-0.028,-0.006,-0.047,0.009,-0.0,-0.094,-0.01,-0.039,-0.129,-0.05
433.0,434.0,0.016,3.016,0.04,-1.276,-0.112,-0.034,-0.024,-0.089,-0.035,-0.029,-0.075,-0.0,0.014,-0.103,-0.007,-0.042,-0.064,-0.046
433.0,435.0,0.016,3.016,0.04,-1.276,-0.112,-0.034,-0.024,-0.089,-0.035,-0.029,-0.074,-0.0,0.014,-0.103,-0.007,-0.042,-0.064,-0.046
433.0,436.0,0.016,3.016,0.04,-1.276,-0.112,-0.034,-0.024,-0.089,-0.035,-0.029,-0.074,-0.0,0.014,-0.103,-0.007,-0.043,-0.064,-0.046
433.0,437.0,0.016,3.016,0.04,-1.276,-0.112,-0.034,-0.024,-0.089,-0.035,-0.028,-0.074,-0.0,0.014,-0.103,-0.007,-0.043,-0.064,-0.046
433.0,438.0,0.016,3.016,0.04,-1.276,-0.112,-0.034,-0.024,-0.089,-0.035,-0.028,-0.074,-0.0,0.013,-0.103,-0.007,-0.043,-0.063,-0.046
433.0,439.0,0.016,3.016,0.04,-1.276,-0.112,-0.034,-0.024,-0.089,-0.035,-0.028,-0.074,-0.0,0.013,-0.103,-0.007,-0.043,-0.063,-0.046
433.0,440.0,0.016,3.016,0.04,-1.276,-0.112,-0.034,-0.024,-0.089,-0.035,-0.027,-0.074,-0.0,0.013,-0.103,-0.007,-0.043,-0.063,-0.046
433.0,441.0,0.016,3.016,0.04,-1.276,-0.112,-0.034,-0.024,-0.089,-0.035,-0.027,-0.074,-0.0,0.013,-0.103,-0.008,-0.043,-0.063,-0.046
433.0,442.0,0.016,3.016,0.04,-1.276,-0.112,-0.034,-0.024,-0.089,-0.035,-0.027,-0.074,-0.0,0.013,-0.104,-0.008,-0.043,-0.063,-0.046
433.0,443.0,0.016,3.016,0.04,-1.276,-0.112,-0.034,-0.024,-0.089,-0.035,-0.026,-0.073,-0.0,0.013,-0.104,-0.008,-0.043,-0.062,-0.046
433.0,444.0,0.016,3.016,0.04,-1.276,-0.112,-0.034,-0.024,-0.089,-0.035,-0.026,-0.073,-0.0,0.013,-0.104,-0.008,-0.043,-0.062,-0.046
433.0,445.0,0.016,3.016,0.04,-1.276,-0.112,-0.034,-0.024,-0.089,-0.035,-0.026,-0.073,-0.0,0.013,-0.104,-0.008,-0.043,-0.062,-0.046
434.0,435.0,0.018,2.574,0.034,-2.316,-0.109,-0.037,-0.026,-0.071,-0.034,-0.0,-0.059,0.007,-0.003,-0.102,-0.013,-0.042,-0.051,-0.05
434.0,436.0,0.018,2.574,0.034,-2.316,-0.109,-0.037,-0.026,-0.071,-0.034,-0.0,-0.059,0.007,-0.003,-0.102,-0.013,-0.042,-0.051,-0.05
434.0,437.0,0.018,2.574,0.034,-2.316,-0.109,-0.037,-0.026,-0.071,-0.034,-0.0,-0.059,0.007,-0.003,-0.102,-0.013,-0.042,-0.051,-0.05
434.0,438.0,0.018,2.574,0.034,-2.316,-0.109,-0.037,-0.026,-0.071,-0.034,-0.0,-0.059,0.007,-0.003,-0.102,-0.013,-0.042,-0.051,-0.05
434.0,439.0,0.018,2.574,0.034,-2.316,-0.109,-0.037,-0.026,-0.071,-0.034,-0.0,-0.059,0.007,-0.003,-0.102,-0.014,-0.042,-0.051,-0.05
434.0,440.0,0.018,2.574,0.034,-2.316,-0.109,-0.037,-0.026,-0.071,-0.034,-0.0,-0.059,0.007,-0.004,-0.102,-0.014,-0.042,-0.051,-0.05
434.0,441.0,0.018,2.574,0.034,-2.316,-0.109,-0.037,-0.026,-0.071,-0.034,-0.0,-0.059,0.007,-0.004,-0.103,-0.014,-0.042,-0.051,-0.05
434.0,442.0,0.018,2.574,0.034,-2.316,-0.109,-0.037,-0.026,-0.071,-0.034,-0.0,-0.059,0.007,-0.004,-0.103,-0.014,-0.043,-0.051,-0.05
434.0,443.0,0.018,2.574,0.034,-2.316,-0.109,-0.037,-0.026,-0.071,-0.034,-0.0,-0.059,0.007,-0.004,-0.103,-0.014,-0.043,-0.051,-0.05
434.0,444.0,0.018,2.574,0.034,-2.316,-0.109,-0.037,-0.026,-0.071,-0.034,-0.0,-0.059,0.007,-0.004,-0.103,-0.014,-0.043,-0.051,-0.05
434.0,445.0,0.018,2.574,0.034,-2.316,-0.109,-0.037,-0.026,-0.071,-0.034,-0.0,-0.059,0.007,-0.004,-0.103,-0.014,-0.043,-0.051,-0.05
434.0,446.0,0.018,2.574,0.034,-2.316,-0.109,-0.037,-0.026,-0.071,-0.034,-0.0,-0.059,0.007,-0.004,-0.103,-0.014,-0.043,-0.051,-0.05
435.0,436.0,0.022,2.875,0.037,-1.694,-0.114,-0.031,-0.023,-0.07,-0.034,-0.007,-0.057,0.003,0.009,-0.07,0.008,-0.047,-0.069,-0.038
435.0,437.0,0.022,2.875,0.037,-1.694,-0.114,-0.031,-0.023,-0.07,-0.034,-0.007,-0.057,0.003,0.009,-0.07,0.008,-0.047,-0.069,-0.038
435.0,438.0,0.023,2.875,0.037,-1.694,-0.114,-0.031,-0.023,-0.07,-0.034,-0.007,-0.057,0.003,0.009,-0.07,0.008,-0.047,-0.069,-0.038
435.0,439.0,0.023,2.875,0.037,-1.694,-0.114,-0.031,-0.023,-0.07,-0.034,-0.007,-0.057,0.003,0.009,-0.07,0.008,-0.047,-0.069,-0.038
435.0,440.0,0.023,2.875,0.037,-1.693,-0.114,-0.032,-0.022,-0.07,-0.034,-0.007,-0.057,0.003,0.009,-0.07,0.008,-0.047,-0.069,-0.038
435.0,441.0,0.023,2.875,0.037,-1.693,-0.114,-0.032,-0.022,-0.07,-0.034,-0.007,-0.057,0.003,0.009,-0.07,0.008,-0.047,-0.069,-0.038
435.0,442.0,0.023,2.875,0.037,-1.693,-0.114,-0.032,-0.022,-0.07,-0.034,-0.007,-0.057,0.003,0.009,-0.07,0.008,-0.047,-0.069,-0.038
435.0,443.0,0.023,2.875,0.037,-1.693,-0.115,-0.032,-0.022,-0.07,-0.034,-0.007,-0.057,0.003,0.009,-0.07,0.008,-0.047,-0.069,-0.038
435.0,444.0,0.023,2.874,0.037,-1.693,-0.115,-0.032,-0.022,-0.071,-0.034,-0.007,-0.057,0.003,0.009,-0.07,0.007,-0.047,-0.069,-0.038
435.0,445.0,0.023,2.874,0.037,-1.693,-0.115,-0.032,-0.022,-0.071,-0.034,-0.007,-0.057,0.003,0.009,-0.07,0.007,-0.047,-0.069,-0.038
435.0,446.0,0.023,2.874,0.037,-1.693,-0.115,-0.032,-0.022,-0.071,-0.034,-0.007,-0.057,0.003,0.009,-0.07,0.007,-0.047,-0.069,-0.038
435.0,447.0,0.023,2.874,0.037,-1.693,-0.115,-0.032,-0.022,-0.071,-0.034,-0.007,-0.057,0.003,0.009,-0.07,0.007,-0.047,-0.069,-0.038
436.0,437.0,0.011,2.974,0.036,-2.01,-0.103,-0.054,-0.022,-0.063,-0.011,-0.028,-0.071,0.015,-0.026,-0.082,-0.0,-0.034,-0.056,-0.047
436.0,438.0,0.011,2.974,0.036,-2.01,-0.103,-0.054,-0.021,-0.063,-0.011,-0.028,-0.071,0.015,-0.026,-0.082,-0.0,-0.035,-0.056,-0.047
436.0,439.0,0.011,2.974,0.036,-2.01,-0.103,-0.054,-0.021,-0.064,-0.011,-0.028,-0.071,0.015,-0.026,-0.082,-0.0,-0.035,-0.055,-0.047
436.0,440.0,0.011,2.974,0.036,-2.01,-0.103,-0.054,-0.021,-0.064,-0.011,-0.028,-0.071,0.015,-0.026,-0.082,-0.0,-0.035,-0.055,-0.047
436.0,441.0,0.011,2.974,0.036,-2.01,-0.103,-0.054,-0.021,-0.064,-0.011,-0.028,-0.07,0.015,-0.026,-0.082,-0.0,-0.035,-0.055,-0.047
436.0,442.0,0.011,2.974,0.036,-2.01,-0.103,-0.054,-0.021,-0.065,-0.011,-0.028,-0.07,0.015,-0.026,-0.082,-0.0,-0.035,-0.055,-0.047
436.0,443.0,0.011,2.974,0.036,-2.01,-0.103,-0.054,-0.021,-0.065,-0.011,-0.028,-0.07,0.015,-0.026,-0.082,-0.0,-0.035,-0.055,-0.047
436.0,444.0,0.011,2.974,0.036,-2.01,-0.103,-0.054,-0.021,-0.065,-0.011,-0.028,-0.07,0.015,-0.026,-0.082,-0.0,-0.036,-0.055,-0.047
436.0,445.0,0.011,2.974,0.036,-2.01,-0.103,-0.054,-0.021,-0.065,-0.011,-0.028,-0.07,0.015,-0.025,-0.082,-0.0,-0.036,-0.054,-0.047
436.0,446.0,0.011,2.974,0.036,-2.01,-0.103,-0.054,-0.021,-0.066,-0.011,-0.028,-0.07,0.015,-0.025,-0.082,-0.0,-0.036,-0.054,-0.047
436.0,447.0,0.011,2.974,0.036,-2.01,-0.103,-0.054,-0.021,-0.066,-0.011,-0.028,-0.07,0.015,-0.025,-0.082,-0.0,-0.036,-0.054,-0.047
436.0,448.0,0.011,2.974,0.036,-2.01,-0.103,-0.054,-0.021,-0.066,-0.011,-0.028,-0.07,0.015,-0.025,-0.082,-0.0,-0.036,-0.054,-0.047
437.0,438.0,0.014,2.664,0.036,-1.625,-0.103,-0.042,-0.021,-0.076,-0.042,-0.032,-0.066,0.013,0.003,-0.112,-0.004,-0.051,-0.062,-0.053
437.0,439.0,0.014,2.664,0.036,-1.625,-0.103,-0.042,-0.021,-0.076,-0.042,-0.032,-0.066,0.013,0.003,-0.112,-0.004,-0.051,-0.062,-0.052
437.0,440.0,0.014,2.664,0.036,-1.625,-0.103,-0.042,-0.021,-0.076,-0.042,-0.032,-0.066,0.013,0.003,-0.112,-0.004,-0.051,-0.062,-0.052
437.0,441.0,0.014,2.664,0.036,-1.625,-0.103,-0.042,-0.021,-0.076,-0.042,-0.032,-0.066,0.013,0.003,-0.112,-0.004,-0.051,-0.062,-0.052
437.0,442.0,0.014,2.664,0.036,-1.625,-0.103,-0.042,-0.021,-0.076,-0.042,-0.032,-0.066,0.013,0.003,-0.112,-0.004,-0.051,-0.062,-0.052
437.0,443.0,0.014,2.664,0.036,-1.625,-0.103,-0.042,-0.021,-0.076,-0.042,-0.032,-0.066,0.013,0.003,-0.112,-0.004,-0.051,-0.062,-0.052
437.0,444.0,0.014,2.664,0.036,-1.625,-0.103,-0.042,-0.021,-0.076,-0.042,-0.032,-0.066,0.013,0.003,-0.112,-0.004,-0.051,-0.062,-0.052
437.0,445.0,0.014,2.664,0.036,-1.625,-0.103,-0.042,-0.021,-0.076,-0.042,-0.032,-0.066,0.013,0.003,-0.112,-0.004,-0.051,-0.062,-0.052
437.0,446.0,0.014,2.664,0.036,-1.625,-0.103,-0.042,-0.021,-0.076,-0.042,-0.032,-0.066,0.013,0.003,-0.112,-0.004,-0.051,-0.062,-0.052
437.0,447.0,0.014,2.664,0.036,-1.625,-0.103,-0.042,-0.021,-0.076,-0.042,-0.032,-0.066,0.013,0.003,-0.112,-0.004,-0.051,-0.062,-0.052
437.0,448.0,0.014,2.664,0.036,-1.625,-0.103,-0.042,-0.021,-0.076,-0.042,-0.032,-0.066,0.013,0.003,-0.112,-0.004,-0.051,-0.062,-0.052
437.0,449.0,0.014,2.664,0.036,-1.625,-0.103,-0.042,-0.021,-0.076,-0.042,-0.032,-0.066,0.013,0.003,-0.112,-0.004,-0.051,-0.062,-0.052
438.0,439.0,0.016,2.612,0.034,-1.803,-0.096,-0.04,-0.024,-0.072,-0.038,-0.038,-0.08,0.013,-0.001,-0.11,-0.01,-0.05,-0.073,-0.052
438.0,440.0,0.016,2.612,0.034,-1.803,-0.096,-0.04,-0.024,-0.072,-0.038,-0.038,-0.08,0.013,-0.001,-0.11,-0.01,-0.05,-0.073,-0.052
438.0,441.0,0.016,2.612,0.034,-1.803,-0.096,-0.04,-0.024,-0.073,-0.039,-0.038,-0.08,0.013,-0.001,-0.11,-0.01,-0.05,-0.073,-0.052
438.0,442.0,0.016,2.612,0.034,-1.803,-0.096,-0.04,-0.024,-0.073,-0.039,-0.038,-0.079,0.013,-0.001,-0.11,-0.01,-0.05,-0.073,-0.052
438.0,443.0,0.016,2.612,0.034,-1.803,-0.096,-0.04,-0.024,-0.073,-0.039,-0.038,-0.079,0.013,-0.001,-0.11,-0.01,-0.05,-0.072,-0.052
438.0,444.0,0.016,2.612,0.034,-1.803,-0.096,-0.04,-0.024,-0.073,-0.039,-0.038,-0.079,0.013,-0.001,-0.11,-0.01,-0.05,-0.072,-0.052
438.0,445.0,0.016,2.612,0.034,-1.803,-0.096,-0.04,-0.024,-0.073,-0.039,-0.038,-0.079,0.013,-0.001,-0.11,-0.01,-0.05,-0.072,-0.052
438.0,446.0,0.016,2.612,0.034,-1.803,-0.096,-0.04,-0.024,-0.073,-0.039,-0.038,-0.079,0.013,-0.001,-0.11,-0.01,-0.051,-0.072,-0.052
438.0,447.0,0.016,2.612,0.034,-1.803,-0.096,-0.04,-0.024,-0.073,-0.039,-0.038,-0.079,0.013,-0.001,-0.11,-0.01,-0.051,-0.072,-0.052
438.0,448.0,0.016,2.612,0.034,-1.803,-0.096,-0.04,-0.024,-0.073,-0.039,-0.038,-0.079,0.013,-0.001,-0.11,-0.01,-0.051,-0.072,-0.052
438.0,449.0,0.016,2.612,0.034,-1.803,-0.096,-0.04,-0.024,-0.073,-0.039,-0.038,-0.079,0.013,-0.001,-0.11,-0.01,-0.051,-0.072,-0.052
438.0,450.0,0.016,2.612,0.034,-1.803,-0.096,-0.04,-0.024,-0.073,-0.039,-0.038,-0.079,0.013,-0.001,-0.11,-0.01,-0.051,-0.071,-0.052
439.0,440.0,0.021,2.948,0.038,-1.485,-0.114,-0.045,-0.029,-0.061,-0.031,-0.004,-0.062,-0.001,0.011,-0.074,-0.003,-0.052,-0.068,-0.029
439.0,441.0,0.021,2.947,0.038,-1.485,-0.114,-0.045,-0.029,-0.062,-0.031,-0.004,-0.062,-0.001,0.011,-0.074,-0.003,-0.052,-0.068,-0.029
439.0,442.0,0.021,2.947,0.038,-1.485,-0.114,-0.045,-0.029,-0.062,-0.031,-0.004,-0.062,-0.001,0.011,-0.074,-0.003,-0.052,-0.068,-0.029
439.0,443.0,0.021,2.947,0.038,-1.485,-0.114,-0.045,-0.029,-0.062,-0.031,-0.004,-0.062,-0.001,0.011,-0.074,-0.003,-0.052,-0.068,-0.029
439.0,444.0,0.021,2.947,0.038,-1.484,-0.114,-0.045,-0.029,-0.062,-0.031,-0.004,-0.062,-0.001,0.011,-0.074,-0.003,-0.052,-0.068,-0.029
439.0,445.0,0.021,2.947,0.038,-1.484,-0.114,-0.045,-0.029,-0.062,-0.031,-0.004,-0.062,-0.001,0.011,-0.074,-0.003,-0.052,-0.068,-0.029
439.0,446.0,0.021,2.947,0.038,-1.484,-0.114,-0.045,-0.029,-0.062,-0.032,-0.004,-0.062,-0.001,0.011,-0.074,-0.003,-0.052,-0.068,-0.029
439.0,447.0,0.021,2.947,0.038,-1.484,-0.114,-0.045,-0.029,-0.062,-0.032,-0.004,-0.062,-0.001,0.011,-0.074,-0.003,-0.052,-0.068,-0.029
439.0,448.0,0.021,2.947,0.038,-1.484,-0.115,-0.045,-0.029,-0.062,-0.032,-0.004,-0.062,-0.001,0.011,-0.074,-0.003,-0.052,-0.068,-0.029
439.0,449.0,0.021,2.947,0.038,-1.484,-0.115,-0.045,-0.029,-0.062,-0.032,-0.004,-0.062,-0.001,0.011,-0.074,-0.003,-0.052,-0.068,-0.029
439.0,450.0,0.021,2.947,0.038,-1.484,-0.115,-0.045,-0.029,-0.063,-0.032,-0.004,-0.062,-0.001,0.011,-0.074,-0.003,-0.052,-0.068,-0.029
439.0,451.0,0.021,2.947,0.038,-1.484,-0.115,-0.045,-0.029,-0.063,-0.032,-0.004,-0.062,-0.001,0.011,-0.074,-0.003,-0.052,-0.068,-0.029
440.0,441.0,0.012,3.178,0.034,-2.234,-0.11,-0.039,-0.016,-0.068,-0.006,-0.002,-0.059,0.007,-0.001,-0.104,-0.024,-0.053,-0.048,-0.055
440.0,442.0,0.012,3.178,0.034,-2.234,-0.11,-0.039,-0.016,-0.068,-0.006,-0.002,-0.059,0.007,-0.001,-0.104,-0.024,-0.053,-0.048,-0.055
440.0,443.0,0.012,3.178,0.034,-2.234,-0.11,-0.039,-0.016,-0.068,-0.006,-0.002,-0.059,0.007,-0.001,-0.104,-0.024,-0.053,-0.048,-0.055
440.0,444.0,0.012,3.178,0.034,-2.234,-0.11,-0.039,-0.016,-0.068,-0.006,-0.002,-0.059,0.007,-0.001,-0.104,-0.024,-0.053,-0.048,-0.055
440.0,445.0,0.012,3.178,0.034,-2.234,-0.11,-0.039,-0.016,-0.068,-0.006,-0.002,-0.059,0.007,-0.002,-0.104,-0.024,-0.053,-0.048,-0.055
440.0,446.0,0.012,3.178,0.034,-2.234,-0.11,-0.039,-0.016,-0.068,-0.006,-0.002,-0.059,0.007,-0.002,-0.104,-0.024,-0.053,-0.048,-0.055
440.0,447.0,0.012,3.178,0.034,-2.234,-0.11,-0.039,-0.016,-0.068,-0.006,-0.003,-0.059,0.007,-0.002,-0.104,-0.024,-0.053,-0.048,-0.055
440.0,448.0,0.012,3.178,0.034,-2.234,-0.11,-0.039,-0.016,-0.068,-0.006,-0.003,-0.059,0.007,-0.002,-0.104,-0.024,-0.053,-0.048,-0.055
440.0,449.0,0.012,3.178,0.034,-2.234,-0.11,-0.039,-0.016,-0.068,-0.006,-0.003,-0.059,0.006,-0.002,-0.104,-0.024,-0.053,-0.049,-0.055
440.0,450.0,0.012,3.178,0.034,-2.234,-0.11,-0.039,-0.016,-0.068,-0.006,-0.003,-0.059,0.006,-0.002,-0.104,-0.024,-0.053,-0.049,-0.055
440.0,451.0,0.012,3.178,0.034,-2.234,-0.11,-0.039,-0.016,-0.068,-0.006,-0.003,-0.059,0.006,-0.002,-0.104,-0.024,-0.053,-0.049,-0.055
440.0,452.0,0.012,3.178,0.034,-2.234,-0.11,-0.039,-0.016,-0.068,-0.006,-0.003,-0.059,0.006,-0.003,-0.104,-0.024,-0.053,-0.049,-0.055
441.0,442.0,0.021,2.804,0.036,-1.447,-0.097,-0.042,-0.026,-0.067,-0.031,-0.005,-0.065,0.008,0.004,-0.087,0.009,-0.047,-0.091,-0.044
441.0,443.0,0.021,2.804,0.036,-1.447,-0.097,-0.042,-0.026,-0.067,-0.031,-0.005,-0.065,0.008,0.004,-0.087,0.009,-0.047,-0.091,-0.044
441.0,444.0,0.021,2.804,0.036,-1.447,-0.097,-0.042,-0.025,-0.067,-0.031,-0.005,-0.065,0.008,0.004,-0.087,0.009,-0.047,-0.091,-0.044
441.0,445.0,0.021,2.804,0.036,-1.447,-0.097,-0.042,-0.025,-0.067,-0.032,-0.005,-0.065,0.008,0.004,-0.087,0.009,-0.047,-0.091,-0.044
441.0,446.0,0.021,2.804,0.036,-1.446,-0.097,-0.042,-0.025,-0.067,-0.032,-0.005,-0.065,0.008,0.004,-0.087,0.009,-0.047,-0.091,-0.044
441.0,447.0,0.021,2.804,0.036,-1.446,-0.098,-0.042,-0.025,-0.067,-0.032,-0.005,-0.065,0.008,0.004,-0.087,0.009,-0.047,-0.091,-0.044
441.0,448.0,0.021,2.804,0.037,-1.446,-0.098,-0.042,-0.025,-0.067,-0.032,-0.005,-0.065,0.008,0.004,-0.087,0.009,-0.047,-0.091,-0.044
441.0,449.0,0.021,2.804,0.037,-1.446,-0.098,-0.042,-0.025,-0.068,-0.032,-0.005,-0.065,0.008,0.004,-0.087,0.009,-0.047,-0.091,-0.044
441.0,450.0,0.021,2.804,0.037,-1.445,-0.098,-0.042,-0.025,-0.068,-0.032,-0.005,-0.065,0.008,0.004,-0.087,0.009,-0.047,-0.091,-0.044
441.0,451.0,0.021,2.804,0.037,-1.445,-0.098,-0.042,-0.025,-0.068,-0.032,-0.005,-0.065,0.008,0.004,-0.087,0.009,-0.047,-0.091,-0.044
441.0,452.0,0.021,2.804,0.037,-1.445,-0.098,-0.042,-0.025,-0.068,-0.032,-0.005,-0.065,0.008,0.004,-0.087,0.009,-0.047,-0.091,-0.044
441.0,453.0,0.021,2.803,0.037,-1.445,-0.098,-0.042,-0.025,-0.068,-0.032,-0.005,-0.065,0.008,0.004,-0.087,0.009,-0.047,-0.091,-0.044
442.0,443.0,0.017,2.56,0.035,-1.836,-0.112,-0.044,-0.028,-0.078,-0.037,-0.011,-0.068,0.018,0.013,-0.094,-0.027,-0.011,-0.089,-0.05
442.0,444.0,0.017,2.56,0.035,-1.836,-0.112,-0.044,-0.028,-0.078,-0.037,-0.011,-0.068,0.018,0.013,-0.094,-0.027,-0.011,-0.089,-0.05
442.0,445.0,0.017,2.56,0.035,-1.836,-0.112,-0.044,-0.028,-0.078,-0.037,-0.011,-0.068,0.018,0.013,-0.094,-0.027,-0.011,-0.089,-0.05
442.0,446.0,0.017,2.56,0.035,-1.836,-0.112,-0.044,-0.028,-0.078,-0.037,-0.011,-0.068,0.018,0.013,-0.094,-0.027,-0.011,-0.089,-0.05
442.0,447.0,0.017,2.56,0.035,-1.836,-0.112,-0.044,-0.028,-0.078,-0.037,-0.011,-0.068,0.018,0.013,-0.094,-0.027,-0.011,-0.089,-0.05
442.0,448.0,0.017,2.56,0.035,-1.836,-0.112,-0.044,-0.028,-0.078,-0.037,-0.011,-0.068,0.018,0.013,-0.094,-0.027,-0.011,-0.089,-0.05
442.0,449.0,0.017,2.56,0.035,-1.836,-0.112,-0.044,-0.028,-0.078,-0.037,-0.011,-0.068,0.018,0.013,-0.094,-0.027,-0.011,-0.089,-0.05
442.0,450.0,0.017,2.56,0.035,-1.836,-0.112,-0.044,-0.028,-0.078,-0.037,-0.011,-0.068,0.018,0.013,-0.094,-0.027,-0.012,-0.089,-0.05
442.0,451.0,0.017,2.56,0.035,-1.836,-0.112,-0.044,-0.028,-0.078,-0.037,-0.011,-0.068,0.018,0.013,-0.094,-0.027,-0.012,-0.089,-0.05
442.0,452.0,0.017,2.56,0.035,-1.836,-0.112,-0.044,-0.028,-0.078,-0.037,-0.011,-0.068,0.018,0.013,-0.094,-0.027,-0.012,-0.089,-0.05
442.0,453.0,0.017,2.56,0.035,-1.836,-0.112,-0.044,-0.028,-0.078,-0.037,-0.011,-0.068,0.018,0.013,-0.094,-0.027,-0.012,-0.089,-0.05
442.0,454.0,0.017,2.56,0.035,-1.836,-0.112,-0.044,-0.028,-0.078,-0.037,-0.01,-0.068,0.018,0.013,-0.094,-0.027,-0.012,-0.088,-0.05
443.0,444.0,0.021,2.804,0.034,-1.558,-0.128,-0.065,-0.025,-0.076,-0.032,-0.002,-0.075,0.009,0.02,-0.103,-0.01,-0.053,-0.061,-0.041
443.0,445.0,0.021,2.804,0.034,-1.558,-0.128,-0.065,-0.025,-0.076,-0.032,-0.002,-0.075,0.009,0.02,-0.103,-0.01,-0.053,-0.061,-0.041
443.0,446.0,0.021,2.804,0.034,-1.558,-0.128,-0.065,-0.024,-0.076,-0.032,-0.002,-0.075,0.009,0.02,-0.103,-0.01,-0.053,-0.061,-0.041
443.0,447.0,0.021,2.804,0.034,-1.558,-0.128,-0.065,-0.024,-0.076,-0.032,-0.002,-0.075,0.009,0.02,-0.103,-0.01,-0.053,-0.061,-0.041
443.0,448.0,0.021,2.804,0.034,-1.558,-0.128,-0.064,-0.024,-0.076,-0.032,-0.002,-0.075,0.009,0.02,-0.103,-0.01,-0.053,-0.061,-0.041
443.0,449.0,0.021,2.804,0.034,-1.558,-0.128,-0.064,-0.024,-0.076,-0.032,-0.002,-0.075,0.009,0.02,-0.103,-0.01,-0.053,-0.061,-0.041
443.0,450.0,0.021,2.803,0.034,-1.558,-0.128,-0.064,-0.024,-0.076,-0.033,-0.002,-0.075,0.009,0.02,-0.103,-0.01,-0.053,-0.061,-0.041
443.0,451.0,0.021,2.803,0.034,-1.558,-0.128,-0.064,-0.024,-0.076,-0.033,-0.002,-0.075,0.009,0.02,-0.103,-0.01,-0.053,-0.061,-0.041
443.0,452.0,0.021,2.803,0.034,-1.558,-0.128,-0.063,-0.024,-0.076,-0.033,-0.002,-0.075,0.009,0.02,-0.103,-0.01,-0.053,-0.061,-0.041
443.0,453.0,0.021,2.803,0.034,-1.558,-0.128,-0.063,-0.024,-0.077,-0.033,-0.002,-0.075,0.009,0.02,-0.103,-0.01,-0.053,-0.061,-0.041
443.0,454.0,0.021,2.803,0.034,-1.558,-0.128,-0.063,-0.024,-0.077,-0.033,-0.002,-0.075,0.009,0.02,-0.103,-0.01,-0.053,-0.061,-0.041
443.0,455.0,0.021,2.803,0.034,-1.558,-0.128,-0.062,-0.024,-0.077,-0.033,-0.002,-0.075,0.009,0.02,-0.103,-0.01,-0.053,-0.061,-0.041
444.0,445.0,0.015,2.673,0.033,-1.939,-0.123,-0.039,-0.026,-0.081,-0.037,-0.027,-0.078,0.016,-0.007,-0.103,-0.013,-0.019,-0.056,-0.054
444.0,446.0,0.015,2.673,0.033,-1.939,-0.123,-0.039,-0.026,-0.081,-0.037,-0.027,-0.078,0.016,-0.007,-0.103,-0.013,-0.019,-0.056,-0.054
444.0,447.0,0.015,2.673,0.033,-1.939,-0.123,-0.039,-0.026,-0.081,-0.037,-0.027,-0.078,0.016,-0.007,-0.103,-0.013,-0.02,-0.056,-0.054
444.0,448.0,0.015,2.673,0.033,-1.939,-0.123,-0.039,-0.026,-0.081,-0.037,-0.027,-0.078,0.016,-0.007,-0.103,-0.013,-0.02,-0.056,-0.054
444.0,449.0,0.015,2.673,0.033,-1.939,-0.123,-0.039,-0.026,-0.081,-0.037,-0.027,-0.078,0.016,-0.007,-0.103,-0.013,-0.02,-0.056,-0.054
444.0,450.0,0.015,2.673,0.033,-1.939,-0.123,-0.039,-0.026,-0.081,-0.037,-0.027,-0.078,0.016,-0.007,-0.103,-0.013,-0.02,-0.056,-0.054
444.0,451.0,0.015,2.673,0.033,-1.939,-0.123,-0.039,-0.025,-0.081,-0.037,-0.027,-0.078,0.016,-0.007,-0.103,-0.013,-0.021,-0.056,-0.054
444.0,452.0,0.015,2.673,0.033,-1.939,-0.123,-0.039,-0.025,-0.081,-0.037,-0.027,-0.078,0.016,-0.007,-0.103,-0.013,-0.021,-0.056,-0.054
444.0,453.0,0.015,2.673,0.033,-1.939,-0.123,-0.039,-0.025,-0.081,-0.038,-0.026,-0.078,0.016,-0.007,-0.104,-0.013,-0.021,-0.056,-0.054
444.0,454.0,0.015,2.673,0.033,-1.939,-0.123,-0.039,-0.025,-0.081,-0.038,-0.026,-0.078,0.015,-0.007,-0.104,-0.013,-0.021,-0.056,-0.054
444.0,455.0,0.015,2.673,0.033,-1.939,-0.123,-0.039,-0.025,-0.081,-0.038,-0.026,-0.078,0.015,-0.007,-0.104,-0.013,-0.022,-0.056,-0.054
444.0,456.0,0.015,2.673,0.033,-1.939,-0.123,-0.039,-0.025,-0.081,-0.038,-0.026,-0.078,0.015,-0.007,-0.104,-0.013,-0.022,-0.056,-0.054
445.0,446.0,0.014,2.587,0.035,-1.768,-0.106,-0.046,-0.031,-0.076,-0.036,-0.002,-0.07,0.017,0.024,-0.101,-0.01,-0.042,-0.098,-0.05
445.0,447.0,0.014,2.587,0.035,-1.768,-0.106,-0.046,-0.031,-0.076,-0.036,-0.002,-0.07,0.017,0.024,-0.101,-0.01,-0.042,-0.098,-0.05
445.0,448.0,0.014,2.587,0.035,-1.768,-0.106,-0.046,-0.031,-0.076,-0.036,-0.002,-0.07,0.017,0.024,-0.101,-0.01,-0.042,-0.098,-0.05
445.0,449.0,0.014,2.587,0.035,-1.768,-0.106,-0.046,-0.031,-0.076,-0.036,-0.002,-0.07,0.017,0.024,-0.101,-0.011,-0.042,-0.098,-0.05
445.0,450.0,0.014,2.587,0.035,-1.768,-0.106,-0.046,-0.031,-0.076,-0.036,-0.002,-0.07,0.017,0.024,-0.101,-0.011,-0.042,-0.098,-0.05
445.0,451.0,0.014,2.587,0.035,-1.768,-0.106,-0.046,-0.031,-0.076,-0.036,-0.002,-0.07,0.017,0.024,-0.101,-0.011,-0.042,-0.098,-0.05
445.0,452.0,0.014,2.587,0.035,-1.768,-0.106,-0.046,-0.031,-0.076,-0.036,-0.002,-0.07,0.017,0.024,-0.101,-0.011,-0.042,-0.098,-0.05
445.0,453.0,0.014,2.587,0.035,-1.768,-0.106,-0.046,-0.031,-0.076,-0.036,-0.002,-0.07,0.017,0.023,-0.101,-0.011,-0.042,-0.097,-0.05
445.0,454.0,0.014,2.587,0.035,-1.768,-0.106,-0.046,-0.031,-0.076,-0.036,-0.002,-0.07,0.017,0.023,-0.101,-0.011,-0.042,-0.097,-0.05
445.0,455.0,0.014,2.587,0.035,-1.768,-0.106,-0.046,-0.031,-0.076,-0.036,-0.002,-0.07,0.017,0.023,-0.101,-0.011,-0.042,-0.097,-0.05
445.0,456.0,0.014,2.587,0.035,-1.768,-0.106,-0.046,-0.031,-0.076,-0.036,-0.002,-0.07,0.017,0.023,-0.101,-0.011,-0.042,-0.097,-0.05
445.0,457.0,0.014,2.587,0.035,-1.768,-0.106,-0.046,-0.031,-0.076,-0.036,-0.002,-0.07,0.017,0.023,-0.101,-0.011,-0.042,-0.097,-0.05
446.0,447.0,0.016,2.594,0.035,-1.664,-0.112,-0.043,-0.019,-0.081,-0.043,-0.045,-0.094,0.012,0.046,-0.151,-0.007,-0.033,-0.068,-0.071
446.0,448.0,0.016,2.594,0.035,-1.664,-0.112,-0.043,-0.019,-0.081,-0.043,-0.045,-0.094,0.012,0.046,-0.151,-0.007,-0.034,-0.068,-0.071
446.0,449.0,0.016,2.594,0.035,-1.664,-0.112,-0.043,-0.019,-0.081,-0.043,-0.045,-0.093,0.012,0.046,-0.151,-0.007,-0.034,-0.068,-0.071
446.0,450.0,0.016,2.594,0.035,-1.664,-0.112,-0.043,-0.019,-0.081,-0.043,-0.045,-0.093,0.012,0.046,-0.151,-0.007,-0.034,-0.068,-0.071
446.0,451.0,0.016,2.594,0.035,-1.664,-0.112,-0.043,-0.019,-0.081,-0.043,-0.045,-0.092,0.012,0.046,-0.151,-0.007,-0.034,-0.068,-0.071
446.0,452.0,0.016,2.594,0.035,-1.664,-0.112,-0.043,-0.019,-0.081,-0.043,-0.045,-0.092,0.012,0.046,-0.151,-0.007,-0.034,-0.068,-0.071
446.0,453.0,0.016,2.594,0.035,-1.664,-0.112,-0.043,-0.019,-0.081,-0.043,-0.045,-0.092,0.012,0.046,-0.151,-0.007,-0.034,-0.067,-0.071
446.0,454.0,0.016,2.594,0.035,-1.664,-0.112,-0.043,-0.019,-0.081,-0.043,-0.045,-0.091,0.012,0.046,-0.151,-0.007,-0.035,-0.067,-0.071
446.0,455.0,0.016,2.594,0.035,-1.664,-0.112,-0.043,-0.019,-0.081,-0.043,-0.044,-0.091,0.012,0.046,-0.151,-0.007,-0.035,-0.067,-0.071
446.0,456.0,0.016,2.594,0.035,-1.664,-0.112,-0.043,-0.019,-0.081,-0.043,-0.044,-0.091,0.012,0.046,-0.151,-0.007,-0.035,-0.067,-0.07
446.0,457.0,0.016,2.594,0.035,-1.664,-0.112,-0.043,-0.019,-0.081,-0.043,-0.044,-0.09,0.012,0.046,-0.151,-0.007,-0.035,-0.067,-0.07
446.0,458.0,0.016,2.594,0.035,-1.664,-0.112,-0.043,-0.019,-0.081,-0.043,-0.044,-0.09,0.012,0.046,-0.151,-0.007,-0.035,-0.067,-0.07
447.0,448.0,0.021,2.753,0.038,-1.255,-0.113,-0.035,-0.021,-0.096,-0.041,-0.041,-0.109,0.011,-0.009,-0.106,-0.003,-0.035,-0.054,-0.05
447.0,449.0,0.021,2.753,0.038,-1.255,-0.113,-0.035,-0.021,-0.096,-0.041,-0.041,-0.108,0.011,-0.009,-0.106,-0.003,-0.035,-0.054,-0.05
447.0,450.0,0.021,2.753,0.038,-1.255,-0.113,-0.035,-0.021,-0.096,-0.041,-0.041,-0.107,0.011,-0.009,-0.106,-0.003,-0.035,-0.054,-0.05
447.0,451.0,0.021,2.753,0.038,-1.255,-0.113,-0.035,-0.021,-0.096,-0.041,-0.041,-0.107,0.011,-0.009,-0.106,-0.003,-0.035,-0.054,-0.05
447.0,452.0,0.021,2.753,0.038,-1.255,-0.113,-0.035,-0.021,-0.096,-0.041,-0.04,-0.106,0.011,-0.009,-0.106,-0.003,-0.035,-0.054,-0.05
447.0,453.0,0.021,2.753,0.038,-1.255,-0.113,-0.035,-0.021,-0.096,-0.041,-0.04,-0.105,0.01,-0.009,-0.106,-0.003,-0.035,-0.054,-0.05
447.0,454.0,0.021,2.753,0.038,-1.255,-0.113,-0.035,-0.021,-0.096,-0.041,-0.04,-0.105,0.01,-0.009,-0.106,-0.003,-0.035,-0.054,-0.05
447.0,455.0,0.021,2.753,0.038,-1.255,-0.113,-0.035,-0.021,-0.096,-0.041,-0.04,-0.104,0.01,-0.009,-0.106,-0.003,-0.035,-0.053,-0.05
447.0,456.0,0.021,2.753,0.038,-1.255,-0.113,-0.035,-0.021,-0.096,-0.041,-0.039,-0.104,0.01,-0.009,-0.106,-0.003,-0.035,-0.053,-0.05
447.0,457.0,0.021,2.753,0.038,-1.255,-0.113,-0.035,-0.021,-0.096,-0.041,-0.039,-0.103,0.01,-0.009,-0.106,-0.003,-0.035,-0.053,-0.05
447.0,458.0,0.021,2.753,0.038,-1.255,-0.113,-0.035,-0.021,-0.096,-0.041,-0.039,-0.102,0.01,-0.009,-0.106,-0.003,-0.035,-0.053,-0.05
447.0,459.0,0.021,2.753,0.038,-1.255,-0.113,-0.035,-0.021,-0.096,-0.041,-0.039,-0.102,0.01,-0.009,-0.106,-0.003,-0.035,-0.053,-0.05
448.0,449.0,0.015,2.618,0.038,-1.398,-0.124,-0.037,-0.025,-0.086,-0.037,-0.001,-0.072,0.016,0.045,-0.096,-0.027,-0.04,-0.084,-0.057
448.0,450.0,0.015,2.618,0.038,-1.398,-0.124,-0.037,-0.025,-0.086,-0.037,-0.001,-0.072,0.016,0.044,-0.096,-0.027,-0.04,-0.084,-0.057
448.0,451.0,0.015,2.618,0.038,-1.398,-0.125,-0.037,-0.025,-0.086,-0.037,-0.001,-0.072,0.016,0.044,-0.096,-0.027,-0.04,-0.084,-0.057
448.0,452.0,0.015,2.618,0.038,-1.398,-0.125,-0.037,-0.025,-0.086,-0.037,-0.001,-0.072,0.016,0.043,-0.096,-0.027,-0.04,-0.084,-0.057
448.0,453.0,0.015,2.618,0.038,-1.398,-0.125,-0.037,-0.025,-0.086,-0.037,-0.001,-0.072,0.016,0.043,-0.096,-0.027,-0.04,-0.084,-0.057
448.0,454.0,0.015,2.618,0.038,-1.398,-0.125,-0.037,-0.025,-0.086,-0.037,-0.001,-0.072,0.016,0.043,-0.096,-0.027,-0.04,-0.084,-0.057
448.0,455.0,0.015,2.618,0.038,-1.398,-0.125,-0.037,-0.025,-0.086,-0.037,-0.001,-0.072,0.016,0.042,-0.096,-0.027,-0.04,-0.084,-0.057
448.0,456.0,0.015,2.618,0.038,-1.398,-0.125,-0.037,-0.025,-0.086,-0.037,-0.001,-0.072,0.016,0.042,-0.096,-0.027,-0.04,-0.084,-0.057
448.0,457.0,0.015,2.618,0.038,-1.398,-0.125,-0.037,-0.025,-0.086,-0.037,-0.001,-0.072,0.016,0.041,-0.096,-0.027,-0.04,-0.084,-0.057
448.0,458.0,0.015,2.618,0.038,-1.398,-0.125,-0.037,-0.025,-0.086,-0.037,-0.001,-0.072,0.016,0.041,-0.096,-0.027,-0.04,-0.083,-0.057
448.0,459.0,0.015,2.618,0.038,-1.398,-0.125,-0.037,-0.025,-0.086,-0.037,-0.001,-0.072,0.016,0.04,-0.096,-0.027,-0.04,-0.083,-0.057
448.0,460.0,0.015,2.618,0.038,-1.398,-0.125,-0.037,-0.025,-0.086,-0.037,-0.001,-0.072,0.016,0.04,-0.096,-0.027,-0.04,-0.083,-0.057
449.0,450.0,0.017,2.736,0.036,-1.409,-0.103,-0.04,-0.02,-0.081,-0.04,-0.041,-0.107,0.014,0.0,-0.103,-0.01,-0.051,-0.097,-0.069
449.0,451.0,0.017,2.736,0.036,-1.409,-0.103,-0.04,-0.02,-0.081,-0.04,-0.041,-0.107,0.013,0.0,-0.103,-0.01,-0.051,-0.097,-0.069
449.0,452.0,0.017,2.736,0.036,-1.409,-0.103,-0.04,-0.02,-0.081,-0.04,-0.041,-0.107,0.013,0.0,-0.104,-0.01,-0.051,-0.096,-0.069
449.0,453.0,0.017,2.736,0.036,-1.409,-0.103,-0.04,-0.02,-0.081,-0.04,-0.041,-0.107,0.013,0.0,-0.104,-0.01,-0.051,-0.096,-0.069
449.0,454.0,0.017,2.736,0.036,-1.409,-0.103,-0.04,-0.02,-0.081,-0.04,-0.041,-0.106,0.012,0.0,-0.104,-0.01,-0.051,-0.095,-0.069
449.0,455.0,0.017,2.736,0.036,-1.409,-0.103,-0.04,-0.02,-0.081,-0.04,-0.041,-0.106,0.012,0.0,-0.104,-0.01,-0.051,-0.095,-0.069
449.0,456.0,0.017,2.736,0.036,-1.409,-0.103,-0.04,-0.02,-0.081,-0.04,-0.041,-0.106,0.012,0.0,-0.104,-0.01,-0.051,-0.095,-0.069
449.0,457.0,0.017,2.736,0.036,-1.409,-0.103,-0.04,-0.02,-0.081,-0.04,-0.041,-0.106,0.011,0.0,-0.104,-0.01,-0.051,-0.094,-0.069
449.0,458.0,0.017,2.736,0.036,-1.409,-0.103,-0.04,-0.02,-0.081,-0.04,-0.04,-0.106,0.011,0.0,-0.104,-0.01,-0.051,-0.094,-0.069
449.0,459.0,0.017,2.736,0.036,-1.409,-0.103,-0.04,-0.02,-0.081,-0.04,-0.04,-0.106,0.011,0.0,-0.104,-0.01,-0.051,-0.094,-0.069
449.0,460.0,0.017,2.736,0.036,-1.409,-0.103,-0.04,-0.02,-0.081,-0.04,-0.04,-0.106,0.011,0.0,-0.104,-0.01,-0.051,-0.093,-0.069
449.0,461.0,0.017,2.736,0.036,-1.409,-0.103,-0.04,-0.02,-0.081,-0.04,-0.04,-0.105,0.01,0.0,-0.104,-0.011,-0.051,-0.093,-0.069
450.0,451.0,0.016,2.691,0.038,-1.035,-0.107,-0.036,-0.023,-0.091,-0.041,-0.045,-0.128,0.014,0.001,-0.11,-0.014,-0.014,-0.048,-0.071
450.0,452.0,0.016,2.691,0.038,-1.035,-0.107,-0.036,-0.023,-0.091,-0.041,-0.044,-0.127,0.013,0.001,-0.11,-0.014,-0.015,-0.048,-0.071
450.0,453.0,0.016,2.691,0.038,-1.035,-0.107,-0.036,-0.023,-0.091,-0.041,-0.044,-0.127,0.013,0.001,-0.11,-0.014,-0.015,-0.048,-0.07
450.0,454.0,0.016,2.691,0.038,-1.035,-0.107,-0.036,-0.023,-0.091,-0.041,-0.044,-0.126,0.013,0.001,-0.11,-0.014,-0.015,-0.048,-0.07
450.0,455.0,0.016,2.691,0.038,-1.035,-0.107,-0.036,-0.023,-0.091,-0.041,-0.044,-0.126,0.013,0.001,-0.11,-0.014,-0.016,-0.048,-0.07
450.0,456.0,0.016,2.691,0.038,-1.035,-0.107,-0.036,-0.023,-0.091,-0.041,-0.044,-0.125,0.013,0.001,-0.11,-0.014,-0.016,-0.048,-0.07
450.0,457.0,0.016,2.691,0.038,-1.035,-0.107,-0.036,-0.023,-0.091,-0.041,-0.044,-0.125,0.013,0.002,-0.11,-0.014,-0.016,-0.048,-0.07
450.0,458.0,0.016,2.691,0.038,-1.035,-0.107,-0.036,-0.023,-0.091,-0.041,-0.043,-0.124,0.013,0.002,-0.11,-0.014,-0.017,-0.048,-0.07
450.0,459.0,0.016,2.691,0.038,-1.035,-0.107,-0.036,-0.023,-0.091,-0.041,-0.043,-0.124,0.012,0.002,-0.11,-0.014,-0.017,-0.048,-0.07
450.0,460.0,0.016,2.691,0.038,-1.035,-0.107,-0.036,-0.023,-0.091,-0.041,-0.043,-0.123,0.012,0.002,-0.11,-0.014,-0.017,-0.048,-0.069
450.0,461.0,0.016,2.691,0.038,-1.035,-0.107,-0.036,-0.023,-0.091,-0.041,-0.043,-0.123,0.012,0.002,-0.11,-0.014,-0.018,-0.048,-0.069
450.0,462.0,0.016,2.691,0.038,-1.035,-0.107,-0.036,-0.023,-0.091,-0.041,-0.043,-0.122,0.012,0.002,-0.11,-0.014,-0.018,-0.048,-0.069
451.0,452.0,0.018,2.648,0.037,-1.764,-0.124,-0.041,-0.026,-0.086,-0.039,-0.002,-0.093,0.022,0.027,-0.101,-0.016,-0.011,-0.067,-0.055
451.0,453.0,0.018,2.648,0.037,-1.764,-0.124,-0.041,-0.026,-0.086,-0.039,-0.002,-0.093,0.022,0.027,-0.101,-0.016,-0.011,-0.067,-0.055
451.0,454.0,0.018,2.648,0.037,-1.764,-0.124,-0.041,-0.026,-0.086,-0.039,-0.002,-0.093,0.022,0.027,-0.101,-0.016,-0.011,-0.067,-0.055
451.0,455.0,0.018,2.648,0.037,-1.764,-0.124,-0.041,-0.026,-0.086,-0.039,-0.002,-0.093,0.022,0.027,-0.101,-0.016,-0.011,-0.067,-0.055
451.0,456.0,0.018,2.648,0.037,-1.764,-0.124,-0.041,-0.026,-0.086,-0.039,-0.002,-0.093,0.022,0.027,-0.101,-0.016,-0.011,-0.067,-0.055
451.0,457.0,0.018,2.648,0.037,-1.764,-0.124,-0.041,-0.026,-0.086,-0.039,-0.002,-0.093,0.022,0.027,-0.101,-0.016,-0.011,-0.067,-0.055
451.0,458.0,0.018,2.648,0.037,-1.764,-0.124,-0.041,-0.026,-0.086,-0.039,-0.003,-0.093,0.022,0.027,-0.101,-0.016,-0.011,-0.067,-0.055
451.0,459.0,0.018,2.648,0.037,-1.764,-0.124,-0.041,-0.026,-0.086,-0.039,-0.003,-0.093,0.022,0.027,-0.101,-0.016,-0.011,-0.067,-0.055
451.0,460.0,0.018,2.648,0.037,-1.764,-0.124,-0.041,-0.026,-0.086,-0.039,-0.003,-0.093,0.022,0.027,-0.101,-0.016,-0.011,-0.067,-0.055
451.0,461.0,0.018,2.648,0.037,-1.764,-0.124,-0.041,-0.026,-0.086,-0.039,-0.003,-0.093,0.022,0.027,-0.101,-0.016,-0.011,-0.067,-0.055
451.0,462.0,0.018,2.648,0.037,-1.764,-0.124,-0.041,-0.026,-0.086,-0.039,-0.003,-0.093,0.022,0.027,-0.101,-0.016,-0.011,-0.067,-0.055
451.0,463.0,0.018,2.648,0.037,-1.764,-0.124,-0.041,-0.026,-0.086,-0.039,-0.003,-0.093,0.022,0.027,-0.101,-0.016,-0.011,-0.067,-0.055
452.0,453.0,0.016,2.806,0.037,-1.179,-0.139,-0.04,-0.022,-0.079,-0.038,-0.041,-0.126,0.013,0.007,-0.105,-0.013,-0.001,-0.046,-0.057
452.0,454.0,0.016,2.806,0.037,-1.179,-0.139,-0.04,-0.022,-0.079,-0.038,-0.041,-0.125,0.013,0.007,-0.105,-0.013,-0.002,-0.046,-0.057
452.0,455.0,0.016,2.806,0.037,-1.179,-0.139,-0.04,-0.022,-0.079,-0.038,-0.041,-0.125,0.013,0.007,-0.105,-0.013,-0.002,-0.046,-0.057
452.0,456.0,0.016,2.806,0.037,-1.179,-0.139,-0.04,-0.022,-0.079,-0.038,-0.041,-0.125,0.013,0.007,-0.105,-0.013,-0.002,-0.046,-0.057
452.0,457.0,0.017,2.806,0.037,-1.179,-0.139,-0.04,-0.022,-0.079,-0.038,-0.041,-0.124,0.012,0.007,-0.105,-0.013,-0.002,-0.046,-0.057
452.0,458.0,0.017,2.806,0.037,-1.179,-0.139,-0.04,-0.022,-0.079,-0.038,-0.041,-0.124,0.012,0.007,-0.105,-0.013,-0.002,-0.046,-0.057
452.0,459.0,0.017,2.806,0.037,-1.179,-0.139,-0.04,-0.022,-0.079,-0.038,-0.04,-0.123,0.012,0.007,-0.105,-0.013,-0.002,-0.046,-0.057
452.0,460.0,0.017,2.806,0.037,-1.179,-0.139,-0.04,-0.022,-0.079,-0.038,-0.04,-0.123,0.012,0.007,-0.105,-0.013,-0.002,-0.046,-0.057
452.0,461.0,0.017,2.806,0.037,-1.179,-0.139,-0.04,-0.022,-0.079,-0.038,-0.04,-0.122,0.012,0.007,-0.105,-0.013,-0.002,-0.046,-0.057
452.0,462.0,0.017,2.806,0.037,-1.179,-0.139,-0.04,-0.022,-0.079,-0.038,-0.04,-0.122,0.012,0.007,-0.105,-0.013,-0.002,-0.046,-0.057
452.0,463.0,0.017,2.806,0.037,-1.179,-0.139,-0.04,-0.022,-0.079,-0.038,-0.04,-0.122,0.012,0.007,-0.105,-0.013,-0.003,-0.046,-0.057
452.0,464.0,0.017,2.806,0.037,-1.179,-0.139,-0.04,-0.022,-0.079,-0.038,-0.04,-0.121,0.011,0.007,-0.105,-0.013,-0.003,-0.046,-0.057
453.0,454.0,0.018,2.682,0.039,-1.387,-0.112,-0.023,-0.026,-0.084,-0.039,-0.018,-0.111,0.011,0.03,-0.122,-0.032,-0.018,-0.04,-0.078
453.0,455.0,0.018,2.682,0.039,-1.387,-0.112,-0.023,-0.026,-0.084,-0.039,-0.018,-0.111,0.011,0.03,-0.122,-0.032,-0.018,-0.04,-0.077
453.0,456.0,0.018,2.682,0.039,-1.387,-0.112,-0.023,-0.026,-0.084,-0.039,-0.018,-0.111,0.01,0.03,-0.122,-0.032,-0.018,-0.04,-0.076
453.0,457.0,0.018,2.682,0.039,-1.387,-0.112,-0.023,-0.026,-0.084,-0.039,-0.018,-0.111,0.01,0.03,-0.122,-0.032,-0.018,-0.04,-0.075
453.0,458.0,0.018,2.682,0.039,-1.387,-0.112,-0.023,-0.026,-0.084,-0.039,-0.017,-0.111,0.01,0.029,-0.122,-0.032,-0.018,-0.04,-0.074
453.0,459.0,0.018,2.682,0.039,-1.387,-0.112,-0.023,-0.026,-0.084,-0.039,-0.017,-0.111,0.01,0.029,-0.122,-0.032,-0.018,-0.041,-0.073
453.0,460.0,0.018,2.682,0.039,-1.387,-0.112,-0.023,-0.026,-0.084,-0.039,-0.017,-0.111,0.009,0.029,-0.122,-0.032,-0.018,-0.041,-0.072
453.0,461.0,0.018,2.682,0.039,-1.387,-0.112,-0.023,-0.026,-0.084,-0.039,-0.017,-0.111,0.009,0.029,-0.122,-0.032,-0.019,-0.041,-0.071
453.0,462.0,0.018,2.682,0.039,-1.387,-0.112,-0.023,-0.026,-0.084,-0.039,-0.017,-0.111,0.009,0.029,-0.122,-0.032,-0.019,-0.041,-0.07
453.0,463.0,0.018,2.682,0.039,-1.387,-0.112,-0.023,-0.026,-0.084,-0.039,-0.017,-0.111,0.009,0.028,-0.122,-0.032,-0.019,-0.041,-0.069
453.0,464.0,0.018,2.682,0.039,-1.387,-0.112,-0.023,-0.026,-0.084,-0.039,-0.016,-0.11,0.008,0.028,-0.122,-0.032,-0.019,-0.041,-0.068
453.0,465.0,0.018,2.682,0.039,-1.387,-0.112,-0.023,-0.026,-0.084,-0.039,-0.016,-0.11,0.008,0.028,-0.122,-0.032,-0.019,-0.041,-0.068
454.0,455.0,0.016,2.602,0.035,-2.002,-0.112,-0.025,-0.023,-0.082,-0.036,0.001,-0.101,0.009,0.004,-0.121,-0.02,-0.051,-0.026,-0.069
454.0,456.0,0.016,2.602,0.035,-2.002,-0.112,-0.026,-0.023,-0.082,-0.036,0.001,-0.101,0.009,0.004,-0.121,-0.02,-0.051,-0.026,-0.068
454.0,457.0,0.016,2.602,0.035,-2.002,-0.112,-0.026,-0.023,-0.082,-0.036,0.001,-0.101,0.008,0.004,-0.121,-0.02,-0.051,-0.027,-0.068
454.0,458.0,0.016,2.602,0.035,-2.002,-0.112,-0.026,-0.023,-0.082,-0.036,0.001,-0.101,0.008,0.004,-0.121,-0.02,-0.051,-0.027,-0.067
454.0,459.0,0.016,2.602,0.035,-2.002,-0.112,-0.027,-0.023,-0.082,-0.036,0.001,-0.101,0.008,0.004,-0.121,-0.02,-0.051,-0.027,-0.067
454.0,460.0,0.016,2.602,0.035,-2.002,-0.112,-0.027,-0.023,-0.082,-0.036,0.0,-0.101,0.007,0.004,-0.121,-0.02,-0.051,-0.028,-0.066
454.0,461.0,0.016,2.602,0.035,-2.002,-0.112,-0.028,-0.023,-0.082,-0.036,0.0,-0.101,0.007,0.004,-0.121,-0.02,-0.051,-0.028,-0.066
454.0,462.0,0.016,2.602,0.035,-2.002,-0.112,-0.028,-0.023,-0.082,-0.036,0.0,-0.101,0.007,0.004,-0.121,-0.02,-0.051,-0.028,-0.065
454.0,463.0,0.016,2.602,0.035,-2.002,-0.112,-0.028,-0.023,-0.082,-0.036,-0.0,-0.101,0.007,0.004,-0.121,-0.02,-0.051,-0.028,-0.065
454.0,464.0,0.016,2.602,0.035,-2.002,-0.112,-0.029,-0.023,-0.082,-0.036,-0.0,-0.101,0.006,0.004,-0.121,-0.02,-0.051,-0.029,-0.064
454.0,465.0,0.016,2.602,0.035,-2.002,-0.112,-0.029,-0.023,-0.082,-0.036,-0.0,-0.101,0.006,0.004,-0.121,-0.02,-0.051,-0.029,-0.064
454.0,466.0,0.016,2.602,0.035,-2.002,-0.112,-0.029,-0.023,-0.082,-0.036,-0.001,-0.101,0.006,0.004,-0.121,-0.02,-0.051,-0.029,-0.063
455.0,456.0,0.015,2.885,0.036,-1.257,-0.102,0.038,-0.021,-0.086,-0.039,-0.0,-0.1,0.014,0.009,-0.126,-0.027,-0.052,-0.042,-0.059
455.0,457.0,0.015,2.885,0.036,-1.257,-0.102,0.035,-0.021,-0.086,-0.039,-0.001,-0.1,0.014,0.009,-0.126,-0.027,-0.052,-0.042,-0.059
455.0,458.0,0.015,2.885,0.036,-1.257,-0.102,0.031,-0.021,-0.086,-0.039,-0.001,-0.1,0.014,0.009,-0.126,-0.027,-0.052,-0.042,-0.058
455.0,459.0,0.015,2.885,0.036,-1.257,-0.102,0.028,-0.021,-0.086,-0.039,-0.001,-0.1,0.014,0.009,-0.126,-0.027,-0.052,-0.042,-0.058
455.0,460.0,0.015,2.885,0.036,-1.257,-0.102,0.024,-0.021,-0.086,-0.039,-0.001,-0.1,0.013,0.009,-0.126,-0.027,-0.052,-0.042,-0.058
455.0,461.0,0.015,2.885,0.036,-1.257,-0.102,0.021,-0.021,-0.086,-0.039,-0.002,-0.1,0.013,0.009,-0.126,-0.027,-0.052,-0.042,-0.058
455.0,462.0,0.015,2.885,0.036,-1.257,-0.102,0.018,-0.021,-0.086,-0.039,-0.002,-0.1,0.013,0.009,-0.126,-0.027,-0.052,-0.042,-0.058
455.0,463.0,0.015,2.885,0.036,-1.257,-0.102,0.016,-0.021,-0.086,-0.039,-0.002,-0.1,0.013,0.009,-0.126,-0.027,-0.052,-0.042,-0.058
455.0,464.0,0.015,2.885,0.036,-1.257,-0.102,0.013,-0.021,-0.086,-0.039,-0.002,-0.1,0.013,0.009,-0.126,-0.027,-0.052,-0.042,-0.057
455.0,465.0,0.015,2.885,0.036,-1.257,-0.102,0.01,-0.021,-0.086,-0.039,-0.002,-0.1,0.013,0.009,-0.126,-0.027,-0.052,-0.042,-0.057
455.0,466.0,0.015,2.885,0.036,-1.257,-0.102,0.008,-0.021,-0.086,-0.039,-0.002,-0.1,0.013,0.009,-0.126,-0.027,-0.052,-0.042,-0.057
455.0,467.0,0.015,2.885,0.036,-1.257,-0.102,0.006,-0.021,-0.086,-0.039,-0.003,-0.1,0.013,0.009,-0.126,-0.027,-0.052,-0.043,-0.057
456.0,457.0,0.027,2.754,0.039,-1.726,-0.115,-0.034,-0.02,-0.084,-0.041,-0.003,-0.102,0.019,0.03,-0.1,-0.001,-0.019,-0.059,-0.07
456.0,458.0,0.027,2.754,0.039,-1.726,-0.115,-0.034,-0.02,-0.084,-0.041,-0.003,-0.102,0.019,0.03,-0.1,-0.001,-0.019,-0.059,-0.07
456.0,459.0,0.027,2.754,0.039,-1.726,-0.115,-0.034,-0.02,-0.084,-0.041,-0.003,-0.102,0.019,0.03,-0.1,-0.001,-0.019,-0.059,-0.07
456.0,460.0,0.027,2.754,0.039,-1.726,-0.115,-0.034,-0.02,-0.084,-0.041,-0.003,-0.102,0.019,0.03,-0.1,-0.001,-0.019,-0.059,-0.07
456.0,461.0,0.027,2.754,0.039,-1.726,-0.115,-0.034,-0.02,-0.084,-0.041,-0.003,-0.102,0.019,0.03,-0.1,-0.001,-0.019,-0.059,-0.07
456.0,462.0,0.027,2.754,0.039,-1.726,-0.115,-0.034,-0.02,-0.084,-0.041,-0.003,-0.102,0.019,0.03,-0.1,-0.001,-0.019,-0.059,-0.07
456.0,463.0,0.027,2.754,0.039,-1.726,-0.115,-0.034,-0.02,-0.084,-0.041,-0.003,-0.102,0.019,0.03,-0.1,-0.001,-0.019,-0.059,-0.07
456.0,464.0,0.027,2.754,0.039,-1.726,-0.115,-0.034,-0.02,-0.084,-0.041,-0.003,-0.102,0.019,0.03,-0.1,-0.001,-0.02,-0.059,-0.07
456.0,465.0,0.027,2.754,0.039,-1.726,-0.115,-0.034,-0.02,-0.084,-0.041,-0.003,-0.102,0.019,0.03,-0.1,-0.001,-0.02,-0.059,-0.07
456.0,466.0,0.027,2.754,0.039,-1.725,-0.115,-0.034,-0.02,-0.084,-0.041,-0.003,-0.102,0.019,0.03,-0.1,-0.001,-0.02,-0.059,-0.07
456.0,467.0,0.027,2.754,0.039,-1.725,-0.115,-0.034,-0.02,-0.084,-0.041,-0.003,-0.102,0.019,0.03,-0.1,-0.001,-0.02,-0.059,-0.07
456.0,468.0,0.027,2.754,0.039,-1.725,-0.115,-0.034,-0.02,-0.084,-0.041,-0.003,-0.102,0.019,0.03,-0.1,-0.001,-0.02,-0.059,-0.07
457.0,458.0,0.016,2.584,0.042,-2.025,-0.113,-0.039,-0.026,-0.085,-0.032,-0.008,-0.082,0.016,0.059,-0.159,-0.04,0.054,-0.049,-0.05
457.0,459.0,0.016,2.584,0.042,-2.025,-0.113,-0.039,-0.026,-0.081,-0.032,-0.008,-0.082,0.016,0.059,-0.159,-0.04,0.053,-0.049,-0.05
457.0,460.0,0.016,2.584,0.042,-2.025,-0.113,-0.039,-0.026,-0.079,-0.032,-0.008,-0.082,0.016,0.059,-0.159,-0.04,0.051,-0.049,-0.05
457.0,461.0,0.016,2.584,0.042,-2.025,-0.113,-0.039,-0.026,-0.078,-0.032,-0.008,-0.082,0.016,0.059,-0.159,-0.04,0.05,-0.049,-0.05
457.0,462.0,0.016,2.584,0.042,-2.025,-0.113,-0.039,-0.026,-0.078,-0.032,-0.008,-0.082,0.016,0.059,-0.159,-0.04,0.048,-0.049,-0.05
457.0,463.0,0.016,2.584,0.042,-2.025,-0.113,-0.039,-0.026,-0.077,-0.032,-0.008,-0.082,0.016,0.059,-0.159,-0.04,0.047,-0.049,-0.05
457.0,464.0,0.016,2.584,0.042,-2.025,-0.113,-0.039,-0.026,-0.077,-0.032,-0.008,-0.082,0.016,0.059,-0.159,-0.04,0.045,-0.049,-0.05
457.0,465.0,0.016,2.584,0.042,-2.025,-0.113,-0.039,-0.026,-0.077,-0.032,-0.008,-0.082,0.016,0.059,-0.159,-0.04,0.044,-0.049,-0.05
457.0,466.0,0.016,2.584,0.042,-2.025,-0.113,-0.039,-0.026,-0.077,-0.032,-0.008,-0.082,0.016,0.059,-0.159,-0.04,0.043,-0.049,-0.05
457.0,467.0,0.016,2.584,0.042,-2.025,-0.113,-0.039,-0.026,-0.077,-0.032,-0.008,-0.082,0.016,0.059,-0.159,-0.04,0.041,-0.049,-0.05
457.0,468.0,0.016,2.584,0.042,-2.025,-0.113,-0.039,-0.026,-0.077,-0.032,-0.008,-0.082,0.016,0.059,-0.159,-0.04,0.04,-0.049,-0.05
457.0,469.0,0.016,2.584,0.042,-2.025,-0.113,-0.038,-0.026,-0.077,-0.032,-0.008,-0.082,0.016,0.059,-0.159,-0.04,0.039,-0.049,-0.05
458.0,459.0,0.015,2.635,0.038,-1.457,-0.11,-0.039,-0.025,-0.091,-0.043,-0.028,-0.101,0.019,0.039,-0.137,0.014,-0.017,-0.048,-0.063
458.0,460.0,0.015,2.635,0.038,-1.457,-0.11,-0.039,-0.025,-0.091,-0.043,-0.028,-0.101,0.019,0.039,-0.137,0.014,-0.017,-0.048,-0.063
458.0,461.0,0.015,2.635,0.038,-1.457,-0.11,-0.039,-0.025,-0.091,-0.043,-0.028,-0.101,0.019,0.039,-0.137,0.014,-0.017,-0.048,-0.063
458.0,462.0,0.015,2.635,0.038,-1.457,-0.11,-0.039,-0.025,-0.091,-0.043,-0.028,-0.101,0.019,0.039,-0.137,0.014,-0.017,-0.048,-0.063
458.0,463.0,0.015,2.635,0.038,-1.457,-0.11,-0.039,-0.025,-0.091,-0.043,-0.028,-0.101,0.019,0.039,-0.137,0.014,-0.017,-0.048,-0.063
458.0,464.0,0.015,2.635,0.038,-1.457,-0.11,-0.039,-0.025,-0.091,-0.043,-0.028,-0.101,0.019,0.039,-0.137,0.014,-0.017,-0.048,-0.063
458.0,465.0,0.015,2.635,0.038,-1.457,-0.11,-0.039,-0.025,-0.091,-0.043,-0.028,-0.101,0.019,0.039,-0.137,0.014,-0.017,-0.048,-0.063
458.0,466.0,0.015,2.635,0.038,-1.457,-0.11,-0.039,-0.025,-0.091,-0.043,-0.027,-0.101,0.019,0.039,-0.137,0.013,-0.017,-0.048,-0.063
458.0,467.0,0.015,2.635,0.038,-1.457,-0.11,-0.039,-0.025,-0.091,-0.043,-0.027,-0.101,0.019,0.039,-0.137,0.013,-0.017,-0.048,-0.063
458.0,468.0,0.015,2.635,0.038,-1.457,-0.11,-0.039,-0.025,-0.091,-0.043,-0.027,-0.101,0.019,0.039,-0.137,0.013,-0.017,-0.048,-0.063
458.0,469.0,0.015,2.635,0.038,-1.457,-0.11,-0.039,-0.025,-0.091,-0.043,-0.027,-0.101,0.019,0.039,-0.137,0.013,-0.017,-0.048,-0.063
458.0,470.0,0.015,2.635,0.038,-1.457,-0.11,-0.039,-0.025,-0.091,-0.043,-0.027,-0.101,0.019,0.039,-0.137,0.013,-0.017,-0.048,-0.063
459.0,460.0,0.017,2.912,0.04,-1.277,-0.121,-0.036,-0.027,-0.093,-0.039,-0.028,-0.113,0.011,0.03,-0.123,-0.009,0.001,-0.034,-0.058
459.0,461.0,0.017,2.912,0.04,-1.277,-0.121,-0.036,-0.027,-0.093,-0.039,-0.028,-0.113,0.011,0.03,-0.123,-0.009,0.001,-0.034,-0.058
459.0,462.0,0.017,2.912,0.04,-1.277,-0.121,-0.036,-0.027,-0.093,-0.039,-0.028,-0.113,0.011,0.03,-0.123,-0.009,0.001,-0.034,-0.058
459.0,463.0,0.017,2.912,0.04,-1.277,-0.121,-0.036,-0.027,-0.093,-0.039,-0.028,-0.113,0.011,0.03,-0.123,-0.009,0.001,-0.034,-0.058
459.0,464.0,0.017,2.912,0.04,-1.277,-0.121,-0.036,-0.027,-0.093,-0.039,-0.028,-0.113,0.01,0.03,-0.123,-0.009,0.001,-0.034,-0.058
459.0,465.0,0.017,2.912,0.04,-1.277,-0.121,-0.036,-0.027,-0.093,-0.039,-0.027,-0.113,0.01,0.03,-0.123,-0.009,0.001,-0.034,-0.058
459.0,466.0,0.017,2.912,0.04,-1.277,-0.121,-0.036,-0.027,-0.093,-0.039,-0.027,-0.113,0.01,0.03,-0.123,-0.009,0.001,-0.034,-0.058
459.0,467.0,0.017,2.912,0.04,-1.277,-0.121,-0.036,-0.027,-0.093,-0.039,-0.027,-0.113,0.01,0.031,-0.123,-0.009,0.001,-0.034,-0.058
459.0,468.0,0.017,2.912,0.04,-1.277,-0.121,-0.036,-0.027,-0.093,-0.039,-0.027,-0.113,0.01,0.031,-0.123,-0.009,0.001,-0.034,-0.058
459.0,469.0,0.017,2.912,0.04,-1.277,-0.121,-0.036,-0.027,-0.092,-0.039,-0.027,-0.113,0.01,0.031,-0.123,-0.009,0.001,-0.034,-0.058
459.0,470.0,0.017,2.912,0.04,-1.277,-0.121,-0.036,-0.027,-0.092,-0.039,-0.027,-0.113,0.01,0.031,-0.123,-0.009,0.001,-0.034,-0.058
459.0,471.0,0.017,2.912,0.04,-1.277,-0.121,-0.036,-0.027,-0.092,-0.039,-0.027,-0.113,0.01,0.031,-0.123,-0.009,0.001,-0.034,-0.058
460.0,461.0,0.016,2.548,0.037,-1.442,-0.126,-0.038,-0.023,-0.076,-0.042,-0.029,-0.109,0.024,-0.003,-0.119,-0.019,-0.015,-0.033,-0.051
460.0,462.0,0.016,2.548,0.037,-1.442,-0.126,-0.038,-0.023,-0.076,-0.042,-0.029,-0.109,0.024,-0.003,-0.119,-0.019,-0.015,-0.033,-0.051
460.0,463.0,0.016,2.548,0.037,-1.442,-0.126,-0.038,-0.023,-0.076,-0.042,-0.029,-0.109,0.024,-0.003,-0.119,-0.019,-0.015,-0.033,-0.051
460.0,464.0,0.016,2.548,0.037,-1.442,-0.126,-0.038,-0.023,-0.076,-0.042,-0.029,-0.109,0.024,-0.003,-0.119,-0.019,-0.016,-0.033,-0.051
460.0,465.0,0.016,2.548,0.037,-1.442,-0.126,-0.038,-0.023,-0.076,-0.042,-0.029,-0.109,0.024,-0.003,-0.119,-0.019,-0.016,-0.034,-0.051
460.0,466.0,0.016,2.548,0.038,-1.442,-0.126,-0.038,-0.023,-0.076,-0.042,-0.029,-0.109,0.024,-0.003,-0.119,-0.019,-0.016,-0.034,-0.051
460.0,467.0,0.016,2.548,0.038,-1.442,-0.126,-0.038,-0.023,-0.076,-0.042,-0.029,-0.108,0.024,-0.003,-0.119,-0.019,-0.017,-0.034,-0.051
460.0,468.0,0.016,2.548,0.038,-1.442,-0.126,-0.038,-0.023,-0.076,-0.042,-0.029,-0.108,0.024,-0.003,-0.119,-0.019,-0.017,-0.034,-0.051
460.0,469.0,0.016,2.548,0.038,-1.443,-0.126,-0.038,-0.023,-0.076,-0.042,-0.029,-0.108,0.024,-0.003,-0.119,-0.019,-0.017,-0.034,-0.051
460.0,470.0,0.016,2.548,0.038,-1.443,-0.126,-0.038,-0.023,-0.076,-0.042,-0.029,-0.108,0.024,-0.003,-0.119,-0.019,-0.018,-0.034,-0.051
460.0,471.0,0.016,2.548,0.038,-1.443,-0.126,-0.038,-0.023,-0.076,-0.042,-0.029,-0.108,0.024,-0.003,-0.119,-0.019,-0.018,-0.034,-0.051
460.0,472.0,0.016,2.548,0.038,-1.443,-0.126,-0.038,-0.023,-0.076,-0.042,-0.029,-0.108,0.024,-0.003,-0.119,-0.019,-0.018,-0.034,-0.051
461.0,462.0,0.016,2.702,0.039,-1.239,-0.129,-0.04,-0.022,-0.084,-0.043,-0.028,-0.113,0.021,0.021,-0.122,-0.015,-0.004,-0.03,-0.05
461.0,463.0,0.016,2.702,0.039,-1.239,-0.129,-0.04,-0.022,-0.084,-0.043,-0.028,-0.113,0.021,0.021,-0.122,-0.015,-0.004,-0.031,-0.05
461.0,464.0,0.016,2.702,0.039,-1.239,-0.129,-0.04,-0.022,-0.084,-0.043,-0.028,-0.113,0.021,0.02,-0.122,-0.015,-0.004,-0.031,-0.05
461.0,465.0,0.016,2.702,0.039,-1.239,-0.129,-0.04,-0.022,-0.084,-0.043,-0.028,-0.113,0.021,0.02,-0.122,-0.015,-0.004,-0.031,-0.05
461.0,466.0,0.016,2.702,0.039,-1.239,-0.129,-0.04,-0.022,-0.084,-0.043,-0.028,-0.113,0.021,0.02,-0.122,-0.015,-0.004,-0.031,-0.05
461.0,467.0,0.016,2.702,0.039,-1.239,-0.129,-0.04,-0.022,-0.084,-0.043,-0.028,-0.113,0.021,0.02,-0.122,-0.015,-0.004,-0.031,-0.05
461.0,468.0,0.016,2.702,0.039,-1.239,-0.129,-0.04,-0.022,-0.084,-0.043,-0.028,-0.113,0.021,0.02,-0.122,-0.015,-0.004,-0.031,-0.05
461.0,469.0,0.016,2.702,0.039,-1.239,-0.129,-0.04,-0.022,-0.084,-0.043,-0.028,-0.113,0.021,0.02,-0.122,-0.015,-0.004,-0.031,-0.05
461.0,470.0,0.016,2.702,0.039,-1.239,-0.129,-0.04,-0.022,-0.084,-0.043,-0.028,-0.113,0.021,0.02,-0.122,-0.015,-0.004,-0.032,-0.05
461.0,471.0,0.016,2.702,0.039,-1.239,-0.129,-0.04,-0.022,-0.084,-0.043,-0.028,-0.113,0.021,0.02,-0.122,-0.015,-0.004,-0.032,-0.05
461.0,472.0,0.016,2.702,0.039,-1.239,-0.129,-0.04,-0.022,-0.084,-0.043,-0.028,-0.113,0.021,0.02,-0.122,-0.015,-0.004,-0.032,-0.05
461.0,473.0,0.016,2.702,0.039,-1.239,-0.129,-0.04,-0.022,-0.084,-0.043,-0.028,-0.113,0.021,0.02,-0.122,-0.015,-0.004,-0.032,-0.05
462.0,463.0,0.016,2.848,0.038,-1.43,-0.113,-0.025,-0.023,-0.073,-0.037,-0.036,-0.117,0.01,0.021,-0.115,-0.012,0.001,-0.037,-0.053
462.0,464.0,0.016,2.848,0.038,-1.43,-0.113,-0.025,-0.023,-0.073,-0.037,-0.036,-0.117,0.01,0.021,-0.116,-0.012,0.001,-0.037,-0.053
462.0,465.0,0.016,2.848,0.038,-1.43,-0.113,-0.025,-0.023,-0.073,-0.037,-0.036,-0.117,0.01,0.021,-0.116,-0.012,0.001,-0.037,-0.053
462.0,466.0,0.016,2.848,0.038,-1.43,-0.113,-0.025,-0.023,-0.073,-0.037,-0.036,-0.117,0.01,0.022,-0.116,-0.012,0.001,-0.037,-0.053
462.0,467.0,0.016,2.848,0.038,-1.43,-0.113,-0.025,-0.023,-0.073,-0.037,-0.036,-0.117,0.01,0.022,-0.116,-0.012,0.001,-0.037,-0.053
462.0,468.0,0.016,2.848,0.038,-1.43,-0.113,-0.025,-0.023,-0.073,-0.037,-0.036,-0.117,0.01,0.022,-0.116,-0.013,0.001,-0.037,-0.053
462.0,469.0,0.016,2.848,0.038,-1.43,-0.113,-0.026,-0.023,-0.073,-0.037,-0.036,-0.117,0.009,0.022,-0.116,-0.013,0.0,-0.037,-0.053
462.0,470.0,0.016,2.848,0.038,-1.43,-0.113,-0.026,-0.023,-0.073,-0.037,-0.036,-0.117,0.009,0.022,-0.116,-0.013,0.0,-0.037,-0.053
462.0,471.0,0.016,2.848,0.038,-1.43,-0.113,-0.026,-0.023,-0.073,-0.037,-0.036,-0.117,0.009,0.022,-0.116,-0.013,0.0,-0.037,-0.053
462.0,472.0,0.016,2.848,0.038,-1.43,-0.113,-0.026,-0.023,-0.073,-0.037,-0.035,-0.117,0.009,0.022,-0.117,-0.013,-0.0,-0.037,-0.053
462.0,473.0,0.016,2.848,0.038,-1.43,-0.113,-0.026,-0.023,-0.073,-0.037,-0.035,-0.117,0.009,0.022,-0.117,-0.013,-0.0,-0.038,-0.053
462.0,474.0,0.016,2.848,0.038,-1.43,-0.113,-0.026,-0.023,-0.073,-0.037,-0.035,-0.117,0.009,0.023,-0.117,-0.014,-0.0,-0.038,-0.053
463.0,464.0,0.016,2.536,0.038,-1.623,-0.124,-0.04,-0.021,-0.09,-0.043,-0.004,-0.108,0.015,-0.005,-0.112,-0.001,0.027,-0.042,-0.053
463.0,465.0,0.016,2.536,0.038,-1.623,-0.124,-0.04,-0.021,-0.09,-0.043,-0.004,-0.108,0.015,-0.005,-0.112,-0.002,0.027,-0.043,-0.053
463.0,466.0,0.016,2.536,0.038,-1.623,-0.124,-0.04,-0.021,-0.09,-0.043,-0.004,-0.107,0.015,-0.005,-0.112,-0.002,0.026,-0.043,-0.053
463.0,467.0,0.016,2.536,0.038,-1.623,-0.124,-0.04,-0.021,-0.09,-0.043,-0.004,-0.107,0.014,-0.005,-0.112,-0.002,0.025,-0.043,-0.053
463.0,468.0,0.016,2.536,0.038,-1.623,-0.124,-0.04,-0.021,-0.09,-0.043,-0.004,-0.107,0.014,-0.005,-0.112,-0.002,0.025,-0.043,-0.053
463.0,469.0,0.016,2.536,0.038,-1.623,-0.124,-0.04,-0.021,-0.09,-0.043,-0.004,-0.107,0.014,-0.005,-0.112,-0.002,0.024,-0.043,-0.053
463.0,470.0,0.016,2.536,0.038,-1.623,-0.124,-0.04,-0.021,-0.09,-0.043,-0.004,-0.107,0.014,-0.005,-0.112,-0.002,0.024,-0.043,-0.053
463.0,471.0,0.016,2.536,0.038,-1.623,-0.124,-0.04,-0.022,-0.09,-0.043,-0.004,-0.106,0.014,-0.005,-0.112,-0.002,0.023,-0.044,-0.053
463.0,472.0,0.016,2.536,0.038,-1.623,-0.124,-0.04,-0.022,-0.09,-0.043,-0.004,-0.106,0.014,-0.005,-0.112,-0.002,0.023,-0.044,-0.053
463.0,473.0,0.016,2.536,0.038,-1.623,-0.124,-0.04,-0.022,-0.09,-0.043,-0.004,-0.106,0.014,-0.006,-0.112,-0.002,0.022,-0.044,-0.053
463.0,474.0,0.016,2.536,0.038,-1.623,-0.124,-0.04,-0.022,-0.09,-0.043,-0.004,-0.106,0.014,-0.006,-0.112,-0.002,0.022,-0.044,-0.053
463.0,475.0,0.016,2.536,0.038,-1.623,-0.124,-0.04,-0.022,-0.09,-0.043,-0.004,-0.105,0.014,-0.006,-0.112,-0.002,0.021,-0.044,-0.053
464.0,465.0,0.014,2.736,0.033,-1.951,-0.112,-0.039,-0.021,-0.077,-0.038,-0.021,-0.108,0.013,-0.015,-0.097,-0.016,0.009,-0.045,-0.05
464.0,466.0,0.014,2.736,0.033,-1.951,-0.112,-0.039,-0.021,-0.077,-0.038,-0.021,-0.108,0.013,-0.015,-0.098,-0.017,0.009,-0.045,-0.05
464.0,467.0,0.014,2.736,0.033,-1.951,-0.112,-0.039,-0.021,-0.077,-0.038,-0.021,-0.108,0.013,-0.015,-0.098,-0.017,0.008,-0.045,-0.05
464.0,468.0,0.014,2.736,0.033,-1.951,-0.112,-0.039,-0.021,-0.077,-0.038,-0.021,-0.108,0.012,-0.015,-0.099,-0.017,0.008,-0.045,-0.05
464.0,469.0,0.014,2.736,0.033,-1.951,-0.112,-0.039,-0.021,-0.077,-0.038,-0.02,-0.108,0.012,-0.015,-0.1,-0.017,0.008,-0.045,-0.05
464.0,470.0,0.014,2.736,0.033,-1.951,-0.112,-0.039,-0.021,-0.077,-0.038,-0.02,-0.108,0.012,-0.015,-0.1,-0.017,0.008,-0.045,-0.05
464.0,471.0,0.014,2.736,0.033,-1.951,-0.112,-0.039,-0.021,-0.077,-0.038,-0.02,-0.108,0.012,-0.015,-0.101,-0.017,0.008,-0.045,-0.05
464.0,472.0,0.014,2.736,0.033,-1.951,-0.112,-0.039,-0.021,-0.077,-0.038,-0.02,-0.108,0.012,-0.015,-0.101,-0.017,0.008,-0.045,-0.05
464.0,473.0,0.014,2.736,0.033,-1.951,-0.112,-0.039,-0.021,-0.077,-0.038,-0.02,-0.108,0.012,-0.015,-0.102,-0.017,0.008,-0.045,-0.05
464.0,474.0,0.014,2.736,0.033,-1.951,-0.112,-0.039,-0.021,-0.077,-0.038,-0.019,-0.108,0.012,-0.015,-0.102,-0.017,0.008,-0.045,-0.05
464.0,475.0,0.014,2.736,0.033,-1.951,-0.112,-0.039,-0.021,-0.077,-0.038,-0.019,-0.108,0.012,-0.015,-0.102,-0.017,0.007,-0.046,-0.05
464.0,476.0,0.014,2.736,0.033,-1.951,-0.112,-0.039,-0.021,-0.077,-0.038,-0.019,-0.108,0.012,-0.015,-0.103,-0.017,0.007,-0.046,-0.05
465.0,466.0,0.013,2.95,0.038,-1.556,-0.141,-0.043,-0.024,-0.104,-0.044,-0.029,-0.113,0.01,0.029,-0.112,-0.016,0.003,-0.032,-0.055
465.0,467.0,0.013,2.95,0.038,-1.556,-0.141,-0.043,-0.024,-0.104,-0.044,-0.029,-0.113,0.009,0.029,-0.112,-0.016,0.003,-0.032,-0.055
465.0,468.0,0.013,2.95,0.038,-1.556,-0.141,-0.043,-0.024,-0.104,-0.044,-0.029,-0.113,0.009,0.029,-0.112,-0.016,0.003,-0.032,-0.055
465.0,469.0,0.013,2.95,0.038,-1.556,-0.141,-0.043,-0.024,-0.104,-0.044,-0.029,-0.113,0.009,0.03,-0.113,-0.016,0.003,-0.033,-0.055
465.0,470.0,0.013,2.95,0.038,-1.556,-0.141,-0.043,-0.024,-0.104,-0.044,-0.029,-0.113,0.009,0.03,-0.113,-0.016,0.003,-0.033,-0.055
465.0,471.0,0.013,2.95,0.038,-1.556,-0.141,-0.043,-0.024,-0.104,-0.044,-0.028,-0.113,0.009,0.03,-0.113,-0.016,0.003,-0.033,-0.055
465.0,472.0,0.013,2.95,0.038,-1.556,-0.141,-0.043,-0.024,-0.104,-0.044,-0.028,-0.113,0.009,0.03,-0.113,-0.016,0.003,-0.033,-0.055
465.0,473.0,0.013,2.95,0.038,-1.556,-0.141,-0.043,-0.024,-0.104,-0.044,-0.028,-0.113,0.009,0.03,-0.113,-0.016,0.002,-0.033,-0.055
465.0,474.0,0.014,2.95,0.038,-1.556,-0.141,-0.043,-0.024,-0.104,-0.044,-0.028,-0.113,0.009,0.031,-0.114,-0.016,0.002,-0.034,-0.055
465.0,475.0,0.014,2.95,0.038,-1.556,-0.141,-0.043,-0.024,-0.104,-0.044,-0.028,-0.113,0.008,0.031,-0.114,-0.016,0.002,-0.034,-0.055
465.0,476.0,0.014,2.95,0.038,-1.556,-0.141,-0.043,-0.024,-0.104,-0.044,-0.028,-0.113,0.008,0.031,-0.114,-0.016,0.002,-0.034,-0.055
465.0,477.0,0.014,2.95,0.038,-1.556,-0.141,-0.043,-0.024,-0.104,-0.044,-0.028,-0.113,0.008,0.031,-0.114,-0.016,0.002,-0.034,-0.055
466.0,467.0,0.014,2.669,0.038,-1.382,-0.116,-0.04,-0.027,-0.089,-0.046,-0.024,-0.106,0.022,0.017,-0.102,-0.0,-0.001,-0.046,-0.05
466.0,468.0,0.014,2.669,0.038,-1.382,-0.116,-0.04,-0.027,-0.089,-0.046,-0.024,-0.106,0.022,0.017,-0.102,-0.0,-0.001,-0.046,-0.05
466.0,469.0,0.014,2.669,0.038,-1.382,-0.116,-0.04,-0.027,-0.089,-0.046,-0.024,-0.106,0.022,0.017,-0.102,-0.0,-0.001,-0.046,-0.05
466.0,470.0,0.014,2.669,0.038,-1.382,-0.116,-0.04,-0.027,-0.089,-0.046,-0.024,-0.106,0.022,0.017,-0.102,-0.0,-0.001,-0.046,-0.05
466.0,471.0,0.014,2.669,0.038,-1.382,-0.116,-0.04,-0.027,-0.089,-0.046,-0.024,-0.106,0.022,0.017,-0.102,-0.001,-0.002,-0.046,-0.05
466.0,472.0,0.014,2.669,0.038,-1.382,-0.116,-0.04,-0.027,-0.089,-0.046,-0.024,-0.106,0.022,0.017,-0.102,-0.001,-0.002,-0.046,-0.05
466.0,473.0,0.014,2.669,0.038,-1.382,-0.116,-0.04,-0.027,-0.089,-0.046,-0.024,-0.106,0.022,0.017,-0.102,-0.001,-0.002,-0.046,-0.05
466.0,474.0,0.014,2.669,0.038,-1.382,-0.116,-0.04,-0.027,-0.089,-0.046,-0.024,-0.106,0.022,0.017,-0.102,-0.001,-0.002,-0.046,-0.05
466.0,475.0,0.014,2.669,0.038,-1.382,-0.116,-0.04,-0.027,-0.089,-0.046,-0.024,-0.106,0.022,0.017,-0.102,-0.001,-0.002,-0.046,-0.05
466.0,476.0,0.014,2.669,0.038,-1.382,-0.116,-0.04,-0.027,-0.089,-0.046,-0.024,-0.106,0.022,0.017,-0.102,-0.001,-0.002,-0.046,-0.05
466.0,477.0,0.014,2.669,0.038,-1.382,-0.116,-0.04,-0.027,-0.089,-0.046,-0.024,-0.106,0.022,0.017,-0.102,-0.001,-0.002,-0.046,-0.05
466.0,478.0,0.014,2.669,0.038,-1.382,-0.116,-0.04,-0.027,-0.089,-0.046,-0.024,-0.106,0.022,0.017,-0.102,-0.001,-0.002,-0.046,-0.05
467.0,468.0,0.01,2.864,0.036,-1.55,-0.107,-0.035,-0.024,-0.079,-0.042,-0.023,-0.125,0.01,0.024,-0.124,-0.013,0.003,-0.03,-0.056
467.0,469.0,0.01,2.865,0.036,-1.55,-0.107,-0.035,-0.024,-0.079,-0.042,-0.023,-0.124,0.01,0.024,-0.124,-0.013,0.003,-0.03,-0.056
467.0,470.0,0.01,2.865,0.036,-1.55,-0.107,-0.035,-0.024,-0.079,-0.042,-0.022,-0.124,0.01,0.025,-0.124,-0.013,0.003,-0.03,-0.056
467.0,471.0,0.01,2.865,0.036,-1.55,-0.107,-0.035,-0.024,-0.079,-0.042,-0.022,-0.124,0.01,0.025,-0.124,-0.013,0.003,-0.031,-0.056
467.0,472.0,0.01,2.865,0.036,-1.55,-0.107,-0.035,-0.024,-0.079,-0.042,-0.022,-0.124,0.01,0.025,-0.124,-0.013,0.003,-0.031,-0.056
467.0,473.0,0.01,2.865,0.036,-1.55,-0.107,-0.035,-0.024,-0.079,-0.042,-0.022,-0.124,0.009,0.025,-0.124,-0.013,0.003,-0.031,-0.056
467.0,474.0,0.01,2.865,0.036,-1.55,-0.107,-0.035,-0.024,-0.079,-0.042,-0.022,-0.123,0.009,0.025,-0.124,-0.013,0.003,-0.031,-0.056
467.0,475.0,0.01,2.865,0.036,-1.55,-0.107,-0.035,-0.024,-0.079,-0.042,-0.022,-0.123,0.009,0.025,-0.124,-0.013,0.003,-0.032,-0.055
467.0,476.0,0.01,2.865,0.036,-1.55,-0.107,-0.035,-0.024,-0.079,-0.042,-0.022,-0.123,0.009,0.025,-0.124,-0.013,0.003,-0.032,-0.055
467.0,477.0,0.01,2.865,0.036,-1.55,-0.107,-0.035,-0.024,-0.079,-0.042,-0.021,-0.123,0.009,0.025,-0.124,-0.013,0.003,-0.032,-0.055
467.0,478.0,0.01,2.865,0.036,-1.55,-0.107,-0.035,-0.024,-0.079,-0.042,-0.021,-0.123,0.009,0.025,-0.125,-0.013,0.003,-0.032,-0.055
467.0,479.0,0.01,2.865,0.036,-1.55,-0.107,-0.035,-0.024,-0.079,-0.042,-0.021,-0.122,0.008,0.026,-0.125,-0.013,0.003,-0.033,-0.055
468.0,469.0,0.02,2.625,0.039,-1.106,-0.118,-0.039,-0.023,-0.088,-0.043,-0.025,-0.136,0.015,-0.001,-0.104,0.003,-0.028,-0.046,-0.112
468.0,470.0,0.02,2.625,0.039,-1.106,-0.118,-0.039,-0.023,-0.088,-0.043,-0.025,-0.136,0.014,-0.001,-0.105,0.003,-0.028,-0.046,-0.112
468.0,471.0,0.02,2.625,0.039,-1.106,-0.118,-0.039,-0.023,-0.088,-0.043,-0.025,-0.136,0.014,-0.001,-0.105,0.003,-0.028,-0.047,-0.111
468.0,472.0,0.02,2.625,0.039,-1.106,-0.118,-0.039,-0.023,-0.088,-0.043,-0.025,-0.136,0.014,-0.001,-0.105,0.003,-0.028,-0.047,-0.111
468.0,473.0,0.02,2.625,0.039,-1.106,-0.118,-0.039,-0.023,-0.088,-0.043,-0.025,-0.136,0.014,-0.001,-0.105,0.003,-0.028,-0.047,-0.111
468.0,474.0,0.02,2.625,0.039,-1.106,-0.118,-0.039,-0.023,-0.088,-0.043,-0.024,-0.136,0.014,-0.001,-0.105,0.003,-0.028,-0.047,-0.11
468.0,475.0,0.02,2.625,0.039,-1.106,-0.118,-0.039,-0.023,-0.088,-0.043,-0.024,-0.136,0.014,-0.001,-0.105,0.003,-0.028,-0.047,-0.11
468.0,476.0,0.02,2.625,0.039,-1.106,-0.118,-0.039,-0.023,-0.088,-0.043,-0.024,-0.136,0.014,-0.001,-0.105,0.002,-0.028,-0.047,-0.11
468.0,477.0,0.02,2.625,0.039,-1.106,-0.118,-0.039,-0.023,-0.088,-0.043,-0.024,-0.136,0.014,-0.001,-0.105,0.002,-0.028,-0.047,-0.109
468.0,478.0,0.02,2.625,0.039,-1.106,-0.118,-0.039,-0.023,-0.088,-0.043,-0.024,-0.136,0.014,-0.001,-0.105,0.002,-0.028,-0.047,-0.109
468.0,479.0,0.02,2.625,0.039,-1.106,-0.118,-0.039,-0.023,-0.088,-0.043,-0.024,-0.136,0.014,-0.001,-0.105,0.002,-0.028,-0.047,-0.109
468.0,480.0,0.02,2.625,0.039,-1.106,-0.118,-0.039,-0.023,-0.088,-0.043,-0.024,-0.136,0.014,-0.001,-0.105,0.002,-0.028,-0.047,-0.108
469.0,470.0,0.014,2.547,0.038,-1.189,-0.103,-0.038,-0.024,-0.087,-0.044,-0.001,-0.108,0.013,0.051,-0.163,-0.01,-0.069,-0.033,-0.055
469.0,471.0,0.014,2.547,0.038,-1.189,-0.103,-0.038,-0.024,-0.087,-0.044,-0.001,-0.108,0.013,0.051,-0.163,-0.01,-0.069,-0.034,-0.055
469.0,472.0,0.014,2.547,0.038,-1.189,-0.103,-0.038,-0.024,-0.087,-0.044,-0.001,-0.107,0.013,0.051,-0.163,-0.01,-0.069,-0.034,-0.055
469.0,473.0,0.014,2.547,0.038,-1.189,-0.103,-0.038,-0.024,-0.087,-0.044,-0.001,-0.107,0.013,0.051,-0.163,-0.01,-0.069,-0.034,-0.055
469.0,474.0,0.014,2.547,0.038,-1.189,-0.103,-0.038,-0.024,-0.087,-0.044,-0.001,-0.107,0.012,0.051,-0.163,-0.01,-0.069,-0.034,-0.055
469.0,475.0,0.014,2.547,0.038,-1.189,-0.103,-0.038,-0.024,-0.087,-0.044,-0.001,-0.107,0.012,0.051,-0.163,-0.01,-0.069,-0.034,-0.055
469.0,476.0,0.014,2.547,0.038,-1.189,-0.103,-0.038,-0.024,-0.087,-0.043,-0.001,-0.106,0.012,0.051,-0.163,-0.01,-0.069,-0.035,-0.055
469.0,477.0,0.014,2.547,0.038,-1.189,-0.103,-0.038,-0.024,-0.087,-0.043,-0.001,-0.106,0.012,0.051,-0.163,-0.01,-0.069,-0.035,-0.055
469.0,478.0,0.014,2.547,0.038,-1.189,-0.103,-0.038,-0.024,-0.087,-0.043,-0.001,-0.106,0.012,0.051,-0.163,-0.01,-0.069,-0.035,-0.055
469.0,479.0,0.014,2.547,0.038,-1.189,-0.103,-0.038,-0.024,-0.087,-0.043,-0.001,-0.106,0.012,0.051,-0.163,-0.01,-0.069,-0.035,-0.055
469.0,480.0,0.014,2.547,0.038,-1.189,-0.103,-0.038,-0.024,-0.087,-0.043,-0.001,-0.106,0.012,0.051,-0.163,-0.01,-0.069,-0.035,-0.055
469.0,481.0,0.014,2.547,0.038,-1.189,-0.103,-0.038,-0.024,-0.087,-0.043,-0.001,-0.105,0.012,0.051,-0.163,-0.01,-0.069,-0.036,-0.055
470.0,471.0,0.005,2.887,0.041,-1.305,-0.138,-0.032,-0.023,-0.078,-0.038,-0.038,-0.125,0.009,-0.008,-0.093,-0.001,0.012,-0.047,-0.082
470.0,472.0,0.005,2.887,0.041,-1.305,-0.138,-0.032,-0.023,-0.078,-0.038,-0.037,-0.124,0.009,-0.008,-0.093,-0.001,0.012,-0.047,-0.082
470.0,473.0,0.005,2.887,0.041,-1.305,-0.138,-0.032,-0.023,-0.078,-0.038,-0.037,-0.123,0.009,-0.008,-0.093,-0.001,0.012,-0.047,-0.082
470.0,474.0,0.005,2.887,0.041,-1.305,-0.138,-0.032,-0.023,-0.078,-0.038,-0.037,-0.122,0.009,-0.008,-0.093,-0.001,0.012,-0.047,-0.081
470.0,475.0,0.006,2.887,0.041,-1.305,-0.138,-0.032,-0.023,-0.078,-0.038,-0.036,-0.122,0.009,-0.008,-0.093,-0.001,0.012,-0.047,-0.081
470.0,476.0,0.006,2.887,0.041,-1.305,-0.138,-0.032,-0.023,-0.078,-0.038,-0.036,-0.121,0.009,-0.008,-0.093,-0.001,0.012,-0.047,-0.081
470.0,477.0,0.006,2.887,0.041,-1.305,-0.138,-0.032,-0.023,-0.078,-0.038,-0.036,-0.12,0.008,-0.008,-0.093,-0.001,0.012,-0.047,-0.081
470.0,478.0,0.006,2.887,0.041,-1.305,-0.138,-0.032,-0.023,-0.078,-0.038,-0.036,-0.119,0.008,-0.008,-0.093,-0.001,0.012,-0.047,-0.081
470.0,479.0,0.006,2.887,0.041,-1.305,-0.138,-0.032,-0.023,-0.078,-0.038,-0.035,-0.118,0.008,-0.008,-0.093,-0.001,0.012,-0.047,-0.081
470.0,480.0,0.006,2.887,0.041,-1.305,-0.138,-0.032,-0.023,-0.078,-0.038,-0.035,-0.118,0.008,-0.008,-0.093,-0.002,0.012,-0.047,-0.081
470.0,481.0,0.006,2.887,0.041,-1.305,-0.138,-0.032,-0.023,-0.078,-0.038,-0.035,-0.117,0.008,-0.008,-0.093,-0.002,0.012,-0.047,-0.081
470.0,482.0,0.006,2.887,0.041,-1.305,-0.138,-0.032,-0.023,-0.078,-0.038,-0.035,-0.116,0.008,-0.008,-0.093,-0.002,0.012,-0.047,-0.081
471.0,472.0,0.032,2.783,0.037,-1.54,-0.148,-0.038,-0.02,-0.079,-0.042,-0.032,-0.113,0.012,0.006,-0.111,-0.01,-0.0,-0.041,-0.057
471.0,473.0,0.032,2.783,0.037,-1.54,-0.148,-0.038,-0.02,-0.079,-0.042,-0.032,-0.112,0.012,0.006,-0.111,-0.01,-0.001,-0.041,-0.057
471.0,474.0,0.032,2.783,0.037,-1.54,-0.148,-0.038,-0.02,-0.079,-0.042,-0.032,-0.111,0.012,0.006,-0.111,-0.01,-0.001,-0.041,-0.057
471.0,475.0,0.032,2.783,0.037,-1.54,-0.148,-0.038,-0.02,-0.079,-0.042,-0.032,-0.111,0.012,0.006,-0.111,-0.011,-0.002,-0.041,-0.057
471.0,476.0,0.032,2.783,0.037,-1.54,-0.148,-0.038,-0.02,-0.079,-0.042,-0.032,-0.11,0.011,0.006,-0.111,-0.011,-0.002,-0.042,-0.057
471.0,477.0,0.032,2.783,0.037,-1.54,-0.148,-0.038,-0.02,-0.079,-0.042,-0.032,-0.11,0.011,0.006,-0.111,-0.011,-0.003,-0.042,-0.057
471.0,478.0,0.032,2.783,0.037,-1.54,-0.148,-0.038,-0.02,-0.079,-0.042,-0.032,-0.109,0.011,0.006,-0.111,-0.011,-0.004,-0.042,-0.057
471.0,479.0,0.032,2.783,0.037,-1.54,-0.148,-0.038,-0.02,-0.079,-0.042,-0.031,-0.109,0.011,0.006,-0.111,-0.012,-0.004,-0.042,-0.057
471.0,480.0,0.032,2.783,0.037,-1.54,-0.148,-0.038,-0.02,-0.079,-0.042,-0.031,-0.108,0.011,0.006,-0.111,-0.012,-0.005,-0.042,-0.057
471.0,481.0,0.032,2.783,0.037,-1.54,-0.148,-0.038,-0.02,-0.079,-0.042,-0.031,-0.108,0.011,0.006,-0.111,-0.012,-0.005,-0.042,-0.057
471.0,482.0,0.032,2.783,0.037,-1.54,-0.148,-0.038,-0.02,-0.079,-0.042,-0.031,-0.107,0.01,0.006,-0.111,-0.012,-0.006,-0.042,-0.057
471.0,483.0,0.032,2.783,0.037,-1.54,-0.148,-0.038,-0.02,-0.079,-0.042,-0.031,-0.107,0.01,0.006,-0.111,-0.012,-0.006,-0.042,-0.057
472.0,473.0,0.012,2.821,0.034,-2.067,-0.098,-0.045,-0.02,-0.071,-0.047,-0.004,-0.11,0.015,-0.021,-0.103,-0.02,0.036,-0.043,-0.056
472.0,474.0,0.012,2.821,0.034,-2.067,-0.098,-0.045,-0.02,-0.071,-0.047,-0.004,-0.11,0.015,-0.021,-0.103,-0.02,0.03,-0.043,-0.056
472.0,475.0,0.012,2.821,0.034,-2.067,-0.098,-0.045,-0.02,-0.071,-0.047,-0.004,-0.11,0.015,-0.021,-0.103,-0.02,0.025,-0.043,-0.056
472.0,476.0,0.012,2.821,0.034,-2.067,-0.098,-0.045,-0.02,-0.071,-0.047,-0.004,-0.11,0.015,-0.021,-0.103,-0.02,0.02,-0.043,-0.056
472.0,477.0,0.012,2.821,0.034,-2.067,-0.098,-0.044,-0.02,-0.071,-0.047,-0.004,-0.11,0.015,-0.02,-0.103,-0.02,0.015,-0.043,-0.056
472.0,478.0,0.012,2.821,0.034,-2.067,-0.098,-0.044,-0.02,-0.071,-0.047,-0.004,-0.11,0.015,-0.02,-0.103,-0.02,0.011,-0.043,-0.055
472.0,479.0,0.012,2.821,0.034,-2.067,-0.098,-0.044,-0.02,-0.071,-0.047,-0.004,-0.11,0.015,-0.02,-0.103,-0.02,0.007,-0.043,-0.055
472.0,480.0,0.012,2.821,0.034,-2.067,-0.098,-0.044,-0.02,-0.071,-0.047,-0.004,-0.11,0.015,-0.02,-0.103,-0.02,0.003,-0.043,-0.055
472.0,481.0,0.012,2.821,0.034,-2.067,-0.098,-0.043,-0.02,-0.071,-0.047,-0.004,-0.11,0.015,-0.02,-0.103,-0.02,-0.0,-0.043,-0.055
472.0,482.0,0.012,2.821,0.034,-2.067,-0.098,-0.043,-0.02,-0.071,-0.047,-0.004,-0.11,0.015,-0.02,-0.103,-0.02,-0.003,-0.044,-0.055
472.0,483.0,0.012,2.821,0.034,-2.067,-0.098,-0.043,-0.02,-0.071,-0.047,-0.004,-0.11,0.015,-0.02,-0.103,-0.02,-0.007,-0.044,-0.055
472.0,484.0,0.012,2.821,0.034,-2.067,-0.098,-0.043,-0.02,-0.071,-0.047,-0.004,-0.11,0.015,-0.02,-0.103,-0.02,-0.01,-0.044,-0.055
473.0,474.0,0.011,2.99,0.032,-1.989,-0.084,-0.031,-0.012,-0.065,-0.038,-0.005,-0.116,0.01,0.014,-0.116,-0.011,-0.016,-0.047,-0.116
473.0,475.0,0.011,2.99,0.032,-1.989,-0.084,-0.031,-0.012,-0.065,-0.038,-0.006,-0.116,0.01,0.014,-0.116,-0.011,-0.017,-0.047,-0.116
473.0,476.0,0.011,2.99,0.032,-1.989,-0.084,-0.031,-0.012,-0.065,-0.038,-0.006,-0.116,0.01,0.014,-0.117,-0.011,-0.017,-0.047,-0.116
473.0,477.0,0.011,2.99,0.032,-1.989,-0.084,-0.031,-0.012,-0.065,-0.038,-0.006,-0.116,0.01,0.014,-0.117,-0.011,-0.017,-0.047,-0.116
473.0,478.0,0.011,2.99,0.032,-1.989,-0.084,-0.031,-0.012,-0.065,-0.038,-0.006,-0.116,0.009,0.014,-0.118,-0.011,-0.017,-0.047,-0.116
473.0,479.0,0.011,2.99,0.032,-1.989,-0.084,-0.031,-0.012,-0.065,-0.038,-0.007,-0.116,0.009,0.014,-0.119,-0.011,-0.018,-0.048,-0.116
473.0,480.0,0.011,2.99,0.032,-1.989,-0.084,-0.031,-0.012,-0.065,-0.038,-0.007,-0.116,0.009,0.014,-0.119,-0.011,-0.018,-0.048,-0.116
473.0,481.0,0.011,2.99,0.032,-1.989,-0.084,-0.031,-0.012,-0.065,-0.038,-0.007,-0.116,0.009,0.014,-0.12,-0.011,-0.018,-0.048,-0.116
473.0,482.0,0.011,2.99,0.032,-1.989,-0.084,-0.031,-0.012,-0.065,-0.038,-0.007,-0.116,0.009,0.014,-0.12,-0.011,-0.019,-0.048,-0.116
473.0,483.0,0.011,2.99,0.032,-1.989,-0.084,-0.031,-0.012,-0.065,-0.038,-0.007,-0.116,0.009,0.014,-0.121,-0.011,-0.019,-0.048,-0.116
473.0,484.0,0.011,2.99,0.032,-1.989,-0.084,-0.031,-0.012,-0.065,-0.038,-0.008,-0.116,0.009,0.014,-0.121,-0.011,-0.019,-0.048,-0.116
473.0,485.0,0.011,2.99,0.032,-1.989,-0.084,-0.031,-0.012,-0.065,-0.038,-0.008,-0.116,0.008,0.014,-0.122,-0.011,-0.019,-0.048,-0.116
474.0,475.0,0.009,2.578,0.033,-2.27,-0.09,-0.038,-0.013,-0.068,-0.045,-0.001,-0.107,0.016,-0.004,-0.095,-0.014,-0.05,-0.035,-0.051
474.0,476.0,0.009,2.578,0.033,-2.27,-0.09,-0.038,-0.013,-0.068,-0.044,-0.001,-0.107,0.016,-0.004,-0.095,-0.014,-0.05,-0.035,-0.051
474.0,477.0,0.009,2.578,0.033,-2.27,-0.09,-0.038,-0.013,-0.068,-0.044,-0.001,-0.107,0.016,-0.004,-0.095,-0.014,-0.05,-0.035,-0.051
474.0,478.0,0.009,2.578,0.033,-2.27,-0.09,-0.037,-0.013,-0.068,-0.044,-0.002,-0.107,0.016,-0.004,-0.095,-0.014,-0.05,-0.035,-0.051
474.0,479.0,0.009,2.578,0.033,-2.27,-0.09,-0.037,-0.014,-0.068,-0.044,-0.002,-0.107,0.016,-0.004,-0.095,-0.014,-0.05,-0.035,-0.051
474.0,480.0,0.009,2.578,0.033,-2.27,-0.091,-0.037,-0.014,-0.068,-0.044,-0.002,-0.107,0.016,-0.004,-0.095,-0.014,-0.05,-0.035,-0.051
474.0,481.0,0.009,2.578,0.033,-2.27,-0.091,-0.037,-0.014,-0.068,-0.044,-0.002,-0.107,0.016,-0.004,-0.095,-0.014,-0.05,-0.035,-0.051
474.0,482.0,0.009,2.578,0.033,-2.27,-0.091,-0.037,-0.014,-0.068,-0.043,-0.002,-0.107,0.016,-0.004,-0.095,-0.014,-0.05,-0.035,-0.051
474.0,483.0,0.009,2.578,0.033,-2.27,-0.091,-0.037,-0.014,-0.068,-0.043,-0.002,-0.107,0.016,-0.004,-0.095,-0.014,-0.05,-0.036,-0.051
474.0,484.0,0.009,2.578,0.033,-2.27,-0.091,-0.037,-0.014,-0.068,-0.043,-0.002,-0.107,0.016,-0.004,-0.095,-0.014,-0.05,-0.036,-0.051
474.0,485.0,0.009,2.578,0.033,-2.27,-0.091,-0.037,-0.014,-0.068,-0.043,-0.002,-0.107,0.016,-0.004,-0.095,-0.014,-0.05,-0.036,-0.051
474.0,486.0,0.009,2.578,0.033,-2.27,-0.091,-0.037,-0.014,-0.068,-0.043,-0.002,-0.107,0.016,-0.004,-0.095,-0.014,-0.05,-0.036,-0.051
475.0,476.0,0.015,2.636,0.037,-1.795,-0.128,-0.037,-0.02,-0.084,-0.051,0.007,-0.119,0.009,0.01,-0.107,-0.023,-0.087,-0.028,-0.05
475.0,477.0,0.015,2.636,0.037,-1.795,-0.128,-0.037,-0.02,-0.084,-0.05,0.007,-0.119,0.009,0.009,-0.107,-0.023,-0.087,-0.029,-0.05
475.0,478.0,0.015,2.636,0.037,-1.795,-0.128,-0.037,-0.02,-0.084,-0.05,0.007,-0.119,0.008,0.009,-0.107,-0.023,-0.087,-0.029,-0.05
475.0,479.0,0.015,2.636,0.037,-1.795,-0.128,-0.037,-0.02,-0.084,-0.05,0.007,-0.119,0.008,0.009,-0.107,-0.023,-0.086,-0.029,-0.05
475.0,480.0,0.015,2.636,0.037,-1.795,-0.128,-0.037,-0.02,-0.084,-0.05,0.007,-0.119,0.008,0.009,-0.107,-0.023,-0.086,-0.03,-0.05
475.0,481.0,0.015,2.636,0.037,-1.795,-0.128,-0.037,-0.02,-0.084,-0.05,0.006,-0.119,0.008,0.009,-0.107,-0.023,-0.086,-0.03,-0.05
475.0,482.0,0.015,2.636,0.037,-1.795,-0.128,-0.037,-0.02,-0.084,-0.05,0.006,-0.119,0.008,0.008,-0.107,-0.023,-0.086,-0.03,-0.05
475.0,483.0,0.015,2.636,0.037,-1.795,-0.128,-0.037,-0.021,-0.084,-0.049,0.006,-0.119,0.008,0.008,-0.107,-0.023,-0.085,-0.031,-0.05
475.0,484.0,0.015,2.636,0.037,-1.795,-0.128,-0.037,-0.021,-0.084,-0.049,0.006,-0.119,0.007,0.008,-0.107,-0.023,-0.085,-0.031,-0.05
475.0,485.0,0.015,2.636,0.037,-1.795,-0.128,-0.037,-0.021,-0.084,-0.049,0.006,-0.119,0.007,0.008,-0.107,-0.023,-0.085,-0.031,-0.05
475.0,486.0,0.015,2.636,0.037,-1.795,-0.128,-0.037,-0.021,-0.084,-0.049,0.006,-0.118,0.007,0.008,-0.107,-0.023,-0.084,-0.032,-0.05
475.0,487.0,0.015,2.636,0.037,-1.795,-0.128,-0.037,-0.021,-0.084,-0.049,0.006,-0.118,0.007,0.007,-0.107,-0.023,-0.084,-0.032,-0.05
476.0,477.0,0.017,2.765,0.038,-1.342,-0.142,-0.037,-0.018,-0.083,-0.041,-0.033,-0.117,0.021,0.008,-0.096,-0.011,-0.018,-0.036,-0.05
476.0,478.0,0.017,2.765,0.038,-1.342,-0.142,-0.037,-0.018,-0.083,-0.041,-0.033,-0.117,0.021,0.008,-0.096,-0.011,-0.018,-0.036,-0.05
476.0,479.0,0.017,2.765,0.038,-1.342,-0.142,-0.037,-0.018,-0.083,-0.041,-0.033,-0.117,0.021,0.008,-0.096,-0.011,-0.018,-0.036,-0.05
476.0,480.0,0.017,2.765,0.038,-1.342,-0.142,-0.037,-0.018,-0.083,-0.041,-0.033,-0.117,0.021,0.008,-0.096,-0.011,-0.018,-0.036,-0.05
476.0,481.0,0.017,2.765,0.038,-1.342,-0.142,-0.037,-0.018,-0.083,-0.041,-0.033,-0.117,0.021,0.008,-0.096,-0.011,-0.018,-0.036,-0.05
476.0,482.0,0.017,2.765,0.038,-1.342,-0.142,-0.037,-0.018,-0.083,-0.041,-0.033,-0.117,0.021,0.008,-0.096,-0.011,-0.018,-0.036,-0.05
476.0,483.0,0.017,2.765,0.038,-1.342,-0.142,-0.037,-0.018,-0.083,-0.041,-0.033,-0.117,0.021,0.008,-0.096,-0.011,-0.018,-0.036,-0.05
476.0,484.0,0.017,2.765,0.038,-1.342,-0.142,-0.037,-0.018,-0.083,-0.041,-0.033,-0.117,0.021,0.008,-0.096,-0.011,-0.018,-0.036,-0.05
476.0,485.0,0.017,2.765,0.038,-1.342,-0.142,-0.037,-0.018,-0.083,-0.041,-0.033,-0.117,0.021,0.008,-0.096,-0.011,-0.018,-0.036,-0.05
476.0,486.0,0.017,2.765,0.038,-1.342,-0.142,-0.037,-0.018,-0.083,-0.041,-0.033,-0.117,0.021,0.008,-0.096,-0.011,-0.018,-0.036,-0.05
476.0,487.0,0.017,2.765,0.038,-1.342,-0.142,-0.037,-0.018,-0.083,-0.041,-0.033,-0.117,0.021,0.008,-0.096,-0.011,-0.018,-0.036,-0.05
476.0,488.0,0.017,2.765,0.038,-1.342,-0.142,-0.037,-0.018,-0.083,-0.041,-0.033,-0.117,0.021,0.008,-0.096,-0.011,-0.018,-0.036,-0.05
477.0,478.0,0.016,2.63,0.034,-2.066,-0.115,-0.121,-0.01,-0.033,-0.045,0.057,-0.138,-0.022,0.012,-0.118,0.004,-0.046,0.037,-0.084
477.0,479.0,0.016,2.63,0.034,-2.066,-0.115,-0.12,-0.01,-0.034,-0.045,0.057,-0.138,-0.021,0.012,-0.118,0.004,-0.046,0.037,-0.084
477.0,480.0,0.016,2.63,0.034,-2.066,-0.115,-0.119,-0.01,-0.034,-0.045,0.057,-0.138,-0.021,0.012,-0.118,0.004,-0.046,0.037,-0.084
477.0,481.0,0.016,2.63,0.034,-2.066,-0.115,-0.117,-0.01,-0.035,-0.045,0.057,-0.138,-0.021,0.012,-0.118,0.004,-0.046,0.037,-0.084
477.0,482.0,0.016,2.63,0.034,-2.066,-0.115,-0.116,-0.01,-0.035,-0.045,0.057,-0.138,-0.021,0.012,-0.118,0.004,-0.046,0.037,-0.083
477.0,483.0,0.016,2.63,0.034,-2.066,-0.115,-0.115,-0.01,-0.036,-0.045,0.057,-0.138,-0.021,0.012,-0.118,0.004,-0.046,0.037,-0.083
477.0,484.0,0.016,2.63,0.034,-2.066,-0.115,-0.114,-0.01,-0.036,-0.045,0.057,-0.138,-0.021,0.012,-0.118,0.004,-0.046,0.037,-0.083
477.0,485.0,0.016,2.63,0.034,-2.066,-0.115,-0.113,-0.01,-0.037,-0.045,0.057,-0.138,-0.021,0.012,-0.118,0.004,-0.046,0.037,-0.083
477.0,486.0,0.016,2.63,0.034,-2.066,-0.115,-0.112,-0.01,-0.037,-0.045,0.057,-0.138,-0.021,0.012,-0.118,0.004,-0.046,0.037,-0.083
477.0,487.0,0.016,2.63,0.034,-2.066,-0.115,-0.111,-0.01,-0.038,-0.045,0.057,-0.138,-0.021,0.012,-0.118,0.004,-0.046,0.037,-0.083
477.0,488.0,0.016,2.63,0.034,-2.066,-0.115,-0.11,-0.01,-0.038,-0.045,0.057,-0.138,-0.021,0.012,-0.118,0.004,-0.046,0.037,-0.083
477.0,489.0,0.016,2.63,0.034,-2.066,-0.115,-0.109,-0.01,-0.039,-0.045,0.057,-0.138,-0.021,0.012,-0.118,0.004,-0.046,0.037,-0.083
478.0,479.0,0.016,2.65,0.038,-1.129,-0.117,-0.042,-0.021,-0.093,-0.045,0.063,-0.029,-0.01,0.006,-0.123,0.133,-0.057,-0.038,-0.088
478.0,480.0,0.016,2.65,0.038,-1.129,-0.117,-0.042,-0.021,-0.093,-0.045,0.063,-0.029,-0.01,0.006,-0.123,0.133,-0.057,-0.038,-0.088
478.0,481.0,0.016,2.65,0.038,-1.129,-0.117,-0.042,-0.021,-0.093,-0.045,0.063,-0.029,-0.01,0.006,-0.123,0.133,-0.057,-0.038,-0.088
478.0,482.0,0.016,2.65,0.038,-1.129,-0.117,-0.042,-0.021,-0.093,-0.045,0.063,-0.029,-0.01,0.006,-0.123,0.133,-0.057,-0.038,-0.088
478.0,483.0,0.016,2.65,0.038,-1.129,-0.117,-0.042,-0.021,-0.093,-0.045,0.063,-0.029,-0.01,0.006,-0.123,0.133,-0.057,-0.038,-0.088
478.0,484.0,0.016,2.65,0.038,-1.129,-0.117,-0.042,-0.021,-0.093,-0.045,0.063,-0.029,-0.01,0.006,-0.123,0.133,-0.057,-0.038,-0.088
478.0,485.0,0.016,2.65,0.038,-1.129,-0.117,-0.042,-0.021,-0.093,-0.045,0.063,-0.029,-0.01,0.006,-0.123,0.133,-0.057,-0.038,-0.088
478.0,486.0,0.016,2.65,0.038,-1.129,-0.117,-0.042,-0.021,-0.093,-0.045,0.063,-0.029,-0.01,0.006,-0.123,0.133,-0.057,-0.038,-0.088
478.0,487.0,0.016,2.65,0.038,-1.129,-0.117,-0.042,-0.021,-0.093,-0.045,0.063,-0.029,-0.01,0.006,-0.123,0.133,-0.057,-0.038,-0.088
478.0,488.0,0.016,2.65,0.038,-1.129,-0.117,-0.042,-0.021,-0.093,-0.045,0.063,-0.029,-0.01,0.006,-0.123,0.132,-0.057,-0.038,-0.088
478.0,489.0,0.016,2.65,0.038,-1.129,-0.117,-0.042,-0.021,-0.093,-0.045,0.063,-0.029,-0.01,0.006,-0.123,0.132,-0.057,-0.038,-0.088
478.0,490.0,0.016,2.65,0.038,-1.129,-0.117,-0.042,-0.021,-0.093,-0.045,0.063,-0.029,-0.01,0.006,-0.123,0.132,-0.057,-0.038,-0.088
479.0,480.0,0.015,2.787,0.037,-1.283,-0.144,-0.04,-0.018,-0.099,-0.047,0.016,-0.098,-0.017,0.009,-0.104,-0.009,-0.062,-0.045,-0.034
479.0,481.0,0.015,2.787,0.037,-1.283,-0.144,-0.04,-0.018,-0.099,-0.047,0.016,-0.097,-0.017,0.009,-0.104,-0.009,-0.062,-0.045,-0.034
479.0,482.0,0.015,2.787,0.037,-1.283,-0.144,-0.04,-0.018,-0.099,-0.047,0.016,-0.097,-0.017,0.009,-0.104,-0.009,-0.062,-0.045,-0.034
479.0,483.0,0.015,2.787,0.037,-1.283,-0.144,-0.04,-0.018,-0.099,-0.047,0.016,-0.097,-0.017,0.009,-0.105,-0.009,-0.061,-0.046,-0.034
479.0,484.0,0.015,2.787,0.037,-1.283,-0.144,-0.04,-0.018,-0.099,-0.047,0.016,-0.097,-0.017,0.009,-0.105,-0.009,-0.061,-0.046,-0.034
479.0,485.0,0.015,2.787,0.037,-1.283,-0.144,-0.04,-0.019,-0.099,-0.047,0.016,-0.096,-0.017,0.009,-0.105,-0.009,-0.061,-0.046,-0.034
479.0,486.0,0.015,2.787,0.037,-1.283,-0.144,-0.04,-0.019,-0.099,-0.047,0.016,-0.096,-0.016,0.009,-0.105,-0.009,-0.061,-0.046,-0.035
479.0,487.0,0.015,2.787,0.037,-1.283,-0.144,-0.04,-0.019,-0.099,-0.047,0.016,-0.096,-0.016,0.009,-0.105,-0.009,-0.061,-0.046,-0.035
479.0,488.0,0.015,2.787,0.037,-1.283,-0.144,-0.04,-0.019,-0.099,-0.046,0.016,-0.095,-0.016,0.009,-0.105,-0.009,-0.061,-0.046,-0.035
479.0,489.0,0.015,2.787,0.037,-1.283,-0.144,-0.04,-0.019,-0.099,-0.046,0.015,-0.095,-0.016,0.009,-0.105,-0.009,-0.061,-0.046,-0.035
479.0,490.0,0.015,2.787,0.037,-1.283,-0.144,-0.04,-0.019,-0.099,-0.046,0.015,-0.095,-0.016,0.009,-0.105,-0.009,-0.061,-0.046,-0.035
479.0,491.0,0.015,2.787,0.037,-1.283,-0.144,-0.04,-0.019,-0.099,-0.046,0.015,-0.095,-0.016,0.009,-0.105,-0.009,-0.061,-0.046,-0.035
480.0,481.0,0.015,2.819,0.04,-1.45,-0.098,-0.052,-0.007,-0.072,-0.041,-0.0,-0.089,0.019,0.023,-0.094,-0.016,-0.037,-0.05,-0.056
480.0,482.0,0.015,2.819,0.04,-1.45,-0.098,-0.051,-0.008,-0.072,-0.041,-0.0,-0.089,0.019,0.023,-0.094,-0.016,-0.037,-0.05,-0.056
480.0,483.0,0.015,2.819,0.04,-1.45,-0.098,-0.051,-0.008,-0.072,-0.041,-0.0,-0.089,0.019,0.023,-0.094,-0.016,-0.037,-0.05,-0.056
480.0,484.0,0.015,2.819,0.04,-1.45,-0.098,-0.051,-0.008,-0.072,-0.041,-0.0,-0.089,0.019,0.023,-0.094,-0.016,-0.037,-0.05,-0.056
480.0,485.0,0.015,2.819,0.04,-1.45,-0.098,-0.051,-0.008,-0.072,-0.041,-0.0,-0.089,0.019,0.023,-0.094,-0.016,-0.037,-0.05,-0.056
480.0,486.0,0.015,2.819,0.04,-1.45,-0.098,-0.051,-0.008,-0.072,-0.041,-0.0,-0.089,0.019,0.023,-0.094,-0.016,-0.037,-0.05,-0.056
480.0,487.0,0.015,2.819,0.04,-1.45,-0.098,-0.051,-0.008,-0.072,-0.041,-0.0,-0.089,0.019,0.023,-0.094,-0.016,-0.037,-0.05,-0.056
480.0,488.0,0.015,2.819,0.04,-1.45,-0.098,-0.051,-0.008,-0.072,-0.041,-0.0,-0.089,0.019,0.023,-0.094,-0.016,-0.037,-0.05,-0.056
480.0,489.0,0.015,2.819,0.04,-1.45,-0.098,-0.05,-0.008,-0.072,-0.041,-0.0,-0.089,0.019,0.023,-0.094,-0.016,-0.037,-0.05,-0.056
480.0,490.0,0.015,2.819,0.04,-1.45,-0.098,-0.05,-0.009,-0.072,-0.041,-0.0,-0.089,0.019,0.023,-0.094,-0.016,-0.037,-0.05,-0.056
480.0,491.0,0.015,2.819,0.04,-1.45,-0.098,-0.05,-0.009,-0.072,-0.041,-0.0,-0.089,0.019,0.023,-0.094,-0.016,-0.037,-0.05,-0.056
480.0,492.0,0.015,2.819,0.04,-1.45,-0.098,-0.05,-0.009,-0.072,-0.041,-0.0,-0.089,0.019,0.023,-0.094,-0.016,-0.037,-0.05,-0.056
