231.0,232.0,0.017,0.033,0.048,0.063,0.077,0.09,0.103,0.115,0.127,0.138,0.148,0.158,0.208,0.243,0.268,0.284,0.298,0.296,0.285,0.271,0.254,0.238,0.221,0.158
231.0,233.0,0.017,0.034,0.049,0.064,0.078,0.092,0.104,0.117,0.128,0.139,0.15,0.16,0.21,0.245,0.269,0.285,0.298,0.295,0.284,0.269,0.252,0.235,0.219,0.156
231.0,234.0,0.018,0.034,0.05,0.065,0.08,0.094,0.107,0.119,0.131,0.142,0.153,0.163,0.213,0.248,0.272,0.287,0.298,0.294,0.282,0.266,0.249,0.232,0.215,0.153
231.0,235.0,0.018,0.035,0.051,0.067,0.081,0.095,0.109,0.121,0.133,0.144,0.155,0.165,0.216,0.251,0.274,0.288,0.298,0.293,0.28,0.263,0.246,0.228,0.212,0.15
231.0,236.0,0.018,0.036,0.052,0.068,0.083,0.097,0.11,0.123,0.135,0.146,0.157,0.167,0.218,0.252,0.275,0.289,0.298,0.292,0.279,0.261,0.243,0.226,0.209,0.147
231.0,237.0,0.018,0.036,0.053,0.068,0.084,0.098,0.111,0.124,0.136,0.148,0.159,0.169,0.219,0.254,0.277,0.29,0.298,0.292,0.277,0.26,0.241,0.224,0.207,0.145
231.0,238.0,0.019,0.036,0.053,0.069,0.084,0.099,0.112,0.125,0.137,0.149,0.16,0.17,0.22,0.255,0.277,0.291,0.298,0.291,0.276,0.259,0.24,0.222,0.206,0.144
231.0,239.0,0.019,0.037,0.053,0.069,0.085,0.099,0.113,0.126,0.138,0.149,0.16,0.171,0.221,0.256,0.278,0.291,0.298,0.291,0.276,0.258,0.239,0.221,0.205,0.143
231.0,240.0,0.019,0.037,0.054,0.07,0.085,0.099,0.113,0.126,0.138,0.15,0.161,0.171,0.222,0.256,0.278,0.291,0.298,0.291,0.275,0.257,0.239,0.221,0.204,0.143
231.0,241.0,0.019,0.037,0.054,0.07,0.085,0.1,0.113,0.126,0.139,0.15,0.161,0.171,0.222,0.256,0.278,0.291,0.298,0.29,0.275,0.257,0.238,0.22,0.204,0.142
231.0,242.0,0.019,0.037,0.054,0.07,0.085,0.1,0.114,0.127,0.139,0.15,0.161,0.172,0.222,0.257,0.279,0.291,0.298,0.29,0.275,0.257,0.238,0.22,0.203,0.142
231.0,243.0,0.019,0.037,0.054,0.07,0.085,0.1,0.114,0.127,0.139,0.151,0.162,0.172,0.223,0.257,0.279,0.292,0.298,0.29,0.275,0.256,0.238,0.22,0.203,0.142
232.0,233.0,0.02,0.039,0.057,0.074,0.09,0.106,0.12,0.133,0.146,0.158,0.169,0.18,0.231,0.264,0.284,0.295,0.297,0.285,0.268,0.248,0.228,0.209,0.193,0.133
232.0,234.0,0.021,0.041,0.059,0.077,0.093,0.109,0.123,0.137,0.15,0.162,0.174,0.184,0.235,0.267,0.287,0.296,0.296,0.282,0.263,0.242,0.222,0.204,0.187,0.129
232.0,235.0,0.021,0.04,0.059,0.076,0.093,0.108,0.123,0.137,0.15,0.162,0.173,0.184,0.234,0.267,0.286,0.296,0.296,0.283,0.264,0.243,0.223,0.204,0.188,0.129
232.0,236.0,0.021,0.04,0.058,0.076,0.092,0.107,0.122,0.135,0.148,0.16,0.172,0.182,0.233,0.266,0.285,0.295,0.297,0.284,0.265,0.245,0.225,0.206,0.19,0.131
232.0,237.0,0.02,0.04,0.058,0.075,0.091,0.106,0.121,0.134,0.147,0.159,0.17,0.181,0.232,0.265,0.285,0.295,0.297,0.285,0.267,0.246,0.227,0.208,0.191,0.132
232.0,238.0,0.02,0.039,0.057,0.074,0.09,0.106,0.12,0.133,0.146,0.158,0.169,0.18,0.231,0.264,0.284,0.295,0.297,0.285,0.268,0.248,0.228,0.209,0.193,0.133
232.0,239.0,0.02,0.039,0.057,0.074,0.09,0.105,0.119,0.133,0.146,0.157,0.169,0.179,0.23,0.263,0.284,0.294,0.297,0.286,0.268,0.248,0.229,0.21,0.193,0.134
232.0,240.0,0.02,0.039,0.057,0.074,0.09,0.105,0.119,0.133,0.145,0.157,0.168,0.179,0.23,0.263,0.283,0.294,0.297,0.286,0.268,0.249,0.229,0.21,0.194,0.134
232.0,241.0,0.02,0.039,0.057,0.074,0.09,0.105,0.119,0.133,0.145,0.157,0.168,0.179,0.23,0.263,0.283,0.294,0.297,0.286,0.268,0.249,0.229,0.211,0.194,0.134
232.0,242.0,0.02,0.039,0.057,0.074,0.09,0.105,0.119,0.133,0.145,0.157,0.169,0.179,0.23,0.263,0.283,0.294,0.297,0.286,0.268,0.248,0.229,0.21,0.194,0.134
232.0,243.0,0.02,0.039,0.057,0.074,0.09,0.105,0.119,0.133,0.146,0.158,0.169,0.179,0.23,0.263,0.284,0.294,0.297,0.286,0.268,0.248,0.228,0.21,0.193,0.134
232.0,244.0,0.02,0.039,0.057,0.074,0.09,0.105,0.12,0.133,0.146,0.158,0.169,0.18,0.23,0.264,0.284,0.295,0.297,0.286,0.268,0.248,0.228,0.21,0.193,0.134
233.0,234.0,0.021,0.041,0.059,0.077,0.093,0.109,0.124,0.137,0.15,0.162,0.174,0.184,0.235,0.268,0.287,0.296,0.296,0.282,0.263,0.242,0.222,0.203,0.187,0.129
233.0,235.0,0.021,0.04,0.059,0.076,0.093,0.108,0.123,0.137,0.15,0.162,0.173,0.184,0.234,0.267,0.286,0.296,0.296,0.283,0.264,0.243,0.223,0.204,0.188,0.129
233.0,236.0,0.021,0.04,0.058,0.075,0.092,0.107,0.122,0.135,0.148,0.16,0.171,0.182,0.233,0.266,0.285,0.295,0.297,0.284,0.265,0.245,0.225,0.207,0.19,0.131
233.0,237.0,0.02,0.039,0.058,0.075,0.091,0.106,0.12,0.134,0.147,0.159,0.17,0.181,0.231,0.264,0.284,0.295,0.297,0.285,0.267,0.247,0.227,0.208,0.192,0.133
233.0,238.0,0.02,0.039,0.057,0.074,0.09,0.105,0.12,0.133,0.146,0.158,0.169,0.18,0.23,0.264,0.284,0.295,0.297,0.286,0.268,0.248,0.228,0.21,0.193,0.134
233.0,239.0,0.02,0.039,0.057,0.074,0.09,0.105,0.119,0.133,0.145,0.157,0.169,0.179,0.23,0.263,0.284,0.294,0.297,0.286,0.268,0.248,0.229,0.21,0.194,0.134
233.0,240.0,0.02,0.039,0.057,0.074,0.09,0.105,0.119,0.133,0.145,0.157,0.168,0.179,0.23,0.263,0.283,0.294,0.297,0.286,0.268,0.249,0.229,0.211,0.194,0.134
233.0,241.0,0.02,0.039,0.057,0.074,0.09,0.105,0.119,0.133,0.145,0.157,0.168,0.179,0.23,0.263,0.283,0.294,0.297,0.286,0.268,0.249,0.229,0.211,0.194,0.134
233.0,242.0,0.02,0.039,0.057,0.074,0.09,0.105,0.119,0.133,0.145,0.157,0.169,0.179,0.23,0.263,0.284,0.294,0.297,0.286,0.268,0.248,0.229,0.21,0.194,0.134
233.0,243.0,0.02,0.039,0.057,0.074,0.09,0.105,0.12,0.133,0.146,0.158,0.169,0.179,0.23,0.263,0.284,0.294,0.297,0.286,0.268,0.248,0.228,0.21,0.193,0.134
233.0,244.0,0.02,0.039,0.057,0.074,0.09,0.105,0.12,0.133,0.146,0.158,0.169,0.18,0.23,0.264,0.284,0.295,0.297,0.286,0.268,0.248,0.228,0.21,0.193,0.133
233.0,245.0,0.02,0.039,0.057,0.074,0.091,0.106,0.12,0.134,0.146,0.158,0.169,0.18,0.231,0.264,0.284,0.295,0.297,0.285,0.267,0.247,0.228,0.209,0.192,0.133
234.0,235.0,0.02,0.04,0.058,0.075,0.091,0.107,0.121,0.135,0.147,0.16,0.171,0.181,0.232,0.265,0.285,0.295,0.297,0.284,0.266,0.246,0.226,0.207,0.191,0.132
234.0,236.0,0.02,0.039,0.057,0.074,0.09,0.105,0.12,0.133,0.146,0.158,0.169,0.179,0.23,0.263,0.284,0.294,0.297,0.286,0.268,0.248,0.228,0.21,0.193,0.134
234.0,237.0,0.02,0.039,0.057,0.073,0.089,0.104,0.118,0.132,0.144,0.156,0.168,0.178,0.229,0.262,0.283,0.294,0.297,0.287,0.269,0.25,0.23,0.212,0.195,0.135
234.0,238.0,0.02,0.039,0.056,0.073,0.089,0.104,0.118,0.131,0.144,0.156,0.167,0.177,0.228,0.262,0.282,0.294,0.298,0.287,0.27,0.25,0.231,0.213,0.196,0.136
234.0,239.0,0.02,0.038,0.056,0.073,0.089,0.104,0.118,0.131,0.144,0.156,0.167,0.177,0.228,0.261,0.282,0.294,0.298,0.287,0.27,0.251,0.231,0.213,0.196,0.136
234.0,240.0,0.02,0.038,0.056,0.073,0.089,0.104,0.118,0.131,0.144,0.156,0.167,0.177,0.228,0.262,0.282,0.294,0.298,0.287,0.27,0.25,0.231,0.213,0.196,0.136
234.0,241.0,0.02,0.039,0.056,0.073,0.089,0.104,0.118,0.131,0.144,0.156,0.167,0.178,0.228,0.262,0.283,0.294,0.298,0.287,0.27,0.25,0.231,0.212,0.196,0.136
234.0,242.0,0.02,0.039,0.056,0.073,0.089,0.104,0.118,0.132,0.144,0.156,0.167,0.178,0.229,0.262,0.283,0.294,0.297,0.287,0.269,0.25,0.23,0.212,0.195,0.135
234.0,243.0,0.02,0.039,0.057,0.074,0.09,0.105,0.119,0.132,0.145,0.157,0.168,0.178,0.229,0.263,0.283,0.294,0.297,0.286,0.269,0.249,0.229,0.211,0.194,0.135
234.0,244.0,0.02,0.039,0.057,0.074,0.09,0.105,0.119,0.133,0.145,0.157,0.169,0.179,0.23,0.263,0.283,0.294,0.297,0.286,0.268,0.248,0.229,0.21,0.194,0.134
234.0,245.0,0.02,0.039,0.057,0.074,0.09,0.105,0.12,0.133,0.146,0.158,0.169,0.18,0.23,0.264,0.284,0.295,0.297,0.286,0.268,0.248,0.228,0.21,0.193,0.134
234.0,246.0,0.02,0.039,0.057,0.075,0.091,0.106,0.12,0.134,0.146,0.158,0.17,0.18,0.231,0.264,0.284,0.295,0.297,0.285,0.267,0.247,0.227,0.209,0.192,0.133
235.0,236.0,0.019,0.037,0.054,0.07,0.085,0.1,0.113,0.126,0.139,0.15,0.161,0.172,0.222,0.256,0.278,0.291,0.298,0.29,0.275,0.257,0.238,0.22,0.204,0.142
235.0,237.0,0.019,0.036,0.053,0.069,0.084,0.098,0.112,0.125,0.137,0.148,0.159,0.17,0.22,0.255,0.277,0.29,0.298,0.291,0.277,0.259,0.24,0.223,0.206,0.145
235.0,238.0,0.018,0.036,0.053,0.068,0.083,0.098,0.111,0.124,0.136,0.148,0.158,0.169,0.219,0.254,0.276,0.29,0.298,0.292,0.277,0.26,0.242,0.224,0.207,0.146
235.0,239.0,0.018,0.036,0.053,0.068,0.083,0.098,0.111,0.124,0.136,0.147,0.158,0.168,0.219,0.254,0.276,0.29,0.298,0.292,0.278,0.26,0.242,0.224,0.208,0.146
235.0,240.0,0.018,0.036,0.053,0.068,0.083,0.098,0.111,0.124,0.136,0.147,0.158,0.168,0.219,0.254,0.276,0.29,0.298,0.292,0.278,0.26,0.242,0.224,0.208,0.146
235.0,241.0,0.018,0.036,0.053,0.068,0.083,0.098,0.111,0.124,0.136,0.148,0.159,0.169,0.219,0.254,0.276,0.29,0.298,0.292,0.277,0.26,0.242,0.224,0.207,0.146
235.0,242.0,0.019,0.036,0.053,0.069,0.084,0.098,0.112,0.124,0.137,0.148,0.159,0.169,0.22,0.254,0.277,0.29,0.298,0.291,0.277,0.259,0.241,0.223,0.207,0.145
235.0,243.0,0.019,0.036,0.053,0.069,0.084,0.098,0.112,0.125,0.137,0.149,0.159,0.17,0.22,0.255,0.277,0.291,0.298,0.291,0.277,0.259,0.24,0.222,0.206,0.144
235.0,244.0,0.019,0.036,0.053,0.069,0.085,0.099,0.113,0.125,0.138,0.149,0.16,0.17,0.221,0.255,0.278,0.291,0.298,0.291,0.276,0.258,0.24,0.222,0.205,0.144
235.0,245.0,0.019,0.037,0.054,0.07,0.085,0.099,0.113,0.126,0.138,0.15,0.161,0.171,0.222,0.256,0.278,0.291,0.298,0.291,0.275,0.257,0.239,0.221,0.204,0.143
235.0,246.0,0.019,0.037,0.054,0.07,0.085,0.1,0.114,0.127,0.139,0.15,0.161,0.172,0.222,0.257,0.279,0.291,0.298,0.29,0.275,0.257,0.238,0.22,0.203,0.142
235.0,247.0,0.019,0.037,0.054,0.07,0.086,0.1,0.114,0.127,0.139,0.151,0.162,0.172,0.223,0.257,0.279,0.292,0.298,0.29,0.274,0.256,0.237,0.219,0.202,0.141
236.0,237.0,0.018,0.035,0.051,0.066,0.081,0.095,0.108,0.121,0.133,0.144,0.155,0.165,0.215,0.25,0.273,0.288,0.298,0.293,0.281,0.264,0.246,0.229,0.212,0.15
236.0,238.0,0.018,0.034,0.05,0.065,0.08,0.094,0.107,0.119,0.131,0.142,0.153,0.163,0.213,0.248,0.272,0.287,0.298,0.294,0.282,0.266,0.249,0.231,0.215,0.153
236.0,239.0,0.018,0.035,0.051,0.066,0.08,0.094,0.107,0.12,0.132,0.143,0.154,0.164,0.214,0.249,0.273,0.287,0.298,0.294,0.281,0.265,0.248,0.23,0.214,0.152
236.0,240.0,0.018,0.035,0.051,0.067,0.081,0.095,0.109,0.121,0.133,0.144,0.155,0.165,0.215,0.25,0.274,0.288,0.298,0.293,0.28,0.264,0.246,0.228,0.212,0.15
236.0,241.0,0.018,0.035,0.052,0.067,0.082,0.096,0.11,0.122,0.134,0.146,0.157,0.167,0.217,0.252,0.275,0.289,0.298,0.293,0.279,0.262,0.244,0.226,0.21,0.148
236.0,242.0,0.018,0.036,0.052,0.068,0.083,0.097,0.111,0.123,0.136,0.147,0.158,0.168,0.218,0.253,0.276,0.29,0.298,0.292,0.278,0.261,0.242,0.225,0.208,0.146
236.0,243.0,0.019,0.036,0.053,0.069,0.084,0.098,0.112,0.124,0.137,0.148,0.159,0.169,0.22,0.254,0.277,0.29,0.298,0.291,0.277,0.259,0.241,0.223,0.207,0.145
236.0,244.0,0.019,0.036,0.053,0.069,0.084,0.099,0.112,0.125,0.137,0.149,0.16,0.17,0.221,0.255,0.278,0.291,0.298,0.291,0.276,0.258,0.24,0.222,0.205,0.144
236.0,245.0,0.019,0.037,0.054,0.07,0.085,0.099,0.113,0.126,0.138,0.15,0.161,0.171,0.222,0.256,0.278,0.291,0.298,0.291,0.275,0.257,0.239,0.221,0.204,0.143
236.0,246.0,0.019,0.037,0.054,0.07,0.085,0.1,0.114,0.127,0.139,0.151,0.161,0.172,0.222,0.257,0.279,0.291,0.298,0.29,0.275,0.257,0.238,0.22,0.203,0.142
236.0,247.0,0.019,0.037,0.054,0.07,0.086,0.1,0.114,0.127,0.139,0.151,0.162,0.172,0.223,0.257,0.279,0.292,0.298,0.29,0.274,0.256,0.237,0.219,0.202,0.141
236.0,248.0,0.019,0.037,0.054,0.071,0.086,0.101,0.115,0.128,0.14,0.152,0.163,0.173,0.224,0.258,0.28,0.292,0.298,0.289,0.274,0.255,0.236,0.218,0.201,0.141
237.0,238.0,0.017,0.034,0.05,0.065,0.079,0.093,0.106,0.118,0.13,0.141,0.152,0.162,0.212,0.247,0.271,0.286,0.298,0.295,0.283,0.267,0.25,0.233,0.217,0.154
237.0,239.0,0.017,0.034,0.05,0.065,0.079,0.093,0.106,0.118,0.13,0.141,0.152,0.162,0.212,0.247,0.271,0.286,0.298,0.295,0.283,0.267,0.25,0.233,0.216,0.154
237.0,240.0,0.018,0.034,0.05,0.065,0.08,0.094,0.107,0.119,0.131,0.142,0.153,0.163,0.213,0.248,0.272,0.287,0.298,0.294,0.282,0.266,0.249,0.232,0.215,0.153
237.0,241.0,0.018,0.035,0.051,0.066,0.08,0.094,0.107,0.12,0.132,0.143,0.154,0.164,0.214,0.249,0.273,0.287,0.298,0.294,0.281,0.265,0.248,0.23,0.214,0.152
237.0,242.0,0.018,0.035,0.051,0.066,0.081,0.095,0.108,0.121,0.132,0.144,0.154,0.165,0.215,0.25,0.273,0.288,0.298,0.294,0.281,0.264,0.247,0.229,0.213,0.15
237.0,243.0,0.018,0.035,0.051,0.067,0.081,0.095,0.109,0.121,0.133,0.144,0.155,0.165,0.216,0.251,0.274,0.288,0.298,0.293,0.28,0.263,0.246,0.228,0.212,0.149
237.0,244.0,0.018,0.035,0.052,0.067,0.082,0.096,0.109,0.122,0.134,0.145,0.156,0.166,0.216,0.251,0.275,0.289,0.298,0.293,0.279,0.263,0.245,0.227,0.211,0.149
237.0,245.0,0.018,0.035,0.052,0.067,0.082,0.096,0.11,0.122,0.134,0.146,0.157,0.167,0.217,0.252,0.275,0.289,0.298,0.293,0.279,0.262,0.244,0.226,0.21,0.148
237.0,246.0,0.018,0.036,0.052,0.068,0.083,0.097,0.11,0.123,0.135,0.146,0.157,0.167,0.218,0.253,0.275,0.289,0.298,0.292,0.278,0.261,0.243,0.225,0.209,0.147
237.0,247.0,0.018,0.036,0.052,0.068,0.083,0.097,0.111,0.123,0.135,0.147,0.158,0.168,0.218,0.253,0.276,0.29,0.298,0.292,0.278,0.261,0.242,0.225,0.208,0.146
237.0,248.0,0.018,0.036,0.053,0.068,0.083,0.098,0.111,0.124,0.136,0.147,0.158,0.169,0.219,0.254,0.276,0.29,0.298,0.292,0.278,0.26,0.242,0.224,0.207,0.146
237.0,249.0,0.018,0.036,0.053,0.069,0.084,0.098,0.111,0.124,0.136,0.148,0.159,0.169,0.219,0.254,0.277,0.29,0.298,0.292,0.277,0.26,0.241,0.223,0.207,0.145
238.0,239.0,0.016,0.032,0.047,0.062,0.075,0.089,0.101,0.113,0.124,0.135,0.145,0.155,0.205,0.24,0.266,0.282,0.297,0.297,0.287,0.273,0.257,0.241,0.225,0.162
238.0,240.0,0.017,0.033,0.048,0.062,0.076,0.089,0.102,0.114,0.125,0.136,0.146,0.156,0.206,0.242,0.266,0.283,0.297,0.296,0.287,0.272,0.256,0.24,0.224,0.161
238.0,241.0,0.017,0.033,0.049,0.063,0.077,0.091,0.104,0.116,0.127,0.138,0.149,0.159,0.208,0.244,0.268,0.284,0.298,0.296,0.285,0.27,0.254,0.237,0.221,0.158
238.0,242.0,0.017,0.034,0.05,0.065,0.079,0.092,0.105,0.118,0.129,0.14,0.151,0.161,0.211,0.246,0.27,0.286,0.298,0.295,0.283,0.268,0.251,0.234,0.218,0.155
238.0,243.0,0.018,0.034,0.05,0.066,0.08,0.094,0.107,0.119,0.131,0.142,0.153,0.163,0.213,0.248,0.272,0.287,0.298,0.294,0.282,0.266,0.249,0.231,0.215,0.152
238.0,244.0,0.018,0.035,0.051,0.066,0.081,0.095,0.108,0.121,0.132,0.144,0.154,0.165,0.215,0.25,0.273,0.288,0.298,0.294,0.281,0.264,0.247,0.229,0.213,0.15
238.0,245.0,0.018,0.035,0.051,0.067,0.082,0.096,0.109,0.122,0.134,0.145,0.156,0.166,0.216,0.251,0.274,0.289,0.298,0.293,0.28,0.263,0.245,0.227,0.211,0.149
238.0,246.0,0.018,0.035,0.052,0.068,0.082,0.097,0.11,0.123,0.135,0.146,0.157,0.167,0.217,0.252,0.275,0.289,0.298,0.293,0.279,0.262,0.244,0.226,0.21,0.148
238.0,247.0,0.018,0.036,0.052,0.068,0.083,0.097,0.111,0.123,0.135,0.147,0.158,0.168,0.218,0.253,0.276,0.29,0.298,0.292,0.278,0.261,0.243,0.225,0.208,0.146
238.0,248.0,0.018,0.036,0.053,0.068,0.083,0.098,0.111,0.124,0.136,0.148,0.158,0.169,0.219,0.254,0.276,0.29,0.298,0.292,0.277,0.26,0.242,0.224,0.207,0.146
238.0,249.0,0.019,0.036,0.053,0.069,0.084,0.098,0.112,0.125,0.137,0.148,0.159,0.169,0.22,0.254,0.277,0.29,0.298,0.291,0.277,0.259,0.241,0.223,0.206,0.145
238.0,250.0,0.019,0.036,0.053,0.069,0.084,0.099,0.112,0.125,0.137,0.149,0.16,0.17,0.221,0.255,0.277,0.291,0.298,0.291,0.276,0.258,0.24,0.222,0.205,0.144
239.0,240.0,0.017,0.034,0.049,0.064,0.079,0.092,0.105,0.117,0.129,0.14,0.151,0.161,0.21,0.246,0.27,0.286,0.298,0.295,0.284,0.268,0.251,0.234,0.218,0.155
239.0,241.0,0.018,0.034,0.05,0.066,0.08,0.094,0.107,0.12,0.131,0.143,0.153,0.163,0.213,0.249,0.272,0.287,0.298,0.294,0.282,0.265,0.248,0.231,0.214,0.152
239.0,242.0,0.018,0.035,0.051,0.066,0.081,0.095,0.108,0.121,0.133,0.144,0.155,0.165,0.215,0.25,0.274,0.288,0.298,0.293,0.28,0.264,0.246,0.229,0.212,0.15
239.0,243.0,0.018,0.035,0.051,0.067,0.082,0.096,0.109,0.122,0.134,0.145,0.156,0.166,0.216,0.251,0.274,0.289,0.298,0.293,0.28,0.263,0.245,0.227,0.211,0.149
239.0,244.0,0.018,0.035,0.052,0.067,0.082,0.096,0.11,0.122,0.134,0.146,0.156,0.167,0.217,0.252,0.275,0.289,0.298,0.293,0.279,0.262,0.244,0.226,0.21,0.148
239.0,245.0,0.018,0.036,0.052,0.068,0.083,0.097,0.11,0.123,0.135,0.146,0.157,0.167,0.218,0.253,0.275,0.289,0.298,0.292,0.278,0.261,0.243,0.225,0.209,0.147
239.0,246.0,0.018,0.036,0.052,0.068,0.083,0.097,0.111,0.123,0.136,0.147,0.158,0.168,0.218,0.253,0.276,0.29,0.298,0.292,0.278,0.261,0.242,0.225,0.208,0.146
239.0,247.0,0.018,0.036,0.053,0.068,0.083,0.098,0.111,0.124,0.136,0.148,0.158,0.169,0.219,0.254,0.276,0.29,0.298,0.292,0.277,0.26,0.242,0.224,0.207,0.146
239.0,248.0,0.019,0.036,0.053,0.069,0.084,0.098,0.112,0.125,0.137,0.148,0.159,0.169,0.22,0.254,0.277,0.29,0.298,0.291,0.277,0.259,0.241,0.223,0.206,0.145
239.0,249.0,0.019,0.036,0.053,0.069,0.084,0.099,0.112,0.125,0.137,0.149,0.16,0.17,0.22,0.255,0.277,0.291,0.298,0.291,0.276,0.259,0.24,0.222,0.206,0.144
239.0,250.0,0.019,0.037,0.053,0.069,0.085,0.099,0.113,0.126,0.138,0.149,0.16,0.171,0.221,0.256,0.278,0.291,0.298,0.291,0.276,0.258,0.239,0.221,0.205,0.143
239.0,251.0,0.019,0.037,0.054,0.07,0.085,0.099,0.113,0.126,0.138,0.15,0.161,0.171,0.222,0.256,0.278,0.291,0.298,0.291,0.275,0.257,0.239,0.221,0.204,0.143
240.0,241.0,0.017,0.033,0.048,0.062,0.076,0.089,0.102,0.114,0.125,0.136,0.147,0.157,0.206,0.242,0.267,0.283,0.297,0.296,0.286,0.272,0.256,0.239,0.223,0.16
240.0,242.0,0.017,0.033,0.048,0.063,0.076,0.09,0.102,0.114,0.126,0.137,0.147,0.157,0.207,0.242,0.267,0.283,0.298,0.296,0.286,0.272,0.255,0.239,0.223,0.16
240.0,243.0,0.017,0.033,0.048,0.063,0.077,0.09,0.103,0.115,0.127,0.138,0.148,0.158,0.208,0.243,0.268,0.284,0.298,0.296,0.285,0.271,0.254,0.237,0.221,0.158
240.0,244.0,0.017,0.033,0.049,0.064,0.078,0.091,0.104,0.116,0.128,0.139,0.15,0.16,0.209,0.245,0.269,0.285,0.298,0.295,0.284,0.269,0.253,0.236,0.22,0.157
240.0,245.0,0.017,0.034,0.049,0.064,0.079,0.092,0.105,0.117,0.129,0.14,0.151,0.161,0.211,0.246,0.27,0.286,0.298,0.295,0.284,0.268,0.251,0.234,0.218,0.155
240.0,246.0,0.017,0.034,0.05,0.065,0.079,0.093,0.106,0.118,0.13,0.141,0.152,0.162,0.212,0.247,0.271,0.286,0.298,0.295,0.283,0.267,0.25,0.233,0.216,0.154
240.0,247.0,0.018,0.034,0.05,0.065,0.08,0.094,0.107,0.119,0.131,0.142,0.153,0.163,0.213,0.248,0.272,0.287,0.298,0.294,0.282,0.266,0.249,0.231,0.215,0.152
240.0,248.0,0.018,0.035,0.051,0.066,0.08,0.094,0.107,0.12,0.132,0.143,0.154,0.164,0.214,0.249,0.273,0.287,0.298,0.294,0.281,0.265,0.247,0.23,0.214,0.151
240.0,249.0,0.018,0.035,0.051,0.066,0.081,0.095,0.108,0.121,0.133,0.144,0.154,0.165,0.215,0.25,0.273,0.288,0.298,0.294,0.281,0.264,0.247,0.229,0.213,0.15
240.0,250.0,0.018,0.035,0.051,0.067,0.081,0.095,0.109,0.121,0.133,0.144,0.155,0.165,0.216,0.251,0.274,0.288,0.298,0.293,0.28,0.263,0.246,0.228,0.212,0.149
240.0,251.0,0.018,0.035,0.052,0.067,0.082,0.096,0.109,0.122,0.134,0.145,0.156,0.166,0.216,0.251,0.274,0.289,0.298,0.293,0.28,0.263,0.245,0.227,0.211,0.149
240.0,252.0,0.018,0.035,0.052,0.067,0.082,0.096,0.11,0.122,0.134,0.146,0.157,0.167,0.217,0.252,0.275,0.289,0.298,0.293,0.279,0.262,0.244,0.226,0.21,0.148
241.0,242.0,0.016,0.032,0.046,0.061,0.074,0.087,0.099,0.111,0.122,0.133,0.143,0.153,0.202,0.238,0.263,0.28,0.297,0.297,0.289,0.275,0.26,0.244,0.228,0.165
241.0,243.0,0.016,0.031,0.046,0.06,0.074,0.086,0.099,0.11,0.122,0.132,0.143,0.152,0.201,0.237,0.263,0.28,0.297,0.297,0.289,0.276,0.261,0.245,0.229,0.166
241.0,244.0,0.016,0.031,0.046,0.06,0.074,0.086,0.099,0.11,0.122,0.132,0.142,0.152,0.201,0.237,0.263,0.28,0.296,0.297,0.289,0.276,0.261,0.245,0.229,0.166
241.0,245.0,0.016,0.032,0.046,0.06,0.074,0.087,0.099,0.111,0.122,0.133,0.143,0.153,0.202,0.238,0.263,0.28,0.297,0.297,0.289,0.276,0.26,0.244,0.229,0.165
241.0,246.0,0.016,0.032,0.047,0.061,0.074,0.087,0.1,0.112,0.123,0.134,0.144,0.154,0.203,0.239,0.264,0.281,0.297,0.297,0.288,0.275,0.259,0.243,0.227,0.164
241.0,247.0,0.016,0.032,0.047,0.062,0.075,0.088,0.101,0.113,0.124,0.135,0.145,0.155,0.204,0.24,0.265,0.282,0.297,0.297,0.288,0.274,0.258,0.242,0.226,0.163
241.0,248.0,0.017,0.033,0.048,0.062,0.076,0.089,0.102,0.114,0.125,0.136,0.146,0.156,0.206,0.242,0.266,0.283,0.297,0.296,0.287,0.272,0.256,0.24,0.224,0.161
241.0,249.0,0.017,0.033,0.048,0.063,0.077,0.09,0.103,0.115,0.127,0.138,0.148,0.158,0.208,0.243,0.268,0.284,0.298,0.296,0.286,0.271,0.254,0.238,0.222,0.159
241.0,250.0,0.017,0.033,0.049,0.064,0.078,0.091,0.104,0.116,0.128,0.139,0.149,0.159,0.209,0.245,0.269,0.285,0.298,0.295,0.284,0.269,0.253,0.236,0.22,0.157
241.0,251.0,0.017,0.034,0.05,0.065,0.079,0.092,0.105,0.118,0.129,0.14,0.151,0.161,0.211,0.246,0.27,0.286,0.298,0.295,0.283,0.268,0.251,0.234,0.217,0.155
241.0,252.0,0.018,0.034,0.05,0.065,0.08,0.094,0.107,0.119,0.131,0.142,0.153,0.163,0.213,0.248,0.272,0.287,0.298,0.294,0.282,0.266,0.249,0.232,0.215,0.153
241.0,253.0,0.018,0.035,0.051,0.066,0.081,0.095,0.108,0.12,0.132,0.143,0.154,0.164,0.214,0.249,0.273,0.288,0.298,0.294,0.281,0.265,0.247,0.23,0.213,0.151
242.0,243.0,0.017,0.033,0.048,0.062,0.076,0.09,0.102,0.114,0.126,0.137,0.147,0.157,0.206,0.242,0.267,0.283,0.298,0.296,0.286,0.272,0.256,0.239,0.223,0.16
242.0,244.0,0.017,0.033,0.048,0.063,0.077,0.09,0.102,0.115,0.126,0.137,0.147,0.157,0.207,0.242,0.267,0.283,0.298,0.296,0.286,0.272,0.255,0.239,0.223,0.16
242.0,245.0,0.017,0.033,0.048,0.062,0.076,0.089,0.102,0.114,0.126,0.136,0.147,0.157,0.206,0.242,0.267,0.283,0.297,0.296,0.286,0.272,0.256,0.239,0.223,0.16
242.0,246.0,0.017,0.033,0.048,0.062,0.076,0.089,0.102,0.114,0.125,0.136,0.147,0.156,0.206,0.242,0.266,0.283,0.297,0.296,0.287,0.272,0.256,0.24,0.224,0.161
242.0,247.0,0.017,0.033,0.048,0.062,0.076,0.089,0.102,0.114,0.125,0.136,0.147,0.156,0.206,0.242,0.267,0.283,0.297,0.296,0.286,0.272,0.256,0.24,0.224,0.16
242.0,248.0,0.017,0.033,0.048,0.063,0.076,0.09,0.102,0.114,0.126,0.137,0.147,0.157,0.207,0.242,0.267,0.283,0.298,0.296,0.286,0.272,0.255,0.239,0.223,0.16
242.0,249.0,0.017,0.033,0.048,0.063,0.077,0.09,0.103,0.115,0.126,0.137,0.148,0.158,0.207,0.243,0.268,0.284,0.298,0.296,0.286,0.271,0.255,0.238,0.222,0.159
242.0,250.0,0.017,0.033,0.049,0.063,0.077,0.091,0.104,0.116,0.127,0.138,0.149,0.159,0.208,0.244,0.268,0.284,0.298,0.296,0.285,0.27,0.254,0.237,0.221,0.158
242.0,251.0,0.017,0.033,0.049,0.064,0.078,0.091,0.104,0.116,0.128,0.139,0.15,0.16,0.209,0.245,0.269,0.285,0.298,0.295,0.284,0.269,0.252,0.236,0.219,0.157
242.0,252.0,0.017,0.034,0.049,0.064,0.079,0.092,0.105,0.117,0.129,0.14,0.151,0.161,0.211,0.246,0.27,0.286,0.298,0.295,0.284,0.268,0.251,0.234,0.218,0.155
242.0,253.0,0.017,0.034,0.05,0.065,0.079,0.093,0.106,0.118,0.13,0.141,0.152,0.162,0.212,0.247,0.271,0.286,0.298,0.295,0.283,0.267,0.25,0.233,0.217,0.154
242.0,254.0,0.018,0.034,0.05,0.065,0.08,0.094,0.107,0.119,0.131,0.142,0.153,0.163,0.213,0.248,0.272,0.287,0.298,0.294,0.282,0.266,0.249,0.232,0.215,0.153
243.0,244.0,0.017,0.034,0.05,0.065,0.079,0.093,0.106,0.118,0.13,0.141,0.152,0.162,0.212,0.247,0.271,0.286,0.298,0.295,0.283,0.267,0.25,0.233,0.217,0.154
243.0,245.0,0.017,0.034,0.05,0.065,0.079,0.093,0.106,0.118,0.13,0.141,0.151,0.162,0.211,0.247,0.271,0.286,0.298,0.295,0.283,0.267,0.25,0.233,0.217,0.154
243.0,246.0,0.017,0.034,0.049,0.064,0.079,0.092,0.105,0.117,0.129,0.14,0.151,0.161,0.211,0.246,0.27,0.286,0.298,0.295,0.284,0.268,0.251,0.234,0.218,0.155
243.0,247.0,0.017,0.034,0.049,0.064,0.078,0.092,0.105,0.117,0.128,0.139,0.15,0.16,0.21,0.245,0.27,0.285,0.298,0.295,0.284,0.269,0.252,0.235,0.219,0.156
243.0,248.0,0.017,0.033,0.049,0.064,0.078,0.092,0.104,0.117,0.128,0.139,0.15,0.16,0.21,0.245,0.269,0.285,0.298,0.295,0.284,0.269,0.252,0.235,0.219,0.156
243.0,249.0,0.017,0.034,0.049,0.064,0.078,0.092,0.105,0.117,0.128,0.139,0.15,0.16,0.21,0.245,0.27,0.285,0.298,0.295,0.284,0.269,0.252,0.235,0.219,0.156
243.0,250.0,0.017,0.034,0.049,0.064,0.078,0.092,0.105,0.117,0.129,0.14,0.15,0.16,0.21,0.246,0.27,0.285,0.298,0.295,0.284,0.268,0.251,0.234,0.218,0.155
243.0,251.0,0.017,0.034,0.05,0.065,0.079,0.093,0.105,0.118,0.129,0.141,0.151,0.161,0.211,0.246,0.271,0.286,0.298,0.295,0.283,0.268,0.251,0.234,0.217,0.155
243.0,252.0,0.017,0.034,0.05,0.065,0.079,0.093,0.106,0.118,0.13,0.141,0.152,0.162,0.212,0.247,0.271,0.286,0.298,0.295,0.283,0.267,0.25,0.233,0.216,0.154
243.0,253.0,0.018,0.034,0.05,0.065,0.08,0.094,0.107,0.119,0.131,0.142,0.153,0.163,0.213,0.248,0.272,0.287,0.298,0.294,0.282,0.266,0.249,0.231,0.215,0.153
243.0,254.0,0.018,0.035,0.051,0.066,0.08,0.094,0.107,0.12,0.132,0.143,0.154,0.164,0.214,0.249,0.273,0.287,0.298,0.294,0.281,0.265,0.248,0.23,0.214,0.151
243.0,255.0,0.018,0.035,0.051,0.066,0.081,0.095,0.108,0.121,0.133,0.144,0.155,0.165,0.215,0.25,0.273,0.288,0.298,0.294,0.281,0.264,0.246,0.229,0.213,0.15
244.0,245.0,0.016,0.032,0.047,0.061,0.075,0.088,0.101,0.113,0.124,0.135,0.145,0.155,0.204,0.24,0.265,0.282,0.297,0.297,0.288,0.274,0.258,0.242,0.226,0.163
244.0,246.0,0.016,0.031,0.046,0.06,0.074,0.086,0.099,0.11,0.122,0.132,0.142,0.152,0.201,0.237,0.263,0.28,0.296,0.297,0.289,0.276,0.261,0.245,0.23,0.166
244.0,247.0,0.016,0.031,0.046,0.06,0.073,0.086,0.098,0.109,0.121,0.131,0.141,0.151,0.2,0.236,0.262,0.279,0.296,0.298,0.29,0.277,0.262,0.247,0.231,0.168
244.0,248.0,0.016,0.031,0.046,0.06,0.073,0.086,0.098,0.109,0.12,0.131,0.141,0.151,0.2,0.236,0.261,0.279,0.296,0.298,0.29,0.277,0.262,0.247,0.231,0.168
244.0,249.0,0.016,0.031,0.046,0.06,0.073,0.086,0.098,0.11,0.121,0.132,0.142,0.151,0.2,0.236,0.262,0.279,0.296,0.298,0.29,0.277,0.262,0.246,0.231,0.167
244.0,250.0,0.016,0.031,0.046,0.06,0.074,0.086,0.099,0.11,0.122,0.132,0.143,0.152,0.201,0.237,0.263,0.28,0.297,0.297,0.289,0.276,0.261,0.245,0.229,0.166
244.0,251.0,0.016,0.032,0.047,0.061,0.074,0.087,0.1,0.111,0.123,0.133,0.144,0.153,0.203,0.238,0.264,0.281,0.297,0.297,0.289,0.275,0.26,0.244,0.228,0.165
244.0,252.0,0.016,0.032,0.047,0.061,0.075,0.088,0.1,0.112,0.124,0.134,0.145,0.155,0.204,0.24,0.265,0.282,0.297,0.297,0.288,0.274,0.258,0.242,0.226,0.163
244.0,253.0,0.017,0.032,0.048,0.062,0.076,0.089,0.101,0.113,0.125,0.136,0.146,0.156,0.205,0.241,0.266,0.282,0.297,0.297,0.287,0.273,0.257,0.24,0.224,0.161
244.0,254.0,0.017,0.033,0.048,0.063,0.077,0.09,0.102,0.114,0.126,0.137,0.147,0.157,0.207,0.242,0.267,0.283,0.298,0.296,0.286,0.272,0.255,0.239,0.223,0.16
244.0,255.0,0.017,0.033,0.049,0.063,0.077,0.091,0.103,0.116,0.127,0.138,0.149,0.158,0.208,0.244,0.268,0.284,0.298,0.296,0.285,0.27,0.254,0.237,0.221,0.158
244.0,256.0,0.017,0.033,0.049,0.064,0.078,0.092,0.104,0.117,0.128,0.139,0.15,0.16,0.21,0.245,0.269,0.285,0.298,0.295,0.284,0.269,0.252,0.235,0.219,0.156
245.0,246.0,0.016,0.03,0.045,0.058,0.071,0.084,0.096,0.107,0.118,0.129,0.139,0.148,0.197,0.233,0.259,0.277,0.295,0.298,0.291,0.28,0.265,0.25,0.235,0.171
245.0,247.0,0.015,0.03,0.044,0.057,0.07,0.083,0.094,0.106,0.116,0.127,0.137,0.146,0.195,0.231,0.257,0.275,0.295,0.298,0.292,0.281,0.267,0.252,0.237,0.174
245.0,248.0,0.015,0.03,0.044,0.057,0.07,0.082,0.094,0.105,0.116,0.127,0.136,0.146,0.194,0.23,0.257,0.275,0.295,0.298,0.293,0.282,0.268,0.253,0.238,0.175
245.0,249.0,0.015,0.03,0.044,0.057,0.07,0.083,0.095,0.106,0.117,0.127,0.137,0.146,0.195,0.231,0.257,0.275,0.295,0.298,0.292,0.281,0.267,0.252,0.237,0.174
245.0,250.0,0.015,0.03,0.044,0.058,0.071,0.083,0.095,0.107,0.118,0.128,0.138,0.147,0.196,0.232,0.258,0.276,0.295,0.298,0.292,0.28,0.266,0.251,0.236,0.172
245.0,251.0,0.016,0.03,0.045,0.058,0.072,0.084,0.096,0.108,0.119,0.129,0.139,0.149,0.197,0.233,0.259,0.277,0.295,0.298,0.291,0.279,0.265,0.249,0.234,0.171
245.0,252.0,0.016,0.031,0.045,0.059,0.072,0.085,0.097,0.109,0.12,0.13,0.14,0.15,0.199,0.235,0.261,0.278,0.296,0.298,0.29,0.278,0.263,0.248,0.232,0.169
245.0,253.0,0.016,0.031,0.046,0.06,0.073,0.086,0.098,0.11,0.121,0.132,0.142,0.151,0.2,0.236,0.262,0.279,0.296,0.298,0.29,0.277,0.262,0.246,0.231,0.167
245.0,254.0,0.016,0.032,0.046,0.06,0.074,0.087,0.099,0.111,0.122,0.133,0.143,0.153,0.202,0.238,0.263,0.28,0.297,0.297,0.289,0.276,0.26,0.244,0.229,0.165
245.0,255.0,0.016,0.032,0.047,0.061,0.075,0.088,0.1,0.112,0.123,0.134,0.144,0.154,0.203,0.239,0.264,0.281,0.297,0.297,0.288,0.274,0.259,0.243,0.227,0.164
245.0,256.0,0.017,0.032,0.047,0.062,0.076,0.089,0.101,0.113,0.124,0.135,0.146,0.155,0.205,0.241,0.266,0.282,0.297,0.297,0.287,0.273,0.257,0.241,0.225,0.162
245.0,257.0,0.017,0.033,0.048,0.062,0.076,0.089,0.102,0.114,0.126,0.136,0.147,0.157,0.206,0.242,0.267,0.283,0.297,0.296,0.286,0.272,0.256,0.239,0.223,0.16
246.0,247.0,0.015,0.029,0.043,0.056,0.068,0.081,0.092,0.103,0.114,0.124,0.134,0.143,0.191,0.227,0.254,0.273,0.293,0.298,0.294,0.284,0.271,0.256,0.242,0.178
246.0,248.0,0.015,0.029,0.043,0.056,0.068,0.08,0.092,0.103,0.114,0.124,0.133,0.143,0.191,0.227,0.254,0.272,0.293,0.298,0.294,0.284,0.271,0.257,0.242,0.179
246.0,249.0,0.015,0.029,0.043,0.056,0.069,0.081,0.093,0.104,0.115,0.125,0.135,0.144,0.192,0.228,0.255,0.273,0.294,0.298,0.293,0.283,0.27,0.255,0.24,0.177
246.0,250.0,0.015,0.03,0.044,0.057,0.07,0.082,0.094,0.105,0.116,0.126,0.136,0.146,0.194,0.23,0.256,0.275,0.294,0.298,0.293,0.282,0.268,0.253,0.238,0.175
246.0,251.0,0.015,0.03,0.044,0.058,0.071,0.083,0.095,0.107,0.117,0.128,0.138,0.147,0.196,0.232,0.258,0.276,0.295,0.298,0.292,0.28,0.266,0.251,0.236,0.173
246.0,252.0,0.016,0.031,0.045,0.059,0.072,0.084,0.096,0.108,0.119,0.129,0.139,0.149,0.198,0.234,0.26,0.278,0.296,0.298,0.291,0.279,0.264,0.249,0.234,0.17
246.0,253.0,0.016,0.031,0.046,0.059,0.073,0.085,0.098,0.109,0.12,0.131,0.141,0.151,0.2,0.236,0.261,0.279,0.296,0.298,0.29,0.278,0.263,0.247,0.231,0.168
246.0,254.0,0.016,0.031,0.046,0.06,0.074,0.087,0.099,0.111,0.122,0.132,0.143,0.152,0.201,0.237,0.263,0.28,0.297,0.297,0.289,0.276,0.261,0.245,0.229,0.166
246.0,255.0,0.016,0.032,0.047,0.061,0.075,0.088,0.1,0.112,0.123,0.134,0.144,0.154,0.203,0.239,0.264,0.281,0.297,0.297,0.288,0.275,0.259,0.243,0.227,0.164
246.0,256.0,0.016,0.032,0.047,0.062,0.075,0.088,0.101,0.113,0.124,0.135,0.145,0.155,0.205,0.24,0.265,0.282,0.297,0.297,0.287,0.273,0.258,0.241,0.225,0.162
246.0,257.0,0.017,0.033,0.048,0.062,0.076,0.089,0.102,0.114,0.125,0.136,0.147,0.157,0.206,0.242,0.267,0.283,0.297,0.296,0.286,0.272,0.256,0.239,0.223,0.16
246.0,258.0,0.017,0.033,0.048,0.063,0.077,0.09,0.103,0.115,0.127,0.138,0.148,0.158,0.208,0.243,0.268,0.284,0.298,0.296,0.286,0.271,0.254,0.238,0.222,0.159
247.0,248.0,0.015,0.03,0.044,0.057,0.07,0.083,0.095,0.106,0.117,0.127,0.137,0.146,0.195,0.231,0.257,0.276,0.295,0.298,0.292,0.281,0.267,0.252,0.237,0.174
247.0,249.0,0.016,0.03,0.045,0.058,0.071,0.084,0.096,0.107,0.118,0.129,0.139,0.148,0.197,0.233,0.259,0.277,0.295,0.298,0.291,0.28,0.265,0.25,0.235,0.171
247.0,250.0,0.016,0.031,0.045,0.059,0.072,0.084,0.096,0.108,0.119,0.129,0.14,0.149,0.198,0.234,0.26,0.278,0.296,0.298,0.291,0.279,0.264,0.249,0.234,0.17
247.0,251.0,0.016,0.031,0.045,0.059,0.072,0.085,0.097,0.109,0.12,0.13,0.14,0.15,0.199,0.235,0.261,0.278,0.296,0.298,0.29,0.278,0.263,0.248,0.232,0.169
247.0,252.0,0.016,0.031,0.046,0.06,0.073,0.086,0.098,0.11,0.121,0.131,0.141,0.151,0.2,0.236,0.262,0.279,0.296,0.298,0.29,0.277,0.262,0.246,0.231,0.168
247.0,253.0,0.016,0.031,0.046,0.06,0.074,0.087,0.099,0.111,0.122,0.132,0.143,0.152,0.201,0.237,0.263,0.28,0.297,0.297,0.289,0.276,0.261,0.245,0.229,0.166
247.0,254.0,0.016,0.032,0.047,0.061,0.074,0.087,0.1,0.112,0.123,0.134,0.144,0.154,0.203,0.239,0.264,0.281,0.297,0.297,0.288,0.275,0.259,0.243,0.227,0.164
247.0,255.0,0.016,0.032,0.047,0.062,0.075,0.088,0.101,0.113,0.124,0.135,0.145,0.155,0.204,0.24,0.265,0.282,0.297,0.297,0.287,0.274,0.258,0.241,0.226,0.162
247.0,256.0,0.017,0.033,0.048,0.062,0.076,0.089,0.102,0.114,0.125,0.136,0.147,0.157,0.206,0.242,0.267,0.283,0.297,0.296,0.286,0.272,0.256,0.24,0.224,0.16
247.0,257.0,0.017,0.033,0.048,0.063,0.077,0.09,0.103,0.115,0.127,0.138,0.148,0.158,0.208,0.243,0.268,0.284,0.298,0.296,0.286,0.271,0.254,0.238,0.222,0.159
247.0,258.0,0.017,0.033,0.049,0.064,0.078,0.091,0.104,0.116,0.128,0.139,0.149,0.159,0.209,0.245,0.269,0.285,0.298,0.295,0.285,0.269,0.253,0.236,0.22,0.157
247.0,259.0,0.017,0.034,0.049,0.064,0.079,0.092,0.105,0.117,0.129,0.14,0.151,0.161,0.211,0.246,0.27,0.286,0.298,0.295,0.284,0.268,0.251,0.234,0.218,0.155
248.0,249.0,0.015,0.029,0.042,0.055,0.068,0.08,0.091,0.102,0.113,0.123,0.133,0.142,0.19,0.226,0.253,0.272,0.293,0.298,0.294,0.285,0.272,0.258,0.243,0.18
248.0,250.0,0.015,0.029,0.042,0.055,0.068,0.08,0.091,0.102,0.113,0.123,0.133,0.142,0.19,0.226,0.253,0.272,0.293,0.298,0.294,0.284,0.272,0.257,0.243,0.18
248.0,251.0,0.015,0.029,0.043,0.056,0.069,0.081,0.093,0.104,0.115,0.125,0.135,0.144,0.192,0.228,0.255,0.273,0.294,0.298,0.293,0.283,0.27,0.255,0.24,0.177
248.0,252.0,0.015,0.03,0.044,0.057,0.07,0.082,0.094,0.106,0.116,0.127,0.137,0.146,0.194,0.23,0.257,0.275,0.295,0.298,0.292,0.281,0.268,0.253,0.238,0.174
248.0,253.0,0.016,0.03,0.045,0.058,0.071,0.084,0.096,0.107,0.118,0.129,0.139,0.148,0.197,0.233,0.259,0.277,0.295,0.298,0.291,0.28,0.265,0.25,0.235,0.171
248.0,254.0,0.016,0.031,0.045,0.059,0.072,0.085,0.097,0.109,0.12,0.13,0.14,0.15,0.199,0.235,0.261,0.278,0.296,0.298,0.29,0.278,0.263,0.248,0.232,0.169
248.0,255.0,0.016,0.031,0.046,0.06,0.074,0.086,0.099,0.11,0.121,0.132,0.142,0.152,0.201,0.237,0.262,0.28,0.296,0.297,0.289,0.276,0.261,0.245,0.23,0.166
248.0,256.0,0.016,0.032,0.047,0.061,0.075,0.087,0.1,0.112,0.123,0.134,0.144,0.154,0.203,0.239,0.264,0.281,0.297,0.297,0.288,0.275,0.259,0.243,0.227,0.164
248.0,257.0,0.016,0.032,0.047,0.062,0.075,0.089,0.101,0.113,0.124,0.135,0.145,0.155,0.205,0.24,0.265,0.282,0.297,0.297,0.287,0.273,0.257,0.241,0.225,0.162
248.0,258.0,0.017,0.033,0.048,0.062,0.076,0.09,0.102,0.114,0.126,0.137,0.147,0.157,0.206,0.242,0.267,0.283,0.298,0.296,0.286,0.272,0.256,0.239,0.223,0.16
248.0,259.0,0.017,0.033,0.048,0.063,0.077,0.091,0.103,0.115,0.127,0.138,0.148,0.158,0.208,0.244,0.268,0.284,0.298,0.296,0.285,0.271,0.254,0.237,0.221,0.158
248.0,260.0,0.017,0.033,0.049,0.064,0.078,0.091,0.104,0.116,0.128,0.139,0.15,0.16,0.209,0.245,0.269,0.285,0.298,0.295,0.284,0.269,0.252,0.236,0.219,0.157
249.0,250.0,0.015,0.03,0.044,0.057,0.07,0.082,0.094,0.105,0.116,0.126,0.136,0.146,0.194,0.23,0.256,0.275,0.294,0.298,0.293,0.282,0.268,0.253,0.238,0.175
249.0,251.0,0.015,0.03,0.045,0.058,0.071,0.084,0.096,0.107,0.118,0.128,0.138,0.148,0.197,0.233,0.259,0.277,0.295,0.298,0.292,0.28,0.266,0.25,0.235,0.172
249.0,252.0,0.016,0.031,0.045,0.059,0.072,0.085,0.097,0.108,0.119,0.13,0.14,0.15,0.198,0.234,0.26,0.278,0.296,0.298,0.291,0.278,0.264,0.248,0.233,0.169
249.0,253.0,0.016,0.031,0.046,0.06,0.073,0.086,0.098,0.11,0.121,0.131,0.142,0.151,0.2,0.236,0.262,0.279,0.296,0.298,0.29,0.277,0.262,0.246,0.231,0.167
249.0,254.0,0.016,0.032,0.046,0.061,0.074,0.087,0.099,0.111,0.122,0.133,0.143,0.153,0.202,0.238,0.263,0.281,0.297,0.297,0.289,0.275,0.26,0.244,0.228,0.165
249.0,255.0,0.016,0.032,0.047,0.061,0.075,0.088,0.101,0.113,0.124,0.135,0.145,0.155,0.204,0.24,0.265,0.282,0.297,0.297,0.288,0.274,0.258,0.242,0.226,0.163
249.0,256.0,0.017,0.033,0.048,0.062,0.076,0.089,0.102,0.114,0.125,0.136,0.147,0.157,0.206,0.242,0.267,0.283,0.297,0.296,0.286,0.272,0.256,0.239,0.224,0.16
249.0,257.0,0.017,0.033,0.049,0.063,0.077,0.091,0.103,0.115,0.127,0.138,0.148,0.158,0.208,0.244,0.268,0.284,0.298,0.296,0.285,0.27,0.254,0.237,0.221,0.158
249.0,258.0,0.017,0.034,0.049,0.064,0.078,0.092,0.105,0.117,0.129,0.14,0.15,0.16,0.21,0.245,0.27,0.285,0.298,0.295,0.284,0.269,0.252,0.235,0.219,0.156
249.0,259.0,0.017,0.034,0.05,0.065,0.079,0.093,0.106,0.118,0.13,0.141,0.152,0.162,0.212,0.247,0.271,0.286,0.298,0.295,0.283,0.267,0.25,0.233,0.217,0.154
249.0,260.0,0.018,0.034,0.05,0.066,0.08,0.094,0.107,0.12,0.131,0.143,0.153,0.163,0.213,0.249,0.272,0.287,0.298,0.294,0.282,0.265,0.248,0.231,0.214,0.152
249.0,261.0,0.018,0.035,0.051,0.067,0.081,0.095,0.108,0.121,0.133,0.144,0.155,0.165,0.215,0.25,0.274,0.288,0.298,0.293,0.28,0.264,0.246,0.229,0.212,0.15
250.0,251.0,0.015,0.03,0.044,0.057,0.07,0.083,0.094,0.106,0.117,0.127,0.137,0.146,0.195,0.231,0.257,0.275,0.295,0.298,0.292,0.281,0.267,0.252,0.237,0.174
250.0,252.0,0.016,0.031,0.045,0.059,0.072,0.084,0.096,0.108,0.119,0.129,0.139,0.149,0.198,0.234,0.26,0.278,0.296,0.298,0.291,0.279,0.264,0.249,0.234,0.17
250.0,253.0,0.016,0.031,0.046,0.06,0.073,0.086,0.098,0.11,0.121,0.131,0.141,0.151,0.2,0.236,0.262,0.279,0.296,0.298,0.29,0.277,0.262,0.246,0.231,0.167
250.0,254.0,0.016,0.032,0.046,0.06,0.074,0.087,0.099,0.111,0.122,0.133,0.143,0.153,0.202,0.238,0.263,0.28,0.297,0.297,0.289,0.276,0.26,0.244,0.229,0.165
250.0,255.0,0.016,0.032,0.047,0.061,0.075,0.088,0.1,0.112,0.124,0.134,0.145,0.154,0.204,0.24,0.265,0.282,0.297,0.297,0.288,0.274,0.258,0.242,0.226,0.163
250.0,256.0,0.017,0.032,0.048,0.062,0.076,0.089,0.102,0.114,0.125,0.136,0.146,0.156,0.206,0.241,0.266,0.283,0.297,0.296,0.287,0.273,0.256,0.24,0.224,0.161
250.0,257.0,0.017,0.033,0.048,0.063,0.077,0.09,0.103,0.115,0.126,0.137,0.148,0.158,0.207,0.243,0.268,0.284,0.298,0.296,0.286,0.271,0.255,0.238,0.222,0.159
250.0,258.0,0.017,0.033,0.049,0.064,0.078,0.091,0.104,0.116,0.128,0.139,0.149,0.159,0.209,0.245,0.269,0.285,0.298,0.295,0.285,0.269,0.253,0.236,0.22,0.157
250.0,259.0,0.017,0.034,0.05,0.065,0.079,0.092,0.105,0.118,0.129,0.14,0.151,0.161,0.211,0.246,0.27,0.286,0.298,0.295,0.283,0.268,0.251,0.234,0.218,0.155
250.0,260.0,0.018,0.034,0.05,0.065,0.08,0.093,0.106,0.119,0.131,0.142,0.152,0.162,0.212,0.248,0.272,0.287,0.298,0.294,0.282,0.266,0.249,0.232,0.216,0.153
250.0,261.0,0.018,0.035,0.051,0.066,0.081,0.094,0.108,0.12,0.132,0.143,0.154,0.164,0.214,0.249,0.273,0.287,0.298,0.294,0.281,0.265,0.247,0.23,0.214,0.151
250.0,262.0,0.018,0.035,0.051,0.067,0.081,0.095,0.109,0.121,0.133,0.144,0.155,0.165,0.216,0.251,0.274,0.288,0.298,0.293,0.28,0.263,0.246,0.228,0.212,0.15
251.0,252.0,0.015,0.03,0.044,0.057,0.07,0.083,0.094,0.106,0.116,0.127,0.137,0.146,0.195,0.231,0.257,0.275,0.295,0.298,0.292,0.281,0.267,0.252,0.237,0.174
251.0,253.0,0.015,0.03,0.045,0.058,0.071,0.084,0.096,0.107,0.118,0.128,0.138,0.148,0.196,0.233,0.259,0.277,0.295,0.298,0.292,0.28,0.266,0.25,0.235,0.172
251.0,254.0,0.016,0.031,0.045,0.059,0.072,0.085,0.097,0.108,0.119,0.13,0.14,0.15,0.199,0.235,0.26,0.278,0.296,0.298,0.291,0.278,0.264,0.248,0.233,0.169
251.0,255.0,0.016,0.031,0.046,0.06,0.073,0.086,0.098,0.11,0.121,0.132,0.142,0.152,0.201,0.237,0.262,0.279,0.296,0.297,0.29,0.277,0.262,0.246,0.23,0.167
251.0,256.0,0.016,0.032,0.047,0.061,0.074,0.087,0.1,0.111,0.123,0.133,0.144,0.153,0.203,0.239,0.264,0.281,0.297,0.297,0.288,0.275,0.26,0.243,0.228,0.164
251.0,257.0,0.016,0.032,0.047,0.062,0.075,0.089,0.101,0.113,0.124,0.135,0.145,0.155,0.205,0.24,0.265,0.282,0.297,0.297,0.287,0.273,0.257,0.241,0.225,0.162
251.0,258.0,0.017,0.033,0.048,0.063,0.076,0.09,0.102,0.114,0.126,0.137,0.147,0.157,0.207,0.242,0.267,0.283,0.298,0.296,0.286,0.272,0.256,0.239,0.223,0.16
251.0,259.0,0.017,0.033,0.049,0.063,0.077,0.091,0.104,0.116,0.127,0.138,0.149,0.159,0.208,0.244,0.268,0.284,0.298,0.296,0.285,0.27,0.254,0.237,0.221,0.158
251.0,260.0,0.017,0.034,0.049,0.064,0.078,0.092,0.105,0.117,0.129,0.14,0.15,0.16,0.21,0.245,0.27,0.285,0.298,0.295,0.284,0.269,0.252,0.235,0.219,0.156
251.0,261.0,0.017,0.034,0.05,0.065,0.079,0.093,0.106,0.118,0.13,0.141,0.152,0.162,0.212,0.247,0.271,0.286,0.298,0.295,0.283,0.267,0.25,0.233,0.217,0.154
251.0,262.0,0.018,0.034,0.05,0.066,0.08,0.094,0.107,0.119,0.131,0.142,0.153,0.163,0.213,0.248,0.272,0.287,0.298,0.294,0.282,0.266,0.248,0.231,0.215,0.152
251.0,263.0,0.018,0.035,0.051,0.066,0.081,0.095,0.108,0.12,0.132,0.144,0.154,0.164,0.215,0.25,0.273,0.288,0.298,0.294,0.281,0.264,0.247,0.229,0.213,0.151
252.0,253.0,0.015,0.029,0.042,0.055,0.068,0.08,0.091,0.103,0.113,0.123,0.133,0.142,0.19,0.226,0.253,0.272,0.293,0.298,0.294,0.284,0.271,0.257,0.243,0.18
252.0,254.0,0.015,0.029,0.043,0.056,0.068,0.08,0.092,0.103,0.114,0.124,0.134,0.143,0.191,0.227,0.254,0.273,0.293,0.298,0.294,0.284,0.271,0.256,0.242,0.179
252.0,255.0,0.015,0.03,0.043,0.057,0.069,0.082,0.093,0.105,0.115,0.126,0.135,0.145,0.193,0.229,0.256,0.274,0.294,0.298,0.293,0.282,0.269,0.254,0.239,0.176
252.0,256.0,0.015,0.03,0.044,0.058,0.071,0.083,0.095,0.106,0.117,0.128,0.138,0.147,0.196,0.232,0.258,0.276,0.295,0.298,0.292,0.281,0.266,0.251,0.236,0.173
252.0,257.0,0.016,0.031,0.045,0.059,0.072,0.085,0.097,0.108,0.119,0.13,0.14,0.149,0.198,0.234,0.26,0.278,0.296,0.298,0.291,0.279,0.264,0.249,0.233,0.17
252.0,258.0,0.016,0.031,0.046,0.06,0.073,0.086,0.098,0.11,0.121,0.132,0.142,0.152,0.201,0.236,0.262,0.279,0.296,0.297,0.29,0.277,0.262,0.246,0.23,0.167
252.0,259.0,0.016,0.032,0.047,0.061,0.074,0.087,0.1,0.112,0.123,0.134,0.144,0.154,0.203,0.239,0.264,0.281,0.297,0.297,0.288,0.275,0.259,0.243,0.227,0.164
252.0,260.0,0.017,0.032,0.047,0.062,0.076,0.089,0.101,0.113,0.125,0.135,0.146,0.156,0.205,0.241,0.266,0.282,0.297,0.297,0.287,0.273,0.257,0.241,0.225,0.161
252.0,261.0,0.017,0.033,0.048,0.063,0.077,0.09,0.103,0.115,0.126,0.137,0.148,0.158,0.207,0.243,0.267,0.284,0.298,0.296,0.286,0.271,0.255,0.238,0.222,0.159
252.0,262.0,0.017,0.033,0.049,0.064,0.078,0.091,0.104,0.116,0.128,0.139,0.149,0.159,0.209,0.245,0.269,0.285,0.298,0.295,0.285,0.269,0.253,0.236,0.22,0.157
252.0,263.0,0.017,0.034,0.05,0.065,0.079,0.092,0.105,0.118,0.129,0.14,0.151,0.161,0.211,0.246,0.27,0.286,0.298,0.295,0.283,0.268,0.251,0.234,0.217,0.155
252.0,264.0,0.018,0.034,0.05,0.065,0.08,0.094,0.107,0.119,0.131,0.142,0.153,0.163,0.213,0.248,0.272,0.287,0.298,0.294,0.282,0.266,0.249,0.232,0.215,0.153
253.0,254.0,0.014,0.028,0.041,0.054,0.066,0.078,0.089,0.1,0.11,0.12,0.13,0.139,0.186,0.222,0.249,0.269,0.291,0.298,0.296,0.287,0.275,0.261,0.247,0.185
253.0,255.0,0.015,0.028,0.042,0.055,0.067,0.079,0.09,0.101,0.112,0.122,0.131,0.141,0.188,0.224,0.251,0.271,0.292,0.298,0.295,0.286,0.273,0.259,0.245,0.182
253.0,256.0,0.015,0.029,0.043,0.056,0.069,0.081,0.092,0.103,0.114,0.124,0.134,0.143,0.191,0.228,0.254,0.273,0.294,0.298,0.294,0.283,0.27,0.256,0.241,0.178
253.0,257.0,0.015,0.03,0.044,0.057,0.07,0.083,0.095,0.106,0.117,0.127,0.137,0.147,0.195,0.231,0.257,0.276,0.295,0.298,0.292,0.281,0.267,0.252,0.237,0.174
253.0,258.0,0.016,0.031,0.045,0.059,0.072,0.085,0.097,0.109,0.12,0.13,0.14,0.15,0.199,0.235,0.26,0.278,0.296,0.298,0.291,0.278,0.264,0.248,0.233,0.169
253.0,259.0,0.016,0.032,0.046,0.061,0.074,0.087,0.099,0.111,0.122,0.133,0.143,0.153,0.202,0.238,0.263,0.281,0.297,0.297,0.289,0.275,0.26,0.244,0.228,0.165
253.0,260.0,0.017,0.033,0.048,0.062,0.076,0.089,0.102,0.114,0.125,0.136,0.146,0.156,0.206,0.241,0.266,0.283,0.297,0.296,0.287,0.272,0.256,0.24,0.224,0.161
253.0,261.0,0.017,0.033,0.049,0.064,0.078,0.091,0.104,0.116,0.128,0.139,0.149,0.159,0.209,0.245,0.269,0.285,0.298,0.296,0.285,0.27,0.253,0.236,0.22,0.157
253.0,262.0,0.017,0.034,0.05,0.065,0.079,0.093,0.106,0.118,0.13,0.141,0.152,0.162,0.212,0.247,0.271,0.286,0.298,0.295,0.283,0.267,0.25,0.232,0.216,0.153
253.0,263.0,0.018,0.035,0.051,0.066,0.081,0.095,0.108,0.121,0.133,0.144,0.155,0.165,0.215,0.25,0.273,0.288,0.298,0.294,0.281,0.264,0.246,0.229,0.213,0.15
253.0,264.0,0.018,0.036,0.052,0.068,0.082,0.097,0.11,0.123,0.135,0.146,0.157,0.167,0.217,0.252,0.275,0.289,0.298,0.292,0.279,0.262,0.244,0.226,0.209,0.147
253.0,265.0,0.019,0.036,0.053,0.069,0.084,0.098,0.112,0.125,0.137,0.148,0.159,0.169,0.22,0.254,0.277,0.29,0.298,0.291,0.277,0.259,0.241,0.223,0.206,0.145
254.0,255.0,0.014,0.028,0.041,0.054,0.066,0.078,0.089,0.1,0.111,0.121,0.13,0.139,0.187,0.223,0.25,0.269,0.292,0.298,0.295,0.286,0.274,0.261,0.247,0.184
254.0,256.0,0.015,0.029,0.042,0.055,0.068,0.079,0.091,0.102,0.112,0.122,0.132,0.141,0.189,0.225,0.252,0.271,0.293,0.298,0.295,0.285,0.272,0.258,0.244,0.181
254.0,257.0,0.015,0.029,0.043,0.056,0.069,0.081,0.093,0.104,0.115,0.125,0.135,0.144,0.192,0.228,0.255,0.273,0.294,0.298,0.293,0.283,0.27,0.255,0.241,0.177
254.0,258.0,0.015,0.03,0.044,0.057,0.07,0.083,0.095,0.106,0.117,0.127,0.137,0.147,0.195,0.231,0.257,0.276,0.295,0.298,0.292,0.281,0.267,0.252,0.237,0.174
254.0,259.0,0.016,0.031,0.045,0.059,0.072,0.085,0.097,0.108,0.119,0.13,0.14,0.149,0.198,0.234,0.26,0.278,0.296,0.298,0.291,0.279,0.264,0.249,0.233,0.17
254.0,260.0,0.016,0.031,0.046,0.06,0.073,0.086,0.098,0.11,0.121,0.132,0.142,0.152,0.201,0.237,0.262,0.28,0.296,0.297,0.289,0.277,0.261,0.246,0.23,0.167
254.0,261.0,0.016,0.032,0.047,0.061,0.075,0.088,0.1,0.112,0.123,0.134,0.144,0.154,0.204,0.239,0.265,0.281,0.297,0.297,0.288,0.274,0.259,0.242,0.227,0.163
254.0,262.0,0.017,0.033,0.048,0.062,0.076,0.089,0.102,0.114,0.126,0.136,0.147,0.157,0.206,0.242,0.267,0.283,0.297,0.296,0.286,0.272,0.256,0.239,0.223,0.16
254.0,263.0,0.017,0.033,0.049,0.063,0.078,0.091,0.104,0.116,0.127,0.138,0.149,0.159,0.209,0.244,0.269,0.284,0.298,0.296,0.285,0.27,0.253,0.237,0.22,0.157
254.0,264.0,0.017,0.034,0.05,0.065,0.079,0.092,0.105,0.118,0.129,0.14,0.151,0.161,0.211,0.246,0.27,0.286,0.298,0.295,0.283,0.268,0.251,0.234,0.218,0.155
254.0,265.0,0.018,0.034,0.05,0.066,0.08,0.094,0.107,0.119,0.131,0.142,0.153,0.163,0.213,0.248,0.272,0.287,0.298,0.294,0.282,0.266,0.248,0.231,0.215,0.152
254.0,266.0,0.018,0.035,0.051,0.066,0.081,0.095,0.108,0.121,0.133,0.144,0.155,0.165,0.215,0.25,0.274,0.288,0.298,0.293,0.28,0.264,0.246,0.229,0.212,0.15
255.0,256.0,0.015,0.029,0.043,0.056,0.068,0.08,0.092,0.103,0.113,0.123,0.133,0.143,0.19,0.227,0.253,0.272,0.293,0.298,0.294,0.284,0.271,0.257,0.242,0.179
255.0,257.0,0.015,0.03,0.044,0.057,0.07,0.083,0.095,0.106,0.117,0.127,0.137,0.147,0.195,0.231,0.257,0.276,0.295,0.298,0.292,0.281,0.267,0.252,0.237,0.174
255.0,258.0,0.016,0.031,0.045,0.059,0.072,0.085,0.097,0.108,0.119,0.13,0.14,0.15,0.198,0.234,0.26,0.278,0.296,0.298,0.291,0.278,0.264,0.248,0.233,0.17
255.0,259.0,0.016,0.031,0.046,0.06,0.074,0.086,0.099,0.11,0.121,0.132,0.142,0.152,0.201,0.237,0.262,0.28,0.296,0.297,0.289,0.276,0.261,0.245,0.23,0.166
255.0,260.0,0.016,0.032,0.047,0.061,0.075,0.088,0.1,0.112,0.123,0.134,0.144,0.154,0.203,0.239,0.264,0.281,0.297,0.297,0.288,0.274,0.259,0.243,0.227,0.164
255.0,261.0,0.017,0.032,0.048,0.062,0.076,0.089,0.101,0.113,0.125,0.136,0.146,0.156,0.205,0.241,0.266,0.283,0.297,0.297,0.287,0.273,0.257,0.24,0.224,0.161
255.0,262.0,0.017,0.033,0.048,0.063,0.077,0.09,0.103,0.115,0.126,0.137,0.148,0.158,0.207,0.243,0.268,0.284,0.298,0.296,0.286,0.271,0.255,0.238,0.222,0.159
255.0,263.0,0.017,0.033,0.049,0.064,0.078,0.091,0.104,0.116,0.128,0.139,0.149,0.159,0.209,0.244,0.269,0.285,0.298,0.296,0.285,0.27,0.253,0.236,0.22,0.157
255.0,264.0,0.017,0.034,0.049,0.064,0.079,0.092,0.105,0.117,0.129,0.14,0.151,0.161,0.21,0.246,0.27,0.286,0.298,0.295,0.284,0.268,0.251,0.234,0.218,0.155
255.0,265.0,0.017,0.034,0.05,0.065,0.079,0.093,0.106,0.118,0.13,0.141,0.152,0.162,0.212,0.247,0.271,0.286,0.298,0.295,0.283,0.267,0.25,0.233,0.216,0.154
255.0,266.0,0.018,0.034,0.05,0.066,0.08,0.094,0.107,0.119,0.131,0.143,0.153,0.163,0.213,0.249,0.272,0.287,0.298,0.294,0.282,0.266,0.248,0.231,0.215,0.152
255.0,267.0,0.018,0.035,0.051,0.066,0.081,0.095,0.108,0.12,0.132,0.144,0.154,0.164,0.215,0.25,0.273,0.288,0.298,0.294,0.281,0.264,0.247,0.229,0.213,0.151
256.0,257.0,0.015,0.029,0.043,0.057,0.069,0.082,0.093,0.105,0.115,0.126,0.135,0.145,0.193,0.229,0.255,0.274,0.294,0.298,0.293,0.282,0.269,0.254,0.239,0.176
256.0,258.0,0.016,0.031,0.045,0.059,0.072,0.085,0.097,0.108,0.119,0.13,0.14,0.149,0.198,0.234,0.26,0.278,0.296,0.298,0.291,0.279,0.264,0.248,0.233,0.17
256.0,259.0,0.016,0.032,0.047,0.061,0.074,0.087,0.1,0.112,0.123,0.134,0.144,0.154,0.203,0.239,0.264,0.281,0.297,0.297,0.288,0.275,0.259,0.243,0.227,0.164
256.0,260.0,0.017,0.033,0.048,0.063,0.077,0.09,0.102,0.114,0.126,0.137,0.147,0.157,0.207,0.242,0.267,0.283,0.298,0.296,0.286,0.272,0.255,0.239,0.223,0.16
256.0,261.0,0.017,0.034,0.049,0.064,0.078,0.092,0.105,0.117,0.128,0.14,0.15,0.16,0.21,0.245,0.27,0.285,0.298,0.295,0.284,0.269,0.252,0.235,0.219,0.156
256.0,262.0,0.018,0.034,0.05,0.065,0.08,0.093,0.106,0.119,0.131,0.142,0.152,0.162,0.212,0.248,0.272,0.287,0.298,0.294,0.282,0.266,0.249,0.232,0.216,0.153
256.0,263.0,0.018,0.035,0.051,0.066,0.081,0.095,0.108,0.121,0.132,0.144,0.154,0.165,0.215,0.25,0.273,0.288,0.298,0.294,0.281,0.264,0.247,0.229,0.213,0.15
256.0,264.0,0.018,0.035,0.052,0.067,0.082,0.096,0.109,0.122,0.134,0.145,0.156,0.166,0.217,0.252,0.275,0.289,0.298,0.293,0.279,0.262,0.244,0.227,0.21,0.148
256.0,265.0,0.018,0.036,0.052,0.068,0.083,0.097,0.111,0.123,0.135,0.147,0.158,0.168,0.218,0.253,0.276,0.29,0.298,0.292,0.278,0.261,0.243,0.225,0.208,0.146
256.0,266.0,0.019,0.036,0.053,0.069,0.084,0.098,0.112,0.125,0.137,0.148,0.159,0.169,0.22,0.254,0.277,0.29,0.298,0.291,0.277,0.259,0.241,0.223,0.206,0.145
256.0,267.0,0.019,0.037,0.053,0.069,0.085,0.099,0.113,0.126,0.138,0.149,0.16,0.171,0.221,0.256,0.278,0.291,0.298,0.291,0.276,0.258,0.239,0.221,0.205,0.143
256.0,268.0,0.019,0.037,0.054,0.07,0.085,0.1,0.114,0.127,0.139,0.15,0.161,0.172,0.222,0.257,0.279,0.291,0.298,0.29,0.275,0.257,0.238,0.22,0.203,0.142
257.0,258.0,0.015,0.03,0.044,0.058,0.071,0.083,0.095,0.106,0.117,0.128,0.138,0.147,0.196,0.232,0.258,0.276,0.295,0.298,0.292,0.281,0.266,0.251,0.236,0.173
257.0,259.0,0.016,0.031,0.046,0.06,0.073,0.086,0.098,0.109,0.121,0.131,0.141,0.151,0.2,0.236,0.262,0.279,0.296,0.298,0.29,0.277,0.262,0.247,0.231,0.168
257.0,260.0,0.016,0.032,0.047,0.061,0.075,0.088,0.101,0.112,0.124,0.135,0.145,0.155,0.204,0.24,0.265,0.282,0.297,0.297,0.288,0.274,0.258,0.242,0.226,0.163
257.0,261.0,0.017,0.033,0.048,0.063,0.077,0.09,0.103,0.115,0.127,0.138,0.148,0.158,0.208,0.243,0.268,0.284,0.298,0.296,0.286,0.271,0.254,0.238,0.222,0.159
257.0,262.0,0.017,0.034,0.049,0.064,0.079,0.092,0.105,0.117,0.129,0.14,0.151,0.161,0.211,0.246,0.27,0.286,0.298,0.295,0.284,0.268,0.251,0.234,0.218,0.155
257.0,263.0,0.018,0.034,0.05,0.066,0.08,0.094,0.107,0.119,0.131,0.142,0.153,0.163,0.213,0.248,0.272,0.287,0.298,0.294,0.282,0.266,0.248,0.231,0.215,0.152
257.0,264.0,0.018,0.035,0.051,0.067,0.081,0.095,0.108,0.121,0.133,0.144,0.155,0.165,0.215,0.25,0.274,0.288,0.298,0.293,0.28,0.264,0.246,0.229,0.212,0.15
257.0,265.0,0.018,0.035,0.052,0.067,0.082,0.096,0.11,0.122,0.134,0.146,0.156,0.167,0.217,0.252,0.275,0.289,0.298,0.293,0.279,0.262,0.244,0.227,0.21,0.148
257.0,266.0,0.018,0.036,0.052,0.068,0.083,0.097,0.111,0.123,0.136,0.147,0.158,0.168,0.218,0.253,0.276,0.29,0.298,0.292,0.278,0.261,0.242,0.225,0.208,0.146
257.0,267.0,0.019,0.036,0.053,0.069,0.084,0.098,0.112,0.125,0.137,0.148,0.159,0.169,0.22,0.254,0.277,0.29,0.298,0.291,0.277,0.259,0.241,0.223,0.206,0.145
257.0,268.0,0.019,0.037,0.053,0.069,0.085,0.099,0.113,0.126,0.138,0.149,0.16,0.171,0.221,0.256,0.278,0.291,0.298,0.291,0.276,0.258,0.239,0.221,0.205,0.143
257.0,269.0,0.019,0.037,0.054,0.07,0.085,0.1,0.114,0.126,0.139,0.15,0.161,0.172,0.222,0.257,0.279,0.291,0.298,0.29,0.275,0.257,0.238,0.22,0.203,0.142
258.0,259.0,0.015,0.03,0.044,0.057,0.07,0.082,0.094,0.105,0.116,0.126,0.136,0.145,0.194,0.23,0.256,0.275,0.294,0.298,0.293,0.282,0.268,0.253,0.238,0.175
258.0,260.0,0.016,0.03,0.045,0.058,0.072,0.084,0.096,0.108,0.118,0.129,0.139,0.148,0.197,0.233,0.259,0.277,0.295,0.298,0.291,0.279,0.265,0.25,0.234,0.171
258.0,261.0,0.016,0.031,0.046,0.06,0.074,0.086,0.099,0.11,0.122,0.132,0.142,0.152,0.201,0.237,0.263,0.28,0.296,0.297,0.289,0.276,0.261,0.245,0.23,0.166
258.0,262.0,0.017,0.032,0.047,0.062,0.076,0.089,0.101,0.113,0.125,0.135,0.146,0.155,0.205,0.241,0.266,0.282,0.297,0.297,0.287,0.273,0.257,0.241,0.225,0.162
258.0,263.0,0.017,0.033,0.049,0.063,0.077,0.091,0.103,0.116,0.127,0.138,0.149,0.158,0.208,0.244,0.268,0.284,0.298,0.296,0.285,0.27,0.254,0.237,0.221,0.158
258.0,264.0,0.017,0.034,0.05,0.065,0.079,0.092,0.105,0.118,0.129,0.141,0.151,0.161,0.211,0.246,0.27,0.286,0.298,0.295,0.283,0.268,0.251,0.234,0.217,0.155
258.0,265.0,0.018,0.034,0.05,0.066,0.08,0.094,0.107,0.12,0.131,0.143,0.153,0.163,0.213,0.249,0.272,0.287,0.298,0.294,0.282,0.265,0.248,0.231,0.214,0.152
258.0,266.0,0.018,0.035,0.051,0.067,0.081,0.095,0.109,0.121,0.133,0.144,0.155,0.165,0.216,0.251,0.274,0.288,0.298,0.293,0.28,0.263,0.246,0.228,0.212,0.149
258.0,267.0,0.018,0.036,0.052,0.068,0.083,0.097,0.11,0.123,0.135,0.146,0.157,0.167,0.217,0.252,0.275,0.289,0.298,0.292,0.279,0.262,0.243,0.226,0.209,0.147
258.0,268.0,0.018,0.036,0.053,0.068,0.083,0.098,0.111,0.124,0.136,0.148,0.158,0.169,0.219,0.254,0.276,0.29,0.298,0.292,0.277,0.26,0.242,0.224,0.207,0.146
258.0,269.0,0.019,0.036,0.053,0.069,0.084,0.099,0.112,0.125,0.137,0.149,0.16,0.17,0.221,0.255,0.278,0.291,0.298,0.291,0.276,0.258,0.24,0.222,0.205,0.144
258.0,270.0,0.019,0.037,0.054,0.07,0.085,0.1,0.113,0.126,0.139,0.15,0.161,0.172,0.222,0.256,0.278,0.291,0.298,0.29,0.275,0.257,0.238,0.22,0.204,0.142
259.0,260.0,0.015,0.029,0.043,0.056,0.068,0.08,0.092,0.103,0.113,0.123,0.133,0.143,0.19,0.227,0.253,0.272,0.293,0.298,0.294,0.284,0.271,0.257,0.242,0.179
259.0,261.0,0.015,0.029,0.043,0.056,0.069,0.081,0.093,0.104,0.115,0.125,0.135,0.144,0.192,0.228,0.255,0.274,0.294,0.298,0.293,0.283,0.27,0.255,0.24,0.177
259.0,262.0,0.015,0.03,0.044,0.058,0.071,0.083,0.095,0.107,0.118,0.128,0.138,0.148,0.196,0.232,0.258,0.276,0.295,0.298,0.292,0.28,0.266,0.251,0.236,0.172
259.0,263.0,0.016,0.031,0.046,0.06,0.073,0.086,0.098,0.11,0.121,0.132,0.142,0.151,0.2,0.236,0.262,0.279,0.296,0.298,0.29,0.277,0.262,0.246,0.23,0.167
259.0,264.0,0.017,0.032,0.047,0.062,0.076,0.089,0.101,0.113,0.124,0.135,0.146,0.155,0.205,0.241,0.266,0.282,0.297,0.297,0.287,0.273,0.257,0.241,0.225,0.162
259.0,265.0,0.017,0.033,0.049,0.064,0.078,0.091,0.104,0.116,0.128,0.139,0.149,0.159,0.209,0.245,0.269,0.285,0.298,0.296,0.285,0.27,0.253,0.236,0.22,0.157
259.0,266.0,0.018,0.034,0.05,0.065,0.08,0.094,0.107,0.119,0.131,0.142,0.153,0.163,0.213,0.248,0.272,0.287,0.298,0.294,0.282,0.266,0.249,0.232,0.215,0.153
259.0,267.0,0.018,0.035,0.052,0.067,0.082,0.096,0.109,0.122,0.134,0.145,0.156,0.166,0.216,0.251,0.274,0.289,0.298,0.293,0.28,0.263,0.245,0.227,0.211,0.149
259.0,268.0,0.018,0.036,0.053,0.069,0.084,0.098,0.111,0.124,0.136,0.148,0.159,0.169,0.219,0.254,0.277,0.29,0.298,0.292,0.277,0.26,0.241,0.224,0.207,0.145
259.0,269.0,0.019,0.037,0.054,0.07,0.085,0.1,0.113,0.126,0.139,0.15,0.161,0.172,0.222,0.256,0.278,0.291,0.298,0.29,0.275,0.257,0.238,0.22,0.204,0.142
259.0,270.0,0.019,0.037,0.055,0.071,0.087,0.101,0.115,0.128,0.141,0.152,0.163,0.174,0.225,0.259,0.28,0.292,0.298,0.289,0.273,0.254,0.235,0.217,0.2,0.14
259.0,271.0,0.02,0.038,0.056,0.072,0.088,0.103,0.117,0.13,0.143,0.154,0.166,0.176,0.227,0.26,0.282,0.293,0.298,0.288,0.271,0.252,0.233,0.214,0.198,0.137
260.0,261.0,0.014,0.027,0.04,0.052,0.064,0.075,0.086,0.096,0.107,0.116,0.126,0.135,0.181,0.217,0.245,0.265,0.289,0.298,0.297,0.29,0.279,0.266,0.253,0.191
260.0,262.0,0.014,0.028,0.041,0.053,0.065,0.077,0.088,0.098,0.109,0.118,0.128,0.137,0.184,0.22,0.247,0.267,0.29,0.298,0.296,0.288,0.277,0.263,0.25,0.187
260.0,263.0,0.015,0.029,0.042,0.055,0.068,0.08,0.091,0.102,0.113,0.123,0.132,0.142,0.19,0.226,0.252,0.272,0.293,0.298,0.294,0.285,0.272,0.258,0.243,0.18
260.0,264.0,0.015,0.03,0.044,0.058,0.07,0.083,0.095,0.106,0.117,0.127,0.137,0.147,0.195,0.231,0.257,0.276,0.295,0.298,0.292,0.281,0.267,0.252,0.237,0.174
260.0,265.0,0.016,0.031,0.046,0.06,0.073,0.086,0.098,0.109,0.121,0.131,0.141,0.151,0.2,0.236,0.261,0.279,0.296,0.298,0.29,0.277,0.262,0.247,0.231,0.168
260.0,266.0,0.016,0.032,0.047,0.061,0.075,0.088,0.1,0.112,0.124,0.134,0.145,0.154,0.204,0.24,0.265,0.282,0.297,0.297,0.288,0.274,0.258,0.242,0.226,0.163
260.0,267.0,0.017,0.033,0.048,0.063,0.077,0.09,0.103,0.115,0.126,0.137,0.148,0.157,0.207,0.243,0.267,0.284,0.298,0.296,0.286,0.271,0.255,0.238,0.222,0.159
260.0,268.0,0.017,0.034,0.049,0.064,0.078,0.092,0.105,0.117,0.128,0.139,0.15,0.16,0.21,0.245,0.269,0.285,0.298,0.295,0.284,0.269,0.252,0.235,0.219,0.156
260.0,269.0,0.017,0.034,0.05,0.065,0.079,0.093,0.106,0.118,0.13,0.141,0.152,0.162,0.212,0.247,0.271,0.286,0.298,0.295,0.283,0.267,0.25,0.233,0.216,0.154
260.0,270.0,0.018,0.035,0.051,0.066,0.08,0.094,0.107,0.12,0.132,0.143,0.154,0.164,0.214,0.249,0.273,0.287,0.298,0.294,0.281,0.265,0.248,0.23,0.214,0.151
260.0,271.0,0.018,0.035,0.051,0.067,0.081,0.095,0.109,0.121,0.133,0.144,0.155,0.165,0.216,0.251,0.274,0.288,0.298,0.293,0.28,0.263,0.246,0.228,0.212,0.15
260.0,272.0,0.018,0.035,0.052,0.067,0.082,0.096,0.11,0.122,0.134,0.146,0.157,0.167,0.217,0.252,0.275,0.289,0.298,0.293,0.279,0.262,0.244,0.226,0.21,0.148
261.0,262.0,0.013,0.026,0.038,0.05,0.062,0.073,0.083,0.093,0.103,0.113,0.122,0.131,0.177,0.213,0.24,0.261,0.287,0.297,0.298,0.292,0.282,0.271,0.258,0.197
261.0,263.0,0.014,0.027,0.04,0.052,0.064,0.075,0.086,0.096,0.107,0.116,0.126,0.134,0.181,0.217,0.245,0.265,0.289,0.298,0.297,0.29,0.279,0.266,0.253,0.191
261.0,264.0,0.014,0.028,0.042,0.054,0.067,0.079,0.09,0.101,0.111,0.121,0.131,0.14,0.188,0.224,0.251,0.27,0.292,0.298,0.295,0.286,0.274,0.26,0.246,0.183
261.0,265.0,0.015,0.03,0.044,0.057,0.07,0.082,0.094,0.105,0.116,0.126,0.136,0.146,0.194,0.23,0.256,0.275,0.294,0.298,0.293,0.282,0.268,0.253,0.238,0.175
261.0,266.0,0.016,0.031,0.045,0.059,0.073,0.085,0.097,0.109,0.12,0.131,0.141,0.15,0.199,0.235,0.261,0.279,0.296,0.298,0.29,0.278,0.263,0.247,0.232,0.168
261.0,267.0,0.016,0.032,0.047,0.061,0.075,0.088,0.1,0.112,0.123,0.134,0.144,0.154,0.204,0.239,0.265,0.281,0.297,0.297,0.288,0.274,0.259,0.242,0.227,0.163
261.0,268.0,0.017,0.033,0.048,0.063,0.077,0.09,0.103,0.115,0.126,0.137,0.148,0.157,0.207,0.243,0.267,0.284,0.298,0.296,0.286,0.271,0.255,0.238,0.222,0.159
261.0,269.0,0.017,0.034,0.049,0.064,0.078,0.092,0.105,0.117,0.129,0.14,0.15,0.16,0.21,0.246,0.27,0.285,0.298,0.295,0.284,0.269,0.252,0.235,0.219,0.156
261.0,270.0,0.018,0.034,0.05,0.065,0.08,0.093,0.106,0.119,0.131,0.142,0.152,0.162,0.213,0.248,0.272,0.287,0.298,0.294,0.282,0.266,0.249,0.232,0.216,0.153
261.0,271.0,0.018,0.035,0.051,0.066,0.081,0.095,0.108,0.12,0.132,0.144,0.154,0.164,0.215,0.25,0.273,0.288,0.298,0.294,0.281,0.264,0.247,0.229,0.213,0.151
261.0,272.0,0.018,0.035,0.052,0.067,0.082,0.096,0.109,0.122,0.134,0.145,0.156,0.166,0.216,0.251,0.275,0.289,0.298,0.293,0.279,0.263,0.245,0.227,0.211,0.149
261.0,273.0,0.018,0.036,0.052,0.068,0.083,0.097,0.11,0.123,0.135,0.147,0.157,0.168,0.218,0.253,0.276,0.289,0.298,0.292,0.278,0.261,0.243,0.225,0.209,0.147
262.0,263.0,0.013,0.026,0.038,0.049,0.061,0.072,0.082,0.092,0.102,0.111,0.12,0.129,0.175,0.21,0.238,0.259,0.286,0.297,0.298,0.293,0.284,0.272,0.26,0.199
262.0,264.0,0.014,0.027,0.039,0.051,0.063,0.074,0.085,0.095,0.105,0.115,0.124,0.133,0.179,0.215,0.243,0.263,0.288,0.298,0.297,0.291,0.28,0.268,0.255,0.193
262.0,265.0,0.014,0.028,0.041,0.054,0.066,0.078,0.089,0.1,0.11,0.12,0.129,0.139,0.186,0.222,0.249,0.269,0.291,0.298,0.296,0.287,0.275,0.262,0.248,0.185
262.0,266.0,0.015,0.029,0.043,0.056,0.069,0.081,0.093,0.104,0.115,0.125,0.135,0.144,0.192,0.229,0.255,0.274,0.294,0.298,0.293,0.283,0.269,0.255,0.24,0.177
262.0,267.0,0.016,0.031,0.045,0.059,0.072,0.085,0.097,0.108,0.119,0.13,0.14,0.15,0.198,0.234,0.26,0.278,0.296,0.298,0.291,0.278,0.264,0.248,0.233,0.169
262.0,268.0,0.016,0.032,0.047,0.061,0.075,0.088,0.1,0.112,0.123,0.134,0.144,0.154,0.204,0.239,0.265,0.281,0.297,0.297,0.288,0.274,0.259,0.242,0.227,0.163
262.0,269.0,0.017,0.033,0.048,0.063,0.077,0.09,0.103,0.115,0.127,0.138,0.148,0.158,0.208,0.243,0.268,0.284,0.298,0.296,0.285,0.271,0.254,0.237,0.221,0.158
262.0,270.0,0.017,0.034,0.05,0.065,0.079,0.093,0.106,0.118,0.13,0.141,0.151,0.162,0.211,0.247,0.271,0.286,0.298,0.295,0.283,0.267,0.25,0.233,0.217,0.154
262.0,271.0,0.018,0.035,0.051,0.066,0.081,0.095,0.108,0.12,0.132,0.144,0.154,0.164,0.215,0.25,0.273,0.288,0.298,0.294,0.281,0.264,0.247,0.229,0.213,0.151
262.0,272.0,0.018,0.035,0.052,0.068,0.082,0.096,0.11,0.123,0.135,0.146,0.157,0.167,0.217,0.252,0.275,0.289,0.298,0.293,0.279,0.262,0.244,0.226,0.21,0.148
262.0,273.0,0.019,0.036,0.053,0.069,0.084,0.098,0.112,0.124,0.136,0.148,0.159,0.169,0.22,0.254,0.277,0.29,0.298,0.292,0.277,0.259,0.241,0.223,0.207,0.145
262.0,274.0,0.019,0.037,0.054,0.07,0.085,0.099,0.113,0.126,0.138,0.15,0.161,0.171,0.222,0.256,0.278,0.291,0.298,0.291,0.275,0.257,0.239,0.221,0.204,0.143
263.0,264.0,0.012,0.024,0.036,0.047,0.058,0.068,0.079,0.088,0.098,0.107,0.116,0.124,0.169,0.204,0.232,0.254,0.282,0.295,0.298,0.295,0.288,0.277,0.266,0.207
263.0,265.0,0.013,0.025,0.038,0.049,0.06,0.071,0.082,0.092,0.102,0.111,0.12,0.129,0.174,0.21,0.238,0.259,0.285,0.297,0.298,0.293,0.284,0.273,0.26,0.2
263.0,266.0,0.014,0.027,0.04,0.052,0.064,0.076,0.087,0.097,0.107,0.117,0.126,0.135,0.182,0.218,0.245,0.266,0.29,0.298,0.297,0.289,0.278,0.265,0.252,0.19
263.0,267.0,0.015,0.029,0.042,0.055,0.068,0.08,0.091,0.102,0.113,0.123,0.133,0.142,0.19,0.226,0.252,0.272,0.293,0.298,0.294,0.285,0.272,0.258,0.243,0.18
263.0,268.0,0.015,0.03,0.044,0.058,0.071,0.083,0.095,0.107,0.118,0.128,0.138,0.147,0.196,0.232,0.258,0.276,0.295,0.298,0.292,0.28,0.266,0.251,0.236,0.172
263.0,269.0,0.016,0.031,0.046,0.06,0.074,0.086,0.099,0.11,0.122,0.132,0.142,0.152,0.201,0.237,0.263,0.28,0.296,0.297,0.289,0.276,0.261,0.245,0.23,0.166
263.0,270.0,0.017,0.032,0.048,0.062,0.076,0.089,0.101,0.113,0.125,0.136,0.146,0.156,0.205,0.241,0.266,0.282,0.297,0.297,0.287,0.273,0.257,0.24,0.225,0.161
263.0,271.0,0.017,0.033,0.049,0.063,0.078,0.091,0.104,0.116,0.127,0.138,0.149,0.159,0.209,0.244,0.269,0.284,0.298,0.296,0.285,0.27,0.253,0.237,0.22,0.157
263.0,272.0,0.017,0.034,0.05,0.065,0.079,0.093,0.106,0.118,0.13,0.141,0.151,0.161,0.211,0.247,0.271,0.286,0.298,0.295,0.283,0.267,0.25,0.233,0.217,0.154
263.0,273.0,0.018,0.035,0.051,0.066,0.08,0.094,0.107,0.12,0.132,0.143,0.153,0.164,0.214,0.249,0.273,0.287,0.298,0.294,0.281,0.265,0.248,0.23,0.214,0.152
263.0,274.0,0.018,0.035,0.051,0.067,0.081,0.095,0.109,0.121,0.133,0.145,0.155,0.165,0.216,0.251,0.274,0.288,0.298,0.293,0.28,0.263,0.246,0.228,0.212,0.149
263.0,275.0,0.018,0.036,0.052,0.068,0.082,0.097,0.11,0.123,0.135,0.146,0.157,0.167,0.217,0.252,0.275,0.289,0.298,0.292,0.279,0.262,0.244,0.226,0.209,0.148
264.0,265.0,0.013,0.025,0.038,0.049,0.06,0.071,0.082,0.092,0.101,0.111,0.12,0.128,0.174,0.21,0.238,0.259,0.285,0.297,0.298,0.293,0.284,0.273,0.26,0.2
264.0,266.0,0.014,0.027,0.04,0.052,0.064,0.075,0.086,0.096,0.107,0.116,0.126,0.135,0.181,0.217,0.245,0.265,0.289,0.298,0.297,0.29,0.279,0.266,0.253,0.191
264.0,267.0,0.014,0.028,0.042,0.055,0.067,0.079,0.09,0.101,0.112,0.122,0.131,0.14,0.188,0.224,0.251,0.27,0.292,0.298,0.295,0.286,0.273,0.259,0.245,0.182
264.0,268.0,0.015,0.03,0.044,0.057,0.07,0.082,0.094,0.105,0.116,0.126,0.136,0.146,0.194,0.23,0.256,0.275,0.294,0.298,0.293,0.282,0.268,0.253,0.238,0.175
264.0,269.0,0.016,0.031,0.045,0.059,0.072,0.085,0.097,0.109,0.12,0.13,0.14,0.15,0.199,0.235,0.26,0.278,0.296,0.298,0.291,0.278,0.264,0.248,0.233,0.169
264.0,270.0,0.016,0.032,0.047,0.061,0.074,0.087,0.1,0.111,0.123,0.133,0.143,0.153,0.202,0.238,0.264,0.281,0.297,0.297,0.289,0.275,0.26,0.244,0.228,0.165
264.0,271.0,0.017,0.032,0.048,0.062,0.076,0.089,0.102,0.114,0.125,0.136,0.146,0.156,0.206,0.241,0.266,0.283,0.297,0.296,0.287,0.273,0.257,0.24,0.224,0.161
264.0,272.0,0.017,0.033,0.049,0.063,0.077,0.091,0.103,0.115,0.127,0.138,0.148,0.158,0.208,0.244,0.268,0.284,0.298,0.296,0.285,0.27,0.254,0.237,0.221,0.158
264.0,273.0,0.017,0.034,0.049,0.064,0.078,0.092,0.105,0.117,0.129,0.14,0.15,0.16,0.21,0.246,0.27,0.285,0.298,0.295,0.284,0.268,0.252,0.235,0.218,0.156
264.0,274.0,0.017,0.034,0.05,0.065,0.079,0.093,0.106,0.119,0.13,0.141,0.152,0.162,0.212,0.247,0.271,0.286,0.298,0.295,0.283,0.267,0.25,0.232,0.216,0.153
264.0,275.0,0.018,0.035,0.051,0.066,0.08,0.094,0.107,0.12,0.132,0.143,0.153,0.164,0.214,0.249,0.272,0.287,0.298,0.294,0.281,0.265,0.248,0.23,0.214,0.152
264.0,276.0,0.018,0.035,0.051,0.066,0.081,0.095,0.108,0.121,0.133,0.144,0.155,0.165,0.215,0.25,0.274,0.288,0.298,0.293,0.28,0.264,0.246,0.229,0.212,0.15
265.0,266.0,0.013,0.026,0.038,0.05,0.062,0.073,0.084,0.094,0.104,0.113,0.122,0.131,0.177,0.213,0.241,0.262,0.287,0.297,0.298,0.292,0.282,0.27,0.257,0.196
265.0,267.0,0.014,0.028,0.04,0.053,0.065,0.077,0.088,0.098,0.109,0.118,0.128,0.137,0.184,0.22,0.247,0.267,0.29,0.298,0.296,0.288,0.277,0.264,0.25,0.187
265.0,268.0,0.015,0.029,0.042,0.056,0.068,0.08,0.092,0.103,0.113,0.123,0.133,0.142,0.19,0.226,0.253,0.272,0.293,0.298,0.294,0.284,0.271,0.257,0.243,0.179
265.0,269.0,0.015,0.03,0.044,0.058,0.071,0.083,0.095,0.106,0.117,0.128,0.138,0.147,0.196,0.232,0.258,0.276,0.295,0.298,0.292,0.28,0.266,0.251,0.236,0.173
265.0,270.0,0.016,0.031,0.046,0.06,0.073,0.086,0.098,0.11,0.121,0.131,0.142,0.151,0.2,0.236,0.262,0.279,0.296,0.298,0.29,0.277,0.262,0.246,0.231,0.167
265.0,271.0,0.016,0.032,0.047,0.061,0.075,0.088,0.1,0.112,0.124,0.134,0.145,0.154,0.204,0.24,0.265,0.282,0.297,0.297,0.288,0.274,0.258,0.242,0.226,0.163
265.0,272.0,0.017,0.033,0.048,0.063,0.077,0.09,0.102,0.115,0.126,0.137,0.147,0.157,0.207,0.242,0.267,0.283,0.298,0.296,0.286,0.272,0.255,0.239,0.223,0.16
265.0,273.0,0.017,0.033,0.049,0.064,0.078,0.091,0.104,0.116,0.128,0.139,0.149,0.159,0.209,0.245,0.269,0.285,0.298,0.295,0.284,0.269,0.253,0.236,0.22,0.157
265.0,274.0,0.017,0.034,0.05,0.065,0.079,0.093,0.106,0.118,0.13,0.141,0.151,0.161,0.211,0.247,0.271,0.286,0.298,0.295,0.283,0.267,0.25,0.233,0.217,0.154
265.0,275.0,0.018,0.034,0.05,0.066,0.08,0.094,0.107,0.119,0.131,0.142,0.153,0.163,0.213,0.248,0.272,0.287,0.298,0.294,0.282,0.266,0.248,0.231,0.215,0.152
265.0,276.0,0.018,0.035,0.051,0.066,0.081,0.095,0.108,0.121,0.132,0.144,0.154,0.165,0.215,0.25,0.273,0.288,0.298,0.294,0.281,0.264,0.247,0.229,0.213,0.15
265.0,277.0,0.018,0.035,0.052,0.067,0.082,0.096,0.109,0.122,0.134,0.145,0.156,0.166,0.216,0.251,0.274,0.289,0.298,0.293,0.28,0.263,0.245,0.227,0.211,0.149
266.0,267.0,0.013,0.025,0.037,0.049,0.06,0.071,0.081,0.091,0.101,0.11,0.119,0.127,0.173,0.209,0.236,0.258,0.284,0.296,0.298,0.294,0.285,0.274,0.262,0.202
266.0,268.0,0.013,0.026,0.038,0.05,0.062,0.073,0.084,0.094,0.104,0.113,0.122,0.131,0.177,0.213,0.241,0.262,0.287,0.297,0.298,0.292,0.282,0.27,0.257,0.196
266.0,269.0,0.014,0.028,0.041,0.053,0.065,0.077,0.088,0.098,0.109,0.119,0.128,0.137,0.184,0.22,0.247,0.267,0.291,0.298,0.296,0.288,0.277,0.263,0.25,0.187
266.0,270.0,0.015,0.029,0.043,0.056,0.068,0.08,0.092,0.103,0.114,0.124,0.134,0.143,0.191,0.227,0.254,0.273,0.293,0.298,0.294,0.284,0.271,0.256,0.242,0.179
266.0,271.0,0.016,0.03,0.045,0.058,0.071,0.084,0.096,0.107,0.118,0.129,0.139,0.148,0.197,0.233,0.259,0.277,0.295,0.298,0.291,0.28,0.265,0.25,0.235,0.171
266.0,272.0,0.016,0.032,0.046,0.061,0.074,0.087,0.099,0.111,0.122,0.133,0.143,0.153,0.202,0.238,0.263,0.28,0.297,0.297,0.289,0.276,0.26,0.244,0.229,0.165
266.0,273.0,0.017,0.033,0.048,0.062,0.076,0.089,0.102,0.114,0.126,0.136,0.147,0.157,0.206,0.242,0.267,0.283,0.297,0.296,0.286,0.272,0.256,0.239,0.223,0.16
266.0,274.0,0.017,0.034,0.049,0.064,0.078,0.092,0.104,0.117,0.128,0.139,0.15,0.16,0.21,0.245,0.269,0.285,0.298,0.295,0.284,0.269,0.252,0.235,0.219,0.156
266.0,275.0,0.018,0.034,0.05,0.065,0.08,0.093,0.107,0.119,0.131,0.142,0.153,0.163,0.213,0.248,0.272,0.287,0.298,0.294,0.282,0.266,0.249,0.232,0.215,0.153
266.0,276.0,0.018,0.035,0.051,0.067,0.081,0.095,0.108,0.121,0.133,0.144,0.155,0.165,0.215,0.25,0.274,0.288,0.298,0.293,0.28,0.264,0.246,0.229,0.212,0.15
266.0,277.0,0.018,0.035,0.052,0.068,0.082,0.096,0.11,0.123,0.135,0.146,0.157,0.167,0.217,0.252,0.275,0.289,0.298,0.293,0.279,0.262,0.244,0.226,0.21,0.148
266.0,278.0,0.018,0.036,0.053,0.068,0.083,0.098,0.111,0.124,0.136,0.148,0.158,0.169,0.219,0.254,0.276,0.29,0.298,0.292,0.277,0.26,0.242,0.224,0.207,0.146
267.0,268.0,0.013,0.026,0.038,0.05,0.061,0.072,0.083,0.093,0.103,0.112,0.121,0.13,0.176,0.212,0.24,0.261,0.286,0.297,0.298,0.292,0.283,0.271,0.258,0.197
267.0,269.0,0.014,0.027,0.04,0.053,0.065,0.076,0.087,0.098,0.108,0.118,0.127,0.136,0.183,0.22,0.247,0.267,0.29,0.298,0.296,0.288,0.277,0.264,0.25,0.188
267.0,270.0,0.015,0.029,0.043,0.056,0.069,0.081,0.093,0.104,0.114,0.125,0.134,0.144,0.192,0.228,0.255,0.273,0.294,0.298,0.294,0.283,0.27,0.255,0.241,0.177
267.0,271.0,0.016,0.031,0.046,0.059,0.073,0.085,0.098,0.109,0.12,0.131,0.141,0.151,0.199,0.235,0.261,0.279,0.296,0.298,0.29,0.278,0.263,0.247,0.232,0.168
267.0,272.0,0.017,0.032,0.048,0.062,0.076,0.089,0.102,0.114,0.125,0.136,0.146,0.156,0.206,0.241,0.266,0.283,0.297,0.296,0.287,0.273,0.256,0.24,0.224,0.161
267.0,273.0,0.017,0.034,0.049,0.064,0.079,0.092,0.105,0.117,0.129,0.14,0.151,0.161,0.211,0.246,0.27,0.286,0.298,0.295,0.284,0.268,0.251,0.234,0.218,0.155
267.0,274.0,0.018,0.035,0.051,0.066,0.081,0.095,0.108,0.12,0.132,0.143,0.154,0.164,0.214,0.25,0.273,0.288,0.298,0.294,0.281,0.265,0.247,0.23,0.213,0.151
267.0,275.0,0.018,0.036,0.052,0.068,0.082,0.097,0.11,0.123,0.135,0.146,0.157,0.167,0.217,0.252,0.275,0.289,0.298,0.292,0.279,0.262,0.243,0.226,0.209,0.147
267.0,276.0,0.019,0.036,0.053,0.069,0.084,0.098,0.112,0.125,0.137,0.148,0.159,0.169,0.22,0.255,0.277,0.29,0.298,0.291,0.277,0.259,0.241,0.223,0.206,0.145
267.0,277.0,0.019,0.037,0.054,0.07,0.085,0.1,0.113,0.126,0.139,0.15,0.161,0.171,0.222,0.256,0.278,0.291,0.298,0.29,0.275,0.257,0.238,0.22,0.204,0.143
267.0,278.0,0.019,0.037,0.054,0.071,0.086,0.101,0.115,0.128,0.14,0.152,0.163,0.173,0.224,0.258,0.28,0.292,0.298,0.29,0.274,0.255,0.236,0.218,0.202,0.141
267.0,279.0,0.019,0.038,0.055,0.071,0.087,0.102,0.116,0.129,0.141,0.153,0.164,0.174,0.225,0.259,0.28,0.293,0.298,0.289,0.273,0.254,0.235,0.216,0.2,0.139
268.0,269.0,0.013,0.026,0.038,0.049,0.061,0.072,0.082,0.092,0.102,0.111,0.12,0.129,0.175,0.211,0.238,0.259,0.286,0.297,0.298,0.293,0.284,0.272,0.26,0.199
268.0,270.0,0.014,0.027,0.04,0.052,0.064,0.075,0.086,0.097,0.107,0.117,0.126,0.135,0.182,0.218,0.245,0.265,0.289,0.298,0.297,0.289,0.278,0.266,0.252,0.19
268.0,271.0,0.015,0.029,0.042,0.055,0.068,0.08,0.091,0.102,0.113,0.123,0.133,0.142,0.19,0.226,0.253,0.272,0.293,0.298,0.294,0.284,0.272,0.257,0.243,0.18
268.0,272.0,0.016,0.03,0.045,0.058,0.072,0.084,0.096,0.107,0.118,0.129,0.139,0.148,0.197,0.233,0.259,0.277,0.295,0.298,0.291,0.279,0.265,0.25,0.234,0.171
268.0,273.0,0.016,0.032,0.047,0.061,0.074,0.087,0.1,0.112,0.123,0.134,0.144,0.154,0.203,0.239,0.264,0.281,0.297,0.297,0.288,0.275,0.259,0.243,0.227,0.164
268.0,274.0,0.017,0.033,0.048,0.063,0.077,0.09,0.103,0.115,0.126,0.137,0.148,0.158,0.207,0.243,0.268,0.284,0.298,0.296,0.286,0.271,0.255,0.238,0.222,0.159
268.0,275.0,0.017,0.034,0.05,0.065,0.079,0.092,0.105,0.118,0.129,0.14,0.151,0.161,0.211,0.246,0.27,0.286,0.298,0.295,0.283,0.268,0.251,0.234,0.218,0.155
268.0,276.0,0.018,0.035,0.051,0.066,0.08,0.094,0.107,0.12,0.132,0.143,0.153,0.164,0.214,0.249,0.272,0.287,0.298,0.294,0.281,0.265,0.248,0.231,0.214,0.152
268.0,277.0,0.018,0.035,0.051,0.067,0.082,0.096,0.109,0.121,0.133,0.145,0.155,0.166,0.216,0.251,0.274,0.288,0.298,0.293,0.28,0.263,0.245,0.228,0.211,0.149
268.0,278.0,0.018,0.036,0.052,0.068,0.083,0.097,0.11,0.123,0.135,0.146,0.157,0.167,0.218,0.253,0.275,0.289,0.298,0.292,0.279,0.261,0.243,0.226,0.209,0.147
268.0,279.0,0.018,0.036,0.053,0.068,0.084,0.098,0.111,0.124,0.136,0.148,0.159,0.169,0.219,0.254,0.277,0.29,0.298,0.292,0.277,0.26,0.241,0.224,0.207,0.145
268.0,280.0,0.019,0.036,0.053,0.069,0.084,0.099,0.112,0.125,0.137,0.149,0.16,0.17,0.221,0.255,0.277,0.291,0.298,0.291,0.276,0.258,0.24,0.222,0.205,0.144
269.0,270.0,0.014,0.027,0.04,0.053,0.065,0.076,0.087,0.098,0.108,0.118,0.127,0.136,0.183,0.219,0.246,0.266,0.29,0.298,0.296,0.289,0.277,0.264,0.251,0.189
269.0,271.0,0.015,0.029,0.042,0.055,0.068,0.08,0.091,0.102,0.113,0.123,0.133,0.142,0.19,0.226,0.253,0.272,0.293,0.298,0.294,0.284,0.272,0.257,0.243,0.18
269.0,272.0,0.015,0.03,0.044,0.058,0.07,0.083,0.095,0.106,0.117,0.127,0.137,0.147,0.195,0.231,0.257,0.276,0.295,0.298,0.292,0.281,0.267,0.252,0.237,0.174
269.0,273.0,0.016,0.031,0.045,0.059,0.073,0.085,0.097,0.109,0.12,0.131,0.141,0.15,0.199,0.235,0.261,0.278,0.296,0.298,0.29,0.278,0.263,0.247,0.232,0.169
269.0,274.0,0.016,0.032,0.047,0.061,0.074,0.087,0.1,0.111,0.123,0.133,0.143,0.153,0.202,0.238,0.264,0.281,0.297,0.297,0.289,0.275,0.26,0.244,0.228,0.165
269.0,275.0,0.017,0.032,0.047,0.062,0.076,0.089,0.101,0.113,0.125,0.136,0.146,0.156,0.205,0.241,0.266,0.282,0.297,0.297,0.287,0.273,0.257,0.241,0.225,0.161
269.0,276.0,0.017,0.033,0.048,0.063,0.077,0.09,0.103,0.115,0.127,0.138,0.148,0.158,0.208,0.243,0.268,0.284,0.298,0.296,0.286,0.271,0.254,0.238,0.222,0.159
269.0,277.0,0.017,0.033,0.049,0.064,0.078,0.092,0.104,0.117,0.128,0.139,0.15,0.16,0.21,0.245,0.269,0.285,0.298,0.295,0.284,0.269,0.252,0.235,0.219,0.156
269.0,278.0,0.017,0.034,0.05,0.065,0.079,0.093,0.106,0.118,0.13,0.141,0.151,0.161,0.211,0.247,0.271,0.286,0.298,0.295,0.283,0.267,0.25,0.233,0.217,0.154
269.0,279.0,0.018,0.034,0.05,0.065,0.08,0.094,0.107,0.119,0.131,0.142,0.153,0.163,0.213,0.248,0.272,0.287,0.298,0.294,0.282,0.266,0.249,0.231,0.215,0.152
269.0,280.0,0.018,0.035,0.051,0.066,0.081,0.095,0.108,0.12,0.132,0.143,0.154,0.164,0.214,0.25,0.273,0.288,0.298,0.294,0.281,0.264,0.247,0.23,0.213,0.151
269.0,281.0,0.018,0.035,0.051,0.067,0.082,0.096,0.109,0.121,0.133,0.145,0.155,0.166,0.216,0.251,0.274,0.288,0.298,0.293,0.28,0.263,0.245,0.228,0.211,0.149
270.0,271.0,0.015,0.029,0.042,0.055,0.068,0.08,0.091,0.102,0.113,0.123,0.133,0.142,0.19,0.226,0.253,0.272,0.293,0.298,0.294,0.284,0.272,0.257,0.243,0.18
270.0,272.0,0.015,0.03,0.044,0.058,0.071,0.083,0.095,0.106,0.117,0.128,0.138,0.147,0.196,0.232,0.258,0.276,0.295,0.298,0.292,0.281,0.266,0.251,0.236,0.173
270.0,273.0,0.016,0.031,0.046,0.06,0.073,0.086,0.098,0.11,0.121,0.131,0.141,0.151,0.2,0.236,0.262,0.279,0.296,0.298,0.29,0.277,0.262,0.246,0.231,0.167
270.0,274.0,0.016,0.032,0.047,0.061,0.075,0.088,0.1,0.112,0.124,0.134,0.145,0.154,0.204,0.24,0.265,0.282,0.297,0.297,0.288,0.274,0.258,0.242,0.226,0.163
270.0,275.0,0.017,0.033,0.048,0.063,0.077,0.09,0.102,0.115,0.126,0.137,0.147,0.157,0.207,0.242,0.267,0.283,0.298,0.296,0.286,0.272,0.255,0.239,0.223,0.16
270.0,276.0,0.017,0.033,0.049,0.064,0.078,0.091,0.104,0.116,0.128,0.139,0.15,0.16,0.209,0.245,0.269,0.285,0.298,0.295,0.284,0.269,0.253,0.236,0.219,0.157
270.0,277.0,0.017,0.034,0.05,0.065,0.079,0.093,0.106,0.118,0.13,0.141,0.152,0.162,0.212,0.247,0.271,0.286,0.298,0.295,0.283,0.267,0.25,0.233,0.217,0.154
270.0,278.0,0.018,0.034,0.051,0.066,0.08,0.094,0.107,0.12,0.131,0.143,0.153,0.163,0.214,0.249,0.272,0.287,0.298,0.294,0.282,0.265,0.248,0.231,0.214,0.152
270.0,279.0,0.018,0.035,0.051,0.067,0.081,0.095,0.108,0.121,0.133,0.144,0.155,0.165,0.215,0.25,0.274,0.288,0.298,0.293,0.28,0.264,0.246,0.229,0.212,0.15
270.0,280.0,0.018,0.035,0.052,0.067,0.082,0.096,0.11,0.122,0.134,0.146,0.156,0.166,0.217,0.252,0.275,0.289,0.298,0.293,0.279,0.262,0.244,0.227,0.21,0.148
270.0,281.0,0.018,0.036,0.052,0.068,0.083,0.097,0.111,0.123,0.135,0.147,0.158,0.168,0.218,0.253,0.276,0.29,0.298,0.292,0.278,0.261,0.243,0.225,0.208,0.147
270.0,282.0,0.018,0.036,0.053,0.069,0.084,0.098,0.111,0.124,0.136,0.148,0.159,0.169,0.219,0.254,0.277,0.29,0.298,0.292,0.277,0.26,0.241,0.223,0.207,0.145
271.0,272.0,0.014,0.027,0.04,0.053,0.064,0.076,0.087,0.098,0.108,0.118,0.127,0.136,0.183,0.219,0.246,0.266,0.29,0.298,0.296,0.289,0.278,0.265,0.251,0.189
271.0,273.0,0.014,0.028,0.042,0.054,0.067,0.078,0.09,0.101,0.111,0.121,0.131,0.14,0.187,0.223,0.25,0.27,0.292,0.298,0.295,0.286,0.274,0.26,0.246,0.183
271.0,274.0,0.015,0.03,0.044,0.057,0.07,0.082,0.094,0.105,0.116,0.127,0.136,0.146,0.194,0.23,0.257,0.275,0.294,0.298,0.293,0.282,0.268,0.253,0.238,0.175
271.0,275.0,0.016,0.031,0.046,0.06,0.073,0.086,0.098,0.11,0.121,0.132,0.142,0.152,0.201,0.237,0.262,0.28,0.296,0.297,0.289,0.277,0.261,0.246,0.23,0.167
271.0,276.0,0.017,0.033,0.048,0.062,0.076,0.089,0.102,0.114,0.126,0.136,0.147,0.157,0.206,0.242,0.267,0.283,0.297,0.296,0.286,0.272,0.256,0.239,0.223,0.16
271.0,277.0,0.017,0.034,0.049,0.064,0.079,0.092,0.105,0.117,0.129,0.14,0.151,0.161,0.211,0.246,0.27,0.286,0.298,0.295,0.284,0.268,0.251,0.234,0.218,0.155
271.0,278.0,0.018,0.035,0.051,0.066,0.081,0.094,0.108,0.12,0.132,0.143,0.154,0.164,0.214,0.249,0.273,0.288,0.298,0.294,0.281,0.265,0.247,0.23,0.214,0.151
271.0,279.0,0.018,0.035,0.052,0.067,0.082,0.096,0.11,0.122,0.134,0.146,0.156,0.167,0.217,0.252,0.275,0.289,0.298,0.293,0.279,0.262,0.244,0.227,0.21,0.148
271.0,280.0,0.018,0.036,0.053,0.068,0.083,0.098,0.111,0.124,0.136,0.148,0.158,0.169,0.219,0.254,0.276,0.29,0.298,0.292,0.277,0.26,0.242,0.224,0.207,0.146
271.0,281.0,0.019,0.036,0.053,0.069,0.085,0.099,0.113,0.126,0.138,0.149,0.16,0.171,0.221,0.255,0.278,0.291,0.298,0.291,0.276,0.258,0.239,0.221,0.205,0.144
271.0,282.0,0.019,0.037,0.054,0.07,0.085,0.1,0.114,0.127,0.139,0.151,0.162,0.172,0.223,0.257,0.279,0.292,0.298,0.29,0.275,0.256,0.238,0.22,0.203,0.142
271.0,283.0,0.019,0.037,0.055,0.071,0.086,0.101,0.115,0.128,0.14,0.152,0.163,0.173,0.224,0.258,0.28,0.292,0.298,0.289,0.273,0.255,0.236,0.218,0.201,0.14
272.0,273.0,0.014,0.027,0.04,0.052,0.064,0.076,0.087,0.097,0.107,0.117,0.126,0.135,0.182,0.218,0.246,0.266,0.29,0.298,0.297,0.289,0.278,0.265,0.252,0.19
272.0,274.0,0.014,0.028,0.041,0.054,0.066,0.078,0.09,0.1,0.111,0.121,0.13,0.14,0.187,0.223,0.25,0.27,0.292,0.298,0.295,0.286,0.274,0.26,0.246,0.184
272.0,275.0,0.015,0.029,0.043,0.056,0.069,0.081,0.093,0.104,0.115,0.125,0.135,0.144,0.193,0.229,0.255,0.274,0.294,0.298,0.293,0.283,0.269,0.255,0.24,0.177
272.0,276.0,0.016,0.031,0.045,0.059,0.072,0.084,0.096,0.108,0.119,0.129,0.139,0.149,0.198,0.234,0.26,0.277,0.296,0.298,0.291,0.279,0.265,0.249,0.234,0.17
272.0,277.0,0.016,0.032,0.046,0.06,0.074,0.087,0.099,0.111,0.122,0.133,0.143,0.153,0.202,0.238,0.263,0.28,0.297,0.297,0.289,0.276,0.26,0.244,0.229,0.165
272.0,278.0,0.017,0.032,0.047,0.062,0.076,0.089,0.101,0.113,0.125,0.136,0.146,0.156,0.205,0.241,0.266,0.282,0.297,0.297,0.287,0.273,0.257,0.241,0.225,0.161
272.0,279.0,0.017,0.033,0.048,0.063,0.077,0.091,0.103,0.115,0.127,0.138,0.148,0.158,0.208,0.244,0.268,0.284,0.298,0.296,0.285,0.271,0.254,0.237,0.221,0.158
272.0,280.0,0.017,0.034,0.049,0.064,0.078,0.092,0.105,0.117,0.129,0.14,0.15,0.16,0.21,0.246,0.27,0.285,0.298,0.295,0.284,0.268,0.252,0.235,0.218,0.156
272.0,281.0,0.017,0.034,0.05,0.065,0.079,0.093,0.106,0.118,0.13,0.141,0.152,0.162,0.212,0.247,0.271,0.286,0.298,0.295,0.283,0.267,0.25,0.232,0.216,0.153
272.0,282.0,0.018,0.035,0.051,0.066,0.08,0.094,0.107,0.12,0.132,0.143,0.153,0.164,0.214,0.249,0.272,0.287,0.298,0.294,0.282,0.265,0.248,0.231,0.214,0.152
272.0,283.0,0.018,0.035,0.051,0.066,0.081,0.095,0.108,0.121,0.133,0.144,0.155,0.165,0.215,0.25,0.273,0.288,0.298,0.293,0.281,0.264,0.246,0.229,0.212,0.15
272.0,284.0,0.018,0.035,0.052,0.067,0.082,0.096,0.109,0.122,0.134,0.145,0.156,0.166,0.216,0.251,0.274,0.289,0.298,0.293,0.28,0.263,0.245,0.227,0.211,0.149
273.0,274.0,0.014,0.028,0.041,0.053,0.065,0.077,0.088,0.099,0.109,0.119,0.129,0.138,0.185,0.221,0.248,0.268,0.291,0.298,0.296,0.288,0.276,0.262,0.249,0.186
273.0,275.0,0.015,0.029,0.043,0.056,0.068,0.081,0.092,0.103,0.114,0.124,0.134,0.143,0.191,0.227,0.254,0.273,0.293,0.298,0.294,0.284,0.271,0.256,0.242,0.178
273.0,276.0,0.016,0.03,0.045,0.058,0.071,0.084,0.096,0.107,0.118,0.129,0.139,0.148,0.197,0.233,0.259,0.277,0.295,0.298,0.291,0.28,0.265,0.25,0.235,0.171
273.0,277.0,0.016,0.032,0.046,0.06,0.074,0.087,0.099,0.111,0.122,0.133,0.143,0.153,0.202,0.238,0.263,0.28,0.297,0.297,0.289,0.276,0.26,0.244,0.229,0.165
273.0,278.0,0.017,0.033,0.048,0.062,0.076,0.089,0.102,0.114,0.125,0.136,0.146,0.156,0.206,0.242,0.266,0.283,0.297,0.296,0.287,0.272,0.256,0.24,0.224,0.161
273.0,279.0,0.017,0.033,0.049,0.064,0.078,0.091,0.104,0.116,0.128,0.139,0.149,0.159,0.209,0.244,0.269,0.285,0.298,0.296,0.285,0.27,0.253,0.236,0.22,0.157
273.0,280.0,0.017,0.034,0.05,0.065,0.079,0.093,0.106,0.118,0.13,0.141,0.151,0.161,0.211,0.247,0.271,0.286,0.298,0.295,0.283,0.267,0.25,0.233,0.217,0.154
273.0,281.0,0.018,0.034,0.05,0.066,0.08,0.094,0.107,0.119,0.131,0.142,0.153,0.163,0.213,0.249,0.272,0.287,0.298,0.294,0.282,0.266,0.248,0.231,0.215,0.152
273.0,282.0,0.018,0.035,0.051,0.066,0.081,0.095,0.108,0.121,0.133,0.144,0.155,0.165,0.215,0.25,0.273,0.288,0.298,0.293,0.281,0.264,0.246,0.229,0.213,0.15
273.0,283.0,0.018,0.035,0.052,0.067,0.082,0.096,0.109,0.122,0.134,0.145,0.156,0.166,0.216,0.251,0.274,0.289,0.298,0.293,0.28,0.263,0.245,0.227,0.211,0.149
273.0,284.0,0.018,0.035,0.052,0.068,0.082,0.097,0.11,0.123,0.135,0.146,0.157,0.167,0.217,0.252,0.275,0.289,0.298,0.293,0.279,0.262,0.244,0.226,0.21,0.148
273.0,285.0,0.018,0.036,0.052,0.068,0.083,0.097,0.111,0.123,0.135,0.147,0.158,0.168,0.218,0.253,0.276,0.29,0.298,0.292,0.278,0.261,0.243,0.225,0.208,0.147
274.0,275.0,0.014,0.027,0.04,0.053,0.065,0.076,0.087,0.098,0.108,0.118,0.127,0.136,0.183,0.219,0.247,0.267,0.29,0.298,0.296,0.288,0.277,0.264,0.25,0.188
274.0,276.0,0.014,0.028,0.042,0.054,0.067,0.079,0.09,0.101,0.111,0.121,0.131,0.14,0.188,0.224,0.251,0.27,0.292,0.298,0.295,0.286,0.274,0.26,0.245,0.183
274.0,277.0,0.015,0.03,0.043,0.057,0.069,0.082,0.093,0.105,0.115,0.126,0.136,0.145,0.193,0.229,0.256,0.274,0.294,0.298,0.293,0.282,0.269,0.254,0.239,0.176
274.0,278.0,0.016,0.031,0.045,0.059,0.072,0.085,0.097,0.108,0.119,0.13,0.14,0.149,0.198,0.234,0.26,0.278,0.296,0.298,0.291,0.279,0.264,0.248,0.233,0.17
274.0,279.0,0.016,0.032,0.047,0.061,0.074,0.087,0.099,0.111,0.123,0.133,0.143,0.153,0.202,0.238,0.264,0.281,0.297,0.297,0.289,0.275,0.26,0.244,0.228,0.165
274.0,280.0,0.017,0.033,0.048,0.062,0.076,0.089,0.102,0.114,0.125,0.136,0.146,0.156,0.206,0.241,0.266,0.283,0.297,0.296,0.287,0.272,0.256,0.24,0.224,0.161
274.0,281.0,0.017,0.033,0.049,0.063,0.077,0.091,0.104,0.116,0.127,0.138,0.149,0.159,0.208,0.244,0.268,0.284,0.298,0.296,0.285,0.27,0.253,0.237,0.221,0.158
274.0,282.0,0.017,0.034,0.049,0.064,0.079,0.092,0.105,0.117,0.129,0.14,0.151,0.161,0.211,0.246,0.27,0.286,0.298,0.295,0.284,0.268,0.251,0.234,0.218,0.155
274.0,283.0,0.018,0.034,0.05,0.065,0.08,0.093,0.106,0.119,0.131,0.142,0.152,0.162,0.212,0.248,0.272,0.287,0.298,0.294,0.282,0.266,0.249,0.232,0.216,0.153
274.0,284.0,0.018,0.035,0.051,0.066,0.08,0.094,0.107,0.12,0.132,0.143,0.154,0.164,0.214,0.249,0.273,0.287,0.298,0.294,0.281,0.265,0.247,0.23,0.214,0.151
274.0,285.0,0.018,0.035,0.051,0.067,0.081,0.095,0.108,0.121,0.133,0.144,0.155,0.165,0.215,0.25,0.274,0.288,0.298,0.293,0.28,0.264,0.246,0.229,0.212,0.15
274.0,286.0,0.018,0.035,0.052,0.067,0.082,0.096,0.109,0.122,0.134,0.145,0.156,0.166,0.216,0.251,0.274,0.289,0.298,0.293,0.28,0.263,0.245,0.227,0.211,0.149
275.0,276.0,0.013,0.026,0.038,0.05,0.062,0.073,0.083,0.093,0.103,0.113,0.122,0.131,0.177,0.213,0.24,0.261,0.287,0.297,0.298,0.292,0.282,0.27,0.258,0.197
275.0,277.0,0.014,0.027,0.04,0.052,0.064,0.075,0.086,0.096,0.107,0.116,0.126,0.134,0.181,0.217,0.245,0.265,0.289,0.298,0.297,0.29,0.279,0.266,0.253,0.191
275.0,278.0,0.014,0.028,0.042,0.055,0.067,0.079,0.09,0.101,0.112,0.122,0.131,0.141,0.188,0.224,0.251,0.27,0.292,0.298,0.295,0.286,0.273,0.259,0.245,0.182
275.0,279.0,0.015,0.03,0.044,0.057,0.07,0.083,0.094,0.106,0.117,0.127,0.137,0.146,0.195,0.231,0.257,0.275,0.295,0.298,0.292,0.281,0.267,0.252,0.237,0.174
275.0,280.0,0.016,0.031,0.046,0.06,0.073,0.086,0.098,0.11,0.121,0.131,0.142,0.151,0.2,0.236,0.262,0.279,0.296,0.298,0.29,0.277,0.262,0.246,0.231,0.167
275.0,281.0,0.016,0.032,0.047,0.062,0.075,0.088,0.101,0.113,0.124,0.135,0.145,0.155,0.205,0.24,0.265,0.282,0.297,0.297,0.287,0.273,0.258,0.241,0.225,0.162
275.0,282.0,0.017,0.033,0.048,0.063,0.077,0.09,0.103,0.115,0.127,0.138,0.148,0.158,0.208,0.243,0.268,0.284,0.298,0.296,0.285,0.271,0.254,0.238,0.221,0.158
275.0,283.0,0.017,0.034,0.049,0.064,0.078,0.092,0.105,0.117,0.129,0.14,0.15,0.16,0.21,0.246,0.27,0.285,0.298,0.295,0.284,0.268,0.252,0.235,0.218,0.156
275.0,284.0,0.017,0.034,0.05,0.065,0.079,0.093,0.106,0.119,0.13,0.141,0.152,0.162,0.212,0.247,0.271,0.286,0.298,0.295,0.283,0.267,0.249,0.232,0.216,0.153
275.0,285.0,0.018,0.035,0.051,0.066,0.08,0.094,0.107,0.12,0.132,0.143,0.153,0.163,0.214,0.249,0.272,0.287,0.298,0.294,0.282,0.265,0.248,0.231,0.214,0.152
275.0,286.0,0.018,0.035,0.051,0.066,0.081,0.095,0.108,0.121,0.132,0.144,0.154,0.165,0.215,0.25,0.273,0.288,0.298,0.294,0.281,0.264,0.247,0.229,0.213,0.15
275.0,287.0,0.018,0.035,0.051,0.067,0.082,0.095,0.109,0.121,0.133,0.145,0.155,0.165,0.216,0.251,0.274,0.288,0.298,0.293,0.28,0.263,0.245,0.228,0.212,0.149
276.0,277.0,0.013,0.026,0.039,0.051,0.062,0.074,0.084,0.095,0.105,0.114,0.123,0.132,0.179,0.215,0.242,0.263,0.288,0.298,0.297,0.291,0.281,0.269,0.256,0.194
276.0,278.0,0.014,0.028,0.041,0.054,0.066,0.078,0.089,0.1,0.11,0.12,0.13,0.139,0.186,0.222,0.249,0.269,0.291,0.298,0.295,0.287,0.275,0.261,0.247,0.184
276.0,279.0,0.015,0.03,0.044,0.058,0.071,0.083,0.095,0.106,0.117,0.128,0.137,0.147,0.195,0.232,0.258,0.276,0.295,0.298,0.292,0.281,0.267,0.251,0.236,0.173
276.0,280.0,0.016,0.032,0.047,0.061,0.075,0.088,0.1,0.112,0.124,0.134,0.145,0.154,0.204,0.24,0.265,0.282,0.297,0.297,0.288,0.274,0.258,0.242,0.226,0.163
276.0,281.0,0.017,0.034,0.049,0.064,0.079,0.092,0.105,0.117,0.129,0.14,0.151,0.161,0.211,0.246,0.27,0.286,0.298,0.295,0.284,0.268,0.251,0.234,0.218,0.155
276.0,282.0,0.018,0.035,0.051,0.067,0.082,0.096,0.109,0.122,0.133,0.145,0.156,0.166,0.216,0.251,0.274,0.288,0.298,0.293,0.28,0.263,0.245,0.228,0.211,0.149
276.0,283.0,0.019,0.036,0.053,0.069,0.084,0.098,0.112,0.125,0.137,0.148,0.159,0.17,0.22,0.255,0.277,0.29,0.298,0.291,0.277,0.259,0.241,0.223,0.206,0.145
276.0,284.0,0.019,0.037,0.054,0.07,0.086,0.1,0.114,0.127,0.139,0.151,0.162,0.172,0.223,0.257,0.279,0.292,0.298,0.29,0.274,0.256,0.237,0.219,0.202,0.141
276.0,285.0,0.019,0.038,0.055,0.072,0.087,0.102,0.116,0.129,0.141,0.153,0.164,0.175,0.225,0.259,0.281,0.293,0.298,0.289,0.272,0.253,0.234,0.216,0.199,0.139
276.0,286.0,0.02,0.038,0.056,0.072,0.088,0.103,0.117,0.13,0.143,0.155,0.166,0.176,0.227,0.261,0.282,0.293,0.298,0.288,0.271,0.252,0.232,0.214,0.197,0.137
276.0,287.0,0.02,0.039,0.056,0.073,0.089,0.104,0.118,0.131,0.144,0.156,0.167,0.177,0.228,0.262,0.282,0.294,0.298,0.287,0.27,0.25,0.231,0.212,0.196,0.136
276.0,288.0,0.02,0.039,0.057,0.074,0.089,0.105,0.119,0.132,0.145,0.157,0.168,0.178,0.229,0.262,0.283,0.294,0.297,0.286,0.269,0.249,0.23,0.211,0.195,0.135
277.0,278.0,0.014,0.027,0.039,0.051,0.063,0.074,0.085,0.095,0.105,0.115,0.124,0.133,0.179,0.215,0.243,0.263,0.288,0.298,0.297,0.291,0.28,0.268,0.255,0.193
277.0,279.0,0.014,0.028,0.041,0.053,0.065,0.077,0.088,0.099,0.109,0.119,0.129,0.138,0.185,0.221,0.248,0.268,0.291,0.298,0.296,0.288,0.276,0.263,0.249,0.186
277.0,280.0,0.015,0.029,0.043,0.056,0.068,0.08,0.092,0.103,0.114,0.124,0.134,0.143,0.191,0.227,0.254,0.273,0.293,0.298,0.294,0.284,0.271,0.256,0.242,0.179
277.0,281.0,0.015,0.03,0.044,0.058,0.071,0.083,0.095,0.107,0.117,0.128,0.138,0.147,0.196,0.232,0.258,0.276,0.295,0.298,0.292,0.28,0.266,0.251,0.236,0.172
277.0,282.0,0.016,0.031,0.046,0.06,0.073,0.086,0.098,0.11,0.121,0.131,0.141,0.151,0.2,0.236,0.262,0.279,0.296,0.298,0.29,0.277,0.262,0.246,0.231,0.168
277.0,283.0,0.016,0.032,0.047,0.061,0.075,0.088,0.1,0.112,0.123,0.134,0.144,0.154,0.203,0.239,0.264,0.281,0.297,0.297,0.288,0.275,0.259,0.243,0.227,0.164
277.0,284.0,0.017,0.032,0.048,0.062,0.076,0.089,0.101,0.113,0.125,0.136,0.146,0.156,0.205,0.241,0.266,0.283,0.297,0.297,0.287,0.273,0.257,0.24,0.224,0.161
277.0,285.0,0.017,0.033,0.048,0.063,0.077,0.09,0.103,0.115,0.126,0.137,0.147,0.157,0.207,0.243,0.267,0.283,0.298,0.296,0.286,0.271,0.255,0.238,0.222,0.159
277.0,286.0,0.017,0.033,0.049,0.063,0.077,0.091,0.103,0.115,0.127,0.138,0.148,0.158,0.208,0.244,0.268,0.284,0.298,0.296,0.285,0.27,0.254,0.237,0.221,0.158
277.0,287.0,0.017,0.033,0.049,0.064,0.078,0.091,0.104,0.116,0.128,0.139,0.149,0.159,0.209,0.244,0.269,0.285,0.298,0.296,0.285,0.27,0.253,0.236,0.22,0.157
277.0,288.0,0.017,0.033,0.049,0.064,0.078,0.091,0.104,0.116,0.128,0.139,0.149,0.159,0.209,0.245,0.269,0.285,0.298,0.295,0.284,0.269,0.253,0.236,0.22,0.157
277.0,289.0,0.017,0.033,0.049,0.064,0.078,0.091,0.104,0.117,0.128,0.139,0.15,0.16,0.209,0.245,0.269,0.285,0.298,0.295,0.284,0.269,0.252,0.236,0.219,0.156
278.0,279.0,0.014,0.028,0.041,0.053,0.065,0.077,0.088,0.099,0.109,0.119,0.128,0.137,0.185,0.221,0.248,0.268,0.291,0.298,0.296,0.288,0.276,0.263,0.249,0.187
278.0,280.0,0.015,0.03,0.043,0.057,0.07,0.082,0.094,0.105,0.116,0.126,0.136,0.145,0.193,0.229,0.256,0.274,0.294,0.298,0.293,0.282,0.269,0.254,0.239,0.176
278.0,281.0,0.016,0.032,0.047,0.061,0.075,0.087,0.1,0.112,0.123,0.134,0.144,0.154,0.203,0.239,0.264,0.281,0.297,0.297,0.288,0.275,0.259,0.243,0.227,0.164
278.0,282.0,0.017,0.034,0.05,0.065,0.079,0.092,0.105,0.118,0.129,0.14,0.151,0.161,0.211,0.246,0.27,0.286,0.298,0.295,0.283,0.268,0.251,0.234,0.217,0.155
278.0,283.0,0.018,0.035,0.052,0.067,0.082,0.096,0.11,0.122,0.134,0.146,0.156,0.167,0.217,0.252,0.275,0.289,0.298,0.293,0.279,0.262,0.244,0.226,0.21,0.148
278.0,284.0,0.019,0.037,0.053,0.07,0.085,0.099,0.113,0.126,0.138,0.15,0.16,0.171,0.221,0.256,0.278,0.291,0.298,0.291,0.276,0.258,0.239,0.221,0.205,0.143
278.0,285.0,0.019,0.037,0.055,0.071,0.086,0.101,0.115,0.128,0.14,0.152,0.163,0.174,0.224,0.258,0.28,0.292,0.298,0.289,0.273,0.255,0.236,0.217,0.201,0.14
278.0,286.0,0.019,0.038,0.055,0.072,0.088,0.102,0.117,0.13,0.142,0.154,0.165,0.176,0.226,0.26,0.281,0.293,0.298,0.288,0.271,0.252,0.233,0.215,0.198,0.138
278.0,287.0,0.02,0.038,0.056,0.073,0.088,0.103,0.117,0.131,0.143,0.155,0.166,0.177,0.227,0.261,0.282,0.294,0.298,0.287,0.27,0.251,0.232,0.213,0.197,0.137
278.0,288.0,0.02,0.039,0.056,0.073,0.089,0.104,0.118,0.131,0.144,0.156,0.167,0.178,0.228,0.262,0.283,0.294,0.298,0.287,0.27,0.25,0.231,0.212,0.196,0.136
278.0,289.0,0.02,0.039,0.056,0.073,0.089,0.104,0.118,0.132,0.144,0.156,0.167,0.178,0.229,0.262,0.283,0.294,0.297,0.287,0.269,0.25,0.23,0.212,0.195,0.135
278.0,290.0,0.02,0.039,0.057,0.073,0.089,0.104,0.119,0.132,0.145,0.156,0.168,0.178,0.229,0.262,0.283,0.294,0.297,0.286,0.269,0.249,0.23,0.212,0.195,0.135
279.0,280.0,0.015,0.029,0.042,0.055,0.068,0.08,0.091,0.102,0.113,0.123,0.132,0.142,0.19,0.226,0.252,0.272,0.293,0.298,0.294,0.285,0.272,0.258,0.243,0.18
279.0,281.0,0.016,0.03,0.045,0.058,0.071,0.084,0.096,0.107,0.118,0.129,0.139,0.148,0.197,0.233,0.259,0.277,0.295,0.298,0.291,0.28,0.265,0.25,0.235,0.171
279.0,282.0,0.016,0.032,0.047,0.062,0.075,0.088,0.101,0.113,0.124,0.135,0.145,0.155,0.205,0.24,0.265,0.282,0.297,0.297,0.287,0.273,0.258,0.241,0.225,0.162
279.0,283.0,0.017,0.034,0.05,0.065,0.079,0.093,0.106,0.118,0.13,0.141,0.151,0.161,0.211,0.247,0.271,0.286,0.298,0.295,0.283,0.268,0.251,0.233,0.217,0.154
279.0,284.0,0.018,0.035,0.052,0.067,0.082,0.096,0.109,0.122,0.134,0.145,0.156,0.166,0.216,0.251,0.274,0.289,0.298,0.293,0.28,0.263,0.245,0.227,0.211,0.149
279.0,285.0,0.019,0.036,0.053,0.069,0.084,0.098,0.112,0.125,0.137,0.149,0.159,0.17,0.22,0.255,0.277,0.291,0.298,0.291,0.277,0.259,0.24,0.222,0.206,0.144
279.0,286.0,0.019,0.037,0.054,0.07,0.086,0.1,0.114,0.127,0.14,0.151,0.162,0.173,0.223,0.257,0.279,0.292,0.298,0.29,0.274,0.256,0.237,0.219,0.202,0.141
279.0,287.0,0.019,0.038,0.055,0.072,0.087,0.102,0.116,0.129,0.142,0.153,0.164,0.175,0.225,0.259,0.281,0.293,0.298,0.289,0.272,0.253,0.234,0.216,0.199,0.139
279.0,288.0,0.02,0.038,0.056,0.072,0.088,0.103,0.117,0.13,0.143,0.155,0.166,0.176,0.227,0.261,0.282,0.293,0.298,0.288,0.271,0.251,0.232,0.214,0.197,0.137
279.0,289.0,0.02,0.039,0.056,0.073,0.089,0.104,0.118,0.132,0.144,0.156,0.167,0.178,0.228,0.262,0.283,0.294,0.298,0.287,0.27,0.25,0.231,0.212,0.195,0.136
279.0,290.0,0.02,0.039,0.057,0.074,0.09,0.105,0.119,0.132,0.145,0.157,0.168,0.179,0.229,0.263,0.283,0.294,0.297,0.286,0.269,0.249,0.229,0.211,0.194,0.135
279.0,291.0,0.02,0.039,0.057,0.074,0.09,0.105,0.12,0.133,0.146,0.158,0.169,0.179,0.23,0.263,0.284,0.294,0.297,0.286,0.268,0.248,0.228,0.21,0.193,0.134
280.0,281.0,0.016,0.031,0.045,0.059,0.073,0.085,0.097,0.109,0.12,0.131,0.141,0.15,0.199,0.235,0.261,0.279,0.296,0.298,0.29,0.278,0.263,0.247,0.232,0.168
280.0,282.0,0.016,0.032,0.047,0.061,0.075,0.088,0.101,0.113,0.124,0.135,0.145,0.155,0.204,0.24,0.265,0.282,0.297,0.297,0.288,0.274,0.258,0.242,0.226,0.163
280.0,283.0,0.017,0.033,0.048,0.063,0.077,0.09,0.103,0.115,0.126,0.137,0.148,0.157,0.207,0.243,0.267,0.284,0.298,0.296,0.286,0.271,0.255,0.238,0.222,0.159
280.0,284.0,0.017,0.033,0.049,0.064,0.078,0.091,0.104,0.116,0.128,0.139,0.149,0.159,0.209,0.244,0.269,0.285,0.298,0.296,0.285,0.27,0.253,0.236,0.22,0.157
280.0,285.0,0.017,0.034,0.049,0.064,0.078,0.092,0.105,0.117,0.129,0.14,0.15,0.16,0.21,0.246,0.27,0.285,0.298,0.295,0.284,0.268,0.251,0.234,0.218,0.155
280.0,286.0,0.017,0.034,0.05,0.065,0.079,0.093,0.106,0.118,0.13,0.141,0.151,0.161,0.211,0.247,0.271,0.286,0.298,0.295,0.283,0.267,0.25,0.233,0.217,0.154
280.0,287.0,0.018,0.034,0.05,0.065,0.08,0.093,0.106,0.119,0.13,0.142,0.152,0.162,0.212,0.248,0.271,0.287,0.298,0.294,0.282,0.267,0.249,0.232,0.216,0.153
280.0,288.0,0.018,0.034,0.05,0.066,0.08,0.094,0.107,0.119,0.131,0.142,0.153,0.163,0.213,0.248,0.272,0.287,0.298,0.294,0.282,0.266,0.248,0.231,0.215,0.152
280.0,289.0,0.018,0.035,0.051,0.066,0.08,0.094,0.107,0.12,0.132,0.143,0.154,0.164,0.214,0.249,0.273,0.287,0.298,0.294,0.281,0.265,0.248,0.23,0.214,0.151
280.0,290.0,0.018,0.035,0.051,0.066,0.081,0.095,0.108,0.12,0.132,0.143,0.154,0.164,0.214,0.25,0.273,0.288,0.298,0.294,0.281,0.265,0.247,0.23,0.213,0.151
280.0,291.0,0.018,0.035,0.051,0.066,0.081,0.095,0.108,0.121,0.133,0.144,0.155,0.165,0.215,0.25,0.273,0.288,0.298,0.293,0.281,0.264,0.246,0.229,0.212,0.15
280.0,292.0,0.018,0.035,0.051,0.067,0.081,0.095,0.109,0.121,0.133,0.144,0.155,0.165,0.216,0.251,0.274,0.288,0.298,0.293,0.28,0.263,0.246,0.228,0.212,0.15
281.0,282.0,0.017,0.033,0.048,0.063,0.077,0.091,0.103,0.115,0.127,0.138,0.148,0.158,0.208,0.244,0.268,0.284,0.298,0.296,0.285,0.271,0.254,0.237,0.221,0.158
281.0,283.0,0.017,0.034,0.049,0.064,0.079,0.092,0.105,0.117,0.129,0.14,0.151,0.161,0.211,0.246,0.27,0.286,0.298,0.295,0.284,0.268,0.251,0.234,0.218,0.155
281.0,284.0,0.017,0.034,0.05,0.065,0.079,0.093,0.106,0.118,0.13,0.141,0.152,0.162,0.212,0.247,0.271,0.286,0.298,0.295,0.283,0.267,0.25,0.233,0.216,0.154
281.0,285.0,0.018,0.034,0.05,0.065,0.08,0.093,0.106,0.119,0.131,0.142,0.152,0.162,0.212,0.248,0.272,0.287,0.298,0.294,0.282,0.266,0.249,0.232,0.216,0.153
281.0,286.0,0.018,0.034,0.05,0.066,0.08,0.094,0.107,0.119,0.131,0.142,0.153,0.163,0.213,0.248,0.272,0.287,0.298,0.294,0.282,0.266,0.249,0.231,0.215,0.152
281.0,287.0,0.018,0.035,0.051,0.066,0.08,0.094,0.107,0.12,0.132,0.143,0.153,0.164,0.214,0.249,0.272,0.287,0.298,0.294,0.282,0.265,0.248,0.231,0.214,0.152
281.0,288.0,0.018,0.035,0.051,0.066,0.081,0.095,0.108,0.12,0.132,0.143,0.154,0.164,0.214,0.249,0.273,0.288,0.298,0.294,0.281,0.265,0.247,0.23,0.213,0.151
281.0,289.0,0.018,0.035,0.051,0.066,0.081,0.095,0.108,0.121,0.133,0.144,0.155,0.165,0.215,0.25,0.274,0.288,0.298,0.293,0.28,0.264,0.246,0.229,0.212,0.15
281.0,290.0,0.018,0.035,0.051,0.067,0.082,0.096,0.109,0.121,0.133,0.145,0.155,0.166,0.216,0.251,0.274,0.288,0.298,0.293,0.28,0.263,0.245,0.228,0.211,0.149
281.0,291.0,0.018,0.035,0.052,0.067,0.082,0.096,0.109,0.122,0.134,0.145,0.156,0.166,0.217,0.252,0.275,0.289,0.298,0.293,0.279,0.262,0.244,0.227,0.21,0.148
281.0,292.0,0.018,0.036,0.052,0.068,0.083,0.097,0.11,0.123,0.135,0.146,0.157,0.167,0.217,0.252,0.275,0.289,0.298,0.292,0.279,0.262,0.243,0.226,0.209,0.147
281.0,293.0,0.018,0.036,0.052,0.068,0.083,0.097,0.111,0.123,0.135,0.147,0.158,0.168,0.218,0.253,0.276,0.29,0.298,0.292,0.278,0.261,0.243,0.225,0.208,0.147
282.0,283.0,0.016,0.032,0.047,0.061,0.075,0.088,0.1,0.112,0.123,0.134,0.144,0.154,0.203,0.239,0.264,0.281,0.297,0.297,0.288,0.274,0.259,0.243,0.227,0.163
282.0,284.0,0.016,0.032,0.047,0.061,0.075,0.087,0.1,0.112,0.123,0.134,0.144,0.154,0.203,0.239,0.264,0.281,0.297,0.297,0.288,0.275,0.259,0.243,0.227,0.164
282.0,285.0,0.016,0.032,0.047,0.061,0.075,0.088,0.1,0.112,0.123,0.134,0.144,0.154,0.203,0.239,0.264,0.281,0.297,0.297,0.288,0.274,0.259,0.243,0.227,0.163
282.0,286.0,0.016,0.032,0.047,0.061,0.075,0.088,0.101,0.113,0.124,0.135,0.145,0.155,0.204,0.24,0.265,0.282,0.297,0.297,0.288,0.274,0.258,0.242,0.226,0.163
282.0,287.0,0.017,0.032,0.047,0.062,0.076,0.089,0.101,0.113,0.125,0.135,0.146,0.156,0.205,0.241,0.266,0.282,0.297,0.297,0.287,0.273,0.257,0.241,0.225,0.162
282.0,288.0,0.017,0.033,0.048,0.062,0.076,0.089,0.102,0.114,0.125,0.136,0.146,0.156,0.206,0.242,0.266,0.283,0.297,0.296,0.287,0.272,0.256,0.24,0.224,0.161
282.0,289.0,0.017,0.033,0.048,0.063,0.076,0.09,0.102,0.114,0.126,0.137,0.147,0.157,0.207,0.242,0.267,0.283,0.298,0.296,0.286,0.272,0.255,0.239,0.223,0.16
282.0,290.0,0.017,0.033,0.048,0.063,0.077,0.09,0.103,0.115,0.126,0.137,0.148,0.158,0.207,0.243,0.268,0.284,0.298,0.296,0.286,0.271,0.255,0.238,0.222,0.159
282.0,291.0,0.017,0.033,0.049,0.063,0.077,0.091,0.103,0.115,0.127,0.138,0.148,0.158,0.208,0.244,0.268,0.284,0.298,0.296,0.285,0.27,0.254,0.237,0.221,0.158
282.0,292.0,0.017,0.033,0.049,0.064,0.078,0.091,0.104,0.116,0.128,0.139,0.149,0.159,0.209,0.244,0.269,0.285,0.298,0.296,0.285,0.27,0.253,0.236,0.22,0.157
282.0,293.0,0.017,0.033,0.049,0.064,0.078,0.091,0.104,0.116,0.128,0.139,0.15,0.16,0.209,0.245,0.269,0.285,0.298,0.295,0.284,0.269,0.253,0.236,0.22,0.157
282.0,294.0,0.017,0.034,0.049,0.064,0.078,0.092,0.105,0.117,0.129,0.14,0.15,0.16,0.21,0.245,0.27,0.285,0.298,0.295,0.284,0.269,0.252,0.235,0.219,0.156
283.0,284.0,0.016,0.031,0.046,0.06,0.074,0.087,0.099,0.111,0.122,0.133,0.143,0.152,0.202,0.237,0.263,0.28,0.297,0.297,0.289,0.276,0.261,0.245,0.229,0.166
283.0,285.0,0.016,0.032,0.047,0.061,0.074,0.087,0.1,0.111,0.123,0.133,0.143,0.153,0.202,0.238,0.264,0.281,0.297,0.297,0.289,0.275,0.26,0.244,0.228,0.165
283.0,286.0,0.016,0.032,0.047,0.061,0.075,0.088,0.1,0.112,0.123,0.134,0.144,0.154,0.204,0.239,0.265,0.281,0.297,0.297,0.288,0.274,0.259,0.242,0.227,0.163
283.0,287.0,0.016,0.032,0.047,0.062,0.075,0.089,0.101,0.113,0.124,0.135,0.145,0.155,0.205,0.24,0.265,0.282,0.297,0.297,0.287,0.273,0.257,0.241,0.225,0.162
283.0,288.0,0.017,0.033,0.048,0.062,0.076,0.089,0.102,0.114,0.125,0.136,0.146,0.156,0.206,0.242,0.266,0.283,0.297,0.296,0.287,0.272,0.256,0.24,0.224,0.161
283.0,289.0,0.017,0.033,0.048,0.063,0.077,0.09,0.103,0.115,0.126,0.137,0.147,0.157,0.207,0.243,0.267,0.283,0.298,0.296,0.286,0.271,0.255,0.239,0.222,0.159
283.0,290.0,0.017,0.033,0.048,0.063,0.077,0.091,0.103,0.115,0.127,0.138,0.148,0.158,0.208,0.244,0.268,0.284,0.298,0.296,0.285,0.27,0.254,0.237,0.221,0.158
283.0,291.0,0.017,0.033,0.049,0.064,0.078,0.091,0.104,0.116,0.128,0.139,0.149,0.159,0.209,0.244,0.269,0.285,0.298,0.296,0.285,0.27,0.253,0.236,0.22,0.157
283.0,292.0,0.017,0.034,0.049,0.064,0.078,0.092,0.105,0.117,0.129,0.14,0.15,0.16,0.21,0.245,0.27,0.285,0.298,0.295,0.284,0.269,0.252,0.235,0.219,0.156
283.0,293.0,0.017,0.034,0.05,0.064,0.079,0.092,0.105,0.118,0.129,0.14,0.151,0.161,0.211,0.246,0.27,0.286,0.298,0.295,0.283,0.268,0.251,0.234,0.218,0.155
283.0,294.0,0.017,0.034,0.05,0.065,0.079,0.093,0.106,0.118,0.13,0.141,0.152,0.162,0.212,0.247,0.271,0.286,0.298,0.295,0.283,0.267,0.25,0.233,0.217,0.154
283.0,295.0,0.018,0.034,0.05,0.065,0.08,0.093,0.106,0.119,0.131,0.142,0.152,0.162,0.213,0.248,0.272,0.287,0.298,0.294,0.282,0.266,0.249,0.232,0.216,0.153
284.0,285.0,0.016,0.03,0.045,0.058,0.071,0.084,0.096,0.107,0.118,0.129,0.139,0.148,0.197,0.233,0.259,0.277,0.295,0.298,0.291,0.28,0.265,0.25,0.235,0.171
284.0,286.0,0.016,0.03,0.045,0.058,0.071,0.084,0.096,0.107,0.118,0.129,0.139,0.148,0.197,0.233,0.259,0.277,0.295,0.298,0.291,0.28,0.265,0.25,0.235,0.171
284.0,287.0,0.016,0.031,0.045,0.059,0.072,0.085,0.097,0.109,0.12,0.13,0.14,0.15,0.199,0.235,0.261,0.278,0.296,0.298,0.29,0.278,0.263,0.248,0.232,0.169
284.0,288.0,0.016,0.031,0.046,0.06,0.073,0.086,0.098,0.11,0.121,0.132,0.142,0.152,0.201,0.237,0.262,0.28,0.296,0.297,0.289,0.276,0.261,0.245,0.23,0.166
284.0,289.0,0.016,0.032,0.047,0.061,0.074,0.087,0.1,0.112,0.123,0.134,0.144,0.154,0.203,0.239,0.264,0.281,0.297,0.297,0.288,0.275,0.259,0.243,0.227,0.164
284.0,290.0,0.016,0.032,0.047,0.062,0.075,0.088,0.101,0.113,0.124,0.135,0.145,0.155,0.205,0.24,0.265,0.282,0.297,0.297,0.287,0.273,0.258,0.241,0.225,0.162
284.0,291.0,0.017,0.033,0.048,0.062,0.076,0.089,0.102,0.114,0.125,0.136,0.147,0.156,0.206,0.242,0.267,0.283,0.297,0.296,0.287,0.272,0.256,0.24,0.224,0.16
284.0,292.0,0.017,0.033,0.048,0.063,0.077,0.09,0.103,0.115,0.126,0.137,0.148,0.158,0.207,0.243,0.268,0.284,0.298,0.296,0.286,0.271,0.255,0.238,0.222,0.159
284.0,293.0,0.017,0.033,0.049,0.063,0.077,0.091,0.104,0.116,0.127,0.138,0.149,0.159,0.208,0.244,0.268,0.284,0.298,0.296,0.285,0.27,0.254,0.237,0.221,0.158
284.0,294.0,0.017,0.033,0.049,0.064,0.078,0.091,0.104,0.116,0.128,0.139,0.149,0.159,0.209,0.245,0.269,0.285,0.298,0.295,0.285,0.269,0.253,0.236,0.22,0.157
284.0,295.0,0.017,0.034,0.049,0.064,0.078,0.092,0.105,0.117,0.129,0.14,0.15,0.16,0.21,0.245,0.27,0.285,0.298,0.295,0.284,0.269,0.252,0.235,0.219,0.156
284.0,296.0,0.017,0.034,0.049,0.064,0.079,0.092,0.105,0.118,0.129,0.14,0.151,0.161,0.211,0.246,0.27,0.286,0.298,0.295,0.283,0.268,0.251,0.234,0.218,0.155
285.0,286.0,0.016,0.031,0.046,0.06,0.074,0.086,0.099,0.11,0.121,0.132,0.142,0.152,0.201,0.237,0.263,0.28,0.296,0.297,0.289,0.276,0.261,0.245,0.23,0.166
285.0,287.0,0.016,0.032,0.047,0.062,0.075,0.088,0.101,0.113,0.124,0.135,0.145,0.155,0.205,0.24,0.265,0.282,0.297,0.297,0.287,0.273,0.258,0.241,0.225,0.162
285.0,288.0,0.017,0.033,0.048,0.063,0.077,0.09,0.103,0.115,0.126,0.137,0.148,0.158,0.207,0.243,0.267,0.284,0.298,0.296,0.286,0.271,0.255,0.238,0.222,0.159
285.0,289.0,0.017,0.033,0.049,0.064,0.078,0.091,0.104,0.116,0.128,0.139,0.149,0.159,0.209,0.245,0.269,0.285,0.298,0.296,0.285,0.27,0.253,0.236,0.22,0.157
285.0,290.0,0.017,0.034,0.049,0.064,0.078,0.092,0.105,0.117,0.129,0.14,0.15,0.16,0.21,0.246,0.27,0.285,0.298,0.295,0.284,0.268,0.251,0.234,0.218,0.155
285.0,291.0,0.017,0.034,0.05,0.065,0.079,0.093,0.106,0.118,0.13,0.141,0.151,0.161,0.211,0.247,0.271,0.286,0.298,0.295,0.283,0.267,0.25,0.233,0.217,0.154
285.0,292.0,0.017,0.034,0.05,0.065,0.079,0.093,0.106,0.118,0.13,0.141,0.152,0.162,0.212,0.247,0.271,0.286,0.298,0.295,0.283,0.267,0.25,0.232,0.216,0.154
285.0,293.0,0.018,0.034,0.05,0.065,0.08,0.093,0.106,0.119,0.131,0.142,0.152,0.162,0.213,0.248,0.272,0.287,0.298,0.294,0.282,0.266,0.249,0.232,0.216,0.153
285.0,294.0,0.018,0.034,0.05,0.065,0.08,0.094,0.107,0.119,0.131,0.142,0.153,0.163,0.213,0.248,0.272,0.287,0.298,0.294,0.282,0.266,0.249,0.231,0.215,0.153
285.0,295.0,0.018,0.034,0.05,0.066,0.08,0.094,0.107,0.119,0.131,0.142,0.153,0.163,0.213,0.248,0.272,0.287,0.298,0.294,0.282,0.266,0.248,0.231,0.215,0.152
285.0,296.0,0.018,0.034,0.05,0.066,0.08,0.094,0.107,0.12,0.131,0.143,0.153,0.163,0.213,0.249,0.272,0.287,0.298,0.294,0.282,0.265,0.248,0.231,0.214,0.152
285.0,297.0,0.018,0.035,0.051,0.066,0.08,0.094,0.107,0.12,0.132,0.143,0.153,0.164,0.214,0.249,0.272,0.287,0.298,0.294,0.282,0.265,0.248,0.231,0.214,0.152
286.0,287.0,0.017,0.033,0.049,0.064,0.078,0.091,0.104,0.116,0.128,0.139,0.149,0.159,0.209,0.244,0.269,0.285,0.298,0.296,0.285,0.27,0.253,0.236,0.22,0.157
286.0,288.0,0.018,0.036,0.052,0.068,0.082,0.097,0.11,0.123,0.135,0.146,0.157,0.167,0.217,0.252,0.275,0.289,0.298,0.292,0.279,0.262,0.244,0.226,0.209,0.147
286.0,289.0,0.019,0.037,0.055,0.071,0.086,0.101,0.115,0.128,0.14,0.152,0.163,0.173,0.224,0.258,0.28,0.292,0.298,0.289,0.273,0.255,0.236,0.218,0.201,0.14
286.0,290.0,0.02,0.039,0.056,0.073,0.089,0.104,0.118,0.132,0.144,0.156,0.167,0.178,0.228,0.262,0.283,0.294,0.298,0.287,0.269,0.25,0.23,0.212,0.195,0.135
286.0,291.0,0.02,0.039,0.058,0.075,0.091,0.106,0.12,0.134,0.147,0.159,0.17,0.18,0.231,0.264,0.284,0.295,0.297,0.285,0.267,0.247,0.227,0.209,0.192,0.133
286.0,292.0,0.02,0.04,0.058,0.075,0.092,0.107,0.121,0.135,0.148,0.16,0.171,0.182,0.232,0.265,0.285,0.295,0.297,0.284,0.266,0.245,0.226,0.207,0.19,0.131
286.0,293.0,0.021,0.04,0.058,0.075,0.092,0.107,0.122,0.135,0.148,0.16,0.171,0.182,0.233,0.265,0.285,0.295,0.297,0.284,0.266,0.245,0.225,0.207,0.19,0.131
286.0,294.0,0.02,0.04,0.058,0.075,0.091,0.107,0.121,0.135,0.147,0.16,0.171,0.181,0.232,0.265,0.285,0.295,0.297,0.284,0.266,0.246,0.226,0.207,0.191,0.132
286.0,295.0,0.02,0.039,0.058,0.075,0.091,0.106,0.12,0.134,0.147,0.159,0.17,0.18,0.231,0.264,0.284,0.295,0.297,0.285,0.267,0.247,0.227,0.209,0.192,0.133
286.0,296.0,0.02,0.039,0.057,0.074,0.09,0.105,0.119,0.133,0.145,0.157,0.168,0.179,0.23,0.263,0.283,0.294,0.297,0.286,0.268,0.248,0.229,0.21,0.194,0.134
286.0,297.0,0.02,0.039,0.056,0.073,0.089,0.104,0.118,0.131,0.144,0.156,0.167,0.178,0.228,0.262,0.283,0.294,0.298,0.287,0.27,0.25,0.231,0.212,0.196,0.136
286.0,298.0,0.02,0.038,0.056,0.072,0.088,0.103,0.117,0.13,0.143,0.154,0.165,0.176,0.227,0.26,0.281,0.293,0.298,0.288,0.271,0.252,0.233,0.214,0.198,0.138
287.0,288.0,0.015,0.029,0.043,0.056,0.068,0.081,0.092,0.103,0.114,0.124,0.134,0.143,0.191,0.227,0.254,0.273,0.293,0.298,0.294,0.284,0.271,0.256,0.241,0.178
287.0,289.0,0.015,0.029,0.042,0.055,0.068,0.08,0.092,0.103,0.113,0.123,0.133,0.142,0.19,0.226,0.253,0.272,0.293,0.298,0.294,0.284,0.271,0.257,0.243,0.18
287.0,290.0,0.015,0.03,0.044,0.057,0.07,0.082,0.094,0.106,0.116,0.127,0.137,0.146,0.194,0.231,0.257,0.275,0.295,0.298,0.292,0.281,0.268,0.253,0.238,0.174
287.0,291.0,0.016,0.031,0.046,0.059,0.073,0.085,0.098,0.109,0.12,0.131,0.141,0.151,0.2,0.236,0.261,0.279,0.296,0.298,0.29,0.277,0.263,0.247,0.231,0.168
287.0,292.0,0.016,0.032,0.047,0.061,0.075,0.088,0.101,0.113,0.124,0.135,0.145,0.155,0.204,0.24,0.265,0.282,0.297,0.297,0.288,0.274,0.258,0.242,0.226,0.163
287.0,293.0,0.017,0.033,0.048,0.063,0.077,0.091,0.103,0.115,0.127,0.138,0.148,0.158,0.208,0.244,0.268,0.284,0.298,0.296,0.285,0.271,0.254,0.237,0.221,0.158
287.0,294.0,0.017,0.034,0.049,0.064,0.079,0.092,0.105,0.118,0.129,0.14,0.151,0.161,0.211,0.246,0.27,0.286,0.298,0.295,0.283,0.268,0.251,0.234,0.218,0.155
287.0,295.0,0.018,0.034,0.05,0.065,0.08,0.094,0.107,0.119,0.131,0.142,0.153,0.163,0.213,0.248,0.272,0.287,0.298,0.294,0.282,0.266,0.249,0.231,0.215,0.152
287.0,296.0,0.018,0.035,0.051,0.066,0.081,0.095,0.108,0.12,0.132,0.144,0.154,0.164,0.215,0.25,0.273,0.288,0.298,0.294,0.281,0.264,0.247,0.229,0.213,0.151
287.0,297.0,0.018,0.035,0.051,0.067,0.082,0.096,0.109,0.121,0.133,0.145,0.155,0.166,0.216,0.251,0.274,0.288,0.298,0.293,0.28,0.263,0.245,0.228,0.211,0.149
287.0,298.0,0.018,0.035,0.052,0.067,0.082,0.096,0.109,0.122,0.134,0.145,0.156,0.166,0.217,0.252,0.275,0.289,0.298,0.293,0.279,0.262,0.244,0.227,0.21,0.148
287.0,299.0,0.018,0.036,0.052,0.068,0.083,0.097,0.11,0.123,0.135,0.146,0.157,0.167,0.217,0.252,0.275,0.289,0.298,0.292,0.279,0.262,0.243,0.226,0.209,0.147
288.0,289.0,0.013,0.026,0.039,0.051,0.062,0.073,0.084,0.094,0.104,0.114,0.123,0.132,0.178,0.214,0.242,0.262,0.288,0.297,0.297,0.291,0.281,0.269,0.256,0.195
288.0,290.0,0.013,0.026,0.038,0.05,0.062,0.073,0.083,0.093,0.103,0.113,0.122,0.131,0.177,0.212,0.24,0.261,0.287,0.297,0.298,0.292,0.282,0.271,0.258,0.197
288.0,291.0,0.013,0.026,0.039,0.051,0.062,0.073,0.084,0.094,0.104,0.114,0.123,0.132,0.178,0.214,0.242,0.262,0.288,0.297,0.297,0.291,0.281,0.269,0.256,0.195
288.0,292.0,0.014,0.027,0.039,0.052,0.063,0.075,0.086,0.096,0.106,0.116,0.125,0.134,0.181,0.217,0.244,0.264,0.289,0.298,0.297,0.29,0.279,0.267,0.253,0.192
288.0,293.0,0.014,0.027,0.04,0.053,0.065,0.076,0.087,0.098,0.108,0.118,0.127,0.136,0.183,0.219,0.246,0.266,0.29,0.298,0.296,0.289,0.277,0.264,0.251,0.189
288.0,294.0,0.014,0.028,0.041,0.053,0.066,0.077,0.088,0.099,0.109,0.119,0.129,0.138,0.185,0.221,0.248,0.268,0.291,0.298,0.296,0.287,0.276,0.262,0.248,0.186
288.0,295.0,0.014,0.028,0.041,0.054,0.066,0.078,0.09,0.1,0.111,0.121,0.13,0.139,0.187,0.223,0.25,0.27,0.292,0.298,0.295,0.286,0.274,0.26,0.246,0.184
288.0,296.0,0.015,0.028,0.042,0.055,0.067,0.079,0.09,0.101,0.112,0.122,0.132,0.141,0.188,0.225,0.251,0.271,0.292,0.298,0.295,0.285,0.273,0.259,0.245,0.182
288.0,297.0,0.015,0.029,0.042,0.055,0.068,0.08,0.091,0.102,0.113,0.123,0.133,0.142,0.19,0.226,0.253,0.272,0.293,0.298,0.294,0.285,0.272,0.258,0.243,0.18
288.0,298.0,0.015,0.029,0.043,0.056,0.068,0.08,0.092,0.103,0.114,0.124,0.134,0.143,0.191,0.227,0.254,0.273,0.293,0.298,0.294,0.284,0.271,0.256,0.242,0.179
288.0,299.0,0.015,0.029,0.043,0.056,0.069,0.081,0.093,0.104,0.114,0.125,0.134,0.144,0.192,0.228,0.254,0.273,0.294,0.298,0.294,0.283,0.27,0.255,0.241,0.178
288.0,300.0,0.015,0.029,0.043,0.057,0.069,0.081,0.093,0.104,0.115,0.125,0.135,0.144,0.193,0.229,0.255,0.274,0.294,0.298,0.293,0.283,0.269,0.255,0.24,0.176
289.0,290.0,0.015,0.03,0.044,0.058,0.071,0.083,0.095,0.106,0.117,0.128,0.138,0.147,0.196,0.232,0.258,0.276,0.295,0.298,0.292,0.28,0.266,0.251,0.236,0.173
289.0,291.0,0.016,0.032,0.047,0.061,0.074,0.087,0.1,0.112,0.123,0.133,0.144,0.153,0.203,0.239,0.264,0.281,0.297,0.297,0.288,0.275,0.259,0.243,0.228,0.164
289.0,292.0,0.017,0.033,0.048,0.063,0.076,0.09,0.102,0.114,0.126,0.137,0.147,0.157,0.206,0.242,0.267,0.283,0.298,0.296,0.286,0.272,0.256,0.239,0.223,0.16
289.0,293.0,0.017,0.033,0.049,0.063,0.078,0.091,0.104,0.116,0.127,0.138,0.149,0.159,0.209,0.244,0.269,0.284,0.298,0.296,0.285,0.27,0.253,0.237,0.22,0.157
289.0,294.0,0.017,0.033,0.049,0.064,0.078,0.092,0.104,0.117,0.128,0.139,0.15,0.16,0.21,0.245,0.269,0.285,0.298,0.295,0.284,0.269,0.252,0.235,0.219,0.156
289.0,295.0,0.017,0.034,0.049,0.064,0.078,0.092,0.105,0.117,0.129,0.14,0.15,0.16,0.21,0.246,0.27,0.285,0.298,0.295,0.284,0.268,0.252,0.235,0.218,0.156
289.0,296.0,0.017,0.034,0.049,0.064,0.079,0.092,0.105,0.117,0.129,0.14,0.151,0.161,0.21,0.246,0.27,0.285,0.298,0.295,0.284,0.268,0.251,0.234,0.218,0.155
289.0,297.0,0.017,0.034,0.049,0.064,0.079,0.092,0.105,0.117,0.129,0.14,0.151,0.161,0.21,0.246,0.27,0.285,0.298,0.295,0.284,0.268,0.251,0.234,0.218,0.155
289.0,298.0,0.017,0.034,0.049,0.064,0.078,0.092,0.105,0.117,0.129,0.14,0.15,0.16,0.21,0.246,0.27,0.285,0.298,0.295,0.284,0.268,0.252,0.235,0.218,0.156
289.0,299.0,0.017,0.034,0.049,0.064,0.078,0.092,0.105,0.117,0.129,0.14,0.15,0.16,0.21,0.246,0.27,0.285,0.298,0.295,0.284,0.269,0.252,0.235,0.219,0.156
289.0,300.0,0.017,0.034,0.049,0.064,0.078,0.092,0.105,0.117,0.128,0.139,0.15,0.16,0.21,0.245,0.27,0.285,0.298,0.295,0.284,0.269,0.252,0.235,0.219,0.156
289.0,301.0,0.017,0.033,0.049,0.064,0.078,0.092,0.104,0.117,0.128,0.139,0.15,0.16,0.21,0.245,0.269,0.285,0.298,0.295,0.284,0.269,0.252,0.235,0.219,0.156
290.0,291.0,0.015,0.03,0.045,0.058,0.071,0.084,0.096,0.107,0.118,0.128,0.138,0.148,0.197,0.233,0.259,0.277,0.295,0.298,0.291,0.28,0.265,0.25,0.235,0.172
290.0,292.0,0.016,0.031,0.046,0.06,0.073,0.086,0.098,0.109,0.121,0.131,0.141,0.151,0.2,0.236,0.262,0.279,0.296,0.298,0.29,0.277,0.262,0.247,0.231,0.168
290.0,293.0,0.016,0.032,0.047,0.061,0.075,0.088,0.1,0.112,0.123,0.134,0.144,0.154,0.203,0.239,0.264,0.281,0.297,0.297,0.288,0.275,0.259,0.243,0.227,0.164
290.0,294.0,0.017,0.032,0.048,0.062,0.076,0.089,0.102,0.114,0.125,0.136,0.146,0.156,0.206,0.241,0.266,0.283,0.297,0.296,0.287,0.273,0.257,0.24,0.224,0.161
290.0,295.0,0.017,0.033,0.048,0.063,0.077,0.09,0.103,0.115,0.126,0.137,0.148,0.158,0.207,0.243,0.268,0.284,0.298,0.296,0.286,0.271,0.255,0.238,0.222,0.159
290.0,296.0,0.017,0.033,0.049,0.063,0.077,0.091,0.104,0.116,0.127,0.138,0.149,0.159,0.208,0.244,0.268,0.284,0.298,0.296,0.285,0.27,0.254,0.237,0.221,0.158
290.0,297.0,0.017,0.033,0.049,0.064,0.078,0.091,0.104,0.116,0.128,0.139,0.149,0.159,0.209,0.245,0.269,0.285,0.298,0.296,0.285,0.27,0.253,0.236,0.22,0.157
290.0,298.0,0.017,0.033,0.049,0.064,0.078,0.091,0.104,0.116,0.128,0.139,0.15,0.159,0.209,0.245,0.269,0.285,0.298,0.295,0.284,0.269,0.253,0.236,0.22,0.157
290.0,299.0,0.017,0.033,0.049,0.064,0.078,0.091,0.104,0.116,0.128,0.139,0.15,0.16,0.209,0.245,0.269,0.285,0.298,0.295,0.284,0.269,0.252,0.236,0.219,0.157
290.0,300.0,0.017,0.033,0.049,0.064,0.078,0.091,0.104,0.116,0.128,0.139,0.15,0.159,0.209,0.245,0.269,0.285,0.298,0.295,0.284,0.269,0.253,0.236,0.22,0.157
290.0,301.0,0.017,0.033,0.049,0.064,0.078,0.091,0.104,0.116,0.128,0.139,0.149,0.159,0.209,0.245,0.269,0.285,0.298,0.295,0.285,0.269,0.253,0.236,0.22,0.157
290.0,302.0,0.017,0.033,0.049,0.064,0.078,0.091,0.104,0.116,0.128,0.139,0.149,0.159,0.209,0.244,0.269,0.285,0.298,0.296,0.285,0.27,0.253,0.236,0.22,0.157
291.0,292.0,0.014,0.027,0.04,0.053,0.065,0.076,0.088,0.098,0.108,0.118,0.128,0.137,0.184,0.22,0.247,0.267,0.29,0.298,0.296,0.288,0.277,0.264,0.25,0.188
291.0,293.0,0.014,0.027,0.04,0.052,0.064,0.075,0.086,0.097,0.107,0.117,0.126,0.135,0.182,0.218,0.245,0.265,0.289,0.298,0.297,0.289,0.278,0.266,0.252,0.19
291.0,294.0,0.014,0.027,0.04,0.052,0.064,0.076,0.087,0.097,0.108,0.117,0.127,0.136,0.183,0.219,0.246,0.266,0.29,0.298,0.296,0.289,0.278,0.265,0.251,0.189
291.0,295.0,0.014,0.028,0.041,0.053,0.065,0.077,0.088,0.099,0.109,0.119,0.128,0.137,0.185,0.221,0.248,0.268,0.291,0.298,0.296,0.288,0.276,0.263,0.249,0.187
291.0,296.0,0.014,0.028,0.041,0.054,0.066,0.078,0.089,0.1,0.11,0.12,0.13,0.139,0.187,0.223,0.25,0.269,0.292,0.298,0.295,0.287,0.274,0.261,0.247,0.184
291.0,297.0,0.015,0.029,0.042,0.055,0.067,0.079,0.09,0.101,0.112,0.122,0.132,0.141,0.188,0.225,0.251,0.271,0.292,0.298,0.295,0.285,0.273,0.259,0.245,0.182
291.0,298.0,0.015,0.029,0.042,0.055,0.068,0.08,0.092,0.103,0.113,0.123,0.133,0.142,0.19,0.226,0.253,0.272,0.293,0.298,0.294,0.284,0.271,0.257,0.243,0.18
291.0,299.0,0.015,0.029,0.043,0.056,0.069,0.081,0.092,0.104,0.114,0.124,0.134,0.144,0.192,0.228,0.254,0.273,0.294,0.298,0.294,0.283,0.27,0.256,0.241,0.178
291.0,300.0,0.015,0.029,0.043,0.057,0.069,0.082,0.093,0.104,0.115,0.125,0.135,0.145,0.193,0.229,0.255,0.274,0.294,0.298,0.293,0.282,0.269,0.254,0.239,0.176
291.0,301.0,0.015,0.03,0.044,0.057,0.07,0.082,0.094,0.105,0.116,0.126,0.136,0.146,0.194,0.23,0.256,0.275,0.294,0.298,0.293,0.282,0.268,0.253,0.238,0.175
291.0,302.0,0.015,0.03,0.044,0.058,0.07,0.083,0.095,0.106,0.117,0.127,0.137,0.147,0.195,0.231,0.257,0.276,0.295,0.298,0.292,0.281,0.267,0.252,0.237,0.174
291.0,303.0,0.015,0.03,0.044,0.058,0.071,0.083,0.095,0.107,0.118,0.128,0.138,0.147,0.196,0.232,0.258,0.276,0.295,0.298,0.292,0.28,0.266,0.251,0.236,0.172
292.0,293.0,0.016,0.031,0.046,0.06,0.074,0.087,0.099,0.111,0.122,0.132,0.143,0.152,0.201,0.237,0.263,0.28,0.297,0.297,0.289,0.276,0.261,0.245,0.229,0.166
292.0,294.0,0.017,0.033,0.048,0.063,0.077,0.09,0.103,0.115,0.127,0.138,0.148,0.158,0.208,0.243,0.268,0.284,0.298,0.296,0.285,0.271,0.254,0.238,0.221,0.158
292.0,295.0,0.017,0.034,0.05,0.064,0.079,0.092,0.105,0.118,0.129,0.14,0.151,0.161,0.211,0.246,0.27,0.286,0.298,0.295,0.283,0.268,0.251,0.234,0.218,0.155
292.0,296.0,0.018,0.034,0.05,0.065,0.08,0.093,0.106,0.119,0.131,0.142,0.152,0.162,0.212,0.248,0.272,0.287,0.298,0.294,0.282,0.266,0.249,0.232,0.216,0.153
292.0,297.0,0.018,0.034,0.05,0.066,0.08,0.094,0.107,0.12,0.131,0.143,0.153,0.163,0.213,0.249,0.272,0.287,0.298,0.294,0.282,0.266,0.248,0.231,0.214,0.152
292.0,298.0,0.018,0.035,0.051,0.066,0.08,0.094,0.107,0.12,0.132,0.143,0.154,0.164,0.214,0.249,0.273,0.287,0.298,0.294,0.281,0.265,0.247,0.23,0.214,0.151
292.0,299.0,0.018,0.035,0.051,0.066,0.081,0.095,0.108,0.12,0.132,0.143,0.154,0.164,0.214,0.249,0.273,0.288,0.298,0.294,0.281,0.265,0.247,0.23,0.213,0.151
292.0,300.0,0.018,0.035,0.051,0.066,0.081,0.095,0.108,0.12,0.132,0.143,0.154,0.164,0.214,0.25,0.273,0.288,0.298,0.294,0.281,0.265,0.247,0.23,0.213,0.151
292.0,301.0,0.018,0.035,0.051,0.066,0.081,0.095,0.108,0.12,0.132,0.144,0.154,0.164,0.215,0.25,0.273,0.288,0.298,0.294,0.281,0.264,0.247,0.229,0.213,0.151
292.0,302.0,0.018,0.035,0.051,0.066,0.081,0.095,0.108,0.12,0.132,0.144,0.154,0.164,0.215,0.25,0.273,0.288,0.298,0.294,0.281,0.264,0.247,0.229,0.213,0.151
292.0,303.0,0.018,0.035,0.051,0.066,0.081,0.095,0.108,0.12,0.132,0.144,0.154,0.164,0.215,0.25,0.273,0.288,0.298,0.294,0.281,0.264,0.247,0.229,0.213,0.151
292.0,304.0,0.018,0.035,0.051,0.066,0.081,0.095,0.108,0.12,0.132,0.144,0.154,0.164,0.215,0.25,0.273,0.288,0.298,0.294,0.281,0.264,0.247,0.229,0.213,0.151
293.0,294.0,0.017,0.033,0.048,0.063,0.077,0.09,0.103,0.115,0.126,0.137,0.147,0.157,0.207,0.243,0.267,0.283,0.298,0.296,0.286,0.271,0.255,0.238,0.222,0.159
293.0,295.0,0.017,0.034,0.05,0.065,0.079,0.092,0.105,0.118,0.129,0.141,0.151,0.161,0.211,0.246,0.271,0.286,0.298,0.295,0.283,0.268,0.251,0.234,0.217,0.155
293.0,296.0,0.018,0.034,0.05,0.066,0.08,0.094,0.107,0.119,0.131,0.142,0.153,0.163,0.213,0.248,0.272,0.287,0.298,0.294,0.282,0.266,0.248,0.231,0.215,0.152
293.0,297.0,0.018,0.035,0.051,0.066,0.081,0.095,0.108,0.12,0.132,0.143,0.154,0.164,0.214,0.25,0.273,0.288,0.298,0.294,0.281,0.265,0.247,0.23,0.213,0.151
293.0,298.0,0.018,0.035,0.051,0.066,0.081,0.095,0.108,0.121,0.133,0.144,0.155,0.165,0.215,0.25,0.273,0.288,0.298,0.293,0.281,0.264,0.246,0.229,0.213,0.15
293.0,299.0,0.018,0.035,0.051,0.066,0.081,0.095,0.108,0.121,0.133,0.144,0.155,0.165,0.215,0.25,0.273,0.288,0.298,0.293,0.281,0.264,0.246,0.229,0.212,0.15
293.0,300.0,0.018,0.035,0.051,0.066,0.081,0.095,0.108,0.121,0.133,0.144,0.154,0.165,0.215,0.25,0.273,0.288,0.298,0.294,0.281,0.264,0.247,0.229,0.213,0.15
293.0,301.0,0.018,0.035,0.051,0.066,0.081,0.095,0.108,0.12,0.132,0.143,0.154,0.164,0.214,0.25,0.273,0.288,0.298,0.294,0.281,0.264,0.247,0.23,0.213,0.151
293.0,302.0,0.018,0.035,0.051,0.066,0.081,0.094,0.108,0.12,0.132,0.143,0.154,0.164,0.214,0.249,0.273,0.287,0.298,0.294,0.281,0.265,0.247,0.23,0.214,0.151
293.0,303.0,0.018,0.034,0.05,0.066,0.08,0.094,0.107,0.12,0.131,0.143,0.153,0.163,0.214,0.249,0.272,0.287,0.298,0.294,0.282,0.265,0.248,0.231,0.214,0.152
293.0,304.0,0.018,0.034,0.05,0.065,0.08,0.094,0.107,0.119,0.131,0.142,0.153,0.163,0.213,0.248,0.272,0.287,0.298,0.294,0.282,0.266,0.249,0.231,0.215,0.152
293.0,305.0,0.018,0.034,0.05,0.065,0.08,0.093,0.106,0.119,0.131,0.142,0.152,0.162,0.212,0.248,0.272,0.287,0.298,0.294,0.282,0.266,0.249,0.232,0.216,0.153
294.0,295.0,0.018,0.035,0.051,0.066,0.08,0.094,0.107,0.12,0.132,0.143,0.153,0.164,0.214,0.249,0.273,0.287,0.298,0.294,0.281,0.265,0.248,0.23,0.214,0.152
294.0,296.0,0.018,0.035,0.051,0.067,0.081,0.095,0.108,0.121,0.133,0.144,0.155,0.165,0.215,0.25,0.274,0.288,0.298,0.293,0.28,0.264,0.246,0.229,0.212,0.15
294.0,297.0,0.018,0.035,0.051,0.067,0.082,0.096,0.109,0.121,0.133,0.145,0.156,0.166,0.216,0.251,0.274,0.288,0.298,0.293,0.28,0.263,0.245,0.228,0.211,0.149
294.0,298.0,0.018,0.035,0.052,0.067,0.082,0.096,0.109,0.122,0.134,0.145,0.156,0.166,0.216,0.251,0.274,0.289,0.298,0.293,0.28,0.263,0.245,0.227,0.211,0.149
294.0,299.0,0.018,0.035,0.052,0.067,0.082,0.096,0.109,0.122,0.134,0.145,0.156,0.166,0.216,0.251,0.274,0.289,0.298,0.293,0.28,0.263,0.245,0.227,0.211,0.149
294.0,300.0,0.018,0.035,0.052,0.067,0.082,0.096,0.109,0.122,0.134,0.145,0.156,0.166,0.216,0.251,0.274,0.289,0.298,0.293,0.28,0.263,0.245,0.227,0.211,0.149
294.0,301.0,0.018,0.035,0.052,0.067,0.082,0.096,0.109,0.122,0.134,0.145,0.156,0.166,0.216,0.251,0.274,0.289,0.298,0.293,0.28,0.263,0.245,0.227,0.211,0.149
294.0,302.0,0.018,0.035,0.052,0.067,0.082,0.096,0.109,0.122,0.134,0.145,0.156,0.166,0.216,0.251,0.274,0.289,0.298,0.293,0.279,0.263,0.245,0.227,0.211,0.149
294.0,303.0,0.018,0.035,0.052,0.067,0.082,0.096,0.109,0.122,0.134,0.145,0.156,0.166,0.216,0.251,0.275,0.289,0.298,0.293,0.279,0.263,0.245,0.227,0.211,0.149
294.0,304.0,0.018,0.035,0.052,0.067,0.082,0.096,0.109,0.122,0.134,0.145,0.156,0.166,0.216,0.251,0.275,0.289,0.298,0.293,0.279,0.263,0.245,0.227,0.211,0.149
294.0,305.0,0.018,0.035,0.052,0.067,0.082,0.096,0.109,0.122,0.134,0.145,0.156,0.166,0.217,0.251,0.275,0.289,0.298,0.293,0.279,0.263,0.245,0.227,0.211,0.148
294.0,306.0,0.018,0.035,0.052,0.067,0.082,0.096,0.109,0.122,0.134,0.145,0.156,0.166,0.217,0.251,0.275,0.289,0.298,0.293,0.279,0.262,0.245,0.227,0.21,0.148
295.0,296.0,0.018,0.035,0.051,0.066,0.08,0.094,0.107,0.12,0.132,0.143,0.153,0.163,0.214,0.249,0.272,0.287,0.298,0.294,0.282,0.265,0.248,0.231,0.214,0.152
295.0,297.0,0.018,0.034,0.05,0.066,0.08,0.094,0.107,0.12,0.131,0.143,0.153,0.163,0.213,0.249,0.272,0.287,0.298,0.294,0.282,0.265,0.248,0.231,0.214,0.152
295.0,298.0,0.018,0.034,0.05,0.066,0.08,0.094,0.107,0.12,0.131,0.143,0.153,0.163,0.213,0.249,0.272,0.287,0.298,0.294,0.282,0.265,0.248,0.231,0.214,0.152
295.0,299.0,0.018,0.035,0.051,0.066,0.08,0.094,0.107,0.12,0.132,0.143,0.153,0.164,0.214,0.249,0.272,0.287,0.298,0.294,0.282,0.265,0.248,0.231,0.214,0.152
295.0,300.0,0.018,0.035,0.051,0.066,0.08,0.094,0.107,0.12,0.132,0.143,0.154,0.164,0.214,0.249,0.273,0.287,0.298,0.294,0.281,0.265,0.248,0.23,0.214,0.152
295.0,301.0,0.018,0.035,0.051,0.066,0.08,0.094,0.107,0.12,0.132,0.143,0.154,0.164,0.214,0.249,0.273,0.287,0.298,0.294,0.281,0.265,0.247,0.23,0.214,0.151
295.0,302.0,0.018,0.035,0.051,0.066,0.081,0.094,0.108,0.12,0.132,0.143,0.154,0.164,0.214,0.249,0.273,0.287,0.298,0.294,0.281,0.265,0.247,0.23,0.214,0.151
295.0,303.0,0.018,0.035,0.051,0.066,0.081,0.095,0.108,0.12,0.132,0.143,0.154,0.164,0.214,0.249,0.273,0.288,0.298,0.294,0.281,0.265,0.247,0.23,0.213,0.151
295.0,304.0,0.018,0.035,0.051,0.066,0.081,0.095,0.108,0.12,0.132,0.143,0.154,0.164,0.214,0.25,0.273,0.288,0.298,0.294,0.281,0.265,0.247,0.23,0.213,0.151
295.0,305.0,0.018,0.035,0.051,0.066,0.081,0.095,0.108,0.12,0.132,0.144,0.154,0.164,0.215,0.25,0.273,0.288,0.298,0.294,0.281,0.264,0.247,0.229,0.213,0.151
295.0,306.0,0.018,0.035,0.051,0.066,0.081,0.095,0.108,0.121,0.132,0.144,0.154,0.165,0.215,0.25,0.273,0.288,0.298,0.294,0.281,0.264,0.247,0.229,0.213,0.151
295.0,307.0,0.018,0.035,0.051,0.066,0.081,0.095,0.108,0.121,0.133,0.144,0.155,0.165,0.215,0.25,0.273,0.288,0.298,0.294,0.281,0.264,0.246,0.229,0.213,0.15
296.0,297.0,0.017,0.034,0.05,0.065,0.08,0.093,0.106,0.119,0.13,0.142,0.152,0.162,0.212,0.248,0.271,0.287,0.298,0.294,0.282,0.267,0.249,0.232,0.216,0.153
296.0,298.0,0.017,0.034,0.05,0.065,0.079,0.093,0.106,0.118,0.13,0.141,0.152,0.162,0.212,0.247,0.271,0.286,0.298,0.295,0.283,0.267,0.25,0.233,0.216,0.154
296.0,299.0,0.017,0.034,0.05,0.065,0.079,0.093,0.106,0.118,0.13,0.141,0.152,0.162,0.212,0.247,0.271,0.286,0.298,0.295,0.283,0.267,0.25,0.233,0.216,0.154
296.0,300.0,0.017,0.034,0.05,0.065,0.08,0.093,0.106,0.119,0.13,0.142,0.152,0.162,0.212,0.247,0.271,0.286,0.298,0.294,0.283,0.267,0.249,0.232,0.216,0.153
296.0,301.0,0.018,0.034,0.05,0.065,0.08,0.093,0.106,0.119,0.13,0.142,0.152,0.162,0.212,0.248,0.272,0.287,0.298,0.294,0.282,0.266,0.249,0.232,0.216,0.153
296.0,302.0,0.018,0.034,0.05,0.065,0.08,0.093,0.106,0.119,0.131,0.142,0.152,0.162,0.212,0.248,0.272,0.287,0.298,0.294,0.282,0.266,0.249,0.232,0.216,0.153
296.0,303.0,0.018,0.034,0.05,0.065,0.08,0.093,0.106,0.119,0.131,0.142,0.152,0.162,0.213,0.248,0.272,0.287,0.298,0.294,0.282,0.266,0.249,0.232,0.216,0.153
296.0,304.0,0.018,0.034,0.05,0.065,0.08,0.093,0.106,0.119,0.131,0.142,0.152,0.163,0.213,0.248,0.272,0.287,0.298,0.294,0.282,0.266,0.249,0.232,0.215,0.153
296.0,305.0,0.018,0.034,0.05,0.065,0.08,0.093,0.106,0.119,0.131,0.142,0.152,0.163,0.213,0.248,0.272,0.287,0.298,0.294,0.282,0.266,0.249,0.232,0.215,0.153
296.0,306.0,0.018,0.034,0.05,0.065,0.08,0.093,0.106,0.119,0.131,0.142,0.152,0.163,0.213,0.248,0.272,0.287,0.298,0.294,0.282,0.266,0.249,0.232,0.215,0.153
296.0,307.0,0.018,0.034,0.05,0.065,0.08,0.093,0.107,0.119,0.131,0.142,0.152,0.163,0.213,0.248,0.272,0.287,0.298,0.294,0.282,0.266,0.249,0.232,0.215,0.153
296.0,308.0,0.018,0.034,0.05,0.065,0.08,0.093,0.107,0.119,0.131,0.142,0.152,0.163,0.213,0.248,0.272,0.287,0.298,0.294,0.282,0.266,0.249,0.232,0.215,0.153
297.0,298.0,0.017,0.034,0.05,0.065,0.079,0.092,0.105,0.118,0.129,0.141,0.151,0.161,0.211,0.246,0.271,0.286,0.298,0.295,0.283,0.268,0.251,0.234,0.217,0.155
297.0,299.0,0.017,0.034,0.049,0.064,0.079,0.092,0.105,0.117,0.129,0.14,0.151,0.161,0.21,0.246,0.27,0.286,0.298,0.295,0.284,0.268,0.251,0.234,0.218,0.155
297.0,300.0,0.017,0.034,0.049,0.064,0.079,0.092,0.105,0.117,0.129,0.14,0.151,0.161,0.211,0.246,0.27,0.286,0.298,0.295,0.284,0.268,0.251,0.234,0.218,0.155
297.0,301.0,0.017,0.034,0.049,0.064,0.079,0.092,0.105,0.118,0.129,0.14,0.151,0.161,0.211,0.246,0.27,0.286,0.298,0.295,0.283,0.268,0.251,0.234,0.218,0.155
297.0,302.0,0.017,0.034,0.05,0.065,0.079,0.092,0.105,0.118,0.129,0.141,0.151,0.161,0.211,0.246,0.271,0.286,0.298,0.295,0.283,0.268,0.251,0.234,0.217,0.155
297.0,303.0,0.017,0.034,0.05,0.065,0.079,0.093,0.106,0.118,0.13,0.141,0.151,0.161,0.211,0.247,0.271,0.286,0.298,0.295,0.283,0.267,0.25,0.233,0.217,0.154
297.0,304.0,0.017,0.034,0.05,0.065,0.079,0.093,0.106,0.118,0.13,0.141,0.152,0.162,0.212,0.247,0.271,0.286,0.298,0.295,0.283,0.267,0.25,0.233,0.217,0.154
297.0,305.0,0.017,0.034,0.05,0.065,0.079,0.093,0.106,0.118,0.13,0.141,0.152,0.162,0.212,0.247,0.271,0.286,0.298,0.295,0.283,0.267,0.25,0.233,0.216,0.154
297.0,306.0,0.017,0.034,0.05,0.065,0.079,0.093,0.106,0.119,0.13,0.141,0.152,0.162,0.212,0.247,0.271,0.286,0.298,0.294,0.283,0.267,0.249,0.232,0.216,0.153
297.0,307.0,0.018,0.034,0.05,0.065,0.08,0.093,0.106,0.119,0.131,0.142,0.152,0.162,0.212,0.248,0.272,0.287,0.298,0.294,0.282,0.266,0.249,0.232,0.216,0.153
297.0,308.0,0.018,0.034,0.05,0.065,0.08,0.093,0.107,0.119,0.131,0.142,0.153,0.163,0.213,0.248,0.272,0.287,0.298,0.294,0.282,0.266,0.249,0.232,0.215,0.153
297.0,309.0,0.018,0.034,0.05,0.065,0.08,0.094,0.107,0.119,0.131,0.142,0.153,0.163,0.213,0.248,0.272,0.287,0.298,0.294,0.282,0.266,0.249,0.231,0.215,0.153
298.0,299.0,0.018,0.034,0.05,0.066,0.08,0.094,0.107,0.119,0.131,0.142,0.153,0.163,0.213,0.248,0.272,0.287,0.298,0.294,0.282,0.266,0.248,0.231,0.215,0.152
298.0,300.0,0.018,0.035,0.051,0.066,0.081,0.095,0.108,0.12,0.132,0.143,0.154,0.164,0.214,0.249,0.273,0.288,0.298,0.294,0.281,0.265,0.247,0.23,0.213,0.151
298.0,301.0,0.018,0.035,0.051,0.067,0.081,0.095,0.109,0.121,0.133,0.144,0.155,0.165,0.216,0.251,0.274,0.288,0.298,0.293,0.28,0.263,0.246,0.228,0.212,0.149
298.0,302.0,0.018,0.035,0.052,0.067,0.082,0.096,0.109,0.122,0.134,0.145,0.156,0.166,0.217,0.252,0.275,0.289,0.298,0.293,0.279,0.262,0.244,0.227,0.21,0.148
298.0,303.0,0.018,0.036,0.052,0.068,0.083,0.097,0.11,0.123,0.135,0.146,0.157,0.167,0.218,0.253,0.275,0.289,0.298,0.292,0.279,0.261,0.243,0.226,0.209,0.147
298.0,304.0,0.018,0.036,0.052,0.068,0.083,0.097,0.111,0.124,0.136,0.147,0.158,0.168,0.219,0.253,0.276,0.29,0.298,0.292,0.278,0.26,0.242,0.225,0.208,0.146
298.0,305.0,0.018,0.036,0.053,0.069,0.084,0.098,0.111,0.124,0.136,0.148,0.159,0.169,0.219,0.254,0.277,0.29,0.298,0.292,0.277,0.26,0.241,0.224,0.207,0.145
298.0,306.0,0.019,0.036,0.053,0.069,0.084,0.098,0.112,0.125,0.137,0.148,0.159,0.169,0.22,0.254,0.277,0.29,0.298,0.291,0.277,0.259,0.241,0.223,0.206,0.145
298.0,307.0,0.019,0.036,0.053,0.069,0.084,0.099,0.112,0.125,0.137,0.149,0.16,0.17,0.22,0.255,0.277,0.291,0.298,0.291,0.276,0.259,0.24,0.222,0.206,0.144
298.0,308.0,0.019,0.036,0.053,0.069,0.084,0.099,0.112,0.125,0.138,0.149,0.16,0.17,0.221,0.255,0.278,0.291,0.298,0.291,0.276,0.258,0.24,0.222,0.205,0.144
298.0,309.0,0.019,0.037,0.053,0.07,0.085,0.099,0.113,0.126,0.138,0.15,0.16,0.171,0.221,0.256,0.278,0.291,0.298,0.291,0.276,0.258,0.239,0.221,0.205,0.143
298.0,310.0,0.019,0.037,0.054,0.07,0.085,0.099,0.113,0.126,0.138,0.15,0.161,0.171,0.222,0.256,0.278,0.291,0.298,0.29,0.275,0.257,0.239,0.221,0.204,0.143
299.0,300.0,0.016,0.031,0.046,0.06,0.073,0.086,0.098,0.11,0.121,0.131,0.142,0.151,0.2,0.236,0.262,0.279,0.296,0.298,0.29,0.277,0.262,0.246,0.231,0.167
299.0,301.0,0.016,0.031,0.045,0.059,0.072,0.085,0.097,0.108,0.12,0.13,0.14,0.15,0.199,0.235,0.26,0.278,0.296,0.298,0.291,0.278,0.264,0.248,0.233,0.169
299.0,302.0,0.016,0.031,0.045,0.059,0.072,0.085,0.097,0.108,0.119,0.13,0.14,0.15,0.198,0.234,0.26,0.278,0.296,0.298,0.291,0.278,0.264,0.248,0.233,0.17
299.0,303.0,0.016,0.031,0.045,0.059,0.072,0.085,0.097,0.109,0.12,0.13,0.14,0.15,0.199,0.235,0.26,0.278,0.296,0.298,0.291,0.278,0.264,0.248,0.233,0.169
299.0,304.0,0.016,0.031,0.045,0.059,0.072,0.085,0.097,0.109,0.12,0.13,0.14,0.15,0.199,0.235,0.261,0.278,0.296,0.298,0.29,0.278,0.263,0.248,0.232,0.169
299.0,305.0,0.016,0.031,0.045,0.059,0.072,0.085,0.097,0.109,0.12,0.13,0.141,0.15,0.199,0.235,0.261,0.278,0.296,0.298,0.29,0.278,0.263,0.248,0.232,0.169
299.0,306.0,0.016,0.031,0.045,0.059,0.072,0.085,0.097,0.109,0.12,0.13,0.141,0.15,0.199,0.235,0.261,0.278,0.296,0.298,0.29,0.278,0.263,0.248,0.232,0.169
299.0,307.0,0.016,0.031,0.045,0.059,0.072,0.085,0.097,0.109,0.12,0.13,0.141,0.15,0.199,0.235,0.261,0.278,0.296,0.298,0.29,0.278,0.263,0.248,0.232,0.169
299.0,308.0,0.016,0.031,0.045,0.059,0.072,0.085,0.097,0.109,0.12,0.13,0.14,0.15,0.199,0.235,0.261,0.278,0.296,0.298,0.29,0.278,0.263,0.248,0.232,0.169
299.0,309.0,0.016,0.031,0.045,0.059,0.072,0.085,0.097,0.109,0.12,0.13,0.14,0.15,0.199,0.235,0.261,0.278,0.296,0.298,0.29,0.278,0.263,0.248,0.232,0.169
299.0,310.0,0.016,0.031,0.045,0.059,0.072,0.085,0.097,0.109,0.12,0.13,0.14,0.15,0.199,0.235,0.261,0.278,0.296,0.298,0.29,0.278,0.263,0.248,0.233,0.169
299.0,311.0,0.016,0.031,0.045,0.059,0.072,0.085,0.097,0.109,0.12,0.13,0.14,0.15,0.199,0.235,0.26,0.278,0.296,0.298,0.291,0.278,0.264,0.248,0.233,0.169
300.0,301.0,0.019,0.038,0.055,0.071,0.087,0.101,0.115,0.128,0.141,0.153,0.164,0.174,0.225,0.259,0.28,0.292,0.298,0.289,0.273,0.254,0.235,0.217,0.2,0.14
300.0,302.0,0.02,0.039,0.057,0.074,0.09,0.105,0.119,0.132,0.145,0.157,0.168,0.179,0.229,0.263,0.283,0.294,0.297,0.286,0.269,0.249,0.229,0.211,0.194,0.135
300.0,303.0,0.02,0.039,0.057,0.074,0.09,0.105,0.119,0.133,0.146,0.158,0.169,0.179,0.23,0.263,0.284,0.294,0.297,0.286,0.268,0.248,0.228,0.21,0.193,0.134
300.0,304.0,0.02,0.039,0.057,0.074,0.09,0.105,0.119,0.132,0.145,0.157,0.168,0.179,0.229,0.263,0.283,0.294,0.297,0.286,0.269,0.249,0.229,0.211,0.194,0.135
300.0,305.0,0.02,0.039,0.056,0.073,0.089,0.104,0.118,0.131,0.144,0.156,0.167,0.177,0.228,0.262,0.282,0.294,0.298,0.287,0.27,0.25,0.231,0.212,0.196,0.136
300.0,306.0,0.02,0.038,0.056,0.072,0.088,0.103,0.117,0.13,0.143,0.155,0.166,0.176,0.227,0.261,0.282,0.293,0.298,0.288,0.271,0.252,0.232,0.214,0.197,0.137
300.0,307.0,0.019,0.038,0.055,0.072,0.087,0.102,0.116,0.129,0.142,0.154,0.165,0.175,0.226,0.26,0.281,0.293,0.298,0.288,0.272,0.253,0.234,0.216,0.199,0.138
300.0,308.0,0.019,0.038,0.055,0.071,0.087,0.101,0.115,0.128,0.141,0.153,0.164,0.174,0.225,0.259,0.28,0.292,0.298,0.289,0.273,0.254,0.235,0.217,0.2,0.14
300.0,309.0,0.019,0.037,0.054,0.071,0.086,0.101,0.115,0.128,0.14,0.152,0.163,0.173,0.224,0.258,0.28,0.292,0.298,0.289,0.274,0.255,0.236,0.218,0.201,0.141
300.0,310.0,0.019,0.037,0.054,0.07,0.086,0.1,0.114,0.127,0.139,0.151,0.162,0.172,0.223,0.257,0.279,0.292,0.298,0.29,0.274,0.256,0.237,0.219,0.202,0.141
300.0,311.0,0.019,0.037,0.054,0.07,0.085,0.1,0.114,0.127,0.139,0.15,0.161,0.172,0.222,0.257,0.279,0.291,0.298,0.29,0.275,0.257,0.238,0.22,0.203,0.142
300.0,312.0,0.019,0.037,0.054,0.07,0.085,0.099,0.113,0.126,0.138,0.15,0.161,0.171,0.222,0.256,0.278,0.291,0.298,0.29,0.275,0.257,0.239,0.221,0.204,0.143
301.0,302.0,0.018,0.035,0.052,0.067,0.082,0.096,0.11,0.122,0.134,0.146,0.156,0.167,0.217,0.252,0.275,0.289,0.298,0.293,0.279,0.262,0.244,0.227,0.21,0.148
301.0,303.0,0.018,0.035,0.051,0.067,0.081,0.095,0.109,0.121,0.133,0.144,0.155,0.165,0.216,0.251,0.274,0.288,0.298,0.293,0.28,0.263,0.246,0.228,0.212,0.15
301.0,304.0,0.018,0.035,0.051,0.067,0.082,0.096,0.109,0.121,0.133,0.145,0.155,0.166,0.216,0.251,0.274,0.288,0.298,0.293,0.28,0.263,0.245,0.228,0.211,0.149
301.0,305.0,0.018,0.035,0.052,0.067,0.082,0.096,0.109,0.122,0.134,0.145,0.156,0.166,0.216,0.251,0.274,0.289,0.298,0.293,0.28,0.263,0.245,0.227,0.211,0.149
301.0,306.0,0.018,0.035,0.052,0.067,0.082,0.096,0.109,0.122,0.134,0.145,0.156,0.166,0.216,0.251,0.274,0.289,0.298,0.293,0.28,0.263,0.245,0.227,0.211,0.149
301.0,307.0,0.018,0.035,0.052,0.067,0.082,0.096,0.109,0.122,0.134,0.145,0.156,0.166,0.216,0.251,0.274,0.289,0.298,0.293,0.28,0.263,0.245,0.227,0.211,0.149
301.0,308.0,0.018,0.035,0.051,0.067,0.082,0.096,0.109,0.121,0.133,0.145,0.155,0.166,0.216,0.251,0.274,0.288,0.298,0.293,0.28,0.263,0.245,0.228,0.211,0.149
301.0,309.0,0.018,0.035,0.051,0.067,0.081,0.095,0.108,0.121,0.133,0.144,0.155,0.165,0.215,0.25,0.274,0.288,0.298,0.293,0.28,0.264,0.246,0.228,0.212,0.15
301.0,310.0,0.018,0.035,0.051,0.066,0.081,0.095,0.108,0.121,0.132,0.144,0.154,0.165,0.215,0.25,0.273,0.288,0.298,0.294,0.281,0.264,0.247,0.229,0.213,0.151
301.0,311.0,0.018,0.035,0.051,0.066,0.081,0.094,0.107,0.12,0.132,0.143,0.154,0.164,0.214,0.249,0.273,0.287,0.298,0.294,0.281,0.265,0.247,0.23,0.214,0.151
301.0,312.0,0.018,0.034,0.05,0.066,0.08,0.094,0.107,0.119,0.131,0.142,0.153,0.163,0.213,0.248,0.272,0.287,0.298,0.294,0.282,0.266,0.248,0.231,0.215,0.152
301.0,313.0,0.018,0.034,0.05,0.065,0.08,0.093,0.106,0.119,0.131,0.142,0.152,0.163,0.213,0.248,0.272,0.287,0.298,0.294,0.282,0.266,0.249,0.232,0.215,0.153
302.0,303.0,0.018,0.035,0.052,0.068,0.082,0.097,0.11,0.123,0.135,0.146,0.157,0.167,0.217,0.252,0.275,0.289,0.298,0.293,0.279,0.262,0.244,0.226,0.21,0.148
302.0,304.0,0.019,0.036,0.053,0.069,0.084,0.098,0.112,0.124,0.136,0.148,0.159,0.169,0.22,0.254,0.277,0.29,0.298,0.292,0.277,0.259,0.241,0.223,0.207,0.145
302.0,305.0,0.019,0.037,0.054,0.07,0.085,0.1,0.113,0.126,0.139,0.15,0.161,0.172,0.222,0.257,0.279,0.291,0.298,0.29,0.275,0.257,0.238,0.22,0.203,0.142
302.0,306.0,0.019,0.037,0.055,0.071,0.087,0.101,0.115,0.128,0.141,0.152,0.163,0.174,0.224,0.258,0.28,0.292,0.298,0.289,0.273,0.254,0.235,0.217,0.201,0.14
302.0,307.0,0.019,0.038,0.055,0.072,0.088,0.102,0.116,0.13,0.142,0.154,0.165,0.175,0.226,0.26,0.281,0.293,0.298,0.288,0.272,0.253,0.233,0.215,0.198,0.138
302.0,308.0,0.02,0.038,0.056,0.073,0.088,0.103,0.117,0.131,0.143,0.155,0.166,0.177,0.227,0.261,0.282,0.293,0.298,0.287,0.271,0.251,0.232,0.214,0.197,0.137
302.0,309.0,0.02,0.038,0.056,0.073,0.089,0.104,0.118,0.131,0.144,0.156,0.167,0.177,0.228,0.262,0.282,0.294,0.298,0.287,0.27,0.25,0.231,0.213,0.196,0.136
302.0,310.0,0.02,0.039,0.056,0.073,0.089,0.104,0.118,0.132,0.144,0.156,0.167,0.178,0.228,0.262,0.283,0.294,0.298,0.287,0.269,0.25,0.23,0.212,0.195,0.135
302.0,311.0,0.02,0.039,0.057,0.073,0.089,0.104,0.118,0.132,0.144,0.156,0.168,0.178,0.229,0.262,0.283,0.294,0.297,0.287,0.269,0.25,0.23,0.212,0.195,0.135
302.0,312.0,0.02,0.039,0.057,0.073,0.089,0.104,0.119,0.132,0.145,0.156,0.168,0.178,0.229,0.262,0.283,0.294,0.297,0.287,0.269,0.249,0.23,0.212,0.195,0.135
302.0,313.0,0.02,0.039,0.057,0.073,0.089,0.104,0.119,0.132,0.145,0.156,0.168,0.178,0.229,0.262,0.283,0.294,0.297,0.287,0.269,0.249,0.23,0.212,0.195,0.135
302.0,314.0,0.02,0.039,0.057,0.073,0.089,0.104,0.119,0.132,0.145,0.156,0.168,0.178,0.229,0.262,0.283,0.294,0.297,0.287,0.269,0.25,0.23,0.212,0.195,0.135
303.0,304.0,0.019,0.036,0.053,0.069,0.084,0.098,0.112,0.124,0.137,0.148,0.159,0.169,0.22,0.254,0.277,0.29,0.298,0.291,0.277,0.259,0.241,0.223,0.206,0.145
303.0,305.0,0.019,0.037,0.054,0.071,0.086,0.101,0.115,0.128,0.14,0.152,0.163,0.173,0.224,0.258,0.28,0.292,0.298,0.289,0.274,0.255,0.236,0.218,0.202,0.141
303.0,306.0,0.02,0.038,0.056,0.072,0.088,0.103,0.117,0.13,0.142,0.154,0.165,0.176,0.226,0.26,0.281,0.293,0.298,0.288,0.271,0.252,0.233,0.215,0.198,0.138
303.0,307.0,0.02,0.039,0.056,0.073,0.089,0.104,0.118,0.131,0.144,0.156,0.167,0.178,0.228,0.262,0.283,0.294,0.298,0.287,0.27,0.25,0.231,0.212,0.196,0.136
303.0,308.0,0.02,0.039,0.057,0.074,0.09,0.105,0.119,0.133,0.145,0.157,0.168,0.179,0.23,0.263,0.283,0.294,0.297,0.286,0.268,0.249,0.229,0.211,0.194,0.134
303.0,309.0,0.02,0.039,0.057,0.074,0.09,0.106,0.12,0.133,0.146,0.158,0.169,0.18,0.231,0.264,0.284,0.295,0.297,0.285,0.267,0.247,0.228,0.209,0.193,0.133
303.0,310.0,0.02,0.039,0.058,0.075,0.091,0.106,0.12,0.134,0.147,0.159,0.17,0.181,0.231,0.264,0.284,0.295,0.297,0.285,0.267,0.247,0.227,0.208,0.192,0.133
303.0,311.0,0.02,0.04,0.058,0.075,0.091,0.106,0.121,0.134,0.147,0.159,0.17,0.181,0.232,0.265,0.285,0.295,0.297,0.285,0.266,0.246,0.226,0.208,0.191,0.132
303.0,312.0,0.02,0.04,0.058,0.075,0.091,0.107,0.121,0.135,0.147,0.159,0.171,0.181,0.232,0.265,0.285,0.295,0.297,0.285,0.266,0.246,0.226,0.208,0.191,0.132
303.0,313.0,0.02,0.04,0.058,0.075,0.091,0.107,0.121,0.135,0.148,0.16,0.171,0.181,0.232,0.265,0.285,0.295,0.297,0.284,0.266,0.246,0.226,0.207,0.191,0.132
303.0,314.0,0.02,0.04,0.058,0.075,0.092,0.107,0.121,0.135,0.148,0.16,0.171,0.182,0.232,0.265,0.285,0.295,0.297,0.284,0.266,0.245,0.226,0.207,0.19,0.131
303.0,315.0,0.02,0.04,0.058,0.075,0.092,0.107,0.121,0.135,0.148,0.16,0.171,0.182,0.233,0.265,0.285,0.295,0.297,0.284,0.266,0.245,0.225,0.207,0.19,0.131
304.0,305.0,0.017,0.033,0.049,0.063,0.077,0.091,0.103,0.116,0.127,0.138,0.148,0.158,0.208,0.244,0.268,0.284,0.298,0.296,0.285,0.27,0.254,0.237,0.221,0.158
304.0,306.0,0.017,0.033,0.048,0.063,0.077,0.09,0.102,0.115,0.126,0.137,0.147,0.157,0.207,0.242,0.267,0.283,0.298,0.296,0.286,0.272,0.255,0.239,0.223,0.16
304.0,307.0,0.017,0.033,0.048,0.062,0.076,0.09,0.102,0.114,0.126,0.137,0.147,0.157,0.206,0.242,0.267,0.283,0.298,0.296,0.286,0.272,0.256,0.239,0.223,0.16
304.0,308.0,0.017,0.033,0.048,0.062,0.076,0.09,0.102,0.114,0.126,0.136,0.147,0.157,0.206,0.242,0.267,0.283,0.297,0.296,0.286,0.272,0.256,0.239,0.223,0.16
304.0,309.0,0.017,0.033,0.048,0.062,0.076,0.089,0.102,0.114,0.126,0.136,0.147,0.157,0.206,0.242,0.267,0.283,0.297,0.296,0.286,0.272,0.256,0.239,0.223,0.16
304.0,310.0,0.017,0.033,0.048,0.062,0.076,0.089,0.102,0.114,0.126,0.136,0.147,0.157,0.206,0.242,0.267,0.283,0.297,0.296,0.286,0.272,0.256,0.239,0.223,0.16
304.0,311.0,0.017,0.033,0.048,0.062,0.076,0.089,0.102,0.114,0.126,0.136,0.147,0.157,0.206,0.242,0.267,0.283,0.297,0.296,0.286,0.272,0.256,0.239,0.223,0.16
304.0,312.0,0.017,0.033,0.048,0.062,0.076,0.089,0.102,0.114,0.125,0.136,0.147,0.157,0.206,0.242,0.267,0.283,0.297,0.296,0.286,0.272,0.256,0.239,0.223,0.16
304.0,313.0,0.017,0.033,0.048,0.062,0.076,0.089,0.102,0.114,0.126,0.136,0.147,0.157,0.206,0.242,0.267,0.283,0.297,0.296,0.286,0.272,0.256,0.239,0.223,0.16
304.0,314.0,0.017,0.033,0.048,0.062,0.076,0.089,0.102,0.114,0.126,0.136,0.147,0.157,0.206,0.242,0.267,0.283,0.297,0.296,0.286,0.272,0.256,0.239,0.223,0.16
304.0,315.0,0.017,0.033,0.048,0.062,0.076,0.09,0.102,0.114,0.126,0.137,0.147,0.157,0.206,0.242,0.267,0.283,0.298,0.296,0.286,0.272,0.256,0.239,0.223,0.16
304.0,316.0,0.017,0.033,0.048,0.063,0.076,0.09,0.102,0.114,0.126,0.137,0.147,0.157,0.207,0.242,0.267,0.283,0.298,0.296,0.286,0.272,0.255,0.239,0.223,0.16
305.0,306.0,0.017,0.034,0.05,0.064,0.079,0.092,0.105,0.118,0.129,0.14,0.151,0.161,0.211,0.246,0.27,0.286,0.298,0.295,0.283,0.268,0.251,0.234,0.218,0.155
305.0,307.0,0.017,0.033,0.049,0.064,0.078,0.092,0.104,0.117,0.128,0.139,0.15,0.16,0.21,0.245,0.269,0.285,0.298,0.295,0.284,0.269,0.252,0.235,0.219,0.156
305.0,308.0,0.017,0.034,0.049,0.064,0.078,0.092,0.105,0.117,0.129,0.14,0.15,0.16,0.21,0.246,0.27,0.285,0.298,0.295,0.284,0.268,0.251,0.234,0.218,0.155
305.0,309.0,0.017,0.034,0.05,0.065,0.079,0.093,0.106,0.118,0.13,0.141,0.151,0.161,0.211,0.247,0.271,0.286,0.298,0.295,0.283,0.267,0.25,0.233,0.217,0.154
305.0,310.0,0.017,0.034,0.05,0.065,0.08,0.093,0.106,0.119,0.13,0.142,0.152,0.162,0.212,0.248,0.271,0.287,0.298,0.294,0.282,0.267,0.249,0.232,0.216,0.153
305.0,311.0,0.018,0.034,0.05,0.065,0.08,0.094,0.107,0.119,0.131,0.142,0.153,0.163,0.213,0.248,0.272,0.287,0.298,0.294,0.282,0.266,0.249,0.232,0.215,0.153
305.0,312.0,0.018,0.034,0.05,0.065,0.08,0.094,0.107,0.119,0.131,0.142,0.153,0.163,0.213,0.248,0.272,0.287,0.298,0.294,0.282,0.266,0.249,0.231,0.215,0.152
305.0,313.0,0.018,0.034,0.05,0.065,0.08,0.094,0.107,0.119,0.131,0.142,0.153,0.163,0.213,0.248,0.272,0.287,0.298,0.294,0.282,0.266,0.249,0.231,0.215,0.152
305.0,314.0,0.018,0.034,0.05,0.065,0.08,0.094,0.107,0.119,0.131,0.142,0.153,0.163,0.213,0.248,0.272,0.287,0.298,0.294,0.282,0.266,0.249,0.232,0.215,0.153
305.0,315.0,0.018,0.034,0.05,0.065,0.08,0.093,0.106,0.119,0.131,0.142,0.152,0.162,0.213,0.248,0.272,0.287,0.298,0.294,0.282,0.266,0.249,0.232,0.216,0.153
305.0,316.0,0.017,0.034,0.05,0.065,0.08,0.093,0.106,0.119,0.13,0.142,0.152,0.162,0.212,0.248,0.271,0.287,0.298,0.294,0.282,0.267,0.249,0.232,0.216,0.153
305.0,317.0,0.017,0.034,0.05,0.065,0.079,0.093,0.106,0.118,0.13,0.141,0.152,0.162,0.212,0.247,0.271,0.286,0.298,0.295,0.283,0.267,0.25,0.233,0.216,0.154
306.0,307.0,0.016,0.032,0.047,0.061,0.074,0.087,0.1,0.112,0.123,0.134,0.144,0.154,0.203,0.239,0.264,0.281,0.297,0.297,0.288,0.275,0.259,0.243,0.228,0.164
306.0,308.0,0.016,0.032,0.047,0.061,0.074,0.087,0.1,0.111,0.123,0.133,0.144,0.153,0.202,0.238,0.264,0.281,0.297,0.297,0.289,0.275,0.26,0.244,0.228,0.165
306.0,309.0,0.017,0.032,0.047,0.062,0.075,0.089,0.101,0.113,0.124,0.135,0.146,0.155,0.205,0.241,0.266,0.282,0.297,0.297,0.287,0.273,0.257,0.241,0.225,0.162
306.0,310.0,0.017,0.033,0.048,0.063,0.077,0.09,0.103,0.115,0.126,0.137,0.148,0.158,0.207,0.243,0.268,0.284,0.298,0.296,0.286,0.271,0.255,0.238,0.222,0.159
306.0,311.0,0.017,0.033,0.049,0.064,0.078,0.092,0.104,0.117,0.128,0.139,0.15,0.16,0.21,0.245,0.269,0.285,0.298,0.295,0.284,0.269,0.252,0.235,0.219,0.156
306.0,312.0,0.017,0.034,0.05,0.065,0.079,0.093,0.106,0.118,0.13,0.141,0.151,0.161,0.211,0.247,0.271,0.286,0.298,0.295,0.283,0.267,0.25,0.233,0.217,0.154
306.0,313.0,0.018,0.034,0.05,0.065,0.08,0.094,0.107,0.119,0.131,0.142,0.153,0.163,0.213,0.248,0.272,0.287,0.298,0.294,0.282,0.266,0.249,0.232,0.215,0.153
306.0,314.0,0.018,0.035,0.051,0.066,0.08,0.094,0.107,0.12,0.132,0.143,0.153,0.164,0.214,0.249,0.272,0.287,0.298,0.294,0.281,0.265,0.248,0.23,0.214,0.152
306.0,315.0,0.018,0.035,0.051,0.066,0.081,0.095,0.108,0.12,0.132,0.143,0.154,0.164,0.214,0.249,0.273,0.288,0.298,0.294,0.281,0.265,0.247,0.23,0.213,0.151
306.0,316.0,0.018,0.035,0.051,0.066,0.081,0.095,0.108,0.121,0.133,0.144,0.155,0.165,0.215,0.25,0.273,0.288,0.298,0.294,0.281,0.264,0.246,0.229,0.213,0.15
306.0,317.0,0.018,0.035,0.051,0.067,0.081,0.095,0.108,0.121,0.133,0.144,0.155,0.165,0.215,0.25,0.274,0.288,0.298,0.293,0.28,0.264,0.246,0.229,0.212,0.15
306.0,318.0,0.018,0.035,0.051,0.067,0.081,0.095,0.109,0.121,0.133,0.144,0.155,0.165,0.215,0.25,0.274,0.288,0.298,0.293,0.28,0.264,0.246,0.228,0.212,0.15
307.0,308.0,0.016,0.032,0.046,0.06,0.074,0.087,0.099,0.111,0.122,0.133,0.143,0.153,0.202,0.238,0.263,0.28,0.297,0.297,0.289,0.276,0.26,0.244,0.229,0.165
307.0,309.0,0.016,0.032,0.047,0.062,0.075,0.088,0.101,0.113,0.124,0.135,0.145,0.155,0.205,0.24,0.265,0.282,0.297,0.297,0.287,0.274,0.258,0.241,0.225,0.162
307.0,310.0,0.017,0.033,0.049,0.063,0.077,0.091,0.103,0.116,0.127,0.138,0.149,0.159,0.208,0.244,0.268,0.284,0.298,0.296,0.285,0.27,0.254,0.237,0.221,0.158
307.0,311.0,0.017,0.034,0.05,0.065,0.079,0.093,0.106,0.118,0.13,0.141,0.152,0.162,0.212,0.247,0.271,0.286,0.298,0.295,0.283,0.267,0.25,0.233,0.217,0.154
307.0,312.0,0.018,0.035,0.051,0.066,0.081,0.094,0.108,0.12,0.132,0.143,0.154,0.164,0.214,0.249,0.273,0.288,0.298,0.294,0.281,0.265,0.247,0.23,0.214,0.151
307.0,313.0,0.018,0.035,0.051,0.067,0.082,0.096,0.109,0.122,0.134,0.145,0.156,0.166,0.216,0.251,0.274,0.288,0.298,0.293,0.28,0.263,0.245,0.228,0.211,0.149
307.0,314.0,0.018,0.035,0.052,0.068,0.082,0.097,0.11,0.123,0.135,0.146,0.157,0.167,0.217,0.252,0.275,0.289,0.298,0.292,0.279,0.262,0.244,0.226,0.21,0.148
307.0,315.0,0.018,0.036,0.052,0.068,0.083,0.097,0.111,0.123,0.135,0.147,0.158,0.168,0.218,0.253,0.276,0.29,0.298,0.292,0.278,0.261,0.243,0.225,0.208,0.147
307.0,316.0,0.018,0.036,0.053,0.068,0.083,0.097,0.111,0.124,0.136,0.147,0.158,0.168,0.219,0.254,0.276,0.29,0.298,0.292,0.278,0.26,0.242,0.224,0.208,0.146
307.0,317.0,0.018,0.036,0.053,0.068,0.084,0.098,0.111,0.124,0.136,0.148,0.159,0.169,0.219,0.254,0.277,0.29,0.298,0.292,0.277,0.26,0.241,0.224,0.207,0.145
307.0,318.0,0.018,0.036,0.053,0.069,0.084,0.098,0.111,0.124,0.136,0.148,0.159,0.169,0.219,0.254,0.277,0.29,0.298,0.292,0.277,0.26,0.241,0.223,0.207,0.145
307.0,319.0,0.019,0.036,0.053,0.069,0.084,0.098,0.112,0.124,0.137,0.148,0.159,0.169,0.22,0.254,0.277,0.29,0.298,0.291,0.277,0.259,0.241,0.223,0.207,0.145
308.0,309.0,0.015,0.028,0.042,0.055,0.067,0.079,0.09,0.101,0.112,0.122,0.131,0.141,0.188,0.224,0.251,0.271,0.292,0.298,0.295,0.286,0.273,0.259,0.245,0.182
308.0,310.0,0.014,0.028,0.042,0.054,0.067,0.078,0.09,0.101,0.111,0.121,0.131,0.14,0.187,0.223,0.25,0.27,0.292,0.298,0.295,0.286,0.274,0.26,0.246,0.183
308.0,311.0,0.015,0.029,0.042,0.055,0.068,0.079,0.091,0.102,0.112,0.123,0.132,0.141,0.189,0.225,0.252,0.271,0.293,0.298,0.295,0.285,0.272,0.258,0.244,0.181
308.0,312.0,0.015,0.029,0.043,0.056,0.069,0.081,0.093,0.104,0.114,0.125,0.134,0.144,0.192,0.228,0.254,0.273,0.294,0.298,0.294,0.283,0.27,0.255,0.241,0.178
308.0,313.0,0.015,0.03,0.044,0.057,0.07,0.082,0.094,0.105,0.116,0.126,0.136,0.146,0.194,0.23,0.256,0.275,0.294,0.298,0.293,0.282,0.268,0.253,0.238,0.175
308.0,314.0,0.015,0.03,0.044,0.058,0.071,0.083,0.095,0.107,0.117,0.128,0.138,0.147,0.196,0.232,0.258,0.276,0.295,0.298,0.292,0.28,0.266,0.251,0.236,0.173
308.0,315.0,0.016,0.03,0.045,0.058,0.072,0.084,0.096,0.108,0.119,0.129,0.139,0.149,0.197,0.233,0.259,0.277,0.295,0.298,0.291,0.279,0.265,0.25,0.234,0.171
308.0,316.0,0.016,0.031,0.045,0.059,0.072,0.085,0.097,0.108,0.119,0.13,0.14,0.15,0.198,0.234,0.26,0.278,0.296,0.298,0.291,0.278,0.264,0.248,0.233,0.17
308.0,317.0,0.016,0.031,0.045,0.059,0.073,0.085,0.097,0.109,0.12,0.131,0.141,0.15,0.199,0.235,0.261,0.278,0.296,0.298,0.29,0.278,0.263,0.247,0.232,0.169
308.0,318.0,0.016,0.031,0.046,0.06,0.073,0.086,0.098,0.109,0.12,0.131,0.141,0.151,0.2,0.236,0.261,0.279,0.296,0.298,0.29,0.277,0.262,0.247,0.231,0.168
308.0,319.0,0.016,0.031,0.046,0.06,0.073,0.086,0.098,0.11,0.121,0.131,0.142,0.151,0.2,0.236,0.262,0.279,0.296,0.298,0.29,0.277,0.262,0.246,0.231,0.167
308.0,320.0,0.016,0.031,0.046,0.06,0.073,0.086,0.098,0.11,0.121,0.132,0.142,0.151,0.201,0.236,0.262,0.279,0.296,0.297,0.29,0.277,0.262,0.246,0.23,0.167
309.0,310.0,0.015,0.029,0.043,0.056,0.069,0.081,0.092,0.104,0.114,0.125,0.134,0.144,0.192,0.228,0.254,0.273,0.294,0.298,0.294,0.283,0.27,0.256,0.241,0.178
309.0,311.0,0.015,0.03,0.044,0.058,0.071,0.083,0.095,0.107,0.118,0.128,0.138,0.148,0.196,0.232,0.258,0.276,0.295,0.298,0.292,0.28,0.266,0.251,0.235,0.172
309.0,312.0,0.016,0.031,0.046,0.06,0.073,0.086,0.099,0.11,0.121,0.132,0.142,0.152,0.201,0.237,0.262,0.28,0.296,0.297,0.289,0.276,0.261,0.245,0.23,0.166
309.0,313.0,0.017,0.032,0.047,0.062,0.076,0.089,0.101,0.113,0.125,0.135,0.146,0.156,0.205,0.241,0.266,0.282,0.297,0.297,0.287,0.273,0.257,0.241,0.225,0.162
309.0,314.0,0.017,0.033,0.049,0.063,0.077,0.091,0.103,0.116,0.127,0.138,0.149,0.158,0.208,0.244,0.268,0.284,0.298,0.296,0.285,0.27,0.254,0.237,0.221,0.158
309.0,315.0,0.017,0.034,0.049,0.064,0.079,0.092,0.105,0.117,0.129,0.14,0.151,0.161,0.21,0.246,0.27,0.286,0.298,0.295,0.284,0.268,0.251,0.234,0.218,0.155
309.0,316.0,0.017,0.034,0.05,0.065,0.08,0.093,0.106,0.119,0.13,0.142,0.152,0.162,0.212,0.247,0.271,0.286,0.298,0.294,0.283,0.267,0.249,0.232,0.216,0.153
309.0,317.0,0.018,0.034,0.05,0.066,0.08,0.094,0.107,0.12,0.131,0.143,0.153,0.163,0.213,0.249,0.272,0.287,0.298,0.294,0.282,0.266,0.248,0.231,0.214,0.152
309.0,318.0,0.018,0.035,0.051,0.066,0.081,0.095,0.108,0.12,0.132,0.143,0.154,0.164,0.214,0.249,0.273,0.288,0.298,0.294,0.281,0.265,0.247,0.23,0.213,0.151
309.0,319.0,0.018,0.035,0.051,0.066,0.081,0.095,0.108,0.121,0.133,0.144,0.155,0.165,0.215,0.25,0.273,0.288,0.298,0.293,0.281,0.264,0.246,0.229,0.213,0.15
309.0,320.0,0.018,0.035,0.051,0.067,0.081,0.095,0.108,0.121,0.133,0.144,0.155,0.165,0.215,0.25,0.274,0.288,0.298,0.293,0.28,0.264,0.246,0.228,0.212,0.15
309.0,321.0,0.018,0.035,0.051,0.067,0.081,0.095,0.109,0.121,0.133,0.145,0.155,0.165,0.216,0.251,0.274,0.288,0.298,0.293,0.28,0.263,0.246,0.228,0.212,0.149
310.0,311.0,0.015,0.029,0.042,0.055,0.068,0.08,0.091,0.102,0.113,0.123,0.133,0.142,0.19,0.226,0.253,0.272,0.293,0.298,0.294,0.285,0.272,0.258,0.243,0.18
310.0,312.0,0.015,0.03,0.044,0.058,0.071,0.083,0.095,0.107,0.118,0.128,0.138,0.148,0.196,0.232,0.258,0.276,0.295,0.298,0.292,0.28,0.266,0.251,0.236,0.172
310.0,313.0,0.016,0.032,0.047,0.061,0.075,0.088,0.1,0.112,0.123,0.134,0.144,0.154,0.203,0.239,0.264,0.281,0.297,0.297,0.288,0.275,0.259,0.243,0.227,0.164
310.0,314.0,0.017,0.033,0.049,0.064,0.078,0.091,0.104,0.116,0.128,0.139,0.149,0.159,0.209,0.245,0.269,0.285,0.298,0.296,0.285,0.27,0.253,0.236,0.22,0.157
310.0,315.0,0.018,0.035,0.051,0.066,0.08,0.094,0.107,0.12,0.132,0.143,0.153,0.164,0.214,0.249,0.272,0.287,0.298,0.294,0.281,0.265,0.248,0.23,0.214,0.152
310.0,316.0,0.018,0.035,0.052,0.067,0.082,0.096,0.11,0.122,0.134,0.146,0.157,0.167,0.217,0.252,0.275,0.289,0.298,0.293,0.279,0.262,0.244,0.226,0.21,0.148
310.0,317.0,0.018,0.036,0.053,0.069,0.084,0.098,0.111,0.124,0.136,0.148,0.159,0.169,0.219,0.254,0.277,0.29,0.298,0.292,0.277,0.26,0.241,0.223,0.207,0.145
310.0,318.0,0.019,0.037,0.053,0.069,0.085,0.099,0.113,0.126,0.138,0.149,0.16,0.171,0.221,0.256,0.278,0.291,0.298,0.291,0.276,0.258,0.239,0.221,0.205,0.143
310.0,319.0,0.019,0.037,0.054,0.07,0.085,0.1,0.113,0.126,0.139,0.15,0.161,0.171,0.222,0.256,0.278,0.291,0.298,0.29,0.275,0.257,0.238,0.22,0.204,0.142
310.0,320.0,0.019,0.037,0.054,0.07,0.085,0.1,0.114,0.127,0.139,0.151,0.162,0.172,0.222,0.257,0.279,0.292,0.298,0.29,0.275,0.256,0.238,0.22,0.203,0.142
310.0,321.0,0.019,0.037,0.054,0.07,0.086,0.1,0.114,0.127,0.139,0.151,0.162,0.172,0.223,0.257,0.279,0.292,0.298,0.29,0.275,0.256,0.237,0.219,0.203,0.142
310.0,322.0,0.019,0.037,0.054,0.07,0.085,0.1,0.114,0.127,0.139,0.151,0.162,0.172,0.223,0.257,0.279,0.292,0.298,0.29,0.275,0.256,0.238,0.22,0.203,0.142
311.0,312.0,0.015,0.029,0.043,0.056,0.068,0.08,0.092,0.103,0.114,0.124,0.133,0.143,0.191,0.227,0.254,0.272,0.293,0.298,0.294,0.284,0.271,0.257,0.242,0.179
311.0,313.0,0.015,0.03,0.044,0.058,0.07,0.083,0.095,0.106,0.117,0.127,0.137,0.147,0.195,0.231,0.257,0.276,0.295,0.298,0.292,0.281,0.267,0.252,0.237,0.174
311.0,314.0,0.016,0.031,0.045,0.059,0.072,0.085,0.097,0.109,0.12,0.13,0.14,0.15,0.199,0.235,0.26,0.278,0.296,0.298,0.291,0.278,0.264,0.248,0.233,0.169
311.0,315.0,0.016,0.031,0.046,0.06,0.074,0.087,0.099,0.111,0.122,0.132,0.143,0.152,0.201,0.237,0.263,0.28,0.297,0.297,0.289,0.276,0.261,0.245,0.229,0.166
311.0,316.0,0.016,0.032,0.047,0.061,0.075,0.088,0.1,0.112,0.123,0.134,0.144,0.154,0.203,0.239,0.264,0.281,0.297,0.297,0.288,0.275,0.259,0.243,0.227,0.164
311.0,317.0,0.016,0.032,0.047,0.062,0.075,0.088,0.101,0.113,0.124,0.135,0.145,0.155,0.205,0.24,0.265,0.282,0.297,0.297,0.287,0.273,0.258,0.241,0.225,0.162
311.0,318.0,0.017,0.032,0.048,0.062,0.076,0.089,0.102,0.114,0.125,0.136,0.146,0.156,0.205,0.241,0.266,0.283,0.297,0.296,0.287,0.273,0.257,0.24,0.224,0.161
311.0,319.0,0.017,0.033,0.048,0.062,0.076,0.089,0.102,0.114,0.125,0.136,0.147,0.156,0.206,0.242,0.266,0.283,0.297,0.296,0.287,0.272,0.256,0.24,0.224,0.161
311.0,320.0,0.017,0.033,0.048,0.062,0.076,0.089,0.102,0.114,0.125,0.136,0.147,0.157,0.206,0.242,0.267,0.283,0.297,0.296,0.286,0.272,0.256,0.24,0.224,0.16
311.0,321.0,0.017,0.033,0.048,0.062,0.076,0.089,0.102,0.114,0.125,0.136,0.147,0.156,0.206,0.242,0.267,0.283,0.297,0.296,0.286,0.272,0.256,0.24,0.224,0.16
311.0,322.0,0.017,0.033,0.048,0.062,0.076,0.089,0.102,0.114,0.125,0.136,0.146,0.156,0.206,0.242,0.266,0.283,0.297,0.296,0.287,0.272,0.256,0.24,0.224,0.161
311.0,323.0,0.017,0.032,0.048,0.062,0.076,0.089,0.102,0.114,0.125,0.136,0.146,0.156,0.206,0.241,0.266,0.283,0.297,0.296,0.287,0.273,0.257,0.24,0.224,0.161
312.0,313.0,0.017,0.033,0.048,0.062,0.076,0.09,0.102,0.114,0.126,0.137,0.147,0.157,0.206,0.242,0.267,0.283,0.298,0.296,0.286,0.272,0.256,0.239,0.223,0.16
312.0,314.0,0.017,0.034,0.049,0.064,0.079,0.092,0.105,0.117,0.129,0.14,0.15,0.16,0.21,0.246,0.27,0.285,0.298,0.295,0.284,0.268,0.251,0.234,0.218,0.155
312.0,315.0,0.017,0.034,0.05,0.065,0.079,0.092,0.105,0.118,0.129,0.14,0.151,0.161,0.211,0.246,0.27,0.286,0.298,0.295,0.283,0.268,0.251,0.234,0.217,0.155
312.0,316.0,0.017,0.034,0.049,0.064,0.078,0.092,0.105,0.117,0.129,0.14,0.15,0.16,0.21,0.246,0.27,0.285,0.298,0.295,0.284,0.268,0.252,0.235,0.218,0.155
312.0,317.0,0.017,0.033,0.049,0.064,0.078,0.091,0.104,0.116,0.128,0.139,0.149,0.159,0.209,0.245,0.269,0.285,0.298,0.295,0.285,0.27,0.253,0.236,0.22,0.157
312.0,318.0,0.017,0.033,0.048,0.063,0.077,0.09,0.103,0.115,0.127,0.138,0.148,0.158,0.208,0.243,0.268,0.284,0.298,0.296,0.285,0.271,0.254,0.238,0.222,0.158
312.0,319.0,0.017,0.033,0.048,0.062,0.076,0.09,0.102,0.114,0.126,0.137,0.147,0.157,0.206,0.242,0.267,0.283,0.298,0.296,0.286,0.272,0.256,0.239,0.223,0.16
312.0,320.0,0.017,0.032,0.047,0.062,0.076,0.089,0.101,0.113,0.125,0.135,0.146,0.156,0.205,0.241,0.266,0.282,0.297,0.297,0.287,0.273,0.257,0.241,0.225,0.162
312.0,321.0,0.016,0.032,0.047,0.061,0.075,0.088,0.1,0.112,0.124,0.134,0.145,0.154,0.204,0.24,0.265,0.282,0.297,0.297,0.288,0.274,0.258,0.242,0.226,0.163
312.0,322.0,0.016,0.032,0.047,0.061,0.074,0.087,0.1,0.112,0.123,0.134,0.144,0.154,0.203,0.239,0.264,0.281,0.297,0.297,0.288,0.275,0.259,0.243,0.228,0.164
312.0,323.0,0.016,0.032,0.046,0.06,0.074,0.087,0.099,0.111,0.122,0.133,0.143,0.153,0.202,0.238,0.263,0.28,0.297,0.297,0.289,0.276,0.26,0.244,0.229,0.165
312.0,324.0,0.016,0.031,0.046,0.06,0.074,0.086,0.099,0.11,0.121,0.132,0.142,0.152,0.201,0.237,0.263,0.28,0.296,0.297,0.289,0.276,0.261,0.245,0.23,0.166
313.0,314.0,0.018,0.035,0.051,0.066,0.081,0.095,0.108,0.121,0.133,0.144,0.154,0.165,0.215,0.25,0.273,0.288,0.298,0.294,0.281,0.264,0.247,0.229,0.213,0.15
313.0,315.0,0.018,0.036,0.052,0.068,0.083,0.097,0.111,0.124,0.136,0.147,0.158,0.168,0.219,0.253,0.276,0.29,0.298,0.292,0.278,0.26,0.242,0.224,0.208,0.146
313.0,316.0,0.019,0.037,0.054,0.07,0.086,0.1,0.114,0.127,0.139,0.151,0.162,0.172,0.223,0.257,0.279,0.292,0.298,0.29,0.274,0.256,0.237,0.219,0.203,0.142
313.0,317.0,0.019,0.038,0.055,0.072,0.087,0.102,0.116,0.129,0.142,0.154,0.165,0.175,0.226,0.26,0.281,0.293,0.298,0.288,0.272,0.253,0.234,0.215,0.199,0.138
313.0,318.0,0.02,0.038,0.056,0.073,0.089,0.104,0.118,0.131,0.144,0.156,0.167,0.177,0.228,0.262,0.282,0.294,0.298,0.287,0.27,0.251,0.231,0.213,0.196,0.136
313.0,319.0,0.02,0.039,0.057,0.074,0.09,0.105,0.119,0.132,0.145,0.157,0.168,0.178,0.229,0.263,0.283,0.294,0.297,0.286,0.269,0.249,0.23,0.211,0.194,0.135
313.0,320.0,0.02,0.039,0.057,0.074,0.09,0.105,0.119,0.133,0.145,0.157,0.169,0.179,0.23,0.263,0.283,0.294,0.297,0.286,0.268,0.248,0.229,0.21,0.194,0.134
313.0,321.0,0.02,0.039,0.057,0.074,0.09,0.105,0.119,0.133,0.146,0.158,0.169,0.179,0.23,0.263,0.284,0.294,0.297,0.286,0.268,0.248,0.229,0.21,0.193,0.134
313.0,322.0,0.02,0.039,0.057,0.074,0.09,0.105,0.119,0.133,0.145,0.157,0.169,0.179,0.23,0.263,0.284,0.294,0.297,0.286,0.268,0.248,0.229,0.21,0.194,0.134
313.0,323.0,0.02,0.039,0.057,0.074,0.09,0.105,0.119,0.133,0.145,0.157,0.168,0.179,0.23,0.263,0.283,0.294,0.297,0.286,0.268,0.249,0.229,0.211,0.194,0.134
313.0,324.0,0.02,0.039,0.057,0.074,0.09,0.105,0.119,0.132,0.145,0.157,0.168,0.178,0.229,0.263,0.283,0.294,0.297,0.286,0.269,0.249,0.23,0.211,0.194,0.135
313.0,325.0,0.02,0.039,0.056,0.073,0.089,0.104,0.118,0.132,0.144,0.156,0.167,0.178,0.229,0.262,0.283,0.294,0.297,0.287,0.269,0.25,0.23,0.212,0.195,0.135
314.0,315.0,0.018,0.036,0.052,0.068,0.083,0.097,0.111,0.123,0.135,0.147,0.158,0.168,0.218,0.253,0.276,0.29,0.298,0.292,0.278,0.261,0.243,0.225,0.208,0.146
314.0,316.0,0.019,0.036,0.053,0.069,0.084,0.098,0.112,0.125,0.137,0.148,0.159,0.17,0.22,0.255,0.277,0.29,0.298,0.291,0.277,0.259,0.24,0.223,0.206,0.144
314.0,317.0,0.019,0.037,0.053,0.069,0.085,0.099,0.113,0.126,0.138,0.149,0.16,0.171,0.221,0.256,0.278,0.291,0.298,0.291,0.276,0.258,0.239,0.221,0.205,0.143
314.0,318.0,0.019,0.037,0.054,0.07,0.085,0.099,0.113,0.126,0.138,0.15,0.161,0.171,0.221,0.256,0.278,0.291,0.298,0.291,0.276,0.257,0.239,0.221,0.204,0.143
314.0,319.0,0.019,0.037,0.054,0.07,0.085,0.099,0.113,0.126,0.138,0.15,0.161,0.171,0.221,0.256,0.278,0.291,0.298,0.291,0.276,0.257,0.239,0.221,0.204,0.143
314.0,320.0,0.019,0.037,0.053,0.069,0.085,0.099,0.113,0.126,0.138,0.149,0.16,0.171,0.221,0.256,0.278,0.291,0.298,0.291,0.276,0.258,0.239,0.221,0.205,0.143
314.0,321.0,0.019,0.036,0.053,0.069,0.084,0.099,0.112,0.125,0.137,0.149,0.16,0.17,0.221,0.255,0.278,0.291,0.298,0.291,0.276,0.258,0.24,0.222,0.205,0.144
314.0,322.0,0.019,0.036,0.053,0.069,0.084,0.098,0.112,0.125,0.137,0.148,0.159,0.17,0.22,0.255,0.277,0.29,0.298,0.291,0.277,0.259,0.241,0.223,0.206,0.145
314.0,323.0,0.018,0.036,0.053,0.069,0.084,0.098,0.111,0.124,0.136,0.148,0.159,0.169,0.219,0.254,0.277,0.29,0.298,0.292,0.277,0.26,0.241,0.224,0.207,0.145
314.0,324.0,0.018,0.036,0.052,0.068,0.083,0.097,0.111,0.124,0.136,0.147,0.158,0.168,0.219,0.253,0.276,0.29,0.298,0.292,0.278,0.26,0.242,0.225,0.208,0.146
314.0,325.0,0.018,0.036,0.052,0.068,0.083,0.097,0.11,0.123,0.135,0.146,0.157,0.167,0.218,0.253,0.275,0.289,0.298,0.292,0.278,0.261,0.243,0.225,0.209,0.147
314.0,326.0,0.018,0.035,0.052,0.067,0.082,0.096,0.11,0.122,0.134,0.146,0.156,0.167,0.217,0.252,0.275,0.289,0.298,0.293,0.279,0.262,0.244,0.226,0.21,0.148
315.0,316.0,0.019,0.036,0.053,0.069,0.084,0.099,0.112,0.125,0.138,0.149,0.16,0.17,0.221,0.255,0.278,0.291,0.298,0.291,0.276,0.258,0.24,0.222,0.205,0.144
315.0,317.0,0.019,0.037,0.054,0.07,0.086,0.1,0.114,0.127,0.139,0.151,0.162,0.172,0.223,0.257,0.279,0.292,0.298,0.29,0.274,0.256,0.237,0.219,0.203,0.142
315.0,318.0,0.019,0.037,0.055,0.071,0.087,0.101,0.115,0.128,0.141,0.152,0.163,0.174,0.224,0.258,0.28,0.292,0.298,0.289,0.273,0.254,0.236,0.217,0.201,0.14
315.0,319.0,0.019,0.038,0.055,0.072,0.087,0.102,0.116,0.129,0.141,0.153,0.164,0.175,0.225,0.259,0.281,0.293,0.298,0.289,0.272,0.253,0.234,0.216,0.199,0.139
315.0,320.0,0.019,0.038,0.055,0.072,0.088,0.102,0.116,0.13,0.142,0.154,0.165,0.175,0.226,0.26,0.281,0.293,0.298,0.288,0.272,0.253,0.233,0.215,0.198,0.138
315.0,321.0,0.02,0.038,0.056,0.072,0.088,0.103,0.117,0.13,0.143,0.154,0.165,0.176,0.227,0.26,0.281,0.293,0.298,0.288,0.271,0.252,0.233,0.214,0.198,0.137
315.0,322.0,0.02,0.038,0.056,0.072,0.088,0.103,0.117,0.13,0.143,0.155,0.166,0.176,0.227,0.261,0.282,0.293,0.298,0.288,0.271,0.252,0.232,0.214,0.197,0.137
315.0,323.0,0.02,0.038,0.056,0.073,0.088,0.103,0.117,0.131,0.143,0.155,0.166,0.176,0.227,0.261,0.282,0.293,0.298,0.288,0.271,0.251,0.232,0.214,0.197,0.137
315.0,324.0,0.02,0.038,0.056,0.073,0.088,0.103,0.117,0.131,0.143,0.155,0.166,0.177,0.227,0.261,0.282,0.293,0.298,0.287,0.271,0.251,0.232,0.214,0.197,0.137
315.0,325.0,0.02,0.038,0.056,0.073,0.088,0.103,0.117,0.131,0.143,0.155,0.166,0.177,0.227,0.261,0.282,0.293,0.298,0.287,0.27,0.251,0.232,0.213,0.197,0.137
315.0,326.0,0.02,0.038,0.056,0.073,0.088,0.103,0.117,0.131,0.143,0.155,0.166,0.177,0.227,0.261,0.282,0.293,0.298,0.287,0.27,0.251,0.232,0.213,0.197,0.137
315.0,327.0,0.02,0.038,0.056,0.073,0.088,0.103,0.117,0.131,0.143,0.155,0.166,0.177,0.227,0.261,0.282,0.293,0.298,0.287,0.27,0.251,0.232,0.213,0.197,0.137
316.0,317.0,0.018,0.035,0.051,0.067,0.081,0.095,0.109,0.121,0.133,0.145,0.155,0.165,0.216,0.251,0.274,0.288,0.298,0.293,0.28,0.263,0.245,0.228,0.212,0.149
316.0,318.0,0.018,0.035,0.052,0.067,0.082,0.096,0.11,0.122,0.134,0.146,0.156,0.166,0.217,0.252,0.275,0.289,0.298,0.293,0.279,0.262,0.244,0.227,0.21,0.148
316.0,319.0,0.018,0.036,0.053,0.069,0.084,0.098,0.111,0.124,0.136,0.148,0.159,0.169,0.219,0.254,0.277,0.29,0.298,0.292,0.277,0.26,0.241,0.224,0.207,0.145
316.0,320.0,0.019,0.037,0.054,0.07,0.085,0.099,0.113,0.126,0.138,0.15,0.161,0.171,0.222,0.256,0.278,0.291,0.298,0.291,0.275,0.257,0.239,0.221,0.204,0.143
316.0,321.0,0.019,0.037,0.054,0.071,0.086,0.101,0.114,0.127,0.14,0.151,0.163,0.173,0.223,0.258,0.279,0.292,0.298,0.29,0.274,0.255,0.236,0.218,0.202,0.141
316.0,322.0,0.019,0.038,0.055,0.071,0.087,0.102,0.115,0.129,0.141,0.153,0.164,0.174,0.225,0.259,0.28,0.292,0.298,0.289,0.273,0.254,0.235,0.217,0.2,0.139
316.0,323.0,0.019,0.038,0.055,0.072,0.087,0.102,0.116,0.129,0.142,0.153,0.165,0.175,0.226,0.26,0.281,0.293,0.298,0.288,0.272,0.253,0.234,0.216,0.199,0.139
316.0,324.0,0.019,0.038,0.055,0.072,0.088,0.102,0.116,0.13,0.142,0.154,0.165,0.175,0.226,0.26,0.281,0.293,0.298,0.288,0.272,0.253,0.233,0.215,0.198,0.138
316.0,325.0,0.02,0.038,0.056,0.072,0.088,0.103,0.117,0.13,0.142,0.154,0.165,0.176,0.226,0.26,0.281,0.293,0.298,0.288,0.271,0.252,0.233,0.215,0.198,0.138
316.0,326.0,0.02,0.038,0.056,0.072,0.088,0.103,0.117,0.13,0.142,0.154,0.165,0.176,0.226,0.26,0.281,0.293,0.298,0.288,0.271,0.252,0.233,0.215,0.198,0.138
316.0,327.0,0.02,0.038,0.056,0.072,0.088,0.103,0.117,0.13,0.142,0.154,0.165,0.176,0.226,0.26,0.281,0.293,0.298,0.288,0.271,0.252,0.233,0.215,0.198,0.138
316.0,328.0,0.02,0.038,0.055,0.072,0.088,0.103,0.117,0.13,0.142,0.154,0.165,0.176,0.226,0.26,0.281,0.293,0.298,0.288,0.271,0.252,0.233,0.215,0.198,0.138
317.0,318.0,0.016,0.031,0.045,0.059,0.072,0.084,0.096,0.108,0.119,0.129,0.139,0.149,0.198,0.234,0.26,0.277,0.296,0.298,0.291,0.279,0.265,0.249,0.234,0.171
317.0,319.0,0.015,0.03,0.044,0.058,0.071,0.083,0.095,0.106,0.117,0.128,0.138,0.147,0.196,0.232,0.258,0.276,0.295,0.298,0.292,0.281,0.266,0.251,0.236,0.173
317.0,320.0,0.015,0.03,0.044,0.058,0.071,0.083,0.095,0.106,0.117,0.127,0.137,0.147,0.195,0.231,0.258,0.276,0.295,0.298,0.292,0.281,0.267,0.252,0.237,0.173
317.0,321.0,0.015,0.03,0.044,0.058,0.071,0.083,0.095,0.106,0.117,0.128,0.138,0.147,0.196,0.232,0.258,0.276,0.295,0.298,0.292,0.281,0.267,0.251,0.236,0.173
317.0,322.0,0.015,0.03,0.044,0.058,0.071,0.083,0.095,0.107,0.117,0.128,0.138,0.147,0.196,0.232,0.258,0.276,0.295,0.298,0.292,0.28,0.266,0.251,0.236,0.173
317.0,323.0,0.015,0.03,0.044,0.058,0.071,0.083,0.095,0.107,0.118,0.128,0.138,0.147,0.196,0.232,0.258,0.276,0.295,0.298,0.292,0.28,0.266,0.251,0.236,0.172
317.0,324.0,0.015,0.03,0.044,0.058,0.071,0.083,0.095,0.107,0.118,0.128,0.138,0.147,0.196,0.232,0.258,0.276,0.295,0.298,0.292,0.28,0.266,0.251,0.236,0.172
317.0,325.0,0.015,0.03,0.044,0.058,0.071,0.083,0.095,0.107,0.118,0.128,0.138,0.147,0.196,0.232,0.258,0.276,0.295,0.298,0.292,0.28,0.266,0.251,0.236,0.172
317.0,326.0,0.015,0.03,0.044,0.058,0.071,0.083,0.095,0.107,0.117,0.128,0.138,0.147,0.196,0.232,0.258,0.276,0.295,0.298,0.292,0.28,0.266,0.251,0.236,0.173
317.0,327.0,0.015,0.03,0.044,0.058,0.071,0.083,0.095,0.106,0.117,0.128,0.138,0.147,0.196,0.232,0.258,0.276,0.295,0.298,0.292,0.281,0.266,0.251,0.236,0.173
317.0,328.0,0.015,0.03,0.044,0.058,0.071,0.083,0.095,0.106,0.117,0.127,0.137,0.147,0.195,0.231,0.258,0.276,0.295,0.298,0.292,0.281,0.267,0.252,0.236,0.173
317.0,329.0,0.015,0.03,0.044,0.058,0.071,0.083,0.095,0.106,0.117,0.127,0.137,0.147,0.195,0.231,0.257,0.276,0.295,0.298,0.292,0.281,0.267,0.252,0.237,0.173
318.0,319.0,0.017,0.034,0.049,0.064,0.079,0.092,0.105,0.117,0.129,0.14,0.151,0.161,0.211,0.246,0.27,0.286,0.298,0.295,0.284,0.268,0.251,0.234,0.218,0.155
318.0,320.0,0.018,0.035,0.051,0.066,0.081,0.095,0.108,0.12,0.132,0.143,0.154,0.164,0.214,0.249,0.273,0.288,0.298,0.294,0.281,0.265,0.247,0.23,0.213,0.151
318.0,321.0,0.018,0.035,0.052,0.068,0.082,0.096,0.11,0.123,0.135,0.146,0.157,0.167,0.217,0.252,0.275,0.289,0.298,0.293,0.279,0.262,0.244,0.226,0.21,0.148
318.0,322.0,0.018,0.036,0.053,0.069,0.084,0.098,0.111,0.124,0.136,0.148,0.159,0.169,0.219,0.254,0.277,0.29,0.298,0.292,0.277,0.26,0.241,0.223,0.207,0.145
318.0,323.0,0.019,0.036,0.053,0.069,0.085,0.099,0.113,0.125,0.138,0.149,0.16,0.17,0.221,0.255,0.278,0.291,0.298,0.291,0.276,0.258,0.239,0.222,0.205,0.144
318.0,324.0,0.019,0.037,0.054,0.07,0.085,0.1,0.113,0.126,0.138,0.15,0.161,0.171,0.222,0.256,0.278,0.291,0.298,0.29,0.275,0.257,0.238,0.22,0.204,0.143
318.0,325.0,0.019,0.037,0.054,0.07,0.085,0.1,0.114,0.127,0.139,0.151,0.161,0.172,0.222,0.257,0.279,0.291,0.298,0.29,0.275,0.257,0.238,0.22,0.203,0.142
318.0,326.0,0.019,0.037,0.054,0.07,0.085,0.1,0.114,0.127,0.139,0.151,0.162,0.172,0.223,0.257,0.279,0.292,0.298,0.29,0.275,0.256,0.238,0.22,0.203,0.142
318.0,327.0,0.019,0.037,0.054,0.07,0.085,0.1,0.114,0.127,0.139,0.151,0.162,0.172,0.223,0.257,0.279,0.292,0.298,0.29,0.275,0.256,0.238,0.22,0.203,0.142
318.0,328.0,0.019,0.037,0.054,0.07,0.085,0.1,0.114,0.127,0.139,0.15,0.161,0.172,0.222,0.257,0.279,0.291,0.298,0.29,0.275,0.257,0.238,0.22,0.203,0.142
318.0,329.0,0.019,0.037,0.054,0.07,0.085,0.1,0.113,0.126,0.139,0.15,0.161,0.172,0.222,0.256,0.278,0.291,0.298,0.29,0.275,0.257,0.238,0.22,0.204,0.142
318.0,330.0,0.019,0.037,0.054,0.07,0.085,0.099,0.113,0.126,0.138,0.15,0.161,0.171,0.222,0.256,0.278,0.291,0.298,0.29,0.275,0.257,0.239,0.221,0.204,0.143
319.0,320.0,0.015,0.03,0.044,0.057,0.07,0.082,0.094,0.105,0.116,0.126,0.136,0.146,0.194,0.23,0.256,0.275,0.294,0.298,0.293,0.282,0.268,0.253,0.238,0.175
319.0,321.0,0.015,0.03,0.043,0.057,0.069,0.082,0.093,0.105,0.115,0.126,0.135,0.145,0.193,0.229,0.256,0.274,0.294,0.298,0.293,0.282,0.269,0.254,0.239,0.176
319.0,322.0,0.015,0.03,0.044,0.057,0.07,0.083,0.095,0.106,0.117,0.127,0.137,0.146,0.195,0.231,0.257,0.276,0.295,0.298,0.292,0.281,0.267,0.252,0.237,0.174
319.0,323.0,0.016,0.03,0.045,0.058,0.072,0.084,0.096,0.108,0.119,0.129,0.139,0.149,0.197,0.233,0.259,0.277,0.295,0.298,0.291,0.279,0.265,0.25,0.234,0.171
319.0,324.0,0.016,0.031,0.046,0.059,0.073,0.085,0.098,0.109,0.12,0.131,0.141,0.151,0.199,0.235,0.261,0.279,0.296,0.298,0.29,0.278,0.263,0.247,0.232,0.168
319.0,325.0,0.016,0.031,0.046,0.06,0.074,0.086,0.099,0.11,0.122,0.132,0.142,0.152,0.201,0.237,0.263,0.28,0.296,0.297,0.289,0.276,0.261,0.245,0.229,0.166
319.0,326.0,0.016,0.032,0.047,0.061,0.074,0.087,0.1,0.111,0.123,0.133,0.144,0.153,0.203,0.239,0.264,0.281,0.297,0.297,0.288,0.275,0.26,0.243,0.228,0.164
319.0,327.0,0.016,0.032,0.047,0.061,0.075,0.088,0.1,0.112,0.124,0.134,0.145,0.154,0.204,0.24,0.265,0.282,0.297,0.297,0.288,0.274,0.258,0.242,0.226,0.163
319.0,328.0,0.016,0.032,0.047,0.062,0.075,0.088,0.101,0.113,0.124,0.135,0.145,0.155,0.205,0.24,0.265,0.282,0.297,0.297,0.287,0.273,0.258,0.241,0.225,0.162
319.0,329.0,0.017,0.032,0.048,0.062,0.076,0.089,0.101,0.113,0.125,0.136,0.146,0.156,0.205,0.241,0.266,0.282,0.297,0.297,0.287,0.273,0.257,0.24,0.225,0.161
319.0,330.0,0.017,0.033,0.048,0.062,0.076,0.089,0.102,0.114,0.125,0.136,0.146,0.156,0.206,0.242,0.266,0.283,0.297,0.296,0.287,0.272,0.256,0.24,0.224,0.161
319.0,331.0,0.017,0.033,0.048,0.062,0.076,0.09,0.102,0.114,0.126,0.137,0.147,0.157,0.206,0.242,0.267,0.283,0.298,0.296,0.286,0.272,0.256,0.239,0.223,0.16
320.0,321.0,0.014,0.028,0.041,0.053,0.066,0.077,0.088,0.099,0.109,0.119,0.129,0.138,0.185,0.221,0.248,0.268,0.291,0.298,0.296,0.287,0.276,0.262,0.248,0.186
320.0,322.0,0.014,0.027,0.04,0.053,0.065,0.076,0.087,0.098,0.108,0.118,0.127,0.136,0.183,0.22,0.247,0.267,0.29,0.298,0.296,0.288,0.277,0.264,0.25,0.188
320.0,323.0,0.014,0.028,0.041,0.053,0.065,0.077,0.088,0.099,0.109,0.119,0.129,0.138,0.185,0.221,0.248,0.268,0.291,0.298,0.296,0.288,0.276,0.262,0.249,0.186
320.0,324.0,0.014,0.028,0.042,0.054,0.067,0.078,0.09,0.101,0.111,0.121,0.131,0.14,0.187,0.224,0.25,0.27,0.292,0.298,0.295,0.286,0.274,0.26,0.246,0.183
320.0,325.0,0.015,0.029,0.042,0.055,0.068,0.08,0.091,0.102,0.113,0.123,0.133,0.142,0.19,0.226,0.253,0.272,0.293,0.298,0.294,0.284,0.272,0.257,0.243,0.18
320.0,326.0,0.015,0.029,0.043,0.056,0.069,0.081,0.093,0.104,0.115,0.125,0.135,0.144,0.192,0.228,0.255,0.273,0.294,0.298,0.293,0.283,0.27,0.255,0.24,0.177
320.0,327.0,0.015,0.03,0.044,0.057,0.07,0.082,0.094,0.105,0.116,0.126,0.136,0.146,0.194,0.23,0.256,0.275,0.294,0.298,0.293,0.282,0.268,0.253,0.238,0.175
320.0,328.0,0.015,0.03,0.044,0.058,0.071,0.083,0.095,0.106,0.117,0.128,0.137,0.147,0.195,0.232,0.258,0.276,0.295,0.298,0.292,0.281,0.267,0.252,0.236,0.173
320.0,329.0,0.016,0.03,0.045,0.058,0.071,0.084,0.096,0.107,0.118,0.129,0.139,0.148,0.197,0.233,0.259,0.277,0.295,0.298,0.291,0.28,0.265,0.25,0.235,0.171
320.0,330.0,0.016,0.031,0.045,0.059,0.072,0.084,0.096,0.108,0.119,0.129,0.139,0.149,0.198,0.234,0.26,0.278,0.296,0.298,0.291,0.279,0.264,0.249,0.234,0.17
320.0,331.0,0.016,0.031,0.045,0.059,0.072,0.085,0.097,0.109,0.12,0.13,0.14,0.15,0.199,0.235,0.261,0.278,0.296,0.298,0.29,0.278,0.263,0.248,0.233,0.169
320.0,332.0,0.016,0.031,0.046,0.059,0.073,0.085,0.098,0.109,0.12,0.131,0.141,0.151,0.2,0.235,0.261,0.279,0.296,0.298,0.29,0.278,0.263,0.247,0.232,0.168
321.0,322.0,0.013,0.026,0.039,0.051,0.062,0.073,0.084,0.095,0.104,0.114,0.123,0.132,0.178,0.214,0.242,0.262,0.288,0.297,0.297,0.291,0.281,0.269,0.256,0.195
321.0,323.0,0.013,0.026,0.038,0.05,0.062,0.073,0.083,0.093,0.103,0.113,0.122,0.131,0.176,0.212,0.24,0.261,0.287,0.297,0.298,0.292,0.282,0.271,0.258,0.197
321.0,324.0,0.013,0.026,0.038,0.05,0.062,0.073,0.083,0.094,0.103,0.113,0.122,0.131,0.177,0.213,0.24,0.261,0.287,0.297,0.298,0.292,0.282,0.27,0.257,0.196
321.0,325.0,0.013,0.026,0.039,0.051,0.062,0.073,0.084,0.095,0.104,0.114,0.123,0.132,0.178,0.214,0.242,0.262,0.288,0.297,0.297,0.291,0.281,0.269,0.256,0.195
321.0,326.0,0.014,0.027,0.039,0.051,0.063,0.074,0.085,0.096,0.106,0.115,0.125,0.134,0.18,0.216,0.244,0.264,0.289,0.298,0.297,0.29,0.28,0.267,0.254,0.192
321.0,327.0,0.014,0.027,0.04,0.052,0.064,0.075,0.086,0.097,0.107,0.117,0.126,0.135,0.182,0.218,0.245,0.266,0.289,0.298,0.297,0.289,0.278,0.265,0.252,0.19
321.0,328.0,0.014,0.028,0.041,0.053,0.065,0.077,0.088,0.098,0.109,0.118,0.128,0.137,0.184,0.22,0.247,0.267,0.29,0.298,0.296,0.288,0.277,0.264,0.25,0.187
321.0,329.0,0.014,0.028,0.041,0.054,0.066,0.078,0.089,0.1,0.11,0.12,0.129,0.139,0.186,0.222,0.249,0.269,0.291,0.298,0.296,0.287,0.275,0.262,0.247,0.185
321.0,330.0,0.014,0.028,0.042,0.055,0.067,0.079,0.09,0.101,0.111,0.122,0.131,0.14,0.188,0.224,0.251,0.27,0.292,0.298,0.295,0.286,0.273,0.259,0.245,0.182
321.0,331.0,0.015,0.029,0.042,0.055,0.068,0.08,0.091,0.102,0.113,0.123,0.133,0.142,0.19,0.226,0.253,0.272,0.293,0.298,0.294,0.284,0.272,0.257,0.243,0.18
321.0,332.0,0.015,0.029,0.043,0.056,0.069,0.081,0.093,0.104,0.114,0.125,0.134,0.144,0.192,0.228,0.254,0.273,0.294,0.298,0.294,0.283,0.27,0.255,0.241,0.178
321.0,333.0,0.015,0.03,0.044,0.057,0.07,0.082,0.094,0.105,0.116,0.126,0.136,0.145,0.194,0.23,0.256,0.275,0.294,0.298,0.293,0.282,0.268,0.253,0.239,0.175
322.0,323.0,0.014,0.028,0.041,0.054,0.066,0.078,0.089,0.1,0.11,0.12,0.129,0.138,0.186,0.222,0.249,0.269,0.291,0.298,0.296,0.287,0.275,0.262,0.248,0.185
322.0,324.0,0.015,0.029,0.043,0.056,0.068,0.08,0.092,0.103,0.113,0.123,0.133,0.142,0.19,0.226,0.253,0.272,0.293,0.298,0.294,0.284,0.271,0.257,0.242,0.179
322.0,325.0,0.015,0.03,0.044,0.057,0.07,0.082,0.094,0.105,0.116,0.127,0.137,0.146,0.194,0.23,0.257,0.275,0.295,0.298,0.293,0.281,0.268,0.253,0.238,0.174
322.0,326.0,0.016,0.031,0.045,0.059,0.072,0.084,0.096,0.108,0.119,0.129,0.139,0.149,0.198,0.234,0.26,0.277,0.296,0.298,0.291,0.279,0.265,0.249,0.234,0.17
322.0,327.0,0.016,0.031,0.046,0.06,0.073,0.086,0.098,0.11,0.121,0.131,0.142,0.151,0.2,0.236,0.262,0.279,0.296,0.298,0.29,0.277,0.262,0.246,0.231,0.167
322.0,328.0,0.016,0.032,0.046,0.061,0.074,0.087,0.099,0.111,0.122,0.133,0.143,0.153,0.202,0.238,0.263,0.281,0.297,0.297,0.289,0.275,0.26,0.244,0.228,0.165
322.0,329.0,0.016,0.032,0.047,0.061,0.075,0.088,0.1,0.112,0.124,0.134,0.145,0.154,0.204,0.24,0.265,0.282,0.297,0.297,0.288,0.274,0.258,0.242,0.226,0.163
322.0,330.0,0.017,0.032,0.047,0.062,0.076,0.089,0.101,0.113,0.125,0.135,0.146,0.156,0.205,0.241,0.266,0.282,0.297,0.297,0.287,0.273,0.257,0.241,0.225,0.162
322.0,331.0,0.017,0.033,0.048,0.062,0.076,0.089,0.102,0.114,0.125,0.136,0.147,0.156,0.206,0.242,0.267,0.283,0.297,0.296,0.287,0.272,0.256,0.24,0.224,0.16
322.0,332.0,0.017,0.033,0.048,0.063,0.077,0.09,0.102,0.115,0.126,0.137,0.147,0.157,0.207,0.242,0.267,0.283,0.298,0.296,0.286,0.272,0.255,0.239,0.223,0.16
322.0,333.0,0.017,0.033,0.048,0.063,0.077,0.09,0.103,0.115,0.126,0.137,0.148,0.158,0.207,0.243,0.268,0.284,0.298,0.296,0.286,0.271,0.255,0.238,0.222,0.159
322.0,334.0,0.017,0.033,0.048,0.063,0.077,0.091,0.103,0.115,0.127,0.138,0.148,0.158,0.208,0.244,0.268,0.284,0.298,0.296,0.285,0.271,0.254,0.237,0.221,0.158
323.0,324.0,0.014,0.028,0.041,0.053,0.065,0.077,0.088,0.099,0.109,0.119,0.129,0.138,0.185,0.221,0.248,0.268,0.291,0.298,0.296,0.288,0.276,0.263,0.249,0.186
323.0,325.0,0.014,0.028,0.041,0.054,0.067,0.078,0.09,0.1,0.111,0.121,0.13,0.14,0.187,0.223,0.25,0.27,0.292,0.298,0.295,0.286,0.274,0.26,0.246,0.183
323.0,326.0,0.015,0.029,0.042,0.056,0.068,0.08,0.092,0.103,0.113,0.123,0.133,0.142,0.19,0.226,0.253,0.272,0.293,0.298,0.294,0.284,0.271,0.257,0.242,0.179
323.0,327.0,0.015,0.03,0.043,0.057,0.07,0.082,0.094,0.105,0.116,0.126,0.136,0.145,0.193,0.229,0.256,0.274,0.294,0.298,0.293,0.282,0.269,0.254,0.239,0.176
323.0,328.0,0.015,0.03,0.044,0.058,0.071,0.083,0.095,0.107,0.118,0.128,0.138,0.148,0.196,0.232,0.258,0.276,0.295,0.298,0.292,0.28,0.266,0.251,0.236,0.172
323.0,329.0,0.016,0.031,0.045,0.059,0.072,0.085,0.097,0.108,0.119,0.13,0.14,0.15,0.198,0.234,0.26,0.278,0.296,0.298,0.291,0.278,0.264,0.248,0.233,0.169
323.0,330.0,0.016,0.031,0.046,0.06,0.073,0.086,0.098,0.11,0.121,0.132,0.142,0.151,0.2,0.236,0.262,0.279,0.296,0.298,0.29,0.277,0.262,0.246,0.23,0.167
323.0,331.0,0.016,0.032,0.046,0.061,0.074,0.087,0.099,0.111,0.122,0.133,0.143,0.153,0.202,0.238,0.263,0.28,0.297,0.297,0.289,0.276,0.26,0.244,0.228,0.165
323.0,332.0,0.016,0.032,0.047,0.061,0.075,0.088,0.1,0.112,0.123,0.134,0.144,0.154,0.204,0.239,0.265,0.281,0.297,0.297,0.288,0.274,0.259,0.242,0.227,0.163
323.0,333.0,0.017,0.032,0.047,0.062,0.075,0.089,0.101,0.113,0.124,0.135,0.146,0.155,0.205,0.241,0.266,0.282,0.297,0.297,0.287,0.273,0.257,0.241,0.225,0.162
323.0,334.0,0.017,0.033,0.048,0.062,0.076,0.089,0.102,0.114,0.125,0.136,0.146,0.156,0.206,0.242,0.266,0.283,0.297,0.296,0.287,0.272,0.256,0.24,0.224,0.161
323.0,335.0,0.017,0.033,0.048,0.063,0.077,0.09,0.102,0.115,0.126,0.137,0.147,0.157,0.207,0.242,0.267,0.283,0.298,0.296,0.286,0.271,0.255,0.239,0.223,0.159
324.0,325.0,0.014,0.027,0.039,0.052,0.063,0.075,0.085,0.096,0.106,0.116,0.125,0.134,0.18,0.216,0.244,0.264,0.289,0.298,0.297,0.29,0.28,0.267,0.254,0.192
324.0,326.0,0.014,0.027,0.04,0.052,0.064,0.075,0.086,0.097,0.107,0.116,0.126,0.135,0.181,0.217,0.245,0.265,0.289,0.298,0.297,0.29,0.279,0.266,0.253,0.191
324.0,327.0,0.014,0.028,0.041,0.053,0.065,0.077,0.088,0.099,0.109,0.119,0.128,0.137,0.184,0.22,0.248,0.267,0.291,0.298,0.296,0.288,0.276,0.263,0.249,0.187
324.0,328.0,0.014,0.028,0.042,0.054,0.067,0.078,0.09,0.101,0.111,0.121,0.131,0.14,0.187,0.223,0.25,0.27,0.292,0.298,0.295,0.286,0.274,0.26,0.246,0.183
324.0,329.0,0.015,0.029,0.042,0.055,0.068,0.08,0.091,0.103,0.113,0.123,0.133,0.142,0.19,0.226,0.253,0.272,0.293,0.298,0.294,0.284,0.271,0.257,0.243,0.18
324.0,330.0,0.015,0.029,0.043,0.056,0.069,0.081,0.093,0.104,0.115,0.125,0.135,0.144,0.193,0.229,0.255,0.274,0.294,0.298,0.293,0.283,0.269,0.255,0.24,0.177
324.0,331.0,0.015,0.03,0.044,0.057,0.07,0.083,0.094,0.106,0.117,0.127,0.137,0.146,0.195,0.231,0.257,0.275,0.295,0.298,0.292,0.281,0.267,0.252,0.237,0.174
324.0,332.0,0.015,0.03,0.045,0.058,0.071,0.084,0.096,0.107,0.118,0.128,0.138,0.148,0.196,0.233,0.259,0.277,0.295,0.298,0.292,0.28,0.266,0.25,0.235,0.172
324.0,333.0,0.016,0.031,0.045,0.059,0.072,0.085,0.097,0.108,0.119,0.13,0.14,0.149,0.198,0.234,0.26,0.278,0.296,0.298,0.291,0.279,0.264,0.249,0.233,0.17
324.0,334.0,0.016,0.031,0.045,0.059,0.073,0.085,0.097,0.109,0.12,0.131,0.141,0.15,0.199,0.235,0.261,0.279,0.296,0.298,0.29,0.278,0.263,0.247,0.232,0.168
324.0,335.0,0.016,0.031,0.046,0.06,0.073,0.086,0.098,0.11,0.121,0.132,0.142,0.152,0.201,0.237,0.262,0.279,0.296,0.297,0.29,0.277,0.262,0.246,0.23,0.167
324.0,336.0,0.016,0.032,0.046,0.06,0.074,0.087,0.099,0.111,0.122,0.133,0.143,0.153,0.202,0.238,0.263,0.28,0.297,0.297,0.289,0.276,0.261,0.245,0.229,0.166
325.0,326.0,0.013,0.026,0.039,0.051,0.062,0.073,0.084,0.094,0.104,0.114,0.123,0.132,0.178,0.214,0.242,0.262,0.288,0.297,0.297,0.291,0.281,0.269,0.256,0.195
325.0,327.0,0.014,0.027,0.039,0.052,0.063,0.075,0.086,0.096,0.106,0.116,0.125,0.134,0.181,0.217,0.244,0.264,0.289,0.298,0.297,0.29,0.279,0.267,0.253,0.192
325.0,328.0,0.014,0.028,0.041,0.053,0.065,0.077,0.088,0.098,0.109,0.119,0.128,0.137,0.184,0.22,0.247,0.267,0.291,0.298,0.296,0.288,0.276,0.263,0.249,0.187
325.0,329.0,0.014,0.028,0.042,0.054,0.067,0.079,0.09,0.101,0.111,0.121,0.131,0.14,0.188,0.224,0.251,0.27,0.292,0.298,0.295,0.286,0.274,0.26,0.246,0.183
325.0,330.0,0.015,0.029,0.043,0.056,0.068,0.08,0.092,0.103,0.113,0.123,0.133,0.143,0.19,0.227,0.253,0.272,0.293,0.298,0.294,0.284,0.271,0.257,0.242,0.179
325.0,331.0,0.015,0.029,0.043,0.057,0.069,0.082,0.093,0.104,0.115,0.125,0.135,0.145,0.193,0.229,0.255,0.274,0.294,0.298,0.293,0.283,0.269,0.254,0.24,0.176
325.0,332.0,0.015,0.03,0.044,0.057,0.07,0.083,0.094,0.106,0.117,0.127,0.137,0.146,0.195,0.231,0.257,0.275,0.295,0.298,0.292,0.281,0.267,0.252,0.237,0.174
325.0,333.0,0.015,0.03,0.044,0.058,0.071,0.084,0.096,0.107,0.118,0.128,0.138,0.148,0.196,0.232,0.258,0.277,0.295,0.298,0.292,0.28,0.266,0.25,0.235,0.172
325.0,334.0,0.016,0.031,0.045,0.059,0.072,0.084,0.096,0.108,0.119,0.129,0.139,0.149,0.198,0.234,0.26,0.278,0.296,0.298,0.291,0.279,0.264,0.249,0.234,0.17
325.0,335.0,0.016,0.031,0.045,0.059,0.072,0.085,0.097,0.109,0.12,0.13,0.14,0.15,0.199,0.235,0.261,0.278,0.296,0.298,0.29,0.278,0.263,0.248,0.232,0.169
325.0,336.0,0.016,0.031,0.046,0.06,0.073,0.086,0.098,0.11,0.121,0.131,0.141,0.151,0.2,0.236,0.262,0.279,0.296,0.298,0.29,0.277,0.262,0.246,0.231,0.168
325.0,337.0,0.016,0.031,0.046,0.06,0.073,0.086,0.098,0.11,0.121,0.132,0.142,0.152,0.201,0.237,0.262,0.28,0.296,0.297,0.289,0.276,0.261,0.245,0.23,0.166
326.0,327.0,0.014,0.027,0.04,0.052,0.064,0.075,0.086,0.097,0.107,0.117,0.126,0.135,0.182,0.218,0.245,0.265,0.289,0.298,0.297,0.289,0.279,0.266,0.252,0.19
326.0,328.0,0.014,0.028,0.041,0.054,0.066,0.078,0.089,0.1,0.11,0.12,0.129,0.139,0.186,0.222,0.249,0.269,0.291,0.298,0.296,0.287,0.275,0.262,0.248,0.185
326.0,329.0,0.015,0.029,0.042,0.055,0.068,0.08,0.091,0.102,0.113,0.123,0.133,0.142,0.19,0.226,0.253,0.272,0.293,0.298,0.294,0.285,0.272,0.258,0.243,0.18
326.0,330.0,0.015,0.03,0.043,0.057,0.069,0.082,0.093,0.105,0.115,0.126,0.135,0.145,0.193,0.229,0.256,0.274,0.294,0.298,0.293,0.282,0.269,0.254,0.239,0.176
326.0,331.0,0.015,0.03,0.044,0.058,0.071,0.083,0.095,0.106,0.117,0.128,0.138,0.147,0.196,0.232,0.258,0.276,0.295,0.298,0.292,0.28,0.266,0.251,0.236,0.173
326.0,332.0,0.016,0.031,0.045,0.059,0.072,0.084,0.096,0.108,0.119,0.129,0.139,0.149,0.198,0.234,0.26,0.278,0.296,0.298,0.291,0.279,0.264,0.249,0.234,0.17
326.0,333.0,0.016,0.031,0.046,0.059,0.073,0.085,0.098,0.109,0.12,0.131,0.141,0.151,0.2,0.236,0.261,0.279,0.296,0.298,0.29,0.278,0.263,0.247,0.231,0.168
326.0,334.0,0.016,0.031,0.046,0.06,0.074,0.086,0.099,0.11,0.121,0.132,0.142,0.152,0.201,0.237,0.262,0.28,0.296,0.297,0.289,0.276,0.261,0.245,0.23,0.166
326.0,335.0,0.016,0.032,0.046,0.061,0.074,0.087,0.099,0.111,0.122,0.133,0.143,0.153,0.202,0.238,0.264,0.281,0.297,0.297,0.289,0.275,0.26,0.244,0.228,0.165
326.0,336.0,0.016,0.032,0.047,0.061,0.075,0.088,0.1,0.112,0.123,0.134,0.144,0.154,0.203,0.239,0.264,0.281,0.297,0.297,0.288,0.274,0.259,0.243,0.227,0.164
326.0,337.0,0.016,0.032,0.047,0.062,0.075,0.088,0.101,0.113,0.124,0.135,0.145,0.155,0.204,0.24,0.265,0.282,0.297,0.297,0.288,0.274,0.258,0.242,0.226,0.162
326.0,338.0,0.017,0.032,0.047,0.062,0.076,0.089,0.101,0.113,0.125,0.136,0.146,0.156,0.205,0.241,0.266,0.282,0.297,0.297,0.287,0.273,0.257,0.241,0.225,0.161
327.0,328.0,0.014,0.028,0.042,0.054,0.067,0.078,0.09,0.101,0.111,0.121,0.131,0.14,0.187,0.223,0.25,0.27,0.292,0.298,0.295,0.286,0.274,0.26,0.246,0.183
327.0,329.0,0.015,0.029,0.043,0.056,0.069,0.081,0.093,0.104,0.115,0.125,0.135,0.144,0.192,0.228,0.255,0.274,0.294,0.298,0.293,0.283,0.269,0.255,0.24,0.177
327.0,330.0,0.015,0.03,0.044,0.058,0.071,0.084,0.096,0.107,0.118,0.128,0.138,0.148,0.196,0.232,0.258,0.277,0.295,0.298,0.292,0.28,0.266,0.251,0.235,0.172
327.0,331.0,0.016,0.031,0.046,0.059,0.073,0.086,0.098,0.109,0.12,0.131,0.141,0.151,0.2,0.236,0.261,0.279,0.296,0.298,0.29,0.277,0.263,0.247,0.231,0.168
327.0,332.0,0.016,0.032,0.047,0.061,0.074,0.087,0.099,0.111,0.123,0.133,0.143,0.153,0.202,0.238,0.264,0.281,0.297,0.297,0.289,0.275,0.26,0.244,0.228,0.165
327.0,333.0,0.016,0.032,0.047,0.062,0.075,0.089,0.101,0.113,0.124,0.135,0.145,0.155,0.205,0.24,0.265,0.282,0.297,0.297,0.287,0.273,0.257,0.241,0.225,0.162
327.0,334.0,0.017,0.033,0.048,0.063,0.076,0.09,0.102,0.114,0.126,0.137,0.147,0.157,0.207,0.242,0.267,0.283,0.298,0.296,0.286,0.272,0.255,0.239,0.223,0.16
327.0,335.0,0.017,0.033,0.049,0.063,0.077,0.091,0.103,0.116,0.127,0.138,0.149,0.159,0.208,0.244,0.268,0.284,0.298,0.296,0.285,0.27,0.254,0.237,0.221,0.158
327.0,336.0,0.017,0.033,0.049,0.064,0.078,0.092,0.104,0.117,0.128,0.139,0.15,0.16,0.21,0.245,0.269,0.285,0.298,0.295,0.284,0.269,0.252,0.235,0.219,0.156
327.0,337.0,0.017,0.034,0.05,0.065,0.079,0.092,0.105,0.118,0.129,0.14,0.151,0.161,0.211,0.246,0.27,0.286,0.298,0.295,0.283,0.268,0.251,0.234,0.218,0.155
327.0,338.0,0.017,0.034,0.05,0.065,0.079,0.093,0.106,0.118,0.13,0.141,0.152,0.162,0.212,0.247,0.271,0.286,0.298,0.295,0.283,0.267,0.25,0.233,0.216,0.154
327.0,339.0,0.018,0.034,0.05,0.065,0.08,0.094,0.107,0.119,0.131,0.142,0.153,0.163,0.213,0.248,0.272,0.287,0.298,0.294,0.282,0.266,0.249,0.232,0.215,0.153
328.0,329.0,0.013,0.026,0.038,0.05,0.062,0.073,0.084,0.094,0.104,0.113,0.122,0.131,0.177,0.213,0.241,0.261,0.287,0.297,0.298,0.292,0.282,0.27,0.257,0.196
328.0,330.0,0.013,0.026,0.039,0.051,0.062,0.073,0.084,0.094,0.104,0.114,0.123,0.131,0.178,0.214,0.241,0.262,0.287,0.297,0.298,0.291,0.282,0.27,0.257,0.196
328.0,331.0,0.014,0.027,0.039,0.052,0.063,0.075,0.085,0.096,0.106,0.116,0.125,0.134,0.18,0.216,0.244,0.264,0.289,0.298,0.297,0.29,0.279,0.267,0.254,0.192
328.0,332.0,0.014,0.027,0.04,0.053,0.065,0.076,0.088,0.098,0.108,0.118,0.128,0.137,0.184,0.22,0.247,0.267,0.29,0.298,0.296,0.288,0.277,0.264,0.25,0.188
328.0,333.0,0.014,0.028,0.041,0.054,0.066,0.078,0.09,0.1,0.111,0.121,0.13,0.14,0.187,0.223,0.25,0.27,0.292,0.298,0.295,0.286,0.274,0.26,0.246,0.183
328.0,334.0,0.015,0.029,0.042,0.055,0.068,0.08,0.091,0.102,0.113,0.123,0.133,0.142,0.19,0.226,0.253,0.272,0.293,0.298,0.294,0.284,0.272,0.257,0.243,0.18
328.0,335.0,0.015,0.029,0.043,0.056,0.069,0.081,0.093,0.104,0.115,0.125,0.135,0.144,0.192,0.229,0.255,0.274,0.294,0.298,0.293,0.283,0.269,0.255,0.24,0.177
328.0,336.0,0.015,0.03,0.044,0.057,0.07,0.083,0.094,0.106,0.117,0.127,0.137,0.146,0.195,0.231,0.257,0.275,0.295,0.298,0.292,0.281,0.267,0.252,0.237,0.174
328.0,337.0,0.015,0.03,0.045,0.058,0.071,0.084,0.096,0.107,0.118,0.128,0.138,0.148,0.197,0.233,0.259,0.277,0.295,0.298,0.292,0.28,0.265,0.25,0.235,0.172
328.0,338.0,0.016,0.031,0.045,0.059,0.072,0.085,0.097,0.108,0.119,0.13,0.14,0.149,0.198,0.234,0.26,0.278,0.296,0.298,0.291,0.279,0.264,0.248,0.233,0.17
328.0,339.0,0.016,0.031,0.046,0.059,0.073,0.085,0.098,0.109,0.12,0.131,0.141,0.151,0.2,0.236,0.261,0.279,0.296,0.298,0.29,0.277,0.263,0.247,0.231,0.168
328.0,340.0,0.016,0.031,0.046,0.06,0.073,0.086,0.098,0.11,0.121,0.132,0.142,0.152,0.201,0.237,0.262,0.28,0.296,0.297,0.289,0.277,0.261,0.246,0.23,0.167
329.0,330.0,0.012,0.024,0.036,0.047,0.058,0.069,0.079,0.089,0.098,0.107,0.116,0.124,0.169,0.205,0.233,0.254,0.282,0.295,0.298,0.295,0.287,0.277,0.266,0.207
329.0,331.0,0.012,0.024,0.036,0.047,0.058,0.068,0.078,0.088,0.097,0.106,0.115,0.124,0.168,0.204,0.232,0.253,0.281,0.295,0.298,0.295,0.288,0.278,0.266,0.208
329.0,332.0,0.013,0.025,0.036,0.048,0.059,0.069,0.079,0.089,0.099,0.108,0.117,0.125,0.17,0.206,0.234,0.255,0.283,0.296,0.298,0.295,0.287,0.276,0.265,0.205
329.0,333.0,0.013,0.025,0.037,0.049,0.06,0.071,0.081,0.091,0.101,0.11,0.119,0.128,0.173,0.209,0.237,0.258,0.285,0.296,0.298,0.294,0.285,0.274,0.262,0.202
329.0,334.0,0.013,0.026,0.038,0.05,0.061,0.072,0.083,0.093,0.103,0.112,0.121,0.13,0.176,0.212,0.239,0.26,0.286,0.297,0.298,0.292,0.283,0.271,0.259,0.198
329.0,335.0,0.013,0.026,0.039,0.051,0.062,0.074,0.084,0.095,0.105,0.114,0.123,0.132,0.178,0.214,0.242,0.263,0.288,0.298,0.297,0.291,0.281,0.269,0.256,0.194
329.0,336.0,0.014,0.027,0.04,0.052,0.064,0.075,0.086,0.096,0.106,0.116,0.125,0.134,0.181,0.217,0.244,0.265,0.289,0.298,0.297,0.29,0.279,0.266,0.253,0.191
329.0,337.0,0.014,0.027,0.04,0.053,0.065,0.076,0.087,0.098,0.108,0.118,0.127,0.136,0.183,0.219,0.246,0.266,0.29,0.298,0.296,0.289,0.277,0.264,0.251,0.188
329.0,338.0,0.014,0.028,0.041,0.053,0.066,0.077,0.088,0.099,0.109,0.119,0.129,0.138,0.185,0.221,0.248,0.268,0.291,0.298,0.296,0.287,0.276,0.262,0.248,0.186
329.0,339.0,0.014,0.028,0.041,0.054,0.066,0.078,0.089,0.1,0.111,0.121,0.13,0.139,0.187,0.223,0.25,0.27,0.292,0.298,0.295,0.286,0.274,0.261,0.246,0.184
329.0,340.0,0.015,0.029,0.042,0.055,0.067,0.079,0.091,0.101,0.112,0.122,0.132,0.141,0.189,0.225,0.252,0.271,0.292,0.298,0.295,0.285,0.273,0.259,0.244,0.182
329.0,341.0,0.015,0.029,0.042,0.055,0.068,0.08,0.092,0.103,0.113,0.123,0.133,0.142,0.19,0.226,0.253,0.272,0.293,0.298,0.294,0.284,0.271,0.257,0.243,0.18
330.0,331.0,0.012,0.024,0.035,0.046,0.057,0.067,0.077,0.087,0.096,0.105,0.114,0.122,0.166,0.202,0.23,0.251,0.28,0.294,0.298,0.296,0.289,0.28,0.268,0.211
330.0,332.0,0.012,0.024,0.036,0.047,0.058,0.068,0.078,0.088,0.097,0.106,0.115,0.123,0.168,0.204,0.232,0.253,0.281,0.295,0.298,0.295,0.288,0.278,0.267,0.208
330.0,333.0,0.013,0.025,0.036,0.048,0.059,0.069,0.079,0.089,0.099,0.108,0.117,0.125,0.17,0.206,0.234,0.255,0.283,0.296,0.298,0.295,0.287,0.276,0.265,0.205
330.0,334.0,0.013,0.025,0.037,0.048,0.059,0.07,0.08,0.09,0.1,0.109,0.118,0.127,0.172,0.208,0.236,0.257,0.284,0.296,0.298,0.294,0.285,0.275,0.263,0.203
330.0,335.0,0.013,0.025,0.037,0.049,0.06,0.071,0.081,0.092,0.101,0.111,0.12,0.128,0.174,0.21,0.237,0.258,0.285,0.297,0.298,0.293,0.284,0.273,0.261,0.201
330.0,336.0,0.013,0.026,0.038,0.05,0.061,0.072,0.082,0.093,0.102,0.112,0.121,0.13,0.175,0.211,0.239,0.26,0.286,0.297,0.298,0.292,0.283,0.272,0.259,0.199
330.0,337.0,0.013,0.026,0.038,0.05,0.062,0.073,0.083,0.093,0.103,0.113,0.122,0.131,0.177,0.213,0.24,0.261,0.287,0.297,0.298,0.292,0.282,0.27,0.258,0.197
330.0,338.0,0.013,0.026,0.039,0.051,0.062,0.073,0.084,0.094,0.104,0.114,0.123,0.132,0.178,0.214,0.241,0.262,0.287,0.297,0.297,0.291,0.281,0.269,0.256,0.195
330.0,339.0,0.013,0.026,0.039,0.051,0.063,0.074,0.085,0.095,0.105,0.115,0.124,0.133,0.179,0.215,0.243,0.263,0.288,0.298,0.297,0.291,0.28,0.268,0.255,0.194
330.0,340.0,0.014,0.027,0.039,0.051,0.063,0.074,0.085,0.096,0.106,0.115,0.125,0.134,0.18,0.216,0.244,0.264,0.289,0.298,0.297,0.29,0.28,0.267,0.254,0.192
330.0,341.0,0.014,0.027,0.04,0.052,0.064,0.075,0.086,0.096,0.106,0.116,0.125,0.134,0.181,0.217,0.244,0.265,0.289,0.298,0.297,0.29,0.279,0.266,0.253,0.191
330.0,342.0,0.014,0.027,0.04,0.052,0.064,0.075,0.086,0.097,0.107,0.117,0.126,0.135,0.182,0.218,0.245,0.265,0.289,0.298,0.297,0.289,0.278,0.266,0.252,0.19
331.0,332.0,0.012,0.023,0.034,0.045,0.055,0.066,0.075,0.085,0.094,0.103,0.111,0.119,0.163,0.198,0.226,0.248,0.278,0.293,0.298,0.297,0.291,0.282,0.271,0.215
331.0,333.0,0.012,0.024,0.035,0.046,0.056,0.066,0.076,0.086,0.095,0.104,0.112,0.121,0.165,0.2,0.228,0.25,0.279,0.294,0.298,0.296,0.29,0.281,0.27,0.213
331.0,334.0,0.012,0.024,0.036,0.047,0.058,0.068,0.078,0.088,0.097,0.106,0.115,0.123,0.168,0.203,0.231,0.253,0.281,0.295,0.298,0.295,0.288,0.278,0.267,0.209
331.0,335.0,0.013,0.025,0.037,0.048,0.059,0.07,0.08,0.09,0.099,0.109,0.118,0.126,0.171,0.207,0.235,0.256,0.283,0.296,0.298,0.294,0.286,0.275,0.263,0.204
331.0,336.0,0.013,0.026,0.038,0.049,0.061,0.072,0.082,0.092,0.102,0.111,0.12,0.129,0.175,0.211,0.238,0.259,0.286,0.297,0.298,0.293,0.284,0.272,0.26,0.199
331.0,337.0,0.013,0.026,0.039,0.051,0.062,0.073,0.084,0.094,0.104,0.114,0.123,0.132,0.178,0.214,0.241,0.262,0.287,0.297,0.297,0.291,0.281,0.269,0.256,0.195
331.0,338.0,0.014,0.027,0.04,0.052,0.064,0.075,0.086,0.096,0.106,0.116,0.125,0.134,0.181,0.217,0.244,0.265,0.289,0.298,0.297,0.29,0.279,0.267,0.253,0.191
331.0,339.0,0.014,0.027,0.04,0.053,0.065,0.076,0.087,0.098,0.108,0.118,0.127,0.136,0.183,0.22,0.247,0.267,0.29,0.298,0.296,0.288,0.277,0.264,0.25,0.188
331.0,340.0,0.014,0.028,0.041,0.054,0.066,0.078,0.089,0.1,0.11,0.12,0.129,0.139,0.186,0.222,0.249,0.269,0.291,0.298,0.296,0.287,0.275,0.262,0.248,0.185
331.0,341.0,0.014,0.028,0.042,0.055,0.067,0.079,0.09,0.101,0.112,0.122,0.131,0.14,0.188,0.224,0.251,0.27,0.292,0.298,0.295,0.286,0.273,0.259,0.245,0.182
331.0,342.0,0.015,0.029,0.042,0.055,0.068,0.08,0.091,0.102,0.113,0.123,0.133,0.142,0.19,0.226,0.253,0.272,0.293,0.298,0.294,0.284,0.272,0.257,0.243,0.18
331.0,343.0,0.015,0.029,0.043,0.056,0.069,0.081,0.093,0.104,0.114,0.125,0.134,0.144,0.192,0.228,0.254,0.273,0.294,0.298,0.294,0.283,0.27,0.256,0.241,0.178
332.0,333.0,0.012,0.024,0.036,0.047,0.057,0.068,0.078,0.087,0.097,0.106,0.114,0.123,0.167,0.203,0.231,0.252,0.281,0.295,0.298,0.296,0.288,0.279,0.267,0.209
332.0,334.0,0.013,0.025,0.037,0.048,0.059,0.069,0.08,0.09,0.099,0.108,0.117,0.126,0.171,0.206,0.234,0.256,0.283,0.296,0.298,0.294,0.286,0.276,0.264,0.205
332.0,335.0,0.013,0.026,0.038,0.049,0.061,0.072,0.082,0.092,0.102,0.111,0.12,0.129,0.175,0.211,0.238,0.259,0.286,0.297,0.298,0.293,0.284,0.272,0.26,0.199
332.0,336.0,0.013,0.026,0.039,0.051,0.063,0.074,0.085,0.095,0.105,0.114,0.124,0.133,0.179,0.215,0.242,0.263,0.288,0.298,0.297,0.291,0.281,0.268,0.255,0.194
332.0,337.0,0.014,0.027,0.04,0.052,0.064,0.076,0.087,0.097,0.107,0.117,0.127,0.136,0.182,0.219,0.246,0.266,0.29,0.298,0.297,0.289,0.278,0.265,0.251,0.189
332.0,338.0,0.014,0.028,0.041,0.054,0.066,0.077,0.089,0.099,0.11,0.12,0.129,0.138,0.186,0.222,0.249,0.269,0.291,0.298,0.296,0.287,0.275,0.262,0.248,0.185
332.0,339.0,0.015,0.028,0.042,0.055,0.067,0.079,0.09,0.101,0.112,0.122,0.132,0.141,0.188,0.225,0.251,0.271,0.292,0.298,0.295,0.285,0.273,0.259,0.245,0.182
332.0,340.0,0.015,0.029,0.043,0.056,0.068,0.08,0.092,0.103,0.114,0.124,0.134,0.143,0.191,0.227,0.254,0.273,0.293,0.298,0.294,0.284,0.271,0.256,0.242,0.179
332.0,341.0,0.015,0.03,0.043,0.057,0.069,0.082,0.093,0.105,0.115,0.126,0.135,0.145,0.193,0.229,0.256,0.274,0.294,0.298,0.293,0.282,0.269,0.254,0.239,0.176
332.0,342.0,0.015,0.03,0.044,0.058,0.07,0.083,0.095,0.106,0.117,0.127,0.137,0.147,0.195,0.231,0.257,0.276,0.295,0.298,0.292,0.281,0.267,0.252,0.237,0.174
332.0,343.0,0.016,0.03,0.045,0.058,0.071,0.084,0.096,0.107,0.118,0.129,0.139,0.148,0.197,0.233,0.259,0.277,0.295,0.298,0.291,0.28,0.265,0.25,0.235,0.171
332.0,344.0,0.016,0.031,0.045,0.059,0.072,0.085,0.097,0.108,0.119,0.13,0.14,0.149,0.198,0.234,0.26,0.278,0.296,0.298,0.291,0.279,0.264,0.248,0.233,0.17
333.0,334.0,0.013,0.025,0.036,0.048,0.059,0.069,0.079,0.089,0.099,0.108,0.116,0.125,0.17,0.206,0.233,0.255,0.283,0.295,0.298,0.295,0.287,0.276,0.265,0.206
333.0,335.0,0.013,0.025,0.038,0.049,0.06,0.071,0.082,0.092,0.101,0.111,0.12,0.129,0.174,0.21,0.238,0.259,0.285,0.297,0.298,0.293,0.284,0.273,0.26,0.2
333.0,336.0,0.013,0.026,0.039,0.051,0.062,0.073,0.084,0.094,0.104,0.114,0.123,0.132,0.178,0.214,0.242,0.262,0.288,0.297,0.297,0.291,0.281,0.269,0.256,0.195
333.0,337.0,0.014,0.027,0.04,0.052,0.064,0.075,0.086,0.097,0.107,0.117,0.126,0.135,0.182,0.218,0.245,0.265,0.289,0.298,0.297,0.289,0.278,0.266,0.252,0.19
333.0,338.0,0.014,0.028,0.041,0.053,0.065,0.077,0.088,0.099,0.109,0.119,0.128,0.138,0.185,0.221,0.248,0.268,0.291,0.298,0.296,0.288,0.276,0.263,0.249,0.186
333.0,339.0,0.014,0.028,0.041,0.054,0.067,0.078,0.09,0.1,0.111,0.121,0.13,0.14,0.187,0.223,0.25,0.27,0.292,0.298,0.295,0.286,0.274,0.26,0.246,0.183
333.0,340.0,0.015,0.029,0.042,0.055,0.067,0.079,0.091,0.102,0.112,0.122,0.132,0.141,0.189,0.225,0.252,0.271,0.293,0.298,0.295,0.285,0.272,0.258,0.244,0.181
333.0,341.0,0.015,0.029,0.043,0.056,0.068,0.08,0.092,0.103,0.114,0.124,0.133,0.143,0.191,0.227,0.253,0.272,0.293,0.298,0.294,0.284,0.271,0.257,0.242,0.179
333.0,342.0,0.015,0.029,0.043,0.056,0.069,0.081,0.093,0.104,0.115,0.125,0.135,0.144,0.192,0.228,0.255,0.273,0.294,0.298,0.293,0.283,0.27,0.255,0.241,0.177
333.0,343.0,0.015,0.03,0.043,0.057,0.069,0.082,0.093,0.105,0.115,0.126,0.135,0.145,0.193,0.229,0.256,0.274,0.294,0.298,0.293,0.282,0.269,0.254,0.239,0.176
333.0,344.0,0.015,0.03,0.044,0.057,0.07,0.082,0.094,0.105,0.116,0.126,0.136,0.146,0.194,0.23,0.256,0.275,0.294,0.298,0.293,0.282,0.268,0.253,0.238,0.175
333.0,345.0,0.015,0.03,0.044,0.057,0.07,0.083,0.095,0.106,0.117,0.127,0.137,0.146,0.195,0.231,0.257,0.276,0.295,0.298,0.292,0.281,0.267,0.252,0.237,0.174
334.0,335.0,0.012,0.024,0.036,0.047,0.058,0.068,0.078,0.088,0.097,0.106,0.115,0.123,0.168,0.203,0.231,0.253,0.281,0.295,0.298,0.295,0.288,0.278,0.267,0.208
334.0,336.0,0.013,0.025,0.036,0.048,0.059,0.069,0.079,0.089,0.099,0.108,0.117,0.125,0.17,0.206,0.234,0.255,0.283,0.296,0.298,0.295,0.287,0.276,0.265,0.206
334.0,337.0,0.013,0.025,0.037,0.048,0.06,0.07,0.081,0.09,0.1,0.109,0.118,0.127,0.172,0.208,0.236,0.257,0.284,0.296,0.298,0.294,0.285,0.275,0.262,0.203
334.0,338.0,0.013,0.025,0.038,0.049,0.06,0.071,0.082,0.092,0.101,0.111,0.12,0.128,0.174,0.21,0.238,0.259,0.285,0.297,0.298,0.293,0.284,0.273,0.26,0.2
334.0,339.0,0.013,0.026,0.038,0.05,0.061,0.072,0.083,0.093,0.103,0.112,0.121,0.13,0.176,0.212,0.239,0.26,0.286,0.297,0.298,0.292,0.283,0.271,0.259,0.198
334.0,340.0,0.013,0.026,0.038,0.05,0.062,0.073,0.084,0.094,0.104,0.113,0.122,0.131,0.177,0.213,0.241,0.262,0.287,0.297,0.298,0.292,0.282,0.27,0.257,0.196
334.0,341.0,0.013,0.026,0.039,0.051,0.063,0.074,0.084,0.095,0.105,0.114,0.124,0.132,0.179,0.215,0.242,0.263,0.288,0.298,0.297,0.291,0.281,0.269,0.256,0.194
334.0,342.0,0.014,0.027,0.039,0.051,0.063,0.074,0.085,0.096,0.106,0.115,0.124,0.133,0.18,0.216,0.243,0.264,0.288,0.298,0.297,0.29,0.28,0.267,0.254,0.193
334.0,343.0,0.014,0.027,0.04,0.052,0.064,0.075,0.086,0.096,0.106,0.116,0.125,0.134,0.181,0.217,0.244,0.265,0.289,0.298,0.297,0.29,0.279,0.266,0.253,0.191
334.0,344.0,0.014,0.027,0.04,0.052,0.064,0.075,0.086,0.097,0.107,0.117,0.126,0.135,0.182,0.218,0.245,0.265,0.289,0.298,0.297,0.289,0.278,0.266,0.252,0.19
334.0,345.0,0.014,0.027,0.04,0.053,0.064,0.076,0.087,0.098,0.108,0.117,0.127,0.136,0.183,0.219,0.246,0.266,0.29,0.298,0.296,0.289,0.278,0.265,0.251,0.189
334.0,346.0,0.014,0.027,0.04,0.053,0.065,0.076,0.087,0.098,0.108,0.118,0.128,0.137,0.184,0.22,0.247,0.267,0.29,0.298,0.296,0.288,0.277,0.264,0.25,0.188
335.0,336.0,0.012,0.024,0.036,0.047,0.058,0.069,0.079,0.088,0.098,0.107,0.116,0.124,0.169,0.205,0.232,0.254,0.282,0.295,0.298,0.295,0.287,0.277,0.266,0.207
335.0,337.0,0.013,0.025,0.037,0.048,0.059,0.07,0.08,0.09,0.099,0.109,0.118,0.126,0.171,0.207,0.235,0.256,0.283,0.296,0.298,0.294,0.286,0.275,0.263,0.204
335.0,338.0,0.013,0.026,0.038,0.049,0.061,0.072,0.082,0.092,0.102,0.111,0.12,0.129,0.175,0.211,0.238,0.259,0.286,0.297,0.298,0.293,0.284,0.272,0.26,0.199
335.0,339.0,0.013,0.026,0.039,0.051,0.062,0.073,0.084,0.094,0.104,0.114,0.123,0.132,0.178,0.214,0.242,0.262,0.288,0.297,0.297,0.291,0.281,0.269,0.256,0.195
335.0,340.0,0.014,0.027,0.04,0.052,0.064,0.075,0.086,0.096,0.107,0.116,0.126,0.135,0.181,0.217,0.245,0.265,0.289,0.298,0.297,0.29,0.279,0.266,0.253,0.191
335.0,341.0,0.014,0.027,0.04,0.053,0.065,0.076,0.088,0.098,0.108,0.118,0.128,0.137,0.184,0.22,0.247,0.267,0.29,0.298,0.296,0.288,0.277,0.264,0.25,0.188
335.0,342.0,0.014,0.028,0.041,0.054,0.066,0.078,0.089,0.1,0.11,0.12,0.13,0.139,0.186,0.222,0.249,0.269,0.291,0.298,0.296,0.287,0.275,0.261,0.247,0.185
335.0,343.0,0.014,0.028,0.042,0.055,0.067,0.079,0.09,0.101,0.112,0.122,0.131,0.14,0.188,0.224,0.251,0.27,0.292,0.298,0.295,0.286,0.273,0.259,0.245,0.182
335.0,344.0,0.015,0.029,0.042,0.055,0.068,0.08,0.091,0.102,0.113,0.123,0.133,0.142,0.19,0.226,0.253,0.272,0.293,0.298,0.294,0.285,0.272,0.258,0.243,0.18
335.0,345.0,0.015,0.029,0.043,0.056,0.068,0.081,0.092,0.103,0.114,0.124,0.134,0.143,0.191,0.227,0.254,0.273,0.293,0.298,0.294,0.284,0.271,0.256,0.241,0.178
335.0,346.0,0.015,0.029,0.043,0.056,0.069,0.081,0.093,0.104,0.115,0.125,0.135,0.144,0.192,0.229,0.255,0.274,0.294,0.298,0.293,0.283,0.269,0.255,0.24,0.177
335.0,347.0,0.015,0.03,0.044,0.057,0.07,0.082,0.094,0.105,0.116,0.126,0.136,0.145,0.194,0.23,0.256,0.275,0.294,0.298,0.293,0.282,0.268,0.253,0.239,0.175
336.0,337.0,0.013,0.025,0.037,0.049,0.06,0.071,0.081,0.091,0.101,0.11,0.119,0.128,0.173,0.209,0.237,0.258,0.285,0.296,0.298,0.293,0.285,0.273,0.261,0.201
336.0,338.0,0.013,0.026,0.039,0.051,0.062,0.073,0.084,0.094,0.104,0.114,0.123,0.132,0.178,0.214,0.241,0.262,0.287,0.297,0.298,0.291,0.281,0.269,0.257,0.195
336.0,339.0,0.014,0.027,0.04,0.052,0.064,0.075,0.086,0.097,0.107,0.117,0.126,0.135,0.182,0.218,0.245,0.265,0.289,0.298,0.297,0.289,0.278,0.266,0.252,0.19
336.0,340.0,0.014,0.028,0.041,0.053,0.066,0.077,0.088,0.099,0.109,0.119,0.129,0.138,0.185,0.221,0.248,0.268,0.291,0.298,0.296,0.287,0.276,0.262,0.248,0.186
336.0,341.0,0.014,0.028,0.042,0.055,0.067,0.079,0.09,0.101,0.112,0.122,0.131,0.14,0.188,0.224,0.251,0.27,0.292,0.298,0.295,0.286,0.273,0.259,0.245,0.182
336.0,342.0,0.015,0.029,0.043,0.056,0.068,0.08,0.092,0.103,0.113,0.124,0.133,0.143,0.19,0.227,0.253,0.272,0.293,0.298,0.294,0.284,0.271,0.257,0.242,0.179
336.0,343.0,0.015,0.029,0.043,0.056,0.069,0.081,0.093,0.104,0.115,0.125,0.135,0.144,0.193,0.229,0.255,0.274,0.294,0.298,0.293,0.283,0.269,0.255,0.24,0.177
336.0,344.0,0.015,0.03,0.044,0.057,0.07,0.082,0.094,0.105,0.116,0.127,0.137,0.146,0.194,0.23,0.257,0.275,0.295,0.298,0.293,0.281,0.268,0.253,0.238,0.174
336.0,345.0,0.015,0.03,0.044,0.058,0.071,0.083,0.095,0.107,0.117,0.128,0.138,0.147,0.196,0.232,0.258,0.276,0.295,0.298,0.292,0.28,0.266,0.251,0.236,0.172
336.0,346.0,0.016,0.03,0.045,0.058,0.072,0.084,0.096,0.108,0.119,0.129,0.139,0.149,0.197,0.233,0.259,0.277,0.295,0.298,0.291,0.279,0.265,0.25,0.234,0.171
336.0,347.0,0.016,0.031,0.045,0.059,0.072,0.085,0.097,0.108,0.119,0.13,0.14,0.15,0.198,0.234,0.26,0.278,0.296,0.298,0.291,0.278,0.264,0.248,0.233,0.169
336.0,348.0,0.016,0.031,0.046,0.059,0.073,0.085,0.098,0.109,0.12,0.131,0.141,0.151,0.2,0.236,0.261,0.279,0.296,0.298,0.29,0.278,0.263,0.247,0.231,0.168
337.0,338.0,0.013,0.026,0.039,0.05,0.062,0.073,0.084,0.094,0.104,0.113,0.123,0.131,0.177,0.213,0.241,0.262,0.287,0.297,0.298,0.292,0.282,0.27,0.257,0.196
337.0,339.0,0.014,0.027,0.04,0.052,0.064,0.076,0.087,0.097,0.107,0.117,0.126,0.135,0.182,0.218,0.246,0.266,0.29,0.298,0.297,0.289,0.278,0.265,0.252,0.19
337.0,340.0,0.014,0.028,0.041,0.054,0.066,0.078,0.089,0.1,0.11,0.12,0.129,0.138,0.186,0.222,0.249,0.269,0.291,0.298,0.296,0.287,0.275,0.262,0.248,0.185
337.0,341.0,0.015,0.028,0.042,0.055,0.067,0.079,0.09,0.101,0.112,0.122,0.132,0.141,0.188,0.225,0.251,0.271,0.292,0.298,0.295,0.285,0.273,0.259,0.245,0.182
337.0,342.0,0.015,0.029,0.043,0.056,0.068,0.08,0.092,0.103,0.113,0.124,0.133,0.143,0.191,0.227,0.253,0.272,0.293,0.298,0.294,0.284,0.271,0.257,0.242,0.179
337.0,343.0,0.015,0.029,0.043,0.056,0.069,0.081,0.093,0.104,0.115,0.125,0.135,0.144,0.192,0.228,0.255,0.274,0.294,0.298,0.293,0.283,0.27,0.255,0.24,0.177
337.0,344.0,0.015,0.03,0.044,0.057,0.07,0.082,0.094,0.105,0.116,0.126,0.136,0.145,0.194,0.23,0.256,0.275,0.294,0.298,0.293,0.282,0.268,0.253,0.239,0.175
337.0,345.0,0.015,0.03,0.044,0.057,0.07,0.083,0.094,0.106,0.117,0.127,0.137,0.146,0.195,0.231,0.257,0.275,0.295,0.298,0.292,0.281,0.267,0.252,0.237,0.174
337.0,346.0,0.015,0.03,0.044,0.058,0.071,0.083,0.095,0.106,0.117,0.128,0.138,0.147,0.196,0.232,0.258,0.276,0.295,0.298,0.292,0.28,0.266,0.251,0.236,0.173
337.0,347.0,0.015,0.03,0.045,0.058,0.071,0.084,0.096,0.107,0.118,0.128,0.138,0.148,0.197,0.233,0.259,0.277,0.295,0.298,0.292,0.28,0.266,0.25,0.235,0.172
337.0,348.0,0.016,0.03,0.045,0.058,0.072,0.084,0.096,0.108,0.119,0.129,0.139,0.149,0.197,0.233,0.259,0.277,0.295,0.298,0.291,0.279,0.265,0.249,0.234,0.171
337.0,349.0,0.016,0.031,0.045,0.059,0.072,0.085,0.097,0.108,0.119,0.13,0.14,0.149,0.198,0.234,0.26,0.278,0.296,0.298,0.291,0.279,0.264,0.249,0.233,0.17
338.0,339.0,0.013,0.026,0.038,0.05,0.061,0.073,0.083,0.093,0.103,0.113,0.122,0.131,0.176,0.212,0.24,0.261,0.287,0.297,0.298,0.292,0.282,0.271,0.258,0.197
338.0,340.0,0.013,0.026,0.039,0.051,0.062,0.074,0.084,0.095,0.105,0.114,0.123,0.132,0.179,0.215,0.242,0.263,0.288,0.298,0.297,0.291,0.281,0.269,0.256,0.194
338.0,341.0,0.014,0.027,0.04,0.052,0.064,0.076,0.087,0.097,0.107,0.117,0.126,0.135,0.182,0.218,0.245,0.266,0.29,0.298,0.297,0.289,0.278,0.265,0.252,0.19
338.0,342.0,0.014,0.028,0.041,0.054,0.066,0.077,0.089,0.099,0.11,0.12,0.129,0.138,0.185,0.222,0.249,0.268,0.291,0.298,0.296,0.287,0.275,0.262,0.248,0.185
338.0,343.0,0.015,0.028,0.042,0.055,0.067,0.079,0.09,0.101,0.112,0.122,0.132,0.141,0.188,0.225,0.251,0.271,0.292,0.298,0.295,0.285,0.273,0.259,0.245,0.182
338.0,344.0,0.015,0.029,0.043,0.056,0.068,0.08,0.092,0.103,0.114,0.124,0.134,0.143,0.191,0.227,0.254,0.273,0.293,0.298,0.294,0.284,0.271,0.256,0.242,0.179
338.0,345.0,0.015,0.029,0.043,0.057,0.069,0.082,0.093,0.105,0.115,0.126,0.135,0.145,0.193,0.229,0.255,0.274,0.294,0.298,0.293,0.282,0.269,0.254,0.239,0.176
338.0,346.0,0.015,0.03,0.044,0.057,0.07,0.083,0.094,0.106,0.116,0.127,0.137,0.146,0.195,0.231,0.257,0.275,0.295,0.298,0.292,0.281,0.267,0.252,0.237,0.174
338.0,347.0,0.015,0.03,0.044,0.058,0.071,0.083,0.095,0.107,0.118,0.128,0.138,0.147,0.196,0.232,0.258,0.276,0.295,0.298,0.292,0.28,0.266,0.251,0.236,0.172
338.0,348.0,0.016,0.03,0.045,0.058,0.071,0.084,0.096,0.107,0.118,0.129,0.139,0.148,0.197,0.233,0.259,0.277,0.295,0.298,0.291,0.279,0.265,0.25,0.234,0.171
338.0,349.0,0.016,0.031,0.045,0.059,0.072,0.085,0.097,0.108,0.119,0.13,0.14,0.149,0.198,0.234,0.26,0.278,0.296,0.298,0.291,0.279,0.264,0.249,0.233,0.17
338.0,350.0,0.016,0.031,0.045,0.059,0.072,0.085,0.097,0.109,0.12,0.13,0.14,0.15,0.199,0.235,0.261,0.278,0.296,0.298,0.29,0.278,0.263,0.248,0.232,0.169
339.0,340.0,0.013,0.026,0.038,0.05,0.061,0.072,0.082,0.092,0.102,0.111,0.121,0.129,0.175,0.211,0.239,0.26,0.286,0.297,0.298,0.293,0.283,0.272,0.259,0.199
339.0,341.0,0.013,0.026,0.039,0.051,0.062,0.073,0.084,0.094,0.104,0.114,0.123,0.132,0.178,0.214,0.241,0.262,0.287,0.297,0.297,0.291,0.281,0.269,0.256,0.195
339.0,342.0,0.014,0.027,0.04,0.052,0.064,0.075,0.086,0.097,0.107,0.117,0.126,0.135,0.182,0.218,0.245,0.265,0.289,0.298,0.297,0.289,0.278,0.266,0.252,0.19
339.0,343.0,0.014,0.028,0.041,0.054,0.066,0.077,0.089,0.099,0.11,0.12,0.129,0.138,0.185,0.222,0.249,0.268,0.291,0.298,0.296,0.287,0.275,0.262,0.248,0.185
339.0,344.0,0.015,0.029,0.042,0.055,0.067,0.079,0.091,0.102,0.112,0.122,0.132,0.141,0.189,0.225,0.252,0.271,0.293,0.298,0.295,0.285,0.273,0.259,0.244,0.181
339.0,345.0,0.015,0.029,0.043,0.056,0.069,0.081,0.093,0.104,0.114,0.125,0.134,0.144,0.192,0.228,0.254,0.273,0.294,0.298,0.294,0.283,0.27,0.255,0.241,0.178
339.0,346.0,0.015,0.03,0.044,0.057,0.07,0.082,0.094,0.105,0.116,0.127,0.136,0.146,0.194,0.23,0.257,0.275,0.295,0.298,0.293,0.282,0.268,0.253,0.238,0.175
339.0,347.0,0.015,0.03,0.044,0.058,0.071,0.084,0.095,0.107,0.118,0.128,0.138,0.148,0.196,0.232,0.258,0.277,0.295,0.298,0.292,0.28,0.266,0.251,0.235,0.172
339.0,348.0,0.016,0.031,0.045,0.059,0.072,0.085,0.097,0.108,0.119,0.13,0.14,0.149,0.198,0.234,0.26,0.278,0.296,0.298,0.291,0.279,0.264,0.249,0.233,0.17
339.0,349.0,0.016,0.031,0.046,0.059,0.073,0.085,0.098,0.109,0.12,0.131,0.141,0.151,0.2,0.236,0.261,0.279,0.296,0.298,0.29,0.278,0.263,0.247,0.231,0.168
339.0,350.0,0.016,0.031,0.046,0.06,0.073,0.086,0.098,0.11,0.121,0.132,0.142,0.152,0.201,0.237,0.262,0.28,0.296,0.297,0.289,0.277,0.261,0.246,0.23,0.167
339.0,351.0,0.016,0.032,0.046,0.06,0.074,0.087,0.099,0.111,0.122,0.133,0.143,0.153,0.202,0.238,0.263,0.28,0.297,0.297,0.289,0.276,0.26,0.244,0.229,0.165
340.0,341.0,0.013,0.025,0.037,0.048,0.059,0.069,0.08,0.09,0.099,0.108,0.117,0.126,0.171,0.206,0.234,0.256,0.283,0.296,0.298,0.294,0.286,0.276,0.264,0.205
340.0,342.0,0.013,0.025,0.037,0.048,0.059,0.07,0.08,0.09,0.099,0.109,0.118,0.126,0.171,0.207,0.235,0.256,0.283,0.296,0.298,0.294,0.286,0.275,0.263,0.204
340.0,343.0,0.013,0.025,0.037,0.049,0.06,0.071,0.081,0.091,0.101,0.11,0.119,0.128,0.173,0.209,0.237,0.258,0.285,0.296,0.298,0.293,0.285,0.274,0.261,0.201
340.0,344.0,0.013,0.026,0.038,0.05,0.061,0.072,0.082,0.092,0.102,0.112,0.121,0.129,0.175,0.211,0.239,0.26,0.286,0.297,0.298,0.293,0.283,0.272,0.259,0.199
340.0,345.0,0.013,0.026,0.038,0.05,0.062,0.073,0.083,0.094,0.103,0.113,0.122,0.131,0.177,0.213,0.24,0.261,0.287,0.297,0.298,0.292,0.282,0.27,0.258,0.197
340.0,346.0,0.013,0.026,0.039,0.051,0.062,0.073,0.084,0.095,0.104,0.114,0.123,0.132,0.178,0.214,0.242,0.262,0.288,0.297,0.297,0.291,0.281,0.269,0.256,0.195
340.0,347.0,0.014,0.027,0.039,0.051,0.063,0.074,0.085,0.095,0.105,0.115,0.124,0.133,0.179,0.216,0.243,0.263,0.288,0.298,0.297,0.291,0.28,0.268,0.255,0.193
340.0,348.0,0.014,0.027,0.039,0.052,0.063,0.075,0.086,0.096,0.106,0.116,0.125,0.134,0.18,0.217,0.244,0.264,0.289,0.298,0.297,0.29,0.279,0.267,0.254,0.192
340.0,349.0,0.014,0.027,0.04,0.052,0.064,0.075,0.086,0.097,0.107,0.116,0.126,0.135,0.181,0.217,0.245,0.265,0.289,0.298,0.297,0.29,0.279,0.266,0.253,0.191
340.0,350.0,0.014,0.027,0.04,0.052,0.064,0.075,0.086,0.097,0.107,0.117,0.126,0.135,0.182,0.218,0.245,0.266,0.29,0.298,0.297,0.289,0.278,0.265,0.252,0.19
340.0,351.0,0.014,0.027,0.04,0.052,0.064,0.076,0.087,0.097,0.108,0.117,0.127,0.136,0.183,0.219,0.246,0.266,0.29,0.298,0.297,0.289,0.278,0.265,0.251,0.189
340.0,352.0,0.014,0.027,0.04,0.053,0.065,0.076,0.087,0.098,0.108,0.118,0.127,0.136,0.183,0.219,0.246,0.266,0.29,0.298,0.296,0.289,0.277,0.264,0.251,0.189
341.0,342.0,0.014,0.027,0.04,0.052,0.064,0.075,0.086,0.097,0.107,0.117,0.126,0.135,0.182,0.218,0.245,0.265,0.289,0.298,0.297,0.289,0.279,0.266,0.252,0.19
341.0,343.0,0.014,0.028,0.042,0.055,0.067,0.079,0.09,0.101,0.112,0.122,0.131,0.14,0.188,0.224,0.251,0.27,0.292,0.298,0.295,0.286,0.273,0.259,0.245,0.182
341.0,344.0,0.015,0.029,0.043,0.056,0.069,0.081,0.093,0.104,0.115,0.125,0.135,0.144,0.192,0.228,0.255,0.274,0.294,0.298,0.293,0.283,0.27,0.255,0.24,0.177
341.0,345.0,0.015,0.03,0.044,0.058,0.07,0.083,0.095,0.106,0.117,0.127,0.137,0.147,0.195,0.231,0.257,0.276,0.295,0.298,0.292,0.281,0.267,0.252,0.237,0.174
341.0,346.0,0.016,0.03,0.045,0.058,0.071,0.084,0.096,0.107,0.118,0.129,0.139,0.148,0.197,0.233,0.259,0.277,0.295,0.298,0.291,0.279,0.265,0.25,0.234,0.171
341.0,347.0,0.016,0.031,0.045,0.059,0.072,0.085,0.097,0.109,0.12,0.13,0.14,0.15,0.199,0.235,0.26,0.278,0.296,0.298,0.291,0.278,0.264,0.248,0.233,0.169
341.0,348.0,0.016,0.031,0.046,0.06,0.073,0.086,0.098,0.109,0.121,0.131,0.141,0.151,0.2,0.236,0.262,0.279,0.296,0.298,0.29,0.277,0.262,0.247,0.231,0.168
341.0,349.0,0.016,0.031,0.046,0.06,0.073,0.086,0.098,0.11,0.121,0.132,0.142,0.152,0.201,0.237,0.262,0.28,0.296,0.297,0.289,0.276,0.261,0.245,0.23,0.166
341.0,350.0,0.016,0.032,0.046,0.06,0.074,0.087,0.099,0.111,0.122,0.133,0.143,0.153,0.202,0.238,0.263,0.28,0.297,0.297,0.289,0.276,0.26,0.245,0.229,0.166
341.0,351.0,0.016,0.032,0.047,0.061,0.074,0.087,0.099,0.111,0.123,0.133,0.143,0.153,0.202,0.238,0.264,0.281,0.297,0.297,0.289,0.275,0.26,0.244,0.228,0.165
341.0,352.0,0.016,0.032,0.047,0.061,0.075,0.088,0.1,0.112,0.123,0.134,0.144,0.154,0.203,0.239,0.264,0.281,0.297,0.297,0.288,0.275,0.259,0.243,0.227,0.164
341.0,353.0,0.016,0.032,0.047,0.061,0.075,0.088,0.1,0.112,0.123,0.134,0.144,0.154,0.204,0.239,0.265,0.281,0.297,0.297,0.288,0.274,0.259,0.242,0.227,0.163
342.0,343.0,0.015,0.029,0.043,0.056,0.068,0.08,0.092,0.103,0.114,0.124,0.133,0.143,0.191,0.227,0.253,0.272,0.293,0.298,0.294,0.284,0.271,0.257,0.242,0.179
342.0,344.0,0.015,0.03,0.044,0.058,0.071,0.083,0.095,0.106,0.117,0.128,0.138,0.147,0.196,0.232,0.258,0.276,0.295,0.298,0.292,0.28,0.266,0.251,0.236,0.173
342.0,345.0,0.016,0.031,0.045,0.059,0.072,0.085,0.097,0.108,0.119,0.13,0.14,0.149,0.198,0.234,0.26,0.278,0.296,0.298,0.291,0.279,0.264,0.248,0.233,0.17
342.0,346.0,0.016,0.031,0.046,0.06,0.073,0.086,0.098,0.109,0.12,0.131,0.141,0.151,0.2,0.236,0.261,0.279,0.296,0.298,0.29,0.277,0.262,0.247,0.231,0.168
342.0,347.0,0.016,0.031,0.046,0.06,0.073,0.086,0.098,0.11,0.121,0.132,0.142,0.152,0.201,0.237,0.262,0.28,0.296,0.297,0.289,0.277,0.262,0.246,0.23,0.167
342.0,348.0,0.016,0.031,0.046,0.06,0.074,0.087,0.099,0.11,0.122,0.132,0.143,0.152,0.201,0.237,0.263,0.28,0.297,0.297,0.289,0.276,0.261,0.245,0.229,0.166
342.0,349.0,0.016,0.032,0.046,0.06,0.074,0.087,0.099,0.111,0.122,0.133,0.143,0.153,0.202,0.238,0.263,0.28,0.297,0.297,0.289,0.276,0.26,0.244,0.229,0.165
342.0,350.0,0.016,0.032,0.046,0.061,0.074,0.087,0.099,0.111,0.122,0.133,0.143,0.153,0.202,0.238,0.263,0.281,0.297,0.297,0.289,0.275,0.26,0.244,0.228,0.165
342.0,351.0,0.016,0.032,0.047,0.061,0.074,0.087,0.1,0.111,0.123,0.133,0.144,0.153,0.203,0.238,0.264,0.281,0.297,0.297,0.288,0.275,0.26,0.244,0.228,0.164
342.0,352.0,0.016,0.032,0.047,0.061,0.074,0.087,0.1,0.112,0.123,0.134,0.144,0.154,0.203,0.239,0.264,0.281,0.297,0.297,0.288,0.275,0.259,0.243,0.227,0.164
342.0,353.0,0.016,0.032,0.047,0.061,0.075,0.088,0.1,0.112,0.123,0.134,0.144,0.154,0.203,0.239,0.264,0.281,0.297,0.297,0.288,0.275,0.259,0.243,0.227,0.164
342.0,354.0,0.016,0.032,0.047,0.061,0.075,0.088,0.1,0.112,0.123,0.134,0.144,0.154,0.203,0.239,0.264,0.281,0.297,0.297,0.288,0.274,0.259,0.243,0.227,0.164
343.0,344.0,0.015,0.03,0.044,0.058,0.071,0.083,0.095,0.106,0.117,0.128,0.137,0.147,0.195,0.232,0.258,0.276,0.295,0.298,0.292,0.281,0.267,0.251,0.236,0.173
343.0,345.0,0.016,0.031,0.045,0.059,0.072,0.085,0.097,0.108,0.119,0.13,0.14,0.149,0.198,0.234,0.26,0.278,0.296,0.298,0.291,0.279,0.264,0.248,0.233,0.17
343.0,346.0,0.016,0.031,0.046,0.06,0.073,0.086,0.098,0.11,0.121,0.132,0.142,0.152,0.201,0.237,0.262,0.279,0.296,0.297,0.29,0.277,0.262,0.246,0.23,0.167
343.0,347.0,0.016,0.032,0.047,0.061,0.074,0.087,0.1,0.111,0.123,0.133,0.143,0.153,0.202,0.238,0.264,0.281,0.297,0.297,0.289,0.275,0.26,0.244,0.228,0.165
343.0,348.0,0.016,0.032,0.047,0.061,0.075,0.088,0.1,0.112,0.124,0.134,0.145,0.154,0.204,0.24,0.265,0.282,0.297,0.297,0.288,0.274,0.258,0.242,0.226,0.163
343.0,349.0,0.017,0.032,0.047,0.062,0.076,0.089,0.101,0.113,0.124,0.135,0.146,0.155,0.205,0.241,0.266,0.282,0.297,0.297,0.287,0.273,0.257,0.241,0.225,0.162
343.0,350.0,0.017,0.032,0.048,0.062,0.076,0.089,0.102,0.114,0.125,0.136,0.146,0.156,0.206,0.241,0.266,0.283,0.297,0.296,0.287,0.273,0.256,0.24,0.224,0.161
343.0,351.0,0.017,0.033,0.048,0.062,0.076,0.089,0.102,0.114,0.126,0.136,0.147,0.157,0.206,0.242,0.267,0.283,0.297,0.296,0.286,0.272,0.256,0.239,0.223,0.16
343.0,352.0,0.017,0.033,0.048,0.063,0.076,0.09,0.102,0.114,0.126,0.137,0.147,0.157,0.207,0.242,0.267,0.283,0.298,0.296,0.286,0.272,0.255,0.239,0.223,0.16
343.0,353.0,0.017,0.033,0.048,0.063,0.077,0.09,0.103,0.115,0.126,0.137,0.147,0.157,0.207,0.243,0.267,0.283,0.298,0.296,0.286,0.271,0.255,0.239,0.223,0.159
343.0,354.0,0.017,0.033,0.048,0.063,0.077,0.09,0.103,0.115,0.126,0.137,0.148,0.157,0.207,0.243,0.267,0.284,0.298,0.296,0.286,0.271,0.255,0.238,0.222,0.159
343.0,355.0,0.017,0.033,0.048,0.063,0.077,0.09,0.103,0.115,0.126,0.137,0.148,0.158,0.207,0.243,0.268,0.284,0.298,0.296,0.286,0.271,0.255,0.238,0.222,0.159
344.0,345.0,0.016,0.032,0.047,0.061,0.074,0.087,0.1,0.112,0.123,0.134,0.144,0.153,0.203,0.239,0.264,0.281,0.297,0.297,0.288,0.275,0.259,0.243,0.228,0.164
344.0,346.0,0.017,0.032,0.047,0.062,0.076,0.089,0.101,0.113,0.125,0.135,0.146,0.156,0.205,0.241,0.266,0.282,0.297,0.297,0.287,0.273,0.257,0.241,0.225,0.162
344.0,347.0,0.017,0.033,0.048,0.062,0.076,0.089,0.102,0.114,0.125,0.136,0.147,0.157,0.206,0.242,0.267,0.283,0.297,0.296,0.286,0.272,0.256,0.24,0.224,0.16
344.0,348.0,0.017,0.033,0.048,0.062,0.076,0.09,0.102,0.114,0.126,0.137,0.147,0.157,0.206,0.242,0.267,0.283,0.298,0.296,0.286,0.272,0.256,0.239,0.223,0.16
344.0,349.0,0.017,0.033,0.048,0.063,0.076,0.09,0.102,0.114,0.126,0.137,0.147,0.157,0.207,0.242,0.267,0.283,0.298,0.296,0.286,0.272,0.255,0.239,0.223,0.16
344.0,350.0,0.017,0.033,0.048,0.063,0.076,0.09,0.102,0.114,0.126,0.137,0.147,0.157,0.207,0.242,0.267,0.283,0.298,0.296,0.286,0.272,0.255,0.239,0.223,0.16
344.0,351.0,0.017,0.033,0.048,0.063,0.076,0.09,0.102,0.114,0.126,0.137,0.147,0.157,0.207,0.242,0.267,0.283,0.298,0.296,0.286,0.272,0.255,0.239,0.223,0.16
344.0,352.0,0.017,0.033,0.048,0.063,0.076,0.09,0.102,0.114,0.126,0.137,0.147,0.157,0.207,0.242,0.267,0.283,0.298,0.296,0.286,0.272,0.255,0.239,0.223,0.16
344.0,353.0,0.017,0.033,0.048,0.063,0.076,0.09,0.102,0.114,0.126,0.137,0.147,0.157,0.207,0.242,0.267,0.283,0.298,0.296,0.286,0.272,0.255,0.239,0.223,0.16
344.0,354.0,0.017,0.033,0.048,0.063,0.076,0.09,0.102,0.114,0.126,0.137,0.147,0.157,0.207,0.242,0.267,0.283,0.298,0.296,0.286,0.272,0.255,0.239,0.223,0.16
344.0,355.0,0.017,0.033,0.048,0.063,0.076,0.09,0.102,0.114,0.126,0.137,0.147,0.157,0.207,0.242,0.267,0.283,0.298,0.296,0.286,0.272,0.255,0.239,0.223,0.16
344.0,356.0,0.017,0.033,0.048,0.063,0.076,0.09,0.102,0.114,0.126,0.137,0.147,0.157,0.207,0.242,0.267,0.283,0.298,0.296,0.286,0.272,0.255,0.239,0.223,0.16
345.0,346.0,0.015,0.03,0.044,0.058,0.071,0.084,0.096,0.107,0.118,0.128,0.138,0.148,0.196,0.232,0.258,0.277,0.295,0.298,0.292,0.28,0.266,0.251,0.235,0.172
345.0,347.0,0.016,0.03,0.045,0.058,0.071,0.084,0.096,0.107,0.118,0.129,0.139,0.148,0.197,0.233,0.259,0.277,0.295,0.298,0.291,0.28,0.265,0.25,0.235,0.171
345.0,348.0,0.016,0.031,0.045,0.059,0.072,0.085,0.097,0.109,0.12,0.13,0.14,0.15,0.199,0.235,0.261,0.278,0.296,0.298,0.29,0.278,0.263,0.248,0.232,0.169
345.0,349.0,0.016,0.031,0.046,0.06,0.073,0.086,0.099,0.11,0.121,0.132,0.142,0.152,0.201,0.237,0.262,0.28,0.296,0.297,0.289,0.276,0.261,0.245,0.23,0.166
345.0,350.0,0.016,0.032,0.047,0.061,0.074,0.087,0.1,0.112,0.123,0.134,0.144,0.154,0.203,0.239,0.264,0.281,0.297,0.297,0.288,0.275,0.259,0.243,0.227,0.164
345.0,351.0,0.016,0.032,0.047,0.062,0.075,0.088,0.101,0.113,0.124,0.135,0.145,0.155,0.204,0.24,0.265,0.282,0.297,0.297,0.287,0.274,0.258,0.242,0.226,0.162
345.0,352.0,0.017,0.032,0.048,0.062,0.076,0.089,0.102,0.113,0.125,0.136,0.146,0.156,0.205,0.241,0.266,0.283,0.297,0.296,0.287,0.273,0.257,0.24,0.224,0.161
345.0,353.0,0.017,0.033,0.048,0.062,0.076,0.089,0.102,0.114,0.126,0.136,0.147,0.157,0.206,0.242,0.267,0.283,0.297,0.296,0.286,0.272,0.256,0.239,0.223,0.16
345.0,354.0,0.017,0.033,0.048,0.063,0.077,0.09,0.102,0.114,0.126,0.137,0.147,0.157,0.207,0.242,0.267,0.283,0.298,0.296,0.286,0.272,0.255,0.239,0.223,0.16
345.0,355.0,0.017,0.033,0.048,0.063,0.077,0.09,0.103,0.115,0.126,0.137,0.148,0.157,0.207,0.243,0.267,0.284,0.298,0.296,0.286,0.271,0.255,0.238,0.222,0.159
345.0,356.0,0.017,0.033,0.048,0.063,0.077,0.09,0.103,0.115,0.126,0.137,0.148,0.158,0.207,0.243,0.268,0.284,0.298,0.296,0.286,0.271,0.255,0.238,0.222,0.159
345.0,357.0,0.017,0.033,0.048,0.063,0.077,0.09,0.103,0.115,0.126,0.137,0.148,0.158,0.207,0.243,0.268,0.284,0.298,0.296,0.286,0.271,0.255,0.238,0.222,0.159
346.0,347.0,0.015,0.03,0.044,0.058,0.071,0.083,0.095,0.107,0.118,0.128,0.138,0.147,0.196,0.232,0.258,0.276,0.295,0.298,0.292,0.28,0.266,0.251,0.236,0.172
346.0,348.0,0.016,0.03,0.045,0.058,0.071,0.084,0.096,0.107,0.118,0.129,0.139,0.148,0.197,0.233,0.259,0.277,0.295,0.298,0.291,0.279,0.265,0.25,0.235,0.171
346.0,349.0,0.016,0.031,0.045,0.059,0.072,0.085,0.097,0.109,0.12,0.13,0.14,0.15,0.199,0.235,0.261,0.278,0.296,0.298,0.29,0.278,0.263,0.248,0.232,0.169
346.0,350.0,0.016,0.031,0.046,0.06,0.073,0.086,0.098,0.11,0.121,0.132,0.142,0.152,0.201,0.237,0.262,0.28,0.296,0.297,0.289,0.277,0.262,0.246,0.23,0.167
346.0,351.0,0.016,0.032,0.046,0.061,0.074,0.087,0.099,0.111,0.122,0.133,0.143,0.153,0.202,0.238,0.263,0.281,0.297,0.297,0.289,0.275,0.26,0.244,0.228,0.165
346.0,352.0,0.016,0.032,0.047,0.061,0.075,0.088,0.1,0.112,0.123,0.134,0.144,0.154,0.203,0.239,0.264,0.281,0.297,0.297,0.288,0.274,0.259,0.243,0.227,0.164
346.0,353.0,0.016,0.032,0.047,0.062,0.075,0.088,0.101,0.113,0.124,0.135,0.145,0.155,0.204,0.24,0.265,0.282,0.297,0.297,0.288,0.274,0.258,0.242,0.226,0.163
346.0,354.0,0.017,0.032,0.047,0.062,0.076,0.089,0.101,0.113,0.125,0.135,0.146,0.155,0.205,0.241,0.266,0.282,0.297,0.297,0.287,0.273,0.257,0.241,0.225,0.162
346.0,355.0,0.017,0.032,0.048,0.062,0.076,0.089,0.102,0.113,0.125,0.136,0.146,0.156,0.205,0.241,0.266,0.283,0.297,0.296,0.287,0.273,0.257,0.24,0.224,0.161
346.0,356.0,0.017,0.033,0.048,0.062,0.076,0.089,0.102,0.114,0.125,0.136,0.146,0.156,0.206,0.241,0.266,0.283,0.297,0.296,0.287,0.272,0.256,0.24,0.224,0.161
346.0,357.0,0.017,0.033,0.048,0.062,0.076,0.089,0.102,0.114,0.125,0.136,0.147,0.157,0.206,0.242,0.267,0.283,0.297,0.296,0.286,0.272,0.256,0.24,0.224,0.16
346.0,358.0,0.017,0.033,0.048,0.062,0.076,0.09,0.102,0.114,0.126,0.136,0.147,0.157,0.206,0.242,0.267,0.283,0.297,0.296,0.286,0.272,0.256,0.239,0.223,0.16
347.0,348.0,0.016,0.031,0.045,0.059,0.072,0.085,0.097,0.108,0.119,0.13,0.14,0.149,0.198,0.234,0.26,0.278,0.296,0.298,0.291,0.279,0.264,0.248,0.233,0.17
347.0,349.0,0.016,0.032,0.046,0.061,0.074,0.087,0.099,0.111,0.122,0.133,0.143,0.153,0.202,0.238,0.263,0.28,0.297,0.297,0.289,0.276,0.26,0.244,0.228,0.165
347.0,350.0,0.017,0.032,0.048,0.062,0.076,0.089,0.102,0.114,0.125,0.136,0.146,0.156,0.205,0.241,0.266,0.283,0.297,0.296,0.287,0.273,0.257,0.24,0.224,0.161
347.0,351.0,0.017,0.033,0.049,0.063,0.077,0.091,0.103,0.116,0.127,0.138,0.149,0.159,0.208,0.244,0.268,0.284,0.298,0.296,0.285,0.27,0.254,0.237,0.221,0.158
347.0,352.0,0.017,0.034,0.049,0.064,0.079,0.092,0.105,0.117,0.129,0.14,0.151,0.161,0.211,0.246,0.27,0.286,0.298,0.295,0.284,0.268,0.251,0.234,0.218,0.155
347.0,353.0,0.018,0.034,0.05,0.065,0.08,0.093,0.106,0.119,0.131,0.142,0.152,0.162,0.212,0.248,0.272,0.287,0.298,0.294,0.282,0.266,0.249,0.232,0.216,0.153
347.0,354.0,0.018,0.035,0.051,0.066,0.08,0.094,0.107,0.12,0.132,0.143,0.154,0.164,0.214,0.249,0.273,0.287,0.298,0.294,0.281,0.265,0.248,0.23,0.214,0.151
347.0,355.0,0.018,0.035,0.051,0.066,0.081,0.095,0.108,0.121,0.133,0.144,0.155,0.165,0.215,0.25,0.273,0.288,0.298,0.293,0.281,0.264,0.246,0.229,0.212,0.15
347.0,356.0,0.018,0.035,0.051,0.067,0.082,0.096,0.109,0.121,0.133,0.145,0.156,0.166,0.216,0.251,0.274,0.288,0.298,0.293,0.28,0.263,0.245,0.228,0.211,0.149
347.0,357.0,0.018,0.035,0.052,0.067,0.082,0.096,0.109,0.122,0.134,0.145,0.156,0.166,0.217,0.252,0.275,0.289,0.298,0.293,0.279,0.262,0.244,0.227,0.21,0.148
347.0,358.0,0.018,0.035,0.052,0.068,0.082,0.097,0.11,0.123,0.135,0.146,0.157,0.167,0.217,0.252,0.275,0.289,0.298,0.292,0.279,0.262,0.244,0.226,0.209,0.148
347.0,359.0,0.018,0.036,0.052,0.068,0.083,0.097,0.11,0.123,0.135,0.146,0.157,0.168,0.218,0.253,0.276,0.289,0.298,0.292,0.278,0.261,0.243,0.225,0.209,0.147
348.0,349.0,0.017,0.033,0.048,0.063,0.077,0.09,0.103,0.115,0.127,0.138,0.148,0.158,0.208,0.243,0.268,0.284,0.298,0.296,0.285,0.271,0.254,0.237,0.221,0.158
348.0,350.0,0.017,0.034,0.05,0.065,0.08,0.093,0.106,0.119,0.13,0.142,0.152,0.162,0.212,0.248,0.271,0.287,0.298,0.294,0.282,0.267,0.249,0.232,0.216,0.153
348.0,351.0,0.018,0.035,0.051,0.066,0.081,0.095,0.108,0.12,0.132,0.144,0.154,0.164,0.215,0.25,0.273,0.288,0.298,0.294,0.281,0.264,0.247,0.229,0.213,0.151
348.0,352.0,0.018,0.035,0.051,0.067,0.082,0.096,0.109,0.121,0.133,0.145,0.155,0.166,0.216,0.251,0.274,0.288,0.298,0.293,0.28,0.263,0.245,0.228,0.211,0.149
348.0,353.0,0.018,0.035,0.052,0.067,0.082,0.096,0.109,0.122,0.134,0.145,0.156,0.166,0.216,0.251,0.275,0.289,0.298,0.293,0.279,0.263,0.245,0.227,0.211,0.149
348.0,354.0,0.018,0.035,0.052,0.067,0.082,0.096,0.109,0.122,0.134,0.145,0.156,0.166,0.217,0.252,0.275,0.289,0.298,0.293,0.279,0.262,0.244,0.227,0.21,0.148
348.0,355.0,0.018,0.035,0.052,0.067,0.082,0.096,0.109,0.122,0.134,0.145,0.156,0.166,0.217,0.252,0.275,0.289,0.298,0.293,0.279,0.262,0.244,0.227,0.21,0.148
348.0,356.0,0.018,0.035,0.052,0.067,0.082,0.096,0.109,0.122,0.134,0.145,0.156,0.166,0.217,0.251,0.275,0.289,0.298,0.293,0.279,0.263,0.245,0.227,0.211,0.148
348.0,357.0,0.018,0.035,0.052,0.067,0.082,0.096,0.109,0.122,0.134,0.145,0.156,0.166,0.216,0.251,0.274,0.289,0.298,0.293,0.28,0.263,0.245,0.227,0.211,0.149
348.0,358.0,0.018,0.035,0.051,0.067,0.082,0.096,0.109,0.121,0.133,0.145,0.155,0.166,0.216,0.251,0.274,0.288,0.298,0.293,0.28,0.263,0.245,0.228,0.211,0.149
348.0,359.0,0.018,0.035,0.051,0.067,0.081,0.095,0.109,0.121,0.133,0.144,0.155,0.165,0.216,0.251,0.274,0.288,0.298,0.293,0.28,0.263,0.246,0.228,0.212,0.15
348.0,360.0,0.018,0.035,0.051,0.067,0.081,0.095,0.108,0.121,0.133,0.144,0.155,0.165,0.215,0.25,0.274,0.288,0.298,0.293,0.28,0.264,0.246,0.229,0.212,0.15
349.0,350.0,0.016,0.032,0.046,0.06,0.074,0.087,0.099,0.111,0.122,0.133,0.143,0.153,0.202,0.238,0.263,0.28,0.297,0.297,0.289,0.276,0.26,0.244,0.229,0.165
349.0,351.0,0.016,0.031,0.046,0.06,0.073,0.086,0.098,0.11,0.121,0.131,0.141,0.151,0.2,0.236,0.262,0.279,0.296,0.298,0.29,0.277,0.262,0.246,0.231,0.167
349.0,352.0,0.016,0.031,0.046,0.06,0.073,0.086,0.098,0.11,0.121,0.132,0.142,0.152,0.201,0.236,0.262,0.279,0.296,0.297,0.29,0.277,0.262,0.246,0.23,0.167
349.0,353.0,0.016,0.031,0.046,0.06,0.074,0.087,0.099,0.111,0.122,0.133,0.143,0.152,0.202,0.237,0.263,0.28,0.297,0.297,0.289,0.276,0.261,0.245,0.229,0.166
349.0,354.0,0.016,0.032,0.047,0.061,0.074,0.087,0.1,0.111,0.123,0.133,0.144,0.153,0.203,0.238,0.264,0.281,0.297,0.297,0.288,0.275,0.26,0.244,0.228,0.164
349.0,355.0,0.016,0.032,0.047,0.061,0.075,0.088,0.1,0.112,0.123,0.134,0.144,0.154,0.204,0.239,0.265,0.281,0.297,0.297,0.288,0.274,0.259,0.242,0.227,0.163
349.0,356.0,0.016,0.032,0.047,0.062,0.075,0.088,0.101,0.113,0.124,0.135,0.145,0.155,0.204,0.24,0.265,0.282,0.297,0.297,0.288,0.274,0.258,0.242,0.226,0.162
349.0,357.0,0.017,0.032,0.047,0.062,0.076,0.089,0.101,0.113,0.124,0.135,0.146,0.155,0.205,0.241,0.266,0.282,0.297,0.297,0.287,0.273,0.257,0.241,0.225,0.162
349.0,358.0,0.017,0.032,0.048,0.062,0.076,0.089,0.102,0.114,0.125,0.136,0.146,0.156,0.205,0.241,0.266,0.283,0.297,0.296,0.287,0.273,0.257,0.24,0.224,0.161
349.0,359.0,0.017,0.033,0.048,0.062,0.076,0.089,0.102,0.114,0.125,0.136,0.146,0.156,0.206,0.242,0.266,0.283,0.297,0.296,0.287,0.272,0.256,0.24,0.224,0.161
349.0,360.0,0.017,0.033,0.048,0.062,0.076,0.089,0.102,0.114,0.126,0.136,0.147,0.157,0.206,0.242,0.267,0.283,0.297,0.296,0.286,0.272,0.256,0.239,0.223,0.16
349.0,361.0,0.017,0.033,0.048,0.063,0.076,0.09,0.102,0.114,0.126,0.137,0.147,0.157,0.207,0.242,0.267,0.283,0.298,0.296,0.286,0.272,0.255,0.239,0.223,0.16
350.0,351.0,0.016,0.031,0.045,0.059,0.072,0.084,0.096,0.108,0.119,0.129,0.139,0.149,0.198,0.234,0.26,0.278,0.296,0.298,0.291,0.279,0.264,0.249,0.234,0.17
350.0,352.0,0.015,0.03,0.044,0.058,0.071,0.083,0.095,0.107,0.118,0.128,0.138,0.148,0.196,0.232,0.258,0.276,0.295,0.298,0.292,0.28,0.266,0.251,0.236,0.172
350.0,353.0,0.015,0.03,0.044,0.057,0.07,0.082,0.094,0.106,0.116,0.127,0.137,0.146,0.194,0.231,0.257,0.275,0.295,0.298,0.292,0.281,0.268,0.253,0.238,0.174
350.0,354.0,0.015,0.029,0.043,0.057,0.069,0.081,0.093,0.104,0.115,0.125,0.135,0.145,0.193,0.229,0.255,0.274,0.294,0.298,0.293,0.283,0.269,0.254,0.24,0.176
350.0,355.0,0.015,0.029,0.043,0.056,0.069,0.081,0.092,0.103,0.114,0.124,0.134,0.143,0.191,0.227,0.254,0.273,0.293,0.298,0.294,0.284,0.271,0.256,0.241,0.178
350.0,356.0,0.015,0.029,0.042,0.055,0.068,0.08,0.091,0.102,0.113,0.123,0.133,0.142,0.19,0.226,0.253,0.272,0.293,0.298,0.294,0.285,0.272,0.258,0.243,0.18
350.0,357.0,0.015,0.029,0.042,0.055,0.067,0.079,0.09,0.101,0.112,0.122,0.132,0.141,0.188,0.225,0.251,0.271,0.292,0.298,0.295,0.285,0.273,0.259,0.245,0.182
350.0,358.0,0.014,0.028,0.042,0.054,0.067,0.078,0.09,0.101,0.111,0.121,0.131,0.14,0.187,0.224,0.25,0.27,0.292,0.298,0.295,0.286,0.274,0.26,0.246,0.183
350.0,359.0,0.014,0.028,0.041,0.054,0.066,0.078,0.089,0.1,0.11,0.12,0.13,0.139,0.187,0.223,0.25,0.269,0.292,0.298,0.295,0.287,0.275,0.261,0.247,0.184
350.0,360.0,0.014,0.028,0.041,0.054,0.066,0.078,0.089,0.1,0.11,0.12,0.129,0.138,0.186,0.222,0.249,0.269,0.291,0.298,0.296,0.287,0.275,0.262,0.248,0.185
350.0,361.0,0.014,0.028,0.041,0.053,0.066,0.077,0.088,0.099,0.109,0.119,0.129,0.138,0.185,0.221,0.248,0.268,0.291,0.298,0.296,0.287,0.276,0.262,0.248,0.186
350.0,362.0,0.014,0.028,0.041,0.053,0.065,0.077,0.088,0.099,0.109,0.119,0.128,0.138,0.185,0.221,0.248,0.268,0.291,0.298,0.296,0.288,0.276,0.263,0.249,0.186
351.0,352.0,0.016,0.032,0.047,0.062,0.075,0.088,0.101,0.113,0.124,0.135,0.145,0.155,0.204,0.24,0.265,0.282,0.297,0.297,0.287,0.274,0.258,0.241,0.226,0.162
351.0,353.0,0.016,0.032,0.047,0.061,0.075,0.088,0.1,0.112,0.123,0.134,0.144,0.154,0.203,0.239,0.264,0.281,0.297,0.297,0.288,0.274,0.259,0.243,0.227,0.163
351.0,354.0,0.016,0.031,0.046,0.06,0.074,0.086,0.099,0.11,0.122,0.132,0.142,0.152,0.201,0.237,0.263,0.28,0.296,0.297,0.289,0.276,0.261,0.245,0.23,0.166
351.0,355.0,0.016,0.031,0.045,0.059,0.072,0.085,0.097,0.109,0.12,0.13,0.14,0.15,0.199,0.235,0.26,0.278,0.296,0.298,0.291,0.278,0.263,0.248,0.233,0.169
351.0,356.0,0.015,0.03,0.044,0.058,0.071,0.084,0.096,0.107,0.118,0.128,0.138,0.148,0.196,0.232,0.259,0.277,0.295,0.298,0.292,0.28,0.266,0.25,0.235,0.172
351.0,357.0,0.015,0.03,0.044,0.057,0.07,0.082,0.094,0.106,0.116,0.127,0.137,0.146,0.194,0.231,0.257,0.275,0.295,0.298,0.292,0.281,0.268,0.253,0.238,0.174
351.0,358.0,0.015,0.029,0.043,0.057,0.069,0.081,0.093,0.104,0.115,0.125,0.135,0.145,0.193,0.229,0.255,0.274,0.294,0.298,0.293,0.283,0.269,0.254,0.24,0.176
351.0,359.0,0.015,0.029,0.043,0.056,0.069,0.081,0.092,0.103,0.114,0.124,0.134,0.143,0.191,0.227,0.254,0.273,0.293,0.298,0.294,0.284,0.27,0.256,0.241,0.178
351.0,360.0,0.015,0.029,0.042,0.055,0.068,0.08,0.091,0.102,0.113,0.123,0.133,0.142,0.19,0.226,0.253,0.272,0.293,0.298,0.294,0.284,0.272,0.257,0.243,0.18
351.0,361.0,0.015,0.029,0.042,0.055,0.067,0.079,0.091,0.102,0.112,0.122,0.132,0.141,0.189,0.225,0.252,0.271,0.292,0.298,0.295,0.285,0.273,0.259,0.244,0.181
351.0,362.0,0.014,0.028,0.042,0.054,0.067,0.079,0.09,0.101,0.111,0.121,0.131,0.14,0.188,0.224,0.251,0.27,0.292,0.298,0.295,0.286,0.274,0.26,0.246,0.183
351.0,363.0,0.014,0.028,0.041,0.054,0.066,0.078,0.089,0.1,0.111,0.12,0.13,0.139,0.187,0.223,0.25,0.269,0.292,0.298,0.295,0.287,0.274,0.261,0.247,0.184
352.0,353.0,0.016,0.032,0.047,0.062,0.075,0.088,0.101,0.113,0.124,0.135,0.145,0.155,0.205,0.24,0.265,0.282,0.297,0.297,0.287,0.273,0.258,0.241,0.225,0.162
352.0,354.0,0.016,0.032,0.046,0.061,0.074,0.087,0.099,0.111,0.122,0.133,0.143,0.153,0.202,0.238,0.263,0.28,0.297,0.297,0.289,0.276,0.26,0.244,0.228,0.165
352.0,355.0,0.016,0.031,0.046,0.06,0.073,0.086,0.098,0.109,0.12,0.131,0.141,0.151,0.2,0.236,0.261,0.279,0.296,0.298,0.29,0.277,0.262,0.247,0.231,0.168
352.0,356.0,0.016,0.031,0.045,0.059,0.072,0.084,0.096,0.108,0.119,0.129,0.14,0.149,0.198,0.234,0.26,0.278,0.296,0.298,0.291,0.279,0.264,0.249,0.234,0.17
352.0,357.0,0.015,0.03,0.044,0.058,0.071,0.084,0.096,0.107,0.118,0.128,0.138,0.148,0.196,0.232,0.259,0.277,0.295,0.298,0.292,0.28,0.266,0.25,0.235,0.172
352.0,358.0,0.015,0.03,0.044,0.058,0.071,0.083,0.095,0.106,0.117,0.127,0.137,0.147,0.195,0.231,0.258,0.276,0.295,0.298,0.292,0.281,0.267,0.252,0.237,0.173
352.0,359.0,0.015,0.03,0.044,0.057,0.07,0.082,0.094,0.106,0.116,0.127,0.137,0.146,0.194,0.231,0.257,0.275,0.295,0.298,0.292,0.281,0.268,0.253,0.238,0.174
352.0,360.0,0.015,0.03,0.044,0.057,0.07,0.082,0.094,0.105,0.116,0.126,0.136,0.146,0.194,0.23,0.256,0.275,0.294,0.298,0.293,0.282,0.268,0.253,0.238,0.175
352.0,361.0,0.015,0.03,0.043,0.057,0.07,0.082,0.094,0.105,0.116,0.126,0.136,0.145,0.193,0.229,0.256,0.274,0.294,0.298,0.293,0.282,0.269,0.254,0.239,0.176
352.0,362.0,0.015,0.029,0.043,0.057,0.069,0.082,0.093,0.105,0.115,0.126,0.135,0.145,0.193,0.229,0.255,0.274,0.294,0.298,0.293,0.282,0.269,0.254,0.239,0.176
352.0,363.0,0.015,0.029,0.043,0.057,0.069,0.081,0.093,0.104,0.115,0.125,0.135,0.144,0.193,0.229,0.255,0.274,0.294,0.298,0.293,0.283,0.269,0.255,0.24,0.177
352.0,364.0,0.015,0.029,0.043,0.056,0.069,0.081,0.093,0.104,0.115,0.125,0.135,0.144,0.192,0.228,0.255,0.274,0.294,0.298,0.293,0.283,0.269,0.255,0.24,0.177
353.0,354.0,0.016,0.031,0.046,0.06,0.073,0.086,0.098,0.11,0.121,0.131,0.141,0.151,0.2,0.236,0.262,0.279,0.296,0.298,0.29,0.277,0.262,0.246,0.231,0.168
353.0,355.0,0.015,0.03,0.045,0.058,0.071,0.084,0.096,0.107,0.118,0.129,0.139,0.148,0.197,0.233,0.259,0.277,0.295,0.298,0.291,0.28,0.265,0.25,0.235,0.172
353.0,356.0,0.015,0.03,0.044,0.057,0.07,0.082,0.094,0.106,0.116,0.127,0.137,0.146,0.194,0.231,0.257,0.275,0.295,0.298,0.292,0.281,0.267,0.253,0.238,0.174
353.0,357.0,0.015,0.03,0.043,0.057,0.069,0.082,0.093,0.105,0.115,0.126,0.135,0.145,0.193,0.229,0.256,0.274,0.294,0.298,0.293,0.282,0.269,0.254,0.239,0.176
353.0,358.0,0.015,0.029,0.043,0.056,0.069,0.081,0.093,0.104,0.115,0.125,0.135,0.144,0.192,0.228,0.255,0.273,0.294,0.298,0.293,0.283,0.27,0.255,0.24,0.177
353.0,359.0,0.015,0.029,0.043,0.056,0.069,0.081,0.092,0.103,0.114,0.124,0.134,0.143,0.191,0.228,0.254,0.273,0.294,0.298,0.294,0.283,0.27,0.256,0.241,0.178
353.0,360.0,0.015,0.029,0.043,0.056,0.068,0.081,0.092,0.103,0.114,0.124,0.134,0.143,0.191,0.227,0.254,0.273,0.293,0.298,0.294,0.284,0.271,0.256,0.242,0.178
353.0,361.0,0.015,0.029,0.043,0.056,0.068,0.08,0.092,0.103,0.114,0.124,0.134,0.143,0.191,0.227,0.254,0.273,0.293,0.298,0.294,0.284,0.271,0.256,0.242,0.179
353.0,362.0,0.015,0.029,0.043,0.056,0.068,0.08,0.092,0.103,0.114,0.124,0.134,0.143,0.191,0.227,0.254,0.273,0.293,0.298,0.294,0.284,0.271,0.257,0.242,0.179
353.0,363.0,0.015,0.029,0.043,0.056,0.068,0.08,0.092,0.103,0.114,0.124,0.133,0.143,0.191,0.227,0.253,0.272,0.293,0.298,0.294,0.284,0.271,0.257,0.242,0.179
353.0,364.0,0.015,0.029,0.043,0.056,0.068,0.08,0.092,0.103,0.114,0.124,0.133,0.143,0.191,0.227,0.253,0.272,0.293,0.298,0.294,0.284,0.271,0.257,0.242,0.179
353.0,365.0,0.015,0.029,0.043,0.056,0.068,0.08,0.092,0.103,0.114,0.124,0.133,0.143,0.191,0.227,0.253,0.272,0.293,0.298,0.294,0.284,0.271,0.257,0.242,0.179
354.0,355.0,0.016,0.031,0.046,0.06,0.073,0.086,0.099,0.11,0.121,0.132,0.142,0.152,0.201,0.237,0.262,0.28,0.296,0.297,0.289,0.276,0.261,0.245,0.23,0.166
354.0,356.0,0.016,0.031,0.046,0.06,0.073,0.086,0.098,0.11,0.121,0.132,0.142,0.151,0.2,0.236,0.262,0.279,0.296,0.298,0.29,0.277,0.262,0.246,0.231,0.167
354.0,357.0,0.016,0.031,0.046,0.059,0.073,0.085,0.098,0.109,0.12,0.131,0.141,0.151,0.199,0.235,0.261,0.279,0.296,0.298,0.29,0.278,0.263,0.247,0.232,0.168
354.0,358.0,0.016,0.031,0.045,0.059,0.072,0.085,0.097,0.109,0.12,0.13,0.14,0.15,0.199,0.235,0.261,0.278,0.296,0.298,0.29,0.278,0.263,0.248,0.232,0.169
354.0,359.0,0.016,0.031,0.045,0.059,0.072,0.085,0.097,0.108,0.119,0.13,0.14,0.15,0.198,0.234,0.26,0.278,0.296,0.298,0.291,0.278,0.264,0.248,0.233,0.169
354.0,360.0,0.016,0.031,0.045,0.059,0.072,0.085,0.097,0.108,0.119,0.13,0.14,0.15,0.198,0.234,0.26,0.278,0.296,0.298,0.291,0.278,0.264,0.248,0.233,0.169
354.0,361.0,0.016,0.031,0.045,0.059,0.072,0.085,0.097,0.109,0.12,0.13,0.14,0.15,0.199,0.235,0.26,0.278,0.296,0.298,0.291,0.278,0.264,0.248,0.233,0.169
354.0,362.0,0.016,0.031,0.045,0.059,0.072,0.085,0.097,0.109,0.12,0.13,0.14,0.15,0.199,0.235,0.261,0.278,0.296,0.298,0.29,0.278,0.263,0.248,0.232,0.169
354.0,363.0,0.016,0.031,0.045,0.059,0.073,0.085,0.097,0.109,0.12,0.131,0.141,0.15,0.199,0.235,0.261,0.279,0.296,0.298,0.29,0.278,0.263,0.247,0.232,0.168
354.0,364.0,0.016,0.031,0.046,0.06,0.073,0.086,0.098,0.109,0.121,0.131,0.141,0.151,0.2,0.236,0.261,0.279,0.296,0.298,0.29,0.277,0.262,0.247,0.231,0.168
354.0,365.0,0.016,0.031,0.046,0.06,0.073,0.086,0.098,0.11,0.121,0.132,0.142,0.151,0.2,0.236,0.262,0.279,0.296,0.298,0.29,0.277,0.262,0.246,0.231,0.167
354.0,366.0,0.016,0.031,0.046,0.06,0.073,0.086,0.099,0.11,0.121,0.132,0.142,0.152,0.201,0.237,0.262,0.28,0.296,0.297,0.289,0.276,0.261,0.245,0.23,0.166
355.0,356.0,0.017,0.033,0.048,0.062,0.076,0.089,0.102,0.114,0.125,0.136,0.146,0.156,0.206,0.241,0.266,0.283,0.297,0.296,0.287,0.272,0.256,0.24,0.224,0.161
355.0,357.0,0.016,0.032,0.047,0.062,0.075,0.088,0.101,0.113,0.124,0.135,0.145,0.155,0.204,0.24,0.265,0.282,0.297,0.297,0.287,0.274,0.258,0.241,0.226,0.162
355.0,358.0,0.016,0.032,0.047,0.061,0.074,0.087,0.1,0.111,0.123,0.133,0.144,0.153,0.203,0.238,0.264,0.281,0.297,0.297,0.289,0.275,0.26,0.244,0.228,0.165
355.0,359.0,0.016,0.031,0.046,0.06,0.074,0.086,0.099,0.11,0.121,0.132,0.142,0.152,0.201,0.237,0.262,0.28,0.296,0.297,0.289,0.276,0.261,0.245,0.23,0.166
355.0,360.0,0.016,0.031,0.046,0.06,0.073,0.086,0.098,0.11,0.121,0.131,0.141,0.151,0.2,0.236,0.262,0.279,0.296,0.298,0.29,0.277,0.262,0.246,0.231,0.167
355.0,361.0,0.016,0.031,0.046,0.06,0.073,0.086,0.098,0.109,0.12,0.131,0.141,0.151,0.2,0.236,0.261,0.279,0.296,0.298,0.29,0.277,0.262,0.247,0.231,0.168
355.0,362.0,0.016,0.031,0.046,0.06,0.073,0.086,0.098,0.109,0.12,0.131,0.141,0.151,0.2,0.236,0.261,0.279,0.296,0.298,0.29,0.277,0.262,0.247,0.231,0.168
355.0,363.0,0.016,0.031,0.046,0.06,0.073,0.086,0.098,0.11,0.121,0.131,0.141,0.151,0.2,0.236,0.262,0.279,0.296,0.298,0.29,0.277,0.262,0.246,0.231,0.167
355.0,364.0,0.016,0.031,0.046,0.06,0.073,0.086,0.098,0.11,0.121,0.132,0.142,0.152,0.201,0.237,0.262,0.279,0.296,0.297,0.29,0.277,0.262,0.246,0.23,0.167
355.0,365.0,0.016,0.031,0.046,0.06,0.074,0.086,0.099,0.11,0.122,0.132,0.142,0.152,0.201,0.237,0.263,0.28,0.297,0.297,0.289,0.276,0.261,0.245,0.229,0.166
355.0,366.0,0.016,0.032,0.046,0.061,0.074,0.087,0.099,0.111,0.122,0.133,0.143,0.153,0.202,0.238,0.263,0.28,0.297,0.297,0.289,0.276,0.26,0.244,0.228,0.165
355.0,367.0,0.016,0.032,0.047,0.061,0.074,0.087,0.1,0.112,0.123,0.134,0.144,0.154,0.203,0.239,0.264,0.281,0.297,0.297,0.288,0.275,0.259,0.243,0.227,0.164
356.0,357.0,0.016,0.031,0.046,0.06,0.073,0.086,0.098,0.11,0.121,0.132,0.142,0.152,0.201,0.237,0.262,0.28,0.296,0.297,0.289,0.277,0.261,0.246,0.23,0.167
356.0,358.0,0.015,0.03,0.045,0.058,0.071,0.084,0.096,0.107,0.118,0.129,0.139,0.148,0.197,0.233,0.259,0.277,0.295,0.298,0.291,0.28,0.265,0.25,0.235,0.172
356.0,359.0,0.015,0.03,0.044,0.057,0.07,0.082,0.094,0.105,0.116,0.126,0.136,0.145,0.194,0.23,0.256,0.275,0.294,0.298,0.293,0.282,0.268,0.253,0.239,0.175
356.0,360.0,0.015,0.029,0.043,0.056,0.069,0.081,0.093,0.104,0.114,0.125,0.134,0.144,0.192,0.228,0.254,0.273,0.294,0.298,0.294,0.283,0.27,0.256,0.241,0.178
356.0,361.0,0.015,0.029,0.043,0.056,0.068,0.08,0.092,0.103,0.113,0.124,0.133,0.143,0.191,0.227,0.253,0.272,0.293,0.298,0.294,0.284,0.271,0.257,0.242,0.179
356.0,362.0,0.015,0.029,0.042,0.056,0.068,0.08,0.092,0.103,0.113,0.123,0.133,0.142,0.19,0.226,0.253,0.272,0.293,0.298,0.294,0.284,0.271,0.257,0.243,0.18
356.0,363.0,0.015,0.029,0.042,0.056,0.068,0.08,0.092,0.103,0.113,0.123,0.133,0.142,0.19,0.226,0.253,0.272,0.293,0.298,0.294,0.284,0.271,0.257,0.243,0.179
356.0,364.0,0.015,0.029,0.043,0.056,0.068,0.08,0.092,0.103,0.114,0.124,0.133,0.143,0.191,0.227,0.253,0.272,0.293,0.298,0.294,0.284,0.271,0.257,0.242,0.179
356.0,365.0,0.015,0.029,0.043,0.056,0.069,0.081,0.092,0.103,0.114,0.124,0.134,0.143,0.191,0.227,0.254,0.273,0.293,0.298,0.294,0.284,0.27,0.256,0.241,0.178
356.0,366.0,0.015,0.029,0.043,0.056,0.069,0.081,0.093,0.104,0.115,0.125,0.135,0.144,0.192,0.228,0.255,0.274,0.294,0.298,0.293,0.283,0.27,0.255,0.24,0.177
356.0,367.0,0.015,0.03,0.043,0.057,0.069,0.082,0.093,0.105,0.115,0.126,0.135,0.145,0.193,0.229,0.256,0.274,0.294,0.298,0.293,0.282,0.269,0.254,0.239,0.176
356.0,368.0,0.015,0.03,0.044,0.057,0.07,0.082,0.094,0.105,0.116,0.126,0.136,0.146,0.194,0.23,0.256,0.275,0.294,0.298,0.293,0.282,0.268,0.253,0.238,0.175
357.0,358.0,0.016,0.032,0.047,0.061,0.074,0.087,0.1,0.111,0.123,0.133,0.143,0.153,0.202,0.238,0.264,0.281,0.297,0.297,0.289,0.275,0.26,0.244,0.228,0.165
357.0,359.0,0.016,0.031,0.045,0.059,0.072,0.085,0.097,0.109,0.12,0.13,0.14,0.15,0.199,0.235,0.261,0.278,0.296,0.298,0.29,0.278,0.263,0.248,0.232,0.169
357.0,360.0,0.015,0.03,0.044,0.057,0.07,0.082,0.094,0.105,0.116,0.126,0.136,0.146,0.194,0.23,0.257,0.275,0.294,0.298,0.293,0.282,0.268,0.253,0.238,0.175
357.0,361.0,0.015,0.029,0.042,0.055,0.068,0.08,0.091,0.102,0.113,0.123,0.133,0.142,0.19,0.226,0.253,0.272,0.293,0.298,0.294,0.284,0.272,0.257,0.243,0.18
357.0,362.0,0.014,0.028,0.041,0.054,0.066,0.078,0.089,0.1,0.111,0.121,0.13,0.139,0.187,0.223,0.25,0.269,0.292,0.298,0.295,0.286,0.274,0.261,0.246,0.184
357.0,363.0,0.014,0.028,0.041,0.053,0.065,0.077,0.088,0.099,0.109,0.119,0.128,0.137,0.185,0.221,0.248,0.268,0.291,0.298,0.296,0.288,0.276,0.263,0.249,0.187
357.0,364.0,0.014,0.027,0.04,0.053,0.065,0.076,0.087,0.098,0.108,0.118,0.127,0.136,0.183,0.219,0.246,0.266,0.29,0.298,0.296,0.289,0.277,0.264,0.251,0.189
357.0,365.0,0.014,0.027,0.04,0.052,0.064,0.075,0.086,0.097,0.107,0.117,0.126,0.135,0.182,0.218,0.245,0.266,0.289,0.298,0.297,0.289,0.278,0.265,0.252,0.19
357.0,366.0,0.014,0.027,0.04,0.052,0.064,0.075,0.086,0.097,0.107,0.116,0.126,0.135,0.181,0.217,0.245,0.265,0.289,0.298,0.297,0.29,0.279,0.266,0.253,0.191
357.0,367.0,0.014,0.027,0.04,0.052,0.064,0.075,0.086,0.096,0.106,0.116,0.125,0.134,0.181,0.217,0.244,0.265,0.289,0.298,0.297,0.29,0.279,0.266,0.253,0.191
357.0,368.0,0.014,0.027,0.04,0.052,0.064,0.075,0.086,0.096,0.106,0.116,0.125,0.134,0.181,0.217,0.244,0.265,0.289,0.298,0.297,0.29,0.279,0.267,0.253,0.191
357.0,369.0,0.014,0.027,0.04,0.052,0.063,0.075,0.086,0.096,0.106,0.116,0.125,0.134,0.181,0.217,0.244,0.265,0.289,0.298,0.297,0.29,0.279,0.267,0.253,0.191
358.0,359.0,0.015,0.029,0.043,0.056,0.069,0.081,0.092,0.103,0.114,0.124,0.134,0.143,0.191,0.228,0.254,0.273,0.294,0.298,0.294,0.283,0.27,0.256,0.241,0.178
358.0,360.0,0.014,0.028,0.042,0.055,0.067,0.079,0.09,0.101,0.112,0.122,0.131,0.141,0.188,0.224,0.251,0.271,0.292,0.298,0.295,0.286,0.273,0.259,0.245,0.182
358.0,361.0,0.014,0.028,0.041,0.054,0.066,0.078,0.089,0.099,0.11,0.12,0.129,0.138,0.186,0.222,0.249,0.269,0.291,0.298,0.296,0.287,0.275,0.262,0.248,0.185
358.0,362.0,0.014,0.028,0.041,0.053,0.065,0.077,0.088,0.098,0.109,0.118,0.128,0.137,0.184,0.22,0.247,0.267,0.29,0.298,0.296,0.288,0.277,0.263,0.25,0.187
358.0,363.0,0.014,0.027,0.04,0.053,0.065,0.076,0.087,0.098,0.108,0.118,0.127,0.136,0.183,0.219,0.246,0.266,0.29,0.298,0.296,0.289,0.277,0.264,0.251,0.189
358.0,364.0,0.014,0.027,0.04,0.052,0.064,0.076,0.087,0.097,0.108,0.117,0.127,0.136,0.183,0.219,0.246,0.266,0.29,0.298,0.296,0.289,0.278,0.265,0.251,0.189
358.0,365.0,0.014,0.027,0.04,0.052,0.064,0.076,0.087,0.097,0.108,0.117,0.127,0.136,0.183,0.219,0.246,0.266,0.29,0.298,0.296,0.289,0.278,0.265,0.251,0.189
358.0,366.0,0.014,0.027,0.04,0.053,0.065,0.076,0.087,0.098,0.108,0.118,0.127,0.136,0.183,0.219,0.246,0.266,0.29,0.298,0.296,0.289,0.277,0.264,0.251,0.189
358.0,367.0,0.014,0.027,0.04,0.053,0.065,0.076,0.087,0.098,0.108,0.118,0.128,0.137,0.184,0.22,0.247,0.267,0.29,0.298,0.296,0.288,0.277,0.264,0.25,0.188
358.0,368.0,0.014,0.028,0.041,0.053,0.065,0.077,0.088,0.099,0.109,0.119,0.128,0.137,0.184,0.22,0.248,0.268,0.291,0.298,0.296,0.288,0.276,0.263,0.249,0.187
358.0,369.0,0.014,0.028,0.041,0.054,0.066,0.077,0.088,0.099,0.11,0.119,0.129,0.138,0.185,0.221,0.248,0.268,0.291,0.298,0.296,0.287,0.276,0.262,0.248,0.186
358.0,370.0,0.014,0.028,0.041,0.054,0.066,0.078,0.089,0.1,0.11,0.12,0.13,0.139,0.186,0.222,0.249,0.269,0.291,0.298,0.296,0.287,0.275,0.261,0.247,0.185
359.0,360.0,0.015,0.03,0.043,0.057,0.07,0.082,0.094,0.105,0.116,0.126,0.136,0.145,0.193,0.229,0.256,0.274,0.294,0.298,0.293,0.282,0.269,0.254,0.239,0.176
359.0,361.0,0.015,0.028,0.042,0.055,0.067,0.079,0.09,0.101,0.112,0.122,0.131,0.141,0.188,0.224,0.251,0.271,0.292,0.298,0.295,0.286,0.273,0.259,0.245,0.182
359.0,362.0,0.014,0.028,0.041,0.053,0.065,0.077,0.088,0.099,0.109,0.119,0.128,0.137,0.184,0.221,0.248,0.268,0.291,0.298,0.296,0.288,0.276,0.263,0.249,0.187
359.0,363.0,0.014,0.027,0.04,0.052,0.064,0.075,0.086,0.097,0.107,0.117,0.126,0.135,0.182,0.218,0.245,0.265,0.289,0.298,0.297,0.289,0.278,0.266,0.252,0.19
359.0,364.0,0.014,0.027,0.039,0.052,0.063,0.074,0.085,0.096,0.106,0.115,0.125,0.134,0.18,0.216,0.244,0.264,0.289,0.298,0.297,0.29,0.28,0.267,0.254,0.192
359.0,365.0,0.014,0.027,0.039,0.051,0.063,0.074,0.085,0.095,0.105,0.115,0.124,0.133,0.179,0.215,0.243,0.263,0.288,0.298,0.297,0.291,0.28,0.268,0.255,0.193
359.0,366.0,0.013,0.026,0.039,0.051,0.063,0.074,0.085,0.095,0.105,0.114,0.124,0.133,0.179,0.215,0.242,0.263,0.288,0.298,0.297,0.291,0.281,0.268,0.255,0.194
359.0,367.0,0.013,0.026,0.039,0.051,0.063,0.074,0.085,0.095,0.105,0.114,0.124,0.133,0.179,0.215,0.242,0.263,0.288,0.298,0.297,0.291,0.281,0.268,0.255,0.194
359.0,368.0,0.013,0.026,0.039,0.051,0.063,0.074,0.085,0.095,0.105,0.115,0.124,0.133,0.179,0.215,0.243,0.263,0.288,0.298,0.297,0.291,0.281,0.268,0.255,0.194
359.0,369.0,0.014,0.027,0.039,0.051,0.063,0.074,0.085,0.095,0.105,0.115,0.124,0.133,0.179,0.215,0.243,0.263,0.288,0.298,0.297,0.291,0.28,0.268,0.255,0.193
359.0,370.0,0.014,0.027,0.039,0.051,0.063,0.074,0.085,0.096,0.106,0.115,0.124,0.133,0.18,0.216,0.243,0.264,0.288,0.298,0.297,0.29,0.28,0.267,0.254,0.193
359.0,371.0,0.014,0.027,0.039,0.052,0.063,0.075,0.085,0.096,0.106,0.116,0.125,0.134,0.18,0.216,0.244,0.264,0.289,0.298,0.297,0.29,0.279,0.267,0.254,0.192
360.0,361.0,0.015,0.03,0.044,0.057,0.07,0.082,0.094,0.106,0.116,0.127,0.137,0.146,0.194,0.231,0.257,0.275,0.295,0.298,0.292,0.281,0.268,0.253,0.238,0.174
360.0,362.0,0.015,0.029,0.042,0.055,0.068,0.08,0.091,0.102,0.113,0.123,0.133,0.142,0.19,0.226,0.253,0.272,0.293,0.298,0.294,0.284,0.272,0.257,0.243,0.18
360.0,363.0,0.014,0.028,0.041,0.054,0.066,0.077,0.089,0.099,0.11,0.12,0.129,0.138,0.185,0.222,0.249,0.268,0.291,0.298,0.296,0.287,0.275,0.262,0.248,0.185
360.0,364.0,0.014,0.027,0.04,0.052,0.064,0.076,0.087,0.097,0.107,0.117,0.126,0.135,0.182,0.218,0.246,0.266,0.29,0.298,0.297,0.289,0.278,0.265,0.252,0.19
360.0,365.0,0.014,0.027,0.039,0.051,0.063,0.074,0.085,0.096,0.106,0.115,0.125,0.134,0.18,0.216,0.244,0.264,0.289,0.298,0.297,0.29,0.28,0.267,0.254,0.192
360.0,366.0,0.013,0.026,0.039,0.051,0.063,0.074,0.085,0.095,0.105,0.115,0.124,0.133,0.179,0.215,0.243,0.263,0.288,0.298,0.297,0.291,0.281,0.268,0.255,0.194
360.0,367.0,0.013,0.026,0.039,0.051,0.063,0.074,0.085,0.095,0.105,0.114,0.124,0.132,0.179,0.215,0.242,0.263,0.288,0.298,0.297,0.291,0.281,0.268,0.255,0.194
360.0,368.0,0.014,0.027,0.039,0.051,0.063,0.074,0.085,0.095,0.105,0.115,0.124,0.133,0.179,0.215,0.243,0.263,0.288,0.298,0.297,0.291,0.28,0.268,0.255,0.193
360.0,369.0,0.014,0.027,0.039,0.051,0.063,0.074,0.085,0.096,0.106,0.115,0.125,0.134,0.18,0.216,0.244,0.264,0.289,0.298,0.297,0.29,0.28,0.267,0.254,0.192
360.0,370.0,0.014,0.027,0.04,0.052,0.064,0.075,0.086,0.096,0.107,0.116,0.126,0.135,0.181,0.217,0.245,0.265,0.289,0.298,0.297,0.29,0.279,0.266,0.253,0.191
360.0,371.0,0.014,0.027,0.04,0.052,0.064,0.076,0.087,0.097,0.107,0.117,0.127,0.136,0.182,0.219,0.246,0.266,0.29,0.298,0.297,0.289,0.278,0.265,0.251,0.189
360.0,372.0,0.014,0.028,0.04,0.053,0.065,0.077,0.088,0.098,0.109,0.118,0.128,0.137,0.184,0.22,0.247,0.267,0.29,0.298,0.296,0.288,0.277,0.264,0.25,0.187
361.0,362.0,0.014,0.027,0.04,0.052,0.064,0.075,0.086,0.097,0.107,0.116,0.126,0.135,0.181,0.217,0.245,0.265,0.289,0.298,0.297,0.29,0.279,0.266,0.253,0.191
361.0,363.0,0.013,0.026,0.038,0.05,0.061,0.072,0.082,0.092,0.102,0.112,0.121,0.129,0.175,0.211,0.239,0.26,0.286,0.297,0.298,0.293,0.283,0.272,0.259,0.199
361.0,364.0,0.013,0.025,0.037,0.049,0.06,0.07,0.081,0.091,0.1,0.11,0.119,0.127,0.172,0.208,0.236,0.257,0.284,0.296,0.298,0.294,0.285,0.274,0.262,0.202
361.0,365.0,0.013,0.025,0.037,0.048,0.059,0.07,0.08,0.09,0.1,0.109,0.118,0.126,0.172,0.207,0.235,0.256,0.284,0.296,0.298,0.294,0.286,0.275,0.263,0.203
361.0,366.0,0.013,0.025,0.037,0.048,0.059,0.07,0.08,0.09,0.1,0.109,0.118,0.127,0.172,0.208,0.235,0.257,0.284,0.296,0.298,0.294,0.286,0.275,0.263,0.203
361.0,367.0,0.013,0.025,0.037,0.049,0.06,0.071,0.081,0.091,0.101,0.11,0.119,0.127,0.173,0.209,0.236,0.258,0.284,0.296,0.298,0.294,0.285,0.274,0.262,0.202
361.0,368.0,0.013,0.025,0.038,0.049,0.06,0.071,0.082,0.092,0.102,0.111,0.12,0.129,0.174,0.21,0.238,0.259,0.285,0.297,0.298,0.293,0.284,0.273,0.26,0.2
361.0,369.0,0.013,0.026,0.038,0.05,0.061,0.072,0.083,0.093,0.103,0.112,0.121,0.13,0.176,0.212,0.24,0.26,0.286,0.297,0.298,0.292,0.283,0.271,0.258,0.198
361.0,370.0,0.013,0.026,0.039,0.051,0.062,0.073,0.084,0.094,0.104,0.114,0.123,0.132,0.178,0.214,0.241,0.262,0.287,0.297,0.298,0.291,0.281,0.269,0.256,0.195
361.0,371.0,0.014,0.027,0.039,0.051,0.063,0.074,0.085,0.095,0.106,0.115,0.124,0.133,0.18,0.216,0.243,0.264,0.288,0.298,0.297,0.29,0.28,0.268,0.254,0.193
361.0,372.0,0.014,0.027,0.04,0.052,0.064,0.075,0.086,0.097,0.107,0.117,0.126,0.135,0.182,0.218,0.245,0.265,0.289,0.298,0.297,0.289,0.278,0.266,0.252,0.19
361.0,373.0,0.014,0.027,0.04,0.053,0.065,0.076,0.087,0.098,0.108,0.118,0.128,0.137,0.184,0.22,0.247,0.267,0.29,0.298,0.296,0.288,0.277,0.264,0.25,0.188
362.0,363.0,0.014,0.028,0.041,0.054,0.066,0.078,0.089,0.1,0.111,0.121,0.13,0.139,0.187,0.223,0.25,0.269,0.292,0.298,0.295,0.286,0.274,0.261,0.246,0.184
362.0,364.0,0.014,0.028,0.041,0.053,0.065,0.077,0.088,0.098,0.109,0.119,0.128,0.137,0.184,0.22,0.247,0.267,0.291,0.298,0.296,0.288,0.276,0.263,0.249,0.187
362.0,365.0,0.014,0.027,0.039,0.052,0.063,0.075,0.085,0.096,0.106,0.116,0.125,0.134,0.18,0.216,0.244,0.264,0.289,0.298,0.297,0.29,0.28,0.267,0.254,0.192
362.0,366.0,0.013,0.026,0.038,0.05,0.062,0.073,0.083,0.094,0.103,0.113,0.122,0.131,0.177,0.213,0.24,0.261,0.287,0.297,0.298,0.292,0.282,0.27,0.257,0.197
362.0,367.0,0.013,0.026,0.038,0.049,0.061,0.071,0.082,0.092,0.102,0.111,0.12,0.129,0.175,0.21,0.238,0.259,0.285,0.297,0.298,0.293,0.284,0.272,0.26,0.2
362.0,368.0,0.013,0.025,0.037,0.049,0.06,0.071,0.081,0.091,0.101,0.11,0.119,0.128,0.173,0.209,0.237,0.258,0.285,0.296,0.298,0.293,0.285,0.274,0.261,0.201
362.0,369.0,0.013,0.025,0.037,0.049,0.06,0.07,0.081,0.091,0.1,0.11,0.119,0.127,0.173,0.208,0.236,0.257,0.284,0.296,0.298,0.294,0.285,0.274,0.262,0.202
362.0,370.0,0.013,0.025,0.037,0.049,0.06,0.07,0.081,0.091,0.1,0.11,0.119,0.127,0.173,0.208,0.236,0.257,0.284,0.296,0.298,0.294,0.285,0.274,0.262,0.202
362.0,371.0,0.013,0.025,0.037,0.049,0.06,0.071,0.081,0.091,0.101,0.11,0.119,0.128,0.173,0.209,0.237,0.258,0.285,0.296,0.298,0.293,0.285,0.274,0.262,0.202
362.0,372.0,0.013,0.025,0.037,0.049,0.06,0.071,0.082,0.092,0.101,0.111,0.12,0.128,0.174,0.21,0.237,0.259,0.285,0.297,0.298,0.293,0.284,0.273,0.261,0.2
362.0,373.0,0.013,0.026,0.038,0.049,0.061,0.072,0.082,0.092,0.102,0.111,0.121,0.129,0.175,0.211,0.239,0.259,0.286,0.297,0.298,0.293,0.283,0.272,0.26,0.199
362.0,374.0,0.013,0.026,0.038,0.05,0.061,0.072,0.083,0.093,0.103,0.112,0.122,0.13,0.176,0.212,0.24,0.261,0.286,0.297,0.298,0.292,0.283,0.271,0.258,0.197
363.0,364.0,0.014,0.028,0.041,0.053,0.065,0.077,0.088,0.099,0.109,0.119,0.128,0.137,0.185,0.221,0.248,0.268,0.291,0.298,0.296,0.288,0.276,0.263,0.249,0.187
363.0,365.0,0.014,0.027,0.039,0.051,0.063,0.074,0.085,0.095,0.105,0.115,0.124,0.133,0.18,0.216,0.243,0.264,0.288,0.298,0.297,0.29,0.28,0.268,0.255,0.193
363.0,366.0,0.013,0.026,0.038,0.049,0.061,0.072,0.082,0.092,0.102,0.111,0.12,0.129,0.175,0.211,0.238,0.259,0.286,0.297,0.298,0.293,0.284,0.272,0.26,0.199
363.0,367.0,0.013,0.025,0.037,0.048,0.059,0.07,0.08,0.09,0.099,0.108,0.117,0.126,0.171,0.207,0.234,0.256,0.283,0.296,0.298,0.294,0.286,0.276,0.264,0.204
363.0,368.0,0.012,0.024,0.036,0.047,0.058,0.068,0.078,0.088,0.097,0.106,0.115,0.124,0.168,0.204,0.232,0.253,0.281,0.295,0.298,0.295,0.288,0.278,0.266,0.208
363.0,369.0,0.012,0.024,0.035,0.046,0.057,0.067,0.077,0.087,0.096,0.105,0.114,0.122,0.166,0.202,0.23,0.252,0.28,0.294,0.298,0.296,0.289,0.279,0.268,0.21
363.0,370.0,0.012,0.024,0.035,0.046,0.057,0.067,0.077,0.086,0.095,0.104,0.113,0.121,0.165,0.201,0.229,0.251,0.28,0.294,0.298,0.296,0.289,0.28,0.269,0.212
363.0,371.0,0.012,0.024,0.035,0.046,0.056,0.067,0.076,0.086,0.095,0.104,0.113,0.121,0.165,0.2,0.228,0.25,0.279,0.294,0.298,0.296,0.29,0.28,0.269,0.212
363.0,372.0,0.012,0.024,0.035,0.046,0.056,0.067,0.076,0.086,0.095,0.104,0.113,0.121,0.165,0.2,0.228,0.25,0.279,0.294,0.298,0.296,0.29,0.28,0.27,0.212
363.0,373.0,0.012,0.024,0.035,0.046,0.056,0.067,0.077,0.086,0.095,0.104,0.113,0.121,0.165,0.201,0.229,0.25,0.279,0.294,0.298,0.296,0.29,0.28,0.269,0.212
363.0,374.0,0.012,0.024,0.035,0.046,0.057,0.067,0.077,0.086,0.096,0.105,0.113,0.121,0.166,0.201,0.229,0.251,0.28,0.294,0.298,0.296,0.289,0.28,0.269,0.211
363.0,375.0,0.012,0.024,0.035,0.046,0.057,0.067,0.077,0.087,0.096,0.105,0.114,0.122,0.166,0.202,0.23,0.251,0.28,0.294,0.298,0.296,0.289,0.279,0.268,0.211
364.0,365.0,0.015,0.029,0.042,0.055,0.068,0.08,0.091,0.102,0.113,0.123,0.132,0.142,0.189,0.226,0.252,0.271,0.293,0.298,0.294,0.285,0.272,0.258,0.244,0.181
364.0,366.0,0.015,0.028,0.042,0.055,0.067,0.079,0.09,0.101,0.112,0.122,0.131,0.141,0.188,0.224,0.251,0.271,0.292,0.298,0.295,0.285,0.273,0.259,0.245,0.182
364.0,367.0,0.014,0.028,0.041,0.054,0.066,0.078,0.089,0.1,0.111,0.121,0.13,0.139,0.187,0.223,0.25,0.269,0.292,0.298,0.295,0.286,0.274,0.261,0.246,0.184
364.0,368.0,0.014,0.028,0.041,0.054,0.066,0.078,0.089,0.1,0.11,0.12,0.129,0.138,0.186,0.222,0.249,0.269,0.291,0.298,0.296,0.287,0.275,0.262,0.248,0.185
364.0,369.0,0.014,0.028,0.041,0.054,0.066,0.077,0.089,0.099,0.11,0.12,0.129,0.138,0.185,0.221,0.249,0.268,0.291,0.298,0.296,0.287,0.276,0.262,0.248,0.186
364.0,370.0,0.014,0.028,0.041,0.054,0.066,0.077,0.089,0.099,0.11,0.12,0.129,0.138,0.186,0.222,0.249,0.268,0.291,0.298,0.296,0.287,0.275,0.262,0.248,0.185
364.0,371.0,0.014,0.028,0.041,0.054,0.066,0.078,0.089,0.1,0.11,0.12,0.13,0.139,0.186,0.222,0.249,0.269,0.291,0.298,0.295,0.287,0.275,0.261,0.247,0.184
364.0,372.0,0.014,0.028,0.042,0.054,0.067,0.078,0.09,0.101,0.111,0.121,0.131,0.14,0.187,0.223,0.25,0.27,0.292,0.298,0.295,0.286,0.274,0.26,0.246,0.183
364.0,373.0,0.015,0.028,0.042,0.055,0.067,0.079,0.09,0.101,0.112,0.122,0.132,0.141,0.188,0.225,0.251,0.271,0.292,0.298,0.295,0.285,0.273,0.259,0.245,0.182
364.0,374.0,0.015,0.029,0.042,0.055,0.068,0.08,0.091,0.102,0.113,0.123,0.133,0.142,0.19,0.226,0.253,0.272,0.293,0.298,0.294,0.285,0.272,0.258,0.243,0.18
364.0,375.0,0.015,0.029,0.043,0.056,0.068,0.081,0.092,0.103,0.114,0.124,0.134,0.143,0.191,0.227,0.254,0.273,0.293,0.298,0.294,0.284,0.271,0.256,0.242,0.178
364.0,376.0,0.015,0.029,0.043,0.056,0.069,0.081,0.093,0.104,0.115,0.125,0.135,0.144,0.193,0.229,0.255,0.274,0.294,0.298,0.293,0.283,0.269,0.255,0.24,0.177
365.0,366.0,0.014,0.027,0.04,0.053,0.065,0.076,0.087,0.098,0.108,0.118,0.127,0.136,0.183,0.219,0.247,0.267,0.29,0.298,0.296,0.288,0.277,0.264,0.25,0.188
365.0,367.0,0.014,0.027,0.04,0.052,0.064,0.076,0.087,0.097,0.107,0.117,0.126,0.135,0.182,0.218,0.246,0.266,0.29,0.298,0.297,0.289,0.278,0.265,0.252,0.19
365.0,368.0,0.014,0.027,0.039,0.052,0.063,0.075,0.086,0.096,0.106,0.116,0.125,0.134,0.18,0.217,0.244,0.264,0.289,0.298,0.297,0.29,0.279,0.267,0.254,0.192
365.0,369.0,0.014,0.027,0.039,0.051,0.063,0.074,0.085,0.095,0.105,0.115,0.124,0.133,0.179,0.215,0.243,0.263,0.288,0.298,0.297,0.291,0.28,0.268,0.255,0.193
365.0,370.0,0.013,0.026,0.039,0.051,0.063,0.074,0.084,0.095,0.105,0.114,0.123,0.132,0.179,0.215,0.242,0.263,0.288,0.298,0.297,0.291,0.281,0.269,0.256,0.194
365.0,371.0,0.013,0.026,0.039,0.051,0.063,0.074,0.084,0.095,0.105,0.114,0.124,0.132,0.179,0.215,0.242,0.263,0.288,0.298,0.297,0.291,0.281,0.269,0.255,0.194
365.0,372.0,0.014,0.027,0.039,0.051,0.063,0.074,0.085,0.095,0.105,0.115,0.124,0.133,0.179,0.215,0.243,0.263,0.288,0.298,0.297,0.291,0.28,0.268,0.255,0.193
365.0,373.0,0.014,0.027,0.039,0.052,0.063,0.075,0.086,0.096,0.106,0.116,0.125,0.134,0.181,0.217,0.244,0.264,0.289,0.298,0.297,0.29,0.279,0.267,0.253,0.192
365.0,374.0,0.014,0.027,0.04,0.052,0.064,0.075,0.086,0.097,0.107,0.117,0.126,0.135,0.182,0.218,0.245,0.266,0.289,0.298,0.297,0.289,0.278,0.265,0.252,0.19
365.0,375.0,0.014,0.027,0.04,0.053,0.065,0.076,0.087,0.098,0.108,0.118,0.127,0.137,0.184,0.22,0.247,0.267,0.29,0.298,0.296,0.288,0.277,0.264,0.25,0.188
365.0,376.0,0.014,0.028,0.041,0.054,0.066,0.077,0.088,0.099,0.109,0.119,0.129,0.138,0.185,0.221,0.248,0.268,0.291,0.298,0.296,0.287,0.276,0.262,0.248,0.186
365.0,377.0,0.014,0.028,0.041,0.054,0.066,0.078,0.09,0.1,0.111,0.121,0.13,0.14,0.187,0.223,0.25,0.27,0.292,0.298,0.295,0.286,0.274,0.26,0.246,0.184
366.0,367.0,0.015,0.029,0.042,0.055,0.068,0.08,0.091,0.102,0.113,0.123,0.132,0.142,0.189,0.225,0.252,0.271,0.293,0.298,0.294,0.285,0.272,0.258,0.244,0.181
366.0,368.0,0.015,0.029,0.042,0.055,0.068,0.08,0.092,0.103,0.113,0.123,0.133,0.142,0.19,0.226,0.253,0.272,0.293,0.298,0.294,0.284,0.271,0.257,0.243,0.18
366.0,369.0,0.015,0.029,0.042,0.055,0.068,0.08,0.091,0.102,0.113,0.123,0.132,0.142,0.189,0.226,0.252,0.271,0.293,0.298,0.294,0.285,0.272,0.258,0.243,0.18
366.0,370.0,0.015,0.029,0.042,0.055,0.067,0.079,0.091,0.102,0.112,0.122,0.132,0.141,0.189,0.225,0.252,0.271,0.292,0.298,0.295,0.285,0.273,0.259,0.244,0.181
366.0,371.0,0.015,0.029,0.042,0.055,0.067,0.079,0.09,0.101,0.112,0.122,0.132,0.141,0.188,0.225,0.251,0.271,0.292,0.298,0.295,0.285,0.273,0.259,0.245,0.182
366.0,372.0,0.015,0.029,0.042,0.055,0.067,0.079,0.091,0.102,0.112,0.122,0.132,0.141,0.189,0.225,0.252,0.271,0.293,0.298,0.295,0.285,0.273,0.259,0.244,0.181
366.0,373.0,0.015,0.029,0.042,0.055,0.068,0.08,0.091,0.102,0.113,0.123,0.133,0.142,0.19,0.226,0.253,0.272,0.293,0.298,0.294,0.285,0.272,0.258,0.243,0.18
366.0,374.0,0.015,0.029,0.043,0.056,0.068,0.08,0.092,0.103,0.114,0.124,0.134,0.143,0.191,0.227,0.254,0.273,0.293,0.298,0.294,0.284,0.271,0.256,0.242,0.179
366.0,375.0,0.015,0.029,0.043,0.056,0.069,0.081,0.093,0.104,0.115,0.125,0.135,0.144,0.192,0.229,0.255,0.274,0.294,0.298,0.293,0.283,0.269,0.255,0.24,0.177
366.0,376.0,0.015,0.03,0.044,0.057,0.07,0.082,0.094,0.105,0.116,0.126,0.136,0.146,0.194,0.23,0.257,0.275,0.294,0.298,0.293,0.282,0.268,0.253,0.238,0.175
366.0,377.0,0.015,0.03,0.044,0.058,0.071,0.083,0.095,0.107,0.117,0.128,0.138,0.147,0.196,0.232,0.258,0.276,0.295,0.298,0.292,0.28,0.266,0.251,0.236,0.172
366.0,378.0,0.016,0.031,0.045,0.059,0.072,0.084,0.096,0.108,0.119,0.129,0.139,0.149,0.198,0.234,0.26,0.278,0.296,0.298,0.291,0.279,0.264,0.249,0.234,0.17
367.0,368.0,0.015,0.03,0.044,0.057,0.07,0.082,0.094,0.105,0.116,0.127,0.137,0.146,0.194,0.23,0.257,0.275,0.295,0.298,0.293,0.281,0.268,0.253,0.238,0.174
367.0,369.0,0.015,0.029,0.042,0.055,0.067,0.079,0.091,0.102,0.112,0.122,0.132,0.141,0.189,0.225,0.252,0.271,0.293,0.298,0.295,0.285,0.272,0.258,0.244,0.181
367.0,370.0,0.014,0.028,0.041,0.053,0.065,0.077,0.088,0.099,0.109,0.119,0.128,0.137,0.185,0.221,0.248,0.268,0.291,0.298,0.296,0.288,0.276,0.263,0.249,0.187
367.0,371.0,0.014,0.027,0.04,0.052,0.064,0.075,0.086,0.097,0.107,0.116,0.126,0.135,0.181,0.217,0.245,0.265,0.289,0.298,0.297,0.29,0.279,0.266,0.253,0.191
367.0,372.0,0.013,0.027,0.039,0.051,0.063,0.074,0.085,0.095,0.105,0.115,0.124,0.133,0.179,0.215,0.243,0.263,0.288,0.298,0.297,0.291,0.28,0.268,0.255,0.194
367.0,373.0,0.013,0.026,0.039,0.051,0.062,0.073,0.084,0.094,0.104,0.114,0.123,0.132,0.178,0.214,0.241,0.262,0.287,0.297,0.298,0.291,0.281,0.269,0.257,0.195
367.0,374.0,0.013,0.026,0.038,0.05,0.062,0.073,0.083,0.094,0.104,0.113,0.122,0.131,0.177,0.213,0.241,0.261,0.287,0.297,0.298,0.292,0.282,0.27,0.257,0.196
367.0,375.0,0.013,0.026,0.038,0.05,0.062,0.073,0.083,0.093,0.103,0.113,0.122,0.131,0.177,0.213,0.24,0.261,0.287,0.297,0.298,0.292,0.282,0.271,0.258,0.197
367.0,376.0,0.013,0.026,0.038,0.05,0.062,0.073,0.083,0.093,0.103,0.113,0.122,0.131,0.177,0.212,0.24,0.261,0.287,0.297,0.298,0.292,0.282,0.271,0.258,0.197
367.0,377.0,0.013,0.026,0.038,0.05,0.062,0.073,0.083,0.093,0.103,0.113,0.122,0.131,0.177,0.213,0.24,0.261,0.287,0.297,0.298,0.292,0.282,0.27,0.258,0.197
367.0,378.0,0.013,0.026,0.038,0.05,0.062,0.073,0.083,0.094,0.103,0.113,0.122,0.131,0.177,0.213,0.24,0.261,0.287,0.297,0.298,0.292,0.282,0.27,0.257,0.196
367.0,379.0,0.013,0.026,0.038,0.05,0.062,0.073,0.084,0.094,0.104,0.113,0.122,0.131,0.177,0.213,0.241,0.262,0.287,0.297,0.298,0.292,0.282,0.27,0.257,0.196
368.0,369.0,0.015,0.03,0.044,0.057,0.07,0.082,0.094,0.105,0.116,0.126,0.136,0.146,0.194,0.23,0.257,0.275,0.294,0.298,0.293,0.282,0.268,0.253,0.238,0.175
368.0,370.0,0.015,0.029,0.042,0.055,0.068,0.08,0.091,0.102,0.113,0.123,0.133,0.142,0.19,0.226,0.253,0.272,0.293,0.298,0.294,0.285,0.272,0.258,0.243,0.18
368.0,371.0,0.014,0.028,0.041,0.054,0.066,0.077,0.089,0.099,0.11,0.12,0.129,0.138,0.185,0.222,0.249,0.268,0.291,0.298,0.296,0.287,0.275,0.262,0.248,0.186
368.0,372.0,0.014,0.027,0.04,0.052,0.064,0.075,0.086,0.097,0.107,0.117,0.126,0.135,0.182,0.218,0.245,0.265,0.289,0.298,0.297,0.289,0.278,0.266,0.252,0.19
368.0,373.0,0.013,0.026,0.039,0.051,0.063,0.074,0.085,0.095,0.105,0.115,0.124,0.133,0.179,0.215,0.243,0.263,0.288,0.298,0.297,0.291,0.28,0.268,0.255,0.194
368.0,374.0,0.013,0.026,0.038,0.05,0.062,0.073,0.084,0.094,0.104,0.113,0.122,0.131,0.177,0.213,0.241,0.262,0.287,0.297,0.298,0.292,0.282,0.27,0.257,0.196
368.0,375.0,0.013,0.026,0.038,0.05,0.061,0.072,0.083,0.093,0.103,0.112,0.121,0.13,0.176,0.212,0.24,0.26,0.286,0.297,0.298,0.292,0.283,0.271,0.258,0.198
368.0,376.0,0.013,0.026,0.038,0.05,0.061,0.072,0.082,0.092,0.102,0.112,0.121,0.129,0.175,0.211,0.239,0.26,0.286,0.297,0.298,0.293,0.283,0.272,0.259,0.199
368.0,377.0,0.013,0.026,0.038,0.049,0.061,0.072,0.082,0.092,0.102,0.111,0.12,0.129,0.175,0.211,0.238,0.259,0.286,0.297,0.298,0.293,0.284,0.272,0.26,0.199
368.0,378.0,0.013,0.026,0.038,0.049,0.061,0.071,0.082,0.092,0.102,0.111,0.12,0.129,0.174,0.21,0.238,0.259,0.285,0.297,0.298,0.293,0.284,0.272,0.26,0.2
368.0,379.0,0.013,0.026,0.038,0.049,0.061,0.071,0.082,0.092,0.102,0.111,0.12,0.129,0.174,0.21,0.238,0.259,0.285,0.297,0.298,0.293,0.284,0.273,0.26,0.2
368.0,380.0,0.013,0.026,0.038,0.049,0.061,0.071,0.082,0.092,0.102,0.111,0.12,0.129,0.174,0.21,0.238,0.259,0.285,0.297,0.298,0.293,0.284,0.273,0.26,0.2
369.0,370.0,0.015,0.029,0.043,0.056,0.068,0.08,0.092,0.103,0.113,0.124,0.133,0.143,0.19,0.227,0.253,0.272,0.293,0.298,0.294,0.284,0.271,0.257,0.242,0.179
369.0,371.0,0.014,0.028,0.041,0.054,0.066,0.077,0.089,0.099,0.11,0.12,0.129,0.138,0.185,0.222,0.249,0.268,0.291,0.298,0.296,0.287,0.276,0.262,0.248,0.186
369.0,372.0,0.014,0.027,0.04,0.052,0.064,0.075,0.086,0.096,0.107,0.116,0.126,0.135,0.181,0.217,0.245,0.265,0.289,0.298,0.297,0.29,0.279,0.266,0.253,0.191
369.0,373.0,0.013,0.026,0.039,0.051,0.062,0.073,0.084,0.094,0.104,0.114,0.123,0.132,0.178,0.214,0.242,0.262,0.288,0.297,0.297,0.291,0.281,0.269,0.256,0.195
369.0,374.0,0.013,0.026,0.038,0.05,0.061,0.072,0.083,0.093,0.103,0.113,0.122,0.13,0.176,0.212,0.24,0.261,0.286,0.297,0.298,0.292,0.283,0.271,0.258,0.197
369.0,375.0,0.013,0.026,0.038,0.05,0.061,0.072,0.082,0.093,0.102,0.112,0.121,0.129,0.175,0.211,0.239,0.26,0.286,0.297,0.298,0.293,0.283,0.272,0.259,0.199
369.0,376.0,0.013,0.026,0.038,0.049,0.061,0.072,0.082,0.092,0.102,0.111,0.12,0.129,0.175,0.211,0.238,0.259,0.286,0.297,0.298,0.293,0.284,0.272,0.26,0.199
369.0,377.0,0.013,0.026,0.038,0.049,0.061,0.072,0.082,0.092,0.102,0.111,0.12,0.129,0.175,0.211,0.238,0.259,0.286,0.297,0.298,0.293,0.284,0.272,0.26,0.199
369.0,378.0,0.013,0.026,0.038,0.05,0.061,0.072,0.082,0.092,0.102,0.111,0.121,0.129,0.175,0.211,0.239,0.26,0.286,0.297,0.298,0.293,0.283,0.272,0.259,0.199
369.0,379.0,0.013,0.026,0.038,0.05,0.061,0.072,0.082,0.093,0.102,0.112,0.121,0.13,0.175,0.211,0.239,0.26,0.286,0.297,0.298,0.292,0.283,0.272,0.259,0.198
369.0,380.0,0.013,0.026,0.038,0.05,0.061,0.072,0.083,0.093,0.103,0.112,0.121,0.13,0.176,0.212,0.24,0.26,0.286,0.297,0.298,0.292,0.283,0.271,0.258,0.198
369.0,381.0,0.013,0.026,0.038,0.05,0.062,0.073,0.083,0.093,0.103,0.113,0.122,0.131,0.177,0.212,0.24,0.261,0.287,0.297,0.298,0.292,0.282,0.271,0.258,0.197
370.0,371.0,0.015,0.029,0.043,0.056,0.069,0.081,0.093,0.104,0.115,0.125,0.135,0.144,0.192,0.228,0.255,0.274,0.294,0.298,0.293,0.283,0.27,0.255,0.24,0.177
370.0,372.0,0.015,0.029,0.043,0.056,0.068,0.08,0.092,0.103,0.114,0.124,0.134,0.143,0.191,0.227,0.254,0.273,0.293,0.298,0.294,0.284,0.271,0.257,0.242,0.179
370.0,373.0,0.015,0.029,0.042,0.055,0.068,0.08,0.091,0.102,0.113,0.123,0.132,0.142,0.189,0.226,0.252,0.271,0.293,0.298,0.294,0.285,0.272,0.258,0.244,0.181
370.0,374.0,0.015,0.029,0.042,0.055,0.067,0.079,0.091,0.101,0.112,0.122,0.132,0.141,0.189,0.225,0.252,0.271,0.292,0.298,0.295,0.285,0.273,0.259,0.244,0.182
370.0,375.0,0.015,0.028,0.042,0.055,0.067,0.079,0.09,0.101,0.112,0.122,0.132,0.141,0.188,0.225,0.251,0.271,0.292,0.298,0.295,0.285,0.273,0.259,0.245,0.182
370.0,376.0,0.015,0.029,0.042,0.055,0.067,0.079,0.091,0.102,0.112,0.122,0.132,0.141,0.189,0.225,0.252,0.271,0.292,0.298,0.295,0.285,0.273,0.259,0.244,0.181
370.0,377.0,0.015,0.029,0.042,0.055,0.068,0.08,0.091,0.102,0.113,0.123,0.132,0.142,0.189,0.226,0.252,0.271,0.293,0.298,0.294,0.285,0.272,0.258,0.244,0.181
370.0,378.0,0.015,0.029,0.043,0.056,0.068,0.08,0.092,0.103,0.113,0.123,0.133,0.142,0.19,0.226,0.253,0.272,0.293,0.298,0.294,0.284,0.271,0.257,0.242,0.179
370.0,379.0,0.015,0.029,0.043,0.056,0.069,0.081,0.092,0.104,0.114,0.124,0.134,0.143,0.191,0.228,0.254,0.273,0.294,0.298,0.294,0.283,0.27,0.256,0.241,0.178
370.0,380.0,0.015,0.029,0.043,0.057,0.069,0.081,0.093,0.104,0.115,0.125,0.135,0.145,0.193,0.229,0.255,0.274,0.294,0.298,0.293,0.283,0.269,0.254,0.24,0.176
370.0,381.0,0.015,0.03,0.044,0.057,0.07,0.082,0.094,0.105,0.116,0.126,0.136,0.146,0.194,0.23,0.256,0.275,0.294,0.298,0.293,0.282,0.268,0.253,0.238,0.175
370.0,382.0,0.015,0.03,0.044,0.058,0.071,0.083,0.095,0.106,0.117,0.127,0.137,0.147,0.195,0.231,0.258,0.276,0.295,0.298,0.292,0.281,0.267,0.252,0.236,0.173
371.0,372.0,0.015,0.029,0.042,0.055,0.068,0.08,0.091,0.102,0.113,0.123,0.133,0.142,0.19,0.226,0.253,0.272,0.293,0.298,0.294,0.284,0.272,0.257,0.243,0.18
371.0,373.0,0.014,0.028,0.042,0.054,0.067,0.079,0.09,0.101,0.111,0.121,0.131,0.14,0.188,0.224,0.251,0.27,0.292,0.298,0.295,0.286,0.274,0.26,0.246,0.183
371.0,374.0,0.014,0.028,0.041,0.054,0.066,0.077,0.089,0.099,0.11,0.119,0.129,0.138,0.185,0.221,0.249,0.268,0.291,0.298,0.296,0.287,0.276,0.262,0.248,0.186
371.0,375.0,0.014,0.027,0.04,0.053,0.065,0.076,0.088,0.098,0.108,0.118,0.128,0.137,0.184,0.22,0.247,0.267,0.29,0.298,0.296,0.288,0.277,0.264,0.25,0.188
371.0,376.0,0.014,0.027,0.04,0.053,0.065,0.076,0.087,0.098,0.108,0.118,0.127,0.136,0.183,0.219,0.246,0.267,0.29,0.298,0.296,0.289,0.277,0.264,0.251,0.188
371.0,377.0,0.014,0.027,0.04,0.053,0.065,0.076,0.087,0.098,0.108,0.118,0.127,0.136,0.183,0.219,0.246,0.266,0.29,0.298,0.296,0.289,0.277,0.264,0.251,0.188
371.0,378.0,0.014,0.027,0.04,0.053,0.065,0.076,0.087,0.098,0.108,0.118,0.128,0.137,0.184,0.22,0.247,0.267,0.29,0.298,0.296,0.288,0.277,0.264,0.25,0.188
371.0,379.0,0.014,0.028,0.041,0.053,0.065,0.077,0.088,0.099,0.109,0.119,0.128,0.137,0.184,0.221,0.248,0.268,0.291,0.298,0.296,0.288,0.276,0.263,0.249,0.187
371.0,380.0,0.014,0.028,0.041,0.054,0.066,0.077,0.089,0.099,0.11,0.12,0.129,0.138,0.186,0.222,0.249,0.268,0.291,0.298,0.296,0.287,0.275,0.262,0.248,0.185
371.0,381.0,0.014,0.028,0.041,0.054,0.066,0.078,0.089,0.1,0.111,0.121,0.13,0.139,0.187,0.223,0.25,0.269,0.292,0.298,0.295,0.286,0.274,0.261,0.247,0.184
371.0,382.0,0.014,0.028,0.042,0.055,0.067,0.079,0.09,0.101,0.112,0.122,0.131,0.141,0.188,0.224,0.251,0.27,0.292,0.298,0.295,0.286,0.273,0.259,0.245,0.182
371.0,383.0,0.015,0.029,0.042,0.055,0.068,0.08,0.091,0.102,0.113,0.123,0.132,0.142,0.189,0.226,0.252,0.272,0.293,0.298,0.294,0.285,0.272,0.258,0.243,0.18
372.0,373.0,0.014,0.027,0.04,0.053,0.065,0.076,0.087,0.098,0.108,0.118,0.127,0.136,0.183,0.219,0.247,0.267,0.29,0.298,0.296,0.288,0.277,0.264,0.25,0.188
372.0,374.0,0.014,0.027,0.04,0.052,0.064,0.075,0.086,0.097,0.107,0.117,0.126,0.135,0.182,0.218,0.245,0.265,0.289,0.298,0.297,0.289,0.278,0.266,0.252,0.19
372.0,375.0,0.014,0.027,0.039,0.052,0.063,0.075,0.086,0.096,0.106,0.116,0.125,0.134,0.18,0.217,0.244,0.264,0.289,0.298,0.297,0.29,0.279,0.267,0.254,0.192
372.0,376.0,0.014,0.027,0.039,0.051,0.063,0.074,0.085,0.095,0.106,0.115,0.124,0.133,0.18,0.216,0.243,0.264,0.288,0.298,0.297,0.29,0.28,0.268,0.254,0.193
372.0,377.0,0.014,0.027,0.039,0.051,0.063,0.074,0.085,0.095,0.105,0.115,0.124,0.133,0.18,0.216,0.243,0.264,0.288,0.298,0.297,0.29,0.28,0.268,0.254,0.193
372.0,378.0,0.014,0.027,0.039,0.051,0.063,0.074,0.085,0.096,0.106,0.115,0.125,0.134,0.18,0.216,0.244,0.264,0.289,0.298,0.297,0.29,0.28,0.267,0.254,0.192
372.0,379.0,0.014,0.027,0.04,0.052,0.064,0.075,0.086,0.096,0.106,0.116,0.125,0.134,0.181,0.217,0.244,0.265,0.289,0.298,0.297,0.29,0.279,0.266,0.253,0.191
372.0,380.0,0.014,0.027,0.04,0.052,0.064,0.076,0.086,0.097,0.107,0.117,0.126,0.135,0.182,0.218,0.245,0.266,0.29,0.298,0.297,0.289,0.278,0.265,0.252,0.19
372.0,381.0,0.014,0.027,0.04,0.053,0.065,0.076,0.087,0.098,0.108,0.118,0.127,0.136,0.183,0.219,0.247,0.267,0.29,0.298,0.296,0.288,0.277,0.264,0.25,0.188
372.0,382.0,0.014,0.028,0.041,0.053,0.065,0.077,0.088,0.099,0.109,0.119,0.128,0.138,0.185,0.221,0.248,0.268,0.291,0.298,0.296,0.288,0.276,0.263,0.249,0.186
372.0,383.0,0.014,0.028,0.041,0.054,0.066,0.078,0.089,0.1,0.11,0.12,0.13,0.139,0.186,0.222,0.249,0.269,0.291,0.298,0.296,0.287,0.275,0.261,0.247,0.185
372.0,384.0,0.014,0.028,0.042,0.054,0.067,0.079,0.09,0.101,0.111,0.121,0.131,0.14,0.187,0.224,0.251,0.27,0.292,0.298,0.295,0.286,0.274,0.26,0.246,0.183
373.0,374.0,0.014,0.027,0.04,0.052,0.064,0.075,0.086,0.096,0.107,0.116,0.126,0.134,0.181,0.217,0.245,0.265,0.289,0.298,0.297,0.29,0.279,0.266,0.253,0.191
373.0,375.0,0.013,0.026,0.039,0.051,0.062,0.073,0.084,0.094,0.104,0.114,0.123,0.132,0.178,0.214,0.241,0.262,0.287,0.297,0.297,0.291,0.281,0.269,0.256,0.195
373.0,376.0,0.013,0.026,0.038,0.05,0.062,0.073,0.084,0.094,0.104,0.113,0.122,0.131,0.177,0.213,0.241,0.262,0.287,0.297,0.298,0.292,0.282,0.27,0.257,0.196
373.0,377.0,0.013,0.026,0.039,0.051,0.062,0.073,0.084,0.094,0.104,0.114,0.123,0.132,0.178,0.214,0.241,0.262,0.287,0.297,0.298,0.291,0.282,0.27,0.257,0.195
373.0,378.0,0.013,0.026,0.039,0.051,0.063,0.074,0.084,0.095,0.105,0.114,0.124,0.132,0.179,0.215,0.242,0.263,0.288,0.298,0.297,0.291,0.281,0.269,0.255,0.194
373.0,379.0,0.014,0.027,0.039,0.052,0.063,0.075,0.085,0.096,0.106,0.115,0.125,0.134,0.18,0.216,0.244,0.264,0.289,0.298,0.297,0.29,0.28,0.267,0.254,0.192
373.0,380.0,0.014,0.027,0.04,0.052,0.064,0.075,0.086,0.097,0.107,0.117,0.126,0.135,0.182,0.218,0.245,0.265,0.289,0.298,0.297,0.289,0.278,0.266,0.252,0.19
373.0,381.0,0.014,0.027,0.04,0.053,0.065,0.076,0.087,0.098,0.108,0.118,0.128,0.137,0.184,0.22,0.247,0.267,0.29,0.298,0.296,0.288,0.277,0.264,0.25,0.188
373.0,382.0,0.014,0.028,0.041,0.054,0.066,0.077,0.089,0.099,0.11,0.12,0.129,0.138,0.186,0.222,0.249,0.268,0.291,0.298,0.296,0.287,0.275,0.262,0.248,0.185
373.0,383.0,0.014,0.028,0.042,0.054,0.067,0.078,0.09,0.101,0.111,0.121,0.131,0.14,0.187,0.224,0.25,0.27,0.292,0.298,0.295,0.286,0.274,0.26,0.246,0.183
373.0,384.0,0.015,0.029,0.042,0.055,0.068,0.079,0.091,0.102,0.112,0.123,0.132,0.141,0.189,0.225,0.252,0.271,0.293,0.298,0.295,0.285,0.272,0.258,0.244,0.181
373.0,385.0,0.015,0.029,0.043,0.056,0.068,0.08,0.092,0.103,0.114,0.124,0.134,0.143,0.191,0.227,0.254,0.273,0.293,0.298,0.294,0.284,0.271,0.256,0.242,0.179
374.0,375.0,0.013,0.025,0.037,0.049,0.06,0.071,0.082,0.092,0.101,0.111,0.12,0.128,0.174,0.21,0.237,0.259,0.285,0.297,0.298,0.293,0.284,0.273,0.261,0.2
374.0,376.0,0.013,0.025,0.036,0.048,0.059,0.069,0.079,0.089,0.099,0.108,0.117,0.125,0.17,0.206,0.234,0.255,0.283,0.296,0.298,0.295,0.287,0.276,0.265,0.206
374.0,377.0,0.012,0.024,0.036,0.047,0.058,0.068,0.078,0.088,0.097,0.106,0.115,0.123,0.168,0.203,0.231,0.253,0.281,0.295,0.298,0.295,0.288,0.278,0.267,0.209
374.0,378.0,0.012,0.024,0.035,0.046,0.057,0.067,0.077,0.087,0.096,0.105,0.114,0.122,0.166,0.202,0.23,0.252,0.28,0.294,0.298,0.296,0.289,0.279,0.268,0.21
374.0,379.0,0.012,0.024,0.035,0.046,0.057,0.067,0.077,0.086,0.096,0.105,0.113,0.122,0.166,0.201,0.229,0.251,0.28,0.294,0.298,0.296,0.289,0.28,0.269,0.211
374.0,380.0,0.012,0.024,0.035,0.046,0.057,0.067,0.077,0.086,0.096,0.105,0.113,0.122,0.166,0.201,0.229,0.251,0.28,0.294,0.298,0.296,0.289,0.28,0.269,0.211
374.0,381.0,0.012,0.024,0.035,0.046,0.057,0.067,0.077,0.087,0.096,0.105,0.114,0.122,0.166,0.202,0.23,0.251,0.28,0.294,0.298,0.296,0.289,0.279,0.268,0.211
374.0,382.0,0.012,0.024,0.035,0.046,0.057,0.067,0.077,0.087,0.096,0.105,0.114,0.122,0.167,0.202,0.23,0.252,0.281,0.294,0.298,0.296,0.289,0.279,0.268,0.21
374.0,383.0,0.012,0.024,0.036,0.047,0.057,0.068,0.078,0.088,0.097,0.106,0.115,0.123,0.168,0.203,0.231,0.253,0.281,0.295,0.298,0.295,0.288,0.278,0.267,0.209
374.0,384.0,0.012,0.024,0.036,0.047,0.058,0.068,0.078,0.088,0.097,0.107,0.115,0.124,0.168,0.204,0.232,0.253,0.282,0.295,0.298,0.295,0.288,0.278,0.266,0.208
374.0,385.0,0.012,0.025,0.036,0.047,0.058,0.069,0.079,0.089,0.098,0.107,0.116,0.124,0.169,0.205,0.233,0.254,0.282,0.295,0.298,0.295,0.287,0.277,0.265,0.206
374.0,386.0,0.013,0.025,0.036,0.048,0.059,0.069,0.079,0.089,0.099,0.108,0.117,0.125,0.17,0.206,0.234,0.255,0.283,0.296,0.298,0.295,0.287,0.276,0.264,0.205
375.0,376.0,0.013,0.026,0.038,0.049,0.061,0.072,0.082,0.092,0.102,0.111,0.12,0.129,0.175,0.21,0.238,0.259,0.285,0.297,0.298,0.293,0.284,0.272,0.26,0.2
375.0,377.0,0.013,0.025,0.037,0.048,0.059,0.07,0.08,0.09,0.1,0.109,0.118,0.127,0.172,0.207,0.235,0.257,0.284,0.296,0.298,0.294,0.286,0.275,0.263,0.203
375.0,378.0,0.012,0.024,0.036,0.047,0.058,0.068,0.079,0.088,0.098,0.107,0.116,0.124,0.169,0.204,0.232,0.254,0.282,0.295,0.298,0.295,0.287,0.277,0.266,0.207
375.0,379.0,0.012,0.024,0.035,0.046,0.057,0.067,0.077,0.087,0.096,0.105,0.114,0.122,0.166,0.202,0.23,0.252,0.28,0.294,0.298,0.296,0.289,0.279,0.268,0.21
375.0,380.0,0.012,0.024,0.035,0.046,0.056,0.066,0.076,0.086,0.095,0.104,0.112,0.121,0.165,0.2,0.228,0.25,0.279,0.294,0.298,0.296,0.29,0.281,0.27,0.213
375.0,381.0,0.012,0.023,0.035,0.045,0.056,0.066,0.076,0.085,0.094,0.103,0.112,0.12,0.164,0.199,0.227,0.249,0.278,0.293,0.298,0.297,0.29,0.281,0.271,0.214
375.0,382.0,0.012,0.023,0.034,0.045,0.055,0.065,0.075,0.085,0.094,0.102,0.111,0.119,0.163,0.198,0.226,0.248,0.278,0.293,0.298,0.297,0.291,0.282,0.272,0.215
375.0,383.0,0.012,0.023,0.034,0.045,0.055,0.065,0.075,0.084,0.093,0.102,0.111,0.119,0.162,0.198,0.226,0.248,0.277,0.293,0.298,0.297,0.291,0.282,0.272,0.216
375.0,384.0,0.012,0.023,0.034,0.045,0.055,0.065,0.075,0.084,0.093,0.102,0.111,0.119,0.162,0.198,0.226,0.248,0.277,0.293,0.298,0.297,0.291,0.282,0.272,0.216
375.0,385.0,0.012,0.023,0.034,0.045,0.055,0.065,0.075,0.084,0.093,0.102,0.111,0.119,0.162,0.198,0.226,0.248,0.277,0.293,0.298,0.297,0.291,0.282,0.272,0.216
375.0,386.0,0.012,0.023,0.034,0.045,0.055,0.065,0.075,0.084,0.093,0.102,0.111,0.119,0.162,0.198,0.226,0.248,0.277,0.293,0.298,0.297,0.291,0.282,0.272,0.216
375.0,387.0,0.012,0.023,0.034,0.045,0.055,0.065,0.075,0.084,0.094,0.102,0.111,0.119,0.163,0.198,0.226,0.248,0.278,0.293,0.298,0.297,0.291,0.282,0.272,0.215
376.0,377.0,0.012,0.025,0.036,0.048,0.058,0.069,0.079,0.089,0.098,0.107,0.116,0.125,0.17,0.205,0.233,0.255,0.282,0.295,0.298,0.295,0.287,0.277,0.265,0.206
376.0,378.0,0.012,0.025,0.036,0.047,0.058,0.069,0.079,0.089,0.098,0.107,0.116,0.125,0.169,0.205,0.233,0.255,0.282,0.295,0.298,0.295,0.287,0.277,0.265,0.206
376.0,379.0,0.012,0.024,0.036,0.047,0.058,0.069,0.079,0.089,0.098,0.107,0.116,0.124,0.169,0.205,0.233,0.254,0.282,0.295,0.298,0.295,0.287,0.277,0.266,0.207
376.0,380.0,0.012,0.024,0.036,0.047,0.058,0.069,0.079,0.088,0.098,0.107,0.116,0.124,0.169,0.205,0.233,0.254,0.282,0.295,0.298,0.295,0.287,0.277,0.266,0.207
376.0,381.0,0.012,0.025,0.036,0.047,0.058,0.069,0.079,0.089,0.098,0.107,0.116,0.125,0.169,0.205,0.233,0.254,0.282,0.295,0.298,0.295,0.287,0.277,0.265,0.206
376.0,382.0,0.013,0.025,0.036,0.048,0.059,0.069,0.079,0.089,0.099,0.108,0.117,0.125,0.17,0.206,0.234,0.255,0.283,0.296,0.298,0.295,0.287,0.276,0.264,0.205
376.0,383.0,0.013,0.025,0.037,0.048,0.059,0.07,0.08,0.09,0.099,0.109,0.118,0.126,0.171,0.207,0.235,0.256,0.283,0.296,0.298,0.294,0.286,0.275,0.263,0.204
376.0,384.0,0.013,0.025,0.037,0.049,0.06,0.07,0.081,0.091,0.1,0.11,0.119,0.127,0.173,0.208,0.236,0.257,0.284,0.296,0.298,0.294,0.285,0.274,0.262,0.202
376.0,385.0,0.013,0.025,0.038,0.049,0.06,0.071,0.082,0.092,0.101,0.111,0.12,0.129,0.174,0.21,0.238,0.259,0.285,0.297,0.298,0.293,0.284,0.273,0.26,0.2
376.0,386.0,0.013,0.026,0.038,0.05,0.061,0.072,0.083,0.093,0.103,0.112,0.121,0.13,0.176,0.212,0.239,0.26,0.286,0.297,0.298,0.292,0.283,0.271,0.259,0.198
376.0,387.0,0.013,0.026,0.039,0.05,0.062,0.073,0.084,0.094,0.104,0.113,0.123,0.131,0.178,0.213,0.241,0.262,0.287,0.297,0.298,0.291,0.282,0.27,0.257,0.196
376.0,388.0,0.014,0.027,0.039,0.051,0.063,0.074,0.085,0.095,0.105,0.115,0.124,0.133,0.179,0.215,0.243,0.263,0.288,0.298,0.297,0.291,0.28,0.268,0.255,0.193
377.0,378.0,0.013,0.026,0.038,0.05,0.062,0.073,0.083,0.094,0.104,0.113,0.122,0.131,0.177,0.213,0.241,0.261,0.287,0.297,0.298,0.292,0.282,0.27,0.257,0.196
377.0,379.0,0.013,0.025,0.037,0.049,0.06,0.071,0.082,0.092,0.101,0.111,0.12,0.128,0.174,0.21,0.238,0.259,0.285,0.297,0.298,0.293,0.284,0.273,0.261,0.2
377.0,380.0,0.013,0.025,0.037,0.048,0.059,0.07,0.08,0.09,0.099,0.109,0.117,0.126,0.171,0.207,0.235,0.256,0.283,0.296,0.298,0.294,0.286,0.275,0.263,0.204
377.0,381.0,0.012,0.024,0.036,0.047,0.058,0.069,0.079,0.089,0.098,0.107,0.116,0.124,0.169,0.205,0.233,0.254,0.282,0.295,0.298,0.295,0.287,0.277,0.265,0.207
377.0,382.0,0.012,0.024,0.036,0.047,0.058,0.068,0.078,0.088,0.097,0.106,0.115,0.123,0.168,0.204,0.232,0.253,0.281,0.295,0.298,0.295,0.288,0.278,0.267,0.208
377.0,383.0,0.012,0.024,0.036,0.047,0.058,0.068,0.078,0.088,0.097,0.106,0.115,0.123,0.168,0.203,0.231,0.253,0.281,0.295,0.298,0.295,0.288,0.278,0.267,0.209
377.0,384.0,0.012,0.024,0.036,0.047,0.058,0.068,0.078,0.088,0.097,0.106,0.115,0.123,0.168,0.203,0.231,0.253,0.281,0.295,0.298,0.295,0.288,0.278,0.267,0.208
377.0,385.0,0.012,0.024,0.036,0.047,0.058,0.068,0.078,0.088,0.097,0.106,0.115,0.124,0.168,0.204,0.232,0.253,0.282,0.295,0.298,0.295,0.288,0.278,0.266,0.208
377.0,386.0,0.012,0.024,0.036,0.047,0.058,0.069,0.079,0.088,0.098,0.107,0.116,0.124,0.169,0.205,0.233,0.254,0.282,0.295,0.298,0.295,0.287,0.277,0.266,0.207
377.0,387.0,0.013,0.025,0.036,0.048,0.059,0.069,0.079,0.089,0.099,0.108,0.116,0.125,0.17,0.206,0.233,0.255,0.283,0.295,0.298,0.295,0.287,0.276,0.265,0.206
377.0,388.0,0.013,0.025,0.037,0.048,0.059,0.07,0.08,0.09,0.099,0.108,0.117,0.126,0.171,0.206,0.234,0.256,0.283,0.296,0.298,0.294,0.286,0.276,0.264,0.204
377.0,389.0,0.013,0.025,0.037,0.048,0.059,0.07,0.08,0.09,0.1,0.109,0.118,0.127,0.172,0.207,0.235,0.257,0.284,0.296,0.298,0.294,0.286,0.275,0.263,0.203
378.0,379.0,0.013,0.025,0.037,0.048,0.059,0.07,0.08,0.09,0.1,0.109,0.118,0.127,0.172,0.208,0.235,0.257,0.284,0.296,0.298,0.294,0.286,0.275,0.263,0.203
378.0,380.0,0.012,0.024,0.036,0.047,0.058,0.069,0.079,0.088,0.098,0.107,0.116,0.124,0.169,0.205,0.232,0.254,0.282,0.295,0.298,0.295,0.287,0.277,0.266,0.207
378.0,381.0,0.012,0.024,0.036,0.047,0.058,0.068,0.078,0.088,0.097,0.106,0.115,0.124,0.168,0.204,0.232,0.253,0.281,0.295,0.298,0.295,0.288,0.278,0.266,0.208
378.0,382.0,0.012,0.024,0.036,0.047,0.058,0.068,0.078,0.088,0.098,0.107,0.115,0.124,0.168,0.204,0.232,0.254,0.282,0.295,0.298,0.295,0.288,0.278,0.266,0.208
378.0,383.0,0.012,0.025,0.036,0.047,0.058,0.069,0.079,0.089,0.098,0.107,0.116,0.125,0.169,0.205,0.233,0.254,0.282,0.295,0.298,0.295,0.287,0.277,0.265,0.206
378.0,384.0,0.013,0.025,0.037,0.048,0.059,0.07,0.08,0.09,0.099,0.108,0.117,0.126,0.171,0.206,0.234,0.256,0.283,0.296,0.298,0.294,0.286,0.276,0.264,0.205
378.0,385.0,0.013,0.025,0.037,0.049,0.06,0.07,0.081,0.091,0.1,0.11,0.118,0.127,0.172,0.208,0.236,0.257,0.284,0.296,0.298,0.294,0.285,0.274,0.262,0.202
378.0,386.0,0.013,0.025,0.038,0.049,0.06,0.071,0.082,0.092,0.101,0.111,0.12,0.128,0.174,0.21,0.238,0.259,0.285,0.297,0.298,0.293,0.284,0.273,0.26,0.2
378.0,387.0,0.013,0.026,0.038,0.05,0.061,0.072,0.083,0.093,0.103,0.112,0.121,0.13,0.176,0.212,0.239,0.26,0.286,0.297,0.298,0.292,0.283,0.271,0.259,0.198
378.0,388.0,0.013,0.026,0.039,0.051,0.062,0.073,0.084,0.094,0.104,0.113,0.123,0.131,0.178,0.214,0.241,0.262,0.287,0.297,0.298,0.291,0.282,0.27,0.257,0.196
378.0,389.0,0.014,0.027,0.039,0.051,0.063,0.074,0.085,0.095,0.105,0.115,0.124,0.133,0.179,0.215,0.243,0.263,0.288,0.298,0.297,0.291,0.28,0.268,0.255,0.193
378.0,390.0,0.014,0.027,0.04,0.052,0.064,0.075,0.086,0.096,0.106,0.116,0.125,0.134,0.181,0.217,0.244,0.265,0.289,0.298,0.297,0.29,0.279,0.266,0.253,0.191
379.0,380.0,0.012,0.024,0.035,0.046,0.056,0.066,0.076,0.086,0.095,0.104,0.112,0.12,0.164,0.2,0.228,0.25,0.279,0.294,0.298,0.296,0.29,0.281,0.27,0.213
379.0,381.0,0.012,0.023,0.034,0.045,0.055,0.065,0.075,0.084,0.093,0.102,0.11,0.118,0.162,0.197,0.225,0.247,0.277,0.293,0.298,0.297,0.291,0.283,0.272,0.216
379.0,382.0,0.012,0.023,0.034,0.044,0.054,0.064,0.074,0.083,0.092,0.101,0.109,0.117,0.16,0.195,0.223,0.246,0.276,0.292,0.298,0.297,0.292,0.284,0.274,0.219
379.0,383.0,0.011,0.023,0.033,0.044,0.054,0.064,0.073,0.083,0.091,0.1,0.108,0.116,0.16,0.195,0.223,0.245,0.275,0.292,0.298,0.297,0.292,0.284,0.275,0.219
379.0,384.0,0.011,0.023,0.033,0.044,0.054,0.064,0.073,0.083,0.091,0.1,0.108,0.116,0.16,0.195,0.223,0.245,0.275,0.292,0.298,0.297,0.292,0.284,0.275,0.219
379.0,385.0,0.012,0.023,0.034,0.044,0.054,0.064,0.074,0.083,0.092,0.1,0.109,0.117,0.16,0.195,0.223,0.245,0.276,0.292,0.298,0.297,0.292,0.284,0.274,0.219
379.0,386.0,0.012,0.023,0.034,0.044,0.055,0.064,0.074,0.083,0.092,0.101,0.109,0.118,0.161,0.196,0.224,0.246,0.276,0.292,0.298,0.297,0.292,0.283,0.273,0.218
379.0,387.0,0.012,0.023,0.034,0.045,0.055,0.065,0.075,0.084,0.093,0.102,0.11,0.118,0.162,0.197,0.225,0.247,0.277,0.293,0.298,0.297,0.291,0.283,0.272,0.216
379.0,388.0,0.012,0.023,0.034,0.045,0.056,0.066,0.075,0.085,0.094,0.103,0.111,0.119,0.163,0.198,0.227,0.248,0.278,0.293,0.298,0.297,0.291,0.282,0.271,0.215
379.0,389.0,0.012,0.024,0.035,0.046,0.056,0.066,0.076,0.086,0.095,0.104,0.112,0.121,0.164,0.2,0.228,0.25,0.279,0.294,0.298,0.296,0.29,0.281,0.27,0.213
379.0,390.0,0.012,0.024,0.035,0.046,0.057,0.067,0.077,0.086,0.096,0.105,0.113,0.122,0.166,0.201,0.229,0.251,0.28,0.294,0.298,0.296,0.289,0.28,0.269,0.211
379.0,391.0,0.012,0.024,0.036,0.047,0.057,0.068,0.078,0.087,0.097,0.106,0.114,0.123,0.167,0.203,0.231,0.252,0.281,0.295,0.298,0.296,0.288,0.279,0.267,0.209
380.0,381.0,0.012,0.024,0.035,0.046,0.056,0.067,0.077,0.086,0.095,0.104,0.113,0.121,0.165,0.201,0.229,0.25,0.279,0.294,0.298,0.296,0.29,0.28,0.269,0.212
380.0,382.0,0.012,0.023,0.035,0.045,0.056,0.066,0.076,0.085,0.094,0.103,0.112,0.12,0.164,0.199,0.227,0.249,0.278,0.293,0.298,0.297,0.29,0.281,0.271,0.214
380.0,383.0,0.012,0.023,0.034,0.045,0.055,0.065,0.075,0.084,0.093,0.102,0.11,0.118,0.162,0.197,0.225,0.247,0.277,0.293,0.298,0.297,0.291,0.283,0.273,0.217
380.0,384.0,0.012,0.023,0.034,0.044,0.054,0.064,0.074,0.083,0.092,0.101,0.109,0.117,0.16,0.195,0.223,0.246,0.276,0.292,0.298,0.297,0.292,0.284,0.274,0.218
380.0,385.0,0.012,0.023,0.033,0.044,0.054,0.064,0.073,0.083,0.091,0.1,0.108,0.117,0.16,0.195,0.223,0.245,0.275,0.292,0.298,0.297,0.292,0.284,0.274,0.219
380.0,386.0,0.011,0.023,0.033,0.044,0.054,0.064,0.073,0.083,0.091,0.1,0.108,0.116,0.16,0.195,0.223,0.245,0.275,0.292,0.298,0.297,0.292,0.284,0.275,0.219
380.0,387.0,0.012,0.023,0.034,0.044,0.054,0.064,0.074,0.083,0.092,0.1,0.109,0.117,0.16,0.195,0.223,0.245,0.276,0.292,0.298,0.297,0.292,0.284,0.274,0.219
380.0,388.0,0.012,0.023,0.034,0.044,0.054,0.064,0.074,0.083,0.092,0.101,0.109,0.117,0.161,0.196,0.224,0.246,0.276,0.292,0.298,0.297,0.292,0.284,0.274,0.218
380.0,389.0,0.012,0.023,0.034,0.045,0.055,0.065,0.074,0.084,0.093,0.101,0.11,0.118,0.161,0.197,0.225,0.247,0.277,0.292,0.298,0.297,0.292,0.283,0.273,0.217
380.0,390.0,0.012,0.023,0.034,0.045,0.055,0.065,0.075,0.084,0.093,0.102,0.111,0.119,0.162,0.198,0.226,0.248,0.277,0.293,0.298,0.297,0.291,0.282,0.272,0.216
380.0,391.0,0.012,0.023,0.035,0.045,0.056,0.066,0.076,0.085,0.094,0.103,0.111,0.12,0.164,0.199,0.227,0.249,0.278,0.293,0.298,0.297,0.29,0.281,0.271,0.214
380.0,392.0,0.012,0.024,0.035,0.046,0.056,0.066,0.076,0.086,0.095,0.104,0.112,0.121,0.165,0.2,0.228,0.25,0.279,0.294,0.298,0.296,0.29,0.281,0.27,0.213
381.0,382.0,0.012,0.024,0.036,0.047,0.058,0.068,0.078,0.088,0.097,0.107,0.115,0.124,0.168,0.204,0.232,0.253,0.282,0.295,0.298,0.295,0.288,0.278,0.266,0.208
381.0,383.0,0.012,0.024,0.036,0.047,0.058,0.068,0.078,0.088,0.097,0.106,0.115,0.124,0.168,0.204,0.232,0.253,0.281,0.295,0.298,0.295,0.288,0.278,0.266,0.208
381.0,384.0,0.012,0.024,0.036,0.047,0.058,0.068,0.078,0.088,0.098,0.107,0.115,0.124,0.168,0.204,0.232,0.254,0.282,0.295,0.298,0.295,0.288,0.278,0.266,0.208
381.0,385.0,0.012,0.025,0.036,0.048,0.058,0.069,0.079,0.089,0.098,0.107,0.116,0.125,0.17,0.205,0.233,0.255,0.282,0.295,0.298,0.295,0.287,0.277,0.265,0.206
381.0,386.0,0.013,0.025,0.037,0.048,0.059,0.07,0.08,0.09,0.1,0.109,0.118,0.126,0.171,0.207,0.235,0.256,0.284,0.296,0.298,0.294,0.286,0.275,0.263,0.204
381.0,387.0,0.013,0.025,0.037,0.049,0.06,0.071,0.081,0.092,0.101,0.111,0.12,0.128,0.174,0.21,0.237,0.258,0.285,0.297,0.298,0.293,0.284,0.273,0.261,0.201
381.0,388.0,0.013,0.026,0.038,0.05,0.061,0.072,0.083,0.093,0.103,0.112,0.122,0.13,0.176,0.212,0.24,0.261,0.286,0.297,0.298,0.292,0.283,0.271,0.258,0.197
381.0,389.0,0.013,0.026,0.039,0.051,0.063,0.074,0.085,0.095,0.105,0.115,0.124,0.133,0.179,0.215,0.243,0.263,0.288,0.298,0.297,0.291,0.281,0.268,0.255,0.194
381.0,390.0,0.014,0.027,0.04,0.052,0.064,0.075,0.086,0.097,0.107,0.117,0.126,0.135,0.182,0.218,0.245,0.265,0.289,0.298,0.297,0.289,0.278,0.266,0.252,0.19
381.0,391.0,0.014,0.028,0.041,0.053,0.065,0.077,0.088,0.099,0.109,0.119,0.128,0.137,0.184,0.221,0.248,0.268,0.291,0.298,0.296,0.288,0.276,0.263,0.249,0.187
381.0,392.0,0.014,0.028,0.041,0.054,0.067,0.078,0.09,0.1,0.111,0.121,0.13,0.14,0.187,0.223,0.25,0.27,0.292,0.298,0.295,0.286,0.274,0.26,0.246,0.183
381.0,393.0,0.015,0.029,0.042,0.055,0.068,0.08,0.091,0.102,0.113,0.123,0.133,0.142,0.19,0.226,0.252,0.272,0.293,0.298,0.294,0.285,0.272,0.258,0.243,0.18
382.0,383.0,0.013,0.026,0.039,0.051,0.062,0.073,0.084,0.094,0.104,0.114,0.123,0.132,0.178,0.214,0.241,0.262,0.287,0.297,0.298,0.291,0.281,0.269,0.257,0.195
382.0,384.0,0.013,0.027,0.039,0.051,0.063,0.074,0.085,0.095,0.105,0.115,0.124,0.133,0.179,0.215,0.243,0.263,0.288,0.298,0.297,0.291,0.28,0.268,0.255,0.194
382.0,385.0,0.014,0.027,0.039,0.051,0.063,0.074,0.085,0.095,0.105,0.115,0.124,0.133,0.18,0.216,0.243,0.263,0.288,0.298,0.297,0.29,0.28,0.268,0.255,0.193
382.0,386.0,0.014,0.027,0.039,0.051,0.063,0.074,0.085,0.096,0.106,0.115,0.125,0.134,0.18,0.216,0.243,0.264,0.288,0.298,0.297,0.29,0.28,0.267,0.254,0.192
382.0,387.0,0.014,0.027,0.04,0.052,0.064,0.075,0.086,0.096,0.106,0.116,0.125,0.134,0.181,0.217,0.244,0.265,0.289,0.298,0.297,0.29,0.279,0.267,0.253,0.191
382.0,388.0,0.014,0.027,0.04,0.052,0.064,0.075,0.086,0.097,0.107,0.117,0.126,0.135,0.182,0.218,0.245,0.265,0.289,0.298,0.297,0.289,0.278,0.266,0.252,0.19
382.0,389.0,0.014,0.027,0.04,0.053,0.065,0.076,0.087,0.098,0.108,0.118,0.127,0.136,0.183,0.219,0.246,0.267,0.29,0.298,0.296,0.289,0.277,0.264,0.251,0.188
382.0,390.0,0.014,0.028,0.041,0.053,0.065,0.077,0.088,0.099,0.109,0.119,0.128,0.137,0.185,0.221,0.248,0.268,0.291,0.298,0.296,0.288,0.276,0.263,0.249,0.187
382.0,391.0,0.014,0.028,0.041,0.054,0.066,0.078,0.089,0.1,0.11,0.12,0.13,0.139,0.186,0.222,0.249,0.269,0.291,0.298,0.296,0.287,0.275,0.261,0.247,0.185
382.0,392.0,0.014,0.028,0.042,0.054,0.067,0.079,0.09,0.101,0.111,0.121,0.131,0.14,0.188,0.224,0.251,0.27,0.292,0.298,0.295,0.286,0.274,0.26,0.245,0.183
382.0,393.0,0.015,0.029,0.042,0.055,0.068,0.079,0.091,0.102,0.112,0.123,0.132,0.141,0.189,0.225,0.252,0.271,0.293,0.298,0.295,0.285,0.272,0.258,0.244,0.181
382.0,394.0,0.015,0.029,0.043,0.056,0.068,0.08,0.092,0.103,0.114,0.124,0.134,0.143,0.191,0.227,0.254,0.273,0.293,0.298,0.294,0.284,0.271,0.257,0.242,0.179
383.0,384.0,0.015,0.029,0.042,0.056,0.068,0.08,0.092,0.103,0.113,0.123,0.133,0.142,0.19,0.226,0.253,0.272,0.293,0.298,0.294,0.284,0.271,0.257,0.243,0.18
383.0,385.0,0.015,0.029,0.042,0.056,0.068,0.08,0.092,0.103,0.113,0.123,0.133,0.142,0.19,0.226,0.253,0.272,0.293,0.298,0.294,0.284,0.271,0.257,0.243,0.179
383.0,386.0,0.014,0.028,0.041,0.054,0.066,0.078,0.089,0.1,0.11,0.12,0.13,0.139,0.186,0.223,0.25,0.269,0.292,0.298,0.295,0.287,0.275,0.261,0.247,0.184
383.0,387.0,0.014,0.027,0.04,0.052,0.064,0.076,0.087,0.097,0.107,0.117,0.126,0.135,0.182,0.218,0.246,0.266,0.29,0.298,0.297,0.289,0.278,0.265,0.252,0.19
383.0,388.0,0.013,0.026,0.039,0.051,0.063,0.074,0.085,0.095,0.105,0.114,0.124,0.132,0.179,0.215,0.242,0.263,0.288,0.298,0.297,0.291,0.281,0.268,0.255,0.194
383.0,389.0,0.013,0.026,0.038,0.05,0.061,0.072,0.083,0.093,0.103,0.112,0.121,0.13,0.176,0.212,0.24,0.261,0.286,0.297,0.298,0.292,0.283,0.271,0.258,0.197
383.0,390.0,0.013,0.026,0.038,0.049,0.06,0.071,0.082,0.092,0.102,0.111,0.12,0.129,0.174,0.21,0.238,0.259,0.285,0.297,0.298,0.293,0.284,0.273,0.26,0.2
383.0,391.0,0.013,0.025,0.037,0.049,0.06,0.071,0.081,0.091,0.101,0.11,0.119,0.128,0.173,0.209,0.237,0.258,0.285,0.296,0.298,0.293,0.285,0.274,0.262,0.202
383.0,392.0,0.013,0.025,0.037,0.048,0.06,0.07,0.081,0.09,0.1,0.109,0.118,0.127,0.172,0.208,0.236,0.257,0.284,0.296,0.298,0.294,0.285,0.275,0.262,0.203
383.0,393.0,0.013,0.025,0.037,0.048,0.059,0.07,0.08,0.09,0.1,0.109,0.118,0.126,0.172,0.207,0.235,0.256,0.284,0.296,0.298,0.294,0.286,0.275,0.263,0.204
383.0,394.0,0.013,0.025,0.037,0.048,0.059,0.07,0.08,0.09,0.099,0.109,0.118,0.126,0.171,0.207,0.235,0.256,0.283,0.296,0.298,0.294,0.286,0.275,0.263,0.204
383.0,395.0,0.013,0.025,0.037,0.048,0.059,0.07,0.08,0.09,0.099,0.109,0.117,0.126,0.171,0.207,0.235,0.256,0.283,0.296,0.298,0.294,0.286,0.275,0.264,0.204
384.0,385.0,0.015,0.03,0.044,0.057,0.07,0.083,0.095,0.106,0.117,0.127,0.137,0.146,0.195,0.231,0.257,0.276,0.295,0.298,0.292,0.281,0.267,0.252,0.237,0.174
384.0,386.0,0.015,0.03,0.044,0.057,0.07,0.082,0.094,0.105,0.116,0.126,0.136,0.145,0.194,0.23,0.256,0.275,0.294,0.298,0.293,0.282,0.268,0.254,0.239,0.175
384.0,387.0,0.015,0.029,0.043,0.056,0.069,0.081,0.092,0.103,0.114,0.124,0.134,0.143,0.191,0.228,0.254,0.273,0.294,0.298,0.294,0.283,0.27,0.256,0.241,0.178
384.0,388.0,0.015,0.029,0.042,0.055,0.068,0.08,0.091,0.102,0.113,0.123,0.133,0.142,0.19,0.226,0.253,0.272,0.293,0.298,0.294,0.285,0.272,0.258,0.243,0.18
384.0,389.0,0.015,0.029,0.042,0.055,0.067,0.079,0.091,0.101,0.112,0.122,0.132,0.141,0.189,0.225,0.252,0.271,0.292,0.298,0.295,0.285,0.273,0.259,0.244,0.182
384.0,390.0,0.015,0.028,0.042,0.055,0.067,0.079,0.09,0.101,0.112,0.122,0.131,0.141,0.188,0.224,0.251,0.271,0.292,0.298,0.295,0.286,0.273,0.259,0.245,0.182
384.0,391.0,0.015,0.028,0.042,0.055,0.067,0.079,0.09,0.101,0.112,0.122,0.132,0.141,0.188,0.225,0.251,0.271,0.292,0.298,0.295,0.285,0.273,0.259,0.245,0.182
384.0,392.0,0.015,0.029,0.042,0.055,0.067,0.079,0.091,0.102,0.112,0.122,0.132,0.141,0.189,0.225,0.252,0.271,0.293,0.298,0.295,0.285,0.272,0.258,0.244,0.181
384.0,393.0,0.015,0.029,0.042,0.055,0.068,0.08,0.091,0.102,0.113,0.123,0.133,0.142,0.19,0.226,0.253,0.272,0.293,0.298,0.294,0.285,0.272,0.258,0.243,0.18
384.0,394.0,0.015,0.029,0.043,0.056,0.068,0.08,0.092,0.103,0.114,0.124,0.134,0.143,0.191,0.227,0.254,0.273,0.293,0.298,0.294,0.284,0.271,0.256,0.242,0.179
384.0,395.0,0.015,0.029,0.043,0.056,0.069,0.081,0.093,0.104,0.115,0.125,0.135,0.144,0.192,0.228,0.255,0.273,0.294,0.298,0.293,0.283,0.27,0.255,0.24,0.177
384.0,396.0,0.015,0.03,0.043,0.057,0.07,0.082,0.093,0.105,0.115,0.126,0.136,0.145,0.193,0.229,0.256,0.274,0.294,0.298,0.293,0.282,0.269,0.254,0.239,0.176
385.0,386.0,0.015,0.03,0.044,0.058,0.071,0.083,0.095,0.107,0.117,0.128,0.138,0.147,0.196,0.232,0.258,0.276,0.295,0.298,0.292,0.28,0.266,0.251,0.236,0.173
385.0,387.0,0.015,0.03,0.043,0.057,0.07,0.082,0.094,0.105,0.116,0.126,0.136,0.145,0.193,0.229,0.256,0.274,0.294,0.298,0.293,0.282,0.269,0.254,0.239,0.176
385.0,388.0,0.015,0.029,0.043,0.056,0.068,0.08,0.092,0.103,0.113,0.124,0.133,0.143,0.191,0.227,0.253,0.272,0.293,0.298,0.294,0.284,0.271,0.257,0.242,0.179
385.0,389.0,0.015,0.028,0.042,0.055,0.067,0.079,0.09,0.101,0.112,0.122,0.132,0.141,0.188,0.225,0.251,0.271,0.292,0.298,0.295,0.285,0.273,0.259,0.245,0.182
385.0,390.0,0.014,0.028,0.041,0.054,0.067,0.078,0.09,0.1,0.111,0.121,0.13,0.14,0.187,0.223,0.25,0.27,0.292,0.298,0.295,0.286,0.274,0.26,0.246,0.183
385.0,391.0,0.014,0.028,0.041,0.054,0.066,0.078,0.089,0.1,0.11,0.12,0.13,0.139,0.186,0.223,0.25,0.269,0.292,0.298,0.295,0.287,0.275,0.261,0.247,0.184
385.0,392.0,0.014,0.028,0.041,0.054,0.066,0.078,0.089,0.1,0.11,0.12,0.13,0.139,0.186,0.223,0.25,0.269,0.292,0.298,0.295,0.287,0.275,0.261,0.247,0.184
385.0,393.0,0.014,0.028,0.041,0.054,0.066,0.078,0.089,0.1,0.111,0.121,0.13,0.139,0.187,0.223,0.25,0.27,0.292,0.298,0.295,0.286,0.274,0.261,0.246,0.184
385.0,394.0,0.014,0.028,0.042,0.054,0.067,0.079,0.09,0.101,0.111,0.121,0.131,0.14,0.188,0.224,0.251,0.27,0.292,0.298,0.295,0.286,0.274,0.26,0.246,0.183
385.0,395.0,0.015,0.029,0.042,0.055,0.067,0.079,0.091,0.101,0.112,0.122,0.132,0.141,0.189,0.225,0.252,0.271,0.292,0.298,0.295,0.285,0.273,0.259,0.244,0.182
385.0,396.0,0.015,0.029,0.042,0.055,0.068,0.08,0.091,0.102,0.113,0.123,0.133,0.142,0.19,0.226,0.253,0.272,0.293,0.298,0.294,0.285,0.272,0.258,0.243,0.18
385.0,397.0,0.015,0.029,0.043,0.056,0.068,0.08,0.092,0.103,0.114,0.124,0.134,0.143,0.191,0.227,0.254,0.273,0.293,0.298,0.294,0.284,0.271,0.256,0.242,0.179
386.0,387.0,0.015,0.03,0.044,0.057,0.07,0.083,0.094,0.106,0.117,0.127,0.137,0.146,0.195,0.231,0.257,0.275,0.295,0.298,0.292,0.281,0.267,0.252,0.237,0.174
386.0,388.0,0.015,0.029,0.043,0.056,0.069,0.081,0.092,0.103,0.114,0.124,0.134,0.143,0.191,0.227,0.254,0.273,0.294,0.298,0.294,0.284,0.27,0.256,0.241,0.178
386.0,389.0,0.015,0.028,0.042,0.055,0.067,0.079,0.09,0.101,0.112,0.122,0.131,0.141,0.188,0.224,0.251,0.271,0.292,0.298,0.295,0.285,0.273,0.259,0.245,0.182
386.0,390.0,0.014,0.028,0.041,0.054,0.066,0.078,0.089,0.1,0.11,0.12,0.13,0.139,0.186,0.222,0.249,0.269,0.291,0.298,0.295,0.287,0.275,0.261,0.247,0.184
386.0,391.0,0.014,0.028,0.041,0.053,0.066,0.077,0.088,0.099,0.109,0.119,0.129,0.138,0.185,0.221,0.248,0.268,0.291,0.298,0.296,0.287,0.276,0.262,0.248,0.186
386.0,392.0,0.014,0.028,0.041,0.053,0.065,0.077,0.088,0.099,0.109,0.119,0.129,0.138,0.185,0.221,0.248,0.268,0.291,0.298,0.296,0.288,0.276,0.263,0.249,0.186
386.0,393.0,0.014,0.028,0.041,0.053,0.065,0.077,0.088,0.099,0.109,0.119,0.129,0.138,0.185,0.221,0.248,0.268,0.291,0.298,0.296,0.288,0.276,0.263,0.249,0.186
386.0,394.0,0.014,0.028,0.041,0.054,0.066,0.077,0.089,0.099,0.11,0.12,0.129,0.138,0.185,0.222,0.249,0.268,0.291,0.298,0.296,0.287,0.275,0.262,0.248,0.185
386.0,395.0,0.014,0.028,0.041,0.054,0.066,0.078,0.089,0.1,0.11,0.12,0.13,0.139,0.186,0.222,0.249,0.269,0.291,0.298,0.295,0.287,0.275,0.261,0.247,0.184
386.0,396.0,0.014,0.028,0.042,0.054,0.067,0.078,0.09,0.101,0.111,0.121,0.131,0.14,0.187,0.223,0.25,0.27,0.292,0.298,0.295,0.286,0.274,0.26,0.246,0.183
386.0,397.0,0.015,0.028,0.042,0.055,0.067,0.079,0.09,0.101,0.112,0.122,0.132,0.141,0.188,0.225,0.251,0.271,0.292,0.298,0.295,0.285,0.273,0.259,0.245,0.182
386.0,398.0,0.015,0.029,0.042,0.055,0.068,0.08,0.091,0.102,0.113,0.123,0.133,0.142,0.19,0.226,0.253,0.272,0.293,0.298,0.294,0.285,0.272,0.258,0.243,0.18
387.0,388.0,0.014,0.028,0.041,0.054,0.066,0.077,0.089,0.099,0.11,0.12,0.129,0.138,0.185,0.222,0.249,0.268,0.291,0.298,0.296,0.287,0.275,0.262,0.248,0.185
387.0,389.0,0.014,0.027,0.04,0.053,0.065,0.076,0.087,0.098,0.108,0.118,0.128,0.137,0.184,0.22,0.247,0.267,0.29,0.298,0.296,0.288,0.277,0.264,0.25,0.188
387.0,390.0,0.014,0.027,0.04,0.053,0.064,0.076,0.087,0.098,0.108,0.117,0.127,0.136,0.183,0.219,0.246,0.266,0.29,0.298,0.296,0.289,0.278,0.265,0.251,0.189
387.0,391.0,0.014,0.027,0.04,0.052,0.064,0.076,0.087,0.097,0.108,0.117,0.127,0.136,0.183,0.219,0.246,0.266,0.29,0.298,0.296,0.289,0.278,0.265,0.251,0.189
387.0,392.0,0.014,0.027,0.04,0.053,0.065,0.076,0.087,0.098,0.108,0.118,0.127,0.136,0.183,0.219,0.246,0.266,0.29,0.298,0.296,0.289,0.277,0.264,0.251,0.188
387.0,393.0,0.014,0.028,0.041,0.053,0.065,0.077,0.088,0.098,0.109,0.118,0.128,0.137,0.184,0.22,0.247,0.267,0.29,0.298,0.296,0.288,0.277,0.263,0.25,0.187
387.0,394.0,0.014,0.028,0.041,0.054,0.066,0.077,0.088,0.099,0.11,0.119,0.129,0.138,0.185,0.221,0.248,0.268,0.291,0.298,0.296,0.287,0.276,0.262,0.248,0.186
387.0,395.0,0.014,0.028,0.041,0.054,0.066,0.078,0.089,0.1,0.111,0.121,0.13,0.139,0.187,0.223,0.25,0.269,0.292,0.298,0.295,0.286,0.274,0.261,0.247,0.184
387.0,396.0,0.015,0.028,0.042,0.055,0.067,0.079,0.09,0.101,0.112,0.122,0.132,0.141,0.188,0.225,0.251,0.271,0.292,0.298,0.295,0.285,0.273,0.259,0.245,0.182
387.0,397.0,0.015,0.029,0.042,0.055,0.068,0.08,0.091,0.103,0.113,0.123,0.133,0.142,0.19,0.226,0.253,0.272,0.293,0.298,0.294,0.284,0.271,0.257,0.243,0.18
387.0,398.0,0.015,0.029,0.043,0.056,0.069,0.081,0.093,0.104,0.114,0.125,0.134,0.144,0.192,0.228,0.255,0.273,0.294,0.298,0.294,0.283,0.27,0.255,0.241,0.177
387.0,399.0,0.015,0.03,0.044,0.057,0.07,0.082,0.094,0.105,0.116,0.126,0.136,0.145,0.194,0.23,0.256,0.275,0.294,0.298,0.293,0.282,0.268,0.253,0.239,0.175
388.0,389.0,0.014,0.028,0.041,0.054,0.066,0.078,0.089,0.1,0.11,0.12,0.13,0.139,0.187,0.223,0.25,0.269,0.292,0.298,0.295,0.287,0.274,0.261,0.247,0.184
388.0,390.0,0.014,0.027,0.04,0.052,0.064,0.076,0.087,0.097,0.108,0.117,0.127,0.136,0.183,0.219,0.246,0.266,0.29,0.298,0.296,0.289,0.278,0.265,0.251,0.189
388.0,391.0,0.014,0.027,0.039,0.051,0.063,0.074,0.085,0.095,0.105,0.115,0.124,0.133,0.179,0.215,0.243,0.263,0.288,0.298,0.297,0.291,0.28,0.268,0.255,0.193
388.0,392.0,0.013,0.026,0.038,0.05,0.062,0.073,0.084,0.094,0.104,0.113,0.122,0.131,0.177,0.213,0.241,0.261,0.287,0.297,0.298,0.292,0.282,0.27,0.257,0.196
388.0,393.0,0.013,0.026,0.038,0.05,0.061,0.072,0.083,0.093,0.102,0.112,0.121,0.13,0.175,0.211,0.239,0.26,0.286,0.297,0.298,0.292,0.283,0.272,0.259,0.198
388.0,394.0,0.013,0.026,0.038,0.049,0.061,0.071,0.082,0.092,0.102,0.111,0.12,0.129,0.174,0.21,0.238,0.259,0.285,0.297,0.298,0.293,0.284,0.273,0.26,0.2
388.0,395.0,0.013,0.025,0.037,0.049,0.06,0.071,0.081,0.091,0.101,0.11,0.119,0.128,0.174,0.209,0.237,0.258,0.285,0.296,0.298,0.293,0.284,0.273,0.261,0.201
388.0,396.0,0.013,0.025,0.037,0.049,0.06,0.071,0.081,0.091,0.101,0.11,0.119,0.128,0.173,0.209,0.237,0.258,0.285,0.296,0.298,0.293,0.285,0.274,0.262,0.202
388.0,397.0,0.013,0.025,0.037,0.049,0.06,0.071,0.081,0.091,0.101,0.11,0.119,0.127,0.173,0.208,0.236,0.258,0.284,0.296,0.298,0.294,0.285,0.274,0.262,0.202
388.0,398.0,0.013,0.025,0.037,0.049,0.06,0.07,0.081,0.091,0.1,0.11,0.119,0.127,0.173,0.208,0.236,0.257,0.284,0.296,0.298,0.294,0.285,0.274,0.262,0.202
388.0,399.0,0.013,0.025,0.037,0.049,0.06,0.07,0.081,0.091,0.1,0.11,0.119,0.127,0.172,0.208,0.236,0.257,0.284,0.296,0.298,0.294,0.285,0.274,0.262,0.202
388.0,400.0,0.013,0.025,0.037,0.049,0.06,0.07,0.081,0.091,0.1,0.11,0.119,0.127,0.173,0.208,0.236,0.257,0.284,0.296,0.298,0.294,0.285,0.274,0.262,0.202
389.0,390.0,0.014,0.027,0.04,0.052,0.064,0.075,0.086,0.096,0.106,0.116,0.125,0.134,0.181,0.217,0.244,0.265,0.289,0.298,0.297,0.29,0.279,0.266,0.253,0.191
389.0,391.0,0.013,0.026,0.039,0.051,0.062,0.073,0.084,0.094,0.104,0.113,0.123,0.131,0.178,0.214,0.241,0.262,0.287,0.297,0.298,0.291,0.282,0.27,0.257,0.196
389.0,392.0,0.013,0.026,0.038,0.05,0.061,0.072,0.082,0.092,0.102,0.112,0.121,0.129,0.175,0.211,0.239,0.26,0.286,0.297,0.298,0.293,0.283,0.272,0.259,0.199
389.0,393.0,0.013,0.025,0.037,0.049,0.06,0.071,0.081,0.091,0.101,0.11,0.119,0.128,0.173,0.209,0.237,0.258,0.285,0.296,0.298,0.293,0.284,0.273,0.261,0.201
389.0,394.0,0.013,0.025,0.037,0.049,0.06,0.07,0.081,0.091,0.1,0.109,0.118,0.127,0.172,0.208,0.236,0.257,0.284,0.296,0.298,0.294,0.285,0.274,0.262,0.202
389.0,395.0,0.013,0.025,0.037,0.048,0.059,0.07,0.08,0.09,0.1,0.109,0.118,0.126,0.172,0.207,0.235,0.256,0.284,0.296,0.298,0.294,0.286,0.275,0.263,0.203
389.0,396.0,0.013,0.025,0.037,0.048,0.059,0.07,0.08,0.09,0.099,0.109,0.118,0.126,0.171,0.207,0.235,0.256,0.283,0.296,0.298,0.294,0.286,0.275,0.263,0.204
389.0,397.0,0.013,0.025,0.037,0.048,0.059,0.07,0.08,0.09,0.099,0.109,0.117,0.126,0.171,0.207,0.235,0.256,0.283,0.296,0.298,0.294,0.286,0.275,0.264,0.204
389.0,398.0,0.013,0.025,0.037,0.048,0.059,0.07,0.08,0.09,0.099,0.109,0.117,0.126,0.171,0.207,0.235,0.256,0.283,0.296,0.298,0.294,0.286,0.275,0.263,0.204
389.0,399.0,0.013,0.025,0.037,0.048,0.059,0.07,0.08,0.09,0.099,0.109,0.118,0.126,0.171,0.207,0.235,0.256,0.283,0.296,0.298,0.294,0.286,0.275,0.263,0.204
389.0,400.0,0.013,0.025,0.037,0.048,0.059,0.07,0.08,0.09,0.1,0.109,0.118,0.126,0.171,0.207,0.235,0.256,0.284,0.296,0.298,0.294,0.286,0.275,0.263,0.204
389.0,401.0,0.013,0.025,0.037,0.048,0.059,0.07,0.08,0.09,0.1,0.109,0.118,0.126,0.172,0.207,0.235,0.257,0.284,0.296,0.298,0.294,0.286,0.275,0.263,0.203
390.0,391.0,0.014,0.027,0.039,0.051,0.063,0.074,0.085,0.095,0.105,0.115,0.124,0.133,0.18,0.216,0.243,0.264,0.288,0.298,0.297,0.29,0.28,0.268,0.254,0.193
390.0,392.0,0.013,0.026,0.039,0.051,0.062,0.073,0.084,0.094,0.104,0.114,0.123,0.132,0.178,0.214,0.241,0.262,0.287,0.297,0.298,0.291,0.282,0.27,0.257,0.196
390.0,393.0,0.013,0.026,0.038,0.05,0.061,0.072,0.083,0.093,0.102,0.112,0.121,0.13,0.175,0.211,0.239,0.26,0.286,0.297,0.298,0.292,0.283,0.272,0.259,0.198
390.0,394.0,0.013,0.025,0.037,0.049,0.06,0.071,0.081,0.092,0.101,0.111,0.12,0.128,0.174,0.21,0.237,0.258,0.285,0.297,0.298,0.293,0.284,0.273,0.261,0.201
390.0,395.0,0.013,0.025,0.037,0.049,0.06,0.07,0.081,0.091,0.1,0.11,0.119,0.127,0.173,0.208,0.236,0.257,0.284,0.296,0.298,0.294,0.285,0.274,0.262,0.202
390.0,396.0,0.013,0.025,0.037,0.048,0.059,0.07,0.08,0.09,0.1,0.109,0.118,0.127,0.172,0.208,0.235,0.257,0.284,0.296,0.298,0.294,0.286,0.275,0.263,0.203
390.0,397.0,0.013,0.025,0.037,0.048,0.059,0.07,0.08,0.09,0.1,0.109,0.118,0.126,0.171,0.207,0.235,0.256,0.284,0.296,0.298,0.294,0.286,0.275,0.263,0.204
390.0,398.0,0.013,0.025,0.037,0.048,0.059,0.07,0.08,0.09,0.1,0.109,0.118,0.126,0.171,0.207,0.235,0.256,0.284,0.296,0.298,0.294,0.286,0.275,0.263,0.204
390.0,399.0,0.013,0.025,0.037,0.048,0.059,0.07,0.08,0.09,0.1,0.109,0.118,0.126,0.171,0.207,0.235,0.256,0.284,0.296,0.298,0.294,0.286,0.275,0.263,0.204
390.0,400.0,0.013,0.025,0.037,0.048,0.059,0.07,0.08,0.09,0.1,0.109,0.118,0.126,0.172,0.207,0.235,0.257,0.284,0.296,0.298,0.294,0.286,0.275,0.263,0.203
390.0,401.0,0.013,0.025,0.037,0.048,0.059,0.07,0.08,0.09,0.1,0.109,0.118,0.127,0.172,0.208,0.236,0.257,0.284,0.296,0.298,0.294,0.285,0.275,0.263,0.203
390.0,402.0,0.013,0.025,0.037,0.049,0.06,0.07,0.081,0.091,0.1,0.109,0.118,0.127,0.172,0.208,0.236,0.257,0.284,0.296,0.298,0.294,0.285,0.274,0.262,0.202
391.0,392.0,0.013,0.026,0.038,0.05,0.062,0.073,0.084,0.094,0.104,0.113,0.122,0.131,0.177,0.213,0.241,0.262,0.287,0.297,0.298,0.292,0.282,0.27,0.257,0.196
391.0,393.0,0.013,0.026,0.038,0.05,0.061,0.072,0.083,0.093,0.103,0.112,0.121,0.13,0.176,0.212,0.24,0.26,0.286,0.297,0.298,0.292,0.283,0.271,0.258,0.198
391.0,394.0,0.013,0.026,0.038,0.05,0.061,0.072,0.082,0.092,0.102,0.112,0.121,0.129,0.175,0.211,0.239,0.26,0.286,0.297,0.298,0.293,0.283,0.272,0.259,0.199
391.0,395.0,0.013,0.026,0.038,0.049,0.061,0.072,0.082,0.092,0.102,0.111,0.12,0.129,0.175,0.211,0.238,0.259,0.286,0.297,0.298,0.293,0.284,0.272,0.26,0.199
391.0,396.0,0.013,0.026,0.038,0.05,0.061,0.072,0.082,0.092,0.102,0.111,0.121,0.129,0.175,0.211,0.239,0.26,0.286,0.297,0.298,0.293,0.283,0.272,0.26,0.199
391.0,397.0,0.013,0.026,0.038,0.05,0.061,0.072,0.083,0.093,0.103,0.112,0.121,0.13,0.176,0.212,0.239,0.26,0.286,0.297,0.298,0.292,0.283,0.271,0.259,0.198
391.0,398.0,0.013,0.026,0.038,0.05,0.062,0.073,0.083,0.093,0.103,0.113,0.122,0.131,0.177,0.213,0.24,0.261,0.287,0.297,0.298,0.292,0.282,0.27,0.258,0.197
391.0,399.0,0.013,0.026,0.039,0.051,0.062,0.073,0.084,0.094,0.104,0.114,0.123,0.132,0.178,0.214,0.241,0.262,0.287,0.297,0.297,0.291,0.281,0.269,0.256,0.195
391.0,400.0,0.013,0.026,0.039,0.051,0.063,0.074,0.085,0.095,0.105,0.115,0.124,0.133,0.179,0.215,0.243,0.263,0.288,0.298,0.297,0.291,0.28,0.268,0.255,0.194
391.0,401.0,0.014,0.027,0.039,0.052,0.063,0.075,0.085,0.096,0.106,0.116,0.125,0.134,0.18,0.216,0.244,0.264,0.289,0.298,0.297,0.29,0.279,0.267,0.254,0.192
391.0,402.0,0.014,0.027,0.04,0.052,0.064,0.075,0.086,0.097,0.107,0.117,0.126,0.135,0.182,0.218,0.245,0.265,0.289,0.298,0.297,0.289,0.279,0.266,0.252,0.19
391.0,403.0,0.014,0.027,0.04,0.053,0.064,0.076,0.087,0.098,0.108,0.118,0.127,0.136,0.183,0.219,0.246,0.266,0.29,0.298,0.296,0.289,0.278,0.265,0.251,0.189
392.0,393.0,0.013,0.026,0.038,0.049,0.061,0.072,0.082,0.092,0.102,0.111,0.12,0.129,0.175,0.21,0.238,0.259,0.285,0.297,0.298,0.293,0.284,0.272,0.26,0.2
392.0,394.0,0.013,0.025,0.037,0.048,0.059,0.07,0.08,0.09,0.1,0.109,0.118,0.127,0.172,0.208,0.235,0.257,0.284,0.296,0.298,0.294,0.286,0.275,0.263,0.203
392.0,395.0,0.013,0.025,0.036,0.048,0.059,0.069,0.079,0.089,0.099,0.108,0.117,0.125,0.17,0.206,0.234,0.255,0.283,0.296,0.298,0.295,0.287,0.276,0.264,0.205
392.0,396.0,0.012,0.025,0.036,0.047,0.058,0.069,0.079,0.089,0.098,0.107,0.116,0.125,0.169,0.205,0.233,0.254,0.282,0.295,0.298,0.295,0.287,0.277,0.265,0.206
392.0,397.0,0.012,0.024,0.036,0.047,0.058,0.069,0.079,0.089,0.098,0.107,0.116,0.124,0.169,0.205,0.233,0.254,0.282,0.295,0.298,0.295,0.287,0.277,0.265,0.207
392.0,398.0,0.012,0.024,0.036,0.047,0.058,0.069,0.079,0.089,0.098,0.107,0.116,0.124,0.169,0.205,0.233,0.254,0.282,0.295,0.298,0.295,0.287,0.277,0.265,0.207
392.0,399.0,0.012,0.025,0.036,0.048,0.058,0.069,0.079,0.089,0.098,0.107,0.116,0.125,0.17,0.205,0.233,0.255,0.282,0.295,0.298,0.295,0.287,0.277,0.265,0.206
392.0,400.0,0.013,0.025,0.036,0.048,0.059,0.069,0.079,0.089,0.099,0.108,0.117,0.125,0.17,0.206,0.234,0.255,0.283,0.296,0.298,0.295,0.287,0.276,0.264,0.205
392.0,401.0,0.013,0.025,0.037,0.048,0.059,0.07,0.08,0.09,0.099,0.108,0.117,0.126,0.171,0.206,0.234,0.256,0.283,0.296,0.298,0.294,0.286,0.276,0.264,0.204
392.0,402.0,0.013,0.025,0.037,0.048,0.059,0.07,0.08,0.09,0.1,0.109,0.118,0.126,0.172,0.207,0.235,0.256,0.284,0.296,0.298,0.294,0.286,0.275,0.263,0.203
392.0,403.0,0.013,0.025,0.037,0.049,0.06,0.07,0.081,0.091,0.1,0.11,0.118,0.127,0.172,0.208,0.236,0.257,0.284,0.296,0.298,0.294,0.285,0.274,0.262,0.202
392.0,404.0,0.013,0.025,0.037,0.049,0.06,0.071,0.081,0.091,0.101,0.11,0.119,0.128,0.173,0.209,0.237,0.258,0.285,0.296,0.298,0.293,0.285,0.274,0.261,0.201
393.0,394.0,0.014,0.027,0.039,0.051,0.063,0.074,0.085,0.095,0.105,0.115,0.124,0.133,0.179,0.215,0.243,0.263,0.288,0.298,0.297,0.291,0.28,0.268,0.255,0.193
393.0,395.0,0.014,0.027,0.039,0.051,0.063,0.074,0.085,0.096,0.106,0.115,0.124,0.133,0.18,0.216,0.243,0.264,0.288,0.298,0.297,0.29,0.28,0.268,0.254,0.193
393.0,396.0,0.014,0.027,0.039,0.051,0.063,0.074,0.085,0.096,0.106,0.115,0.125,0.133,0.18,0.216,0.243,0.264,0.288,0.298,0.297,0.29,0.28,0.267,0.254,0.192
393.0,397.0,0.014,0.027,0.039,0.052,0.063,0.075,0.086,0.096,0.106,0.116,0.125,0.134,0.181,0.217,0.244,0.264,0.289,0.298,0.297,0.29,0.279,0.267,0.253,0.192
393.0,398.0,0.014,0.027,0.04,0.052,0.064,0.075,0.086,0.097,0.107,0.117,0.126,0.135,0.182,0.218,0.245,0.265,0.289,0.298,0.297,0.289,0.278,0.266,0.252,0.19
393.0,399.0,0.014,0.027,0.04,0.053,0.065,0.076,0.087,0.098,0.108,0.118,0.127,0.136,0.183,0.219,0.247,0.267,0.29,0.298,0.296,0.288,0.277,0.264,0.25,0.188
393.0,400.0,0.014,0.028,0.041,0.054,0.066,0.077,0.088,0.099,0.11,0.119,0.129,0.138,0.185,0.221,0.249,0.268,0.291,0.298,0.296,0.287,0.276,0.262,0.248,0.186
393.0,401.0,0.014,0.028,0.042,0.054,0.067,0.079,0.09,0.101,0.111,0.121,0.131,0.14,0.187,0.224,0.251,0.27,0.292,0.298,0.295,0.286,0.274,0.26,0.246,0.183
393.0,402.0,0.015,0.029,0.042,0.055,0.068,0.08,0.091,0.102,0.113,0.123,0.133,0.142,0.19,0.226,0.253,0.272,0.293,0.298,0.294,0.285,0.272,0.258,0.243,0.18
393.0,403.0,0.015,0.029,0.043,0.056,0.069,0.081,0.093,0.104,0.115,0.125,0.135,0.144,0.192,0.228,0.255,0.274,0.294,0.298,0.293,0.283,0.27,0.255,0.24,0.177
393.0,404.0,0.015,0.03,0.044,0.057,0.07,0.083,0.094,0.106,0.116,0.127,0.137,0.146,0.195,0.231,0.257,0.275,0.295,0.298,0.292,0.281,0.267,0.252,0.237,0.174
393.0,405.0,0.016,0.03,0.045,0.058,0.071,0.084,0.096,0.107,0.118,0.129,0.139,0.148,0.197,0.233,0.259,0.277,0.295,0.298,0.291,0.28,0.265,0.25,0.235,0.171
394.0,395.0,0.014,0.027,0.039,0.051,0.063,0.074,0.085,0.095,0.105,0.115,0.124,0.133,0.18,0.216,0.243,0.264,0.288,0.298,0.297,0.29,0.28,0.268,0.255,0.193
394.0,396.0,0.013,0.026,0.039,0.051,0.062,0.074,0.084,0.095,0.105,0.114,0.123,0.132,0.178,0.214,0.242,0.263,0.288,0.297,0.297,0.291,0.281,0.269,0.256,0.194
394.0,397.0,0.013,0.026,0.039,0.05,0.062,0.073,0.084,0.094,0.104,0.113,0.122,0.131,0.177,0.213,0.241,0.262,0.287,0.297,0.298,0.292,0.282,0.27,0.257,0.196
394.0,398.0,0.013,0.026,0.038,0.05,0.062,0.073,0.083,0.094,0.104,0.113,0.122,0.131,0.177,0.213,0.241,0.261,0.287,0.297,0.298,0.292,0.282,0.27,0.257,0.196
394.0,399.0,0.013,0.026,0.038,0.05,0.062,0.073,0.084,0.094,0.104,0.113,0.122,0.131,0.177,0.213,0.241,0.262,0.287,0.297,0.298,0.292,0.282,0.27,0.257,0.196
394.0,400.0,0.013,0.026,0.039,0.051,0.062,0.073,0.084,0.094,0.104,0.114,0.123,0.132,0.178,0.214,0.242,0.262,0.287,0.297,0.297,0.291,0.281,0.269,0.256,0.195
394.0,401.0,0.014,0.027,0.039,0.051,0.063,0.074,0.085,0.095,0.105,0.115,0.124,0.133,0.179,0.215,0.243,0.263,0.288,0.298,0.297,0.291,0.28,0.268,0.255,0.193
394.0,402.0,0.014,0.027,0.039,0.052,0.063,0.075,0.086,0.096,0.106,0.116,0.125,0.134,0.181,0.217,0.244,0.264,0.289,0.298,0.297,0.29,0.279,0.267,0.253,0.192
394.0,403.0,0.014,0.027,0.04,0.052,0.064,0.076,0.087,0.097,0.107,0.117,0.126,0.135,0.182,0.218,0.246,0.266,0.29,0.298,0.297,0.289,0.278,0.265,0.252,0.19
394.0,404.0,0.014,0.028,0.04,0.053,0.065,0.077,0.088,0.098,0.109,0.118,0.128,0.137,0.184,0.22,0.247,0.267,0.29,0.298,0.296,0.288,0.277,0.264,0.25,0.187
394.0,405.0,0.014,0.028,0.041,0.054,0.066,0.077,0.089,0.099,0.11,0.12,0.129,0.138,0.186,0.222,0.249,0.269,0.291,0.298,0.296,0.287,0.275,0.262,0.248,0.185
394.0,406.0,0.014,0.028,0.042,0.054,0.067,0.078,0.09,0.101,0.111,0.121,0.131,0.14,0.187,0.224,0.25,0.27,0.292,0.298,0.295,0.286,0.274,0.26,0.246,0.183
395.0,396.0,0.014,0.027,0.039,0.051,0.063,0.074,0.085,0.096,0.106,0.115,0.125,0.134,0.18,0.216,0.244,0.264,0.289,0.298,0.297,0.29,0.28,0.267,0.254,0.192
395.0,397.0,0.013,0.026,0.039,0.051,0.062,0.073,0.084,0.094,0.104,0.114,0.123,0.132,0.178,0.214,0.241,0.262,0.287,0.297,0.298,0.291,0.281,0.269,0.257,0.195
395.0,398.0,0.013,0.026,0.038,0.05,0.061,0.072,0.083,0.093,0.103,0.112,0.121,0.13,0.176,0.212,0.239,0.26,0.286,0.297,0.298,0.292,0.283,0.271,0.259,0.198
395.0,399.0,0.013,0.026,0.038,0.049,0.061,0.071,0.082,0.092,0.102,0.111,0.12,0.129,0.174,0.21,0.238,0.259,0.285,0.297,0.298,0.293,0.284,0.273,0.26,0.2
395.0,400.0,0.013,0.025,0.037,0.049,0.06,0.071,0.081,0.091,0.101,0.111,0.119,0.128,0.174,0.209,0.237,0.258,0.285,0.297,0.298,0.293,0.284,0.273,0.261,0.201
395.0,401.0,0.013,0.025,0.037,0.049,0.06,0.071,0.081,0.091,0.101,0.11,0.119,0.128,0.174,0.209,0.237,0.258,0.285,0.297,0.298,0.293,0.284,0.273,0.261,0.201
395.0,402.0,0.013,0.025,0.038,0.049,0.06,0.071,0.082,0.092,0.101,0.111,0.12,0.128,0.174,0.21,0.238,0.259,0.285,0.297,0.298,0.293,0.284,0.273,0.26,0.2
395.0,403.0,0.013,0.026,0.038,0.049,0.061,0.072,0.082,0.092,0.102,0.111,0.12,0.129,0.175,0.211,0.238,0.259,0.286,0.297,0.298,0.293,0.284,0.272,0.26,0.199
395.0,404.0,0.013,0.026,0.038,0.05,0.061,0.072,0.083,0.093,0.103,0.112,0.121,0.13,0.176,0.212,0.239,0.26,0.286,0.297,0.298,0.292,0.283,0.271,0.259,0.198
395.0,405.0,0.013,0.026,0.038,0.05,0.062,0.073,0.083,0.094,0.103,0.113,0.122,0.131,0.177,0.213,0.24,0.261,0.287,0.297,0.298,0.292,0.282,0.27,0.258,0.197
395.0,406.0,0.013,0.026,0.039,0.051,0.062,0.073,0.084,0.094,0.104,0.114,0.123,0.132,0.178,0.214,0.241,0.262,0.287,0.297,0.297,0.291,0.281,0.269,0.256,0.195
395.0,407.0,0.013,0.027,0.039,0.051,0.063,0.074,0.085,0.095,0.105,0.115,0.124,0.133,0.179,0.215,0.243,0.263,0.288,0.298,0.297,0.291,0.28,0.268,0.255,0.194
396.0,397.0,0.013,0.026,0.038,0.05,0.062,0.073,0.083,0.094,0.103,0.113,0.122,0.131,0.177,0.213,0.24,0.261,0.287,0.297,0.298,0.292,0.282,0.27,0.258,0.197
396.0,398.0,0.013,0.026,0.038,0.05,0.061,0.072,0.082,0.093,0.102,0.112,0.121,0.13,0.175,0.211,0.239,0.26,0.286,0.297,0.298,0.292,0.283,0.272,0.259,0.198
396.0,399.0,0.013,0.026,0.038,0.049,0.061,0.072,0.082,0.092,0.102,0.111,0.12,0.129,0.175,0.211,0.238,0.259,0.286,0.297,0.298,0.293,0.284,0.272,0.26,0.199
396.0,400.0,0.013,0.026,0.038,0.05,0.061,0.072,0.083,0.093,0.102,0.112,0.121,0.13,0.175,0.211,0.239,0.26,0.286,0.297,0.298,0.292,0.283,0.272,0.259,0.198
396.0,401.0,0.013,0.026,0.038,0.05,0.062,0.073,0.084,0.094,0.104,0.113,0.122,0.131,0.177,0.213,0.241,0.262,0.287,0.297,0.298,0.292,0.282,0.27,0.257,0.196
396.0,402.0,0.014,0.027,0.039,0.051,0.063,0.074,0.085,0.096,0.106,0.115,0.125,0.133,0.18,0.216,0.243,0.264,0.288,0.298,0.297,0.29,0.28,0.267,0.254,0.193
396.0,403.0,0.014,0.027,0.04,0.053,0.065,0.076,0.087,0.098,0.108,0.118,0.127,0.136,0.183,0.219,0.246,0.267,0.29,0.298,0.296,0.289,0.277,0.264,0.251,0.188
396.0,404.0,0.014,0.028,0.041,0.054,0.066,0.078,0.089,0.1,0.111,0.121,0.13,0.139,0.187,0.223,0.25,0.269,0.292,0.298,0.295,0.286,0.274,0.261,0.247,0.184
396.0,405.0,0.015,0.029,0.043,0.056,0.068,0.08,0.092,0.103,0.113,0.124,0.133,0.143,0.19,0.227,0.253,0.272,0.293,0.298,0.294,0.284,0.271,0.257,0.242,0.179
396.0,406.0,0.015,0.03,0.044,0.057,0.07,0.082,0.094,0.105,0.116,0.127,0.136,0.146,0.194,0.23,0.257,0.275,0.295,0.298,0.293,0.281,0.268,0.253,0.238,0.174
396.0,407.0,0.016,0.031,0.045,0.059,0.072,0.085,0.097,0.108,0.119,0.13,0.14,0.149,0.198,0.234,0.26,0.278,0.296,0.298,0.291,0.279,0.264,0.249,0.233,0.17
396.0,408.0,0.016,0.031,0.046,0.06,0.074,0.087,0.099,0.111,0.122,0.132,0.143,0.152,0.201,0.237,0.263,0.28,0.297,0.297,0.289,0.276,0.261,0.245,0.229,0.166
397.0,398.0,0.014,0.027,0.039,0.052,0.063,0.075,0.085,0.096,0.106,0.116,0.125,0.134,0.18,0.216,0.244,0.264,0.289,0.298,0.297,0.29,0.279,0.267,0.254,0.192
397.0,399.0,0.014,0.027,0.039,0.051,0.063,0.074,0.085,0.096,0.106,0.115,0.124,0.133,0.18,0.216,0.243,0.264,0.288,0.298,0.297,0.29,0.28,0.268,0.254,0.193
397.0,400.0,0.013,0.026,0.039,0.051,0.062,0.073,0.084,0.094,0.104,0.114,0.123,0.132,0.178,0.214,0.242,0.262,0.287,0.297,0.297,0.291,0.281,0.269,0.256,0.195
397.0,401.0,0.013,0.026,0.038,0.05,0.062,0.073,0.083,0.094,0.103,0.113,0.122,0.131,0.177,0.213,0.24,0.261,0.287,0.297,0.298,0.292,0.282,0.27,0.257,0.196
397.0,402.0,0.013,0.026,0.038,0.05,0.062,0.073,0.083,0.093,0.103,0.113,0.122,0.131,0.176,0.212,0.24,0.261,0.287,0.297,0.298,0.292,0.282,0.271,0.258,0.197
397.0,403.0,0.013,0.026,0.038,0.05,0.062,0.073,0.083,0.094,0.103,0.113,0.122,0.131,0.177,0.213,0.24,0.261,0.287,0.297,0.298,0.292,0.282,0.27,0.258,0.197
397.0,404.0,0.013,0.026,0.039,0.051,0.062,0.073,0.084,0.094,0.104,0.114,0.123,0.132,0.178,0.214,0.241,0.262,0.287,0.297,0.298,0.291,0.281,0.269,0.257,0.195
397.0,405.0,0.013,0.026,0.039,0.051,0.063,0.074,0.085,0.095,0.105,0.115,0.124,0.133,0.179,0.215,0.243,0.263,0.288,0.298,0.297,0.291,0.28,0.268,0.255,0.194
397.0,406.0,0.014,0.027,0.04,0.052,0.063,0.075,0.086,0.096,0.106,0.116,0.125,0.134,0.181,0.217,0.244,0.265,0.289,0.298,0.297,0.29,0.279,0.267,0.253,0.191
397.0,407.0,0.014,0.027,0.04,0.052,0.064,0.076,0.087,0.097,0.108,0.117,0.127,0.136,0.183,0.219,0.246,0.266,0.29,0.298,0.296,0.289,0.278,0.265,0.251,0.189
397.0,408.0,0.014,0.028,0.041,0.053,0.065,0.077,0.088,0.099,0.109,0.119,0.128,0.137,0.185,0.221,0.248,0.268,0.291,0.298,0.296,0.288,0.276,0.263,0.249,0.187
397.0,409.0,0.014,0.028,0.041,0.054,0.066,0.078,0.089,0.1,0.11,0.12,0.13,0.139,0.187,0.223,0.25,0.269,0.292,0.298,0.295,0.287,0.274,0.261,0.247,0.184
398.0,399.0,0.015,0.029,0.043,0.056,0.069,0.081,0.092,0.104,0.114,0.124,0.134,0.144,0.192,0.228,0.254,0.273,0.294,0.298,0.294,0.283,0.27,0.256,0.241,0.178
398.0,400.0,0.015,0.029,0.043,0.056,0.068,0.08,0.092,0.103,0.114,0.124,0.134,0.143,0.191,0.227,0.254,0.273,0.293,0.298,0.294,0.284,0.271,0.257,0.242,0.179
398.0,401.0,0.015,0.029,0.042,0.055,0.068,0.08,0.091,0.102,0.113,0.123,0.132,0.142,0.189,0.225,0.252,0.271,0.293,0.298,0.294,0.285,0.272,0.258,0.244,0.181
398.0,402.0,0.015,0.028,0.042,0.055,0.067,0.079,0.09,0.101,0.112,0.122,0.132,0.141,0.188,0.225,0.251,0.271,0.292,0.298,0.295,0.285,0.273,0.259,0.245,0.182
398.0,403.0,0.015,0.028,0.042,0.055,0.067,0.079,0.09,0.101,0.112,0.122,0.131,0.141,0.188,0.224,0.251,0.271,0.292,0.298,0.295,0.286,0.273,0.259,0.245,0.182
398.0,404.0,0.015,0.029,0.042,0.055,0.067,0.079,0.091,0.102,0.112,0.122,0.132,0.141,0.189,0.225,0.252,0.271,0.292,0.298,0.295,0.285,0.273,0.259,0.244,0.181
398.0,405.0,0.015,0.029,0.042,0.055,0.068,0.08,0.091,0.102,0.113,0.123,0.133,0.142,0.19,0.226,0.253,0.272,0.293,0.298,0.294,0.285,0.272,0.258,0.243,0.18
398.0,406.0,0.015,0.029,0.043,0.056,0.068,0.081,0.092,0.103,0.114,0.124,0.134,0.143,0.191,0.227,0.254,0.273,0.293,0.298,0.294,0.284,0.271,0.256,0.242,0.178
398.0,407.0,0.015,0.029,0.043,0.057,0.069,0.081,0.093,0.104,0.115,0.125,0.135,0.144,0.193,0.229,0.255,0.274,0.294,0.298,0.293,0.283,0.269,0.255,0.24,0.177
398.0,408.0,0.015,0.03,0.044,0.057,0.07,0.082,0.094,0.105,0.116,0.127,0.137,0.146,0.194,0.23,0.257,0.275,0.295,0.298,0.293,0.281,0.268,0.253,0.238,0.174
398.0,409.0,0.015,0.03,0.044,0.058,0.071,0.083,0.095,0.107,0.118,0.128,0.138,0.148,0.196,0.232,0.258,0.276,0.295,0.298,0.292,0.28,0.266,0.251,0.236,0.172
398.0,410.0,0.016,0.031,0.045,0.059,0.072,0.084,0.096,0.108,0.119,0.129,0.14,0.149,0.198,0.234,0.26,0.278,0.296,0.298,0.291,0.279,0.264,0.249,0.234,0.17
399.0,400.0,0.014,0.027,0.04,0.052,0.064,0.075,0.086,0.096,0.106,0.116,0.125,0.134,0.181,0.217,0.244,0.265,0.289,0.298,0.297,0.29,0.279,0.266,0.253,0.191
399.0,401.0,0.013,0.026,0.039,0.051,0.062,0.074,0.084,0.095,0.105,0.114,0.123,0.132,0.178,0.214,0.242,0.262,0.288,0.297,0.297,0.291,0.281,0.269,0.256,0.195
399.0,402.0,0.013,0.026,0.038,0.05,0.061,0.073,0.083,0.093,0.103,0.113,0.122,0.131,0.176,0.212,0.24,0.261,0.287,0.297,0.298,0.292,0.282,0.271,0.258,0.197
399.0,403.0,0.013,0.026,0.038,0.05,0.061,0.072,0.082,0.093,0.102,0.112,0.121,0.13,0.175,0.211,0.239,0.26,0.286,0.297,0.298,0.292,0.283,0.272,0.259,0.198
399.0,404.0,0.013,0.026,0.038,0.05,0.061,0.072,0.082,0.092,0.102,0.112,0.121,0.129,0.175,0.211,0.239,0.26,0.286,0.297,0.298,0.293,0.283,0.272,0.259,0.199
399.0,405.0,0.013,0.026,0.038,0.05,0.061,0.072,0.082,0.093,0.102,0.112,0.121,0.13,0.175,0.211,0.239,0.26,0.286,0.297,0.298,0.292,0.283,0.272,0.259,0.198
399.0,406.0,0.013,0.026,0.038,0.05,0.061,0.072,0.083,0.093,0.103,0.112,0.121,0.13,0.176,0.212,0.24,0.261,0.286,0.297,0.298,0.292,0.283,0.271,0.258,0.198
399.0,407.0,0.013,0.026,0.038,0.05,0.062,0.073,0.083,0.094,0.104,0.113,0.122,0.131,0.177,0.213,0.241,0.261,0.287,0.297,0.298,0.292,0.282,0.27,0.257,0.196
399.0,408.0,0.013,0.026,0.039,0.051,0.062,0.074,0.084,0.095,0.105,0.114,0.123,0.132,0.178,0.214,0.242,0.262,0.288,0.297,0.297,0.291,0.281,0.269,0.256,0.195
399.0,409.0,0.014,0.027,0.039,0.051,0.063,0.074,0.085,0.095,0.105,0.115,0.124,0.133,0.18,0.216,0.243,0.264,0.288,0.298,0.297,0.29,0.28,0.268,0.254,0.193
399.0,410.0,0.014,0.027,0.04,0.052,0.064,0.075,0.086,0.096,0.107,0.116,0.126,0.135,0.181,0.217,0.245,0.265,0.289,0.298,0.297,0.29,0.279,0.266,0.253,0.191
399.0,411.0,0.014,0.027,0.04,0.053,0.064,0.076,0.087,0.097,0.108,0.117,0.127,0.136,0.183,0.219,0.246,0.266,0.29,0.298,0.296,0.289,0.278,0.265,0.251,0.189
400.0,401.0,0.015,0.029,0.042,0.055,0.068,0.08,0.091,0.102,0.112,0.123,0.132,0.142,0.189,0.225,0.252,0.271,0.293,0.298,0.294,0.285,0.272,0.258,0.244,0.181
400.0,402.0,0.014,0.028,0.042,0.055,0.067,0.079,0.09,0.101,0.112,0.122,0.131,0.141,0.188,0.224,0.251,0.271,0.292,0.298,0.295,0.286,0.273,0.259,0.245,0.182
400.0,403.0,0.014,0.028,0.041,0.054,0.066,0.078,0.089,0.1,0.11,0.12,0.13,0.139,0.186,0.222,0.249,0.269,0.291,0.298,0.295,0.287,0.275,0.261,0.247,0.184
400.0,404.0,0.014,0.028,0.041,0.053,0.065,0.077,0.088,0.099,0.109,0.119,0.129,0.138,0.185,0.221,0.248,0.268,0.291,0.298,0.296,0.288,0.276,0.263,0.249,0.186
400.0,405.0,0.014,0.028,0.041,0.053,0.065,0.077,0.088,0.099,0.109,0.119,0.128,0.137,0.184,0.22,0.248,0.267,0.291,0.298,0.296,0.288,0.276,0.263,0.249,0.187
400.0,406.0,0.014,0.028,0.041,0.053,0.065,0.077,0.088,0.099,0.109,0.119,0.128,0.137,0.184,0.22,0.248,0.267,0.291,0.298,0.296,0.288,0.276,0.263,0.249,0.187
400.0,407.0,0.014,0.028,0.041,0.053,0.065,0.077,0.088,0.099,0.109,0.119,0.129,0.138,0.185,0.221,0.248,0.268,0.291,0.298,0.296,0.288,0.276,0.263,0.249,0.186
400.0,408.0,0.014,0.028,0.041,0.054,0.066,0.078,0.089,0.1,0.11,0.12,0.129,0.139,0.186,0.222,0.249,0.269,0.291,0.298,0.296,0.287,0.275,0.262,0.248,0.185
400.0,409.0,0.014,0.028,0.041,0.054,0.066,0.078,0.09,0.1,0.111,0.121,0.13,0.14,0.187,0.223,0.25,0.27,0.292,0.298,0.295,0.286,0.274,0.26,0.246,0.183
400.0,410.0,0.015,0.028,0.042,0.055,0.067,0.079,0.09,0.101,0.112,0.122,0.132,0.141,0.188,0.225,0.251,0.271,0.292,0.298,0.295,0.285,0.273,0.259,0.245,0.182
400.0,411.0,0.015,0.029,0.042,0.055,0.068,0.08,0.091,0.102,0.113,0.123,0.133,0.142,0.19,0.226,0.253,0.272,0.293,0.298,0.294,0.284,0.272,0.257,0.243,0.18
400.0,412.0,0.015,0.029,0.043,0.056,0.069,0.081,0.092,0.104,0.114,0.124,0.134,0.144,0.192,0.228,0.254,0.273,0.294,0.298,0.294,0.283,0.27,0.256,0.241,0.178
401.0,402.0,0.014,0.028,0.041,0.054,0.066,0.078,0.089,0.1,0.11,0.12,0.13,0.139,0.186,0.222,0.249,0.269,0.291,0.298,0.296,0.287,0.275,0.261,0.247,0.185
401.0,403.0,0.014,0.027,0.04,0.053,0.065,0.076,0.087,0.098,0.108,0.118,0.128,0.137,0.184,0.22,0.247,0.267,0.29,0.298,0.296,0.288,0.277,0.264,0.25,0.188
401.0,404.0,0.014,0.027,0.04,0.052,0.064,0.075,0.086,0.097,0.107,0.117,0.126,0.135,0.182,0.218,0.245,0.265,0.289,0.298,0.297,0.289,0.279,0.266,0.252,0.19
401.0,405.0,0.014,0.027,0.039,0.052,0.063,0.075,0.085,0.096,0.106,0.116,0.125,0.134,0.18,0.216,0.244,0.264,0.289,0.298,0.297,0.29,0.28,0.267,0.254,0.192
401.0,406.0,0.014,0.027,0.039,0.051,0.063,0.074,0.085,0.096,0.106,0.115,0.125,0.134,0.18,0.216,0.244,0.264,0.289,0.298,0.297,0.29,0.28,0.267,0.254,0.192
401.0,407.0,0.014,0.027,0.039,0.052,0.063,0.075,0.085,0.096,0.106,0.116,0.125,0.134,0.18,0.216,0.244,0.264,0.289,0.298,0.297,0.29,0.279,0.267,0.254,0.192
401.0,408.0,0.014,0.027,0.04,0.052,0.064,0.075,0.086,0.097,0.107,0.116,0.126,0.135,0.181,0.217,0.245,0.265,0.289,0.298,0.297,0.29,0.279,0.266,0.253,0.191
401.0,409.0,0.014,0.027,0.04,0.052,0.064,0.076,0.087,0.097,0.108,0.117,0.127,0.136,0.183,0.219,0.246,0.266,0.29,0.298,0.296,0.289,0.278,0.265,0.251,0.189
401.0,410.0,0.014,0.028,0.041,0.053,0.065,0.077,0.088,0.098,0.109,0.119,0.128,0.137,0.184,0.22,0.247,0.267,0.291,0.298,0.296,0.288,0.276,0.263,0.249,0.187
401.0,411.0,0.014,0.028,0.041,0.054,0.066,0.078,0.089,0.1,0.11,0.12,0.129,0.139,0.186,0.222,0.249,0.269,0.291,0.298,0.296,0.287,0.275,0.262,0.248,0.185
401.0,412.0,0.014,0.028,0.042,0.054,0.067,0.079,0.09,0.101,0.111,0.121,0.131,0.14,0.188,0.224,0.251,0.27,0.292,0.298,0.295,0.286,0.274,0.26,0.245,0.183
401.0,413.0,0.015,0.029,0.042,0.055,0.068,0.08,0.091,0.102,0.113,0.123,0.132,0.142,0.19,0.226,0.252,0.272,0.293,0.298,0.294,0.285,0.272,0.258,0.243,0.18
402.0,403.0,0.014,0.028,0.041,0.053,0.065,0.077,0.088,0.098,0.109,0.118,0.128,0.137,0.184,0.22,0.247,0.267,0.29,0.298,0.296,0.288,0.277,0.263,0.25,0.187
402.0,404.0,0.014,0.027,0.04,0.052,0.064,0.075,0.086,0.097,0.107,0.116,0.126,0.135,0.181,0.217,0.245,0.265,0.289,0.298,0.297,0.29,0.279,0.266,0.253,0.191
402.0,405.0,0.013,0.026,0.039,0.051,0.063,0.074,0.085,0.095,0.105,0.115,0.124,0.133,0.179,0.215,0.243,0.263,0.288,0.298,0.297,0.291,0.281,0.268,0.255,0.194
402.0,406.0,0.013,0.026,0.039,0.05,0.062,0.073,0.084,0.094,0.104,0.113,0.123,0.131,0.178,0.213,0.241,0.262,0.287,0.297,0.298,0.291,0.282,0.27,0.257,0.196
402.0,407.0,0.013,0.026,0.038,0.05,0.062,0.073,0.083,0.094,0.104,0.113,0.122,0.131,0.177,0.213,0.241,0.261,0.287,0.297,0.298,0.292,0.282,0.27,0.257,0.196
402.0,408.0,0.013,0.026,0.038,0.05,0.062,0.073,0.084,0.094,0.104,0.113,0.122,0.131,0.177,0.213,0.241,0.261,0.287,0.297,0.298,0.292,0.282,0.27,0.257,0.196
402.0,409.0,0.013,0.026,0.039,0.051,0.062,0.073,0.084,0.094,0.104,0.114,0.123,0.132,0.178,0.214,0.242,0.262,0.287,0.297,0.297,0.291,0.281,0.269,0.256,0.195
402.0,410.0,0.014,0.027,0.039,0.051,0.063,0.074,0.085,0.095,0.105,0.115,0.124,0.133,0.179,0.215,0.243,0.263,0.288,0.298,0.297,0.291,0.28,0.268,0.255,0.193
402.0,411.0,0.014,0.027,0.04,0.052,0.063,0.075,0.086,0.096,0.106,0.116,0.125,0.134,0.181,0.217,0.244,0.264,0.289,0.298,0.297,0.29,0.279,0.267,0.253,0.192
402.0,412.0,0.014,0.027,0.04,0.052,0.064,0.076,0.087,0.097,0.107,0.117,0.127,0.136,0.182,0.218,0.246,0.266,0.29,0.298,0.297,0.289,0.278,0.265,0.251,0.189
402.0,413.0,0.014,0.028,0.041,0.053,0.065,0.077,0.088,0.098,0.109,0.119,0.128,0.137,0.184,0.22,0.247,0.267,0.29,0.298,0.296,0.288,0.277,0.263,0.25,0.187
402.0,414.0,0.014,0.028,0.041,0.054,0.066,0.078,0.089,0.1,0.11,0.12,0.129,0.139,0.186,0.222,0.249,0.269,0.291,0.298,0.296,0.287,0.275,0.262,0.248,0.185
403.0,404.0,0.014,0.028,0.042,0.054,0.067,0.079,0.09,0.101,0.111,0.121,0.131,0.14,0.188,0.224,0.251,0.27,0.292,0.298,0.295,0.286,0.274,0.26,0.246,0.183
403.0,405.0,0.014,0.028,0.041,0.054,0.066,0.078,0.089,0.1,0.11,0.12,0.129,0.139,0.186,0.222,0.249,0.269,0.291,0.298,0.296,0.287,0.275,0.262,0.248,0.185
403.0,406.0,0.014,0.027,0.04,0.053,0.065,0.076,0.088,0.098,0.108,0.118,0.128,0.137,0.184,0.22,0.247,0.267,0.29,0.298,0.296,0.288,0.277,0.264,0.25,0.188
403.0,407.0,0.014,0.027,0.04,0.052,0.064,0.076,0.087,0.097,0.107,0.117,0.127,0.136,0.182,0.218,0.246,0.266,0.29,0.298,0.297,0.289,0.278,0.265,0.251,0.189
403.0,408.0,0.014,0.027,0.04,0.052,0.064,0.075,0.086,0.097,0.107,0.117,0.126,0.135,0.182,0.218,0.245,0.265,0.289,0.298,0.297,0.289,0.278,0.266,0.252,0.19
403.0,409.0,0.014,0.027,0.04,0.052,0.064,0.076,0.087,0.097,0.107,0.117,0.126,0.135,0.182,0.218,0.245,0.266,0.29,0.298,0.297,0.289,0.278,0.265,0.252,0.19
403.0,410.0,0.014,0.027,0.04,0.053,0.064,0.076,0.087,0.098,0.108,0.118,0.127,0.136,0.183,0.219,0.246,0.266,0.29,0.298,0.296,0.289,0.278,0.265,0.251,0.189
403.0,411.0,0.014,0.028,0.041,0.053,0.065,0.077,0.088,0.098,0.109,0.118,0.128,0.137,0.184,0.22,0.247,0.267,0.29,0.298,0.296,0.288,0.277,0.263,0.25,0.187
403.0,412.0,0.014,0.028,0.041,0.054,0.066,0.077,0.089,0.099,0.11,0.12,0.129,0.138,0.186,0.222,0.249,0.268,0.291,0.298,0.296,0.287,0.275,0.262,0.248,0.185
403.0,413.0,0.014,0.028,0.042,0.054,0.067,0.078,0.09,0.101,0.111,0.121,0.131,0.14,0.187,0.223,0.25,0.27,0.292,0.298,0.295,0.286,0.274,0.26,0.246,0.183
403.0,414.0,0.015,0.029,0.042,0.055,0.067,0.079,0.091,0.102,0.112,0.122,0.132,0.141,0.189,0.225,0.252,0.271,0.293,0.298,0.295,0.285,0.272,0.258,0.244,0.181
403.0,415.0,0.015,0.029,0.043,0.056,0.068,0.08,0.092,0.103,0.114,0.124,0.133,0.143,0.191,0.227,0.254,0.272,0.293,0.298,0.294,0.284,0.271,0.257,0.242,0.179
404.0,405.0,0.014,0.028,0.041,0.053,0.065,0.077,0.088,0.099,0.109,0.119,0.129,0.138,0.185,0.221,0.248,0.268,0.291,0.298,0.296,0.288,0.276,0.262,0.249,0.186
404.0,406.0,0.014,0.027,0.039,0.052,0.063,0.074,0.085,0.096,0.106,0.115,0.125,0.134,0.18,0.216,0.244,0.264,0.289,0.298,0.297,0.29,0.28,0.267,0.254,0.192
404.0,407.0,0.013,0.026,0.038,0.05,0.061,0.072,0.083,0.093,0.103,0.112,0.121,0.13,0.176,0.212,0.24,0.26,0.286,0.297,0.298,0.292,0.283,0.271,0.258,0.198
404.0,408.0,0.013,0.025,0.037,0.049,0.06,0.071,0.081,0.091,0.101,0.11,0.119,0.128,0.173,0.209,0.237,0.258,0.285,0.296,0.298,0.293,0.285,0.274,0.261,0.201
404.0,409.0,0.013,0.025,0.037,0.048,0.059,0.07,0.08,0.09,0.1,0.109,0.118,0.126,0.171,0.207,0.235,0.256,0.284,0.296,0.298,0.294,0.286,0.275,0.263,0.204
404.0,410.0,0.013,0.025,0.037,0.048,0.059,0.069,0.08,0.09,0.099,0.108,0.117,0.126,0.171,0.206,0.234,0.256,0.283,0.296,0.298,0.294,0.286,0.276,0.264,0.205
404.0,411.0,0.013,0.025,0.037,0.048,0.059,0.069,0.08,0.089,0.099,0.108,0.117,0.126,0.171,0.206,0.234,0.256,0.283,0.296,0.298,0.294,0.286,0.276,0.264,0.205
404.0,412.0,0.013,0.025,0.037,0.048,0.059,0.07,0.08,0.09,0.099,0.109,0.117,0.126,0.171,0.207,0.235,0.256,0.283,0.296,0.298,0.294,0.286,0.275,0.264,0.204
404.0,413.0,0.013,0.025,0.037,0.048,0.059,0.07,0.08,0.09,0.1,0.109,0.118,0.127,0.172,0.208,0.235,0.257,0.284,0.296,0.298,0.294,0.286,0.275,0.263,0.203
404.0,414.0,0.013,0.025,0.037,0.049,0.06,0.071,0.081,0.091,0.101,0.11,0.119,0.127,0.173,0.209,0.236,0.258,0.284,0.296,0.298,0.294,0.285,0.274,0.262,0.202
404.0,415.0,0.013,0.025,0.037,0.049,0.06,0.071,0.082,0.092,0.101,0.111,0.12,0.128,0.174,0.21,0.237,0.259,0.285,0.297,0.298,0.293,0.284,0.273,0.261,0.2
404.0,416.0,0.013,0.026,0.038,0.05,0.061,0.072,0.082,0.092,0.102,0.112,0.121,0.129,0.175,0.211,0.239,0.26,0.286,0.297,0.298,0.293,0.283,0.272,0.259,0.199
405.0,406.0,0.015,0.029,0.042,0.055,0.068,0.08,0.091,0.102,0.113,0.123,0.133,0.142,0.19,0.226,0.253,0.272,0.293,0.298,0.294,0.285,0.272,0.258,0.243,0.18
405.0,407.0,0.014,0.028,0.041,0.054,0.066,0.078,0.089,0.1,0.111,0.121,0.13,0.139,0.187,0.223,0.25,0.269,0.292,0.298,0.295,0.287,0.274,0.261,0.247,0.184
405.0,408.0,0.014,0.027,0.04,0.053,0.064,0.076,0.087,0.098,0.108,0.117,0.127,0.136,0.183,0.219,0.246,0.266,0.29,0.298,0.296,0.289,0.278,0.265,0.251,0.189
405.0,409.0,0.014,0.027,0.039,0.051,0.063,0.074,0.085,0.095,0.105,0.115,0.124,0.133,0.179,0.215,0.243,0.263,0.288,0.298,0.297,0.291,0.28,0.268,0.255,0.193
405.0,410.0,0.013,0.026,0.038,0.05,0.062,0.073,0.083,0.094,0.104,0.113,0.122,0.131,0.177,0.213,0.241,0.261,0.287,0.297,0.298,0.292,0.282,0.27,0.257,0.196
405.0,411.0,0.013,0.026,0.038,0.05,0.061,0.072,0.082,0.093,0.102,0.112,0.121,0.13,0.175,0.211,0.239,0.26,0.286,0.297,0.298,0.292,0.283,0.272,0.259,0.199
405.0,412.0,0.013,0.026,0.038,0.049,0.061,0.071,0.082,0.092,0.102,0.111,0.12,0.129,0.174,0.21,0.238,0.259,0.285,0.297,0.298,0.293,0.284,0.273,0.26,0.2
405.0,413.0,0.013,0.025,0.037,0.049,0.06,0.071,0.082,0.092,0.101,0.111,0.12,0.128,0.174,0.21,0.237,0.259,0.285,0.297,0.298,0.293,0.284,0.273,0.261,0.2
405.0,414.0,0.013,0.025,0.037,0.049,0.06,0.071,0.081,0.092,0.101,0.111,0.12,0.128,0.174,0.21,0.237,0.258,0.285,0.297,0.298,0.293,0.284,0.273,0.261,0.201
405.0,415.0,0.013,0.025,0.037,0.049,0.06,0.071,0.082,0.092,0.101,0.111,0.12,0.128,0.174,0.21,0.237,0.259,0.285,0.297,0.298,0.293,0.284,0.273,0.261,0.2
405.0,416.0,0.013,0.025,0.038,0.049,0.06,0.071,0.082,0.092,0.102,0.111,0.12,0.129,0.174,0.21,0.238,0.259,0.285,0.297,0.298,0.293,0.284,0.273,0.26,0.2
405.0,417.0,0.013,0.026,0.038,0.049,0.061,0.072,0.082,0.092,0.102,0.111,0.12,0.129,0.175,0.211,0.238,0.259,0.286,0.297,0.298,0.293,0.284,0.272,0.26,0.199
406.0,407.0,0.015,0.029,0.042,0.055,0.067,0.079,0.09,0.101,0.112,0.122,0.132,0.141,0.188,0.225,0.251,0.271,0.292,0.298,0.295,0.285,0.273,0.259,0.245,0.182
406.0,408.0,0.014,0.028,0.041,0.054,0.066,0.078,0.09,0.1,0.111,0.121,0.13,0.14,0.187,0.223,0.25,0.27,0.292,0.298,0.295,0.286,0.274,0.26,0.246,0.183
406.0,409.0,0.014,0.028,0.041,0.054,0.066,0.077,0.089,0.099,0.11,0.12,0.129,0.138,0.185,0.221,0.249,0.268,0.291,0.298,0.296,0.287,0.276,0.262,0.248,0.186
406.0,410.0,0.014,0.028,0.041,0.053,0.065,0.077,0.088,0.099,0.109,0.119,0.128,0.137,0.185,0.221,0.248,0.268,0.291,0.298,0.296,0.288,0.276,0.263,0.249,0.187
406.0,411.0,0.014,0.028,0.041,0.053,0.065,0.077,0.088,0.099,0.109,0.119,0.128,0.138,0.185,0.221,0.248,0.268,0.291,0.298,0.296,0.288,0.276,0.263,0.249,0.187
406.0,412.0,0.014,0.028,0.041,0.054,0.066,0.077,0.089,0.099,0.11,0.12,0.129,0.138,0.186,0.222,0.249,0.269,0.291,0.298,0.296,0.287,0.275,0.262,0.248,0.185
406.0,413.0,0.014,0.028,0.042,0.054,0.067,0.078,0.09,0.101,0.111,0.121,0.131,0.14,0.187,0.223,0.25,0.27,0.292,0.298,0.295,0.286,0.274,0.26,0.246,0.183
406.0,414.0,0.015,0.029,0.042,0.055,0.068,0.08,0.091,0.102,0.113,0.123,0.132,0.142,0.189,0.225,0.252,0.271,0.293,0.298,0.294,0.285,0.272,0.258,0.244,0.181
406.0,415.0,0.015,0.029,0.043,0.056,0.069,0.081,0.093,0.104,0.114,0.125,0.134,0.144,0.192,0.228,0.254,0.273,0.294,0.298,0.294,0.283,0.27,0.255,0.241,0.178
406.0,416.0,0.015,0.03,0.044,0.057,0.07,0.082,0.094,0.106,0.116,0.127,0.137,0.146,0.194,0.23,0.257,0.275,0.295,0.298,0.293,0.281,0.268,0.253,0.238,0.174
406.0,417.0,0.016,0.03,0.045,0.058,0.071,0.084,0.096,0.107,0.118,0.129,0.139,0.148,0.197,0.233,0.259,0.277,0.295,0.298,0.291,0.279,0.265,0.25,0.234,0.171
406.0,418.0,0.016,0.031,0.046,0.06,0.073,0.086,0.098,0.109,0.12,0.131,0.141,0.151,0.2,0.236,0.261,0.279,0.296,0.298,0.29,0.277,0.262,0.247,0.231,0.168
407.0,408.0,0.014,0.028,0.042,0.055,0.067,0.079,0.09,0.101,0.112,0.122,0.131,0.141,0.188,0.224,0.251,0.271,0.292,0.298,0.295,0.286,0.273,0.259,0.245,0.182
407.0,409.0,0.014,0.028,0.041,0.054,0.066,0.078,0.089,0.1,0.11,0.12,0.129,0.138,0.186,0.222,0.249,0.269,0.291,0.298,0.296,0.287,0.275,0.262,0.248,0.185
407.0,410.0,0.014,0.028,0.041,0.053,0.065,0.077,0.088,0.099,0.109,0.119,0.128,0.137,0.185,0.221,0.248,0.268,0.291,0.298,0.296,0.288,0.276,0.263,0.249,0.187
407.0,411.0,0.014,0.028,0.041,0.053,0.065,0.077,0.088,0.099,0.109,0.119,0.128,0.138,0.185,0.221,0.248,0.268,0.291,0.298,0.296,0.288,0.276,0.263,0.249,0.187
407.0,412.0,0.014,0.028,0.041,0.054,0.066,0.078,0.089,0.099,0.11,0.12,0.129,0.138,0.186,0.222,0.249,0.269,0.291,0.298,0.296,0.287,0.275,0.262,0.248,0.185
407.0,413.0,0.014,0.028,0.042,0.054,0.067,0.078,0.09,0.101,0.111,0.121,0.131,0.14,0.187,0.224,0.25,0.27,0.292,0.298,0.295,0.286,0.274,0.26,0.246,0.183
407.0,414.0,0.015,0.029,0.042,0.055,0.068,0.08,0.091,0.102,0.113,0.123,0.132,0.142,0.19,0.226,0.252,0.272,0.293,0.298,0.294,0.285,0.272,0.258,0.243,0.18
407.0,415.0,0.015,0.029,0.043,0.056,0.069,0.081,0.093,0.104,0.115,0.125,0.135,0.144,0.192,0.228,0.255,0.273,0.294,0.298,0.293,0.283,0.27,0.255,0.24,0.177
407.0,416.0,0.015,0.03,0.044,0.057,0.07,0.083,0.094,0.106,0.116,0.127,0.137,0.146,0.195,0.231,0.257,0.275,0.295,0.298,0.292,0.281,0.267,0.252,0.237,0.174
407.0,417.0,0.016,0.03,0.045,0.058,0.072,0.084,0.096,0.108,0.118,0.129,0.139,0.149,0.197,0.233,0.259,0.277,0.295,0.298,0.291,0.279,0.265,0.25,0.234,0.171
407.0,418.0,0.016,0.031,0.046,0.06,0.073,0.086,0.098,0.109,0.12,0.131,0.141,0.151,0.2,0.236,0.261,0.279,0.296,0.298,0.29,0.277,0.262,0.247,0.231,0.168
407.0,419.0,0.016,0.032,0.046,0.061,0.074,0.087,0.099,0.111,0.122,0.133,0.143,0.153,0.202,0.238,0.263,0.281,0.297,0.297,0.289,0.275,0.26,0.244,0.228,0.165
408.0,409.0,0.013,0.026,0.038,0.049,0.061,0.072,0.082,0.092,0.102,0.111,0.12,0.129,0.175,0.21,0.238,0.259,0.286,0.297,0.298,0.293,0.284,0.272,0.26,0.199
408.0,410.0,0.013,0.025,0.037,0.049,0.06,0.071,0.081,0.091,0.101,0.11,0.119,0.127,0.173,0.209,0.236,0.258,0.284,0.296,0.298,0.294,0.285,0.274,0.262,0.202
408.0,411.0,0.013,0.025,0.037,0.049,0.06,0.071,0.081,0.091,0.101,0.11,0.119,0.128,0.173,0.209,0.237,0.258,0.285,0.296,0.298,0.293,0.285,0.273,0.261,0.201
408.0,412.0,0.013,0.026,0.038,0.05,0.061,0.072,0.082,0.092,0.102,0.112,0.121,0.129,0.175,0.211,0.239,0.26,0.286,0.297,0.298,0.293,0.283,0.272,0.259,0.199
408.0,413.0,0.013,0.026,0.039,0.05,0.062,0.073,0.084,0.094,0.104,0.113,0.122,0.131,0.177,0.213,0.241,0.262,0.287,0.297,0.298,0.292,0.282,0.27,0.257,0.196
408.0,414.0,0.014,0.027,0.039,0.051,0.063,0.074,0.085,0.096,0.106,0.115,0.125,0.134,0.18,0.216,0.243,0.264,0.288,0.298,0.297,0.29,0.28,0.267,0.254,0.192
408.0,415.0,0.014,0.027,0.04,0.053,0.064,0.076,0.087,0.098,0.108,0.117,0.127,0.136,0.183,0.219,0.246,0.266,0.29,0.298,0.296,0.289,0.278,0.265,0.251,0.189
408.0,416.0,0.014,0.028,0.041,0.054,0.066,0.077,0.089,0.099,0.11,0.12,0.129,0.138,0.185,0.222,0.249,0.268,0.291,0.298,0.296,0.287,0.275,0.262,0.248,0.185
408.0,417.0,0.014,0.028,0.042,0.055,0.067,0.079,0.09,0.101,0.112,0.122,0.131,0.141,0.188,0.224,0.251,0.271,0.292,0.298,0.295,0.286,0.273,0.259,0.245,0.182
408.0,418.0,0.015,0.029,0.043,0.056,0.068,0.08,0.092,0.103,0.114,0.124,0.134,0.143,0.191,0.227,0.254,0.273,0.293,0.298,0.294,0.284,0.271,0.257,0.242,0.179
408.0,419.0,0.015,0.03,0.043,0.057,0.07,0.082,0.093,0.105,0.115,0.126,0.136,0.145,0.193,0.229,0.256,0.274,0.294,0.298,0.293,0.282,0.269,0.254,0.239,0.176
408.0,420.0,0.015,0.03,0.044,0.058,0.071,0.083,0.095,0.106,0.117,0.128,0.137,0.147,0.195,0.232,0.258,0.276,0.295,0.298,0.292,0.281,0.267,0.251,0.236,0.173
409.0,410.0,0.013,0.026,0.038,0.05,0.061,0.072,0.083,0.093,0.102,0.112,0.121,0.13,0.175,0.211,0.239,0.26,0.286,0.297,0.298,0.292,0.283,0.272,0.259,0.198
409.0,411.0,0.013,0.026,0.038,0.05,0.061,0.072,0.082,0.093,0.102,0.112,0.121,0.129,0.175,0.211,0.239,0.26,0.286,0.297,0.298,0.293,0.283,0.272,0.259,0.199
409.0,412.0,0.013,0.026,0.038,0.05,0.061,0.072,0.083,0.093,0.103,0.113,0.122,0.13,0.176,0.212,0.24,0.261,0.287,0.297,0.298,0.292,0.282,0.271,0.258,0.197
409.0,413.0,0.013,0.026,0.039,0.051,0.062,0.073,0.084,0.094,0.104,0.114,0.123,0.132,0.178,0.214,0.242,0.262,0.288,0.297,0.297,0.291,0.281,0.269,0.256,0.195
409.0,414.0,0.014,0.027,0.039,0.052,0.063,0.075,0.085,0.096,0.106,0.116,0.125,0.134,0.18,0.216,0.244,0.264,0.289,0.298,0.297,0.29,0.279,0.267,0.254,0.192
409.0,415.0,0.014,0.027,0.04,0.053,0.064,0.076,0.087,0.098,0.108,0.117,0.127,0.136,0.183,0.219,0.246,0.266,0.29,0.298,0.296,0.289,0.278,0.265,0.251,0.189
409.0,416.0,0.014,0.028,0.041,0.054,0.066,0.077,0.088,0.099,0.11,0.119,0.129,0.138,0.185,0.221,0.248,0.268,0.291,0.298,0.296,0.287,0.276,0.262,0.248,0.186
409.0,417.0,0.014,0.028,0.042,0.054,0.067,0.079,0.09,0.101,0.111,0.121,0.131,0.14,0.188,0.224,0.251,0.27,0.292,0.298,0.295,0.286,0.274,0.26,0.245,0.183
409.0,418.0,0.015,0.029,0.042,0.055,0.068,0.08,0.091,0.103,0.113,0.123,0.133,0.142,0.19,0.226,0.253,0.272,0.293,0.298,0.294,0.284,0.271,0.257,0.243,0.18
409.0,419.0,0.015,0.029,0.043,0.056,0.069,0.081,0.093,0.104,0.115,0.125,0.135,0.144,0.192,0.228,0.255,0.274,0.294,0.298,0.293,0.283,0.269,0.255,0.24,0.177
409.0,420.0,0.015,0.03,0.044,0.057,0.07,0.083,0.094,0.106,0.116,0.127,0.137,0.146,0.195,0.231,0.257,0.275,0.295,0.298,0.292,0.281,0.267,0.253,0.238,0.174
409.0,421.0,0.015,0.03,0.045,0.058,0.071,0.084,0.096,0.107,0.118,0.128,0.138,0.148,0.197,0.233,0.259,0.277,0.295,0.298,0.292,0.28,0.266,0.25,0.235,0.172
410.0,411.0,0.013,0.026,0.038,0.05,0.061,0.072,0.082,0.092,0.102,0.112,0.121,0.129,0.175,0.211,0.239,0.26,0.286,0.297,0.298,0.293,0.283,0.272,0.259,0.199
410.0,412.0,0.013,0.025,0.038,0.049,0.06,0.071,0.082,0.092,0.101,0.111,0.12,0.128,0.174,0.21,0.238,0.259,0.285,0.297,0.298,0.293,0.284,0.273,0.261,0.2
410.0,413.0,0.013,0.025,0.037,0.049,0.06,0.071,0.081,0.091,0.101,0.11,0.119,0.127,0.173,0.209,0.236,0.258,0.284,0.296,0.298,0.294,0.285,0.274,0.262,0.202
410.0,414.0,0.013,0.025,0.037,0.048,0.06,0.07,0.081,0.091,0.1,0.109,0.118,0.127,0.172,0.208,0.236,0.257,0.284,0.296,0.298,0.294,0.285,0.274,0.262,0.203
410.0,415.0,0.013,0.025,0.037,0.048,0.059,0.07,0.08,0.09,0.1,0.109,0.118,0.127,0.172,0.208,0.236,0.257,0.284,0.296,0.298,0.294,0.285,0.275,0.263,0.203
410.0,416.0,0.013,0.025,0.037,0.048,0.06,0.07,0.081,0.09,0.1,0.109,0.118,0.127,0.172,0.208,0.236,0.257,0.284,0.296,0.298,0.294,0.285,0.275,0.262,0.203
410.0,417.0,0.013,0.025,0.037,0.049,0.06,0.07,0.081,0.091,0.1,0.11,0.119,0.127,0.172,0.208,0.236,0.257,0.284,0.296,0.298,0.294,0.285,0.274,0.262,0.202
410.0,418.0,0.013,0.025,0.037,0.049,0.06,0.071,0.081,0.091,0.101,0.11,0.119,0.128,0.173,0.209,0.237,0.258,0.285,0.296,0.298,0.293,0.285,0.274,0.262,0.202
410.0,419.0,0.013,0.025,0.037,0.049,0.06,0.071,0.081,0.092,0.101,0.111,0.12,0.128,0.174,0.21,0.237,0.258,0.285,0.297,0.298,0.293,0.284,0.273,0.261,0.201
410.0,420.0,0.013,0.026,0.038,0.049,0.061,0.071,0.082,0.092,0.102,0.111,0.12,0.129,0.174,0.21,0.238,0.259,0.285,0.297,0.298,0.293,0.284,0.273,0.26,0.2
410.0,421.0,0.013,0.026,0.038,0.05,0.061,0.072,0.082,0.092,0.102,0.112,0.121,0.129,0.175,0.211,0.239,0.26,0.286,0.297,0.298,0.293,0.283,0.272,0.259,0.199
410.0,422.0,0.013,0.026,0.038,0.05,0.061,0.072,0.083,0.093,0.103,0.112,0.121,0.13,0.176,0.212,0.239,0.26,0.286,0.297,0.298,0.292,0.283,0.271,0.259,0.198
411.0,412.0,0.012,0.024,0.036,0.047,0.058,0.068,0.078,0.088,0.097,0.106,0.115,0.124,0.168,0.204,0.232,0.253,0.282,0.295,0.298,0.295,0.288,0.278,0.266,0.208
411.0,413.0,0.012,0.024,0.036,0.047,0.058,0.068,0.078,0.088,0.097,0.106,0.115,0.124,0.168,0.204,0.232,0.253,0.281,0.295,0.298,0.295,0.288,0.278,0.266,0.208
411.0,414.0,0.013,0.025,0.036,0.048,0.059,0.069,0.079,0.089,0.099,0.108,0.117,0.125,0.17,0.206,0.234,0.255,0.283,0.296,0.298,0.295,0.287,0.276,0.265,0.205
411.0,415.0,0.013,0.025,0.037,0.049,0.06,0.071,0.081,0.091,0.101,0.11,0.119,0.127,0.173,0.209,0.236,0.258,0.284,0.296,0.298,0.294,0.285,0.274,0.262,0.202
411.0,416.0,0.013,0.026,0.038,0.05,0.061,0.072,0.083,0.093,0.103,0.112,0.121,0.13,0.176,0.212,0.239,0.26,0.286,0.297,0.298,0.292,0.283,0.271,0.259,0.198
411.0,417.0,0.013,0.026,0.039,0.051,0.063,0.074,0.084,0.095,0.105,0.114,0.124,0.132,0.179,0.215,0.242,0.263,0.288,0.298,0.297,0.291,0.281,0.269,0.255,0.194
411.0,418.0,0.014,0.027,0.04,0.052,0.064,0.075,0.086,0.097,0.107,0.117,0.126,0.135,0.182,0.218,0.245,0.265,0.289,0.298,0.297,0.289,0.278,0.266,0.252,0.19
411.0,419.0,0.014,0.028,0.041,0.053,0.065,0.077,0.088,0.099,0.109,0.119,0.128,0.137,0.184,0.221,0.248,0.268,0.291,0.298,0.296,0.288,0.276,0.263,0.249,0.187
411.0,420.0,0.014,0.028,0.042,0.054,0.067,0.078,0.09,0.101,0.111,0.121,0.131,0.14,0.187,0.223,0.25,0.27,0.292,0.298,0.295,0.286,0.274,0.26,0.246,0.183
411.0,421.0,0.015,0.029,0.042,0.055,0.068,0.08,0.091,0.102,0.113,0.123,0.133,0.142,0.19,0.226,0.253,0.272,0.293,0.298,0.294,0.285,0.272,0.258,0.243,0.18
411.0,422.0,0.015,0.029,0.043,0.056,0.069,0.081,0.093,0.104,0.115,0.125,0.135,0.144,0.192,0.228,0.255,0.274,0.294,0.298,0.293,0.283,0.27,0.255,0.24,0.177
411.0,423.0,0.015,0.03,0.044,0.057,0.07,0.082,0.094,0.106,0.116,0.127,0.137,0.146,0.194,0.231,0.257,0.275,0.295,0.298,0.292,0.281,0.268,0.253,0.238,0.174
412.0,413.0,0.012,0.024,0.035,0.046,0.057,0.067,0.077,0.087,0.096,0.105,0.114,0.122,0.167,0.202,0.23,0.252,0.28,0.294,0.298,0.296,0.289,0.279,0.268,0.21
412.0,414.0,0.012,0.024,0.036,0.047,0.058,0.069,0.079,0.089,0.098,0.107,0.116,0.124,0.169,0.205,0.233,0.254,0.282,0.295,0.298,0.295,0.287,0.277,0.265,0.207
412.0,415.0,0.013,0.025,0.037,0.049,0.06,0.07,0.081,0.091,0.1,0.11,0.119,0.127,0.173,0.208,0.236,0.257,0.284,0.296,0.298,0.294,0.285,0.274,0.262,0.202
412.0,416.0,0.013,0.026,0.038,0.05,0.061,0.072,0.083,0.093,0.103,0.112,0.121,0.13,0.176,0.212,0.24,0.261,0.286,0.297,0.298,0.292,0.283,0.271,0.258,0.197
412.0,417.0,0.014,0.027,0.039,0.051,0.063,0.074,0.085,0.096,0.106,0.115,0.125,0.133,0.18,0.216,0.243,0.264,0.288,0.298,0.297,0.29,0.28,0.267,0.254,0.193
412.0,418.0,0.014,0.027,0.04,0.053,0.065,0.076,0.087,0.098,0.108,0.118,0.128,0.137,0.184,0.22,0.247,0.267,0.29,0.298,0.296,0.288,0.277,0.264,0.25,0.188
412.0,419.0,0.014,0.028,0.041,0.054,0.067,0.078,0.09,0.1,0.111,0.121,0.13,0.14,0.187,0.223,0.25,0.27,0.292,0.298,0.295,0.286,0.274,0.26,0.246,0.183
412.0,420.0,0.015,0.029,0.043,0.056,0.068,0.08,0.092,0.103,0.113,0.124,0.133,0.143,0.191,0.227,0.253,0.272,0.293,0.298,0.294,0.284,0.271,0.257,0.242,0.179
412.0,421.0,0.015,0.03,0.044,0.057,0.07,0.082,0.094,0.105,0.116,0.126,0.136,0.145,0.194,0.23,0.256,0.275,0.294,0.298,0.293,0.282,0.268,0.253,0.238,0.175
412.0,422.0,0.016,0.03,0.045,0.058,0.071,0.084,0.096,0.107,0.118,0.129,0.139,0.148,0.197,0.233,0.259,0.277,0.295,0.298,0.291,0.28,0.265,0.25,0.235,0.171
412.0,423.0,0.016,0.031,0.046,0.059,0.073,0.085,0.098,0.109,0.12,0.131,0.141,0.151,0.2,0.236,0.261,0.279,0.296,0.298,0.29,0.277,0.263,0.247,0.231,0.168
412.0,424.0,0.016,0.032,0.046,0.061,0.074,0.087,0.099,0.111,0.122,0.133,0.143,0.153,0.202,0.238,0.263,0.281,0.297,0.297,0.289,0.275,0.26,0.244,0.228,0.165
413.0,414.0,0.012,0.023,0.034,0.045,0.056,0.066,0.075,0.085,0.094,0.103,0.111,0.12,0.163,0.199,0.227,0.249,0.278,0.293,0.298,0.297,0.291,0.282,0.271,0.214
413.0,415.0,0.012,0.023,0.035,0.045,0.056,0.066,0.076,0.085,0.094,0.103,0.112,0.12,0.164,0.199,0.227,0.249,0.279,0.293,0.298,0.296,0.29,0.281,0.27,0.213
413.0,416.0,0.012,0.024,0.036,0.047,0.057,0.068,0.078,0.087,0.097,0.106,0.114,0.123,0.167,0.203,0.231,0.252,0.281,0.295,0.298,0.296,0.288,0.279,0.267,0.209
413.0,417.0,0.013,0.025,0.037,0.048,0.059,0.07,0.08,0.09,0.099,0.108,0.117,0.126,0.171,0.206,0.234,0.256,0.283,0.296,0.298,0.294,0.286,0.276,0.264,0.204
413.0,418.0,0.013,0.026,0.038,0.049,0.061,0.071,0.082,0.092,0.102,0.111,0.12,0.129,0.174,0.21,0.238,0.259,0.285,0.297,0.298,0.293,0.284,0.273,0.26,0.2
413.0,419.0,0.013,0.026,0.039,0.05,0.062,0.073,0.084,0.094,0.104,0.113,0.123,0.131,0.177,0.213,0.241,0.262,0.287,0.297,0.298,0.291,0.282,0.27,0.257,0.196
413.0,420.0,0.014,0.027,0.039,0.052,0.063,0.075,0.085,0.096,0.106,0.116,0.125,0.134,0.18,0.216,0.244,0.264,0.289,0.298,0.297,0.29,0.28,0.267,0.254,0.192
413.0,421.0,0.014,0.027,0.04,0.053,0.064,0.076,0.087,0.098,0.108,0.118,0.127,0.136,0.183,0.219,0.246,0.266,0.29,0.298,0.296,0.289,0.278,0.265,0.251,0.189
413.0,422.0,0.014,0.028,0.041,0.053,0.066,0.077,0.088,0.099,0.109,0.119,0.129,0.138,0.185,0.221,0.248,0.268,0.291,0.298,0.296,0.287,0.276,0.262,0.248,0.186
413.0,423.0,0.014,0.028,0.041,0.054,0.066,0.078,0.09,0.1,0.111,0.121,0.13,0.14,0.187,0.223,0.25,0.27,0.292,0.298,0.295,0.286,0.274,0.26,0.246,0.183
413.0,424.0,0.015,0.029,0.042,0.055,0.067,0.079,0.091,0.102,0.112,0.122,0.132,0.141,0.189,0.225,0.252,0.271,0.293,0.298,0.295,0.285,0.273,0.259,0.244,0.181
413.0,425.0,0.015,0.029,0.042,0.056,0.068,0.08,0.092,0.103,0.113,0.123,0.133,0.142,0.19,0.226,0.253,0.272,0.293,0.298,0.294,0.284,0.271,0.257,0.243,0.179
414.0,415.0,0.012,0.024,0.035,0.046,0.056,0.066,0.076,0.085,0.095,0.103,0.112,0.12,0.164,0.2,0.228,0.25,0.279,0.294,0.298,0.296,0.29,0.281,0.27,0.213
414.0,416.0,0.012,0.024,0.035,0.046,0.057,0.067,0.077,0.087,0.096,0.105,0.114,0.122,0.167,0.202,0.23,0.252,0.281,0.294,0.298,0.296,0.289,0.279,0.268,0.21
414.0,417.0,0.013,0.025,0.036,0.048,0.059,0.069,0.079,0.089,0.099,0.108,0.117,0.125,0.17,0.206,0.234,0.255,0.283,0.296,0.298,0.295,0.287,0.276,0.264,0.205
414.0,418.0,0.013,0.025,0.037,0.049,0.06,0.071,0.082,0.092,0.101,0.111,0.12,0.128,0.174,0.21,0.238,0.259,0.285,0.297,0.298,0.293,0.284,0.273,0.261,0.2
414.0,419.0,0.013,0.026,0.039,0.05,0.062,0.073,0.084,0.094,0.104,0.113,0.123,0.131,0.177,0.213,0.241,0.262,0.287,0.297,0.298,0.291,0.282,0.27,0.257,0.196
414.0,420.0,0.014,0.027,0.04,0.052,0.064,0.075,0.086,0.096,0.106,0.116,0.125,0.134,0.181,0.217,0.244,0.265,0.289,0.298,0.297,0.29,0.279,0.267,0.253,0.191
414.0,421.0,0.014,0.028,0.04,0.053,0.065,0.077,0.088,0.098,0.109,0.118,0.128,0.137,0.184,0.22,0.247,0.267,0.29,0.298,0.296,0.288,0.277,0.264,0.25,0.187
414.0,422.0,0.014,0.028,0.041,0.054,0.066,0.078,0.089,0.1,0.111,0.121,0.13,0.139,0.187,0.223,0.25,0.269,0.292,0.298,0.295,0.286,0.274,0.261,0.247,0.184
414.0,423.0,0.015,0.029,0.042,0.055,0.068,0.08,0.091,0.102,0.113,0.123,0.132,0.142,0.189,0.225,0.252,0.271,0.293,0.298,0.294,0.285,0.272,0.258,0.244,0.181
414.0,424.0,0.015,0.029,0.043,0.056,0.069,0.081,0.093,0.104,0.114,0.125,0.134,0.144,0.192,0.228,0.254,0.273,0.294,0.298,0.294,0.283,0.27,0.256,0.241,0.178
414.0,425.0,0.015,0.03,0.044,0.057,0.07,0.082,0.094,0.105,0.116,0.126,0.136,0.146,0.194,0.23,0.256,0.275,0.294,0.298,0.293,0.282,0.268,0.253,0.238,0.175
414.0,426.0,0.015,0.03,0.044,0.058,0.071,0.083,0.095,0.107,0.118,0.128,0.138,0.147,0.196,0.232,0.258,0.276,0.295,0.298,0.292,0.28,0.266,0.251,0.236,0.172
415.0,416.0,0.011,0.022,0.033,0.043,0.053,0.063,0.073,0.082,0.09,0.099,0.107,0.115,0.158,0.193,0.221,0.243,0.274,0.291,0.298,0.298,0.293,0.285,0.276,0.221
415.0,417.0,0.012,0.023,0.034,0.044,0.054,0.064,0.074,0.083,0.092,0.101,0.109,0.117,0.16,0.196,0.224,0.246,0.276,0.292,0.298,0.297,0.292,0.284,0.274,0.218
415.0,418.0,0.012,0.023,0.035,0.045,0.056,0.066,0.076,0.085,0.094,0.103,0.112,0.12,0.164,0.199,0.227,0.249,0.279,0.293,0.298,0.296,0.29,0.281,0.271,0.214
415.0,419.0,0.012,0.024,0.036,0.047,0.058,0.068,0.078,0.088,0.097,0.106,0.115,0.123,0.168,0.203,0.231,0.253,0.281,0.295,0.298,0.295,0.288,0.278,0.267,0.208
415.0,420.0,0.013,0.025,0.037,0.048,0.059,0.07,0.08,0.09,0.1,0.109,0.118,0.126,0.172,0.207,0.235,0.256,0.284,0.296,0.298,0.294,0.286,0.275,0.263,0.203
415.0,421.0,0.013,0.026,0.038,0.05,0.061,0.072,0.082,0.093,0.102,0.112,0.121,0.13,0.175,0.211,0.239,0.26,0.286,0.297,0.298,0.292,0.283,0.272,0.259,0.199
415.0,422.0,0.013,0.026,0.039,0.051,0.063,0.074,0.085,0.095,0.105,0.114,0.124,0.133,0.179,0.215,0.242,0.263,0.288,0.298,0.297,0.291,0.281,0.268,0.255,0.194
415.0,423.0,0.014,0.027,0.04,0.052,0.064,0.076,0.087,0.097,0.107,0.117,0.126,0.135,0.182,0.218,0.246,0.266,0.29,0.298,0.297,0.289,0.278,0.265,0.252,0.19
415.0,424.0,0.014,0.028,0.041,0.054,0.066,0.077,0.089,0.099,0.11,0.119,0.129,0.138,0.185,0.221,0.249,0.268,0.291,0.298,0.296,0.287,0.276,0.262,0.248,0.186
415.0,425.0,0.015,0.028,0.042,0.055,0.067,0.079,0.09,0.101,0.112,0.122,0.131,0.141,0.188,0.224,0.251,0.271,0.292,0.298,0.295,0.286,0.273,0.259,0.245,0.182
415.0,426.0,0.015,0.029,0.043,0.056,0.068,0.08,0.092,0.103,0.114,0.124,0.134,0.143,0.191,0.227,0.254,0.273,0.293,0.298,0.294,0.284,0.271,0.256,0.242,0.179
415.0,427.0,0.015,0.03,0.043,0.057,0.07,0.082,0.094,0.105,0.116,0.126,0.136,0.145,0.193,0.229,0.256,0.274,0.294,0.298,0.293,0.282,0.269,0.254,0.239,0.176
416.0,417.0,0.011,0.021,0.032,0.042,0.051,0.061,0.07,0.079,0.087,0.096,0.104,0.111,0.153,0.188,0.216,0.239,0.27,0.288,0.297,0.298,0.295,0.288,0.28,0.228
416.0,418.0,0.011,0.022,0.032,0.042,0.052,0.061,0.07,0.079,0.088,0.096,0.104,0.112,0.154,0.188,0.216,0.239,0.271,0.289,0.297,0.298,0.295,0.288,0.28,0.227
416.0,419.0,0.011,0.022,0.033,0.043,0.053,0.063,0.072,0.081,0.09,0.098,0.106,0.114,0.157,0.192,0.22,0.242,0.273,0.29,0.298,0.298,0.294,0.286,0.277,0.223
416.0,420.0,0.012,0.023,0.034,0.044,0.054,0.064,0.074,0.083,0.092,0.101,0.109,0.117,0.161,0.196,0.224,0.246,0.276,0.292,0.298,0.297,0.292,0.284,0.274,0.218
416.0,421.0,0.012,0.023,0.035,0.045,0.056,0.066,0.076,0.085,0.095,0.103,0.112,0.12,0.164,0.199,0.227,0.249,0.279,0.293,0.298,0.296,0.29,0.281,0.27,0.213
416.0,422.0,0.012,0.024,0.036,0.047,0.057,0.068,0.078,0.087,0.097,0.106,0.114,0.123,0.167,0.203,0.231,0.252,0.281,0.295,0.298,0.296,0.288,0.279,0.267,0.209
416.0,423.0,0.013,0.025,0.036,0.048,0.059,0.069,0.079,0.089,0.099,0.108,0.117,0.125,0.17,0.206,0.234,0.255,0.283,0.296,0.298,0.295,0.287,0.276,0.264,0.205
416.0,424.0,0.013,0.025,0.037,0.049,0.06,0.071,0.081,0.091,0.101,0.11,0.119,0.127,0.173,0.209,0.236,0.258,0.284,0.296,0.298,0.294,0.285,0.274,0.262,0.202
416.0,425.0,0.013,0.026,0.038,0.05,0.061,0.072,0.082,0.092,0.102,0.112,0.121,0.129,0.175,0.211,0.239,0.26,0.286,0.297,0.298,0.293,0.283,0.272,0.259,0.199
416.0,426.0,0.013,0.026,0.038,0.05,0.062,0.073,0.083,0.094,0.104,0.113,0.122,0.131,0.177,0.213,0.241,0.261,0.287,0.297,0.298,0.292,0.282,0.27,0.257,0.196
416.0,427.0,0.013,0.026,0.039,0.051,0.063,0.074,0.085,0.095,0.105,0.114,0.124,0.133,0.179,0.215,0.242,0.263,0.288,0.298,0.297,0.291,0.281,0.268,0.255,0.194
416.0,428.0,0.014,0.027,0.039,0.052,0.063,0.075,0.085,0.096,0.106,0.116,0.125,0.134,0.18,0.216,0.244,0.264,0.289,0.298,0.297,0.29,0.279,0.267,0.254,0.192
417.0,418.0,0.011,0.022,0.032,0.042,0.052,0.061,0.07,0.079,0.087,0.096,0.104,0.112,0.154,0.188,0.216,0.239,0.271,0.289,0.297,0.298,0.295,0.288,0.28,0.227
417.0,419.0,0.011,0.022,0.032,0.042,0.052,0.062,0.071,0.08,0.089,0.097,0.105,0.113,0.156,0.19,0.218,0.241,0.272,0.29,0.297,0.298,0.294,0.287,0.278,0.225
417.0,420.0,0.011,0.022,0.033,0.043,0.053,0.063,0.072,0.082,0.09,0.099,0.107,0.115,0.158,0.193,0.221,0.243,0.274,0.291,0.298,0.298,0.293,0.285,0.276,0.222
417.0,421.0,0.012,0.023,0.034,0.044,0.055,0.065,0.074,0.083,0.092,0.101,0.109,0.118,0.161,0.196,0.224,0.246,0.276,0.292,0.298,0.297,0.292,0.283,0.273,0.218
417.0,422.0,0.012,0.024,0.035,0.046,0.056,0.066,0.076,0.085,0.095,0.103,0.112,0.12,0.164,0.199,0.227,0.249,0.279,0.294,0.298,0.296,0.29,0.281,0.27,0.213
417.0,423.0,0.012,0.024,0.036,0.047,0.057,0.068,0.078,0.088,0.097,0.106,0.115,0.123,0.168,0.203,0.231,0.253,0.281,0.295,0.298,0.295,0.288,0.278,0.267,0.209
417.0,424.0,0.013,0.025,0.037,0.048,0.059,0.07,0.08,0.09,0.099,0.109,0.117,0.126,0.171,0.207,0.235,0.256,0.283,0.296,0.298,0.294,0.286,0.275,0.264,0.204
417.0,425.0,0.013,0.026,0.038,0.049,0.061,0.071,0.082,0.092,0.102,0.111,0.12,0.129,0.175,0.21,0.238,0.259,0.285,0.297,0.298,0.293,0.284,0.272,0.26,0.2
417.0,426.0,0.013,0.026,0.039,0.051,0.062,0.073,0.084,0.094,0.104,0.114,0.123,0.132,0.178,0.214,0.242,0.262,0.287,0.297,0.297,0.291,0.281,0.269,0.256,0.195
417.0,427.0,0.014,0.027,0.04,0.052,0.064,0.075,0.086,0.097,0.107,0.117,0.126,0.135,0.182,0.218,0.245,0.265,0.289,0.298,0.297,0.289,0.279,0.266,0.252,0.19
417.0,428.0,0.014,0.028,0.041,0.053,0.065,0.077,0.088,0.099,0.109,0.119,0.129,0.138,0.185,0.221,0.248,0.268,0.291,0.298,0.296,0.288,0.276,0.263,0.249,0.186
417.0,429.0,0.014,0.028,0.042,0.055,0.067,0.079,0.09,0.101,0.112,0.122,0.131,0.141,0.188,0.224,0.251,0.27,0.292,0.298,0.295,0.286,0.273,0.259,0.245,0.182
418.0,419.0,0.011,0.022,0.032,0.042,0.052,0.062,0.071,0.08,0.089,0.097,0.105,0.113,0.156,0.19,0.218,0.241,0.272,0.29,0.297,0.298,0.294,0.287,0.278,0.225
418.0,420.0,0.011,0.022,0.033,0.043,0.053,0.063,0.072,0.081,0.09,0.099,0.107,0.115,0.158,0.192,0.22,0.243,0.274,0.291,0.298,0.298,0.293,0.286,0.276,0.222
418.0,421.0,0.011,0.022,0.033,0.044,0.054,0.063,0.073,0.082,0.091,0.099,0.108,0.116,0.159,0.194,0.222,0.244,0.275,0.291,0.298,0.298,0.293,0.285,0.275,0.221
418.0,422.0,0.012,0.023,0.033,0.044,0.054,0.064,0.073,0.083,0.092,0.1,0.109,0.117,0.16,0.195,0.223,0.245,0.275,0.292,0.298,0.297,0.292,0.284,0.274,0.219
418.0,423.0,0.012,0.023,0.034,0.044,0.055,0.064,0.074,0.083,0.092,0.101,0.109,0.118,0.161,0.196,0.224,0.246,0.276,0.292,0.298,0.297,0.292,0.283,0.273,0.218
418.0,424.0,0.012,0.023,0.034,0.045,0.055,0.065,0.075,0.084,0.093,0.102,0.11,0.118,0.162,0.197,0.225,0.247,0.277,0.293,0.298,0.297,0.291,0.283,0.272,0.216
418.0,425.0,0.012,0.023,0.034,0.045,0.056,0.066,0.075,0.085,0.094,0.103,0.111,0.119,0.163,0.198,0.226,0.248,0.278,0.293,0.298,0.297,0.291,0.282,0.271,0.215
418.0,426.0,0.012,0.024,0.035,0.046,0.056,0.066,0.076,0.085,0.095,0.103,0.112,0.12,0.164,0.2,0.228,0.25,0.279,0.294,0.298,0.296,0.29,0.281,0.27,0.213
418.0,427.0,0.012,0.024,0.035,0.046,0.057,0.067,0.077,0.086,0.095,0.104,0.113,0.121,0.165,0.201,0.229,0.251,0.28,0.294,0.298,0.296,0.289,0.28,0.269,0.212
418.0,428.0,0.012,0.024,0.035,0.046,0.057,0.067,0.077,0.087,0.096,0.105,0.114,0.122,0.166,0.202,0.23,0.252,0.28,0.294,0.298,0.296,0.289,0.279,0.268,0.21
418.0,429.0,0.012,0.024,0.036,0.047,0.057,0.068,0.078,0.088,0.097,0.106,0.115,0.123,0.167,0.203,0.231,0.253,0.281,0.295,0.298,0.295,0.288,0.278,0.267,0.209
418.0,430.0,0.012,0.024,0.036,0.047,0.058,0.068,0.078,0.088,0.098,0.107,0.115,0.124,0.168,0.204,0.232,0.254,0.282,0.295,0.298,0.295,0.288,0.278,0.266,0.208
419.0,420.0,0.012,0.023,0.035,0.045,0.056,0.066,0.076,0.085,0.094,0.103,0.111,0.12,0.163,0.199,0.227,0.249,0.278,0.293,0.298,0.297,0.29,0.282,0.271,0.214
419.0,421.0,0.012,0.023,0.034,0.045,0.055,0.066,0.075,0.085,0.094,0.103,0.111,0.119,0.163,0.198,0.226,0.248,0.278,0.293,0.298,0.297,0.291,0.282,0.271,0.215
419.0,422.0,0.012,0.023,0.034,0.045,0.055,0.065,0.075,0.084,0.093,0.102,0.11,0.119,0.162,0.197,0.225,0.247,0.277,0.293,0.298,0.297,0.291,0.283,0.272,0.216
419.0,423.0,0.012,0.023,0.034,0.045,0.055,0.065,0.074,0.084,0.093,0.101,0.11,0.118,0.161,0.197,0.225,0.247,0.277,0.292,0.298,0.297,0.291,0.283,0.273,0.217
419.0,424.0,0.012,0.023,0.034,0.045,0.055,0.065,0.074,0.084,0.093,0.101,0.11,0.118,0.161,0.196,0.225,0.247,0.277,0.292,0.298,0.297,0.292,0.283,0.273,0.217
419.0,425.0,0.012,0.023,0.034,0.045,0.055,0.065,0.074,0.084,0.093,0.102,0.11,0.118,0.162,0.197,0.225,0.247,0.277,0.292,0.298,0.297,0.291,0.283,0.273,0.217
419.0,426.0,0.012,0.023,0.034,0.045,0.055,0.065,0.075,0.084,0.093,0.102,0.11,0.119,0.162,0.197,0.225,0.247,0.277,0.293,0.298,0.297,0.291,0.283,0.272,0.216
419.0,427.0,0.012,0.023,0.034,0.045,0.055,0.065,0.075,0.084,0.094,0.102,0.111,0.119,0.163,0.198,0.226,0.248,0.278,0.293,0.298,0.297,0.291,0.282,0.272,0.215
419.0,428.0,0.012,0.023,0.034,0.045,0.056,0.066,0.076,0.085,0.094,0.103,0.111,0.12,0.163,0.199,0.227,0.249,0.278,0.293,0.298,0.297,0.291,0.282,0.271,0.214
419.0,429.0,0.012,0.024,0.035,0.046,0.056,0.066,0.076,0.085,0.095,0.103,0.112,0.12,0.164,0.199,0.228,0.249,0.279,0.294,0.298,0.296,0.29,0.281,0.27,0.213
419.0,430.0,0.012,0.024,0.035,0.046,0.056,0.067,0.076,0.086,0.095,0.104,0.113,0.121,0.165,0.2,0.228,0.25,0.279,0.294,0.298,0.296,0.29,0.28,0.27,0.212
419.0,431.0,0.012,0.024,0.035,0.046,0.057,0.067,0.077,0.086,0.096,0.105,0.113,0.122,0.166,0.201,0.229,0.251,0.28,0.294,0.298,0.296,0.289,0.28,0.269,0.211
420.0,421.0,0.012,0.024,0.035,0.046,0.056,0.067,0.077,0.086,0.095,0.104,0.113,0.121,0.165,0.201,0.229,0.251,0.28,0.294,0.298,0.296,0.289,0.28,0.269,0.212
420.0,422.0,0.012,0.024,0.036,0.047,0.057,0.068,0.078,0.087,0.097,0.106,0.114,0.123,0.167,0.203,0.231,0.252,0.281,0.295,0.298,0.296,0.288,0.279,0.267,0.209
420.0,423.0,0.012,0.024,0.036,0.047,0.058,0.069,0.079,0.088,0.098,0.107,0.116,0.124,0.169,0.204,0.232,0.254,0.282,0.295,0.298,0.295,0.287,0.277,0.266,0.207
420.0,424.0,0.013,0.025,0.037,0.048,0.059,0.069,0.08,0.09,0.099,0.108,0.117,0.126,0.171,0.206,0.234,0.256,0.283,0.296,0.298,0.294,0.286,0.276,0.264,0.205
420.0,425.0,0.013,0.025,0.037,0.049,0.06,0.07,0.081,0.091,0.1,0.11,0.119,0.127,0.173,0.208,0.236,0.257,0.284,0.296,0.298,0.294,0.285,0.274,0.262,0.202
420.0,426.0,0.013,0.026,0.038,0.049,0.061,0.072,0.082,0.092,0.102,0.111,0.12,0.129,0.175,0.211,0.238,0.259,0.286,0.297,0.298,0.293,0.284,0.272,0.26,0.199
420.0,427.0,0.013,0.026,0.038,0.05,0.062,0.073,0.083,0.094,0.104,0.113,0.122,0.131,0.177,0.213,0.241,0.261,0.287,0.297,0.298,0.292,0.282,0.27,0.257,0.196
420.0,428.0,0.014,0.027,0.039,0.051,0.063,0.074,0.085,0.095,0.105,0.115,0.124,0.133,0.179,0.215,0.243,0.263,0.288,0.298,0.297,0.291,0.28,0.268,0.255,0.193
420.0,429.0,0.014,0.027,0.04,0.052,0.064,0.075,0.086,0.097,0.107,0.116,0.126,0.135,0.181,0.217,0.245,0.265,0.289,0.298,0.297,0.29,0.279,0.266,0.253,0.191
420.0,430.0,0.014,0.027,0.04,0.053,0.065,0.076,0.087,0.098,0.108,0.118,0.127,0.136,0.183,0.22,0.247,0.267,0.29,0.298,0.296,0.288,0.277,0.264,0.25,0.188
420.0,431.0,0.014,0.028,0.041,0.054,0.066,0.077,0.089,0.099,0.11,0.12,0.129,0.138,0.185,0.222,0.249,0.268,0.291,0.298,0.296,0.287,0.275,0.262,0.248,0.186
420.0,432.0,0.014,0.028,0.042,0.054,0.067,0.078,0.09,0.101,0.111,0.121,0.131,0.14,0.187,0.223,0.25,0.27,0.292,0.298,0.295,0.286,0.274,0.26,0.246,0.183
421.0,422.0,0.013,0.025,0.036,0.048,0.059,0.069,0.079,0.089,0.099,0.108,0.117,0.125,0.17,0.206,0.233,0.255,0.283,0.296,0.298,0.295,0.287,0.276,0.265,0.206
421.0,423.0,0.012,0.024,0.036,0.047,0.058,0.068,0.078,0.088,0.098,0.107,0.115,0.124,0.169,0.204,0.232,0.254,0.282,0.295,0.298,0.295,0.288,0.277,0.266,0.207
421.0,424.0,0.012,0.025,0.036,0.047,0.058,0.069,0.079,0.089,0.098,0.107,0.116,0.125,0.169,0.205,0.233,0.255,0.282,0.295,0.298,0.295,0.287,0.277,0.265,0.206
421.0,425.0,0.013,0.025,0.037,0.048,0.059,0.07,0.08,0.09,0.099,0.109,0.118,0.126,0.171,0.207,0.235,0.256,0.283,0.296,0.298,0.294,0.286,0.275,0.263,0.204
421.0,426.0,0.013,0.025,0.037,0.049,0.06,0.071,0.081,0.091,0.101,0.11,0.119,0.128,0.173,0.209,0.237,0.258,0.285,0.296,0.298,0.293,0.284,0.273,0.261,0.201
421.0,427.0,0.013,0.026,0.038,0.05,0.061,0.072,0.083,0.093,0.103,0.112,0.121,0.13,0.176,0.212,0.239,0.26,0.286,0.297,0.298,0.292,0.283,0.271,0.259,0.198
421.0,428.0,0.013,0.026,0.039,0.051,0.062,0.073,0.084,0.094,0.104,0.114,0.123,0.132,0.178,0.214,0.242,0.262,0.287,0.297,0.297,0.291,0.281,0.269,0.256,0.195
421.0,429.0,0.014,0.027,0.039,0.052,0.063,0.075,0.085,0.096,0.106,0.116,0.125,0.134,0.18,0.216,0.244,0.264,0.289,0.298,0.297,0.29,0.28,0.267,0.254,0.192
421.0,430.0,0.014,0.027,0.04,0.052,0.064,0.076,0.087,0.097,0.108,0.117,0.127,0.136,0.183,0.219,0.246,0.266,0.29,0.298,0.297,0.289,0.278,0.265,0.251,0.189
421.0,431.0,0.014,0.028,0.041,0.053,0.065,0.077,0.088,0.099,0.109,0.119,0.128,0.137,0.185,0.221,0.248,0.268,0.291,0.298,0.296,0.288,0.276,0.263,0.249,0.187
421.0,432.0,0.014,0.028,0.041,0.054,0.066,0.078,0.089,0.1,0.11,0.12,0.13,0.139,0.186,0.223,0.25,0.269,0.292,0.298,0.295,0.287,0.275,0.261,0.247,0.184
421.0,433.0,0.015,0.028,0.042,0.055,0.067,0.079,0.09,0.101,0.112,0.122,0.131,0.141,0.188,0.224,0.251,0.271,0.292,0.298,0.295,0.286,0.273,0.259,0.245,0.182
422.0,423.0,0.011,0.022,0.033,0.044,0.054,0.063,0.073,0.082,0.091,0.1,0.108,0.116,0.159,0.194,0.222,0.244,0.275,0.291,0.298,0.298,0.293,0.285,0.275,0.22
422.0,424.0,0.012,0.023,0.034,0.044,0.054,0.064,0.074,0.083,0.092,0.101,0.109,0.117,0.16,0.195,0.223,0.246,0.276,0.292,0.298,0.297,0.292,0.284,0.274,0.218
422.0,425.0,0.012,0.023,0.035,0.045,0.056,0.066,0.076,0.085,0.094,0.103,0.112,0.12,0.164,0.199,0.227,0.249,0.279,0.293,0.298,0.296,0.29,0.281,0.27,0.213
422.0,426.0,0.012,0.024,0.036,0.047,0.058,0.068,0.078,0.088,0.097,0.107,0.115,0.124,0.168,0.204,0.232,0.253,0.282,0.295,0.298,0.295,0.288,0.278,0.266,0.208
422.0,427.0,0.013,0.025,0.037,0.049,0.06,0.071,0.081,0.091,0.101,0.11,0.119,0.127,0.173,0.209,0.236,0.258,0.284,0.296,0.298,0.294,0.285,0.274,0.262,0.202
422.0,428.0,0.013,0.026,0.038,0.05,0.062,0.073,0.083,0.094,0.104,0.113,0.122,0.131,0.177,0.213,0.241,0.261,0.287,0.297,0.298,0.292,0.282,0.27,0.257,0.196
422.0,429.0,0.014,0.027,0.04,0.052,0.064,0.075,0.086,0.096,0.106,0.116,0.125,0.134,0.181,0.217,0.244,0.265,0.289,0.298,0.297,0.29,0.279,0.266,0.253,0.191
422.0,430.0,0.014,0.028,0.041,0.053,0.065,0.077,0.088,0.099,0.109,0.119,0.129,0.138,0.185,0.221,0.248,0.268,0.291,0.298,0.296,0.288,0.276,0.263,0.249,0.186
422.0,431.0,0.015,0.028,0.042,0.055,0.067,0.079,0.09,0.101,0.112,0.122,0.131,0.141,0.188,0.224,0.251,0.271,0.292,0.298,0.295,0.286,0.273,0.259,0.245,0.182
422.0,432.0,0.015,0.029,0.043,0.056,0.069,0.081,0.092,0.103,0.114,0.124,0.134,0.143,0.191,0.228,0.254,0.273,0.294,0.298,0.294,0.283,0.27,0.256,0.241,0.178
422.0,433.0,0.015,0.03,0.044,0.057,0.07,0.082,0.094,0.106,0.116,0.127,0.137,0.146,0.194,0.231,0.257,0.275,0.295,0.298,0.292,0.281,0.268,0.253,0.238,0.174
422.0,434.0,0.016,0.03,0.045,0.058,0.071,0.084,0.096,0.107,0.118,0.129,0.139,0.148,0.197,0.233,0.259,0.277,0.295,0.298,0.291,0.279,0.265,0.25,0.234,0.171
423.0,424.0,0.011,0.022,0.032,0.042,0.052,0.061,0.07,0.079,0.088,0.096,0.104,0.112,0.154,0.188,0.217,0.239,0.271,0.289,0.297,0.298,0.295,0.288,0.279,0.227
423.0,425.0,0.011,0.022,0.032,0.042,0.052,0.061,0.07,0.079,0.088,0.096,0.104,0.112,0.154,0.189,0.217,0.239,0.271,0.289,0.297,0.298,0.295,0.288,0.279,0.227
423.0,426.0,0.011,0.022,0.032,0.042,0.052,0.062,0.071,0.08,0.088,0.097,0.105,0.113,0.155,0.189,0.218,0.24,0.272,0.289,0.297,0.298,0.294,0.288,0.279,0.226
423.0,427.0,0.011,0.022,0.032,0.043,0.052,0.062,0.071,0.08,0.089,0.097,0.106,0.114,0.156,0.191,0.219,0.241,0.272,0.29,0.297,0.298,0.294,0.287,0.278,0.224
423.0,428.0,0.011,0.022,0.033,0.043,0.053,0.063,0.072,0.081,0.09,0.099,0.107,0.115,0.158,0.192,0.22,0.243,0.274,0.291,0.298,0.298,0.293,0.286,0.276,0.222
423.0,429.0,0.011,0.023,0.033,0.044,0.054,0.064,0.073,0.082,0.091,0.1,0.108,0.116,0.159,0.194,0.222,0.245,0.275,0.292,0.298,0.297,0.292,0.285,0.275,0.22
423.0,430.0,0.012,0.023,0.034,0.045,0.055,0.065,0.074,0.084,0.093,0.101,0.11,0.118,0.162,0.197,0.225,0.247,0.277,0.292,0.298,0.297,0.291,0.283,0.273,0.217
423.0,431.0,0.012,0.023,0.035,0.045,0.056,0.066,0.076,0.085,0.094,0.103,0.112,0.12,0.164,0.199,0.227,0.249,0.278,0.293,0.298,0.297,0.29,0.281,0.271,0.214
423.0,432.0,0.012,0.024,0.035,0.046,0.057,0.067,0.077,0.087,0.096,0.105,0.113,0.122,0.166,0.202,0.23,0.251,0.28,0.294,0.298,0.296,0.289,0.28,0.268,0.211
423.0,433.0,0.012,0.024,0.036,0.047,0.058,0.068,0.078,0.088,0.097,0.107,0.115,0.124,0.168,0.204,0.232,0.253,0.282,0.295,0.298,0.295,0.288,0.278,0.266,0.208
423.0,434.0,0.013,0.025,0.037,0.048,0.059,0.069,0.08,0.09,0.099,0.108,0.117,0.126,0.171,0.206,0.234,0.256,0.283,0.296,0.298,0.294,0.286,0.276,0.264,0.205
423.0,435.0,0.013,0.025,0.037,0.049,0.06,0.071,0.081,0.091,0.101,0.11,0.119,0.127,0.173,0.209,0.236,0.258,0.284,0.296,0.298,0.294,0.285,0.274,0.262,0.202
424.0,425.0,0.011,0.021,0.032,0.042,0.051,0.061,0.07,0.078,0.087,0.095,0.103,0.111,0.153,0.187,0.215,0.238,0.27,0.288,0.297,0.298,0.295,0.289,0.28,0.228
424.0,426.0,0.011,0.021,0.031,0.041,0.051,0.06,0.069,0.078,0.086,0.095,0.103,0.11,0.152,0.187,0.215,0.237,0.269,0.288,0.296,0.298,0.295,0.289,0.281,0.229
424.0,427.0,0.011,0.021,0.031,0.041,0.051,0.06,0.069,0.078,0.086,0.095,0.102,0.11,0.152,0.186,0.214,0.237,0.269,0.288,0.296,0.298,0.295,0.289,0.281,0.23
424.0,428.0,0.011,0.021,0.031,0.041,0.051,0.06,0.069,0.078,0.087,0.095,0.103,0.111,0.152,0.187,0.215,0.237,0.269,0.288,0.297,0.298,0.295,0.289,0.281,0.229
424.0,429.0,0.011,0.021,0.032,0.042,0.051,0.061,0.07,0.079,0.087,0.096,0.104,0.111,0.153,0.188,0.216,0.238,0.27,0.288,0.297,0.298,0.295,0.288,0.28,0.228
424.0,430.0,0.011,0.022,0.032,0.042,0.052,0.061,0.071,0.08,0.088,0.097,0.105,0.113,0.155,0.189,0.217,0.24,0.271,0.289,0.297,0.298,0.294,0.288,0.279,0.226
424.0,431.0,0.011,0.022,0.033,0.043,0.053,0.062,0.072,0.081,0.089,0.098,0.106,0.114,0.157,0.191,0.219,0.242,0.273,0.29,0.297,0.298,0.294,0.286,0.277,0.223
424.0,432.0,0.011,0.022,0.033,0.044,0.054,0.063,0.073,0.082,0.091,0.099,0.108,0.116,0.159,0.193,0.222,0.244,0.275,0.291,0.298,0.298,0.293,0.285,0.275,0.221
424.0,433.0,0.012,0.023,0.034,0.044,0.054,0.064,0.074,0.083,0.092,0.101,0.109,0.117,0.161,0.196,0.224,0.246,0.276,0.292,0.298,0.297,0.292,0.284,0.274,0.218
424.0,434.0,0.012,0.023,0.034,0.045,0.055,0.065,0.075,0.085,0.094,0.102,0.111,0.119,0.163,0.198,0.226,0.248,0.278,0.293,0.298,0.297,0.291,0.282,0.272,0.215
424.0,435.0,0.012,0.024,0.035,0.046,0.056,0.067,0.076,0.086,0.095,0.104,0.113,0.121,0.165,0.2,0.228,0.25,0.279,0.294,0.298,0.296,0.29,0.28,0.27,0.212
424.0,436.0,0.012,0.024,0.036,0.047,0.057,0.068,0.078,0.087,0.097,0.106,0.114,0.123,0.167,0.203,0.231,0.252,0.281,0.295,0.298,0.296,0.289,0.279,0.268,0.209
425.0,426.0,0.011,0.022,0.032,0.042,0.052,0.061,0.07,0.079,0.087,0.096,0.104,0.112,0.154,0.188,0.216,0.239,0.271,0.289,0.297,0.298,0.295,0.288,0.28,0.227
425.0,427.0,0.011,0.021,0.032,0.042,0.051,0.061,0.07,0.079,0.087,0.095,0.103,0.111,0.153,0.188,0.216,0.238,0.27,0.288,0.297,0.298,0.295,0.289,0.28,0.228
425.0,428.0,0.011,0.021,0.032,0.042,0.051,0.061,0.07,0.079,0.087,0.095,0.103,0.111,0.153,0.187,0.216,0.238,0.27,0.288,0.297,0.298,0.295,0.289,0.28,0.228
425.0,429.0,0.011,0.022,0.032,0.042,0.051,0.061,0.07,0.079,0.087,0.096,0.104,0.112,0.154,0.188,0.216,0.239,0.27,0.289,0.297,0.298,0.295,0.288,0.28,0.227
425.0,430.0,0.011,0.022,0.032,0.042,0.052,0.061,0.071,0.079,0.088,0.096,0.105,0.112,0.155,0.189,0.217,0.24,0.271,0.289,0.297,0.298,0.294,0.288,0.279,0.226
425.0,431.0,0.011,0.022,0.032,0.043,0.053,0.062,0.071,0.08,0.089,0.098,0.106,0.114,0.156,0.191,0.219,0.241,0.273,0.29,0.297,0.298,0.294,0.287,0.278,0.224
425.0,432.0,0.011,0.022,0.033,0.043,0.053,0.063,0.072,0.081,0.09,0.099,0.107,0.115,0.158,0.193,0.221,0.243,0.274,0.291,0.298,0.298,0.293,0.286,0.276,0.222
425.0,433.0,0.011,0.023,0.033,0.044,0.054,0.064,0.073,0.082,0.091,0.1,0.108,0.116,0.159,0.194,0.223,0.245,0.275,0.292,0.298,0.297,0.292,0.284,0.275,0.22
425.0,434.0,0.012,0.023,0.034,0.045,0.055,0.065,0.074,0.084,0.093,0.101,0.11,0.118,0.161,0.196,0.225,0.247,0.277,0.292,0.298,0.297,0.292,0.283,0.273,0.217
425.0,435.0,0.012,0.023,0.034,0.045,0.056,0.066,0.075,0.085,0.094,0.103,0.111,0.119,0.163,0.198,0.227,0.249,0.278,0.293,0.298,0.297,0.291,0.282,0.271,0.215
425.0,436.0,0.012,0.024,0.035,0.046,0.056,0.067,0.076,0.086,0.095,0.104,0.113,0.121,0.165,0.2,0.229,0.25,0.279,0.294,0.298,0.296,0.29,0.28,0.269,0.212
425.0,437.0,0.012,0.024,0.035,0.047,0.057,0.068,0.078,0.087,0.096,0.105,0.114,0.123,0.167,0.202,0.23,0.252,0.281,0.295,0.298,0.296,0.289,0.279,0.268,0.21
426.0,427.0,0.011,0.022,0.033,0.043,0.053,0.063,0.072,0.081,0.09,0.099,0.107,0.115,0.158,0.192,0.221,0.243,0.274,0.291,0.298,0.298,0.293,0.286,0.276,0.222
426.0,428.0,0.011,0.022,0.033,0.043,0.053,0.062,0.072,0.081,0.089,0.098,0.106,0.114,0.156,0.191,0.219,0.242,0.273,0.29,0.297,0.298,0.294,0.287,0.277,0.224
426.0,429.0,0.011,0.022,0.032,0.042,0.052,0.062,0.071,0.08,0.089,0.097,0.105,0.113,0.155,0.19,0.218,0.241,0.272,0.29,0.297,0.298,0.294,0.287,0.278,0.225
426.0,430.0,0.011,0.022,0.032,0.042,0.052,0.061,0.071,0.08,0.088,0.097,0.105,0.113,0.155,0.189,0.217,0.24,0.271,0.289,0.297,0.298,0.294,0.288,0.279,0.226
426.0,431.0,0.011,0.022,0.032,0.042,0.052,0.061,0.07,0.079,0.088,0.096,0.104,0.112,0.154,0.189,0.217,0.24,0.271,0.289,0.297,0.298,0.295,0.288,0.279,0.226
426.0,432.0,0.011,0.022,0.032,0.042,0.052,0.061,0.07,0.079,0.088,0.096,0.104,0.112,0.154,0.189,0.217,0.24,0.271,0.289,0.297,0.298,0.295,0.288,0.279,0.226
426.0,433.0,0.011,0.022,0.032,0.042,0.052,0.061,0.071,0.079,0.088,0.096,0.104,0.112,0.154,0.189,0.217,0.24,0.271,0.289,0.297,0.298,0.295,0.288,0.279,0.226
426.0,434.0,0.011,0.022,0.032,0.042,0.052,0.061,0.071,0.08,0.088,0.097,0.105,0.113,0.155,0.189,0.217,0.24,0.271,0.289,0.297,0.298,0.294,0.288,0.279,0.226
426.0,435.0,0.011,0.022,0.032,0.042,0.052,0.062,0.071,0.08,0.088,0.097,0.105,0.113,0.155,0.19,0.218,0.24,0.272,0.289,0.297,0.298,0.294,0.287,0.278,0.226
426.0,436.0,0.011,0.022,0.032,0.042,0.052,0.062,0.071,0.08,0.089,0.097,0.105,0.113,0.155,0.19,0.218,0.241,0.272,0.29,0.297,0.298,0.294,0.287,0.278,0.225
426.0,437.0,0.011,0.022,0.032,0.043,0.052,0.062,0.071,0.08,0.089,0.097,0.105,0.113,0.156,0.19,0.218,0.241,0.272,0.29,0.297,0.298,0.294,0.287,0.278,0.225
426.0,438.0,0.011,0.022,0.032,0.043,0.053,0.062,0.071,0.08,0.089,0.097,0.106,0.114,0.156,0.191,0.219,0.241,0.272,0.29,0.297,0.298,0.294,0.287,0.278,0.224
427.0,428.0,0.011,0.022,0.033,0.043,0.053,0.063,0.072,0.081,0.09,0.098,0.106,0.114,0.157,0.192,0.22,0.242,0.273,0.29,0.298,0.298,0.294,0.286,0.277,0.223
427.0,429.0,0.011,0.022,0.032,0.042,0.052,0.061,0.071,0.079,0.088,0.096,0.105,0.112,0.155,0.189,0.217,0.24,0.271,0.289,0.297,0.298,0.294,0.288,0.279,0.226
427.0,430.0,0.011,0.021,0.032,0.042,0.051,0.061,0.07,0.078,0.087,0.095,0.103,0.111,0.153,0.187,0.215,0.238,0.27,0.288,0.297,0.298,0.295,0.289,0.28,0.229
427.0,431.0,0.011,0.021,0.031,0.041,0.051,0.06,0.069,0.078,0.086,0.094,0.102,0.11,0.152,0.186,0.214,0.236,0.269,0.287,0.296,0.298,0.296,0.29,0.281,0.23
427.0,432.0,0.011,0.021,0.031,0.041,0.05,0.059,0.068,0.077,0.085,0.094,0.102,0.109,0.151,0.185,0.213,0.236,0.268,0.287,0.296,0.298,0.296,0.29,0.282,0.231
427.0,433.0,0.011,0.021,0.031,0.041,0.05,0.059,0.068,0.077,0.085,0.093,0.101,0.109,0.15,0.184,0.212,0.235,0.267,0.287,0.296,0.298,0.296,0.29,0.282,0.232
427.0,434.0,0.011,0.021,0.031,0.041,0.05,0.059,0.068,0.077,0.085,0.093,0.101,0.109,0.15,0.184,0.212,0.235,0.267,0.286,0.296,0.298,0.296,0.29,0.283,0.232
427.0,435.0,0.011,0.021,0.031,0.04,0.05,0.059,0.068,0.077,0.085,0.093,0.101,0.109,0.15,0.184,0.212,0.235,0.267,0.286,0.296,0.298,0.296,0.291,0.283,0.233
427.0,436.0,0.011,0.021,0.031,0.04,0.05,0.059,0.068,0.076,0.085,0.093,0.101,0.108,0.15,0.184,0.212,0.235,0.267,0.286,0.296,0.298,0.296,0.291,0.283,0.233
427.0,437.0,0.011,0.021,0.031,0.04,0.05,0.059,0.068,0.077,0.085,0.093,0.101,0.109,0.15,0.184,0.212,0.235,0.267,0.286,0.296,0.298,0.296,0.291,0.283,0.233
427.0,438.0,0.011,0.021,0.031,0.04,0.05,0.059,0.068,0.077,0.085,0.093,0.101,0.109,0.15,0.184,0.212,0.235,0.267,0.286,0.296,0.298,0.296,0.291,0.283,0.233
427.0,439.0,0.011,0.021,0.031,0.041,0.05,0.059,0.068,0.077,0.085,0.093,0.101,0.109,0.15,0.184,0.212,0.235,0.267,0.286,0.296,0.298,0.296,0.291,0.283,0.233
428.0,429.0,0.011,0.022,0.033,0.043,0.053,0.062,0.072,0.081,0.09,0.098,0.106,0.114,0.157,0.192,0.22,0.242,0.273,0.29,0.298,0.298,0.294,0.286,0.277,0.223
428.0,430.0,0.011,0.022,0.033,0.043,0.053,0.063,0.072,0.081,0.09,0.099,0.107,0.115,0.157,0.192,0.22,0.243,0.274,0.291,0.298,0.298,0.293,0.286,0.276,0.222
428.0,431.0,0.011,0.022,0.033,0.043,0.053,0.063,0.072,0.081,0.09,0.098,0.107,0.115,0.157,0.192,0.22,0.243,0.274,0.291,0.298,0.298,0.293,0.286,0.277,0.222
428.0,432.0,0.011,0.022,0.033,0.043,0.053,0.063,0.072,0.081,0.09,0.098,0.106,0.114,0.157,0.192,0.22,0.242,0.273,0.29,0.298,0.298,0.294,0.286,0.277,0.223
428.0,433.0,0.011,0.022,0.033,0.043,0.053,0.063,0.072,0.081,0.09,0.098,0.106,0.114,0.157,0.192,0.22,0.242,0.273,0.29,0.298,0.298,0.294,0.286,0.277,0.223
428.0,434.0,0.011,0.022,0.033,0.043,0.053,0.062,0.072,0.081,0.09,0.098,0.106,0.114,0.157,0.192,0.22,0.242,0.273,0.29,0.298,0.298,0.294,0.286,0.277,0.223
428.0,435.0,0.011,0.022,0.033,0.043,0.053,0.062,0.072,0.081,0.09,0.098,0.106,0.114,0.157,0.192,0.22,0.242,0.273,0.29,0.298,0.298,0.294,0.286,0.277,0.223
428.0,436.0,0.011,0.022,0.033,0.043,0.053,0.062,0.072,0.081,0.09,0.098,0.106,0.114,0.157,0.192,0.22,0.242,0.273,0.29,0.298,0.298,0.294,0.286,0.277,0.223
428.0,437.0,0.011,0.022,0.033,0.043,0.053,0.062,0.072,0.081,0.09,0.098,0.106,0.114,0.157,0.192,0.22,0.242,0.273,0.29,0.298,0.298,0.294,0.286,0.277,0.223
428.0,438.0,0.011,0.022,0.033,0.043,0.053,0.062,0.072,0.081,0.09,0.098,0.106,0.114,0.157,0.192,0.22,0.242,0.273,0.29,0.298,0.298,0.294,0.286,0.277,0.223
428.0,439.0,0.011,0.022,0.033,0.043,0.053,0.063,0.072,0.081,0.09,0.098,0.106,0.114,0.157,0.192,0.22,0.242,0.273,0.29,0.298,0.298,0.294,0.286,0.277,0.223
428.0,440.0,0.011,0.022,0.033,0.043,0.053,0.063,0.072,0.081,0.09,0.098,0.106,0.114,0.157,0.192,0.22,0.242,0.273,0.29,0.298,0.298,0.294,0.286,0.277,0.223
429.0,430.0,0.011,0.022,0.032,0.043,0.052,0.062,0.071,0.08,0.089,0.097,0.105,0.113,0.156,0.19,0.219,0.241,0.272,0.29,0.297,0.298,0.294,0.287,0.278,0.225
429.0,431.0,0.011,0.022,0.032,0.043,0.052,0.062,0.071,0.08,0.089,0.097,0.105,0.113,0.156,0.19,0.218,0.241,0.272,0.29,0.297,0.298,0.294,0.287,0.278,0.225
429.0,432.0,0.011,0.022,0.032,0.042,0.052,0.062,0.071,0.08,0.089,0.097,0.105,0.113,0.155,0.19,0.218,0.241,0.272,0.29,0.297,0.298,0.294,0.287,0.278,0.225
429.0,433.0,0.011,0.022,0.032,0.042,0.052,0.062,0.071,0.08,0.089,0.097,0.105,0.113,0.155,0.19,0.218,0.24,0.272,0.289,0.297,0.298,0.294,0.287,0.278,0.225
429.0,434.0,0.011,0.022,0.032,0.042,0.052,0.062,0.071,0.08,0.089,0.097,0.105,0.113,0.155,0.19,0.218,0.24,0.272,0.289,0.297,0.298,0.294,0.287,0.278,0.225
429.0,435.0,0.011,0.022,0.032,0.042,0.052,0.062,0.071,0.08,0.089,0.097,0.105,0.113,0.155,0.19,0.218,0.241,0.272,0.289,0.297,0.298,0.294,0.287,0.278,0.225
429.0,436.0,0.011,0.022,0.032,0.042,0.052,0.062,0.071,0.08,0.089,0.097,0.105,0.113,0.155,0.19,0.218,0.241,0.272,0.29,0.297,0.298,0.294,0.287,0.278,0.225
429.0,437.0,0.011,0.022,0.032,0.043,0.052,0.062,0.071,0.08,0.089,0.097,0.105,0.113,0.156,0.19,0.218,0.241,0.272,0.29,0.297,0.298,0.294,0.287,0.278,0.225
429.0,438.0,0.011,0.022,0.032,0.043,0.052,0.062,0.071,0.08,0.089,0.097,0.106,0.113,0.156,0.191,0.219,0.241,0.272,0.29,0.297,0.298,0.294,0.287,0.278,0.224
429.0,439.0,0.011,0.022,0.032,0.043,0.053,0.062,0.071,0.08,0.089,0.097,0.106,0.114,0.156,0.191,0.219,0.241,0.272,0.29,0.297,0.298,0.294,0.287,0.278,0.224
429.0,440.0,0.011,0.022,0.033,0.043,0.053,0.062,0.071,0.08,0.089,0.098,0.106,0.114,0.156,0.191,0.219,0.241,0.273,0.29,0.297,0.298,0.294,0.287,0.277,0.224
429.0,441.0,0.011,0.022,0.033,0.043,0.053,0.062,0.072,0.081,0.089,0.098,0.106,0.114,0.156,0.191,0.219,0.242,0.273,0.29,0.297,0.298,0.294,0.287,0.277,0.224
430.0,431.0,0.012,0.023,0.035,0.045,0.056,0.066,0.076,0.085,0.094,0.103,0.112,0.12,0.164,0.199,0.227,0.249,0.279,0.293,0.298,0.296,0.29,0.281,0.271,0.214
430.0,432.0,0.012,0.023,0.035,0.045,0.056,0.066,0.076,0.085,0.094,0.103,0.112,0.12,0.164,0.199,0.227,0.249,0.278,0.293,0.298,0.297,0.29,0.281,0.271,0.214
430.0,433.0,0.012,0.023,0.034,0.045,0.055,0.065,0.075,0.085,0.094,0.102,0.111,0.119,0.163,0.198,0.226,0.248,0.278,0.293,0.298,0.297,0.291,0.282,0.272,0.215
430.0,434.0,0.012,0.023,0.034,0.045,0.055,0.065,0.075,0.084,0.093,0.102,0.11,0.118,0.162,0.197,0.225,0.247,0.277,0.293,0.298,0.297,0.291,0.283,0.273,0.216
430.0,435.0,0.012,0.023,0.034,0.044,0.055,0.065,0.074,0.083,0.092,0.101,0.11,0.118,0.161,0.196,0.224,0.246,0.276,0.292,0.298,0.297,0.292,0.283,0.273,0.217
430.0,436.0,0.012,0.023,0.034,0.044,0.054,0.064,0.074,0.083,0.092,0.101,0.109,0.117,0.161,0.196,0.224,0.246,0.276,0.292,0.298,0.297,0.292,0.284,0.274,0.218
430.0,437.0,0.012,0.023,0.034,0.044,0.054,0.064,0.074,0.083,0.092,0.101,0.109,0.117,0.16,0.195,0.223,0.246,0.276,0.292,0.298,0.297,0.292,0.284,0.274,0.219
430.0,438.0,0.012,0.023,0.034,0.044,0.054,0.064,0.074,0.083,0.092,0.1,0.109,0.117,0.16,0.195,0.223,0.245,0.276,0.292,0.298,0.297,0.292,0.284,0.274,0.219
430.0,439.0,0.012,0.023,0.033,0.044,0.054,0.064,0.073,0.083,0.092,0.1,0.109,0.117,0.16,0.195,0.223,0.245,0.275,0.292,0.298,0.297,0.292,0.284,0.274,0.219
430.0,440.0,0.012,0.023,0.033,0.044,0.054,0.064,0.073,0.083,0.092,0.1,0.108,0.117,0.16,0.195,0.223,0.245,0.275,0.292,0.298,0.297,0.292,0.284,0.274,0.219
430.0,441.0,0.011,0.023,0.033,0.044,0.054,0.064,0.073,0.083,0.091,0.1,0.108,0.116,0.16,0.195,0.223,0.245,0.275,0.292,0.298,0.297,0.292,0.284,0.275,0.219
430.0,442.0,0.011,0.023,0.033,0.044,0.054,0.064,0.073,0.082,0.091,0.1,0.108,0.116,0.159,0.194,0.223,0.245,0.275,0.292,0.298,0.297,0.292,0.284,0.275,0.22
431.0,432.0,0.012,0.024,0.035,0.046,0.056,0.067,0.077,0.086,0.095,0.104,0.113,0.121,0.165,0.201,0.229,0.251,0.28,0.294,0.298,0.296,0.289,0.28,0.269,0.212
431.0,433.0,0.012,0.024,0.035,0.046,0.057,0.067,0.077,0.086,0.096,0.105,0.113,0.122,0.166,0.201,0.229,0.251,0.28,0.294,0.298,0.296,0.289,0.28,0.269,0.211
431.0,434.0,0.012,0.024,0.035,0.046,0.057,0.067,0.077,0.087,0.096,0.105,0.114,0.122,0.166,0.202,0.23,0.252,0.28,0.294,0.298,0.296,0.289,0.279,0.268,0.21
431.0,435.0,0.012,0.024,0.036,0.047,0.057,0.068,0.078,0.088,0.097,0.106,0.115,0.123,0.167,0.203,0.231,0.253,0.281,0.295,0.298,0.295,0.288,0.278,0.267,0.209
431.0,436.0,0.012,0.024,0.036,0.047,0.058,0.068,0.079,0.088,0.098,0.107,0.116,0.124,0.169,0.204,0.232,0.254,0.282,0.295,0.298,0.295,0.288,0.277,0.266,0.207
431.0,437.0,0.013,0.025,0.036,0.048,0.059,0.069,0.079,0.089,0.099,0.108,0.117,0.125,0.17,0.206,0.234,0.255,0.283,0.296,0.298,0.295,0.287,0.276,0.264,0.205
431.0,438.0,0.013,0.025,0.037,0.048,0.059,0.07,0.08,0.09,0.1,0.109,0.118,0.126,0.172,0.207,0.235,0.256,0.284,0.296,0.298,0.294,0.286,0.275,0.263,0.203
431.0,439.0,0.013,0.025,0.037,0.049,0.06,0.071,0.081,0.091,0.101,0.11,0.119,0.128,0.173,0.209,0.237,0.258,0.285,0.296,0.298,0.293,0.285,0.274,0.261,0.202
431.0,440.0,0.013,0.026,0.038,0.049,0.061,0.071,0.082,0.092,0.102,0.111,0.12,0.129,0.174,0.21,0.238,0.259,0.285,0.297,0.298,0.293,0.284,0.272,0.26,0.2
431.0,441.0,0.013,0.026,0.038,0.05,0.061,0.072,0.083,0.093,0.103,0.112,0.121,0.13,0.176,0.212,0.24,0.26,0.286,0.297,0.298,0.292,0.283,0.271,0.258,0.198
431.0,442.0,0.013,0.026,0.038,0.05,0.062,0.073,0.084,0.094,0.104,0.113,0.122,0.131,0.177,0.213,0.241,0.262,0.287,0.297,0.298,0.292,0.282,0.27,0.257,0.196
431.0,443.0,0.013,0.026,0.039,0.051,0.063,0.074,0.084,0.095,0.105,0.114,0.124,0.132,0.179,0.215,0.242,0.263,0.288,0.298,0.297,0.291,0.281,0.269,0.256,0.194
432.0,433.0,0.012,0.024,0.035,0.046,0.057,0.067,0.077,0.087,0.096,0.105,0.113,0.122,0.166,0.202,0.23,0.251,0.28,0.294,0.298,0.296,0.289,0.28,0.268,0.211
432.0,434.0,0.012,0.024,0.035,0.046,0.057,0.067,0.077,0.086,0.096,0.105,0.113,0.122,0.166,0.201,0.229,0.251,0.28,0.294,0.298,0.296,0.289,0.28,0.269,0.211
432.0,435.0,0.012,0.024,0.035,0.046,0.056,0.067,0.076,0.086,0.095,0.104,0.113,0.121,0.165,0.2,0.228,0.25,0.279,0.294,0.298,0.296,0.29,0.28,0.269,0.212
432.0,436.0,0.012,0.024,0.035,0.046,0.056,0.066,0.076,0.086,0.095,0.104,0.112,0.12,0.164,0.2,0.228,0.25,0.279,0.294,0.298,0.296,0.29,0.281,0.27,0.213
432.0,437.0,0.012,0.023,0.035,0.045,0.056,0.066,0.076,0.085,0.094,0.103,0.112,0.12,0.164,0.199,0.227,0.249,0.279,0.293,0.298,0.296,0.29,0.281,0.27,0.214
432.0,438.0,0.012,0.023,0.035,0.045,0.056,0.066,0.076,0.085,0.094,0.103,0.112,0.12,0.164,0.199,0.227,0.249,0.278,0.293,0.298,0.297,0.29,0.281,0.271,0.214
432.0,439.0,0.012,0.023,0.035,0.045,0.056,0.066,0.076,0.085,0.094,0.103,0.111,0.12,0.163,0.199,0.227,0.249,0.278,0.293,0.298,0.297,0.29,0.282,0.271,0.214
432.0,440.0,0.012,0.023,0.034,0.045,0.056,0.066,0.075,0.085,0.094,0.103,0.111,0.12,0.163,0.199,0.227,0.249,0.278,0.293,0.298,0.297,0.291,0.282,0.271,0.214
432.0,441.0,0.012,0.023,0.034,0.045,0.056,0.066,0.075,0.085,0.094,0.103,0.111,0.12,0.163,0.199,0.227,0.249,0.278,0.293,0.298,0.297,0.291,0.282,0.271,0.214
432.0,442.0,0.012,0.023,0.034,0.045,0.056,0.066,0.075,0.085,0.094,0.103,0.111,0.119,0.163,0.198,0.227,0.249,0.278,0.293,0.298,0.297,0.291,0.282,0.271,0.215
432.0,443.0,0.012,0.023,0.034,0.045,0.056,0.066,0.075,0.085,0.094,0.103,0.111,0.119,0.163,0.198,0.227,0.249,0.278,0.293,0.298,0.297,0.291,0.282,0.271,0.215
432.0,444.0,0.012,0.023,0.034,0.045,0.056,0.066,0.075,0.085,0.094,0.103,0.111,0.119,0.163,0.198,0.226,0.248,0.278,0.293,0.298,0.297,0.291,0.282,0.271,0.215
433.0,434.0,0.012,0.024,0.036,0.047,0.058,0.068,0.078,0.088,0.098,0.107,0.115,0.124,0.168,0.204,0.232,0.254,0.282,0.295,0.298,0.295,0.288,0.278,0.266,0.208
433.0,435.0,0.013,0.025,0.036,0.048,0.058,0.069,0.079,0.089,0.098,0.108,0.116,0.125,0.17,0.205,0.233,0.255,0.283,0.295,0.298,0.295,0.287,0.277,0.265,0.206
433.0,436.0,0.013,0.025,0.036,0.048,0.059,0.069,0.08,0.089,0.099,0.108,0.117,0.125,0.17,0.206,0.234,0.255,0.283,0.296,0.298,0.294,0.286,0.276,0.264,0.205
433.0,437.0,0.013,0.025,0.037,0.048,0.059,0.07,0.08,0.09,0.099,0.108,0.117,0.126,0.171,0.207,0.234,0.256,0.283,0.296,0.298,0.294,0.286,0.276,0.264,0.204
433.0,438.0,0.013,0.025,0.037,0.048,0.059,0.07,0.08,0.09,0.1,0.109,0.118,0.126,0.171,0.207,0.235,0.256,0.284,0.296,0.298,0.294,0.286,0.275,0.263,0.204
433.0,439.0,0.013,0.025,0.037,0.048,0.059,0.07,0.08,0.09,0.1,0.109,0.118,0.127,0.172,0.208,0.236,0.257,0.284,0.296,0.298,0.294,0.285,0.275,0.263,0.203
433.0,440.0,0.013,0.025,0.037,0.049,0.06,0.07,0.081,0.091,0.1,0.11,0.119,0.127,0.172,0.208,0.236,0.257,0.284,0.296,0.298,0.294,0.285,0.274,0.262,0.202
433.0,441.0,0.013,0.025,0.037,0.049,0.06,0.071,0.081,0.091,0.101,0.11,0.119,0.128,0.173,0.209,0.237,0.258,0.285,0.296,0.298,0.293,0.285,0.274,0.262,0.202
433.0,442.0,0.013,0.025,0.037,0.049,0.06,0.071,0.081,0.091,0.101,0.11,0.119,0.128,0.173,0.209,0.237,0.258,0.285,0.296,0.298,0.293,0.285,0.273,0.261,0.201
433.0,443.0,0.013,0.025,0.037,0.049,0.06,0.071,0.082,0.092,0.101,0.111,0.12,0.128,0.174,0.21,0.237,0.259,0.285,0.297,0.298,0.293,0.284,0.273,0.261,0.2
433.0,444.0,0.013,0.025,0.038,0.049,0.06,0.071,0.082,0.092,0.102,0.111,0.12,0.129,0.174,0.21,0.238,0.259,0.285,0.297,0.298,0.293,0.284,0.273,0.26,0.2
433.0,445.0,0.013,0.026,0.038,0.049,0.061,0.071,0.082,0.092,0.102,0.111,0.12,0.129,0.175,0.21,0.238,0.259,0.285,0.297,0.298,0.293,0.284,0.272,0.26,0.2
434.0,435.0,0.013,0.026,0.039,0.051,0.063,0.074,0.085,0.095,0.105,0.114,0.124,0.133,0.179,0.215,0.242,0.263,0.288,0.298,0.297,0.291,0.281,0.268,0.255,0.194
434.0,436.0,0.014,0.027,0.04,0.052,0.064,0.075,0.086,0.096,0.107,0.116,0.126,0.135,0.181,0.217,0.245,0.265,0.289,0.298,0.297,0.29,0.279,0.266,0.253,0.191
434.0,437.0,0.014,0.027,0.04,0.052,0.064,0.075,0.086,0.097,0.107,0.116,0.126,0.135,0.181,0.217,0.245,0.265,0.289,0.298,0.297,0.29,0.279,0.266,0.253,0.191
434.0,438.0,0.014,0.027,0.04,0.052,0.064,0.075,0.086,0.096,0.107,0.116,0.126,0.134,0.181,0.217,0.245,0.265,0.289,0.298,0.297,0.29,0.279,0.266,0.253,0.191
434.0,439.0,0.014,0.027,0.04,0.052,0.064,0.075,0.086,0.096,0.106,0.116,0.125,0.134,0.181,0.217,0.244,0.265,0.289,0.298,0.297,0.29,0.279,0.267,0.253,0.191
434.0,440.0,0.014,0.027,0.039,0.052,0.063,0.075,0.086,0.096,0.106,0.116,0.125,0.134,0.181,0.217,0.244,0.264,0.289,0.298,0.297,0.29,0.279,0.267,0.253,0.192
434.0,441.0,0.014,0.027,0.039,0.052,0.063,0.075,0.085,0.096,0.106,0.116,0.125,0.134,0.18,0.216,0.244,0.264,0.289,0.298,0.297,0.29,0.279,0.267,0.254,0.192
434.0,442.0,0.014,0.027,0.039,0.052,0.063,0.075,0.085,0.096,0.106,0.116,0.125,0.134,0.18,0.216,0.244,0.264,0.289,0.298,0.297,0.29,0.28,0.267,0.254,0.192
434.0,443.0,0.014,0.027,0.039,0.052,0.063,0.075,0.085,0.096,0.106,0.116,0.125,0.134,0.18,0.216,0.244,0.264,0.289,0.298,0.297,0.29,0.28,0.267,0.254,0.192
434.0,444.0,0.014,0.027,0.039,0.052,0.063,0.075,0.085,0.096,0.106,0.116,0.125,0.134,0.18,0.216,0.244,0.264,0.289,0.298,0.297,0.29,0.28,0.267,0.254,0.192
434.0,445.0,0.014,0.027,0.039,0.052,0.063,0.075,0.085,0.096,0.106,0.115,0.125,0.134,0.18,0.216,0.244,0.264,0.289,0.298,0.297,0.29,0.28,0.267,0.254,0.192
434.0,446.0,0.014,0.027,0.039,0.052,0.063,0.075,0.085,0.096,0.106,0.115,0.125,0.134,0.18,0.216,0.244,0.264,0.289,0.298,0.297,0.29,0.28,0.267,0.254,0.192
435.0,436.0,0.014,0.028,0.041,0.053,0.066,0.077,0.088,0.099,0.109,0.119,0.129,0.138,0.185,0.221,0.248,0.268,0.291,0.298,0.296,0.287,0.276,0.262,0.248,0.186
435.0,437.0,0.015,0.029,0.042,0.055,0.067,0.079,0.091,0.101,0.112,0.122,0.132,0.141,0.189,0.225,0.252,0.271,0.292,0.298,0.295,0.285,0.273,0.259,0.244,0.182
435.0,438.0,0.015,0.029,0.042,0.055,0.068,0.08,0.091,0.103,0.113,0.123,0.133,0.142,0.19,0.226,0.253,0.272,0.293,0.298,0.294,0.284,0.271,0.257,0.243,0.18
435.0,439.0,0.015,0.029,0.043,0.056,0.068,0.08,0.092,0.103,0.114,0.124,0.134,0.143,0.191,0.227,0.254,0.273,0.293,0.298,0.294,0.284,0.271,0.256,0.242,0.179
435.0,440.0,0.015,0.029,0.043,0.056,0.069,0.081,0.092,0.104,0.114,0.124,0.134,0.143,0.192,0.228,0.254,0.273,0.294,0.298,0.294,0.283,0.27,0.256,0.241,0.178
435.0,441.0,0.015,0.029,0.043,0.056,0.069,0.081,0.093,0.104,0.115,0.125,0.135,0.144,0.192,0.228,0.255,0.274,0.294,0.298,0.293,0.283,0.27,0.255,0.24,0.177
435.0,442.0,0.015,0.029,0.043,0.057,0.069,0.082,0.093,0.104,0.115,0.125,0.135,0.145,0.193,0.229,0.255,0.274,0.294,0.298,0.293,0.282,0.269,0.254,0.239,0.176
435.0,443.0,0.015,0.03,0.044,0.057,0.07,0.082,0.094,0.105,0.116,0.126,0.136,0.145,0.194,0.23,0.256,0.275,0.294,0.298,0.293,0.282,0.268,0.254,0.239,0.175
435.0,444.0,0.015,0.03,0.044,0.057,0.07,0.082,0.094,0.105,0.116,0.127,0.136,0.146,0.194,0.23,0.257,0.275,0.295,0.298,0.293,0.281,0.268,0.253,0.238,0.174
435.0,445.0,0.015,0.03,0.044,0.058,0.07,0.083,0.095,0.106,0.117,0.127,0.137,0.147,0.195,0.231,0.257,0.276,0.295,0.298,0.292,0.281,0.267,0.252,0.237,0.174
435.0,446.0,0.015,0.03,0.044,0.058,0.071,0.083,0.095,0.106,0.117,0.128,0.138,0.147,0.196,0.232,0.258,0.276,0.295,0.298,0.292,0.28,0.266,0.251,0.236,0.173
435.0,447.0,0.015,0.03,0.045,0.058,0.071,0.084,0.096,0.107,0.118,0.128,0.138,0.148,0.196,0.233,0.259,0.277,0.295,0.298,0.292,0.28,0.266,0.25,0.235,0.172
436.0,437.0,0.014,0.027,0.04,0.053,0.065,0.076,0.087,0.098,0.108,0.118,0.127,0.136,0.183,0.219,0.246,0.266,0.29,0.298,0.296,0.289,0.278,0.265,0.251,0.189
436.0,438.0,0.014,0.027,0.04,0.053,0.065,0.076,0.087,0.098,0.108,0.118,0.127,0.136,0.183,0.219,0.246,0.266,0.29,0.298,0.296,0.289,0.278,0.265,0.251,0.189
436.0,439.0,0.014,0.027,0.04,0.053,0.065,0.076,0.087,0.098,0.108,0.118,0.127,0.136,0.183,0.22,0.247,0.267,0.29,0.298,0.296,0.288,0.277,0.264,0.25,0.188
436.0,440.0,0.014,0.028,0.041,0.053,0.065,0.077,0.088,0.099,0.109,0.119,0.128,0.137,0.184,0.22,0.248,0.267,0.291,0.298,0.296,0.288,0.276,0.263,0.249,0.187
436.0,441.0,0.014,0.028,0.041,0.054,0.066,0.077,0.088,0.099,0.11,0.119,0.129,0.138,0.185,0.221,0.248,0.268,0.291,0.298,0.296,0.287,0.276,0.262,0.248,0.186
436.0,442.0,0.014,0.028,0.041,0.054,0.066,0.078,0.089,0.1,0.11,0.12,0.13,0.139,0.186,0.223,0.25,0.269,0.292,0.298,0.295,0.287,0.275,0.261,0.247,0.184
436.0,443.0,0.014,0.028,0.042,0.054,0.067,0.079,0.09,0.101,0.111,0.121,0.131,0.14,0.188,0.224,0.251,0.27,0.292,0.298,0.295,0.286,0.274,0.26,0.246,0.183
436.0,444.0,0.015,0.029,0.042,0.055,0.067,0.079,0.091,0.102,0.112,0.122,0.132,0.141,0.189,0.225,0.252,0.271,0.293,0.298,0.295,0.285,0.273,0.259,0.244,0.181
436.0,445.0,0.015,0.029,0.042,0.055,0.068,0.08,0.091,0.102,0.113,0.123,0.133,0.142,0.19,0.226,0.253,0.272,0.293,0.298,0.294,0.284,0.272,0.257,0.243,0.18
436.0,446.0,0.015,0.029,0.043,0.056,0.068,0.081,0.092,0.103,0.114,0.124,0.134,0.143,0.191,0.227,0.254,0.273,0.293,0.298,0.294,0.284,0.271,0.256,0.241,0.178
436.0,447.0,0.015,0.029,0.043,0.056,0.069,0.081,0.093,0.104,0.115,0.125,0.135,0.144,0.192,0.228,0.255,0.274,0.294,0.298,0.293,0.283,0.27,0.255,0.24,0.177
436.0,448.0,0.015,0.03,0.043,0.057,0.07,0.082,0.094,0.105,0.116,0.126,0.136,0.145,0.193,0.229,0.256,0.274,0.294,0.298,0.293,0.282,0.269,0.254,0.239,0.176
437.0,438.0,0.014,0.028,0.042,0.054,0.067,0.079,0.09,0.101,0.111,0.121,0.131,0.14,0.188,0.224,0.251,0.27,0.292,0.298,0.295,0.286,0.274,0.26,0.246,0.183
437.0,439.0,0.014,0.028,0.041,0.054,0.066,0.078,0.09,0.1,0.111,0.121,0.13,0.14,0.187,0.223,0.25,0.27,0.292,0.298,0.295,0.286,0.274,0.26,0.246,0.184
437.0,440.0,0.014,0.028,0.041,0.054,0.066,0.078,0.089,0.1,0.11,0.12,0.13,0.139,0.187,0.223,0.25,0.269,0.292,0.298,0.295,0.287,0.275,0.261,0.247,0.184
437.0,441.0,0.014,0.028,0.041,0.054,0.066,0.078,0.089,0.1,0.11,0.12,0.13,0.139,0.186,0.222,0.249,0.269,0.291,0.298,0.295,0.287,0.275,0.261,0.247,0.184
437.0,442.0,0.014,0.028,0.041,0.054,0.066,0.078,0.089,0.1,0.11,0.12,0.13,0.139,0.186,0.222,0.249,0.269,0.291,0.298,0.296,0.287,0.275,0.261,0.247,0.185
437.0,443.0,0.014,0.028,0.041,0.054,0.066,0.078,0.089,0.1,0.11,0.12,0.129,0.139,0.186,0.222,0.249,0.269,0.291,0.298,0.296,0.287,0.275,0.262,0.247,0.185
437.0,444.0,0.014,0.028,0.041,0.054,0.066,0.078,0.089,0.1,0.11,0.12,0.129,0.139,0.186,0.222,0.249,0.269,0.291,0.298,0.296,0.287,0.275,0.262,0.248,0.185
437.0,445.0,0.014,0.028,0.041,0.054,0.066,0.078,0.089,0.1,0.11,0.12,0.129,0.138,0.186,0.222,0.249,0.269,0.291,0.298,0.296,0.287,0.275,0.262,0.248,0.185
437.0,446.0,0.014,0.028,0.041,0.054,0.066,0.078,0.089,0.1,0.11,0.12,0.129,0.138,0.186,0.222,0.249,0.269,0.291,0.298,0.296,0.287,0.275,0.262,0.248,0.185
437.0,447.0,0.014,0.028,0.041,0.054,0.066,0.077,0.089,0.099,0.11,0.12,0.129,0.138,0.186,0.222,0.249,0.269,0.291,0.298,0.296,0.287,0.275,0.262,0.248,0.185
437.0,448.0,0.014,0.028,0.041,0.054,0.066,0.077,0.089,0.099,0.11,0.12,0.129,0.138,0.186,0.222,0.249,0.268,0.291,0.298,0.296,0.287,0.275,0.262,0.248,0.185
437.0,449.0,0.014,0.028,0.041,0.054,0.066,0.077,0.089,0.099,0.11,0.12,0.129,0.138,0.185,0.222,0.249,0.268,0.291,0.298,0.296,0.287,0.275,0.262,0.248,0.185
438.0,439.0,0.014,0.028,0.041,0.054,0.066,0.078,0.09,0.1,0.111,0.121,0.13,0.14,0.187,0.223,0.25,0.27,0.292,0.298,0.295,0.286,0.274,0.26,0.246,0.184
438.0,440.0,0.014,0.028,0.041,0.053,0.065,0.077,0.088,0.099,0.109,0.119,0.128,0.137,0.184,0.22,0.248,0.268,0.291,0.298,0.296,0.288,0.276,0.263,0.249,0.187
438.0,441.0,0.014,0.027,0.04,0.052,0.064,0.075,0.086,0.097,0.107,0.117,0.126,0.135,0.182,0.218,0.245,0.265,0.289,0.298,0.297,0.289,0.278,0.266,0.252,0.19
438.0,442.0,0.014,0.027,0.039,0.051,0.063,0.074,0.085,0.096,0.106,0.115,0.125,0.133,0.18,0.216,0.243,0.264,0.288,0.298,0.297,0.29,0.28,0.267,0.254,0.193
438.0,443.0,0.013,0.026,0.039,0.051,0.062,0.074,0.084,0.095,0.105,0.114,0.123,0.132,0.178,0.214,0.242,0.263,0.288,0.297,0.297,0.291,0.281,0.269,0.256,0.194
438.0,444.0,0.013,0.026,0.039,0.05,0.062,0.073,0.084,0.094,0.104,0.113,0.122,0.131,0.177,0.213,0.241,0.262,0.287,0.297,0.298,0.292,0.282,0.27,0.257,0.196
438.0,445.0,0.013,0.026,0.038,0.05,0.062,0.073,0.083,0.093,0.103,0.113,0.122,0.131,0.177,0.213,0.24,0.261,0.287,0.297,0.298,0.292,0.282,0.27,0.258,0.197
438.0,446.0,0.013,0.026,0.038,0.05,0.061,0.072,0.083,0.093,0.103,0.112,0.121,0.13,0.176,0.212,0.24,0.261,0.286,0.297,0.298,0.292,0.283,0.271,0.258,0.197
438.0,447.0,0.013,0.026,0.038,0.05,0.061,0.072,0.083,0.093,0.103,0.112,0.121,0.13,0.176,0.212,0.239,0.26,0.286,0.297,0.298,0.292,0.283,0.271,0.259,0.198
438.0,448.0,0.013,0.026,0.038,0.05,0.061,0.072,0.083,0.093,0.102,0.112,0.121,0.13,0.176,0.211,0.239,0.26,0.286,0.297,0.298,0.292,0.283,0.272,0.259,0.198
438.0,449.0,0.013,0.026,0.038,0.05,0.061,0.072,0.082,0.093,0.102,0.112,0.121,0.13,0.175,0.211,0.239,0.26,0.286,0.297,0.298,0.292,0.283,0.272,0.259,0.199
438.0,450.0,0.013,0.026,0.038,0.05,0.061,0.072,0.082,0.092,0.102,0.112,0.121,0.129,0.175,0.211,0.239,0.26,0.286,0.297,0.298,0.293,0.283,0.272,0.259,0.199
439.0,440.0,0.014,0.027,0.04,0.052,0.064,0.075,0.086,0.096,0.106,0.116,0.125,0.134,0.181,0.217,0.244,0.265,0.289,0.298,0.297,0.29,0.279,0.266,0.253,0.191
439.0,441.0,0.013,0.026,0.039,0.051,0.062,0.073,0.084,0.094,0.104,0.113,0.123,0.131,0.178,0.214,0.241,0.262,0.287,0.297,0.298,0.291,0.282,0.27,0.257,0.196
439.0,442.0,0.013,0.026,0.038,0.05,0.061,0.072,0.082,0.093,0.102,0.112,0.121,0.13,0.175,0.211,0.239,0.26,0.286,0.297,0.298,0.292,0.283,0.272,0.259,0.198
439.0,443.0,0.013,0.025,0.037,0.049,0.06,0.071,0.082,0.092,0.101,0.111,0.12,0.128,0.174,0.21,0.238,0.259,0.285,0.297,0.298,0.293,0.284,0.273,0.261,0.2
439.0,444.0,0.013,0.025,0.037,0.049,0.06,0.071,0.081,0.091,0.101,0.11,0.119,0.128,0.173,0.209,0.237,0.258,0.285,0.296,0.298,0.293,0.285,0.274,0.262,0.202
439.0,445.0,0.013,0.025,0.037,0.049,0.06,0.07,0.081,0.091,0.1,0.11,0.119,0.127,0.172,0.208,0.236,0.257,0.284,0.296,0.298,0.294,0.285,0.274,0.262,0.202
439.0,446.0,0.013,0.025,0.037,0.048,0.06,0.07,0.081,0.09,0.1,0.109,0.118,0.127,0.172,0.208,0.236,0.257,0.284,0.296,0.298,0.294,0.285,0.275,0.262,0.203
439.0,447.0,0.013,0.025,0.037,0.048,0.059,0.07,0.08,0.09,0.1,0.109,0.118,0.127,0.172,0.208,0.236,0.257,0.284,0.296,0.298,0.294,0.285,0.275,0.263,0.203
439.0,448.0,0.013,0.025,0.037,0.048,0.059,0.07,0.08,0.09,0.1,0.109,0.118,0.127,0.172,0.208,0.235,0.257,0.284,0.296,0.298,0.294,0.286,0.275,0.263,0.203
439.0,449.0,0.013,0.025,0.037,0.048,0.059,0.07,0.08,0.09,0.1,0.109,0.118,0.127,0.172,0.208,0.235,0.257,0.284,0.296,0.298,0.294,0.286,0.275,0.263,0.203
439.0,450.0,0.013,0.025,0.037,0.048,0.059,0.07,0.08,0.09,0.1,0.109,0.118,0.127,0.172,0.208,0.235,0.257,0.284,0.296,0.298,0.294,0.286,0.275,0.263,0.203
439.0,451.0,0.013,0.025,0.037,0.048,0.059,0.07,0.08,0.09,0.1,0.109,0.118,0.127,0.172,0.208,0.235,0.257,0.284,0.296,0.298,0.294,0.286,0.275,0.263,0.203
440.0,441.0,0.014,0.027,0.04,0.052,0.064,0.076,0.087,0.097,0.107,0.117,0.127,0.136,0.182,0.218,0.246,0.266,0.29,0.298,0.297,0.289,0.278,0.265,0.251,0.189
440.0,442.0,0.014,0.027,0.039,0.052,0.063,0.075,0.085,0.096,0.106,0.116,0.125,0.134,0.18,0.216,0.244,0.264,0.289,0.298,0.297,0.29,0.279,0.267,0.254,0.192
440.0,443.0,0.013,0.026,0.039,0.051,0.062,0.073,0.084,0.094,0.104,0.114,0.123,0.132,0.178,0.214,0.242,0.262,0.287,0.297,0.297,0.291,0.281,0.269,0.256,0.195
440.0,444.0,0.013,0.026,0.038,0.05,0.061,0.072,0.083,0.093,0.103,0.112,0.122,0.13,0.176,0.212,0.24,0.261,0.286,0.297,0.298,0.292,0.283,0.271,0.258,0.197
440.0,445.0,0.013,0.026,0.038,0.05,0.061,0.072,0.082,0.092,0.102,0.111,0.121,0.129,0.175,0.211,0.239,0.259,0.286,0.297,0.298,0.293,0.283,0.272,0.26,0.199
440.0,446.0,0.013,0.025,0.038,0.049,0.06,0.071,0.082,0.092,0.101,0.111,0.12,0.128,0.174,0.21,0.238,0.259,0.285,0.297,0.298,0.293,0.284,0.273,0.26,0.2
440.0,447.0,0.013,0.025,0.037,0.049,0.06,0.071,0.081,0.091,0.101,0.11,0.119,0.128,0.173,0.209,0.237,0.258,0.285,0.296,0.298,0.293,0.285,0.273,0.261,0.201
440.0,448.0,0.013,0.025,0.037,0.049,0.06,0.071,0.081,0.091,0.101,0.11,0.119,0.128,0.173,0.209,0.237,0.258,0.285,0.296,0.298,0.293,0.285,0.274,0.262,0.202
440.0,449.0,0.013,0.025,0.037,0.049,0.06,0.071,0.081,0.091,0.101,0.11,0.119,0.127,0.173,0.209,0.236,0.258,0.284,0.296,0.298,0.294,0.285,0.274,0.262,0.202
440.0,450.0,0.013,0.025,0.037,0.049,0.06,0.07,0.081,0.091,0.1,0.11,0.119,0.127,0.173,0.208,0.236,0.257,0.284,0.296,0.298,0.294,0.285,0.274,0.262,0.202
440.0,451.0,0.013,0.025,0.037,0.049,0.06,0.07,0.081,0.091,0.1,0.11,0.119,0.127,0.173,0.208,0.236,0.257,0.284,0.296,0.298,0.294,0.285,0.274,0.262,0.202
440.0,452.0,0.013,0.025,0.037,0.049,0.06,0.07,0.081,0.091,0.1,0.11,0.119,0.127,0.173,0.208,0.236,0.257,0.284,0.296,0.298,0.294,0.285,0.274,0.262,0.202
441.0,442.0,0.014,0.028,0.042,0.055,0.067,0.079,0.09,0.101,0.111,0.121,0.131,0.14,0.188,0.224,0.251,0.27,0.292,0.298,0.295,0.286,0.274,0.26,0.245,0.183
441.0,443.0,0.014,0.028,0.041,0.054,0.066,0.078,0.089,0.1,0.11,0.12,0.13,0.139,0.186,0.222,0.249,0.269,0.291,0.298,0.296,0.287,0.275,0.261,0.247,0.185
441.0,444.0,0.014,0.027,0.04,0.053,0.065,0.076,0.087,0.098,0.108,0.118,0.127,0.136,0.183,0.219,0.246,0.266,0.29,0.298,0.296,0.289,0.277,0.264,0.251,0.188
441.0,445.0,0.014,0.027,0.039,0.052,0.063,0.075,0.085,0.096,0.106,0.116,0.125,0.134,0.18,0.216,0.244,0.264,0.289,0.298,0.297,0.29,0.279,0.267,0.254,0.192
441.0,446.0,0.013,0.026,0.039,0.051,0.062,0.073,0.084,0.095,0.104,0.114,0.123,0.132,0.178,0.214,0.242,0.262,0.288,0.297,0.297,0.291,0.281,0.269,0.256,0.195
441.0,447.0,0.013,0.026,0.038,0.05,0.062,0.073,0.083,0.094,0.103,0.113,0.122,0.131,0.177,0.213,0.24,0.261,0.287,0.297,0.298,0.292,0.282,0.27,0.258,0.197
441.0,448.0,0.013,0.026,0.038,0.05,0.061,0.072,0.083,0.093,0.103,0.112,0.121,0.13,0.176,0.212,0.239,0.26,0.286,0.297,0.298,0.292,0.283,0.271,0.259,0.198
441.0,449.0,0.013,0.026,0.038,0.049,0.061,0.072,0.082,0.092,0.102,0.111,0.12,0.129,0.175,0.211,0.238,0.259,0.286,0.297,0.298,0.293,0.284,0.272,0.26,0.199
441.0,450.0,0.013,0.025,0.038,0.049,0.06,0.071,0.082,0.092,0.102,0.111,0.12,0.129,0.174,0.21,0.238,0.259,0.285,0.297,0.298,0.293,0.284,0.273,0.26,0.2
441.0,451.0,0.013,0.025,0.037,0.049,0.06,0.071,0.082,0.092,0.101,0.111,0.12,0.128,0.174,0.21,0.237,0.258,0.285,0.297,0.298,0.293,0.284,0.273,0.261,0.201
441.0,452.0,0.013,0.025,0.037,0.049,0.06,0.071,0.081,0.091,0.101,0.11,0.119,0.128,0.173,0.209,0.237,0.258,0.285,0.296,0.298,0.293,0.284,0.273,0.261,0.201
441.0,453.0,0.013,0.025,0.037,0.049,0.06,0.071,0.081,0.091,0.101,0.11,0.119,0.128,0.173,0.209,0.237,0.258,0.285,0.296,0.298,0.293,0.285,0.274,0.261,0.201
442.0,443.0,0.015,0.03,0.044,0.057,0.07,0.082,0.094,0.105,0.116,0.126,0.136,0.145,0.193,0.23,0.256,0.275,0.294,0.298,0.293,0.282,0.268,0.254,0.239,0.175
442.0,444.0,0.015,0.029,0.042,0.055,0.068,0.08,0.091,0.102,0.113,0.123,0.133,0.142,0.19,0.226,0.253,0.272,0.293,0.298,0.294,0.285,0.272,0.258,0.243,0.18
442.0,445.0,0.014,0.028,0.041,0.053,0.065,0.077,0.088,0.099,0.109,0.119,0.129,0.138,0.185,0.221,0.248,0.268,0.291,0.298,0.296,0.288,0.276,0.263,0.249,0.186
442.0,446.0,0.014,0.027,0.04,0.052,0.063,0.075,0.086,0.096,0.106,0.116,0.125,0.134,0.181,0.217,0.244,0.264,0.289,0.298,0.297,0.29,0.279,0.267,0.253,0.192
442.0,447.0,0.013,0.026,0.039,0.051,0.062,0.073,0.084,0.094,0.104,0.113,0.123,0.131,0.178,0.214,0.241,0.262,0.287,0.297,0.298,0.291,0.282,0.27,0.257,0.196
442.0,448.0,0.013,0.026,0.038,0.05,0.061,0.072,0.082,0.093,0.102,0.112,0.121,0.13,0.175,0.211,0.239,0.26,0.286,0.297,0.298,0.292,0.283,0.272,0.259,0.199
442.0,449.0,0.013,0.025,0.037,0.049,0.06,0.071,0.082,0.092,0.101,0.111,0.12,0.128,0.174,0.21,0.237,0.258,0.285,0.297,0.298,0.293,0.284,0.273,0.261,0.201
442.0,450.0,0.013,0.025,0.037,0.049,0.06,0.071,0.081,0.091,0.101,0.11,0.119,0.127,0.173,0.209,0.236,0.258,0.284,0.296,0.298,0.294,0.285,0.274,0.262,0.202
442.0,451.0,0.013,0.025,0.037,0.048,0.059,0.07,0.08,0.09,0.1,0.109,0.118,0.127,0.172,0.208,0.236,0.257,0.284,0.296,0.298,0.294,0.285,0.275,0.263,0.203
442.0,452.0,0.013,0.025,0.037,0.048,0.059,0.07,0.08,0.09,0.1,0.109,0.118,0.126,0.172,0.207,0.235,0.256,0.284,0.296,0.298,0.294,0.286,0.275,0.263,0.203
442.0,453.0,0.013,0.025,0.037,0.048,0.059,0.07,0.08,0.09,0.1,0.109,0.118,0.126,0.171,0.207,0.235,0.256,0.284,0.296,0.298,0.294,0.286,0.275,0.263,0.204
442.0,454.0,0.013,0.025,0.037,0.048,0.059,0.07,0.08,0.09,0.099,0.109,0.118,0.126,0.171,0.207,0.235,0.256,0.283,0.296,0.298,0.294,0.286,0.275,0.263,0.204
443.0,444.0,0.015,0.029,0.043,0.056,0.069,0.081,0.093,0.104,0.115,0.125,0.135,0.144,0.192,0.228,0.255,0.273,0.294,0.298,0.293,0.283,0.27,0.255,0.24,0.177
443.0,445.0,0.014,0.028,0.041,0.054,0.066,0.078,0.089,0.1,0.11,0.12,0.129,0.139,0.186,0.222,0.249,0.269,0.291,0.298,0.296,0.287,0.275,0.262,0.248,0.185
443.0,446.0,0.014,0.027,0.039,0.051,0.063,0.074,0.085,0.096,0.106,0.115,0.124,0.133,0.18,0.216,0.243,0.264,0.288,0.298,0.297,0.29,0.28,0.268,0.254,0.193
443.0,447.0,0.013,0.026,0.038,0.05,0.061,0.072,0.082,0.092,0.102,0.111,0.121,0.129,0.175,0.211,0.239,0.26,0.286,0.297,0.298,0.293,0.283,0.272,0.259,0.199
443.0,448.0,0.013,0.025,0.037,0.048,0.059,0.07,0.08,0.09,0.1,0.109,0.118,0.126,0.172,0.207,0.235,0.256,0.284,0.296,0.298,0.294,0.286,0.275,0.263,0.204
443.0,449.0,0.012,0.024,0.036,0.047,0.058,0.069,0.079,0.089,0.098,0.107,0.116,0.124,0.169,0.205,0.233,0.254,0.282,0.295,0.298,0.295,0.287,0.277,0.265,0.207
443.0,450.0,0.012,0.024,0.036,0.047,0.057,0.068,0.078,0.088,0.097,0.106,0.115,0.123,0.168,0.203,0.231,0.253,0.281,0.295,0.298,0.295,0.288,0.278,0.267,0.209
443.0,451.0,0.012,0.024,0.035,0.046,0.057,0.067,0.077,0.087,0.096,0.105,0.114,0.122,0.167,0.202,0.23,0.252,0.28,0.294,0.298,0.296,0.289,0.279,0.268,0.21
443.0,452.0,0.012,0.024,0.035,0.046,0.057,0.067,0.077,0.087,0.096,0.105,0.113,0.122,0.166,0.201,0.229,0.251,0.28,0.294,0.298,0.296,0.289,0.28,0.269,0.211
443.0,453.0,0.012,0.024,0.035,0.046,0.057,0.067,0.077,0.086,0.096,0.105,0.113,0.122,0.166,0.201,0.229,0.251,0.28,0.294,0.298,0.296,0.289,0.28,0.269,0.211
443.0,454.0,0.012,0.024,0.035,0.046,0.057,0.067,0.077,0.086,0.096,0.105,0.113,0.121,0.166,0.201,0.229,0.251,0.28,0.294,0.298,0.296,0.289,0.28,0.269,0.211
443.0,455.0,0.012,0.024,0.035,0.046,0.057,0.067,0.077,0.086,0.096,0.105,0.113,0.121,0.166,0.201,0.229,0.251,0.28,0.294,0.298,0.296,0.289,0.28,0.269,0.211
444.0,445.0,0.015,0.03,0.044,0.057,0.07,0.082,0.094,0.105,0.116,0.127,0.136,0.146,0.194,0.23,0.257,0.275,0.295,0.298,0.293,0.281,0.268,0.253,0.238,0.175
444.0,446.0,0.015,0.029,0.042,0.055,0.067,0.079,0.091,0.101,0.112,0.122,0.132,0.141,0.189,0.225,0.252,0.271,0.292,0.298,0.295,0.285,0.273,0.259,0.244,0.182
444.0,447.0,0.014,0.027,0.04,0.052,0.064,0.076,0.087,0.097,0.107,0.117,0.127,0.136,0.182,0.218,0.246,0.266,0.29,0.298,0.297,0.289,0.278,0.265,0.251,0.189
444.0,448.0,0.013,0.026,0.039,0.05,0.062,0.073,0.084,0.094,0.104,0.113,0.122,0.131,0.177,0.213,0.241,0.262,0.287,0.297,0.298,0.292,0.282,0.27,0.257,0.196
444.0,449.0,0.013,0.025,0.037,0.049,0.06,0.071,0.081,0.091,0.101,0.11,0.119,0.128,0.174,0.209,0.237,0.258,0.285,0.297,0.298,0.293,0.284,0.273,0.261,0.201
444.0,450.0,0.013,0.025,0.037,0.048,0.059,0.07,0.08,0.09,0.099,0.109,0.117,0.126,0.171,0.207,0.235,0.256,0.283,0.296,0.298,0.294,0.286,0.275,0.264,0.204
444.0,451.0,0.012,0.025,0.036,0.047,0.058,0.069,0.079,0.089,0.098,0.107,0.116,0.124,0.169,0.205,0.233,0.254,0.282,0.295,0.298,0.295,0.287,0.277,0.265,0.206
444.0,452.0,0.012,0.024,0.036,0.047,0.058,0.068,0.078,0.088,0.097,0.106,0.115,0.124,0.168,0.204,0.232,0.253,0.281,0.295,0.298,0.295,0.288,0.278,0.266,0.208
444.0,453.0,0.012,0.024,0.036,0.047,0.057,0.068,0.078,0.088,0.097,0.106,0.115,0.123,0.167,0.203,0.231,0.253,0.281,0.295,0.298,0.295,0.288,0.278,0.267,0.209
444.0,454.0,0.012,0.024,0.036,0.047,0.057,0.068,0.078,0.087,0.097,0.106,0.114,0.123,0.167,0.203,0.231,0.252,0.281,0.295,0.298,0.296,0.288,0.279,0.268,0.209
444.0,455.0,0.012,0.024,0.035,0.047,0.057,0.068,0.077,0.087,0.096,0.105,0.114,0.122,0.167,0.202,0.23,0.252,0.281,0.295,0.298,0.296,0.289,0.279,0.268,0.21
444.0,456.0,0.012,0.024,0.035,0.046,0.057,0.067,0.077,0.087,0.096,0.105,0.114,0.122,0.167,0.202,0.23,0.252,0.281,0.295,0.298,0.296,0.289,0.279,0.268,0.21
445.0,446.0,0.016,0.031,0.045,0.059,0.072,0.084,0.096,0.108,0.119,0.129,0.139,0.149,0.197,0.233,0.259,0.277,0.296,0.298,0.291,0.279,0.265,0.249,0.234,0.171
445.0,447.0,0.015,0.029,0.043,0.056,0.069,0.081,0.092,0.104,0.114,0.124,0.134,0.144,0.192,0.228,0.254,0.273,0.294,0.298,0.294,0.283,0.27,0.256,0.241,0.178
445.0,448.0,0.014,0.028,0.041,0.053,0.065,0.077,0.088,0.099,0.109,0.119,0.128,0.137,0.184,0.221,0.248,0.268,0.291,0.298,0.296,0.288,0.276,0.263,0.249,0.187
445.0,449.0,0.013,0.026,0.039,0.051,0.062,0.074,0.084,0.095,0.105,0.114,0.123,0.132,0.178,0.214,0.242,0.263,0.288,0.297,0.297,0.291,0.281,0.269,0.256,0.194
445.0,450.0,0.013,0.025,0.037,0.049,0.06,0.071,0.082,0.092,0.101,0.111,0.12,0.128,0.174,0.21,0.238,0.259,0.285,0.297,0.298,0.293,0.284,0.273,0.261,0.2
445.0,451.0,0.013,0.025,0.037,0.048,0.059,0.07,0.08,0.09,0.099,0.108,0.117,0.126,0.171,0.206,0.234,0.256,0.283,0.296,0.298,0.294,0.286,0.276,0.264,0.204
445.0,452.0,0.012,0.024,0.036,0.047,0.058,0.068,0.078,0.088,0.098,0.107,0.115,0.124,0.169,0.204,0.232,0.254,0.282,0.295,0.298,0.295,0.288,0.277,0.266,0.207
445.0,453.0,0.012,0.024,0.036,0.047,0.057,0.068,0.078,0.087,0.097,0.106,0.114,0.123,0.167,0.203,0.231,0.252,0.281,0.295,0.298,0.296,0.288,0.279,0.267,0.209
445.0,454.0,0.012,0.024,0.035,0.046,0.057,0.067,0.077,0.087,0.096,0.105,0.114,0.122,0.166,0.202,0.23,0.251,0.28,0.294,0.298,0.296,0.289,0.279,0.268,0.21
445.0,455.0,0.012,0.024,0.035,0.046,0.057,0.067,0.077,0.086,0.096,0.105,0.113,0.122,0.166,0.201,0.229,0.251,0.28,0.294,0.298,0.296,0.289,0.28,0.269,0.211
445.0,456.0,0.012,0.024,0.035,0.046,0.057,0.067,0.077,0.086,0.095,0.104,0.113,0.121,0.165,0.201,0.229,0.251,0.28,0.294,0.298,0.296,0.289,0.28,0.269,0.212
445.0,457.0,0.012,0.024,0.035,0.046,0.057,0.067,0.077,0.086,0.095,0.104,0.113,0.121,0.165,0.201,0.229,0.251,0.28,0.294,0.298,0.296,0.289,0.28,0.269,0.212
446.0,447.0,0.016,0.031,0.046,0.06,0.073,0.086,0.098,0.11,0.121,0.132,0.142,0.151,0.201,0.236,0.262,0.279,0.296,0.297,0.29,0.277,0.262,0.246,0.23,0.167
446.0,448.0,0.015,0.03,0.044,0.057,0.07,0.082,0.094,0.105,0.116,0.126,0.136,0.146,0.194,0.23,0.256,0.275,0.294,0.298,0.293,0.282,0.268,0.253,0.238,0.175
446.0,449.0,0.014,0.028,0.041,0.054,0.066,0.078,0.089,0.1,0.11,0.12,0.13,0.139,0.186,0.223,0.25,0.269,0.292,0.298,0.295,0.287,0.275,0.261,0.247,0.184
446.0,450.0,0.014,0.027,0.039,0.051,0.063,0.074,0.085,0.096,0.106,0.115,0.125,0.133,0.18,0.216,0.243,0.264,0.288,0.298,0.297,0.29,0.28,0.267,0.254,0.193
446.0,451.0,0.013,0.026,0.038,0.05,0.061,0.072,0.082,0.092,0.102,0.112,0.121,0.129,0.175,0.211,0.239,0.26,0.286,0.297,0.298,0.293,0.283,0.272,0.259,0.199
446.0,452.0,0.013,0.025,0.037,0.048,0.059,0.07,0.08,0.09,0.1,0.109,0.118,0.126,0.172,0.207,0.235,0.257,0.284,0.296,0.298,0.294,0.286,0.275,0.263,0.203
446.0,453.0,0.012,0.024,0.036,0.047,0.058,0.069,0.079,0.089,0.098,0.107,0.116,0.124,0.169,0.205,0.233,0.254,0.282,0.295,0.298,0.295,0.287,0.277,0.265,0.207
446.0,454.0,0.012,0.024,0.036,0.047,0.058,0.068,0.078,0.088,0.097,0.106,0.115,0.123,0.168,0.203,0.231,0.253,0.281,0.295,0.298,0.295,0.288,0.278,0.267,0.209
446.0,455.0,0.012,0.024,0.035,0.046,0.057,0.067,0.077,0.087,0.096,0.105,0.114,0.122,0.167,0.202,0.23,0.252,0.28,0.294,0.298,0.296,0.289,0.279,0.268,0.21
446.0,456.0,0.012,0.024,0.035,0.046,0.057,0.067,0.077,0.087,0.096,0.105,0.113,0.122,0.166,0.201,0.229,0.251,0.28,0.294,0.298,0.296,0.289,0.28,0.269,0.211
446.0,457.0,0.012,0.024,0.035,0.046,0.057,0.067,0.077,0.086,0.096,0.105,0.113,0.122,0.166,0.201,0.229,0.251,0.28,0.294,0.298,0.296,0.289,0.28,0.269,0.211
446.0,458.0,0.012,0.024,0.035,0.046,0.057,0.067,0.077,0.086,0.096,0.105,0.113,0.121,0.166,0.201,0.229,0.251,0.28,0.294,0.298,0.296,0.289,0.28,0.269,0.211
447.0,448.0,0.017,0.033,0.049,0.063,0.077,0.091,0.104,0.116,0.127,0.138,0.149,0.159,0.208,0.244,0.268,0.284,0.298,0.296,0.285,0.27,0.253,0.237,0.221,0.158
447.0,449.0,0.016,0.032,0.047,0.061,0.075,0.088,0.1,0.112,0.124,0.134,0.145,0.154,0.204,0.239,0.265,0.281,0.297,0.297,0.288,0.274,0.259,0.242,0.227,0.163
447.0,450.0,0.015,0.03,0.044,0.057,0.07,0.083,0.095,0.106,0.117,0.127,0.137,0.146,0.195,0.231,0.257,0.276,0.295,0.298,0.292,0.281,0.267,0.252,0.237,0.174
447.0,451.0,0.014,0.028,0.041,0.054,0.066,0.078,0.089,0.1,0.111,0.121,0.13,0.139,0.187,0.223,0.25,0.269,0.292,0.298,0.295,0.286,0.274,0.261,0.247,0.184
447.0,452.0,0.014,0.027,0.039,0.052,0.063,0.075,0.086,0.096,0.106,0.116,0.125,0.134,0.18,0.217,0.244,0.264,0.289,0.298,0.297,0.29,0.279,0.267,0.254,0.192
447.0,453.0,0.013,0.026,0.038,0.05,0.061,0.072,0.083,0.093,0.103,0.112,0.122,0.13,0.176,0.212,0.24,0.261,0.286,0.297,0.298,0.292,0.283,0.271,0.258,0.197
447.0,454.0,0.013,0.025,0.037,0.049,0.06,0.071,0.081,0.091,0.101,0.11,0.119,0.128,0.174,0.209,0.237,0.258,0.285,0.296,0.298,0.293,0.284,0.273,0.261,0.201
447.0,455.0,0.013,0.025,0.037,0.048,0.06,0.07,0.081,0.091,0.1,0.109,0.118,0.127,0.172,0.208,0.236,0.257,0.284,0.296,0.298,0.294,0.285,0.274,0.262,0.203
447.0,456.0,0.013,0.025,0.037,0.048,0.059,0.07,0.08,0.09,0.1,0.109,0.118,0.127,0.172,0.208,0.236,0.257,0.284,0.296,0.298,0.294,0.285,0.275,0.263,0.203
447.0,457.0,0.013,0.025,0.037,0.049,0.06,0.07,0.081,0.091,0.1,0.11,0.119,0.127,0.173,0.208,0.236,0.257,0.284,0.296,0.298,0.294,0.285,0.274,0.262,0.202
447.0,458.0,0.013,0.025,0.037,0.049,0.06,0.071,0.081,0.092,0.101,0.111,0.12,0.128,0.174,0.21,0.237,0.258,0.285,0.297,0.298,0.293,0.284,0.273,0.261,0.201
447.0,459.0,0.013,0.026,0.038,0.05,0.061,0.072,0.082,0.093,0.102,0.112,0.121,0.13,0.175,0.211,0.239,0.26,0.286,0.297,0.298,0.293,0.283,0.272,0.259,0.199
448.0,449.0,0.024,0.046,0.067,0.087,0.105,0.122,0.138,0.153,0.166,0.179,0.191,0.202,0.251,0.28,0.294,0.298,0.289,0.268,0.245,0.221,0.2,0.182,0.166,0.112
448.0,450.0,0.023,0.044,0.064,0.083,0.101,0.117,0.133,0.147,0.161,0.173,0.185,0.196,0.246,0.276,0.292,0.298,0.292,0.274,0.251,0.229,0.208,0.189,0.173,0.118
448.0,451.0,0.021,0.041,0.059,0.077,0.093,0.109,0.123,0.137,0.15,0.162,0.173,0.184,0.235,0.267,0.286,0.296,0.296,0.283,0.263,0.243,0.223,0.204,0.187,0.129
448.0,452.0,0.019,0.037,0.054,0.071,0.086,0.101,0.115,0.128,0.14,0.152,0.163,0.173,0.224,0.258,0.28,0.292,0.298,0.289,0.274,0.255,0.236,0.218,0.201,0.141
448.0,453.0,0.018,0.035,0.051,0.066,0.081,0.095,0.108,0.12,0.132,0.144,0.154,0.164,0.215,0.25,0.273,0.288,0.298,0.294,0.281,0.264,0.247,0.229,0.213,0.151
448.0,454.0,0.017,0.033,0.048,0.063,0.077,0.091,0.103,0.115,0.127,0.138,0.148,0.158,0.208,0.244,0.268,0.284,0.298,0.296,0.285,0.271,0.254,0.237,0.221,0.158
448.0,455.0,0.016,0.032,0.047,0.061,0.075,0.088,0.1,0.112,0.124,0.134,0.145,0.154,0.204,0.239,0.265,0.281,0.297,0.297,0.288,0.274,0.259,0.242,0.227,0.163
448.0,456.0,0.016,0.031,0.046,0.06,0.074,0.086,0.099,0.11,0.122,0.132,0.142,0.152,0.201,0.237,0.263,0.28,0.297,0.297,0.289,0.276,0.261,0.245,0.229,0.166
448.0,457.0,0.016,0.031,0.046,0.06,0.073,0.086,0.098,0.11,0.121,0.132,0.142,0.151,0.201,0.236,0.262,0.279,0.296,0.297,0.29,0.277,0.262,0.246,0.23,0.167
448.0,458.0,0.016,0.031,0.046,0.06,0.073,0.086,0.099,0.11,0.121,0.132,0.142,0.152,0.201,0.237,0.262,0.28,0.296,0.297,0.289,0.276,0.261,0.245,0.23,0.166
448.0,459.0,0.016,0.032,0.046,0.061,0.074,0.087,0.099,0.111,0.122,0.133,0.143,0.153,0.202,0.238,0.263,0.281,0.297,0.297,0.289,0.275,0.26,0.244,0.228,0.165
448.0,460.0,0.016,0.032,0.047,0.061,0.075,0.088,0.101,0.113,0.124,0.135,0.145,0.155,0.204,0.24,0.265,0.282,0.297,0.297,0.288,0.274,0.258,0.242,0.226,0.163
449.0,450.0,0.023,0.044,0.064,0.082,0.1,0.116,0.131,0.146,0.159,0.172,0.183,0.194,0.244,0.275,0.291,0.298,0.293,0.275,0.253,0.231,0.21,0.191,0.175,0.119
449.0,451.0,0.021,0.041,0.06,0.078,0.094,0.11,0.125,0.138,0.151,0.164,0.175,0.186,0.236,0.269,0.287,0.296,0.296,0.281,0.262,0.241,0.22,0.202,0.185,0.127
449.0,452.0,0.02,0.039,0.056,0.073,0.089,0.104,0.118,0.132,0.144,0.156,0.167,0.178,0.228,0.262,0.283,0.294,0.298,0.287,0.269,0.25,0.23,0.212,0.195,0.136
449.0,453.0,0.019,0.037,0.054,0.07,0.085,0.099,0.113,0.126,0.138,0.15,0.161,0.171,0.222,0.256,0.278,0.291,0.298,0.291,0.275,0.257,0.239,0.221,0.204,0.143
449.0,454.0,0.018,0.035,0.051,0.067,0.082,0.096,0.109,0.121,0.133,0.145,0.155,0.166,0.216,0.251,0.274,0.288,0.298,0.293,0.28,0.263,0.245,0.228,0.211,0.149
449.0,455.0,0.017,0.034,0.05,0.065,0.079,0.093,0.106,0.118,0.13,0.141,0.151,0.161,0.211,0.247,0.271,0.286,0.298,0.295,0.283,0.267,0.25,0.233,0.217,0.154
449.0,456.0,0.017,0.033,0.048,0.063,0.077,0.09,0.103,0.115,0.127,0.138,0.148,0.158,0.208,0.243,0.268,0.284,0.298,0.296,0.285,0.271,0.254,0.237,0.221,0.158
449.0,457.0,0.017,0.032,0.047,0.062,0.076,0.089,0.101,0.113,0.125,0.135,0.146,0.156,0.205,0.241,0.266,0.282,0.297,0.297,0.287,0.273,0.257,0.241,0.225,0.162
449.0,458.0,0.016,0.032,0.047,0.061,0.074,0.087,0.1,0.112,0.123,0.134,0.144,0.154,0.203,0.239,0.264,0.281,0.297,0.297,0.288,0.275,0.259,0.243,0.227,0.164
449.0,459.0,0.016,0.031,0.046,0.06,0.074,0.087,0.099,0.11,0.122,0.132,0.143,0.152,0.201,0.237,0.263,0.28,0.297,0.297,0.289,0.276,0.261,0.245,0.229,0.166
449.0,460.0,0.016,0.031,0.046,0.06,0.073,0.086,0.098,0.11,0.121,0.131,0.141,0.151,0.2,0.236,0.262,0.279,0.296,0.298,0.29,0.277,0.262,0.246,0.231,0.167
449.0,461.0,0.016,0.031,0.045,0.059,0.073,0.085,0.097,0.109,0.12,0.131,0.141,0.15,0.199,0.235,0.261,0.279,0.296,0.298,0.29,0.278,0.263,0.247,0.232,0.168
450.0,451.0,0.022,0.042,0.062,0.08,0.097,0.113,0.128,0.142,0.155,0.168,0.179,0.19,0.24,0.272,0.289,0.297,0.294,0.278,0.257,0.236,0.215,0.196,0.18,0.123
450.0,452.0,0.02,0.039,0.058,0.075,0.091,0.106,0.12,0.134,0.147,0.159,0.17,0.18,0.231,0.264,0.284,0.295,0.297,0.285,0.267,0.247,0.227,0.209,0.192,0.133
450.0,453.0,0.019,0.037,0.054,0.071,0.086,0.101,0.114,0.128,0.14,0.152,0.163,0.173,0.224,0.258,0.279,0.292,0.298,0.29,0.274,0.255,0.236,0.218,0.202,0.141
450.0,454.0,0.018,0.036,0.052,0.068,0.082,0.097,0.11,0.123,0.135,0.146,0.157,0.167,0.217,0.252,0.275,0.289,0.298,0.292,0.279,0.262,0.244,0.226,0.209,0.147
450.0,455.0,0.018,0.034,0.05,0.065,0.08,0.093,0.106,0.119,0.131,0.142,0.152,0.163,0.213,0.248,0.272,0.287,0.298,0.294,0.282,0.266,0.249,0.232,0.215,0.153
450.0,456.0,0.017,0.033,0.049,0.064,0.078,0.091,0.104,0.116,0.128,0.139,0.149,0.159,0.209,0.244,0.269,0.285,0.298,0.296,0.285,0.27,0.253,0.236,0.22,0.157
450.0,457.0,0.017,0.033,0.048,0.062,0.076,0.089,0.102,0.114,0.125,0.136,0.146,0.156,0.206,0.242,0.266,0.283,0.297,0.296,0.287,0.272,0.256,0.24,0.224,0.161
450.0,458.0,0.016,0.032,0.047,0.061,0.075,0.088,0.1,0.112,0.123,0.134,0.144,0.154,0.204,0.239,0.265,0.281,0.297,0.297,0.288,0.274,0.259,0.242,0.227,0.163
450.0,459.0,0.016,0.032,0.046,0.06,0.074,0.087,0.099,0.111,0.122,0.133,0.143,0.153,0.202,0.238,0.263,0.28,0.297,0.297,0.289,0.276,0.26,0.244,0.229,0.165
450.0,460.0,0.016,0.031,0.046,0.06,0.073,0.086,0.098,0.11,0.121,0.132,0.142,0.152,0.201,0.236,0.262,0.279,0.296,0.297,0.29,0.277,0.262,0.246,0.23,0.167
450.0,461.0,0.016,0.031,0.046,0.059,0.073,0.085,0.098,0.109,0.12,0.131,0.141,0.151,0.2,0.236,0.261,0.279,0.296,0.298,0.29,0.277,0.263,0.247,0.231,0.168
450.0,462.0,0.016,0.031,0.045,0.059,0.072,0.085,0.097,0.109,0.12,0.13,0.14,0.15,0.199,0.235,0.261,0.278,0.296,0.298,0.29,0.278,0.263,0.248,0.232,0.169
451.0,452.0,0.018,0.036,0.052,0.068,0.083,0.097,0.11,0.123,0.135,0.146,0.157,0.168,0.218,0.253,0.276,0.289,0.298,0.292,0.278,0.261,0.243,0.225,0.209,0.147
451.0,453.0,0.017,0.033,0.049,0.064,0.078,0.091,0.104,0.116,0.128,0.139,0.149,0.159,0.209,0.245,0.269,0.285,0.298,0.295,0.284,0.269,0.253,0.236,0.22,0.157
451.0,454.0,0.017,0.033,0.048,0.062,0.076,0.089,0.102,0.114,0.125,0.136,0.146,0.156,0.206,0.242,0.266,0.283,0.297,0.296,0.287,0.272,0.256,0.24,0.224,0.161
451.0,455.0,0.016,0.032,0.047,0.062,0.075,0.088,0.101,0.113,0.124,0.135,0.145,0.155,0.204,0.24,0.265,0.282,0.297,0.297,0.287,0.274,0.258,0.241,0.225,0.162
451.0,456.0,0.016,0.032,0.047,0.061,0.075,0.088,0.101,0.112,0.124,0.135,0.145,0.155,0.204,0.24,0.265,0.282,0.297,0.297,0.288,0.274,0.258,0.242,0.226,0.163
451.0,457.0,0.016,0.032,0.047,0.061,0.075,0.088,0.101,0.112,0.124,0.135,0.145,0.155,0.204,0.24,0.265,0.282,0.297,0.297,0.288,0.274,0.258,0.242,0.226,0.163
451.0,458.0,0.016,0.032,0.047,0.062,0.075,0.088,0.101,0.113,0.124,0.135,0.145,0.155,0.204,0.24,0.265,0.282,0.297,0.297,0.288,0.274,0.258,0.242,0.226,0.162
451.0,459.0,0.016,0.032,0.047,0.062,0.075,0.089,0.101,0.113,0.124,0.135,0.145,0.155,0.205,0.24,0.265,0.282,0.297,0.297,0.287,0.273,0.257,0.241,0.225,0.162
451.0,460.0,0.017,0.032,0.047,0.062,0.076,0.089,0.101,0.113,0.125,0.136,0.146,0.156,0.205,0.241,0.266,0.282,0.297,0.297,0.287,0.273,0.257,0.241,0.225,0.161
451.0,461.0,0.017,0.033,0.048,0.062,0.076,0.089,0.102,0.114,0.125,0.136,0.146,0.156,0.206,0.241,0.266,0.283,0.297,0.296,0.287,0.272,0.256,0.24,0.224,0.161
451.0,462.0,0.017,0.033,0.048,0.062,0.076,0.09,0.102,0.114,0.126,0.137,0.147,0.157,0.206,0.242,0.267,0.283,0.298,0.296,0.286,0.272,0.256,0.239,0.223,0.16
451.0,463.0,0.017,0.033,0.048,0.063,0.077,0.09,0.103,0.115,0.126,0.137,0.147,0.157,0.207,0.243,0.267,0.284,0.298,0.296,0.286,0.271,0.255,0.238,0.222,0.159
452.0,453.0,0.019,0.037,0.053,0.069,0.085,0.099,0.113,0.126,0.138,0.149,0.16,0.171,0.221,0.256,0.278,0.291,0.298,0.291,0.276,0.258,0.239,0.221,0.205,0.143
452.0,454.0,0.018,0.036,0.052,0.068,0.082,0.097,0.11,0.123,0.135,0.146,0.157,0.167,0.217,0.252,0.275,0.289,0.298,0.292,0.279,0.262,0.244,0.226,0.209,0.147
452.0,455.0,0.018,0.034,0.05,0.066,0.08,0.094,0.107,0.12,0.131,0.143,0.153,0.163,0.213,0.249,0.272,0.287,0.298,0.294,0.282,0.266,0.248,0.231,0.214,0.152
452.0,456.0,0.017,0.034,0.049,0.064,0.078,0.092,0.105,0.117,0.128,0.139,0.15,0.16,0.21,0.245,0.27,0.285,0.298,0.295,0.284,0.269,0.252,0.235,0.219,0.156
452.0,457.0,0.017,0.033,0.048,0.063,0.077,0.09,0.102,0.114,0.126,0.137,0.147,0.157,0.207,0.242,0.267,0.283,0.298,0.296,0.286,0.272,0.255,0.239,0.223,0.16
452.0,458.0,0.016,0.032,0.047,0.061,0.075,0.088,0.101,0.113,0.124,0.135,0.145,0.155,0.204,0.24,0.265,0.282,0.297,0.297,0.288,0.274,0.258,0.242,0.226,0.163
452.0,459.0,0.016,0.032,0.046,0.061,0.074,0.087,0.099,0.111,0.122,0.133,0.143,0.153,0.202,0.238,0.263,0.281,0.297,0.297,0.289,0.275,0.26,0.244,0.228,0.165
452.0,460.0,0.016,0.031,0.046,0.06,0.073,0.086,0.098,0.11,0.121,0.132,0.142,0.152,0.201,0.237,0.262,0.279,0.296,0.297,0.29,0.277,0.262,0.246,0.23,0.167
452.0,461.0,0.016,0.031,0.045,0.059,0.073,0.085,0.097,0.109,0.12,0.131,0.141,0.15,0.199,0.235,0.261,0.279,0.296,0.298,0.29,0.278,0.263,0.247,0.232,0.168
452.0,462.0,0.016,0.031,0.045,0.059,0.072,0.085,0.097,0.108,0.119,0.13,0.14,0.15,0.198,0.234,0.26,0.278,0.296,0.298,0.291,0.278,0.264,0.248,0.233,0.169
452.0,463.0,0.016,0.031,0.045,0.059,0.072,0.084,0.096,0.108,0.119,0.129,0.139,0.149,0.198,0.234,0.26,0.278,0.296,0.298,0.291,0.279,0.264,0.249,0.234,0.17
452.0,464.0,0.016,0.031,0.045,0.059,0.072,0.084,0.096,0.108,0.119,0.129,0.139,0.149,0.197,0.233,0.259,0.277,0.295,0.298,0.291,0.279,0.265,0.249,0.234,0.171
453.0,454.0,0.021,0.041,0.06,0.078,0.095,0.11,0.125,0.139,0.152,0.164,0.176,0.187,0.237,0.269,0.288,0.296,0.295,0.281,0.261,0.24,0.219,0.201,0.184,0.126
453.0,455.0,0.021,0.042,0.061,0.078,0.095,0.111,0.126,0.14,0.153,0.165,0.177,0.187,0.238,0.27,0.288,0.297,0.295,0.28,0.26,0.239,0.218,0.2,0.183,0.126
453.0,456.0,0.021,0.041,0.06,0.078,0.094,0.11,0.125,0.138,0.151,0.164,0.175,0.186,0.236,0.269,0.287,0.296,0.296,0.281,0.262,0.241,0.22,0.202,0.185,0.127
453.0,457.0,0.021,0.04,0.059,0.076,0.093,0.108,0.123,0.137,0.15,0.162,0.173,0.184,0.235,0.267,0.286,0.296,0.296,0.283,0.264,0.243,0.223,0.204,0.188,0.129
453.0,458.0,0.021,0.04,0.058,0.076,0.092,0.107,0.122,0.135,0.148,0.16,0.171,0.182,0.233,0.266,0.285,0.295,0.297,0.284,0.265,0.245,0.225,0.206,0.19,0.131
453.0,459.0,0.02,0.04,0.058,0.075,0.091,0.106,0.121,0.134,0.147,0.159,0.17,0.181,0.232,0.265,0.285,0.295,0.297,0.285,0.267,0.246,0.227,0.208,0.191,0.132
453.0,460.0,0.02,0.039,0.057,0.074,0.091,0.106,0.12,0.134,0.146,0.158,0.169,0.18,0.231,0.264,0.284,0.295,0.297,0.285,0.267,0.247,0.228,0.209,0.192,0.133
453.0,461.0,0.02,0.039,0.057,0.074,0.09,0.105,0.12,0.133,0.146,0.158,0.169,0.18,0.23,0.264,0.284,0.295,0.297,0.286,0.268,0.248,0.228,0.21,0.193,0.134
453.0,462.0,0.02,0.039,0.057,0.074,0.09,0.105,0.12,0.133,0.146,0.158,0.169,0.179,0.23,0.263,0.284,0.294,0.297,0.286,0.268,0.248,0.228,0.21,0.193,0.134
453.0,463.0,0.02,0.039,0.057,0.074,0.09,0.105,0.12,0.133,0.146,0.158,0.169,0.18,0.23,0.264,0.284,0.295,0.297,0.286,0.268,0.248,0.228,0.21,0.193,0.134
453.0,464.0,0.02,0.039,0.057,0.074,0.09,0.106,0.12,0.133,0.146,0.158,0.169,0.18,0.231,0.264,0.284,0.295,0.297,0.285,0.267,0.247,0.228,0.209,0.192,0.133
453.0,465.0,0.02,0.039,0.058,0.075,0.091,0.106,0.12,0.134,0.147,0.159,0.17,0.181,0.231,0.264,0.284,0.295,0.297,0.285,0.267,0.247,0.227,0.208,0.192,0.133
454.0,455.0,0.021,0.041,0.06,0.077,0.094,0.11,0.124,0.138,0.151,0.163,0.175,0.186,0.236,0.268,0.287,0.296,0.296,0.282,0.262,0.241,0.221,0.202,0.185,0.127
454.0,456.0,0.02,0.04,0.058,0.075,0.091,0.106,0.121,0.134,0.147,0.159,0.17,0.181,0.232,0.265,0.285,0.295,0.297,0.285,0.267,0.246,0.227,0.208,0.191,0.132
454.0,457.0,0.02,0.039,0.056,0.073,0.089,0.104,0.118,0.132,0.144,0.156,0.167,0.178,0.228,0.262,0.283,0.294,0.298,0.287,0.27,0.25,0.231,0.212,0.195,0.136
454.0,458.0,0.019,0.038,0.055,0.072,0.088,0.102,0.116,0.13,0.142,0.154,0.165,0.175,0.226,0.26,0.281,0.293,0.298,0.288,0.272,0.253,0.233,0.215,0.199,0.138
454.0,459.0,0.019,0.037,0.055,0.071,0.086,0.101,0.115,0.128,0.14,0.152,0.163,0.173,0.224,0.258,0.28,0.292,0.298,0.289,0.273,0.255,0.236,0.218,0.201,0.14
454.0,460.0,0.019,0.037,0.054,0.07,0.085,0.1,0.114,0.127,0.139,0.151,0.162,0.172,0.222,0.257,0.279,0.291,0.298,0.29,0.275,0.256,0.238,0.22,0.203,0.142
454.0,461.0,0.019,0.037,0.053,0.069,0.085,0.099,0.113,0.126,0.138,0.149,0.16,0.171,0.221,0.256,0.278,0.291,0.298,0.291,0.276,0.258,0.239,0.221,0.205,0.143
454.0,462.0,0.019,0.036,0.053,0.069,0.084,0.098,0.112,0.125,0.137,0.148,0.159,0.17,0.22,0.255,0.277,0.29,0.298,0.291,0.277,0.259,0.241,0.223,0.206,0.145
454.0,463.0,0.018,0.036,0.053,0.068,0.083,0.098,0.111,0.124,0.136,0.148,0.158,0.169,0.219,0.254,0.276,0.29,0.298,0.292,0.277,0.26,0.242,0.224,0.207,0.146
454.0,464.0,0.018,0.036,0.052,0.068,0.083,0.097,0.111,0.123,0.136,0.147,0.158,0.168,0.218,0.253,0.276,0.29,0.298,0.292,0.278,0.261,0.242,0.225,0.208,0.146
454.0,465.0,0.018,0.036,0.052,0.068,0.083,0.097,0.11,0.123,0.135,0.146,0.157,0.167,0.218,0.253,0.276,0.289,0.298,0.292,0.278,0.261,0.243,0.225,0.209,0.147
454.0,466.0,0.018,0.036,0.052,0.068,0.082,0.097,0.11,0.123,0.135,0.146,0.157,0.167,0.217,0.252,0.275,0.289,0.298,0.292,0.279,0.262,0.244,0.226,0.209,0.148
455.0,456.0,0.018,0.035,0.052,0.067,0.082,0.096,0.109,0.122,0.134,0.145,0.156,0.166,0.217,0.252,0.275,0.289,0.298,0.293,0.279,0.262,0.244,0.227,0.21,0.148
455.0,457.0,0.017,0.033,0.049,0.064,0.078,0.092,0.104,0.117,0.128,0.139,0.15,0.16,0.21,0.245,0.269,0.285,0.298,0.295,0.284,0.269,0.252,0.235,0.219,0.156
455.0,458.0,0.017,0.033,0.048,0.063,0.077,0.09,0.103,0.115,0.126,0.137,0.148,0.158,0.207,0.243,0.268,0.284,0.298,0.296,0.286,0.271,0.255,0.238,0.222,0.159
455.0,459.0,0.017,0.033,0.048,0.063,0.076,0.09,0.102,0.114,0.126,0.137,0.147,0.157,0.207,0.242,0.267,0.283,0.298,0.296,0.286,0.272,0.255,0.239,0.223,0.16
455.0,460.0,0.017,0.033,0.048,0.062,0.076,0.09,0.102,0.114,0.126,0.137,0.147,0.157,0.206,0.242,0.267,0.283,0.298,0.296,0.286,0.272,0.256,0.239,0.223,0.16
455.0,461.0,0.017,0.033,0.048,0.063,0.076,0.09,0.102,0.114,0.126,0.137,0.147,0.157,0.206,0.242,0.267,0.283,0.298,0.296,0.286,0.272,0.256,0.239,0.223,0.16
455.0,462.0,0.017,0.033,0.048,0.063,0.076,0.09,0.102,0.114,0.126,0.137,0.147,0.157,0.207,0.242,0.267,0.283,0.298,0.296,0.286,0.272,0.255,0.239,0.223,0.16
455.0,463.0,0.017,0.033,0.048,0.063,0.077,0.09,0.102,0.115,0.126,0.137,0.147,0.157,0.207,0.242,0.267,0.283,0.298,0.296,0.286,0.272,0.255,0.239,0.223,0.16
455.0,464.0,0.017,0.033,0.048,0.063,0.077,0.09,0.103,0.115,0.126,0.137,0.148,0.157,0.207,0.243,0.267,0.284,0.298,0.296,0.286,0.271,0.255,0.238,0.222,0.159
455.0,465.0,0.017,0.033,0.048,0.063,0.077,0.09,0.103,0.115,0.126,0.137,0.148,0.158,0.207,0.243,0.268,0.284,0.298,0.296,0.286,0.271,0.255,0.238,0.222,0.159
455.0,466.0,0.017,0.033,0.048,0.063,0.077,0.09,0.103,0.115,0.127,0.138,0.148,0.158,0.208,0.243,0.268,0.284,0.298,0.296,0.286,0.271,0.254,0.238,0.222,0.159
455.0,467.0,0.017,0.033,0.048,0.063,0.077,0.091,0.103,0.115,0.127,0.138,0.148,0.158,0.208,0.243,0.268,0.284,0.298,0.296,0.285,0.271,0.254,0.237,0.221,0.158
456.0,457.0,0.017,0.034,0.05,0.065,0.079,0.093,0.106,0.118,0.13,0.141,0.151,0.161,0.211,0.247,0.271,0.286,0.298,0.295,0.283,0.267,0.25,0.233,0.217,0.154
456.0,458.0,0.017,0.034,0.049,0.064,0.078,0.092,0.105,0.117,0.129,0.14,0.15,0.16,0.21,0.246,0.27,0.285,0.298,0.295,0.284,0.268,0.251,0.234,0.218,0.155
456.0,459.0,0.017,0.034,0.049,0.064,0.079,0.092,0.105,0.117,0.129,0.14,0.151,0.161,0.211,0.246,0.27,0.286,0.298,0.295,0.284,0.268,0.251,0.234,0.218,0.155
456.0,460.0,0.017,0.034,0.05,0.065,0.079,0.093,0.106,0.118,0.13,0.141,0.151,0.161,0.211,0.247,0.271,0.286,0.298,0.295,0.283,0.268,0.251,0.233,0.217,0.154
456.0,461.0,0.017,0.034,0.05,0.065,0.079,0.093,0.106,0.118,0.13,0.141,0.152,0.162,0.212,0.247,0.271,0.286,0.298,0.295,0.283,0.267,0.25,0.233,0.216,0.154
456.0,462.0,0.018,0.034,0.05,0.065,0.08,0.093,0.106,0.119,0.131,0.142,0.152,0.162,0.213,0.248,0.272,0.287,0.298,0.294,0.282,0.266,0.249,0.232,0.216,0.153
456.0,463.0,0.018,0.034,0.05,0.066,0.08,0.094,0.107,0.119,0.131,0.142,0.153,0.163,0.213,0.248,0.272,0.287,0.298,0.294,0.282,0.266,0.248,0.231,0.215,0.152
456.0,464.0,0.018,0.035,0.051,0.066,0.08,0.094,0.107,0.12,0.132,0.143,0.154,0.164,0.214,0.249,0.273,0.287,0.298,0.294,0.281,0.265,0.248,0.23,0.214,0.151
456.0,465.0,0.018,0.035,0.051,0.066,0.081,0.095,0.108,0.12,0.132,0.143,0.154,0.164,0.214,0.25,0.273,0.288,0.298,0.294,0.281,0.265,0.247,0.23,0.213,0.151
456.0,466.0,0.018,0.035,0.051,0.066,0.081,0.095,0.108,0.121,0.133,0.144,0.155,0.165,0.215,0.25,0.273,0.288,0.298,0.293,0.281,0.264,0.246,0.229,0.212,0.15
456.0,467.0,0.018,0.035,0.051,0.067,0.081,0.095,0.109,0.121,0.133,0.144,0.155,0.165,0.216,0.251,0.274,0.288,0.298,0.293,0.28,0.263,0.246,0.228,0.212,0.15
456.0,468.0,0.018,0.035,0.051,0.067,0.082,0.096,0.109,0.122,0.134,0.145,0.156,0.166,0.216,0.251,0.274,0.289,0.298,0.293,0.28,0.263,0.245,0.228,0.211,0.149
457.0,458.0,0.015,0.03,0.044,0.057,0.07,0.082,0.094,0.106,0.116,0.127,0.137,0.146,0.194,0.231,0.257,0.275,0.295,0.298,0.292,0.281,0.268,0.253,0.238,0.174
457.0,459.0,0.015,0.029,0.043,0.056,0.068,0.08,0.092,0.103,0.114,0.124,0.134,0.143,0.191,0.227,0.254,0.273,0.293,0.298,0.294,0.284,0.271,0.257,0.242,0.179
457.0,460.0,0.015,0.029,0.043,0.056,0.069,0.081,0.092,0.104,0.114,0.124,0.134,0.144,0.192,0.228,0.254,0.273,0.294,0.298,0.294,0.283,0.27,0.256,0.241,0.178
457.0,461.0,0.015,0.03,0.044,0.057,0.07,0.082,0.094,0.105,0.116,0.126,0.136,0.145,0.194,0.23,0.256,0.275,0.294,0.298,0.293,0.282,0.268,0.254,0.239,0.175
457.0,462.0,0.015,0.03,0.044,0.058,0.071,0.083,0.095,0.106,0.117,0.128,0.138,0.147,0.196,0.232,0.258,0.276,0.295,0.298,0.292,0.281,0.266,0.251,0.236,0.173
457.0,463.0,0.016,0.031,0.045,0.059,0.072,0.084,0.096,0.108,0.119,0.129,0.139,0.149,0.198,0.234,0.26,0.277,0.296,0.298,0.291,0.279,0.265,0.249,0.234,0.171
457.0,464.0,0.016,0.031,0.045,0.059,0.073,0.085,0.097,0.109,0.12,0.131,0.141,0.15,0.199,0.235,0.261,0.279,0.296,0.298,0.29,0.278,0.263,0.247,0.232,0.168
457.0,465.0,0.016,0.031,0.046,0.06,0.073,0.086,0.098,0.11,0.121,0.132,0.142,0.152,0.201,0.237,0.262,0.28,0.296,0.297,0.289,0.277,0.261,0.246,0.23,0.167
457.0,466.0,0.016,0.032,0.046,0.061,0.074,0.087,0.099,0.111,0.122,0.133,0.143,0.153,0.202,0.238,0.263,0.28,0.297,0.297,0.289,0.275,0.26,0.244,0.228,0.165
457.0,467.0,0.016,0.032,0.047,0.061,0.075,0.088,0.1,0.112,0.123,0.134,0.144,0.154,0.203,0.239,0.264,0.281,0.297,0.297,0.288,0.274,0.259,0.243,0.227,0.164
457.0,468.0,0.016,0.032,0.047,0.062,0.075,0.088,0.101,0.113,0.124,0.135,0.145,0.155,0.204,0.24,0.265,0.282,0.297,0.297,0.287,0.274,0.258,0.241,0.226,0.162
457.0,469.0,0.017,0.032,0.048,0.062,0.076,0.089,0.102,0.113,0.125,0.136,0.146,0.156,0.205,0.241,0.266,0.283,0.297,0.296,0.287,0.273,0.257,0.24,0.224,0.161
458.0,459.0,0.017,0.033,0.048,0.062,0.076,0.09,0.102,0.114,0.126,0.137,0.147,0.157,0.206,0.242,0.267,0.283,0.298,0.296,0.286,0.272,0.256,0.239,0.223,0.16
458.0,460.0,0.017,0.033,0.048,0.063,0.077,0.09,0.103,0.115,0.126,0.137,0.148,0.157,0.207,0.243,0.267,0.284,0.298,0.296,0.286,0.271,0.255,0.238,0.222,0.159
458.0,461.0,0.017,0.033,0.048,0.063,0.077,0.09,0.103,0.115,0.126,0.137,0.147,0.157,0.207,0.243,0.267,0.283,0.298,0.296,0.286,0.271,0.255,0.238,0.222,0.159
458.0,462.0,0.017,0.033,0.048,0.063,0.077,0.09,0.102,0.114,0.126,0.137,0.147,0.157,0.207,0.242,0.267,0.283,0.298,0.296,0.286,0.272,0.255,0.239,0.223,0.16
458.0,463.0,0.017,0.033,0.048,0.062,0.076,0.09,0.102,0.114,0.126,0.137,0.147,0.157,0.206,0.242,0.267,0.283,0.298,0.296,0.286,0.272,0.256,0.239,0.223,0.16
458.0,464.0,0.017,0.033,0.048,0.062,0.076,0.09,0.102,0.114,0.126,0.137,0.147,0.157,0.206,0.242,0.267,0.283,0.298,0.296,0.286,0.272,0.256,0.239,0.223,0.16
458.0,465.0,0.017,0.033,0.048,0.062,0.076,0.09,0.102,0.114,0.126,0.136,0.147,0.157,0.206,0.242,0.267,0.283,0.297,0.296,0.286,0.272,0.256,0.239,0.223,0.16
458.0,466.0,0.017,0.033,0.048,0.062,0.076,0.09,0.102,0.114,0.126,0.137,0.147,0.157,0.206,0.242,0.267,0.283,0.298,0.296,0.286,0.272,0.256,0.239,0.223,0.16
458.0,467.0,0.017,0.033,0.048,0.062,0.076,0.09,0.102,0.114,0.126,0.137,0.147,0.157,0.206,0.242,0.267,0.283,0.298,0.296,0.286,0.272,0.256,0.239,0.223,0.16
458.0,468.0,0.017,0.033,0.048,0.063,0.076,0.09,0.102,0.114,0.126,0.137,0.147,0.157,0.207,0.242,0.267,0.283,0.298,0.296,0.286,0.272,0.255,0.239,0.223,0.16
458.0,469.0,0.017,0.033,0.048,0.063,0.077,0.09,0.102,0.115,0.126,0.137,0.147,0.157,0.207,0.242,0.267,0.283,0.298,0.296,0.286,0.272,0.255,0.239,0.223,0.16
458.0,470.0,0.017,0.033,0.048,0.063,0.077,0.09,0.103,0.115,0.126,0.137,0.148,0.157,0.207,0.243,0.267,0.284,0.298,0.296,0.286,0.271,0.255,0.238,0.222,0.159
459.0,460.0,0.016,0.03,0.045,0.058,0.071,0.084,0.096,0.107,0.118,0.129,0.139,0.148,0.197,0.233,0.259,0.277,0.295,0.298,0.291,0.279,0.265,0.25,0.234,0.171
459.0,461.0,0.015,0.03,0.044,0.057,0.07,0.082,0.094,0.106,0.116,0.127,0.137,0.146,0.194,0.231,0.257,0.275,0.295,0.298,0.292,0.281,0.267,0.253,0.238,0.174
459.0,462.0,0.015,0.03,0.044,0.058,0.071,0.083,0.095,0.106,0.117,0.128,0.138,0.147,0.196,0.232,0.258,0.276,0.295,0.298,0.292,0.28,0.266,0.251,0.236,0.173
459.0,463.0,0.016,0.031,0.045,0.059,0.072,0.084,0.096,0.108,0.119,0.129,0.139,0.149,0.198,0.234,0.26,0.277,0.296,0.298,0.291,0.279,0.264,0.249,0.234,0.17
459.0,464.0,0.016,0.031,0.046,0.06,0.073,0.086,0.098,0.109,0.12,0.131,0.141,0.151,0.2,0.236,0.261,0.279,0.296,0.298,0.29,0.277,0.262,0.247,0.231,0.168
459.0,465.0,0.016,0.032,0.046,0.06,0.074,0.087,0.099,0.111,0.122,0.133,0.143,0.153,0.202,0.238,0.263,0.28,0.297,0.297,0.289,0.276,0.26,0.245,0.229,0.166
459.0,466.0,0.016,0.032,0.047,0.061,0.075,0.088,0.1,0.112,0.123,0.134,0.144,0.154,0.204,0.239,0.265,0.281,0.297,0.297,0.288,0.274,0.259,0.242,0.227,0.163
459.0,467.0,0.017,0.032,0.047,0.062,0.076,0.089,0.101,0.113,0.125,0.136,0.146,0.156,0.205,0.241,0.266,0.282,0.297,0.297,0.287,0.273,0.257,0.241,0.225,0.161
459.0,468.0,0.017,0.033,0.048,0.063,0.077,0.09,0.102,0.114,0.126,0.137,0.147,0.157,0.207,0.242,0.267,0.283,0.298,0.296,0.286,0.272,0.255,0.239,0.223,0.16
459.0,469.0,0.017,0.033,0.049,0.063,0.077,0.091,0.103,0.115,0.127,0.138,0.148,0.158,0.208,0.244,0.268,0.284,0.298,0.296,0.285,0.27,0.254,0.237,0.221,0.158
459.0,470.0,0.017,0.033,0.049,0.064,0.078,0.091,0.104,0.116,0.128,0.139,0.15,0.159,0.209,0.245,0.269,0.285,0.298,0.295,0.284,0.269,0.253,0.236,0.22,0.157
459.0,471.0,0.017,0.034,0.049,0.064,0.079,0.092,0.105,0.117,0.129,0.14,0.151,0.161,0.21,0.246,0.27,0.285,0.298,0.295,0.284,0.268,0.251,0.234,0.218,0.155
460.0,461.0,0.015,0.029,0.042,0.055,0.068,0.08,0.091,0.102,0.113,0.123,0.133,0.142,0.19,0.226,0.253,0.272,0.293,0.298,0.294,0.284,0.272,0.257,0.243,0.18
460.0,462.0,0.015,0.03,0.043,0.057,0.069,0.082,0.093,0.105,0.115,0.126,0.135,0.145,0.193,0.229,0.255,0.274,0.294,0.298,0.293,0.282,0.269,0.254,0.239,0.176
460.0,463.0,0.016,0.031,0.045,0.059,0.072,0.085,0.097,0.109,0.12,0.13,0.14,0.15,0.199,0.235,0.261,0.278,0.296,0.298,0.29,0.278,0.263,0.248,0.232,0.169
460.0,464.0,0.016,0.032,0.047,0.062,0.075,0.088,0.101,0.113,0.124,0.135,0.145,0.155,0.204,0.24,0.265,0.282,0.297,0.297,0.287,0.274,0.258,0.241,0.226,0.162
460.0,465.0,0.017,0.033,0.049,0.064,0.078,0.091,0.104,0.116,0.128,0.139,0.149,0.159,0.209,0.244,0.269,0.285,0.298,0.296,0.285,0.27,0.253,0.236,0.22,0.157
460.0,466.0,0.017,0.034,0.05,0.065,0.079,0.093,0.106,0.118,0.13,0.141,0.152,0.162,0.212,0.247,0.271,0.286,0.298,0.295,0.283,0.267,0.25,0.232,0.216,0.154
460.0,467.0,0.018,0.035,0.051,0.066,0.081,0.095,0.108,0.12,0.132,0.143,0.154,0.164,0.214,0.25,0.273,0.288,0.298,0.294,0.281,0.264,0.247,0.23,0.213,0.151
460.0,468.0,0.018,0.035,0.052,0.067,0.082,0.096,0.109,0.122,0.134,0.145,0.156,0.166,0.216,0.251,0.274,0.289,0.298,0.293,0.28,0.263,0.245,0.227,0.211,0.149
460.0,469.0,0.018,0.036,0.052,0.068,0.083,0.097,0.11,0.123,0.135,0.146,0.157,0.167,0.218,0.253,0.275,0.289,0.298,0.292,0.279,0.261,0.243,0.226,0.209,0.147
460.0,470.0,0.018,0.036,0.052,0.068,0.083,0.097,0.111,0.124,0.136,0.147,0.158,0.168,0.219,0.253,0.276,0.29,0.298,0.292,0.278,0.26,0.242,0.224,0.208,0.146
460.0,471.0,0.019,0.036,0.053,0.069,0.084,0.098,0.112,0.124,0.137,0.148,0.159,0.169,0.22,0.254,0.277,0.29,0.298,0.291,0.277,0.259,0.241,0.223,0.207,0.145
460.0,472.0,0.019,0.036,0.053,0.069,0.084,0.098,0.112,0.125,0.137,0.149,0.159,0.17,0.22,0.255,0.277,0.291,0.298,0.291,0.277,0.259,0.24,0.222,0.206,0.144
461.0,462.0,0.012,0.023,0.034,0.045,0.055,0.065,0.075,0.084,0.093,0.102,0.111,0.119,0.163,0.198,0.226,0.248,0.278,0.293,0.298,0.297,0.291,0.282,0.272,0.215
461.0,463.0,0.012,0.024,0.036,0.047,0.058,0.068,0.078,0.088,0.098,0.107,0.115,0.124,0.168,0.204,0.232,0.254,0.282,0.295,0.298,0.295,0.288,0.278,0.266,0.208
461.0,464.0,0.013,0.026,0.038,0.05,0.062,0.073,0.083,0.093,0.103,0.113,0.122,0.131,0.177,0.212,0.24,0.261,0.287,0.297,0.298,0.292,0.282,0.271,0.258,0.197
461.0,465.0,0.014,0.028,0.041,0.053,0.065,0.077,0.088,0.099,0.109,0.119,0.128,0.137,0.184,0.22,0.248,0.267,0.291,0.298,0.296,0.288,0.276,0.263,0.249,0.187
461.0,466.0,0.015,0.029,0.043,0.056,0.068,0.081,0.092,0.103,0.114,0.124,0.134,0.143,0.191,0.227,0.254,0.273,0.293,0.298,0.294,0.284,0.271,0.256,0.242,0.178
461.0,467.0,0.016,0.03,0.045,0.058,0.071,0.084,0.096,0.107,0.118,0.129,0.139,0.148,0.197,0.233,0.259,0.277,0.295,0.298,0.291,0.28,0.265,0.25,0.235,0.171
461.0,468.0,0.016,0.032,0.046,0.06,0.074,0.087,0.099,0.111,0.122,0.133,0.143,0.153,0.202,0.238,0.263,0.28,0.297,0.297,0.289,0.276,0.26,0.244,0.229,0.165
461.0,469.0,0.017,0.033,0.048,0.062,0.076,0.089,0.102,0.114,0.125,0.136,0.147,0.156,0.206,0.242,0.267,0.283,0.297,0.296,0.287,0.272,0.256,0.24,0.224,0.16
461.0,470.0,0.017,0.033,0.049,0.064,0.078,0.092,0.104,0.117,0.128,0.139,0.15,0.16,0.21,0.245,0.269,0.285,0.298,0.295,0.284,0.269,0.252,0.235,0.219,0.156
461.0,471.0,0.018,0.034,0.05,0.065,0.08,0.093,0.106,0.119,0.131,0.142,0.152,0.162,0.212,0.248,0.272,0.287,0.298,0.294,0.282,0.266,0.249,0.232,0.216,0.153
461.0,472.0,0.018,0.035,0.051,0.066,0.081,0.095,0.108,0.121,0.133,0.144,0.155,0.165,0.215,0.25,0.273,0.288,0.298,0.293,0.281,0.264,0.246,0.229,0.213,0.15
461.0,473.0,0.018,0.035,0.052,0.067,0.082,0.096,0.11,0.122,0.134,0.146,0.156,0.167,0.217,0.252,0.275,0.289,0.298,0.293,0.279,0.262,0.244,0.227,0.21,0.148
462.0,463.0,0.013,0.025,0.037,0.049,0.06,0.071,0.081,0.091,0.101,0.11,0.119,0.128,0.173,0.209,0.237,0.258,0.285,0.296,0.298,0.293,0.285,0.273,0.261,0.201
462.0,464.0,0.014,0.027,0.039,0.051,0.063,0.074,0.085,0.096,0.106,0.115,0.125,0.133,0.18,0.216,0.243,0.264,0.288,0.298,0.297,0.29,0.28,0.267,0.254,0.193
462.0,465.0,0.014,0.028,0.041,0.054,0.066,0.077,0.088,0.099,0.11,0.119,0.129,0.138,0.185,0.221,0.248,0.268,0.291,0.298,0.296,0.287,0.276,0.262,0.248,0.186
462.0,466.0,0.015,0.029,0.042,0.055,0.068,0.08,0.091,0.102,0.113,0.123,0.133,0.142,0.19,0.226,0.253,0.272,0.293,0.298,0.294,0.285,0.272,0.258,0.243,0.18
462.0,467.0,0.015,0.03,0.044,0.057,0.07,0.082,0.094,0.105,0.116,0.126,0.136,0.145,0.194,0.23,0.256,0.275,0.294,0.298,0.293,0.282,0.268,0.253,0.239,0.175
462.0,468.0,0.016,0.03,0.045,0.058,0.071,0.084,0.096,0.107,0.118,0.129,0.139,0.148,0.197,0.233,0.259,0.277,0.295,0.298,0.291,0.279,0.265,0.25,0.234,0.171
462.0,469.0,0.016,0.031,0.046,0.06,0.073,0.086,0.098,0.11,0.121,0.131,0.142,0.151,0.2,0.236,0.262,0.279,0.296,0.298,0.29,0.277,0.262,0.246,0.231,0.167
462.0,470.0,0.016,0.032,0.047,0.061,0.074,0.087,0.1,0.112,0.123,0.134,0.144,0.154,0.203,0.239,0.264,0.281,0.297,0.297,0.288,0.275,0.259,0.243,0.227,0.164
462.0,471.0,0.017,0.032,0.048,0.062,0.076,0.089,0.101,0.113,0.125,0.136,0.146,0.156,0.205,0.241,0.266,0.282,0.297,0.297,0.287,0.273,0.257,0.24,0.225,0.161
462.0,472.0,0.017,0.033,0.048,0.063,0.077,0.09,0.103,0.115,0.126,0.137,0.148,0.158,0.207,0.243,0.268,0.284,0.298,0.296,0.286,0.271,0.255,0.238,0.222,0.159
462.0,473.0,0.017,0.033,0.049,0.064,0.078,0.091,0.104,0.116,0.128,0.139,0.149,0.159,0.209,0.245,0.269,0.285,0.298,0.295,0.285,0.269,0.253,0.236,0.22,0.157
462.0,474.0,0.017,0.034,0.05,0.065,0.079,0.092,0.105,0.118,0.129,0.14,0.151,0.161,0.211,0.246,0.27,0.286,0.298,0.295,0.283,0.268,0.251,0.234,0.218,0.155
463.0,464.0,0.014,0.027,0.039,0.051,0.063,0.074,0.085,0.096,0.106,0.115,0.125,0.134,0.18,0.216,0.244,0.264,0.289,0.298,0.297,0.29,0.28,0.267,0.254,0.192
463.0,465.0,0.014,0.028,0.041,0.054,0.066,0.078,0.089,0.1,0.11,0.12,0.13,0.139,0.186,0.222,0.249,0.269,0.291,0.298,0.296,0.287,0.275,0.261,0.247,0.185
463.0,466.0,0.015,0.029,0.043,0.056,0.068,0.081,0.092,0.103,0.114,0.124,0.134,0.143,0.191,0.227,0.254,0.273,0.293,0.298,0.294,0.284,0.271,0.256,0.241,0.178
463.0,467.0,0.015,0.03,0.044,0.058,0.071,0.083,0.095,0.106,0.117,0.127,0.137,0.147,0.195,0.231,0.258,0.276,0.295,0.298,0.292,0.281,0.267,0.252,0.237,0.173
463.0,468.0,0.016,0.031,0.045,0.059,0.072,0.085,0.097,0.109,0.12,0.13,0.141,0.15,0.199,0.235,0.261,0.278,0.296,0.298,0.29,0.278,0.263,0.248,0.232,0.169
463.0,469.0,0.016,0.032,0.046,0.061,0.074,0.087,0.099,0.111,0.122,0.133,0.143,0.153,0.202,0.238,0.263,0.281,0.297,0.297,0.289,0.275,0.26,0.244,0.228,0.165
463.0,470.0,0.017,0.032,0.047,0.062,0.076,0.089,0.101,0.113,0.125,0.135,0.146,0.155,0.205,0.241,0.266,0.282,0.297,0.297,0.287,0.273,0.257,0.241,0.225,0.162
463.0,471.0,0.017,0.033,0.048,0.063,0.077,0.09,0.103,0.115,0.126,0.137,0.148,0.158,0.207,0.243,0.268,0.284,0.298,0.296,0.286,0.271,0.255,0.238,0.222,0.159
463.0,472.0,0.017,0.033,0.049,0.064,0.078,0.091,0.104,0.116,0.128,0.139,0.15,0.16,0.209,0.245,0.269,0.285,0.298,0.295,0.284,0.269,0.252,0.236,0.219,0.156
463.0,473.0,0.017,0.034,0.05,0.065,0.079,0.093,0.106,0.118,0.13,0.141,0.151,0.161,0.211,0.247,0.271,0.286,0.298,0.295,0.283,0.268,0.25,0.233,0.217,0.154
463.0,474.0,0.018,0.034,0.05,0.065,0.08,0.094,0.107,0.119,0.131,0.142,0.153,0.163,0.213,0.248,0.272,0.287,0.298,0.294,0.282,0.266,0.249,0.232,0.215,0.153
463.0,475.0,0.018,0.035,0.051,0.066,0.081,0.094,0.108,0.12,0.132,0.143,0.154,0.164,0.214,0.249,0.273,0.288,0.298,0.294,0.281,0.265,0.247,0.23,0.213,0.151
464.0,465.0,0.013,0.026,0.039,0.051,0.062,0.073,0.084,0.094,0.104,0.114,0.123,0.131,0.178,0.214,0.241,0.262,0.287,0.297,0.298,0.291,0.282,0.27,0.257,0.196
464.0,466.0,0.014,0.028,0.041,0.053,0.065,0.077,0.088,0.098,0.109,0.119,0.128,0.137,0.184,0.22,0.247,0.267,0.291,0.298,0.296,0.288,0.276,0.263,0.249,0.187
464.0,467.0,0.015,0.029,0.043,0.056,0.068,0.08,0.092,0.103,0.113,0.124,0.133,0.143,0.19,0.227,0.253,0.272,0.293,0.298,0.294,0.284,0.271,0.257,0.242,0.179
464.0,468.0,0.015,0.03,0.044,0.058,0.071,0.083,0.095,0.107,0.118,0.128,0.138,0.147,0.196,0.232,0.258,0.276,0.295,0.298,0.292,0.28,0.266,0.251,0.236,0.172
464.0,469.0,0.016,0.031,0.046,0.06,0.073,0.086,0.098,0.11,0.121,0.132,0.142,0.152,0.201,0.237,0.262,0.28,0.296,0.297,0.289,0.277,0.261,0.246,0.23,0.167
464.0,470.0,0.017,0.032,0.047,0.062,0.075,0.089,0.101,0.113,0.124,0.135,0.146,0.155,0.205,0.241,0.266,0.282,0.297,0.297,0.287,0.273,0.257,0.241,0.225,0.162
464.0,471.0,0.017,0.033,0.049,0.063,0.077,0.091,0.103,0.116,0.127,0.138,0.149,0.159,0.208,0.244,0.268,0.284,0.298,0.296,0.285,0.27,0.254,0.237,0.221,0.158
464.0,472.0,0.017,0.034,0.05,0.065,0.079,0.093,0.106,0.118,0.13,0.141,0.151,0.161,0.211,0.247,0.271,0.286,0.298,0.295,0.283,0.268,0.25,0.233,0.217,0.154
464.0,473.0,0.018,0.035,0.051,0.066,0.08,0.094,0.107,0.12,0.132,0.143,0.154,0.164,0.214,0.249,0.273,0.287,0.298,0.294,0.281,0.265,0.248,0.23,0.214,0.152
464.0,474.0,0.018,0.035,0.051,0.067,0.082,0.096,0.109,0.121,0.133,0.145,0.155,0.166,0.216,0.251,0.274,0.288,0.298,0.293,0.28,0.263,0.245,0.228,0.211,0.149
464.0,475.0,0.018,0.036,0.052,0.068,0.083,0.097,0.11,0.123,0.135,0.146,0.157,0.167,0.218,0.253,0.275,0.289,0.298,0.292,0.279,0.261,0.243,0.226,0.209,0.147
464.0,476.0,0.018,0.036,0.053,0.069,0.084,0.098,0.111,0.124,0.136,0.148,0.159,0.169,0.219,0.254,0.277,0.29,0.298,0.292,0.277,0.26,0.241,0.224,0.207,0.145
465.0,466.0,0.015,0.029,0.043,0.056,0.068,0.08,0.092,0.103,0.113,0.124,0.133,0.143,0.191,0.227,0.253,0.272,0.293,0.298,0.294,0.284,0.271,0.257,0.242,0.179
465.0,467.0,0.016,0.031,0.045,0.059,0.072,0.084,0.097,0.108,0.119,0.13,0.14,0.149,0.198,0.234,0.26,0.278,0.296,0.298,0.291,0.279,0.264,0.249,0.233,0.17
465.0,468.0,0.016,0.032,0.047,0.061,0.075,0.088,0.1,0.112,0.123,0.134,0.144,0.154,0.203,0.239,0.264,0.281,0.297,0.297,0.288,0.275,0.259,0.243,0.227,0.164
465.0,469.0,0.017,0.033,0.048,0.063,0.077,0.09,0.103,0.115,0.127,0.138,0.148,0.158,0.208,0.243,0.268,0.284,0.298,0.296,0.286,0.271,0.254,0.238,0.222,0.159
465.0,470.0,0.017,0.034,0.05,0.065,0.079,0.093,0.106,0.118,0.13,0.141,0.151,0.161,0.211,0.247,0.271,0.286,0.298,0.295,0.283,0.268,0.251,0.233,0.217,0.154
465.0,471.0,0.018,0.035,0.051,0.066,0.081,0.095,0.108,0.12,0.132,0.143,0.154,0.164,0.214,0.249,0.273,0.288,0.298,0.294,0.281,0.265,0.247,0.23,0.213,0.151
465.0,472.0,0.018,0.035,0.052,0.067,0.082,0.096,0.11,0.122,0.134,0.146,0.157,0.167,0.217,0.252,0.275,0.289,0.298,0.293,0.279,0.262,0.244,0.226,0.21,0.148
465.0,473.0,0.018,0.036,0.053,0.069,0.084,0.098,0.111,0.124,0.136,0.148,0.159,0.169,0.219,0.254,0.277,0.29,0.298,0.292,0.277,0.26,0.241,0.223,0.207,0.145
465.0,474.0,0.019,0.037,0.054,0.07,0.085,0.099,0.113,0.126,0.138,0.15,0.161,0.171,0.221,0.256,0.278,0.291,0.298,0.291,0.276,0.257,0.239,0.221,0.204,0.143
465.0,475.0,0.019,0.037,0.054,0.07,0.086,0.1,0.114,0.127,0.14,0.151,0.162,0.173,0.223,0.257,0.279,0.292,0.298,0.29,0.274,0.256,0.237,0.219,0.202,0.141
465.0,476.0,0.019,0.038,0.055,0.071,0.087,0.101,0.115,0.129,0.141,0.153,0.164,0.174,0.225,0.259,0.28,0.292,0.298,0.289,0.273,0.254,0.235,0.217,0.2,0.139
465.0,477.0,0.019,0.038,0.055,0.072,0.088,0.102,0.116,0.13,0.142,0.154,0.165,0.175,0.226,0.26,0.281,0.293,0.298,0.288,0.272,0.253,0.233,0.215,0.198,0.138
466.0,467.0,0.014,0.027,0.04,0.052,0.064,0.076,0.087,0.097,0.108,0.117,0.127,0.136,0.182,0.219,0.246,0.266,0.29,0.298,0.297,0.289,0.278,0.265,0.251,0.189
466.0,468.0,0.015,0.029,0.042,0.055,0.067,0.079,0.091,0.102,0.112,0.122,0.132,0.141,0.189,0.225,0.252,0.271,0.292,0.298,0.295,0.285,0.273,0.259,0.244,0.181
466.0,469.0,0.015,0.029,0.043,0.057,0.069,0.082,0.093,0.104,0.115,0.125,0.135,0.145,0.193,0.229,0.255,0.274,0.294,0.298,0.293,0.283,0.269,0.254,0.24,0.176
466.0,470.0,0.015,0.03,0.044,0.058,0.071,0.083,0.095,0.107,0.118,0.128,0.138,0.148,0.196,0.232,0.258,0.276,0.295,0.298,0.292,0.28,0.266,0.251,0.236,0.172
466.0,471.0,0.016,0.031,0.045,0.059,0.073,0.085,0.097,0.109,0.12,0.131,0.141,0.15,0.199,0.235,0.261,0.279,0.296,0.298,0.29,0.278,0.263,0.247,0.232,0.168
466.0,472.0,0.016,0.032,0.046,0.061,0.074,0.087,0.099,0.111,0.122,0.133,0.143,0.153,0.202,0.238,0.263,0.28,0.297,0.297,0.289,0.275,0.26,0.244,0.228,0.165
466.0,473.0,0.017,0.032,0.047,0.062,0.076,0.089,0.101,0.113,0.124,0.135,0.146,0.155,0.205,0.241,0.266,0.282,0.297,0.297,0.287,0.273,0.257,0.241,0.225,0.162
466.0,474.0,0.017,0.033,0.048,0.063,0.077,0.09,0.103,0.115,0.127,0.138,0.148,0.158,0.208,0.243,0.268,0.284,0.298,0.296,0.286,0.271,0.254,0.238,0.222,0.159
466.0,475.0,0.017,0.034,0.049,0.064,0.078,0.092,0.105,0.117,0.129,0.14,0.15,0.16,0.21,0.245,0.27,0.285,0.298,0.295,0.284,0.269,0.252,0.235,0.219,0.156
466.0,476.0,0.018,0.034,0.05,0.065,0.08,0.093,0.106,0.119,0.13,0.142,0.152,0.162,0.212,0.248,0.271,0.287,0.298,0.294,0.282,0.267,0.249,0.232,0.216,0.153
466.0,477.0,0.018,0.035,0.051,0.066,0.081,0.095,0.108,0.12,0.132,0.144,0.154,0.164,0.215,0.25,0.273,0.288,0.298,0.294,0.281,0.264,0.247,0.229,0.213,0.151
466.0,478.0,0.018,0.035,0.052,0.067,0.082,0.096,0.109,0.122,0.134,0.145,0.156,0.166,0.217,0.252,0.275,0.289,0.298,0.293,0.279,0.262,0.244,0.227,0.21,0.148
467.0,468.0,0.014,0.028,0.041,0.054,0.066,0.078,0.089,0.1,0.11,0.12,0.13,0.139,0.186,0.222,0.249,0.269,0.291,0.298,0.296,0.287,0.275,0.261,0.247,0.185
467.0,469.0,0.015,0.029,0.042,0.055,0.067,0.079,0.091,0.102,0.112,0.122,0.132,0.141,0.189,0.225,0.252,0.271,0.293,0.298,0.295,0.285,0.272,0.258,0.244,0.181
467.0,470.0,0.015,0.03,0.044,0.058,0.071,0.083,0.095,0.106,0.117,0.128,0.137,0.147,0.195,0.232,0.258,0.276,0.295,0.298,0.292,0.281,0.267,0.252,0.236,0.173
467.0,471.0,0.016,0.032,0.046,0.06,0.074,0.087,0.099,0.111,0.122,0.133,0.143,0.153,0.202,0.238,0.263,0.28,0.297,0.297,0.289,0.276,0.26,0.244,0.229,0.165
467.0,472.0,0.017,0.033,0.048,0.063,0.077,0.09,0.103,0.115,0.127,0.138,0.148,0.158,0.208,0.243,0.268,0.284,0.298,0.296,0.285,0.271,0.254,0.238,0.221,0.158
467.0,473.0,0.018,0.034,0.05,0.065,0.08,0.094,0.107,0.119,0.131,0.142,0.153,0.163,0.213,0.248,0.272,0.287,0.298,0.294,0.282,0.266,0.249,0.232,0.215,0.153
467.0,474.0,0.018,0.035,0.052,0.067,0.082,0.096,0.11,0.122,0.134,0.146,0.157,0.167,0.217,0.252,0.275,0.289,0.298,0.293,0.279,0.262,0.244,0.226,0.21,0.148
467.0,475.0,0.019,0.036,0.053,0.069,0.084,0.099,0.112,0.125,0.137,0.149,0.16,0.17,0.221,0.255,0.277,0.291,0.298,0.291,0.276,0.258,0.24,0.222,0.205,0.144
467.0,476.0,0.019,0.037,0.054,0.071,0.086,0.101,0.115,0.128,0.14,0.152,0.163,0.173,0.224,0.258,0.28,0.292,0.298,0.289,0.274,0.255,0.236,0.218,0.202,0.141
467.0,477.0,0.019,0.038,0.055,0.072,0.088,0.102,0.116,0.13,0.142,0.154,0.165,0.175,0.226,0.26,0.281,0.293,0.298,0.288,0.272,0.252,0.233,0.215,0.198,0.138
467.0,478.0,0.02,0.039,0.056,0.073,0.089,0.104,0.118,0.131,0.144,0.156,0.167,0.178,0.228,0.262,0.283,0.294,0.298,0.287,0.27,0.25,0.231,0.212,0.196,0.136
467.0,479.0,0.02,0.039,0.057,0.074,0.09,0.105,0.119,0.133,0.146,0.158,0.169,0.179,0.23,0.263,0.284,0.294,0.297,0.286,0.268,0.248,0.228,0.21,0.193,0.134
468.0,469.0,0.013,0.025,0.036,0.048,0.059,0.069,0.079,0.089,0.099,0.108,0.117,0.125,0.17,0.206,0.234,0.255,0.283,0.296,0.298,0.295,0.287,0.276,0.264,0.205
468.0,470.0,0.012,0.024,0.036,0.047,0.058,0.069,0.079,0.088,0.098,0.107,0.116,0.124,0.169,0.205,0.232,0.254,0.282,0.295,0.298,0.295,0.287,0.277,0.266,0.207
468.0,471.0,0.013,0.025,0.037,0.048,0.059,0.069,0.08,0.09,0.099,0.108,0.117,0.126,0.171,0.206,0.234,0.256,0.283,0.296,0.298,0.294,0.286,0.276,0.264,0.205
468.0,472.0,0.013,0.025,0.037,0.049,0.06,0.071,0.081,0.091,0.101,0.11,0.119,0.128,0.173,0.209,0.237,0.258,0.285,0.296,0.298,0.293,0.285,0.273,0.261,0.201
468.0,473.0,0.013,0.026,0.038,0.05,0.061,0.072,0.083,0.093,0.103,0.112,0.122,0.13,0.176,0.212,0.24,0.261,0.286,0.297,0.298,0.292,0.283,0.271,0.258,0.197
468.0,474.0,0.014,0.027,0.039,0.051,0.063,0.074,0.085,0.095,0.105,0.115,0.124,0.133,0.179,0.215,0.243,0.263,0.288,0.298,0.297,0.291,0.28,0.268,0.255,0.193
468.0,475.0,0.014,0.027,0.04,0.052,0.064,0.076,0.087,0.097,0.107,0.117,0.126,0.135,0.182,0.218,0.245,0.266,0.29,0.298,0.297,0.289,0.278,0.265,0.252,0.19
468.0,476.0,0.014,0.028,0.041,0.053,0.065,0.077,0.088,0.099,0.109,0.119,0.129,0.138,0.185,0.221,0.248,0.268,0.291,0.298,0.296,0.288,0.276,0.263,0.249,0.186
468.0,477.0,0.014,0.028,0.042,0.054,0.067,0.079,0.09,0.101,0.111,0.121,0.131,0.14,0.188,0.224,0.251,0.27,0.292,0.298,0.295,0.286,0.274,0.26,0.246,0.183
468.0,478.0,0.015,0.029,0.042,0.056,0.068,0.08,0.092,0.103,0.113,0.123,0.133,0.142,0.19,0.226,0.253,0.272,0.293,0.298,0.294,0.284,0.271,0.257,0.243,0.18
468.0,479.0,0.015,0.029,0.043,0.057,0.069,0.081,0.093,0.104,0.115,0.125,0.135,0.145,0.193,0.229,0.255,0.274,0.294,0.298,0.293,0.283,0.269,0.254,0.24,0.176
468.0,480.0,0.015,0.03,0.044,0.058,0.07,0.083,0.095,0.106,0.117,0.127,0.137,0.147,0.195,0.231,0.257,0.276,0.295,0.298,0.292,0.281,0.267,0.252,0.237,0.173
469.0,470.0,0.013,0.025,0.036,0.048,0.059,0.069,0.079,0.089,0.098,0.108,0.116,0.125,0.17,0.205,0.233,0.255,0.283,0.295,0.298,0.295,0.287,0.276,0.265,0.206
469.0,471.0,0.013,0.026,0.038,0.049,0.061,0.072,0.082,0.092,0.102,0.111,0.12,0.129,0.175,0.211,0.238,0.259,0.286,0.297,0.298,0.293,0.283,0.272,0.26,0.199
469.0,472.0,0.014,0.027,0.04,0.052,0.064,0.076,0.086,0.097,0.107,0.117,0.126,0.135,0.182,0.218,0.245,0.266,0.29,0.298,0.297,0.289,0.278,0.265,0.252,0.19
469.0,473.0,0.015,0.029,0.042,0.055,0.067,0.079,0.091,0.102,0.112,0.122,0.132,0.141,0.189,0.225,0.252,0.271,0.293,0.298,0.295,0.285,0.272,0.258,0.244,0.181
469.0,474.0,0.015,0.03,0.044,0.058,0.071,0.083,0.095,0.106,0.117,0.127,0.137,0.147,0.195,0.231,0.258,0.276,0.295,0.298,0.292,0.281,0.267,0.252,0.237,0.173
469.0,475.0,0.016,0.031,0.046,0.06,0.073,0.086,0.098,0.11,0.121,0.132,0.142,0.152,0.201,0.237,0.262,0.28,0.296,0.297,0.289,0.277,0.261,0.246,0.23,0.167
469.0,476.0,0.017,0.032,0.048,0.062,0.076,0.089,0.102,0.114,0.125,0.136,0.146,0.156,0.205,0.241,0.266,0.283,0.297,0.296,0.287,0.273,0.257,0.24,0.224,0.161
469.0,477.0,0.017,0.033,0.049,0.064,0.078,0.091,0.104,0.117,0.128,0.139,0.15,0.16,0.209,0.245,0.269,0.285,0.298,0.295,0.284,0.269,0.252,0.236,0.219,0.156
469.0,478.0,0.018,0.034,0.05,0.065,0.08,0.094,0.107,0.119,0.131,0.142,0.153,0.163,0.213,0.248,0.272,0.287,0.298,0.294,0.282,0.266,0.249,0.231,0.215,0.153
469.0,479.0,0.018,0.035,0.051,0.067,0.082,0.095,0.109,0.121,0.133,0.145,0.155,0.166,0.216,0.251,0.274,0.288,0.298,0.293,0.28,0.263,0.245,0.228,0.211,0.149
469.0,480.0,0.018,0.036,0.052,0.068,0.083,0.097,0.111,0.123,0.135,0.147,0.158,0.168,0.218,0.253,0.276,0.29,0.298,0.292,0.278,0.261,0.243,0.225,0.208,0.147
469.0,481.0,0.019,0.036,0.053,0.069,0.084,0.098,0.112,0.125,0.137,0.149,0.159,0.17,0.22,0.255,0.277,0.291,0.298,0.291,0.277,0.259,0.24,0.222,0.206,0.144
470.0,471.0,0.014,0.027,0.039,0.051,0.063,0.074,0.085,0.096,0.106,0.115,0.124,0.133,0.18,0.216,0.243,0.264,0.288,0.298,0.297,0.29,0.28,0.268,0.254,0.193
470.0,472.0,0.015,0.029,0.042,0.055,0.067,0.079,0.091,0.102,0.112,0.122,0.132,0.141,0.189,0.225,0.252,0.271,0.293,0.298,0.295,0.285,0.272,0.258,0.244,0.181
470.0,473.0,0.016,0.031,0.045,0.059,0.072,0.084,0.096,0.108,0.119,0.129,0.139,0.149,0.197,0.233,0.259,0.277,0.296,0.298,0.291,0.279,0.265,0.249,0.234,0.171
470.0,474.0,0.017,0.032,0.047,0.062,0.076,0.089,0.101,0.113,0.124,0.135,0.146,0.155,0.205,0.241,0.266,0.282,0.297,0.297,0.287,0.273,0.257,0.241,0.225,0.162
470.0,475.0,0.017,0.034,0.05,0.065,0.079,0.093,0.105,0.118,0.13,0.141,0.151,0.161,0.211,0.247,0.271,0.286,0.298,0.295,0.283,0.268,0.251,0.234,0.217,0.155
470.0,476.0,0.018,0.035,0.052,0.067,0.082,0.096,0.109,0.122,0.134,0.145,0.156,0.166,0.217,0.251,0.275,0.289,0.298,0.293,0.279,0.262,0.245,0.227,0.21,0.148
470.0,477.0,0.019,0.037,0.053,0.069,0.085,0.099,0.113,0.126,0.138,0.149,0.16,0.171,0.221,0.256,0.278,0.291,0.298,0.291,0.276,0.258,0.239,0.221,0.205,0.143
470.0,478.0,0.019,0.038,0.055,0.071,0.087,0.102,0.116,0.129,0.141,0.153,0.164,0.174,0.225,0.259,0.28,0.293,0.298,0.289,0.272,0.254,0.235,0.216,0.2,0.139
470.0,479.0,0.02,0.039,0.056,0.073,0.089,0.104,0.118,0.132,0.144,0.156,0.167,0.178,0.228,0.262,0.283,0.294,0.298,0.287,0.27,0.25,0.231,0.212,0.195,0.136
470.0,480.0,0.02,0.039,0.058,0.075,0.091,0.106,0.12,0.134,0.147,0.159,0.17,0.18,0.231,0.264,0.284,0.295,0.297,0.285,0.267,0.247,0.227,0.209,0.192,0.133
470.0,481.0,0.021,0.04,0.059,0.076,0.092,0.108,0.122,0.136,0.149,0.161,0.172,0.183,0.234,0.266,0.286,0.296,0.296,0.283,0.265,0.244,0.224,0.205,0.189,0.13
470.0,482.0,0.021,0.041,0.06,0.077,0.094,0.109,0.124,0.138,0.151,0.163,0.174,0.185,0.236,0.268,0.287,0.296,0.296,0.282,0.262,0.242,0.221,0.203,0.186,0.128
471.0,472.0,0.014,0.027,0.04,0.053,0.065,0.076,0.087,0.098,0.108,0.118,0.127,0.136,0.183,0.219,0.246,0.266,0.29,0.298,0.296,0.289,0.277,0.264,0.251,0.189
471.0,473.0,0.014,0.028,0.042,0.055,0.067,0.079,0.09,0.101,0.112,0.122,0.131,0.14,0.188,0.224,0.251,0.27,0.292,0.298,0.295,0.286,0.273,0.259,0.245,0.182
471.0,474.0,0.015,0.03,0.043,0.057,0.069,0.082,0.093,0.105,0.115,0.126,0.135,0.145,0.193,0.229,0.256,0.274,0.294,0.298,0.293,0.282,0.269,0.254,0.239,0.176
471.0,475.0,0.016,0.031,0.045,0.059,0.072,0.084,0.096,0.108,0.119,0.129,0.139,0.149,0.198,0.234,0.259,0.277,0.296,0.298,0.291,0.279,0.265,0.249,0.234,0.171
471.0,476.0,0.016,0.031,0.046,0.06,0.074,0.087,0.099,0.111,0.122,0.133,0.143,0.152,0.202,0.237,0.263,0.28,0.297,0.297,0.289,0.276,0.261,0.245,0.229,0.166
471.0,477.0,0.017,0.032,0.047,0.062,0.076,0.089,0.101,0.113,0.125,0.135,0.146,0.156,0.205,0.241,0.266,0.282,0.297,0.297,0.287,0.273,0.257,0.241,0.225,0.162
471.0,478.0,0.017,0.033,0.049,0.063,0.077,0.091,0.103,0.116,0.127,0.138,0.148,0.158,0.208,0.244,0.268,0.284,0.298,0.296,0.285,0.27,0.254,0.237,0.221,0.158
471.0,479.0,0.017,0.034,0.05,0.064,0.079,0.092,0.105,0.118,0.129,0.14,0.151,0.161,0.211,0.246,0.27,0.286,0.298,0.295,0.283,0.268,0.251,0.234,0.218,0.155
471.0,480.0,0.018,0.034,0.05,0.066,0.08,0.094,0.107,0.119,0.131,0.142,0.153,0.163,0.213,0.248,0.272,0.287,0.298,0.294,0.282,0.266,0.248,0.231,0.215,0.152
471.0,481.0,0.018,0.035,0.051,0.067,0.081,0.095,0.108,0.121,0.133,0.144,0.155,0.165,0.215,0.25,0.274,0.288,0.298,0.293,0.28,0.264,0.246,0.229,0.212,0.15
471.0,482.0,0.018,0.035,0.052,0.067,0.082,0.096,0.11,0.122,0.134,0.146,0.156,0.167,0.217,0.252,0.275,0.289,0.298,0.293,0.279,0.262,0.244,0.227,0.21,0.148
471.0,483.0,0.018,0.036,0.052,0.068,0.083,0.097,0.111,0.123,0.136,0.147,0.158,0.168,0.218,0.253,0.276,0.29,0.298,0.292,0.278,0.261,0.242,0.225,0.208,0.146
472.0,473.0,0.016,0.031,0.046,0.059,0.073,0.085,0.098,0.109,0.12,0.131,0.141,0.151,0.2,0.235,0.261,0.279,0.296,0.298,0.29,0.278,0.263,0.247,0.232,0.168
472.0,474.0,0.017,0.033,0.048,0.062,0.076,0.089,0.102,0.114,0.126,0.136,0.147,0.157,0.206,0.242,0.267,0.283,0.297,0.296,0.286,0.272,0.256,0.239,0.223,0.16
472.0,475.0,0.017,0.034,0.049,0.064,0.078,0.092,0.105,0.117,0.129,0.14,0.15,0.16,0.21,0.246,0.27,0.285,0.298,0.295,0.284,0.269,0.252,0.235,0.218,0.156
472.0,476.0,0.018,0.034,0.05,0.066,0.08,0.094,0.107,0.119,0.131,0.142,0.153,0.163,0.213,0.248,0.272,0.287,0.298,0.294,0.282,0.266,0.248,0.231,0.215,0.152
472.0,477.0,0.018,0.035,0.051,0.067,0.081,0.095,0.108,0.121,0.133,0.144,0.155,0.165,0.215,0.25,0.274,0.288,0.298,0.293,0.28,0.264,0.246,0.228,0.212,0.15
472.0,478.0,0.018,0.036,0.052,0.068,0.082,0.097,0.11,0.123,0.135,0.146,0.157,0.167,0.217,0.252,0.275,0.289,0.298,0.292,0.279,0.262,0.244,0.226,0.209,0.147
472.0,479.0,0.018,0.036,0.053,0.068,0.083,0.098,0.111,0.124,0.136,0.148,0.158,0.169,0.219,0.254,0.276,0.29,0.298,0.292,0.277,0.26,0.242,0.224,0.207,0.146
472.0,480.0,0.019,0.036,0.053,0.069,0.084,0.099,0.112,0.125,0.137,0.149,0.16,0.17,0.221,0.255,0.278,0.291,0.298,0.291,0.276,0.258,0.24,0.222,0.205,0.144
472.0,481.0,0.019,0.037,0.054,0.07,0.085,0.1,0.113,0.126,0.139,0.15,0.161,0.172,0.222,0.256,0.279,0.291,0.298,0.29,0.275,0.257,0.238,0.22,0.203,0.142
472.0,482.0,0.019,0.037,0.054,0.071,0.086,0.101,0.114,0.127,0.14,0.151,0.162,0.173,0.223,0.257,0.279,0.292,0.298,0.29,0.274,0.256,0.237,0.219,0.202,0.141
472.0,483.0,0.019,0.037,0.055,0.071,0.087,0.101,0.115,0.128,0.141,0.152,0.163,0.174,0.224,0.258,0.28,0.292,0.298,0.289,0.273,0.254,0.235,0.217,0.201,0.14
472.0,484.0,0.019,0.038,0.055,0.072,0.087,0.102,0.116,0.129,0.141,0.153,0.164,0.175,0.225,0.259,0.281,0.293,0.298,0.289,0.272,0.253,0.234,0.216,0.199,0.139
473.0,474.0,0.016,0.031,0.045,0.059,0.072,0.084,0.096,0.108,0.119,0.129,0.139,0.149,0.198,0.234,0.26,0.278,0.296,0.298,0.291,0.279,0.264,0.249,0.234,0.17
473.0,475.0,0.016,0.031,0.046,0.06,0.073,0.086,0.098,0.11,0.121,0.132,0.142,0.152,0.201,0.237,0.262,0.28,0.296,0.297,0.289,0.277,0.261,0.246,0.23,0.167
473.0,476.0,0.016,0.032,0.047,0.062,0.075,0.088,0.101,0.113,0.124,0.135,0.145,0.155,0.204,0.24,0.265,0.282,0.297,0.297,0.287,0.274,0.258,0.241,0.226,0.162
473.0,477.0,0.017,0.033,0.048,0.063,0.077,0.09,0.103,0.115,0.127,0.138,0.148,0.158,0.208,0.243,0.268,0.284,0.298,0.296,0.285,0.271,0.254,0.238,0.221,0.158
473.0,478.0,0.017,0.034,0.05,0.064,0.079,0.092,0.105,0.118,0.129,0.14,0.151,0.161,0.211,0.246,0.27,0.286,0.298,0.295,0.283,0.268,0.251,0.234,0.218,0.155
473.0,479.0,0.018,0.034,0.051,0.066,0.08,0.094,0.107,0.12,0.131,0.143,0.153,0.163,0.214,0.249,0.272,0.287,0.298,0.294,0.282,0.265,0.248,0.231,0.214,0.152
473.0,480.0,0.018,0.035,0.051,0.067,0.082,0.096,0.109,0.121,0.133,0.145,0.155,0.166,0.216,0.251,0.274,0.288,0.298,0.293,0.28,0.263,0.245,0.228,0.211,0.149
473.0,481.0,0.018,0.036,0.052,0.068,0.083,0.097,0.11,0.123,0.135,0.147,0.157,0.168,0.218,0.253,0.276,0.289,0.298,0.292,0.278,0.261,0.243,0.225,0.209,0.147
473.0,482.0,0.019,0.036,0.053,0.069,0.084,0.098,0.112,0.124,0.137,0.148,0.159,0.169,0.22,0.254,0.277,0.29,0.298,0.291,0.277,0.259,0.241,0.223,0.206,0.145
473.0,483.0,0.019,0.037,0.053,0.07,0.085,0.099,0.113,0.126,0.138,0.15,0.16,0.171,0.221,0.256,0.278,0.291,0.298,0.291,0.276,0.258,0.239,0.221,0.204,0.143
473.0,484.0,0.019,0.037,0.054,0.07,0.086,0.1,0.114,0.127,0.139,0.151,0.162,0.172,0.223,0.257,0.279,0.292,0.298,0.29,0.275,0.256,0.237,0.219,0.203,0.142
473.0,485.0,0.019,0.037,0.055,0.071,0.086,0.101,0.115,0.128,0.14,0.152,0.163,0.173,0.224,0.258,0.28,0.292,0.298,0.289,0.273,0.255,0.236,0.218,0.201,0.14
474.0,475.0,0.015,0.03,0.044,0.057,0.07,0.082,0.094,0.105,0.116,0.126,0.136,0.146,0.194,0.23,0.256,0.275,0.294,0.298,0.293,0.282,0.268,0.253,0.238,0.175
474.0,476.0,0.015,0.03,0.045,0.058,0.071,0.084,0.096,0.107,0.118,0.128,0.138,0.148,0.197,0.233,0.259,0.277,0.295,0.298,0.292,0.28,0.266,0.25,0.235,0.172
474.0,477.0,0.016,0.031,0.046,0.06,0.073,0.086,0.098,0.11,0.121,0.132,0.142,0.152,0.201,0.237,0.262,0.279,0.296,0.297,0.29,0.277,0.262,0.246,0.23,0.167
474.0,478.0,0.016,0.032,0.047,0.062,0.075,0.089,0.101,0.113,0.124,0.135,0.145,0.155,0.205,0.24,0.266,0.282,0.297,0.297,0.287,0.273,0.257,0.241,0.225,0.162
474.0,479.0,0.017,0.033,0.049,0.063,0.077,0.091,0.104,0.116,0.127,0.138,0.149,0.159,0.208,0.244,0.268,0.284,0.298,0.296,0.285,0.27,0.254,0.237,0.221,0.158
474.0,480.0,0.017,0.034,0.05,0.065,0.079,0.093,0.106,0.118,0.13,0.141,0.152,0.162,0.212,0.247,0.271,0.286,0.298,0.295,0.283,0.267,0.25,0.233,0.217,0.154
474.0,481.0,0.018,0.035,0.051,0.066,0.081,0.095,0.108,0.12,0.132,0.143,0.154,0.164,0.214,0.25,0.273,0.288,0.298,0.294,0.281,0.264,0.247,0.23,0.213,0.151
474.0,482.0,0.018,0.035,0.052,0.067,0.082,0.096,0.11,0.122,0.134,0.146,0.156,0.167,0.217,0.252,0.275,0.289,0.298,0.293,0.279,0.262,0.244,0.227,0.21,0.148
474.0,483.0,0.018,0.036,0.053,0.068,0.083,0.098,0.111,0.124,0.136,0.147,0.158,0.169,0.219,0.254,0.276,0.29,0.298,0.292,0.277,0.26,0.242,0.224,0.207,0.146
474.0,484.0,0.019,0.036,0.053,0.069,0.084,0.099,0.112,0.125,0.138,0.149,0.16,0.17,0.221,0.255,0.278,0.291,0.298,0.291,0.276,0.258,0.24,0.222,0.205,0.144
474.0,485.0,0.019,0.037,0.054,0.07,0.085,0.1,0.114,0.127,0.139,0.151,0.161,0.172,0.222,0.257,0.279,0.291,0.298,0.29,0.275,0.257,0.238,0.22,0.203,0.142
474.0,486.0,0.019,0.037,0.054,0.071,0.086,0.101,0.115,0.128,0.14,0.152,0.163,0.173,0.224,0.258,0.28,0.292,0.298,0.289,0.274,0.255,0.236,0.218,0.201,0.141
475.0,476.0,0.013,0.026,0.038,0.05,0.061,0.072,0.083,0.093,0.103,0.112,0.121,0.13,0.176,0.212,0.239,0.26,0.286,0.297,0.298,0.292,0.283,0.271,0.259,0.198
475.0,477.0,0.013,0.026,0.038,0.049,0.061,0.071,0.082,0.092,0.102,0.111,0.12,0.129,0.174,0.21,0.238,0.259,0.285,0.297,0.298,0.293,0.284,0.273,0.26,0.2
475.0,478.0,0.013,0.026,0.038,0.05,0.061,0.072,0.083,0.093,0.103,0.112,0.121,0.13,0.176,0.212,0.24,0.26,0.286,0.297,0.298,0.292,0.283,0.271,0.258,0.198
475.0,479.0,0.013,0.026,0.039,0.051,0.062,0.074,0.084,0.095,0.105,0.114,0.123,0.132,0.178,0.214,0.242,0.263,0.288,0.298,0.297,0.291,0.281,0.269,0.256,0.194
475.0,480.0,0.014,0.027,0.04,0.052,0.064,0.075,0.086,0.097,0.107,0.116,0.126,0.135,0.181,0.217,0.245,0.265,0.289,0.298,0.297,0.29,0.279,0.266,0.253,0.191
475.0,481.0,0.014,0.028,0.041,0.053,0.065,0.077,0.088,0.098,0.109,0.119,0.128,0.137,0.184,0.22,0.247,0.267,0.291,0.298,0.296,0.288,0.277,0.263,0.249,0.187
475.0,482.0,0.014,0.028,0.041,0.054,0.066,0.078,0.09,0.1,0.111,0.121,0.13,0.14,0.187,0.223,0.25,0.27,0.292,0.298,0.295,0.286,0.274,0.26,0.246,0.184
475.0,483.0,0.015,0.029,0.042,0.055,0.068,0.08,0.091,0.102,0.113,0.123,0.133,0.142,0.19,0.226,0.253,0.272,0.293,0.298,0.294,0.285,0.272,0.258,0.243,0.18
475.0,484.0,0.015,0.029,0.043,0.056,0.069,0.081,0.093,0.104,0.115,0.125,0.135,0.144,0.192,0.229,0.255,0.274,0.294,0.298,0.293,0.283,0.269,0.255,0.24,0.177
475.0,485.0,0.015,0.03,0.044,0.058,0.07,0.083,0.095,0.106,0.117,0.127,0.137,0.147,0.195,0.231,0.257,0.276,0.295,0.298,0.292,0.281,0.267,0.252,0.237,0.174
475.0,486.0,0.016,0.031,0.045,0.059,0.072,0.084,0.096,0.108,0.119,0.129,0.139,0.149,0.198,0.234,0.26,0.277,0.296,0.298,0.291,0.279,0.265,0.249,0.234,0.17
475.0,487.0,0.016,0.031,0.046,0.06,0.073,0.086,0.098,0.11,0.121,0.131,0.141,0.151,0.2,0.236,0.262,0.279,0.296,0.298,0.29,0.277,0.262,0.246,0.231,0.168
476.0,477.0,0.013,0.026,0.039,0.05,0.062,0.073,0.084,0.094,0.104,0.113,0.122,0.131,0.177,0.213,0.241,0.262,0.287,0.297,0.298,0.292,0.282,0.27,0.257,0.196
476.0,478.0,0.014,0.027,0.04,0.052,0.064,0.075,0.086,0.097,0.107,0.117,0.126,0.135,0.182,0.218,0.245,0.265,0.289,0.298,0.297,0.289,0.279,0.266,0.252,0.19
476.0,479.0,0.014,0.028,0.042,0.055,0.067,0.079,0.09,0.101,0.111,0.121,0.131,0.14,0.188,0.224,0.251,0.27,0.292,0.298,0.295,0.286,0.273,0.26,0.245,0.183
476.0,480.0,0.015,0.03,0.044,0.057,0.07,0.082,0.094,0.105,0.116,0.126,0.136,0.146,0.194,0.23,0.256,0.275,0.294,0.298,0.293,0.282,0.268,0.253,0.238,0.175
476.0,481.0,0.016,0.031,0.046,0.059,0.073,0.085,0.098,0.109,0.12,0.131,0.141,0.151,0.199,0.235,0.261,0.279,0.296,0.298,0.29,0.278,0.263,0.247,0.232,0.168
476.0,482.0,0.016,0.032,0.047,0.062,0.075,0.088,0.101,0.113,0.124,0.135,0.145,0.155,0.204,0.24,0.265,0.282,0.297,0.297,0.287,0.274,0.258,0.242,0.226,0.162
476.0,483.0,0.017,0.033,0.049,0.063,0.078,0.091,0.104,0.116,0.127,0.138,0.149,0.159,0.209,0.244,0.269,0.284,0.298,0.296,0.285,0.27,0.253,0.237,0.22,0.157
476.0,484.0,0.017,0.034,0.05,0.065,0.08,0.093,0.106,0.119,0.13,0.142,0.152,0.162,0.212,0.248,0.271,0.287,0.298,0.294,0.282,0.267,0.249,0.232,0.216,0.153
476.0,485.0,0.018,0.035,0.051,0.067,0.081,0.095,0.109,0.121,0.133,0.144,0.155,0.165,0.215,0.25,0.274,0.288,0.298,0.293,0.28,0.264,0.246,0.228,0.212,0.15
476.0,486.0,0.018,0.036,0.052,0.068,0.083,0.097,0.11,0.123,0.135,0.147,0.158,0.168,0.218,0.253,0.276,0.29,0.298,0.292,0.278,0.261,0.243,0.225,0.208,0.147
476.0,487.0,0.019,0.036,0.053,0.069,0.084,0.099,0.112,0.125,0.137,0.149,0.16,0.17,0.22,0.255,0.277,0.291,0.298,0.291,0.276,0.259,0.24,0.222,0.206,0.144
476.0,488.0,0.019,0.037,0.054,0.07,0.085,0.1,0.114,0.127,0.139,0.151,0.162,0.172,0.222,0.257,0.279,0.292,0.298,0.29,0.275,0.256,0.238,0.22,0.203,0.142
477.0,478.0,0.014,0.028,0.041,0.053,0.065,0.077,0.088,0.098,0.109,0.118,0.128,0.137,0.184,0.22,0.247,0.267,0.29,0.298,0.296,0.288,0.277,0.263,0.25,0.187
477.0,479.0,0.015,0.029,0.043,0.056,0.068,0.08,0.092,0.103,0.114,0.124,0.134,0.143,0.191,0.227,0.254,0.273,0.293,0.298,0.294,0.284,0.271,0.256,0.242,0.179
477.0,480.0,0.016,0.031,0.045,0.059,0.072,0.085,0.097,0.108,0.119,0.13,0.14,0.149,0.198,0.234,0.26,0.278,0.296,0.298,0.291,0.279,0.264,0.248,0.233,0.17
477.0,481.0,0.017,0.032,0.047,0.062,0.076,0.089,0.101,0.113,0.125,0.135,0.146,0.156,0.205,0.241,0.266,0.282,0.297,0.297,0.287,0.273,0.257,0.241,0.225,0.162
477.0,482.0,0.017,0.034,0.05,0.065,0.079,0.093,0.105,0.118,0.129,0.141,0.151,0.161,0.211,0.246,0.271,0.286,0.298,0.295,0.283,0.268,0.251,0.234,0.217,0.155
477.0,483.0,0.018,0.035,0.052,0.067,0.082,0.096,0.109,0.122,0.134,0.145,0.156,0.166,0.216,0.251,0.274,0.289,0.298,0.293,0.28,0.263,0.245,0.227,0.211,0.149
477.0,484.0,0.019,0.036,0.053,0.069,0.084,0.099,0.112,0.125,0.138,0.149,0.16,0.17,0.221,0.255,0.278,0.291,0.298,0.291,0.276,0.258,0.24,0.222,0.205,0.144
477.0,485.0,0.019,0.038,0.055,0.071,0.087,0.101,0.115,0.128,0.141,0.153,0.164,0.174,0.225,0.259,0.28,0.292,0.298,0.289,0.273,0.254,0.235,0.217,0.2,0.14
477.0,486.0,0.02,0.038,0.056,0.073,0.089,0.104,0.118,0.131,0.144,0.156,0.167,0.177,0.228,0.261,0.282,0.294,0.298,0.287,0.27,0.251,0.231,0.213,0.196,0.136
477.0,487.0,0.02,0.039,0.057,0.074,0.09,0.106,0.12,0.133,0.146,0.158,0.169,0.18,0.231,0.264,0.284,0.295,0.297,0.285,0.267,0.247,0.228,0.209,0.193,0.133
477.0,488.0,0.021,0.04,0.058,0.076,0.092,0.107,0.122,0.135,0.148,0.16,0.172,0.182,0.233,0.266,0.285,0.295,0.297,0.284,0.265,0.245,0.225,0.206,0.19,0.131
477.0,489.0,0.021,0.041,0.059,0.077,0.093,0.109,0.123,0.137,0.15,0.162,0.174,0.184,0.235,0.267,0.287,0.296,0.296,0.282,0.263,0.242,0.222,0.204,0.187,0.129
478.0,479.0,0.015,0.03,0.044,0.058,0.071,0.083,0.095,0.107,0.117,0.128,0.138,0.147,0.196,0.232,0.258,0.276,0.295,0.298,0.292,0.28,0.266,0.251,0.236,0.173
478.0,480.0,0.016,0.031,0.046,0.06,0.074,0.087,0.099,0.111,0.122,0.132,0.143,0.152,0.201,0.237,0.263,0.28,0.297,0.297,0.289,0.276,0.261,0.245,0.229,0.166
478.0,481.0,0.016,0.032,0.047,0.061,0.075,0.088,0.1,0.112,0.124,0.134,0.145,0.154,0.204,0.24,0.265,0.282,0.297,0.297,0.288,0.274,0.258,0.242,0.226,0.163
478.0,482.0,0.017,0.032,0.047,0.062,0.076,0.089,0.101,0.113,0.125,0.136,0.146,0.156,0.205,0.241,0.266,0.282,0.297,0.297,0.287,0.273,0.257,0.241,0.225,0.161
478.0,483.0,0.017,0.033,0.048,0.062,0.076,0.089,0.102,0.114,0.126,0.136,0.147,0.157,0.206,0.242,0.267,0.283,0.297,0.296,0.286,0.272,0.256,0.239,0.223,0.16
478.0,484.0,0.017,0.033,0.048,0.063,0.077,0.09,0.103,0.115,0.126,0.137,0.148,0.158,0.207,0.243,0.267,0.284,0.298,0.296,0.286,0.271,0.255,0.238,0.222,0.159
478.0,485.0,0.017,0.033,0.049,0.063,0.077,0.091,0.103,0.116,0.127,0.138,0.149,0.158,0.208,0.244,0.268,0.284,0.298,0.296,0.285,0.27,0.254,0.237,0.221,0.158
478.0,486.0,0.017,0.033,0.049,0.064,0.078,0.091,0.104,0.116,0.128,0.139,0.149,0.159,0.209,0.245,0.269,0.285,0.298,0.295,0.285,0.27,0.253,0.236,0.22,0.157
478.0,487.0,0.017,0.034,0.049,0.064,0.078,0.092,0.105,0.117,0.129,0.14,0.15,0.16,0.21,0.245,0.27,0.285,0.298,0.295,0.284,0.269,0.252,0.235,0.219,0.156
478.0,488.0,0.017,0.034,0.05,0.065,0.079,0.092,0.105,0.118,0.129,0.14,0.151,0.161,0.211,0.246,0.27,0.286,0.298,0.295,0.283,0.268,0.251,0.234,0.218,0.155
478.0,489.0,0.017,0.034,0.05,0.065,0.079,0.093,0.106,0.118,0.13,0.141,0.152,0.162,0.212,0.247,0.271,0.286,0.298,0.295,0.283,0.267,0.25,0.233,0.217,0.154
478.0,490.0,0.018,0.034,0.05,0.065,0.08,0.093,0.106,0.119,0.131,0.142,0.152,0.163,0.213,0.248,0.272,0.287,0.298,0.294,0.282,0.266,0.249,0.232,0.215,0.153
479.0,480.0,0.016,0.031,0.046,0.059,0.073,0.085,0.098,0.109,0.12,0.131,0.141,0.151,0.2,0.236,0.261,0.279,0.296,0.298,0.29,0.278,0.263,0.247,0.232,0.168
479.0,481.0,0.016,0.031,0.046,0.06,0.073,0.086,0.098,0.11,0.121,0.132,0.142,0.152,0.201,0.237,0.262,0.28,0.296,0.297,0.289,0.276,0.261,0.245,0.23,0.166
479.0,482.0,0.016,0.031,0.046,0.06,0.074,0.087,0.099,0.111,0.122,0.133,0.143,0.152,0.202,0.237,0.263,0.28,0.297,0.297,0.289,0.276,0.261,0.245,0.229,0.166
479.0,483.0,0.016,0.032,0.046,0.061,0.074,0.087,0.099,0.111,0.122,0.133,0.143,0.153,0.202,0.238,0.263,0.28,0.297,0.297,0.289,0.276,0.26,0.244,0.229,0.165
479.0,484.0,0.016,0.032,0.047,0.061,0.074,0.087,0.1,0.111,0.123,0.133,0.143,0.153,0.202,0.238,0.264,0.281,0.297,0.297,0.289,0.275,0.26,0.244,0.228,0.165
479.0,485.0,0.016,0.032,0.047,0.061,0.074,0.087,0.1,0.112,0.123,0.134,0.144,0.154,0.203,0.239,0.264,0.281,0.297,0.297,0.288,0.275,0.259,0.243,0.228,0.164
479.0,486.0,0.016,0.032,0.047,0.061,0.075,0.088,0.1,0.112,0.123,0.134,0.144,0.154,0.203,0.239,0.264,0.281,0.297,0.297,0.288,0.275,0.259,0.243,0.227,0.164
479.0,487.0,0.016,0.032,0.047,0.061,0.075,0.088,0.1,0.112,0.124,0.134,0.145,0.154,0.204,0.24,0.265,0.281,0.297,0.297,0.288,0.274,0.258,0.242,0.226,0.163
479.0,488.0,0.016,0.032,0.047,0.061,0.075,0.088,0.101,0.113,0.124,0.135,0.145,0.155,0.204,0.24,0.265,0.282,0.297,0.297,0.288,0.274,0.258,0.242,0.226,0.163
479.0,489.0,0.016,0.032,0.047,0.062,0.075,0.089,0.101,0.113,0.124,0.135,0.145,0.155,0.205,0.24,0.265,0.282,0.297,0.297,0.287,0.273,0.257,0.241,0.225,0.162
479.0,490.0,0.017,0.032,0.047,0.062,0.076,0.089,0.101,0.113,0.125,0.136,0.146,0.156,0.205,0.241,0.266,0.282,0.297,0.297,0.287,0.273,0.257,0.241,0.225,0.161
479.0,491.0,0.017,0.032,0.048,0.062,0.076,0.089,0.102,0.114,0.125,0.136,0.146,0.156,0.206,0.241,0.266,0.283,0.297,0.296,0.287,0.273,0.256,0.24,0.224,0.161
480.0,481.0,0.019,0.036,0.053,0.069,0.085,0.099,0.113,0.125,0.138,0.149,0.16,0.17,0.221,0.255,0.278,0.291,0.298,0.291,0.276,0.258,0.239,0.222,0.205,0.144
480.0,482.0,0.019,0.038,0.055,0.072,0.087,0.102,0.116,0.129,0.142,0.154,0.165,0.175,0.226,0.26,0.281,0.293,0.298,0.288,0.272,0.253,0.234,0.216,0.199,0.138
480.0,483.0,0.02,0.038,0.056,0.073,0.088,0.103,0.117,0.131,0.143,0.155,0.166,0.177,0.227,0.261,0.282,0.294,0.298,0.287,0.27,0.251,0.232,0.213,0.197,0.137
480.0,484.0,0.02,0.039,0.056,0.073,0.089,0.104,0.118,0.132,0.144,0.156,0.167,0.178,0.228,0.262,0.283,0.294,0.298,0.287,0.27,0.25,0.231,0.212,0.196,0.136
480.0,485.0,0.02,0.039,0.057,0.073,0.089,0.104,0.119,0.132,0.145,0.156,0.168,0.178,0.229,0.262,0.283,0.294,0.297,0.287,0.269,0.249,0.23,0.212,0.195,0.135
480.0,486.0,0.02,0.039,0.057,0.074,0.09,0.105,0.119,0.132,0.145,0.157,0.168,0.179,0.229,0.263,0.283,0.294,0.297,0.286,0.269,0.249,0.229,0.211,0.194,0.135
480.0,487.0,0.02,0.039,0.057,0.074,0.09,0.105,0.119,0.133,0.145,0.157,0.168,0.179,0.23,0.263,0.283,0.294,0.297,0.286,0.268,0.249,0.229,0.211,0.194,0.134
480.0,488.0,0.02,0.039,0.057,0.074,0.09,0.105,0.119,0.133,0.146,0.157,0.169,0.179,0.23,0.263,0.284,0.294,0.297,0.286,0.268,0.248,0.229,0.21,0.193,0.134
480.0,489.0,0.02,0.039,0.057,0.074,0.09,0.105,0.12,0.133,0.146,0.158,0.169,0.179,0.23,0.263,0.284,0.294,0.297,0.286,0.268,0.248,0.228,0.21,0.193,0.134
480.0,490.0,0.02,0.039,0.057,0.074,0.09,0.106,0.12,0.133,0.146,0.158,0.169,0.18,0.23,0.264,0.284,0.295,0.297,0.286,0.268,0.248,0.228,0.21,0.193,0.133
480.0,491.0,0.02,0.039,0.057,0.074,0.09,0.106,0.12,0.133,0.146,0.158,0.169,0.18,0.231,0.264,0.284,0.295,0.297,0.285,0.267,0.247,0.228,0.209,0.193,0.133
480.0,492.0,0.02,0.039,0.057,0.074,0.091,0.106,0.12,0.134,0.146,0.158,0.17,0.18,0.231,0.264,0.284,0.295,0.297,0.285,0.267,0.247,0.227,0.209,0.192,0.133
