Column1,Column2,Column3,Column4,Column5,Column6,Column7,Column8,Column9,Column10,Column11,Column12,Column13,Column14,Column15,Column16,Column17,Column18,Column19,Column20,Column21,Column22,Column23,Column24,Column25,Column26
231.0,232.0,0.831,0.86,0.891,0.922,0.954,0.986,1.019,1.052,1.086,1.12,1.155,1.19,1.406,1.626,1.846,2.061,2.472,2.846,3.179,3.473,3.731,3.955,4.151,4.82
231.0,233.0,0.821,0.856,0.892,0.928,0.965,1.002,1.04,1.078,1.116,1.155,1.194,1.233,1.469,1.705,1.937,2.162,2.584,2.963,3.297,3.589,3.843,4.063,4.254,4.902
231.0,234.0,0.827,0.867,0.907,0.948,0.988,1.03,1.071,1.113,1.155,1.197,1.239,1.281,1.534,1.784,2.027,2.26,2.692,3.074,3.409,3.699,3.949,4.165,4.352,4.978
231.0,235.0,0.844,0.887,0.93,0.974,1.018,1.062,1.106,1.151,1.195,1.24,1.284,1.329,1.594,1.854,2.104,2.343,2.781,3.166,3.5,3.788,4.035,4.247,4.429,5.037
231.0,236.0,0.868,0.913,0.959,1.004,1.05,1.097,1.143,1.189,1.235,1.282,1.328,1.374,1.648,1.914,2.169,2.411,2.853,3.239,3.571,3.856,4.1,4.308,4.487,5.08
231.0,237.0,0.896,0.943,0.99,1.037,1.084,1.132,1.179,1.227,1.274,1.321,1.369,1.416,1.695,1.965,2.223,2.467,2.91,3.295,3.626,3.908,4.149,4.354,4.53,5.112
231.0,238.0,0.927,0.975,1.023,1.071,1.119,1.167,1.215,1.264,1.312,1.36,1.408,1.455,1.738,2.009,2.268,2.513,2.957,3.34,3.669,3.948,4.186,4.389,4.563,5.134
231.0,239.0,0.96,1.008,1.057,1.105,1.154,1.202,1.251,1.3,1.348,1.396,1.445,1.493,1.776,2.049,2.308,2.553,2.995,3.377,3.703,3.98,4.216,4.417,4.588,5.152
231.0,240.0,0.994,1.042,1.091,1.14,1.189,1.237,1.286,1.335,1.384,1.432,1.48,1.529,1.812,2.085,2.344,2.588,3.028,3.408,3.731,4.006,4.24,4.439,4.608,5.165
231.0,241.0,1.028,1.077,1.126,1.174,1.223,1.272,1.321,1.37,1.418,1.467,1.515,1.563,1.847,2.118,2.376,2.619,3.058,3.435,3.756,4.029,4.261,4.457,4.625,5.176
231.0,242.0,1.063,1.111,1.16,1.209,1.258,1.307,1.355,1.404,1.452,1.501,1.549,1.597,1.879,2.15,2.407,2.649,3.085,3.459,3.778,4.049,4.279,4.474,4.64,5.186
231.0,243.0,1.097,1.146,1.195,1.243,1.292,1.34,1.389,1.437,1.486,1.534,1.582,1.63,1.911,2.181,2.436,2.677,3.11,3.482,3.799,4.068,4.296,4.489,4.654,5.195
232.0,233.0,0.994,1.067,1.139,1.21,1.281,1.35,1.418,1.485,1.552,1.617,1.681,1.745,2.106,2.435,2.734,3.005,3.471,3.853,4.166,4.423,4.636,4.813,4.962,5.437
232.0,234.0,1.07,1.138,1.205,1.272,1.338,1.403,1.467,1.531,1.594,1.657,1.718,1.779,2.128,2.449,2.744,3.012,3.478,3.861,4.176,4.435,4.649,4.827,4.977,5.454
232.0,235.0,1.123,1.185,1.247,1.309,1.37,1.431,1.491,1.551,1.61,1.669,1.727,1.785,2.118,2.428,2.715,2.979,3.44,3.823,4.14,4.402,4.62,4.802,4.954,5.443
232.0,236.0,1.161,1.219,1.277,1.335,1.393,1.45,1.507,1.564,1.62,1.676,1.732,1.787,2.107,2.407,2.687,2.947,3.404,3.786,4.105,4.37,4.59,4.775,4.931,5.432
232.0,237.0,1.19,1.245,1.301,1.356,1.411,1.466,1.521,1.575,1.629,1.683,1.737,1.79,2.101,2.395,2.67,2.926,3.38,3.762,4.082,4.349,4.572,4.76,4.918,5.428
232.0,238.0,1.212,1.266,1.319,1.373,1.427,1.48,1.533,1.586,1.639,1.692,1.744,1.796,2.101,2.391,2.663,2.917,3.369,3.751,4.071,4.34,4.565,4.754,4.915,5.432
232.0,239.0,1.23,1.283,1.335,1.388,1.441,1.493,1.546,1.598,1.65,1.702,1.753,1.805,2.106,2.394,2.664,2.917,3.367,3.75,4.071,4.341,4.568,4.758,4.92,5.441
232.0,240.0,1.246,1.298,1.35,1.402,1.454,1.506,1.558,1.61,1.661,1.713,1.764,1.815,2.115,2.401,2.67,2.923,3.373,3.756,4.079,4.349,4.577,4.768,4.931,5.455
232.0,241.0,1.259,1.311,1.363,1.414,1.466,1.518,1.57,1.621,1.673,1.724,1.775,1.826,2.125,2.411,2.681,2.933,3.384,3.768,4.091,4.362,4.591,4.783,4.945,5.472
232.0,242.0,1.272,1.323,1.375,1.427,1.478,1.53,1.582,1.633,1.685,1.736,1.787,1.838,2.138,2.424,2.694,2.946,3.398,3.783,4.107,4.379,4.607,4.8,4.963,5.491
232.0,243.0,1.283,1.335,1.387,1.438,1.49,1.542,1.594,1.645,1.697,1.748,1.8,1.851,2.151,2.437,2.708,2.961,3.414,3.8,4.124,4.397,4.625,4.818,4.982,5.51
232.0,244.0,1.294,1.346,1.398,1.45,1.502,1.554,1.606,1.658,1.709,1.761,1.812,1.863,2.164,2.452,2.723,2.977,3.432,3.818,4.143,4.416,4.645,4.838,5.001,5.529
233.0,234.0,1.129,1.2,1.269,1.337,1.404,1.471,1.537,1.601,1.665,1.728,1.79,1.851,2.198,2.515,2.802,3.062,3.508,3.872,4.168,4.411,4.611,4.777,4.916,5.357
233.0,235.0,1.188,1.252,1.316,1.379,1.441,1.503,1.564,1.624,1.684,1.742,1.801,1.858,2.188,2.492,2.771,3.026,3.467,3.831,4.13,4.377,4.581,4.751,4.893,5.348
233.0,236.0,1.232,1.291,1.35,1.409,1.468,1.525,1.583,1.64,1.696,1.752,1.807,1.862,2.178,2.473,2.744,2.994,3.432,3.795,4.096,4.346,4.553,4.727,4.873,5.341
233.0,237.0,1.264,1.321,1.377,1.433,1.489,1.544,1.599,1.654,1.708,1.762,1.815,1.868,2.175,2.462,2.729,2.976,3.41,3.774,4.077,4.328,4.539,4.715,4.863,5.341
233.0,238.0,1.29,1.345,1.399,1.454,1.508,1.562,1.615,1.668,1.721,1.774,1.826,1.877,2.178,2.461,2.725,2.97,3.403,3.766,4.07,4.324,4.536,4.714,4.864,5.349
233.0,239.0,1.311,1.365,1.419,1.472,1.525,1.578,1.63,1.683,1.735,1.787,1.838,1.889,2.186,2.467,2.729,2.973,3.405,3.769,4.074,4.329,4.542,4.722,4.874,5.364
233.0,240.0,1.33,1.383,1.436,1.488,1.541,1.593,1.645,1.697,1.749,1.8,1.851,1.902,2.198,2.477,2.739,2.982,3.414,3.779,4.085,4.341,4.556,4.736,4.889,5.382
233.0,241.0,1.346,1.399,1.451,1.504,1.556,1.608,1.66,1.712,1.763,1.814,1.865,1.916,2.211,2.49,2.752,2.996,3.429,3.794,4.101,4.358,4.573,4.754,4.907,5.402
233.0,242.0,1.361,1.413,1.466,1.518,1.571,1.623,1.675,1.726,1.778,1.829,1.88,1.931,2.226,2.506,2.768,3.012,3.446,3.813,4.12,4.378,4.593,4.775,4.928,5.424
233.0,243.0,1.375,1.428,1.48,1.533,1.585,1.637,1.689,1.741,1.793,1.844,1.895,1.946,2.242,2.522,2.785,3.03,3.465,3.833,4.141,4.399,4.615,4.797,4.951,5.447
233.0,244.0,1.388,1.441,1.494,1.547,1.599,1.652,1.704,1.756,1.807,1.859,1.91,1.961,2.258,2.539,2.803,3.049,3.485,3.854,4.163,4.421,4.637,4.82,4.973,5.47
233.0,245.0,1.401,1.454,1.507,1.56,1.613,1.666,1.718,1.77,1.822,1.874,1.925,1.976,2.275,2.557,2.822,3.068,3.506,3.875,4.185,4.443,4.66,4.842,4.996,5.493
234.0,235.0,1.382,1.44,1.498,1.556,1.613,1.669,1.725,1.78,1.835,1.888,1.942,1.994,2.296,2.575,2.83,3.064,3.471,3.807,4.084,4.313,4.503,4.661,4.794,5.221
234.0,236.0,1.421,1.475,1.53,1.583,1.637,1.69,1.742,1.795,1.846,1.897,1.948,1.998,2.288,2.558,2.808,3.038,3.442,3.779,4.059,4.293,4.487,4.65,4.787,5.229
234.0,237.0,1.45,1.502,1.554,1.606,1.657,1.708,1.759,1.809,1.859,1.908,1.957,2.006,2.289,2.554,2.8,3.029,3.432,3.77,4.053,4.289,4.487,4.653,4.794,5.247
234.0,238.0,1.473,1.524,1.574,1.624,1.675,1.724,1.774,1.823,1.872,1.921,1.969,2.017,2.296,2.559,2.804,3.031,3.435,3.775,4.061,4.299,4.5,4.668,4.811,5.272
234.0,239.0,1.491,1.541,1.591,1.641,1.691,1.74,1.789,1.838,1.886,1.935,1.982,2.03,2.307,2.569,2.815,3.042,3.448,3.79,4.077,4.318,4.52,4.691,4.835,5.302
234.0,240.0,1.507,1.557,1.607,1.656,1.705,1.755,1.804,1.852,1.901,1.949,1.997,2.044,2.322,2.584,2.83,3.059,3.466,3.811,4.1,4.343,4.547,4.718,4.864,5.335
234.0,241.0,1.521,1.571,1.621,1.67,1.72,1.769,1.818,1.867,1.915,1.964,2.012,2.059,2.338,2.602,2.849,3.079,3.489,3.836,4.127,4.371,4.576,4.749,4.895,5.369
234.0,242.0,1.534,1.584,1.634,1.683,1.733,1.783,1.832,1.881,1.93,1.979,2.027,2.075,2.355,2.621,2.87,3.102,3.514,3.863,4.156,4.401,4.608,4.781,4.928,5.404
234.0,243.0,1.546,1.596,1.646,1.696,1.747,1.796,1.846,1.896,1.945,1.994,2.042,2.091,2.373,2.641,2.892,3.125,3.54,3.891,4.186,4.433,4.64,4.814,4.961,5.438
234.0,244.0,1.557,1.608,1.658,1.709,1.76,1.81,1.86,1.91,1.96,2.009,2.058,2.107,2.392,2.661,2.914,3.149,3.567,3.92,4.216,4.464,4.672,4.847,4.995,5.472
234.0,245.0,1.568,1.619,1.671,1.722,1.773,1.823,1.874,1.924,1.974,2.024,2.074,2.123,2.41,2.682,2.937,3.173,3.594,3.949,4.247,4.496,4.704,4.879,5.027,5.506
234.0,246.0,1.579,1.631,1.682,1.734,1.785,1.837,1.888,1.938,1.989,2.039,2.089,2.139,2.429,2.703,2.959,3.198,3.621,3.978,4.277,4.526,4.735,4.911,5.059,5.538
235.0,236.0,1.55,1.602,1.653,1.703,1.753,1.803,1.852,1.901,1.949,1.996,2.043,2.09,2.358,2.607,2.838,3.05,3.424,3.737,3.999,4.219,4.403,4.559,4.691,5.12
235.0,237.0,1.629,1.677,1.725,1.773,1.82,1.867,1.914,1.96,2.005,2.051,2.096,2.14,2.397,2.637,2.86,3.067,3.433,3.743,4.003,4.223,4.407,4.564,4.697,5.132
235.0,238.0,1.699,1.746,1.792,1.838,1.883,1.928,1.973,2.018,2.062,2.106,2.149,2.192,2.442,2.676,2.894,3.097,3.459,3.765,4.024,4.242,4.427,4.584,4.717,5.155
235.0,239.0,1.764,1.809,1.854,1.899,1.943,1.987,2.031,2.074,2.117,2.16,2.202,2.245,2.489,2.719,2.935,3.135,3.493,3.797,4.055,4.272,4.457,4.613,4.747,5.184
235.0,240.0,1.824,1.868,1.912,1.956,1.999,2.043,2.086,2.129,2.171,2.213,2.255,2.296,2.538,2.766,2.979,3.178,3.533,3.835,4.092,4.309,4.492,4.648,4.781,5.218
235.0,241.0,1.88,1.923,1.967,2.01,2.053,2.096,2.139,2.181,2.223,2.265,2.306,2.347,2.587,2.813,3.025,3.223,3.576,3.877,4.132,4.348,4.531,4.687,4.819,5.254
235.0,242.0,1.932,1.976,2.019,2.062,2.105,2.147,2.19,2.232,2.274,2.315,2.356,2.397,2.636,2.861,3.072,3.269,3.621,3.921,4.175,4.391,4.573,4.727,4.859,5.292
235.0,243.0,1.983,2.026,2.069,2.112,2.154,2.197,2.239,2.281,2.323,2.364,2.405,2.446,2.684,2.909,3.119,3.316,3.667,3.966,4.219,4.434,4.615,4.769,4.9,5.33
235.0,244.0,2.031,2.074,2.117,2.16,2.202,2.245,2.287,2.329,2.371,2.412,2.453,2.494,2.731,2.956,3.166,3.363,3.713,4.011,4.264,4.477,4.657,4.81,4.941,5.367
235.0,245.0,2.077,2.12,2.163,2.206,2.249,2.291,2.333,2.375,2.417,2.458,2.5,2.54,2.778,3.003,3.213,3.409,3.759,4.056,4.308,4.52,4.699,4.851,4.981,5.404
235.0,246.0,2.121,2.165,2.208,2.251,2.294,2.336,2.378,2.42,2.462,2.504,2.545,2.586,2.824,3.048,3.259,3.454,3.804,4.1,4.351,4.562,4.741,4.892,5.02,5.44
235.0,247.0,2.165,2.208,2.251,2.294,2.337,2.38,2.422,2.464,2.506,2.548,2.589,2.63,2.868,3.093,3.303,3.499,3.848,4.144,4.394,4.604,4.781,4.931,5.059,5.475
236.0,237.0,1.566,1.596,1.626,1.657,1.687,1.719,1.75,1.782,1.813,1.846,1.878,1.91,2.105,2.299,2.488,2.671,3.01,3.311,3.574,3.802,3.999,4.168,4.315,4.804
236.0,238.0,1.552,1.585,1.618,1.651,1.685,1.718,1.752,1.786,1.82,1.854,1.888,1.923,2.127,2.327,2.521,2.707,3.049,3.352,3.616,3.844,4.04,4.21,4.356,4.846
236.0,239.0,1.549,1.584,1.62,1.656,1.692,1.728,1.765,1.801,1.837,1.873,1.909,1.946,2.16,2.369,2.569,2.76,3.109,3.415,3.681,3.909,4.106,4.275,4.42,4.906
236.0,240.0,1.553,1.591,1.629,1.667,1.706,1.744,1.782,1.82,1.858,1.896,1.934,1.972,2.195,2.411,2.618,2.813,3.169,3.479,3.746,3.975,4.172,4.34,4.484,4.964
236.0,241.0,1.563,1.603,1.642,1.682,1.722,1.762,1.802,1.841,1.881,1.92,1.96,1.999,2.23,2.451,2.663,2.862,3.223,3.536,3.805,4.035,4.231,4.398,4.542,5.017
236.0,242.0,1.576,1.617,1.658,1.699,1.74,1.781,1.822,1.863,1.904,1.944,1.985,2.025,2.262,2.488,2.703,2.906,3.272,3.587,3.857,4.087,4.283,4.45,4.593,5.065
236.0,243.0,1.591,1.633,1.675,1.717,1.759,1.801,1.843,1.885,1.927,1.968,2.01,2.051,2.292,2.522,2.74,2.945,3.315,3.632,3.904,4.134,4.33,4.496,4.639,5.107
236.0,244.0,1.607,1.65,1.693,1.736,1.779,1.822,1.865,1.907,1.949,1.992,2.034,2.075,2.32,2.554,2.774,2.981,3.354,3.673,3.945,4.176,4.371,4.538,4.68,5.146
236.0,245.0,1.624,1.668,1.712,1.755,1.799,1.842,1.886,1.929,1.972,2.015,2.057,2.099,2.347,2.583,2.806,3.014,3.389,3.71,3.983,4.214,4.41,4.576,4.717,5.181
236.0,246.0,1.642,1.686,1.731,1.775,1.819,1.863,1.907,1.95,1.994,2.037,2.08,2.123,2.373,2.611,2.836,3.046,3.423,3.745,4.018,4.249,4.445,4.611,4.752,5.214
236.0,247.0,1.66,1.705,1.75,1.794,1.839,1.883,1.928,1.972,2.016,2.059,2.103,2.146,2.398,2.638,2.864,3.075,3.454,3.777,4.051,4.282,4.478,4.643,4.784,5.245
236.0,248.0,1.678,1.724,1.769,1.814,1.859,1.904,1.948,1.993,2.037,2.081,2.125,2.168,2.422,2.664,2.891,3.104,3.484,3.808,4.082,4.313,4.509,4.674,4.815,5.275
237.0,238.0,1.819,1.849,1.879,1.909,1.939,1.97,2.0,2.031,2.062,2.093,2.124,2.155,2.34,2.521,2.696,2.864,3.174,3.449,3.688,3.896,4.075,4.23,4.363,4.812
237.0,239.0,1.814,1.846,1.877,1.909,1.941,1.973,2.005,2.037,2.069,2.101,2.133,2.165,2.355,2.541,2.721,2.892,3.207,3.484,3.726,3.934,4.114,4.269,4.403,4.852
237.0,240.0,1.814,1.847,1.88,1.912,1.945,1.979,2.012,2.045,2.078,2.111,2.144,2.177,2.374,2.564,2.747,2.922,3.242,3.522,3.766,3.976,4.156,4.312,4.445,4.894
237.0,241.0,1.816,1.85,1.884,1.918,1.952,1.986,2.02,2.055,2.089,2.123,2.157,2.191,2.392,2.587,2.773,2.95,3.275,3.558,3.804,4.015,4.196,4.352,4.486,4.933
237.0,242.0,1.821,1.855,1.89,1.925,1.96,1.995,2.03,2.065,2.1,2.135,2.169,2.204,2.409,2.608,2.797,2.977,3.305,3.592,3.839,4.051,4.233,4.389,4.523,4.969
237.0,243.0,1.826,1.862,1.897,1.933,1.968,2.004,2.04,2.075,2.111,2.146,2.182,2.217,2.426,2.627,2.82,3.002,3.333,3.622,3.871,4.084,4.266,4.423,4.557,5.003
237.0,244.0,1.833,1.869,1.905,1.941,1.977,2.014,2.05,2.086,2.122,2.158,2.194,2.23,2.442,2.646,2.841,3.025,3.36,3.65,3.9,4.115,4.298,4.454,4.588,5.034
237.0,245.0,1.84,1.876,1.913,1.95,1.987,2.023,2.06,2.097,2.134,2.17,2.207,2.243,2.458,2.664,2.861,3.047,3.384,3.677,3.928,4.143,4.327,4.484,4.618,5.063
237.0,246.0,1.847,1.884,1.922,1.959,1.996,2.033,2.071,2.108,2.145,2.182,2.219,2.256,2.473,2.681,2.88,3.067,3.407,3.702,3.954,4.17,4.354,4.511,4.646,5.091
237.0,247.0,1.855,1.893,1.93,1.968,2.006,2.043,2.081,2.119,2.156,2.194,2.231,2.268,2.487,2.698,2.898,3.087,3.429,3.726,3.979,4.196,4.38,4.538,4.672,5.118
237.0,248.0,1.863,1.901,1.939,1.977,2.015,2.054,2.092,2.13,2.168,2.205,2.243,2.281,2.502,2.714,2.916,3.106,3.451,3.748,4.003,4.22,4.405,4.563,4.698,5.143
237.0,249.0,1.871,1.91,1.948,1.987,2.025,2.064,2.102,2.141,2.179,2.217,2.255,2.293,2.516,2.73,2.933,3.125,3.471,3.77,4.026,4.244,4.429,4.587,4.722,5.167
238.0,239.0,1.968,1.99,2.011,2.033,2.056,2.079,2.102,2.126,2.15,2.174,2.198,2.223,2.374,2.527,2.68,2.83,3.115,3.376,3.609,3.815,3.996,4.154,4.292,4.767
238.0,240.0,1.949,1.975,2.001,2.027,2.054,2.081,2.108,2.135,2.162,2.19,2.218,2.245,2.413,2.58,2.743,2.902,3.198,3.465,3.7,3.907,4.088,4.245,4.381,4.848
238.0,241.0,1.944,1.973,2.003,2.033,2.062,2.092,2.123,2.153,2.183,2.213,2.244,2.274,2.456,2.634,2.807,2.972,3.279,3.552,3.791,3.999,4.179,4.334,4.47,4.927
238.0,242.0,1.948,1.98,2.013,2.045,2.077,2.11,2.142,2.175,2.207,2.24,2.272,2.305,2.497,2.685,2.865,3.036,3.351,3.628,3.87,4.078,4.258,4.413,4.546,4.996
238.0,243.0,1.959,1.993,2.027,2.061,2.096,2.13,2.164,2.199,2.233,2.267,2.301,2.335,2.536,2.73,2.915,3.091,3.413,3.694,3.937,4.145,4.325,4.479,4.611,5.054
238.0,244.0,1.974,2.009,2.045,2.08,2.116,2.152,2.187,2.223,2.259,2.294,2.329,2.364,2.571,2.771,2.96,3.14,3.466,3.75,3.994,4.203,4.382,4.535,4.667,5.105
238.0,245.0,1.991,2.027,2.064,2.101,2.138,2.174,2.211,2.248,2.284,2.32,2.357,2.393,2.604,2.808,3.001,3.183,3.513,3.798,4.043,4.253,4.431,4.584,4.715,5.15
238.0,246.0,2.009,2.047,2.085,2.122,2.16,2.197,2.235,2.272,2.309,2.346,2.383,2.42,2.636,2.842,3.038,3.222,3.554,3.841,4.087,4.297,4.475,4.628,4.758,5.189
238.0,247.0,2.029,2.067,2.106,2.144,2.182,2.221,2.259,2.297,2.334,2.372,2.409,2.447,2.665,2.874,3.072,3.257,3.592,3.881,4.127,4.337,4.515,4.667,4.797,5.226
238.0,248.0,2.049,2.088,2.127,2.166,2.205,2.244,2.282,2.321,2.359,2.397,2.435,2.473,2.694,2.905,3.104,3.291,3.628,3.917,4.164,4.374,4.552,4.703,4.833,5.26
238.0,249.0,2.07,2.109,2.149,2.188,2.227,2.267,2.306,2.344,2.383,2.422,2.46,2.498,2.721,2.934,3.134,3.322,3.661,3.951,4.198,4.408,4.586,4.737,4.867,5.291
238.0,250.0,2.091,2.131,2.17,2.21,2.25,2.289,2.329,2.368,2.407,2.446,2.484,2.523,2.748,2.962,3.164,3.353,3.692,3.983,4.231,4.441,4.618,4.769,4.898,5.321
239.0,240.0,2.266,2.298,2.329,2.361,2.392,2.423,2.454,2.486,2.517,2.548,2.578,2.609,2.79,2.963,3.128,3.284,3.569,3.817,4.031,4.215,4.374,4.51,4.627,5.021
239.0,241.0,2.274,2.306,2.338,2.371,2.403,2.435,2.467,2.499,2.531,2.563,2.595,2.627,2.813,2.991,3.161,3.321,3.612,3.864,4.082,4.268,4.428,4.565,4.683,5.075
239.0,242.0,2.28,2.313,2.346,2.379,2.412,2.445,2.478,2.51,2.543,2.576,2.608,2.64,2.83,3.012,3.185,3.348,3.644,3.9,4.12,4.309,4.47,4.607,4.725,5.118
239.0,243.0,2.286,2.319,2.353,2.386,2.42,2.454,2.487,2.52,2.554,2.587,2.62,2.653,2.846,3.031,3.206,3.372,3.672,3.931,4.153,4.343,4.506,4.644,4.763,5.157
239.0,244.0,2.291,2.325,2.36,2.394,2.428,2.462,2.496,2.53,2.564,2.597,2.631,2.664,2.86,3.048,3.226,3.394,3.697,3.959,4.184,4.376,4.539,4.678,4.798,5.193
239.0,245.0,2.297,2.332,2.366,2.401,2.436,2.47,2.505,2.539,2.574,2.608,2.642,2.676,2.875,3.065,3.245,3.415,3.722,3.987,4.213,4.406,4.571,4.711,4.831,5.227
239.0,246.0,2.302,2.338,2.373,2.408,2.443,2.479,2.514,2.549,2.583,2.618,2.653,2.687,2.889,3.081,3.264,3.436,3.746,4.013,4.241,4.436,4.601,4.742,4.862,5.26
239.0,247.0,2.308,2.344,2.38,2.416,2.451,2.487,2.523,2.558,2.593,2.628,2.663,2.698,2.903,3.098,3.283,3.456,3.769,4.039,4.269,4.464,4.63,4.772,4.893,5.291
239.0,248.0,2.314,2.35,2.387,2.423,2.459,2.495,2.531,2.567,2.603,2.639,2.674,2.709,2.916,3.114,3.301,3.476,3.792,4.064,4.295,4.492,4.659,4.801,4.922,5.322
239.0,249.0,2.32,2.357,2.394,2.431,2.467,2.504,2.54,2.577,2.613,2.649,2.685,2.72,2.93,3.129,3.318,3.495,3.814,4.088,4.321,4.518,4.686,4.829,4.951,5.351
239.0,250.0,2.326,2.364,2.401,2.438,2.475,2.512,2.549,2.586,2.623,2.659,2.695,2.731,2.943,3.145,3.336,3.514,3.836,4.111,4.345,4.544,4.713,4.856,4.978,5.379
239.0,251.0,2.333,2.37,2.408,2.446,2.483,2.521,2.558,2.595,2.632,2.669,2.706,2.742,2.956,3.16,3.352,3.533,3.856,4.134,4.369,4.569,4.738,4.882,5.004,5.405
240.0,241.0,2.448,2.47,2.493,2.517,2.54,2.563,2.587,2.61,2.634,2.657,2.681,2.705,2.846,2.984,3.119,3.248,3.488,3.701,3.889,4.053,4.195,4.318,4.426,4.79
240.0,242.0,2.441,2.466,2.491,2.516,2.541,2.566,2.591,2.616,2.642,2.667,2.692,2.717,2.866,3.011,3.151,3.284,3.531,3.748,3.939,4.104,4.248,4.372,4.479,4.844
240.0,243.0,2.44,2.466,2.493,2.519,2.546,2.573,2.599,2.626,2.653,2.679,2.706,2.732,2.888,3.039,3.184,3.322,3.574,3.796,3.99,4.157,4.301,4.426,4.534,4.898
240.0,244.0,2.442,2.47,2.498,2.526,2.554,2.581,2.609,2.637,2.665,2.693,2.72,2.748,2.91,3.066,3.215,3.356,3.615,3.841,4.037,4.206,4.351,4.477,4.585,4.949
240.0,245.0,2.446,2.475,2.504,2.533,2.562,2.591,2.62,2.649,2.678,2.706,2.735,2.763,2.93,3.091,3.244,3.388,3.651,3.881,4.079,4.25,4.397,4.523,4.632,4.995
240.0,246.0,2.452,2.482,2.512,2.542,2.572,2.602,2.631,2.661,2.691,2.72,2.749,2.778,2.95,3.114,3.27,3.417,3.685,3.918,4.119,4.291,4.438,4.565,4.674,5.038
240.0,247.0,2.459,2.49,2.521,2.551,2.582,2.612,2.643,2.673,2.703,2.733,2.763,2.793,2.968,3.136,3.295,3.445,3.716,3.952,4.155,4.328,4.477,4.604,4.714,5.078
240.0,248.0,2.467,2.498,2.53,2.561,2.592,2.623,2.654,2.685,2.716,2.747,2.777,2.808,2.986,3.156,3.318,3.47,3.745,3.984,4.188,4.363,4.513,4.641,4.751,5.116
240.0,249.0,2.475,2.507,2.539,2.571,2.603,2.634,2.666,2.697,2.729,2.76,2.791,2.822,3.003,3.176,3.34,3.494,3.773,4.013,4.22,4.396,4.546,4.675,4.785,5.151
240.0,250.0,2.483,2.516,2.548,2.581,2.613,2.645,2.677,2.709,2.741,2.773,2.805,2.836,3.02,3.195,3.361,3.517,3.799,4.042,4.25,4.427,4.578,4.708,4.818,5.185
240.0,251.0,2.492,2.525,2.558,2.591,2.623,2.656,2.689,2.721,2.754,2.786,2.818,2.85,3.036,3.214,3.382,3.539,3.824,4.069,4.278,4.457,4.609,4.739,4.85,5.217
240.0,252.0,2.5,2.534,2.567,2.601,2.634,2.667,2.7,2.733,2.766,2.799,2.831,2.863,3.052,3.232,3.402,3.561,3.848,4.095,4.306,4.485,4.638,4.768,4.88,5.248
241.0,242.0,2.726,2.746,2.766,2.785,2.805,2.825,2.844,2.864,2.884,2.903,2.923,2.942,3.058,3.17,3.277,3.38,3.569,3.737,3.884,4.013,4.124,4.221,4.306,4.593
241.0,243.0,2.79,2.808,2.825,2.843,2.861,2.879,2.896,2.914,2.933,2.951,2.969,2.987,3.096,3.203,3.308,3.409,3.597,3.767,3.917,4.049,4.165,4.265,4.354,4.656
241.0,244.0,2.842,2.858,2.875,2.891,2.908,2.925,2.942,2.959,2.977,2.994,3.011,3.029,3.135,3.241,3.345,3.446,3.637,3.809,3.963,4.099,4.218,4.322,4.413,4.727
241.0,245.0,2.884,2.9,2.916,2.933,2.949,2.966,2.983,3.0,3.017,3.034,3.052,3.069,3.175,3.282,3.387,3.49,3.684,3.861,4.018,4.158,4.28,4.387,4.481,4.804
241.0,246.0,2.92,2.936,2.952,2.969,2.985,3.002,3.019,3.037,3.054,3.072,3.089,3.107,3.216,3.325,3.433,3.538,3.737,3.918,4.08,4.223,4.348,4.458,4.554,4.884
241.0,247.0,2.95,2.967,2.984,3.001,3.018,3.035,3.053,3.071,3.089,3.107,3.125,3.144,3.256,3.368,3.48,3.588,3.793,3.979,4.145,4.291,4.419,4.531,4.629,4.965
241.0,248.0,2.977,2.994,3.012,3.03,3.048,3.066,3.084,3.103,3.122,3.141,3.16,3.179,3.295,3.412,3.527,3.639,3.851,4.042,4.212,4.361,4.492,4.606,4.705,5.044
241.0,249.0,3.001,3.02,3.038,3.057,3.076,3.095,3.114,3.134,3.153,3.173,3.193,3.213,3.334,3.456,3.575,3.691,3.909,4.105,4.279,4.431,4.564,4.679,4.779,5.121
241.0,250.0,3.023,3.043,3.062,3.082,3.102,3.122,3.142,3.163,3.183,3.204,3.225,3.246,3.373,3.499,3.623,3.742,3.966,4.167,4.345,4.499,4.634,4.751,4.852,5.195
241.0,251.0,3.044,3.064,3.085,3.106,3.127,3.148,3.169,3.191,3.212,3.234,3.256,3.278,3.41,3.541,3.669,3.793,4.023,4.228,4.409,4.566,4.702,4.82,4.922,5.266
241.0,252.0,3.064,3.085,3.107,3.129,3.151,3.173,3.195,3.218,3.241,3.263,3.286,3.309,3.446,3.582,3.714,3.841,4.078,4.287,4.47,4.629,4.767,4.886,4.988,5.333
241.0,253.0,3.083,3.105,3.128,3.151,3.174,3.197,3.221,3.244,3.268,3.292,3.315,3.339,3.482,3.622,3.758,3.889,4.13,4.344,4.53,4.69,4.829,4.948,5.051,5.395
242.0,243.0,2.893,2.923,2.952,2.981,3.009,3.037,3.065,3.092,3.118,3.144,3.17,3.195,3.338,3.468,3.586,3.693,3.877,4.03,4.157,4.263,4.352,4.427,4.491,4.701
242.0,244.0,2.932,2.958,2.984,3.01,3.035,3.06,3.085,3.109,3.133,3.157,3.18,3.203,3.336,3.459,3.572,3.676,3.86,4.015,4.146,4.257,4.352,4.432,4.5,4.728
242.0,245.0,2.956,2.98,3.004,3.027,3.051,3.074,3.097,3.12,3.142,3.165,3.187,3.209,3.336,3.455,3.566,3.669,3.854,4.013,4.148,4.264,4.363,4.447,4.52,4.764
242.0,246.0,2.97,2.993,3.016,3.039,3.061,3.084,3.106,3.128,3.15,3.172,3.193,3.215,3.339,3.457,3.568,3.672,3.86,4.023,4.162,4.282,4.385,4.474,4.55,4.807
242.0,247.0,2.979,3.002,3.024,3.046,3.069,3.091,3.113,3.135,3.157,3.178,3.2,3.221,3.346,3.465,3.578,3.683,3.875,4.042,4.186,4.31,4.417,4.509,4.588,4.855
242.0,248.0,2.984,3.007,3.029,3.052,3.074,3.097,3.119,3.141,3.163,3.185,3.207,3.228,3.355,3.477,3.592,3.7,3.897,4.068,4.217,4.344,4.455,4.549,4.631,4.907
242.0,249.0,2.987,3.01,3.033,3.056,3.079,3.102,3.124,3.147,3.17,3.192,3.214,3.236,3.366,3.491,3.609,3.72,3.922,4.099,4.251,4.383,4.496,4.593,4.677,4.96
242.0,250.0,2.989,3.013,3.036,3.06,3.083,3.107,3.13,3.153,3.176,3.199,3.222,3.245,3.378,3.506,3.628,3.742,3.95,4.131,4.288,4.423,4.538,4.638,4.724,5.013
242.0,251.0,2.99,3.014,3.039,3.063,3.087,3.111,3.135,3.159,3.183,3.207,3.23,3.254,3.391,3.523,3.648,3.765,3.979,4.165,4.325,4.463,4.582,4.684,4.771,5.065
242.0,252.0,2.991,3.016,3.041,3.066,3.091,3.116,3.141,3.165,3.19,3.214,3.239,3.263,3.404,3.54,3.668,3.789,4.008,4.199,4.363,4.504,4.625,4.728,4.818,5.116
242.0,253.0,2.992,3.018,3.044,3.069,3.095,3.121,3.146,3.172,3.197,3.222,3.247,3.272,3.418,3.557,3.689,3.813,4.038,4.232,4.4,4.544,4.667,4.772,4.863,5.166
242.0,254.0,2.993,3.02,3.046,3.073,3.099,3.126,3.152,3.178,3.204,3.23,3.256,3.281,3.431,3.574,3.709,3.836,4.066,4.265,4.436,4.582,4.707,4.815,4.907,5.213
243.0,244.0,3.027,3.061,3.093,3.125,3.156,3.186,3.216,3.246,3.274,3.302,3.33,3.357,3.507,3.64,3.757,3.862,4.038,4.179,4.293,4.386,4.462,4.526,4.579,4.75
243.0,245.0,3.075,3.104,3.132,3.16,3.187,3.214,3.24,3.266,3.292,3.317,3.341,3.366,3.503,3.627,3.739,3.84,4.015,4.158,4.277,4.375,4.457,4.526,4.585,4.775
243.0,246.0,3.106,3.132,3.157,3.182,3.207,3.232,3.256,3.28,3.303,3.326,3.349,3.372,3.501,3.62,3.728,3.828,4.003,4.15,4.272,4.376,4.463,4.537,4.6,4.807
243.0,247.0,3.126,3.15,3.174,3.197,3.221,3.244,3.267,3.29,3.312,3.334,3.356,3.378,3.503,3.619,3.727,3.827,4.003,4.153,4.28,4.388,4.479,4.557,4.624,4.845
243.0,248.0,3.138,3.162,3.185,3.208,3.23,3.253,3.275,3.298,3.319,3.341,3.363,3.384,3.508,3.624,3.732,3.833,4.013,4.167,4.298,4.409,4.505,4.586,4.656,4.888
243.0,249.0,3.146,3.169,3.192,3.215,3.237,3.26,3.282,3.304,3.326,3.348,3.37,3.391,3.515,3.633,3.742,3.845,4.029,4.187,4.322,4.437,4.536,4.62,4.692,4.933
243.0,250.0,3.151,3.174,3.197,3.22,3.243,3.266,3.288,3.31,3.333,3.355,3.376,3.398,3.524,3.644,3.756,3.861,4.049,4.212,4.351,4.469,4.571,4.658,4.732,4.981
243.0,251.0,3.154,3.178,3.201,3.224,3.247,3.27,3.293,3.316,3.339,3.361,3.383,3.405,3.534,3.656,3.771,3.879,4.072,4.239,4.382,4.504,4.608,4.697,4.774,5.029
243.0,252.0,3.156,3.18,3.204,3.227,3.251,3.275,3.298,3.321,3.345,3.367,3.39,3.413,3.545,3.67,3.788,3.898,4.097,4.268,4.415,4.54,4.646,4.738,4.816,5.077
243.0,253.0,3.157,3.181,3.206,3.23,3.255,3.279,3.303,3.327,3.35,3.374,3.397,3.421,3.556,3.685,3.806,3.919,4.123,4.298,4.448,4.576,4.685,4.778,4.858,5.124
243.0,254.0,3.157,3.183,3.208,3.233,3.258,3.283,3.307,3.332,3.356,3.38,3.404,3.428,3.567,3.699,3.823,3.939,4.148,4.328,4.481,4.612,4.723,4.818,4.9,5.17
243.0,255.0,3.158,3.184,3.21,3.235,3.261,3.286,3.312,3.337,3.362,3.387,3.411,3.436,3.579,3.714,3.841,3.96,4.174,4.358,4.514,4.647,4.761,4.858,4.941,5.215
244.0,245.0,3.109,3.127,3.144,3.161,3.178,3.195,3.212,3.229,3.246,3.262,3.278,3.295,3.388,3.476,3.559,3.636,3.774,3.893,3.995,4.082,4.157,4.222,4.277,4.464
244.0,246.0,3.132,3.147,3.162,3.177,3.192,3.208,3.223,3.238,3.253,3.267,3.282,3.297,3.384,3.468,3.547,3.623,3.762,3.885,3.991,4.084,4.165,4.235,4.296,4.504
244.0,247.0,3.145,3.159,3.173,3.187,3.201,3.216,3.23,3.244,3.258,3.273,3.287,3.301,3.386,3.469,3.548,3.625,3.767,3.894,4.007,4.105,4.191,4.265,4.331,4.555
244.0,248.0,3.151,3.165,3.179,3.193,3.207,3.221,3.235,3.249,3.263,3.277,3.292,3.306,3.391,3.475,3.557,3.636,3.784,3.916,4.034,4.137,4.227,4.307,4.376,4.614
244.0,249.0,3.153,3.167,3.181,3.195,3.21,3.224,3.238,3.253,3.267,3.282,3.297,3.311,3.399,3.486,3.571,3.653,3.807,3.946,4.068,4.177,4.272,4.355,4.427,4.677
244.0,250.0,3.152,3.167,3.181,3.196,3.211,3.226,3.241,3.256,3.271,3.287,3.302,3.317,3.409,3.5,3.589,3.674,3.835,3.98,4.108,4.221,4.32,4.407,4.482,4.742
244.0,251.0,3.15,3.165,3.181,3.196,3.212,3.228,3.243,3.259,3.275,3.291,3.307,3.323,3.42,3.515,3.608,3.698,3.866,4.017,4.151,4.268,4.371,4.461,4.539,4.807
244.0,252.0,3.147,3.163,3.179,3.196,3.212,3.229,3.246,3.262,3.279,3.296,3.313,3.33,3.431,3.531,3.629,3.723,3.899,4.056,4.195,4.317,4.423,4.516,4.596,4.872
244.0,253.0,3.143,3.16,3.178,3.195,3.213,3.23,3.248,3.265,3.283,3.301,3.319,3.337,3.443,3.549,3.651,3.749,3.932,4.096,4.24,4.365,4.475,4.57,4.653,4.935
244.0,254.0,3.14,3.158,3.176,3.195,3.213,3.232,3.25,3.269,3.288,3.306,3.325,3.344,3.456,3.566,3.673,3.776,3.966,4.135,4.284,4.414,4.526,4.624,4.708,4.996
244.0,255.0,3.136,3.156,3.175,3.194,3.214,3.233,3.253,3.273,3.292,3.312,3.332,3.351,3.469,3.584,3.696,3.802,4.0,4.174,4.328,4.461,4.576,4.676,4.762,5.055
244.0,256.0,3.133,3.154,3.174,3.194,3.215,3.235,3.256,3.277,3.297,3.318,3.339,3.359,3.482,3.602,3.718,3.829,4.033,4.213,4.37,4.507,4.624,4.726,4.814,5.111
245.0,246.0,3.136,3.149,3.162,3.174,3.187,3.199,3.211,3.224,3.236,3.248,3.26,3.272,3.343,3.41,3.474,3.535,3.646,3.744,3.829,3.903,3.968,4.024,4.073,4.241
245.0,247.0,3.147,3.159,3.171,3.182,3.194,3.206,3.218,3.23,3.241,3.253,3.265,3.276,3.345,3.412,3.477,3.539,3.653,3.755,3.846,3.925,3.995,4.056,4.109,4.294
245.0,248.0,3.153,3.164,3.176,3.188,3.2,3.211,3.223,3.235,3.247,3.259,3.271,3.282,3.353,3.422,3.488,3.553,3.672,3.78,3.876,3.96,4.034,4.1,4.157,4.356
245.0,249.0,3.155,3.167,3.179,3.191,3.203,3.216,3.228,3.24,3.252,3.265,3.277,3.289,3.363,3.435,3.505,3.572,3.699,3.812,3.914,4.003,4.082,4.151,4.211,4.422
245.0,250.0,3.155,3.168,3.181,3.193,3.206,3.219,3.232,3.245,3.258,3.271,3.284,3.297,3.374,3.45,3.524,3.596,3.729,3.849,3.956,4.05,4.133,4.206,4.269,4.49
245.0,251.0,3.155,3.168,3.181,3.195,3.209,3.222,3.236,3.25,3.263,3.277,3.291,3.305,3.387,3.467,3.546,3.621,3.762,3.888,4.0,4.099,4.186,4.262,4.328,4.558
245.0,252.0,3.153,3.168,3.182,3.196,3.211,3.225,3.24,3.255,3.269,3.284,3.298,3.313,3.4,3.485,3.568,3.647,3.795,3.928,4.046,4.149,4.239,4.318,4.388,4.626
245.0,253.0,3.152,3.167,3.182,3.198,3.213,3.229,3.244,3.259,3.275,3.29,3.306,3.321,3.413,3.503,3.591,3.674,3.83,3.968,4.091,4.199,4.292,4.374,4.446,4.691
245.0,254.0,3.151,3.167,3.183,3.199,3.215,3.232,3.248,3.265,3.281,3.297,3.314,3.33,3.427,3.522,3.613,3.701,3.864,4.009,4.136,4.248,4.345,4.429,4.503,4.755
245.0,255.0,3.149,3.166,3.184,3.201,3.218,3.235,3.253,3.27,3.287,3.304,3.322,3.339,3.441,3.54,3.636,3.728,3.898,4.048,4.18,4.295,4.396,4.483,4.558,4.816
245.0,256.0,3.148,3.166,3.184,3.203,3.221,3.239,3.257,3.275,3.293,3.312,3.33,3.348,3.455,3.559,3.659,3.755,3.931,4.087,4.223,4.342,4.445,4.534,4.612,4.875
245.0,257.0,3.148,3.167,3.186,3.205,3.224,3.243,3.262,3.281,3.3,3.319,3.338,3.357,3.469,3.577,3.682,3.781,3.963,4.125,4.265,4.387,4.493,4.585,4.664,4.932
246.0,247.0,3.308,3.317,3.326,3.335,3.344,3.353,3.362,3.37,3.379,3.388,3.397,3.406,3.458,3.508,3.557,3.604,3.691,3.768,3.837,3.898,3.952,3.999,4.04,4.184
246.0,248.0,3.297,3.307,3.317,3.327,3.338,3.348,3.358,3.368,3.378,3.388,3.398,3.408,3.467,3.524,3.578,3.63,3.726,3.811,3.887,3.953,4.011,4.063,4.108,4.264
246.0,249.0,3.287,3.299,3.31,3.322,3.333,3.345,3.356,3.368,3.379,3.39,3.401,3.413,3.478,3.541,3.601,3.658,3.763,3.857,3.939,4.011,4.074,4.129,4.177,4.345
246.0,250.0,3.279,3.292,3.305,3.318,3.331,3.343,3.356,3.369,3.381,3.393,3.406,3.418,3.49,3.559,3.625,3.687,3.802,3.903,3.991,4.069,4.136,4.195,4.246,4.424
246.0,251.0,3.273,3.287,3.301,3.315,3.329,3.343,3.357,3.37,3.384,3.397,3.411,3.424,3.503,3.578,3.649,3.716,3.839,3.948,4.043,4.125,4.197,4.259,4.314,4.5
246.0,252.0,3.267,3.283,3.298,3.313,3.328,3.343,3.358,3.373,3.387,3.402,3.417,3.431,3.516,3.596,3.673,3.745,3.877,3.992,4.092,4.18,4.256,4.321,4.379,4.574
246.0,253.0,3.262,3.279,3.295,3.311,3.328,3.344,3.36,3.375,3.391,3.407,3.422,3.438,3.528,3.615,3.696,3.773,3.913,4.035,4.141,4.233,4.312,4.381,4.441,4.645
246.0,254.0,3.258,3.276,3.293,3.31,3.328,3.345,3.362,3.379,3.395,3.412,3.429,3.445,3.541,3.633,3.719,3.8,3.948,4.076,4.188,4.284,4.367,4.439,4.502,4.713
246.0,255.0,3.255,3.273,3.292,3.31,3.328,3.346,3.364,3.382,3.4,3.418,3.435,3.453,3.554,3.65,3.741,3.827,3.982,4.117,4.233,4.334,4.42,4.495,4.56,4.778
246.0,256.0,3.252,3.271,3.291,3.31,3.329,3.348,3.367,3.386,3.405,3.423,3.442,3.46,3.567,3.668,3.764,3.853,4.015,4.156,4.277,4.382,4.472,4.549,4.616,4.841
246.0,257.0,3.249,3.27,3.29,3.31,3.33,3.35,3.37,3.39,3.41,3.429,3.448,3.468,3.579,3.685,3.785,3.879,4.048,4.194,4.32,4.428,4.521,4.601,4.67,4.901
246.0,258.0,3.247,3.268,3.29,3.311,3.332,3.353,3.373,3.394,3.415,3.435,3.455,3.475,3.592,3.703,3.807,3.904,4.08,4.231,4.361,4.473,4.569,4.651,4.722,4.959
247.0,248.0,3.634,3.647,3.66,3.673,3.686,3.698,3.71,3.722,3.734,3.745,3.757,3.768,3.832,3.89,3.943,3.991,4.075,4.146,4.205,4.254,4.297,4.332,4.363,4.465
247.0,249.0,3.651,3.662,3.674,3.685,3.697,3.708,3.719,3.73,3.741,3.752,3.763,3.773,3.834,3.891,3.944,3.994,4.082,4.159,4.224,4.28,4.329,4.37,4.406,4.528
247.0,250.0,3.657,3.668,3.679,3.69,3.701,3.712,3.723,3.734,3.744,3.755,3.765,3.776,3.837,3.895,3.95,4.002,4.097,4.179,4.251,4.314,4.368,4.415,4.456,4.595
247.0,251.0,3.658,3.669,3.68,3.691,3.702,3.713,3.724,3.735,3.746,3.756,3.767,3.778,3.841,3.902,3.96,4.016,4.117,4.207,4.285,4.353,4.413,4.465,4.51,4.664
247.0,252.0,3.654,3.666,3.677,3.689,3.7,3.712,3.723,3.735,3.746,3.757,3.769,3.78,3.847,3.912,3.974,4.033,4.142,4.239,4.323,4.397,4.462,4.518,4.567,4.734
247.0,253.0,3.649,3.661,3.673,3.685,3.697,3.71,3.722,3.734,3.746,3.758,3.77,3.782,3.854,3.923,3.989,4.053,4.17,4.274,4.365,4.444,4.513,4.573,4.626,4.804
247.0,254.0,3.642,3.655,3.668,3.681,3.694,3.707,3.72,3.733,3.746,3.759,3.772,3.785,3.861,3.935,4.007,4.075,4.2,4.311,4.408,4.492,4.566,4.629,4.685,4.874
247.0,255.0,3.634,3.648,3.662,3.676,3.69,3.704,3.718,3.732,3.746,3.76,3.774,3.788,3.869,3.949,4.025,4.097,4.231,4.348,4.451,4.541,4.618,4.685,4.744,4.942
247.0,256.0,3.627,3.642,3.657,3.672,3.686,3.701,3.716,3.731,3.746,3.761,3.776,3.791,3.878,3.963,4.044,4.121,4.262,4.386,4.495,4.589,4.67,4.741,4.801,5.008
247.0,257.0,3.619,3.635,3.651,3.667,3.683,3.699,3.715,3.731,3.747,3.762,3.778,3.794,3.887,3.977,4.062,4.144,4.293,4.424,4.538,4.636,4.721,4.794,4.858,5.071
247.0,258.0,3.611,3.628,3.645,3.662,3.679,3.696,3.713,3.73,3.747,3.764,3.781,3.797,3.896,3.991,4.081,4.167,4.324,4.461,4.58,4.682,4.77,4.847,4.912,5.133
247.0,259.0,3.604,3.622,3.64,3.658,3.676,3.694,3.712,3.73,3.748,3.766,3.783,3.801,3.905,4.005,4.1,4.19,4.354,4.497,4.621,4.727,4.818,4.897,4.965,5.191
248.0,249.0,3.634,3.638,3.642,3.645,3.649,3.653,3.658,3.662,3.666,3.671,3.675,3.68,3.709,3.74,3.772,3.804,3.867,3.927,3.982,4.033,4.078,4.119,4.155,4.285
248.0,250.0,3.614,3.619,3.625,3.631,3.638,3.644,3.65,3.656,3.663,3.669,3.676,3.682,3.722,3.762,3.801,3.84,3.915,3.984,4.046,4.103,4.153,4.197,4.237,4.376
248.0,251.0,3.598,3.606,3.614,3.622,3.63,3.638,3.646,3.654,3.662,3.67,3.678,3.686,3.735,3.783,3.83,3.876,3.961,4.039,4.109,4.171,4.225,4.274,4.316,4.465
248.0,252.0,3.586,3.596,3.605,3.615,3.624,3.634,3.643,3.653,3.663,3.672,3.682,3.691,3.748,3.804,3.858,3.909,4.005,4.091,4.168,4.235,4.294,4.346,4.392,4.55
248.0,253.0,3.576,3.587,3.598,3.61,3.621,3.632,3.643,3.654,3.665,3.675,3.686,3.697,3.762,3.824,3.884,3.941,4.047,4.14,4.223,4.296,4.359,4.415,4.463,4.63
248.0,254.0,3.568,3.581,3.593,3.606,3.618,3.63,3.643,3.655,3.667,3.679,3.691,3.703,3.774,3.843,3.909,3.971,4.086,4.187,4.276,4.353,4.42,4.479,4.53,4.705
248.0,255.0,3.562,3.575,3.589,3.602,3.616,3.629,3.643,3.656,3.67,3.683,3.696,3.709,3.787,3.861,3.932,4.0,4.123,4.231,4.325,4.407,4.479,4.54,4.594,4.777
248.0,256.0,3.556,3.57,3.585,3.6,3.615,3.629,3.644,3.658,3.673,3.687,3.701,3.716,3.799,3.879,3.955,4.027,4.158,4.273,4.372,4.459,4.534,4.598,4.654,4.845
248.0,257.0,3.55,3.566,3.582,3.598,3.613,3.629,3.645,3.66,3.676,3.691,3.706,3.722,3.811,3.896,3.977,4.053,4.192,4.313,4.417,4.508,4.586,4.654,4.712,4.909
248.0,258.0,3.545,3.562,3.579,3.596,3.612,3.629,3.646,3.662,3.679,3.695,3.711,3.727,3.822,3.912,3.997,4.078,4.224,4.351,4.461,4.555,4.636,4.707,4.767,4.971
248.0,259.0,3.54,3.558,3.576,3.594,3.612,3.629,3.647,3.664,3.682,3.699,3.716,3.733,3.833,3.928,4.017,4.102,4.255,4.387,4.502,4.6,4.685,4.757,4.82,5.03
248.0,260.0,3.536,3.555,3.574,3.592,3.611,3.63,3.648,3.666,3.685,3.703,3.721,3.739,3.843,3.943,4.037,4.125,4.285,4.423,4.541,4.643,4.731,4.806,4.87,5.086
249.0,250.0,3.934,3.94,3.947,3.953,3.959,3.966,3.972,3.978,3.985,3.991,3.997,4.004,4.041,4.077,4.112,4.146,4.208,4.264,4.314,4.357,4.396,4.429,4.459,4.561
249.0,251.0,3.96,3.965,3.971,3.977,3.983,3.989,3.995,4.001,4.007,4.013,4.02,4.026,4.064,4.101,4.139,4.175,4.245,4.308,4.365,4.415,4.46,4.499,4.533,4.653
249.0,252.0,3.975,3.981,3.987,3.993,3.999,4.005,4.012,4.018,4.025,4.031,4.038,4.044,4.085,4.126,4.167,4.207,4.285,4.356,4.419,4.476,4.527,4.571,4.61,4.746
249.0,253.0,3.985,3.991,3.997,4.004,4.011,4.017,4.024,4.031,4.039,4.046,4.053,4.06,4.105,4.151,4.196,4.241,4.327,4.406,4.477,4.54,4.596,4.645,4.688,4.837
249.0,254.0,3.99,3.997,4.004,4.011,4.019,4.026,4.034,4.042,4.05,4.058,4.066,4.074,4.124,4.175,4.226,4.276,4.371,4.458,4.535,4.604,4.665,4.718,4.765,4.926
249.0,255.0,3.991,3.999,4.008,4.016,4.025,4.033,4.042,4.051,4.06,4.069,4.078,4.087,4.143,4.2,4.256,4.311,4.415,4.509,4.594,4.668,4.734,4.791,4.841,5.013
249.0,256.0,3.991,4.0,4.009,4.019,4.028,4.038,4.048,4.058,4.068,4.078,4.088,4.098,4.161,4.223,4.285,4.345,4.458,4.56,4.651,4.731,4.801,4.861,4.914,5.096
249.0,257.0,3.989,3.999,4.009,4.02,4.031,4.042,4.053,4.064,4.075,4.086,4.097,4.109,4.177,4.245,4.312,4.378,4.5,4.609,4.706,4.791,4.865,4.929,4.985,5.175
249.0,258.0,3.985,3.997,4.008,4.02,4.032,4.044,4.056,4.068,4.08,4.093,4.105,4.118,4.192,4.267,4.339,4.409,4.54,4.657,4.759,4.849,4.927,4.994,5.052,5.25
249.0,259.0,3.98,3.993,4.006,4.019,4.032,4.045,4.058,4.072,4.085,4.098,4.112,4.125,4.206,4.286,4.364,4.439,4.578,4.702,4.81,4.904,4.986,5.056,5.116,5.321
249.0,260.0,3.975,3.989,4.003,4.017,4.031,4.045,4.06,4.074,4.089,4.103,4.118,4.132,4.219,4.305,4.388,4.468,4.615,4.745,4.858,4.957,5.041,5.114,5.177,5.388
249.0,261.0,3.969,3.984,3.999,4.014,4.029,4.045,4.06,4.076,4.091,4.107,4.122,4.138,4.231,4.322,4.41,4.494,4.649,4.786,4.904,5.006,5.094,5.169,5.234,5.451
250.0,251.0,4.152,4.159,4.167,4.174,4.181,4.188,4.195,4.202,4.209,4.216,4.222,4.229,4.269,4.307,4.343,4.377,4.44,4.494,4.542,4.584,4.62,4.652,4.68,4.775
250.0,252.0,4.149,4.157,4.164,4.171,4.179,4.186,4.194,4.201,4.208,4.216,4.223,4.23,4.273,4.315,4.355,4.393,4.464,4.527,4.582,4.63,4.672,4.709,4.741,4.852
250.0,253.0,4.142,4.15,4.158,4.166,4.174,4.182,4.19,4.198,4.206,4.214,4.222,4.23,4.277,4.323,4.368,4.411,4.49,4.561,4.623,4.678,4.725,4.767,4.803,4.927
250.0,254.0,4.132,4.141,4.15,4.158,4.167,4.176,4.185,4.194,4.202,4.211,4.22,4.229,4.281,4.333,4.382,4.43,4.518,4.597,4.666,4.726,4.779,4.825,4.865,5.001
250.0,255.0,4.121,4.13,4.14,4.15,4.16,4.169,4.179,4.189,4.199,4.208,4.218,4.228,4.286,4.343,4.398,4.45,4.547,4.633,4.709,4.775,4.832,4.882,4.926,5.074
250.0,256.0,4.109,4.119,4.13,4.141,4.151,4.162,4.173,4.184,4.195,4.206,4.216,4.227,4.291,4.353,4.413,4.471,4.577,4.67,4.752,4.824,4.885,4.939,4.986,5.143
250.0,257.0,4.096,4.108,4.12,4.131,4.143,4.155,4.167,4.179,4.191,4.203,4.214,4.226,4.296,4.364,4.43,4.492,4.606,4.707,4.795,4.871,4.937,4.995,5.044,5.211
250.0,258.0,4.083,4.096,4.109,4.122,4.135,4.148,4.161,4.174,4.187,4.2,4.213,4.226,4.302,4.375,4.446,4.513,4.635,4.743,4.837,4.918,4.988,5.048,5.1,5.276
250.0,259.0,4.071,4.085,4.099,4.113,4.127,4.141,4.155,4.169,4.183,4.197,4.211,4.225,4.307,4.386,4.462,4.533,4.664,4.779,4.878,4.963,5.037,5.1,5.155,5.337
250.0,260.0,4.058,4.073,4.088,4.104,4.119,4.134,4.149,4.164,4.179,4.194,4.209,4.224,4.312,4.397,4.477,4.553,4.692,4.813,4.917,5.007,5.084,5.15,5.207,5.397
250.0,261.0,4.046,4.062,4.078,4.095,4.111,4.127,4.143,4.16,4.176,4.192,4.208,4.224,4.317,4.407,4.492,4.573,4.719,4.846,4.955,5.049,5.129,5.198,5.257,5.453
250.0,262.0,4.034,4.051,4.069,4.086,4.103,4.121,4.138,4.155,4.172,4.189,4.206,4.223,4.322,4.417,4.507,4.592,4.745,4.878,4.992,5.089,5.172,5.243,5.304,5.506
251.0,252.0,4.231,4.233,4.236,4.238,4.241,4.244,4.247,4.25,4.253,4.257,4.26,4.264,4.286,4.311,4.336,4.362,4.413,4.462,4.508,4.549,4.586,4.619,4.648,4.753
251.0,253.0,4.21,4.214,4.218,4.222,4.226,4.23,4.234,4.239,4.243,4.248,4.252,4.257,4.287,4.318,4.349,4.381,4.443,4.501,4.554,4.602,4.645,4.683,4.716,4.834
251.0,254.0,4.19,4.195,4.2,4.205,4.211,4.216,4.222,4.227,4.233,4.239,4.245,4.251,4.287,4.325,4.363,4.401,4.473,4.54,4.601,4.655,4.703,4.745,4.783,4.913
251.0,255.0,4.171,4.177,4.183,4.19,4.196,4.203,4.21,4.217,4.224,4.231,4.238,4.245,4.289,4.333,4.377,4.42,4.503,4.578,4.646,4.707,4.76,4.806,4.847,4.989
251.0,256.0,4.151,4.159,4.167,4.174,4.182,4.19,4.198,4.207,4.215,4.223,4.231,4.24,4.29,4.341,4.391,4.44,4.533,4.616,4.691,4.757,4.815,4.865,4.91,5.062
251.0,257.0,4.133,4.142,4.151,4.16,4.169,4.178,4.187,4.197,4.206,4.216,4.225,4.235,4.292,4.35,4.406,4.46,4.562,4.653,4.735,4.806,4.868,4.922,4.97,5.132
251.0,258.0,4.115,4.125,4.135,4.146,4.156,4.167,4.177,4.188,4.198,4.209,4.22,4.23,4.294,4.358,4.42,4.479,4.59,4.689,4.777,4.853,4.92,4.977,5.027,5.198
251.0,259.0,4.098,4.109,4.12,4.132,4.144,4.155,4.167,4.179,4.191,4.202,4.214,4.226,4.297,4.366,4.433,4.498,4.618,4.724,4.817,4.899,4.969,5.03,5.083,5.261
251.0,260.0,4.081,4.094,4.106,4.119,4.132,4.145,4.157,4.17,4.183,4.196,4.209,4.222,4.299,4.374,4.447,4.516,4.644,4.758,4.857,4.942,5.016,5.08,5.135,5.322
251.0,261.0,4.065,4.079,4.092,4.106,4.12,4.134,4.148,4.162,4.176,4.19,4.204,4.218,4.301,4.382,4.46,4.534,4.67,4.79,4.894,4.984,5.061,5.128,5.186,5.379
251.0,262.0,4.049,4.064,4.079,4.094,4.109,4.124,4.139,4.155,4.17,4.185,4.2,4.215,4.304,4.39,4.473,4.551,4.695,4.821,4.93,5.024,5.105,5.174,5.234,5.433
251.0,263.0,4.034,4.05,4.066,4.083,4.099,4.115,4.131,4.147,4.163,4.179,4.195,4.211,4.306,4.397,4.485,4.568,4.719,4.851,4.964,5.062,5.146,5.218,5.28,5.485
252.0,253.0,4.323,4.32,4.318,4.316,4.314,4.312,4.311,4.31,4.309,4.308,4.307,4.307,4.307,4.312,4.32,4.33,4.355,4.384,4.413,4.441,4.468,4.493,4.516,4.6
252.0,254.0,4.299,4.298,4.298,4.297,4.297,4.297,4.297,4.298,4.298,4.299,4.3,4.301,4.31,4.323,4.338,4.355,4.392,4.431,4.469,4.505,4.538,4.568,4.595,4.695
252.0,255.0,4.277,4.278,4.279,4.28,4.281,4.283,4.285,4.287,4.289,4.291,4.293,4.296,4.313,4.334,4.356,4.38,4.43,4.479,4.525,4.568,4.607,4.643,4.674,4.788
252.0,256.0,4.256,4.258,4.261,4.264,4.267,4.27,4.273,4.276,4.28,4.284,4.288,4.292,4.317,4.345,4.375,4.406,4.467,4.526,4.581,4.631,4.676,4.716,4.751,4.878
252.0,257.0,4.236,4.24,4.244,4.248,4.253,4.257,4.262,4.267,4.272,4.277,4.282,4.288,4.321,4.357,4.394,4.431,4.504,4.572,4.635,4.691,4.742,4.786,4.826,4.964
252.0,258.0,4.217,4.222,4.228,4.233,4.239,4.245,4.252,4.258,4.264,4.271,4.278,4.284,4.326,4.369,4.413,4.456,4.54,4.617,4.687,4.75,4.805,4.854,4.897,5.046
252.0,259.0,4.198,4.205,4.212,4.219,4.227,4.234,4.242,4.25,4.257,4.265,4.273,4.281,4.331,4.381,4.431,4.48,4.574,4.66,4.738,4.806,4.866,4.919,4.965,5.125
252.0,260.0,4.18,4.189,4.197,4.206,4.215,4.223,4.232,4.241,4.251,4.26,4.269,4.278,4.335,4.392,4.449,4.504,4.608,4.702,4.786,4.86,4.924,4.981,5.03,5.199
252.0,261.0,4.163,4.173,4.183,4.193,4.203,4.213,4.223,4.234,4.244,4.255,4.265,4.276,4.34,4.404,4.466,4.527,4.64,4.742,4.833,4.911,4.98,5.04,5.092,5.269
252.0,262.0,4.146,4.158,4.169,4.18,4.192,4.203,4.215,4.226,4.238,4.25,4.262,4.274,4.345,4.415,4.483,4.549,4.672,4.781,4.877,4.961,5.033,5.096,5.151,5.336
252.0,263.0,4.13,4.143,4.155,4.168,4.181,4.194,4.206,4.219,4.232,4.245,4.258,4.271,4.349,4.425,4.499,4.57,4.702,4.818,4.92,5.008,5.084,5.15,5.207,5.399
252.0,264.0,4.115,4.129,4.142,4.156,4.17,4.184,4.198,4.212,4.227,4.241,4.255,4.269,4.353,4.435,4.515,4.591,4.73,4.853,4.96,5.053,5.132,5.201,5.26,5.458
253.0,254.0,4.584,4.575,4.568,4.56,4.553,4.547,4.54,4.535,4.529,4.524,4.519,4.515,4.495,4.483,4.479,4.48,4.495,4.52,4.549,4.581,4.612,4.643,4.672,4.784
253.0,255.0,4.587,4.58,4.573,4.567,4.561,4.556,4.551,4.546,4.542,4.538,4.535,4.531,4.519,4.515,4.518,4.527,4.555,4.592,4.633,4.674,4.714,4.752,4.787,4.921
253.0,256.0,4.583,4.577,4.572,4.567,4.563,4.559,4.556,4.552,4.55,4.547,4.545,4.544,4.54,4.545,4.557,4.574,4.617,4.667,4.719,4.77,4.818,4.862,4.903,5.056
253.0,257.0,4.573,4.569,4.566,4.563,4.56,4.558,4.556,4.555,4.554,4.553,4.553,4.553,4.559,4.574,4.595,4.62,4.679,4.742,4.804,4.864,4.92,4.971,5.017,5.185
253.0,258.0,4.559,4.557,4.555,4.554,4.554,4.553,4.554,4.554,4.555,4.556,4.558,4.56,4.577,4.602,4.632,4.666,4.74,4.815,4.889,4.957,5.019,5.076,5.127,5.308
253.0,259.0,4.542,4.542,4.542,4.543,4.545,4.547,4.549,4.551,4.554,4.557,4.561,4.565,4.593,4.628,4.668,4.71,4.799,4.887,4.97,5.046,5.114,5.176,5.23,5.423
253.0,260.0,4.523,4.525,4.527,4.531,4.534,4.538,4.542,4.547,4.552,4.557,4.562,4.568,4.607,4.653,4.702,4.753,4.856,4.955,5.047,5.13,5.204,5.27,5.328,5.53
253.0,261.0,4.502,4.506,4.511,4.516,4.522,4.528,4.534,4.541,4.548,4.555,4.562,4.57,4.62,4.676,4.734,4.793,4.909,5.019,5.119,5.209,5.288,5.357,5.418,5.628
253.0,262.0,4.48,4.487,4.494,4.501,4.509,4.517,4.525,4.534,4.543,4.552,4.561,4.571,4.632,4.697,4.764,4.83,4.96,5.079,5.187,5.282,5.365,5.438,5.501,5.717
253.0,263.0,4.458,4.467,4.476,4.485,4.495,4.505,4.515,4.526,4.537,4.548,4.559,4.571,4.642,4.716,4.791,4.865,5.006,5.135,5.249,5.349,5.436,5.512,5.578,5.799
253.0,264.0,4.435,4.446,4.457,4.469,4.481,4.493,4.505,4.517,4.53,4.543,4.556,4.569,4.651,4.733,4.816,4.897,5.049,5.186,5.306,5.411,5.501,5.579,5.647,5.873
253.0,265.0,4.412,4.425,4.438,4.452,4.466,4.48,4.494,4.508,4.523,4.537,4.552,4.567,4.657,4.749,4.838,4.925,5.088,5.232,5.358,5.467,5.56,5.641,5.71,5.939
254.0,255.0,4.689,4.684,4.678,4.673,4.668,4.664,4.66,4.655,4.652,4.648,4.644,4.641,4.625,4.615,4.609,4.607,4.609,4.619,4.632,4.646,4.661,4.676,4.69,4.747
254.0,256.0,4.67,4.666,4.662,4.659,4.655,4.652,4.649,4.647,4.644,4.642,4.64,4.638,4.63,4.628,4.63,4.634,4.65,4.671,4.693,4.717,4.739,4.76,4.78,4.854
254.0,257.0,4.651,4.648,4.646,4.644,4.642,4.64,4.639,4.638,4.637,4.636,4.635,4.635,4.636,4.641,4.651,4.663,4.691,4.723,4.755,4.787,4.816,4.843,4.868,4.959
254.0,258.0,4.631,4.63,4.629,4.629,4.628,4.628,4.628,4.629,4.629,4.63,4.631,4.632,4.642,4.655,4.672,4.691,4.733,4.775,4.817,4.856,4.891,4.924,4.953,5.059
254.0,259.0,4.611,4.612,4.613,4.614,4.615,4.616,4.618,4.62,4.622,4.624,4.627,4.629,4.647,4.669,4.694,4.72,4.774,4.827,4.877,4.923,4.965,5.002,5.036,5.155
254.0,260.0,4.592,4.594,4.596,4.599,4.602,4.605,4.608,4.612,4.615,4.619,4.623,4.627,4.654,4.684,4.715,4.748,4.814,4.877,4.935,4.988,5.035,5.078,5.115,5.246
254.0,261.0,4.573,4.576,4.58,4.585,4.589,4.594,4.598,4.603,4.608,4.614,4.619,4.625,4.66,4.697,4.736,4.776,4.853,4.925,4.991,5.051,5.103,5.15,5.191,5.332
254.0,262.0,4.554,4.559,4.565,4.571,4.577,4.583,4.589,4.595,4.602,4.609,4.616,4.622,4.666,4.711,4.757,4.803,4.891,4.972,5.046,5.111,5.168,5.218,5.262,5.414
254.0,263.0,4.536,4.543,4.55,4.557,4.564,4.572,4.58,4.588,4.596,4.604,4.612,4.62,4.672,4.724,4.777,4.829,4.927,5.017,5.097,5.168,5.23,5.284,5.331,5.491
254.0,264.0,4.518,4.526,4.535,4.544,4.552,4.562,4.571,4.58,4.59,4.599,4.609,4.618,4.677,4.737,4.796,4.854,4.962,5.06,5.147,5.222,5.288,5.346,5.395,5.563
254.0,265.0,4.5,4.51,4.52,4.53,4.541,4.551,4.562,4.573,4.583,4.594,4.605,4.616,4.683,4.749,4.815,4.878,4.996,5.101,5.194,5.274,5.344,5.404,5.456,5.632
254.0,266.0,4.483,4.495,4.506,4.518,4.529,4.541,4.553,4.565,4.577,4.59,4.602,4.614,4.688,4.761,4.832,4.9,5.027,5.14,5.238,5.323,5.396,5.459,5.514,5.696
255.0,256.0,4.728,4.727,4.727,4.726,4.726,4.726,4.726,4.727,4.727,4.728,4.729,4.729,4.736,4.746,4.759,4.772,4.802,4.832,4.862,4.891,4.917,4.941,4.962,5.041
255.0,257.0,4.689,4.691,4.692,4.693,4.695,4.697,4.699,4.701,4.703,4.705,4.707,4.71,4.726,4.744,4.764,4.784,4.826,4.866,4.904,4.939,4.971,4.999,5.024,5.114
255.0,258.0,4.654,4.657,4.66,4.663,4.666,4.669,4.673,4.676,4.68,4.684,4.687,4.691,4.715,4.741,4.768,4.795,4.847,4.897,4.942,4.983,5.019,5.052,5.08,5.181
255.0,259.0,4.621,4.626,4.63,4.634,4.639,4.644,4.649,4.653,4.658,4.663,4.669,4.674,4.706,4.738,4.771,4.804,4.867,4.924,4.977,5.023,5.064,5.101,5.132,5.243
255.0,260.0,4.59,4.596,4.601,4.607,4.613,4.619,4.626,4.632,4.638,4.644,4.651,4.657,4.696,4.735,4.774,4.812,4.885,4.95,5.009,5.061,5.106,5.146,5.181,5.301
255.0,261.0,4.56,4.567,4.574,4.582,4.589,4.596,4.603,4.611,4.618,4.626,4.633,4.641,4.687,4.732,4.777,4.82,4.901,4.975,5.039,5.096,5.146,5.189,5.227,5.356
255.0,262.0,4.532,4.54,4.548,4.557,4.565,4.574,4.582,4.591,4.599,4.608,4.617,4.626,4.678,4.729,4.779,4.828,4.917,4.998,5.068,5.13,5.183,5.23,5.27,5.407
255.0,263.0,4.504,4.514,4.523,4.533,4.542,4.552,4.562,4.572,4.581,4.591,4.601,4.611,4.669,4.726,4.781,4.834,4.933,5.02,5.096,5.162,5.219,5.269,5.312,5.457
255.0,264.0,4.478,4.488,4.499,4.51,4.521,4.531,4.542,4.553,4.564,4.575,4.585,4.596,4.66,4.723,4.783,4.841,4.947,5.04,5.122,5.192,5.253,5.305,5.351,5.503
255.0,265.0,4.452,4.464,4.476,4.487,4.499,4.511,4.523,4.535,4.547,4.559,4.57,4.582,4.652,4.72,4.785,4.847,4.961,5.06,5.147,5.221,5.285,5.34,5.388,5.547
255.0,266.0,4.427,4.44,4.453,4.466,4.479,4.492,4.505,4.517,4.53,4.543,4.556,4.569,4.644,4.717,4.787,4.853,4.974,5.079,5.17,5.249,5.316,5.374,5.423,5.589
255.0,267.0,4.403,4.417,4.431,4.445,4.459,4.473,4.487,4.501,4.514,4.528,4.542,4.556,4.636,4.714,4.788,4.858,4.986,5.097,5.193,5.275,5.345,5.405,5.457,5.629
256.0,257.0,4.83,4.826,4.823,4.821,4.818,4.817,4.815,4.814,4.813,4.812,4.812,4.812,4.816,4.827,4.844,4.864,4.912,4.964,5.016,5.066,5.112,5.155,5.194,5.336
256.0,258.0,4.776,4.776,4.777,4.778,4.779,4.781,4.783,4.785,4.787,4.79,4.793,4.796,4.817,4.843,4.872,4.904,4.969,5.033,5.095,5.151,5.202,5.248,5.289,5.435
256.0,259.0,4.732,4.736,4.739,4.743,4.748,4.752,4.757,4.762,4.767,4.772,4.777,4.783,4.818,4.856,4.896,4.936,5.016,5.091,5.16,5.222,5.277,5.326,5.369,5.519
256.0,260.0,4.695,4.701,4.708,4.714,4.721,4.727,4.734,4.742,4.749,4.756,4.764,4.771,4.818,4.866,4.915,4.963,5.055,5.139,5.215,5.282,5.341,5.392,5.438,5.592
256.0,261.0,4.663,4.671,4.68,4.688,4.697,4.706,4.714,4.723,4.733,4.742,4.751,4.76,4.817,4.874,4.93,4.985,5.087,5.18,5.262,5.333,5.396,5.45,5.497,5.657
256.0,262.0,4.634,4.644,4.654,4.665,4.675,4.686,4.696,4.707,4.717,4.728,4.739,4.75,4.815,4.879,4.942,5.003,5.115,5.215,5.303,5.379,5.444,5.501,5.55,5.715
256.0,263.0,4.607,4.619,4.631,4.643,4.655,4.667,4.679,4.691,4.703,4.715,4.727,4.74,4.812,4.884,4.952,5.018,5.139,5.246,5.339,5.419,5.487,5.546,5.597,5.767
256.0,264.0,4.582,4.596,4.609,4.622,4.636,4.649,4.662,4.676,4.689,4.703,4.716,4.729,4.809,4.887,4.961,5.031,5.161,5.274,5.371,5.455,5.526,5.588,5.64,5.816
256.0,265.0,4.559,4.573,4.588,4.603,4.617,4.632,4.646,4.661,4.676,4.69,4.705,4.719,4.805,4.888,4.968,5.043,5.18,5.298,5.4,5.488,5.562,5.626,5.68,5.86
256.0,266.0,4.536,4.552,4.568,4.584,4.599,4.615,4.631,4.647,4.662,4.678,4.694,4.709,4.801,4.89,4.974,5.053,5.197,5.321,5.427,5.518,5.595,5.66,5.717,5.902
256.0,267.0,4.515,4.532,4.549,4.565,4.582,4.599,4.616,4.633,4.65,4.666,4.683,4.699,4.797,4.89,4.979,5.062,5.212,5.342,5.452,5.546,5.625,5.693,5.751,5.94
256.0,268.0,4.494,4.512,4.53,4.548,4.566,4.584,4.601,4.619,4.637,4.654,4.672,4.69,4.792,4.89,4.983,5.07,5.226,5.361,5.475,5.572,5.653,5.723,5.782,5.976
257.0,258.0,4.983,4.978,4.974,4.97,4.967,4.964,4.962,4.959,4.957,4.956,4.954,4.953,4.952,4.958,4.97,4.985,5.024,5.067,5.111,5.154,5.194,5.231,5.265,5.389
257.0,259.0,4.918,4.917,4.917,4.917,4.918,4.918,4.919,4.921,4.922,4.924,4.925,4.927,4.943,4.964,4.988,5.014,5.07,5.125,5.179,5.228,5.273,5.313,5.349,5.476
257.0,260.0,4.864,4.867,4.87,4.873,4.876,4.88,4.884,4.888,4.892,4.896,4.9,4.905,4.935,4.967,5.002,5.037,5.107,5.173,5.234,5.289,5.338,5.381,5.419,5.552
257.0,261.0,4.818,4.824,4.829,4.835,4.84,4.846,4.852,4.859,4.865,4.871,4.878,4.884,4.926,4.969,5.012,5.055,5.137,5.212,5.28,5.34,5.393,5.439,5.479,5.618
257.0,262.0,4.778,4.785,4.793,4.8,4.808,4.816,4.824,4.832,4.84,4.849,4.857,4.865,4.916,4.968,5.019,5.068,5.161,5.245,5.319,5.384,5.44,5.489,5.532,5.676
257.0,263.0,4.741,4.75,4.76,4.769,4.779,4.788,4.798,4.808,4.818,4.827,4.837,4.847,4.907,4.966,5.023,5.079,5.181,5.273,5.352,5.422,5.482,5.533,5.578,5.727
257.0,264.0,4.707,4.718,4.729,4.74,4.751,4.762,4.774,4.785,4.796,4.807,4.818,4.83,4.897,4.963,5.026,5.087,5.198,5.296,5.382,5.455,5.518,5.572,5.619,5.775
257.0,265.0,4.676,4.688,4.7,4.713,4.725,4.738,4.75,4.763,4.775,4.788,4.8,4.813,4.887,4.959,5.028,5.093,5.213,5.317,5.407,5.485,5.551,5.608,5.656,5.818
257.0,266.0,4.646,4.659,4.673,4.687,4.7,4.714,4.728,4.742,4.755,4.769,4.783,4.796,4.877,4.954,5.028,5.098,5.225,5.336,5.431,5.512,5.581,5.64,5.69,5.858
257.0,267.0,4.617,4.632,4.647,4.662,4.677,4.692,4.706,4.721,4.736,4.751,4.765,4.78,4.866,4.949,5.028,5.102,5.237,5.353,5.452,5.536,5.608,5.67,5.722,5.895
257.0,268.0,4.59,4.606,4.622,4.638,4.654,4.67,4.686,4.702,4.717,4.733,4.749,4.764,4.856,4.944,5.027,5.105,5.246,5.368,5.471,5.559,5.634,5.697,5.751,5.929
257.0,269.0,4.564,4.581,4.598,4.615,4.632,4.649,4.666,4.682,4.699,4.716,4.732,4.749,4.846,4.938,5.026,5.108,5.255,5.382,5.489,5.58,5.657,5.723,5.778,5.961
258.0,259.0,5.176,5.169,5.162,5.155,5.149,5.143,5.138,5.133,5.128,5.124,5.12,5.116,5.099,5.09,5.088,5.09,5.105,5.127,5.153,5.181,5.208,5.233,5.257,5.348
258.0,260.0,5.117,5.113,5.11,5.108,5.105,5.103,5.102,5.1,5.099,5.098,5.097,5.096,5.096,5.102,5.112,5.125,5.157,5.192,5.228,5.262,5.294,5.323,5.349,5.446
258.0,261.0,5.068,5.068,5.068,5.069,5.069,5.07,5.071,5.072,5.074,5.075,5.077,5.079,5.093,5.111,5.132,5.154,5.201,5.247,5.291,5.331,5.368,5.4,5.43,5.533
258.0,262.0,5.027,5.029,5.032,5.035,5.038,5.041,5.045,5.048,5.052,5.056,5.06,5.064,5.09,5.118,5.148,5.178,5.238,5.294,5.345,5.391,5.432,5.468,5.5,5.61
258.0,263.0,4.99,4.995,5.0,5.005,5.01,5.016,5.021,5.027,5.032,5.038,5.044,5.05,5.086,5.123,5.161,5.198,5.269,5.334,5.392,5.444,5.488,5.528,5.562,5.679
258.0,264.0,4.957,4.964,4.971,4.978,4.985,4.992,4.999,5.006,5.014,5.021,5.029,5.036,5.081,5.127,5.172,5.215,5.296,5.369,5.434,5.49,5.539,5.581,5.618,5.742
258.0,265.0,4.927,4.935,4.944,4.952,4.961,4.97,4.978,4.987,4.996,5.005,5.014,5.023,5.076,5.129,5.18,5.229,5.32,5.4,5.471,5.531,5.584,5.629,5.668,5.799
258.0,266.0,4.898,4.908,4.918,4.928,4.938,4.948,4.958,4.969,4.979,4.989,4.999,5.01,5.07,5.13,5.187,5.241,5.341,5.428,5.504,5.569,5.625,5.673,5.714,5.852
258.0,267.0,4.871,4.882,4.893,4.905,4.916,4.928,4.939,4.951,4.962,4.974,4.985,4.996,5.064,5.129,5.192,5.251,5.359,5.453,5.534,5.603,5.663,5.713,5.756,5.9
258.0,268.0,4.844,4.857,4.869,4.882,4.895,4.908,4.92,4.933,4.946,4.958,4.971,4.983,5.057,5.129,5.196,5.26,5.376,5.476,5.562,5.635,5.697,5.75,5.796,5.945
258.0,269.0,4.819,4.832,4.846,4.86,4.874,4.888,4.902,4.916,4.929,4.943,4.957,4.97,5.05,5.127,5.2,5.268,5.391,5.497,5.587,5.664,5.729,5.785,5.832,5.988
258.0,270.0,4.794,4.809,4.824,4.839,4.854,4.869,4.884,4.899,4.913,4.928,4.943,4.957,5.043,5.125,5.202,5.274,5.404,5.516,5.611,5.691,5.759,5.817,5.866,6.027
259.0,260.0,5.168,5.151,5.135,5.12,5.105,5.091,5.078,5.066,5.054,5.043,5.032,5.022,4.973,4.94,4.92,4.91,4.913,4.934,4.966,5.003,5.041,5.079,5.115,5.259
259.0,261.0,5.141,5.128,5.115,5.103,5.092,5.081,5.071,5.062,5.053,5.044,5.037,5.029,4.996,4.977,4.97,4.971,4.992,5.027,5.07,5.116,5.162,5.205,5.246,5.403
259.0,262.0,5.116,5.105,5.095,5.086,5.078,5.07,5.063,5.056,5.05,5.044,5.039,5.035,5.016,5.011,5.015,5.027,5.066,5.117,5.171,5.226,5.279,5.328,5.373,5.54
259.0,263.0,5.091,5.083,5.076,5.07,5.064,5.059,5.054,5.05,5.047,5.044,5.041,5.039,5.035,5.042,5.058,5.081,5.138,5.202,5.267,5.33,5.389,5.443,5.492,5.669
259.0,264.0,5.066,5.061,5.057,5.053,5.05,5.047,5.045,5.044,5.043,5.042,5.042,5.042,5.052,5.072,5.099,5.131,5.205,5.282,5.357,5.427,5.492,5.55,5.601,5.786
259.0,265.0,5.041,5.039,5.037,5.036,5.035,5.035,5.036,5.037,5.038,5.04,5.042,5.045,5.067,5.099,5.137,5.178,5.267,5.356,5.439,5.516,5.586,5.647,5.702,5.892
259.0,266.0,5.016,5.016,5.017,5.019,5.02,5.023,5.026,5.029,5.033,5.037,5.041,5.046,5.081,5.124,5.171,5.222,5.324,5.423,5.515,5.598,5.671,5.736,5.792,5.987
259.0,267.0,4.991,4.994,4.997,5.001,5.005,5.01,5.015,5.021,5.027,5.033,5.04,5.047,5.093,5.146,5.203,5.261,5.376,5.485,5.584,5.671,5.748,5.815,5.874,6.072
259.0,268.0,4.966,4.971,4.977,4.983,4.99,4.997,5.004,5.012,5.02,5.028,5.037,5.046,5.103,5.166,5.231,5.297,5.423,5.541,5.645,5.737,5.817,5.887,5.947,6.149
259.0,269.0,4.941,4.949,4.957,4.965,4.974,4.983,4.992,5.002,5.012,5.022,5.033,5.043,5.111,5.183,5.256,5.328,5.466,5.59,5.701,5.796,5.879,5.951,6.012,6.217
259.0,270.0,4.916,4.926,4.936,4.946,4.957,4.968,4.98,4.991,5.003,5.015,5.028,5.04,5.118,5.198,5.278,5.356,5.503,5.635,5.75,5.849,5.934,6.007,6.07,6.277
259.0,271.0,4.892,4.903,4.915,4.928,4.94,4.953,4.967,4.98,4.994,5.007,5.021,5.035,5.122,5.21,5.296,5.38,5.536,5.674,5.793,5.896,5.983,6.058,6.121,6.331
260.0,261.0,5.024,5.008,4.992,4.976,4.962,4.948,4.934,4.922,4.909,4.898,4.887,4.876,4.824,4.787,4.762,4.748,4.74,4.753,4.778,4.81,4.845,4.88,4.915,5.059
260.0,262.0,4.922,4.912,4.903,4.895,4.887,4.879,4.872,4.865,4.859,4.853,4.848,4.843,4.82,4.808,4.804,4.807,4.826,4.858,4.895,4.935,4.974,5.013,5.049,5.19
260.0,263.0,4.844,4.839,4.835,4.832,4.829,4.826,4.823,4.821,4.819,4.818,4.817,4.816,4.815,4.822,4.835,4.852,4.893,4.941,4.989,5.037,5.082,5.123,5.161,5.304
260.0,264.0,4.783,4.783,4.783,4.783,4.783,4.784,4.785,4.787,4.788,4.79,4.792,4.794,4.812,4.834,4.86,4.888,4.948,5.008,5.066,5.12,5.17,5.214,5.254,5.399
260.0,265.0,4.734,4.737,4.74,4.743,4.747,4.75,4.754,4.759,4.763,4.767,4.772,4.777,4.808,4.843,4.88,4.917,4.992,5.063,5.129,5.189,5.242,5.29,5.332,5.48
260.0,266.0,4.692,4.698,4.704,4.709,4.715,4.722,4.728,4.734,4.741,4.748,4.755,4.761,4.805,4.85,4.895,4.94,5.027,5.108,5.181,5.245,5.303,5.353,5.397,5.549
260.0,267.0,4.656,4.664,4.672,4.68,4.688,4.696,4.704,4.713,4.721,4.73,4.738,4.747,4.8,4.854,4.907,4.959,5.057,5.145,5.224,5.293,5.354,5.407,5.453,5.61
260.0,268.0,4.624,4.634,4.643,4.653,4.663,4.673,4.683,4.693,4.703,4.713,4.723,4.733,4.795,4.856,4.916,4.973,5.081,5.177,5.261,5.335,5.399,5.454,5.502,5.664
260.0,269.0,4.595,4.606,4.617,4.628,4.639,4.651,4.662,4.674,4.685,4.697,4.708,4.72,4.789,4.857,4.922,4.985,5.101,5.204,5.294,5.371,5.438,5.496,5.546,5.713
260.0,270.0,4.567,4.58,4.592,4.605,4.617,4.63,4.643,4.656,4.668,4.681,4.694,4.707,4.783,4.856,4.927,4.995,5.119,5.228,5.322,5.404,5.474,5.534,5.585,5.758
260.0,271.0,4.541,4.555,4.569,4.582,4.596,4.61,4.624,4.638,4.652,4.666,4.68,4.694,4.776,4.855,4.931,5.003,5.135,5.249,5.348,5.433,5.506,5.568,5.622,5.8
260.0,272.0,4.516,4.531,4.546,4.561,4.576,4.591,4.606,4.621,4.636,4.651,4.666,4.681,4.769,4.853,4.934,5.01,5.148,5.268,5.371,5.46,5.535,5.6,5.655,5.838
261.0,262.0,4.951,4.934,4.918,4.903,4.888,4.874,4.861,4.848,4.836,4.824,4.813,4.802,4.749,4.71,4.684,4.668,4.658,4.669,4.692,4.723,4.757,4.793,4.828,4.977
261.0,263.0,4.86,4.85,4.841,4.832,4.824,4.816,4.809,4.802,4.796,4.79,4.785,4.78,4.756,4.743,4.739,4.741,4.76,4.791,4.829,4.869,4.91,4.949,4.987,5.134
261.0,264.0,4.793,4.788,4.784,4.781,4.777,4.775,4.772,4.77,4.768,4.766,4.765,4.764,4.764,4.771,4.783,4.8,4.843,4.891,4.941,4.99,5.037,5.08,5.119,5.268
261.0,265.0,4.743,4.742,4.742,4.743,4.743,4.744,4.745,4.747,4.748,4.75,4.752,4.755,4.772,4.795,4.822,4.851,4.912,4.974,5.034,5.09,5.141,5.188,5.229,5.38
261.0,266.0,4.703,4.706,4.71,4.713,4.717,4.721,4.725,4.729,4.734,4.738,4.743,4.748,4.781,4.816,4.854,4.893,4.97,5.043,5.111,5.173,5.228,5.277,5.321,5.474
261.0,267.0,4.671,4.677,4.683,4.689,4.695,4.702,4.708,4.715,4.722,4.729,4.736,4.743,4.788,4.834,4.881,4.928,5.018,5.101,5.176,5.242,5.301,5.353,5.398,5.555
261.0,268.0,4.644,4.652,4.66,4.669,4.677,4.686,4.694,4.703,4.712,4.721,4.73,4.739,4.794,4.849,4.904,4.957,5.058,5.149,5.23,5.301,5.364,5.418,5.465,5.626
261.0,269.0,4.621,4.631,4.641,4.651,4.661,4.671,4.682,4.692,4.702,4.713,4.724,4.734,4.798,4.861,4.922,4.982,5.092,5.191,5.277,5.353,5.418,5.475,5.524,5.689
261.0,270.0,4.599,4.611,4.623,4.634,4.646,4.658,4.67,4.682,4.694,4.706,4.718,4.729,4.801,4.871,4.938,5.003,5.122,5.227,5.319,5.398,5.466,5.525,5.576,5.746
261.0,271.0,4.58,4.593,4.606,4.619,4.632,4.645,4.659,4.672,4.685,4.698,4.711,4.725,4.803,4.879,4.952,5.021,5.148,5.259,5.356,5.438,5.509,5.57,5.623,5.798
261.0,272.0,4.561,4.576,4.59,4.604,4.619,4.633,4.648,4.662,4.676,4.691,4.705,4.719,4.804,4.885,4.963,5.037,5.171,5.288,5.389,5.475,5.549,5.612,5.666,5.845
261.0,273.0,4.544,4.559,4.575,4.59,4.606,4.621,4.637,4.652,4.668,4.683,4.699,4.714,4.804,4.891,4.973,5.051,5.192,5.314,5.419,5.508,5.585,5.65,5.705,5.889
262.0,263.0,5.033,5.012,4.991,4.971,4.952,4.934,4.916,4.9,4.884,4.868,4.854,4.84,4.768,4.716,4.678,4.654,4.633,4.639,4.663,4.696,4.734,4.775,4.816,4.993
262.0,264.0,4.959,4.944,4.929,4.915,4.902,4.89,4.878,4.867,4.856,4.846,4.836,4.828,4.784,4.756,4.74,4.734,4.743,4.772,4.811,4.856,4.903,4.95,4.994,5.177
262.0,265.0,4.903,4.892,4.882,4.873,4.865,4.857,4.85,4.843,4.836,4.831,4.825,4.82,4.8,4.792,4.794,4.803,4.839,4.887,4.941,4.997,5.051,5.103,5.151,5.337
262.0,266.0,4.859,4.853,4.847,4.842,4.837,4.833,4.829,4.826,4.823,4.821,4.819,4.818,4.817,4.826,4.843,4.866,4.923,4.988,5.054,5.118,5.179,5.235,5.286,5.475
262.0,267.0,4.824,4.821,4.819,4.817,4.816,4.815,4.814,4.815,4.815,4.816,4.817,4.818,4.834,4.858,4.888,4.922,4.998,5.076,5.152,5.224,5.289,5.349,5.402,5.594
262.0,268.0,4.795,4.795,4.796,4.797,4.799,4.801,4.803,4.806,4.809,4.813,4.816,4.82,4.85,4.887,4.928,4.972,5.063,5.153,5.238,5.315,5.385,5.447,5.502,5.695
262.0,269.0,4.77,4.773,4.776,4.78,4.785,4.789,4.794,4.799,4.805,4.811,4.817,4.823,4.865,4.913,4.964,5.016,5.121,5.22,5.312,5.394,5.467,5.531,5.588,5.783
262.0,270.0,4.748,4.754,4.76,4.766,4.772,4.779,4.786,4.794,4.801,4.809,4.817,4.826,4.879,4.936,4.996,5.055,5.171,5.279,5.376,5.463,5.539,5.605,5.663,5.86
262.0,271.0,4.729,4.737,4.745,4.753,4.761,4.77,4.779,4.789,4.798,4.808,4.818,4.828,4.891,4.957,5.023,5.089,5.215,5.33,5.433,5.523,5.601,5.67,5.729,5.928
262.0,272.0,4.711,4.721,4.731,4.741,4.751,4.762,4.773,4.784,4.795,4.806,4.818,4.829,4.901,4.975,5.048,5.119,5.254,5.376,5.483,5.576,5.657,5.727,5.787,5.988
262.0,273.0,4.695,4.706,4.718,4.73,4.742,4.754,4.766,4.779,4.791,4.804,4.817,4.83,4.91,4.99,5.069,5.146,5.289,5.416,5.527,5.623,5.706,5.777,5.838,6.042
262.0,274.0,4.68,4.693,4.706,4.719,4.732,4.746,4.76,4.774,4.788,4.802,4.816,4.831,4.917,5.004,5.088,5.169,5.319,5.452,5.567,5.665,5.75,5.822,5.884,6.09
263.0,264.0,4.953,4.932,4.912,4.893,4.874,4.856,4.839,4.823,4.807,4.792,4.777,4.763,4.691,4.637,4.597,4.569,4.542,4.541,4.558,4.585,4.619,4.656,4.694,4.866
263.0,265.0,4.843,4.83,4.818,4.806,4.795,4.785,4.775,4.765,4.756,4.748,4.74,4.732,4.695,4.671,4.657,4.651,4.66,4.684,4.719,4.759,4.801,4.843,4.884,5.053
263.0,266.0,4.764,4.757,4.75,4.744,4.739,4.734,4.729,4.725,4.721,4.718,4.714,4.712,4.701,4.701,4.707,4.72,4.756,4.802,4.852,4.903,4.952,4.998,5.042,5.209
263.0,267.0,4.705,4.703,4.701,4.7,4.699,4.698,4.698,4.698,4.698,4.698,4.699,4.7,4.711,4.729,4.752,4.779,4.838,4.9,4.961,5.02,5.075,5.125,5.17,5.337
263.0,268.0,4.661,4.663,4.665,4.667,4.67,4.672,4.676,4.679,4.682,4.686,4.69,4.694,4.723,4.756,4.791,4.829,4.906,4.981,5.051,5.116,5.175,5.228,5.275,5.443
263.0,269.0,4.626,4.631,4.636,4.642,4.647,4.653,4.659,4.665,4.671,4.678,4.684,4.691,4.733,4.778,4.825,4.871,4.962,5.048,5.126,5.196,5.258,5.313,5.362,5.531
263.0,270.0,4.598,4.606,4.614,4.621,4.629,4.637,4.646,4.654,4.663,4.671,4.68,4.689,4.743,4.798,4.853,4.907,5.01,5.104,5.188,5.262,5.327,5.385,5.435,5.606
263.0,271.0,4.575,4.585,4.594,4.604,4.614,4.624,4.635,4.645,4.655,4.666,4.676,4.687,4.75,4.814,4.876,4.936,5.049,5.151,5.24,5.319,5.387,5.446,5.497,5.672
263.0,272.0,4.555,4.566,4.578,4.589,4.601,4.613,4.625,4.637,4.648,4.66,4.672,4.684,4.756,4.827,4.896,4.961,5.083,5.191,5.286,5.368,5.439,5.5,5.552,5.73
263.0,273.0,4.536,4.549,4.563,4.576,4.589,4.602,4.615,4.629,4.642,4.655,4.669,4.682,4.761,4.838,4.912,4.983,5.113,5.227,5.326,5.411,5.484,5.547,5.601,5.783
263.0,274.0,4.52,4.534,4.549,4.563,4.578,4.592,4.607,4.621,4.636,4.651,4.665,4.679,4.765,4.848,4.927,5.002,5.139,5.258,5.361,5.449,5.525,5.59,5.646,5.831
263.0,275.0,4.504,4.52,4.536,4.552,4.567,4.583,4.599,4.614,4.63,4.646,4.661,4.677,4.768,4.856,4.94,5.019,5.162,5.286,5.393,5.484,5.562,5.629,5.686,5.874
264.0,265.0,5.004,4.988,4.973,4.959,4.945,4.932,4.919,4.907,4.895,4.884,4.874,4.864,4.813,4.776,4.751,4.736,4.726,4.736,4.758,4.788,4.821,4.855,4.89,5.037
264.0,266.0,4.917,4.907,4.897,4.888,4.88,4.872,4.864,4.857,4.85,4.844,4.838,4.833,4.807,4.793,4.787,4.788,4.805,4.835,4.872,4.911,4.951,4.989,5.026,5.172
264.0,267.0,4.85,4.845,4.84,4.835,4.831,4.827,4.823,4.82,4.817,4.815,4.813,4.811,4.806,4.809,4.818,4.833,4.871,4.916,4.964,5.011,5.056,5.098,5.137,5.283
264.0,268.0,4.798,4.796,4.795,4.793,4.792,4.792,4.792,4.792,4.792,4.793,4.793,4.794,4.805,4.823,4.844,4.869,4.925,4.982,5.039,5.092,5.141,5.186,5.227,5.374
264.0,269.0,4.755,4.756,4.758,4.759,4.761,4.763,4.766,4.768,4.771,4.774,4.778,4.781,4.805,4.834,4.866,4.899,4.968,5.036,5.1,5.158,5.211,5.259,5.301,5.451
264.0,270.0,4.719,4.723,4.727,4.731,4.735,4.739,4.744,4.749,4.754,4.759,4.764,4.769,4.805,4.843,4.883,4.924,5.004,5.081,5.151,5.214,5.27,5.32,5.363,5.517
264.0,271.0,4.688,4.694,4.699,4.705,4.711,4.718,4.724,4.731,4.737,4.744,4.751,4.758,4.803,4.849,4.897,4.944,5.034,5.118,5.193,5.261,5.32,5.372,5.417,5.574
264.0,272.0,4.66,4.667,4.675,4.682,4.69,4.698,4.706,4.714,4.722,4.731,4.739,4.748,4.8,4.854,4.907,4.96,5.059,5.149,5.23,5.301,5.363,5.417,5.464,5.625
264.0,273.0,4.634,4.643,4.652,4.661,4.67,4.68,4.689,4.699,4.708,4.718,4.728,4.737,4.797,4.857,4.916,4.973,5.08,5.177,5.262,5.337,5.401,5.458,5.507,5.672
264.0,274.0,4.61,4.621,4.631,4.641,4.652,4.662,4.673,4.684,4.694,4.705,4.716,4.727,4.793,4.858,4.922,4.984,5.099,5.201,5.29,5.368,5.436,5.494,5.545,5.714
264.0,275.0,4.588,4.599,4.611,4.622,4.634,4.646,4.657,4.669,4.681,4.693,4.705,4.717,4.789,4.859,4.928,4.993,5.115,5.222,5.316,5.397,5.467,5.527,5.579,5.754
264.0,276.0,4.566,4.579,4.591,4.604,4.617,4.629,4.642,4.655,4.668,4.681,4.694,4.707,4.784,4.859,4.932,5.001,5.129,5.242,5.339,5.424,5.496,5.558,5.612,5.79
265.0,266.0,5.056,5.043,5.03,5.018,5.006,4.995,4.984,4.974,4.964,4.954,4.946,4.937,4.895,4.865,4.845,4.833,4.828,4.84,4.862,4.89,4.92,4.951,4.982,5.11
265.0,267.0,4.984,4.976,4.968,4.961,4.954,4.947,4.941,4.935,4.93,4.925,4.92,4.916,4.896,4.886,4.884,4.887,4.906,4.935,4.969,5.005,5.041,5.076,5.109,5.237
265.0,268.0,4.929,4.925,4.921,4.917,4.914,4.911,4.909,4.906,4.905,4.903,4.902,4.9,4.899,4.905,4.915,4.93,4.968,5.011,5.055,5.099,5.139,5.177,5.212,5.342
265.0,269.0,4.886,4.884,4.884,4.883,4.883,4.883,4.883,4.884,4.885,4.886,4.887,4.889,4.902,4.92,4.942,4.966,5.019,5.073,5.126,5.175,5.22,5.261,5.297,5.43
265.0,270.0,4.85,4.851,4.853,4.855,4.857,4.86,4.863,4.866,4.869,4.872,4.876,4.879,4.904,4.933,4.963,4.996,5.061,5.125,5.184,5.238,5.287,5.33,5.369,5.505
265.0,271.0,4.819,4.823,4.827,4.831,4.835,4.84,4.845,4.85,4.855,4.86,4.865,4.87,4.905,4.942,4.981,5.02,5.096,5.168,5.233,5.291,5.343,5.389,5.43,5.569
265.0,272.0,4.792,4.798,4.804,4.81,4.816,4.822,4.828,4.835,4.841,4.848,4.855,4.862,4.905,4.95,4.995,5.04,5.125,5.204,5.275,5.337,5.392,5.441,5.483,5.627
265.0,273.0,4.768,4.775,4.782,4.79,4.798,4.805,4.813,4.821,4.829,4.837,4.845,4.854,4.904,4.956,5.007,5.056,5.15,5.236,5.311,5.378,5.436,5.486,5.53,5.679
265.0,274.0,4.745,4.754,4.763,4.772,4.78,4.79,4.799,4.808,4.817,4.826,4.836,4.845,4.903,4.96,5.016,5.07,5.172,5.263,5.344,5.414,5.474,5.527,5.572,5.726
265.0,275.0,4.724,4.734,4.744,4.754,4.764,4.774,4.785,4.795,4.805,4.816,4.826,4.837,4.9,4.963,5.024,5.082,5.191,5.288,5.373,5.446,5.509,5.564,5.611,5.77
265.0,276.0,4.704,4.715,4.726,4.737,4.748,4.76,4.771,4.783,4.794,4.805,4.817,4.828,4.897,4.965,5.03,5.093,5.208,5.31,5.399,5.476,5.541,5.598,5.647,5.81
265.0,277.0,4.685,4.697,4.709,4.721,4.733,4.745,4.758,4.77,4.783,4.795,4.807,4.82,4.894,4.966,5.036,5.102,5.224,5.331,5.423,5.503,5.571,5.63,5.68,5.848
266.0,267.0,5.022,5.0,4.98,4.96,4.941,4.923,4.905,4.889,4.872,4.857,4.842,4.828,4.757,4.703,4.665,4.64,4.617,4.622,4.644,4.676,4.713,4.753,4.794,4.972
266.0,268.0,4.949,4.934,4.92,4.907,4.895,4.883,4.872,4.861,4.851,4.842,4.832,4.824,4.782,4.755,4.739,4.733,4.74,4.766,4.803,4.845,4.889,4.933,4.976,5.151
266.0,269.0,4.899,4.89,4.881,4.873,4.866,4.859,4.852,4.846,4.84,4.835,4.83,4.826,4.808,4.801,4.803,4.812,4.845,4.889,4.939,4.99,5.04,5.088,5.133,5.307
266.0,270.0,4.865,4.86,4.855,4.851,4.847,4.844,4.841,4.839,4.837,4.835,4.834,4.833,4.834,4.844,4.86,4.882,4.935,4.994,5.055,5.113,5.168,5.219,5.266,5.439
266.0,271.0,4.84,4.839,4.837,4.837,4.836,4.836,4.836,4.837,4.838,4.839,4.841,4.843,4.859,4.883,4.911,4.943,5.013,5.084,5.153,5.217,5.277,5.33,5.378,5.551
266.0,272.0,4.822,4.823,4.825,4.827,4.829,4.831,4.834,4.838,4.841,4.845,4.849,4.853,4.883,4.918,4.956,4.997,5.08,5.161,5.237,5.306,5.368,5.424,5.473,5.647
266.0,273.0,4.807,4.811,4.815,4.819,4.824,4.829,4.834,4.839,4.845,4.851,4.857,4.863,4.904,4.948,4.995,5.043,5.137,5.227,5.309,5.382,5.447,5.505,5.555,5.73
266.0,274.0,4.795,4.801,4.807,4.813,4.82,4.827,4.834,4.841,4.848,4.856,4.864,4.872,4.922,4.975,5.029,5.083,5.187,5.284,5.371,5.448,5.515,5.575,5.626,5.803
266.0,275.0,4.785,4.792,4.8,4.808,4.816,4.825,4.834,4.843,4.852,4.861,4.87,4.88,4.938,4.998,5.059,5.118,5.231,5.334,5.425,5.505,5.575,5.636,5.689,5.868
266.0,276.0,4.775,4.784,4.794,4.803,4.813,4.823,4.833,4.844,4.854,4.865,4.875,4.886,4.952,5.018,5.084,5.149,5.269,5.378,5.473,5.557,5.629,5.691,5.745,5.925
266.0,277.0,4.766,4.777,4.787,4.798,4.81,4.821,4.832,4.844,4.856,4.868,4.879,4.891,4.964,5.036,5.107,5.176,5.303,5.417,5.516,5.602,5.676,5.74,5.795,5.978
266.0,278.0,4.757,4.769,4.781,4.793,4.806,4.818,4.831,4.844,4.857,4.87,4.883,4.896,4.974,5.051,5.127,5.2,5.334,5.452,5.555,5.643,5.719,5.784,5.84,6.025
267.0,268.0,4.964,4.944,4.924,4.905,4.887,4.87,4.854,4.838,4.824,4.81,4.796,4.784,4.721,4.678,4.651,4.637,4.637,4.663,4.705,4.756,4.81,4.864,4.918,5.141
267.0,269.0,4.861,4.849,4.837,4.826,4.816,4.807,4.798,4.79,4.782,4.775,4.768,4.762,4.736,4.724,4.724,4.733,4.771,4.824,4.884,4.947,5.009,5.068,5.124,5.341
267.0,270.0,4.789,4.782,4.777,4.772,4.768,4.764,4.761,4.758,4.756,4.754,4.753,4.752,4.754,4.768,4.789,4.817,4.883,4.957,5.032,5.104,5.173,5.235,5.292,5.504
267.0,271.0,4.736,4.735,4.734,4.734,4.735,4.736,4.737,4.739,4.741,4.744,4.746,4.75,4.775,4.808,4.846,4.888,4.977,5.067,5.153,5.232,5.305,5.37,5.428,5.635
267.0,272.0,4.696,4.699,4.703,4.707,4.711,4.716,4.721,4.726,4.732,4.738,4.744,4.751,4.794,4.843,4.895,4.948,5.055,5.157,5.25,5.335,5.41,5.477,5.536,5.74
267.0,273.0,4.665,4.672,4.679,4.686,4.694,4.701,4.71,4.718,4.726,4.735,4.744,4.753,4.811,4.872,4.935,4.997,5.118,5.229,5.329,5.418,5.496,5.564,5.623,5.825
267.0,274.0,4.64,4.65,4.659,4.669,4.68,4.69,4.7,4.711,4.722,4.733,4.744,4.756,4.826,4.897,4.968,5.038,5.169,5.288,5.394,5.486,5.566,5.635,5.695,5.897
267.0,275.0,4.62,4.631,4.643,4.655,4.668,4.68,4.693,4.705,4.718,4.731,4.744,4.757,4.837,4.917,4.995,5.071,5.212,5.337,5.447,5.542,5.624,5.694,5.755,5.957
267.0,276.0,4.602,4.616,4.629,4.643,4.657,4.671,4.686,4.7,4.715,4.729,4.744,4.758,4.846,4.933,5.017,5.098,5.247,5.378,5.492,5.589,5.673,5.744,5.806,6.009
267.0,277.0,4.586,4.601,4.617,4.632,4.648,4.663,4.679,4.695,4.711,4.726,4.742,4.758,4.853,4.946,5.035,5.121,5.277,5.413,5.53,5.63,5.715,5.788,5.85,6.055
267.0,278.0,4.572,4.588,4.605,4.622,4.639,4.655,4.672,4.689,4.706,4.723,4.74,4.757,4.858,4.957,5.051,5.14,5.302,5.442,5.563,5.665,5.752,5.826,5.889,6.096
267.0,279.0,4.558,4.576,4.594,4.612,4.63,4.648,4.666,4.684,4.702,4.72,4.738,4.756,4.862,4.965,5.063,5.156,5.324,5.468,5.591,5.696,5.784,5.859,5.923,6.132
268.0,269.0,4.961,4.94,4.92,4.901,4.883,4.866,4.849,4.833,4.818,4.804,4.79,4.777,4.712,4.667,4.637,4.62,4.614,4.635,4.672,4.718,4.769,4.82,4.871,5.086
268.0,270.0,4.861,4.848,4.836,4.825,4.814,4.804,4.795,4.786,4.778,4.77,4.763,4.757,4.727,4.712,4.708,4.713,4.742,4.788,4.842,4.899,4.956,5.011,5.063,5.267
268.0,271.0,4.789,4.783,4.777,4.771,4.766,4.762,4.758,4.755,4.752,4.749,4.747,4.745,4.743,4.751,4.767,4.79,4.846,4.911,4.978,5.044,5.106,5.164,5.216,5.414
268.0,272.0,4.736,4.735,4.733,4.733,4.732,4.732,4.733,4.733,4.735,4.736,4.738,4.74,4.759,4.785,4.817,4.853,4.931,5.01,5.086,5.158,5.224,5.283,5.337,5.528
268.0,273.0,4.696,4.698,4.701,4.703,4.707,4.71,4.714,4.718,4.723,4.727,4.732,4.737,4.773,4.814,4.858,4.904,4.998,5.088,5.172,5.248,5.316,5.377,5.431,5.62
268.0,274.0,4.664,4.669,4.675,4.68,4.686,4.693,4.699,4.706,4.713,4.721,4.728,4.736,4.784,4.836,4.89,4.945,5.051,5.15,5.239,5.319,5.39,5.452,5.507,5.694
268.0,275.0,4.638,4.645,4.653,4.661,4.67,4.678,4.687,4.696,4.705,4.714,4.724,4.733,4.793,4.854,4.916,4.977,5.093,5.199,5.294,5.377,5.45,5.513,5.568,5.756
268.0,276.0,4.615,4.624,4.634,4.644,4.655,4.665,4.676,4.686,4.697,4.708,4.719,4.731,4.799,4.868,4.936,5.002,5.127,5.239,5.338,5.424,5.499,5.564,5.62,5.809
268.0,277.0,4.595,4.606,4.618,4.629,4.641,4.653,4.665,4.677,4.69,4.702,4.715,4.727,4.803,4.878,4.952,5.023,5.155,5.273,5.375,5.464,5.541,5.607,5.664,5.855
268.0,278.0,4.577,4.589,4.602,4.615,4.628,4.642,4.655,4.669,4.682,4.696,4.709,4.723,4.805,4.886,4.964,5.039,5.178,5.301,5.407,5.499,5.577,5.645,5.703,5.896
268.0,279.0,4.56,4.574,4.588,4.602,4.616,4.631,4.645,4.66,4.674,4.689,4.704,4.718,4.806,4.892,4.974,5.053,5.198,5.325,5.435,5.529,5.609,5.678,5.737,5.933
268.0,280.0,4.544,4.559,4.574,4.589,4.604,4.62,4.635,4.651,4.666,4.682,4.698,4.713,4.806,4.896,4.983,5.065,5.215,5.346,5.459,5.556,5.638,5.708,5.768,5.967
269.0,270.0,4.934,4.925,4.917,4.91,4.903,4.896,4.89,4.885,4.879,4.874,4.869,4.865,4.845,4.834,4.831,4.833,4.85,4.877,4.91,4.944,4.979,5.012,5.044,5.168
269.0,271.0,4.892,4.887,4.882,4.878,4.874,4.87,4.867,4.864,4.862,4.859,4.857,4.855,4.85,4.853,4.861,4.873,4.907,4.947,4.989,5.031,5.071,5.108,5.142,5.27
269.0,272.0,4.859,4.856,4.854,4.852,4.851,4.85,4.849,4.848,4.848,4.848,4.848,4.848,4.855,4.869,4.887,4.908,4.955,5.006,5.056,5.103,5.147,5.188,5.224,5.356
269.0,273.0,4.831,4.83,4.83,4.831,4.831,4.832,4.833,4.835,4.836,4.838,4.84,4.843,4.86,4.883,4.909,4.937,4.996,5.056,5.113,5.165,5.213,5.256,5.294,5.431
269.0,274.0,4.806,4.807,4.809,4.811,4.814,4.817,4.82,4.823,4.826,4.83,4.833,4.837,4.864,4.894,4.927,4.962,5.032,5.099,5.162,5.219,5.27,5.315,5.356,5.497
269.0,275.0,4.784,4.787,4.79,4.794,4.798,4.802,4.807,4.812,4.816,4.821,4.827,4.832,4.866,4.904,4.943,4.983,5.062,5.137,5.205,5.266,5.32,5.368,5.411,5.557
269.0,276.0,4.763,4.768,4.773,4.778,4.784,4.789,4.795,4.801,4.807,4.814,4.82,4.827,4.868,4.912,4.957,5.002,5.09,5.171,5.244,5.309,5.366,5.416,5.46,5.612
269.0,277.0,4.744,4.75,4.756,4.763,4.77,4.777,4.784,4.791,4.798,4.806,4.814,4.821,4.869,4.919,4.969,5.019,5.114,5.201,5.279,5.348,5.408,5.46,5.506,5.662
269.0,278.0,4.726,4.733,4.741,4.748,4.756,4.764,4.773,4.781,4.79,4.798,4.807,4.816,4.87,4.925,4.98,5.034,5.136,5.229,5.311,5.383,5.446,5.501,5.548,5.709
269.0,279.0,4.708,4.717,4.725,4.734,4.743,4.753,4.762,4.771,4.781,4.79,4.8,4.81,4.87,4.93,4.99,5.048,5.157,5.255,5.341,5.416,5.482,5.539,5.588,5.753
269.0,280.0,4.691,4.701,4.711,4.721,4.731,4.741,4.751,4.762,4.772,4.783,4.793,4.804,4.869,4.934,4.998,5.06,5.175,5.278,5.369,5.447,5.515,5.574,5.624,5.794
269.0,281.0,4.675,4.685,4.696,4.707,4.718,4.729,4.741,4.752,4.763,4.775,4.787,4.798,4.868,4.938,5.006,5.071,5.193,5.3,5.395,5.476,5.546,5.607,5.659,5.833
270.0,271.0,4.894,4.889,4.883,4.878,4.874,4.87,4.866,4.862,4.859,4.857,4.854,4.852,4.846,4.847,4.856,4.869,4.905,4.947,4.993,5.037,5.08,5.12,5.157,5.295
270.0,272.0,4.854,4.851,4.849,4.847,4.845,4.844,4.843,4.842,4.841,4.841,4.842,4.842,4.85,4.864,4.884,4.907,4.959,5.014,5.068,5.12,5.168,5.212,5.251,5.394
270.0,273.0,4.82,4.819,4.819,4.82,4.821,4.822,4.823,4.825,4.827,4.829,4.831,4.834,4.853,4.879,4.907,4.939,5.005,5.07,5.133,5.19,5.242,5.289,5.331,5.48
270.0,274.0,4.79,4.792,4.794,4.797,4.799,4.802,4.806,4.809,4.813,4.817,4.822,4.826,4.856,4.891,4.928,4.966,5.044,5.119,5.188,5.251,5.307,5.357,5.401,5.555
270.0,275.0,4.763,4.767,4.771,4.775,4.78,4.785,4.79,4.796,4.801,4.807,4.813,4.819,4.858,4.9,4.945,4.99,5.078,5.161,5.236,5.304,5.364,5.416,5.463,5.622
270.0,276.0,4.739,4.744,4.75,4.756,4.762,4.769,4.776,4.782,4.789,4.797,4.804,4.812,4.859,4.909,4.959,5.01,5.108,5.198,5.279,5.351,5.414,5.469,5.518,5.683
270.0,277.0,4.716,4.723,4.73,4.738,4.745,4.753,4.762,4.77,4.778,4.787,4.795,4.804,4.859,4.915,4.972,5.028,5.134,5.231,5.317,5.393,5.46,5.517,5.567,5.738
270.0,278.0,4.694,4.703,4.711,4.72,4.729,4.739,4.748,4.758,4.767,4.777,4.787,4.797,4.858,4.921,4.983,5.043,5.158,5.261,5.352,5.432,5.501,5.561,5.613,5.788
270.0,279.0,4.674,4.684,4.693,4.704,4.714,4.724,4.735,4.746,4.757,4.767,4.778,4.79,4.857,4.925,4.992,5.057,5.179,5.288,5.384,5.467,5.539,5.601,5.655,5.835
270.0,280.0,4.654,4.665,4.676,4.687,4.699,4.71,4.722,4.734,4.746,4.758,4.77,4.782,4.855,4.929,5.0,5.07,5.198,5.313,5.413,5.499,5.574,5.638,5.693,5.878
270.0,281.0,4.635,4.647,4.659,4.672,4.684,4.697,4.71,4.722,4.735,4.748,4.761,4.774,4.853,4.931,5.008,5.081,5.216,5.336,5.44,5.529,5.606,5.672,5.729,5.918
270.0,282.0,4.617,4.63,4.643,4.656,4.67,4.683,4.697,4.711,4.725,4.739,4.753,4.767,4.851,4.934,5.014,5.091,5.232,5.357,5.464,5.557,5.636,5.704,5.762,5.955
271.0,272.0,4.855,4.838,4.822,4.807,4.793,4.78,4.767,4.755,4.744,4.733,4.723,4.714,4.67,4.645,4.633,4.632,4.655,4.699,4.753,4.813,4.873,4.932,4.988,5.209
271.0,273.0,4.776,4.767,4.759,4.752,4.745,4.739,4.734,4.729,4.724,4.72,4.717,4.713,4.704,4.706,4.718,4.737,4.79,4.853,4.921,4.988,5.052,5.113,5.168,5.38
271.0,274.0,4.721,4.719,4.717,4.715,4.714,4.713,4.713,4.713,4.714,4.715,4.716,4.717,4.733,4.758,4.788,4.823,4.9,4.98,5.059,5.133,5.201,5.263,5.319,5.523
271.0,275.0,4.683,4.685,4.687,4.69,4.693,4.697,4.701,4.705,4.71,4.714,4.719,4.725,4.761,4.802,4.847,4.895,4.991,5.084,5.17,5.25,5.321,5.384,5.441,5.639
271.0,276.0,4.655,4.661,4.667,4.673,4.68,4.687,4.694,4.701,4.709,4.717,4.725,4.733,4.785,4.84,4.897,4.953,5.064,5.167,5.26,5.343,5.417,5.482,5.538,5.733
271.0,277.0,4.634,4.643,4.652,4.661,4.67,4.68,4.69,4.7,4.71,4.72,4.73,4.741,4.805,4.871,4.937,5.001,5.123,5.234,5.333,5.419,5.495,5.56,5.617,5.811
271.0,278.0,4.617,4.628,4.64,4.651,4.663,4.675,4.687,4.699,4.711,4.723,4.735,4.748,4.822,4.897,4.97,5.04,5.172,5.289,5.392,5.481,5.559,5.625,5.683,5.876
271.0,279.0,4.604,4.617,4.63,4.643,4.657,4.67,4.684,4.698,4.711,4.725,4.739,4.753,4.836,4.918,4.997,5.072,5.212,5.335,5.441,5.533,5.612,5.68,5.738,5.932
271.0,280.0,4.592,4.606,4.621,4.636,4.651,4.666,4.681,4.696,4.712,4.727,4.742,4.757,4.847,4.935,5.019,5.099,5.246,5.373,5.483,5.578,5.658,5.727,5.786,5.981
271.0,281.0,4.581,4.597,4.614,4.63,4.646,4.662,4.679,4.695,4.711,4.727,4.744,4.76,4.856,4.949,5.038,5.122,5.274,5.406,5.519,5.616,5.698,5.768,5.828,6.025
271.0,282.0,4.572,4.589,4.606,4.623,4.641,4.658,4.676,4.693,4.71,4.728,4.745,4.762,4.863,4.961,5.054,5.141,5.299,5.435,5.551,5.649,5.733,5.804,5.865,6.063
271.0,283.0,4.562,4.581,4.599,4.617,4.636,4.654,4.672,4.691,4.709,4.727,4.745,4.763,4.869,4.971,5.067,5.158,5.321,5.46,5.579,5.679,5.764,5.836,5.898,6.099
272.0,273.0,4.3,4.29,4.281,4.272,4.264,4.257,4.25,4.244,4.239,4.234,4.23,4.226,4.214,4.215,4.228,4.25,4.31,4.384,4.464,4.544,4.621,4.694,4.763,5.025
272.0,274.0,4.234,4.23,4.226,4.224,4.222,4.22,4.219,4.218,4.218,4.218,4.218,4.219,4.233,4.256,4.288,4.325,4.409,4.499,4.589,4.676,4.757,4.831,4.899,5.153
272.0,275.0,4.186,4.187,4.188,4.19,4.192,4.195,4.198,4.201,4.205,4.209,4.213,4.218,4.252,4.293,4.339,4.388,4.492,4.596,4.695,4.787,4.871,4.947,5.015,5.262
272.0,276.0,4.152,4.156,4.161,4.166,4.172,4.178,4.184,4.191,4.198,4.205,4.212,4.22,4.269,4.324,4.382,4.442,4.561,4.675,4.781,4.878,4.964,5.041,5.11,5.352
272.0,277.0,4.125,4.133,4.141,4.149,4.157,4.166,4.175,4.184,4.193,4.203,4.213,4.223,4.285,4.351,4.419,4.486,4.618,4.74,4.852,4.952,5.041,5.119,5.188,5.428
272.0,278.0,4.105,4.115,4.125,4.135,4.146,4.157,4.168,4.179,4.191,4.202,4.214,4.226,4.299,4.374,4.449,4.523,4.664,4.794,4.91,5.014,5.104,5.183,5.253,5.491
272.0,279.0,4.089,4.1,4.112,4.125,4.137,4.15,4.163,4.175,4.188,4.202,4.215,4.228,4.31,4.392,4.474,4.553,4.703,4.839,4.959,5.065,5.157,5.238,5.308,5.546
272.0,280.0,4.075,4.088,4.102,4.116,4.13,4.144,4.158,4.172,4.187,4.201,4.216,4.231,4.319,4.408,4.495,4.579,4.736,4.877,5.001,5.109,5.203,5.285,5.355,5.594
272.0,281.0,4.063,4.078,4.093,4.108,4.123,4.138,4.154,4.169,4.185,4.201,4.216,4.232,4.327,4.421,4.513,4.601,4.764,4.909,5.037,5.147,5.243,5.326,5.397,5.637
272.0,282.0,4.053,4.068,4.085,4.101,4.117,4.134,4.15,4.167,4.183,4.2,4.217,4.233,4.334,4.432,4.528,4.619,4.789,4.938,5.069,5.181,5.278,5.362,5.434,5.676
272.0,283.0,4.043,4.06,4.077,4.094,4.112,4.129,4.146,4.164,4.182,4.199,4.217,4.234,4.339,4.442,4.541,4.636,4.811,4.964,5.097,5.212,5.31,5.395,5.468,5.712
272.0,284.0,4.034,4.052,4.07,4.088,4.106,4.125,4.143,4.161,4.18,4.198,4.216,4.235,4.344,4.451,4.553,4.651,4.83,4.987,5.123,5.24,5.34,5.425,5.499,5.745
273.0,274.0,4.018,4.014,4.011,4.008,4.006,4.005,4.004,4.003,4.003,4.004,4.005,4.007,4.024,4.054,4.092,4.136,4.236,4.343,4.45,4.552,4.648,4.737,4.818,5.121
273.0,275.0,3.963,3.965,3.967,3.97,3.973,3.977,3.981,3.986,3.991,3.997,4.002,4.009,4.051,4.102,4.158,4.218,4.342,4.464,4.581,4.69,4.789,4.879,4.96,5.252
273.0,276.0,3.925,3.931,3.938,3.945,3.953,3.961,3.969,3.978,3.987,3.996,4.005,4.015,4.077,4.145,4.215,4.287,4.429,4.564,4.689,4.803,4.904,4.995,5.075,5.358
273.0,277.0,3.898,3.908,3.919,3.929,3.94,3.952,3.963,3.975,3.987,3.999,4.011,4.024,4.101,4.182,4.263,4.344,4.5,4.645,4.776,4.892,4.995,5.086,5.166,5.443
273.0,278.0,3.88,3.892,3.906,3.919,3.932,3.946,3.96,3.974,3.988,4.003,4.017,4.032,4.122,4.212,4.302,4.39,4.557,4.709,4.845,4.964,5.068,5.16,5.239,5.512
273.0,279.0,3.866,3.881,3.896,3.912,3.927,3.943,3.959,3.975,3.991,4.007,4.023,4.04,4.139,4.237,4.334,4.428,4.604,4.761,4.9,5.021,5.127,5.219,5.298,5.569
273.0,280.0,3.856,3.873,3.89,3.907,3.924,3.941,3.959,3.976,3.994,4.011,4.029,4.047,4.153,4.258,4.361,4.459,4.641,4.804,4.946,5.069,5.176,5.268,5.348,5.616
273.0,281.0,3.848,3.867,3.885,3.903,3.922,3.94,3.959,3.978,3.996,4.015,4.034,4.053,4.165,4.276,4.382,4.484,4.673,4.839,4.984,5.109,5.216,5.309,5.389,5.658
273.0,282.0,3.842,3.862,3.881,3.9,3.92,3.94,3.959,3.979,3.999,4.019,4.038,4.058,4.176,4.29,4.401,4.506,4.699,4.869,5.016,5.143,5.252,5.345,5.426,5.694
273.0,283.0,3.837,3.858,3.878,3.898,3.919,3.939,3.96,3.98,4.001,4.022,4.042,4.063,4.185,4.303,4.417,4.525,4.723,4.895,5.045,5.173,5.283,5.377,5.458,5.726
273.0,284.0,3.833,3.854,3.875,3.896,3.918,3.939,3.96,3.982,4.003,4.024,4.046,4.067,4.192,4.314,4.431,4.541,4.743,4.919,5.07,5.199,5.31,5.405,5.486,5.756
273.0,285.0,3.829,3.851,3.873,3.895,3.917,3.939,3.961,3.983,4.005,4.027,4.049,4.07,4.199,4.324,4.443,4.556,4.761,4.939,5.093,5.223,5.335,5.431,5.512,5.783
274.0,275.0,4.012,4.005,3.998,3.993,3.988,3.984,3.98,3.977,3.974,3.972,3.971,3.97,3.974,3.992,4.02,4.056,4.142,4.24,4.34,4.437,4.53,4.617,4.697,4.999
274.0,276.0,3.944,3.944,3.944,3.944,3.945,3.947,3.949,3.951,3.954,3.957,3.961,3.965,3.995,4.036,4.083,4.134,4.245,4.359,4.469,4.573,4.669,4.757,4.836,5.128
274.0,277.0,3.897,3.901,3.906,3.911,3.917,3.923,3.929,3.936,3.943,3.95,3.957,3.965,4.017,4.076,4.138,4.202,4.333,4.46,4.579,4.688,4.787,4.876,4.955,5.239
274.0,278.0,3.864,3.872,3.88,3.889,3.898,3.908,3.917,3.927,3.937,3.948,3.959,3.969,4.038,4.11,4.185,4.26,4.406,4.544,4.669,4.783,4.884,4.974,5.053,5.331
274.0,279.0,3.839,3.85,3.862,3.874,3.885,3.898,3.91,3.923,3.935,3.948,3.962,3.975,4.056,4.14,4.224,4.307,4.466,4.612,4.743,4.86,4.963,5.053,5.132,5.407
274.0,280.0,3.821,3.835,3.848,3.862,3.877,3.891,3.906,3.92,3.935,3.95,3.965,3.98,4.072,4.165,4.257,4.346,4.515,4.667,4.803,4.923,5.027,5.118,5.198,5.47
274.0,281.0,3.807,3.823,3.838,3.854,3.87,3.886,3.903,3.919,3.935,3.952,3.969,3.985,4.086,4.186,4.284,4.379,4.555,4.714,4.853,4.975,5.081,5.173,5.253,5.523
274.0,282.0,3.796,3.813,3.83,3.848,3.865,3.883,3.9,3.918,3.936,3.954,3.972,3.99,4.097,4.204,4.307,4.406,4.589,4.752,4.895,5.019,5.126,5.219,5.299,5.57
274.0,283.0,3.787,3.805,3.824,3.842,3.861,3.88,3.899,3.918,3.937,3.956,3.975,3.994,4.107,4.218,4.326,4.429,4.618,4.785,4.931,5.057,5.166,5.259,5.34,5.611
274.0,284.0,3.779,3.798,3.818,3.838,3.858,3.877,3.897,3.917,3.937,3.957,3.977,3.997,4.116,4.231,4.342,4.449,4.643,4.814,4.963,5.091,5.201,5.295,5.376,5.648
274.0,285.0,3.772,3.793,3.813,3.834,3.855,3.875,3.896,3.917,3.938,3.958,3.979,4.0,4.123,4.242,4.357,4.466,4.666,4.84,4.991,5.12,5.232,5.327,5.409,5.682
274.0,286.0,3.766,3.787,3.809,3.83,3.852,3.873,3.895,3.916,3.938,3.959,3.981,4.002,4.129,4.252,4.37,4.482,4.686,4.863,5.016,5.148,5.26,5.356,5.439,5.713
275.0,276.0,3.185,3.176,3.169,3.162,3.157,3.152,3.148,3.144,3.142,3.14,3.139,3.139,3.149,3.179,3.222,3.276,3.406,3.552,3.701,3.849,3.99,4.123,4.246,4.72
275.0,277.0,3.096,3.097,3.099,3.101,3.104,3.107,3.111,3.116,3.121,3.127,3.133,3.14,3.19,3.251,3.322,3.399,3.562,3.73,3.893,4.048,4.192,4.324,4.444,4.894
275.0,278.0,3.041,3.049,3.058,3.067,3.076,3.086,3.097,3.107,3.119,3.13,3.142,3.155,3.235,3.323,3.416,3.512,3.704,3.891,4.066,4.227,4.373,4.505,4.623,5.051
275.0,279.0,3.008,3.022,3.036,3.05,3.065,3.08,3.095,3.111,3.127,3.144,3.16,3.177,3.281,3.39,3.501,3.611,3.825,4.025,4.208,4.373,4.52,4.651,4.767,5.175
275.0,280.0,2.99,3.008,3.026,3.045,3.064,3.083,3.102,3.122,3.141,3.161,3.181,3.201,3.324,3.449,3.572,3.693,3.923,4.133,4.321,4.488,4.636,4.765,4.878,5.272
275.0,281.0,2.982,3.003,3.025,3.047,3.068,3.091,3.113,3.135,3.158,3.18,3.203,3.226,3.362,3.498,3.631,3.76,4.001,4.218,4.409,4.578,4.725,4.853,4.964,5.346
275.0,282.0,2.981,3.004,3.028,3.052,3.077,3.101,3.125,3.15,3.175,3.199,3.224,3.248,3.396,3.54,3.68,3.814,4.063,4.285,4.479,4.648,4.794,4.921,5.031,5.404
275.0,283.0,2.983,3.009,3.035,3.061,3.087,3.113,3.139,3.165,3.191,3.217,3.243,3.269,3.424,3.575,3.72,3.859,4.114,4.338,4.534,4.703,4.849,4.975,5.084,5.451
275.0,284.0,2.989,3.016,3.044,3.071,3.098,3.126,3.153,3.18,3.207,3.235,3.262,3.289,3.45,3.605,3.754,3.896,4.155,4.382,4.579,4.748,4.894,5.02,5.128,5.489
275.0,285.0,2.997,3.025,3.054,3.082,3.11,3.138,3.167,3.195,3.223,3.251,3.279,3.307,3.472,3.632,3.784,3.928,4.19,4.419,4.617,4.786,4.932,5.057,5.164,5.522
275.0,286.0,3.006,3.035,3.064,3.093,3.122,3.152,3.181,3.209,3.238,3.267,3.296,3.324,3.493,3.655,3.809,3.955,4.22,4.45,4.649,4.819,4.964,5.088,5.195,5.551
275.0,287.0,3.016,3.046,3.076,3.105,3.135,3.165,3.194,3.224,3.253,3.282,3.312,3.341,3.512,3.676,3.832,3.979,4.247,4.478,4.677,4.847,4.992,5.116,5.223,5.576
276.0,277.0,3.243,3.232,3.222,3.213,3.205,3.198,3.192,3.187,3.184,3.18,3.178,3.177,3.184,3.214,3.262,3.322,3.469,3.635,3.807,3.976,4.138,4.29,4.431,4.971
276.0,278.0,3.133,3.132,3.133,3.134,3.136,3.139,3.143,3.148,3.153,3.159,3.166,3.173,3.228,3.3,3.383,3.474,3.669,3.868,4.062,4.244,4.414,4.568,4.709,5.226
276.0,279.0,3.064,3.072,3.081,3.091,3.102,3.113,3.125,3.137,3.15,3.164,3.178,3.192,3.288,3.394,3.507,3.623,3.857,4.083,4.294,4.486,4.66,4.815,4.953,5.445
276.0,280.0,3.023,3.039,3.055,3.072,3.089,3.107,3.126,3.145,3.164,3.184,3.204,3.224,3.352,3.486,3.622,3.758,4.022,4.266,4.488,4.685,4.86,5.014,5.148,5.615
276.0,281.0,3.001,3.023,3.045,3.067,3.09,3.114,3.137,3.161,3.186,3.21,3.235,3.26,3.414,3.569,3.723,3.874,4.158,4.415,4.643,4.842,5.016,5.167,5.298,5.743
276.0,282.0,2.992,3.018,3.045,3.072,3.099,3.127,3.155,3.183,3.211,3.239,3.268,3.296,3.469,3.641,3.808,3.969,4.267,4.532,4.763,4.963,5.135,5.283,5.411,5.837
276.0,283.0,2.991,3.021,3.051,3.082,3.112,3.143,3.174,3.205,3.237,3.268,3.299,3.33,3.518,3.701,3.877,4.045,4.354,4.623,4.856,5.055,5.225,5.371,5.495,5.908
276.0,284.0,2.996,3.029,3.062,3.095,3.128,3.161,3.195,3.228,3.262,3.295,3.328,3.362,3.559,3.751,3.934,4.107,4.422,4.694,4.927,5.125,5.293,5.437,5.559,5.96
276.0,285.0,3.006,3.04,3.075,3.11,3.145,3.18,3.215,3.25,3.285,3.32,3.355,3.39,3.595,3.793,3.98,4.157,4.476,4.749,4.982,5.179,5.346,5.487,5.607,6.0
276.0,286.0,3.018,3.054,3.09,3.126,3.163,3.199,3.235,3.272,3.308,3.344,3.38,3.416,3.626,3.828,4.018,4.197,4.519,4.793,5.025,5.221,5.386,5.526,5.645,6.03
276.0,287.0,3.032,3.069,3.106,3.143,3.181,3.218,3.255,3.292,3.329,3.366,3.403,3.439,3.653,3.858,4.05,4.231,4.553,4.828,5.059,5.254,5.418,5.556,5.674,6.054
276.0,288.0,3.047,3.085,3.123,3.161,3.199,3.236,3.274,3.312,3.349,3.387,3.424,3.461,3.678,3.884,4.078,4.259,4.582,4.856,5.087,5.281,5.444,5.581,5.697,6.073
277.0,278.0,1.985,1.987,1.99,1.994,1.999,2.004,2.011,2.018,2.027,2.036,2.045,2.056,2.131,2.224,2.33,2.445,2.689,2.939,3.183,3.414,3.63,3.829,4.01,4.688
277.0,279.0,1.913,1.923,1.934,1.945,1.958,1.971,1.984,1.999,2.014,2.029,2.046,2.062,2.172,2.295,2.426,2.563,2.84,3.111,3.368,3.606,3.824,4.022,4.2,4.851
277.0,280.0,1.864,1.881,1.898,1.916,1.935,1.954,1.974,1.994,2.015,2.036,2.057,2.079,2.219,2.366,2.519,2.672,2.976,3.264,3.53,3.773,3.992,4.187,4.362,4.985
277.0,281.0,1.832,1.855,1.877,1.9,1.924,1.948,1.973,1.998,2.023,2.049,2.075,2.101,2.264,2.431,2.6,2.767,3.09,3.39,3.662,3.907,4.124,4.317,4.487,5.084
277.0,282.0,1.813,1.84,1.867,1.894,1.922,1.95,1.978,2.007,2.036,2.065,2.095,2.125,2.305,2.488,2.668,2.845,3.182,3.489,3.764,4.009,4.224,4.414,4.58,5.155
277.0,283.0,1.804,1.834,1.864,1.895,1.925,1.957,1.988,2.02,2.051,2.083,2.115,2.147,2.341,2.535,2.724,2.908,3.253,3.564,3.841,4.084,4.297,4.483,4.645,5.202
277.0,284.0,1.802,1.834,1.867,1.9,1.933,1.966,2.0,2.034,2.067,2.101,2.135,2.169,2.373,2.573,2.769,2.957,3.307,3.621,3.897,4.138,4.349,4.532,4.691,5.232
277.0,285.0,1.805,1.84,1.874,1.909,1.944,1.979,2.014,2.049,2.084,2.119,2.154,2.189,2.4,2.605,2.804,2.995,3.348,3.662,3.937,4.177,4.384,4.564,4.721,5.25
277.0,286.0,1.813,1.849,1.884,1.92,1.956,1.992,2.028,2.064,2.1,2.136,2.173,2.209,2.423,2.631,2.833,3.025,3.379,3.692,3.965,4.203,4.408,4.586,4.739,5.259
277.0,287.0,1.824,1.861,1.897,1.934,1.97,2.007,2.044,2.08,2.117,2.154,2.19,2.227,2.443,2.653,2.855,3.048,3.402,3.713,3.985,4.22,4.423,4.599,4.75,5.262
277.0,288.0,1.838,1.875,1.912,1.949,1.986,2.023,2.06,2.096,2.133,2.17,2.207,2.244,2.461,2.672,2.874,3.066,3.419,3.729,3.998,4.231,4.432,4.606,4.756,5.26
277.0,289.0,1.854,1.891,1.928,1.965,2.002,2.039,2.076,2.113,2.15,2.187,2.224,2.26,2.478,2.688,2.889,3.081,3.432,3.74,4.007,4.238,4.437,4.609,4.758,5.257
278.0,279.0,1.567,1.568,1.571,1.575,1.58,1.587,1.594,1.603,1.613,1.624,1.635,1.648,1.741,1.856,1.988,2.132,2.437,2.747,3.048,3.332,3.595,3.835,4.053,4.86
278.0,280.0,1.442,1.458,1.474,1.492,1.51,1.529,1.55,1.571,1.592,1.615,1.638,1.662,1.815,1.983,2.159,2.34,2.7,3.045,3.367,3.66,3.925,4.162,4.373,5.127
278.0,281.0,1.371,1.398,1.425,1.454,1.483,1.513,1.543,1.574,1.605,1.637,1.67,1.703,1.906,2.116,2.328,2.538,2.941,3.312,3.647,3.945,4.208,4.439,4.642,5.343
278.0,282.0,1.334,1.37,1.407,1.444,1.481,1.519,1.558,1.597,1.636,1.675,1.715,1.755,1.996,2.238,2.476,2.706,3.138,3.525,3.866,4.164,4.422,4.646,4.84,5.497
278.0,283.0,1.321,1.364,1.407,1.451,1.495,1.539,1.583,1.628,1.673,1.718,1.763,1.808,2.077,2.341,2.596,2.84,3.289,3.684,4.027,4.322,4.575,4.792,4.978,5.599
278.0,284.0,1.324,1.372,1.42,1.468,1.516,1.565,1.614,1.662,1.711,1.76,1.808,1.857,2.145,2.424,2.69,2.943,3.402,3.8,4.141,4.432,4.68,4.891,5.072,5.666
278.0,285.0,1.337,1.388,1.439,1.491,1.542,1.594,1.645,1.697,1.748,1.799,1.85,1.901,2.201,2.489,2.763,3.02,3.484,3.883,4.222,4.509,4.752,4.958,5.133,5.707
278.0,286.0,1.357,1.41,1.464,1.517,1.571,1.624,1.677,1.731,1.784,1.836,1.889,1.941,2.249,2.542,2.819,3.079,3.544,3.941,4.277,4.561,4.8,5.002,5.174,5.732
278.0,287.0,1.381,1.436,1.491,1.546,1.6,1.655,1.709,1.763,1.817,1.871,1.924,1.977,2.289,2.585,2.863,3.123,3.588,3.983,4.316,4.596,4.832,5.031,5.199,5.746
278.0,288.0,1.409,1.464,1.52,1.575,1.63,1.685,1.74,1.795,1.849,1.903,1.957,2.011,2.323,2.62,2.899,3.158,3.621,4.013,4.343,4.62,4.853,5.049,5.215,5.753
278.0,289.0,1.438,1.494,1.55,1.605,1.661,1.716,1.771,1.826,1.88,1.934,1.988,2.042,2.354,2.65,2.928,3.186,3.646,4.035,4.362,4.636,4.866,5.06,5.224,5.755
278.0,290.0,1.469,1.525,1.58,1.636,1.691,1.746,1.801,1.855,1.91,1.964,2.017,2.071,2.382,2.677,2.953,3.21,3.666,4.052,4.376,4.648,4.875,5.067,5.229,5.754
279.0,280.0,1.264,1.269,1.275,1.283,1.292,1.303,1.314,1.327,1.34,1.355,1.37,1.387,1.501,1.637,1.788,1.948,2.282,2.614,2.93,3.225,3.496,3.74,3.961,4.762
279.0,281.0,1.143,1.16,1.178,1.198,1.218,1.239,1.261,1.284,1.308,1.333,1.358,1.384,1.55,1.73,1.918,2.11,2.489,2.851,3.185,3.487,3.759,4.001,4.215,4.973
279.0,282.0,1.065,1.093,1.121,1.149,1.179,1.21,1.241,1.272,1.304,1.337,1.371,1.404,1.614,1.831,2.049,2.266,2.683,3.067,3.413,3.72,3.991,4.228,4.436,5.154
279.0,283.0,1.019,1.054,1.09,1.126,1.163,1.201,1.239,1.278,1.317,1.356,1.396,1.436,1.68,1.925,2.168,2.404,2.847,3.247,3.6,3.908,4.176,4.409,4.611,5.294
279.0,284.0,0.993,1.034,1.076,1.119,1.162,1.205,1.249,1.293,1.337,1.382,1.427,1.471,1.741,2.008,2.268,2.518,2.981,3.39,3.747,4.055,4.32,4.548,4.744,5.4
279.0,285.0,0.981,1.027,1.074,1.122,1.169,1.217,1.265,1.313,1.361,1.41,1.458,1.507,1.796,2.079,2.352,2.611,3.087,3.503,3.861,4.168,4.43,4.654,4.846,5.48
279.0,286.0,0.98,1.03,1.08,1.131,1.182,1.233,1.284,1.335,1.387,1.438,1.489,1.54,1.844,2.139,2.421,2.687,3.172,3.591,3.95,4.255,4.514,4.735,4.923,5.541
279.0,287.0,0.985,1.038,1.091,1.145,1.198,1.252,1.305,1.359,1.412,1.466,1.519,1.572,1.887,2.189,2.478,2.749,3.24,3.661,4.02,4.324,4.581,4.798,4.984,5.589
279.0,288.0,0.996,1.051,1.106,1.161,1.217,1.272,1.327,1.382,1.437,1.492,1.547,1.602,1.924,2.233,2.526,2.8,3.295,3.718,4.076,4.378,4.633,4.849,5.032,5.628
279.0,289.0,1.01,1.066,1.123,1.18,1.236,1.293,1.349,1.406,1.462,1.518,1.574,1.63,1.957,2.271,2.566,2.844,3.341,3.764,4.122,4.423,4.676,4.89,5.071,5.659
279.0,290.0,1.026,1.084,1.141,1.199,1.257,1.314,1.372,1.429,1.486,1.543,1.6,1.656,1.988,2.304,2.602,2.881,3.38,3.803,4.16,4.46,4.711,4.924,5.103,5.685
279.0,291.0,1.044,1.102,1.161,1.219,1.278,1.336,1.394,1.452,1.51,1.567,1.624,1.681,2.016,2.334,2.634,2.914,3.413,3.837,4.193,4.491,4.742,4.953,5.131,5.708
280.0,281.0,1.554,1.581,1.609,1.636,1.664,1.692,1.721,1.749,1.778,1.807,1.836,1.865,2.042,2.219,2.394,2.563,2.884,3.176,3.437,3.668,3.871,4.049,4.206,4.747
280.0,282.0,1.566,1.595,1.625,1.655,1.685,1.716,1.746,1.777,1.808,1.84,1.871,1.902,2.091,2.279,2.463,2.64,2.973,3.272,3.537,3.77,3.973,4.15,4.304,4.832
280.0,283.0,1.58,1.611,1.642,1.674,1.706,1.738,1.771,1.803,1.836,1.869,1.902,1.934,2.132,2.326,2.516,2.698,3.038,3.341,3.608,3.842,4.044,4.22,4.373,4.892
280.0,284.0,1.596,1.629,1.662,1.695,1.728,1.761,1.795,1.829,1.862,1.896,1.93,1.964,2.167,2.367,2.56,2.746,3.09,3.396,3.664,3.898,4.1,4.275,4.426,4.938
280.0,285.0,1.615,1.648,1.682,1.716,1.75,1.785,1.819,1.854,1.888,1.923,1.958,1.992,2.2,2.403,2.599,2.787,3.135,3.443,3.711,3.945,4.146,4.32,4.471,4.978
280.0,286.0,1.634,1.669,1.703,1.738,1.773,1.808,1.843,1.878,1.914,1.949,1.984,2.02,2.23,2.436,2.635,2.825,3.175,3.484,3.753,3.986,4.187,4.36,4.51,5.013
280.0,287.0,1.655,1.69,1.725,1.76,1.796,1.832,1.867,1.903,1.939,1.975,2.011,2.046,2.26,2.468,2.668,2.859,3.211,3.521,3.79,4.023,4.223,4.396,4.545,5.044
280.0,288.0,1.676,1.711,1.747,1.783,1.819,1.855,1.891,1.927,1.964,2.0,2.036,2.072,2.288,2.497,2.699,2.891,3.244,3.555,3.824,4.056,4.256,4.428,4.576,5.072
280.0,289.0,1.698,1.733,1.769,1.806,1.842,1.879,1.915,1.952,1.988,2.025,2.061,2.098,2.315,2.526,2.729,2.922,3.276,3.587,3.856,4.088,4.287,4.459,4.606,5.099
280.0,290.0,1.719,1.755,1.792,1.828,1.865,1.902,1.939,1.976,2.012,2.049,2.086,2.123,2.341,2.553,2.757,2.951,3.306,3.617,3.886,4.117,4.316,4.487,4.634,5.124
280.0,291.0,1.741,1.777,1.814,1.851,1.888,1.925,1.962,1.999,2.036,2.073,2.11,2.147,2.367,2.58,2.784,2.979,3.334,3.645,3.914,4.145,4.344,4.514,4.66,5.148
280.0,292.0,1.762,1.799,1.836,1.873,1.91,1.948,1.985,2.022,2.06,2.097,2.134,2.171,2.392,2.606,2.811,3.005,3.361,3.672,3.941,4.172,4.37,4.539,4.685,5.17
281.0,282.0,1.917,1.948,1.979,2.01,2.041,2.072,2.103,2.135,2.166,2.197,2.228,2.259,2.445,2.625,2.799,2.965,3.27,3.54,3.776,3.981,4.157,4.311,4.443,4.891
281.0,283.0,1.963,1.993,2.023,2.053,2.083,2.114,2.144,2.175,2.206,2.236,2.267,2.298,2.482,2.662,2.836,3.003,3.311,3.584,3.822,4.028,4.207,4.361,4.494,4.942
281.0,284.0,2.0,2.029,2.058,2.088,2.117,2.147,2.177,2.208,2.238,2.268,2.299,2.329,2.512,2.691,2.865,3.032,3.342,3.616,3.856,4.064,4.244,4.399,4.533,4.984
281.0,285.0,2.031,2.06,2.089,2.118,2.147,2.177,2.206,2.236,2.266,2.296,2.327,2.357,2.539,2.718,2.892,3.06,3.371,3.647,3.888,4.098,4.279,4.435,4.57,5.023
281.0,286.0,2.058,2.086,2.115,2.144,2.173,2.203,2.232,2.262,2.292,2.322,2.353,2.383,2.565,2.745,2.92,3.089,3.401,3.679,3.922,4.132,4.314,4.471,4.607,5.062
281.0,287.0,2.082,2.111,2.139,2.168,2.198,2.227,2.257,2.287,2.317,2.347,2.378,2.408,2.591,2.772,2.949,3.118,3.433,3.712,3.957,4.168,4.351,4.509,4.645,5.101
281.0,288.0,2.104,2.133,2.162,2.191,2.22,2.25,2.28,2.31,2.341,2.371,2.402,2.432,2.617,2.8,2.978,3.149,3.466,3.747,3.993,4.205,4.389,4.547,4.683,5.14
281.0,289.0,2.124,2.153,2.182,2.212,2.242,2.272,2.302,2.333,2.364,2.394,2.425,2.456,2.643,2.828,3.007,3.18,3.499,3.782,4.029,4.243,4.427,4.585,4.722,5.178
281.0,290.0,2.143,2.173,2.202,2.232,2.263,2.293,2.324,2.355,2.386,2.417,2.449,2.48,2.669,2.855,3.037,3.211,3.533,3.818,4.066,4.28,4.464,4.623,4.76,5.216
281.0,291.0,2.162,2.191,2.221,2.252,2.283,2.314,2.345,2.376,2.408,2.439,2.471,2.503,2.694,2.883,3.066,3.242,3.566,3.853,4.102,4.317,4.501,4.66,4.797,5.252
281.0,292.0,2.179,2.209,2.24,2.271,2.302,2.334,2.365,2.397,2.429,2.461,2.493,2.526,2.719,2.91,3.095,3.272,3.599,3.887,4.137,4.352,4.537,4.696,4.833,5.287
281.0,293.0,2.196,2.227,2.258,2.29,2.321,2.353,2.385,2.418,2.45,2.483,2.515,2.548,2.744,2.936,3.123,3.302,3.631,3.92,4.171,4.387,4.572,4.731,4.867,5.32
282.0,283.0,2.005,2.027,2.05,2.073,2.097,2.12,2.144,2.168,2.192,2.217,2.241,2.266,2.415,2.565,2.712,2.855,3.126,3.371,3.589,3.781,3.949,4.096,4.225,4.666
282.0,284.0,2.012,2.035,2.058,2.082,2.106,2.13,2.154,2.179,2.204,2.228,2.253,2.278,2.43,2.581,2.73,2.875,3.147,3.393,3.612,3.805,3.974,4.122,4.251,4.694
282.0,285.0,2.02,2.044,2.068,2.092,2.117,2.142,2.166,2.192,2.217,2.242,2.268,2.293,2.448,2.601,2.752,2.899,3.174,3.422,3.643,3.837,4.007,4.155,4.284,4.728
282.0,286.0,2.03,2.054,2.079,2.103,2.129,2.154,2.179,2.205,2.231,2.257,2.283,2.309,2.466,2.623,2.776,2.924,3.203,3.453,3.675,3.87,4.041,4.189,4.319,4.762
282.0,287.0,2.04,2.064,2.09,2.115,2.141,2.167,2.193,2.219,2.245,2.272,2.298,2.325,2.485,2.644,2.799,2.949,3.231,3.483,3.707,3.903,4.074,4.223,4.353,4.795
282.0,288.0,2.05,2.075,2.101,2.127,2.153,2.179,2.206,2.233,2.26,2.286,2.313,2.34,2.503,2.665,2.822,2.974,3.258,3.513,3.738,3.935,4.106,4.255,4.385,4.828
282.0,289.0,2.06,2.086,2.112,2.139,2.166,2.192,2.219,2.247,2.274,2.301,2.329,2.356,2.521,2.685,2.844,2.998,3.285,3.541,3.767,3.965,4.137,4.286,4.416,4.858
282.0,290.0,2.071,2.097,2.124,2.151,2.178,2.205,2.233,2.26,2.288,2.316,2.344,2.372,2.539,2.705,2.866,3.021,3.31,3.568,3.796,3.994,4.167,4.316,4.446,4.888
282.0,291.0,2.082,2.109,2.136,2.163,2.191,2.218,2.246,2.274,2.302,2.33,2.359,2.387,2.557,2.724,2.887,3.043,3.335,3.595,3.823,4.022,4.195,4.345,4.475,4.916
282.0,292.0,2.093,2.12,2.148,2.175,2.203,2.231,2.26,2.288,2.316,2.345,2.373,2.402,2.574,2.743,2.907,3.065,3.359,3.62,3.849,4.049,4.222,4.372,4.502,4.942
282.0,293.0,2.104,2.131,2.159,2.187,2.216,2.244,2.273,2.301,2.33,2.359,2.388,2.417,2.591,2.761,2.927,3.086,3.382,3.644,3.875,4.075,4.248,4.398,4.529,4.968
282.0,294.0,2.115,2.143,2.171,2.199,2.228,2.257,2.286,2.315,2.344,2.373,2.403,2.432,2.607,2.779,2.946,3.107,3.404,3.668,3.899,4.1,4.274,4.424,4.554,4.993
283.0,284.0,1.854,1.879,1.905,1.931,1.957,1.983,2.01,2.036,2.063,2.09,2.117,2.144,2.307,2.469,2.629,2.783,3.072,3.334,3.566,3.771,3.95,4.107,4.244,4.716
283.0,285.0,1.879,1.905,1.932,1.958,1.985,2.012,2.039,2.067,2.094,2.122,2.15,2.177,2.344,2.509,2.671,2.827,3.119,3.383,3.616,3.821,4.001,4.158,4.295,4.764
283.0,286.0,1.905,1.932,1.959,1.986,2.014,2.042,2.07,2.098,2.126,2.154,2.183,2.211,2.381,2.55,2.714,2.872,3.168,3.433,3.667,3.873,4.053,4.209,4.345,4.812
283.0,287.0,1.931,1.959,1.987,2.015,2.043,2.072,2.1,2.129,2.158,2.187,2.216,2.245,2.419,2.59,2.756,2.917,3.215,3.482,3.718,3.924,4.103,4.259,4.395,4.859
283.0,288.0,1.957,1.986,2.014,2.043,2.072,2.102,2.131,2.16,2.19,2.219,2.249,2.278,2.455,2.629,2.798,2.96,3.262,3.53,3.767,3.973,4.152,4.308,4.443,4.903
283.0,289.0,1.984,2.013,2.042,2.072,2.102,2.131,2.161,2.191,2.221,2.252,2.282,2.312,2.492,2.668,2.839,3.003,3.307,3.577,3.814,4.02,4.199,4.355,4.489,4.946
283.0,290.0,2.01,2.04,2.07,2.1,2.131,2.161,2.192,2.222,2.253,2.283,2.314,2.345,2.528,2.706,2.879,3.045,3.351,3.622,3.859,4.066,4.244,4.399,4.533,4.987
283.0,291.0,2.037,2.067,2.098,2.129,2.16,2.191,2.222,2.253,2.284,2.315,2.346,2.377,2.563,2.744,2.918,3.085,3.393,3.665,3.903,4.11,4.288,4.442,4.576,5.026
283.0,292.0,2.063,2.094,2.126,2.157,2.188,2.22,2.252,2.283,2.315,2.346,2.378,2.41,2.597,2.78,2.957,3.125,3.434,3.707,3.946,4.152,4.33,4.483,4.616,5.063
283.0,293.0,2.09,2.122,2.153,2.185,2.217,2.249,2.281,2.313,2.345,2.377,2.409,2.441,2.631,2.816,2.994,3.163,3.474,3.748,3.986,4.192,4.37,4.523,4.655,5.099
283.0,294.0,2.117,2.149,2.181,2.213,2.246,2.278,2.311,2.343,2.375,2.408,2.44,2.473,2.665,2.851,3.03,3.2,3.513,3.787,4.026,4.231,4.408,4.561,4.692,5.133
283.0,295.0,2.143,2.176,2.208,2.241,2.274,2.307,2.34,2.372,2.405,2.438,2.471,2.504,2.697,2.885,3.066,3.237,3.551,3.825,4.064,4.269,4.445,4.597,4.728,5.166
284.0,285.0,1.891,1.906,1.922,1.939,1.956,1.973,1.991,2.01,2.029,2.048,2.068,2.088,2.213,2.346,2.481,2.617,2.882,3.131,3.359,3.564,3.747,3.91,4.054,4.561
284.0,286.0,1.873,1.892,1.911,1.931,1.951,1.971,1.992,2.013,2.035,2.057,2.079,2.101,2.239,2.381,2.525,2.667,2.94,3.194,3.425,3.631,3.815,3.977,4.12,4.622
284.0,287.0,1.866,1.888,1.909,1.932,1.954,1.977,2.0,2.024,2.048,2.072,2.096,2.12,2.27,2.421,2.572,2.72,3.004,3.263,3.497,3.705,3.889,4.051,4.194,4.689
284.0,288.0,1.867,1.89,1.914,1.939,1.963,1.988,2.013,2.039,2.064,2.09,2.116,2.142,2.301,2.46,2.618,2.772,3.063,3.328,3.565,3.774,3.959,4.121,4.262,4.752
284.0,289.0,1.872,1.897,1.923,1.949,1.975,2.002,2.028,2.055,2.083,2.11,2.137,2.165,2.331,2.497,2.66,2.818,3.116,3.385,3.625,3.836,4.02,4.182,4.323,4.807
284.0,290.0,1.881,1.907,1.934,1.962,1.989,2.017,2.045,2.073,2.101,2.13,2.158,2.187,2.359,2.53,2.698,2.86,3.163,3.436,3.677,3.889,4.074,4.235,4.376,4.856
284.0,291.0,1.891,1.919,1.947,1.976,2.004,2.033,2.062,2.091,2.121,2.15,2.179,2.209,2.386,2.561,2.732,2.897,3.205,3.481,3.724,3.936,4.122,4.283,4.423,4.899
284.0,292.0,1.904,1.932,1.961,1.991,2.02,2.05,2.08,2.11,2.14,2.17,2.2,2.23,2.411,2.59,2.764,2.931,3.243,3.521,3.765,3.978,4.164,4.325,4.464,4.938
284.0,293.0,1.917,1.946,1.976,2.006,2.036,2.067,2.097,2.128,2.158,2.189,2.22,2.251,2.435,2.617,2.793,2.963,3.277,3.557,3.803,4.016,4.202,4.363,4.502,4.973
284.0,294.0,1.931,1.961,1.991,2.022,2.053,2.084,2.115,2.146,2.177,2.208,2.24,2.271,2.458,2.643,2.821,2.992,3.309,3.591,3.837,4.051,4.237,4.397,4.536,5.006
284.0,295.0,1.945,1.976,2.007,2.038,2.069,2.101,2.132,2.164,2.196,2.227,2.259,2.291,2.481,2.667,2.847,3.02,3.339,3.622,3.869,4.083,4.269,4.429,4.568,5.036
284.0,296.0,1.96,1.991,2.022,2.054,2.086,2.118,2.15,2.182,2.214,2.246,2.278,2.31,2.502,2.69,2.872,3.046,3.367,3.651,3.899,4.113,4.299,4.459,4.598,5.064
285.0,286.0,1.37,1.398,1.426,1.454,1.483,1.512,1.541,1.571,1.601,1.631,1.661,1.692,1.879,2.067,2.254,2.436,2.783,3.099,3.382,3.632,3.853,4.046,4.216,4.802
285.0,287.0,1.372,1.403,1.434,1.466,1.497,1.53,1.562,1.595,1.628,1.661,1.694,1.727,1.928,2.128,2.325,2.515,2.871,3.193,3.477,3.727,3.946,4.136,4.302,4.87
285.0,288.0,1.382,1.416,1.45,1.484,1.518,1.552,1.587,1.622,1.657,1.692,1.727,1.762,1.973,2.181,2.384,2.579,2.942,3.266,3.551,3.8,4.016,4.204,4.367,4.92
285.0,289.0,1.399,1.435,1.47,1.506,1.542,1.578,1.614,1.65,1.687,1.723,1.759,1.796,2.014,2.227,2.434,2.632,2.999,3.324,3.608,3.855,4.07,4.255,4.415,4.957
285.0,290.0,1.421,1.457,1.494,1.531,1.568,1.605,1.642,1.679,1.717,1.754,1.791,1.829,2.051,2.267,2.477,2.676,3.045,3.37,3.653,3.899,4.111,4.294,4.452,4.985
285.0,291.0,1.445,1.482,1.52,1.557,1.595,1.633,1.671,1.709,1.747,1.784,1.822,1.86,2.085,2.303,2.514,2.714,3.083,3.407,3.69,3.933,4.144,4.325,4.481,5.006
285.0,292.0,1.472,1.509,1.547,1.585,1.623,1.661,1.7,1.738,1.776,1.814,1.853,1.891,2.117,2.336,2.547,2.748,3.116,3.439,3.72,3.962,4.17,4.35,4.504,5.023
285.0,293.0,1.499,1.537,1.575,1.613,1.652,1.69,1.729,1.767,1.805,1.844,1.882,1.92,2.147,2.367,2.577,2.778,3.145,3.467,3.746,3.986,4.193,4.371,4.524,5.037
285.0,294.0,1.527,1.566,1.604,1.642,1.68,1.719,1.757,1.796,1.834,1.873,1.911,1.949,2.176,2.395,2.606,2.805,3.171,3.491,3.769,4.007,4.213,4.389,4.541,5.049
285.0,295.0,1.556,1.594,1.632,1.671,1.709,1.747,1.786,1.824,1.863,1.901,1.939,1.977,2.203,2.422,2.632,2.831,3.195,3.514,3.789,4.027,4.23,4.405,4.556,5.06
285.0,296.0,1.585,1.623,1.661,1.699,1.737,1.776,1.814,1.852,1.891,1.929,1.967,2.005,2.23,2.449,2.657,2.856,3.218,3.535,3.809,4.044,4.247,4.421,4.57,5.07
285.0,297.0,1.613,1.651,1.689,1.727,1.765,1.804,1.842,1.88,1.918,1.956,1.994,2.032,2.257,2.474,2.682,2.879,3.24,3.555,3.827,4.061,4.262,4.435,4.584,5.08
286.0,287.0,0.84,0.869,0.899,0.93,0.962,0.996,1.03,1.065,1.101,1.138,1.176,1.214,1.454,1.707,1.964,2.22,2.714,3.17,3.58,3.944,4.263,4.543,4.787,5.622
286.0,288.0,0.754,0.797,0.841,0.886,0.931,0.978,1.025,1.072,1.12,1.168,1.216,1.265,1.563,1.86,2.153,2.436,2.965,3.435,3.846,4.202,4.509,4.773,5.001,5.761
286.0,289.0,0.708,0.763,0.818,0.873,0.929,0.985,1.042,1.098,1.155,1.211,1.268,1.325,1.662,1.991,2.307,2.606,3.152,3.625,4.03,4.375,4.668,4.917,5.13,5.828
286.0,290.0,0.693,0.756,0.818,0.881,0.944,1.007,1.07,1.133,1.195,1.257,1.319,1.381,1.745,2.092,2.42,2.727,3.278,3.746,4.142,4.475,4.755,4.991,5.192,5.842
286.0,291.0,0.699,0.767,0.834,0.902,0.969,1.036,1.103,1.169,1.235,1.301,1.366,1.431,1.808,2.164,2.497,2.806,3.353,3.813,4.198,4.52,4.788,5.014,5.204,5.818
286.0,292.0,0.72,0.791,0.861,0.931,1.001,1.07,1.138,1.206,1.274,1.341,1.407,1.473,1.855,2.213,2.545,2.851,3.39,3.84,4.214,4.525,4.784,5.001,5.184,5.771
286.0,293.0,0.753,0.824,0.895,0.966,1.036,1.105,1.174,1.242,1.31,1.377,1.444,1.509,1.89,2.244,2.571,2.872,3.4,3.839,4.203,4.505,4.756,4.966,5.143,5.71
286.0,294.0,0.793,0.864,0.935,1.004,1.074,1.142,1.21,1.278,1.345,1.411,1.476,1.541,1.915,2.262,2.583,2.877,3.393,3.821,4.175,4.469,4.713,4.917,5.089,5.641
286.0,295.0,0.839,0.909,0.977,1.046,1.114,1.181,1.247,1.313,1.378,1.443,1.507,1.57,1.935,2.273,2.586,2.872,3.374,3.791,4.136,4.423,4.662,4.861,5.029,5.569
286.0,296.0,0.889,0.956,1.023,1.089,1.155,1.22,1.284,1.348,1.412,1.474,1.536,1.598,1.951,2.28,2.583,2.861,3.349,3.756,4.093,4.373,4.606,4.802,4.967,5.497
286.0,297.0,0.94,1.005,1.07,1.134,1.197,1.26,1.322,1.384,1.445,1.505,1.565,1.624,1.966,2.284,2.578,2.848,3.322,3.718,4.048,4.322,4.551,4.743,4.905,5.428
286.0,298.0,0.993,1.055,1.117,1.179,1.24,1.3,1.36,1.419,1.478,1.537,1.594,1.651,1.981,2.288,2.572,2.834,3.295,3.681,4.003,4.272,4.497,4.686,4.846,5.363
287.0,288.0,0.475,0.48,0.487,0.496,0.505,0.516,0.529,0.542,0.556,0.572,0.589,0.606,0.729,0.876,1.038,1.211,1.569,1.925,2.264,2.579,2.867,3.127,3.361,4.208
287.0,289.0,0.362,0.379,0.396,0.415,0.435,0.456,0.477,0.499,0.522,0.546,0.571,0.596,0.759,0.936,1.122,1.313,1.695,2.062,2.405,2.72,3.005,3.261,3.49,4.313
287.0,290.0,0.293,0.319,0.345,0.372,0.4,0.429,0.458,0.488,0.518,0.549,0.58,0.612,0.811,1.019,1.231,1.442,1.853,2.239,2.592,2.911,3.196,3.449,3.673,4.465
287.0,291.0,0.255,0.287,0.321,0.354,0.389,0.424,0.459,0.495,0.532,0.569,0.606,0.643,0.872,1.106,1.338,1.567,2.004,2.405,2.767,3.088,3.372,3.622,3.842,4.604
287.0,292.0,0.237,0.275,0.314,0.353,0.393,0.433,0.473,0.514,0.555,0.596,0.638,0.68,0.933,1.186,1.435,1.678,2.134,2.546,2.913,3.235,3.517,3.764,3.979,4.716
287.0,293.0,0.233,0.276,0.319,0.362,0.406,0.45,0.494,0.538,0.583,0.628,0.673,0.718,0.989,1.257,1.518,1.77,2.24,2.66,3.029,3.352,3.632,3.875,4.086,4.802
287.0,294.0,0.239,0.285,0.331,0.377,0.424,0.471,0.518,0.565,0.612,0.66,0.707,0.755,1.039,1.318,1.588,1.847,2.326,2.75,3.121,3.443,3.721,3.961,4.169,4.869
287.0,295.0,0.252,0.3,0.348,0.397,0.446,0.495,0.544,0.593,0.642,0.692,0.741,0.79,1.084,1.37,1.646,1.91,2.396,2.823,3.194,3.515,3.791,4.029,4.234,4.92
287.0,296.0,0.27,0.319,0.369,0.419,0.47,0.52,0.571,0.621,0.672,0.723,0.773,0.824,1.124,1.416,1.696,1.963,2.453,2.881,3.253,3.572,3.846,4.082,4.285,4.961
287.0,297.0,0.29,0.341,0.392,0.443,0.495,0.546,0.598,0.65,0.701,0.753,0.804,0.856,1.161,1.456,1.74,2.009,2.5,2.93,3.3,3.619,3.891,4.125,4.326,4.994
287.0,298.0,0.313,0.364,0.416,0.468,0.521,0.573,0.625,0.678,0.73,0.782,0.834,0.886,1.194,1.493,1.778,2.048,2.541,2.971,3.341,3.658,3.929,4.161,4.36,5.021
287.0,299.0,0.336,0.389,0.441,0.494,0.547,0.6,0.652,0.705,0.758,0.811,0.863,0.916,1.226,1.526,1.812,2.083,2.577,3.006,3.375,3.691,3.961,4.191,4.389,5.045
288.0,289.0,0.138,0.154,0.17,0.187,0.204,0.222,0.24,0.259,0.279,0.299,0.319,0.34,0.472,0.613,0.76,0.91,1.211,1.503,1.779,2.034,2.268,2.481,2.673,3.384
288.0,290.0,0.12,0.14,0.16,0.18,0.201,0.222,0.244,0.266,0.288,0.311,0.334,0.357,0.503,0.655,0.811,0.967,1.276,1.572,1.849,2.105,2.338,2.549,2.74,3.445
288.0,291.0,0.121,0.144,0.167,0.19,0.214,0.238,0.263,0.288,0.313,0.338,0.364,0.39,0.549,0.712,0.877,1.042,1.363,1.667,1.948,2.206,2.44,2.651,2.841,3.535
288.0,292.0,0.135,0.16,0.185,0.211,0.238,0.264,0.291,0.318,0.346,0.373,0.401,0.429,0.6,0.774,0.947,1.119,1.451,1.762,2.047,2.307,2.542,2.752,2.941,3.624
288.0,293.0,0.157,0.184,0.212,0.24,0.268,0.297,0.326,0.355,0.384,0.413,0.443,0.473,0.653,0.835,1.015,1.193,1.533,1.85,2.139,2.4,2.635,2.845,3.032,3.705
288.0,294.0,0.186,0.215,0.244,0.274,0.304,0.334,0.364,0.394,0.425,0.456,0.487,0.518,0.705,0.893,1.079,1.261,1.608,1.929,2.22,2.482,2.717,2.926,3.111,3.775
288.0,295.0,0.219,0.249,0.28,0.311,0.342,0.373,0.404,0.436,0.468,0.499,0.531,0.563,0.757,0.949,1.139,1.324,1.676,2.0,2.292,2.555,2.789,2.997,3.181,3.836
288.0,296.0,0.255,0.286,0.318,0.349,0.381,0.414,0.446,0.478,0.511,0.543,0.576,0.609,0.806,1.003,1.195,1.383,1.739,2.064,2.357,2.62,2.853,3.06,3.243,3.89
288.0,297.0,0.293,0.325,0.357,0.39,0.422,0.455,0.488,0.521,0.554,0.588,0.621,0.654,0.855,1.054,1.249,1.438,1.796,2.123,2.416,2.678,2.911,3.116,3.298,3.938
288.0,298.0,0.332,0.365,0.398,0.431,0.464,0.497,0.531,0.564,0.598,0.632,0.665,0.699,0.902,1.103,1.3,1.49,1.85,2.177,2.471,2.732,2.964,3.168,3.349,3.982
288.0,299.0,0.372,0.405,0.439,0.472,0.506,0.539,0.573,0.607,0.641,0.675,0.709,0.743,0.948,1.151,1.348,1.54,1.901,2.228,2.521,2.782,3.013,3.216,3.395,4.023
288.0,300.0,0.413,0.446,0.48,0.513,0.547,0.581,0.615,0.65,0.684,0.718,0.753,0.787,0.993,1.197,1.395,1.587,1.949,2.276,2.569,2.829,3.059,3.261,3.439,4.062
289.0,290.0,0.211,0.244,0.277,0.311,0.345,0.38,0.415,0.45,0.486,0.522,0.558,0.595,0.818,1.043,1.266,1.485,1.903,2.287,2.633,2.942,3.215,3.457,3.669,4.414
289.0,291.0,0.208,0.246,0.284,0.323,0.362,0.402,0.442,0.482,0.522,0.563,0.603,0.644,0.89,1.135,1.375,1.607,2.045,2.439,2.79,3.098,3.368,3.604,3.81,4.517
289.0,292.0,0.218,0.259,0.301,0.343,0.385,0.427,0.47,0.513,0.556,0.599,0.642,0.685,0.945,1.2,1.449,1.688,2.134,2.532,2.882,3.188,3.453,3.684,3.885,4.567
289.0,293.0,0.236,0.28,0.323,0.367,0.411,0.455,0.5,0.544,0.589,0.633,0.678,0.723,0.989,1.25,1.503,1.745,2.193,2.591,2.938,3.241,3.503,3.729,3.926,4.59
289.0,294.0,0.261,0.305,0.35,0.395,0.44,0.485,0.53,0.575,0.621,0.666,0.712,0.757,1.027,1.29,1.544,1.787,2.234,2.63,2.974,3.273,3.532,3.755,3.948,4.598
289.0,295.0,0.289,0.334,0.379,0.425,0.47,0.516,0.561,0.607,0.653,0.698,0.744,0.789,1.06,1.324,1.577,1.819,2.264,2.656,2.998,3.294,3.549,3.769,3.959,4.599
289.0,296.0,0.321,0.366,0.411,0.456,0.502,0.547,0.593,0.638,0.684,0.73,0.775,0.821,1.091,1.353,1.605,1.845,2.287,2.676,3.014,3.306,3.558,3.776,3.963,4.595
289.0,297.0,0.354,0.398,0.443,0.489,0.534,0.579,0.625,0.67,0.715,0.761,0.806,0.851,1.119,1.38,1.63,1.868,2.306,2.69,3.025,3.314,3.564,3.779,3.964,4.589
289.0,298.0,0.387,0.432,0.477,0.521,0.566,0.611,0.656,0.701,0.746,0.791,0.836,0.881,1.147,1.405,1.652,1.888,2.321,2.702,3.034,3.32,3.567,3.78,3.964,4.582
289.0,299.0,0.422,0.466,0.51,0.554,0.599,0.643,0.688,0.732,0.777,0.821,0.866,0.91,1.173,1.428,1.674,1.907,2.336,2.713,3.041,3.324,3.569,3.78,3.962,4.574
289.0,300.0,0.456,0.5,0.543,0.587,0.631,0.675,0.719,0.763,0.807,0.851,0.895,0.939,1.199,1.451,1.694,1.925,2.349,2.722,3.047,3.328,3.57,3.779,3.96,4.568
289.0,301.0,0.49,0.533,0.576,0.62,0.663,0.707,0.75,0.794,0.837,0.881,0.924,0.967,1.224,1.474,1.714,1.942,2.362,2.732,3.053,3.332,3.572,3.779,3.959,4.562
290.0,291.0,0.348,0.373,0.4,0.427,0.454,0.483,0.512,0.541,0.571,0.602,0.633,0.664,0.861,1.064,1.271,1.477,1.877,2.25,2.59,2.896,3.168,3.409,3.623,4.371
290.0,292.0,0.324,0.355,0.387,0.42,0.453,0.487,0.521,0.556,0.591,0.626,0.661,0.697,0.917,1.14,1.361,1.579,1.994,2.375,2.717,3.021,3.289,3.525,3.732,4.45
290.0,293.0,0.323,0.359,0.395,0.432,0.469,0.507,0.545,0.583,0.622,0.661,0.7,0.739,0.975,1.212,1.444,1.67,2.095,2.48,2.822,3.123,3.387,3.618,3.819,4.511
290.0,294.0,0.338,0.377,0.416,0.456,0.496,0.537,0.578,0.618,0.659,0.7,0.742,0.783,1.031,1.276,1.516,1.746,2.177,2.563,2.903,3.2,3.46,3.686,3.882,4.551
290.0,295.0,0.364,0.405,0.447,0.488,0.53,0.573,0.615,0.657,0.7,0.742,0.785,0.828,1.083,1.333,1.576,1.809,2.241,2.625,2.963,3.257,3.512,3.733,3.925,4.575
290.0,296.0,0.398,0.44,0.483,0.526,0.569,0.612,0.655,0.698,0.742,0.785,0.829,0.872,1.13,1.383,1.627,1.86,2.291,2.673,3.007,3.296,3.547,3.764,3.952,4.588
290.0,297.0,0.436,0.479,0.523,0.566,0.609,0.653,0.697,0.74,0.784,0.828,0.871,0.915,1.174,1.427,1.671,1.903,2.331,2.709,3.039,3.325,3.572,3.785,3.97,4.593
290.0,298.0,0.478,0.521,0.565,0.608,0.652,0.695,0.739,0.783,0.826,0.87,0.914,0.957,1.216,1.467,1.709,1.94,2.364,2.738,3.063,3.345,3.589,3.799,3.981,4.593
290.0,299.0,0.522,0.565,0.608,0.651,0.695,0.738,0.781,0.825,0.868,0.912,0.955,0.998,1.255,1.504,1.744,1.972,2.391,2.761,3.082,3.36,3.601,3.808,3.987,4.59
290.0,300.0,0.567,0.609,0.652,0.695,0.738,0.781,0.824,0.867,0.91,0.953,0.996,1.039,1.293,1.539,1.776,2.001,2.416,2.78,3.098,3.372,3.61,3.814,3.991,4.587
290.0,301.0,0.612,0.654,0.696,0.738,0.781,0.823,0.866,0.908,0.951,0.993,1.036,1.078,1.329,1.572,1.806,2.029,2.438,2.798,3.111,3.383,3.617,3.819,3.994,4.582
290.0,302.0,0.657,0.698,0.74,0.782,0.824,0.865,0.907,0.949,0.991,1.033,1.075,1.117,1.364,1.604,1.835,2.055,2.459,2.814,3.124,3.392,3.624,3.823,3.996,4.578
291.0,292.0,0.408,0.418,0.429,0.441,0.454,0.467,0.482,0.497,0.513,0.53,0.547,0.565,0.685,0.82,0.965,1.116,1.425,1.729,2.018,2.288,2.535,2.76,2.962,3.706
291.0,293.0,0.444,0.457,0.471,0.486,0.501,0.518,0.534,0.552,0.57,0.589,0.608,0.628,0.756,0.896,1.044,1.197,1.506,1.808,2.094,2.359,2.601,2.822,3.021,3.752
291.0,294.0,0.492,0.508,0.524,0.541,0.559,0.577,0.596,0.616,0.636,0.656,0.677,0.699,0.836,0.984,1.138,1.295,1.609,1.913,2.198,2.462,2.702,2.919,3.115,3.83
291.0,295.0,0.548,0.565,0.583,0.602,0.622,0.642,0.663,0.684,0.706,0.728,0.751,0.774,0.919,1.073,1.233,1.394,1.714,2.02,2.306,2.569,2.807,3.021,3.214,3.912
291.0,296.0,0.608,0.627,0.647,0.668,0.689,0.71,0.732,0.755,0.778,0.802,0.825,0.85,1.002,1.162,1.325,1.49,1.815,2.123,2.409,2.67,2.905,3.117,3.306,3.988
291.0,297.0,0.672,0.692,0.714,0.735,0.757,0.78,0.803,0.827,0.851,0.876,0.901,0.926,1.083,1.247,1.414,1.582,1.909,2.218,2.503,2.762,2.995,3.204,3.39,4.057
291.0,298.0,0.738,0.76,0.782,0.804,0.827,0.851,0.875,0.899,0.924,0.95,0.975,1.001,1.162,1.329,1.499,1.668,1.997,2.306,2.59,2.847,3.077,3.283,3.466,4.118
291.0,299.0,0.805,0.828,0.85,0.874,0.897,0.922,0.946,0.971,0.997,1.023,1.049,1.075,1.239,1.408,1.579,1.749,2.079,2.387,2.669,2.924,3.152,3.355,3.535,4.174
291.0,300.0,0.873,0.896,0.919,0.943,0.967,0.992,1.017,1.043,1.068,1.095,1.121,1.148,1.314,1.484,1.656,1.826,2.156,2.463,2.743,2.996,3.221,3.421,3.599,4.226
291.0,301.0,0.941,0.964,0.988,1.012,1.037,1.062,1.087,1.113,1.139,1.165,1.192,1.219,1.386,1.557,1.73,1.9,2.229,2.535,2.813,3.063,3.286,3.483,3.658,4.274
291.0,302.0,1.009,1.032,1.056,1.08,1.105,1.13,1.156,1.182,1.208,1.235,1.262,1.289,1.457,1.628,1.8,1.971,2.299,2.603,2.879,3.126,3.347,3.542,3.714,4.319
291.0,303.0,1.075,1.099,1.123,1.147,1.172,1.198,1.223,1.25,1.276,1.303,1.33,1.357,1.525,1.697,1.869,2.039,2.366,2.668,2.942,3.187,3.405,3.597,3.767,4.363
292.0,293.0,0.13,0.168,0.207,0.246,0.285,0.325,0.365,0.406,0.446,0.487,0.528,0.569,0.816,1.063,1.305,1.54,1.982,2.381,2.736,3.05,3.325,3.565,3.775,4.499
292.0,294.0,0.147,0.188,0.231,0.273,0.316,0.36,0.403,0.447,0.491,0.535,0.579,0.623,0.889,1.15,1.405,1.651,2.108,2.515,2.874,3.186,3.458,3.693,3.898,4.592
292.0,295.0,0.169,0.213,0.258,0.302,0.347,0.393,0.438,0.484,0.53,0.576,0.622,0.668,0.942,1.212,1.473,1.723,2.186,2.595,2.953,3.264,3.532,3.764,3.965,4.639
292.0,296.0,0.196,0.241,0.287,0.333,0.379,0.426,0.472,0.519,0.566,0.613,0.66,0.707,0.986,1.259,1.523,1.775,2.24,2.649,3.005,3.313,3.579,3.807,4.005,4.666
292.0,297.0,0.225,0.272,0.318,0.365,0.412,0.459,0.506,0.553,0.601,0.648,0.695,0.743,1.024,1.299,1.564,1.816,2.28,2.688,3.042,3.347,3.61,3.836,4.031,4.683
292.0,298.0,0.257,0.304,0.35,0.398,0.445,0.492,0.54,0.587,0.635,0.682,0.73,0.777,1.059,1.334,1.599,1.851,2.313,2.718,3.07,3.373,3.634,3.858,4.05,4.694
292.0,299.0,0.29,0.337,0.384,0.431,0.478,0.525,0.573,0.62,0.668,0.715,0.763,0.81,1.092,1.367,1.63,1.881,2.341,2.744,3.093,3.394,3.652,3.874,4.065,4.703
292.0,300.0,0.324,0.37,0.417,0.464,0.511,0.559,0.606,0.653,0.701,0.748,0.796,0.843,1.124,1.397,1.659,1.908,2.366,2.766,3.113,3.411,3.668,3.888,4.077,4.709
292.0,301.0,0.358,0.404,0.451,0.498,0.545,0.592,0.639,0.686,0.733,0.78,0.827,0.875,1.154,1.426,1.686,1.934,2.389,2.786,3.131,3.427,3.681,3.9,4.088,4.715
292.0,302.0,0.392,0.438,0.484,0.531,0.578,0.624,0.671,0.718,0.765,0.812,0.859,0.906,1.183,1.453,1.712,1.959,2.41,2.805,3.147,3.441,3.694,3.911,4.097,4.72
292.0,303.0,0.426,0.471,0.517,0.564,0.61,0.657,0.703,0.75,0.796,0.843,0.89,0.936,1.212,1.48,1.737,1.982,2.431,2.823,3.163,3.455,3.706,3.921,4.107,4.725
292.0,304.0,0.459,0.505,0.55,0.596,0.642,0.688,0.735,0.781,0.827,0.874,0.92,0.966,1.24,1.506,1.762,2.005,2.45,2.84,3.178,3.468,3.718,3.932,4.116,4.73
293.0,294.0,0.071,0.109,0.149,0.189,0.23,0.271,0.313,0.355,0.398,0.441,0.484,0.528,0.793,1.06,1.324,1.581,2.066,2.505,2.895,3.237,3.536,3.797,4.024,4.798
293.0,295.0,0.047,0.09,0.134,0.178,0.222,0.267,0.313,0.359,0.405,0.451,0.498,0.545,0.828,1.109,1.385,1.651,2.149,2.593,2.984,3.325,3.62,3.876,4.097,4.845
293.0,296.0,0.036,0.082,0.128,0.175,0.222,0.269,0.317,0.365,0.414,0.462,0.511,0.56,0.853,1.143,1.424,1.695,2.198,2.643,3.033,3.37,3.662,3.913,4.13,4.859
293.0,297.0,0.035,0.082,0.13,0.178,0.227,0.276,0.325,0.375,0.424,0.474,0.524,0.574,0.873,1.166,1.451,1.723,2.227,2.671,3.058,3.392,3.68,3.928,4.141,4.856
293.0,298.0,0.041,0.09,0.138,0.188,0.237,0.287,0.337,0.387,0.437,0.487,0.538,0.588,0.889,1.184,1.469,1.741,2.243,2.685,3.068,3.399,3.684,3.928,4.139,4.843
293.0,299.0,0.054,0.102,0.152,0.201,0.251,0.301,0.351,0.401,0.452,0.502,0.552,0.603,0.904,1.198,1.482,1.753,2.252,2.689,3.07,3.397,3.679,3.921,4.129,4.824
293.0,300.0,0.07,0.119,0.168,0.217,0.267,0.317,0.367,0.417,0.467,0.518,0.568,0.618,0.918,1.21,1.492,1.761,2.255,2.689,3.065,3.39,3.668,3.908,4.114,4.802
293.0,301.0,0.09,0.138,0.187,0.236,0.286,0.335,0.385,0.434,0.484,0.534,0.584,0.634,0.931,1.22,1.499,1.766,2.255,2.685,3.057,3.379,3.655,3.893,4.097,4.78
293.0,302.0,0.112,0.16,0.208,0.257,0.305,0.354,0.403,0.453,0.502,0.551,0.601,0.65,0.943,1.23,1.506,1.769,2.253,2.679,3.048,3.366,3.64,3.876,4.079,4.757
293.0,303.0,0.135,0.183,0.23,0.278,0.326,0.375,0.423,0.472,0.52,0.569,0.618,0.666,0.956,1.239,1.512,1.772,2.251,2.672,3.038,3.353,3.625,3.859,4.06,4.734
293.0,304.0,0.16,0.206,0.253,0.301,0.348,0.396,0.443,0.491,0.539,0.587,0.635,0.683,0.969,1.248,1.517,1.775,2.248,2.665,3.027,3.341,3.61,3.842,4.043,4.713
293.0,305.0,0.185,0.231,0.277,0.323,0.37,0.417,0.464,0.511,0.558,0.606,0.653,0.7,0.982,1.258,1.523,1.778,2.246,2.659,3.018,3.329,3.596,3.827,4.026,4.694
294.0,295.0,0.1,0.148,0.196,0.244,0.292,0.34,0.389,0.438,0.487,0.535,0.584,0.633,0.923,1.206,1.479,1.739,2.217,2.637,3.002,3.317,3.588,3.82,4.021,4.692
294.0,296.0,0.145,0.193,0.241,0.289,0.338,0.387,0.436,0.485,0.534,0.583,0.632,0.681,0.972,1.256,1.53,1.79,2.268,2.687,3.05,3.362,3.63,3.86,4.058,4.718
294.0,297.0,0.189,0.237,0.285,0.333,0.381,0.43,0.479,0.528,0.577,0.625,0.674,0.723,1.014,1.297,1.57,1.829,2.304,2.721,3.081,3.391,3.657,3.884,4.08,4.733
294.0,298.0,0.232,0.279,0.327,0.375,0.423,0.472,0.52,0.569,0.617,0.666,0.715,0.763,1.052,1.334,1.604,1.862,2.334,2.748,3.106,3.413,3.677,3.903,4.097,4.743
294.0,299.0,0.274,0.321,0.369,0.416,0.464,0.512,0.56,0.609,0.657,0.705,0.753,0.802,1.089,1.368,1.637,1.893,2.362,2.772,3.127,3.432,3.694,3.918,4.111,4.752
294.0,300.0,0.316,0.363,0.41,0.457,0.504,0.552,0.6,0.648,0.695,0.743,0.791,0.839,1.124,1.402,1.668,1.922,2.388,2.795,3.148,3.451,3.71,3.933,4.124,4.76
294.0,301.0,0.357,0.403,0.45,0.497,0.544,0.591,0.638,0.686,0.733,0.781,0.828,0.876,1.159,1.434,1.699,1.951,2.413,2.818,3.168,3.468,3.726,3.947,4.137,4.769
294.0,302.0,0.397,0.443,0.489,0.536,0.582,0.629,0.676,0.723,0.77,0.818,0.865,0.912,1.193,1.466,1.729,1.979,2.438,2.84,3.187,3.486,3.742,3.961,4.15,4.777
294.0,303.0,0.436,0.482,0.528,0.574,0.62,0.667,0.713,0.76,0.807,0.854,0.901,0.947,1.226,1.497,1.758,2.007,2.463,2.862,3.207,3.504,3.758,3.976,4.163,4.786
294.0,304.0,0.475,0.52,0.565,0.611,0.657,0.703,0.75,0.796,0.843,0.889,0.936,0.982,1.259,1.528,1.788,2.035,2.487,2.884,3.227,3.521,3.774,3.99,4.177,4.796
294.0,305.0,0.512,0.557,0.603,0.648,0.694,0.74,0.786,0.832,0.878,0.924,0.97,1.016,1.291,1.559,1.817,2.062,2.512,2.906,3.246,3.539,3.79,4.005,4.19,4.805
294.0,306.0,0.549,0.594,0.639,0.684,0.729,0.775,0.821,0.866,0.912,0.958,1.004,1.05,1.323,1.589,1.845,2.089,2.536,2.927,3.266,3.557,3.806,4.02,4.204,4.815
295.0,296.0,0.067,0.114,0.161,0.208,0.255,0.302,0.35,0.398,0.445,0.493,0.541,0.588,0.872,1.148,1.414,1.667,2.132,2.541,2.896,3.202,3.465,3.691,3.886,4.538
295.0,297.0,0.106,0.153,0.199,0.246,0.293,0.34,0.388,0.435,0.483,0.53,0.577,0.625,0.906,1.181,1.445,1.697,2.159,2.565,2.917,3.221,3.483,3.708,3.901,4.549
295.0,298.0,0.146,0.192,0.238,0.285,0.332,0.379,0.426,0.473,0.52,0.567,0.615,0.662,0.942,1.215,1.478,1.728,2.188,2.592,2.942,3.244,3.504,3.727,3.919,4.563
295.0,299.0,0.185,0.231,0.277,0.324,0.37,0.417,0.464,0.511,0.558,0.605,0.652,0.699,0.978,1.25,1.511,1.76,2.217,2.619,2.967,3.267,3.525,3.747,3.938,4.577
295.0,300.0,0.224,0.269,0.315,0.362,0.408,0.455,0.501,0.548,0.595,0.642,0.689,0.735,1.013,1.283,1.544,1.791,2.246,2.645,2.992,3.29,3.547,3.767,3.957,4.592
295.0,301.0,0.262,0.307,0.353,0.399,0.446,0.492,0.538,0.585,0.632,0.678,0.725,0.771,1.048,1.317,1.576,1.822,2.275,2.672,3.016,3.313,3.568,3.787,3.975,4.606
295.0,302.0,0.3,0.345,0.391,0.436,0.483,0.529,0.575,0.621,0.668,0.714,0.76,0.807,1.082,1.35,1.607,1.852,2.303,2.698,3.04,3.335,3.588,3.806,3.994,4.62
295.0,303.0,0.337,0.382,0.427,0.473,0.519,0.565,0.611,0.657,0.703,0.749,0.795,0.841,1.115,1.382,1.638,1.882,2.33,2.723,3.064,3.357,3.609,3.826,4.012,4.634
295.0,304.0,0.373,0.418,0.464,0.509,0.555,0.6,0.646,0.692,0.738,0.784,0.83,0.875,1.148,1.413,1.669,1.912,2.357,2.748,3.087,3.379,3.629,3.845,4.03,4.648
295.0,305.0,0.409,0.454,0.499,0.544,0.59,0.635,0.681,0.726,0.772,0.818,0.863,0.909,1.18,1.445,1.699,1.94,2.384,2.773,3.11,3.4,3.649,3.864,4.048,4.663
295.0,306.0,0.445,0.489,0.534,0.579,0.624,0.669,0.715,0.76,0.806,0.851,0.897,0.942,1.212,1.475,1.728,1.969,2.41,2.797,3.133,3.421,3.669,3.882,4.065,4.677
295.0,307.0,0.48,0.524,0.568,0.613,0.658,0.703,0.748,0.794,0.839,0.884,0.929,0.975,1.244,1.505,1.757,1.997,2.436,2.822,3.155,3.442,3.689,3.901,4.083,4.691
296.0,297.0,0.011,0.054,0.097,0.14,0.184,0.228,0.272,0.316,0.361,0.406,0.451,0.496,0.766,1.032,1.291,1.54,2.002,2.411,2.769,3.079,3.347,3.579,3.779,4.451
296.0,298.0,0.045,0.088,0.131,0.175,0.219,0.263,0.308,0.353,0.397,0.442,0.488,0.533,0.803,1.069,1.327,1.574,2.032,2.438,2.792,3.099,3.364,3.593,3.791,4.456
296.0,299.0,0.082,0.125,0.169,0.213,0.257,0.302,0.347,0.392,0.437,0.482,0.527,0.572,0.843,1.108,1.365,1.611,2.066,2.469,2.82,3.124,3.387,3.613,3.809,4.466
296.0,300.0,0.121,0.164,0.208,0.252,0.297,0.342,0.386,0.431,0.476,0.522,0.567,0.612,0.882,1.147,1.403,1.647,2.1,2.499,2.847,3.149,3.409,3.633,3.826,4.476
296.0,301.0,0.161,0.205,0.249,0.293,0.337,0.382,0.426,0.471,0.516,0.561,0.606,0.651,0.92,1.184,1.438,1.682,2.131,2.527,2.872,3.171,3.429,3.65,3.842,4.485
296.0,302.0,0.202,0.245,0.289,0.333,0.377,0.422,0.466,0.511,0.556,0.601,0.645,0.69,0.958,1.22,1.472,1.714,2.16,2.553,2.895,3.192,3.447,3.667,3.856,4.493
296.0,303.0,0.243,0.286,0.33,0.373,0.417,0.462,0.506,0.55,0.595,0.639,0.684,0.728,0.994,1.254,1.505,1.745,2.187,2.578,2.917,3.211,3.464,3.682,3.87,4.501
296.0,304.0,0.284,0.327,0.37,0.413,0.457,0.501,0.545,0.589,0.633,0.677,0.722,0.766,1.03,1.288,1.537,1.775,2.214,2.601,2.938,3.229,3.48,3.696,3.883,4.508
296.0,305.0,0.324,0.367,0.41,0.453,0.496,0.54,0.583,0.627,0.671,0.715,0.759,0.803,1.064,1.321,1.568,1.804,2.24,2.623,2.958,3.247,3.496,3.71,3.895,4.516
296.0,306.0,0.364,0.407,0.449,0.492,0.535,0.578,0.621,0.665,0.708,0.752,0.795,0.839,1.099,1.353,1.598,1.833,2.265,2.646,2.977,3.264,3.511,3.724,3.908,4.524
296.0,307.0,0.404,0.446,0.488,0.53,0.573,0.616,0.659,0.702,0.745,0.788,0.831,0.874,1.132,1.384,1.628,1.861,2.29,2.668,2.997,3.282,3.527,3.738,3.921,4.532
296.0,308.0,0.443,0.484,0.526,0.568,0.61,0.653,0.695,0.738,0.781,0.824,0.867,0.909,1.165,1.416,1.657,1.888,2.314,2.69,3.017,3.299,3.543,3.753,3.934,4.541
297.0,298.0,-0.027,0.015,0.058,0.1,0.143,0.187,0.23,0.274,0.318,0.362,0.406,0.45,0.714,0.974,1.226,1.468,1.917,2.315,2.664,2.966,3.227,3.453,3.649,4.307
297.0,299.0,0.003,0.045,0.087,0.13,0.173,0.216,0.26,0.303,0.347,0.391,0.435,0.479,0.742,1.001,1.252,1.493,1.939,2.335,2.681,2.982,3.242,3.467,3.661,4.317
297.0,300.0,0.034,0.076,0.119,0.162,0.205,0.248,0.292,0.335,0.379,0.423,0.467,0.511,0.774,1.033,1.283,1.523,1.968,2.362,2.707,3.007,3.265,3.489,3.682,4.334
297.0,301.0,0.066,0.109,0.151,0.194,0.237,0.281,0.324,0.368,0.412,0.456,0.5,0.544,0.807,1.066,1.316,1.556,1.999,2.392,2.736,3.033,3.291,3.513,3.706,4.353
297.0,302.0,0.099,0.141,0.184,0.227,0.27,0.313,0.357,0.401,0.445,0.489,0.533,0.577,0.84,1.098,1.348,1.587,2.03,2.422,2.764,3.06,3.316,3.538,3.729,4.372
297.0,303.0,0.131,0.173,0.216,0.259,0.303,0.346,0.39,0.433,0.477,0.521,0.565,0.609,0.872,1.13,1.38,1.619,2.06,2.45,2.791,3.086,3.341,3.561,3.752,4.391
297.0,304.0,0.163,0.206,0.248,0.291,0.335,0.378,0.422,0.466,0.51,0.553,0.597,0.641,0.904,1.162,1.411,1.649,2.089,2.478,2.818,3.112,3.366,3.584,3.774,4.409
297.0,305.0,0.195,0.238,0.28,0.323,0.367,0.41,0.454,0.497,0.541,0.585,0.629,0.673,0.935,1.192,1.441,1.679,2.118,2.505,2.844,3.136,3.389,3.607,3.795,4.427
297.0,306.0,0.227,0.269,0.312,0.355,0.398,0.442,0.485,0.529,0.573,0.616,0.66,0.704,0.966,1.222,1.47,1.708,2.145,2.532,2.869,3.16,3.412,3.628,3.816,4.444
297.0,307.0,0.259,0.301,0.343,0.386,0.429,0.473,0.516,0.56,0.603,0.647,0.691,0.735,0.996,1.252,1.499,1.736,2.172,2.558,2.893,3.183,3.434,3.65,3.836,4.461
297.0,308.0,0.29,0.332,0.374,0.417,0.46,0.503,0.547,0.59,0.634,0.677,0.721,0.765,1.026,1.281,1.528,1.764,2.199,2.583,2.917,3.206,3.456,3.67,3.856,4.477
297.0,309.0,0.32,0.362,0.405,0.447,0.49,0.533,0.577,0.62,0.664,0.707,0.751,0.794,1.055,1.31,1.556,1.791,2.225,2.608,2.941,3.229,3.477,3.691,3.875,4.493
298.0,299.0,-0.05,-0.008,0.034,0.077,0.12,0.164,0.208,0.252,0.296,0.341,0.386,0.431,0.702,0.971,1.233,1.486,1.956,2.373,2.739,3.056,3.331,3.568,3.772,4.46
298.0,300.0,-0.042,0.002,0.047,0.091,0.137,0.182,0.228,0.274,0.32,0.366,0.413,0.46,0.739,1.014,1.282,1.538,2.013,2.432,2.798,3.115,3.388,3.622,3.825,4.503
298.0,301.0,-0.028,0.017,0.064,0.11,0.157,0.204,0.251,0.299,0.346,0.394,0.442,0.49,0.776,1.057,1.328,1.588,2.067,2.488,2.854,3.169,3.441,3.674,3.875,4.544
298.0,302.0,-0.011,0.036,0.084,0.131,0.179,0.228,0.276,0.325,0.374,0.422,0.471,0.52,0.812,1.097,1.372,1.634,2.116,2.538,2.904,3.219,3.489,3.72,3.919,4.581
298.0,303.0,0.009,0.057,0.106,0.155,0.204,0.253,0.302,0.352,0.401,0.451,0.501,0.55,0.846,1.134,1.412,1.676,2.16,2.583,2.949,3.263,3.531,3.761,3.959,4.615
298.0,304.0,0.031,0.08,0.129,0.179,0.229,0.279,0.329,0.379,0.429,0.48,0.53,0.58,0.879,1.17,1.449,1.715,2.2,2.624,2.989,3.302,3.57,3.799,3.995,4.645
298.0,305.0,0.054,0.104,0.154,0.204,0.254,0.305,0.356,0.406,0.457,0.508,0.559,0.609,0.91,1.203,1.484,1.75,2.237,2.661,3.026,3.338,3.604,3.832,4.027,4.673
298.0,306.0,0.079,0.129,0.179,0.23,0.28,0.331,0.382,0.434,0.485,0.536,0.587,0.638,0.941,1.235,1.517,1.784,2.272,2.695,3.06,3.371,3.637,3.863,4.057,4.699
298.0,307.0,0.103,0.154,0.204,0.255,0.306,0.358,0.409,0.461,0.512,0.563,0.615,0.666,0.971,1.266,1.548,1.816,2.304,2.727,3.091,3.402,3.666,3.892,4.085,4.723
298.0,308.0,0.128,0.179,0.23,0.281,0.332,0.384,0.436,0.487,0.539,0.591,0.642,0.694,0.999,1.295,1.578,1.847,2.335,2.758,3.121,3.431,3.694,3.919,4.111,4.745
298.0,309.0,0.153,0.204,0.255,0.307,0.358,0.41,0.462,0.514,0.566,0.618,0.669,0.721,1.027,1.324,1.607,1.876,2.364,2.787,3.149,3.458,3.721,3.945,4.136,4.767
298.0,310.0,0.178,0.229,0.281,0.332,0.384,0.436,0.488,0.54,0.592,0.644,0.696,0.748,1.055,1.352,1.636,1.904,2.392,2.814,3.176,3.484,3.746,3.969,4.16,4.787
299.0,300.0,-0.009,0.016,0.042,0.07,0.098,0.127,0.156,0.187,0.218,0.249,0.281,0.314,0.519,0.733,0.951,1.169,1.592,1.986,2.345,2.666,2.952,3.204,3.426,4.2
299.0,301.0,0.014,0.041,0.07,0.099,0.129,0.159,0.191,0.222,0.255,0.287,0.321,0.354,0.563,0.778,0.996,1.212,1.628,2.014,2.365,2.679,2.957,3.204,3.42,4.178
299.0,302.0,0.047,0.077,0.107,0.138,0.169,0.201,0.233,0.266,0.3,0.333,0.367,0.402,0.614,0.831,1.049,1.264,1.677,2.058,2.403,2.71,2.983,3.223,3.435,4.173
299.0,303.0,0.089,0.119,0.151,0.182,0.215,0.248,0.281,0.314,0.349,0.383,0.418,0.453,0.667,0.885,1.103,1.317,1.726,2.102,2.441,2.743,3.01,3.246,3.452,4.173
299.0,304.0,0.136,0.167,0.199,0.231,0.264,0.298,0.331,0.365,0.4,0.435,0.47,0.505,0.72,0.938,1.155,1.367,1.772,2.143,2.476,2.773,3.035,3.265,3.468,4.172
299.0,305.0,0.187,0.219,0.251,0.283,0.316,0.35,0.384,0.418,0.452,0.487,0.522,0.557,0.772,0.988,1.203,1.414,1.813,2.179,2.507,2.798,3.056,3.282,3.48,4.17
299.0,306.0,0.241,0.273,0.305,0.337,0.37,0.403,0.437,0.471,0.505,0.54,0.575,0.61,0.823,1.037,1.249,1.457,1.851,2.211,2.534,2.821,3.074,3.296,3.491,4.168
299.0,307.0,0.297,0.328,0.36,0.392,0.425,0.458,0.491,0.525,0.559,0.593,0.627,0.662,0.872,1.084,1.294,1.499,1.887,2.242,2.56,2.842,3.091,3.309,3.501,4.167
299.0,308.0,0.353,0.384,0.416,0.448,0.48,0.512,0.545,0.579,0.612,0.646,0.68,0.714,0.922,1.13,1.337,1.539,1.922,2.271,2.584,2.862,3.107,3.323,3.512,4.168
299.0,309.0,0.41,0.441,0.472,0.503,0.535,0.567,0.6,0.632,0.665,0.699,0.732,0.766,0.97,1.176,1.379,1.578,1.955,2.3,2.608,2.882,3.124,3.336,3.523,4.17
299.0,310.0,0.468,0.497,0.528,0.559,0.59,0.622,0.653,0.686,0.718,0.751,0.784,0.817,1.018,1.221,1.421,1.617,1.989,2.328,2.633,2.903,3.142,3.352,3.536,4.175
299.0,311.0,0.524,0.554,0.583,0.614,0.644,0.675,0.707,0.739,0.77,0.803,0.835,0.868,1.066,1.265,1.463,1.656,2.023,2.358,2.658,2.926,3.161,3.368,3.55,4.182
300.0,301.0,0.054,0.114,0.173,0.232,0.291,0.35,0.409,0.468,0.527,0.585,0.644,0.702,1.043,1.369,1.678,1.968,2.489,2.935,3.313,3.633,3.904,4.133,4.328,4.965
300.0,302.0,0.145,0.204,0.263,0.322,0.381,0.441,0.5,0.559,0.617,0.676,0.734,0.792,1.134,1.461,1.77,2.059,2.577,3.017,3.388,3.7,3.963,4.184,4.371,4.979
300.0,303.0,0.23,0.287,0.344,0.401,0.459,0.516,0.573,0.631,0.688,0.745,0.802,0.858,1.192,1.511,1.813,2.096,2.603,3.034,3.398,3.703,3.96,4.177,4.36,4.953
300.0,304.0,0.31,0.365,0.42,0.475,0.53,0.585,0.64,0.696,0.751,0.806,0.86,0.915,1.238,1.547,1.84,2.115,2.61,3.031,3.388,3.687,3.94,4.153,4.333,4.918
300.0,305.0,0.388,0.44,0.493,0.546,0.599,0.652,0.705,0.758,0.811,0.864,0.916,0.969,1.28,1.579,1.864,2.131,2.613,3.025,3.374,3.668,3.917,4.127,4.305,4.884
300.0,306.0,0.464,0.514,0.564,0.615,0.666,0.717,0.767,0.818,0.869,0.92,0.971,1.022,1.322,1.612,1.888,2.148,2.617,3.02,3.363,3.652,3.897,4.104,4.281,4.855
300.0,307.0,0.537,0.585,0.634,0.682,0.731,0.78,0.829,0.878,0.928,0.977,1.026,1.075,1.365,1.646,1.914,2.167,2.625,3.02,3.356,3.641,3.882,4.087,4.261,4.83
300.0,308.0,0.609,0.655,0.702,0.749,0.796,0.843,0.89,0.938,0.985,1.033,1.08,1.128,1.409,1.682,1.943,2.189,2.637,3.024,3.354,3.635,3.873,4.075,4.247,4.811
300.0,309.0,0.679,0.723,0.768,0.813,0.859,0.905,0.95,0.996,1.042,1.088,1.134,1.18,1.454,1.719,1.973,2.214,2.652,3.032,3.357,3.633,3.868,4.067,4.238,4.797
300.0,310.0,0.746,0.79,0.833,0.877,0.921,0.965,1.01,1.054,1.099,1.144,1.188,1.233,1.499,1.758,2.006,2.242,2.671,3.044,3.363,3.636,3.867,4.065,4.233,4.787
300.0,311.0,0.812,0.854,0.896,0.939,0.982,1.025,1.068,1.111,1.155,1.198,1.242,1.285,1.545,1.797,2.04,2.271,2.693,3.059,3.374,3.642,3.871,4.066,4.233,4.781
300.0,312.0,0.877,0.917,0.958,1.0,1.042,1.083,1.125,1.168,1.21,1.252,1.295,1.337,1.591,1.838,2.076,2.302,2.716,3.077,3.387,3.652,3.878,4.071,4.236,4.779
301.0,302.0,-0.054,-0.022,0.01,0.044,0.079,0.114,0.151,0.188,0.227,0.266,0.305,0.345,0.595,0.853,1.113,1.368,1.854,2.293,2.682,3.022,3.317,3.572,3.792,4.533
301.0,303.0,-0.065,-0.029,0.007,0.045,0.083,0.122,0.161,0.201,0.242,0.284,0.325,0.367,0.626,0.89,1.151,1.407,1.888,2.32,2.702,3.034,3.322,3.571,3.786,4.508
301.0,304.0,-0.058,-0.019,0.02,0.06,0.101,0.142,0.184,0.226,0.269,0.312,0.355,0.399,0.665,0.933,1.197,1.453,1.931,2.359,2.734,3.06,3.341,3.584,3.794,4.496
301.0,305.0,-0.039,0.002,0.043,0.084,0.127,0.169,0.213,0.256,0.3,0.344,0.389,0.433,0.704,0.974,1.238,1.493,1.968,2.391,2.76,3.08,3.355,3.593,3.797,4.482
301.0,306.0,-0.011,0.031,0.073,0.115,0.158,0.201,0.245,0.289,0.334,0.379,0.423,0.468,0.74,1.01,1.273,1.526,1.996,2.413,2.776,3.09,3.36,3.593,3.794,4.463
301.0,307.0,0.023,0.064,0.107,0.149,0.193,0.236,0.28,0.324,0.369,0.413,0.458,0.503,0.774,1.041,1.302,1.552,2.016,2.426,2.783,3.092,3.358,3.586,3.783,4.44
301.0,308.0,0.06,0.102,0.144,0.186,0.229,0.272,0.316,0.36,0.404,0.448,0.492,0.537,0.805,1.069,1.326,1.573,2.029,2.433,2.785,3.088,3.35,3.575,3.769,4.415
301.0,309.0,0.1,0.141,0.182,0.224,0.267,0.309,0.352,0.396,0.439,0.483,0.526,0.57,0.834,1.094,1.347,1.59,2.039,2.436,2.782,3.081,3.339,3.561,3.752,4.39
301.0,310.0,0.141,0.181,0.222,0.263,0.305,0.347,0.389,0.432,0.474,0.517,0.56,0.603,0.862,1.117,1.366,1.604,2.046,2.437,2.778,3.073,3.327,3.546,3.734,4.366
301.0,311.0,0.183,0.222,0.262,0.302,0.343,0.384,0.426,0.467,0.509,0.551,0.593,0.635,0.889,1.14,1.384,1.618,2.052,2.437,2.773,3.064,3.315,3.531,3.718,4.343
301.0,312.0,0.224,0.263,0.302,0.342,0.381,0.422,0.462,0.503,0.544,0.585,0.626,0.667,0.916,1.162,1.401,1.631,2.058,2.437,2.768,3.056,3.304,3.518,3.702,4.322
301.0,313.0,0.266,0.303,0.342,0.38,0.419,0.459,0.498,0.538,0.578,0.618,0.659,0.699,0.943,1.184,1.419,1.645,2.065,2.438,2.765,3.049,3.294,3.506,3.689,4.304
302.0,303.0,-0.035,-0.003,0.031,0.065,0.101,0.138,0.176,0.214,0.254,0.294,0.335,0.376,0.635,0.902,1.171,1.436,1.94,2.396,2.8,3.152,3.458,3.722,3.951,4.717
302.0,304.0,-0.069,-0.03,0.01,0.051,0.093,0.136,0.179,0.223,0.268,0.313,0.358,0.404,0.686,0.972,1.255,1.53,2.045,2.504,2.907,3.255,3.555,3.813,4.035,4.775
302.0,305.0,-0.081,-0.037,0.008,0.054,0.101,0.148,0.196,0.244,0.292,0.341,0.391,0.44,0.741,1.041,1.335,1.618,2.142,2.604,3.004,3.349,3.644,3.896,4.112,4.827
302.0,306.0,-0.078,-0.03,0.019,0.068,0.118,0.169,0.22,0.271,0.322,0.374,0.426,0.479,0.793,1.104,1.405,1.693,2.222,2.685,3.083,3.424,3.714,3.961,4.172,4.867
302.0,307.0,-0.064,-0.014,0.038,0.089,0.142,0.195,0.248,0.301,0.355,0.409,0.463,0.517,0.84,1.158,1.464,1.755,2.287,2.749,3.144,3.481,3.767,4.01,4.217,4.894
302.0,308.0,-0.044,0.009,0.062,0.115,0.169,0.224,0.278,0.333,0.388,0.443,0.498,0.553,0.883,1.204,1.513,1.805,2.338,2.798,3.191,3.524,3.806,4.045,4.249,4.913
302.0,309.0,-0.018,0.035,0.09,0.144,0.199,0.254,0.31,0.366,0.421,0.477,0.533,0.589,0.921,1.245,1.554,1.847,2.378,2.836,3.225,3.555,3.834,4.07,4.271,4.925
302.0,310.0,0.011,0.065,0.12,0.175,0.231,0.286,0.342,0.398,0.454,0.511,0.567,0.623,0.956,1.28,1.589,1.882,2.411,2.865,3.252,3.579,3.855,4.088,4.287,4.932
302.0,311.0,0.042,0.097,0.152,0.207,0.263,0.319,0.375,0.431,0.487,0.543,0.6,0.656,0.989,1.312,1.62,1.911,2.437,2.889,3.273,3.597,3.87,4.102,4.298,4.936
302.0,312.0,0.075,0.129,0.184,0.24,0.295,0.351,0.407,0.463,0.519,0.575,0.631,0.687,1.02,1.341,1.648,1.938,2.46,2.909,3.289,3.611,3.882,4.111,4.306,4.938
302.0,313.0,0.108,0.163,0.217,0.273,0.328,0.383,0.439,0.495,0.551,0.607,0.663,0.718,1.049,1.369,1.674,1.961,2.48,2.925,3.303,3.622,3.891,4.119,4.312,4.939
302.0,314.0,0.142,0.196,0.251,0.305,0.36,0.416,0.471,0.527,0.582,0.638,0.693,0.748,1.077,1.394,1.697,1.983,2.498,2.94,3.315,3.632,3.899,4.125,4.316,4.939
303.0,304.0,0.043,0.091,0.14,0.19,0.24,0.29,0.34,0.391,0.443,0.494,0.545,0.597,0.906,1.21,1.505,1.787,2.305,2.76,3.154,3.492,3.781,4.029,4.241,4.945
303.0,305.0,0.109,0.163,0.216,0.271,0.325,0.38,0.435,0.49,0.545,0.6,0.655,0.71,1.036,1.353,1.656,1.944,2.466,2.918,3.304,3.633,3.913,4.15,4.353,5.018
303.0,306.0,0.184,0.241,0.299,0.357,0.414,0.472,0.53,0.588,0.645,0.703,0.76,0.818,1.155,1.479,1.787,2.076,2.597,3.043,3.422,3.742,4.012,4.24,4.435,5.068
303.0,307.0,0.266,0.326,0.386,0.446,0.506,0.566,0.626,0.685,0.745,0.804,0.863,0.921,1.265,1.593,1.902,2.19,2.707,3.146,3.516,3.827,4.089,4.309,4.496,5.103
303.0,308.0,0.354,0.415,0.477,0.538,0.6,0.661,0.722,0.782,0.843,0.903,0.963,1.022,1.368,1.697,2.005,2.291,2.801,3.232,3.594,3.896,4.15,4.364,4.544,5.128
303.0,309.0,0.445,0.508,0.57,0.633,0.695,0.756,0.818,0.879,0.94,1.0,1.06,1.12,1.466,1.793,2.099,2.382,2.884,3.307,3.66,3.955,4.201,4.409,4.584,5.148
303.0,310.0,0.54,0.603,0.666,0.728,0.791,0.852,0.914,0.975,1.036,1.096,1.156,1.215,1.56,1.885,2.186,2.466,2.959,3.373,3.718,4.006,4.246,4.447,4.617,5.164
303.0,311.0,0.637,0.7,0.763,0.825,0.887,0.949,1.01,1.071,1.131,1.191,1.251,1.31,1.651,1.972,2.269,2.544,3.029,3.434,3.771,4.052,4.286,4.482,4.648,5.18
303.0,312.0,0.735,0.798,0.86,0.922,0.984,1.045,1.106,1.166,1.226,1.285,1.344,1.403,1.74,2.056,2.349,2.62,3.095,3.492,3.822,4.096,4.325,4.516,4.677,5.195
303.0,313.0,0.835,0.897,0.959,1.02,1.081,1.142,1.202,1.261,1.321,1.379,1.437,1.495,1.828,2.139,2.427,2.693,3.159,3.548,3.871,4.139,4.362,4.549,4.706,5.212
303.0,314.0,0.935,0.996,1.057,1.118,1.178,1.238,1.297,1.356,1.415,1.472,1.53,1.586,1.915,2.221,2.504,2.765,3.222,3.603,3.919,4.182,4.4,4.583,4.737,5.23
303.0,315.0,1.035,1.096,1.156,1.216,1.275,1.334,1.393,1.451,1.508,1.565,1.622,1.678,2.001,2.302,2.58,2.836,3.285,3.659,3.969,4.225,4.439,4.618,4.768,5.251
304.0,305.0,0.124,0.161,0.198,0.237,0.275,0.315,0.354,0.395,0.435,0.476,0.517,0.558,0.81,1.063,1.312,1.555,2.011,2.423,2.788,3.108,3.387,3.63,3.841,4.559
304.0,306.0,0.218,0.256,0.294,0.332,0.371,0.41,0.45,0.49,0.53,0.57,0.611,0.652,0.899,1.147,1.389,1.625,2.068,2.466,2.819,3.128,3.398,3.633,3.837,4.534
304.0,307.0,0.319,0.356,0.394,0.432,0.471,0.51,0.549,0.589,0.628,0.669,0.709,0.749,0.993,1.235,1.472,1.702,2.133,2.52,2.863,3.163,3.424,3.652,3.85,4.524
304.0,308.0,0.421,0.458,0.496,0.534,0.572,0.61,0.649,0.688,0.727,0.767,0.806,0.846,1.085,1.322,1.554,1.779,2.199,2.575,2.908,3.2,3.454,3.675,3.867,4.521
304.0,309.0,0.523,0.56,0.597,0.634,0.671,0.709,0.747,0.786,0.824,0.863,0.902,0.94,1.175,1.407,1.633,1.853,2.262,2.629,2.953,3.237,3.484,3.699,3.886,4.522
304.0,310.0,0.624,0.66,0.696,0.732,0.769,0.806,0.843,0.881,0.918,0.956,0.994,1.032,1.261,1.488,1.709,1.923,2.323,2.681,2.997,3.273,3.514,3.724,3.906,4.527
304.0,311.0,0.721,0.756,0.791,0.827,0.863,0.899,0.936,0.972,1.009,1.046,1.083,1.12,1.344,1.565,1.782,1.991,2.381,2.731,3.039,3.31,3.545,3.75,3.928,4.534
304.0,312.0,0.815,0.849,0.884,0.919,0.954,0.989,1.024,1.06,1.096,1.132,1.168,1.205,1.423,1.64,1.851,2.056,2.437,2.779,3.082,3.346,3.576,3.777,3.951,4.544
304.0,313.0,0.905,0.939,0.972,1.006,1.04,1.075,1.11,1.145,1.18,1.215,1.25,1.286,1.499,1.711,1.918,2.118,2.492,2.828,3.124,3.383,3.609,3.805,3.976,4.558
304.0,314.0,0.992,1.024,1.057,1.09,1.123,1.157,1.191,1.225,1.26,1.294,1.329,1.364,1.573,1.78,1.983,2.179,2.546,2.875,3.166,3.42,3.642,3.835,4.003,4.574
304.0,315.0,1.074,1.106,1.138,1.17,1.203,1.236,1.269,1.303,1.336,1.37,1.404,1.438,1.643,1.847,2.046,2.239,2.599,2.923,3.208,3.459,3.677,3.866,4.031,4.593
304.0,316.0,1.152,1.183,1.215,1.247,1.279,1.311,1.344,1.377,1.41,1.443,1.476,1.509,1.711,1.911,2.107,2.297,2.652,2.97,3.251,3.498,3.713,3.899,4.062,4.615
305.0,306.0,0.083,0.107,0.131,0.156,0.183,0.211,0.239,0.269,0.299,0.33,0.362,0.394,0.599,0.817,1.039,1.261,1.69,2.087,2.443,2.759,3.036,3.279,3.49,4.21
305.0,307.0,0.057,0.084,0.112,0.141,0.171,0.202,0.234,0.266,0.299,0.333,0.367,0.402,0.618,0.842,1.069,1.294,1.724,2.119,2.472,2.784,3.058,3.297,3.505,4.215
305.0,308.0,0.046,0.076,0.108,0.14,0.172,0.206,0.24,0.275,0.31,0.346,0.382,0.419,0.645,0.877,1.11,1.338,1.772,2.167,2.519,2.828,3.099,3.334,3.539,4.234
305.0,309.0,0.046,0.079,0.112,0.146,0.181,0.216,0.252,0.289,0.326,0.363,0.401,0.439,0.673,0.911,1.147,1.378,1.815,2.21,2.56,2.867,3.134,3.366,3.567,4.249
305.0,310.0,0.054,0.088,0.123,0.158,0.194,0.231,0.268,0.305,0.343,0.382,0.42,0.459,0.698,0.939,1.178,1.41,1.848,2.242,2.59,2.894,3.158,3.387,3.586,4.257
305.0,311.0,0.067,0.102,0.137,0.173,0.21,0.247,0.285,0.323,0.362,0.401,0.44,0.48,0.72,0.963,1.202,1.435,1.872,2.264,2.609,2.911,3.173,3.399,3.595,4.256
305.0,312.0,0.083,0.118,0.154,0.191,0.228,0.265,0.303,0.342,0.381,0.42,0.459,0.499,0.741,0.983,1.222,1.454,1.889,2.278,2.621,2.92,3.179,3.403,3.597,4.251
305.0,313.0,0.102,0.137,0.173,0.21,0.247,0.285,0.323,0.361,0.4,0.439,0.478,0.518,0.759,1.001,1.238,1.469,1.901,2.287,2.628,2.924,3.181,3.403,3.595,4.243
305.0,314.0,0.122,0.157,0.193,0.23,0.267,0.304,0.342,0.381,0.419,0.458,0.497,0.537,0.776,1.016,1.252,1.481,1.91,2.293,2.631,2.925,3.179,3.4,3.59,4.233
305.0,315.0,0.144,0.179,0.214,0.251,0.287,0.325,0.362,0.4,0.439,0.477,0.516,0.555,0.793,1.031,1.265,1.492,1.917,2.297,2.632,2.923,3.176,3.395,3.584,4.223
305.0,316.0,0.166,0.201,0.236,0.272,0.308,0.345,0.383,0.42,0.458,0.497,0.535,0.574,0.809,1.045,1.277,1.502,1.923,2.3,2.632,2.921,3.173,3.39,3.578,4.213
305.0,317.0,0.189,0.223,0.258,0.294,0.33,0.366,0.403,0.44,0.478,0.516,0.554,0.592,0.825,1.059,1.288,1.511,1.929,2.303,2.632,2.92,3.169,3.385,3.572,4.203
306.0,307.0,0.083,0.096,0.112,0.128,0.146,0.165,0.185,0.206,0.228,0.251,0.274,0.299,0.459,0.637,0.825,1.018,1.401,1.766,2.103,2.407,2.678,2.919,3.131,3.873
306.0,308.0,0.028,0.048,0.069,0.091,0.114,0.139,0.164,0.189,0.216,0.243,0.271,0.3,0.481,0.675,0.876,1.077,1.472,1.842,2.181,2.484,2.754,2.992,3.201,3.931
306.0,309.0,-0.004,0.021,0.047,0.074,0.102,0.13,0.159,0.189,0.22,0.251,0.283,0.315,0.516,0.725,0.938,1.15,1.559,1.937,2.279,2.583,2.852,3.087,3.294,4.007
306.0,310.0,-0.019,0.01,0.039,0.07,0.101,0.133,0.165,0.198,0.232,0.266,0.301,0.336,0.552,0.775,0.999,1.219,1.64,2.024,2.369,2.673,2.94,3.173,3.377,4.074
306.0,311.0,-0.023,0.008,0.041,0.074,0.108,0.142,0.177,0.213,0.249,0.285,0.322,0.359,0.588,0.82,1.051,1.278,1.707,2.096,2.443,2.747,3.012,3.243,3.444,4.127
306.0,312.0,-0.019,0.014,0.049,0.084,0.12,0.156,0.193,0.23,0.268,0.306,0.345,0.383,0.62,0.859,1.096,1.327,1.762,2.154,2.501,2.804,3.068,3.297,3.496,4.167
306.0,313.0,-0.01,0.025,0.061,0.098,0.135,0.173,0.211,0.249,0.288,0.328,0.367,0.407,0.65,0.894,1.134,1.368,1.807,2.2,2.547,2.849,3.112,3.339,3.535,4.198
306.0,314.0,0.003,0.04,0.077,0.114,0.152,0.191,0.23,0.269,0.309,0.349,0.389,0.43,0.677,0.924,1.167,1.402,1.843,2.237,2.583,2.885,3.146,3.371,3.566,4.221
306.0,315.0,0.019,0.056,0.094,0.132,0.171,0.21,0.25,0.29,0.33,0.371,0.412,0.453,0.702,0.951,1.195,1.432,1.873,2.267,2.613,2.913,3.172,3.396,3.59,4.239
306.0,316.0,0.037,0.075,0.113,0.151,0.19,0.23,0.27,0.31,0.351,0.392,0.433,0.475,0.725,0.976,1.221,1.458,1.899,2.292,2.637,2.936,3.194,3.417,3.609,4.254
306.0,317.0,0.056,0.094,0.132,0.171,0.211,0.25,0.291,0.331,0.372,0.413,0.455,0.496,0.748,0.998,1.244,1.481,1.922,2.314,2.658,2.956,3.213,3.434,3.625,4.266
306.0,318.0,0.076,0.114,0.153,0.192,0.231,0.271,0.311,0.352,0.393,0.434,0.476,0.517,0.769,1.02,1.265,1.502,1.942,2.334,2.676,2.973,3.229,3.449,3.639,4.276
307.0,308.0,0.111,0.12,0.13,0.142,0.156,0.17,0.186,0.204,0.222,0.242,0.262,0.284,0.43,0.599,0.782,0.973,1.359,1.733,2.081,2.398,2.683,2.936,3.161,3.95
307.0,309.0,0.052,0.069,0.087,0.106,0.127,0.148,0.171,0.195,0.22,0.245,0.272,0.299,0.476,0.669,0.871,1.077,1.485,1.869,2.222,2.539,2.821,3.07,3.289,4.05
307.0,310.0,0.021,0.044,0.067,0.092,0.118,0.145,0.173,0.202,0.232,0.262,0.293,0.325,0.526,0.74,0.959,1.178,1.603,1.998,2.355,2.672,2.951,3.196,3.41,4.145
307.0,311.0,0.008,0.035,0.064,0.093,0.123,0.154,0.186,0.218,0.252,0.286,0.32,0.356,0.575,0.804,1.035,1.264,1.702,2.104,2.463,2.779,3.056,3.297,3.506,4.218
307.0,312.0,0.008,0.039,0.07,0.102,0.135,0.169,0.204,0.239,0.275,0.312,0.349,0.387,0.619,0.859,1.099,1.334,1.781,2.187,2.546,2.861,3.135,3.373,3.578,4.273
307.0,313.0,0.017,0.05,0.083,0.118,0.153,0.189,0.226,0.263,0.301,0.339,0.378,0.417,0.659,0.905,1.151,1.391,1.843,2.251,2.61,2.923,3.194,3.429,3.632,4.312
307.0,314.0,0.032,0.066,0.101,0.137,0.173,0.211,0.249,0.287,0.327,0.366,0.406,0.446,0.694,0.945,1.194,1.436,1.892,2.3,2.658,2.97,3.239,3.471,3.671,4.34
307.0,315.0,0.05,0.085,0.122,0.158,0.196,0.234,0.273,0.313,0.352,0.393,0.434,0.475,0.726,0.98,1.231,1.474,1.931,2.338,2.695,3.005,3.272,3.502,3.7,4.361
307.0,316.0,0.072,0.107,0.144,0.182,0.22,0.259,0.298,0.338,0.378,0.419,0.46,0.502,0.755,1.01,1.262,1.506,1.962,2.369,2.724,3.032,3.297,3.526,3.722,4.376
307.0,317.0,0.095,0.131,0.168,0.206,0.244,0.283,0.323,0.363,0.404,0.445,0.486,0.528,0.782,1.038,1.29,1.534,1.989,2.394,2.748,3.054,3.318,3.544,3.739,4.388
307.0,318.0,0.119,0.155,0.193,0.23,0.269,0.308,0.348,0.388,0.429,0.47,0.512,0.553,0.808,1.063,1.315,1.558,2.012,2.416,2.768,3.073,3.335,3.56,3.753,4.397
307.0,319.0,0.144,0.18,0.217,0.255,0.294,0.333,0.373,0.413,0.454,0.495,0.537,0.578,0.832,1.087,1.338,1.581,2.033,2.435,2.785,3.088,3.349,3.573,3.765,4.405
308.0,309.0,0.146,0.151,0.156,0.162,0.17,0.179,0.188,0.199,0.211,0.223,0.237,0.251,0.352,0.473,0.608,0.752,1.052,1.353,1.642,1.911,2.158,2.383,2.585,3.325
308.0,310.0,0.113,0.122,0.132,0.143,0.156,0.169,0.183,0.197,0.213,0.229,0.246,0.264,0.382,0.517,0.663,0.815,1.125,1.431,1.722,1.991,2.237,2.46,2.66,3.39
308.0,311.0,0.098,0.111,0.125,0.14,0.156,0.172,0.19,0.208,0.226,0.246,0.266,0.287,0.421,0.569,0.726,0.888,1.212,1.526,1.821,2.093,2.339,2.561,2.759,3.476
308.0,312.0,0.096,0.112,0.129,0.147,0.165,0.184,0.204,0.225,0.247,0.269,0.291,0.314,0.462,0.621,0.788,0.957,1.293,1.615,1.914,2.187,2.434,2.654,2.851,3.554
308.0,313.0,0.103,0.121,0.14,0.16,0.181,0.202,0.224,0.247,0.27,0.294,0.319,0.344,0.501,0.67,0.843,1.018,1.364,1.691,1.993,2.267,2.513,2.732,2.927,3.618
308.0,314.0,0.116,0.136,0.157,0.178,0.2,0.223,0.247,0.271,0.296,0.321,0.347,0.373,0.539,0.713,0.892,1.072,1.423,1.754,2.058,2.332,2.577,2.795,2.988,3.669
308.0,315.0,0.134,0.155,0.177,0.2,0.223,0.247,0.272,0.297,0.323,0.349,0.376,0.403,0.574,0.753,0.935,1.118,1.474,1.807,2.111,2.385,2.629,2.846,3.037,3.709
308.0,316.0,0.155,0.177,0.2,0.223,0.247,0.272,0.298,0.324,0.35,0.378,0.405,0.433,0.607,0.789,0.974,1.159,1.517,1.851,2.155,2.428,2.671,2.886,3.076,3.74
308.0,317.0,0.178,0.201,0.224,0.248,0.273,0.299,0.325,0.351,0.378,0.406,0.434,0.462,0.639,0.823,1.009,1.195,1.554,1.889,2.192,2.465,2.707,2.92,3.109,3.766
308.0,318.0,0.203,0.226,0.25,0.275,0.3,0.326,0.352,0.379,0.406,0.434,0.462,0.491,0.669,0.854,1.042,1.228,1.588,1.922,2.225,2.496,2.737,2.949,3.136,3.788
308.0,319.0,0.229,0.253,0.277,0.302,0.327,0.353,0.38,0.407,0.434,0.462,0.491,0.52,0.699,0.884,1.072,1.258,1.618,1.952,2.254,2.524,2.763,2.975,3.16,3.808
308.0,320.0,0.256,0.28,0.304,0.329,0.355,0.381,0.408,0.435,0.463,0.491,0.519,0.548,0.728,0.913,1.101,1.287,1.647,1.979,2.28,2.549,2.788,2.998,3.182,3.825
309.0,310.0,0.084,0.091,0.099,0.108,0.118,0.13,0.143,0.156,0.171,0.187,0.204,0.221,0.342,0.484,0.64,0.805,1.145,1.481,1.8,2.096,2.365,2.608,2.827,3.615
309.0,311.0,0.016,0.03,0.045,0.061,0.078,0.097,0.116,0.137,0.158,0.18,0.203,0.226,0.38,0.549,0.729,0.913,1.283,1.638,1.968,2.268,2.539,2.781,2.996,3.759
309.0,312.0,-0.027,-0.007,0.014,0.036,0.059,0.083,0.108,0.133,0.159,0.186,0.214,0.242,0.422,0.615,0.813,1.014,1.407,1.777,2.116,2.421,2.692,2.932,3.143,3.883
309.0,313.0,-0.051,-0.026,-0.001,0.026,0.053,0.081,0.11,0.139,0.17,0.2,0.232,0.264,0.464,0.674,0.887,1.1,1.511,1.892,2.236,2.543,2.813,3.051,3.259,3.978
309.0,314.0,-0.062,-0.034,-0.005,0.025,0.055,0.086,0.118,0.151,0.184,0.218,0.252,0.287,0.502,0.725,0.949,1.17,1.594,1.982,2.329,2.637,2.906,3.142,3.347,4.049
309.0,315.0,-0.064,-0.033,-0.002,0.03,0.063,0.097,0.131,0.166,0.201,0.237,0.273,0.31,0.536,0.768,0.999,1.227,1.659,2.051,2.401,2.708,2.976,3.21,3.412,4.102
309.0,316.0,-0.059,-0.027,0.006,0.04,0.075,0.11,0.146,0.182,0.219,0.256,0.294,0.332,0.566,0.804,1.041,1.273,1.71,2.106,2.456,2.762,3.029,3.261,3.462,4.141
309.0,317.0,-0.051,-0.017,0.017,0.053,0.088,0.125,0.162,0.199,0.237,0.276,0.315,0.354,0.593,0.836,1.076,1.31,1.751,2.148,2.498,2.804,3.07,3.3,3.499,4.17
309.0,318.0,-0.039,-0.004,0.031,0.067,0.104,0.141,0.179,0.217,0.256,0.295,0.335,0.374,0.617,0.863,1.105,1.341,1.784,2.182,2.532,2.837,3.101,3.33,3.527,4.192
309.0,319.0,-0.024,0.011,0.047,0.083,0.121,0.158,0.197,0.236,0.275,0.314,0.354,0.395,0.64,0.887,1.131,1.368,1.812,2.209,2.559,2.863,3.126,3.353,3.55,4.21
309.0,320.0,-0.009,0.027,0.063,0.1,0.138,0.176,0.215,0.254,0.293,0.333,0.374,0.414,0.661,0.909,1.153,1.391,1.835,2.232,2.581,2.884,3.147,3.373,3.568,4.224
309.0,321.0,0.008,0.044,0.081,0.118,0.156,0.194,0.233,0.272,0.312,0.352,0.392,0.433,0.681,0.929,1.174,1.412,1.856,2.252,2.6,2.903,3.164,3.389,3.584,4.236
310.0,311.0,0.056,0.056,0.058,0.061,0.066,0.073,0.081,0.09,0.101,0.114,0.127,0.141,0.25,0.387,0.545,0.717,1.081,1.45,1.806,2.14,2.448,2.727,2.98,3.901
310.0,312.0,-0.068,-0.056,-0.043,-0.028,-0.012,0.005,0.024,0.044,0.065,0.087,0.11,0.134,0.294,0.475,0.671,0.874,1.285,1.685,2.059,2.402,2.712,2.989,3.236,4.115
310.0,313.0,-0.142,-0.121,-0.097,-0.073,-0.048,-0.021,0.007,0.035,0.065,0.095,0.126,0.158,0.362,0.581,0.808,1.038,1.487,1.91,2.297,2.643,2.952,3.224,3.463,4.297
310.0,314.0,-0.179,-0.149,-0.118,-0.086,-0.053,-0.018,0.017,0.052,0.089,0.126,0.164,0.202,0.441,0.69,0.941,1.189,1.666,2.103,2.495,2.842,3.145,3.411,3.642,4.433
310.0,315.0,-0.188,-0.152,-0.114,-0.075,-0.036,0.004,0.045,0.086,0.128,0.171,0.214,0.257,0.522,0.792,1.06,1.321,1.815,2.259,2.652,2.995,3.293,3.551,3.774,4.527
310.0,316.0,-0.176,-0.134,-0.091,-0.048,-0.004,0.04,0.085,0.131,0.177,0.223,0.269,0.316,0.6,0.884,1.163,1.433,1.935,2.381,2.772,3.11,3.401,3.652,3.868,4.59
310.0,317.0,-0.147,-0.102,-0.056,-0.009,0.038,0.085,0.133,0.182,0.23,0.279,0.328,0.377,0.673,0.966,1.251,1.525,2.03,2.475,2.861,3.194,3.479,3.723,3.932,4.628
310.0,318.0,-0.106,-0.058,-0.01,0.038,0.088,0.137,0.187,0.237,0.287,0.337,0.388,0.439,0.742,1.039,1.327,1.602,2.106,2.547,2.928,3.255,3.533,3.772,3.976,4.65
310.0,319.0,-0.056,-0.007,0.042,0.092,0.142,0.193,0.244,0.295,0.346,0.397,0.448,0.499,0.805,1.104,1.392,1.666,2.167,2.603,2.978,3.298,3.571,3.804,4.004,4.66
310.0,320.0,-0.0,0.049,0.099,0.15,0.2,0.251,0.302,0.354,0.405,0.456,0.508,0.559,0.865,1.163,1.449,1.721,2.216,2.646,3.015,3.33,3.598,3.826,4.021,4.663
310.0,321.0,0.06,0.11,0.16,0.21,0.261,0.312,0.363,0.414,0.465,0.516,0.567,0.618,0.922,1.217,1.5,1.768,2.257,2.681,3.044,3.353,3.616,3.84,4.032,4.661
310.0,322.0,0.123,0.173,0.222,0.272,0.322,0.373,0.423,0.474,0.524,0.575,0.626,0.676,0.976,1.268,1.547,1.811,2.292,2.709,3.066,3.371,3.63,3.85,4.038,4.657
311.0,312.0,0.07,0.076,0.085,0.094,0.105,0.117,0.131,0.146,0.162,0.179,0.197,0.216,0.348,0.504,0.677,0.86,1.239,1.615,1.974,2.306,2.61,2.885,3.131,4.025
311.0,313.0,-0.045,-0.031,-0.014,0.003,0.022,0.042,0.062,0.084,0.107,0.131,0.156,0.181,0.349,0.535,0.732,0.935,1.343,1.737,2.104,2.439,2.742,3.012,3.254,4.112
311.0,314.0,-0.134,-0.113,-0.09,-0.066,-0.041,-0.015,0.012,0.04,0.068,0.098,0.128,0.158,0.354,0.563,0.779,0.997,1.426,1.831,2.203,2.539,2.839,3.105,3.34,4.166
311.0,315.0,-0.202,-0.174,-0.146,-0.117,-0.087,-0.056,-0.025,0.008,0.041,0.074,0.108,0.143,0.36,0.586,0.816,1.045,1.488,1.9,2.274,2.608,2.905,3.166,3.396,4.195
311.0,316.0,-0.252,-0.22,-0.188,-0.155,-0.121,-0.087,-0.051,-0.016,0.021,0.057,0.095,0.132,0.365,0.603,0.843,1.079,1.531,1.947,2.321,2.653,2.945,3.202,3.427,4.204
311.0,317.0,-0.288,-0.253,-0.218,-0.182,-0.145,-0.108,-0.07,-0.032,0.007,0.046,0.085,0.125,0.368,0.616,0.861,1.102,1.56,1.976,2.349,2.678,2.967,3.219,3.44,4.199
311.0,318.0,-0.313,-0.276,-0.239,-0.201,-0.162,-0.123,-0.083,-0.043,-0.003,0.038,0.079,0.12,0.371,0.624,0.873,1.117,1.576,1.992,2.363,2.689,2.974,3.223,3.44,4.184
311.0,319.0,-0.329,-0.291,-0.252,-0.212,-0.172,-0.132,-0.091,-0.05,-0.009,0.033,0.075,0.117,0.373,0.628,0.88,1.124,1.584,1.998,2.366,2.689,2.971,3.217,3.431,4.163
311.0,320.0,-0.338,-0.299,-0.259,-0.219,-0.178,-0.137,-0.095,-0.054,-0.011,0.031,0.073,0.116,0.374,0.631,0.883,1.127,1.585,1.998,2.362,2.682,2.962,3.205,3.416,4.138
311.0,321.0,-0.342,-0.302,-0.262,-0.221,-0.18,-0.138,-0.096,-0.054,-0.012,0.031,0.073,0.116,0.375,0.632,0.883,1.127,1.583,1.992,2.354,2.671,2.947,3.188,3.397,4.111
311.0,322.0,-0.341,-0.301,-0.261,-0.22,-0.179,-0.137,-0.095,-0.053,-0.01,0.032,0.075,0.118,0.376,0.632,0.882,1.124,1.577,1.983,2.342,2.657,2.931,3.169,3.377,4.084
311.0,323.0,-0.337,-0.297,-0.257,-0.216,-0.175,-0.133,-0.092,-0.049,-0.007,0.035,0.078,0.12,0.377,0.632,0.88,1.121,1.57,1.973,2.329,2.641,2.913,3.15,3.356,4.058
312.0,313.0,0.07,0.091,0.114,0.138,0.163,0.189,0.217,0.245,0.275,0.305,0.336,0.368,0.574,0.795,1.025,1.256,1.71,2.135,2.521,2.867,3.173,3.442,3.678,4.493
312.0,314.0,0.072,0.095,0.12,0.147,0.174,0.203,0.232,0.263,0.294,0.327,0.36,0.394,0.609,0.839,1.074,1.31,1.767,2.191,2.573,2.913,3.21,3.471,3.698,4.475
312.0,315.0,0.083,0.108,0.134,0.161,0.189,0.218,0.249,0.28,0.312,0.345,0.378,0.413,0.629,0.858,1.092,1.326,1.776,2.192,2.566,2.897,3.188,3.441,3.662,4.415
312.0,316.0,0.103,0.128,0.154,0.181,0.21,0.239,0.269,0.3,0.332,0.364,0.398,0.432,0.645,0.87,1.099,1.327,1.767,2.173,2.538,2.861,3.144,3.392,3.608,4.344
312.0,317.0,0.131,0.156,0.181,0.208,0.236,0.265,0.294,0.324,0.356,0.387,0.42,0.453,0.661,0.88,1.103,1.325,1.753,2.148,2.504,2.82,3.097,3.339,3.551,4.275
312.0,318.0,0.165,0.189,0.214,0.24,0.267,0.295,0.324,0.353,0.383,0.414,0.446,0.478,0.679,0.891,1.107,1.323,1.739,2.124,2.472,2.78,3.052,3.289,3.497,4.211
312.0,319.0,0.205,0.228,0.252,0.277,0.303,0.33,0.357,0.386,0.415,0.445,0.475,0.506,0.7,0.906,1.115,1.324,1.729,2.104,2.443,2.745,3.012,3.246,3.45,4.155
312.0,320.0,0.248,0.27,0.293,0.317,0.342,0.368,0.394,0.422,0.45,0.478,0.507,0.537,0.725,0.923,1.126,1.328,1.722,2.089,2.421,2.717,2.979,3.209,3.411,4.108
312.0,321.0,0.295,0.316,0.338,0.36,0.384,0.409,0.434,0.46,0.487,0.514,0.543,0.571,0.752,0.944,1.14,1.337,1.721,2.079,2.404,2.695,2.952,3.179,3.378,4.069
312.0,322.0,0.343,0.363,0.384,0.406,0.428,0.452,0.476,0.501,0.527,0.553,0.58,0.608,0.782,0.967,1.158,1.349,1.724,2.074,2.393,2.679,2.933,3.157,3.354,4.039
312.0,323.0,0.393,0.412,0.432,0.452,0.474,0.496,0.52,0.544,0.568,0.594,0.619,0.646,0.814,0.994,1.179,1.366,1.731,2.075,2.388,2.67,2.92,3.142,3.336,4.016
312.0,324.0,0.444,0.462,0.48,0.5,0.521,0.542,0.564,0.587,0.611,0.635,0.66,0.686,0.849,1.023,1.203,1.386,1.744,2.081,2.389,2.667,2.914,3.133,3.326,4.0
313.0,314.0,0.051,0.061,0.074,0.089,0.105,0.124,0.144,0.166,0.19,0.215,0.241,0.268,0.456,0.672,0.903,1.142,1.618,2.069,2.479,2.846,3.169,3.451,3.698,4.537
313.0,315.0,-0.023,-0.003,0.019,0.043,0.069,0.096,0.125,0.155,0.187,0.219,0.253,0.288,0.513,0.759,1.013,1.27,1.768,2.229,2.641,3.003,3.319,3.593,3.83,4.629
313.0,316.0,-0.066,-0.038,-0.008,0.023,0.055,0.089,0.124,0.161,0.198,0.236,0.276,0.316,0.57,0.838,1.111,1.381,1.896,2.362,2.774,3.132,3.441,3.707,3.936,4.698
313.0,317.0,-0.086,-0.053,-0.018,0.018,0.055,0.094,0.134,0.175,0.216,0.259,0.302,0.346,0.62,0.904,1.188,1.467,1.991,2.46,2.87,3.223,3.525,3.784,4.006,4.739
313.0,318.0,-0.091,-0.054,-0.016,0.024,0.064,0.106,0.149,0.193,0.237,0.282,0.328,0.375,0.662,0.955,1.246,1.53,2.058,2.526,2.932,3.28,3.578,3.831,4.047,4.757
313.0,319.0,-0.085,-0.046,-0.006,0.036,0.079,0.123,0.167,0.213,0.259,0.306,0.353,0.401,0.695,0.994,1.288,1.573,2.102,2.568,2.97,3.313,3.606,3.854,4.066,4.759
313.0,320.0,-0.073,-0.032,0.01,0.053,0.097,0.142,0.187,0.234,0.281,0.329,0.377,0.425,0.723,1.023,1.318,1.603,2.13,2.592,2.99,3.329,3.617,3.862,4.07,4.751
313.0,321.0,-0.055,-0.013,0.029,0.072,0.117,0.162,0.208,0.255,0.303,0.351,0.399,0.448,0.746,1.046,1.34,1.623,2.146,2.604,2.997,3.333,3.617,3.859,4.065,4.735
313.0,322.0,-0.034,0.008,0.051,0.094,0.139,0.184,0.23,0.277,0.324,0.372,0.421,0.469,0.766,1.064,1.356,1.637,2.155,2.608,2.997,3.329,3.611,3.85,4.053,4.716
313.0,323.0,-0.01,0.031,0.074,0.117,0.161,0.206,0.252,0.299,0.346,0.393,0.441,0.49,0.784,1.079,1.368,1.646,2.158,2.607,2.993,3.321,3.6,3.836,4.038,4.695
313.0,324.0,0.015,0.056,0.098,0.141,0.185,0.229,0.275,0.321,0.367,0.414,0.462,0.509,0.801,1.092,1.378,1.653,2.16,2.603,2.985,3.31,3.587,3.821,4.021,4.674
313.0,325.0,0.04,0.081,0.122,0.165,0.208,0.252,0.297,0.343,0.389,0.435,0.482,0.529,0.816,1.105,1.387,1.658,2.159,2.598,2.976,3.299,3.573,3.806,4.004,4.653
314.0,315.0,-0.03,-0.012,0.009,0.031,0.055,0.08,0.107,0.136,0.165,0.196,0.228,0.261,0.475,0.709,0.953,1.2,1.68,2.124,2.522,2.874,3.18,3.446,3.677,4.453
314.0,316.0,-0.109,-0.088,-0.064,-0.039,-0.012,0.016,0.046,0.077,0.109,0.143,0.177,0.212,0.44,0.685,0.938,1.192,1.681,2.131,2.532,2.883,3.189,3.453,3.681,4.446
314.0,317.0,-0.179,-0.156,-0.13,-0.103,-0.074,-0.044,-0.012,0.021,0.055,0.09,0.126,0.162,0.398,0.651,0.909,1.167,1.663,2.116,2.518,2.87,3.174,3.437,3.664,4.423
314.0,318.0,-0.243,-0.218,-0.191,-0.163,-0.133,-0.101,-0.068,-0.035,0.0,0.037,0.073,0.111,0.352,0.609,0.87,1.131,1.63,2.085,2.488,2.839,3.144,3.406,3.633,4.388
314.0,319.0,-0.303,-0.277,-0.249,-0.22,-0.189,-0.157,-0.124,-0.089,-0.053,-0.017,0.021,0.059,0.303,0.561,0.825,1.086,1.587,2.043,2.446,2.798,3.103,3.365,3.591,4.347
314.0,320.0,-0.359,-0.333,-0.305,-0.275,-0.244,-0.211,-0.178,-0.143,-0.107,-0.07,-0.033,0.006,0.251,0.51,0.774,1.036,1.537,1.993,2.397,2.749,3.054,3.317,3.544,4.3
314.0,321.0,-0.413,-0.387,-0.359,-0.329,-0.298,-0.265,-0.232,-0.197,-0.161,-0.124,-0.086,-0.048,0.197,0.456,0.719,0.981,1.482,1.938,2.342,2.695,3.0,3.264,3.491,4.251
314.0,322.0,-0.466,-0.44,-0.412,-0.382,-0.351,-0.319,-0.285,-0.25,-0.215,-0.178,-0.14,-0.102,0.142,0.4,0.663,0.924,1.424,1.88,2.284,2.638,2.944,3.208,3.436,4.2
314.0,323.0,-0.519,-0.492,-0.464,-0.435,-0.404,-0.372,-0.338,-0.304,-0.268,-0.232,-0.194,-0.156,0.086,0.343,0.605,0.865,1.364,1.82,2.224,2.578,2.885,3.15,3.38,4.148
314.0,324.0,-0.57,-0.544,-0.516,-0.487,-0.457,-0.425,-0.392,-0.357,-0.322,-0.286,-0.249,-0.211,0.03,0.285,0.546,0.805,1.303,1.758,2.163,2.517,2.825,3.092,3.322,4.096
314.0,325.0,-0.622,-0.596,-0.568,-0.54,-0.509,-0.478,-0.445,-0.411,-0.376,-0.34,-0.303,-0.266,-0.027,0.227,0.486,0.745,1.241,1.696,2.101,2.456,2.765,3.032,3.264,4.043
314.0,326.0,-0.673,-0.647,-0.62,-0.592,-0.562,-0.531,-0.498,-0.465,-0.43,-0.394,-0.358,-0.321,-0.084,0.169,0.426,0.684,1.179,1.633,2.038,2.394,2.704,2.973,3.206,3.991
315.0,316.0,0.002,0.032,0.064,0.097,0.131,0.166,0.202,0.238,0.276,0.314,0.353,0.393,0.64,0.896,1.154,1.407,1.886,2.318,2.698,3.028,3.314,3.559,3.771,4.475
315.0,317.0,0.002,0.035,0.069,0.105,0.142,0.179,0.218,0.257,0.297,0.338,0.379,0.421,0.68,0.946,1.21,1.468,1.954,2.388,2.768,3.096,3.379,3.621,3.829,4.518
315.0,318.0,0.009,0.044,0.081,0.119,0.158,0.197,0.238,0.279,0.321,0.363,0.406,0.449,0.716,0.988,1.258,1.52,2.009,2.444,2.823,3.149,3.429,3.668,3.873,4.55
315.0,319.0,0.022,0.059,0.097,0.136,0.177,0.218,0.259,0.302,0.345,0.388,0.432,0.477,0.749,1.026,1.298,1.562,2.053,2.488,2.866,3.19,3.467,3.704,3.906,4.573
315.0,320.0,0.039,0.077,0.116,0.156,0.198,0.239,0.282,0.325,0.369,0.413,0.458,0.503,0.78,1.058,1.332,1.598,2.09,2.524,2.9,3.222,3.497,3.731,3.932,4.591
315.0,321.0,0.059,0.097,0.137,0.178,0.22,0.262,0.305,0.349,0.394,0.438,0.484,0.529,0.808,1.088,1.363,1.628,2.12,2.553,2.927,3.247,3.52,3.753,3.952,4.604
315.0,322.0,0.08,0.119,0.16,0.201,0.243,0.286,0.329,0.373,0.418,0.463,0.509,0.554,0.834,1.114,1.389,1.655,2.145,2.577,2.949,3.268,3.539,3.77,3.968,4.615
315.0,323.0,0.103,0.143,0.183,0.225,0.267,0.31,0.353,0.398,0.442,0.488,0.533,0.579,0.859,1.139,1.414,1.678,2.168,2.598,2.968,3.285,3.555,3.785,3.981,4.624
315.0,324.0,0.127,0.166,0.207,0.248,0.291,0.334,0.377,0.422,0.466,0.512,0.557,0.603,0.882,1.162,1.436,1.7,2.188,2.616,2.985,3.3,3.569,3.797,3.992,4.631
315.0,325.0,0.151,0.19,0.231,0.273,0.315,0.358,0.401,0.446,0.49,0.535,0.581,0.627,0.905,1.185,1.458,1.721,2.206,2.632,3.0,3.314,3.581,3.808,4.002,4.637
315.0,326.0,0.175,0.215,0.255,0.297,0.339,0.382,0.425,0.469,0.514,0.559,0.604,0.65,0.928,1.206,1.478,1.74,2.223,2.648,3.014,3.326,3.592,3.818,4.011,4.643
315.0,327.0,0.2,0.239,0.279,0.321,0.363,0.405,0.449,0.493,0.537,0.582,0.627,0.673,0.949,1.226,1.497,1.758,2.24,2.662,3.026,3.337,3.602,3.827,4.019,4.649
316.0,317.0,-0.007,0.008,0.025,0.044,0.064,0.086,0.109,0.134,0.16,0.187,0.216,0.245,0.44,0.656,0.884,1.117,1.573,2.001,2.387,2.73,3.03,3.293,3.521,4.295
316.0,318.0,-0.046,-0.023,0.001,0.026,0.053,0.081,0.11,0.141,0.172,0.205,0.238,0.273,0.492,0.727,0.968,1.21,1.678,2.108,2.493,2.832,3.128,3.384,3.606,4.357
316.0,319.0,-0.061,-0.033,-0.004,0.027,0.059,0.092,0.126,0.161,0.197,0.234,0.272,0.31,0.55,0.801,1.055,1.307,1.785,2.219,2.604,2.939,3.23,3.48,3.697,4.422
316.0,320.0,-0.06,-0.028,0.006,0.041,0.076,0.113,0.151,0.19,0.229,0.269,0.31,0.351,0.607,0.87,1.133,1.391,1.877,2.313,2.696,3.028,3.314,3.56,3.771,4.473
316.0,321.0,-0.047,-0.012,0.025,0.062,0.101,0.14,0.181,0.222,0.263,0.306,0.349,0.392,0.658,0.93,1.199,1.461,1.951,2.388,2.768,3.096,3.378,3.619,3.826,4.51
316.0,322.0,-0.026,0.011,0.05,0.09,0.13,0.171,0.213,0.256,0.299,0.343,0.387,0.432,0.705,0.982,1.254,1.518,2.01,2.445,2.823,3.147,3.425,3.662,3.865,4.535
316.0,323.0,0.001,0.039,0.079,0.12,0.162,0.204,0.247,0.291,0.335,0.38,0.425,0.47,0.748,1.027,1.301,1.566,2.056,2.489,2.864,3.185,3.459,3.693,3.893,4.551
316.0,324.0,0.031,0.071,0.112,0.153,0.195,0.238,0.282,0.326,0.371,0.416,0.462,0.507,0.787,1.067,1.341,1.605,2.094,2.524,2.895,3.213,3.484,3.715,3.913,4.561
316.0,325.0,0.064,0.105,0.146,0.187,0.23,0.273,0.317,0.362,0.406,0.452,0.497,0.543,0.823,1.102,1.376,1.639,2.125,2.551,2.92,3.235,3.503,3.731,3.927,4.567
316.0,326.0,0.099,0.139,0.181,0.222,0.265,0.308,0.352,0.397,0.442,0.487,0.532,0.578,0.857,1.135,1.407,1.668,2.151,2.574,2.939,3.251,3.517,3.744,3.937,4.571
316.0,327.0,0.135,0.175,0.216,0.258,0.3,0.344,0.387,0.432,0.476,0.521,0.567,0.612,0.889,1.166,1.436,1.695,2.174,2.594,2.956,3.265,3.529,3.753,3.945,4.573
316.0,328.0,0.171,0.211,0.252,0.293,0.336,0.379,0.422,0.466,0.51,0.555,0.6,0.645,0.92,1.195,1.463,1.72,2.195,2.611,2.97,3.277,3.539,3.761,3.951,4.574
317.0,318.0,-0.009,-0.003,0.005,0.015,0.026,0.039,0.053,0.069,0.086,0.104,0.123,0.143,0.283,0.449,0.631,0.823,1.218,1.606,1.971,2.307,2.611,2.883,3.126,3.99
317.0,319.0,-0.072,-0.061,-0.05,-0.036,-0.021,-0.005,0.012,0.03,0.05,0.07,0.092,0.114,0.265,0.437,0.623,0.817,1.212,1.596,1.956,2.287,2.587,2.855,3.094,3.947
317.0,320.0,-0.116,-0.102,-0.087,-0.071,-0.054,-0.035,-0.016,0.005,0.027,0.049,0.073,0.097,0.258,0.437,0.628,0.825,1.222,1.606,1.965,2.292,2.588,2.853,3.089,3.928
317.0,321.0,-0.146,-0.13,-0.113,-0.094,-0.075,-0.054,-0.033,-0.01,0.013,0.038,0.063,0.089,0.257,0.442,0.637,0.837,1.237,1.621,1.977,2.303,2.595,2.857,3.089,3.916
317.0,322.0,-0.165,-0.147,-0.128,-0.108,-0.087,-0.065,-0.042,-0.018,0.007,0.033,0.059,0.086,0.26,0.449,0.647,0.849,1.25,1.633,1.988,2.311,2.601,2.859,3.089,3.903
317.0,323.0,-0.174,-0.155,-0.135,-0.114,-0.091,-0.068,-0.044,-0.019,0.006,0.033,0.06,0.088,0.266,0.457,0.657,0.86,1.261,1.643,1.996,2.316,2.603,2.858,3.086,3.889
317.0,324.0,-0.176,-0.156,-0.135,-0.113,-0.09,-0.066,-0.042,-0.016,0.01,0.037,0.065,0.093,0.273,0.467,0.667,0.87,1.27,1.65,2.0,2.317,2.602,2.855,3.08,3.874
317.0,325.0,-0.172,-0.152,-0.13,-0.107,-0.084,-0.06,-0.034,-0.009,0.018,0.045,0.073,0.102,0.283,0.477,0.677,0.879,1.278,1.655,2.003,2.318,2.599,2.85,3.073,3.859
317.0,326.0,-0.163,-0.142,-0.12,-0.097,-0.074,-0.049,-0.024,0.002,0.029,0.057,0.085,0.113,0.295,0.488,0.688,0.889,1.285,1.66,2.005,2.317,2.596,2.845,3.066,3.845
317.0,327.0,-0.15,-0.128,-0.106,-0.084,-0.06,-0.035,-0.01,0.016,0.043,0.071,0.099,0.127,0.308,0.501,0.699,0.899,1.293,1.664,2.006,2.316,2.593,2.84,3.059,3.832
317.0,328.0,-0.133,-0.112,-0.09,-0.067,-0.043,-0.019,0.007,0.033,0.059,0.087,0.115,0.143,0.323,0.514,0.711,0.91,1.301,1.669,2.009,2.316,2.591,2.836,3.053,3.821
317.0,329.0,-0.113,-0.092,-0.07,-0.048,-0.024,0.0,0.026,0.051,0.078,0.105,0.133,0.161,0.34,0.53,0.725,0.922,1.31,1.676,2.013,2.317,2.591,2.834,3.05,3.812
318.0,319.0,0.014,0.022,0.032,0.045,0.059,0.075,0.093,0.112,0.133,0.156,0.179,0.204,0.376,0.575,0.792,1.017,1.47,1.904,2.303,2.662,2.98,3.261,3.507,4.354
318.0,320.0,-0.03,-0.016,0.001,0.02,0.04,0.062,0.085,0.11,0.137,0.164,0.193,0.223,0.421,0.642,0.877,1.116,1.588,2.032,2.434,2.792,3.106,3.382,3.621,4.438
318.0,321.0,-0.057,-0.037,-0.015,0.008,0.033,0.06,0.087,0.117,0.147,0.179,0.211,0.245,0.464,0.702,0.949,1.198,1.684,2.133,2.536,2.892,3.202,3.472,3.706,4.496
318.0,322.0,-0.07,-0.046,-0.021,0.006,0.035,0.065,0.096,0.128,0.162,0.197,0.232,0.268,0.502,0.751,1.008,1.263,1.757,2.208,2.611,2.963,3.269,3.534,3.763,4.531
318.0,323.0,-0.072,-0.046,-0.017,0.012,0.043,0.075,0.109,0.144,0.179,0.216,0.254,0.292,0.535,0.792,1.054,1.314,1.811,2.262,2.663,3.012,3.314,3.574,3.799,4.55
318.0,324.0,-0.067,-0.038,-0.008,0.023,0.056,0.09,0.125,0.161,0.198,0.236,0.275,0.315,0.564,0.826,1.091,1.352,1.85,2.3,2.697,3.043,3.341,3.598,3.819,4.556
318.0,325.0,-0.055,-0.025,0.006,0.039,0.073,0.108,0.144,0.181,0.219,0.258,0.297,0.338,0.591,0.854,1.12,1.382,1.878,2.326,2.72,3.062,3.357,3.61,3.829,4.554
318.0,326.0,-0.039,-0.008,0.024,0.057,0.092,0.127,0.164,0.202,0.24,0.28,0.32,0.36,0.615,0.879,1.144,1.405,1.899,2.343,2.734,3.072,3.364,3.615,3.83,4.546
318.0,327.0,-0.019,0.012,0.045,0.078,0.113,0.149,0.186,0.224,0.263,0.302,0.342,0.383,0.637,0.9,1.164,1.424,1.914,2.355,2.741,3.077,3.365,3.614,3.827,4.535
318.0,328.0,0.004,0.035,0.068,0.102,0.137,0.172,0.209,0.247,0.286,0.325,0.365,0.406,0.659,0.92,1.182,1.44,1.926,2.362,2.745,3.078,3.364,3.609,3.821,4.523
318.0,329.0,0.029,0.06,0.093,0.126,0.161,0.197,0.234,0.271,0.31,0.349,0.388,0.429,0.68,0.939,1.199,1.454,1.935,2.368,2.747,3.077,3.36,3.604,3.813,4.51
318.0,330.0,0.056,0.087,0.119,0.152,0.187,0.222,0.259,0.296,0.334,0.373,0.412,0.452,0.701,0.958,1.215,1.467,1.944,2.372,2.748,3.075,3.356,3.598,3.806,4.497
319.0,320.0,0.3,0.285,0.273,0.263,0.255,0.25,0.246,0.244,0.244,0.246,0.249,0.255,0.314,0.415,0.546,0.697,1.036,1.392,1.743,2.075,2.383,2.664,2.917,3.842
319.0,321.0,0.297,0.289,0.283,0.278,0.276,0.276,0.277,0.28,0.284,0.29,0.298,0.307,0.386,0.501,0.642,0.799,1.144,1.5,1.848,2.175,2.477,2.751,2.999,3.902
319.0,322.0,0.31,0.306,0.304,0.304,0.306,0.31,0.315,0.322,0.33,0.34,0.351,0.363,0.461,0.59,0.742,0.909,1.266,1.628,1.977,2.302,2.601,2.871,3.114,3.99
319.0,323.0,0.334,0.334,0.335,0.339,0.344,0.351,0.359,0.369,0.38,0.393,0.406,0.422,0.534,0.676,0.838,1.012,1.38,1.747,2.098,2.422,2.718,2.984,3.221,4.072
319.0,324.0,0.366,0.368,0.373,0.379,0.387,0.396,0.407,0.419,0.432,0.447,0.463,0.48,0.604,0.755,0.925,1.106,1.481,1.852,2.202,2.525,2.817,3.079,3.312,4.14
319.0,325.0,0.404,0.409,0.415,0.423,0.433,0.444,0.457,0.471,0.486,0.503,0.52,0.539,0.671,0.829,1.004,1.189,1.569,1.941,2.291,2.611,2.899,3.157,3.386,4.193
319.0,326.0,0.448,0.454,0.462,0.471,0.482,0.495,0.509,0.524,0.541,0.558,0.577,0.597,0.735,0.898,1.076,1.263,1.646,2.018,2.366,2.683,2.967,3.221,3.446,4.235
319.0,327.0,0.495,0.502,0.511,0.522,0.534,0.547,0.562,0.579,0.596,0.614,0.634,0.655,0.797,0.962,1.143,1.331,1.714,2.085,2.43,2.744,3.025,3.275,3.496,4.27
319.0,328.0,0.545,0.553,0.563,0.574,0.587,0.601,0.617,0.633,0.651,0.671,0.691,0.712,0.856,1.024,1.205,1.394,1.776,2.145,2.487,2.797,3.075,3.321,3.539,4.299
319.0,329.0,0.597,0.606,0.616,0.628,0.641,0.656,0.672,0.689,0.707,0.727,0.747,0.769,0.915,1.082,1.264,1.453,1.833,2.199,2.538,2.846,3.12,3.363,3.577,4.325
319.0,330.0,0.651,0.66,0.67,0.683,0.696,0.711,0.727,0.745,0.763,0.783,0.804,0.825,0.972,1.14,1.321,1.509,1.887,2.251,2.587,2.89,3.162,3.402,3.613,4.349
319.0,331.0,0.706,0.715,0.726,0.738,0.752,0.767,0.783,0.801,0.819,0.839,0.86,0.881,1.028,1.196,1.376,1.563,1.939,2.3,2.633,2.933,3.201,3.438,3.647,4.373
320.0,321.0,0.119,0.105,0.094,0.084,0.076,0.07,0.065,0.062,0.06,0.06,0.061,0.063,0.103,0.177,0.277,0.396,0.669,0.965,1.261,1.548,1.817,2.066,2.293,3.146
320.0,322.0,0.074,0.067,0.061,0.057,0.054,0.053,0.053,0.054,0.057,0.061,0.067,0.073,0.132,0.222,0.333,0.46,0.743,1.042,1.339,1.624,1.89,2.136,2.361,3.202
320.0,323.0,0.053,0.05,0.049,0.049,0.051,0.054,0.058,0.063,0.07,0.077,0.086,0.096,0.174,0.279,0.404,0.542,0.841,1.149,1.452,1.739,2.005,2.25,2.473,3.298
320.0,324.0,0.05,0.051,0.053,0.057,0.062,0.068,0.075,0.084,0.094,0.105,0.117,0.13,0.224,0.343,0.48,0.628,0.941,1.26,1.567,1.857,2.124,2.367,2.587,3.395
320.0,325.0,0.06,0.064,0.069,0.076,0.084,0.093,0.103,0.115,0.127,0.14,0.155,0.17,0.278,0.409,0.555,0.712,1.038,1.363,1.675,1.966,2.232,2.474,2.691,3.481
320.0,326.0,0.081,0.087,0.095,0.104,0.114,0.126,0.138,0.152,0.166,0.182,0.198,0.216,0.335,0.475,0.629,0.792,1.127,1.458,1.772,2.063,2.328,2.567,2.782,3.556
320.0,327.0,0.11,0.119,0.129,0.139,0.152,0.165,0.179,0.194,0.211,0.228,0.246,0.265,0.393,0.54,0.7,0.867,1.209,1.543,1.859,2.149,2.412,2.649,2.861,3.619
320.0,328.0,0.147,0.157,0.168,0.18,0.194,0.209,0.224,0.241,0.258,0.277,0.296,0.316,0.451,0.603,0.768,0.938,1.285,1.621,1.936,2.225,2.487,2.721,2.93,3.674
320.0,329.0,0.188,0.199,0.212,0.225,0.24,0.256,0.273,0.29,0.309,0.328,0.349,0.37,0.509,0.666,0.833,1.006,1.355,1.692,2.007,2.294,2.553,2.785,2.991,3.722
320.0,330.0,0.233,0.246,0.259,0.273,0.289,0.306,0.323,0.342,0.361,0.381,0.402,0.424,0.567,0.727,0.896,1.071,1.421,1.758,2.071,2.357,2.614,2.843,3.046,3.765
320.0,331.0,0.282,0.295,0.309,0.324,0.34,0.357,0.376,0.395,0.415,0.435,0.457,0.479,0.625,0.786,0.957,1.133,1.484,1.82,2.132,2.415,2.67,2.896,3.097,3.805
320.0,332.0,0.332,0.346,0.36,0.376,0.393,0.411,0.429,0.449,0.469,0.49,0.512,0.535,0.682,0.845,1.017,1.193,1.544,1.879,2.189,2.47,2.722,2.946,3.145,3.843
321.0,322.0,0.292,0.284,0.277,0.271,0.267,0.264,0.262,0.261,0.261,0.262,0.264,0.267,0.302,0.363,0.443,0.538,0.753,0.986,1.222,1.451,1.668,1.87,2.056,2.766
321.0,323.0,0.414,0.406,0.399,0.393,0.388,0.384,0.382,0.381,0.38,0.381,0.383,0.385,0.418,0.476,0.552,0.643,0.852,1.079,1.309,1.534,1.748,1.947,2.132,2.839
321.0,324.0,0.532,0.523,0.516,0.51,0.505,0.501,0.499,0.497,0.497,0.498,0.499,0.502,0.534,0.591,0.668,0.758,0.966,1.192,1.422,1.645,1.858,2.057,2.24,2.943
321.0,325.0,0.645,0.636,0.629,0.623,0.618,0.614,0.612,0.61,0.61,0.611,0.613,0.615,0.649,0.707,0.784,0.875,1.085,1.313,1.544,1.768,1.98,2.179,2.361,3.058
321.0,326.0,0.753,0.744,0.737,0.731,0.727,0.723,0.721,0.72,0.72,0.721,0.723,0.725,0.76,0.821,0.9,0.993,1.206,1.437,1.669,1.894,2.107,2.304,2.486,3.176
321.0,327.0,0.857,0.849,0.842,0.836,0.832,0.828,0.826,0.826,0.826,0.827,0.829,0.833,0.87,0.932,1.014,1.11,1.327,1.56,1.794,2.02,2.233,2.431,2.612,3.294
321.0,328.0,0.957,0.949,0.942,0.937,0.933,0.93,0.928,0.928,0.929,0.93,0.933,0.937,0.976,1.042,1.126,1.224,1.446,1.682,1.918,2.145,2.358,2.555,2.735,3.41
321.0,329.0,1.054,1.046,1.039,1.034,1.031,1.028,1.027,1.027,1.028,1.03,1.033,1.038,1.08,1.149,1.236,1.336,1.562,1.802,2.04,2.267,2.481,2.677,2.856,3.522
321.0,330.0,1.147,1.139,1.133,1.129,1.125,1.123,1.123,1.123,1.125,1.127,1.131,1.136,1.181,1.253,1.343,1.446,1.676,1.919,2.158,2.387,2.6,2.795,2.973,3.631
321.0,331.0,1.236,1.229,1.224,1.22,1.217,1.215,1.215,1.216,1.218,1.221,1.225,1.231,1.28,1.354,1.447,1.553,1.787,2.033,2.274,2.503,2.716,2.91,3.087,3.735
321.0,332.0,1.323,1.316,1.311,1.308,1.305,1.305,1.305,1.306,1.309,1.313,1.317,1.323,1.375,1.453,1.549,1.657,1.896,2.143,2.386,2.615,2.828,3.021,3.196,3.836
321.0,333.0,1.407,1.401,1.396,1.393,1.391,1.391,1.392,1.394,1.397,1.401,1.406,1.413,1.468,1.549,1.648,1.759,2.001,2.251,2.495,2.724,2.936,3.128,3.302,3.932
322.0,323.0,0.029,0.031,0.034,0.038,0.043,0.05,0.057,0.066,0.076,0.086,0.098,0.11,0.2,0.311,0.438,0.575,0.866,1.16,1.445,1.714,1.961,2.187,2.392,3.147
322.0,324.0,-0.013,-0.006,0.002,0.011,0.021,0.032,0.045,0.058,0.072,0.087,0.103,0.119,0.233,0.366,0.511,0.664,0.98,1.291,1.588,1.862,2.113,2.34,2.543,3.281
322.0,325.0,-0.037,-0.027,-0.015,-0.002,0.012,0.027,0.043,0.06,0.078,0.097,0.116,0.136,0.269,0.419,0.579,0.744,1.08,1.405,1.709,1.988,2.241,2.467,2.669,3.39
322.0,326.0,-0.05,-0.036,-0.021,-0.004,0.013,0.031,0.05,0.07,0.091,0.112,0.134,0.157,0.305,0.468,0.639,0.815,1.165,1.5,1.81,2.092,2.345,2.57,2.771,3.478
322.0,327.0,-0.053,-0.036,-0.018,0.0,0.02,0.04,0.062,0.084,0.107,0.131,0.155,0.18,0.34,0.513,0.693,0.876,1.237,1.579,1.893,2.176,2.43,2.654,2.852,3.547
322.0,328.0,-0.049,-0.03,-0.01,0.01,0.032,0.054,0.077,0.101,0.126,0.151,0.177,0.204,0.373,0.554,0.741,0.929,1.298,1.645,1.961,2.246,2.499,2.722,2.918,3.604
322.0,329.0,-0.04,-0.019,0.002,0.024,0.047,0.071,0.095,0.121,0.147,0.173,0.201,0.229,0.405,0.591,0.783,0.976,1.35,1.7,2.019,2.303,2.555,2.778,2.973,3.649
322.0,330.0,-0.027,-0.005,0.017,0.04,0.064,0.089,0.115,0.142,0.169,0.196,0.225,0.253,0.435,0.626,0.821,1.017,1.396,1.748,2.067,2.351,2.603,2.824,3.018,3.688
322.0,331.0,-0.011,0.011,0.035,0.059,0.084,0.11,0.136,0.163,0.191,0.22,0.249,0.278,0.463,0.658,0.856,1.053,1.435,1.789,2.108,2.393,2.643,2.863,3.056,3.72
322.0,332.0,0.007,0.03,0.054,0.079,0.104,0.131,0.158,0.186,0.214,0.243,0.273,0.303,0.491,0.688,0.888,1.087,1.471,1.825,2.145,2.429,2.679,2.898,3.089,3.748
322.0,333.0,0.026,0.05,0.074,0.099,0.126,0.153,0.18,0.208,0.237,0.267,0.297,0.327,0.517,0.716,0.917,1.117,1.503,1.858,2.177,2.46,2.71,2.928,3.118,3.772
322.0,334.0,0.047,0.07,0.095,0.121,0.148,0.175,0.203,0.231,0.26,0.29,0.32,0.351,0.543,0.743,0.945,1.146,1.532,1.887,2.206,2.489,2.737,2.955,3.144,3.794
323.0,324.0,0.035,0.035,0.035,0.038,0.041,0.046,0.051,0.058,0.065,0.074,0.083,0.094,0.172,0.272,0.388,0.515,0.786,1.064,1.335,1.591,1.828,2.045,2.242,2.973
323.0,325.0,-0.013,-0.009,-0.004,0.003,0.01,0.019,0.029,0.039,0.051,0.063,0.076,0.09,0.188,0.305,0.436,0.575,0.867,1.158,1.438,1.7,1.941,2.159,2.357,3.08
323.0,326.0,-0.044,-0.037,-0.028,-0.017,-0.006,0.006,0.019,0.033,0.048,0.063,0.08,0.097,0.212,0.345,0.49,0.641,0.951,1.256,1.545,1.813,2.056,2.276,2.474,3.188
323.0,327.0,-0.063,-0.052,-0.04,-0.026,-0.012,0.003,0.019,0.036,0.053,0.072,0.091,0.111,0.241,0.388,0.544,0.706,1.032,1.348,1.645,1.917,2.163,2.384,2.581,3.287
323.0,328.0,-0.071,-0.057,-0.043,-0.027,-0.01,0.008,0.026,0.045,0.065,0.086,0.107,0.129,0.273,0.431,0.597,0.767,1.107,1.432,1.735,2.01,2.258,2.479,2.676,3.373
323.0,329.0,-0.071,-0.056,-0.039,-0.021,-0.002,0.018,0.038,0.06,0.082,0.104,0.128,0.151,0.306,0.473,0.647,0.824,1.175,1.508,1.815,2.093,2.342,2.563,2.759,3.449
323.0,330.0,-0.066,-0.048,-0.03,-0.01,0.011,0.032,0.054,0.077,0.101,0.125,0.15,0.176,0.339,0.513,0.694,0.877,1.237,1.576,1.886,2.166,2.416,2.637,2.832,3.515
323.0,331.0,-0.056,-0.037,-0.016,0.005,0.027,0.05,0.073,0.098,0.123,0.148,0.175,0.201,0.371,0.553,0.739,0.926,1.293,1.637,1.95,2.232,2.482,2.703,2.897,3.574
323.0,332.0,-0.042,-0.021,-0.0,0.022,0.046,0.07,0.094,0.12,0.146,0.173,0.2,0.228,0.404,0.59,0.781,0.973,1.345,1.693,2.009,2.291,2.541,2.761,2.955,3.627
323.0,333.0,-0.025,-0.004,0.019,0.042,0.066,0.091,0.117,0.144,0.171,0.198,0.227,0.255,0.436,0.627,0.822,1.016,1.394,1.744,2.061,2.345,2.595,2.815,3.008,3.674
323.0,334.0,-0.007,0.016,0.039,0.063,0.088,0.114,0.141,0.168,0.196,0.225,0.254,0.283,0.468,0.663,0.86,1.058,1.439,1.791,2.11,2.394,2.644,2.863,3.055,3.717
323.0,335.0,0.014,0.037,0.061,0.086,0.112,0.138,0.166,0.194,0.222,0.251,0.281,0.311,0.5,0.697,0.898,1.097,1.481,1.836,2.155,2.439,2.689,2.908,3.099,3.757
324.0,325.0,0.091,0.088,0.087,0.087,0.088,0.09,0.093,0.096,0.101,0.107,0.114,0.121,0.18,0.261,0.357,0.464,0.698,0.942,1.184,1.414,1.63,1.83,2.013,2.699
324.0,326.0,0.06,0.062,0.064,0.068,0.073,0.078,0.085,0.092,0.1,0.109,0.119,0.13,0.206,0.301,0.41,0.528,0.778,1.034,1.283,1.519,1.738,1.939,2.122,2.806
324.0,327.0,0.043,0.047,0.053,0.06,0.068,0.076,0.086,0.096,0.107,0.119,0.132,0.145,0.237,0.346,0.467,0.596,0.864,1.132,1.39,1.632,1.856,2.059,2.243,2.922
324.0,328.0,0.035,0.042,0.051,0.06,0.07,0.081,0.093,0.106,0.12,0.134,0.149,0.165,0.27,0.391,0.523,0.661,0.945,1.225,1.491,1.739,1.966,2.171,2.356,3.03
324.0,329.0,0.034,0.044,0.054,0.066,0.078,0.091,0.105,0.12,0.136,0.152,0.169,0.186,0.303,0.434,0.575,0.721,1.018,1.308,1.582,1.834,2.064,2.271,2.456,3.126
324.0,330.0,0.038,0.05,0.062,0.075,0.089,0.104,0.12,0.136,0.153,0.171,0.19,0.209,0.335,0.475,0.623,0.776,1.084,1.383,1.662,1.919,2.151,2.359,2.545,3.211
324.0,331.0,0.046,0.059,0.072,0.087,0.103,0.119,0.136,0.154,0.173,0.192,0.212,0.232,0.366,0.513,0.667,0.826,1.144,1.449,1.734,1.993,2.227,2.436,2.623,3.285
324.0,332.0,0.056,0.07,0.085,0.101,0.118,0.135,0.153,0.173,0.192,0.213,0.234,0.255,0.395,0.548,0.709,0.872,1.198,1.509,1.798,2.06,2.295,2.505,2.692,3.352
324.0,333.0,0.068,0.083,0.099,0.116,0.134,0.152,0.172,0.192,0.212,0.234,0.256,0.278,0.424,0.582,0.747,0.915,1.247,1.563,1.855,2.12,2.357,2.567,2.754,3.412
324.0,334.0,0.082,0.098,0.114,0.132,0.151,0.17,0.19,0.211,0.233,0.255,0.278,0.301,0.451,0.614,0.783,0.954,1.292,1.613,1.908,2.174,2.412,2.623,2.81,3.466
324.0,335.0,0.096,0.113,0.13,0.148,0.168,0.188,0.209,0.23,0.253,0.276,0.299,0.323,0.478,0.644,0.816,0.991,1.334,1.659,1.956,2.224,2.463,2.675,2.862,3.516
324.0,336.0,0.111,0.128,0.146,0.165,0.185,0.206,0.227,0.25,0.273,0.296,0.32,0.345,0.503,0.673,0.848,1.025,1.373,1.701,2.001,2.27,2.51,2.722,2.909,3.561
325.0,326.0,0.11,0.103,0.098,0.093,0.09,0.088,0.087,0.087,0.088,0.091,0.094,0.098,0.141,0.208,0.293,0.393,0.618,0.86,1.103,1.338,1.561,1.768,1.959,2.684
325.0,327.0,0.067,0.065,0.065,0.065,0.066,0.069,0.073,0.077,0.083,0.089,0.097,0.105,0.169,0.256,0.358,0.471,0.718,0.975,1.228,1.469,1.695,1.903,2.094,2.808
325.0,328.0,0.044,0.046,0.049,0.053,0.059,0.065,0.072,0.08,0.089,0.099,0.11,0.121,0.204,0.307,0.423,0.549,0.816,1.087,1.35,1.598,1.827,2.036,2.227,2.93
325.0,329.0,0.035,0.04,0.046,0.053,0.061,0.07,0.08,0.091,0.103,0.116,0.129,0.143,0.241,0.357,0.486,0.622,0.906,1.188,1.459,1.711,1.943,2.153,2.343,3.036
325.0,330.0,0.036,0.043,0.052,0.061,0.071,0.083,0.095,0.108,0.122,0.137,0.153,0.169,0.278,0.405,0.543,0.688,0.984,1.276,1.553,1.809,2.043,2.254,2.443,3.128
325.0,331.0,0.044,0.053,0.063,0.074,0.087,0.1,0.114,0.129,0.144,0.161,0.178,0.196,0.315,0.45,0.596,0.747,1.054,1.353,1.634,1.893,2.128,2.339,2.528,3.205
325.0,332.0,0.056,0.067,0.079,0.091,0.105,0.12,0.135,0.152,0.169,0.186,0.205,0.224,0.351,0.493,0.644,0.8,1.115,1.42,1.706,1.967,2.202,2.414,2.602,3.273
325.0,333.0,0.072,0.084,0.097,0.111,0.126,0.142,0.158,0.176,0.194,0.213,0.232,0.253,0.385,0.533,0.689,0.849,1.171,1.48,1.768,2.031,2.268,2.479,2.667,3.333
325.0,334.0,0.091,0.104,0.118,0.132,0.148,0.165,0.182,0.201,0.22,0.24,0.26,0.281,0.419,0.571,0.731,0.894,1.222,1.535,1.825,2.089,2.326,2.537,2.724,3.386
325.0,335.0,0.111,0.125,0.139,0.155,0.172,0.189,0.207,0.226,0.246,0.267,0.288,0.31,0.452,0.607,0.77,0.937,1.268,1.584,1.877,2.141,2.379,2.59,2.777,3.435
325.0,336.0,0.132,0.147,0.162,0.178,0.196,0.214,0.233,0.252,0.273,0.294,0.316,0.338,0.483,0.642,0.808,0.977,1.312,1.631,1.924,2.19,2.427,2.638,2.825,3.479
325.0,337.0,0.155,0.169,0.185,0.202,0.22,0.239,0.258,0.278,0.299,0.321,0.343,0.366,0.514,0.675,0.844,1.015,1.353,1.674,1.969,2.235,2.473,2.683,2.869,3.521
326.0,327.0,0.137,0.135,0.133,0.134,0.135,0.137,0.141,0.145,0.151,0.157,0.165,0.173,0.238,0.325,0.429,0.545,0.796,1.057,1.314,1.56,1.789,2.0,2.192,2.914
326.0,328.0,0.106,0.108,0.111,0.115,0.121,0.127,0.135,0.144,0.153,0.163,0.175,0.187,0.273,0.379,0.5,0.63,0.905,1.183,1.451,1.704,1.937,2.149,2.342,3.05
326.0,329.0,0.09,0.095,0.102,0.11,0.119,0.129,0.14,0.151,0.164,0.177,0.192,0.207,0.31,0.432,0.566,0.708,1.002,1.294,1.571,1.829,2.065,2.278,2.47,3.167
326.0,330.0,0.085,0.093,0.103,0.113,0.125,0.137,0.151,0.165,0.18,0.196,0.213,0.23,0.347,0.482,0.627,0.778,1.087,1.389,1.673,1.935,2.173,2.387,2.578,3.265
326.0,331.0,0.088,0.098,0.11,0.122,0.136,0.151,0.166,0.182,0.2,0.217,0.236,0.255,0.383,0.527,0.681,0.84,1.16,1.47,1.76,2.025,2.264,2.478,2.669,3.348
326.0,332.0,0.096,0.108,0.121,0.136,0.151,0.167,0.184,0.202,0.221,0.24,0.26,0.281,0.418,0.569,0.73,0.894,1.224,1.541,1.834,2.102,2.342,2.556,2.746,3.418
326.0,333.0,0.108,0.121,0.136,0.152,0.168,0.186,0.204,0.223,0.243,0.264,0.285,0.307,0.451,0.608,0.774,0.943,1.28,1.602,1.899,2.168,2.409,2.623,2.812,3.479
326.0,334.0,0.123,0.137,0.153,0.17,0.187,0.206,0.225,0.245,0.266,0.288,0.31,0.333,0.482,0.645,0.815,0.988,1.331,1.656,1.956,2.226,2.467,2.681,2.871,3.533
326.0,335.0,0.139,0.155,0.171,0.189,0.207,0.227,0.247,0.268,0.29,0.312,0.335,0.359,0.513,0.679,0.853,1.029,1.377,1.705,2.007,2.278,2.52,2.734,2.922,3.58
326.0,336.0,0.157,0.173,0.19,0.209,0.228,0.248,0.269,0.291,0.313,0.336,0.36,0.385,0.542,0.712,0.888,1.067,1.418,1.75,2.053,2.325,2.567,2.781,2.969,3.624
326.0,337.0,0.176,0.193,0.21,0.229,0.249,0.27,0.291,0.313,0.337,0.36,0.385,0.41,0.57,0.743,0.921,1.102,1.457,1.791,2.095,2.368,2.61,2.824,3.012,3.664
326.0,338.0,0.195,0.212,0.231,0.25,0.27,0.291,0.313,0.336,0.36,0.384,0.409,0.434,0.597,0.772,0.953,1.136,1.494,1.829,2.135,2.408,2.65,2.864,3.051,3.7
327.0,328.0,0.186,0.185,0.187,0.189,0.193,0.198,0.205,0.212,0.22,0.23,0.24,0.251,0.336,0.444,0.568,0.704,0.993,1.287,1.572,1.84,2.088,2.314,2.518,3.27
327.0,329.0,0.192,0.196,0.201,0.207,0.215,0.223,0.233,0.244,0.256,0.269,0.283,0.298,0.402,0.528,0.668,0.818,1.13,1.44,1.736,2.01,2.261,2.488,2.691,3.426
327.0,330.0,0.207,0.214,0.222,0.232,0.243,0.254,0.267,0.282,0.297,0.313,0.329,0.347,0.468,0.608,0.762,0.923,1.252,1.574,1.877,2.156,2.408,2.634,2.836,3.555
327.0,331.0,0.229,0.239,0.25,0.262,0.276,0.29,0.306,0.323,0.34,0.359,0.378,0.398,0.533,0.686,0.85,1.02,1.362,1.694,2.002,2.283,2.535,2.76,2.96,3.664
327.0,332.0,0.257,0.269,0.282,0.297,0.313,0.33,0.348,0.367,0.386,0.407,0.428,0.451,0.597,0.759,0.932,1.109,1.462,1.8,2.112,2.394,2.646,2.869,3.067,3.757
327.0,333.0,0.289,0.303,0.319,0.335,0.353,0.372,0.392,0.412,0.434,0.456,0.479,0.503,0.659,0.83,1.009,1.192,1.553,1.896,2.21,2.492,2.743,2.965,3.16,3.838
327.0,334.0,0.324,0.34,0.358,0.376,0.395,0.416,0.437,0.459,0.483,0.506,0.531,0.556,0.719,0.897,1.081,1.269,1.636,1.982,2.297,2.579,2.829,3.049,3.242,3.909
327.0,335.0,0.363,0.38,0.399,0.419,0.44,0.461,0.484,0.507,0.532,0.557,0.583,0.609,0.778,0.961,1.15,1.34,1.713,2.061,2.377,2.658,2.907,3.125,3.316,3.972
327.0,336.0,0.404,0.422,0.442,0.463,0.485,0.508,0.531,0.556,0.581,0.607,0.634,0.661,0.836,1.023,1.215,1.408,1.784,2.133,2.449,2.729,2.976,3.193,3.382,4.029
327.0,337.0,0.446,0.466,0.486,0.508,0.531,0.555,0.579,0.605,0.631,0.658,0.685,0.713,0.892,1.082,1.277,1.472,1.85,2.2,2.515,2.795,3.04,3.254,3.441,4.08
327.0,338.0,0.49,0.51,0.532,0.554,0.578,0.602,0.627,0.653,0.68,0.708,0.736,0.764,0.946,1.139,1.336,1.532,1.912,2.262,2.577,2.855,3.098,3.311,3.496,4.127
327.0,339.0,0.534,0.555,0.577,0.601,0.625,0.65,0.675,0.702,0.729,0.757,0.786,0.815,0.999,1.194,1.392,1.59,1.97,2.32,2.634,2.911,3.153,3.364,3.547,4.17
328.0,329.0,0.224,0.214,0.205,0.198,0.192,0.187,0.184,0.182,0.181,0.181,0.182,0.184,0.216,0.275,0.355,0.45,0.672,0.913,1.159,1.399,1.628,1.841,2.038,2.793
328.0,330.0,0.2,0.194,0.19,0.186,0.185,0.184,0.184,0.185,0.188,0.191,0.196,0.201,0.251,0.324,0.417,0.523,0.76,1.013,1.266,1.511,1.742,1.957,2.155,2.908
328.0,331.0,0.185,0.183,0.182,0.182,0.184,0.186,0.19,0.195,0.2,0.207,0.215,0.223,0.29,0.379,0.485,0.603,0.86,1.127,1.391,1.643,1.879,2.096,2.295,3.042
328.0,332.0,0.178,0.179,0.181,0.184,0.189,0.194,0.201,0.208,0.217,0.227,0.237,0.248,0.331,0.435,0.554,0.683,0.959,1.24,1.514,1.773,2.012,2.232,2.432,3.171
328.0,333.0,0.176,0.179,0.184,0.19,0.198,0.206,0.215,0.225,0.237,0.249,0.262,0.275,0.372,0.489,0.62,0.759,1.052,1.346,1.628,1.892,2.135,2.356,2.555,3.287
328.0,334.0,0.178,0.184,0.192,0.2,0.21,0.22,0.232,0.245,0.258,0.273,0.288,0.304,0.413,0.541,0.682,0.83,1.137,1.441,1.73,1.998,2.243,2.465,2.664,3.387
328.0,335.0,0.184,0.193,0.202,0.213,0.225,0.237,0.251,0.266,0.281,0.297,0.315,0.332,0.453,0.591,0.74,0.896,1.215,1.527,1.821,2.093,2.339,2.561,2.76,3.474
328.0,336.0,0.194,0.204,0.215,0.228,0.241,0.256,0.271,0.288,0.305,0.323,0.342,0.361,0.491,0.637,0.794,0.956,1.285,1.603,1.902,2.176,2.423,2.645,2.843,3.549
328.0,337.0,0.206,0.218,0.231,0.245,0.26,0.276,0.293,0.311,0.33,0.349,0.369,0.39,0.528,0.681,0.844,1.011,1.348,1.672,1.974,2.249,2.497,2.718,2.915,3.614
328.0,338.0,0.22,0.233,0.248,0.263,0.28,0.297,0.315,0.335,0.355,0.375,0.397,0.419,0.563,0.722,0.89,1.062,1.405,1.733,2.038,2.314,2.562,2.783,2.979,3.67
328.0,339.0,0.236,0.25,0.266,0.283,0.3,0.319,0.338,0.359,0.38,0.402,0.424,0.447,0.597,0.761,0.933,1.109,1.457,1.789,2.095,2.372,2.619,2.84,3.034,3.719
328.0,340.0,0.253,0.269,0.286,0.303,0.322,0.341,0.362,0.383,0.405,0.428,0.451,0.475,0.63,0.798,0.973,1.152,1.504,1.838,2.146,2.423,2.671,2.89,3.084,3.763
329.0,330.0,0.216,0.208,0.201,0.195,0.19,0.186,0.183,0.181,0.18,0.179,0.179,0.18,0.201,0.242,0.299,0.368,0.532,0.714,0.903,1.09,1.27,1.44,1.599,2.223
329.0,331.0,0.196,0.191,0.187,0.184,0.183,0.182,0.181,0.182,0.183,0.185,0.188,0.191,0.225,0.276,0.342,0.419,0.594,0.784,0.978,1.168,1.351,1.523,1.683,2.311
329.0,332.0,0.187,0.185,0.183,0.183,0.183,0.185,0.187,0.19,0.193,0.197,0.202,0.208,0.253,0.316,0.392,0.477,0.667,0.869,1.072,1.27,1.457,1.633,1.795,2.425
329.0,333.0,0.186,0.186,0.186,0.188,0.191,0.194,0.198,0.203,0.208,0.214,0.221,0.229,0.285,0.358,0.443,0.538,0.742,0.956,1.168,1.373,1.565,1.744,1.909,2.541
329.0,334.0,0.191,0.192,0.195,0.198,0.202,0.207,0.213,0.22,0.227,0.235,0.243,0.252,0.319,0.401,0.494,0.597,0.815,1.04,1.26,1.471,1.668,1.85,2.018,2.65
329.0,335.0,0.2,0.203,0.207,0.212,0.218,0.224,0.231,0.239,0.248,0.257,0.267,0.278,0.353,0.443,0.544,0.654,0.884,1.119,1.347,1.563,1.764,1.949,2.118,2.751
329.0,336.0,0.212,0.217,0.222,0.228,0.235,0.243,0.252,0.261,0.271,0.282,0.293,0.305,0.387,0.485,0.593,0.708,0.95,1.192,1.427,1.648,1.853,2.04,2.21,2.843
329.0,337.0,0.227,0.233,0.239,0.246,0.255,0.264,0.273,0.284,0.295,0.307,0.319,0.332,0.421,0.525,0.64,0.761,1.011,1.262,1.502,1.727,1.935,2.124,2.295,2.928
329.0,338.0,0.243,0.25,0.258,0.266,0.275,0.285,0.296,0.308,0.32,0.333,0.346,0.36,0.456,0.565,0.685,0.811,1.07,1.327,1.572,1.801,2.011,2.202,2.375,3.007
329.0,339.0,0.261,0.269,0.277,0.287,0.297,0.308,0.32,0.332,0.345,0.359,0.373,0.388,0.489,0.604,0.729,0.859,1.126,1.389,1.639,1.871,2.083,2.275,2.448,3.08
329.0,340.0,0.28,0.289,0.298,0.308,0.319,0.331,0.344,0.357,0.371,0.386,0.401,0.417,0.522,0.642,0.771,0.905,1.179,1.447,1.701,1.936,2.15,2.344,2.518,3.148
329.0,341.0,0.3,0.309,0.319,0.33,0.342,0.355,0.368,0.382,0.397,0.412,0.428,0.445,0.555,0.679,0.812,0.95,1.23,1.503,1.761,1.998,2.214,2.408,2.583,3.212
330.0,331.0,0.237,0.233,0.23,0.228,0.226,0.225,0.226,0.227,0.228,0.231,0.234,0.238,0.274,0.328,0.396,0.475,0.655,0.85,1.05,1.246,1.434,1.612,1.778,2.431
330.0,332.0,0.242,0.239,0.237,0.236,0.236,0.237,0.239,0.241,0.244,0.248,0.253,0.258,0.301,0.362,0.437,0.522,0.712,0.916,1.121,1.322,1.514,1.694,1.861,2.514
330.0,333.0,0.249,0.248,0.247,0.248,0.249,0.251,0.254,0.258,0.262,0.267,0.273,0.279,0.33,0.397,0.478,0.569,0.769,0.979,1.191,1.396,1.59,1.772,1.941,2.592
330.0,334.0,0.26,0.26,0.26,0.262,0.264,0.267,0.271,0.276,0.282,0.288,0.295,0.302,0.359,0.432,0.519,0.614,0.822,1.04,1.256,1.464,1.661,1.845,2.014,2.664
330.0,335.0,0.273,0.273,0.275,0.278,0.281,0.285,0.29,0.296,0.302,0.309,0.317,0.326,0.388,0.467,0.558,0.657,0.873,1.096,1.316,1.528,1.727,1.911,2.081,2.728
330.0,336.0,0.287,0.289,0.291,0.295,0.299,0.304,0.31,0.317,0.324,0.332,0.341,0.35,0.417,0.5,0.595,0.699,0.92,1.148,1.372,1.586,1.787,1.972,2.142,2.787
330.0,337.0,0.304,0.306,0.309,0.314,0.319,0.324,0.331,0.338,0.346,0.355,0.365,0.375,0.446,0.533,0.632,0.738,0.965,1.197,1.424,1.64,1.841,2.027,2.198,2.839
330.0,338.0,0.321,0.324,0.328,0.333,0.339,0.345,0.353,0.361,0.369,0.379,0.389,0.399,0.474,0.565,0.667,0.776,1.007,1.243,1.472,1.689,1.892,2.078,2.248,2.887
330.0,339.0,0.34,0.344,0.348,0.354,0.36,0.367,0.375,0.384,0.393,0.403,0.413,0.425,0.503,0.596,0.7,0.812,1.048,1.286,1.517,1.735,1.939,2.125,2.295,2.931
330.0,340.0,0.36,0.364,0.369,0.375,0.382,0.389,0.398,0.407,0.417,0.427,0.438,0.45,0.531,0.627,0.733,0.847,1.086,1.326,1.559,1.778,1.982,2.169,2.338,2.971
330.0,341.0,0.38,0.385,0.39,0.397,0.404,0.412,0.421,0.431,0.441,0.452,0.463,0.475,0.559,0.657,0.765,0.881,1.122,1.365,1.599,1.819,2.023,2.209,2.379,3.008
330.0,342.0,0.401,0.406,0.412,0.419,0.427,0.435,0.444,0.454,0.465,0.476,0.488,0.501,0.586,0.686,0.796,0.913,1.157,1.401,1.636,1.857,2.061,2.247,2.416,3.043
331.0,332.0,0.251,0.242,0.234,0.228,0.222,0.217,0.213,0.21,0.208,0.207,0.206,0.206,0.221,0.257,0.31,0.376,0.534,0.715,0.904,1.094,1.279,1.456,1.622,2.29
331.0,333.0,0.276,0.27,0.265,0.26,0.257,0.255,0.253,0.252,0.252,0.253,0.254,0.256,0.283,0.33,0.392,0.466,0.639,0.831,1.029,1.226,1.416,1.596,1.765,2.437
331.0,334.0,0.307,0.303,0.299,0.297,0.296,0.295,0.295,0.297,0.299,0.301,0.305,0.309,0.347,0.405,0.477,0.561,0.75,0.955,1.164,1.368,1.564,1.749,1.921,2.594
331.0,335.0,0.341,0.339,0.337,0.337,0.337,0.338,0.341,0.344,0.348,0.352,0.357,0.363,0.412,0.48,0.562,0.655,0.86,1.078,1.297,1.509,1.71,1.899,2.073,2.745
331.0,336.0,0.378,0.377,0.378,0.379,0.381,0.384,0.388,0.393,0.398,0.404,0.411,0.419,0.478,0.555,0.647,0.747,0.967,1.196,1.424,1.642,1.848,2.039,2.215,2.886
331.0,337.0,0.418,0.418,0.42,0.423,0.427,0.431,0.437,0.443,0.45,0.458,0.466,0.476,0.544,0.63,0.729,0.837,1.069,1.309,1.544,1.767,1.977,2.17,2.347,3.013
331.0,338.0,0.459,0.461,0.465,0.469,0.474,0.48,0.487,0.494,0.503,0.512,0.522,0.533,0.609,0.703,0.809,0.924,1.167,1.415,1.656,1.884,2.096,2.291,2.468,3.13
331.0,339.0,0.502,0.506,0.51,0.516,0.522,0.53,0.538,0.547,0.556,0.567,0.578,0.59,0.674,0.774,0.887,1.007,1.26,1.515,1.761,1.993,2.207,2.402,2.58,3.236
331.0,340.0,0.547,0.552,0.557,0.564,0.572,0.58,0.589,0.599,0.61,0.622,0.634,0.647,0.737,0.844,0.962,1.088,1.349,1.61,1.86,2.095,2.31,2.506,2.683,3.333
331.0,341.0,0.593,0.599,0.605,0.613,0.622,0.631,0.642,0.653,0.665,0.677,0.691,0.705,0.801,0.913,1.036,1.166,1.434,1.7,1.954,2.19,2.406,2.603,2.779,3.423
331.0,342.0,0.64,0.646,0.654,0.663,0.672,0.683,0.694,0.706,0.719,0.733,0.747,0.762,0.863,0.98,1.107,1.241,1.516,1.786,2.043,2.28,2.497,2.693,2.869,3.506
331.0,343.0,0.687,0.695,0.703,0.713,0.723,0.735,0.747,0.76,0.774,0.788,0.803,0.819,0.925,1.046,1.177,1.314,1.594,1.868,2.127,2.366,2.583,2.778,2.953,3.584
332.0,333.0,0.253,0.245,0.238,0.232,0.227,0.223,0.22,0.218,0.216,0.216,0.216,0.218,0.24,0.284,0.345,0.419,0.595,0.79,0.994,1.195,1.39,1.574,1.747,2.428
332.0,334.0,0.273,0.268,0.264,0.261,0.259,0.258,0.258,0.259,0.26,0.263,0.266,0.27,0.309,0.368,0.442,0.529,0.726,0.938,1.153,1.364,1.565,1.754,1.929,2.61
332.0,335.0,0.299,0.297,0.295,0.295,0.296,0.298,0.3,0.304,0.308,0.313,0.319,0.326,0.379,0.452,0.54,0.638,0.854,1.082,1.31,1.529,1.736,1.928,2.105,2.782
332.0,336.0,0.33,0.331,0.332,0.334,0.337,0.341,0.346,0.352,0.359,0.366,0.374,0.383,0.45,0.535,0.634,0.743,0.977,1.218,1.456,1.682,1.893,2.088,2.267,2.938
332.0,337.0,0.366,0.368,0.371,0.376,0.381,0.387,0.394,0.402,0.411,0.42,0.43,0.441,0.52,0.616,0.725,0.842,1.092,1.344,1.59,1.822,2.036,2.233,2.412,3.077
332.0,338.0,0.404,0.408,0.413,0.419,0.426,0.434,0.443,0.453,0.464,0.475,0.487,0.5,0.588,0.694,0.811,0.937,1.198,1.461,1.713,1.949,2.166,2.364,2.543,3.2
332.0,339.0,0.444,0.45,0.457,0.465,0.473,0.483,0.494,0.505,0.517,0.53,0.543,0.557,0.655,0.769,0.893,1.025,1.298,1.568,1.825,2.064,2.283,2.481,2.66,3.31
332.0,340.0,0.487,0.494,0.502,0.511,0.521,0.532,0.544,0.557,0.57,0.584,0.599,0.615,0.72,0.84,0.972,1.109,1.39,1.666,1.928,2.169,2.389,2.588,2.766,3.409
332.0,341.0,0.53,0.538,0.548,0.558,0.569,0.582,0.595,0.609,0.623,0.639,0.655,0.671,0.783,0.909,1.046,1.188,1.476,1.757,2.022,2.265,2.486,2.684,2.862,3.497
332.0,342.0,0.574,0.583,0.594,0.605,0.618,0.631,0.645,0.66,0.676,0.692,0.709,0.727,0.844,0.976,1.117,1.262,1.557,1.842,2.109,2.354,2.575,2.773,2.949,3.578
332.0,343.0,0.619,0.629,0.64,0.653,0.666,0.68,0.695,0.711,0.728,0.745,0.763,0.781,0.903,1.039,1.184,1.333,1.633,1.921,2.19,2.436,2.656,2.854,3.029,3.651
332.0,344.0,0.663,0.675,0.687,0.7,0.714,0.729,0.745,0.762,0.779,0.797,0.816,0.835,0.961,1.101,1.249,1.401,1.704,1.996,2.266,2.512,2.732,2.929,3.103,3.719
333.0,334.0,0.182,0.175,0.169,0.164,0.16,0.158,0.156,0.155,0.155,0.156,0.158,0.161,0.193,0.247,0.318,0.403,0.598,0.812,1.031,1.247,1.454,1.648,1.83,2.538
333.0,335.0,0.144,0.141,0.139,0.139,0.139,0.14,0.143,0.146,0.15,0.155,0.161,0.167,0.22,0.294,0.382,0.482,0.702,0.935,1.168,1.393,1.605,1.803,1.986,2.685
333.0,336.0,0.123,0.123,0.125,0.128,0.132,0.136,0.142,0.148,0.156,0.164,0.173,0.182,0.252,0.342,0.444,0.557,0.798,1.046,1.29,1.523,1.74,1.94,2.124,2.814
333.0,337.0,0.115,0.118,0.122,0.128,0.134,0.142,0.15,0.159,0.169,0.179,0.19,0.202,0.287,0.388,0.503,0.625,0.883,1.143,1.396,1.634,1.855,2.057,2.24,2.922
333.0,338.0,0.115,0.121,0.128,0.135,0.144,0.153,0.163,0.174,0.186,0.199,0.212,0.226,0.321,0.433,0.556,0.686,0.957,1.227,1.486,1.728,1.951,2.154,2.338,3.012
333.0,339.0,0.123,0.13,0.138,0.147,0.158,0.169,0.181,0.193,0.207,0.221,0.235,0.251,0.355,0.475,0.605,0.741,1.022,1.299,1.563,1.808,2.033,2.236,2.42,3.088
333.0,340.0,0.135,0.143,0.153,0.163,0.175,0.187,0.2,0.214,0.229,0.244,0.26,0.277,0.388,0.514,0.65,0.791,1.08,1.363,1.63,1.878,2.103,2.307,2.49,3.152
333.0,341.0,0.15,0.16,0.17,0.182,0.194,0.208,0.222,0.237,0.253,0.269,0.286,0.304,0.42,0.551,0.691,0.836,1.131,1.418,1.689,1.938,2.164,2.368,2.55,3.208
333.0,342.0,0.167,0.178,0.19,0.202,0.215,0.23,0.245,0.26,0.277,0.294,0.312,0.33,0.451,0.586,0.73,0.878,1.178,1.468,1.741,1.991,2.218,2.422,2.604,3.258
333.0,343.0,0.187,0.198,0.21,0.223,0.237,0.252,0.268,0.284,0.302,0.319,0.338,0.357,0.481,0.619,0.766,0.917,1.22,1.514,1.788,2.039,2.266,2.47,2.652,3.302
333.0,344.0,0.207,0.219,0.232,0.246,0.26,0.276,0.292,0.309,0.326,0.345,0.364,0.383,0.51,0.651,0.8,0.953,1.26,1.555,1.831,2.083,2.31,2.514,2.695,3.342
333.0,345.0,0.228,0.241,0.254,0.268,0.283,0.299,0.316,0.333,0.351,0.37,0.389,0.409,0.539,0.682,0.833,0.987,1.297,1.594,1.871,2.123,2.351,2.554,2.735,3.379
334.0,335.0,0.211,0.205,0.2,0.196,0.193,0.191,0.19,0.19,0.191,0.192,0.195,0.198,0.231,0.285,0.356,0.439,0.631,0.841,1.056,1.268,1.471,1.663,1.842,2.545
334.0,336.0,0.202,0.198,0.195,0.193,0.192,0.192,0.193,0.195,0.197,0.201,0.205,0.21,0.254,0.318,0.397,0.489,0.693,0.913,1.136,1.353,1.56,1.754,1.934,2.634
334.0,337.0,0.2,0.198,0.197,0.196,0.197,0.199,0.202,0.205,0.21,0.215,0.221,0.227,0.28,0.353,0.44,0.538,0.754,0.983,1.212,1.433,1.643,1.839,2.02,2.717
334.0,338.0,0.204,0.204,0.204,0.206,0.208,0.211,0.215,0.22,0.226,0.233,0.24,0.248,0.309,0.389,0.483,0.587,0.813,1.049,1.283,1.508,1.72,1.917,2.099,2.791
334.0,339.0,0.214,0.214,0.216,0.219,0.223,0.227,0.233,0.239,0.246,0.254,0.263,0.272,0.34,0.426,0.526,0.634,0.869,1.111,1.349,1.577,1.791,1.988,2.17,2.858
334.0,340.0,0.227,0.229,0.232,0.236,0.241,0.247,0.254,0.261,0.269,0.278,0.288,0.298,0.372,0.463,0.568,0.681,0.922,1.169,1.41,1.64,1.855,2.053,2.235,2.918
334.0,341.0,0.245,0.248,0.252,0.257,0.263,0.269,0.277,0.285,0.294,0.304,0.315,0.326,0.405,0.501,0.609,0.726,0.972,1.223,1.467,1.699,1.915,2.113,2.294,2.972
334.0,342.0,0.265,0.269,0.274,0.28,0.286,0.294,0.302,0.311,0.321,0.332,0.343,0.355,0.438,0.538,0.65,0.769,1.021,1.275,1.521,1.754,1.97,2.168,2.349,3.022
334.0,343.0,0.287,0.292,0.298,0.304,0.312,0.32,0.329,0.339,0.35,0.361,0.373,0.385,0.472,0.575,0.69,0.812,1.067,1.324,1.572,1.805,2.021,2.219,2.399,3.068
334.0,344.0,0.312,0.317,0.324,0.331,0.339,0.348,0.357,0.368,0.379,0.391,0.403,0.416,0.507,0.612,0.729,0.853,1.111,1.37,1.619,1.854,2.07,2.267,2.447,3.111
334.0,345.0,0.338,0.344,0.351,0.358,0.367,0.376,0.387,0.398,0.409,0.422,0.434,0.448,0.541,0.649,0.768,0.894,1.155,1.415,1.665,1.9,2.116,2.313,2.492,3.151
334.0,346.0,0.365,0.372,0.379,0.387,0.396,0.406,0.417,0.428,0.44,0.453,0.466,0.48,0.575,0.685,0.806,0.933,1.196,1.458,1.709,1.943,2.159,2.356,2.534,3.189
335.0,336.0,0.2,0.193,0.187,0.182,0.178,0.176,0.174,0.172,0.172,0.173,0.174,0.177,0.204,0.254,0.319,0.398,0.58,0.78,0.986,1.189,1.385,1.569,1.741,2.414
335.0,337.0,0.172,0.169,0.167,0.166,0.166,0.167,0.169,0.172,0.175,0.179,0.184,0.19,0.236,0.302,0.382,0.473,0.675,0.89,1.106,1.316,1.516,1.703,1.876,2.544
335.0,338.0,0.16,0.16,0.161,0.163,0.167,0.171,0.175,0.181,0.187,0.194,0.202,0.21,0.273,0.353,0.446,0.548,0.769,0.999,1.225,1.443,1.647,1.837,2.011,2.673
335.0,339.0,0.158,0.161,0.165,0.17,0.175,0.182,0.189,0.197,0.206,0.215,0.225,0.236,0.312,0.404,0.508,0.62,0.857,1.099,1.334,1.558,1.766,1.958,2.133,2.791
335.0,340.0,0.165,0.17,0.176,0.182,0.19,0.198,0.208,0.218,0.228,0.24,0.252,0.264,0.351,0.453,0.566,0.686,0.937,1.189,1.432,1.66,1.872,2.065,2.241,2.894
335.0,341.0,0.177,0.184,0.191,0.199,0.209,0.219,0.23,0.241,0.253,0.266,0.28,0.294,0.39,0.5,0.62,0.747,1.009,1.269,1.518,1.751,1.965,2.16,2.336,2.984
335.0,342.0,0.193,0.201,0.21,0.219,0.23,0.241,0.254,0.266,0.28,0.294,0.309,0.324,0.427,0.545,0.671,0.804,1.075,1.342,1.596,1.832,2.048,2.244,2.42,3.065
335.0,343.0,0.211,0.221,0.231,0.241,0.253,0.266,0.279,0.293,0.308,0.323,0.339,0.355,0.464,0.587,0.719,0.856,1.135,1.408,1.666,1.904,2.122,2.318,2.495,3.136
335.0,344.0,0.232,0.242,0.253,0.265,0.277,0.291,0.305,0.32,0.336,0.352,0.369,0.386,0.5,0.628,0.764,0.905,1.19,1.468,1.729,1.97,2.189,2.386,2.563,3.202
335.0,345.0,0.254,0.265,0.276,0.289,0.302,0.317,0.332,0.347,0.364,0.381,0.398,0.416,0.535,0.667,0.807,0.951,1.242,1.524,1.788,2.031,2.251,2.449,2.625,3.261
335.0,346.0,0.276,0.288,0.3,0.314,0.328,0.343,0.358,0.375,0.392,0.409,0.428,0.447,0.569,0.705,0.848,0.995,1.291,1.576,1.843,2.087,2.308,2.506,2.683,3.316
335.0,347.0,0.299,0.312,0.325,0.339,0.353,0.369,0.385,0.402,0.42,0.438,0.457,0.476,0.602,0.741,0.887,1.037,1.337,1.625,1.894,2.14,2.361,2.56,2.737,3.368
336.0,337.0,0.149,0.145,0.142,0.14,0.14,0.14,0.142,0.144,0.147,0.151,0.156,0.162,0.211,0.28,0.366,0.464,0.681,0.913,1.145,1.37,1.584,1.784,1.968,2.676
336.0,338.0,0.126,0.126,0.127,0.129,0.132,0.136,0.141,0.146,0.153,0.16,0.169,0.178,0.245,0.332,0.433,0.545,0.785,1.034,1.279,1.513,1.732,1.935,2.121,2.821
336.0,339.0,0.117,0.12,0.124,0.129,0.135,0.141,0.149,0.158,0.167,0.178,0.189,0.2,0.284,0.385,0.499,0.622,0.882,1.145,1.4,1.641,1.865,2.07,2.256,2.949
336.0,340.0,0.117,0.123,0.129,0.137,0.145,0.155,0.165,0.176,0.188,0.201,0.214,0.228,0.324,0.438,0.563,0.695,0.971,1.245,1.509,1.755,1.981,2.188,2.374,3.059
336.0,341.0,0.125,0.133,0.142,0.151,0.162,0.173,0.186,0.199,0.213,0.227,0.242,0.258,0.366,0.489,0.623,0.763,1.051,1.335,1.605,1.855,2.084,2.291,2.477,3.155
336.0,342.0,0.139,0.149,0.159,0.17,0.183,0.196,0.21,0.225,0.24,0.256,0.273,0.291,0.407,0.539,0.68,0.827,1.125,1.416,1.691,1.944,2.174,2.382,2.568,3.239
336.0,343.0,0.157,0.168,0.18,0.193,0.207,0.221,0.237,0.253,0.27,0.287,0.305,0.324,0.448,0.587,0.734,0.886,1.193,1.49,1.768,2.024,2.255,2.463,2.649,3.314
336.0,344.0,0.179,0.191,0.204,0.218,0.233,0.249,0.265,0.282,0.3,0.319,0.338,0.358,0.489,0.633,0.785,0.941,1.255,1.557,1.839,2.096,2.328,2.536,2.721,3.381
336.0,345.0,0.202,0.215,0.229,0.245,0.26,0.277,0.295,0.313,0.332,0.352,0.372,0.393,0.528,0.677,0.833,0.994,1.313,1.619,1.903,2.162,2.394,2.602,2.787,3.442
336.0,346.0,0.228,0.242,0.257,0.272,0.289,0.307,0.325,0.344,0.364,0.385,0.406,0.427,0.567,0.72,0.88,1.043,1.367,1.677,1.963,2.222,2.455,2.663,2.847,3.497
336.0,347.0,0.254,0.269,0.285,0.301,0.319,0.337,0.356,0.376,0.396,0.418,0.439,0.462,0.605,0.761,0.924,1.09,1.418,1.73,2.018,2.279,2.512,2.719,2.903,3.549
336.0,348.0,0.282,0.297,0.313,0.33,0.349,0.368,0.387,0.408,0.429,0.45,0.473,0.496,0.643,0.802,0.967,1.135,1.467,1.781,2.07,2.331,2.564,2.771,2.954,3.596
337.0,338.0,0.074,0.074,0.074,0.076,0.079,0.083,0.087,0.093,0.1,0.107,0.116,0.125,0.195,0.287,0.394,0.513,0.769,1.035,1.298,1.55,1.785,2.003,2.203,2.959
337.0,339.0,0.031,0.033,0.037,0.042,0.048,0.055,0.063,0.072,0.082,0.093,0.105,0.117,0.205,0.314,0.436,0.568,0.846,1.129,1.404,1.663,1.903,2.124,2.324,3.068
337.0,340.0,0.006,0.012,0.019,0.026,0.035,0.045,0.056,0.067,0.08,0.093,0.107,0.122,0.225,0.346,0.48,0.622,0.917,1.211,1.494,1.758,2.0,2.221,2.421,3.153
337.0,341.0,-0.003,0.005,0.014,0.024,0.035,0.047,0.06,0.074,0.089,0.104,0.12,0.137,0.251,0.383,0.525,0.675,0.982,1.284,1.572,1.839,2.082,2.303,2.501,3.222
337.0,342.0,-0.0,0.01,0.021,0.033,0.046,0.059,0.074,0.09,0.106,0.123,0.141,0.159,0.283,0.422,0.571,0.726,1.042,1.35,1.641,1.909,2.153,2.373,2.57,3.28
337.0,343.0,0.012,0.023,0.036,0.049,0.063,0.079,0.095,0.112,0.129,0.148,0.167,0.187,0.317,0.462,0.617,0.776,1.098,1.411,1.703,1.972,2.215,2.434,2.629,3.33
337.0,344.0,0.03,0.043,0.057,0.071,0.087,0.103,0.121,0.139,0.158,0.177,0.197,0.218,0.354,0.503,0.662,0.825,1.151,1.466,1.76,2.029,2.271,2.489,2.682,3.374
337.0,345.0,0.055,0.068,0.083,0.098,0.115,0.132,0.15,0.169,0.189,0.209,0.23,0.252,0.392,0.545,0.707,0.872,1.202,1.518,1.812,2.081,2.322,2.538,2.73,3.414
337.0,346.0,0.083,0.097,0.112,0.129,0.146,0.164,0.183,0.203,0.223,0.244,0.265,0.288,0.431,0.587,0.751,0.918,1.25,1.567,1.861,2.129,2.369,2.584,2.775,3.451
337.0,347.0,0.113,0.129,0.145,0.162,0.179,0.198,0.218,0.238,0.259,0.28,0.302,0.325,0.471,0.629,0.794,0.962,1.296,1.614,1.908,2.174,2.413,2.627,2.816,3.485
337.0,348.0,0.147,0.162,0.179,0.196,0.214,0.234,0.253,0.274,0.295,0.317,0.34,0.363,0.511,0.671,0.837,1.006,1.341,1.658,1.952,2.217,2.455,2.667,2.855,3.517
337.0,349.0,0.181,0.197,0.214,0.232,0.251,0.27,0.29,0.311,0.333,0.355,0.378,0.401,0.551,0.712,0.879,1.049,1.384,1.702,1.994,2.259,2.495,2.706,2.892,3.548
338.0,339.0,0.157,0.15,0.144,0.139,0.135,0.133,0.132,0.132,0.132,0.134,0.137,0.141,0.182,0.247,0.332,0.43,0.655,0.897,1.141,1.378,1.603,1.813,2.007,2.749
338.0,340.0,0.115,0.113,0.112,0.112,0.113,0.115,0.119,0.123,0.128,0.134,0.141,0.149,0.212,0.296,0.396,0.509,0.754,1.009,1.263,1.505,1.733,1.944,2.137,2.866
338.0,341.0,0.093,0.095,0.097,0.101,0.106,0.112,0.119,0.127,0.135,0.145,0.155,0.166,0.247,0.348,0.463,0.587,0.852,1.122,1.385,1.634,1.864,2.076,2.269,2.986
338.0,342.0,0.084,0.089,0.095,0.102,0.109,0.118,0.128,0.138,0.15,0.162,0.175,0.189,0.285,0.399,0.526,0.661,0.942,1.224,1.495,1.748,1.982,2.194,2.386,3.092
338.0,343.0,0.085,0.092,0.1,0.11,0.12,0.131,0.143,0.156,0.169,0.184,0.199,0.215,0.323,0.448,0.584,0.727,1.022,1.313,1.59,1.847,2.082,2.295,2.486,3.183
338.0,344.0,0.093,0.102,0.112,0.123,0.135,0.148,0.162,0.176,0.192,0.208,0.225,0.242,0.36,0.493,0.637,0.786,1.091,1.39,1.671,1.931,2.167,2.38,2.571,3.259
338.0,345.0,0.106,0.116,0.128,0.14,0.154,0.168,0.183,0.199,0.216,0.233,0.252,0.271,0.395,0.535,0.685,0.84,1.153,1.457,1.742,2.003,2.24,2.453,2.643,3.325
338.0,346.0,0.122,0.133,0.146,0.16,0.174,0.19,0.206,0.223,0.241,0.26,0.279,0.299,0.429,0.575,0.729,0.888,1.207,1.515,1.803,2.066,2.304,2.516,2.706,3.381
338.0,347.0,0.14,0.153,0.166,0.181,0.196,0.213,0.23,0.248,0.267,0.286,0.306,0.327,0.462,0.612,0.77,0.932,1.256,1.568,1.857,2.121,2.359,2.571,2.76,3.431
338.0,348.0,0.161,0.174,0.188,0.203,0.22,0.237,0.255,0.273,0.293,0.313,0.334,0.355,0.494,0.647,0.808,0.972,1.301,1.615,1.906,2.171,2.409,2.621,2.809,3.475
338.0,349.0,0.182,0.196,0.211,0.226,0.243,0.261,0.279,0.299,0.319,0.339,0.361,0.382,0.525,0.68,0.843,1.01,1.342,1.658,1.95,2.216,2.454,2.665,2.853,3.515
338.0,350.0,0.204,0.218,0.234,0.25,0.267,0.285,0.304,0.324,0.344,0.366,0.387,0.41,0.554,0.712,0.877,1.046,1.38,1.698,1.991,2.257,2.495,2.706,2.893,3.552
339.0,340.0,0.178,0.171,0.166,0.161,0.158,0.156,0.155,0.155,0.157,0.159,0.162,0.166,0.207,0.273,0.358,0.456,0.68,0.921,1.166,1.403,1.629,1.84,2.036,2.785
339.0,341.0,0.165,0.163,0.161,0.161,0.162,0.164,0.167,0.171,0.176,0.182,0.189,0.197,0.259,0.343,0.443,0.555,0.801,1.058,1.313,1.557,1.787,2.0,2.196,2.935
339.0,342.0,0.167,0.168,0.17,0.174,0.178,0.184,0.191,0.198,0.207,0.216,0.226,0.237,0.318,0.418,0.533,0.658,0.924,1.196,1.461,1.712,1.946,2.16,2.355,3.082
339.0,343.0,0.18,0.184,0.19,0.197,0.205,0.213,0.223,0.234,0.245,0.258,0.271,0.284,0.381,0.496,0.623,0.759,1.043,1.328,1.601,1.857,2.093,2.307,2.502,3.215
339.0,344.0,0.202,0.21,0.218,0.228,0.238,0.25,0.262,0.275,0.289,0.304,0.32,0.336,0.446,0.573,0.711,0.856,1.155,1.449,1.728,1.987,2.224,2.439,2.631,3.331
339.0,345.0,0.232,0.242,0.253,0.265,0.278,0.291,0.306,0.321,0.338,0.354,0.372,0.39,0.512,0.649,0.796,0.948,1.258,1.559,1.843,2.104,2.341,2.554,2.745,3.432
339.0,346.0,0.268,0.28,0.293,0.307,0.321,0.337,0.354,0.371,0.389,0.407,0.427,0.447,0.577,0.723,0.876,1.035,1.353,1.66,1.946,2.208,2.445,2.657,2.846,3.519
339.0,347.0,0.309,0.323,0.337,0.352,0.369,0.386,0.404,0.423,0.442,0.462,0.483,0.504,0.642,0.794,0.953,1.116,1.441,1.751,2.039,2.302,2.537,2.747,2.934,3.595
339.0,348.0,0.354,0.368,0.384,0.401,0.418,0.437,0.456,0.476,0.497,0.518,0.54,0.562,0.707,0.863,1.027,1.193,1.522,1.835,2.124,2.386,2.62,2.828,3.013,3.663
339.0,349.0,0.401,0.417,0.434,0.451,0.47,0.49,0.51,0.531,0.552,0.574,0.597,0.62,0.769,0.93,1.097,1.265,1.598,1.912,2.201,2.462,2.695,2.901,3.084,3.724
339.0,350.0,0.45,0.467,0.485,0.504,0.523,0.543,0.564,0.586,0.608,0.631,0.655,0.678,0.831,0.995,1.164,1.334,1.669,1.984,2.272,2.532,2.763,2.968,3.148,3.779
339.0,351.0,0.502,0.519,0.537,0.557,0.577,0.598,0.619,0.642,0.664,0.688,0.712,0.736,0.892,1.058,1.228,1.4,1.736,2.051,2.339,2.597,2.826,3.029,3.207,3.829
340.0,341.0,0.086,0.079,0.072,0.067,0.063,0.059,0.057,0.056,0.056,0.056,0.058,0.06,0.091,0.144,0.215,0.3,0.496,0.711,0.932,1.149,1.357,1.553,1.735,2.447
340.0,342.0,0.01,0.006,0.002,-0.0,-0.002,-0.002,-0.002,-0.0,0.002,0.005,0.009,0.014,0.057,0.122,0.203,0.296,0.506,0.731,0.96,1.182,1.394,1.593,1.777,2.49
340.0,343.0,-0.055,-0.058,-0.059,-0.059,-0.059,-0.057,-0.054,-0.051,-0.046,-0.041,-0.035,-0.028,0.026,0.101,0.192,0.293,0.517,0.754,0.991,1.22,1.437,1.639,1.826,2.542
340.0,344.0,-0.114,-0.114,-0.114,-0.113,-0.11,-0.107,-0.102,-0.097,-0.091,-0.084,-0.077,-0.068,-0.004,0.08,0.179,0.288,0.525,0.772,1.017,1.253,1.474,1.68,1.869,2.588
340.0,345.0,-0.167,-0.166,-0.164,-0.161,-0.158,-0.153,-0.147,-0.14,-0.133,-0.125,-0.116,-0.106,-0.034,0.058,0.163,0.279,0.527,0.784,1.036,1.277,1.503,1.712,1.903,2.626
340.0,346.0,-0.216,-0.214,-0.211,-0.207,-0.202,-0.196,-0.19,-0.182,-0.173,-0.164,-0.154,-0.143,-0.064,0.034,0.145,0.266,0.524,0.789,1.048,1.294,1.523,1.735,1.928,2.655
340.0,347.0,-0.262,-0.26,-0.256,-0.251,-0.245,-0.238,-0.23,-0.222,-0.212,-0.202,-0.191,-0.179,-0.095,0.008,0.125,0.25,0.517,0.788,1.053,1.303,1.537,1.751,1.946,2.678
340.0,348.0,-0.307,-0.303,-0.299,-0.293,-0.286,-0.279,-0.27,-0.261,-0.25,-0.239,-0.227,-0.215,-0.126,-0.018,0.102,0.232,0.506,0.784,1.053,1.308,1.544,1.761,1.958,2.694
340.0,349.0,-0.349,-0.345,-0.34,-0.334,-0.326,-0.318,-0.309,-0.299,-0.288,-0.276,-0.264,-0.25,-0.157,-0.046,0.078,0.212,0.492,0.775,1.049,1.307,1.546,1.765,1.965,2.706
340.0,350.0,-0.391,-0.386,-0.38,-0.374,-0.366,-0.357,-0.347,-0.336,-0.325,-0.313,-0.3,-0.286,-0.19,-0.075,0.053,0.189,0.475,0.763,1.041,1.303,1.545,1.766,1.967,2.713
340.0,351.0,-0.432,-0.427,-0.42,-0.413,-0.405,-0.395,-0.385,-0.374,-0.362,-0.349,-0.336,-0.321,-0.222,-0.104,0.026,0.165,0.456,0.748,1.03,1.295,1.54,1.763,1.966,2.717
340.0,352.0,-0.472,-0.466,-0.46,-0.452,-0.443,-0.433,-0.423,-0.411,-0.399,-0.386,-0.372,-0.357,-0.255,-0.135,-0.002,0.14,0.436,0.732,1.017,1.285,1.532,1.757,1.962,2.718
341.0,342.0,0.074,0.08,0.087,0.095,0.104,0.114,0.125,0.137,0.149,0.162,0.176,0.191,0.291,0.408,0.537,0.674,0.96,1.247,1.523,1.782,2.021,2.24,2.439,3.176
341.0,343.0,0.079,0.088,0.098,0.11,0.122,0.135,0.149,0.164,0.179,0.196,0.213,0.231,0.349,0.483,0.628,0.779,1.088,1.391,1.678,1.944,2.187,2.407,2.604,3.322
341.0,344.0,0.093,0.105,0.117,0.131,0.146,0.162,0.178,0.195,0.213,0.232,0.251,0.271,0.403,0.549,0.705,0.865,1.188,1.502,1.795,2.064,2.308,2.527,2.722,3.424
341.0,345.0,0.114,0.128,0.142,0.158,0.175,0.192,0.21,0.23,0.249,0.27,0.291,0.313,0.454,0.609,0.772,0.938,1.271,1.591,1.887,2.158,2.402,2.619,2.813,3.501
341.0,346.0,0.14,0.155,0.171,0.189,0.207,0.226,0.245,0.266,0.287,0.309,0.331,0.354,0.503,0.664,0.832,1.003,1.342,1.665,1.964,2.235,2.478,2.694,2.886,3.563
341.0,347.0,0.17,0.186,0.204,0.222,0.241,0.261,0.282,0.304,0.326,0.349,0.372,0.396,0.55,0.715,0.887,1.061,1.405,1.73,2.03,2.3,2.542,2.757,2.947,3.615
341.0,348.0,0.203,0.22,0.238,0.257,0.278,0.298,0.32,0.342,0.365,0.389,0.413,0.438,0.595,0.764,0.938,1.115,1.461,1.788,2.088,2.358,2.598,2.812,3.0,3.66
341.0,349.0,0.237,0.255,0.274,0.294,0.315,0.336,0.358,0.381,0.405,0.429,0.454,0.479,0.639,0.81,0.987,1.164,1.513,1.84,2.139,2.409,2.648,2.86,3.047,3.7
341.0,350.0,0.273,0.292,0.311,0.332,0.353,0.375,0.397,0.421,0.445,0.469,0.494,0.52,0.682,0.855,1.033,1.211,1.561,1.888,2.187,2.455,2.694,2.904,3.09,3.736
341.0,351.0,0.31,0.329,0.349,0.37,0.391,0.413,0.436,0.46,0.484,0.509,0.534,0.56,0.724,0.898,1.076,1.256,1.606,1.933,2.231,2.498,2.735,2.945,3.129,3.769
341.0,352.0,0.348,0.367,0.387,0.408,0.429,0.452,0.475,0.499,0.523,0.549,0.574,0.6,0.765,0.94,1.119,1.298,1.648,1.975,2.272,2.539,2.774,2.982,3.165,3.8
341.0,353.0,0.385,0.405,0.425,0.446,0.468,0.49,0.514,0.538,0.563,0.588,0.613,0.64,0.805,0.98,1.16,1.34,1.689,2.016,2.312,2.577,2.812,3.018,3.2,3.83
342.0,343.0,0.033,0.048,0.064,0.081,0.099,0.117,0.137,0.157,0.177,0.199,0.221,0.243,0.388,0.546,0.712,0.881,1.218,1.542,1.845,2.122,2.372,2.597,2.798,3.519
342.0,344.0,0.054,0.071,0.089,0.107,0.127,0.147,0.168,0.19,0.213,0.236,0.26,0.284,0.44,0.608,0.782,0.96,1.311,1.645,1.953,2.233,2.484,2.708,2.907,3.61
342.0,345.0,0.078,0.096,0.115,0.134,0.155,0.177,0.199,0.222,0.245,0.27,0.294,0.32,0.482,0.655,0.835,1.017,1.374,1.712,2.023,2.303,2.554,2.776,2.973,3.665
342.0,346.0,0.103,0.122,0.142,0.162,0.184,0.206,0.229,0.252,0.277,0.302,0.327,0.353,0.519,0.696,0.878,1.062,1.423,1.763,2.073,2.354,2.603,2.824,3.02,3.703
342.0,347.0,0.13,0.149,0.17,0.191,0.213,0.235,0.259,0.283,0.308,0.333,0.359,0.386,0.554,0.733,0.917,1.102,1.464,1.804,2.115,2.394,2.643,2.862,3.056,3.733
342.0,348.0,0.158,0.178,0.199,0.22,0.242,0.265,0.289,0.314,0.339,0.364,0.391,0.418,0.587,0.767,0.952,1.138,1.501,1.841,2.151,2.429,2.676,2.895,3.087,3.758
342.0,349.0,0.187,0.207,0.228,0.25,0.272,0.295,0.32,0.344,0.37,0.395,0.422,0.449,0.62,0.8,0.986,1.172,1.534,1.874,2.183,2.46,2.706,2.924,3.115,3.781
342.0,350.0,0.217,0.237,0.258,0.28,0.302,0.326,0.35,0.375,0.4,0.426,0.453,0.48,0.651,0.832,1.018,1.204,1.566,1.905,2.213,2.489,2.734,2.95,3.141,3.802
342.0,351.0,0.246,0.266,0.288,0.31,0.332,0.356,0.38,0.405,0.431,0.457,0.483,0.511,0.682,0.863,1.049,1.235,1.597,1.934,2.242,2.517,2.761,2.976,3.165,3.822
342.0,352.0,0.276,0.296,0.317,0.339,0.362,0.386,0.41,0.435,0.461,0.487,0.514,0.541,0.713,0.894,1.079,1.265,1.626,1.963,2.269,2.543,2.786,3.0,3.188,3.841
342.0,353.0,0.306,0.326,0.347,0.369,0.392,0.416,0.44,0.465,0.491,0.517,0.544,0.571,0.743,0.924,1.109,1.294,1.655,1.99,2.296,2.569,2.81,3.023,3.21,3.86
342.0,354.0,0.335,0.355,0.377,0.399,0.422,0.445,0.47,0.495,0.52,0.547,0.573,0.6,0.772,0.953,1.138,1.323,1.682,2.017,2.322,2.593,2.834,3.046,3.232,3.878
343.0,344.0,-0.009,0.0,0.011,0.023,0.037,0.051,0.067,0.083,0.101,0.119,0.138,0.158,0.293,0.447,0.612,0.785,1.135,1.476,1.796,2.089,2.354,2.592,2.804,3.56
343.0,345.0,-0.02,-0.007,0.008,0.024,0.041,0.058,0.077,0.097,0.118,0.139,0.161,0.184,0.335,0.502,0.679,0.86,1.223,1.572,1.895,2.189,2.452,2.688,2.896,3.633
343.0,346.0,-0.019,-0.002,0.015,0.034,0.053,0.074,0.095,0.117,0.141,0.164,0.189,0.214,0.377,0.554,0.74,0.928,1.3,1.653,1.978,2.272,2.534,2.766,2.972,3.691
343.0,347.0,-0.009,0.01,0.03,0.05,0.072,0.095,0.118,0.142,0.167,0.193,0.219,0.246,0.418,0.603,0.794,0.987,1.366,1.722,2.047,2.34,2.6,2.83,3.032,3.737
343.0,348.0,0.008,0.028,0.05,0.072,0.095,0.119,0.144,0.17,0.196,0.223,0.251,0.279,0.457,0.647,0.843,1.039,1.421,1.779,2.104,2.395,2.653,2.881,3.08,3.773
343.0,349.0,0.03,0.051,0.074,0.097,0.122,0.147,0.173,0.199,0.226,0.254,0.283,0.312,0.495,0.689,0.887,1.085,1.469,1.827,2.151,2.441,2.697,2.922,3.119,3.801
343.0,350.0,0.055,0.078,0.101,0.125,0.15,0.176,0.203,0.23,0.258,0.286,0.315,0.345,0.531,0.727,0.927,1.126,1.511,1.868,2.191,2.479,2.733,2.956,3.151,3.824
343.0,351.0,0.083,0.106,0.13,0.155,0.18,0.207,0.234,0.261,0.29,0.319,0.348,0.378,0.566,0.763,0.963,1.163,1.548,1.904,2.226,2.511,2.763,2.984,3.178,3.843
343.0,352.0,0.113,0.136,0.161,0.186,0.211,0.238,0.265,0.293,0.322,0.351,0.381,0.411,0.6,0.798,0.998,1.197,1.581,1.936,2.256,2.54,2.79,3.009,3.2,3.859
343.0,353.0,0.144,0.168,0.192,0.217,0.243,0.27,0.298,0.326,0.355,0.384,0.414,0.444,0.633,0.831,1.031,1.229,1.612,1.965,2.283,2.565,2.813,3.031,3.221,3.874
343.0,354.0,0.176,0.2,0.224,0.25,0.276,0.303,0.33,0.358,0.387,0.416,0.446,0.476,0.665,0.862,1.062,1.26,1.641,1.992,2.308,2.588,2.835,3.051,3.239,3.887
343.0,355.0,0.209,0.232,0.257,0.282,0.308,0.335,0.362,0.391,0.419,0.449,0.478,0.508,0.697,0.893,1.092,1.289,1.668,2.017,2.332,2.61,2.855,3.069,3.256,3.899
344.0,345.0,-0.032,-0.014,0.006,0.027,0.048,0.071,0.095,0.119,0.144,0.17,0.196,0.223,0.396,0.582,0.774,0.967,1.348,1.706,2.032,2.326,2.587,2.817,3.02,3.726
344.0,346.0,-0.011,0.008,0.028,0.049,0.072,0.095,0.119,0.144,0.17,0.196,0.223,0.251,0.428,0.617,0.812,1.009,1.394,1.755,2.083,2.376,2.636,2.865,3.066,3.762
344.0,347.0,0.01,0.029,0.05,0.071,0.094,0.117,0.141,0.167,0.192,0.219,0.246,0.274,0.452,0.643,0.839,1.037,1.423,1.784,2.111,2.404,2.663,2.89,3.09,3.779
344.0,348.0,0.031,0.05,0.071,0.093,0.115,0.139,0.163,0.188,0.214,0.241,0.268,0.296,0.474,0.665,0.861,1.059,1.444,1.804,2.13,2.422,2.68,2.906,3.105,3.79
344.0,349.0,0.052,0.072,0.092,0.114,0.136,0.16,0.184,0.209,0.235,0.262,0.289,0.317,0.495,0.685,0.881,1.078,1.462,1.821,2.146,2.436,2.693,2.918,3.116,3.797
344.0,350.0,0.074,0.093,0.114,0.135,0.158,0.181,0.205,0.23,0.256,0.283,0.31,0.338,0.515,0.705,0.9,1.096,1.479,1.836,2.16,2.449,2.704,2.929,3.125,3.803
344.0,351.0,0.095,0.114,0.135,0.156,0.179,0.202,0.226,0.251,0.277,0.304,0.331,0.358,0.535,0.724,0.918,1.114,1.495,1.85,2.173,2.461,2.715,2.939,3.134,3.81
344.0,352.0,0.117,0.136,0.156,0.177,0.2,0.223,0.247,0.272,0.298,0.324,0.351,0.379,0.555,0.743,0.936,1.131,1.51,1.865,2.186,2.472,2.726,2.948,3.143,3.816
344.0,353.0,0.138,0.157,0.177,0.198,0.221,0.244,0.268,0.292,0.318,0.344,0.371,0.399,0.574,0.761,0.954,1.148,1.526,1.879,2.199,2.484,2.736,2.958,3.152,3.822
344.0,354.0,0.159,0.178,0.198,0.219,0.241,0.264,0.288,0.313,0.338,0.364,0.391,0.419,0.593,0.78,0.972,1.165,1.541,1.893,2.212,2.496,2.747,2.968,3.162,3.829
344.0,355.0,0.179,0.198,0.218,0.24,0.262,0.285,0.308,0.333,0.358,0.384,0.411,0.438,0.612,0.798,0.989,1.182,1.557,1.907,2.225,2.508,2.758,2.978,3.171,3.836
344.0,356.0,0.2,0.219,0.239,0.26,0.282,0.305,0.328,0.353,0.378,0.404,0.431,0.458,0.631,0.816,1.007,1.198,1.572,1.921,2.238,2.52,2.77,2.989,3.181,3.844
345.0,346.0,-0.024,-0.015,-0.006,0.005,0.018,0.031,0.045,0.061,0.077,0.095,0.113,0.132,0.263,0.412,0.575,0.745,1.091,1.428,1.745,2.036,2.299,2.535,2.745,3.493
345.0,347.0,-0.041,-0.028,-0.014,0.001,0.018,0.035,0.054,0.073,0.093,0.114,0.136,0.158,0.305,0.468,0.641,0.818,1.174,1.515,1.833,2.123,2.383,2.616,2.822,3.554
345.0,348.0,-0.047,-0.03,-0.012,0.007,0.027,0.048,0.07,0.093,0.116,0.14,0.165,0.19,0.352,0.528,0.71,0.896,1.262,1.609,1.929,2.218,2.476,2.705,2.908,3.622
345.0,349.0,-0.044,-0.023,-0.002,0.02,0.043,0.067,0.091,0.116,0.142,0.169,0.196,0.224,0.399,0.585,0.775,0.967,1.342,1.694,2.014,2.303,2.559,2.785,2.985,3.681
345.0,350.0,-0.033,-0.01,0.013,0.038,0.063,0.089,0.116,0.143,0.171,0.2,0.229,0.258,0.443,0.637,0.834,1.031,1.412,1.766,2.087,2.373,2.627,2.85,3.047,3.727
345.0,351.0,-0.017,0.008,0.033,0.06,0.087,0.114,0.143,0.172,0.201,0.231,0.261,0.292,0.484,0.684,0.885,1.085,1.47,1.825,2.145,2.43,2.681,2.902,3.095,3.762
345.0,352.0,0.004,0.03,0.057,0.084,0.113,0.142,0.171,0.201,0.232,0.263,0.294,0.326,0.523,0.726,0.931,1.132,1.519,1.874,2.193,2.475,2.724,2.942,3.132,3.787
345.0,353.0,0.028,0.055,0.083,0.111,0.14,0.17,0.2,0.231,0.263,0.294,0.326,0.359,0.559,0.765,0.971,1.173,1.56,1.914,2.231,2.512,2.758,2.973,3.161,3.806
345.0,354.0,0.055,0.082,0.111,0.14,0.17,0.2,0.231,0.262,0.294,0.326,0.358,0.391,0.593,0.8,1.006,1.209,1.595,1.948,2.263,2.541,2.785,2.998,3.183,3.82
345.0,355.0,0.083,0.111,0.14,0.17,0.2,0.23,0.261,0.293,0.325,0.357,0.39,0.423,0.626,0.833,1.039,1.242,1.626,1.976,2.289,2.565,2.806,3.017,3.201,3.83
345.0,356.0,0.113,0.142,0.171,0.2,0.231,0.261,0.292,0.324,0.356,0.389,0.421,0.454,0.657,0.864,1.069,1.271,1.654,2.002,2.312,2.585,2.825,3.034,3.216,3.838
345.0,357.0,0.145,0.173,0.202,0.232,0.262,0.293,0.324,0.355,0.387,0.42,0.453,0.486,0.688,0.893,1.098,1.298,1.678,2.024,2.332,2.603,2.841,3.048,3.228,3.845
346.0,347.0,0.023,0.027,0.033,0.04,0.049,0.058,0.069,0.082,0.095,0.109,0.125,0.141,0.257,0.395,0.548,0.712,1.049,1.382,1.698,1.99,2.255,2.493,2.705,3.466
346.0,348.0,0.003,0.011,0.02,0.031,0.043,0.056,0.07,0.085,0.102,0.119,0.137,0.156,0.286,0.435,0.598,0.768,1.115,1.454,1.772,2.063,2.327,2.562,2.773,3.52
346.0,349.0,-0.003,0.008,0.02,0.033,0.048,0.063,0.08,0.098,0.117,0.136,0.157,0.178,0.319,0.479,0.649,0.826,1.183,1.526,1.847,2.138,2.401,2.635,2.842,3.576
346.0,350.0,0.001,0.014,0.028,0.043,0.06,0.077,0.096,0.116,0.136,0.157,0.18,0.203,0.353,0.52,0.698,0.88,1.243,1.591,1.913,2.205,2.466,2.698,2.904,3.625
346.0,351.0,0.011,0.026,0.042,0.059,0.077,0.096,0.116,0.137,0.159,0.181,0.205,0.229,0.386,0.559,0.741,0.927,1.296,1.646,1.969,2.261,2.521,2.751,2.955,3.666
346.0,352.0,0.027,0.043,0.059,0.077,0.097,0.117,0.138,0.16,0.183,0.206,0.231,0.256,0.418,0.595,0.78,0.969,1.341,1.693,2.016,2.307,2.566,2.794,2.996,3.698
346.0,353.0,0.046,0.062,0.08,0.099,0.119,0.14,0.162,0.184,0.208,0.232,0.257,0.283,0.449,0.629,0.816,1.006,1.38,1.733,2.056,2.345,2.603,2.83,3.03,3.724
346.0,354.0,0.067,0.084,0.103,0.122,0.143,0.164,0.186,0.21,0.234,0.258,0.284,0.31,0.478,0.66,0.848,1.039,1.415,1.767,2.089,2.378,2.634,2.86,3.058,3.746
346.0,355.0,0.09,0.108,0.127,0.146,0.167,0.189,0.212,0.235,0.26,0.285,0.31,0.337,0.506,0.689,0.878,1.07,1.445,1.798,2.119,2.406,2.661,2.885,3.083,3.765
346.0,356.0,0.115,0.132,0.151,0.171,0.192,0.214,0.237,0.261,0.286,0.311,0.337,0.363,0.534,0.717,0.907,1.098,1.473,1.825,2.145,2.431,2.685,2.908,3.104,3.781
346.0,357.0,0.14,0.158,0.177,0.197,0.218,0.24,0.263,0.287,0.312,0.337,0.363,0.39,0.561,0.744,0.934,1.125,1.499,1.85,2.169,2.454,2.706,2.928,3.123,3.796
346.0,358.0,0.165,0.183,0.202,0.223,0.244,0.266,0.289,0.313,0.338,0.363,0.389,0.416,0.587,0.77,0.96,1.151,1.524,1.873,2.191,2.475,2.726,2.947,3.141,3.81
347.0,348.0,0.108,0.111,0.115,0.121,0.129,0.138,0.149,0.161,0.174,0.189,0.205,0.222,0.343,0.492,0.658,0.836,1.206,1.571,1.918,2.237,2.527,2.787,3.018,3.844
347.0,349.0,0.132,0.14,0.149,0.16,0.172,0.186,0.201,0.217,0.235,0.253,0.273,0.294,0.437,0.604,0.785,0.975,1.362,1.737,2.087,2.406,2.692,2.948,3.174,3.968
347.0,350.0,0.167,0.179,0.192,0.207,0.223,0.241,0.26,0.28,0.301,0.323,0.346,0.37,0.531,0.712,0.905,1.105,1.504,1.885,2.236,2.553,2.836,3.086,3.306,4.072
347.0,351.0,0.211,0.227,0.243,0.261,0.281,0.301,0.323,0.346,0.37,0.395,0.421,0.447,0.622,0.815,1.017,1.223,1.631,2.015,2.366,2.68,2.958,3.203,3.418,4.158
347.0,352.0,0.263,0.281,0.3,0.321,0.343,0.366,0.39,0.416,0.442,0.469,0.497,0.525,0.711,0.912,1.121,1.331,1.744,2.129,2.478,2.789,3.062,3.302,3.511,4.228
347.0,353.0,0.32,0.34,0.362,0.385,0.409,0.434,0.46,0.487,0.515,0.544,0.573,0.603,0.797,1.004,1.217,1.431,1.846,2.23,2.576,2.883,3.152,3.387,3.591,4.287
347.0,354.0,0.381,0.403,0.427,0.451,0.477,0.503,0.531,0.559,0.589,0.619,0.649,0.681,0.88,1.091,1.307,1.522,1.938,2.321,2.663,2.965,3.23,3.46,3.66,4.337
347.0,355.0,0.446,0.47,0.494,0.52,0.547,0.574,0.603,0.632,0.663,0.694,0.725,0.757,0.961,1.174,1.392,1.608,2.022,2.402,2.741,3.039,3.299,3.524,3.72,4.381
347.0,356.0,0.514,0.538,0.564,0.59,0.618,0.646,0.676,0.706,0.737,0.768,0.801,0.833,1.039,1.254,1.472,1.688,2.101,2.477,2.812,3.105,3.361,3.582,3.774,4.42
347.0,357.0,0.583,0.608,0.634,0.662,0.69,0.719,0.749,0.779,0.811,0.843,0.875,0.908,1.116,1.331,1.549,1.764,2.174,2.547,2.877,3.166,3.418,3.635,3.823,4.456
347.0,358.0,0.654,0.679,0.706,0.734,0.762,0.792,0.822,0.853,0.884,0.917,0.949,0.983,1.19,1.406,1.623,1.837,2.243,2.612,2.938,3.223,3.471,3.685,3.87,4.49
347.0,359.0,0.725,0.751,0.778,0.806,0.835,0.864,0.895,0.926,0.957,0.99,1.023,1.056,1.264,1.479,1.694,1.907,2.31,2.674,2.997,3.278,3.521,3.732,3.913,4.522
348.0,349.0,-0.048,-0.03,-0.011,0.01,0.032,0.055,0.08,0.105,0.131,0.159,0.187,0.216,0.405,0.61,0.825,1.043,1.472,1.875,2.242,2.57,2.861,3.117,3.341,4.113
348.0,350.0,-0.052,-0.031,-0.008,0.016,0.042,0.068,0.096,0.125,0.155,0.185,0.217,0.249,0.454,0.675,0.901,1.129,1.571,1.981,2.35,2.677,2.963,3.213,3.432,4.174
348.0,351.0,-0.047,-0.023,0.002,0.029,0.057,0.086,0.116,0.147,0.179,0.211,0.245,0.279,0.495,0.723,0.956,1.189,1.636,2.047,2.415,2.738,3.021,3.266,3.48,4.201
348.0,352.0,-0.034,-0.009,0.019,0.047,0.076,0.107,0.138,0.171,0.204,0.238,0.272,0.307,0.529,0.762,0.998,1.232,1.681,2.09,2.455,2.775,3.054,3.295,3.505,4.211
348.0,353.0,-0.016,0.011,0.039,0.068,0.099,0.13,0.163,0.196,0.23,0.264,0.299,0.335,0.56,0.794,1.031,1.266,1.713,2.12,2.481,2.797,3.072,3.311,3.517,4.211
348.0,354.0,0.007,0.034,0.063,0.093,0.124,0.156,0.188,0.222,0.256,0.291,0.327,0.363,0.588,0.823,1.059,1.292,1.737,2.14,2.498,2.811,3.082,3.318,3.521,4.205
348.0,355.0,0.033,0.06,0.089,0.119,0.151,0.183,0.215,0.249,0.283,0.318,0.354,0.39,0.615,0.848,1.083,1.315,1.755,2.155,2.509,2.818,3.087,3.32,3.521,4.197
348.0,356.0,0.06,0.088,0.117,0.147,0.178,0.21,0.243,0.277,0.311,0.346,0.381,0.417,0.641,0.872,1.105,1.335,1.771,2.166,2.517,2.823,3.089,3.319,3.518,4.187
348.0,357.0,0.09,0.117,0.146,0.176,0.207,0.239,0.271,0.305,0.338,0.373,0.408,0.444,0.665,0.895,1.125,1.352,1.784,2.176,2.522,2.826,3.089,3.317,3.514,4.177
348.0,358.0,0.12,0.147,0.176,0.206,0.236,0.268,0.3,0.333,0.366,0.4,0.435,0.47,0.69,0.917,1.145,1.369,1.797,2.184,2.527,2.828,3.089,3.315,3.51,4.168
348.0,359.0,0.151,0.178,0.206,0.235,0.266,0.297,0.329,0.361,0.394,0.428,0.462,0.497,0.714,0.938,1.164,1.386,1.809,2.192,2.532,2.83,3.089,3.313,3.507,4.16
348.0,360.0,0.182,0.208,0.236,0.265,0.295,0.326,0.357,0.389,0.422,0.455,0.489,0.524,0.738,0.96,1.183,1.402,1.82,2.2,2.537,2.832,3.089,3.311,3.504,4.153
349.0,350.0,0.014,0.02,0.027,0.035,0.045,0.056,0.069,0.083,0.097,0.113,0.13,0.148,0.272,0.418,0.579,0.748,1.093,1.429,1.744,2.032,2.29,2.521,2.725,3.445
349.0,351.0,0.009,0.017,0.026,0.037,0.049,0.063,0.077,0.093,0.109,0.127,0.145,0.165,0.295,0.446,0.609,0.779,1.124,1.458,1.771,2.056,2.312,2.541,2.743,3.459
349.0,352.0,0.012,0.023,0.034,0.047,0.061,0.076,0.092,0.109,0.127,0.146,0.166,0.187,0.325,0.481,0.649,0.822,1.171,1.508,1.82,2.105,2.36,2.587,2.788,3.497
349.0,353.0,0.023,0.034,0.047,0.062,0.077,0.093,0.111,0.129,0.149,0.169,0.19,0.212,0.356,0.518,0.69,0.866,1.22,1.559,1.872,2.156,2.411,2.636,2.836,3.537
349.0,354.0,0.037,0.05,0.064,0.08,0.096,0.114,0.132,0.152,0.172,0.193,0.215,0.238,0.387,0.553,0.728,0.908,1.265,1.606,1.92,2.204,2.457,2.682,2.88,3.574
349.0,355.0,0.055,0.069,0.084,0.1,0.117,0.136,0.155,0.175,0.196,0.218,0.241,0.264,0.418,0.586,0.764,0.946,1.306,1.648,1.963,2.246,2.499,2.723,2.92,3.607
349.0,356.0,0.075,0.089,0.105,0.122,0.14,0.158,0.178,0.199,0.221,0.243,0.267,0.291,0.447,0.618,0.797,0.98,1.343,1.686,2.0,2.284,2.536,2.758,2.954,3.636
349.0,357.0,0.096,0.111,0.127,0.144,0.163,0.182,0.202,0.224,0.246,0.269,0.292,0.317,0.475,0.648,0.829,1.013,1.376,1.72,2.035,2.317,2.568,2.79,2.985,3.662
349.0,358.0,0.118,0.133,0.15,0.167,0.186,0.206,0.227,0.248,0.271,0.294,0.318,0.342,0.502,0.676,0.858,1.043,1.408,1.751,2.065,2.348,2.598,2.819,3.013,3.685
349.0,359.0,0.141,0.156,0.173,0.191,0.21,0.23,0.251,0.273,0.295,0.319,0.343,0.368,0.529,0.704,0.886,1.072,1.437,1.78,2.094,2.375,2.625,2.845,3.038,3.707
349.0,360.0,0.164,0.179,0.196,0.215,0.234,0.254,0.275,0.297,0.32,0.344,0.368,0.393,0.555,0.73,0.913,1.099,1.464,1.807,2.121,2.402,2.65,2.869,3.062,3.727
349.0,361.0,0.187,0.203,0.22,0.238,0.258,0.278,0.299,0.321,0.344,0.368,0.392,0.418,0.58,0.756,0.939,1.125,1.49,1.833,2.146,2.426,2.674,2.893,3.084,3.746
350.0,351.0,0.016,0.026,0.036,0.048,0.061,0.075,0.09,0.106,0.123,0.141,0.16,0.179,0.31,0.458,0.617,0.783,1.119,1.444,1.748,2.026,2.277,2.5,2.699,3.405
350.0,352.0,0.051,0.06,0.07,0.081,0.093,0.106,0.12,0.135,0.151,0.167,0.185,0.203,0.327,0.468,0.62,0.779,1.102,1.416,1.71,1.98,2.224,2.443,2.637,3.331
350.0,353.0,0.092,0.099,0.108,0.118,0.129,0.141,0.154,0.168,0.183,0.198,0.214,0.232,0.348,0.481,0.626,0.778,1.088,1.39,1.676,1.938,2.176,2.39,2.581,3.264
350.0,354.0,0.136,0.143,0.15,0.159,0.169,0.18,0.192,0.204,0.218,0.232,0.247,0.263,0.372,0.498,0.636,0.781,1.078,1.37,1.647,1.903,2.135,2.344,2.532,3.207
350.0,355.0,0.183,0.189,0.195,0.203,0.211,0.221,0.232,0.243,0.256,0.269,0.283,0.297,0.399,0.518,0.649,0.787,1.073,1.356,1.625,1.874,2.102,2.307,2.492,3.159
350.0,356.0,0.231,0.236,0.241,0.248,0.255,0.264,0.273,0.284,0.295,0.307,0.32,0.333,0.428,0.541,0.665,0.798,1.073,1.348,1.609,1.853,2.076,2.278,2.459,3.12
350.0,357.0,0.28,0.283,0.288,0.293,0.3,0.307,0.316,0.325,0.335,0.346,0.358,0.371,0.459,0.566,0.685,0.812,1.078,1.344,1.6,1.838,2.057,2.256,2.435,3.089
350.0,358.0,0.329,0.331,0.335,0.339,0.345,0.351,0.359,0.367,0.376,0.386,0.397,0.409,0.491,0.593,0.707,0.829,1.087,1.346,1.596,1.83,2.045,2.241,2.418,3.066
350.0,359.0,0.377,0.378,0.381,0.384,0.389,0.395,0.401,0.409,0.417,0.426,0.436,0.447,0.525,0.621,0.73,0.849,1.099,1.352,1.597,1.826,2.039,2.232,2.407,3.051
350.0,360.0,0.423,0.424,0.426,0.429,0.433,0.438,0.443,0.45,0.458,0.466,0.475,0.485,0.558,0.65,0.756,0.871,1.114,1.362,1.602,1.828,2.038,2.229,2.402,3.041
350.0,361.0,0.469,0.469,0.47,0.472,0.476,0.48,0.485,0.491,0.498,0.505,0.514,0.523,0.592,0.681,0.783,0.894,1.132,1.375,1.612,1.835,2.042,2.231,2.403,3.037
350.0,362.0,0.513,0.513,0.513,0.515,0.517,0.521,0.525,0.531,0.537,0.544,0.552,0.561,0.627,0.712,0.811,0.919,1.152,1.391,1.624,1.845,2.05,2.237,2.407,3.038
351.0,352.0,-0.11,-0.088,-0.066,-0.043,-0.02,0.005,0.03,0.056,0.082,0.109,0.137,0.164,0.34,0.524,0.712,0.899,1.262,1.599,1.904,2.177,2.417,2.629,2.814,3.455
351.0,353.0,-0.103,-0.086,-0.068,-0.049,-0.029,-0.009,0.013,0.035,0.058,0.082,0.107,0.132,0.291,0.463,0.641,0.821,1.174,1.505,1.808,2.079,2.321,2.534,2.721,3.372
351.0,354.0,-0.108,-0.094,-0.079,-0.064,-0.047,-0.029,-0.01,0.009,0.03,0.051,0.072,0.095,0.241,0.401,0.569,0.74,1.081,1.406,1.705,1.975,2.216,2.43,2.62,3.283
351.0,355.0,-0.12,-0.109,-0.097,-0.083,-0.069,-0.053,-0.037,-0.02,-0.002,0.017,0.037,0.057,0.192,0.342,0.501,0.666,0.996,1.313,1.608,1.877,2.118,2.333,2.523,3.197
351.0,356.0,-0.138,-0.129,-0.119,-0.107,-0.094,-0.081,-0.066,-0.051,-0.034,-0.017,0.001,0.02,0.145,0.286,0.439,0.597,0.918,1.229,1.521,1.787,2.028,2.243,2.435,3.117
351.0,357.0,-0.161,-0.153,-0.144,-0.134,-0.123,-0.111,-0.097,-0.083,-0.068,-0.052,-0.036,-0.018,0.099,0.235,0.381,0.535,0.848,1.154,1.442,1.707,1.947,2.163,2.355,3.045
351.0,358.0,-0.187,-0.18,-0.172,-0.163,-0.153,-0.142,-0.13,-0.117,-0.103,-0.088,-0.073,-0.056,0.056,0.185,0.327,0.477,0.783,1.085,1.37,1.633,1.873,2.089,2.282,2.978
351.0,359.0,-0.215,-0.21,-0.203,-0.195,-0.185,-0.175,-0.164,-0.152,-0.139,-0.125,-0.11,-0.094,0.013,0.138,0.276,0.422,0.723,1.021,1.303,1.566,1.805,2.021,2.215,2.916
351.0,360.0,-0.246,-0.241,-0.235,-0.227,-0.219,-0.209,-0.199,-0.187,-0.175,-0.162,-0.148,-0.133,-0.03,0.092,0.227,0.37,0.666,0.96,1.241,1.502,1.741,1.957,2.152,2.858
351.0,361.0,-0.278,-0.274,-0.268,-0.261,-0.253,-0.244,-0.234,-0.224,-0.212,-0.199,-0.186,-0.171,-0.072,0.047,0.179,0.319,0.612,0.903,1.182,1.442,1.681,1.897,2.092,2.802
351.0,362.0,-0.311,-0.307,-0.302,-0.296,-0.289,-0.28,-0.271,-0.26,-0.249,-0.237,-0.224,-0.21,-0.114,0.002,0.132,0.27,0.559,0.848,1.125,1.384,1.623,1.839,2.034,2.749
351.0,363.0,-0.346,-0.342,-0.337,-0.332,-0.325,-0.317,-0.308,-0.298,-0.287,-0.275,-0.263,-0.249,-0.155,-0.042,0.086,0.222,0.508,0.794,1.07,1.329,1.567,1.783,1.979,2.697
352.0,353.0,-0.127,-0.107,-0.087,-0.066,-0.045,-0.022,0.001,0.025,0.05,0.075,0.1,0.127,0.292,0.468,0.648,0.828,1.18,1.507,1.804,2.069,2.304,2.511,2.692,3.32
352.0,354.0,-0.127,-0.112,-0.096,-0.079,-0.061,-0.042,-0.022,-0.001,0.02,0.042,0.064,0.088,0.237,0.4,0.57,0.743,1.083,1.406,1.702,1.969,2.206,2.417,2.602,3.25
352.0,355.0,-0.137,-0.125,-0.112,-0.097,-0.082,-0.066,-0.049,-0.031,-0.012,0.008,0.028,0.049,0.187,0.34,0.502,0.668,1.001,1.319,1.614,1.881,2.121,2.334,2.523,3.188
352.0,356.0,-0.155,-0.145,-0.133,-0.121,-0.108,-0.093,-0.078,-0.062,-0.045,-0.027,-0.008,0.011,0.141,0.287,0.443,0.605,0.931,1.246,1.54,1.808,2.049,2.265,2.457,3.135
352.0,357.0,-0.178,-0.169,-0.159,-0.148,-0.136,-0.123,-0.109,-0.094,-0.078,-0.061,-0.044,-0.026,0.098,0.239,0.391,0.549,0.871,1.184,1.478,1.747,1.99,2.208,2.401,3.091
352.0,358.0,-0.205,-0.197,-0.188,-0.178,-0.167,-0.155,-0.142,-0.128,-0.113,-0.097,-0.08,-0.062,0.057,0.195,0.344,0.5,0.82,1.132,1.425,1.695,1.94,2.159,2.355,3.054
352.0,359.0,-0.234,-0.228,-0.219,-0.21,-0.2,-0.188,-0.175,-0.162,-0.147,-0.132,-0.116,-0.099,0.018,0.153,0.301,0.456,0.773,1.085,1.379,1.65,1.896,2.117,2.315,3.022
352.0,360.0,-0.266,-0.26,-0.252,-0.243,-0.233,-0.222,-0.21,-0.197,-0.183,-0.168,-0.152,-0.135,-0.021,0.113,0.26,0.414,0.731,1.043,1.338,1.61,1.857,2.08,2.279,2.994
352.0,361.0,-0.3,-0.294,-0.286,-0.278,-0.268,-0.257,-0.245,-0.232,-0.218,-0.204,-0.188,-0.172,-0.058,0.075,0.221,0.375,0.692,1.004,1.3,1.573,1.822,2.046,2.247,2.968
352.0,362.0,-0.334,-0.328,-0.321,-0.313,-0.303,-0.292,-0.281,-0.268,-0.254,-0.24,-0.224,-0.208,-0.095,0.037,0.183,0.337,0.654,0.967,1.264,1.539,1.789,2.014,2.216,2.943
352.0,363.0,-0.369,-0.363,-0.356,-0.348,-0.339,-0.328,-0.317,-0.304,-0.291,-0.276,-0.261,-0.244,-0.132,0.0,0.146,0.3,0.618,0.932,1.23,1.506,1.757,1.984,2.187,2.92
352.0,364.0,-0.405,-0.399,-0.392,-0.384,-0.375,-0.364,-0.353,-0.34,-0.327,-0.312,-0.297,-0.281,-0.169,-0.037,0.109,0.264,0.582,0.898,1.197,1.474,1.727,1.955,2.159,2.897
353.0,354.0,-0.078,-0.064,-0.049,-0.033,-0.016,0.001,0.02,0.039,0.058,0.079,0.1,0.121,0.26,0.411,0.569,0.729,1.047,1.348,1.626,1.877,2.101,2.3,2.476,3.094
353.0,355.0,-0.082,-0.072,-0.06,-0.048,-0.034,-0.02,-0.004,0.012,0.029,0.046,0.064,0.083,0.208,0.347,0.496,0.648,0.956,1.252,1.529,1.781,2.008,2.211,2.391,3.031
353.0,356.0,-0.097,-0.089,-0.079,-0.069,-0.057,-0.045,-0.032,-0.018,-0.003,0.013,0.03,0.047,0.162,0.294,0.436,0.584,0.885,1.179,1.455,1.708,1.938,2.144,2.327,2.985
353.0,357.0,-0.119,-0.112,-0.104,-0.095,-0.085,-0.074,-0.062,-0.049,-0.035,-0.021,-0.006,0.011,0.12,0.247,0.385,0.53,0.828,1.12,1.397,1.652,1.883,2.092,2.279,2.951
353.0,358.0,-0.145,-0.14,-0.133,-0.125,-0.116,-0.106,-0.094,-0.082,-0.069,-0.056,-0.041,-0.026,0.08,0.204,0.34,0.483,0.78,1.072,1.35,1.607,1.841,2.052,2.241,2.925
353.0,359.0,-0.176,-0.171,-0.165,-0.157,-0.149,-0.139,-0.129,-0.117,-0.105,-0.091,-0.077,-0.062,0.041,0.163,0.298,0.441,0.738,1.031,1.31,1.569,1.806,2.019,2.211,2.904
353.0,360.0,-0.209,-0.205,-0.199,-0.192,-0.184,-0.174,-0.164,-0.153,-0.141,-0.128,-0.114,-0.099,0.003,0.125,0.26,0.403,0.7,0.995,1.276,1.537,1.776,1.992,2.185,2.887
353.0,361.0,-0.244,-0.24,-0.234,-0.228,-0.22,-0.211,-0.201,-0.19,-0.178,-0.165,-0.151,-0.136,-0.034,0.087,0.222,0.366,0.665,0.962,1.245,1.509,1.749,1.967,2.163,2.873
353.0,362.0,-0.281,-0.277,-0.271,-0.265,-0.257,-0.248,-0.238,-0.227,-0.215,-0.202,-0.188,-0.174,-0.072,0.05,0.186,0.331,0.632,0.931,1.217,1.482,1.725,1.945,2.143,2.859
353.0,363.0,-0.319,-0.314,-0.309,-0.302,-0.295,-0.286,-0.276,-0.265,-0.253,-0.24,-0.226,-0.211,-0.109,0.014,0.151,0.296,0.599,0.901,1.189,1.457,1.702,1.924,2.123,2.847
353.0,364.0,-0.357,-0.353,-0.347,-0.341,-0.333,-0.324,-0.314,-0.303,-0.291,-0.278,-0.264,-0.249,-0.146,-0.022,0.116,0.263,0.568,0.872,1.162,1.433,1.68,1.903,2.105,2.834
353.0,365.0,-0.396,-0.392,-0.386,-0.379,-0.372,-0.362,-0.352,-0.341,-0.329,-0.316,-0.302,-0.287,-0.183,-0.058,0.081,0.229,0.537,0.843,1.136,1.408,1.657,1.883,2.086,2.821
354.0,355.0,-0.044,-0.021,0.003,0.027,0.052,0.077,0.103,0.129,0.156,0.183,0.21,0.238,0.408,0.582,0.758,0.93,1.262,1.568,1.843,2.089,2.306,2.497,2.664,3.246
354.0,356.0,0.029,0.049,0.069,0.09,0.111,0.134,0.156,0.18,0.204,0.228,0.253,0.278,0.435,0.599,0.767,0.934,1.259,1.561,1.836,2.083,2.301,2.495,2.665,3.258
354.0,357.0,0.09,0.107,0.125,0.143,0.162,0.182,0.203,0.224,0.246,0.268,0.291,0.314,0.462,0.618,0.78,0.943,1.261,1.561,1.835,2.082,2.302,2.497,2.669,3.272
354.0,358.0,0.142,0.157,0.173,0.19,0.207,0.226,0.245,0.265,0.285,0.306,0.327,0.349,0.49,0.641,0.799,0.958,1.272,1.57,1.844,2.091,2.312,2.508,2.681,3.291
354.0,359.0,0.187,0.201,0.216,0.232,0.248,0.265,0.283,0.302,0.322,0.342,0.362,0.383,0.52,0.668,0.822,0.979,1.291,1.587,1.861,2.108,2.33,2.527,2.701,3.316
354.0,360.0,0.228,0.241,0.255,0.27,0.286,0.302,0.32,0.338,0.357,0.376,0.396,0.417,0.55,0.696,0.849,1.005,1.315,1.611,1.885,2.133,2.355,2.553,2.728,3.345
354.0,361.0,0.265,0.277,0.291,0.305,0.321,0.337,0.354,0.372,0.39,0.409,0.429,0.449,0.581,0.726,0.878,1.034,1.344,1.64,1.914,2.162,2.385,2.583,2.758,3.377
354.0,362.0,0.299,0.311,0.324,0.339,0.354,0.37,0.387,0.404,0.422,0.441,0.461,0.481,0.612,0.757,0.909,1.065,1.375,1.672,1.946,2.195,2.418,2.616,2.792,3.411
354.0,363.0,0.331,0.343,0.356,0.37,0.385,0.401,0.418,0.435,0.454,0.473,0.492,0.512,0.644,0.788,0.941,1.097,1.408,1.705,1.98,2.23,2.453,2.652,2.827,3.447
354.0,364.0,0.361,0.373,0.386,0.401,0.416,0.432,0.448,0.466,0.484,0.503,0.523,0.543,0.675,0.82,0.973,1.13,1.442,1.74,2.016,2.266,2.489,2.688,2.864,3.483
354.0,365.0,0.39,0.402,0.416,0.43,0.445,0.461,0.478,0.495,0.514,0.533,0.553,0.573,0.706,0.852,1.006,1.163,1.477,1.776,2.052,2.302,2.526,2.725,2.901,3.518
354.0,366.0,0.418,0.431,0.444,0.458,0.473,0.49,0.507,0.524,0.543,0.562,0.582,0.602,0.736,0.883,1.038,1.196,1.511,1.811,2.088,2.339,2.563,2.762,2.938,3.554
355.0,356.0,-0.051,-0.02,0.012,0.043,0.075,0.107,0.139,0.171,0.204,0.236,0.269,0.301,0.496,0.687,0.874,1.053,1.387,1.685,1.947,2.176,2.375,2.549,2.699,3.212
355.0,357.0,0.064,0.089,0.114,0.14,0.166,0.193,0.22,0.247,0.275,0.303,0.331,0.359,0.532,0.706,0.879,1.049,1.369,1.661,1.921,2.151,2.353,2.529,2.683,3.211
355.0,358.0,0.155,0.176,0.197,0.219,0.241,0.264,0.287,0.31,0.334,0.359,0.384,0.409,0.565,0.726,0.889,1.05,1.36,1.646,1.904,2.135,2.338,2.517,2.674,3.217
355.0,359.0,0.23,0.247,0.265,0.284,0.303,0.323,0.344,0.365,0.387,0.409,0.431,0.454,0.598,0.75,0.905,1.06,1.363,1.645,1.903,2.134,2.339,2.519,2.679,3.234
355.0,360.0,0.292,0.307,0.323,0.34,0.357,0.375,0.394,0.413,0.433,0.454,0.474,0.496,0.632,0.778,0.928,1.08,1.378,1.658,1.915,2.147,2.353,2.536,2.698,3.262
355.0,361.0,0.344,0.358,0.372,0.388,0.404,0.421,0.438,0.457,0.476,0.495,0.515,0.535,0.667,0.808,0.956,1.106,1.402,1.682,1.939,2.172,2.38,2.564,2.727,3.299
355.0,362.0,0.389,0.402,0.416,0.43,0.446,0.462,0.479,0.496,0.514,0.533,0.553,0.573,0.701,0.841,0.988,1.137,1.432,1.713,1.971,2.205,2.415,2.6,2.765,3.342
355.0,363.0,0.429,0.441,0.454,0.469,0.483,0.499,0.516,0.533,0.551,0.569,0.588,0.608,0.736,0.875,1.021,1.171,1.467,1.749,2.009,2.245,2.455,2.642,2.808,3.388
355.0,364.0,0.464,0.476,0.489,0.503,0.518,0.534,0.55,0.567,0.585,0.603,0.622,0.642,0.77,0.91,1.057,1.207,1.505,1.789,2.051,2.288,2.5,2.688,2.854,3.437
355.0,365.0,0.497,0.509,0.522,0.536,0.55,0.566,0.582,0.6,0.617,0.636,0.655,0.675,0.803,0.944,1.092,1.244,1.545,1.831,2.095,2.333,2.546,2.735,2.902,3.487
355.0,366.0,0.527,0.539,0.552,0.566,0.581,0.597,0.613,0.63,0.649,0.667,0.687,0.706,0.836,0.979,1.129,1.282,1.585,1.874,2.139,2.379,2.593,2.783,2.95,3.536
355.0,367.0,0.555,0.567,0.58,0.595,0.61,0.626,0.643,0.66,0.678,0.697,0.717,0.737,0.869,1.013,1.165,1.319,1.626,1.917,2.184,2.426,2.641,2.831,2.999,3.584
356.0,357.0,-0.02,0.007,0.033,0.06,0.087,0.114,0.141,0.169,0.196,0.224,0.251,0.279,0.446,0.611,0.772,0.929,1.221,1.485,1.72,1.926,2.107,2.265,2.403,2.879
356.0,358.0,0.105,0.123,0.143,0.162,0.183,0.203,0.224,0.245,0.267,0.289,0.311,0.333,0.472,0.614,0.758,0.9,1.174,1.429,1.66,1.867,2.051,2.213,2.357,2.861
356.0,359.0,0.201,0.214,0.228,0.243,0.259,0.275,0.291,0.309,0.326,0.344,0.362,0.381,0.5,0.626,0.757,0.889,1.15,1.398,1.626,1.834,2.02,2.187,2.335,2.86
356.0,360.0,0.275,0.285,0.296,0.308,0.32,0.333,0.346,0.361,0.375,0.39,0.406,0.422,0.528,0.644,0.766,0.892,1.144,1.387,1.615,1.824,2.012,2.182,2.333,2.875
356.0,361.0,0.333,0.341,0.349,0.359,0.369,0.38,0.391,0.404,0.417,0.43,0.444,0.459,0.555,0.664,0.782,0.903,1.151,1.393,1.62,1.83,2.021,2.193,2.348,2.903
356.0,362.0,0.379,0.385,0.392,0.4,0.409,0.419,0.429,0.44,0.452,0.464,0.477,0.49,0.582,0.687,0.802,0.921,1.167,1.409,1.638,1.85,2.043,2.218,2.374,2.941
356.0,363.0,0.415,0.421,0.427,0.434,0.442,0.451,0.46,0.471,0.482,0.494,0.506,0.519,0.608,0.711,0.825,0.944,1.19,1.433,1.665,1.879,2.075,2.251,2.41,2.986
356.0,364.0,0.445,0.45,0.456,0.462,0.47,0.478,0.488,0.498,0.508,0.52,0.532,0.545,0.633,0.736,0.85,0.97,1.218,1.464,1.697,1.914,2.112,2.291,2.452,3.034
356.0,365.0,0.47,0.475,0.48,0.487,0.494,0.502,0.511,0.521,0.532,0.544,0.556,0.568,0.657,0.761,0.876,0.998,1.249,1.498,1.734,1.954,2.154,2.335,2.498,3.085
356.0,366.0,0.491,0.496,0.501,0.508,0.515,0.524,0.533,0.543,0.554,0.565,0.578,0.591,0.68,0.786,0.903,1.027,1.282,1.534,1.774,1.996,2.199,2.381,2.545,3.137
356.0,367.0,0.51,0.515,0.52,0.527,0.535,0.543,0.553,0.563,0.574,0.586,0.599,0.612,0.704,0.812,0.931,1.057,1.316,1.572,1.815,2.04,2.245,2.429,2.594,3.189
356.0,368.0,0.527,0.532,0.538,0.545,0.553,0.562,0.571,0.582,0.594,0.606,0.619,0.632,0.727,0.837,0.959,1.087,1.351,1.611,1.857,2.084,2.291,2.477,2.643,3.24
357.0,358.0,-0.145,-0.111,-0.077,-0.043,-0.009,0.025,0.059,0.092,0.126,0.16,0.193,0.226,0.423,0.612,0.794,0.966,1.282,1.562,1.805,2.017,2.201,2.361,2.5,2.971
357.0,359.0,-0.074,-0.051,-0.028,-0.005,0.019,0.043,0.068,0.093,0.118,0.143,0.168,0.194,0.351,0.509,0.667,0.822,1.116,1.386,1.629,1.846,2.036,2.204,2.352,2.865
357.0,360.0,-0.036,-0.021,-0.005,0.011,0.027,0.045,0.062,0.081,0.099,0.119,0.138,0.158,0.284,0.419,0.557,0.697,0.973,1.233,1.473,1.691,1.887,2.061,2.216,2.765
357.0,361.0,-0.02,-0.011,-0.001,0.01,0.022,0.035,0.048,0.061,0.076,0.091,0.106,0.122,0.227,0.344,0.468,0.597,0.857,1.109,1.347,1.565,1.764,1.943,2.103,2.681
357.0,362.0,-0.021,-0.016,-0.009,-0.001,0.007,0.016,0.026,0.037,0.048,0.06,0.073,0.086,0.176,0.281,0.395,0.516,0.765,1.012,1.247,1.466,1.667,1.85,2.014,2.615
357.0,363.0,-0.035,-0.032,-0.027,-0.022,-0.016,-0.009,-0.001,0.007,0.017,0.027,0.038,0.049,0.129,0.226,0.333,0.449,0.691,0.934,1.169,1.389,1.592,1.778,1.946,2.565
357.0,364.0,-0.057,-0.056,-0.053,-0.049,-0.045,-0.039,-0.033,-0.025,-0.017,-0.009,0.001,0.011,0.085,0.176,0.28,0.392,0.63,0.871,1.106,1.328,1.534,1.722,1.893,2.528
357.0,365.0,-0.086,-0.086,-0.084,-0.081,-0.077,-0.073,-0.067,-0.061,-0.054,-0.046,-0.037,-0.028,0.042,0.13,0.231,0.342,0.578,0.82,1.056,1.279,1.487,1.678,1.852,2.5
357.0,366.0,-0.119,-0.12,-0.119,-0.117,-0.113,-0.109,-0.105,-0.099,-0.092,-0.085,-0.076,-0.067,0.0,0.086,0.187,0.297,0.533,0.775,1.013,1.239,1.449,1.643,1.819,2.479
357.0,367.0,-0.156,-0.157,-0.156,-0.154,-0.152,-0.148,-0.143,-0.138,-0.131,-0.124,-0.116,-0.108,-0.041,0.045,0.145,0.255,0.492,0.737,0.977,1.205,1.418,1.614,1.793,2.462
357.0,368.0,-0.195,-0.196,-0.195,-0.194,-0.191,-0.188,-0.183,-0.178,-0.172,-0.165,-0.157,-0.148,-0.082,0.004,0.105,0.215,0.455,0.702,0.944,1.175,1.39,1.589,1.77,2.449
357.0,369.0,-0.236,-0.236,-0.236,-0.235,-0.232,-0.229,-0.224,-0.219,-0.213,-0.206,-0.198,-0.189,-0.123,-0.036,0.066,0.178,0.419,0.669,0.914,1.148,1.366,1.567,1.75,2.437
358.0,359.0,-0.06,-0.029,0.001,0.031,0.061,0.092,0.122,0.152,0.182,0.212,0.242,0.271,0.447,0.616,0.779,0.935,1.224,1.481,1.709,1.91,2.086,2.241,2.377,2.849
358.0,360.0,0.049,0.072,0.095,0.119,0.143,0.166,0.19,0.214,0.239,0.263,0.287,0.312,0.46,0.607,0.752,0.894,1.164,1.411,1.635,1.836,2.014,2.173,2.313,2.811
358.0,361.0,0.134,0.152,0.17,0.188,0.207,0.226,0.246,0.265,0.285,0.306,0.326,0.347,0.474,0.605,0.738,0.869,1.125,1.365,1.586,1.787,1.968,2.13,2.274,2.793
358.0,362.0,0.2,0.214,0.229,0.244,0.259,0.275,0.291,0.308,0.325,0.342,0.36,0.378,0.491,0.61,0.734,0.858,1.104,1.34,1.559,1.761,1.944,2.108,2.256,2.793
358.0,363.0,0.253,0.264,0.276,0.289,0.302,0.315,0.329,0.344,0.358,0.374,0.389,0.406,0.509,0.621,0.738,0.858,1.098,1.331,1.55,1.753,1.938,2.105,2.256,2.807
358.0,364.0,0.296,0.305,0.315,0.326,0.337,0.349,0.362,0.375,0.388,0.402,0.417,0.431,0.528,0.635,0.748,0.865,1.103,1.335,1.555,1.76,1.947,2.117,2.27,2.833
358.0,365.0,0.332,0.34,0.349,0.358,0.369,0.379,0.391,0.403,0.415,0.429,0.442,0.456,0.549,0.653,0.764,0.88,1.117,1.35,1.572,1.778,1.968,2.14,2.296,2.868
358.0,366.0,0.363,0.37,0.378,0.387,0.397,0.407,0.418,0.429,0.441,0.454,0.467,0.48,0.571,0.674,0.784,0.9,1.138,1.373,1.596,1.805,1.997,2.171,2.329,2.909
358.0,367.0,0.391,0.398,0.405,0.414,0.423,0.433,0.443,0.454,0.466,0.478,0.491,0.505,0.595,0.697,0.808,0.925,1.164,1.401,1.628,1.839,2.033,2.209,2.369,2.955
358.0,368.0,0.417,0.423,0.431,0.439,0.448,0.458,0.468,0.479,0.491,0.503,0.516,0.529,0.62,0.723,0.835,0.953,1.195,1.435,1.664,1.877,2.073,2.252,2.413,3.004
358.0,369.0,0.441,0.448,0.455,0.464,0.473,0.482,0.493,0.504,0.516,0.528,0.541,0.555,0.646,0.751,0.864,0.984,1.229,1.472,1.704,1.919,2.117,2.297,2.459,3.054
358.0,370.0,0.466,0.472,0.48,0.488,0.497,0.507,0.518,0.529,0.541,0.554,0.567,0.581,0.674,0.78,0.896,1.017,1.266,1.512,1.746,1.964,2.163,2.345,2.508,3.105
359.0,360.0,-0.069,-0.047,-0.026,-0.003,0.019,0.042,0.065,0.088,0.111,0.134,0.157,0.181,0.324,0.467,0.609,0.748,1.012,1.254,1.473,1.668,1.84,1.993,2.128,2.601
359.0,361.0,-0.038,-0.024,-0.009,0.006,0.022,0.038,0.054,0.071,0.088,0.106,0.124,0.142,0.256,0.377,0.501,0.626,0.872,1.106,1.322,1.52,1.698,1.858,2.001,2.514
359.0,362.0,-0.028,-0.019,-0.009,0.002,0.013,0.025,0.037,0.049,0.063,0.076,0.091,0.105,0.2,0.305,0.417,0.532,0.766,0.994,1.209,1.409,1.591,1.756,1.905,2.449
359.0,363.0,-0.033,-0.027,-0.02,-0.013,-0.005,0.004,0.013,0.023,0.034,0.045,0.057,0.069,0.152,0.246,0.35,0.459,0.685,0.91,1.125,1.327,1.513,1.683,1.837,2.406
359.0,364.0,-0.049,-0.045,-0.041,-0.035,-0.029,-0.022,-0.015,-0.006,0.002,0.012,0.022,0.033,0.107,0.196,0.295,0.401,0.622,0.846,1.063,1.268,1.457,1.631,1.79,2.379
359.0,365.0,-0.073,-0.071,-0.068,-0.064,-0.059,-0.053,-0.047,-0.039,-0.031,-0.023,-0.014,-0.004,0.066,0.151,0.248,0.352,0.573,0.798,1.017,1.225,1.418,1.596,1.758,2.366
359.0,366.0,-0.103,-0.102,-0.099,-0.096,-0.092,-0.087,-0.081,-0.074,-0.067,-0.059,-0.05,-0.041,0.027,0.111,0.206,0.311,0.533,0.76,0.983,1.194,1.391,1.573,1.739,2.361
359.0,367.0,-0.138,-0.136,-0.134,-0.132,-0.128,-0.123,-0.117,-0.111,-0.104,-0.096,-0.088,-0.079,-0.012,0.072,0.169,0.274,0.499,0.73,0.956,1.172,1.373,1.558,1.727,2.363
359.0,368.0,-0.174,-0.174,-0.172,-0.169,-0.165,-0.161,-0.155,-0.149,-0.142,-0.134,-0.126,-0.117,-0.049,0.036,0.134,0.241,0.47,0.705,0.935,1.155,1.36,1.548,1.721,2.368
359.0,369.0,-0.213,-0.212,-0.211,-0.208,-0.204,-0.199,-0.194,-0.188,-0.18,-0.172,-0.164,-0.155,-0.086,0.001,0.101,0.21,0.443,0.683,0.918,1.142,1.35,1.542,1.717,2.376
359.0,370.0,-0.253,-0.252,-0.25,-0.248,-0.244,-0.239,-0.233,-0.227,-0.219,-0.211,-0.202,-0.193,-0.122,-0.033,0.069,0.18,0.419,0.664,0.903,1.13,1.343,1.538,1.716,2.384
359.0,371.0,-0.294,-0.293,-0.291,-0.288,-0.284,-0.279,-0.273,-0.266,-0.258,-0.25,-0.241,-0.231,-0.158,-0.067,0.038,0.152,0.396,0.645,0.889,1.12,1.336,1.534,1.715,2.392
360.0,361.0,0.062,0.096,0.129,0.162,0.195,0.227,0.259,0.29,0.321,0.352,0.382,0.412,0.585,0.746,0.896,1.034,1.282,1.494,1.676,1.832,1.966,2.081,2.181,2.52
360.0,362.0,0.224,0.246,0.269,0.291,0.313,0.336,0.358,0.381,0.403,0.426,0.448,0.47,0.602,0.731,0.855,0.975,1.197,1.397,1.575,1.733,1.871,1.994,2.101,2.478
360.0,363.0,0.348,0.363,0.378,0.393,0.408,0.424,0.44,0.456,0.472,0.488,0.505,0.522,0.624,0.729,0.835,0.94,1.143,1.332,1.507,1.665,1.807,1.935,2.048,2.456
360.0,364.0,0.445,0.455,0.464,0.475,0.485,0.496,0.507,0.519,0.531,0.543,0.556,0.569,0.651,0.74,0.832,0.927,1.116,1.299,1.471,1.63,1.775,1.907,2.025,2.459
360.0,365.0,0.521,0.527,0.534,0.54,0.548,0.556,0.564,0.573,0.582,0.591,0.601,0.612,0.681,0.759,0.843,0.931,1.111,1.291,1.462,1.623,1.771,1.906,2.029,2.483
360.0,366.0,0.582,0.585,0.589,0.594,0.599,0.605,0.611,0.618,0.626,0.634,0.642,0.651,0.711,0.783,0.862,0.946,1.123,1.301,1.474,1.637,1.788,1.926,2.053,2.525
360.0,367.0,0.63,0.632,0.634,0.638,0.642,0.646,0.651,0.657,0.664,0.67,0.678,0.686,0.741,0.81,0.887,0.97,1.146,1.325,1.5,1.666,1.821,1.963,2.093,2.579
360.0,368.0,0.669,0.67,0.672,0.674,0.678,0.681,0.686,0.691,0.697,0.703,0.71,0.718,0.771,0.839,0.915,0.999,1.177,1.359,1.538,1.707,1.865,2.011,2.144,2.643
360.0,369.0,0.701,0.702,0.703,0.705,0.708,0.712,0.716,0.721,0.727,0.733,0.74,0.747,0.801,0.869,0.947,1.032,1.214,1.4,1.583,1.756,1.918,2.067,2.203,2.712
360.0,370.0,0.728,0.729,0.73,0.732,0.735,0.739,0.743,0.748,0.754,0.76,0.767,0.775,0.83,0.899,0.98,1.067,1.254,1.446,1.633,1.811,1.976,2.128,2.267,2.784
360.0,371.0,0.751,0.752,0.754,0.756,0.759,0.763,0.768,0.773,0.779,0.786,0.793,0.801,0.858,0.931,1.014,1.104,1.297,1.494,1.687,1.868,2.037,2.192,2.333,2.858
360.0,372.0,0.772,0.773,0.775,0.777,0.781,0.785,0.79,0.796,0.802,0.81,0.817,0.826,0.886,0.962,1.048,1.142,1.342,1.545,1.742,1.928,2.1,2.258,2.401,2.931
361.0,362.0,0.069,0.086,0.103,0.12,0.137,0.154,0.172,0.189,0.206,0.224,0.241,0.259,0.363,0.467,0.569,0.668,0.856,1.028,1.184,1.325,1.45,1.562,1.662,2.02
361.0,363.0,0.175,0.186,0.197,0.209,0.221,0.233,0.245,0.257,0.27,0.283,0.296,0.309,0.39,0.475,0.562,0.648,0.82,0.984,1.138,1.279,1.409,1.527,1.633,2.026
361.0,364.0,0.258,0.265,0.273,0.281,0.289,0.298,0.307,0.317,0.326,0.336,0.347,0.357,0.425,0.498,0.576,0.656,0.82,0.98,1.134,1.278,1.412,1.534,1.646,2.066
361.0,365.0,0.323,0.328,0.333,0.339,0.345,0.352,0.359,0.367,0.375,0.383,0.392,0.401,0.46,0.528,0.602,0.679,0.84,1.001,1.157,1.305,1.443,1.57,1.687,2.129
361.0,366.0,0.374,0.377,0.382,0.386,0.391,0.397,0.403,0.41,0.417,0.424,0.432,0.44,0.496,0.561,0.633,0.71,0.872,1.036,1.196,1.349,1.492,1.624,1.745,2.206
361.0,367.0,0.415,0.418,0.421,0.425,0.43,0.435,0.44,0.446,0.453,0.46,0.467,0.475,0.53,0.595,0.668,0.746,0.912,1.081,1.247,1.405,1.553,1.689,1.815,2.293
361.0,368.0,0.448,0.451,0.454,0.458,0.462,0.467,0.473,0.479,0.485,0.492,0.5,0.507,0.563,0.63,0.705,0.786,0.958,1.133,1.305,1.468,1.621,1.763,1.892,2.384
361.0,369.0,0.476,0.479,0.482,0.486,0.49,0.496,0.501,0.507,0.514,0.521,0.529,0.537,0.595,0.665,0.743,0.828,1.007,1.189,1.367,1.536,1.694,1.84,1.973,2.477
361.0,370.0,0.5,0.503,0.507,0.511,0.516,0.521,0.527,0.534,0.541,0.549,0.557,0.566,0.627,0.7,0.782,0.871,1.058,1.247,1.432,1.607,1.769,1.919,2.056,2.57
361.0,371.0,0.521,0.524,0.528,0.533,0.538,0.544,0.551,0.558,0.566,0.574,0.583,0.592,0.657,0.735,0.822,0.914,1.109,1.306,1.498,1.678,1.845,1.999,2.139,2.661
361.0,372.0,0.54,0.544,0.548,0.554,0.559,0.566,0.573,0.581,0.589,0.598,0.608,0.618,0.687,0.77,0.861,0.958,1.161,1.366,1.563,1.749,1.921,2.078,2.22,2.75
361.0,373.0,0.558,0.562,0.567,0.573,0.579,0.587,0.594,0.603,0.612,0.622,0.632,0.643,0.717,0.804,0.9,1.001,1.213,1.425,1.628,1.819,1.994,2.154,2.3,2.835
362.0,363.0,-0.047,-0.017,0.012,0.042,0.071,0.1,0.128,0.157,0.185,0.213,0.24,0.267,0.425,0.572,0.71,0.839,1.071,1.273,1.448,1.6,1.732,1.846,1.946,2.291
362.0,364.0,0.029,0.047,0.065,0.083,0.102,0.12,0.139,0.158,0.177,0.196,0.215,0.234,0.349,0.463,0.576,0.686,0.896,1.089,1.265,1.423,1.564,1.69,1.802,2.201
362.0,365.0,0.094,0.103,0.113,0.123,0.134,0.145,0.156,0.168,0.18,0.192,0.204,0.217,0.299,0.388,0.481,0.575,0.766,0.951,1.125,1.287,1.434,1.569,1.69,2.136
362.0,366.0,0.151,0.154,0.158,0.162,0.167,0.172,0.178,0.185,0.192,0.199,0.207,0.215,0.274,0.343,0.421,0.504,0.679,0.857,1.03,1.194,1.347,1.488,1.616,2.099
362.0,367.0,0.2,0.199,0.198,0.198,0.199,0.201,0.203,0.206,0.21,0.214,0.218,0.224,0.265,0.322,0.389,0.464,0.629,0.802,0.974,1.141,1.298,1.443,1.578,2.091
362.0,368.0,0.244,0.239,0.236,0.233,0.231,0.23,0.23,0.23,0.231,0.233,0.236,0.239,0.269,0.317,0.377,0.447,0.605,0.777,0.95,1.119,1.28,1.43,1.57,2.107
362.0,369.0,0.282,0.276,0.27,0.266,0.262,0.259,0.257,0.256,0.255,0.256,0.257,0.258,0.282,0.324,0.38,0.447,0.603,0.775,0.95,1.122,1.287,1.442,1.585,2.143
362.0,370.0,0.317,0.309,0.302,0.296,0.291,0.287,0.284,0.282,0.281,0.28,0.28,0.281,0.3,0.339,0.394,0.46,0.617,0.79,0.969,1.145,1.313,1.472,1.62,2.194
362.0,371.0,0.348,0.34,0.332,0.325,0.32,0.315,0.312,0.309,0.307,0.306,0.305,0.306,0.323,0.362,0.416,0.483,0.642,0.819,1.001,1.181,1.354,1.517,1.668,2.256
362.0,372.0,0.377,0.368,0.36,0.353,0.347,0.342,0.339,0.336,0.333,0.332,0.332,0.332,0.35,0.389,0.445,0.513,0.676,0.857,1.044,1.229,1.405,1.572,1.726,2.325
362.0,373.0,0.404,0.395,0.387,0.38,0.374,0.369,0.365,0.362,0.36,0.359,0.359,0.359,0.378,0.419,0.477,0.548,0.716,0.903,1.095,1.284,1.464,1.634,1.791,2.399
362.0,374.0,0.43,0.421,0.413,0.406,0.4,0.395,0.392,0.389,0.387,0.386,0.387,0.387,0.408,0.452,0.513,0.587,0.761,0.954,1.15,1.343,1.528,1.7,1.86,2.475
363.0,364.0,0.042,0.065,0.087,0.11,0.132,0.154,0.177,0.199,0.221,0.243,0.265,0.287,0.415,0.54,0.659,0.774,0.986,1.176,1.346,1.496,1.629,1.746,1.849,2.213
363.0,365.0,0.107,0.12,0.133,0.147,0.16,0.174,0.188,0.203,0.217,0.232,0.247,0.262,0.354,0.45,0.546,0.642,0.831,1.009,1.174,1.325,1.463,1.586,1.697,2.103
363.0,366.0,0.14,0.147,0.154,0.161,0.169,0.177,0.185,0.194,0.203,0.213,0.223,0.233,0.299,0.373,0.453,0.535,0.705,0.873,1.034,1.185,1.326,1.454,1.572,2.012
363.0,367.0,0.15,0.152,0.155,0.158,0.161,0.166,0.17,0.175,0.181,0.187,0.193,0.2,0.249,0.309,0.376,0.449,0.605,0.766,0.925,1.076,1.219,1.352,1.474,1.943
363.0,368.0,0.142,0.141,0.141,0.141,0.142,0.144,0.146,0.149,0.152,0.156,0.16,0.165,0.202,0.252,0.311,0.378,0.526,0.683,0.84,0.993,1.139,1.275,1.402,1.895
363.0,369.0,0.122,0.119,0.117,0.115,0.115,0.114,0.115,0.116,0.118,0.12,0.123,0.126,0.156,0.199,0.254,0.318,0.461,0.617,0.775,0.93,1.079,1.219,1.35,1.863
363.0,370.0,0.092,0.088,0.085,0.082,0.08,0.079,0.078,0.078,0.079,0.08,0.082,0.085,0.11,0.15,0.203,0.265,0.407,0.563,0.723,0.882,1.034,1.178,1.313,1.845
363.0,371.0,0.056,0.051,0.047,0.043,0.041,0.039,0.038,0.037,0.037,0.038,0.039,0.041,0.064,0.104,0.156,0.217,0.361,0.519,0.682,0.844,1.0,1.148,1.287,1.836
363.0,372.0,0.015,0.009,0.005,0.001,-0.002,-0.004,-0.006,-0.007,-0.007,-0.006,-0.005,-0.003,0.019,0.059,0.111,0.174,0.32,0.482,0.649,0.815,0.975,1.127,1.27,1.834
363.0,373.0,-0.03,-0.035,-0.04,-0.044,-0.047,-0.049,-0.051,-0.052,-0.052,-0.051,-0.05,-0.048,-0.026,0.015,0.068,0.133,0.283,0.449,0.621,0.791,0.955,1.111,1.257,1.836
363.0,374.0,-0.076,-0.082,-0.087,-0.09,-0.093,-0.096,-0.097,-0.098,-0.098,-0.097,-0.096,-0.094,-0.07,-0.028,0.028,0.094,0.249,0.42,0.596,0.771,0.939,1.099,1.249,1.84
363.0,375.0,-0.124,-0.129,-0.134,-0.138,-0.141,-0.143,-0.144,-0.145,-0.144,-0.144,-0.142,-0.14,-0.114,-0.07,-0.012,0.057,0.216,0.392,0.574,0.753,0.926,1.089,1.242,1.846
364.0,365.0,0.041,0.07,0.1,0.129,0.158,0.187,0.215,0.243,0.272,0.3,0.327,0.355,0.515,0.667,0.81,0.945,1.192,1.408,1.597,1.762,1.906,2.031,2.141,2.521
364.0,366.0,0.16,0.182,0.205,0.228,0.25,0.273,0.296,0.319,0.342,0.365,0.387,0.41,0.546,0.679,0.809,0.934,1.168,1.38,1.57,1.739,1.888,2.02,2.136,2.546
364.0,367.0,0.252,0.27,0.287,0.305,0.324,0.342,0.361,0.38,0.399,0.418,0.437,0.457,0.575,0.694,0.814,0.931,1.157,1.366,1.557,1.729,1.883,2.021,2.143,2.579
364.0,368.0,0.325,0.339,0.353,0.368,0.383,0.399,0.415,0.431,0.447,0.464,0.481,0.498,0.604,0.715,0.827,0.94,1.16,1.369,1.562,1.737,1.896,2.038,2.165,2.623
364.0,369.0,0.383,0.394,0.407,0.419,0.432,0.446,0.46,0.474,0.489,0.504,0.519,0.535,0.634,0.739,0.848,0.958,1.177,1.387,1.582,1.761,1.924,2.071,2.202,2.678
364.0,370.0,0.43,0.44,0.451,0.462,0.474,0.486,0.499,0.513,0.526,0.54,0.555,0.57,0.664,0.767,0.874,0.984,1.204,1.416,1.615,1.798,1.965,2.115,2.25,2.741
364.0,371.0,0.468,0.478,0.488,0.499,0.51,0.522,0.534,0.547,0.56,0.573,0.587,0.602,0.695,0.797,0.905,1.015,1.238,1.454,1.657,1.844,2.015,2.169,2.307,2.809
364.0,372.0,0.502,0.511,0.52,0.531,0.542,0.553,0.565,0.578,0.591,0.604,0.618,0.632,0.726,0.829,0.938,1.05,1.277,1.497,1.705,1.896,2.07,2.228,2.369,2.881
364.0,373.0,0.53,0.539,0.549,0.559,0.57,0.582,0.594,0.606,0.619,0.633,0.647,0.662,0.757,0.861,0.973,1.088,1.32,1.545,1.757,1.952,2.13,2.29,2.434,2.954
364.0,374.0,0.556,0.565,0.575,0.585,0.597,0.608,0.621,0.633,0.647,0.661,0.675,0.69,0.787,0.895,1.009,1.127,1.365,1.595,1.812,2.011,2.192,2.355,2.501,3.027
364.0,375.0,0.58,0.589,0.599,0.61,0.621,0.633,0.646,0.659,0.673,0.688,0.702,0.718,0.818,0.929,1.046,1.167,1.411,1.647,1.868,2.071,2.255,2.42,2.568,3.099
364.0,376.0,0.602,0.612,0.622,0.633,0.645,0.658,0.671,0.685,0.699,0.714,0.729,0.745,0.848,0.963,1.084,1.208,1.458,1.699,1.924,2.13,2.317,2.484,2.634,3.169
365.0,366.0,0.101,0.13,0.158,0.187,0.215,0.243,0.271,0.299,0.326,0.354,0.381,0.408,0.565,0.715,0.858,0.992,1.239,1.457,1.649,1.818,1.966,2.097,2.211,2.612
365.0,367.0,0.252,0.273,0.294,0.315,0.337,0.358,0.379,0.401,0.422,0.444,0.465,0.487,0.615,0.742,0.866,0.987,1.214,1.423,1.612,1.781,1.932,2.066,2.186,2.613
365.0,368.0,0.372,0.387,0.403,0.418,0.434,0.45,0.467,0.484,0.5,0.517,0.534,0.552,0.658,0.768,0.878,0.988,1.202,1.403,1.589,1.76,1.914,2.052,2.177,2.629
365.0,369.0,0.468,0.479,0.49,0.502,0.514,0.526,0.539,0.552,0.566,0.58,0.594,0.608,0.699,0.796,0.897,0.999,1.204,1.402,1.587,1.759,1.917,2.059,2.188,2.662
365.0,370.0,0.545,0.553,0.561,0.57,0.58,0.59,0.6,0.611,0.622,0.634,0.646,0.658,0.739,0.828,0.922,1.02,1.22,1.417,1.604,1.778,1.939,2.086,2.219,2.712
365.0,371.0,0.607,0.613,0.62,0.627,0.634,0.643,0.652,0.661,0.671,0.681,0.692,0.703,0.777,0.861,0.953,1.049,1.248,1.445,1.635,1.813,1.978,2.128,2.265,2.775
365.0,372.0,0.659,0.663,0.668,0.674,0.681,0.688,0.696,0.705,0.713,0.723,0.733,0.743,0.814,0.897,0.987,1.083,1.284,1.484,1.678,1.86,2.029,2.183,2.324,2.848
365.0,373.0,0.702,0.706,0.71,0.716,0.722,0.728,0.736,0.744,0.752,0.761,0.771,0.781,0.851,0.933,1.025,1.122,1.326,1.531,1.729,1.916,2.089,2.247,2.391,2.927
365.0,374.0,0.739,0.743,0.747,0.752,0.758,0.764,0.772,0.78,0.788,0.797,0.807,0.817,0.887,0.971,1.065,1.165,1.374,1.584,1.787,1.979,2.156,2.318,2.465,3.01
365.0,375.0,0.773,0.776,0.78,0.785,0.791,0.798,0.805,0.813,0.822,0.831,0.841,0.851,0.924,1.01,1.107,1.21,1.425,1.641,1.85,2.046,2.226,2.392,2.541,3.094
365.0,376.0,0.803,0.806,0.811,0.816,0.822,0.829,0.837,0.845,0.854,0.864,0.874,0.885,0.961,1.05,1.15,1.257,1.479,1.701,1.915,2.115,2.299,2.467,2.619,3.178
365.0,377.0,0.831,0.835,0.84,0.846,0.852,0.86,0.868,0.877,0.886,0.896,0.907,0.919,0.998,1.091,1.195,1.305,1.534,1.762,1.981,2.185,2.373,2.544,2.698,3.261
366.0,367.0,0.111,0.146,0.181,0.216,0.25,0.285,0.318,0.352,0.385,0.418,0.451,0.483,0.671,0.849,1.015,1.172,1.455,1.702,1.917,2.104,2.266,2.407,2.531,2.956
366.0,368.0,0.298,0.325,0.353,0.381,0.409,0.436,0.464,0.492,0.519,0.547,0.574,0.601,0.763,0.92,1.071,1.216,1.485,1.725,1.939,2.128,2.294,2.44,2.569,3.017
366.0,369.0,0.451,0.473,0.495,0.517,0.539,0.562,0.584,0.607,0.63,0.653,0.676,0.699,0.84,0.98,1.118,1.254,1.511,1.747,1.961,2.152,2.322,2.472,2.606,3.078
366.0,370.0,0.578,0.595,0.613,0.63,0.649,0.667,0.686,0.705,0.725,0.745,0.765,0.785,0.909,1.037,1.166,1.295,1.544,1.778,1.992,2.185,2.359,2.515,2.653,3.146
366.0,371.0,0.684,0.697,0.712,0.726,0.742,0.758,0.774,0.79,0.807,0.825,0.842,0.86,0.973,1.093,1.216,1.341,1.586,1.819,2.035,2.232,2.41,2.569,2.711,3.223
366.0,372.0,0.772,0.783,0.795,0.808,0.821,0.835,0.849,0.864,0.879,0.895,0.911,0.928,1.034,1.148,1.268,1.39,1.634,1.869,2.088,2.289,2.471,2.634,2.781,3.308
366.0,373.0,0.845,0.855,0.866,0.877,0.889,0.901,0.914,0.928,0.942,0.957,0.972,0.988,1.09,1.202,1.321,1.443,1.688,1.926,2.149,2.354,2.54,2.708,2.858,3.398
366.0,374.0,0.907,0.916,0.925,0.936,0.947,0.959,0.971,0.984,0.998,1.012,1.027,1.042,1.142,1.254,1.373,1.497,1.746,1.988,2.216,2.426,2.616,2.787,2.94,3.491
366.0,375.0,0.959,0.967,0.976,0.986,0.997,1.008,1.02,1.033,1.047,1.061,1.075,1.09,1.191,1.304,1.425,1.551,1.806,2.054,2.286,2.5,2.694,2.869,3.025,3.584
366.0,376.0,1.003,1.011,1.02,1.03,1.04,1.052,1.064,1.077,1.09,1.104,1.119,1.135,1.237,1.352,1.477,1.605,1.867,2.12,2.358,2.577,2.775,2.952,3.11,3.677
366.0,377.0,1.041,1.049,1.058,1.068,1.078,1.09,1.102,1.116,1.129,1.144,1.159,1.175,1.28,1.399,1.527,1.659,1.927,2.187,2.431,2.653,2.855,3.035,3.195,3.767
366.0,378.0,1.073,1.081,1.091,1.101,1.112,1.124,1.137,1.151,1.165,1.18,1.196,1.212,1.321,1.444,1.575,1.712,1.987,2.253,2.502,2.729,2.933,3.116,3.278,3.853
367.0,368.0,0.074,0.098,0.122,0.146,0.17,0.194,0.219,0.243,0.267,0.291,0.315,0.339,0.483,0.623,0.759,0.89,1.134,1.354,1.549,1.721,1.873,2.005,2.122,2.527
367.0,369.0,0.128,0.143,0.159,0.175,0.191,0.207,0.224,0.241,0.259,0.276,0.294,0.312,0.423,0.538,0.654,0.769,0.994,1.204,1.398,1.572,1.729,1.87,1.994,2.439
367.0,370.0,0.156,0.165,0.175,0.185,0.196,0.208,0.219,0.232,0.244,0.257,0.271,0.284,0.373,0.469,0.571,0.675,0.884,1.088,1.279,1.455,1.616,1.762,1.893,2.37
367.0,371.0,0.165,0.17,0.176,0.183,0.19,0.198,0.206,0.215,0.225,0.235,0.245,0.256,0.329,0.413,0.505,0.601,0.8,0.998,1.188,1.366,1.53,1.68,1.816,2.319
367.0,372.0,0.16,0.163,0.166,0.171,0.175,0.181,0.187,0.194,0.201,0.209,0.217,0.226,0.289,0.365,0.45,0.541,0.734,0.929,1.12,1.299,1.467,1.62,1.76,2.285
367.0,373.0,0.145,0.146,0.148,0.151,0.154,0.158,0.162,0.168,0.174,0.18,0.187,0.195,0.251,0.322,0.403,0.492,0.681,0.876,1.068,1.25,1.42,1.577,1.721,2.263
367.0,374.0,0.123,0.123,0.124,0.125,0.127,0.13,0.134,0.138,0.144,0.149,0.156,0.163,0.215,0.283,0.362,0.449,0.638,0.834,1.028,1.213,1.386,1.547,1.694,2.251
367.0,375.0,0.096,0.095,0.095,0.096,0.097,0.1,0.103,0.107,0.111,0.117,0.123,0.129,0.18,0.246,0.325,0.412,0.602,0.801,0.997,1.185,1.362,1.526,1.676,2.246
367.0,376.0,0.065,0.064,0.063,0.064,0.065,0.067,0.07,0.074,0.078,0.083,0.089,0.095,0.145,0.212,0.291,0.379,0.571,0.772,0.972,1.163,1.344,1.511,1.664,2.246
367.0,377.0,0.032,0.03,0.029,0.03,0.031,0.033,0.036,0.039,0.044,0.049,0.054,0.061,0.111,0.178,0.259,0.348,0.544,0.748,0.951,1.146,1.33,1.5,1.656,2.249
367.0,378.0,-0.004,-0.005,-0.006,-0.006,-0.004,-0.002,0.001,0.004,0.009,0.014,0.02,0.026,0.077,0.146,0.228,0.319,0.519,0.727,0.934,1.132,1.319,1.492,1.651,2.253
367.0,379.0,-0.04,-0.041,-0.042,-0.042,-0.04,-0.038,-0.035,-0.031,-0.027,-0.021,-0.015,-0.009,0.044,0.115,0.198,0.292,0.495,0.708,0.918,1.12,1.31,1.486,1.647,2.258
368.0,369.0,0.127,0.153,0.179,0.205,0.232,0.258,0.283,0.309,0.335,0.361,0.386,0.412,0.562,0.706,0.845,0.977,1.22,1.436,1.626,1.793,1.939,2.066,2.178,2.563
368.0,370.0,0.17,0.187,0.205,0.224,0.242,0.261,0.279,0.298,0.318,0.337,0.356,0.376,0.494,0.614,0.733,0.85,1.074,1.28,1.468,1.636,1.787,1.92,2.038,2.457
368.0,371.0,0.19,0.202,0.214,0.227,0.24,0.253,0.267,0.281,0.295,0.31,0.325,0.34,0.435,0.536,0.64,0.745,0.953,1.151,1.336,1.505,1.658,1.796,1.919,2.366
368.0,372.0,0.194,0.202,0.21,0.219,0.228,0.238,0.248,0.259,0.27,0.281,0.293,0.305,0.384,0.472,0.565,0.661,0.857,1.049,1.231,1.4,1.556,1.697,1.824,2.294
368.0,373.0,0.187,0.191,0.197,0.203,0.21,0.217,0.225,0.233,0.242,0.251,0.26,0.27,0.338,0.417,0.502,0.593,0.78,0.968,1.149,1.318,1.476,1.62,1.751,2.239
368.0,374.0,0.17,0.173,0.177,0.181,0.186,0.191,0.197,0.204,0.211,0.219,0.227,0.236,0.296,0.368,0.449,0.535,0.718,0.903,1.084,1.254,1.414,1.56,1.694,2.197
368.0,375.0,0.148,0.149,0.151,0.155,0.158,0.163,0.168,0.173,0.179,0.186,0.193,0.201,0.256,0.324,0.402,0.486,0.666,0.851,1.031,1.204,1.365,1.514,1.651,2.167
368.0,376.0,0.12,0.121,0.123,0.125,0.128,0.131,0.136,0.14,0.146,0.152,0.159,0.166,0.218,0.284,0.36,0.443,0.622,0.807,0.989,1.163,1.326,1.478,1.617,2.145
368.0,377.0,0.09,0.09,0.091,0.093,0.095,0.098,0.102,0.107,0.112,0.117,0.124,0.13,0.181,0.246,0.321,0.404,0.583,0.769,0.953,1.129,1.295,1.449,1.59,2.128
368.0,378.0,0.058,0.057,0.058,0.059,0.062,0.064,0.068,0.072,0.077,0.082,0.088,0.095,0.145,0.209,0.284,0.368,0.548,0.736,0.922,1.1,1.268,1.424,1.568,2.115
368.0,379.0,0.024,0.023,0.024,0.025,0.027,0.03,0.033,0.037,0.042,0.047,0.053,0.06,0.109,0.174,0.25,0.334,0.516,0.706,0.894,1.075,1.245,1.404,1.549,2.104
368.0,380.0,-0.011,-0.012,-0.011,-0.01,-0.008,-0.005,-0.002,0.002,0.007,0.012,0.018,0.025,0.075,0.14,0.217,0.301,0.486,0.678,0.869,1.052,1.225,1.385,1.532,2.095
369.0,370.0,0.079,0.099,0.119,0.139,0.16,0.18,0.201,0.222,0.243,0.264,0.285,0.306,0.432,0.557,0.681,0.8,1.026,1.233,1.418,1.584,1.731,1.86,1.975,2.378
369.0,371.0,0.127,0.139,0.151,0.164,0.177,0.19,0.204,0.218,0.233,0.248,0.263,0.278,0.374,0.475,0.579,0.683,0.89,1.088,1.271,1.439,1.591,1.727,1.85,2.293
369.0,372.0,0.149,0.155,0.163,0.17,0.179,0.187,0.197,0.206,0.216,0.227,0.238,0.249,0.324,0.409,0.499,0.593,0.786,0.976,1.158,1.327,1.483,1.625,1.754,2.228
369.0,373.0,0.152,0.155,0.159,0.164,0.169,0.174,0.181,0.187,0.195,0.202,0.211,0.22,0.281,0.354,0.436,0.523,0.707,0.893,1.074,1.246,1.405,1.551,1.685,2.185
369.0,374.0,0.142,0.143,0.145,0.147,0.15,0.153,0.158,0.163,0.168,0.174,0.181,0.188,0.241,0.307,0.384,0.467,0.647,0.832,1.014,1.187,1.35,1.5,1.638,2.16
369.0,375.0,0.122,0.122,0.122,0.123,0.125,0.127,0.13,0.134,0.138,0.143,0.149,0.155,0.203,0.266,0.34,0.421,0.599,0.785,0.969,1.146,1.313,1.467,1.609,2.149
369.0,376.0,0.096,0.094,0.093,0.094,0.095,0.096,0.099,0.102,0.106,0.11,0.115,0.121,0.166,0.228,0.301,0.382,0.561,0.75,0.937,1.117,1.288,1.446,1.592,2.148
369.0,377.0,0.064,0.062,0.061,0.061,0.061,0.063,0.065,0.068,0.071,0.076,0.08,0.086,0.131,0.192,0.265,0.348,0.53,0.722,0.913,1.098,1.272,1.434,1.583,2.153
369.0,378.0,0.029,0.027,0.026,0.026,0.026,0.027,0.029,0.032,0.036,0.04,0.045,0.05,0.096,0.158,0.233,0.317,0.503,0.699,0.895,1.084,1.262,1.427,1.58,2.163
369.0,379.0,-0.007,-0.01,-0.011,-0.011,-0.011,-0.009,-0.007,-0.004,-0.001,0.004,0.009,0.014,0.061,0.125,0.202,0.289,0.479,0.68,0.88,1.073,1.255,1.425,1.581,2.175
369.0,380.0,-0.046,-0.048,-0.049,-0.049,-0.048,-0.047,-0.045,-0.041,-0.037,-0.033,-0.028,-0.022,0.027,0.093,0.173,0.262,0.458,0.663,0.868,1.066,1.252,1.424,1.583,2.188
369.0,381.0,-0.085,-0.086,-0.087,-0.087,-0.086,-0.085,-0.082,-0.079,-0.074,-0.069,-0.064,-0.057,-0.007,0.062,0.144,0.236,0.437,0.648,0.858,1.059,1.249,1.425,1.586,2.2
370.0,371.0,0.212,0.24,0.268,0.295,0.322,0.349,0.376,0.403,0.429,0.456,0.482,0.508,0.66,0.805,0.943,1.073,1.311,1.521,1.704,1.864,2.004,2.125,2.232,2.599
370.0,372.0,0.307,0.329,0.351,0.373,0.395,0.417,0.439,0.462,0.484,0.506,0.528,0.55,0.683,0.813,0.939,1.061,1.29,1.497,1.681,1.845,1.99,2.118,2.23,2.624
370.0,373.0,0.381,0.399,0.417,0.435,0.454,0.472,0.491,0.51,0.529,0.548,0.568,0.587,0.705,0.825,0.943,1.06,1.282,1.488,1.674,1.842,1.991,2.124,2.241,2.659
370.0,374.0,0.439,0.454,0.47,0.485,0.501,0.517,0.534,0.551,0.568,0.585,0.603,0.62,0.729,0.842,0.955,1.068,1.288,1.494,1.683,1.854,2.008,2.145,2.268,2.704
370.0,375.0,0.486,0.499,0.512,0.526,0.541,0.555,0.571,0.586,0.602,0.618,0.634,0.65,0.754,0.863,0.974,1.086,1.305,1.513,1.706,1.881,2.038,2.18,2.306,2.759
370.0,376.0,0.523,0.535,0.548,0.561,0.574,0.588,0.602,0.617,0.632,0.647,0.663,0.678,0.779,0.886,0.997,1.109,1.331,1.542,1.738,1.917,2.079,2.224,2.354,2.82
370.0,377.0,0.554,0.565,0.577,0.59,0.602,0.616,0.63,0.644,0.659,0.674,0.689,0.705,0.805,0.912,1.024,1.137,1.362,1.578,1.778,1.961,2.127,2.276,2.408,2.886
370.0,378.0,0.58,0.591,0.602,0.615,0.627,0.641,0.654,0.669,0.683,0.698,0.714,0.729,0.83,0.939,1.053,1.168,1.398,1.618,1.823,2.01,2.18,2.331,2.467,2.954
370.0,379.0,0.602,0.613,0.625,0.637,0.65,0.663,0.677,0.691,0.706,0.721,0.737,0.753,0.856,0.967,1.083,1.201,1.436,1.661,1.871,2.062,2.235,2.39,2.528,3.022
370.0,380.0,0.622,0.633,0.645,0.657,0.67,0.684,0.698,0.713,0.728,0.744,0.76,0.776,0.881,0.995,1.114,1.235,1.476,1.707,1.921,2.116,2.292,2.449,2.59,3.09
370.0,381.0,0.639,0.651,0.663,0.676,0.689,0.703,0.718,0.733,0.749,0.765,0.781,0.798,0.906,1.024,1.146,1.27,1.517,1.753,1.971,2.17,2.349,2.509,2.651,3.156
370.0,382.0,0.655,0.667,0.68,0.693,0.707,0.722,0.737,0.753,0.769,0.785,0.802,0.82,0.931,1.052,1.178,1.305,1.558,1.799,2.022,2.224,2.405,2.567,2.711,3.221
371.0,372.0,0.418,0.445,0.472,0.499,0.526,0.552,0.579,0.605,0.63,0.656,0.681,0.706,0.852,0.989,1.118,1.238,1.457,1.648,1.813,1.957,2.082,2.191,2.285,2.612
371.0,373.0,0.543,0.563,0.583,0.603,0.623,0.643,0.663,0.683,0.703,0.723,0.743,0.763,0.882,0.999,1.112,1.221,1.425,1.61,1.775,1.922,2.053,2.168,2.269,2.627
371.0,374.0,0.637,0.652,0.667,0.682,0.697,0.713,0.728,0.744,0.76,0.777,0.793,0.809,0.91,1.012,1.113,1.214,1.408,1.589,1.755,1.905,2.04,2.16,2.267,2.652
371.0,375.0,0.709,0.72,0.731,0.743,0.755,0.768,0.781,0.794,0.807,0.82,0.834,0.848,0.936,1.028,1.123,1.218,1.406,1.586,1.753,1.906,2.045,2.17,2.282,2.688
371.0,376.0,0.764,0.772,0.781,0.791,0.801,0.812,0.822,0.834,0.845,0.857,0.869,0.882,0.961,1.048,1.138,1.231,1.416,1.596,1.766,1.922,2.065,2.194,2.31,2.735
371.0,377.0,0.806,0.813,0.821,0.829,0.837,0.847,0.856,0.866,0.877,0.888,0.899,0.91,0.986,1.069,1.158,1.249,1.435,1.618,1.79,1.95,2.097,2.23,2.35,2.791
371.0,378.0,0.838,0.845,0.852,0.859,0.867,0.875,0.884,0.894,0.904,0.914,0.925,0.936,1.009,1.092,1.18,1.273,1.461,1.647,1.823,1.987,2.138,2.275,2.398,2.851
371.0,379.0,0.864,0.87,0.877,0.884,0.891,0.9,0.908,0.918,0.927,0.937,0.948,0.959,1.032,1.115,1.205,1.299,1.492,1.682,1.862,2.031,2.185,2.325,2.452,2.916
371.0,380.0,0.885,0.891,0.897,0.904,0.912,0.92,0.929,0.938,0.948,0.958,0.969,0.98,1.055,1.14,1.232,1.328,1.526,1.721,1.906,2.078,2.236,2.38,2.509,2.982
371.0,381.0,0.903,0.909,0.915,0.923,0.93,0.939,0.948,0.957,0.967,0.978,0.989,1.0,1.077,1.165,1.26,1.359,1.562,1.762,1.952,2.129,2.29,2.437,2.568,3.049
371.0,382.0,0.918,0.924,0.931,0.939,0.947,0.956,0.965,0.975,0.986,0.997,1.008,1.02,1.1,1.19,1.288,1.391,1.6,1.805,2.0,2.181,2.345,2.494,2.628,3.115
371.0,383.0,0.932,0.939,0.946,0.954,0.962,0.972,0.981,0.992,1.003,1.014,1.026,1.039,1.122,1.216,1.318,1.423,1.639,1.85,2.049,2.233,2.401,2.552,2.688,3.18
372.0,373.0,0.511,0.539,0.567,0.595,0.622,0.65,0.676,0.703,0.729,0.755,0.781,0.807,0.953,1.091,1.219,1.338,1.553,1.74,1.901,2.041,2.163,2.268,2.361,2.68
372.0,374.0,0.617,0.638,0.659,0.68,0.701,0.722,0.743,0.763,0.784,0.805,0.825,0.846,0.968,1.086,1.199,1.308,1.512,1.695,1.859,2.005,2.134,2.249,2.35,2.71
372.0,375.0,0.691,0.706,0.723,0.739,0.755,0.772,0.788,0.805,0.822,0.839,0.856,0.873,0.977,1.081,1.185,1.287,1.484,1.667,1.834,1.986,2.122,2.245,2.354,2.75
372.0,376.0,0.741,0.753,0.765,0.778,0.791,0.805,0.819,0.833,0.847,0.861,0.876,0.891,0.983,1.079,1.177,1.275,1.469,1.654,1.826,1.983,2.127,2.257,2.373,2.8
372.0,377.0,0.772,0.782,0.792,0.803,0.814,0.826,0.838,0.85,0.862,0.875,0.888,0.902,0.987,1.078,1.174,1.271,1.465,1.653,1.831,1.995,2.145,2.282,2.405,2.858
372.0,378.0,0.79,0.799,0.807,0.817,0.827,0.837,0.848,0.859,0.871,0.883,0.895,0.907,0.989,1.079,1.174,1.271,1.469,1.663,1.847,2.018,2.174,2.317,2.446,2.923
372.0,379.0,0.798,0.806,0.814,0.823,0.832,0.842,0.852,0.862,0.874,0.885,0.897,0.909,0.99,1.08,1.176,1.276,1.48,1.68,1.87,2.048,2.211,2.36,2.494,2.99
372.0,380.0,0.799,0.806,0.814,0.822,0.831,0.841,0.851,0.862,0.873,0.884,0.896,0.909,0.991,1.083,1.181,1.284,1.495,1.702,1.899,2.083,2.253,2.407,2.546,3.059
372.0,381.0,0.795,0.802,0.81,0.818,0.827,0.837,0.847,0.858,0.869,0.881,0.893,0.906,0.99,1.085,1.188,1.294,1.512,1.727,1.932,2.122,2.297,2.456,2.599,3.127
372.0,382.0,0.787,0.794,0.803,0.811,0.821,0.831,0.841,0.853,0.864,0.876,0.889,0.902,0.99,1.089,1.195,1.306,1.532,1.754,1.966,2.162,2.342,2.506,2.653,3.193
372.0,383.0,0.777,0.785,0.793,0.803,0.813,0.823,0.834,0.846,0.858,0.871,0.884,0.898,0.99,1.093,1.203,1.318,1.553,1.783,2.001,2.203,2.388,2.555,2.706,3.256
372.0,384.0,0.766,0.774,0.783,0.793,0.804,0.815,0.826,0.839,0.852,0.865,0.879,0.894,0.989,1.097,1.212,1.331,1.574,1.811,2.035,2.243,2.432,2.603,2.757,3.315
373.0,374.0,0.482,0.495,0.508,0.521,0.534,0.548,0.561,0.575,0.589,0.604,0.618,0.632,0.721,0.812,0.903,0.994,1.17,1.336,1.488,1.628,1.754,1.867,1.968,2.336
373.0,375.0,0.546,0.556,0.566,0.576,0.587,0.598,0.609,0.62,0.632,0.644,0.656,0.668,0.745,0.827,0.912,0.998,1.168,1.333,1.487,1.63,1.761,1.879,1.986,2.381
373.0,376.0,0.597,0.604,0.612,0.621,0.63,0.639,0.649,0.659,0.669,0.679,0.69,0.701,0.773,0.85,0.932,1.016,1.186,1.353,1.511,1.658,1.794,1.918,2.03,2.447
373.0,377.0,0.636,0.642,0.649,0.657,0.665,0.673,0.682,0.691,0.7,0.71,0.72,0.731,0.8,0.876,0.958,1.042,1.216,1.386,1.55,1.702,1.843,1.972,2.089,2.524
373.0,378.0,0.666,0.672,0.679,0.686,0.693,0.701,0.71,0.719,0.728,0.738,0.748,0.758,0.827,0.904,0.987,1.074,1.252,1.428,1.597,1.756,1.902,2.035,2.157,2.607
373.0,379.0,0.691,0.697,0.703,0.71,0.718,0.726,0.734,0.743,0.753,0.762,0.772,0.783,0.853,0.933,1.018,1.108,1.293,1.476,1.651,1.815,1.966,2.105,2.23,2.694
373.0,380.0,0.712,0.718,0.724,0.731,0.739,0.747,0.756,0.765,0.775,0.785,0.796,0.807,0.88,0.962,1.052,1.145,1.337,1.527,1.709,1.879,2.035,2.177,2.306,2.781
373.0,381.0,0.73,0.736,0.743,0.75,0.758,0.767,0.776,0.786,0.796,0.807,0.818,0.829,0.906,0.993,1.086,1.184,1.384,1.581,1.769,1.945,2.105,2.251,2.383,2.868
373.0,382.0,0.745,0.752,0.76,0.768,0.776,0.786,0.795,0.806,0.817,0.828,0.84,0.852,0.933,1.024,1.122,1.224,1.432,1.637,1.831,2.012,2.177,2.326,2.461,2.953
373.0,383.0,0.76,0.767,0.775,0.784,0.793,0.803,0.814,0.825,0.837,0.849,0.861,0.874,0.96,1.056,1.158,1.265,1.481,1.693,1.893,2.079,2.247,2.4,2.538,3.036
373.0,384.0,0.774,0.782,0.791,0.8,0.81,0.821,0.832,0.844,0.856,0.869,0.883,0.896,0.987,1.088,1.195,1.306,1.531,1.749,1.955,2.145,2.317,2.473,2.612,3.116
373.0,385.0,0.787,0.796,0.806,0.816,0.827,0.838,0.851,0.863,0.876,0.89,0.904,0.919,1.014,1.12,1.232,1.347,1.58,1.805,2.016,2.21,2.386,2.544,2.685,3.193
374.0,375.0,0.472,0.48,0.488,0.497,0.505,0.514,0.524,0.533,0.543,0.553,0.563,0.573,0.639,0.708,0.78,0.853,1.0,1.142,1.277,1.402,1.518,1.623,1.718,2.074
374.0,376.0,0.475,0.479,0.483,0.488,0.493,0.499,0.504,0.511,0.517,0.524,0.531,0.538,0.588,0.644,0.706,0.772,0.909,1.047,1.182,1.31,1.43,1.54,1.642,2.031
374.0,377.0,0.464,0.465,0.466,0.469,0.471,0.474,0.478,0.482,0.486,0.491,0.496,0.501,0.54,0.589,0.645,0.706,0.838,0.975,1.111,1.242,1.366,1.482,1.59,2.006
374.0,378.0,0.441,0.44,0.44,0.441,0.442,0.443,0.445,0.448,0.451,0.454,0.458,0.462,0.495,0.539,0.591,0.65,0.78,0.918,1.057,1.192,1.321,1.442,1.555,1.995
374.0,379.0,0.41,0.409,0.407,0.407,0.407,0.407,0.408,0.41,0.412,0.415,0.418,0.421,0.45,0.492,0.543,0.602,0.733,0.873,1.016,1.156,1.29,1.416,1.534,1.995
374.0,380.0,0.374,0.371,0.37,0.368,0.368,0.368,0.368,0.369,0.371,0.373,0.376,0.379,0.407,0.448,0.5,0.559,0.693,0.838,0.985,1.13,1.269,1.4,1.522,2.003
374.0,381.0,0.333,0.33,0.328,0.327,0.326,0.326,0.326,0.327,0.328,0.33,0.333,0.336,0.364,0.406,0.459,0.52,0.658,0.808,0.961,1.111,1.255,1.391,1.518,2.016
374.0,382.0,0.29,0.287,0.285,0.283,0.282,0.282,0.282,0.283,0.285,0.287,0.29,0.293,0.322,0.366,0.421,0.484,0.628,0.784,0.942,1.098,1.247,1.388,1.519,2.033
374.0,383.0,0.245,0.242,0.24,0.238,0.237,0.237,0.238,0.239,0.241,0.243,0.246,0.25,0.281,0.327,0.385,0.451,0.601,0.763,0.927,1.088,1.242,1.388,1.523,2.052
374.0,384.0,0.199,0.196,0.194,0.193,0.192,0.192,0.193,0.195,0.197,0.2,0.203,0.207,0.241,0.29,0.35,0.42,0.576,0.744,0.915,1.081,1.24,1.39,1.529,2.071
374.0,385.0,0.152,0.15,0.148,0.147,0.147,0.147,0.149,0.15,0.153,0.156,0.16,0.164,0.201,0.253,0.317,0.39,0.553,0.728,0.904,1.076,1.24,1.394,1.536,2.091
374.0,386.0,0.106,0.103,0.102,0.102,0.102,0.103,0.104,0.107,0.11,0.113,0.117,0.122,0.162,0.218,0.285,0.361,0.531,0.712,0.894,1.072,1.24,1.398,1.544,2.11
375.0,376.0,0.378,0.388,0.399,0.41,0.422,0.433,0.445,0.456,0.468,0.48,0.493,0.505,0.581,0.659,0.738,0.818,0.973,1.121,1.26,1.387,1.503,1.608,1.703,2.054
375.0,377.0,0.379,0.384,0.39,0.396,0.403,0.41,0.417,0.425,0.432,0.44,0.449,0.457,0.514,0.576,0.642,0.712,0.854,0.995,1.131,1.259,1.378,1.488,1.588,1.967
375.0,378.0,0.363,0.365,0.367,0.37,0.374,0.377,0.381,0.386,0.391,0.396,0.402,0.408,0.45,0.5,0.557,0.619,0.751,0.887,1.021,1.15,1.272,1.385,1.49,1.892
375.0,379.0,0.335,0.335,0.335,0.335,0.336,0.338,0.34,0.342,0.345,0.348,0.352,0.356,0.388,0.431,0.482,0.538,0.664,0.796,0.93,1.06,1.184,1.3,1.408,1.831
375.0,380.0,0.298,0.296,0.295,0.293,0.293,0.293,0.294,0.295,0.296,0.298,0.301,0.304,0.329,0.366,0.413,0.467,0.588,0.719,0.853,0.985,1.112,1.231,1.343,1.783
375.0,381.0,0.255,0.252,0.249,0.247,0.245,0.244,0.244,0.244,0.245,0.246,0.248,0.25,0.271,0.305,0.35,0.402,0.521,0.653,0.788,0.922,1.052,1.174,1.289,1.746
375.0,382.0,0.207,0.203,0.2,0.197,0.195,0.193,0.192,0.192,0.192,0.192,0.194,0.195,0.214,0.247,0.29,0.342,0.462,0.594,0.732,0.869,1.001,1.127,1.245,1.716
375.0,383.0,0.156,0.152,0.148,0.144,0.142,0.14,0.139,0.138,0.138,0.138,0.139,0.14,0.158,0.191,0.234,0.285,0.407,0.542,0.682,0.822,0.958,1.087,1.208,1.693
375.0,384.0,0.103,0.098,0.094,0.091,0.088,0.086,0.084,0.083,0.083,0.083,0.084,0.086,0.103,0.136,0.18,0.232,0.356,0.494,0.638,0.781,0.919,1.052,1.176,1.673
375.0,385.0,0.048,0.043,0.039,0.036,0.033,0.031,0.029,0.029,0.028,0.029,0.029,0.031,0.049,0.082,0.127,0.181,0.308,0.449,0.596,0.743,0.885,1.02,1.148,1.657
375.0,386.0,-0.007,-0.012,-0.016,-0.019,-0.022,-0.024,-0.025,-0.026,-0.026,-0.026,-0.025,-0.024,-0.004,0.03,0.076,0.132,0.262,0.407,0.558,0.708,0.853,0.992,1.122,1.642
375.0,387.0,-0.062,-0.067,-0.071,-0.075,-0.077,-0.079,-0.08,-0.081,-0.081,-0.08,-0.079,-0.078,-0.057,-0.021,0.027,0.084,0.218,0.367,0.521,0.675,0.823,0.965,1.098,1.628
376.0,377.0,0.425,0.441,0.457,0.473,0.49,0.506,0.522,0.538,0.554,0.57,0.587,0.603,0.699,0.794,0.886,0.976,1.147,1.304,1.448,1.578,1.696,1.801,1.896,2.244
376.0,378.0,0.505,0.517,0.528,0.54,0.552,0.564,0.576,0.589,0.601,0.614,0.626,0.639,0.718,0.8,0.882,0.964,1.126,1.28,1.424,1.558,1.68,1.792,1.893,2.271
376.0,379.0,0.566,0.573,0.581,0.59,0.598,0.607,0.617,0.626,0.636,0.646,0.656,0.666,0.733,0.804,0.879,0.956,1.112,1.265,1.411,1.548,1.675,1.792,1.899,2.304
376.0,380.0,0.61,0.615,0.621,0.627,0.633,0.64,0.647,0.654,0.662,0.67,0.678,0.687,0.745,0.809,0.88,0.953,1.106,1.26,1.409,1.55,1.682,1.804,1.917,2.345
376.0,381.0,0.642,0.645,0.649,0.653,0.658,0.663,0.669,0.675,0.681,0.688,0.695,0.703,0.755,0.815,0.883,0.956,1.108,1.264,1.417,1.563,1.701,1.828,1.945,2.395
376.0,382.0,0.665,0.667,0.669,0.672,0.676,0.68,0.685,0.69,0.696,0.702,0.708,0.715,0.764,0.823,0.89,0.962,1.117,1.277,1.435,1.586,1.729,1.861,1.984,2.452
376.0,383.0,0.68,0.682,0.683,0.686,0.689,0.692,0.697,0.701,0.706,0.712,0.718,0.725,0.772,0.831,0.899,0.973,1.133,1.298,1.461,1.618,1.765,1.903,2.03,2.515
376.0,384.0,0.691,0.691,0.693,0.695,0.698,0.701,0.705,0.71,0.715,0.72,0.726,0.733,0.781,0.841,0.911,0.988,1.153,1.324,1.493,1.656,1.809,1.951,2.082,2.583
376.0,385.0,0.697,0.698,0.699,0.701,0.704,0.708,0.712,0.716,0.721,0.727,0.733,0.74,0.79,0.853,0.926,1.006,1.177,1.355,1.531,1.699,1.857,2.004,2.139,2.653
376.0,386.0,0.701,0.702,0.704,0.706,0.709,0.713,0.717,0.722,0.728,0.734,0.74,0.747,0.8,0.866,0.943,1.026,1.205,1.391,1.573,1.747,1.91,2.061,2.2,2.724
376.0,387.0,0.704,0.705,0.707,0.71,0.713,0.717,0.722,0.727,0.733,0.74,0.747,0.755,0.811,0.881,0.962,1.049,1.237,1.429,1.618,1.798,1.966,2.121,2.262,2.797
376.0,388.0,0.706,0.707,0.71,0.713,0.717,0.722,0.727,0.733,0.74,0.747,0.755,0.763,0.824,0.898,0.983,1.075,1.271,1.47,1.666,1.851,2.023,2.182,2.327,2.869
377.0,378.0,0.504,0.517,0.53,0.544,0.557,0.57,0.584,0.597,0.611,0.625,0.638,0.652,0.735,0.817,0.899,0.978,1.131,1.273,1.402,1.52,1.625,1.72,1.805,2.114
377.0,379.0,0.537,0.543,0.55,0.558,0.565,0.573,0.581,0.59,0.598,0.607,0.616,0.625,0.684,0.748,0.815,0.884,1.022,1.158,1.288,1.408,1.52,1.622,1.714,2.061
377.0,380.0,0.544,0.547,0.549,0.553,0.556,0.56,0.565,0.57,0.575,0.581,0.587,0.593,0.636,0.687,0.744,0.806,0.935,1.068,1.198,1.322,1.438,1.546,1.646,2.025
377.0,381.0,0.533,0.533,0.533,0.534,0.535,0.537,0.539,0.541,0.544,0.548,0.552,0.556,0.589,0.633,0.684,0.741,0.866,0.998,1.13,1.258,1.38,1.493,1.598,2.006
377.0,382.0,0.509,0.507,0.506,0.505,0.504,0.504,0.505,0.506,0.508,0.51,0.513,0.516,0.543,0.583,0.631,0.686,0.811,0.945,1.08,1.212,1.339,1.458,1.569,2.001
377.0,383.0,0.476,0.473,0.47,0.468,0.467,0.466,0.466,0.467,0.468,0.469,0.471,0.474,0.498,0.536,0.583,0.639,0.765,0.903,1.043,1.18,1.312,1.437,1.553,2.007
377.0,384.0,0.437,0.433,0.43,0.427,0.426,0.424,0.424,0.424,0.425,0.426,0.428,0.43,0.454,0.491,0.54,0.597,0.727,0.87,1.015,1.159,1.296,1.426,1.547,2.021
377.0,385.0,0.393,0.389,0.386,0.383,0.381,0.38,0.379,0.379,0.38,0.381,0.383,0.385,0.41,0.449,0.499,0.558,0.694,0.843,0.994,1.144,1.287,1.422,1.547,2.04
377.0,386.0,0.347,0.343,0.339,0.337,0.335,0.334,0.333,0.333,0.334,0.336,0.338,0.34,0.366,0.408,0.461,0.523,0.665,0.82,0.978,1.133,1.282,1.422,1.552,2.061
377.0,387.0,0.299,0.295,0.292,0.289,0.288,0.287,0.287,0.287,0.288,0.29,0.292,0.295,0.324,0.368,0.424,0.49,0.639,0.801,0.965,1.126,1.28,1.425,1.56,2.084
377.0,388.0,0.25,0.246,0.244,0.241,0.24,0.24,0.24,0.241,0.242,0.244,0.247,0.25,0.282,0.329,0.389,0.458,0.615,0.783,0.954,1.121,1.28,1.429,1.568,2.106
377.0,389.0,0.201,0.198,0.195,0.194,0.193,0.193,0.193,0.194,0.196,0.199,0.202,0.206,0.241,0.292,0.355,0.428,0.591,0.767,0.944,1.116,1.28,1.434,1.576,2.126
378.0,379.0,0.402,0.409,0.416,0.423,0.431,0.439,0.447,0.455,0.464,0.473,0.482,0.491,0.547,0.608,0.671,0.734,0.862,0.987,1.104,1.214,1.316,1.408,1.493,1.808
378.0,380.0,0.457,0.462,0.466,0.471,0.477,0.483,0.489,0.495,0.501,0.508,0.515,0.522,0.57,0.623,0.68,0.739,0.862,0.985,1.104,1.217,1.322,1.42,1.509,1.849
378.0,381.0,0.5,0.503,0.506,0.51,0.514,0.518,0.523,0.528,0.533,0.539,0.545,0.551,0.594,0.643,0.698,0.756,0.878,1.003,1.126,1.242,1.352,1.454,1.548,1.91
378.0,382.0,0.533,0.535,0.537,0.54,0.544,0.547,0.551,0.556,0.561,0.566,0.571,0.577,0.617,0.666,0.72,0.779,0.904,1.033,1.16,1.281,1.396,1.503,1.602,1.981
378.0,383.0,0.559,0.56,0.563,0.565,0.568,0.571,0.575,0.579,0.584,0.589,0.594,0.6,0.64,0.69,0.745,0.806,0.936,1.07,1.202,1.329,1.449,1.561,1.664,2.06
378.0,384.0,0.58,0.581,0.583,0.586,0.589,0.592,0.596,0.6,0.605,0.61,0.615,0.621,0.663,0.714,0.772,0.836,0.971,1.112,1.25,1.383,1.508,1.624,1.731,2.142
378.0,385.0,0.597,0.599,0.601,0.603,0.606,0.61,0.614,0.619,0.624,0.629,0.635,0.641,0.685,0.739,0.801,0.867,1.01,1.157,1.301,1.44,1.57,1.69,1.801,2.225
378.0,386.0,0.612,0.613,0.616,0.619,0.622,0.626,0.631,0.635,0.641,0.647,0.653,0.66,0.707,0.764,0.829,0.9,1.05,1.203,1.354,1.498,1.633,1.758,1.873,2.308
378.0,387.0,0.624,0.626,0.629,0.632,0.636,0.641,0.646,0.651,0.657,0.663,0.67,0.677,0.728,0.789,0.859,0.933,1.091,1.251,1.408,1.558,1.698,1.826,1.944,2.39
378.0,388.0,0.635,0.638,0.641,0.645,0.65,0.655,0.66,0.666,0.673,0.679,0.687,0.695,0.749,0.815,0.888,0.966,1.132,1.299,1.463,1.617,1.761,1.894,2.015,2.469
378.0,389.0,0.646,0.649,0.653,0.657,0.662,0.668,0.674,0.68,0.687,0.695,0.703,0.712,0.77,0.84,0.917,1.0,1.173,1.347,1.516,1.676,1.824,1.96,2.084,2.546
378.0,390.0,0.655,0.659,0.663,0.668,0.674,0.68,0.687,0.694,0.702,0.71,0.719,0.728,0.791,0.865,0.946,1.033,1.213,1.394,1.569,1.733,1.885,2.024,2.151,2.62
379.0,380.0,0.407,0.414,0.421,0.428,0.435,0.443,0.45,0.458,0.466,0.474,0.483,0.491,0.543,0.598,0.655,0.712,0.827,0.939,1.046,1.146,1.239,1.324,1.402,1.7
379.0,381.0,0.415,0.418,0.421,0.424,0.427,0.431,0.435,0.439,0.444,0.449,0.454,0.459,0.495,0.537,0.584,0.634,0.74,0.85,0.958,1.062,1.161,1.253,1.339,1.675
379.0,382.0,0.406,0.405,0.405,0.406,0.406,0.408,0.409,0.411,0.414,0.416,0.419,0.423,0.448,0.483,0.524,0.57,0.672,0.781,0.892,1.001,1.106,1.205,1.298,1.667
379.0,383.0,0.382,0.38,0.378,0.377,0.376,0.376,0.376,0.377,0.378,0.379,0.381,0.383,0.402,0.432,0.47,0.515,0.617,0.728,0.844,0.958,1.069,1.175,1.274,1.673
379.0,384.0,0.35,0.346,0.343,0.341,0.339,0.338,0.337,0.337,0.337,0.338,0.339,0.34,0.357,0.385,0.422,0.467,0.571,0.688,0.809,0.929,1.047,1.159,1.264,1.69
379.0,385.0,0.31,0.306,0.302,0.3,0.297,0.295,0.294,0.293,0.293,0.293,0.294,0.295,0.311,0.34,0.378,0.425,0.534,0.656,0.784,0.911,1.035,1.154,1.265,1.715
379.0,386.0,0.266,0.261,0.258,0.254,0.252,0.25,0.249,0.248,0.247,0.248,0.248,0.25,0.266,0.296,0.337,0.386,0.502,0.631,0.766,0.9,1.031,1.156,1.274,1.746
379.0,387.0,0.218,0.214,0.21,0.207,0.204,0.202,0.201,0.201,0.2,0.201,0.202,0.203,0.222,0.255,0.298,0.351,0.474,0.611,0.753,0.895,1.033,1.164,1.287,1.78
379.0,388.0,0.169,0.164,0.161,0.158,0.156,0.154,0.153,0.153,0.153,0.154,0.155,0.157,0.178,0.214,0.262,0.318,0.449,0.595,0.745,0.894,1.038,1.175,1.304,1.816
379.0,389.0,0.118,0.114,0.111,0.108,0.106,0.105,0.104,0.104,0.105,0.106,0.108,0.111,0.135,0.175,0.226,0.287,0.427,0.58,0.738,0.895,1.045,1.188,1.322,1.851
379.0,390.0,0.067,0.063,0.06,0.058,0.057,0.056,0.056,0.056,0.057,0.059,0.062,0.065,0.093,0.137,0.192,0.257,0.406,0.568,0.733,0.897,1.053,1.201,1.34,1.885
379.0,391.0,0.016,0.013,0.01,0.008,0.007,0.007,0.007,0.009,0.01,0.013,0.016,0.019,0.051,0.099,0.159,0.229,0.386,0.556,0.729,0.899,1.062,1.215,1.358,1.918
380.0,381.0,0.46,0.473,0.486,0.499,0.512,0.525,0.538,0.551,0.564,0.576,0.589,0.602,0.676,0.748,0.817,0.884,1.009,1.122,1.225,1.317,1.4,1.475,1.542,1.786
380.0,382.0,0.482,0.49,0.498,0.506,0.514,0.522,0.53,0.539,0.547,0.556,0.565,0.573,0.628,0.684,0.741,0.799,0.912,1.021,1.125,1.221,1.31,1.391,1.466,1.749
380.0,383.0,0.484,0.488,0.492,0.497,0.502,0.506,0.512,0.517,0.523,0.528,0.534,0.54,0.581,0.626,0.675,0.726,0.832,0.939,1.044,1.144,1.238,1.326,1.408,1.724
380.0,384.0,0.472,0.473,0.475,0.477,0.479,0.482,0.485,0.488,0.492,0.496,0.5,0.504,0.535,0.573,0.617,0.664,0.767,0.874,0.981,1.086,1.185,1.279,1.367,1.712
380.0,385.0,0.449,0.448,0.448,0.449,0.449,0.451,0.452,0.454,0.456,0.459,0.462,0.465,0.491,0.525,0.565,0.611,0.713,0.823,0.934,1.043,1.148,1.247,1.341,1.712
380.0,386.0,0.417,0.416,0.415,0.414,0.414,0.414,0.415,0.416,0.418,0.419,0.422,0.424,0.447,0.479,0.519,0.565,0.669,0.782,0.898,1.012,1.123,1.228,1.327,1.722
380.0,387.0,0.38,0.378,0.376,0.375,0.374,0.374,0.375,0.375,0.376,0.378,0.38,0.382,0.404,0.436,0.477,0.524,0.631,0.749,0.871,0.991,1.107,1.218,1.322,1.739
380.0,388.0,0.339,0.337,0.335,0.333,0.332,0.332,0.332,0.333,0.334,0.335,0.337,0.339,0.361,0.395,0.437,0.486,0.599,0.723,0.85,0.977,1.099,1.215,1.324,1.761
380.0,389.0,0.295,0.293,0.291,0.289,0.288,0.288,0.288,0.289,0.29,0.292,0.294,0.296,0.32,0.355,0.4,0.452,0.571,0.701,0.835,0.968,1.096,1.218,1.332,1.787
380.0,390.0,0.25,0.248,0.246,0.244,0.244,0.244,0.244,0.245,0.246,0.248,0.251,0.253,0.279,0.317,0.365,0.42,0.546,0.683,0.824,0.963,1.097,1.223,1.342,1.815
380.0,391.0,0.204,0.201,0.2,0.199,0.198,0.199,0.199,0.201,0.202,0.205,0.207,0.211,0.239,0.28,0.331,0.39,0.524,0.668,0.815,0.96,1.1,1.231,1.355,1.843
380.0,392.0,0.157,0.155,0.154,0.153,0.153,0.154,0.155,0.156,0.159,0.161,0.165,0.168,0.2,0.244,0.299,0.362,0.503,0.654,0.808,0.959,1.104,1.241,1.368,1.871
381.0,382.0,0.557,0.568,0.579,0.59,0.601,0.612,0.623,0.634,0.645,0.657,0.668,0.679,0.748,0.816,0.884,0.951,1.08,1.2,1.311,1.413,1.506,1.59,1.665,1.946
381.0,383.0,0.657,0.664,0.671,0.678,0.685,0.692,0.7,0.707,0.715,0.723,0.732,0.74,0.794,0.851,0.91,0.971,1.094,1.215,1.33,1.438,1.538,1.63,1.714,2.032
381.0,384.0,0.734,0.737,0.741,0.746,0.751,0.756,0.761,0.767,0.773,0.779,0.785,0.792,0.837,0.888,0.944,1.003,1.126,1.25,1.37,1.485,1.593,1.693,1.784,2.135
381.0,385.0,0.791,0.794,0.796,0.799,0.803,0.807,0.811,0.815,0.82,0.826,0.831,0.837,0.879,0.928,0.984,1.043,1.17,1.3,1.428,1.551,1.666,1.774,1.872,2.252
381.0,386.0,0.836,0.837,0.839,0.842,0.845,0.848,0.852,0.856,0.861,0.866,0.871,0.877,0.918,0.969,1.027,1.089,1.224,1.362,1.499,1.63,1.753,1.867,1.973,2.376
381.0,387.0,0.87,0.872,0.873,0.876,0.879,0.882,0.886,0.89,0.895,0.901,0.906,0.912,0.956,1.01,1.072,1.139,1.283,1.431,1.577,1.717,1.848,1.969,2.081,2.505
381.0,388.0,0.898,0.899,0.901,0.904,0.907,0.911,0.916,0.92,0.926,0.932,0.938,0.945,0.993,1.052,1.119,1.192,1.347,1.505,1.661,1.809,1.947,2.075,2.192,2.634
381.0,389.0,0.92,0.922,0.924,0.928,0.932,0.936,0.941,0.947,0.953,0.96,0.967,0.974,1.028,1.093,1.166,1.245,1.412,1.581,1.746,1.903,2.048,2.182,2.304,2.761
381.0,390.0,0.938,0.94,0.944,0.948,0.953,0.958,0.964,0.971,0.978,0.985,0.994,1.002,1.062,1.133,1.213,1.298,1.477,1.657,1.832,1.996,2.148,2.287,2.414,2.883
381.0,391.0,0.953,0.956,0.961,0.966,0.972,0.978,0.985,0.993,1.001,1.01,1.019,1.028,1.095,1.173,1.259,1.351,1.542,1.733,1.916,2.087,2.245,2.389,2.519,2.999
381.0,392.0,0.966,0.971,0.976,0.982,0.989,0.996,1.004,1.013,1.022,1.032,1.042,1.053,1.126,1.212,1.305,1.403,1.605,1.806,1.997,2.176,2.339,2.487,2.621,3.108
381.0,393.0,0.978,0.983,0.99,0.997,1.005,1.013,1.023,1.032,1.043,1.054,1.065,1.077,1.157,1.249,1.348,1.453,1.666,1.876,2.075,2.26,2.428,2.58,2.716,3.21
382.0,383.0,0.504,0.522,0.539,0.556,0.574,0.591,0.608,0.625,0.643,0.66,0.677,0.693,0.793,0.889,0.982,1.07,1.236,1.385,1.518,1.637,1.742,1.836,1.919,2.216
382.0,384.0,0.571,0.585,0.599,0.613,0.627,0.641,0.655,0.67,0.684,0.698,0.713,0.727,0.815,0.903,0.99,1.075,1.238,1.39,1.528,1.653,1.766,1.867,1.957,2.283
382.0,385.0,0.621,0.632,0.643,0.655,0.667,0.679,0.691,0.703,0.716,0.728,0.741,0.754,0.834,0.916,1.0,1.083,1.246,1.4,1.544,1.675,1.794,1.901,1.998,2.35
382.0,386.0,0.659,0.668,0.677,0.687,0.698,0.708,0.719,0.73,0.741,0.753,0.765,0.776,0.852,0.931,1.013,1.096,1.261,1.42,1.569,1.706,1.831,1.944,2.046,2.421
382.0,387.0,0.687,0.695,0.703,0.712,0.722,0.732,0.742,0.752,0.763,0.773,0.785,0.796,0.869,0.948,1.03,1.114,1.283,1.447,1.602,1.745,1.875,1.994,2.101,2.494
382.0,388.0,0.708,0.716,0.724,0.732,0.741,0.75,0.76,0.77,0.781,0.791,0.802,0.814,0.886,0.966,1.05,1.136,1.311,1.48,1.641,1.79,1.926,2.049,2.161,2.57
382.0,389.0,0.724,0.732,0.74,0.748,0.757,0.766,0.776,0.786,0.796,0.807,0.818,0.829,0.904,0.985,1.072,1.161,1.342,1.518,1.684,1.839,1.98,2.108,2.224,2.648
382.0,390.0,0.737,0.745,0.753,0.761,0.77,0.779,0.789,0.799,0.81,0.821,0.833,0.844,0.921,1.005,1.095,1.188,1.375,1.558,1.731,1.891,2.037,2.17,2.289,2.724
382.0,391.0,0.747,0.755,0.763,0.772,0.781,0.791,0.801,0.812,0.823,0.834,0.846,0.858,0.938,1.026,1.119,1.216,1.41,1.6,1.779,1.944,2.095,2.231,2.354,2.8
382.0,392.0,0.756,0.764,0.772,0.781,0.791,0.801,0.812,0.823,0.835,0.847,0.859,0.872,0.955,1.047,1.144,1.244,1.447,1.643,1.828,1.998,2.153,2.293,2.419,2.874
382.0,393.0,0.763,0.771,0.78,0.79,0.8,0.811,0.822,0.834,0.846,0.858,0.871,0.885,0.972,1.068,1.169,1.273,1.483,1.686,1.876,2.052,2.211,2.354,2.482,2.945
382.0,394.0,0.769,0.778,0.787,0.797,0.808,0.82,0.831,0.844,0.856,0.87,0.883,0.897,0.988,1.088,1.194,1.302,1.519,1.729,1.925,2.104,2.267,2.413,2.544,3.013
383.0,384.0,0.523,0.555,0.586,0.616,0.647,0.676,0.706,0.734,0.763,0.791,0.819,0.846,1.002,1.145,1.276,1.396,1.608,1.788,1.94,2.069,2.18,2.274,2.356,2.632
383.0,385.0,0.577,0.599,0.62,0.642,0.664,0.685,0.706,0.727,0.749,0.77,0.79,0.811,0.933,1.049,1.16,1.265,1.459,1.63,1.781,1.913,2.028,2.129,2.218,2.526
383.0,386.0,0.603,0.617,0.631,0.646,0.66,0.675,0.69,0.705,0.72,0.735,0.751,0.766,0.86,0.954,1.048,1.14,1.317,1.48,1.629,1.763,1.883,1.99,2.085,2.424
383.0,387.0,0.607,0.616,0.625,0.634,0.644,0.654,0.664,0.675,0.686,0.697,0.708,0.72,0.793,0.871,0.951,1.033,1.196,1.352,1.499,1.634,1.758,1.869,1.969,2.335
383.0,388.0,0.596,0.601,0.606,0.612,0.618,0.625,0.632,0.64,0.647,0.655,0.664,0.673,0.731,0.797,0.868,0.942,1.095,1.246,1.392,1.528,1.654,1.769,1.873,2.261
383.0,389.0,0.573,0.575,0.578,0.581,0.585,0.59,0.594,0.6,0.605,0.611,0.618,0.625,0.673,0.73,0.794,0.864,1.009,1.158,1.303,1.44,1.568,1.687,1.795,2.203
383.0,390.0,0.541,0.542,0.543,0.544,0.547,0.549,0.553,0.556,0.561,0.565,0.57,0.576,0.617,0.669,0.729,0.794,0.936,1.083,1.228,1.368,1.498,1.62,1.731,2.156
383.0,391.0,0.503,0.502,0.502,0.503,0.504,0.505,0.508,0.51,0.514,0.517,0.521,0.526,0.562,0.611,0.668,0.732,0.872,1.019,1.165,1.307,1.44,1.564,1.679,2.118
383.0,392.0,0.46,0.459,0.458,0.457,0.458,0.459,0.46,0.462,0.465,0.468,0.472,0.476,0.509,0.556,0.612,0.675,0.815,0.963,1.111,1.255,1.391,1.518,1.636,2.089
383.0,393.0,0.414,0.412,0.411,0.41,0.41,0.41,0.411,0.413,0.415,0.418,0.422,0.425,0.457,0.503,0.558,0.622,0.762,0.912,1.063,1.209,1.348,1.478,1.599,2.064
383.0,394.0,0.366,0.364,0.362,0.361,0.361,0.361,0.362,0.363,0.365,0.368,0.371,0.375,0.406,0.452,0.508,0.571,0.714,0.866,1.019,1.169,1.311,1.444,1.567,2.043
383.0,395.0,0.317,0.314,0.312,0.311,0.31,0.311,0.311,0.313,0.315,0.317,0.321,0.324,0.356,0.402,0.459,0.523,0.668,0.823,0.98,1.132,1.277,1.413,1.538,2.025
384.0,385.0,0.614,0.645,0.676,0.706,0.736,0.766,0.795,0.824,0.853,0.881,0.909,0.936,1.094,1.239,1.373,1.497,1.717,1.904,2.063,2.199,2.315,2.415,2.501,2.792
384.0,386.0,0.718,0.742,0.765,0.789,0.812,0.835,0.858,0.881,0.904,0.926,0.949,0.971,1.103,1.228,1.348,1.461,1.668,1.85,2.01,2.15,2.272,2.378,2.471,2.791
384.0,387.0,0.796,0.814,0.832,0.851,0.869,0.887,0.906,0.924,0.943,0.961,0.98,0.998,1.11,1.221,1.329,1.434,1.631,1.811,1.972,2.115,2.242,2.354,2.453,2.799
384.0,388.0,0.855,0.869,0.883,0.898,0.913,0.928,0.943,0.958,0.974,0.989,1.005,1.021,1.119,1.22,1.32,1.419,1.611,1.79,1.952,2.099,2.231,2.348,2.452,2.821
384.0,389.0,0.899,0.91,0.922,0.934,0.947,0.959,0.972,0.986,0.999,1.013,1.027,1.041,1.131,1.224,1.32,1.416,1.605,1.784,1.95,2.101,2.236,2.358,2.466,2.855
384.0,390.0,0.932,0.942,0.952,0.962,0.973,0.984,0.996,1.008,1.02,1.033,1.046,1.059,1.143,1.233,1.327,1.422,1.611,1.792,1.961,2.115,2.255,2.381,2.493,2.898
384.0,391.0,0.957,0.966,0.974,0.984,0.994,1.004,1.015,1.026,1.038,1.05,1.062,1.075,1.156,1.245,1.338,1.433,1.624,1.809,1.982,2.14,2.284,2.414,2.53,2.949
384.0,392.0,0.976,0.984,0.992,1.001,1.011,1.02,1.031,1.042,1.053,1.065,1.077,1.089,1.17,1.259,1.353,1.449,1.644,1.833,2.01,2.173,2.321,2.454,2.573,3.004
384.0,393.0,0.99,0.998,1.006,1.015,1.024,1.034,1.044,1.055,1.066,1.078,1.09,1.102,1.184,1.274,1.37,1.469,1.668,1.862,2.043,2.21,2.362,2.499,2.621,3.062
384.0,394.0,1.002,1.009,1.017,1.026,1.036,1.045,1.056,1.067,1.078,1.09,1.102,1.115,1.198,1.291,1.389,1.49,1.695,1.894,2.08,2.251,2.407,2.546,2.671,3.121
384.0,395.0,1.011,1.018,1.027,1.036,1.045,1.056,1.066,1.078,1.089,1.102,1.114,1.127,1.213,1.308,1.409,1.514,1.724,1.928,2.119,2.294,2.453,2.596,2.723,3.18
384.0,396.0,1.018,1.026,1.035,1.044,1.054,1.065,1.076,1.088,1.1,1.112,1.126,1.139,1.228,1.326,1.43,1.538,1.754,1.963,2.159,2.338,2.5,2.645,2.775,3.239
385.0,386.0,0.561,0.593,0.625,0.657,0.688,0.719,0.749,0.779,0.808,0.837,0.866,0.894,1.056,1.205,1.342,1.468,1.69,1.878,2.038,2.174,2.29,2.389,2.474,2.761
385.0,387.0,0.658,0.683,0.707,0.731,0.755,0.779,0.802,0.826,0.849,0.873,0.896,0.918,1.052,1.18,1.301,1.415,1.624,1.808,1.968,2.108,2.23,2.336,2.428,2.747
385.0,388.0,0.732,0.75,0.769,0.787,0.806,0.825,0.843,0.862,0.881,0.9,0.919,0.938,1.051,1.162,1.271,1.377,1.575,1.755,1.917,2.06,2.187,2.299,2.398,2.746
385.0,389.0,0.787,0.801,0.816,0.83,0.845,0.86,0.875,0.891,0.906,0.922,0.938,0.954,1.052,1.153,1.253,1.352,1.544,1.722,1.885,2.033,2.164,2.282,2.386,2.758
385.0,390.0,0.828,0.839,0.851,0.863,0.875,0.887,0.9,0.913,0.927,0.94,0.954,0.968,1.057,1.149,1.244,1.34,1.528,1.707,1.872,2.023,2.16,2.282,2.391,2.785
385.0,391.0,0.858,0.867,0.877,0.887,0.897,0.908,0.919,0.931,0.943,0.955,0.968,0.98,1.063,1.151,1.243,1.337,1.525,1.705,1.874,2.029,2.17,2.297,2.41,2.822
385.0,392.0,0.879,0.887,0.896,0.904,0.914,0.924,0.934,0.945,0.956,0.967,0.979,0.991,1.07,1.156,1.248,1.341,1.531,1.714,1.887,2.046,2.192,2.323,2.44,2.868
385.0,393.0,0.894,0.901,0.909,0.917,0.926,0.935,0.945,0.955,0.966,0.977,0.989,1.0,1.078,1.164,1.256,1.351,1.544,1.731,1.909,2.073,2.222,2.357,2.478,2.919
385.0,394.0,0.905,0.911,0.919,0.927,0.935,0.944,0.954,0.964,0.975,0.986,0.997,1.009,1.087,1.174,1.268,1.365,1.562,1.755,1.937,2.105,2.259,2.397,2.522,2.975
385.0,395.0,0.912,0.918,0.926,0.934,0.942,0.951,0.961,0.971,0.982,0.993,1.005,1.017,1.096,1.186,1.282,1.382,1.584,1.782,1.969,2.142,2.3,2.442,2.57,3.033
385.0,396.0,0.916,0.923,0.931,0.939,0.948,0.957,0.967,0.977,0.988,1.0,1.012,1.024,1.106,1.199,1.298,1.401,1.609,1.813,2.005,2.183,2.344,2.489,2.62,3.091
385.0,397.0,0.919,0.926,0.934,0.943,0.952,0.962,0.972,0.983,0.995,1.006,1.019,1.032,1.117,1.213,1.315,1.421,1.637,1.846,2.043,2.225,2.39,2.538,2.671,3.149
386.0,387.0,0.649,0.68,0.71,0.74,0.769,0.798,0.826,0.854,0.882,0.909,0.936,0.963,1.113,1.252,1.378,1.494,1.698,1.869,2.013,2.136,2.24,2.329,2.406,2.662
386.0,388.0,0.75,0.773,0.795,0.818,0.84,0.862,0.884,0.906,0.928,0.949,0.97,0.992,1.115,1.232,1.342,1.446,1.636,1.802,1.947,2.073,2.182,2.278,2.362,2.649
386.0,389.0,0.826,0.844,0.861,0.878,0.895,0.913,0.93,0.948,0.965,0.982,1.0,1.017,1.121,1.223,1.322,1.417,1.596,1.759,1.904,2.034,2.148,2.249,2.339,2.653
386.0,390.0,0.884,0.897,0.911,0.925,0.939,0.953,0.967,0.981,0.996,1.01,1.025,1.04,1.13,1.222,1.313,1.403,1.577,1.737,1.884,2.017,2.136,2.242,2.336,2.674
386.0,391.0,0.927,0.938,0.949,0.961,0.972,0.984,0.996,1.009,1.021,1.034,1.047,1.06,1.142,1.227,1.314,1.401,1.572,1.733,1.882,2.018,2.141,2.252,2.35,2.707
386.0,392.0,0.96,0.97,0.979,0.989,0.999,1.01,1.02,1.032,1.043,1.055,1.067,1.079,1.155,1.237,1.322,1.407,1.578,1.741,1.893,2.033,2.16,2.275,2.377,2.75
386.0,393.0,0.986,0.994,1.002,1.011,1.021,1.03,1.04,1.051,1.061,1.072,1.084,1.095,1.169,1.25,1.334,1.42,1.592,1.758,1.914,2.058,2.189,2.308,2.414,2.801
386.0,394.0,1.005,1.013,1.021,1.029,1.038,1.047,1.057,1.067,1.077,1.088,1.099,1.111,1.184,1.264,1.349,1.436,1.612,1.782,1.943,2.091,2.225,2.347,2.457,2.856
386.0,395.0,1.021,1.028,1.036,1.044,1.053,1.062,1.071,1.081,1.092,1.103,1.114,1.125,1.199,1.281,1.367,1.456,1.636,1.811,1.976,2.128,2.266,2.392,2.504,2.913
386.0,396.0,1.033,1.041,1.048,1.057,1.065,1.075,1.084,1.094,1.105,1.116,1.127,1.139,1.214,1.298,1.387,1.478,1.663,1.843,2.012,2.168,2.311,2.439,2.554,2.972
386.0,397.0,1.044,1.051,1.059,1.068,1.077,1.086,1.096,1.107,1.117,1.129,1.14,1.152,1.23,1.316,1.408,1.502,1.692,1.877,2.051,2.211,2.356,2.488,2.605,3.031
386.0,398.0,1.053,1.061,1.069,1.078,1.087,1.097,1.107,1.118,1.129,1.141,1.153,1.165,1.246,1.335,1.43,1.527,1.723,1.912,2.09,2.254,2.403,2.537,2.657,3.089
387.0,388.0,0.865,0.888,0.91,0.933,0.955,0.977,0.999,1.02,1.042,1.063,1.084,1.105,1.227,1.342,1.451,1.553,1.74,1.903,2.046,2.171,2.281,2.376,2.46,2.751
387.0,389.0,0.975,0.992,1.009,1.025,1.042,1.059,1.076,1.093,1.111,1.128,1.145,1.162,1.263,1.363,1.461,1.555,1.732,1.894,2.04,2.17,2.286,2.389,2.481,2.806
387.0,390.0,1.06,1.072,1.085,1.098,1.111,1.124,1.138,1.152,1.166,1.18,1.194,1.208,1.295,1.384,1.474,1.563,1.736,1.898,2.047,2.183,2.305,2.415,2.513,2.868
387.0,391.0,1.125,1.134,1.144,1.154,1.164,1.175,1.186,1.198,1.209,1.221,1.233,1.245,1.323,1.405,1.49,1.576,1.748,1.912,2.066,2.207,2.336,2.452,2.556,2.937
387.0,392.0,1.174,1.181,1.189,1.197,1.205,1.214,1.224,1.233,1.243,1.254,1.264,1.275,1.347,1.425,1.508,1.593,1.766,1.934,2.093,2.241,2.375,2.498,2.608,3.011
387.0,393.0,1.21,1.216,1.222,1.229,1.236,1.244,1.252,1.261,1.27,1.28,1.29,1.3,1.368,1.445,1.527,1.613,1.79,1.963,2.128,2.281,2.422,2.55,2.665,3.089
387.0,394.0,1.237,1.242,1.247,1.253,1.26,1.267,1.274,1.283,1.291,1.3,1.31,1.32,1.387,1.464,1.548,1.636,1.817,1.997,2.168,2.328,2.474,2.607,2.728,3.168
387.0,395.0,1.256,1.26,1.265,1.271,1.277,1.284,1.292,1.3,1.308,1.317,1.327,1.337,1.404,1.483,1.569,1.66,1.848,2.035,2.213,2.379,2.53,2.668,2.793,3.247
387.0,396.0,1.27,1.274,1.279,1.284,1.291,1.297,1.305,1.313,1.322,1.331,1.341,1.351,1.421,1.503,1.592,1.687,1.882,2.076,2.26,2.432,2.589,2.732,2.86,3.326
387.0,397.0,1.279,1.283,1.288,1.294,1.301,1.308,1.316,1.324,1.333,1.343,1.353,1.364,1.437,1.522,1.616,1.715,1.918,2.119,2.31,2.487,2.649,2.796,2.927,3.404
387.0,398.0,1.286,1.29,1.296,1.302,1.309,1.317,1.325,1.334,1.344,1.354,1.365,1.376,1.453,1.543,1.641,1.744,1.955,2.164,2.361,2.544,2.71,2.86,2.994,3.479
387.0,399.0,1.29,1.295,1.301,1.308,1.316,1.324,1.333,1.343,1.353,1.364,1.376,1.388,1.469,1.563,1.666,1.774,1.994,2.209,2.412,2.6,2.77,2.923,3.06,3.551
388.0,389.0,0.872,0.887,0.902,0.917,0.932,0.947,0.963,0.978,0.993,1.008,1.023,1.039,1.13,1.219,1.307,1.392,1.551,1.696,1.827,1.943,2.047,2.139,2.22,2.507
388.0,390.0,0.88,0.89,0.9,0.91,0.921,0.931,0.942,0.953,0.964,0.975,0.987,0.998,1.07,1.144,1.22,1.295,1.443,1.582,1.712,1.83,1.937,2.034,2.12,2.434
388.0,391.0,0.873,0.879,0.885,0.892,0.899,0.906,0.914,0.922,0.93,0.939,0.947,0.956,1.014,1.077,1.144,1.213,1.352,1.488,1.617,1.737,1.847,1.947,2.038,2.373
388.0,392.0,0.853,0.857,0.861,0.865,0.87,0.875,0.88,0.886,0.892,0.899,0.906,0.913,0.961,1.016,1.077,1.141,1.274,1.408,1.537,1.659,1.771,1.875,1.97,2.323
388.0,393.0,0.825,0.827,0.829,0.831,0.834,0.838,0.842,0.846,0.851,0.856,0.862,0.867,0.909,0.959,1.016,1.077,1.207,1.339,1.469,1.593,1.708,1.815,1.913,2.283
388.0,394.0,0.79,0.79,0.791,0.793,0.795,0.797,0.8,0.804,0.807,0.812,0.816,0.821,0.858,0.905,0.959,1.019,1.147,1.28,1.411,1.537,1.655,1.765,1.866,2.25
388.0,395.0,0.751,0.75,0.75,0.751,0.752,0.754,0.756,0.759,0.762,0.766,0.77,0.774,0.808,0.853,0.906,0.965,1.093,1.227,1.36,1.488,1.609,1.722,1.825,2.222
388.0,396.0,0.708,0.707,0.706,0.706,0.707,0.708,0.71,0.713,0.715,0.719,0.722,0.726,0.759,0.803,0.855,0.914,1.043,1.179,1.314,1.445,1.569,1.684,1.79,2.198
388.0,397.0,0.663,0.661,0.661,0.66,0.661,0.662,0.663,0.665,0.668,0.671,0.675,0.679,0.71,0.754,0.807,0.866,0.996,1.134,1.272,1.406,1.532,1.65,1.759,2.178
388.0,398.0,0.616,0.615,0.614,0.613,0.614,0.615,0.616,0.618,0.62,0.623,0.627,0.631,0.663,0.707,0.76,0.82,0.953,1.093,1.234,1.37,1.499,1.62,1.731,2.159
388.0,399.0,0.569,0.567,0.566,0.566,0.566,0.567,0.568,0.57,0.573,0.576,0.579,0.583,0.616,0.66,0.715,0.776,0.911,1.054,1.198,1.337,1.469,1.592,1.705,2.142
388.0,400.0,0.521,0.519,0.518,0.518,0.518,0.519,0.521,0.523,0.525,0.528,0.532,0.536,0.569,0.615,0.67,0.733,0.871,1.017,1.164,1.305,1.44,1.565,1.681,2.126
389.0,390.0,0.997,1.006,1.015,1.024,1.034,1.043,1.053,1.063,1.073,1.084,1.094,1.105,1.171,1.239,1.308,1.378,1.515,1.645,1.766,1.877,1.977,2.068,2.149,2.445
389.0,391.0,0.981,0.986,0.991,0.997,1.003,1.009,1.016,1.023,1.03,1.037,1.045,1.053,1.105,1.162,1.222,1.286,1.414,1.541,1.661,1.774,1.879,1.974,2.06,2.382
389.0,392.0,0.952,0.955,0.958,0.961,0.964,0.968,0.973,0.978,0.983,0.988,0.994,1.0,1.042,1.091,1.146,1.204,1.328,1.453,1.574,1.69,1.798,1.897,1.988,2.331
389.0,393.0,0.915,0.915,0.917,0.918,0.92,0.922,0.925,0.929,0.932,0.936,0.941,0.946,0.981,1.025,1.076,1.132,1.253,1.377,1.501,1.619,1.73,1.834,1.929,2.291
389.0,394.0,0.871,0.87,0.87,0.87,0.871,0.873,0.874,0.877,0.879,0.883,0.886,0.89,0.921,0.962,1.011,1.066,1.186,1.312,1.438,1.559,1.674,1.781,1.88,2.26
389.0,395.0,0.822,0.821,0.82,0.819,0.819,0.82,0.821,0.823,0.825,0.828,0.831,0.834,0.863,0.902,0.95,1.005,1.126,1.254,1.383,1.508,1.627,1.737,1.84,2.236
389.0,396.0,0.77,0.768,0.766,0.766,0.765,0.766,0.766,0.768,0.769,0.772,0.774,0.778,0.805,0.844,0.893,0.948,1.071,1.202,1.334,1.463,1.585,1.7,1.806,2.217
389.0,397.0,0.716,0.713,0.711,0.71,0.71,0.71,0.711,0.712,0.713,0.716,0.718,0.721,0.749,0.788,0.837,0.893,1.019,1.154,1.29,1.423,1.549,1.667,1.777,2.201
389.0,398.0,0.66,0.657,0.656,0.654,0.654,0.654,0.654,0.656,0.657,0.659,0.662,0.665,0.693,0.734,0.784,0.842,0.971,1.11,1.25,1.386,1.516,1.638,1.751,2.187
389.0,399.0,0.603,0.601,0.599,0.598,0.597,0.597,0.598,0.599,0.601,0.604,0.606,0.61,0.639,0.681,0.733,0.792,0.926,1.069,1.213,1.353,1.486,1.611,1.727,2.176
389.0,400.0,0.547,0.544,0.543,0.542,0.541,0.541,0.542,0.544,0.546,0.548,0.551,0.555,0.585,0.629,0.683,0.744,0.882,1.029,1.177,1.321,1.458,1.587,1.706,2.165
389.0,401.0,0.49,0.488,0.486,0.485,0.485,0.486,0.487,0.488,0.491,0.493,0.497,0.5,0.533,0.578,0.634,0.698,0.84,0.991,1.143,1.291,1.432,1.563,1.685,2.154
390.0,391.0,1.058,1.071,1.084,1.096,1.109,1.122,1.135,1.148,1.161,1.174,1.187,1.2,1.278,1.355,1.431,1.504,1.643,1.771,1.887,1.991,2.085,2.168,2.242,2.509
390.0,392.0,1.051,1.059,1.068,1.076,1.085,1.094,1.104,1.113,1.123,1.132,1.142,1.152,1.214,1.279,1.345,1.411,1.542,1.667,1.784,1.891,1.989,2.078,2.158,2.453
390.0,393.0,1.029,1.034,1.04,1.045,1.051,1.058,1.064,1.071,1.078,1.085,1.093,1.101,1.151,1.207,1.266,1.328,1.453,1.576,1.694,1.805,1.908,2.001,2.087,2.405
390.0,394.0,0.997,0.999,1.003,1.006,1.01,1.015,1.019,1.024,1.03,1.035,1.041,1.047,1.09,1.14,1.194,1.253,1.375,1.498,1.619,1.733,1.839,1.937,2.027,2.368
390.0,395.0,0.956,0.957,0.959,0.961,0.964,0.967,0.97,0.974,0.978,0.983,0.988,0.993,1.03,1.076,1.128,1.185,1.306,1.431,1.554,1.672,1.782,1.885,1.979,2.34
390.0,396.0,0.909,0.909,0.91,0.911,0.913,0.915,0.918,0.921,0.924,0.928,0.932,0.937,0.971,1.015,1.066,1.123,1.245,1.372,1.499,1.62,1.735,1.842,1.94,2.318
390.0,397.0,0.858,0.858,0.858,0.859,0.86,0.861,0.864,0.866,0.869,0.873,0.877,0.881,0.914,0.957,1.008,1.065,1.189,1.32,1.45,1.576,1.695,1.806,1.908,2.303
390.0,398.0,0.805,0.804,0.804,0.804,0.805,0.806,0.808,0.811,0.813,0.817,0.82,0.825,0.857,0.901,0.953,1.011,1.138,1.273,1.407,1.537,1.66,1.775,1.881,2.291
390.0,399.0,0.749,0.748,0.748,0.748,0.749,0.75,0.752,0.754,0.757,0.76,0.764,0.768,0.801,0.846,0.899,0.959,1.091,1.229,1.368,1.503,1.63,1.749,1.859,2.282
390.0,400.0,0.693,0.692,0.691,0.691,0.692,0.694,0.696,0.698,0.701,0.704,0.708,0.713,0.747,0.793,0.848,0.91,1.046,1.189,1.332,1.471,1.602,1.725,1.838,2.275
390.0,401.0,0.636,0.635,0.634,0.635,0.636,0.637,0.639,0.642,0.645,0.649,0.653,0.657,0.693,0.741,0.799,0.863,1.003,1.151,1.299,1.442,1.577,1.703,1.82,2.268
390.0,402.0,0.579,0.578,0.578,0.578,0.579,0.581,0.583,0.586,0.59,0.594,0.598,0.603,0.641,0.691,0.75,0.817,0.962,1.115,1.267,1.414,1.553,1.683,1.803,2.262
391.0,392.0,1.112,1.119,1.127,1.134,1.142,1.151,1.159,1.168,1.177,1.186,1.195,1.205,1.266,1.33,1.398,1.467,1.604,1.738,1.864,1.981,2.089,2.187,2.275,2.602
391.0,393.0,1.133,1.134,1.137,1.14,1.143,1.147,1.151,1.155,1.16,1.166,1.171,1.177,1.22,1.271,1.328,1.39,1.521,1.655,1.785,1.909,2.025,2.132,2.23,2.599
391.0,394.0,1.127,1.126,1.125,1.125,1.125,1.126,1.128,1.13,1.132,1.135,1.139,1.142,1.174,1.218,1.27,1.329,1.458,1.594,1.73,1.861,1.985,2.1,2.206,2.61
391.0,395.0,1.106,1.103,1.1,1.098,1.097,1.096,1.096,1.097,1.098,1.1,1.102,1.105,1.131,1.171,1.222,1.28,1.412,1.553,1.696,1.834,1.965,2.088,2.201,2.636
391.0,396.0,1.075,1.071,1.067,1.065,1.062,1.061,1.06,1.06,1.061,1.062,1.064,1.066,1.091,1.131,1.183,1.243,1.38,1.528,1.678,1.824,1.962,2.092,2.212,2.672
391.0,397.0,1.04,1.035,1.031,1.028,1.026,1.024,1.024,1.024,1.024,1.025,1.027,1.03,1.056,1.098,1.152,1.215,1.359,1.515,1.673,1.826,1.972,2.108,2.233,2.715
391.0,398.0,1.004,0.999,0.995,0.992,0.99,0.989,0.988,0.988,0.989,0.991,0.993,0.996,1.024,1.07,1.128,1.195,1.348,1.512,1.677,1.838,1.99,2.132,2.263,2.763
391.0,399.0,0.968,0.964,0.96,0.958,0.956,0.955,0.955,0.956,0.957,0.959,0.962,0.965,0.998,1.047,1.109,1.181,1.343,1.515,1.689,1.856,2.014,2.161,2.297,2.812
391.0,400.0,0.935,0.931,0.928,0.926,0.925,0.924,0.925,0.926,0.928,0.931,0.935,0.939,0.975,1.029,1.097,1.173,1.344,1.525,1.705,1.879,2.043,2.195,2.334,2.862
391.0,401.0,0.904,0.901,0.899,0.898,0.897,0.897,0.899,0.901,0.904,0.907,0.911,0.916,0.958,1.016,1.088,1.17,1.349,1.538,1.725,1.905,2.073,2.229,2.372,2.911
391.0,402.0,0.878,0.875,0.873,0.873,0.873,0.874,0.876,0.879,0.883,0.887,0.892,0.897,0.944,1.007,1.084,1.17,1.357,1.553,1.747,1.932,2.105,2.265,2.411,2.958
391.0,403.0,0.854,0.853,0.852,0.852,0.853,0.855,0.857,0.861,0.865,0.87,0.876,0.882,0.933,1.002,1.083,1.173,1.368,1.571,1.771,1.96,2.137,2.3,2.449,3.002
392.0,393.0,1.081,1.088,1.094,1.101,1.108,1.116,1.123,1.131,1.139,1.147,1.155,1.163,1.216,1.272,1.33,1.388,1.505,1.619,1.726,1.826,1.918,2.001,2.077,2.358
392.0,394.0,1.076,1.079,1.083,1.087,1.091,1.095,1.1,1.105,1.111,1.116,1.122,1.128,1.169,1.215,1.266,1.319,1.431,1.543,1.652,1.755,1.851,1.94,2.022,2.331
392.0,395.0,1.06,1.061,1.062,1.064,1.066,1.069,1.071,1.075,1.078,1.082,1.086,1.091,1.123,1.164,1.21,1.261,1.37,1.482,1.594,1.701,1.802,1.896,1.983,2.317
392.0,396.0,1.035,1.034,1.034,1.034,1.035,1.036,1.038,1.04,1.043,1.045,1.049,1.052,1.08,1.117,1.161,1.21,1.319,1.433,1.548,1.66,1.766,1.865,1.957,2.312
392.0,397.0,1.004,1.002,1.001,1.0,1.0,1.0,1.001,1.003,1.004,1.007,1.009,1.012,1.037,1.072,1.116,1.165,1.275,1.393,1.512,1.629,1.739,1.843,1.94,2.315
392.0,398.0,0.967,0.965,0.963,0.962,0.962,0.962,0.962,0.963,0.964,0.966,0.968,0.971,0.995,1.03,1.074,1.124,1.238,1.36,1.484,1.605,1.721,1.829,1.93,2.323
392.0,399.0,0.928,0.925,0.923,0.922,0.921,0.921,0.921,0.922,0.923,0.925,0.927,0.929,0.954,0.99,1.035,1.087,1.205,1.332,1.461,1.587,1.708,1.821,1.926,2.335
392.0,400.0,0.886,0.883,0.881,0.879,0.879,0.878,0.879,0.879,0.881,0.883,0.885,0.888,0.913,0.951,0.998,1.052,1.175,1.308,1.442,1.573,1.699,1.816,1.925,2.35
392.0,401.0,0.842,0.839,0.837,0.836,0.835,0.835,0.836,0.837,0.838,0.84,0.843,0.846,0.873,0.913,0.963,1.02,1.148,1.287,1.426,1.563,1.693,1.814,1.927,2.365
392.0,402.0,0.798,0.795,0.793,0.792,0.792,0.792,0.792,0.794,0.795,0.798,0.801,0.804,0.833,0.876,0.929,0.989,1.123,1.268,1.413,1.554,1.689,1.815,1.931,2.382
392.0,403.0,0.752,0.75,0.749,0.748,0.747,0.748,0.749,0.751,0.753,0.756,0.759,0.763,0.795,0.84,0.896,0.959,1.1,1.25,1.401,1.547,1.686,1.816,1.936,2.398
392.0,404.0,0.707,0.705,0.704,0.703,0.703,0.704,0.706,0.708,0.71,0.714,0.717,0.722,0.757,0.805,0.864,0.93,1.078,1.233,1.389,1.541,1.684,1.817,1.94,2.414
393.0,394.0,1.225,1.239,1.253,1.267,1.281,1.295,1.309,1.323,1.337,1.351,1.364,1.378,1.459,1.538,1.614,1.688,1.825,1.949,2.06,2.16,2.249,2.327,2.397,2.647
393.0,395.0,1.326,1.336,1.345,1.355,1.365,1.375,1.386,1.396,1.407,1.417,1.428,1.439,1.505,1.574,1.642,1.71,1.842,1.967,2.082,2.187,2.282,2.368,2.445,2.724
393.0,396.0,1.409,1.415,1.422,1.429,1.437,1.444,1.452,1.46,1.468,1.477,1.486,1.495,1.551,1.613,1.677,1.742,1.873,2.0,2.119,2.23,2.332,2.424,2.507,2.813
393.0,397.0,1.478,1.482,1.487,1.492,1.498,1.504,1.51,1.517,1.524,1.531,1.539,1.546,1.598,1.656,1.718,1.783,1.915,2.046,2.172,2.288,2.396,2.494,2.583,2.912
393.0,398.0,1.535,1.539,1.543,1.547,1.552,1.557,1.562,1.568,1.574,1.581,1.588,1.595,1.645,1.702,1.765,1.831,1.968,2.105,2.236,2.359,2.473,2.577,2.671,3.019
393.0,399.0,1.585,1.588,1.591,1.595,1.599,1.604,1.609,1.615,1.621,1.628,1.634,1.642,1.692,1.75,1.815,1.884,2.028,2.171,2.31,2.439,2.559,2.668,2.767,3.132
393.0,400.0,1.628,1.63,1.634,1.638,1.642,1.647,1.652,1.658,1.665,1.671,1.678,1.686,1.738,1.8,1.869,1.941,2.093,2.245,2.39,2.526,2.651,2.766,2.869,3.248
393.0,401.0,1.665,1.668,1.672,1.676,1.681,1.687,1.692,1.699,1.706,1.713,1.721,1.729,1.785,1.851,1.924,2.002,2.162,2.322,2.475,2.617,2.748,2.866,2.973,3.364
393.0,402.0,1.699,1.703,1.707,1.712,1.717,1.723,1.73,1.737,1.745,1.753,1.761,1.77,1.831,1.903,1.981,2.063,2.233,2.402,2.561,2.71,2.845,2.968,3.078,3.478
393.0,403.0,1.73,1.734,1.739,1.745,1.751,1.758,1.766,1.774,1.782,1.791,1.801,1.811,1.877,1.954,2.038,2.126,2.306,2.482,2.649,2.803,2.943,3.069,3.182,3.589
393.0,404.0,1.759,1.764,1.77,1.777,1.784,1.792,1.8,1.809,1.819,1.829,1.839,1.85,1.923,2.006,2.096,2.189,2.378,2.563,2.736,2.895,3.039,3.169,3.284,3.696
393.0,405.0,1.786,1.792,1.799,1.807,1.815,1.824,1.833,1.844,1.854,1.865,1.877,1.889,1.968,2.057,2.153,2.251,2.45,2.642,2.822,2.986,3.133,3.265,3.383,3.799
394.0,395.0,1.273,1.288,1.303,1.317,1.332,1.347,1.361,1.376,1.39,1.404,1.418,1.432,1.514,1.592,1.665,1.735,1.863,1.976,2.076,2.164,2.242,2.31,2.371,2.583
394.0,396.0,1.331,1.341,1.351,1.362,1.373,1.383,1.394,1.405,1.415,1.426,1.437,1.448,1.514,1.579,1.644,1.707,1.829,1.941,2.044,2.137,2.22,2.295,2.363,2.606
394.0,397.0,1.372,1.379,1.386,1.394,1.402,1.409,1.418,1.426,1.434,1.443,1.451,1.46,1.515,1.573,1.632,1.692,1.81,1.924,2.03,2.128,2.218,2.299,2.372,2.642
394.0,398.0,1.4,1.405,1.41,1.416,1.422,1.428,1.435,1.441,1.448,1.455,1.463,1.47,1.519,1.572,1.629,1.687,1.806,1.922,2.033,2.137,2.232,2.319,2.398,2.692
394.0,399.0,1.419,1.423,1.427,1.431,1.436,1.441,1.447,1.452,1.459,1.465,1.472,1.478,1.524,1.576,1.632,1.691,1.812,1.933,2.049,2.159,2.26,2.353,2.437,2.752
394.0,400.0,1.431,1.434,1.437,1.441,1.445,1.45,1.455,1.461,1.466,1.472,1.479,1.485,1.53,1.583,1.64,1.7,1.827,1.953,2.076,2.191,2.298,2.396,2.485,2.819
394.0,401.0,1.438,1.44,1.444,1.447,1.451,1.456,1.461,1.466,1.472,1.478,1.485,1.491,1.537,1.592,1.651,1.715,1.847,1.98,2.109,2.231,2.343,2.446,2.54,2.891
394.0,402.0,1.441,1.444,1.447,1.451,1.455,1.46,1.465,1.471,1.477,1.483,1.49,1.497,1.545,1.602,1.665,1.732,1.872,2.012,2.148,2.275,2.393,2.501,2.599,2.964
394.0,403.0,1.442,1.445,1.449,1.453,1.458,1.463,1.468,1.474,1.481,1.488,1.495,1.502,1.554,1.615,1.682,1.753,1.9,2.048,2.19,2.323,2.447,2.559,2.661,3.038
394.0,404.0,1.442,1.445,1.449,1.454,1.459,1.465,1.471,1.477,1.484,1.492,1.5,1.508,1.564,1.628,1.699,1.775,1.93,2.085,2.234,2.373,2.501,2.618,2.723,3.112
394.0,405.0,1.44,1.444,1.449,1.454,1.46,1.466,1.473,1.48,1.488,1.496,1.505,1.513,1.574,1.643,1.718,1.798,1.962,2.124,2.279,2.424,2.556,2.677,2.785,3.183
394.0,406.0,1.438,1.443,1.449,1.454,1.461,1.468,1.475,1.483,1.492,1.501,1.51,1.519,1.584,1.658,1.738,1.822,1.994,2.163,2.324,2.474,2.61,2.734,2.846,3.252
395.0,396.0,1.409,1.424,1.439,1.454,1.469,1.483,1.497,1.511,1.525,1.539,1.553,1.566,1.643,1.715,1.781,1.843,1.954,2.05,2.132,2.203,2.265,2.319,2.366,2.528
395.0,397.0,1.44,1.45,1.459,1.469,1.478,1.488,1.498,1.507,1.517,1.527,1.536,1.546,1.603,1.66,1.716,1.77,1.872,1.966,2.051,2.127,2.196,2.257,2.312,2.51
395.0,398.0,1.451,1.456,1.462,1.468,1.474,1.481,1.487,1.494,1.5,1.507,1.514,1.521,1.565,1.612,1.66,1.709,1.807,1.9,1.989,2.071,2.146,2.214,2.276,2.505
395.0,399.0,1.446,1.449,1.452,1.456,1.46,1.464,1.468,1.473,1.477,1.482,1.488,1.493,1.529,1.569,1.613,1.66,1.756,1.851,1.944,2.031,2.112,2.187,2.255,2.511
395.0,400.0,1.43,1.432,1.433,1.435,1.438,1.44,1.443,1.447,1.45,1.454,1.458,1.463,1.493,1.531,1.573,1.619,1.716,1.815,1.912,2.005,2.092,2.173,2.247,2.528
395.0,401.0,1.407,1.407,1.408,1.409,1.41,1.412,1.414,1.417,1.42,1.423,1.427,1.43,1.459,1.495,1.538,1.584,1.684,1.788,1.891,1.99,2.083,2.169,2.249,2.552
395.0,402.0,1.378,1.377,1.378,1.378,1.379,1.381,1.383,1.385,1.387,1.39,1.394,1.397,1.426,1.462,1.506,1.554,1.659,1.769,1.878,1.983,2.082,2.174,2.258,2.581
395.0,403.0,1.345,1.345,1.344,1.345,1.346,1.347,1.349,1.351,1.354,1.357,1.36,1.364,1.393,1.432,1.478,1.528,1.639,1.756,1.871,1.982,2.086,2.184,2.273,2.614
395.0,404.0,1.31,1.31,1.31,1.31,1.311,1.313,1.315,1.317,1.32,1.323,1.327,1.331,1.362,1.403,1.452,1.506,1.624,1.746,1.868,1.985,2.096,2.198,2.292,2.649
395.0,405.0,1.274,1.274,1.274,1.275,1.276,1.278,1.28,1.283,1.286,1.289,1.293,1.298,1.332,1.376,1.428,1.486,1.611,1.741,1.869,1.992,2.107,2.214,2.313,2.684
395.0,406.0,1.237,1.237,1.238,1.239,1.24,1.243,1.245,1.248,1.252,1.256,1.261,1.266,1.303,1.351,1.406,1.468,1.6,1.737,1.872,2.001,2.121,2.233,2.335,2.72
395.0,407.0,1.201,1.201,1.202,1.203,1.205,1.208,1.211,1.215,1.219,1.224,1.229,1.234,1.275,1.327,1.386,1.451,1.591,1.735,1.876,2.01,2.136,2.252,2.357,2.754
396.0,397.0,1.703,1.713,1.724,1.734,1.745,1.755,1.765,1.775,1.786,1.796,1.806,1.816,1.874,1.931,1.984,2.035,2.129,2.214,2.288,2.355,2.414,2.466,2.512,2.676
396.0,398.0,1.843,1.847,1.852,1.856,1.861,1.866,1.871,1.876,1.882,1.887,1.893,1.899,1.937,1.977,2.021,2.065,2.155,2.243,2.326,2.404,2.476,2.542,2.602,2.825
396.0,399.0,1.93,1.931,1.931,1.933,1.934,1.936,1.938,1.941,1.943,1.946,1.95,1.953,1.98,2.014,2.053,2.096,2.189,2.284,2.379,2.469,2.554,2.633,2.705,2.98
396.0,400.0,1.977,1.976,1.975,1.974,1.974,1.975,1.976,1.977,1.979,1.981,1.983,1.986,2.01,2.043,2.083,2.129,2.23,2.338,2.445,2.548,2.646,2.736,2.82,3.139
396.0,401.0,1.995,1.993,1.991,1.99,1.99,1.99,1.991,1.992,1.994,1.996,1.999,2.002,2.028,2.066,2.112,2.163,2.278,2.4,2.521,2.638,2.748,2.851,2.945,3.303
396.0,402.0,1.99,1.989,1.988,1.988,1.988,1.989,1.991,1.993,1.995,1.999,2.002,2.006,2.04,2.085,2.139,2.199,2.331,2.47,2.606,2.737,2.86,2.973,3.077,3.467
396.0,403.0,1.971,1.97,1.971,1.972,1.974,1.976,1.979,1.983,1.987,1.992,1.997,2.003,2.046,2.101,2.166,2.237,2.389,2.545,2.697,2.842,2.976,3.1,3.212,3.629
396.0,404.0,1.94,1.942,1.944,1.947,1.951,1.955,1.961,1.966,1.972,1.979,1.986,1.994,2.049,2.117,2.194,2.276,2.449,2.624,2.792,2.95,3.095,3.227,3.347,3.787
396.0,405.0,1.903,1.907,1.912,1.917,1.923,1.93,1.937,1.945,1.954,1.963,1.972,1.982,2.052,2.133,2.222,2.317,2.512,2.704,2.888,3.058,3.213,3.353,3.479,3.936
396.0,406.0,1.862,1.869,1.876,1.884,1.893,1.902,1.912,1.922,1.933,1.945,1.957,1.97,2.054,2.149,2.252,2.358,2.575,2.785,2.982,3.164,3.328,3.475,3.606,4.076
396.0,407.0,1.819,1.829,1.838,1.849,1.861,1.873,1.885,1.898,1.912,1.926,1.941,1.956,2.056,2.166,2.282,2.4,2.637,2.864,3.075,3.266,3.438,3.59,3.726,4.206
396.0,408.0,1.776,1.788,1.801,1.814,1.828,1.843,1.859,1.875,1.891,1.908,1.926,1.944,2.058,2.182,2.311,2.441,2.698,2.94,3.163,3.363,3.541,3.699,3.838,4.324
397.0,398.0,1.654,1.68,1.705,1.729,1.753,1.777,1.799,1.822,1.843,1.864,1.885,1.905,2.015,2.111,2.193,2.263,2.378,2.464,2.529,2.579,2.618,2.648,2.672,2.737
397.0,399.0,1.759,1.777,1.795,1.812,1.829,1.846,1.862,1.878,1.894,1.909,1.924,1.939,2.023,2.097,2.163,2.223,2.324,2.406,2.474,2.529,2.575,2.614,2.647,2.753
397.0,400.0,1.835,1.847,1.859,1.871,1.883,1.895,1.906,1.918,1.929,1.94,1.951,1.962,2.026,2.085,2.14,2.192,2.286,2.367,2.438,2.499,2.553,2.6,2.641,2.785
397.0,401.0,1.888,1.896,1.904,1.912,1.92,1.928,1.937,1.945,1.953,1.962,1.97,1.978,2.028,2.077,2.126,2.173,2.263,2.345,2.42,2.488,2.55,2.604,2.653,2.83
397.0,402.0,1.923,1.928,1.934,1.939,1.945,1.951,1.957,1.963,1.97,1.976,1.982,1.989,2.03,2.073,2.118,2.163,2.253,2.339,2.419,2.494,2.562,2.624,2.68,2.888
397.0,403.0,1.945,1.949,1.953,1.956,1.961,1.965,1.97,1.974,1.979,1.985,1.99,1.996,2.032,2.072,2.116,2.161,2.253,2.344,2.431,2.513,2.588,2.657,2.72,2.954
397.0,404.0,1.958,1.96,1.963,1.966,1.969,1.972,1.976,1.98,1.985,1.989,1.994,1.999,2.033,2.073,2.117,2.164,2.261,2.359,2.453,2.542,2.625,2.7,2.77,3.028
397.0,405.0,1.963,1.964,1.966,1.969,1.972,1.975,1.978,1.982,1.986,1.991,1.995,2.0,2.035,2.076,2.123,2.172,2.276,2.381,2.483,2.579,2.669,2.751,2.826,3.106
397.0,406.0,1.962,1.964,1.966,1.968,1.971,1.974,1.978,1.982,1.986,1.99,1.995,2.0,2.037,2.081,2.131,2.184,2.296,2.409,2.519,2.623,2.719,2.808,2.888,3.187
397.0,407.0,1.958,1.96,1.962,1.965,1.968,1.971,1.975,1.979,1.984,1.989,1.994,2.0,2.04,2.087,2.141,2.199,2.319,2.441,2.559,2.671,2.773,2.868,2.953,3.27
397.0,408.0,1.952,1.954,1.956,1.959,1.963,1.967,1.971,1.976,1.981,1.987,1.993,1.999,2.043,2.095,2.154,2.216,2.346,2.477,2.603,2.721,2.83,2.93,3.02,3.351
397.0,409.0,1.944,1.946,1.949,1.953,1.957,1.962,1.967,1.972,1.978,1.984,1.991,1.998,2.047,2.104,2.168,2.235,2.375,2.515,2.648,2.773,2.888,2.992,3.087,3.431
398.0,399.0,1.759,1.782,1.804,1.826,1.847,1.867,1.888,1.908,1.927,1.946,1.965,1.983,2.086,2.177,2.258,2.33,2.452,2.551,2.63,2.696,2.75,2.795,2.833,2.956
398.0,400.0,1.793,1.807,1.822,1.837,1.851,1.866,1.88,1.894,1.908,1.922,1.936,1.949,2.028,2.103,2.173,2.239,2.359,2.463,2.554,2.633,2.701,2.761,2.813,2.992
398.0,401.0,1.801,1.81,1.82,1.83,1.839,1.85,1.86,1.87,1.88,1.891,1.901,1.912,1.976,2.04,2.105,2.168,2.289,2.401,2.503,2.594,2.676,2.748,2.812,3.04
398.0,402.0,1.79,1.796,1.803,1.81,1.817,1.824,1.832,1.84,1.848,1.856,1.865,1.873,1.929,1.989,2.051,2.114,2.24,2.361,2.474,2.577,2.67,2.754,2.83,3.101
398.0,403.0,1.767,1.771,1.776,1.781,1.787,1.793,1.799,1.806,1.813,1.82,1.828,1.835,1.888,1.946,2.01,2.075,2.209,2.34,2.464,2.579,2.683,2.778,2.863,3.171
398.0,404.0,1.735,1.739,1.743,1.747,1.752,1.758,1.764,1.77,1.776,1.784,1.791,1.799,1.851,1.912,1.979,2.049,2.193,2.335,2.47,2.596,2.711,2.815,2.908,3.248
398.0,405.0,1.699,1.702,1.706,1.711,1.716,1.721,1.727,1.734,1.741,1.748,1.756,1.764,1.82,1.885,1.957,2.033,2.188,2.342,2.489,2.625,2.749,2.861,2.962,3.329
398.0,406.0,1.66,1.663,1.668,1.673,1.678,1.685,1.691,1.699,1.706,1.715,1.723,1.732,1.794,1.865,1.943,2.025,2.193,2.359,2.517,2.663,2.795,2.915,3.023,3.412
398.0,407.0,1.62,1.624,1.63,1.636,1.642,1.65,1.657,1.666,1.674,1.684,1.693,1.703,1.772,1.85,1.935,2.024,2.206,2.383,2.551,2.706,2.847,2.973,3.087,3.494
398.0,408.0,1.581,1.587,1.593,1.6,1.608,1.616,1.625,1.635,1.645,1.655,1.666,1.678,1.754,1.84,1.932,2.028,2.223,2.413,2.59,2.753,2.901,3.033,3.151,3.574
398.0,409.0,1.543,1.551,1.558,1.567,1.576,1.586,1.596,1.607,1.619,1.631,1.643,1.656,1.74,1.834,1.934,2.037,2.245,2.445,2.632,2.802,2.956,3.093,3.215,3.65
398.0,410.0,1.508,1.517,1.526,1.536,1.547,1.558,1.57,1.583,1.595,1.609,1.623,1.637,1.729,1.831,1.939,2.049,2.269,2.479,2.674,2.851,3.01,3.152,3.277,3.721
399.0,400.0,1.858,1.876,1.893,1.91,1.927,1.944,1.96,1.975,1.991,2.006,2.021,2.035,2.116,2.188,2.251,2.307,2.402,2.478,2.54,2.59,2.631,2.665,2.693,2.784
399.0,401.0,1.899,1.911,1.922,1.934,1.945,1.956,1.967,1.978,1.988,1.999,2.009,2.02,2.08,2.135,2.188,2.236,2.324,2.4,2.466,2.524,2.574,2.618,2.656,2.79
399.0,402.0,1.922,1.929,1.936,1.943,1.95,1.958,1.965,1.972,1.98,1.987,1.995,2.002,2.047,2.092,2.137,2.181,2.264,2.342,2.413,2.478,2.536,2.589,2.636,2.807
399.0,403.0,1.93,1.934,1.938,1.942,1.947,1.951,1.956,1.961,1.966,1.972,1.977,1.983,2.018,2.056,2.096,2.137,2.22,2.301,2.377,2.449,2.515,2.575,2.63,2.833
399.0,404.0,1.926,1.928,1.93,1.933,1.935,1.938,1.941,1.945,1.949,1.952,1.956,1.961,1.99,2.024,2.062,2.102,2.187,2.272,2.355,2.433,2.506,2.574,2.635,2.868
399.0,405.0,1.914,1.915,1.916,1.917,1.918,1.92,1.922,1.925,1.927,1.93,1.934,1.937,1.963,1.996,2.033,2.074,2.162,2.253,2.343,2.428,2.508,2.583,2.651,2.909
399.0,406.0,1.896,1.895,1.895,1.896,1.897,1.898,1.899,1.901,1.904,1.906,1.909,1.912,1.937,1.97,2.009,2.051,2.145,2.242,2.339,2.431,2.518,2.599,2.673,2.955
399.0,407.0,1.873,1.872,1.871,1.871,1.872,1.873,1.874,1.876,1.878,1.881,1.883,1.887,1.912,1.946,1.987,2.033,2.133,2.238,2.341,2.441,2.535,2.622,2.702,3.004
399.0,408.0,1.846,1.845,1.844,1.844,1.845,1.846,1.847,1.849,1.851,1.854,1.857,1.86,1.888,1.924,1.968,2.018,2.125,2.238,2.349,2.456,2.556,2.649,2.734,3.055
399.0,409.0,1.817,1.816,1.815,1.815,1.816,1.817,1.819,1.821,1.824,1.827,1.83,1.834,1.864,1.904,1.952,2.005,2.121,2.241,2.36,2.474,2.58,2.678,2.768,3.107
399.0,410.0,1.785,1.785,1.785,1.785,1.786,1.788,1.79,1.792,1.796,1.799,1.803,1.807,1.841,1.885,1.937,1.994,2.118,2.247,2.373,2.494,2.606,2.71,2.804,3.158
399.0,411.0,1.753,1.753,1.753,1.754,1.756,1.758,1.76,1.764,1.767,1.771,1.776,1.781,1.818,1.867,1.923,1.985,2.118,2.255,2.389,2.515,2.633,2.742,2.841,3.208
400.0,401.0,1.988,2.014,2.04,2.064,2.088,2.112,2.134,2.156,2.178,2.199,2.219,2.239,2.346,2.437,2.514,2.579,2.681,2.755,2.809,2.848,2.877,2.899,2.916,2.958
400.0,402.0,2.074,2.093,2.111,2.129,2.147,2.164,2.18,2.197,2.213,2.228,2.243,2.258,2.341,2.414,2.478,2.534,2.627,2.701,2.759,2.806,2.844,2.875,2.901,2.982
400.0,403.0,2.134,2.147,2.161,2.173,2.186,2.199,2.211,2.223,2.235,2.247,2.259,2.27,2.336,2.396,2.451,2.501,2.59,2.665,2.728,2.783,2.829,2.868,2.903,3.018
400.0,404.0,2.174,2.184,2.193,2.203,2.212,2.222,2.231,2.241,2.25,2.259,2.268,2.278,2.332,2.383,2.433,2.48,2.568,2.645,2.714,2.775,2.829,2.876,2.918,3.064
400.0,405.0,2.199,2.206,2.213,2.221,2.228,2.235,2.243,2.251,2.258,2.266,2.273,2.281,2.328,2.375,2.422,2.468,2.557,2.639,2.714,2.781,2.842,2.896,2.944,3.117
400.0,406.0,2.213,2.219,2.224,2.23,2.236,2.242,2.248,2.255,2.261,2.268,2.275,2.282,2.325,2.37,2.416,2.463,2.555,2.642,2.723,2.797,2.865,2.925,2.979,3.176
400.0,407.0,2.219,2.223,2.228,2.233,2.238,2.244,2.249,2.255,2.261,2.267,2.274,2.28,2.322,2.367,2.414,2.462,2.559,2.653,2.74,2.821,2.895,2.962,3.021,3.239
400.0,408.0,2.218,2.222,2.227,2.231,2.236,2.241,2.247,2.252,2.258,2.264,2.27,2.277,2.319,2.365,2.415,2.466,2.569,2.669,2.764,2.851,2.931,3.003,3.068,3.305
400.0,409.0,2.213,2.217,2.222,2.226,2.231,2.236,2.242,2.247,2.253,2.259,2.266,2.272,2.316,2.365,2.417,2.472,2.582,2.689,2.791,2.885,2.971,3.048,3.118,3.371
400.0,410.0,2.206,2.21,2.214,2.219,2.224,2.229,2.235,2.241,2.247,2.253,2.26,2.267,2.314,2.366,2.422,2.48,2.597,2.712,2.821,2.921,3.013,3.095,3.169,3.438
400.0,411.0,2.196,2.2,2.205,2.21,2.215,2.221,2.227,2.233,2.24,2.247,2.254,2.262,2.312,2.367,2.427,2.489,2.615,2.737,2.853,2.959,3.056,3.143,3.221,3.503
400.0,412.0,2.184,2.189,2.194,2.199,2.205,2.212,2.218,2.225,2.232,2.24,2.248,2.256,2.31,2.369,2.433,2.5,2.633,2.763,2.886,2.998,3.1,3.191,3.273,3.567
401.0,402.0,2.012,2.031,2.049,2.067,2.084,2.101,2.118,2.134,2.15,2.165,2.18,2.195,2.277,2.348,2.41,2.464,2.553,2.623,2.677,2.72,2.755,2.783,2.806,2.875
401.0,403.0,2.062,2.073,2.085,2.096,2.107,2.118,2.129,2.139,2.15,2.16,2.17,2.18,2.238,2.292,2.342,2.388,2.471,2.542,2.603,2.655,2.7,2.74,2.774,2.891
401.0,404.0,2.087,2.093,2.099,2.106,2.113,2.119,2.126,2.133,2.14,2.146,2.153,2.16,2.202,2.245,2.287,2.328,2.408,2.482,2.55,2.611,2.666,2.716,2.76,2.919
401.0,405.0,2.092,2.095,2.098,2.102,2.105,2.109,2.113,2.118,2.122,2.127,2.131,2.136,2.168,2.204,2.242,2.281,2.361,2.44,2.515,2.586,2.65,2.709,2.762,2.958
401.0,406.0,2.083,2.084,2.085,2.087,2.089,2.091,2.093,2.096,2.099,2.102,2.105,2.109,2.135,2.168,2.204,2.244,2.328,2.413,2.496,2.575,2.648,2.715,2.777,3.006
401.0,407.0,2.064,2.064,2.064,2.064,2.065,2.066,2.067,2.069,2.071,2.074,2.077,2.08,2.104,2.136,2.173,2.215,2.304,2.398,2.489,2.577,2.659,2.734,2.803,3.061
401.0,408.0,2.038,2.037,2.036,2.036,2.036,2.037,2.038,2.039,2.041,2.043,2.046,2.049,2.073,2.107,2.147,2.192,2.289,2.391,2.492,2.588,2.678,2.761,2.837,3.122
401.0,409.0,2.006,2.005,2.004,2.004,2.004,2.004,2.006,2.007,2.009,2.012,2.015,2.018,2.044,2.081,2.125,2.174,2.281,2.392,2.502,2.607,2.705,2.796,2.878,3.186
401.0,410.0,1.972,1.97,1.97,1.97,1.97,1.971,1.972,1.974,1.977,1.98,1.983,1.987,2.017,2.058,2.106,2.16,2.277,2.399,2.518,2.632,2.738,2.835,2.923,3.252
401.0,411.0,1.935,1.934,1.934,1.934,1.935,1.937,1.939,1.941,1.944,1.948,1.952,1.956,1.991,2.037,2.091,2.15,2.278,2.41,2.539,2.661,2.774,2.877,2.971,3.318
401.0,412.0,1.898,1.897,1.898,1.899,1.9,1.903,1.905,1.909,1.912,1.917,1.922,1.927,1.967,2.018,2.078,2.143,2.282,2.424,2.562,2.692,2.812,2.921,3.02,3.384
401.0,413.0,1.86,1.861,1.862,1.863,1.866,1.869,1.873,1.877,1.881,1.887,1.892,1.899,1.944,2.002,2.068,2.139,2.289,2.441,2.588,2.725,2.852,2.966,3.07,3.448
402.0,403.0,2.082,2.101,2.12,2.138,2.156,2.173,2.19,2.206,2.222,2.238,2.253,2.267,2.347,2.416,2.474,2.524,2.604,2.662,2.705,2.738,2.762,2.78,2.794,2.831
402.0,404.0,2.138,2.15,2.161,2.172,2.183,2.194,2.205,2.215,2.225,2.235,2.245,2.255,2.31,2.36,2.405,2.446,2.517,2.576,2.625,2.666,2.701,2.731,2.757,2.842
402.0,405.0,2.168,2.174,2.18,2.187,2.193,2.199,2.206,2.212,2.218,2.225,2.231,2.238,2.275,2.313,2.349,2.385,2.452,2.513,2.568,2.618,2.663,2.702,2.738,2.865
402.0,406.0,2.178,2.18,2.183,2.186,2.19,2.193,2.197,2.2,2.204,2.208,2.212,2.216,2.243,2.273,2.304,2.337,2.403,2.468,2.531,2.589,2.642,2.691,2.735,2.9
402.0,407.0,2.173,2.173,2.174,2.175,2.176,2.178,2.179,2.181,2.183,2.186,2.188,2.191,2.212,2.237,2.267,2.299,2.368,2.439,2.508,2.575,2.637,2.694,2.747,2.945
402.0,408.0,2.157,2.156,2.155,2.155,2.155,2.155,2.156,2.157,2.158,2.16,2.162,2.164,2.181,2.206,2.235,2.269,2.343,2.421,2.498,2.573,2.643,2.709,2.769,2.997
402.0,409.0,2.134,2.132,2.13,2.129,2.129,2.128,2.128,2.129,2.13,2.131,2.133,2.134,2.151,2.177,2.208,2.244,2.325,2.411,2.498,2.581,2.659,2.732,2.799,3.054
402.0,410.0,2.105,2.102,2.101,2.099,2.098,2.098,2.098,2.098,2.099,2.101,2.102,2.104,2.122,2.15,2.185,2.225,2.314,2.409,2.504,2.596,2.682,2.762,2.836,3.115
402.0,411.0,2.072,2.069,2.068,2.066,2.066,2.065,2.066,2.066,2.067,2.069,2.071,2.073,2.094,2.126,2.164,2.209,2.308,2.412,2.516,2.616,2.71,2.797,2.877,3.178
402.0,412.0,2.036,2.034,2.033,2.032,2.031,2.032,2.032,2.033,2.035,2.037,2.039,2.042,2.067,2.103,2.147,2.196,2.305,2.419,2.532,2.64,2.741,2.835,2.92,3.24
402.0,413.0,2.0,1.998,1.997,1.996,1.997,1.997,1.998,2.0,2.002,2.005,2.008,2.012,2.041,2.082,2.131,2.185,2.304,2.428,2.55,2.666,2.774,2.874,2.965,3.302
402.0,414.0,1.962,1.961,1.961,1.961,1.961,1.963,1.965,1.967,1.97,1.974,1.977,1.982,2.016,2.062,2.116,2.176,2.306,2.44,2.57,2.694,2.808,2.914,3.009,3.362
403.0,404.0,2.14,2.165,2.188,2.211,2.234,2.255,2.276,2.297,2.316,2.336,2.354,2.372,2.469,2.549,2.616,2.671,2.754,2.81,2.847,2.871,2.887,2.897,2.903,2.906
403.0,405.0,2.214,2.231,2.247,2.262,2.278,2.292,2.307,2.321,2.335,2.348,2.361,2.374,2.445,2.506,2.558,2.604,2.679,2.736,2.78,2.814,2.841,2.862,2.88,2.931
403.0,406.0,2.26,2.27,2.281,2.291,2.301,2.311,2.321,2.331,2.34,2.35,2.359,2.368,2.42,2.468,2.512,2.552,2.623,2.683,2.734,2.778,2.815,2.847,2.874,2.968
403.0,407.0,2.283,2.29,2.296,2.303,2.31,2.316,2.323,2.33,2.337,2.344,2.35,2.357,2.397,2.437,2.476,2.513,2.584,2.649,2.707,2.759,2.805,2.847,2.883,3.014
403.0,408.0,2.29,2.294,2.298,2.303,2.307,2.312,2.316,2.321,2.326,2.331,2.337,2.342,2.375,2.411,2.447,2.484,2.558,2.628,2.694,2.755,2.81,2.86,2.905,3.069
403.0,409.0,2.285,2.287,2.29,2.293,2.296,2.3,2.303,2.307,2.311,2.315,2.319,2.324,2.354,2.388,2.425,2.463,2.541,2.619,2.693,2.762,2.826,2.884,2.936,3.13
403.0,410.0,2.271,2.273,2.275,2.277,2.279,2.282,2.285,2.288,2.292,2.296,2.3,2.304,2.333,2.368,2.407,2.448,2.533,2.619,2.702,2.779,2.851,2.916,2.976,3.195
403.0,411.0,2.252,2.253,2.254,2.256,2.259,2.261,2.264,2.267,2.271,2.275,2.279,2.283,2.314,2.351,2.393,2.437,2.531,2.626,2.717,2.803,2.882,2.955,3.021,3.263
403.0,412.0,2.228,2.229,2.231,2.233,2.235,2.238,2.241,2.245,2.249,2.253,2.257,2.262,2.295,2.336,2.382,2.431,2.534,2.638,2.738,2.832,2.919,2.998,3.069,3.333
403.0,413.0,2.203,2.204,2.206,2.208,2.211,2.214,2.218,2.222,2.226,2.231,2.236,2.241,2.278,2.323,2.374,2.428,2.541,2.654,2.763,2.865,2.958,3.043,3.12,3.402
403.0,414.0,2.175,2.177,2.18,2.183,2.186,2.19,2.194,2.199,2.204,2.209,2.215,2.221,2.263,2.313,2.368,2.427,2.55,2.673,2.79,2.9,3.0,3.091,3.173,3.471
403.0,415.0,2.148,2.15,2.153,2.157,2.161,2.166,2.17,2.176,2.182,2.188,2.194,2.201,2.248,2.304,2.365,2.429,2.562,2.694,2.82,2.936,3.042,3.138,3.225,3.537
404.0,405.0,2.143,2.159,2.175,2.19,2.205,2.219,2.233,2.246,2.259,2.272,2.284,2.296,2.362,2.418,2.464,2.504,2.566,2.611,2.643,2.667,2.684,2.696,2.705,2.727
404.0,406.0,2.153,2.16,2.168,2.175,2.182,2.189,2.196,2.203,2.21,2.217,2.223,2.23,2.267,2.301,2.333,2.362,2.413,2.457,2.495,2.527,2.554,2.578,2.599,2.669
404.0,407.0,2.137,2.139,2.141,2.143,2.145,2.147,2.15,2.152,2.155,2.158,2.16,2.163,2.181,2.202,2.223,2.245,2.29,2.335,2.377,2.417,2.453,2.487,2.517,2.631
404.0,408.0,2.103,2.101,2.099,2.098,2.097,2.096,2.096,2.095,2.095,2.095,2.095,2.096,2.102,2.113,2.129,2.147,2.19,2.236,2.284,2.331,2.376,2.418,2.457,2.608
404.0,409.0,2.055,2.051,2.047,2.044,2.04,2.038,2.035,2.033,2.031,2.03,2.028,2.027,2.027,2.033,2.046,2.063,2.106,2.157,2.211,2.265,2.317,2.367,2.414,2.599
404.0,410.0,1.998,1.993,1.987,1.983,1.978,1.974,1.971,1.968,1.965,1.962,1.96,1.959,1.954,1.959,1.971,1.988,2.035,2.091,2.152,2.214,2.274,2.332,2.386,2.601
404.0,411.0,1.935,1.929,1.923,1.917,1.912,1.908,1.904,1.9,1.897,1.894,1.892,1.89,1.884,1.889,1.902,1.921,1.974,2.037,2.106,2.175,2.243,2.308,2.369,2.612
404.0,412.0,1.869,1.862,1.855,1.85,1.845,1.84,1.836,1.832,1.829,1.826,1.823,1.821,1.817,1.823,1.839,1.861,1.92,1.992,2.068,2.146,2.221,2.293,2.361,2.629
404.0,413.0,1.8,1.793,1.787,1.781,1.776,1.771,1.767,1.763,1.76,1.758,1.756,1.754,1.751,1.761,1.78,1.806,1.873,1.953,2.038,2.123,2.206,2.285,2.359,2.65
404.0,414.0,1.73,1.724,1.717,1.712,1.707,1.703,1.699,1.696,1.693,1.691,1.689,1.688,1.688,1.701,1.724,1.755,1.831,1.92,2.013,2.106,2.196,2.281,2.361,2.674
404.0,415.0,1.661,1.654,1.649,1.644,1.639,1.635,1.632,1.629,1.627,1.625,1.624,1.623,1.628,1.645,1.672,1.707,1.793,1.89,1.992,2.093,2.19,2.281,2.367,2.699
404.0,416.0,1.592,1.586,1.581,1.576,1.572,1.569,1.566,1.564,1.562,1.561,1.561,1.561,1.569,1.591,1.623,1.663,1.758,1.864,1.974,2.082,2.186,2.283,2.374,2.724
405.0,406.0,2.284,2.305,2.326,2.346,2.365,2.384,2.403,2.42,2.437,2.454,2.47,2.485,2.569,2.637,2.694,2.74,2.808,2.853,2.883,2.901,2.912,2.919,2.922,2.918
405.0,407.0,2.324,2.337,2.349,2.361,2.372,2.383,2.394,2.405,2.415,2.425,2.435,2.445,2.498,2.544,2.584,2.619,2.675,2.718,2.751,2.777,2.797,2.813,2.827,2.865
405.0,408.0,2.336,2.342,2.348,2.354,2.36,2.365,2.371,2.376,2.382,2.388,2.393,2.398,2.43,2.459,2.487,2.514,2.562,2.604,2.64,2.673,2.701,2.726,2.747,2.823
405.0,409.0,2.327,2.328,2.33,2.331,2.333,2.335,2.337,2.339,2.341,2.343,2.345,2.348,2.364,2.382,2.402,2.422,2.465,2.507,2.547,2.585,2.62,2.652,2.681,2.789
405.0,410.0,2.301,2.299,2.298,2.296,2.295,2.294,2.294,2.293,2.293,2.293,2.293,2.294,2.299,2.31,2.324,2.341,2.381,2.425,2.469,2.512,2.553,2.591,2.627,2.763
405.0,411.0,2.263,2.259,2.256,2.252,2.249,2.247,2.244,2.242,2.241,2.239,2.238,2.237,2.236,2.242,2.253,2.268,2.307,2.353,2.402,2.45,2.497,2.541,2.583,2.744
405.0,412.0,2.217,2.211,2.206,2.202,2.198,2.194,2.19,2.187,2.184,2.182,2.18,2.178,2.173,2.176,2.186,2.201,2.242,2.291,2.344,2.398,2.45,2.5,2.547,2.731
405.0,413.0,2.164,2.158,2.152,2.147,2.142,2.137,2.133,2.129,2.126,2.123,2.12,2.118,2.111,2.113,2.123,2.138,2.182,2.236,2.294,2.353,2.411,2.467,2.519,2.724
405.0,414.0,2.107,2.1,2.094,2.088,2.083,2.078,2.073,2.069,2.066,2.062,2.06,2.057,2.049,2.052,2.063,2.08,2.128,2.187,2.25,2.315,2.379,2.439,2.496,2.72
405.0,415.0,2.048,2.041,2.034,2.028,2.022,2.017,2.013,2.009,2.005,2.002,1.999,1.996,1.989,1.993,2.006,2.025,2.078,2.142,2.212,2.282,2.351,2.416,2.478,2.72
405.0,416.0,1.987,1.98,1.973,1.967,1.961,1.956,1.952,1.948,1.944,1.941,1.938,1.936,1.93,1.936,1.951,1.973,2.031,2.102,2.177,2.253,2.327,2.397,2.463,2.721
405.0,417.0,1.925,1.918,1.912,1.906,1.9,1.895,1.891,1.887,1.884,1.881,1.879,1.877,1.873,1.881,1.899,1.924,1.988,2.065,2.146,2.227,2.306,2.381,2.451,2.725
406.0,407.0,2.443,2.459,2.475,2.491,2.506,2.521,2.535,2.549,2.563,2.577,2.59,2.602,2.672,2.732,2.784,2.828,2.9,2.954,2.995,3.026,3.05,3.069,3.085,3.129
406.0,408.0,2.532,2.54,2.547,2.555,2.562,2.569,2.576,2.583,2.591,2.598,2.605,2.612,2.652,2.691,2.727,2.762,2.825,2.881,2.93,2.973,3.01,3.043,3.072,3.173
406.0,409.0,2.593,2.594,2.595,2.596,2.598,2.6,2.602,2.604,2.607,2.609,2.612,2.615,2.635,2.659,2.686,2.715,2.775,2.835,2.893,2.947,2.997,3.042,3.084,3.235
406.0,410.0,2.63,2.626,2.623,2.621,2.618,2.617,2.615,2.614,2.614,2.613,2.613,2.614,2.621,2.637,2.658,2.685,2.746,2.813,2.88,2.945,3.007,3.064,3.116,3.312
406.0,411.0,2.648,2.642,2.636,2.631,2.626,2.622,2.619,2.616,2.613,2.611,2.609,2.608,2.608,2.62,2.64,2.667,2.733,2.809,2.887,2.963,3.036,3.104,3.166,3.402
406.0,412.0,2.652,2.644,2.637,2.63,2.624,2.619,2.614,2.61,2.606,2.603,2.601,2.599,2.597,2.608,2.63,2.659,2.734,2.82,2.91,2.997,3.081,3.159,3.231,3.503
406.0,413.0,2.646,2.637,2.628,2.621,2.614,2.609,2.603,2.599,2.595,2.592,2.589,2.587,2.586,2.6,2.625,2.66,2.746,2.844,2.946,3.045,3.139,3.227,3.307,3.61
406.0,414.0,2.631,2.621,2.613,2.606,2.599,2.593,2.588,2.584,2.58,2.577,2.575,2.574,2.576,2.595,2.626,2.667,2.767,2.878,2.992,3.102,3.207,3.303,3.392,3.721
406.0,415.0,2.61,2.601,2.593,2.586,2.58,2.574,2.57,2.566,2.564,2.561,2.56,2.559,2.567,2.593,2.632,2.68,2.794,2.919,3.045,3.167,3.281,3.386,3.481,3.834
406.0,416.0,2.584,2.576,2.569,2.563,2.558,2.553,2.55,2.547,2.546,2.545,2.544,2.545,2.56,2.594,2.641,2.697,2.827,2.966,3.104,3.237,3.359,3.472,3.573,3.945
406.0,417.0,2.556,2.549,2.543,2.538,2.534,2.531,2.529,2.528,2.527,2.528,2.529,2.531,2.555,2.597,2.653,2.718,2.863,3.017,3.167,3.309,3.44,3.559,3.666,4.054
406.0,418.0,2.527,2.521,2.516,2.512,2.51,2.508,2.508,2.508,2.509,2.511,2.514,2.517,2.551,2.603,2.667,2.741,2.903,3.069,3.231,3.382,3.52,3.645,3.757,4.158
407.0,408.0,2.558,2.564,2.569,2.575,2.58,2.585,2.591,2.596,2.601,2.607,2.612,2.617,2.648,2.677,2.706,2.733,2.783,2.828,2.867,2.902,2.933,2.96,2.984,3.066
407.0,409.0,2.618,2.617,2.617,2.616,2.617,2.617,2.618,2.618,2.619,2.62,2.622,2.623,2.636,2.652,2.673,2.695,2.744,2.794,2.843,2.89,2.934,2.974,3.01,3.144
407.0,410.0,2.647,2.642,2.638,2.635,2.632,2.629,2.627,2.625,2.623,2.622,2.621,2.621,2.623,2.633,2.65,2.671,2.723,2.782,2.842,2.9,2.956,3.008,3.055,3.235
407.0,411.0,2.654,2.648,2.642,2.636,2.632,2.627,2.623,2.62,2.617,2.615,2.613,2.611,2.609,2.618,2.635,2.659,2.718,2.787,2.858,2.929,2.996,3.058,3.116,3.336
407.0,412.0,2.647,2.639,2.632,2.626,2.62,2.615,2.611,2.607,2.604,2.601,2.599,2.597,2.595,2.606,2.627,2.655,2.725,2.806,2.889,2.971,3.05,3.123,3.19,3.444
407.0,413.0,2.629,2.621,2.614,2.608,2.602,2.597,2.593,2.589,2.586,2.584,2.582,2.581,2.582,2.598,2.624,2.658,2.742,2.835,2.932,3.025,3.114,3.197,3.272,3.556
407.0,414.0,2.604,2.597,2.59,2.585,2.58,2.575,2.572,2.569,2.567,2.565,2.564,2.563,2.571,2.593,2.626,2.668,2.766,2.873,2.982,3.087,3.186,3.278,3.361,3.67
407.0,415.0,2.576,2.57,2.564,2.559,2.555,2.552,2.549,2.548,2.546,2.546,2.546,2.547,2.561,2.592,2.633,2.682,2.796,2.918,3.039,3.155,3.263,3.362,3.452,3.783
407.0,416.0,2.547,2.541,2.537,2.533,2.53,2.528,2.527,2.527,2.527,2.528,2.529,2.531,2.555,2.593,2.643,2.701,2.83,2.966,3.099,3.225,3.342,3.448,3.544,3.892
407.0,417.0,2.517,2.513,2.51,2.508,2.506,2.506,2.506,2.507,2.509,2.511,2.514,2.517,2.55,2.598,2.657,2.724,2.868,3.017,3.161,3.297,3.421,3.533,3.634,3.997
407.0,418.0,2.488,2.486,2.484,2.484,2.484,2.485,2.487,2.489,2.492,2.496,2.501,2.506,2.548,2.606,2.673,2.748,2.908,3.069,3.224,3.368,3.498,3.616,3.721,4.096
407.0,419.0,2.461,2.46,2.46,2.461,2.463,2.466,2.469,2.473,2.478,2.484,2.49,2.497,2.549,2.615,2.692,2.775,2.949,3.122,3.286,3.437,3.573,3.696,3.805,4.189
408.0,409.0,2.525,2.517,2.509,2.501,2.494,2.487,2.48,2.474,2.469,2.463,2.459,2.454,2.434,2.423,2.42,2.423,2.444,2.477,2.515,2.557,2.599,2.64,2.68,2.838
408.0,410.0,2.482,2.472,2.462,2.453,2.445,2.437,2.43,2.423,2.416,2.411,2.405,2.4,2.377,2.366,2.365,2.371,2.399,2.442,2.492,2.546,2.6,2.653,2.704,2.907
408.0,411.0,2.429,2.418,2.408,2.399,2.39,2.382,2.374,2.367,2.361,2.355,2.349,2.344,2.323,2.315,2.318,2.329,2.369,2.425,2.488,2.555,2.621,2.686,2.746,2.99
408.0,412.0,2.37,2.359,2.349,2.34,2.332,2.324,2.317,2.31,2.304,2.299,2.294,2.29,2.273,2.271,2.28,2.297,2.352,2.422,2.499,2.579,2.657,2.732,2.803,3.082
408.0,413.0,2.308,2.298,2.289,2.281,2.273,2.266,2.26,2.254,2.249,2.244,2.24,2.237,2.227,2.232,2.249,2.274,2.345,2.43,2.521,2.614,2.703,2.789,2.868,3.178
408.0,414.0,2.246,2.237,2.229,2.222,2.215,2.209,2.204,2.199,2.196,2.192,2.19,2.187,2.185,2.199,2.224,2.259,2.346,2.446,2.552,2.656,2.757,2.851,2.939,3.275
408.0,415.0,2.185,2.177,2.17,2.164,2.159,2.155,2.151,2.148,2.145,2.143,2.142,2.141,2.148,2.171,2.206,2.249,2.353,2.469,2.588,2.704,2.814,2.917,3.012,3.371
408.0,416.0,2.126,2.12,2.114,2.11,2.106,2.103,2.101,2.099,2.098,2.098,2.098,2.099,2.116,2.148,2.192,2.245,2.366,2.496,2.628,2.755,2.874,2.985,3.085,3.463
408.0,417.0,2.07,2.065,2.061,2.058,2.056,2.055,2.054,2.054,2.055,2.056,2.058,2.061,2.087,2.13,2.183,2.244,2.382,2.527,2.67,2.807,2.934,3.051,3.158,3.551
408.0,418.0,2.016,2.013,2.011,2.01,2.009,2.01,2.011,2.013,2.015,2.018,2.022,2.026,2.063,2.115,2.177,2.247,2.4,2.559,2.713,2.859,2.993,3.116,3.228,3.634
408.0,419.0,1.967,1.965,1.965,1.965,1.966,1.968,1.971,1.974,1.979,1.983,1.989,1.995,2.041,2.103,2.174,2.253,2.421,2.591,2.755,2.909,3.051,3.179,3.294,3.712
408.0,420.0,1.92,1.921,1.922,1.924,1.927,1.93,1.935,1.94,1.946,1.952,1.959,1.967,2.023,2.093,2.173,2.26,2.441,2.623,2.797,2.958,3.105,3.238,3.356,3.783
409.0,410.0,2.483,2.474,2.465,2.457,2.449,2.441,2.434,2.428,2.422,2.416,2.411,2.406,2.383,2.371,2.367,2.369,2.389,2.422,2.461,2.503,2.546,2.588,2.628,2.789
409.0,411.0,2.426,2.416,2.407,2.398,2.39,2.382,2.374,2.368,2.361,2.355,2.35,2.345,2.323,2.313,2.312,2.319,2.349,2.393,2.444,2.498,2.552,2.605,2.655,2.854
409.0,412.0,2.365,2.355,2.345,2.337,2.328,2.321,2.314,2.307,2.301,2.296,2.291,2.286,2.268,2.262,2.267,2.279,2.322,2.379,2.443,2.509,2.574,2.637,2.696,2.93
409.0,413.0,2.302,2.292,2.283,2.275,2.267,2.26,2.254,2.248,2.243,2.238,2.234,2.23,2.217,2.218,2.229,2.249,2.306,2.377,2.454,2.532,2.608,2.68,2.748,3.012
409.0,414.0,2.239,2.23,2.222,2.215,2.208,2.202,2.197,2.192,2.188,2.184,2.181,2.178,2.172,2.181,2.2,2.227,2.299,2.384,2.474,2.563,2.65,2.731,2.807,3.097
409.0,415.0,2.178,2.171,2.164,2.157,2.152,2.147,2.143,2.139,2.136,2.134,2.132,2.13,2.132,2.149,2.176,2.212,2.299,2.398,2.501,2.601,2.697,2.786,2.869,3.183
409.0,416.0,2.12,2.114,2.108,2.103,2.099,2.095,2.092,2.09,2.088,2.087,2.087,2.087,2.097,2.122,2.158,2.202,2.305,2.418,2.532,2.643,2.748,2.844,2.933,3.267
409.0,417.0,2.065,2.06,2.056,2.052,2.049,2.047,2.046,2.045,2.045,2.045,2.046,2.047,2.067,2.1,2.145,2.197,2.315,2.441,2.566,2.687,2.8,2.903,2.998,3.348
409.0,418.0,2.014,2.01,2.007,2.005,2.004,2.003,2.003,2.003,2.005,2.006,2.009,2.012,2.04,2.082,2.135,2.195,2.328,2.466,2.603,2.732,2.852,2.962,3.061,3.426
409.0,419.0,1.967,1.964,1.963,1.962,1.962,1.962,1.964,1.966,1.969,1.972,1.976,1.98,2.017,2.068,2.129,2.196,2.343,2.493,2.639,2.777,2.903,3.018,3.122,3.5
409.0,420.0,1.923,1.922,1.921,1.922,1.923,1.925,1.928,1.932,1.936,1.941,1.946,1.952,1.997,2.056,2.125,2.2,2.359,2.521,2.676,2.821,2.953,3.073,3.181,3.57
409.0,421.0,1.882,1.882,1.884,1.886,1.888,1.892,1.896,1.901,1.907,1.913,1.919,1.927,1.98,2.047,2.123,2.205,2.377,2.548,2.712,2.863,3.001,3.125,3.237,3.635
410.0,411.0,2.464,2.456,2.448,2.44,2.433,2.426,2.42,2.414,2.408,2.403,2.398,2.394,2.373,2.363,2.36,2.363,2.383,2.414,2.452,2.493,2.534,2.574,2.612,2.766
410.0,412.0,2.392,2.38,2.37,2.36,2.35,2.341,2.332,2.324,2.317,2.309,2.303,2.296,2.267,2.25,2.244,2.245,2.265,2.3,2.344,2.392,2.441,2.49,2.536,2.725
410.0,413.0,2.31,2.297,2.284,2.273,2.262,2.251,2.241,2.232,2.223,2.215,2.207,2.2,2.167,2.147,2.139,2.14,2.162,2.203,2.253,2.308,2.365,2.421,2.474,2.693
410.0,414.0,2.222,2.208,2.194,2.182,2.17,2.159,2.149,2.139,2.129,2.121,2.113,2.105,2.07,2.05,2.042,2.045,2.072,2.118,2.175,2.238,2.301,2.364,2.424,2.67
410.0,415.0,2.13,2.115,2.102,2.089,2.077,2.066,2.055,2.045,2.036,2.027,2.019,2.011,1.976,1.958,1.952,1.957,1.99,2.043,2.108,2.177,2.248,2.317,2.383,2.653
410.0,416.0,2.036,2.022,2.008,1.995,1.983,1.972,1.962,1.952,1.942,1.934,1.926,1.919,1.886,1.87,1.867,1.875,1.915,1.976,2.048,2.125,2.202,2.277,2.349,2.641
410.0,417.0,1.942,1.928,1.915,1.902,1.89,1.879,1.869,1.86,1.851,1.843,1.835,1.828,1.798,1.785,1.787,1.799,1.847,1.915,1.994,2.078,2.162,2.244,2.321,2.633
410.0,418.0,1.849,1.835,1.822,1.81,1.799,1.788,1.778,1.769,1.761,1.753,1.746,1.74,1.714,1.705,1.71,1.726,1.782,1.859,1.946,2.036,2.127,2.214,2.296,2.627
410.0,419.0,1.756,1.743,1.731,1.719,1.709,1.699,1.69,1.681,1.673,1.666,1.66,1.654,1.632,1.627,1.636,1.657,1.722,1.806,1.901,1.998,2.094,2.187,2.274,2.622
410.0,420.0,1.666,1.653,1.642,1.631,1.621,1.611,1.603,1.595,1.588,1.582,1.576,1.571,1.553,1.552,1.566,1.591,1.664,1.757,1.858,1.962,2.064,2.162,2.254,2.617
410.0,421.0,1.578,1.566,1.555,1.544,1.535,1.526,1.518,1.511,1.505,1.499,1.494,1.49,1.476,1.48,1.498,1.527,1.609,1.709,1.818,1.928,2.036,2.138,2.234,2.612
410.0,422.0,1.492,1.48,1.47,1.46,1.451,1.443,1.436,1.43,1.424,1.419,1.415,1.411,1.401,1.41,1.433,1.466,1.556,1.664,1.779,1.895,2.008,2.115,2.215,2.607
411.0,412.0,2.437,2.423,2.41,2.397,2.385,2.373,2.362,2.352,2.342,2.332,2.323,2.314,2.272,2.243,2.225,2.216,2.218,2.239,2.273,2.312,2.355,2.399,2.442,2.625
411.0,413.0,2.385,2.372,2.359,2.347,2.336,2.325,2.315,2.305,2.296,2.287,2.279,2.272,2.235,2.212,2.2,2.197,2.213,2.247,2.292,2.343,2.396,2.449,2.5,2.716
411.0,414.0,2.331,2.318,2.307,2.296,2.285,2.275,2.266,2.258,2.25,2.242,2.235,2.229,2.199,2.183,2.179,2.184,2.215,2.263,2.321,2.384,2.448,2.51,2.571,2.816
411.0,415.0,2.276,2.265,2.255,2.245,2.236,2.227,2.219,2.212,2.205,2.199,2.193,2.188,2.166,2.159,2.164,2.177,2.223,2.287,2.358,2.433,2.507,2.579,2.647,2.92
411.0,416.0,2.223,2.213,2.204,2.196,2.188,2.18,2.174,2.168,2.163,2.158,2.153,2.15,2.137,2.139,2.152,2.174,2.237,2.316,2.4,2.487,2.571,2.651,2.726,3.022
411.0,417.0,2.172,2.164,2.156,2.149,2.142,2.137,2.132,2.127,2.123,2.12,2.117,2.115,2.112,2.123,2.145,2.176,2.256,2.348,2.446,2.543,2.636,2.725,2.807,3.123
411.0,418.0,2.124,2.117,2.111,2.105,2.1,2.096,2.092,2.089,2.087,2.085,2.084,2.084,2.09,2.11,2.142,2.181,2.277,2.384,2.493,2.6,2.703,2.798,2.886,3.22
411.0,419.0,2.078,2.073,2.068,2.064,2.061,2.058,2.056,2.055,2.054,2.054,2.054,2.055,2.071,2.101,2.141,2.189,2.3,2.42,2.541,2.658,2.768,2.87,2.963,3.312
411.0,420.0,2.036,2.032,2.029,2.026,2.024,2.023,2.023,2.023,2.024,2.025,2.027,2.03,2.055,2.094,2.143,2.199,2.325,2.458,2.589,2.715,2.832,2.939,3.037,3.4
411.0,421.0,1.996,1.994,1.992,1.991,1.991,1.991,1.993,1.994,1.997,2.0,2.003,2.007,2.041,2.089,2.147,2.211,2.351,2.495,2.637,2.77,2.894,3.006,3.108,3.483
411.0,422.0,1.96,1.959,1.959,1.959,1.96,1.962,1.965,1.968,1.972,1.977,1.982,1.987,2.03,2.086,2.152,2.224,2.377,2.532,2.683,2.824,2.953,3.07,3.176,3.561
411.0,423.0,1.926,1.926,1.928,1.93,1.932,1.936,1.94,1.945,1.95,1.956,1.962,1.969,2.021,2.085,2.158,2.237,2.403,2.569,2.727,2.875,3.009,3.131,3.24,3.633
412.0,413.0,2.477,2.464,2.452,2.44,2.429,2.419,2.409,2.399,2.391,2.382,2.374,2.367,2.331,2.309,2.297,2.295,2.311,2.345,2.39,2.441,2.494,2.547,2.599,2.818
412.0,414.0,2.483,2.47,2.459,2.448,2.437,2.427,2.418,2.409,2.401,2.393,2.386,2.379,2.349,2.333,2.328,2.332,2.361,2.409,2.466,2.529,2.592,2.655,2.715,2.963
412.0,415.0,2.484,2.472,2.461,2.451,2.441,2.432,2.424,2.416,2.409,2.402,2.396,2.39,2.367,2.358,2.361,2.373,2.417,2.479,2.55,2.624,2.698,2.769,2.837,3.11
412.0,416.0,2.481,2.47,2.46,2.451,2.442,2.434,2.427,2.421,2.415,2.409,2.405,2.4,2.385,2.384,2.396,2.416,2.477,2.554,2.637,2.723,2.806,2.886,2.961,3.257
412.0,417.0,2.475,2.465,2.457,2.449,2.442,2.435,2.429,2.424,2.42,2.416,2.412,2.41,2.403,2.412,2.432,2.462,2.539,2.63,2.727,2.823,2.916,3.003,3.085,3.398
412.0,418.0,2.466,2.458,2.451,2.445,2.439,2.434,2.43,2.427,2.424,2.421,2.42,2.418,2.422,2.44,2.47,2.508,2.602,2.708,2.816,2.923,3.024,3.118,3.205,3.534
412.0,419.0,2.457,2.45,2.445,2.44,2.436,2.433,2.43,2.428,2.427,2.426,2.426,2.427,2.44,2.468,2.508,2.555,2.665,2.784,2.904,3.02,3.129,3.229,3.321,3.663
412.0,420.0,2.446,2.441,2.437,2.434,2.432,2.43,2.43,2.429,2.43,2.431,2.433,2.435,2.458,2.497,2.545,2.602,2.727,2.859,2.99,3.114,3.23,3.335,3.431,3.784
412.0,421.0,2.434,2.431,2.429,2.428,2.427,2.427,2.428,2.43,2.432,2.435,2.438,2.442,2.476,2.524,2.582,2.647,2.787,2.932,3.072,3.204,3.326,3.436,3.535,3.896
412.0,422.0,2.422,2.421,2.42,2.421,2.422,2.424,2.427,2.43,2.434,2.438,2.444,2.449,2.493,2.551,2.617,2.69,2.845,3.001,3.15,3.289,3.416,3.53,3.632,4.0
412.0,423.0,2.409,2.41,2.411,2.413,2.416,2.42,2.425,2.43,2.435,2.442,2.448,2.456,2.509,2.576,2.651,2.732,2.899,3.066,3.223,3.368,3.5,3.618,3.723,4.096
412.0,424.0,2.397,2.399,2.402,2.406,2.411,2.416,2.422,2.429,2.436,2.444,2.453,2.461,2.525,2.6,2.683,2.771,2.951,3.127,3.292,3.442,3.578,3.699,3.806,4.183
413.0,414.0,2.28,2.259,2.238,2.218,2.199,2.181,2.164,2.147,2.131,2.116,2.101,2.088,2.017,1.967,1.932,1.911,1.899,1.917,1.954,2.003,2.057,2.115,2.173,2.429
413.0,415.0,2.152,2.134,2.116,2.1,2.084,2.069,2.055,2.041,2.028,2.016,2.004,1.993,1.939,1.904,1.883,1.875,1.886,1.923,1.977,2.039,2.106,2.173,2.24,2.525
413.0,416.0,2.034,2.019,2.004,1.99,1.977,1.964,1.952,1.941,1.93,1.921,1.912,1.903,1.864,1.842,1.834,1.838,1.872,1.93,2.0,2.078,2.157,2.235,2.311,2.625
413.0,417.0,1.927,1.913,1.901,1.889,1.878,1.867,1.858,1.849,1.84,1.833,1.826,1.819,1.793,1.784,1.789,1.805,1.861,1.937,2.025,2.116,2.207,2.295,2.379,2.718
413.0,418.0,1.828,1.816,1.805,1.795,1.786,1.778,1.77,1.763,1.757,1.752,1.747,1.742,1.728,1.731,1.748,1.775,1.851,1.945,2.047,2.151,2.253,2.35,2.442,2.802
413.0,419.0,1.736,1.726,1.717,1.709,1.702,1.695,1.69,1.685,1.68,1.677,1.674,1.671,1.668,1.682,1.709,1.746,1.841,1.951,2.067,2.183,2.295,2.4,2.498,2.877
413.0,420.0,1.651,1.643,1.636,1.629,1.624,1.619,1.615,1.611,1.609,1.607,1.606,1.605,1.612,1.637,1.673,1.72,1.831,1.956,2.085,2.211,2.331,2.443,2.547,2.943
413.0,421.0,1.571,1.565,1.559,1.554,1.55,1.547,1.545,1.543,1.542,1.542,1.542,1.543,1.56,1.593,1.639,1.694,1.821,1.959,2.099,2.234,2.362,2.48,2.589,3.0
413.0,422.0,1.497,1.492,1.488,1.484,1.482,1.48,1.479,1.479,1.479,1.48,1.482,1.484,1.51,1.552,1.606,1.669,1.81,1.96,2.11,2.253,2.388,2.512,2.625,3.049
413.0,423.0,1.427,1.423,1.42,1.418,1.417,1.417,1.417,1.418,1.42,1.422,1.425,1.429,1.463,1.513,1.574,1.644,1.797,1.958,2.117,2.268,2.409,2.538,2.656,3.091
413.0,424.0,1.361,1.358,1.357,1.356,1.356,1.357,1.358,1.36,1.363,1.367,1.371,1.376,1.417,1.474,1.542,1.618,1.784,1.955,2.122,2.279,2.426,2.559,2.68,3.126
413.0,425.0,1.298,1.297,1.296,1.296,1.298,1.299,1.302,1.306,1.31,1.314,1.32,1.326,1.374,1.437,1.511,1.593,1.769,1.948,2.123,2.287,2.438,2.576,2.7,3.155
414.0,415.0,2.048,2.029,2.01,1.993,1.976,1.961,1.946,1.931,1.918,1.905,1.892,1.881,1.823,1.783,1.759,1.748,1.754,1.786,1.836,1.895,1.959,2.024,2.088,2.366
414.0,416.0,1.963,1.946,1.93,1.915,1.901,1.888,1.875,1.863,1.851,1.841,1.831,1.821,1.777,1.751,1.739,1.74,1.767,1.819,1.885,1.958,2.035,2.11,2.184,2.49
414.0,417.0,1.885,1.871,1.857,1.844,1.832,1.821,1.81,1.8,1.791,1.783,1.775,1.768,1.736,1.723,1.723,1.736,1.785,1.856,1.939,2.026,2.114,2.2,2.282,2.614
414.0,418.0,1.815,1.802,1.791,1.78,1.77,1.761,1.752,1.744,1.737,1.731,1.725,1.72,1.701,1.7,1.712,1.736,1.806,1.895,1.994,2.095,2.194,2.289,2.379,2.734
414.0,419.0,1.751,1.74,1.731,1.722,1.714,1.706,1.7,1.694,1.689,1.685,1.681,1.678,1.671,1.682,1.706,1.74,1.83,1.937,2.05,2.163,2.272,2.376,2.472,2.847
414.0,420.0,1.693,1.684,1.676,1.669,1.663,1.658,1.653,1.649,1.646,1.644,1.642,1.641,1.645,1.667,1.702,1.747,1.856,1.978,2.105,2.229,2.348,2.459,2.562,2.953
414.0,421.0,1.64,1.633,1.627,1.622,1.617,1.614,1.611,1.609,1.608,1.607,1.607,1.608,1.624,1.656,1.701,1.756,1.882,2.02,2.158,2.293,2.42,2.538,2.646,3.052
414.0,422.0,1.591,1.586,1.582,1.579,1.576,1.574,1.573,1.573,1.574,1.575,1.577,1.579,1.606,1.648,1.703,1.767,1.909,2.06,2.21,2.354,2.488,2.612,2.725,3.143
414.0,423.0,1.548,1.544,1.542,1.54,1.539,1.539,1.54,1.541,1.543,1.546,1.55,1.554,1.59,1.643,1.706,1.778,1.936,2.1,2.26,2.412,2.553,2.682,2.799,3.228
414.0,424.0,1.508,1.506,1.505,1.505,1.506,1.507,1.51,1.513,1.516,1.521,1.526,1.532,1.577,1.639,1.711,1.791,1.962,2.138,2.307,2.467,2.614,2.748,2.868,3.307
414.0,425.0,1.472,1.471,1.472,1.473,1.476,1.479,1.482,1.487,1.492,1.498,1.505,1.512,1.567,1.636,1.717,1.804,1.988,2.174,2.352,2.519,2.671,2.809,2.933,3.38
414.0,426.0,1.439,1.44,1.442,1.445,1.448,1.453,1.458,1.464,1.471,1.478,1.486,1.495,1.558,1.635,1.723,1.817,2.013,2.209,2.395,2.567,2.724,2.866,2.993,3.447
415.0,416.0,2.044,2.027,2.011,1.996,1.981,1.967,1.954,1.941,1.929,1.918,1.907,1.896,1.844,1.808,1.784,1.772,1.773,1.798,1.839,1.89,1.945,2.003,2.06,2.315
415.0,417.0,1.934,1.919,1.904,1.89,1.877,1.865,1.853,1.841,1.831,1.821,1.811,1.802,1.76,1.733,1.72,1.718,1.74,1.785,1.844,1.911,1.982,2.053,2.123,2.421
415.0,418.0,1.829,1.815,1.802,1.789,1.777,1.766,1.756,1.746,1.737,1.729,1.721,1.714,1.682,1.667,1.665,1.674,1.718,1.783,1.862,1.946,2.031,2.116,2.198,2.536
415.0,419.0,1.729,1.716,1.705,1.694,1.684,1.675,1.666,1.658,1.651,1.644,1.638,1.633,1.613,1.609,1.619,1.641,1.707,1.793,1.89,1.99,2.09,2.187,2.279,2.652
415.0,420.0,1.635,1.624,1.614,1.605,1.597,1.59,1.583,1.577,1.572,1.567,1.563,1.56,1.551,1.56,1.583,1.616,1.704,1.811,1.926,2.042,2.155,2.263,2.365,2.767
415.0,421.0,1.547,1.538,1.53,1.523,1.517,1.512,1.507,1.503,1.5,1.497,1.495,1.494,1.498,1.519,1.554,1.599,1.71,1.836,1.967,2.097,2.223,2.341,2.451,2.878
415.0,422.0,1.466,1.459,1.453,1.448,1.444,1.441,1.438,1.436,1.435,1.434,1.435,1.435,1.452,1.486,1.532,1.589,1.721,1.865,2.012,2.155,2.292,2.419,2.536,2.984
415.0,423.0,1.392,1.387,1.383,1.38,1.378,1.377,1.376,1.376,1.377,1.379,1.381,1.384,1.413,1.458,1.517,1.584,1.736,1.897,2.059,2.214,2.36,2.495,2.619,3.084
415.0,424.0,1.324,1.321,1.319,1.318,1.318,1.319,1.32,1.322,1.325,1.329,1.333,1.338,1.379,1.437,1.506,1.584,1.754,1.932,2.106,2.272,2.427,2.569,2.698,3.177
415.0,425.0,1.263,1.262,1.262,1.263,1.265,1.267,1.271,1.275,1.28,1.285,1.291,1.298,1.351,1.42,1.499,1.587,1.775,1.967,2.153,2.329,2.491,2.639,2.773,3.264
415.0,426.0,1.207,1.208,1.21,1.213,1.216,1.221,1.226,1.232,1.239,1.247,1.255,1.263,1.327,1.406,1.496,1.593,1.797,2.002,2.199,2.383,2.552,2.705,2.843,3.343
415.0,427.0,1.157,1.16,1.163,1.168,1.174,1.18,1.187,1.195,1.203,1.213,1.223,1.233,1.307,1.396,1.495,1.601,1.819,2.037,2.243,2.435,2.609,2.767,2.908,3.416
416.0,417.0,1.859,1.837,1.815,1.794,1.774,1.755,1.736,1.718,1.701,1.684,1.668,1.652,1.571,1.508,1.46,1.426,1.388,1.381,1.396,1.425,1.463,1.506,1.552,1.775
416.0,418.0,1.713,1.693,1.675,1.657,1.64,1.623,1.607,1.592,1.577,1.564,1.55,1.537,1.472,1.424,1.39,1.368,1.353,1.367,1.399,1.443,1.494,1.549,1.606,1.865
416.0,419.0,1.577,1.56,1.544,1.528,1.513,1.499,1.485,1.472,1.46,1.448,1.437,1.427,1.375,1.34,1.319,1.309,1.318,1.352,1.403,1.463,1.529,1.597,1.664,1.959
416.0,420.0,1.452,1.437,1.422,1.409,1.396,1.383,1.372,1.361,1.351,1.341,1.332,1.324,1.284,1.261,1.252,1.255,1.285,1.34,1.409,1.485,1.564,1.644,1.721,2.049
416.0,421.0,1.336,1.322,1.31,1.298,1.287,1.276,1.267,1.258,1.249,1.242,1.234,1.228,1.2,1.189,1.191,1.205,1.256,1.33,1.415,1.506,1.598,1.688,1.775,2.132
416.0,422.0,1.228,1.216,1.205,1.195,1.186,1.177,1.169,1.162,1.155,1.149,1.144,1.139,1.122,1.122,1.135,1.159,1.23,1.32,1.421,1.525,1.628,1.728,1.823,2.206
416.0,423.0,1.127,1.117,1.107,1.099,1.091,1.084,1.078,1.072,1.067,1.063,1.059,1.056,1.049,1.059,1.082,1.115,1.204,1.311,1.425,1.542,1.655,1.764,1.866,2.271
416.0,424.0,1.032,1.024,1.016,1.009,1.002,0.997,0.992,0.988,0.984,0.982,0.98,0.978,0.98,1.0,1.032,1.074,1.179,1.301,1.428,1.555,1.678,1.794,1.903,2.328
416.0,425.0,0.943,0.936,0.929,0.924,0.919,0.915,0.911,0.909,0.907,0.905,0.905,0.904,0.916,0.943,0.984,1.034,1.155,1.289,1.428,1.565,1.696,1.82,1.934,2.377
416.0,426.0,0.859,0.853,0.848,0.843,0.84,0.837,0.835,0.833,0.833,0.833,0.833,0.835,0.854,0.889,0.938,0.996,1.13,1.277,1.426,1.572,1.711,1.84,1.96,2.419
416.0,427.0,0.78,0.775,0.77,0.767,0.765,0.763,0.762,0.762,0.763,0.764,0.766,0.768,0.795,0.838,0.893,0.958,1.105,1.263,1.422,1.576,1.721,1.856,1.981,2.455
416.0,428.0,0.704,0.7,0.697,0.695,0.693,0.693,0.693,0.694,0.695,0.698,0.701,0.704,0.738,0.787,0.849,0.92,1.079,1.247,1.414,1.576,1.727,1.868,1.997,2.483
417.0,418.0,1.969,1.949,1.929,1.91,1.891,1.874,1.857,1.84,1.824,1.809,1.795,1.781,1.708,1.652,1.611,1.582,1.553,1.554,1.573,1.606,1.647,1.692,1.74,1.966
417.0,419.0,1.984,1.962,1.94,1.92,1.9,1.881,1.863,1.846,1.829,1.813,1.798,1.783,1.708,1.652,1.612,1.585,1.565,1.576,1.608,1.654,1.708,1.766,1.825,2.099
417.0,420.0,1.992,1.969,1.947,1.925,1.905,1.886,1.867,1.849,1.832,1.816,1.8,1.785,1.71,1.656,1.619,1.598,1.589,1.613,1.659,1.718,1.785,1.855,1.926,2.243
417.0,421.0,1.995,1.971,1.949,1.927,1.906,1.887,1.868,1.85,1.833,1.817,1.802,1.787,1.715,1.665,1.634,1.618,1.623,1.662,1.723,1.796,1.876,1.958,2.04,2.396
417.0,422.0,1.993,1.969,1.947,1.926,1.905,1.886,1.868,1.85,1.834,1.818,1.803,1.789,1.721,1.678,1.654,1.646,1.667,1.722,1.798,1.885,1.978,2.071,2.163,2.553
417.0,423.0,1.987,1.964,1.942,1.922,1.902,1.883,1.866,1.849,1.833,1.819,1.805,1.792,1.731,1.694,1.679,1.679,1.718,1.79,1.881,1.983,2.088,2.192,2.293,2.713
417.0,424.0,1.979,1.957,1.936,1.916,1.897,1.88,1.863,1.847,1.833,1.819,1.807,1.795,1.742,1.715,1.708,1.718,1.775,1.865,1.971,2.086,2.203,2.317,2.426,2.871
417.0,425.0,1.969,1.948,1.928,1.909,1.891,1.875,1.86,1.846,1.833,1.82,1.809,1.799,1.755,1.738,1.742,1.762,1.838,1.944,2.066,2.194,2.321,2.444,2.561,3.027
417.0,426.0,1.957,1.937,1.918,1.901,1.885,1.87,1.857,1.844,1.832,1.822,1.812,1.804,1.771,1.764,1.778,1.809,1.904,2.027,2.164,2.303,2.441,2.572,2.695,3.177
417.0,427.0,1.943,1.925,1.908,1.892,1.878,1.865,1.853,1.842,1.833,1.824,1.816,1.81,1.788,1.792,1.817,1.858,1.973,2.112,2.262,2.413,2.559,2.697,2.826,3.322
417.0,428.0,1.929,1.912,1.897,1.884,1.871,1.86,1.85,1.841,1.833,1.827,1.821,1.816,1.806,1.822,1.858,1.909,2.042,2.198,2.36,2.522,2.676,2.82,2.953,3.459
417.0,429.0,1.914,1.899,1.886,1.875,1.864,1.855,1.847,1.84,1.834,1.83,1.826,1.823,1.825,1.853,1.9,1.961,2.112,2.282,2.457,2.627,2.788,2.938,3.075,3.587
418.0,419.0,1.567,1.558,1.549,1.541,1.534,1.526,1.519,1.513,1.507,1.501,1.495,1.49,1.465,1.45,1.442,1.441,1.453,1.479,1.514,1.555,1.597,1.641,1.683,1.87
418.0,420.0,1.497,1.488,1.479,1.47,1.462,1.454,1.447,1.44,1.434,1.428,1.422,1.417,1.392,1.378,1.372,1.373,1.392,1.426,1.469,1.517,1.568,1.619,1.668,1.881
418.0,421.0,1.425,1.415,1.406,1.398,1.389,1.382,1.375,1.368,1.361,1.355,1.35,1.345,1.321,1.309,1.306,1.31,1.336,1.378,1.429,1.485,1.543,1.6,1.656,1.894
418.0,422.0,1.351,1.342,1.333,1.324,1.316,1.309,1.302,1.295,1.289,1.283,1.278,1.273,1.252,1.243,1.243,1.251,1.284,1.334,1.393,1.456,1.521,1.586,1.648,1.908
418.0,423.0,1.277,1.268,1.259,1.251,1.243,1.236,1.229,1.223,1.217,1.212,1.207,1.203,1.185,1.178,1.182,1.194,1.236,1.294,1.361,1.432,1.503,1.574,1.642,1.924
418.0,424.0,1.204,1.195,1.186,1.178,1.171,1.164,1.158,1.152,1.147,1.142,1.138,1.134,1.119,1.117,1.124,1.14,1.191,1.257,1.331,1.41,1.488,1.565,1.638,1.941
418.0,425.0,1.131,1.122,1.114,1.107,1.1,1.093,1.088,1.082,1.078,1.073,1.07,1.066,1.055,1.057,1.069,1.089,1.148,1.222,1.304,1.39,1.475,1.557,1.636,1.957
418.0,426.0,1.059,1.051,1.043,1.036,1.03,1.024,1.019,1.014,1.01,1.006,1.003,1.0,0.993,0.999,1.015,1.039,1.107,1.189,1.279,1.371,1.463,1.551,1.634,1.973
418.0,427.0,0.988,0.98,0.973,0.967,0.961,0.956,0.951,0.947,0.944,0.941,0.938,0.936,0.933,0.943,0.963,0.992,1.067,1.158,1.255,1.354,1.451,1.545,1.633,1.988
418.0,428.0,0.919,0.912,0.905,0.9,0.894,0.89,0.886,0.882,0.879,0.877,0.875,0.873,0.874,0.888,0.913,0.946,1.029,1.128,1.232,1.337,1.44,1.539,1.631,2.002
418.0,429.0,0.851,0.845,0.839,0.834,0.829,0.825,0.822,0.819,0.816,0.815,0.813,0.812,0.817,0.835,0.864,0.901,0.993,1.098,1.209,1.321,1.429,1.532,1.629,2.014
418.0,430.0,0.786,0.78,0.774,0.769,0.765,0.762,0.759,0.757,0.755,0.754,0.753,0.753,0.761,0.783,0.816,0.857,0.957,1.069,1.187,1.304,1.417,1.525,1.626,2.024
419.0,420.0,1.611,1.601,1.592,1.584,1.576,1.568,1.56,1.553,1.547,1.541,1.535,1.529,1.502,1.485,1.476,1.474,1.484,1.509,1.541,1.579,1.618,1.658,1.697,1.862
419.0,421.0,1.532,1.52,1.509,1.498,1.487,1.477,1.467,1.458,1.45,1.442,1.434,1.427,1.391,1.368,1.355,1.35,1.36,1.388,1.426,1.47,1.518,1.566,1.613,1.815
419.0,422.0,1.444,1.43,1.417,1.405,1.393,1.382,1.371,1.361,1.351,1.342,1.333,1.325,1.285,1.259,1.245,1.24,1.252,1.284,1.328,1.38,1.435,1.49,1.545,1.779
419.0,423.0,1.35,1.335,1.321,1.308,1.296,1.284,1.273,1.262,1.252,1.242,1.233,1.224,1.183,1.157,1.143,1.139,1.156,1.193,1.245,1.303,1.365,1.428,1.489,1.752
419.0,424.0,1.252,1.237,1.223,1.21,1.197,1.185,1.173,1.162,1.152,1.143,1.133,1.125,1.084,1.059,1.048,1.046,1.069,1.113,1.172,1.238,1.307,1.376,1.444,1.734
419.0,425.0,1.153,1.138,1.124,1.11,1.098,1.086,1.075,1.064,1.054,1.044,1.036,1.027,0.989,0.966,0.957,0.96,0.989,1.041,1.107,1.181,1.257,1.333,1.407,1.721
419.0,426.0,1.053,1.039,1.025,1.012,1.0,0.988,0.977,0.967,0.957,0.948,0.94,0.932,0.896,0.877,0.872,0.878,0.915,0.976,1.05,1.131,1.214,1.296,1.376,1.713
419.0,427.0,0.955,0.941,0.927,0.915,0.903,0.892,0.881,0.871,0.862,0.854,0.846,0.839,0.806,0.791,0.79,0.8,0.846,0.915,0.997,1.085,1.175,1.264,1.35,1.707
419.0,428.0,0.858,0.845,0.832,0.82,0.808,0.798,0.788,0.779,0.77,0.762,0.755,0.748,0.72,0.709,0.712,0.727,0.781,0.859,0.948,1.044,1.14,1.235,1.326,1.702
419.0,429.0,0.764,0.751,0.738,0.727,0.716,0.706,0.697,0.688,0.68,0.673,0.666,0.66,0.636,0.629,0.637,0.656,0.72,0.805,0.902,1.005,1.108,1.208,1.304,1.698
419.0,430.0,0.671,0.659,0.647,0.636,0.626,0.617,0.608,0.6,0.593,0.586,0.58,0.575,0.555,0.553,0.565,0.589,0.66,0.754,0.859,0.968,1.077,1.183,1.283,1.694
419.0,431.0,0.582,0.57,0.558,0.548,0.539,0.53,0.522,0.515,0.508,0.502,0.497,0.492,0.477,0.479,0.495,0.523,0.604,0.705,0.817,0.932,1.047,1.158,1.263,1.69
420.0,421.0,1.604,1.598,1.592,1.587,1.583,1.578,1.574,1.571,1.568,1.565,1.562,1.56,1.553,1.555,1.564,1.579,1.621,1.674,1.732,1.792,1.851,1.908,1.962,2.182
420.0,422.0,1.59,1.582,1.575,1.568,1.562,1.556,1.551,1.546,1.542,1.538,1.535,1.532,1.521,1.521,1.531,1.548,1.597,1.659,1.728,1.799,1.869,1.937,2.002,2.262
420.0,423.0,1.567,1.558,1.55,1.543,1.536,1.53,1.524,1.519,1.515,1.511,1.507,1.504,1.493,1.495,1.508,1.528,1.587,1.66,1.739,1.821,1.902,1.98,2.053,2.348
420.0,424.0,1.539,1.53,1.522,1.515,1.508,1.502,1.496,1.492,1.487,1.483,1.48,1.477,1.469,1.476,1.493,1.518,1.588,1.672,1.763,1.856,1.947,2.033,2.115,2.439
420.0,425.0,1.508,1.5,1.492,1.485,1.479,1.473,1.468,1.464,1.46,1.457,1.454,1.452,1.449,1.461,1.484,1.516,1.598,1.694,1.796,1.899,1.999,2.094,2.183,2.532
420.0,426.0,1.476,1.469,1.462,1.455,1.45,1.445,1.441,1.438,1.435,1.432,1.431,1.429,1.433,1.451,1.48,1.519,1.613,1.722,1.835,1.948,2.056,2.159,2.254,2.625
420.0,427.0,1.445,1.438,1.432,1.427,1.422,1.419,1.415,1.413,1.411,1.41,1.409,1.409,1.419,1.444,1.481,1.526,1.634,1.754,1.878,2.0,2.116,2.225,2.326,2.715
420.0,428.0,1.414,1.409,1.404,1.4,1.396,1.394,1.392,1.39,1.39,1.39,1.39,1.391,1.408,1.44,1.484,1.536,1.657,1.789,1.923,2.053,2.176,2.291,2.398,2.802
420.0,429.0,1.386,1.381,1.378,1.375,1.372,1.371,1.37,1.37,1.37,1.371,1.373,1.375,1.4,1.439,1.49,1.549,1.682,1.825,1.968,2.106,2.236,2.356,2.466,2.883
420.0,430.0,1.359,1.356,1.353,1.351,1.35,1.35,1.35,1.351,1.353,1.356,1.358,1.362,1.394,1.44,1.498,1.563,1.708,1.861,2.012,2.157,2.293,2.418,2.532,2.959
420.0,431.0,1.335,1.333,1.331,1.33,1.331,1.331,1.333,1.335,1.338,1.342,1.346,1.35,1.389,1.442,1.506,1.578,1.734,1.896,2.055,2.206,2.347,2.476,2.593,3.029
420.0,432.0,1.313,1.311,1.311,1.312,1.313,1.315,1.318,1.321,1.325,1.33,1.335,1.341,1.386,1.446,1.516,1.593,1.759,1.929,2.095,2.252,2.397,2.53,2.65,3.093
421.0,422.0,1.587,1.566,1.546,1.527,1.509,1.492,1.475,1.459,1.444,1.43,1.416,1.403,1.339,1.294,1.265,1.25,1.248,1.275,1.319,1.372,1.43,1.489,1.548,1.797
421.0,423.0,1.511,1.49,1.47,1.451,1.433,1.416,1.399,1.384,1.369,1.355,1.341,1.329,1.267,1.227,1.203,1.194,1.206,1.248,1.307,1.375,1.448,1.522,1.593,1.896
421.0,424.0,1.423,1.402,1.382,1.364,1.346,1.329,1.313,1.298,1.284,1.271,1.258,1.247,1.191,1.158,1.142,1.141,1.171,1.231,1.307,1.392,1.48,1.568,1.652,2.003
421.0,425.0,1.326,1.306,1.287,1.27,1.253,1.237,1.222,1.208,1.195,1.183,1.172,1.162,1.114,1.09,1.084,1.093,1.143,1.222,1.317,1.418,1.522,1.623,1.719,2.113
421.0,426.0,1.226,1.207,1.19,1.173,1.158,1.143,1.13,1.118,1.106,1.096,1.086,1.077,1.04,1.026,1.031,1.05,1.122,1.22,1.333,1.451,1.569,1.683,1.79,2.222
421.0,427.0,1.125,1.108,1.092,1.077,1.064,1.051,1.039,1.028,1.019,1.01,1.002,0.995,0.968,0.966,0.982,1.013,1.106,1.225,1.355,1.488,1.62,1.745,1.863,2.327
421.0,428.0,1.027,1.011,0.997,0.984,0.972,0.961,0.951,0.942,0.935,0.928,0.922,0.916,0.902,0.911,0.939,0.981,1.096,1.233,1.38,1.528,1.672,1.808,1.934,2.427
421.0,429.0,0.932,0.918,0.906,0.894,0.884,0.875,0.867,0.861,0.855,0.85,0.846,0.843,0.84,0.861,0.901,0.954,1.089,1.245,1.408,1.569,1.724,1.869,2.004,2.52
421.0,430.0,0.841,0.829,0.819,0.81,0.801,0.794,0.789,0.784,0.78,0.777,0.775,0.774,0.783,0.816,0.867,0.931,1.086,1.259,1.436,1.609,1.774,1.928,2.069,2.607
421.0,431.0,0.755,0.746,0.737,0.73,0.724,0.719,0.715,0.712,0.71,0.709,0.709,0.71,0.731,0.775,0.837,0.912,1.085,1.273,1.464,1.648,1.822,1.983,2.131,2.686
421.0,432.0,0.675,0.667,0.661,0.655,0.651,0.648,0.646,0.645,0.645,0.646,0.648,0.651,0.683,0.738,0.811,0.895,1.085,1.288,1.491,1.685,1.867,2.035,2.188,2.757
421.0,433.0,0.6,0.594,0.59,0.586,0.584,0.583,0.583,0.583,0.585,0.588,0.592,0.596,0.64,0.705,0.787,0.88,1.086,1.303,1.516,1.72,1.909,2.082,2.24,2.821
422.0,423.0,1.324,1.305,1.287,1.269,1.252,1.236,1.221,1.206,1.192,1.179,1.166,1.154,1.093,1.05,1.022,1.007,1.005,1.031,1.075,1.13,1.191,1.254,1.318,1.598
422.0,424.0,1.341,1.324,1.307,1.291,1.276,1.262,1.248,1.235,1.223,1.211,1.2,1.19,1.139,1.106,1.089,1.083,1.1,1.143,1.203,1.271,1.344,1.418,1.491,1.805
422.0,425.0,1.353,1.337,1.322,1.308,1.294,1.281,1.27,1.258,1.248,1.238,1.229,1.22,1.181,1.16,1.154,1.159,1.197,1.26,1.336,1.42,1.506,1.592,1.674,2.019
422.0,426.0,1.36,1.346,1.333,1.321,1.309,1.298,1.288,1.279,1.271,1.263,1.256,1.249,1.222,1.213,1.219,1.236,1.296,1.378,1.472,1.571,1.669,1.765,1.857,2.228
422.0,427.0,1.366,1.354,1.342,1.332,1.322,1.314,1.306,1.299,1.292,1.286,1.281,1.277,1.262,1.266,1.284,1.313,1.395,1.497,1.607,1.719,1.83,1.935,2.034,2.427
422.0,428.0,1.37,1.36,1.35,1.342,1.335,1.328,1.322,1.317,1.313,1.309,1.306,1.304,1.302,1.319,1.349,1.39,1.493,1.613,1.738,1.863,1.984,2.098,2.203,2.613
422.0,429.0,1.373,1.365,1.358,1.352,1.346,1.342,1.338,1.335,1.333,1.332,1.331,1.331,1.342,1.371,1.413,1.465,1.588,1.725,1.865,2.001,2.131,2.251,2.363,2.787
422.0,430.0,1.375,1.369,1.365,1.361,1.357,1.355,1.354,1.353,1.353,1.353,1.355,1.357,1.381,1.422,1.475,1.538,1.68,1.832,1.985,2.131,2.269,2.396,2.512,2.946
422.0,431.0,1.378,1.374,1.371,1.369,1.368,1.368,1.369,1.37,1.372,1.375,1.378,1.382,1.418,1.471,1.535,1.608,1.768,1.934,2.098,2.253,2.398,2.53,2.65,3.093
422.0,432.0,1.381,1.379,1.378,1.378,1.379,1.381,1.384,1.387,1.391,1.396,1.401,1.407,1.455,1.518,1.593,1.675,1.851,2.03,2.204,2.367,2.518,2.654,2.778,3.227
422.0,433.0,1.383,1.384,1.385,1.387,1.39,1.394,1.398,1.403,1.409,1.416,1.423,1.431,1.49,1.563,1.647,1.738,1.929,2.12,2.303,2.473,2.628,2.769,2.895,3.349
422.0,434.0,1.386,1.389,1.392,1.396,1.4,1.406,1.412,1.42,1.427,1.436,1.445,1.455,1.523,1.606,1.699,1.798,2.002,2.203,2.394,2.571,2.73,2.874,3.002,3.46
423.0,424.0,0.155,0.152,0.15,0.148,0.146,0.145,0.144,0.143,0.143,0.142,0.143,0.143,0.15,0.165,0.186,0.211,0.273,0.344,0.418,0.494,0.568,0.64,0.708,0.989
423.0,425.0,0.143,0.138,0.133,0.129,0.126,0.123,0.12,0.118,0.116,0.114,0.113,0.112,0.113,0.124,0.143,0.167,0.231,0.307,0.388,0.472,0.555,0.636,0.713,1.033
423.0,426.0,0.119,0.113,0.108,0.103,0.099,0.095,0.091,0.088,0.086,0.083,0.082,0.08,0.079,0.089,0.109,0.135,0.204,0.287,0.377,0.469,0.561,0.651,0.737,1.091
423.0,427.0,0.089,0.083,0.077,0.072,0.067,0.063,0.06,0.057,0.054,0.052,0.05,0.048,0.048,0.061,0.083,0.112,0.189,0.281,0.381,0.483,0.584,0.682,0.776,1.162
423.0,428.0,0.056,0.049,0.044,0.039,0.034,0.03,0.027,0.024,0.022,0.02,0.019,0.018,0.021,0.037,0.063,0.098,0.185,0.288,0.397,0.509,0.62,0.726,0.828,1.243
423.0,429.0,0.02,0.015,0.01,0.005,0.001,-0.002,-0.005,-0.007,-0.009,-0.01,-0.011,-0.011,-0.003,0.018,0.05,0.091,0.19,0.304,0.424,0.546,0.665,0.78,0.889,1.329
423.0,430.0,-0.015,-0.02,-0.024,-0.028,-0.031,-0.033,-0.035,-0.037,-0.037,-0.038,-0.038,-0.037,-0.023,0.004,0.043,0.09,0.201,0.327,0.459,0.59,0.719,0.841,0.956,1.42
423.0,431.0,-0.049,-0.053,-0.056,-0.059,-0.061,-0.063,-0.064,-0.064,-0.064,-0.063,-0.062,-0.06,-0.04,-0.005,0.04,0.094,0.219,0.357,0.499,0.64,0.777,0.907,1.028,1.512
423.0,432.0,-0.081,-0.084,-0.086,-0.088,-0.089,-0.089,-0.089,-0.088,-0.087,-0.085,-0.083,-0.08,-0.052,-0.011,0.041,0.102,0.24,0.39,0.543,0.694,0.839,0.975,1.103,1.604
423.0,433.0,-0.11,-0.112,-0.114,-0.114,-0.114,-0.113,-0.112,-0.11,-0.108,-0.105,-0.101,-0.097,-0.062,-0.013,0.047,0.114,0.266,0.427,0.591,0.75,0.902,1.045,1.177,1.694
423.0,434.0,-0.137,-0.138,-0.138,-0.138,-0.137,-0.135,-0.132,-0.129,-0.125,-0.121,-0.116,-0.111,-0.068,-0.012,0.055,0.129,0.294,0.467,0.64,0.807,0.966,1.115,1.252,1.782
423.0,435.0,-0.161,-0.161,-0.16,-0.158,-0.156,-0.153,-0.149,-0.145,-0.14,-0.134,-0.128,-0.122,-0.072,-0.008,0.065,0.147,0.324,0.507,0.69,0.865,1.03,1.184,1.325,1.867
424.0,425.0,0.133,0.131,0.129,0.128,0.127,0.126,0.125,0.124,0.124,0.124,0.124,0.125,0.132,0.146,0.165,0.188,0.244,0.307,0.374,0.442,0.508,0.573,0.634,0.885
424.0,426.0,0.129,0.124,0.12,0.115,0.112,0.108,0.105,0.102,0.1,0.098,0.096,0.095,0.092,0.099,0.113,0.133,0.186,0.251,0.322,0.396,0.47,0.542,0.612,0.903
424.0,427.0,0.11,0.104,0.098,0.092,0.087,0.082,0.078,0.074,0.07,0.067,0.064,0.062,0.054,0.058,0.07,0.09,0.144,0.214,0.291,0.372,0.454,0.535,0.612,0.939
424.0,428.0,0.082,0.075,0.068,0.061,0.055,0.05,0.045,0.041,0.037,0.033,0.03,0.027,0.019,0.022,0.036,0.057,0.117,0.193,0.278,0.367,0.457,0.546,0.631,0.99
424.0,429.0,0.048,0.04,0.033,0.027,0.021,0.015,0.01,0.006,0.002,-0.001,-0.004,-0.007,-0.014,-0.008,0.008,0.032,0.101,0.185,0.28,0.378,0.476,0.572,0.665,1.053
424.0,430.0,0.011,0.003,-0.004,-0.01,-0.015,-0.02,-0.025,-0.029,-0.033,-0.036,-0.038,-0.04,-0.044,-0.034,-0.013,0.016,0.094,0.189,0.293,0.4,0.507,0.611,0.711,1.126
424.0,431.0,-0.027,-0.034,-0.041,-0.046,-0.051,-0.056,-0.06,-0.063,-0.066,-0.068,-0.07,-0.071,-0.07,-0.055,-0.029,0.006,0.095,0.201,0.315,0.432,0.547,0.659,0.765,1.204
424.0,432.0,-0.065,-0.071,-0.077,-0.082,-0.086,-0.09,-0.093,-0.095,-0.097,-0.098,-0.099,-0.1,-0.093,-0.071,-0.039,0.002,0.103,0.22,0.344,0.47,0.594,0.713,0.826,1.285
424.0,433.0,-0.102,-0.107,-0.111,-0.115,-0.118,-0.121,-0.123,-0.125,-0.125,-0.126,-0.126,-0.125,-0.111,-0.084,-0.045,0.003,0.116,0.245,0.379,0.514,0.645,0.771,0.89,1.367
424.0,434.0,-0.136,-0.14,-0.143,-0.146,-0.148,-0.15,-0.151,-0.151,-0.151,-0.15,-0.149,-0.147,-0.127,-0.092,-0.046,0.008,0.134,0.273,0.418,0.561,0.7,0.832,0.956,1.449
424.0,435.0,-0.167,-0.17,-0.173,-0.174,-0.175,-0.176,-0.175,-0.175,-0.173,-0.171,-0.169,-0.166,-0.138,-0.097,-0.044,0.017,0.155,0.305,0.459,0.61,0.756,0.894,1.022,1.53
424.0,436.0,-0.196,-0.198,-0.199,-0.2,-0.199,-0.199,-0.197,-0.195,-0.193,-0.189,-0.186,-0.182,-0.147,-0.098,-0.039,0.028,0.178,0.339,0.502,0.661,0.812,0.955,1.088,1.607
425.0,426.0,0.182,0.176,0.171,0.166,0.161,0.157,0.153,0.15,0.146,0.144,0.141,0.139,0.133,0.137,0.148,0.165,0.214,0.275,0.344,0.415,0.486,0.557,0.624,0.907
425.0,427.0,0.16,0.152,0.145,0.138,0.132,0.127,0.121,0.116,0.112,0.108,0.104,0.101,0.089,0.089,0.097,0.113,0.162,0.226,0.299,0.377,0.455,0.532,0.607,0.922
425.0,428.0,0.128,0.12,0.112,0.104,0.097,0.091,0.085,0.08,0.075,0.07,0.066,0.062,0.048,0.047,0.055,0.072,0.125,0.194,0.274,0.358,0.443,0.527,0.609,0.953
425.0,429.0,0.092,0.083,0.074,0.067,0.059,0.053,0.047,0.041,0.036,0.032,0.027,0.024,0.01,0.01,0.021,0.04,0.099,0.176,0.263,0.354,0.447,0.538,0.627,0.998
425.0,430.0,0.052,0.043,0.035,0.027,0.021,0.014,0.008,0.003,-0.002,-0.006,-0.01,-0.013,-0.024,-0.021,-0.007,0.017,0.084,0.169,0.264,0.364,0.464,0.563,0.657,1.053
425.0,431.0,0.012,0.004,-0.004,-0.011,-0.018,-0.024,-0.029,-0.034,-0.038,-0.042,-0.045,-0.048,-0.054,-0.047,-0.028,-0.0,0.077,0.171,0.276,0.384,0.492,0.597,0.698,1.116
425.0,432.0,-0.027,-0.035,-0.042,-0.049,-0.054,-0.06,-0.064,-0.068,-0.072,-0.075,-0.077,-0.079,-0.081,-0.068,-0.044,-0.011,0.077,0.181,0.295,0.411,0.527,0.639,0.745,1.184
425.0,433.0,-0.064,-0.071,-0.078,-0.083,-0.088,-0.093,-0.097,-0.1,-0.102,-0.104,-0.106,-0.107,-0.103,-0.085,-0.055,-0.016,0.083,0.198,0.321,0.445,0.568,0.686,0.798,1.255
425.0,434.0,-0.099,-0.105,-0.111,-0.115,-0.119,-0.123,-0.126,-0.128,-0.129,-0.131,-0.131,-0.131,-0.121,-0.097,-0.061,-0.016,0.094,0.219,0.351,0.484,0.613,0.738,0.855,1.327
425.0,435.0,-0.131,-0.136,-0.14,-0.144,-0.147,-0.149,-0.151,-0.152,-0.153,-0.153,-0.153,-0.152,-0.136,-0.105,-0.063,-0.012,0.109,0.245,0.385,0.526,0.662,0.791,0.913,1.4
425.0,436.0,-0.159,-0.163,-0.167,-0.169,-0.171,-0.173,-0.173,-0.174,-0.173,-0.172,-0.171,-0.169,-0.146,-0.109,-0.061,-0.004,0.128,0.273,0.422,0.57,0.712,0.847,0.973,1.472
425.0,437.0,-0.184,-0.187,-0.189,-0.191,-0.192,-0.192,-0.192,-0.191,-0.19,-0.188,-0.185,-0.182,-0.153,-0.11,-0.056,0.007,0.15,0.304,0.461,0.615,0.763,0.903,1.033,1.542
426.0,427.0,0.116,0.108,0.101,0.094,0.088,0.083,0.078,0.073,0.069,0.065,0.061,0.058,0.047,0.047,0.056,0.073,0.123,0.187,0.259,0.335,0.411,0.485,0.557,0.854
426.0,428.0,0.036,0.026,0.017,0.009,0.001,-0.006,-0.012,-0.019,-0.024,-0.03,-0.034,-0.039,-0.056,-0.061,-0.055,-0.04,0.008,0.073,0.148,0.229,0.31,0.39,0.468,0.794
426.0,429.0,-0.052,-0.063,-0.072,-0.082,-0.09,-0.098,-0.106,-0.113,-0.119,-0.125,-0.131,-0.136,-0.157,-0.163,-0.159,-0.145,-0.096,-0.028,0.052,0.136,0.223,0.309,0.392,0.743
426.0,430.0,-0.145,-0.156,-0.166,-0.176,-0.185,-0.193,-0.201,-0.209,-0.215,-0.222,-0.228,-0.233,-0.255,-0.262,-0.257,-0.242,-0.19,-0.118,-0.034,0.056,0.147,0.238,0.327,0.7
426.0,431.0,-0.24,-0.251,-0.261,-0.271,-0.281,-0.289,-0.297,-0.305,-0.312,-0.318,-0.324,-0.329,-0.35,-0.357,-0.35,-0.334,-0.278,-0.201,-0.112,-0.017,0.081,0.177,0.27,0.664
426.0,432.0,-0.336,-0.347,-0.357,-0.367,-0.376,-0.385,-0.393,-0.4,-0.407,-0.413,-0.419,-0.424,-0.444,-0.448,-0.44,-0.421,-0.36,-0.278,-0.183,-0.082,0.02,0.122,0.22,0.633
426.0,433.0,-0.431,-0.442,-0.453,-0.462,-0.471,-0.48,-0.487,-0.494,-0.501,-0.507,-0.512,-0.517,-0.535,-0.537,-0.526,-0.505,-0.438,-0.35,-0.249,-0.143,-0.035,0.071,0.174,0.606
426.0,434.0,-0.526,-0.537,-0.547,-0.556,-0.565,-0.573,-0.58,-0.587,-0.593,-0.599,-0.604,-0.608,-0.624,-0.623,-0.609,-0.585,-0.512,-0.418,-0.312,-0.2,-0.087,0.024,0.131,0.58
426.0,435.0,-0.62,-0.63,-0.64,-0.649,-0.657,-0.665,-0.672,-0.678,-0.684,-0.689,-0.693,-0.697,-0.71,-0.707,-0.69,-0.663,-0.584,-0.484,-0.372,-0.254,-0.136,-0.021,0.09,0.555
426.0,436.0,-0.711,-0.721,-0.731,-0.739,-0.747,-0.754,-0.761,-0.767,-0.772,-0.777,-0.781,-0.784,-0.794,-0.788,-0.768,-0.738,-0.653,-0.547,-0.429,-0.307,-0.184,-0.064,0.051,0.53
426.0,437.0,-0.801,-0.811,-0.82,-0.828,-0.835,-0.842,-0.848,-0.854,-0.858,-0.863,-0.866,-0.869,-0.877,-0.867,-0.845,-0.811,-0.721,-0.609,-0.486,-0.358,-0.231,-0.107,0.012,0.506
426.0,438.0,-0.889,-0.898,-0.906,-0.914,-0.921,-0.928,-0.933,-0.938,-0.943,-0.947,-0.95,-0.952,-0.957,-0.945,-0.919,-0.883,-0.786,-0.669,-0.541,-0.409,-0.277,-0.149,-0.027,0.48
427.0,428.0,0.103,0.094,0.086,0.078,0.071,0.064,0.058,0.052,0.046,0.041,0.036,0.032,0.013,0.005,0.006,0.015,0.049,0.099,0.158,0.221,0.285,0.349,0.411,0.673
427.0,429.0,0.035,0.024,0.013,0.003,-0.006,-0.015,-0.023,-0.031,-0.039,-0.046,-0.052,-0.058,-0.086,-0.101,-0.106,-0.101,-0.073,-0.025,0.034,0.099,0.167,0.235,0.302,0.589
427.0,430.0,-0.044,-0.056,-0.068,-0.079,-0.09,-0.1,-0.11,-0.119,-0.127,-0.135,-0.143,-0.15,-0.183,-0.202,-0.21,-0.208,-0.182,-0.135,-0.074,-0.007,0.065,0.137,0.208,0.517
427.0,431.0,-0.129,-0.142,-0.155,-0.167,-0.178,-0.189,-0.2,-0.209,-0.218,-0.227,-0.235,-0.243,-0.279,-0.3,-0.309,-0.308,-0.282,-0.234,-0.171,-0.1,-0.025,0.051,0.126,0.455
427.0,432.0,-0.219,-0.232,-0.245,-0.258,-0.27,-0.281,-0.291,-0.301,-0.311,-0.32,-0.328,-0.336,-0.373,-0.395,-0.404,-0.403,-0.375,-0.324,-0.259,-0.184,-0.105,-0.025,0.054,0.4
427.0,433.0,-0.31,-0.324,-0.338,-0.35,-0.362,-0.373,-0.384,-0.394,-0.404,-0.413,-0.421,-0.429,-0.466,-0.488,-0.496,-0.494,-0.463,-0.409,-0.34,-0.261,-0.179,-0.095,-0.012,0.352
427.0,434.0,-0.403,-0.417,-0.431,-0.443,-0.455,-0.466,-0.477,-0.487,-0.496,-0.505,-0.514,-0.521,-0.558,-0.578,-0.585,-0.581,-0.548,-0.489,-0.416,-0.334,-0.247,-0.159,-0.072,0.307
427.0,435.0,-0.496,-0.51,-0.523,-0.536,-0.547,-0.559,-0.569,-0.579,-0.588,-0.597,-0.605,-0.613,-0.648,-0.667,-0.672,-0.666,-0.628,-0.566,-0.489,-0.402,-0.311,-0.22,-0.13,0.264
427.0,436.0,-0.589,-0.602,-0.615,-0.628,-0.639,-0.65,-0.66,-0.67,-0.679,-0.687,-0.695,-0.703,-0.736,-0.753,-0.756,-0.749,-0.707,-0.64,-0.558,-0.468,-0.373,-0.278,-0.184,0.224
427.0,437.0,-0.68,-0.693,-0.706,-0.718,-0.729,-0.74,-0.75,-0.76,-0.768,-0.777,-0.784,-0.791,-0.823,-0.838,-0.839,-0.829,-0.783,-0.712,-0.626,-0.531,-0.433,-0.334,-0.237,0.184
427.0,438.0,-0.77,-0.783,-0.796,-0.807,-0.819,-0.829,-0.839,-0.848,-0.856,-0.864,-0.871,-0.878,-0.908,-0.921,-0.92,-0.908,-0.858,-0.782,-0.692,-0.594,-0.491,-0.389,-0.289,0.144
427.0,439.0,-0.859,-0.872,-0.884,-0.895,-0.906,-0.916,-0.926,-0.934,-0.943,-0.95,-0.957,-0.964,-0.991,-1.002,-0.999,-0.985,-0.931,-0.851,-0.757,-0.655,-0.549,-0.444,-0.34,0.105
428.0,429.0,0.087,0.082,0.078,0.074,0.071,0.068,0.066,0.064,0.062,0.061,0.06,0.059,0.062,0.074,0.094,0.119,0.184,0.261,0.342,0.426,0.508,0.588,0.664,0.975
428.0,430.0,0.034,0.028,0.023,0.019,0.015,0.012,0.008,0.006,0.004,0.002,0.0,-0.001,-0.001,0.01,0.029,0.055,0.121,0.2,0.285,0.372,0.458,0.541,0.62,0.946
428.0,431.0,-0.023,-0.029,-0.034,-0.039,-0.043,-0.047,-0.051,-0.054,-0.056,-0.058,-0.06,-0.062,-0.063,-0.053,-0.034,-0.008,0.06,0.141,0.228,0.318,0.407,0.494,0.576,0.915
428.0,432.0,-0.081,-0.087,-0.093,-0.098,-0.103,-0.107,-0.111,-0.114,-0.117,-0.119,-0.121,-0.123,-0.124,-0.114,-0.095,-0.069,0.001,0.084,0.174,0.267,0.36,0.449,0.534,0.886
428.0,433.0,-0.141,-0.148,-0.153,-0.159,-0.163,-0.168,-0.171,-0.175,-0.178,-0.18,-0.182,-0.184,-0.185,-0.175,-0.155,-0.128,-0.056,0.03,0.123,0.219,0.314,0.407,0.495,0.858
428.0,434.0,-0.202,-0.208,-0.214,-0.22,-0.224,-0.229,-0.232,-0.236,-0.239,-0.241,-0.243,-0.244,-0.245,-0.234,-0.214,-0.185,-0.111,-0.022,0.074,0.173,0.271,0.367,0.457,0.831
428.0,435.0,-0.263,-0.269,-0.275,-0.281,-0.285,-0.289,-0.293,-0.296,-0.299,-0.301,-0.303,-0.305,-0.305,-0.293,-0.271,-0.241,-0.164,-0.072,0.027,0.129,0.23,0.328,0.422,0.806
428.0,436.0,-0.324,-0.33,-0.336,-0.341,-0.346,-0.35,-0.353,-0.357,-0.359,-0.361,-0.363,-0.364,-0.363,-0.35,-0.327,-0.296,-0.215,-0.12,-0.018,0.087,0.191,0.291,0.387,0.781
428.0,437.0,-0.384,-0.391,-0.396,-0.401,-0.406,-0.41,-0.413,-0.416,-0.418,-0.42,-0.422,-0.423,-0.421,-0.406,-0.382,-0.349,-0.266,-0.168,-0.062,0.046,0.152,0.255,0.353,0.757
428.0,438.0,-0.444,-0.45,-0.456,-0.461,-0.465,-0.469,-0.472,-0.475,-0.477,-0.479,-0.48,-0.481,-0.478,-0.462,-0.436,-0.401,-0.315,-0.214,-0.106,0.005,0.114,0.22,0.32,0.732
428.0,439.0,-0.504,-0.509,-0.515,-0.519,-0.524,-0.527,-0.53,-0.533,-0.535,-0.536,-0.537,-0.538,-0.534,-0.516,-0.489,-0.453,-0.364,-0.259,-0.148,-0.035,0.077,0.185,0.287,0.708
428.0,440.0,-0.562,-0.568,-0.573,-0.577,-0.581,-0.585,-0.587,-0.59,-0.592,-0.593,-0.594,-0.594,-0.588,-0.57,-0.541,-0.503,-0.411,-0.304,-0.19,-0.074,0.04,0.15,0.255,0.683
429.0,430.0,0.08,0.075,0.07,0.066,0.063,0.06,0.057,0.054,0.052,0.05,0.049,0.048,0.048,0.059,0.076,0.101,0.163,0.237,0.317,0.399,0.48,0.559,0.635,0.945
429.0,431.0,0.02,0.015,0.01,0.005,0.001,-0.003,-0.006,-0.009,-0.012,-0.014,-0.016,-0.017,-0.018,-0.009,0.008,0.033,0.096,0.173,0.256,0.342,0.427,0.51,0.589,0.916
429.0,432.0,-0.042,-0.048,-0.054,-0.059,-0.063,-0.067,-0.071,-0.074,-0.077,-0.079,-0.081,-0.082,-0.084,-0.075,-0.058,-0.033,0.033,0.113,0.199,0.289,0.378,0.464,0.547,0.889
429.0,433.0,-0.107,-0.113,-0.119,-0.124,-0.128,-0.132,-0.136,-0.139,-0.142,-0.145,-0.147,-0.148,-0.15,-0.14,-0.122,-0.096,-0.027,0.056,0.146,0.239,0.332,0.422,0.508,0.864
429.0,434.0,-0.172,-0.178,-0.184,-0.189,-0.194,-0.198,-0.202,-0.205,-0.208,-0.21,-0.212,-0.214,-0.215,-0.204,-0.184,-0.157,-0.085,0.002,0.096,0.193,0.289,0.382,0.472,0.842
429.0,435.0,-0.238,-0.244,-0.25,-0.255,-0.26,-0.264,-0.267,-0.27,-0.273,-0.275,-0.277,-0.278,-0.279,-0.267,-0.245,-0.216,-0.14,-0.05,0.048,0.148,0.248,0.345,0.438,0.82
429.0,436.0,-0.304,-0.31,-0.316,-0.321,-0.325,-0.329,-0.332,-0.335,-0.338,-0.34,-0.341,-0.343,-0.341,-0.328,-0.305,-0.274,-0.194,-0.1,0.002,0.106,0.21,0.31,0.405,0.8
429.0,437.0,-0.37,-0.376,-0.381,-0.386,-0.39,-0.394,-0.397,-0.4,-0.402,-0.404,-0.405,-0.406,-0.403,-0.388,-0.363,-0.33,-0.246,-0.148,-0.042,0.066,0.172,0.276,0.374,0.781
429.0,438.0,-0.434,-0.44,-0.445,-0.45,-0.454,-0.457,-0.46,-0.463,-0.465,-0.466,-0.467,-0.468,-0.464,-0.447,-0.42,-0.385,-0.297,-0.195,-0.086,0.026,0.136,0.243,0.344,0.761
429.0,439.0,-0.498,-0.504,-0.509,-0.513,-0.517,-0.52,-0.523,-0.525,-0.527,-0.528,-0.529,-0.529,-0.523,-0.504,-0.475,-0.438,-0.347,-0.241,-0.128,-0.013,0.101,0.21,0.314,0.742
429.0,440.0,-0.561,-0.567,-0.571,-0.575,-0.579,-0.582,-0.584,-0.586,-0.588,-0.589,-0.589,-0.589,-0.581,-0.561,-0.53,-0.491,-0.396,-0.286,-0.169,-0.051,0.066,0.178,0.285,0.722
429.0,441.0,-0.623,-0.628,-0.633,-0.637,-0.64,-0.643,-0.645,-0.647,-0.648,-0.648,-0.649,-0.649,-0.639,-0.616,-0.584,-0.543,-0.444,-0.33,-0.21,-0.088,0.031,0.146,0.255,0.702
430.0,431.0,0.087,0.082,0.078,0.074,0.07,0.067,0.065,0.063,0.061,0.06,0.06,0.059,0.066,0.083,0.11,0.144,0.227,0.322,0.421,0.522,0.619,0.712,0.8,1.152
430.0,432.0,0.029,0.022,0.015,0.009,0.004,-0.001,-0.005,-0.009,-0.012,-0.014,-0.016,-0.018,-0.019,-0.007,0.016,0.047,0.128,0.223,0.325,0.428,0.53,0.627,0.72,1.092
430.0,433.0,-0.037,-0.045,-0.053,-0.06,-0.067,-0.072,-0.078,-0.082,-0.086,-0.09,-0.093,-0.096,-0.101,-0.092,-0.072,-0.042,0.037,0.132,0.236,0.342,0.447,0.548,0.644,1.034
430.0,434.0,-0.108,-0.117,-0.125,-0.133,-0.14,-0.147,-0.153,-0.158,-0.163,-0.167,-0.17,-0.173,-0.181,-0.174,-0.155,-0.126,-0.047,0.049,0.155,0.264,0.372,0.477,0.576,0.982
430.0,435.0,-0.182,-0.191,-0.2,-0.208,-0.216,-0.223,-0.229,-0.234,-0.239,-0.244,-0.248,-0.251,-0.26,-0.253,-0.234,-0.205,-0.125,-0.027,0.082,0.194,0.305,0.412,0.515,0.935
430.0,436.0,-0.257,-0.267,-0.276,-0.285,-0.292,-0.299,-0.306,-0.311,-0.316,-0.321,-0.325,-0.328,-0.337,-0.33,-0.311,-0.281,-0.199,-0.098,0.013,0.128,0.243,0.353,0.459,0.892
430.0,437.0,-0.334,-0.344,-0.353,-0.361,-0.369,-0.376,-0.382,-0.388,-0.393,-0.397,-0.401,-0.404,-0.413,-0.406,-0.385,-0.354,-0.27,-0.165,-0.051,0.067,0.184,0.298,0.407,0.852
430.0,438.0,-0.411,-0.42,-0.429,-0.438,-0.445,-0.452,-0.458,-0.464,-0.469,-0.473,-0.477,-0.48,-0.488,-0.479,-0.457,-0.425,-0.338,-0.23,-0.113,0.009,0.129,0.246,0.357,0.813
430.0,439.0,-0.487,-0.497,-0.505,-0.514,-0.521,-0.528,-0.534,-0.539,-0.544,-0.548,-0.552,-0.555,-0.561,-0.551,-0.528,-0.494,-0.404,-0.293,-0.172,-0.048,0.076,0.195,0.309,0.775
430.0,440.0,-0.562,-0.572,-0.581,-0.589,-0.596,-0.602,-0.608,-0.614,-0.618,-0.622,-0.625,-0.628,-0.633,-0.622,-0.597,-0.562,-0.468,-0.354,-0.23,-0.103,0.023,0.145,0.262,0.738
430.0,441.0,-0.637,-0.646,-0.655,-0.663,-0.67,-0.676,-0.682,-0.687,-0.691,-0.695,-0.698,-0.7,-0.704,-0.692,-0.665,-0.628,-0.531,-0.414,-0.287,-0.157,-0.028,0.096,0.215,0.701
430.0,442.0,-0.711,-0.72,-0.728,-0.736,-0.743,-0.749,-0.754,-0.759,-0.763,-0.767,-0.77,-0.772,-0.774,-0.76,-0.732,-0.694,-0.594,-0.474,-0.344,-0.211,-0.079,0.048,0.169,0.664
431.0,432.0,0.099,0.095,0.091,0.088,0.085,0.083,0.082,0.08,0.08,0.079,0.08,0.08,0.09,0.112,0.142,0.178,0.265,0.363,0.465,0.566,0.664,0.757,0.844,1.192
431.0,433.0,0.069,0.064,0.06,0.056,0.053,0.051,0.049,0.047,0.046,0.045,0.045,0.046,0.056,0.078,0.109,0.148,0.24,0.345,0.454,0.562,0.668,0.768,0.862,1.235
431.0,434.0,0.036,0.031,0.026,0.023,0.019,0.017,0.015,0.013,0.012,0.012,0.012,0.012,0.024,0.048,0.082,0.124,0.225,0.337,0.454,0.57,0.682,0.789,0.889,1.286
431.0,435.0,0.0,-0.004,-0.009,-0.012,-0.015,-0.017,-0.019,-0.02,-0.021,-0.021,-0.02,-0.019,-0.005,0.023,0.061,0.107,0.216,0.337,0.462,0.586,0.705,0.819,0.924,1.342
431.0,436.0,-0.035,-0.039,-0.043,-0.046,-0.049,-0.05,-0.052,-0.052,-0.052,-0.052,-0.051,-0.049,-0.031,0.002,0.044,0.095,0.213,0.343,0.477,0.608,0.734,0.854,0.965,1.401
431.0,437.0,-0.07,-0.074,-0.077,-0.079,-0.081,-0.082,-0.082,-0.082,-0.082,-0.08,-0.079,-0.076,-0.053,-0.016,0.032,0.088,0.215,0.354,0.496,0.635,0.768,0.893,1.009,1.461
431.0,438.0,-0.103,-0.106,-0.108,-0.11,-0.111,-0.112,-0.111,-0.11,-0.109,-0.107,-0.104,-0.101,-0.073,-0.031,0.022,0.083,0.221,0.369,0.519,0.665,0.804,0.934,1.055,1.522
431.0,439.0,-0.134,-0.137,-0.138,-0.139,-0.14,-0.139,-0.138,-0.136,-0.134,-0.131,-0.128,-0.124,-0.09,-0.043,0.015,0.082,0.229,0.386,0.544,0.697,0.841,0.977,1.102,1.583
431.0,440.0,-0.164,-0.165,-0.166,-0.166,-0.166,-0.164,-0.162,-0.16,-0.157,-0.153,-0.149,-0.144,-0.105,-0.052,0.011,0.083,0.24,0.405,0.57,0.73,0.88,1.02,1.149,1.642
431.0,441.0,-0.191,-0.192,-0.192,-0.191,-0.19,-0.187,-0.185,-0.181,-0.177,-0.173,-0.168,-0.162,-0.118,-0.06,0.009,0.086,0.252,0.426,0.598,0.763,0.919,1.063,1.196,1.699
431.0,442.0,-0.216,-0.216,-0.215,-0.213,-0.211,-0.208,-0.205,-0.2,-0.196,-0.19,-0.184,-0.178,-0.128,-0.065,0.009,0.09,0.266,0.447,0.626,0.797,0.958,1.106,1.242,1.755
431.0,443.0,-0.238,-0.238,-0.236,-0.234,-0.231,-0.227,-0.223,-0.217,-0.212,-0.205,-0.199,-0.191,-0.137,-0.068,0.01,0.096,0.28,0.469,0.655,0.831,0.996,1.148,1.286,1.808
432.0,433.0,0.046,0.041,0.036,0.032,0.028,0.025,0.023,0.021,0.02,0.019,0.018,0.018,0.027,0.048,0.079,0.118,0.211,0.317,0.427,0.537,0.644,0.746,0.842,1.222
432.0,434.0,-0.017,-0.024,-0.03,-0.035,-0.04,-0.044,-0.048,-0.051,-0.053,-0.055,-0.056,-0.057,-0.053,-0.035,-0.006,0.032,0.125,0.232,0.345,0.459,0.57,0.676,0.776,1.174
432.0,435.0,-0.085,-0.093,-0.099,-0.105,-0.111,-0.116,-0.12,-0.123,-0.126,-0.129,-0.13,-0.132,-0.13,-0.113,-0.085,-0.048,0.045,0.154,0.27,0.387,0.501,0.611,0.714,1.127
432.0,436.0,-0.156,-0.164,-0.171,-0.177,-0.183,-0.188,-0.193,-0.197,-0.2,-0.203,-0.205,-0.206,-0.205,-0.189,-0.161,-0.124,-0.029,0.082,0.201,0.321,0.438,0.551,0.658,1.085
432.0,437.0,-0.228,-0.237,-0.244,-0.25,-0.256,-0.262,-0.266,-0.27,-0.273,-0.276,-0.278,-0.28,-0.279,-0.263,-0.234,-0.196,-0.099,0.015,0.137,0.26,0.381,0.497,0.606,1.047
432.0,438.0,-0.301,-0.31,-0.317,-0.324,-0.329,-0.335,-0.339,-0.343,-0.346,-0.349,-0.351,-0.353,-0.351,-0.334,-0.305,-0.265,-0.165,-0.048,0.077,0.203,0.327,0.446,0.559,1.011
432.0,439.0,-0.374,-0.382,-0.39,-0.396,-0.402,-0.407,-0.412,-0.415,-0.419,-0.421,-0.423,-0.424,-0.422,-0.404,-0.373,-0.332,-0.229,-0.109,0.02,0.149,0.276,0.398,0.513,0.977
432.0,440.0,-0.447,-0.455,-0.462,-0.468,-0.474,-0.479,-0.483,-0.487,-0.49,-0.492,-0.494,-0.495,-0.491,-0.472,-0.439,-0.397,-0.29,-0.167,-0.035,0.098,0.228,0.352,0.47,0.944
432.0,441.0,-0.518,-0.526,-0.533,-0.539,-0.545,-0.549,-0.553,-0.557,-0.56,-0.562,-0.563,-0.564,-0.559,-0.538,-0.504,-0.46,-0.35,-0.223,-0.089,0.047,0.18,0.308,0.428,0.911
432.0,442.0,-0.589,-0.596,-0.603,-0.609,-0.614,-0.619,-0.623,-0.626,-0.629,-0.63,-0.632,-0.633,-0.626,-0.603,-0.568,-0.522,-0.409,-0.279,-0.141,-0.002,0.134,0.264,0.386,0.879
432.0,443.0,-0.658,-0.666,-0.672,-0.678,-0.683,-0.687,-0.691,-0.694,-0.696,-0.698,-0.699,-0.699,-0.691,-0.667,-0.63,-0.583,-0.466,-0.333,-0.192,-0.05,0.088,0.22,0.345,0.846
432.0,444.0,-0.726,-0.733,-0.74,-0.745,-0.75,-0.754,-0.758,-0.761,-0.763,-0.764,-0.765,-0.765,-0.756,-0.73,-0.691,-0.642,-0.523,-0.387,-0.243,-0.098,0.042,0.177,0.304,0.813
433.0,434.0,0.033,0.029,0.026,0.023,0.021,0.02,0.019,0.019,0.019,0.02,0.021,0.023,0.044,0.078,0.122,0.174,0.295,0.427,0.562,0.695,0.822,0.942,1.055,1.494
433.0,435.0,-0.032,-0.037,-0.04,-0.043,-0.045,-0.047,-0.048,-0.048,-0.048,-0.047,-0.045,-0.043,-0.022,0.014,0.061,0.116,0.243,0.383,0.525,0.665,0.799,0.925,1.043,1.501
433.0,436.0,-0.099,-0.103,-0.107,-0.11,-0.112,-0.113,-0.114,-0.114,-0.114,-0.113,-0.111,-0.109,-0.085,-0.047,0.002,0.061,0.194,0.34,0.489,0.635,0.775,0.906,1.028,1.504
433.0,437.0,-0.166,-0.17,-0.173,-0.176,-0.178,-0.179,-0.179,-0.179,-0.179,-0.177,-0.175,-0.173,-0.147,-0.106,-0.054,0.008,0.148,0.3,0.455,0.607,0.752,0.888,1.015,1.507
433.0,438.0,-0.232,-0.236,-0.239,-0.241,-0.243,-0.244,-0.244,-0.243,-0.242,-0.24,-0.238,-0.235,-0.207,-0.163,-0.107,-0.042,0.105,0.263,0.424,0.581,0.731,0.872,1.003,1.508
433.0,439.0,-0.297,-0.301,-0.303,-0.305,-0.307,-0.307,-0.307,-0.306,-0.304,-0.302,-0.299,-0.296,-0.265,-0.218,-0.158,-0.091,0.063,0.228,0.394,0.557,0.711,0.856,0.99,1.509
433.0,440.0,-0.361,-0.364,-0.367,-0.368,-0.369,-0.369,-0.368,-0.367,-0.365,-0.362,-0.359,-0.355,-0.321,-0.271,-0.208,-0.137,0.023,0.193,0.365,0.533,0.692,0.841,0.978,1.509
433.0,441.0,-0.424,-0.427,-0.429,-0.43,-0.43,-0.43,-0.429,-0.427,-0.424,-0.421,-0.417,-0.413,-0.376,-0.322,-0.257,-0.182,-0.017,0.16,0.337,0.509,0.672,0.825,0.965,1.507
433.0,442.0,-0.485,-0.488,-0.489,-0.49,-0.49,-0.489,-0.487,-0.485,-0.482,-0.478,-0.474,-0.469,-0.429,-0.373,-0.304,-0.227,-0.055,0.126,0.309,0.485,0.652,0.808,0.951,1.503
433.0,443.0,-0.545,-0.547,-0.548,-0.548,-0.548,-0.547,-0.545,-0.542,-0.538,-0.534,-0.53,-0.524,-0.481,-0.422,-0.351,-0.271,-0.094,0.093,0.28,0.46,0.631,0.79,0.936,1.498
433.0,444.0,-0.603,-0.605,-0.606,-0.605,-0.605,-0.603,-0.6,-0.597,-0.594,-0.589,-0.584,-0.578,-0.532,-0.471,-0.397,-0.314,-0.132,0.06,0.251,0.435,0.609,0.771,0.92,1.49
433.0,445.0,-0.66,-0.661,-0.662,-0.661,-0.66,-0.658,-0.655,-0.652,-0.647,-0.643,-0.637,-0.631,-0.583,-0.518,-0.442,-0.357,-0.17,0.026,0.221,0.409,0.586,0.75,0.902,1.48
434.0,435.0,-0.012,-0.008,-0.003,0.002,0.008,0.014,0.021,0.028,0.036,0.044,0.053,0.062,0.125,0.197,0.278,0.363,0.54,0.719,0.891,1.054,1.204,1.343,1.468,1.938
434.0,436.0,-0.043,-0.04,-0.037,-0.033,-0.029,-0.023,-0.018,-0.011,-0.005,0.003,0.011,0.019,0.078,0.15,0.23,0.316,0.497,0.68,0.857,1.025,1.18,1.323,1.452,1.934
434.0,437.0,-0.079,-0.077,-0.075,-0.072,-0.069,-0.064,-0.059,-0.054,-0.048,-0.041,-0.034,-0.026,0.031,0.1,0.179,0.265,0.447,0.633,0.814,0.984,1.143,1.289,1.422,1.916
434.0,438.0,-0.118,-0.117,-0.116,-0.114,-0.111,-0.107,-0.102,-0.097,-0.092,-0.085,-0.078,-0.071,-0.016,0.052,0.131,0.217,0.4,0.588,0.771,0.944,1.106,1.254,1.39,1.895
434.0,439.0,-0.16,-0.16,-0.158,-0.157,-0.154,-0.15,-0.146,-0.141,-0.136,-0.13,-0.123,-0.116,-0.062,0.006,0.085,0.171,0.356,0.545,0.731,0.907,1.071,1.223,1.36,1.876
434.0,440.0,-0.203,-0.203,-0.202,-0.2,-0.198,-0.194,-0.19,-0.186,-0.18,-0.174,-0.168,-0.161,-0.107,-0.038,0.041,0.128,0.314,0.506,0.694,0.873,1.04,1.193,1.333,1.858
434.0,441.0,-0.247,-0.247,-0.246,-0.244,-0.242,-0.238,-0.234,-0.23,-0.224,-0.218,-0.212,-0.205,-0.151,-0.081,-0.001,0.087,0.275,0.47,0.66,0.842,1.011,1.166,1.309,1.841
434.0,442.0,-0.291,-0.291,-0.29,-0.288,-0.286,-0.282,-0.278,-0.273,-0.268,-0.262,-0.255,-0.248,-0.193,-0.123,-0.042,0.047,0.238,0.435,0.628,0.812,0.983,1.141,1.285,1.825
434.0,443.0,-0.335,-0.335,-0.334,-0.332,-0.329,-0.326,-0.322,-0.317,-0.311,-0.305,-0.298,-0.291,-0.235,-0.164,-0.082,0.008,0.202,0.401,0.597,0.783,0.957,1.116,1.262,1.809
434.0,444.0,-0.378,-0.378,-0.377,-0.375,-0.372,-0.369,-0.365,-0.36,-0.354,-0.348,-0.341,-0.333,-0.277,-0.204,-0.121,-0.03,0.167,0.369,0.567,0.755,0.93,1.092,1.24,1.793
434.0,445.0,-0.422,-0.421,-0.42,-0.418,-0.415,-0.412,-0.407,-0.402,-0.396,-0.39,-0.383,-0.375,-0.317,-0.244,-0.159,-0.067,0.132,0.336,0.537,0.727,0.904,1.068,1.217,1.776
434.0,446.0,-0.464,-0.464,-0.463,-0.46,-0.457,-0.454,-0.449,-0.444,-0.438,-0.431,-0.424,-0.416,-0.357,-0.283,-0.197,-0.103,0.098,0.304,0.507,0.699,0.878,1.043,1.194,1.758
435.0,436.0,-0.046,-0.035,-0.025,-0.013,-0.001,0.012,0.025,0.038,0.052,0.067,0.081,0.097,0.194,0.301,0.413,0.529,0.76,0.984,1.195,1.389,1.566,1.727,1.871,2.395
435.0,437.0,-0.038,-0.029,-0.018,-0.008,0.004,0.016,0.029,0.042,0.056,0.07,0.085,0.1,0.198,0.307,0.422,0.541,0.78,1.012,1.23,1.431,1.613,1.777,1.924,2.457
435.0,438.0,-0.035,-0.026,-0.016,-0.006,0.005,0.017,0.03,0.043,0.056,0.07,0.085,0.1,0.199,0.309,0.426,0.547,0.791,1.028,1.251,1.456,1.642,1.81,1.96,2.501
435.0,439.0,-0.035,-0.026,-0.016,-0.006,0.005,0.016,0.029,0.042,0.055,0.069,0.084,0.099,0.199,0.31,0.429,0.552,0.8,1.042,1.269,1.478,1.667,1.838,1.991,2.54
435.0,440.0,-0.036,-0.028,-0.018,-0.008,0.003,0.015,0.027,0.04,0.054,0.068,0.083,0.098,0.199,0.312,0.433,0.558,0.811,1.057,1.288,1.5,1.693,1.866,2.021,2.578
435.0,441.0,-0.039,-0.03,-0.021,-0.01,0.001,0.013,0.025,0.039,0.053,0.067,0.082,0.098,0.201,0.316,0.439,0.566,0.824,1.074,1.308,1.524,1.719,1.895,2.052,2.615
435.0,442.0,-0.042,-0.033,-0.024,-0.013,-0.001,0.011,0.024,0.037,0.052,0.066,0.082,0.098,0.203,0.321,0.446,0.576,0.838,1.092,1.331,1.549,1.747,1.925,2.084,2.653
435.0,443.0,-0.046,-0.036,-0.026,-0.015,-0.003,0.009,0.023,0.037,0.051,0.067,0.082,0.099,0.207,0.327,0.455,0.587,0.854,1.112,1.354,1.576,1.776,1.956,2.116,2.689
435.0,444.0,-0.049,-0.039,-0.029,-0.017,-0.005,0.008,0.022,0.036,0.052,0.067,0.083,0.1,0.211,0.334,0.465,0.6,0.871,1.134,1.379,1.603,1.805,1.987,2.149,2.726
435.0,445.0,-0.052,-0.041,-0.03,-0.018,-0.006,0.008,0.022,0.037,0.052,0.069,0.085,0.103,0.216,0.342,0.476,0.613,0.889,1.155,1.403,1.63,1.835,2.018,2.181,2.761
435.0,446.0,-0.054,-0.043,-0.032,-0.019,-0.006,0.008,0.023,0.038,0.054,0.071,0.088,0.106,0.222,0.351,0.487,0.627,0.908,1.177,1.428,1.657,1.864,2.048,2.212,2.795
435.0,447.0,-0.055,-0.044,-0.032,-0.019,-0.005,0.009,0.024,0.04,0.057,0.074,0.091,0.11,0.229,0.36,0.499,0.641,0.926,1.199,1.453,1.684,1.892,2.078,2.243,2.827
436.0,437.0,-0.001,0.003,0.008,0.014,0.021,0.028,0.036,0.044,0.053,0.063,0.073,0.083,0.155,0.239,0.332,0.43,0.634,0.838,1.034,1.218,1.387,1.542,1.682,2.199
436.0,438.0,0.009,0.012,0.017,0.022,0.028,0.035,0.042,0.05,0.058,0.067,0.077,0.087,0.158,0.242,0.335,0.434,0.641,0.849,1.05,1.238,1.412,1.571,1.715,2.248
436.0,439.0,0.014,0.018,0.022,0.027,0.033,0.039,0.047,0.054,0.063,0.072,0.082,0.092,0.163,0.249,0.343,0.445,0.657,0.87,1.076,1.269,1.448,1.611,1.758,2.304
436.0,440.0,0.018,0.021,0.025,0.031,0.036,0.043,0.051,0.059,0.067,0.077,0.087,0.097,0.171,0.259,0.357,0.461,0.68,0.899,1.11,1.308,1.491,1.657,1.808,2.365
436.0,441.0,0.019,0.023,0.028,0.033,0.04,0.047,0.055,0.063,0.073,0.082,0.093,0.104,0.181,0.272,0.374,0.482,0.707,0.932,1.149,1.352,1.538,1.709,1.862,2.428
436.0,442.0,0.021,0.025,0.03,0.036,0.043,0.051,0.059,0.068,0.078,0.089,0.1,0.111,0.192,0.288,0.393,0.505,0.737,0.969,1.191,1.398,1.589,1.762,1.918,2.491
436.0,443.0,0.022,0.027,0.033,0.04,0.047,0.055,0.065,0.074,0.085,0.096,0.108,0.12,0.205,0.304,0.414,0.53,0.769,1.007,1.234,1.446,1.64,1.816,1.974,2.553
436.0,444.0,0.024,0.03,0.036,0.044,0.052,0.061,0.07,0.081,0.092,0.104,0.116,0.13,0.219,0.322,0.436,0.556,0.802,1.046,1.278,1.493,1.691,1.869,2.03,2.613
436.0,445.0,0.027,0.033,0.04,0.048,0.057,0.067,0.077,0.088,0.1,0.113,0.126,0.14,0.233,0.341,0.459,0.582,0.836,1.085,1.322,1.541,1.741,1.921,2.083,2.671
436.0,446.0,0.03,0.037,0.045,0.054,0.063,0.074,0.085,0.097,0.109,0.123,0.137,0.151,0.249,0.361,0.482,0.609,0.869,1.124,1.364,1.587,1.789,1.972,2.136,2.726
436.0,447.0,0.035,0.042,0.051,0.06,0.07,0.082,0.093,0.106,0.119,0.133,0.148,0.163,0.265,0.381,0.506,0.636,0.902,1.162,1.406,1.632,1.836,2.021,2.186,2.778
436.0,448.0,0.04,0.048,0.057,0.067,0.078,0.09,0.103,0.116,0.13,0.144,0.16,0.175,0.281,0.401,0.529,0.663,0.934,1.199,1.447,1.675,1.882,2.067,2.233,2.828
437.0,438.0,-0.056,-0.053,-0.05,-0.045,-0.04,-0.035,-0.028,-0.021,-0.013,-0.005,0.004,0.013,0.081,0.162,0.253,0.35,0.554,0.758,0.954,1.138,1.306,1.459,1.598,2.104
437.0,439.0,-0.094,-0.092,-0.09,-0.086,-0.081,-0.076,-0.07,-0.064,-0.056,-0.048,-0.04,-0.031,0.035,0.115,0.206,0.303,0.507,0.712,0.91,1.096,1.267,1.423,1.563,2.08
437.0,440.0,-0.135,-0.133,-0.131,-0.128,-0.124,-0.119,-0.113,-0.106,-0.099,-0.092,-0.083,-0.074,-0.009,0.07,0.161,0.258,0.463,0.671,0.871,1.059,1.232,1.39,1.533,2.058
437.0,441.0,-0.177,-0.176,-0.173,-0.17,-0.166,-0.161,-0.156,-0.149,-0.142,-0.135,-0.126,-0.117,-0.053,0.027,0.118,0.216,0.423,0.633,0.835,1.025,1.201,1.361,1.506,2.039
437.0,442.0,-0.219,-0.218,-0.216,-0.213,-0.209,-0.204,-0.199,-0.192,-0.185,-0.178,-0.169,-0.16,-0.095,-0.015,0.077,0.176,0.385,0.597,0.801,0.994,1.172,1.334,1.481,2.021
437.0,443.0,-0.262,-0.261,-0.259,-0.256,-0.252,-0.247,-0.241,-0.235,-0.228,-0.22,-0.212,-0.203,-0.137,-0.056,0.037,0.137,0.348,0.562,0.769,0.964,1.143,1.308,1.456,2.003
437.0,444.0,-0.305,-0.304,-0.301,-0.298,-0.294,-0.289,-0.284,-0.277,-0.27,-0.262,-0.254,-0.244,-0.178,-0.096,-0.003,0.098,0.312,0.528,0.738,0.934,1.116,1.282,1.432,1.985
437.0,445.0,-0.347,-0.346,-0.344,-0.34,-0.336,-0.331,-0.325,-0.319,-0.312,-0.304,-0.295,-0.286,-0.219,-0.136,-0.041,0.061,0.277,0.495,0.707,0.905,1.089,1.256,1.408,1.967
437.0,446.0,-0.389,-0.388,-0.386,-0.382,-0.378,-0.373,-0.367,-0.36,-0.353,-0.345,-0.336,-0.327,-0.259,-0.175,-0.079,0.024,0.242,0.462,0.676,0.876,1.062,1.231,1.384,1.948
437.0,447.0,-0.431,-0.43,-0.427,-0.424,-0.419,-0.414,-0.408,-0.401,-0.394,-0.386,-0.377,-0.367,-0.298,-0.213,-0.117,-0.013,0.207,0.43,0.645,0.847,1.034,1.205,1.359,1.928
437.0,448.0,-0.472,-0.471,-0.468,-0.465,-0.46,-0.455,-0.449,-0.442,-0.434,-0.426,-0.417,-0.407,-0.338,-0.252,-0.155,-0.05,0.172,0.397,0.614,0.818,1.006,1.178,1.334,1.908
437.0,449.0,-0.513,-0.511,-0.509,-0.505,-0.501,-0.495,-0.489,-0.482,-0.474,-0.466,-0.457,-0.447,-0.377,-0.29,-0.192,-0.086,0.137,0.364,0.582,0.788,0.978,1.151,1.308,1.886
438.0,439.0,-0.039,-0.032,-0.026,-0.018,-0.01,-0.002,0.007,0.016,0.026,0.036,0.046,0.057,0.127,0.206,0.289,0.376,0.552,0.724,0.887,1.037,1.174,1.298,1.409,1.814
438.0,440.0,-0.068,-0.066,-0.063,-0.059,-0.055,-0.05,-0.044,-0.038,-0.032,-0.025,-0.017,-0.009,0.047,0.114,0.188,0.268,0.436,0.604,0.766,0.918,1.059,1.187,1.303,1.732
438.0,441.0,-0.109,-0.11,-0.109,-0.108,-0.106,-0.103,-0.1,-0.096,-0.091,-0.086,-0.081,-0.075,-0.029,0.03,0.099,0.174,0.335,0.501,0.663,0.817,0.96,1.092,1.212,1.66
438.0,442.0,-0.159,-0.16,-0.161,-0.162,-0.161,-0.16,-0.158,-0.156,-0.152,-0.149,-0.144,-0.139,-0.1,-0.046,0.018,0.09,0.247,0.412,0.575,0.73,0.876,1.011,1.135,1.599
438.0,443.0,-0.213,-0.216,-0.218,-0.219,-0.22,-0.219,-0.218,-0.217,-0.215,-0.212,-0.208,-0.204,-0.169,-0.118,-0.056,0.014,0.17,0.335,0.498,0.656,0.805,0.942,1.069,1.548
438.0,444.0,-0.271,-0.275,-0.277,-0.279,-0.28,-0.281,-0.28,-0.279,-0.277,-0.275,-0.272,-0.268,-0.235,-0.186,-0.125,-0.055,0.1,0.266,0.431,0.591,0.742,0.883,1.012,1.504
438.0,445.0,-0.331,-0.335,-0.338,-0.341,-0.342,-0.343,-0.342,-0.342,-0.34,-0.338,-0.335,-0.332,-0.299,-0.251,-0.19,-0.121,0.036,0.203,0.371,0.533,0.687,0.83,0.962,1.464
438.0,446.0,-0.393,-0.397,-0.4,-0.403,-0.404,-0.405,-0.405,-0.404,-0.403,-0.401,-0.398,-0.394,-0.363,-0.314,-0.253,-0.183,-0.025,0.145,0.315,0.48,0.636,0.781,0.916,1.429
438.0,447.0,-0.455,-0.459,-0.463,-0.465,-0.467,-0.467,-0.467,-0.467,-0.465,-0.463,-0.46,-0.457,-0.425,-0.375,-0.314,-0.243,-0.082,0.089,0.262,0.429,0.588,0.736,0.873,1.395
438.0,448.0,-0.517,-0.522,-0.525,-0.527,-0.529,-0.529,-0.529,-0.528,-0.527,-0.525,-0.522,-0.518,-0.485,-0.436,-0.373,-0.301,-0.138,0.036,0.211,0.381,0.543,0.693,0.831,1.362
438.0,449.0,-0.579,-0.583,-0.587,-0.589,-0.59,-0.591,-0.591,-0.59,-0.588,-0.586,-0.583,-0.579,-0.545,-0.495,-0.431,-0.357,-0.192,-0.015,0.162,0.335,0.498,0.651,0.791,1.33
438.0,450.0,-0.641,-0.645,-0.648,-0.65,-0.652,-0.652,-0.652,-0.651,-0.649,-0.646,-0.643,-0.639,-0.605,-0.553,-0.488,-0.413,-0.245,-0.066,0.114,0.289,0.455,0.609,0.752,1.298
439.0,440.0,-0.013,-0.012,-0.01,-0.007,-0.004,-0.0,0.004,0.008,0.013,0.019,0.024,0.031,0.075,0.13,0.192,0.258,0.399,0.543,0.682,0.814,0.937,1.049,1.152,1.533
439.0,441.0,-0.052,-0.054,-0.054,-0.054,-0.054,-0.052,-0.051,-0.048,-0.046,-0.042,-0.038,-0.034,-0.0,0.046,0.101,0.162,0.296,0.437,0.576,0.71,0.836,0.952,1.059,1.465
439.0,442.0,-0.101,-0.104,-0.106,-0.108,-0.109,-0.109,-0.109,-0.108,-0.106,-0.104,-0.102,-0.099,-0.071,-0.031,0.02,0.079,0.21,0.349,0.49,0.626,0.755,0.875,0.986,1.411
439.0,443.0,-0.156,-0.16,-0.163,-0.166,-0.168,-0.169,-0.17,-0.169,-0.169,-0.168,-0.166,-0.164,-0.14,-0.102,-0.053,0.004,0.134,0.275,0.417,0.556,0.688,0.812,0.927,1.368
439.0,444.0,-0.215,-0.219,-0.223,-0.227,-0.229,-0.231,-0.232,-0.232,-0.232,-0.231,-0.23,-0.228,-0.206,-0.17,-0.121,-0.064,0.066,0.209,0.354,0.496,0.632,0.759,0.877,1.333
439.0,445.0,-0.276,-0.281,-0.285,-0.289,-0.292,-0.294,-0.295,-0.296,-0.296,-0.295,-0.294,-0.292,-0.271,-0.234,-0.186,-0.128,0.005,0.15,0.298,0.443,0.582,0.712,0.833,1.303
439.0,446.0,-0.339,-0.344,-0.348,-0.352,-0.355,-0.357,-0.358,-0.359,-0.359,-0.358,-0.357,-0.355,-0.334,-0.297,-0.247,-0.189,-0.053,0.095,0.247,0.395,0.537,0.671,0.795,1.276
439.0,447.0,-0.402,-0.407,-0.411,-0.415,-0.418,-0.42,-0.421,-0.422,-0.422,-0.421,-0.42,-0.418,-0.396,-0.357,-0.306,-0.246,-0.108,0.044,0.199,0.351,0.496,0.632,0.759,1.251
439.0,448.0,-0.465,-0.47,-0.474,-0.478,-0.48,-0.482,-0.484,-0.484,-0.484,-0.483,-0.482,-0.48,-0.456,-0.416,-0.364,-0.302,-0.16,-0.005,0.153,0.308,0.457,0.596,0.725,1.227
439.0,449.0,-0.528,-0.533,-0.537,-0.54,-0.543,-0.544,-0.545,-0.546,-0.545,-0.544,-0.542,-0.54,-0.515,-0.474,-0.42,-0.356,-0.211,-0.052,0.109,0.268,0.419,0.561,0.693,1.204
439.0,450.0,-0.59,-0.595,-0.598,-0.602,-0.604,-0.605,-0.606,-0.606,-0.606,-0.604,-0.602,-0.6,-0.573,-0.53,-0.475,-0.409,-0.26,-0.098,0.067,0.228,0.382,0.527,0.661,1.181
439.0,451.0,-0.651,-0.656,-0.659,-0.662,-0.664,-0.665,-0.666,-0.666,-0.665,-0.663,-0.661,-0.659,-0.63,-0.586,-0.528,-0.461,-0.309,-0.143,0.025,0.189,0.346,0.493,0.629,1.158
440.0,441.0,-0.031,-0.025,-0.018,-0.011,-0.003,0.004,0.013,0.021,0.03,0.039,0.049,0.058,0.121,0.191,0.264,0.339,0.492,0.642,0.783,0.914,1.034,1.143,1.241,1.602
440.0,442.0,-0.052,-0.05,-0.047,-0.044,-0.04,-0.036,-0.031,-0.026,-0.02,-0.014,-0.008,-0.001,0.047,0.105,0.169,0.238,0.382,0.529,0.671,0.805,0.929,1.043,1.147,1.533
440.0,443.0,-0.086,-0.087,-0.087,-0.086,-0.085,-0.083,-0.081,-0.078,-0.074,-0.07,-0.066,-0.061,-0.023,0.026,0.084,0.148,0.287,0.431,0.573,0.71,0.837,0.955,1.064,1.472
440.0,444.0,-0.13,-0.133,-0.134,-0.135,-0.136,-0.135,-0.134,-0.133,-0.131,-0.128,-0.125,-0.121,-0.091,-0.047,0.007,0.068,0.204,0.347,0.491,0.629,0.76,0.882,0.994,1.42
440.0,445.0,-0.18,-0.184,-0.187,-0.189,-0.19,-0.191,-0.191,-0.19,-0.189,-0.187,-0.185,-0.182,-0.155,-0.114,-0.063,-0.003,0.131,0.275,0.42,0.561,0.695,0.82,0.935,1.377
440.0,446.0,-0.235,-0.239,-0.242,-0.245,-0.247,-0.248,-0.249,-0.249,-0.248,-0.247,-0.245,-0.242,-0.218,-0.179,-0.128,-0.069,0.066,0.211,0.358,0.502,0.639,0.767,0.885,1.341
440.0,447.0,-0.291,-0.296,-0.3,-0.303,-0.305,-0.307,-0.307,-0.308,-0.307,-0.306,-0.305,-0.302,-0.279,-0.24,-0.189,-0.13,0.006,0.153,0.303,0.45,0.589,0.72,0.841,1.309
440.0,448.0,-0.349,-0.354,-0.358,-0.361,-0.364,-0.365,-0.366,-0.367,-0.366,-0.366,-0.364,-0.362,-0.338,-0.299,-0.248,-0.188,-0.05,0.1,0.253,0.402,0.545,0.678,0.802,1.281
440.0,449.0,-0.408,-0.413,-0.417,-0.42,-0.423,-0.424,-0.425,-0.426,-0.425,-0.424,-0.423,-0.42,-0.396,-0.356,-0.304,-0.243,-0.103,0.05,0.206,0.358,0.503,0.639,0.766,1.255
440.0,450.0,-0.467,-0.471,-0.475,-0.479,-0.481,-0.483,-0.484,-0.484,-0.483,-0.482,-0.48,-0.478,-0.453,-0.412,-0.359,-0.296,-0.153,0.003,0.161,0.316,0.464,0.603,0.732,1.23
440.0,451.0,-0.525,-0.53,-0.534,-0.537,-0.539,-0.54,-0.541,-0.541,-0.541,-0.539,-0.538,-0.535,-0.509,-0.467,-0.412,-0.348,-0.202,-0.043,0.119,0.276,0.427,0.568,0.699,1.205
440.0,452.0,-0.583,-0.587,-0.591,-0.594,-0.596,-0.597,-0.598,-0.598,-0.597,-0.596,-0.594,-0.591,-0.564,-0.52,-0.464,-0.398,-0.249,-0.087,0.077,0.237,0.39,0.534,0.667,1.181
441.0,442.0,-0.07,-0.057,-0.044,-0.031,-0.018,-0.004,0.01,0.024,0.038,0.052,0.067,0.081,0.171,0.263,0.356,0.448,0.626,0.792,0.945,1.083,1.206,1.317,1.415,1.767
441.0,443.0,-0.073,-0.066,-0.059,-0.052,-0.044,-0.035,-0.026,-0.017,-0.008,0.002,0.012,0.023,0.091,0.166,0.246,0.328,0.495,0.656,0.809,0.949,1.078,1.194,1.298,1.678
441.0,444.0,-0.093,-0.091,-0.088,-0.084,-0.08,-0.075,-0.07,-0.064,-0.058,-0.051,-0.044,-0.037,0.016,0.079,0.148,0.223,0.379,0.536,0.688,0.83,0.962,1.082,1.191,1.595
441.0,445.0,-0.127,-0.127,-0.127,-0.126,-0.124,-0.122,-0.119,-0.115,-0.111,-0.107,-0.102,-0.096,-0.055,-0.001,0.062,0.131,0.28,0.434,0.585,0.729,0.863,0.987,1.1,1.523
441.0,446.0,-0.17,-0.172,-0.173,-0.174,-0.174,-0.173,-0.172,-0.17,-0.167,-0.164,-0.161,-0.157,-0.122,-0.074,-0.016,0.05,0.194,0.346,0.497,0.643,0.779,0.906,1.022,1.461
441.0,447.0,-0.219,-0.222,-0.225,-0.226,-0.228,-0.228,-0.228,-0.227,-0.225,-0.223,-0.22,-0.217,-0.187,-0.142,-0.087,-0.024,0.118,0.27,0.422,0.569,0.707,0.837,0.956,1.409
441.0,448.0,-0.272,-0.276,-0.279,-0.282,-0.284,-0.285,-0.285,-0.285,-0.284,-0.282,-0.28,-0.277,-0.25,-0.208,-0.154,-0.091,0.05,0.202,0.355,0.504,0.645,0.776,0.898,1.363
441.0,449.0,-0.328,-0.333,-0.336,-0.339,-0.341,-0.343,-0.344,-0.344,-0.343,-0.342,-0.34,-0.337,-0.312,-0.27,-0.217,-0.155,-0.014,0.139,0.294,0.445,0.588,0.722,0.846,1.323
441.0,450.0,-0.386,-0.391,-0.395,-0.398,-0.4,-0.402,-0.403,-0.403,-0.402,-0.401,-0.4,-0.397,-0.372,-0.331,-0.278,-0.216,-0.073,0.081,0.238,0.391,0.537,0.673,0.799,1.285
441.0,451.0,-0.444,-0.449,-0.453,-0.457,-0.459,-0.461,-0.462,-0.462,-0.462,-0.461,-0.459,-0.457,-0.432,-0.39,-0.337,-0.274,-0.13,0.027,0.185,0.341,0.488,0.627,0.755,1.25
441.0,452.0,-0.503,-0.508,-0.512,-0.516,-0.518,-0.52,-0.521,-0.521,-0.521,-0.52,-0.518,-0.515,-0.49,-0.448,-0.394,-0.33,-0.185,-0.026,0.135,0.292,0.442,0.583,0.713,1.215
441.0,453.0,-0.562,-0.567,-0.571,-0.574,-0.577,-0.578,-0.579,-0.579,-0.579,-0.578,-0.576,-0.574,-0.548,-0.505,-0.45,-0.386,-0.238,-0.077,0.086,0.245,0.397,0.54,0.672,1.182
442.0,443.0,-0.058,-0.035,-0.012,0.011,0.033,0.055,0.077,0.099,0.12,0.142,0.163,0.183,0.304,0.416,0.521,0.619,0.794,0.945,1.075,1.187,1.284,1.367,1.44,1.687
442.0,444.0,-0.03,-0.018,-0.005,0.009,0.022,0.035,0.049,0.062,0.076,0.09,0.104,0.118,0.202,0.287,0.371,0.454,0.611,0.756,0.888,1.005,1.11,1.203,1.286,1.577
442.0,445.0,-0.032,-0.026,-0.02,-0.013,-0.006,0.001,0.009,0.017,0.025,0.034,0.043,0.052,0.111,0.176,0.245,0.315,0.458,0.597,0.728,0.849,0.96,1.06,1.15,1.479
442.0,446.0,-0.054,-0.053,-0.051,-0.048,-0.045,-0.042,-0.038,-0.034,-0.029,-0.024,-0.019,-0.013,0.029,0.08,0.138,0.2,0.332,0.466,0.597,0.721,0.835,0.941,1.037,1.395
442.0,447.0,-0.09,-0.092,-0.093,-0.093,-0.093,-0.092,-0.091,-0.089,-0.087,-0.084,-0.081,-0.077,-0.047,-0.005,0.046,0.102,0.227,0.359,0.489,0.615,0.733,0.843,0.944,1.325
442.0,448.0,-0.137,-0.14,-0.143,-0.145,-0.147,-0.148,-0.148,-0.148,-0.147,-0.146,-0.144,-0.142,-0.119,-0.083,-0.037,0.017,0.138,0.268,0.4,0.528,0.649,0.763,0.867,1.269
442.0,449.0,-0.19,-0.195,-0.199,-0.202,-0.205,-0.207,-0.208,-0.209,-0.209,-0.209,-0.208,-0.206,-0.188,-0.155,-0.111,-0.06,0.06,0.191,0.324,0.454,0.579,0.696,0.804,1.222
442.0,450.0,-0.247,-0.253,-0.258,-0.262,-0.265,-0.268,-0.27,-0.271,-0.272,-0.272,-0.271,-0.27,-0.254,-0.223,-0.181,-0.13,-0.01,0.122,0.257,0.391,0.518,0.638,0.75,1.183
442.0,451.0,-0.307,-0.313,-0.319,-0.323,-0.327,-0.33,-0.332,-0.334,-0.335,-0.335,-0.335,-0.334,-0.319,-0.289,-0.247,-0.195,-0.074,0.06,0.198,0.334,0.465,0.588,0.703,1.149
442.0,452.0,-0.369,-0.375,-0.381,-0.385,-0.389,-0.393,-0.395,-0.397,-0.398,-0.398,-0.398,-0.398,-0.383,-0.352,-0.309,-0.257,-0.134,0.003,0.144,0.283,0.417,0.543,0.661,1.119
442.0,453.0,-0.432,-0.438,-0.443,-0.448,-0.452,-0.455,-0.458,-0.46,-0.461,-0.461,-0.461,-0.46,-0.445,-0.414,-0.37,-0.316,-0.191,-0.051,0.094,0.236,0.373,0.502,0.622,1.091
442.0,454.0,-0.494,-0.501,-0.506,-0.511,-0.514,-0.518,-0.52,-0.522,-0.523,-0.523,-0.523,-0.522,-0.506,-0.473,-0.428,-0.373,-0.245,-0.101,0.046,0.191,0.331,0.463,0.586,1.065
443.0,444.0,-0.026,-0.002,0.021,0.044,0.066,0.088,0.11,0.131,0.152,0.173,0.193,0.213,0.327,0.431,0.525,0.611,0.761,0.886,0.992,1.08,1.155,1.22,1.275,1.458
443.0,445.0,0.009,0.02,0.032,0.044,0.056,0.068,0.08,0.092,0.104,0.116,0.128,0.14,0.213,0.284,0.355,0.423,0.552,0.67,0.776,0.871,0.955,1.031,1.097,1.333
443.0,446.0,0.01,0.014,0.019,0.023,0.028,0.034,0.039,0.045,0.051,0.057,0.064,0.071,0.115,0.164,0.217,0.272,0.384,0.495,0.601,0.699,0.79,0.873,0.948,1.226
443.0,447.0,-0.012,-0.013,-0.013,-0.013,-0.012,-0.011,-0.01,-0.008,-0.006,-0.003,-0.0,0.003,0.028,0.063,0.104,0.15,0.25,0.356,0.461,0.562,0.657,0.745,0.827,1.138
443.0,448.0,-0.051,-0.055,-0.058,-0.061,-0.063,-0.065,-0.066,-0.067,-0.067,-0.067,-0.066,-0.065,-0.052,-0.027,0.007,0.047,0.14,0.242,0.347,0.451,0.55,0.643,0.73,1.067
443.0,449.0,-0.101,-0.107,-0.112,-0.117,-0.121,-0.124,-0.127,-0.13,-0.132,-0.133,-0.134,-0.134,-0.128,-0.109,-0.08,-0.043,0.046,0.148,0.254,0.36,0.463,0.56,0.652,1.011
443.0,450.0,-0.159,-0.167,-0.173,-0.179,-0.184,-0.188,-0.192,-0.195,-0.198,-0.2,-0.202,-0.203,-0.201,-0.185,-0.159,-0.123,-0.035,0.068,0.176,0.285,0.392,0.493,0.588,0.967
443.0,451.0,-0.223,-0.23,-0.237,-0.244,-0.249,-0.254,-0.259,-0.263,-0.266,-0.269,-0.271,-0.272,-0.272,-0.258,-0.232,-0.197,-0.107,-0.003,0.109,0.221,0.331,0.436,0.535,0.931
443.0,452.0,-0.288,-0.297,-0.304,-0.311,-0.317,-0.322,-0.327,-0.331,-0.334,-0.337,-0.339,-0.341,-0.342,-0.327,-0.301,-0.265,-0.174,-0.066,0.049,0.165,0.279,0.388,0.491,0.902
443.0,453.0,-0.356,-0.364,-0.372,-0.378,-0.384,-0.39,-0.395,-0.399,-0.402,-0.405,-0.407,-0.409,-0.409,-0.394,-0.367,-0.329,-0.235,-0.124,-0.005,0.115,0.233,0.345,0.451,0.876
443.0,454.0,-0.424,-0.432,-0.439,-0.446,-0.452,-0.457,-0.462,-0.466,-0.469,-0.472,-0.474,-0.476,-0.475,-0.459,-0.43,-0.391,-0.292,-0.177,-0.054,0.07,0.191,0.307,0.416,0.854
443.0,455.0,-0.491,-0.5,-0.507,-0.513,-0.519,-0.524,-0.529,-0.533,-0.536,-0.538,-0.54,-0.542,-0.539,-0.521,-0.49,-0.449,-0.347,-0.228,-0.101,0.027,0.152,0.271,0.383,0.833
444.0,445.0,0.064,0.09,0.116,0.141,0.165,0.189,0.213,0.236,0.259,0.281,0.303,0.325,0.445,0.552,0.648,0.734,0.88,0.999,1.095,1.175,1.241,1.297,1.344,1.497
444.0,446.0,0.092,0.106,0.12,0.134,0.147,0.161,0.175,0.188,0.202,0.215,0.229,0.242,0.32,0.396,0.468,0.537,0.664,0.777,0.877,0.965,1.042,1.11,1.17,1.378
444.0,447.0,0.088,0.094,0.099,0.106,0.112,0.119,0.126,0.133,0.14,0.147,0.155,0.163,0.212,0.265,0.32,0.376,0.487,0.595,0.696,0.789,0.874,0.951,1.02,1.273
444.0,448.0,0.06,0.06,0.061,0.063,0.064,0.066,0.069,0.072,0.075,0.078,0.082,0.086,0.116,0.154,0.197,0.244,0.344,0.447,0.549,0.646,0.736,0.82,0.896,1.184
444.0,449.0,0.015,0.012,0.01,0.008,0.007,0.006,0.006,0.006,0.006,0.007,0.009,0.01,0.028,0.055,0.091,0.132,0.225,0.326,0.428,0.528,0.623,0.712,0.794,1.111
444.0,450.0,-0.041,-0.046,-0.051,-0.054,-0.057,-0.06,-0.062,-0.064,-0.065,-0.066,-0.066,-0.066,-0.056,-0.035,-0.004,0.034,0.124,0.224,0.328,0.431,0.53,0.623,0.71,1.051
444.0,451.0,-0.105,-0.112,-0.117,-0.122,-0.126,-0.13,-0.133,-0.136,-0.138,-0.14,-0.141,-0.142,-0.137,-0.119,-0.09,-0.054,0.035,0.136,0.242,0.348,0.451,0.549,0.641,1.002
444.0,452.0,-0.175,-0.182,-0.188,-0.193,-0.199,-0.203,-0.207,-0.21,-0.213,-0.215,-0.216,-0.218,-0.215,-0.198,-0.171,-0.135,-0.045,0.058,0.168,0.277,0.384,0.486,0.582,0.961
444.0,453.0,-0.247,-0.254,-0.261,-0.267,-0.272,-0.277,-0.281,-0.285,-0.288,-0.29,-0.292,-0.293,-0.291,-0.275,-0.247,-0.211,-0.119,-0.012,0.101,0.215,0.325,0.431,0.531,0.926
444.0,454.0,-0.321,-0.328,-0.335,-0.341,-0.347,-0.351,-0.356,-0.359,-0.362,-0.365,-0.367,-0.368,-0.366,-0.349,-0.32,-0.282,-0.187,-0.077,0.04,0.158,0.273,0.382,0.485,0.895
444.0,455.0,-0.395,-0.403,-0.41,-0.416,-0.421,-0.426,-0.43,-0.434,-0.436,-0.439,-0.441,-0.442,-0.439,-0.42,-0.39,-0.351,-0.252,-0.137,-0.016,0.105,0.224,0.337,0.443,0.867
444.0,456.0,-0.47,-0.477,-0.484,-0.49,-0.495,-0.5,-0.504,-0.507,-0.51,-0.512,-0.514,-0.515,-0.51,-0.49,-0.458,-0.417,-0.314,-0.195,-0.07,0.056,0.178,0.295,0.404,0.841
445.0,446.0,0.345,0.379,0.411,0.443,0.473,0.503,0.532,0.561,0.588,0.615,0.641,0.666,0.804,0.922,1.022,1.107,1.243,1.343,1.418,1.475,1.519,1.553,1.58,1.657
445.0,447.0,0.397,0.415,0.432,0.45,0.467,0.483,0.5,0.516,0.532,0.548,0.563,0.579,0.665,0.744,0.816,0.881,0.995,1.091,1.171,1.238,1.296,1.345,1.387,1.527
445.0,448.0,0.409,0.416,0.424,0.432,0.44,0.447,0.455,0.463,0.472,0.48,0.488,0.496,0.546,0.597,0.648,0.699,0.795,0.885,0.967,1.042,1.108,1.168,1.221,1.412
445.0,449.0,0.392,0.393,0.394,0.396,0.398,0.4,0.402,0.405,0.408,0.411,0.414,0.418,0.444,0.476,0.512,0.551,0.634,0.719,0.802,0.88,0.954,1.021,1.082,1.313
445.0,450.0,0.355,0.351,0.348,0.346,0.344,0.342,0.341,0.34,0.34,0.34,0.34,0.341,0.351,0.37,0.397,0.428,0.502,0.584,0.667,0.749,0.827,0.9,0.968,1.231
445.0,451.0,0.303,0.296,0.291,0.286,0.281,0.277,0.274,0.271,0.268,0.266,0.265,0.263,0.263,0.275,0.295,0.322,0.391,0.47,0.555,0.64,0.722,0.8,0.874,1.163
445.0,452.0,0.24,0.233,0.225,0.219,0.213,0.207,0.202,0.198,0.194,0.191,0.188,0.185,0.179,0.186,0.203,0.227,0.294,0.374,0.46,0.548,0.635,0.717,0.795,1.107
445.0,453.0,0.172,0.163,0.155,0.147,0.14,0.134,0.128,0.123,0.118,0.114,0.11,0.107,0.098,0.102,0.117,0.141,0.207,0.289,0.378,0.47,0.56,0.647,0.729,1.06
445.0,454.0,0.099,0.09,0.081,0.073,0.065,0.058,0.052,0.046,0.041,0.037,0.033,0.029,0.018,0.022,0.036,0.06,0.128,0.213,0.305,0.401,0.495,0.586,0.673,1.021
445.0,455.0,0.024,0.014,0.005,-0.003,-0.011,-0.018,-0.024,-0.03,-0.035,-0.04,-0.044,-0.048,-0.059,-0.056,-0.04,-0.015,0.055,0.143,0.24,0.339,0.438,0.533,0.623,0.987
445.0,456.0,-0.052,-0.062,-0.071,-0.08,-0.087,-0.095,-0.101,-0.107,-0.112,-0.117,-0.121,-0.124,-0.135,-0.13,-0.114,-0.087,-0.013,0.079,0.179,0.283,0.385,0.484,0.578,0.956
445.0,457.0,-0.129,-0.139,-0.148,-0.156,-0.164,-0.171,-0.177,-0.182,-0.188,-0.192,-0.196,-0.199,-0.209,-0.203,-0.184,-0.156,-0.078,0.018,0.123,0.231,0.337,0.439,0.536,0.928
446.0,447.0,0.559,0.596,0.631,0.665,0.698,0.73,0.761,0.791,0.82,0.848,0.875,0.901,1.041,1.156,1.249,1.325,1.438,1.512,1.562,1.594,1.614,1.627,1.636,1.645
446.0,448.0,0.627,0.646,0.665,0.684,0.702,0.72,0.738,0.754,0.771,0.787,0.803,0.818,0.904,0.978,1.043,1.1,1.193,1.266,1.323,1.368,1.405,1.435,1.459,1.535
446.0,449.0,0.651,0.659,0.668,0.676,0.684,0.692,0.7,0.708,0.717,0.725,0.733,0.741,0.788,0.833,0.877,0.919,0.996,1.065,1.126,1.181,1.228,1.27,1.307,1.437
446.0,450.0,0.644,0.645,0.646,0.648,0.649,0.651,0.653,0.656,0.658,0.661,0.664,0.667,0.688,0.713,0.742,0.773,0.837,0.902,0.965,1.025,1.081,1.131,1.178,1.351
446.0,451.0,0.615,0.611,0.608,0.605,0.602,0.6,0.598,0.596,0.595,0.594,0.594,0.594,0.597,0.609,0.628,0.651,0.706,0.768,0.833,0.897,0.958,1.016,1.069,1.277
446.0,452.0,0.569,0.562,0.556,0.55,0.545,0.54,0.535,0.531,0.528,0.525,0.522,0.519,0.512,0.516,0.527,0.545,0.595,0.656,0.723,0.79,0.856,0.92,0.979,1.215
446.0,453.0,0.512,0.503,0.495,0.487,0.48,0.473,0.467,0.462,0.457,0.452,0.448,0.444,0.43,0.428,0.436,0.451,0.499,0.56,0.629,0.7,0.771,0.839,0.904,1.165
446.0,454.0,0.447,0.437,0.427,0.419,0.41,0.403,0.396,0.389,0.383,0.378,0.373,0.368,0.35,0.345,0.351,0.365,0.413,0.476,0.548,0.623,0.699,0.771,0.841,1.123
446.0,455.0,0.377,0.366,0.356,0.347,0.338,0.33,0.322,0.315,0.308,0.302,0.297,0.292,0.272,0.266,0.271,0.286,0.335,0.401,0.477,0.556,0.636,0.713,0.787,1.088
446.0,456.0,0.304,0.293,0.282,0.272,0.263,0.255,0.247,0.24,0.233,0.227,0.221,0.216,0.196,0.19,0.196,0.211,0.263,0.333,0.413,0.497,0.581,0.662,0.74,1.058
446.0,457.0,0.229,0.218,0.207,0.197,0.188,0.18,0.172,0.164,0.158,0.152,0.146,0.141,0.121,0.116,0.123,0.14,0.196,0.27,0.355,0.443,0.531,0.617,0.699,1.033
446.0,458.0,0.154,0.143,0.132,0.122,0.113,0.105,0.097,0.09,0.083,0.077,0.072,0.067,0.048,0.045,0.054,0.073,0.133,0.212,0.3,0.393,0.486,0.575,0.661,1.01
447.0,448.0,0.864,0.941,1.015,1.085,1.152,1.216,1.277,1.336,1.392,1.445,1.496,1.544,1.789,1.969,2.099,2.188,2.281,2.299,2.274,2.228,2.171,2.11,2.051,1.81
447.0,449.0,1.094,1.141,1.186,1.23,1.271,1.311,1.349,1.386,1.421,1.454,1.486,1.517,1.674,1.792,1.88,1.943,2.016,2.042,2.04,2.021,1.994,1.963,1.932,1.798
447.0,450.0,1.268,1.293,1.317,1.34,1.362,1.383,1.404,1.424,1.443,1.462,1.48,1.497,1.587,1.659,1.715,1.759,1.819,1.852,1.868,1.873,1.872,1.867,1.859,1.816
447.0,451.0,1.399,1.408,1.418,1.427,1.436,1.445,1.453,1.462,1.47,1.478,1.486,1.493,1.535,1.572,1.604,1.632,1.678,1.714,1.742,1.764,1.782,1.796,1.808,1.844
447.0,452.0,1.495,1.495,1.495,1.494,1.495,1.495,1.495,1.496,1.496,1.497,1.498,1.499,1.507,1.519,1.533,1.549,1.583,1.62,1.655,1.69,1.722,1.752,1.779,1.882
447.0,453.0,1.565,1.557,1.551,1.544,1.538,1.533,1.527,1.522,1.518,1.514,1.51,1.507,1.492,1.486,1.488,1.496,1.523,1.56,1.602,1.647,1.691,1.733,1.773,1.932
447.0,454.0,1.612,1.6,1.589,1.578,1.568,1.559,1.55,1.542,1.534,1.527,1.52,1.513,1.484,1.467,1.461,1.464,1.488,1.528,1.577,1.63,1.685,1.738,1.789,1.996
447.0,455.0,1.642,1.627,1.613,1.6,1.588,1.576,1.564,1.554,1.544,1.534,1.526,1.517,1.479,1.456,1.447,1.448,1.473,1.518,1.574,1.637,1.701,1.764,1.825,2.074
447.0,456.0,1.659,1.642,1.627,1.612,1.598,1.584,1.572,1.56,1.549,1.538,1.528,1.519,1.476,1.452,1.441,1.443,1.472,1.525,1.59,1.662,1.735,1.807,1.877,2.162
447.0,457.0,1.666,1.648,1.632,1.616,1.601,1.587,1.574,1.561,1.55,1.539,1.529,1.519,1.475,1.451,1.443,1.447,1.484,1.545,1.62,1.701,1.784,1.865,1.943,2.26
447.0,458.0,1.665,1.647,1.63,1.614,1.599,1.585,1.572,1.559,1.548,1.537,1.527,1.518,1.475,1.454,1.45,1.458,1.504,1.576,1.661,1.752,1.844,1.933,2.018,2.363
447.0,459.0,1.659,1.642,1.625,1.609,1.594,1.58,1.567,1.555,1.544,1.534,1.524,1.515,1.477,1.46,1.461,1.475,1.533,1.615,1.711,1.811,1.912,2.009,2.101,2.47
448.0,449.0,1.451,1.547,1.638,1.724,1.805,1.882,1.955,2.023,2.088,2.15,2.208,2.262,2.532,2.72,2.849,2.937,3.028,3.057,3.055,3.039,3.018,2.997,2.977,2.903
448.0,450.0,1.865,1.925,1.981,2.035,2.087,2.136,2.183,2.228,2.271,2.312,2.35,2.388,2.577,2.719,2.826,2.907,3.014,3.074,3.108,3.127,3.137,3.143,3.147,3.15
448.0,451.0,2.188,2.22,2.25,2.28,2.309,2.337,2.364,2.39,2.416,2.441,2.465,2.488,2.614,2.721,2.81,2.886,3.007,3.096,3.164,3.216,3.257,3.29,3.317,3.398
448.0,452.0,2.439,2.452,2.465,2.478,2.492,2.505,2.518,2.531,2.545,2.558,2.572,2.585,2.665,2.742,2.816,2.886,3.014,3.125,3.22,3.3,3.369,3.427,3.477,3.64
448.0,453.0,2.626,2.627,2.629,2.632,2.635,2.638,2.643,2.647,2.653,2.658,2.665,2.671,2.718,2.775,2.838,2.903,3.036,3.163,3.28,3.385,3.478,3.56,3.631,3.875
448.0,454.0,2.756,2.75,2.744,2.74,2.737,2.734,2.733,2.732,2.732,2.733,2.735,2.737,2.764,2.809,2.865,2.929,3.069,3.212,3.349,3.476,3.592,3.694,3.786,4.107
448.0,455.0,2.833,2.822,2.813,2.804,2.797,2.791,2.787,2.783,2.78,2.779,2.778,2.778,2.795,2.835,2.89,2.957,3.109,3.269,3.427,3.575,3.711,3.834,3.944,4.336
448.0,456.0,2.863,2.85,2.838,2.828,2.819,2.812,2.805,2.801,2.797,2.794,2.793,2.792,2.807,2.848,2.908,2.982,3.151,3.332,3.511,3.681,3.837,3.979,4.107,4.565
448.0,457.0,2.851,2.837,2.825,2.814,2.805,2.798,2.791,2.787,2.783,2.781,2.78,2.78,2.8,2.848,2.917,3.001,3.193,3.398,3.6,3.792,3.969,4.129,4.273,4.792
448.0,458.0,2.802,2.789,2.777,2.767,2.759,2.753,2.748,2.744,2.742,2.741,2.741,2.743,2.773,2.834,2.917,3.014,3.234,3.465,3.692,3.906,4.103,4.281,4.441,5.014
448.0,459.0,2.721,2.709,2.7,2.692,2.686,2.681,2.678,2.677,2.677,2.678,2.68,2.684,2.73,2.807,2.906,3.019,3.271,3.532,3.785,4.021,4.237,4.432,4.607,5.228
448.0,460.0,2.613,2.604,2.596,2.591,2.588,2.586,2.586,2.587,2.59,2.594,2.6,2.607,2.672,2.768,2.886,3.018,3.304,3.596,3.875,4.134,4.369,4.58,4.768,5.433
449.0,450.0,1.253,1.334,1.41,1.483,1.552,1.618,1.68,1.74,1.796,1.85,1.901,1.95,2.193,2.371,2.5,2.593,2.704,2.756,2.775,2.778,2.773,2.764,2.755,2.713
449.0,451.0,1.403,1.462,1.519,1.573,1.624,1.673,1.721,1.766,1.809,1.85,1.889,1.927,2.119,2.266,2.377,2.461,2.572,2.633,2.666,2.683,2.691,2.694,2.694,2.683
449.0,452.0,1.516,1.559,1.601,1.641,1.679,1.716,1.751,1.786,1.818,1.85,1.88,1.909,2.062,2.182,2.277,2.352,2.459,2.527,2.57,2.598,2.617,2.629,2.638,2.656
449.0,453.0,1.599,1.631,1.661,1.691,1.72,1.747,1.774,1.8,1.825,1.849,1.873,1.896,2.016,2.116,2.197,2.264,2.366,2.437,2.487,2.523,2.55,2.57,2.586,2.63
449.0,454.0,1.657,1.681,1.704,1.726,1.747,1.768,1.789,1.809,1.828,1.847,1.865,1.883,1.98,2.062,2.132,2.192,2.289,2.361,2.416,2.458,2.492,2.519,2.541,2.607
449.0,455.0,1.696,1.713,1.731,1.747,1.764,1.78,1.795,1.811,1.826,1.841,1.855,1.869,1.948,2.017,2.079,2.133,2.224,2.297,2.355,2.403,2.442,2.474,2.501,2.588
449.0,456.0,1.719,1.732,1.745,1.758,1.77,1.783,1.795,1.807,1.819,1.831,1.842,1.854,1.918,1.978,2.032,2.082,2.17,2.243,2.304,2.356,2.399,2.436,2.467,2.571
449.0,457.0,1.73,1.74,1.75,1.759,1.769,1.779,1.788,1.798,1.807,1.817,1.826,1.836,1.89,1.943,1.992,2.039,2.123,2.197,2.261,2.316,2.363,2.404,2.439,2.559
449.0,458.0,1.731,1.739,1.746,1.754,1.761,1.769,1.777,1.784,1.792,1.8,1.808,1.816,1.863,1.91,1.955,2.0,2.083,2.157,2.224,2.282,2.333,2.377,2.416,2.549
449.0,459.0,1.725,1.731,1.737,1.743,1.749,1.755,1.761,1.767,1.774,1.781,1.787,1.794,1.836,1.879,1.922,1.965,2.047,2.123,2.192,2.253,2.307,2.355,2.396,2.541
449.0,460.0,1.713,1.718,1.722,1.727,1.732,1.737,1.742,1.748,1.753,1.759,1.765,1.771,1.809,1.849,1.891,1.933,2.016,2.093,2.164,2.228,2.285,2.336,2.38,2.536
449.0,461.0,1.697,1.701,1.704,1.708,1.712,1.716,1.721,1.726,1.731,1.736,1.741,1.746,1.782,1.821,1.862,1.904,1.987,2.067,2.14,2.207,2.267,2.32,2.367,2.533
450.0,451.0,2.08,2.139,2.194,2.247,2.297,2.344,2.388,2.431,2.471,2.508,2.544,2.577,2.742,2.856,2.933,2.983,3.027,3.03,3.013,2.987,2.96,2.933,2.908,2.818
450.0,452.0,2.189,2.23,2.27,2.307,2.343,2.377,2.41,2.441,2.47,2.498,2.524,2.549,2.675,2.766,2.831,2.875,2.923,2.937,2.934,2.921,2.905,2.889,2.872,2.809
450.0,453.0,2.266,2.295,2.324,2.351,2.377,2.401,2.425,2.447,2.469,2.489,2.509,2.528,2.623,2.695,2.748,2.787,2.834,2.855,2.861,2.859,2.852,2.844,2.836,2.798
450.0,454.0,2.318,2.339,2.359,2.378,2.397,2.415,2.432,2.448,2.464,2.479,2.493,2.507,2.579,2.636,2.679,2.712,2.757,2.782,2.796,2.801,2.803,2.802,2.8,2.787
450.0,455.0,2.35,2.364,2.379,2.392,2.405,2.418,2.43,2.442,2.454,2.465,2.475,2.486,2.54,2.584,2.62,2.649,2.691,2.719,2.738,2.75,2.759,2.764,2.768,2.775
450.0,456.0,2.365,2.375,2.385,2.395,2.404,2.413,2.421,2.43,2.438,2.446,2.454,2.462,2.503,2.538,2.568,2.593,2.634,2.664,2.687,2.705,2.719,2.73,2.739,2.765
450.0,457.0,2.368,2.375,2.381,2.388,2.394,2.4,2.406,2.412,2.418,2.424,2.429,2.435,2.466,2.495,2.52,2.543,2.583,2.616,2.643,2.665,2.684,2.7,2.713,2.757
450.0,458.0,2.361,2.365,2.369,2.373,2.377,2.381,2.385,2.39,2.394,2.398,2.402,2.406,2.43,2.454,2.476,2.498,2.538,2.573,2.603,2.63,2.653,2.673,2.691,2.75
450.0,459.0,2.345,2.348,2.35,2.353,2.355,2.358,2.361,2.363,2.366,2.369,2.372,2.375,2.394,2.415,2.435,2.456,2.497,2.534,2.568,2.599,2.626,2.65,2.672,2.745
450.0,460.0,2.324,2.325,2.326,2.327,2.329,2.331,2.332,2.334,2.336,2.338,2.34,2.343,2.359,2.377,2.397,2.417,2.459,2.499,2.537,2.572,2.603,2.631,2.655,2.742
450.0,461.0,2.298,2.298,2.299,2.299,2.3,2.3,2.302,2.303,2.304,2.306,2.307,2.309,2.323,2.34,2.359,2.38,2.424,2.468,2.509,2.548,2.582,2.613,2.641,2.739
450.0,462.0,2.269,2.268,2.268,2.268,2.268,2.268,2.269,2.27,2.271,2.272,2.273,2.275,2.287,2.304,2.324,2.346,2.392,2.439,2.484,2.526,2.564,2.598,2.629,2.738
451.0,452.0,2.7,2.711,2.721,2.731,2.74,2.748,2.756,2.764,2.771,2.777,2.783,2.789,2.815,2.831,2.838,2.839,2.83,2.811,2.789,2.767,2.745,2.725,2.707,2.641
451.0,453.0,2.723,2.73,2.736,2.743,2.749,2.755,2.76,2.765,2.77,2.775,2.779,2.783,2.803,2.817,2.825,2.83,2.831,2.825,2.815,2.805,2.794,2.783,2.774,2.736
451.0,454.0,2.73,2.735,2.739,2.744,2.748,2.752,2.755,2.759,2.762,2.766,2.769,2.772,2.788,2.8,2.81,2.817,2.826,2.831,2.832,2.833,2.832,2.83,2.829,2.821
451.0,455.0,2.728,2.73,2.733,2.736,2.738,2.741,2.743,2.746,2.748,2.751,2.753,2.755,2.769,2.781,2.792,2.802,2.82,2.834,2.847,2.857,2.866,2.873,2.879,2.9
451.0,456.0,2.716,2.718,2.719,2.72,2.722,2.723,2.725,2.727,2.729,2.73,2.732,2.734,2.746,2.759,2.773,2.786,2.813,2.837,2.86,2.88,2.898,2.914,2.928,2.976
451.0,457.0,2.698,2.698,2.699,2.699,2.7,2.701,2.702,2.703,2.705,2.706,2.708,2.709,2.721,2.736,2.752,2.77,2.805,2.84,2.873,2.903,2.93,2.954,2.975,3.049
451.0,458.0,2.674,2.673,2.673,2.673,2.674,2.674,2.675,2.676,2.677,2.678,2.68,2.681,2.694,2.711,2.731,2.752,2.797,2.842,2.885,2.924,2.96,2.991,3.02,3.119
451.0,459.0,2.645,2.644,2.644,2.643,2.643,2.644,2.644,2.645,2.646,2.647,2.649,2.651,2.665,2.685,2.708,2.734,2.789,2.844,2.897,2.945,2.989,3.028,3.062,3.185
451.0,460.0,2.613,2.612,2.611,2.61,2.61,2.61,2.611,2.612,2.613,2.614,2.616,2.618,2.635,2.658,2.686,2.716,2.781,2.846,2.908,2.965,3.016,3.062,3.103,3.247
451.0,461.0,2.578,2.576,2.575,2.575,2.574,2.575,2.575,2.576,2.578,2.579,2.582,2.584,2.603,2.63,2.662,2.697,2.772,2.847,2.918,2.983,3.042,3.095,3.142,3.307
451.0,462.0,2.54,2.538,2.537,2.537,2.537,2.537,2.538,2.539,2.541,2.543,2.546,2.548,2.571,2.602,2.638,2.678,2.763,2.847,2.927,3.0,3.067,3.126,3.178,3.362
451.0,463.0,2.5,2.499,2.498,2.498,2.498,2.499,2.5,2.501,2.503,2.506,2.509,2.512,2.538,2.573,2.614,2.659,2.753,2.846,2.935,3.016,3.089,3.154,3.212,3.414
452.0,453.0,3.115,3.141,3.164,3.187,3.208,3.228,3.246,3.263,3.28,3.295,3.309,3.322,3.382,3.416,3.431,3.433,3.408,3.364,3.312,3.26,3.21,3.163,3.122,2.974
452.0,454.0,3.188,3.205,3.222,3.237,3.252,3.265,3.278,3.29,3.301,3.311,3.32,3.329,3.367,3.387,3.393,3.388,3.359,3.317,3.269,3.222,3.177,3.136,3.099,2.967
452.0,455.0,3.239,3.25,3.261,3.271,3.28,3.289,3.297,3.304,3.311,3.317,3.323,3.328,3.349,3.358,3.356,3.347,3.316,3.276,3.232,3.19,3.15,3.114,3.081,2.964
452.0,456.0,3.271,3.278,3.284,3.29,3.295,3.3,3.305,3.309,3.312,3.315,3.318,3.32,3.329,3.328,3.321,3.309,3.276,3.238,3.199,3.161,3.126,3.094,3.066,2.964
452.0,457.0,3.289,3.292,3.295,3.297,3.299,3.301,3.303,3.304,3.305,3.306,3.307,3.307,3.305,3.297,3.286,3.271,3.238,3.203,3.167,3.134,3.104,3.077,3.052,2.966
452.0,458.0,3.294,3.294,3.294,3.294,3.294,3.293,3.293,3.292,3.291,3.29,3.289,3.288,3.278,3.265,3.251,3.235,3.202,3.169,3.138,3.11,3.084,3.061,3.04,2.969
452.0,459.0,3.289,3.287,3.285,3.283,3.28,3.278,3.276,3.274,3.271,3.269,3.266,3.264,3.248,3.232,3.215,3.199,3.167,3.137,3.11,3.086,3.065,3.046,3.03,2.972
452.0,460.0,3.275,3.271,3.267,3.264,3.26,3.257,3.253,3.25,3.246,3.243,3.239,3.236,3.216,3.197,3.18,3.163,3.133,3.107,3.084,3.064,3.047,3.033,3.02,2.977
452.0,461.0,3.254,3.249,3.244,3.239,3.235,3.23,3.226,3.221,3.217,3.213,3.209,3.205,3.182,3.162,3.144,3.127,3.1,3.077,3.059,3.043,3.031,3.02,3.011,2.982
452.0,462.0,3.227,3.221,3.216,3.21,3.205,3.199,3.194,3.189,3.184,3.18,3.175,3.171,3.146,3.125,3.107,3.092,3.067,3.049,3.035,3.024,3.016,3.009,3.004,2.988
452.0,463.0,3.196,3.19,3.183,3.177,3.171,3.165,3.16,3.154,3.149,3.144,3.139,3.134,3.109,3.088,3.071,3.057,3.036,3.022,3.012,3.006,3.001,2.999,2.997,2.994
452.0,464.0,3.161,3.154,3.148,3.141,3.135,3.129,3.123,3.117,3.112,3.107,3.102,3.097,3.071,3.051,3.035,3.022,3.005,2.995,2.99,2.988,2.988,2.989,2.991,3.001
453.0,454.0,3.7,3.75,3.797,3.841,3.881,3.92,3.955,3.988,4.019,4.048,4.074,4.099,4.208,4.268,4.292,4.29,4.242,4.164,4.078,3.993,3.915,3.846,3.784,3.576
453.0,455.0,3.818,3.862,3.902,3.94,3.975,4.008,4.038,4.066,4.093,4.117,4.139,4.16,4.251,4.299,4.316,4.311,4.263,4.19,4.11,4.033,3.962,3.899,3.844,3.658
453.0,456.0,3.915,3.952,3.987,4.019,4.049,4.077,4.103,4.127,4.15,4.171,4.19,4.207,4.286,4.326,4.34,4.336,4.292,4.227,4.156,4.087,4.024,3.968,3.919,3.751
453.0,457.0,3.995,4.027,4.057,4.084,4.111,4.135,4.157,4.178,4.198,4.216,4.233,4.248,4.317,4.353,4.366,4.362,4.325,4.269,4.207,4.147,4.091,4.041,3.997,3.847
453.0,458.0,4.06,4.088,4.115,4.139,4.162,4.184,4.204,4.222,4.24,4.256,4.271,4.284,4.346,4.379,4.392,4.391,4.361,4.313,4.26,4.208,4.16,4.116,4.077,3.945
453.0,459.0,4.115,4.14,4.164,4.186,4.207,4.226,4.244,4.261,4.276,4.291,4.304,4.317,4.374,4.406,4.42,4.421,4.399,4.36,4.315,4.271,4.229,4.192,4.158,4.043
453.0,460.0,4.161,4.184,4.206,4.226,4.245,4.263,4.279,4.295,4.309,4.323,4.336,4.347,4.402,4.433,4.449,4.453,4.438,4.408,4.371,4.335,4.3,4.268,4.24,4.142
453.0,461.0,4.201,4.222,4.242,4.261,4.279,4.296,4.311,4.326,4.34,4.353,4.365,4.376,4.429,4.462,4.479,4.486,4.48,4.457,4.429,4.4,4.371,4.346,4.322,4.241
453.0,462.0,4.236,4.256,4.275,4.293,4.31,4.326,4.341,4.355,4.368,4.381,4.393,4.404,4.457,4.491,4.511,4.522,4.523,4.509,4.489,4.466,4.444,4.424,4.405,4.34
453.0,463.0,4.267,4.286,4.305,4.322,4.338,4.354,4.369,4.383,4.396,4.408,4.42,4.431,4.485,4.521,4.545,4.559,4.568,4.563,4.55,4.534,4.518,4.503,4.489,4.439
453.0,464.0,4.295,4.314,4.332,4.349,4.366,4.381,4.396,4.41,4.423,4.435,4.447,4.458,4.514,4.553,4.58,4.599,4.616,4.618,4.613,4.604,4.594,4.583,4.574,4.538
453.0,465.0,4.322,4.341,4.359,4.376,4.392,4.408,4.422,4.436,4.45,4.462,4.474,4.486,4.544,4.587,4.618,4.64,4.665,4.676,4.677,4.675,4.67,4.665,4.659,4.637
454.0,455.0,4.317,4.332,4.347,4.36,4.372,4.383,4.393,4.401,4.409,4.416,4.422,4.427,4.444,4.443,4.427,4.404,4.343,4.276,4.211,4.152,4.1,4.054,4.014,3.882
454.0,456.0,4.354,4.365,4.374,4.383,4.391,4.398,4.404,4.409,4.414,4.418,4.421,4.424,4.43,4.421,4.403,4.378,4.319,4.256,4.196,4.141,4.092,4.049,4.012,3.888
454.0,457.0,4.378,4.385,4.391,4.396,4.4,4.404,4.407,4.41,4.412,4.414,4.415,4.416,4.412,4.398,4.376,4.35,4.292,4.232,4.176,4.125,4.08,4.041,4.006,3.891
454.0,458.0,4.391,4.395,4.397,4.4,4.402,4.403,4.404,4.404,4.405,4.404,4.404,4.403,4.391,4.373,4.349,4.322,4.265,4.208,4.156,4.109,4.067,4.031,4.0,3.894
454.0,459.0,4.395,4.396,4.396,4.396,4.396,4.395,4.394,4.393,4.392,4.39,4.388,4.386,4.368,4.346,4.32,4.293,4.237,4.184,4.135,4.092,4.054,4.021,3.993,3.897
454.0,460.0,4.391,4.389,4.388,4.386,4.384,4.382,4.379,4.377,4.374,4.371,4.368,4.365,4.343,4.318,4.291,4.264,4.21,4.16,4.115,4.076,4.041,4.012,3.986,3.9
454.0,461.0,4.379,4.377,4.374,4.37,4.367,4.364,4.36,4.356,4.353,4.349,4.345,4.341,4.315,4.288,4.261,4.234,4.183,4.137,4.096,4.06,4.029,4.002,3.979,3.903
454.0,462.0,4.363,4.359,4.354,4.35,4.346,4.341,4.337,4.332,4.328,4.323,4.319,4.314,4.286,4.258,4.231,4.205,4.156,4.114,4.076,4.044,4.017,3.993,3.973,3.906
454.0,463.0,4.341,4.336,4.331,4.326,4.321,4.315,4.31,4.305,4.3,4.295,4.29,4.285,4.255,4.227,4.2,4.175,4.13,4.091,4.057,4.029,4.005,3.984,3.967,3.909
454.0,464.0,4.316,4.31,4.304,4.298,4.293,4.287,4.281,4.276,4.27,4.265,4.259,4.254,4.223,4.195,4.169,4.145,4.103,4.068,4.039,4.014,3.993,3.976,3.961,3.913
454.0,465.0,4.288,4.281,4.275,4.268,4.262,4.256,4.25,4.244,4.238,4.233,4.227,4.222,4.191,4.163,4.138,4.116,4.077,4.046,4.021,4.0,3.982,3.968,3.955,3.916
454.0,466.0,4.256,4.249,4.243,4.236,4.23,4.223,4.217,4.211,4.205,4.199,4.194,4.188,4.157,4.13,4.107,4.086,4.052,4.025,4.003,3.986,3.971,3.96,3.95,3.919
455.0,456.0,4.669,4.647,4.625,4.604,4.583,4.563,4.543,4.523,4.504,4.485,4.467,4.449,4.347,4.257,4.177,4.105,3.984,3.887,3.808,3.743,3.69,3.645,3.608,3.489
455.0,457.0,4.616,4.595,4.574,4.554,4.534,4.515,4.496,4.477,4.459,4.441,4.424,4.407,4.312,4.227,4.152,4.085,3.973,3.882,3.809,3.749,3.7,3.659,3.625,3.514
455.0,458.0,4.558,4.537,4.517,4.497,4.478,4.459,4.441,4.423,4.405,4.388,4.371,4.354,4.262,4.182,4.111,4.048,3.942,3.859,3.792,3.738,3.693,3.657,3.626,3.528
455.0,459.0,4.497,4.477,4.457,4.438,4.419,4.4,4.382,4.365,4.348,4.331,4.314,4.298,4.21,4.132,4.065,4.005,3.907,3.831,3.77,3.721,3.682,3.649,3.622,3.538
455.0,460.0,4.436,4.416,4.396,4.377,4.359,4.341,4.323,4.306,4.289,4.273,4.257,4.241,4.156,4.082,4.018,3.962,3.871,3.801,3.747,3.704,3.669,3.641,3.618,3.546
455.0,461.0,4.374,4.354,4.335,4.316,4.298,4.281,4.263,4.247,4.23,4.215,4.199,4.184,4.102,4.032,3.971,3.919,3.836,3.772,3.724,3.686,3.656,3.632,3.613,3.554
455.0,462.0,4.312,4.292,4.274,4.255,4.238,4.221,4.204,4.188,4.172,4.157,4.142,4.127,4.049,3.982,3.925,3.877,3.8,3.744,3.701,3.669,3.644,3.624,3.608,3.561
455.0,463.0,4.249,4.231,4.212,4.195,4.178,4.161,4.145,4.129,4.114,4.099,4.085,4.071,3.996,3.933,3.88,3.835,3.766,3.716,3.679,3.652,3.631,3.615,3.603,3.568
455.0,464.0,4.188,4.169,4.152,4.135,4.118,4.102,4.086,4.071,4.057,4.042,4.029,4.015,3.944,3.885,3.835,3.794,3.732,3.688,3.657,3.635,3.619,3.607,3.598,3.575
455.0,465.0,4.126,4.109,4.092,4.075,4.059,4.043,4.028,4.014,4.0,3.986,3.973,3.96,3.893,3.837,3.792,3.755,3.699,3.662,3.636,3.619,3.607,3.599,3.593,3.58
455.0,466.0,4.066,4.049,4.032,4.016,4.001,3.986,3.971,3.957,3.944,3.931,3.918,3.906,3.842,3.791,3.749,3.715,3.667,3.635,3.615,3.603,3.595,3.59,3.588,3.586
455.0,467.0,4.006,3.989,3.973,3.958,3.943,3.929,3.915,3.902,3.889,3.876,3.865,3.853,3.793,3.745,3.707,3.677,3.635,3.61,3.595,3.587,3.583,3.582,3.583,3.591
456.0,457.0,4.653,4.636,4.619,4.603,4.587,4.571,4.556,4.541,4.526,4.511,4.497,4.483,4.405,4.336,4.275,4.22,4.127,4.053,3.992,3.943,3.902,3.868,3.84,3.748
456.0,458.0,4.601,4.586,4.57,4.555,4.54,4.525,4.511,4.497,4.483,4.47,4.457,4.444,4.372,4.308,4.252,4.202,4.117,4.049,3.995,3.95,3.913,3.883,3.857,3.775
456.0,459.0,4.551,4.537,4.522,4.508,4.494,4.48,4.467,4.454,4.441,4.428,4.416,4.404,4.337,4.278,4.227,4.181,4.104,4.042,3.993,3.953,3.921,3.894,3.871,3.799
456.0,460.0,4.503,4.489,4.476,4.462,4.449,4.436,4.424,4.412,4.4,4.388,4.376,4.365,4.303,4.249,4.202,4.16,4.09,4.035,3.991,3.956,3.927,3.904,3.884,3.821
456.0,461.0,4.457,4.444,4.431,4.418,4.406,4.394,4.383,4.371,4.36,4.349,4.338,4.328,4.271,4.221,4.178,4.14,4.077,4.028,3.989,3.959,3.934,3.913,3.896,3.843
456.0,462.0,4.413,4.4,4.388,4.376,4.365,4.354,4.343,4.332,4.322,4.312,4.302,4.292,4.24,4.194,4.155,4.12,4.064,4.021,3.988,3.961,3.94,3.922,3.908,3.864
456.0,463.0,4.37,4.358,4.347,4.336,4.325,4.315,4.305,4.295,4.285,4.276,4.267,4.258,4.21,4.168,4.132,4.102,4.052,4.015,3.986,3.964,3.946,3.932,3.92,3.884
456.0,464.0,4.329,4.318,4.308,4.297,4.287,4.278,4.268,4.259,4.25,4.242,4.233,4.225,4.181,4.143,4.111,4.084,4.041,4.009,3.985,3.966,3.952,3.94,3.931,3.903
456.0,465.0,4.29,4.279,4.27,4.26,4.251,4.242,4.233,4.225,4.217,4.209,4.201,4.193,4.153,4.119,4.091,4.067,4.03,4.003,3.984,3.969,3.958,3.949,3.942,3.922
456.0,466.0,4.252,4.242,4.233,4.224,4.216,4.207,4.199,4.192,4.184,4.177,4.17,4.163,4.126,4.096,4.072,4.051,4.02,3.998,3.983,3.972,3.963,3.957,3.953,3.94
456.0,467.0,4.215,4.206,4.198,4.19,4.182,4.174,4.167,4.16,4.153,4.146,4.14,4.134,4.101,4.074,4.053,4.036,4.01,3.993,3.982,3.974,3.969,3.965,3.963,3.957
456.0,468.0,4.18,4.172,4.164,4.156,4.149,4.142,4.135,4.129,4.123,4.117,4.111,4.105,4.076,4.053,4.035,4.021,4.001,3.988,3.981,3.977,3.974,3.973,3.973,3.974
457.0,458.0,4.872,4.831,4.791,4.753,4.716,4.68,4.645,4.611,4.578,4.546,4.514,4.484,4.32,4.182,4.066,3.968,3.817,3.708,3.63,3.573,3.532,3.501,3.478,3.42
457.0,459.0,4.748,4.713,4.678,4.644,4.611,4.579,4.548,4.518,4.489,4.46,4.432,4.406,4.259,4.136,4.032,3.944,3.807,3.709,3.638,3.586,3.548,3.519,3.498,3.446
457.0,460.0,4.634,4.601,4.569,4.538,4.508,4.479,4.451,4.423,4.397,4.371,4.345,4.321,4.188,4.076,3.982,3.903,3.78,3.692,3.629,3.584,3.551,3.526,3.508,3.465
457.0,461.0,4.529,4.499,4.469,4.441,4.413,4.386,4.36,4.335,4.31,4.286,4.263,4.241,4.119,4.017,3.932,3.861,3.751,3.673,3.618,3.579,3.551,3.53,3.515,3.481
457.0,462.0,4.433,4.405,4.377,4.351,4.325,4.301,4.276,4.253,4.23,4.208,4.187,4.166,4.055,3.962,3.885,3.821,3.723,3.654,3.607,3.573,3.55,3.533,3.521,3.496
457.0,463.0,4.345,4.319,4.293,4.269,4.245,4.222,4.2,4.178,4.157,4.137,4.117,4.098,3.996,3.911,3.842,3.784,3.696,3.637,3.596,3.568,3.548,3.535,3.526,3.509
457.0,464.0,4.264,4.239,4.216,4.193,4.171,4.15,4.129,4.109,4.09,4.071,4.053,4.035,3.942,3.864,3.801,3.749,3.672,3.62,3.585,3.562,3.547,3.537,3.53,3.52
457.0,465.0,4.189,4.166,4.144,4.123,4.103,4.083,4.064,4.045,4.027,4.01,3.993,3.977,3.891,3.821,3.764,3.717,3.649,3.604,3.575,3.557,3.545,3.538,3.534,3.531
457.0,466.0,4.119,4.098,4.078,4.058,4.039,4.021,4.003,3.986,3.969,3.953,3.938,3.923,3.844,3.78,3.729,3.687,3.627,3.589,3.565,3.551,3.543,3.538,3.536,3.541
457.0,467.0,4.055,4.035,4.016,3.998,3.98,3.963,3.947,3.931,3.915,3.901,3.886,3.873,3.8,3.742,3.696,3.659,3.606,3.575,3.556,3.545,3.54,3.538,3.538,3.549
457.0,468.0,3.995,3.976,3.958,3.941,3.925,3.909,3.894,3.879,3.865,3.851,3.838,3.825,3.759,3.706,3.664,3.632,3.587,3.56,3.546,3.539,3.537,3.538,3.54,3.557
457.0,469.0,3.938,3.921,3.904,3.888,3.873,3.858,3.844,3.83,3.817,3.804,3.792,3.78,3.719,3.672,3.634,3.606,3.567,3.546,3.536,3.533,3.534,3.537,3.541,3.563
458.0,459.0,5.042,5.02,4.998,4.976,4.955,4.934,4.914,4.893,4.873,4.854,4.834,4.815,4.707,4.609,4.519,4.437,4.295,4.176,4.077,3.995,3.925,3.866,3.816,3.65
458.0,460.0,4.986,4.964,4.941,4.919,4.897,4.876,4.855,4.834,4.814,4.794,4.775,4.756,4.647,4.55,4.462,4.383,4.246,4.134,4.042,3.965,3.901,3.847,3.802,3.653
458.0,461.0,4.928,4.905,4.882,4.859,4.838,4.816,4.795,4.774,4.754,4.734,4.715,4.696,4.589,4.493,4.408,4.331,4.202,4.097,4.011,3.94,3.882,3.833,3.792,3.658
458.0,462.0,4.866,4.843,4.82,4.798,4.776,4.754,4.733,4.713,4.693,4.673,4.654,4.635,4.53,4.437,4.354,4.281,4.158,4.06,3.981,3.917,3.864,3.82,3.783,3.664
458.0,463.0,4.802,4.779,4.756,4.734,4.712,4.691,4.67,4.65,4.63,4.611,4.592,4.573,4.47,4.38,4.301,4.231,4.116,4.025,3.952,3.893,3.846,3.806,3.773,3.67
458.0,464.0,4.737,4.713,4.691,4.669,4.647,4.626,4.606,4.586,4.566,4.547,4.529,4.511,4.41,4.324,4.248,4.182,4.073,3.989,3.923,3.87,3.828,3.793,3.764,3.674
458.0,465.0,4.67,4.647,4.624,4.603,4.581,4.561,4.541,4.521,4.502,4.483,4.465,4.448,4.351,4.267,4.195,4.133,4.032,3.954,3.894,3.847,3.81,3.78,3.755,3.679
458.0,466.0,4.602,4.579,4.557,4.536,4.515,4.495,4.475,4.456,4.437,4.419,4.402,4.385,4.291,4.211,4.143,4.084,3.99,3.92,3.866,3.825,3.793,3.767,3.746,3.683
458.0,467.0,4.534,4.511,4.49,4.469,4.449,4.429,4.41,4.391,4.373,4.355,4.338,4.322,4.232,4.155,4.091,4.036,3.95,3.886,3.839,3.803,3.775,3.754,3.737,3.687
458.0,468.0,4.465,4.444,4.423,4.402,4.382,4.363,4.345,4.327,4.309,4.292,4.275,4.259,4.173,4.101,4.04,3.989,3.91,3.853,3.812,3.781,3.758,3.741,3.727,3.69
458.0,469.0,4.398,4.376,4.356,4.336,4.317,4.298,4.28,4.262,4.246,4.229,4.213,4.198,4.115,4.047,3.99,3.943,3.871,3.821,3.785,3.76,3.742,3.728,3.718,3.692
458.0,470.0,4.33,4.309,4.289,4.27,4.251,4.233,4.216,4.199,4.183,4.167,4.152,4.137,4.058,3.994,3.941,3.897,3.833,3.789,3.76,3.739,3.725,3.716,3.709,3.695
459.0,460.0,4.819,4.772,4.727,4.684,4.642,4.601,4.562,4.524,4.487,4.452,4.417,4.384,4.206,4.06,3.941,3.844,3.7,3.606,3.544,3.504,3.48,3.465,3.456,3.452
459.0,461.0,4.664,4.623,4.583,4.544,4.506,4.47,4.435,4.401,4.368,4.336,4.305,4.276,4.116,3.986,3.88,3.794,3.667,3.585,3.532,3.499,3.48,3.469,3.464,3.473
459.0,462.0,4.519,4.48,4.443,4.408,4.373,4.34,4.308,4.277,4.247,4.218,4.189,4.162,4.018,3.901,3.807,3.731,3.622,3.553,3.511,3.487,3.474,3.469,3.469,3.49
459.0,463.0,4.383,4.347,4.313,4.28,4.248,4.218,4.188,4.16,4.132,4.105,4.08,4.055,3.924,3.82,3.736,3.67,3.577,3.521,3.49,3.474,3.468,3.468,3.472,3.506
459.0,464.0,4.257,4.224,4.192,4.162,4.133,4.104,4.077,4.051,4.026,4.001,3.978,3.956,3.837,3.744,3.67,3.613,3.536,3.492,3.47,3.462,3.462,3.467,3.475,3.521
459.0,465.0,4.14,4.11,4.08,4.052,4.025,3.999,3.974,3.95,3.927,3.905,3.884,3.864,3.757,3.674,3.61,3.561,3.498,3.465,3.452,3.451,3.457,3.466,3.478,3.534
459.0,466.0,4.032,4.004,3.977,3.951,3.926,3.902,3.879,3.858,3.837,3.816,3.797,3.779,3.683,3.61,3.555,3.513,3.463,3.441,3.436,3.441,3.452,3.465,3.48,3.545
459.0,467.0,3.931,3.905,3.88,3.857,3.834,3.812,3.791,3.771,3.752,3.734,3.717,3.7,3.614,3.55,3.503,3.469,3.431,3.418,3.42,3.431,3.447,3.464,3.481,3.555
459.0,468.0,3.837,3.814,3.791,3.769,3.748,3.728,3.709,3.691,3.674,3.657,3.642,3.627,3.551,3.495,3.456,3.428,3.401,3.397,3.406,3.422,3.441,3.462,3.482,3.563
459.0,469.0,3.75,3.728,3.707,3.688,3.669,3.65,3.633,3.617,3.601,3.586,3.572,3.559,3.492,3.444,3.411,3.39,3.373,3.376,3.392,3.413,3.436,3.459,3.482,3.57
459.0,470.0,3.669,3.649,3.63,3.611,3.594,3.578,3.562,3.547,3.533,3.52,3.507,3.495,3.436,3.396,3.37,3.354,3.346,3.357,3.378,3.404,3.43,3.456,3.481,3.575
459.0,471.0,3.593,3.575,3.557,3.54,3.525,3.51,3.496,3.482,3.47,3.458,3.447,3.436,3.385,3.351,3.331,3.32,3.321,3.339,3.365,3.394,3.424,3.453,3.479,3.579
460.0,461.0,4.89,4.846,4.804,4.764,4.724,4.686,4.648,4.612,4.577,4.543,4.51,4.478,4.306,4.162,4.042,3.943,3.791,3.686,3.613,3.564,3.53,3.506,3.491,3.464
460.0,462.0,4.759,4.723,4.688,4.655,4.622,4.59,4.559,4.529,4.5,4.472,4.445,4.419,4.275,4.155,4.055,3.971,3.842,3.751,3.687,3.642,3.61,3.587,3.57,3.533
460.0,463.0,4.652,4.621,4.591,4.562,4.534,4.507,4.48,4.455,4.43,4.405,4.382,4.359,4.236,4.133,4.047,3.975,3.864,3.786,3.73,3.69,3.66,3.639,3.623,3.583
460.0,464.0,4.565,4.538,4.512,4.486,4.462,4.438,4.414,4.392,4.37,4.349,4.328,4.308,4.2,4.111,4.036,3.973,3.876,3.807,3.758,3.722,3.696,3.676,3.661,3.62
460.0,465.0,4.493,4.469,4.445,4.422,4.4,4.379,4.358,4.338,4.319,4.3,4.282,4.264,4.169,4.09,4.023,3.968,3.883,3.822,3.778,3.746,3.722,3.704,3.69,3.651
460.0,466.0,4.431,4.409,4.388,4.367,4.348,4.329,4.31,4.292,4.275,4.258,4.241,4.226,4.14,4.069,4.01,3.961,3.885,3.831,3.792,3.763,3.742,3.725,3.713,3.677
460.0,467.0,4.376,4.357,4.337,4.319,4.301,4.283,4.267,4.25,4.235,4.219,4.204,4.19,4.113,4.049,3.996,3.952,3.884,3.836,3.801,3.776,3.757,3.742,3.731,3.7
460.0,468.0,4.328,4.309,4.292,4.275,4.258,4.242,4.227,4.212,4.198,4.184,4.17,4.157,4.087,4.029,3.981,3.941,3.88,3.838,3.807,3.785,3.769,3.756,3.747,3.72
460.0,469.0,4.283,4.266,4.25,4.234,4.219,4.204,4.19,4.176,4.163,4.15,4.138,4.126,4.061,4.008,3.965,3.929,3.875,3.838,3.811,3.792,3.778,3.768,3.76,3.739
460.0,470.0,4.242,4.226,4.211,4.196,4.182,4.168,4.155,4.142,4.13,4.118,4.107,4.095,4.036,3.988,3.948,3.916,3.868,3.836,3.813,3.797,3.786,3.778,3.771,3.755
460.0,471.0,4.203,4.189,4.174,4.16,4.147,4.134,4.122,4.11,4.098,4.087,4.076,4.066,4.011,3.967,3.931,3.903,3.86,3.832,3.813,3.801,3.792,3.786,3.781,3.771
460.0,472.0,4.167,4.153,4.139,4.126,4.113,4.101,4.09,4.078,4.068,4.057,4.047,4.038,3.987,3.946,3.914,3.888,3.852,3.828,3.813,3.803,3.797,3.793,3.79,3.785
461.0,462.0,5.323,5.268,5.215,5.163,5.113,5.064,5.016,4.97,4.926,4.882,4.84,4.799,4.577,4.392,4.238,4.111,3.923,3.8,3.726,3.684,3.667,3.665,3.675,3.786
461.0,463.0,5.055,5.007,4.961,4.916,4.872,4.83,4.789,4.75,4.711,4.674,4.638,4.603,4.416,4.262,4.137,4.035,3.89,3.801,3.753,3.732,3.729,3.739,3.757,3.882
461.0,464.0,4.827,4.784,4.744,4.704,4.666,4.63,4.594,4.56,4.527,4.495,4.464,4.434,4.276,4.15,4.049,3.97,3.863,3.806,3.781,3.779,3.79,3.81,3.835,3.971
461.0,465.0,4.635,4.598,4.562,4.528,4.495,4.463,4.433,4.403,4.375,4.348,4.322,4.297,4.165,4.063,3.984,3.925,3.851,3.82,3.815,3.827,3.848,3.876,3.906,4.046
461.0,466.0,4.473,4.441,4.411,4.382,4.353,4.326,4.3,4.276,4.252,4.229,4.207,4.186,4.079,3.998,3.939,3.897,3.851,3.84,3.85,3.873,3.902,3.935,3.967,4.109
461.0,467.0,4.338,4.311,4.285,4.26,4.236,4.214,4.192,4.171,4.152,4.133,4.115,4.098,4.012,3.951,3.908,3.88,3.857,3.862,3.885,3.915,3.95,3.986,4.02,4.16
461.0,468.0,4.224,4.201,4.179,4.159,4.139,4.12,4.103,4.086,4.07,4.055,4.04,4.027,3.96,3.915,3.886,3.87,3.866,3.885,3.917,3.953,3.992,4.029,4.065,4.203
461.0,469.0,4.128,4.109,4.091,4.074,4.058,4.043,4.029,4.015,4.003,3.991,3.98,3.969,3.919,3.888,3.872,3.866,3.877,3.907,3.945,3.986,4.027,4.066,4.102,4.237
461.0,470.0,4.048,4.032,4.018,4.004,3.991,3.979,3.968,3.957,3.948,3.939,3.93,3.922,3.887,3.868,3.862,3.864,3.889,3.927,3.97,4.015,4.058,4.097,4.134,4.266
461.0,471.0,3.98,3.967,3.956,3.945,3.935,3.926,3.917,3.909,3.902,3.895,3.889,3.884,3.861,3.853,3.855,3.865,3.899,3.944,3.992,4.039,4.083,4.123,4.16,4.29
461.0,472.0,3.922,3.913,3.904,3.896,3.888,3.881,3.875,3.869,3.864,3.86,3.856,3.852,3.84,3.84,3.85,3.866,3.909,3.959,4.011,4.06,4.105,4.145,4.181,4.309
461.0,473.0,3.874,3.867,3.86,3.854,3.849,3.844,3.84,3.836,3.833,3.83,3.828,3.826,3.823,3.831,3.846,3.867,3.918,3.973,4.026,4.077,4.122,4.163,4.199,4.325
462.0,463.0,5.479,5.432,5.386,5.341,5.297,5.255,5.214,5.173,5.134,5.096,5.059,5.023,4.827,4.66,4.519,4.4,4.213,4.08,3.985,3.919,3.872,3.84,3.819,3.786
462.0,464.0,5.317,5.272,5.229,5.187,5.147,5.107,5.069,5.032,4.995,4.96,4.926,4.893,4.713,4.562,4.436,4.33,4.168,4.055,3.978,3.925,3.89,3.867,3.852,3.838
462.0,465.0,5.173,5.132,5.092,5.053,5.016,4.979,4.944,4.91,4.876,4.844,4.813,4.783,4.619,4.483,4.371,4.278,4.138,4.043,3.98,3.938,3.912,3.896,3.886,3.885
462.0,466.0,5.046,5.008,4.971,4.935,4.901,4.867,4.835,4.803,4.773,4.743,4.715,4.687,4.539,4.418,4.318,4.236,4.116,4.037,3.986,3.954,3.935,3.924,3.919,3.929
462.0,467.0,4.933,4.898,4.864,4.831,4.799,4.768,4.739,4.71,4.682,4.656,4.63,4.605,4.471,4.362,4.274,4.203,4.1,4.034,3.994,3.97,3.957,3.951,3.95,3.969
462.0,468.0,4.832,4.799,4.768,4.738,4.709,4.681,4.654,4.628,4.603,4.578,4.555,4.532,4.412,4.315,4.238,4.176,4.088,4.034,4.003,3.986,3.979,3.977,3.979,4.005
462.0,469.0,4.741,4.712,4.683,4.656,4.629,4.604,4.579,4.555,4.532,4.51,4.489,4.468,4.36,4.274,4.206,4.153,4.079,4.036,4.013,4.002,3.999,4.001,4.006,4.038
462.0,470.0,4.661,4.633,4.607,4.582,4.558,4.534,4.512,4.49,4.469,4.449,4.43,4.412,4.315,4.239,4.18,4.134,4.072,4.039,4.023,4.017,4.018,4.023,4.03,4.068
462.0,471.0,4.588,4.563,4.539,4.516,4.494,4.472,4.452,4.432,4.414,4.396,4.378,4.362,4.275,4.208,4.156,4.117,4.067,4.042,4.032,4.031,4.036,4.044,4.053,4.096
462.0,472.0,4.522,4.499,4.477,4.456,4.436,4.417,4.398,4.381,4.363,4.347,4.332,4.317,4.239,4.18,4.136,4.103,4.063,4.045,4.041,4.045,4.053,4.063,4.073,4.121
462.0,473.0,4.463,4.442,4.422,4.403,4.384,4.367,4.35,4.334,4.318,4.304,4.29,4.276,4.207,4.156,4.118,4.091,4.059,4.048,4.049,4.057,4.068,4.08,4.092,4.144
462.0,474.0,4.409,4.39,4.372,4.354,4.337,4.321,4.306,4.291,4.277,4.264,4.252,4.24,4.179,4.134,4.102,4.08,4.056,4.052,4.057,4.068,4.081,4.095,4.109,4.165
463.0,464.0,5.436,5.39,5.346,5.304,5.262,5.222,5.182,5.144,5.107,5.071,5.036,5.002,4.818,4.664,4.534,4.425,4.258,4.141,4.06,4.005,3.967,3.942,3.926,3.906
463.0,465.0,5.267,5.225,5.185,5.145,5.107,5.07,5.034,4.999,4.966,4.933,4.901,4.87,4.704,4.567,4.453,4.358,4.216,4.119,4.055,4.012,3.985,3.968,3.958,3.954
463.0,466.0,5.119,5.08,5.043,5.007,4.972,4.939,4.906,4.874,4.844,4.814,4.786,4.758,4.609,4.487,4.388,4.306,4.185,4.106,4.056,4.024,4.005,3.994,3.99,3.998
463.0,467.0,4.987,4.952,4.918,4.886,4.854,4.824,4.794,4.765,4.738,4.711,4.685,4.661,4.528,4.421,4.334,4.264,4.162,4.098,4.059,4.037,4.024,4.019,4.018,4.037
463.0,468.0,4.871,4.839,4.808,4.778,4.75,4.722,4.695,4.67,4.645,4.621,4.598,4.576,4.458,4.363,4.288,4.228,4.144,4.093,4.064,4.049,4.043,4.042,4.044,4.071
463.0,469.0,4.767,4.738,4.71,4.683,4.657,4.632,4.608,4.585,4.563,4.541,4.521,4.501,4.397,4.314,4.249,4.198,4.129,4.09,4.069,4.061,4.059,4.062,4.068,4.102
463.0,470.0,4.674,4.648,4.623,4.598,4.575,4.552,4.531,4.51,4.49,4.471,4.453,4.435,4.343,4.271,4.215,4.173,4.117,4.087,4.074,4.071,4.074,4.08,4.088,4.128
463.0,471.0,4.591,4.567,4.544,4.522,4.501,4.481,4.462,4.443,4.425,4.408,4.392,4.376,4.295,4.232,4.185,4.15,4.105,4.085,4.079,4.081,4.087,4.096,4.106,4.152
463.0,472.0,4.516,4.495,4.474,4.454,4.435,4.417,4.399,4.383,4.367,4.351,4.337,4.323,4.251,4.198,4.158,4.129,4.095,4.083,4.082,4.089,4.099,4.11,4.122,4.172
463.0,473.0,4.448,4.429,4.41,4.392,4.375,4.359,4.343,4.328,4.314,4.3,4.287,4.275,4.213,4.167,4.133,4.11,4.086,4.08,4.085,4.095,4.108,4.122,4.135,4.19
463.0,474.0,4.387,4.369,4.352,4.336,4.321,4.306,4.292,4.279,4.266,4.254,4.242,4.232,4.177,4.138,4.111,4.093,4.077,4.077,4.087,4.1,4.116,4.132,4.147,4.206
463.0,475.0,4.331,4.315,4.299,4.285,4.271,4.258,4.245,4.233,4.222,4.211,4.201,4.192,4.144,4.111,4.09,4.077,4.068,4.074,4.087,4.104,4.122,4.14,4.156,4.219
464.0,465.0,5.473,5.428,5.384,5.342,5.301,5.261,5.222,5.184,5.148,5.113,5.079,5.046,4.867,4.72,4.598,4.498,4.35,4.253,4.192,4.156,4.136,4.129,4.128,4.17
464.0,466.0,5.297,5.257,5.218,5.18,5.144,5.108,5.074,5.041,5.009,4.978,4.948,4.919,4.764,4.637,4.535,4.452,4.333,4.259,4.215,4.192,4.183,4.182,4.187,4.238
464.0,467.0,5.147,5.111,5.076,5.042,5.01,4.979,4.949,4.919,4.891,4.864,4.838,4.813,4.679,4.572,4.486,4.418,4.324,4.269,4.24,4.228,4.226,4.231,4.24,4.297
464.0,468.0,5.017,4.986,4.955,4.925,4.897,4.869,4.843,4.817,4.793,4.769,4.747,4.725,4.61,4.52,4.449,4.395,4.322,4.283,4.265,4.261,4.265,4.274,4.286,4.347
464.0,469.0,4.906,4.878,4.851,4.825,4.8,4.776,4.753,4.731,4.71,4.69,4.67,4.652,4.554,4.479,4.421,4.378,4.323,4.297,4.289,4.292,4.3,4.312,4.326,4.388
464.0,470.0,4.81,4.786,4.762,4.74,4.718,4.697,4.678,4.659,4.64,4.623,4.606,4.59,4.508,4.446,4.4,4.366,4.326,4.311,4.311,4.318,4.331,4.345,4.36,4.424
464.0,471.0,4.728,4.706,4.686,4.666,4.648,4.63,4.613,4.597,4.581,4.566,4.552,4.539,4.47,4.42,4.383,4.358,4.331,4.324,4.33,4.342,4.357,4.373,4.389,4.453
464.0,472.0,4.656,4.637,4.62,4.603,4.587,4.572,4.557,4.544,4.53,4.518,4.506,4.495,4.438,4.398,4.37,4.351,4.335,4.336,4.347,4.362,4.379,4.397,4.413,4.478
464.0,473.0,4.594,4.578,4.563,4.548,4.535,4.522,4.509,4.498,4.487,4.476,4.466,4.457,4.411,4.379,4.359,4.346,4.339,4.347,4.361,4.379,4.398,4.417,4.434,4.499
464.0,474.0,4.539,4.526,4.513,4.501,4.489,4.478,4.468,4.458,4.449,4.44,4.432,4.425,4.388,4.364,4.349,4.342,4.343,4.355,4.374,4.394,4.414,4.433,4.451,4.516
464.0,475.0,4.492,4.48,4.469,4.459,4.449,4.44,4.432,4.424,4.416,4.409,4.402,4.396,4.367,4.35,4.341,4.338,4.346,4.363,4.384,4.406,4.427,4.447,4.465,4.531
464.0,476.0,4.45,4.44,4.431,4.422,4.414,4.407,4.4,4.393,4.387,4.381,4.376,4.371,4.349,4.337,4.333,4.334,4.347,4.368,4.392,4.415,4.438,4.458,4.477,4.543
465.0,466.0,5.478,5.44,5.403,5.367,5.333,5.3,5.268,5.237,5.207,5.179,5.151,5.125,4.985,4.875,4.789,4.721,4.632,4.584,4.563,4.559,4.566,4.579,4.596,4.682
465.0,467.0,5.333,5.298,5.265,5.232,5.202,5.172,5.144,5.116,5.09,5.065,5.041,5.018,4.898,4.805,4.735,4.683,4.617,4.589,4.582,4.59,4.604,4.623,4.643,4.736
465.0,468.0,5.206,5.175,5.146,5.117,5.09,5.064,5.04,5.016,4.993,4.971,4.951,4.931,4.829,4.753,4.697,4.657,4.613,4.599,4.604,4.619,4.639,4.662,4.685,4.78
465.0,469.0,5.095,5.068,5.043,5.018,4.994,4.972,4.951,4.93,4.911,4.892,4.875,4.858,4.773,4.712,4.669,4.64,4.612,4.611,4.625,4.646,4.67,4.696,4.72,4.817
465.0,470.0,4.999,4.975,4.953,4.931,4.911,4.892,4.874,4.856,4.84,4.824,4.81,4.796,4.726,4.678,4.646,4.627,4.614,4.623,4.644,4.67,4.698,4.725,4.751,4.849
465.0,471.0,4.914,4.893,4.874,4.856,4.839,4.823,4.807,4.793,4.779,4.766,4.754,4.742,4.687,4.65,4.628,4.617,4.617,4.635,4.662,4.692,4.722,4.75,4.777,4.876
465.0,472.0,4.839,4.822,4.806,4.79,4.776,4.762,4.75,4.738,4.726,4.716,4.706,4.697,4.653,4.627,4.614,4.61,4.62,4.646,4.677,4.71,4.742,4.772,4.8,4.898
465.0,473.0,4.773,4.759,4.745,4.733,4.721,4.71,4.699,4.689,4.68,4.672,4.664,4.657,4.625,4.607,4.601,4.604,4.624,4.655,4.691,4.726,4.76,4.791,4.819,4.917
465.0,474.0,4.716,4.704,4.692,4.682,4.672,4.663,4.655,4.647,4.64,4.634,4.628,4.622,4.6,4.591,4.591,4.599,4.627,4.663,4.702,4.74,4.775,4.806,4.834,4.933
465.0,475.0,4.665,4.655,4.646,4.637,4.63,4.623,4.616,4.61,4.605,4.6,4.596,4.592,4.578,4.576,4.582,4.594,4.629,4.67,4.712,4.751,4.787,4.819,4.848,4.945
465.0,476.0,4.62,4.612,4.605,4.598,4.592,4.587,4.582,4.578,4.574,4.571,4.568,4.566,4.559,4.563,4.574,4.591,4.631,4.676,4.72,4.761,4.797,4.83,4.858,4.956
465.0,477.0,4.58,4.574,4.568,4.563,4.559,4.555,4.552,4.549,4.547,4.545,4.543,4.542,4.542,4.551,4.567,4.587,4.633,4.68,4.726,4.768,4.806,4.838,4.867,4.964
466.0,467.0,5.432,5.398,5.364,5.332,5.301,5.272,5.243,5.216,5.19,5.165,5.141,5.118,5.001,4.913,4.849,4.804,4.759,4.755,4.775,4.811,4.855,4.903,4.951,5.159
466.0,468.0,5.263,5.23,5.198,5.167,5.138,5.111,5.084,5.059,5.035,5.012,4.99,4.969,4.865,4.791,4.741,4.71,4.69,4.708,4.748,4.799,4.856,4.913,4.969,5.199
466.0,469.0,5.104,5.072,5.043,5.015,4.988,4.963,4.939,4.916,4.894,4.873,4.854,4.836,4.746,4.685,4.649,4.63,4.633,4.669,4.725,4.789,4.856,4.921,4.984,5.231
466.0,470.0,4.954,4.925,4.898,4.872,4.848,4.825,4.804,4.783,4.764,4.746,4.729,4.713,4.637,4.591,4.567,4.56,4.583,4.637,4.706,4.781,4.857,4.93,4.998,5.259
466.0,471.0,4.813,4.787,4.762,4.739,4.718,4.697,4.678,4.66,4.644,4.628,4.614,4.6,4.539,4.505,4.493,4.498,4.541,4.61,4.692,4.777,4.86,4.939,5.011,5.284
466.0,472.0,4.681,4.658,4.636,4.616,4.596,4.579,4.562,4.547,4.533,4.519,4.507,4.496,4.449,4.429,4.429,4.444,4.505,4.589,4.682,4.775,4.865,4.948,5.025,5.307
466.0,473.0,4.558,4.538,4.518,4.501,4.484,4.469,4.455,4.442,4.43,4.42,4.41,4.401,4.368,4.36,4.371,4.397,4.475,4.572,4.674,4.775,4.871,4.958,5.038,5.327
466.0,474.0,4.444,4.426,4.41,4.395,4.381,4.368,4.356,4.346,4.337,4.329,4.321,4.315,4.295,4.299,4.321,4.356,4.449,4.558,4.67,4.777,4.877,4.968,5.05,5.344
466.0,475.0,4.339,4.323,4.31,4.297,4.286,4.275,4.266,4.259,4.252,4.246,4.241,4.237,4.23,4.245,4.277,4.321,4.429,4.548,4.667,4.78,4.884,4.978,5.062,5.358
466.0,476.0,4.242,4.229,4.218,4.208,4.199,4.191,4.185,4.179,4.175,4.171,4.168,4.167,4.172,4.198,4.239,4.291,4.412,4.541,4.667,4.784,4.891,4.987,5.072,5.369
466.0,477.0,4.153,4.143,4.134,4.127,4.12,4.115,4.111,4.108,4.105,4.104,4.103,4.104,4.12,4.157,4.207,4.267,4.399,4.536,4.667,4.788,4.898,4.995,5.08,5.378
466.0,478.0,4.072,4.064,4.058,4.053,4.049,4.046,4.044,4.043,4.043,4.044,4.046,4.048,4.076,4.122,4.18,4.246,4.389,4.533,4.669,4.793,4.904,5.001,5.088,5.383
467.0,468.0,5.397,5.35,5.305,5.262,5.22,5.18,5.141,5.104,5.068,5.034,5.0,4.969,4.801,4.67,4.569,4.492,4.393,4.348,4.335,4.344,4.366,4.395,4.427,4.582
467.0,469.0,5.221,5.182,5.145,5.109,5.074,5.041,5.009,4.978,4.949,4.921,4.894,4.868,4.733,4.63,4.553,4.496,4.43,4.407,4.41,4.43,4.46,4.493,4.528,4.685
467.0,470.0,5.07,5.037,5.006,4.975,4.946,4.919,4.892,4.867,4.843,4.82,4.797,4.776,4.67,4.591,4.535,4.497,4.461,4.46,4.48,4.512,4.548,4.587,4.625,4.782
467.0,471.0,4.942,4.914,4.888,4.863,4.839,4.816,4.794,4.774,4.754,4.736,4.718,4.702,4.62,4.563,4.526,4.504,4.494,4.512,4.546,4.586,4.628,4.67,4.711,4.866
467.0,472.0,4.833,4.811,4.789,4.769,4.749,4.731,4.714,4.698,4.683,4.668,4.655,4.642,4.582,4.545,4.524,4.517,4.528,4.562,4.605,4.652,4.698,4.743,4.784,4.936
467.0,473.0,4.742,4.723,4.706,4.69,4.675,4.661,4.648,4.636,4.624,4.614,4.604,4.595,4.555,4.534,4.527,4.531,4.561,4.606,4.658,4.709,4.759,4.804,4.845,4.994
467.0,474.0,4.664,4.65,4.637,4.625,4.613,4.603,4.594,4.585,4.577,4.57,4.563,4.557,4.534,4.527,4.533,4.547,4.591,4.646,4.703,4.758,4.809,4.856,4.897,5.042
467.0,475.0,4.598,4.588,4.578,4.57,4.562,4.555,4.549,4.543,4.538,4.534,4.53,4.527,4.519,4.524,4.54,4.562,4.619,4.681,4.742,4.8,4.852,4.899,4.94,5.081
467.0,476.0,4.542,4.535,4.529,4.524,4.519,4.515,4.511,4.508,4.506,4.505,4.503,4.503,4.507,4.523,4.547,4.576,4.643,4.711,4.776,4.835,4.888,4.934,4.975,5.113
467.0,477.0,4.495,4.491,4.487,4.485,4.483,4.481,4.48,4.48,4.48,4.48,4.481,4.483,4.498,4.523,4.554,4.589,4.663,4.736,4.804,4.864,4.917,4.964,5.004,5.139
467.0,478.0,4.454,4.453,4.452,4.452,4.452,4.453,4.454,4.456,4.458,4.46,4.463,4.466,4.491,4.524,4.561,4.6,4.681,4.757,4.827,4.888,4.941,4.988,5.027,5.16
467.0,479.0,4.42,4.421,4.422,4.424,4.426,4.429,4.432,4.435,4.439,4.443,4.448,4.452,4.485,4.524,4.567,4.61,4.696,4.775,4.846,4.908,4.961,5.007,5.047,5.177
468.0,469.0,5.095,5.037,4.982,4.928,4.876,4.825,4.777,4.73,4.684,4.64,4.598,4.557,4.34,4.166,4.028,3.92,3.776,3.701,3.674,3.679,3.704,3.742,3.787,4.025
468.0,470.0,4.844,4.791,4.739,4.689,4.64,4.593,4.548,4.505,4.463,4.422,4.383,4.345,4.146,3.989,3.866,3.772,3.651,3.597,3.588,3.608,3.647,3.696,3.752,4.03
468.0,471.0,4.599,4.548,4.499,4.451,4.405,4.361,4.319,4.278,4.238,4.2,4.164,4.129,3.946,3.804,3.696,3.616,3.523,3.493,3.505,3.544,3.599,3.663,3.731,4.05
468.0,472.0,4.361,4.313,4.266,4.221,4.177,4.135,4.095,4.057,4.02,3.985,3.951,3.918,3.751,3.624,3.532,3.467,3.402,3.397,3.432,3.49,3.561,3.639,3.719,4.076
468.0,473.0,4.133,4.086,4.042,3.999,3.958,3.919,3.881,3.845,3.811,3.778,3.747,3.717,3.565,3.454,3.377,3.328,3.29,3.311,3.367,3.443,3.53,3.622,3.713,4.104
468.0,474.0,3.913,3.869,3.827,3.787,3.748,3.712,3.677,3.643,3.612,3.582,3.553,3.526,3.39,3.295,3.233,3.198,3.189,3.233,3.31,3.404,3.506,3.61,3.711,4.132
468.0,475.0,3.703,3.662,3.622,3.585,3.549,3.515,3.482,3.452,3.423,3.395,3.369,3.345,3.225,3.146,3.099,3.079,3.096,3.164,3.26,3.371,3.487,3.602,3.712,4.159
468.0,476.0,3.503,3.464,3.427,3.392,3.359,3.328,3.298,3.27,3.244,3.219,3.196,3.174,3.07,3.007,2.976,2.97,3.013,3.103,3.218,3.344,3.472,3.597,3.715,4.185
468.0,477.0,3.313,3.277,3.242,3.21,3.179,3.151,3.124,3.099,3.075,3.053,3.032,3.013,2.926,2.878,2.862,2.87,2.938,3.049,3.181,3.321,3.461,3.595,3.72,4.21
468.0,478.0,3.132,3.099,3.067,3.038,3.01,2.984,2.96,2.937,2.916,2.897,2.879,2.863,2.791,2.759,2.757,2.779,2.871,3.001,3.15,3.302,3.452,3.594,3.726,4.231
468.0,479.0,2.961,2.931,2.902,2.875,2.85,2.827,2.806,2.786,2.768,2.751,2.736,2.722,2.667,2.649,2.662,2.696,2.81,2.959,3.122,3.287,3.446,3.595,3.732,4.25
468.0,480.0,2.8,2.772,2.746,2.722,2.7,2.68,2.661,2.644,2.629,2.615,2.602,2.591,2.551,2.549,2.574,2.621,2.757,2.923,3.099,3.274,3.441,3.596,3.738,4.266
469.0,470.0,5.053,5.0,4.949,4.9,4.853,4.807,4.762,4.719,4.678,4.638,4.599,4.562,4.366,4.209,4.087,3.992,3.869,3.811,3.797,3.811,3.843,3.887,3.936,4.188
469.0,471.0,4.828,4.782,4.738,4.695,4.654,4.614,4.576,4.539,4.503,4.469,4.437,4.405,4.241,4.114,4.017,3.946,3.862,3.834,3.842,3.873,3.918,3.97,4.025,4.283
469.0,472.0,4.633,4.592,4.553,4.515,4.479,4.445,4.412,4.38,4.35,4.321,4.293,4.267,4.131,4.03,3.957,3.908,3.86,3.86,3.89,3.937,3.994,4.054,4.114,4.375
469.0,473.0,4.465,4.429,4.395,4.362,4.331,4.302,4.274,4.247,4.221,4.197,4.174,4.152,4.042,3.965,3.914,3.883,3.867,3.892,3.94,4.0,4.065,4.131,4.194,4.453
469.0,474.0,4.321,4.29,4.261,4.233,4.207,4.182,4.158,4.136,4.114,4.094,4.076,4.058,3.972,3.916,3.884,3.87,3.881,3.926,3.988,4.057,4.129,4.198,4.263,4.517
469.0,475.0,4.198,4.172,4.147,4.123,4.101,4.081,4.061,4.043,4.026,4.01,3.995,3.981,3.917,3.88,3.864,3.865,3.899,3.959,4.032,4.108,4.183,4.255,4.321,4.568
469.0,476.0,4.093,4.071,4.05,4.031,4.013,3.996,3.981,3.966,3.953,3.94,3.929,3.919,3.873,3.853,3.852,3.864,3.917,3.99,4.071,4.152,4.23,4.302,4.368,4.608
469.0,477.0,4.003,3.985,3.968,3.953,3.938,3.925,3.913,3.902,3.892,3.883,3.875,3.867,3.839,3.833,3.844,3.866,3.934,4.017,4.104,4.189,4.268,4.341,4.406,4.639
469.0,478.0,3.926,3.912,3.898,3.886,3.875,3.865,3.856,3.848,3.841,3.835,3.83,3.825,3.812,3.818,3.839,3.87,3.95,4.041,4.133,4.22,4.3,4.372,4.436,4.662
469.0,479.0,3.861,3.849,3.839,3.83,3.822,3.815,3.809,3.803,3.799,3.795,3.792,3.79,3.789,3.806,3.836,3.874,3.964,4.061,4.156,4.244,4.324,4.396,4.459,4.679
469.0,480.0,3.805,3.796,3.789,3.782,3.777,3.772,3.769,3.766,3.763,3.762,3.761,3.761,3.771,3.797,3.834,3.878,3.976,4.078,4.175,4.264,4.344,4.414,4.477,4.691
469.0,481.0,3.757,3.751,3.746,3.742,3.739,3.736,3.735,3.734,3.733,3.734,3.735,3.736,3.756,3.79,3.833,3.881,3.986,4.091,4.189,4.279,4.358,4.428,4.489,4.698
470.0,471.0,5.225,5.182,5.14,5.1,5.062,5.025,4.989,4.955,4.922,4.89,4.859,4.83,4.675,4.555,4.462,4.392,4.304,4.267,4.263,4.279,4.307,4.343,4.382,4.566
470.0,472.0,5.062,5.024,4.989,4.954,4.921,4.89,4.86,4.831,4.803,4.777,4.751,4.727,4.603,4.511,4.444,4.398,4.351,4.346,4.366,4.401,4.443,4.488,4.534,4.727
470.0,473.0,4.924,4.892,4.862,4.833,4.806,4.78,4.755,4.731,4.709,4.688,4.667,4.648,4.553,4.487,4.444,4.418,4.406,4.428,4.468,4.517,4.569,4.621,4.67,4.866
470.0,474.0,4.809,4.782,4.757,4.734,4.712,4.691,4.671,4.652,4.635,4.618,4.603,4.588,4.52,4.477,4.455,4.448,4.465,4.509,4.564,4.623,4.682,4.738,4.79,4.986
470.0,475.0,4.711,4.69,4.671,4.652,4.635,4.619,4.604,4.59,4.577,4.565,4.554,4.544,4.499,4.478,4.473,4.482,4.524,4.585,4.652,4.719,4.783,4.842,4.895,5.088
470.0,476.0,4.63,4.614,4.599,4.585,4.572,4.561,4.55,4.54,4.532,4.524,4.517,4.51,4.487,4.484,4.496,4.518,4.581,4.655,4.731,4.804,4.871,4.932,4.986,5.176
470.0,477.0,4.561,4.55,4.539,4.53,4.521,4.513,4.507,4.501,4.496,4.492,4.489,4.486,4.482,4.495,4.521,4.554,4.634,4.719,4.802,4.88,4.949,5.011,5.065,5.251
470.0,478.0,4.504,4.496,4.49,4.484,4.479,4.475,4.472,4.47,4.469,4.468,4.468,4.468,4.481,4.508,4.545,4.588,4.682,4.777,4.865,4.946,5.017,5.079,5.133,5.316
470.0,479.0,4.455,4.452,4.449,4.447,4.445,4.445,4.445,4.446,4.447,4.449,4.452,4.455,4.483,4.523,4.569,4.62,4.726,4.828,4.921,5.003,5.076,5.138,5.192,5.372
470.0,480.0,4.415,4.414,4.415,4.416,4.418,4.42,4.423,4.427,4.431,4.435,4.44,4.446,4.487,4.537,4.592,4.65,4.765,4.873,4.97,5.054,5.127,5.19,5.243,5.421
470.0,481.0,4.381,4.384,4.387,4.391,4.395,4.4,4.405,4.411,4.418,4.425,4.432,4.44,4.492,4.551,4.614,4.677,4.801,4.913,5.013,5.098,5.172,5.235,5.288,5.463
470.0,482.0,4.353,4.358,4.364,4.37,4.377,4.384,4.392,4.4,4.408,4.417,4.426,4.436,4.498,4.565,4.634,4.702,4.832,4.949,5.05,5.137,5.211,5.274,5.327,5.5
471.0,472.0,5.232,5.187,5.145,5.104,5.064,5.026,4.989,4.953,4.919,4.885,4.853,4.823,4.66,4.53,4.428,4.348,4.241,4.185,4.161,4.159,4.17,4.189,4.213,4.338
471.0,473.0,5.09,5.05,5.011,4.974,4.938,4.904,4.871,4.839,4.809,4.779,4.751,4.724,4.581,4.47,4.384,4.319,4.236,4.198,4.188,4.196,4.214,4.238,4.264,4.392
471.0,474.0,4.965,4.929,4.894,4.861,4.829,4.798,4.769,4.741,4.713,4.687,4.662,4.639,4.515,4.42,4.349,4.297,4.236,4.213,4.215,4.231,4.254,4.282,4.311,4.44
471.0,475.0,4.855,4.823,4.792,4.762,4.733,4.706,4.68,4.655,4.631,4.608,4.587,4.566,4.459,4.38,4.322,4.281,4.238,4.229,4.24,4.263,4.291,4.322,4.352,4.481
471.0,476.0,4.759,4.73,4.702,4.676,4.65,4.626,4.603,4.581,4.561,4.541,4.522,4.504,4.413,4.347,4.301,4.27,4.243,4.245,4.264,4.292,4.324,4.357,4.388,4.516
471.0,477.0,4.674,4.648,4.623,4.6,4.578,4.557,4.537,4.518,4.499,4.482,4.466,4.45,4.373,4.32,4.284,4.262,4.249,4.261,4.286,4.318,4.353,4.387,4.419,4.545
471.0,478.0,4.599,4.576,4.554,4.534,4.515,4.496,4.479,4.462,4.446,4.432,4.418,4.404,4.34,4.297,4.271,4.257,4.255,4.275,4.306,4.341,4.378,4.413,4.446,4.57
471.0,479.0,4.533,4.513,4.494,4.476,4.459,4.443,4.428,4.414,4.4,4.388,4.376,4.365,4.312,4.278,4.26,4.253,4.261,4.288,4.323,4.361,4.399,4.435,4.468,4.59
471.0,480.0,4.474,4.457,4.44,4.425,4.41,4.396,4.383,4.371,4.36,4.349,4.339,4.33,4.287,4.262,4.251,4.25,4.267,4.299,4.338,4.378,4.417,4.454,4.487,4.608
471.0,481.0,4.423,4.407,4.393,4.379,4.367,4.355,4.344,4.334,4.324,4.315,4.307,4.3,4.266,4.249,4.243,4.247,4.272,4.309,4.351,4.393,4.433,4.47,4.503,4.622
471.0,482.0,4.377,4.363,4.351,4.339,4.329,4.319,4.309,4.301,4.293,4.286,4.279,4.273,4.247,4.236,4.236,4.245,4.276,4.317,4.361,4.405,4.446,4.483,4.516,4.634
471.0,483.0,4.336,4.324,4.314,4.304,4.295,4.286,4.279,4.272,4.265,4.259,4.254,4.249,4.231,4.225,4.23,4.242,4.279,4.324,4.37,4.415,4.456,4.493,4.527,4.643
472.0,473.0,5.347,5.317,5.288,5.26,5.233,5.207,5.182,5.158,5.135,5.113,5.091,5.071,4.963,4.879,4.814,4.763,4.696,4.661,4.646,4.642,4.647,4.655,4.665,4.719
472.0,474.0,5.256,5.228,5.202,5.176,5.151,5.128,5.105,5.083,5.062,5.042,5.023,5.005,4.91,4.837,4.782,4.741,4.69,4.666,4.66,4.663,4.672,4.683,4.696,4.753
472.0,475.0,5.177,5.152,5.128,5.104,5.082,5.061,5.041,5.022,5.003,4.985,4.968,4.952,4.869,4.807,4.761,4.728,4.689,4.675,4.675,4.683,4.694,4.708,4.722,4.78
472.0,476.0,5.107,5.084,5.063,5.042,5.022,5.004,4.986,4.969,4.952,4.937,4.922,4.908,4.836,4.783,4.745,4.719,4.691,4.684,4.689,4.7,4.714,4.73,4.744,4.804
472.0,477.0,5.045,5.025,5.005,4.987,4.97,4.953,4.937,4.922,4.908,4.894,4.881,4.869,4.807,4.763,4.733,4.712,4.693,4.693,4.702,4.716,4.732,4.748,4.764,4.825
472.0,478.0,4.989,4.971,4.954,4.938,4.923,4.908,4.894,4.881,4.869,4.857,4.846,4.835,4.783,4.746,4.722,4.707,4.696,4.701,4.714,4.73,4.748,4.765,4.781,4.843
472.0,479.0,4.94,4.924,4.909,4.895,4.881,4.868,4.856,4.845,4.834,4.824,4.814,4.805,4.761,4.731,4.712,4.702,4.698,4.708,4.724,4.742,4.762,4.78,4.797,4.859
472.0,480.0,4.896,4.882,4.868,4.856,4.844,4.833,4.822,4.813,4.803,4.794,4.786,4.778,4.742,4.718,4.704,4.698,4.7,4.714,4.733,4.753,4.774,4.793,4.81,4.873
472.0,481.0,4.856,4.844,4.832,4.821,4.811,4.801,4.792,4.784,4.776,4.768,4.761,4.755,4.724,4.706,4.697,4.694,4.702,4.719,4.741,4.763,4.784,4.804,4.821,4.885
472.0,482.0,4.82,4.81,4.799,4.79,4.781,4.773,4.765,4.758,4.751,4.745,4.739,4.733,4.709,4.696,4.69,4.691,4.703,4.724,4.747,4.771,4.793,4.813,4.832,4.895
472.0,483.0,4.788,4.779,4.77,4.762,4.754,4.747,4.74,4.734,4.729,4.723,4.719,4.714,4.695,4.686,4.684,4.688,4.705,4.728,4.753,4.778,4.801,4.822,4.84,4.905
472.0,484.0,4.759,4.751,4.744,4.737,4.73,4.724,4.718,4.713,4.709,4.704,4.7,4.697,4.682,4.677,4.678,4.685,4.705,4.731,4.758,4.784,4.808,4.829,4.848,4.913
473.0,474.0,5.343,5.307,5.272,5.238,5.205,5.174,5.143,5.114,5.086,5.059,5.033,5.008,4.877,4.774,4.694,4.631,4.548,4.503,4.482,4.477,4.481,4.49,4.502,4.566
473.0,475.0,5.241,5.209,5.178,5.148,5.119,5.091,5.064,5.039,5.014,4.99,4.968,4.946,4.832,4.744,4.676,4.624,4.557,4.524,4.511,4.511,4.519,4.531,4.544,4.609
473.0,476.0,5.151,5.122,5.095,5.068,5.042,5.018,4.994,4.972,4.95,4.929,4.909,4.89,4.792,4.716,4.659,4.617,4.565,4.543,4.538,4.543,4.554,4.568,4.582,4.648
473.0,477.0,5.072,5.046,5.021,4.998,4.975,4.953,4.933,4.913,4.894,4.876,4.858,4.842,4.757,4.693,4.646,4.613,4.574,4.56,4.562,4.571,4.585,4.601,4.616,4.683
473.0,478.0,5.002,4.979,4.957,4.936,4.916,4.897,4.879,4.862,4.845,4.829,4.814,4.8,4.727,4.674,4.636,4.61,4.583,4.577,4.584,4.597,4.613,4.63,4.646,4.713
473.0,479.0,4.939,4.919,4.9,4.882,4.864,4.848,4.832,4.817,4.802,4.789,4.776,4.764,4.702,4.658,4.628,4.608,4.591,4.592,4.603,4.619,4.637,4.655,4.673,4.74
473.0,480.0,4.884,4.866,4.849,4.833,4.818,4.804,4.79,4.777,4.765,4.753,4.742,4.732,4.68,4.645,4.621,4.607,4.598,4.605,4.621,4.639,4.659,4.678,4.696,4.763
473.0,481.0,4.835,4.819,4.805,4.791,4.777,4.765,4.753,4.742,4.732,4.722,4.712,4.704,4.661,4.633,4.616,4.607,4.605,4.618,4.636,4.657,4.678,4.697,4.716,4.783
473.0,482.0,4.791,4.777,4.765,4.752,4.741,4.73,4.72,4.711,4.702,4.694,4.686,4.679,4.644,4.622,4.611,4.606,4.612,4.628,4.649,4.672,4.694,4.715,4.733,4.801
473.0,483.0,4.751,4.74,4.729,4.718,4.709,4.7,4.691,4.683,4.676,4.669,4.662,4.656,4.629,4.613,4.606,4.606,4.617,4.637,4.661,4.685,4.708,4.73,4.749,4.817
473.0,484.0,4.716,4.706,4.697,4.688,4.68,4.672,4.665,4.658,4.652,4.646,4.641,4.636,4.615,4.605,4.602,4.605,4.621,4.645,4.671,4.697,4.721,4.743,4.762,4.831
473.0,485.0,4.684,4.675,4.667,4.66,4.653,4.647,4.641,4.636,4.631,4.626,4.622,4.618,4.603,4.597,4.598,4.604,4.625,4.652,4.68,4.707,4.732,4.754,4.774,4.843
474.0,475.0,5.32,5.28,5.241,5.203,5.167,5.132,5.099,5.066,5.035,5.005,4.977,4.949,4.803,4.689,4.599,4.53,4.438,4.389,4.368,4.364,4.372,4.385,4.401,4.486
474.0,476.0,5.192,5.156,5.122,5.09,5.058,5.028,4.999,4.971,4.944,4.918,4.893,4.869,4.745,4.649,4.575,4.519,4.448,4.414,4.404,4.408,4.421,4.438,4.457,4.545
474.0,477.0,5.079,5.047,5.017,4.989,4.961,4.934,4.909,4.885,4.861,4.839,4.818,4.797,4.691,4.611,4.551,4.508,4.456,4.437,4.437,4.448,4.466,4.486,4.507,4.599
474.0,478.0,4.98,4.952,4.926,4.901,4.876,4.853,4.831,4.81,4.79,4.771,4.752,4.735,4.646,4.58,4.533,4.5,4.465,4.458,4.467,4.485,4.506,4.529,4.552,4.646
474.0,479.0,4.893,4.869,4.846,4.824,4.803,4.783,4.764,4.746,4.729,4.712,4.697,4.682,4.608,4.555,4.518,4.495,4.475,4.478,4.495,4.517,4.542,4.567,4.592,4.686
474.0,480.0,4.818,4.797,4.777,4.758,4.74,4.723,4.706,4.691,4.676,4.662,4.649,4.637,4.576,4.534,4.507,4.492,4.485,4.497,4.519,4.546,4.574,4.6,4.626,4.721
474.0,481.0,4.752,4.734,4.716,4.7,4.685,4.67,4.656,4.643,4.631,4.619,4.608,4.598,4.549,4.517,4.499,4.491,4.494,4.514,4.541,4.571,4.601,4.629,4.655,4.751
474.0,482.0,4.694,4.678,4.663,4.65,4.636,4.624,4.612,4.602,4.591,4.582,4.573,4.565,4.526,4.503,4.492,4.49,4.503,4.529,4.56,4.593,4.624,4.654,4.68,4.776
474.0,483.0,4.643,4.63,4.617,4.605,4.594,4.584,4.574,4.565,4.557,4.549,4.542,4.536,4.507,4.491,4.487,4.49,4.511,4.542,4.577,4.612,4.645,4.675,4.702,4.798
474.0,484.0,4.598,4.587,4.576,4.566,4.557,4.549,4.541,4.534,4.527,4.521,4.515,4.51,4.489,4.481,4.482,4.49,4.518,4.553,4.591,4.628,4.662,4.693,4.72,4.816
474.0,485.0,4.559,4.549,4.54,4.532,4.525,4.518,4.512,4.506,4.501,4.496,4.492,4.488,4.474,4.472,4.478,4.49,4.523,4.563,4.603,4.642,4.677,4.708,4.736,4.831
474.0,486.0,4.523,4.515,4.508,4.502,4.496,4.49,4.485,4.481,4.477,4.474,4.471,4.468,4.461,4.464,4.474,4.489,4.528,4.571,4.613,4.653,4.689,4.721,4.749,4.844
475.0,476.0,5.06,5.004,4.949,4.897,4.846,4.798,4.751,4.706,4.662,4.62,4.58,4.541,4.336,4.175,4.051,3.957,3.837,3.786,3.778,3.799,3.837,3.885,3.939,4.197
475.0,477.0,4.831,4.778,4.728,4.679,4.632,4.587,4.543,4.502,4.461,4.423,4.385,4.35,4.163,4.018,3.908,3.826,3.73,3.697,3.706,3.742,3.793,3.853,3.916,4.211
475.0,478.0,4.605,4.556,4.508,4.462,4.417,4.375,4.334,4.295,4.257,4.221,4.186,4.153,3.982,3.853,3.757,3.69,3.62,3.611,3.641,3.694,3.76,3.833,3.908,4.241
475.0,479.0,4.386,4.339,4.293,4.25,4.208,4.168,4.13,4.093,4.058,4.024,3.992,3.962,3.806,3.692,3.612,3.56,3.517,3.532,3.583,3.654,3.736,3.822,3.908,4.275
475.0,480.0,4.174,4.129,4.086,4.045,4.006,3.968,3.933,3.898,3.866,3.835,3.806,3.778,3.638,3.54,3.475,3.438,3.422,3.462,3.533,3.622,3.719,3.817,3.913,4.311
475.0,481.0,3.97,3.928,3.887,3.849,3.812,3.777,3.744,3.713,3.683,3.654,3.628,3.603,3.479,3.397,3.348,3.325,3.336,3.399,3.49,3.596,3.706,3.816,3.921,4.347
475.0,482.0,3.775,3.735,3.697,3.661,3.627,3.595,3.564,3.536,3.509,3.483,3.459,3.437,3.329,3.263,3.229,3.221,3.259,3.344,3.454,3.575,3.698,3.818,3.932,4.381
475.0,483.0,3.588,3.551,3.516,3.482,3.451,3.422,3.394,3.368,3.344,3.321,3.3,3.28,3.189,3.139,3.12,3.126,3.19,3.296,3.424,3.559,3.694,3.823,3.944,4.413
475.0,484.0,3.41,3.375,3.343,3.313,3.284,3.257,3.233,3.209,3.188,3.168,3.15,3.133,3.058,3.024,3.02,3.039,3.128,3.254,3.398,3.547,3.692,3.829,3.957,4.442
475.0,485.0,3.241,3.209,3.179,3.152,3.126,3.103,3.081,3.06,3.042,3.024,3.009,2.995,2.937,2.918,2.928,2.961,3.072,3.218,3.377,3.538,3.692,3.837,3.97,4.468
475.0,486.0,3.081,3.052,3.025,3.001,2.978,2.957,2.938,2.92,2.904,2.89,2.877,2.866,2.824,2.82,2.844,2.89,3.024,3.187,3.36,3.531,3.694,3.844,3.982,4.491
475.0,487.0,2.929,2.904,2.88,2.858,2.838,2.82,2.804,2.789,2.776,2.765,2.755,2.746,2.72,2.731,2.769,2.827,2.981,3.16,3.346,3.526,3.696,3.852,3.993,4.51
476.0,477.0,4.725,4.676,4.628,4.581,4.537,4.494,4.453,4.414,4.376,4.34,4.305,4.271,4.098,3.965,3.865,3.794,3.714,3.694,3.712,3.754,3.809,3.872,3.936,4.229
476.0,478.0,4.546,4.502,4.461,4.421,4.382,4.346,4.31,4.277,4.244,4.213,4.184,4.156,4.012,3.905,3.829,3.778,3.732,3.737,3.774,3.829,3.894,3.962,4.031,4.325
476.0,479.0,4.389,4.35,4.314,4.279,4.246,4.214,4.184,4.155,4.127,4.101,4.076,4.053,3.936,3.853,3.799,3.768,3.753,3.783,3.838,3.906,3.98,4.054,4.126,4.418
476.0,480.0,4.252,4.219,4.187,4.157,4.128,4.101,4.075,4.051,4.028,4.007,3.986,3.967,3.874,3.814,3.78,3.766,3.78,3.831,3.901,3.98,4.06,4.138,4.212,4.5
476.0,481.0,4.133,4.105,4.078,4.052,4.028,4.005,3.984,3.964,3.945,3.928,3.912,3.896,3.826,3.786,3.769,3.77,3.81,3.878,3.96,4.046,4.131,4.212,4.287,4.568
476.0,482.0,4.031,4.007,3.984,3.963,3.943,3.924,3.907,3.891,3.876,3.863,3.85,3.839,3.789,3.767,3.765,3.78,3.839,3.922,4.013,4.105,4.193,4.275,4.35,4.624
476.0,483.0,3.943,3.922,3.904,3.886,3.871,3.856,3.842,3.83,3.819,3.809,3.799,3.791,3.76,3.753,3.766,3.791,3.868,3.962,4.061,4.157,4.247,4.329,4.403,4.67
476.0,484.0,3.866,3.85,3.835,3.821,3.809,3.798,3.788,3.779,3.771,3.764,3.758,3.752,3.737,3.745,3.768,3.804,3.895,3.998,4.102,4.201,4.292,4.374,4.447,4.706
476.0,485.0,3.8,3.788,3.776,3.766,3.757,3.748,3.741,3.735,3.73,3.726,3.723,3.72,3.72,3.739,3.773,3.816,3.919,4.029,4.137,4.238,4.329,4.41,4.483,4.734
476.0,486.0,3.744,3.734,3.726,3.718,3.712,3.707,3.702,3.699,3.697,3.695,3.694,3.694,3.706,3.736,3.778,3.828,3.94,4.056,4.167,4.268,4.36,4.44,4.511,4.756
476.0,487.0,3.695,3.688,3.682,3.678,3.674,3.671,3.669,3.668,3.668,3.669,3.67,3.672,3.695,3.734,3.783,3.839,3.959,4.079,4.191,4.294,4.385,4.464,4.534,4.772
476.0,488.0,3.653,3.649,3.645,3.643,3.642,3.641,3.641,3.642,3.644,3.647,3.65,3.653,3.686,3.732,3.788,3.848,3.974,4.098,4.212,4.314,4.404,4.483,4.552,4.784
477.0,478.0,4.255,4.213,4.173,4.135,4.099,4.064,4.03,3.999,3.968,3.939,3.912,3.886,3.755,3.662,3.599,3.561,3.539,3.567,3.623,3.696,3.775,3.857,3.936,4.265
477.0,479.0,4.086,4.05,4.017,3.985,3.955,3.927,3.9,3.874,3.85,3.827,3.806,3.786,3.688,3.626,3.592,3.579,3.599,3.659,3.741,3.831,3.924,4.014,4.099,4.435
477.0,480.0,3.943,3.914,3.886,3.861,3.836,3.814,3.793,3.773,3.755,3.737,3.722,3.707,3.641,3.608,3.599,3.609,3.668,3.756,3.858,3.964,4.066,4.163,4.252,4.587
477.0,481.0,3.823,3.8,3.779,3.759,3.74,3.723,3.708,3.693,3.68,3.669,3.658,3.649,3.612,3.605,3.619,3.649,3.74,3.852,3.971,4.087,4.196,4.297,4.388,4.718
477.0,482.0,3.725,3.707,3.691,3.677,3.664,3.652,3.642,3.632,3.624,3.617,3.612,3.607,3.597,3.613,3.647,3.694,3.812,3.943,4.074,4.197,4.311,4.413,4.505,4.827
477.0,483.0,3.644,3.632,3.621,3.612,3.604,3.597,3.591,3.587,3.583,3.581,3.579,3.579,3.592,3.628,3.68,3.742,3.882,4.027,4.166,4.295,4.411,4.514,4.604,4.918
477.0,484.0,3.579,3.572,3.566,3.561,3.557,3.555,3.554,3.553,3.554,3.556,3.558,3.561,3.596,3.649,3.715,3.789,3.946,4.102,4.248,4.38,4.497,4.599,4.689,4.993
477.0,485.0,3.527,3.525,3.523,3.522,3.523,3.524,3.527,3.53,3.535,3.54,3.546,3.552,3.605,3.673,3.752,3.835,4.006,4.17,4.32,4.453,4.57,4.671,4.759,5.054
477.0,486.0,3.487,3.488,3.491,3.494,3.498,3.503,3.509,3.516,3.523,3.532,3.541,3.55,3.618,3.699,3.787,3.879,4.061,4.23,4.383,4.516,4.632,4.732,4.818,5.103
477.0,487.0,3.458,3.462,3.468,3.474,3.482,3.49,3.499,3.508,3.519,3.53,3.541,3.553,3.634,3.726,3.822,3.92,4.11,4.284,4.437,4.57,4.685,4.783,4.867,5.144
477.0,488.0,3.436,3.444,3.453,3.462,3.472,3.483,3.494,3.507,3.519,3.533,3.546,3.561,3.653,3.753,3.856,3.959,4.154,4.33,4.484,4.616,4.729,4.826,4.908,5.176
477.0,489.0,3.423,3.433,3.444,3.456,3.469,3.482,3.495,3.51,3.524,3.54,3.555,3.571,3.673,3.78,3.888,3.994,4.194,4.372,4.525,4.656,4.767,4.861,4.941,5.201
478.0,479.0,4.367,4.342,4.318,4.295,4.274,4.253,4.234,4.216,4.198,4.182,4.167,4.152,4.083,4.038,4.013,4.003,4.014,4.053,4.105,4.164,4.224,4.281,4.336,4.547
478.0,480.0,4.261,4.236,4.212,4.19,4.169,4.149,4.13,4.113,4.096,4.081,4.067,4.053,3.991,3.955,3.938,3.938,3.967,4.022,4.089,4.159,4.228,4.293,4.354,4.582
478.0,481.0,4.158,4.134,4.111,4.09,4.07,4.051,4.033,4.017,4.001,3.987,3.974,3.962,3.907,3.878,3.87,3.877,3.921,3.988,4.066,4.145,4.222,4.294,4.36,4.604
478.0,482.0,4.057,4.034,4.012,3.992,3.973,3.955,3.939,3.923,3.909,3.896,3.884,3.873,3.826,3.805,3.804,3.818,3.875,3.954,4.041,4.129,4.213,4.291,4.362,4.621
478.0,483.0,3.958,3.936,3.915,3.896,3.878,3.862,3.846,3.832,3.819,3.808,3.797,3.787,3.747,3.734,3.74,3.761,3.83,3.92,4.017,4.112,4.203,4.286,4.361,4.635
478.0,484.0,3.86,3.839,3.82,3.802,3.785,3.77,3.756,3.743,3.732,3.721,3.711,3.703,3.671,3.664,3.678,3.705,3.787,3.887,3.993,4.096,4.192,4.28,4.36,4.648
478.0,485.0,3.764,3.745,3.726,3.71,3.694,3.68,3.668,3.656,3.646,3.637,3.628,3.621,3.596,3.597,3.618,3.652,3.745,3.856,3.969,4.079,4.181,4.274,4.358,4.658
478.0,486.0,3.671,3.652,3.635,3.62,3.606,3.593,3.582,3.571,3.562,3.554,3.547,3.541,3.524,3.533,3.56,3.6,3.705,3.825,3.946,4.063,4.17,4.268,4.355,4.667
478.0,487.0,3.579,3.562,3.546,3.532,3.519,3.508,3.498,3.489,3.481,3.474,3.469,3.464,3.454,3.47,3.504,3.55,3.666,3.795,3.924,4.047,4.159,4.261,4.352,4.674
478.0,488.0,3.49,3.474,3.46,3.447,3.436,3.426,3.417,3.409,3.403,3.397,3.393,3.389,3.387,3.409,3.449,3.502,3.629,3.766,3.902,4.031,4.148,4.254,4.348,4.679
478.0,489.0,3.404,3.389,3.376,3.365,3.354,3.346,3.338,3.332,3.326,3.322,3.319,3.317,3.322,3.351,3.397,3.456,3.592,3.738,3.881,4.015,4.136,4.246,4.342,4.682
478.0,490.0,3.32,3.307,3.295,3.285,3.276,3.268,3.262,3.257,3.253,3.25,3.248,3.247,3.259,3.295,3.347,3.411,3.557,3.711,3.86,3.999,4.124,4.237,4.336,4.684
479.0,480.0,4.381,4.356,4.332,4.309,4.288,4.267,4.248,4.229,4.212,4.195,4.179,4.164,4.089,4.037,4.003,3.983,3.973,3.988,4.018,4.055,4.094,4.132,4.169,4.315
479.0,481.0,4.296,4.272,4.248,4.225,4.204,4.184,4.165,4.146,4.129,4.113,4.098,4.083,4.012,3.964,3.935,3.92,3.919,3.944,3.983,4.027,4.073,4.117,4.159,4.322
479.0,482.0,4.211,4.186,4.163,4.141,4.12,4.1,4.082,4.064,4.047,4.031,4.017,4.003,3.935,3.892,3.867,3.857,3.866,3.9,3.947,3.998,4.05,4.1,4.147,4.326
479.0,483.0,4.125,4.1,4.078,4.056,4.036,4.016,3.998,3.981,3.965,3.95,3.935,3.922,3.859,3.82,3.8,3.794,3.813,3.856,3.91,3.968,4.027,4.082,4.134,4.329
479.0,484.0,4.037,4.014,3.991,3.97,3.95,3.932,3.914,3.898,3.882,3.868,3.854,3.841,3.783,3.749,3.733,3.733,3.76,3.812,3.874,3.939,4.003,4.064,4.12,4.33
479.0,485.0,3.95,3.927,3.905,3.884,3.865,3.847,3.83,3.814,3.8,3.786,3.773,3.761,3.707,3.678,3.667,3.671,3.708,3.768,3.837,3.909,3.979,4.045,4.106,4.331
479.0,486.0,3.862,3.839,3.818,3.799,3.78,3.763,3.746,3.731,3.717,3.704,3.692,3.681,3.632,3.607,3.602,3.61,3.656,3.724,3.801,3.88,3.955,4.026,4.091,4.33
479.0,487.0,3.774,3.752,3.732,3.713,3.695,3.678,3.663,3.648,3.635,3.623,3.612,3.601,3.557,3.537,3.537,3.55,3.606,3.682,3.766,3.85,3.931,4.007,4.076,4.328
479.0,488.0,3.687,3.666,3.646,3.628,3.611,3.595,3.58,3.566,3.554,3.542,3.532,3.522,3.483,3.468,3.473,3.491,3.555,3.639,3.731,3.821,3.908,3.987,4.06,4.326
479.0,489.0,3.6,3.58,3.561,3.543,3.527,3.512,3.498,3.485,3.473,3.463,3.453,3.444,3.41,3.4,3.41,3.433,3.506,3.598,3.696,3.792,3.884,3.968,4.044,4.322
479.0,490.0,3.514,3.495,3.476,3.46,3.444,3.43,3.417,3.405,3.394,3.384,3.375,3.367,3.338,3.334,3.348,3.375,3.457,3.557,3.661,3.763,3.859,3.948,4.028,4.317
479.0,491.0,3.429,3.41,3.393,3.377,3.362,3.349,3.337,3.326,3.315,3.307,3.299,3.292,3.267,3.268,3.287,3.319,3.409,3.516,3.627,3.735,3.835,3.927,4.011,4.311
480.0,481.0,4.174,4.17,4.167,4.164,4.162,4.16,4.159,4.158,4.158,4.158,4.158,4.159,4.171,4.192,4.218,4.248,4.313,4.378,4.439,4.494,4.544,4.587,4.625,4.753
480.0,482.0,4.154,4.151,4.148,4.146,4.145,4.144,4.144,4.144,4.144,4.145,4.146,4.148,4.164,4.189,4.219,4.253,4.323,4.391,4.454,4.511,4.561,4.604,4.642,4.768
480.0,483.0,4.137,4.134,4.132,4.131,4.131,4.13,4.131,4.131,4.133,4.134,4.136,4.138,4.158,4.186,4.219,4.254,4.327,4.398,4.462,4.519,4.569,4.613,4.651,4.776
480.0,484.0,4.121,4.12,4.118,4.118,4.118,4.118,4.119,4.121,4.122,4.124,4.127,4.13,4.152,4.182,4.217,4.254,4.329,4.401,4.467,4.525,4.575,4.619,4.656,4.782
480.0,485.0,4.108,4.106,4.106,4.106,4.106,4.107,4.109,4.111,4.113,4.115,4.118,4.122,4.147,4.179,4.215,4.253,4.331,4.404,4.47,4.529,4.579,4.623,4.661,4.786
480.0,486.0,4.095,4.095,4.095,4.095,4.096,4.098,4.099,4.102,4.104,4.107,4.111,4.114,4.142,4.175,4.213,4.253,4.332,4.406,4.473,4.532,4.583,4.627,4.665,4.79
480.0,487.0,4.084,4.084,4.084,4.085,4.087,4.089,4.091,4.094,4.097,4.1,4.104,4.108,4.137,4.172,4.211,4.252,4.332,4.408,4.475,4.534,4.586,4.63,4.668,4.793
480.0,488.0,4.073,4.074,4.075,4.076,4.078,4.08,4.083,4.086,4.089,4.093,4.097,4.102,4.132,4.169,4.209,4.251,4.332,4.409,4.477,4.537,4.588,4.632,4.67,4.796
480.0,489.0,4.064,4.065,4.066,4.068,4.07,4.073,4.076,4.079,4.083,4.087,4.091,4.096,4.128,4.166,4.207,4.249,4.333,4.41,4.478,4.538,4.59,4.634,4.672,4.798
480.0,490.0,4.055,4.056,4.058,4.06,4.063,4.066,4.069,4.073,4.077,4.081,4.086,4.09,4.124,4.163,4.205,4.248,4.332,4.41,4.479,4.539,4.591,4.636,4.674,4.8
480.0,491.0,4.047,4.049,4.051,4.053,4.056,4.059,4.063,4.067,4.071,4.076,4.08,4.086,4.12,4.161,4.203,4.247,4.332,4.41,4.48,4.54,4.592,4.637,4.675,4.801
480.0,492.0,4.04,4.042,4.044,4.047,4.05,4.053,4.057,4.061,4.066,4.071,4.076,4.081,4.117,4.158,4.201,4.245,4.331,4.41,4.48,4.541,4.593,4.638,4.676,4.803
