231.0,232.0,0.02,0.04,0.058,0.075,0.092,0.107,0.121,0.135,0.148,0.16,0.171,0.182,0.232,0.265,0.285,0.295,0.297,0.284,0.266,0.245,0.226,0.207,0.19,0.131
231.0,233.0,0.021,0.041,0.06,0.078,0.095,0.111,0.126,0.14,0.153,0.165,0.176,0.187,0.238,0.27,0.288,0.297,0.295,0.28,0.26,0.239,0.219,0.2,0.183,0.126
231.0,234.0,0.022,0.043,0.062,0.081,0.098,0.114,0.129,0.143,0.157,0.169,0.181,0.192,0.242,0.273,0.29,0.298,0.294,0.277,0.256,0.234,0.213,0.194,0.178,0.122
231.0,235.0,0.023,0.044,0.064,0.083,0.1,0.117,0.132,0.147,0.16,0.173,0.184,0.195,0.245,0.276,0.292,0.298,0.292,0.274,0.252,0.229,0.208,0.19,0.173,0.118
231.0,236.0,0.023,0.045,0.066,0.085,0.103,0.119,0.135,0.149,0.163,0.176,0.187,0.198,0.248,0.278,0.293,0.298,0.291,0.271,0.248,0.226,0.205,0.186,0.17,0.115
231.0,237.0,0.024,0.046,0.067,0.086,0.104,0.121,0.137,0.152,0.165,0.178,0.19,0.201,0.251,0.28,0.294,0.298,0.29,0.269,0.246,0.223,0.202,0.183,0.167,0.113
231.0,238.0,0.024,0.047,0.068,0.087,0.106,0.123,0.139,0.153,0.167,0.18,0.192,0.203,0.252,0.281,0.295,0.298,0.288,0.267,0.243,0.22,0.199,0.18,0.164,0.111
231.0,239.0,0.024,0.047,0.068,0.088,0.107,0.124,0.14,0.155,0.169,0.181,0.193,0.204,0.254,0.282,0.295,0.298,0.288,0.266,0.242,0.218,0.197,0.178,0.162,0.11
231.0,240.0,0.025,0.048,0.069,0.089,0.108,0.125,0.141,0.156,0.17,0.183,0.195,0.206,0.255,0.283,0.296,0.298,0.287,0.265,0.24,0.216,0.195,0.177,0.161,0.109
231.0,241.0,0.025,0.048,0.07,0.09,0.108,0.126,0.142,0.157,0.171,0.184,0.196,0.207,0.256,0.283,0.296,0.298,0.286,0.264,0.239,0.215,0.194,0.176,0.16,0.108
231.0,242.0,0.025,0.048,0.07,0.09,0.109,0.127,0.143,0.158,0.172,0.185,0.197,0.208,0.257,0.284,0.296,0.298,0.286,0.263,0.238,0.214,0.193,0.174,0.159,0.107
231.0,243.0,0.025,0.049,0.07,0.091,0.11,0.127,0.143,0.159,0.172,0.185,0.197,0.208,0.257,0.284,0.296,0.298,0.285,0.262,0.237,0.213,0.192,0.174,0.158,0.107
232.0,233.0,0.021,0.041,0.059,0.077,0.094,0.109,0.124,0.138,0.151,0.163,0.174,0.185,0.235,0.268,0.287,0.296,0.296,0.282,0.263,0.242,0.222,0.203,0.186,0.128
232.0,234.0,0.022,0.043,0.062,0.08,0.098,0.114,0.129,0.143,0.156,0.169,0.18,0.191,0.242,0.273,0.29,0.297,0.294,0.277,0.256,0.234,0.214,0.195,0.179,0.122
232.0,235.0,0.023,0.044,0.064,0.083,0.101,0.117,0.133,0.147,0.161,0.173,0.185,0.196,0.246,0.276,0.292,0.298,0.292,0.273,0.251,0.228,0.208,0.189,0.172,0.117
232.0,236.0,0.024,0.046,0.066,0.086,0.104,0.12,0.136,0.151,0.164,0.177,0.189,0.2,0.25,0.279,0.294,0.298,0.29,0.27,0.247,0.224,0.203,0.184,0.168,0.114
232.0,237.0,0.024,0.047,0.068,0.087,0.106,0.123,0.139,0.154,0.167,0.18,0.192,0.203,0.252,0.281,0.295,0.298,0.288,0.267,0.243,0.22,0.199,0.18,0.164,0.111
232.0,238.0,0.025,0.048,0.069,0.089,0.107,0.125,0.141,0.156,0.17,0.182,0.194,0.205,0.255,0.282,0.295,0.298,0.287,0.265,0.24,0.217,0.196,0.177,0.161,0.109
232.0,239.0,0.025,0.048,0.07,0.09,0.109,0.126,0.142,0.157,0.171,0.184,0.196,0.207,0.256,0.284,0.296,0.298,0.286,0.263,0.238,0.215,0.193,0.175,0.159,0.108
232.0,240.0,0.025,0.049,0.071,0.091,0.11,0.127,0.144,0.159,0.173,0.186,0.198,0.209,0.258,0.284,0.296,0.298,0.285,0.262,0.237,0.213,0.192,0.173,0.157,0.106
232.0,241.0,0.025,0.049,0.071,0.092,0.111,0.128,0.145,0.16,0.174,0.187,0.199,0.21,0.259,0.285,0.297,0.298,0.284,0.261,0.235,0.211,0.19,0.172,0.156,0.105
232.0,242.0,0.026,0.049,0.072,0.092,0.111,0.129,0.145,0.161,0.175,0.188,0.2,0.211,0.259,0.286,0.297,0.298,0.284,0.26,0.234,0.21,0.189,0.171,0.155,0.105
232.0,243.0,0.026,0.05,0.072,0.093,0.112,0.13,0.146,0.161,0.175,0.188,0.2,0.211,0.26,0.286,0.297,0.298,0.283,0.259,0.233,0.209,0.188,0.17,0.154,0.104
232.0,244.0,0.026,0.05,0.072,0.093,0.112,0.13,0.147,0.162,0.176,0.189,0.201,0.212,0.26,0.286,0.297,0.298,0.283,0.259,0.233,0.209,0.188,0.169,0.154,0.104
233.0,234.0,0.021,0.041,0.06,0.077,0.094,0.11,0.125,0.138,0.151,0.164,0.175,0.186,0.236,0.269,0.287,0.296,0.296,0.281,0.262,0.241,0.221,0.202,0.185,0.127
233.0,235.0,0.022,0.043,0.062,0.081,0.098,0.114,0.129,0.144,0.157,0.169,0.181,0.192,0.242,0.273,0.29,0.298,0.294,0.277,0.256,0.234,0.213,0.194,0.178,0.122
233.0,236.0,0.023,0.044,0.065,0.083,0.101,0.118,0.133,0.148,0.161,0.174,0.185,0.196,0.246,0.276,0.292,0.298,0.292,0.273,0.251,0.228,0.207,0.188,0.172,0.117
233.0,237.0,0.024,0.046,0.066,0.086,0.104,0.121,0.136,0.151,0.165,0.177,0.189,0.2,0.25,0.279,0.294,0.298,0.29,0.27,0.247,0.224,0.203,0.184,0.168,0.114
233.0,238.0,0.024,0.047,0.068,0.087,0.106,0.123,0.139,0.153,0.167,0.18,0.192,0.203,0.252,0.281,0.295,0.298,0.288,0.267,0.243,0.22,0.199,0.18,0.164,0.111
233.0,239.0,0.025,0.047,0.069,0.089,0.107,0.125,0.141,0.156,0.169,0.182,0.194,0.205,0.254,0.282,0.295,0.298,0.287,0.265,0.241,0.217,0.196,0.178,0.162,0.109
233.0,240.0,0.025,0.048,0.07,0.09,0.109,0.126,0.142,0.157,0.171,0.184,0.196,0.207,0.256,0.283,0.296,0.298,0.286,0.264,0.239,0.215,0.194,0.175,0.16,0.108
233.0,241.0,0.025,0.049,0.07,0.091,0.109,0.127,0.143,0.158,0.172,0.185,0.197,0.208,0.257,0.284,0.296,0.298,0.285,0.262,0.237,0.213,0.192,0.174,0.158,0.107
233.0,242.0,0.025,0.049,0.071,0.091,0.11,0.128,0.144,0.159,0.173,0.186,0.198,0.209,0.258,0.285,0.296,0.298,0.285,0.261,0.236,0.212,0.191,0.173,0.157,0.106
233.0,243.0,0.025,0.049,0.071,0.092,0.111,0.129,0.145,0.16,0.174,0.187,0.199,0.21,0.259,0.285,0.297,0.298,0.284,0.26,0.235,0.211,0.19,0.172,0.156,0.105
233.0,244.0,0.026,0.049,0.072,0.092,0.111,0.129,0.145,0.161,0.175,0.188,0.2,0.211,0.259,0.286,0.297,0.298,0.284,0.26,0.234,0.21,0.189,0.171,0.155,0.105
233.0,245.0,0.026,0.05,0.072,0.093,0.112,0.129,0.146,0.161,0.175,0.188,0.2,0.211,0.26,0.286,0.297,0.298,0.283,0.259,0.234,0.21,0.188,0.17,0.155,0.104
234.0,235.0,0.021,0.04,0.059,0.076,0.093,0.108,0.123,0.137,0.15,0.162,0.173,0.184,0.235,0.267,0.286,0.296,0.296,0.283,0.264,0.243,0.223,0.204,0.188,0.129
234.0,236.0,0.022,0.042,0.062,0.08,0.097,0.113,0.128,0.142,0.155,0.168,0.179,0.19,0.24,0.272,0.289,0.297,0.294,0.278,0.257,0.236,0.215,0.197,0.18,0.123
234.0,237.0,0.023,0.044,0.064,0.083,0.1,0.117,0.132,0.146,0.16,0.172,0.184,0.195,0.245,0.275,0.292,0.298,0.292,0.274,0.252,0.23,0.209,0.19,0.174,0.119
234.0,238.0,0.023,0.045,0.066,0.085,0.103,0.12,0.135,0.15,0.163,0.176,0.188,0.199,0.249,0.278,0.293,0.298,0.291,0.271,0.248,0.225,0.204,0.185,0.169,0.115
234.0,239.0,0.024,0.046,0.067,0.087,0.105,0.122,0.138,0.153,0.166,0.179,0.191,0.202,0.251,0.28,0.294,0.298,0.289,0.268,0.245,0.221,0.2,0.182,0.166,0.112
234.0,240.0,0.024,0.047,0.068,0.088,0.107,0.124,0.14,0.155,0.169,0.181,0.193,0.204,0.254,0.282,0.295,0.298,0.288,0.266,0.242,0.218,0.197,0.179,0.163,0.11
234.0,241.0,0.025,0.048,0.069,0.089,0.108,0.125,0.142,0.157,0.17,0.183,0.195,0.206,0.255,0.283,0.296,0.298,0.286,0.264,0.239,0.216,0.195,0.176,0.16,0.108
234.0,242.0,0.025,0.048,0.07,0.09,0.109,0.127,0.143,0.158,0.172,0.185,0.197,0.208,0.257,0.284,0.296,0.298,0.286,0.263,0.238,0.214,0.193,0.174,0.159,0.107
234.0,243.0,0.025,0.049,0.071,0.091,0.11,0.128,0.144,0.159,0.173,0.186,0.198,0.209,0.258,0.285,0.296,0.298,0.285,0.261,0.236,0.212,0.191,0.173,0.157,0.106
234.0,244.0,0.025,0.049,0.071,0.092,0.111,0.128,0.145,0.16,0.174,0.187,0.199,0.21,0.259,0.285,0.297,0.298,0.284,0.261,0.235,0.211,0.19,0.172,0.156,0.105
234.0,245.0,0.026,0.049,0.072,0.092,0.111,0.129,0.145,0.161,0.175,0.188,0.2,0.211,0.259,0.286,0.297,0.298,0.284,0.26,0.234,0.21,0.189,0.171,0.155,0.105
234.0,246.0,0.026,0.05,0.072,0.093,0.112,0.13,0.146,0.161,0.175,0.188,0.2,0.211,0.26,0.286,0.297,0.298,0.283,0.259,0.233,0.21,0.188,0.17,0.154,0.104
235.0,236.0,0.02,0.04,0.058,0.075,0.091,0.107,0.121,0.135,0.147,0.159,0.171,0.181,0.232,0.265,0.285,0.295,0.297,0.285,0.266,0.246,0.226,0.208,0.191,0.132
235.0,237.0,0.021,0.042,0.061,0.078,0.095,0.111,0.126,0.14,0.153,0.165,0.177,0.187,0.238,0.27,0.288,0.297,0.295,0.28,0.26,0.239,0.218,0.2,0.183,0.126
235.0,238.0,0.022,0.043,0.063,0.081,0.099,0.115,0.13,0.144,0.157,0.17,0.181,0.192,0.243,0.274,0.291,0.298,0.293,0.276,0.255,0.233,0.212,0.193,0.177,0.121
235.0,239.0,0.023,0.044,0.065,0.083,0.101,0.118,0.133,0.148,0.161,0.174,0.185,0.196,0.246,0.276,0.292,0.298,0.292,0.273,0.251,0.228,0.207,0.188,0.172,0.117
235.0,240.0,0.023,0.045,0.066,0.085,0.103,0.12,0.136,0.15,0.164,0.177,0.188,0.199,0.249,0.279,0.293,0.298,0.29,0.27,0.247,0.224,0.203,0.185,0.168,0.114
235.0,241.0,0.024,0.046,0.067,0.087,0.105,0.122,0.138,0.153,0.166,0.179,0.191,0.202,0.252,0.28,0.294,0.298,0.289,0.268,0.244,0.221,0.2,0.181,0.165,0.112
235.0,242.0,0.024,0.047,0.068,0.088,0.107,0.124,0.14,0.155,0.168,0.181,0.193,0.204,0.253,0.282,0.295,0.298,0.288,0.266,0.242,0.219,0.197,0.179,0.163,0.11
235.0,243.0,0.025,0.048,0.069,0.089,0.108,0.125,0.141,0.156,0.17,0.183,0.195,0.206,0.255,0.283,0.295,0.298,0.287,0.265,0.24,0.217,0.195,0.177,0.161,0.109
235.0,244.0,0.025,0.048,0.07,0.09,0.109,0.126,0.142,0.157,0.171,0.184,0.196,0.207,0.256,0.283,0.296,0.298,0.286,0.263,0.239,0.215,0.194,0.175,0.159,0.108
235.0,245.0,0.025,0.048,0.07,0.09,0.109,0.127,0.143,0.158,0.172,0.185,0.197,0.208,0.257,0.284,0.296,0.298,0.285,0.262,0.237,0.214,0.193,0.174,0.158,0.107
235.0,246.0,0.025,0.049,0.071,0.091,0.11,0.127,0.144,0.159,0.173,0.186,0.198,0.209,0.258,0.284,0.296,0.298,0.285,0.262,0.236,0.213,0.191,0.173,0.157,0.106
235.0,247.0,0.025,0.049,0.071,0.091,0.11,0.128,0.144,0.159,0.173,0.186,0.198,0.209,0.258,0.285,0.296,0.298,0.284,0.261,0.236,0.212,0.191,0.172,0.157,0.106
236.0,237.0,0.02,0.038,0.056,0.073,0.089,0.103,0.118,0.131,0.143,0.155,0.166,0.177,0.228,0.261,0.282,0.294,0.298,0.287,0.27,0.251,0.232,0.213,0.197,0.137
236.0,238.0,0.021,0.04,0.059,0.076,0.093,0.108,0.123,0.137,0.15,0.162,0.173,0.184,0.234,0.267,0.286,0.296,0.296,0.283,0.264,0.243,0.223,0.205,0.188,0.129
236.0,239.0,0.022,0.042,0.061,0.079,0.096,0.112,0.127,0.141,0.155,0.167,0.178,0.189,0.24,0.271,0.289,0.297,0.295,0.279,0.258,0.237,0.216,0.197,0.181,0.124
236.0,240.0,0.022,0.044,0.063,0.082,0.1,0.116,0.131,0.145,0.159,0.171,0.183,0.194,0.244,0.275,0.291,0.298,0.293,0.275,0.253,0.231,0.21,0.192,0.175,0.119
236.0,241.0,0.023,0.045,0.065,0.084,0.102,0.119,0.134,0.149,0.162,0.175,0.187,0.197,0.248,0.277,0.293,0.298,0.291,0.272,0.249,0.227,0.206,0.187,0.171,0.116
236.0,242.0,0.024,0.046,0.067,0.086,0.104,0.121,0.137,0.151,0.165,0.178,0.19,0.2,0.25,0.279,0.294,0.298,0.29,0.269,0.246,0.223,0.202,0.183,0.167,0.113
236.0,243.0,0.024,0.047,0.068,0.087,0.106,0.123,0.139,0.154,0.167,0.18,0.192,0.203,0.252,0.281,0.295,0.298,0.288,0.267,0.243,0.22,0.199,0.18,0.164,0.111
236.0,244.0,0.024,0.047,0.069,0.089,0.107,0.124,0.14,0.155,0.169,0.182,0.194,0.205,0.254,0.282,0.295,0.298,0.287,0.265,0.241,0.218,0.196,0.178,0.162,0.11
236.0,245.0,0.025,0.048,0.069,0.09,0.108,0.126,0.142,0.157,0.171,0.183,0.195,0.206,0.256,0.283,0.296,0.298,0.286,0.264,0.239,0.216,0.194,0.176,0.16,0.108
236.0,246.0,0.025,0.048,0.07,0.09,0.109,0.127,0.143,0.158,0.172,0.185,0.197,0.208,0.257,0.284,0.296,0.298,0.286,0.263,0.238,0.214,0.193,0.174,0.159,0.107
236.0,247.0,0.025,0.049,0.071,0.091,0.11,0.127,0.144,0.159,0.173,0.186,0.198,0.209,0.258,0.284,0.296,0.298,0.285,0.262,0.237,0.213,0.192,0.173,0.157,0.106
236.0,248.0,0.025,0.049,0.071,0.091,0.11,0.128,0.144,0.16,0.174,0.186,0.198,0.209,0.258,0.285,0.296,0.298,0.284,0.261,0.236,0.212,0.191,0.172,0.157,0.106
237.0,238.0,0.019,0.036,0.053,0.069,0.085,0.099,0.113,0.125,0.138,0.149,0.16,0.17,0.221,0.255,0.278,0.291,0.298,0.291,0.276,0.258,0.239,0.222,0.205,0.144
237.0,239.0,0.02,0.039,0.056,0.073,0.089,0.104,0.118,0.132,0.144,0.156,0.167,0.178,0.228,0.262,0.283,0.294,0.298,0.287,0.27,0.25,0.231,0.212,0.195,0.136
237.0,240.0,0.021,0.04,0.059,0.076,0.093,0.108,0.123,0.137,0.15,0.162,0.173,0.184,0.234,0.267,0.286,0.296,0.296,0.283,0.264,0.243,0.223,0.204,0.188,0.129
237.0,241.0,0.022,0.042,0.061,0.079,0.096,0.112,0.127,0.141,0.154,0.167,0.178,0.189,0.239,0.271,0.289,0.297,0.295,0.279,0.259,0.237,0.217,0.198,0.181,0.124
237.0,242.0,0.022,0.043,0.063,0.082,0.099,0.115,0.13,0.145,0.158,0.17,0.182,0.193,0.243,0.274,0.291,0.298,0.293,0.276,0.254,0.232,0.211,0.193,0.176,0.12
237.0,243.0,0.023,0.044,0.065,0.084,0.101,0.118,0.133,0.148,0.161,0.174,0.185,0.196,0.247,0.277,0.292,0.298,0.292,0.273,0.251,0.228,0.207,0.188,0.172,0.117
237.0,244.0,0.023,0.045,0.066,0.085,0.103,0.12,0.136,0.15,0.164,0.176,0.188,0.199,0.249,0.278,0.293,0.298,0.29,0.271,0.247,0.225,0.203,0.185,0.169,0.115
237.0,245.0,0.024,0.046,0.067,0.087,0.105,0.122,0.138,0.152,0.166,0.179,0.19,0.201,0.251,0.28,0.294,0.298,0.289,0.269,0.245,0.222,0.201,0.182,0.166,0.113
237.0,246.0,0.024,0.047,0.068,0.088,0.106,0.123,0.139,0.154,0.168,0.181,0.192,0.203,0.253,0.281,0.295,0.298,0.288,0.267,0.243,0.219,0.198,0.18,0.164,0.111
237.0,247.0,0.024,0.047,0.069,0.089,0.107,0.124,0.14,0.155,0.169,0.182,0.194,0.205,0.254,0.282,0.295,0.298,0.287,0.265,0.241,0.217,0.196,0.178,0.162,0.11
237.0,248.0,0.025,0.048,0.069,0.089,0.108,0.125,0.142,0.156,0.17,0.183,0.195,0.206,0.255,0.283,0.296,0.298,0.286,0.264,0.24,0.216,0.195,0.176,0.16,0.109
237.0,249.0,0.025,0.048,0.07,0.09,0.109,0.126,0.142,0.157,0.171,0.184,0.196,0.207,0.256,0.284,0.296,0.298,0.286,0.263,0.238,0.215,0.194,0.175,0.159,0.108
238.0,239.0,0.018,0.035,0.051,0.067,0.081,0.095,0.109,0.121,0.133,0.144,0.155,0.165,0.215,0.251,0.274,0.288,0.298,0.293,0.28,0.264,0.246,0.228,0.212,0.15
238.0,240.0,0.019,0.037,0.054,0.071,0.086,0.101,0.114,0.127,0.14,0.151,0.162,0.173,0.223,0.258,0.279,0.292,0.298,0.29,0.274,0.255,0.237,0.219,0.202,0.141
238.0,241.0,0.02,0.039,0.057,0.074,0.09,0.105,0.119,0.133,0.146,0.157,0.169,0.179,0.23,0.263,0.284,0.294,0.297,0.286,0.268,0.248,0.229,0.21,0.193,0.134
238.0,242.0,0.021,0.041,0.059,0.077,0.094,0.109,0.124,0.138,0.15,0.163,0.174,0.185,0.235,0.268,0.287,0.296,0.296,0.282,0.263,0.242,0.222,0.203,0.186,0.128
238.0,243.0,0.022,0.042,0.061,0.079,0.097,0.112,0.127,0.141,0.155,0.167,0.178,0.189,0.24,0.271,0.289,0.297,0.294,0.279,0.258,0.237,0.216,0.197,0.181,0.124
238.0,244.0,0.022,0.043,0.063,0.082,0.099,0.115,0.131,0.145,0.158,0.171,0.182,0.193,0.243,0.274,0.291,0.298,0.293,0.276,0.254,0.232,0.211,0.192,0.176,0.12
238.0,245.0,0.023,0.044,0.065,0.084,0.101,0.118,0.133,0.148,0.161,0.174,0.185,0.196,0.246,0.276,0.292,0.298,0.292,0.273,0.251,0.228,0.207,0.188,0.172,0.117
238.0,246.0,0.023,0.045,0.066,0.085,0.103,0.12,0.135,0.15,0.164,0.176,0.188,0.199,0.249,0.278,0.293,0.298,0.29,0.271,0.248,0.225,0.204,0.185,0.169,0.115
238.0,247.0,0.024,0.046,0.067,0.086,0.105,0.121,0.137,0.152,0.166,0.178,0.19,0.201,0.251,0.28,0.294,0.298,0.289,0.269,0.245,0.222,0.201,0.182,0.166,0.113
238.0,248.0,0.024,0.047,0.068,0.087,0.106,0.123,0.139,0.154,0.167,0.18,0.192,0.203,0.253,0.281,0.295,0.298,0.288,0.267,0.243,0.22,0.199,0.18,0.164,0.111
238.0,249.0,0.024,0.047,0.068,0.088,0.107,0.124,0.14,0.155,0.169,0.182,0.193,0.204,0.254,0.282,0.295,0.298,0.287,0.266,0.242,0.218,0.197,0.178,0.162,0.11
238.0,250.0,0.025,0.048,0.069,0.089,0.108,0.125,0.141,0.156,0.17,0.183,0.195,0.206,0.255,0.283,0.296,0.298,0.287,0.265,0.24,0.217,0.195,0.177,0.161,0.109
239.0,240.0,0.018,0.035,0.052,0.067,0.082,0.096,0.11,0.122,0.134,0.146,0.156,0.167,0.217,0.252,0.275,0.289,0.298,0.293,0.279,0.262,0.244,0.227,0.21,0.148
239.0,241.0,0.019,0.038,0.055,0.071,0.087,0.101,0.115,0.129,0.141,0.153,0.164,0.174,0.225,0.259,0.28,0.292,0.298,0.289,0.273,0.254,0.235,0.217,0.2,0.139
239.0,242.0,0.02,0.039,0.058,0.075,0.091,0.106,0.12,0.134,0.147,0.159,0.17,0.18,0.231,0.264,0.284,0.295,0.297,0.285,0.267,0.247,0.227,0.209,0.192,0.133
239.0,243.0,0.021,0.041,0.06,0.078,0.094,0.11,0.125,0.139,0.152,0.164,0.175,0.186,0.237,0.269,0.287,0.296,0.296,0.281,0.262,0.241,0.22,0.202,0.185,0.127
239.0,244.0,0.022,0.042,0.062,0.08,0.097,0.113,0.128,0.142,0.156,0.168,0.179,0.19,0.241,0.272,0.29,0.297,0.294,0.278,0.257,0.235,0.215,0.196,0.179,0.123
239.0,245.0,0.023,0.044,0.064,0.082,0.1,0.116,0.131,0.146,0.159,0.171,0.183,0.194,0.244,0.275,0.291,0.298,0.293,0.275,0.253,0.231,0.21,0.191,0.175,0.119
239.0,246.0,0.023,0.045,0.065,0.084,0.102,0.118,0.134,0.148,0.162,0.174,0.186,0.197,0.247,0.277,0.293,0.298,0.291,0.273,0.25,0.227,0.206,0.188,0.171,0.117
239.0,247.0,0.023,0.045,0.066,0.085,0.103,0.12,0.136,0.15,0.164,0.177,0.188,0.199,0.249,0.279,0.293,0.298,0.29,0.27,0.247,0.224,0.203,0.185,0.168,0.114
239.0,248.0,0.024,0.046,0.067,0.087,0.105,0.122,0.138,0.152,0.166,0.179,0.19,0.201,0.251,0.28,0.294,0.298,0.289,0.269,0.245,0.222,0.201,0.182,0.166,0.113
239.0,249.0,0.024,0.047,0.068,0.088,0.106,0.123,0.139,0.154,0.168,0.18,0.192,0.203,0.253,0.281,0.295,0.298,0.288,0.267,0.243,0.22,0.199,0.18,0.164,0.111
239.0,250.0,0.024,0.047,0.069,0.088,0.107,0.124,0.14,0.155,0.169,0.182,0.193,0.204,0.254,0.282,0.295,0.298,0.287,0.266,0.241,0.218,0.197,0.178,0.162,0.11
239.0,251.0,0.025,0.048,0.069,0.089,0.108,0.125,0.141,0.156,0.17,0.183,0.195,0.205,0.255,0.283,0.295,0.298,0.287,0.265,0.24,0.217,0.195,0.177,0.161,0.109
240.0,241.0,0.018,0.036,0.052,0.068,0.083,0.097,0.11,0.123,0.135,0.146,0.157,0.167,0.218,0.253,0.275,0.289,0.298,0.292,0.278,0.261,0.243,0.226,0.209,0.147
240.0,242.0,0.019,0.038,0.055,0.072,0.087,0.102,0.116,0.129,0.141,0.153,0.164,0.175,0.225,0.259,0.281,0.293,0.298,0.289,0.272,0.254,0.234,0.216,0.2,0.139
240.0,243.0,0.02,0.039,0.058,0.075,0.091,0.106,0.121,0.134,0.147,0.159,0.17,0.181,0.231,0.264,0.284,0.295,0.297,0.285,0.267,0.247,0.227,0.208,0.192,0.132
240.0,244.0,0.021,0.041,0.06,0.078,0.094,0.11,0.125,0.138,0.151,0.164,0.175,0.186,0.236,0.269,0.287,0.296,0.296,0.281,0.262,0.241,0.22,0.202,0.185,0.127
240.0,245.0,0.022,0.042,0.062,0.08,0.097,0.113,0.128,0.142,0.155,0.168,0.179,0.19,0.241,0.272,0.29,0.297,0.294,0.278,0.257,0.236,0.215,0.196,0.18,0.123
240.0,246.0,0.022,0.044,0.063,0.082,0.099,0.116,0.131,0.145,0.159,0.171,0.183,0.194,0.244,0.275,0.291,0.298,0.293,0.275,0.254,0.231,0.21,0.192,0.175,0.12
240.0,247.0,0.023,0.045,0.065,0.084,0.101,0.118,0.133,0.148,0.161,0.174,0.186,0.197,0.247,0.277,0.292,0.298,0.292,0.273,0.25,0.228,0.207,0.188,0.172,0.117
240.0,248.0,0.023,0.045,0.066,0.085,0.103,0.12,0.136,0.15,0.164,0.176,0.188,0.199,0.249,0.278,0.293,0.298,0.29,0.271,0.248,0.225,0.204,0.185,0.169,0.115
240.0,249.0,0.024,0.046,0.067,0.086,0.104,0.121,0.137,0.152,0.166,0.178,0.19,0.201,0.251,0.28,0.294,0.298,0.289,0.269,0.245,0.222,0.201,0.183,0.166,0.113
240.0,250.0,0.024,0.047,0.068,0.087,0.106,0.123,0.139,0.153,0.167,0.18,0.192,0.203,0.252,0.281,0.295,0.298,0.288,0.267,0.243,0.22,0.199,0.18,0.164,0.111
240.0,251.0,0.024,0.047,0.068,0.088,0.107,0.124,0.14,0.155,0.168,0.181,0.193,0.204,0.254,0.282,0.295,0.298,0.288,0.266,0.242,0.218,0.197,0.179,0.163,0.11
240.0,252.0,0.025,0.047,0.069,0.089,0.107,0.125,0.141,0.156,0.17,0.182,0.194,0.205,0.255,0.282,0.295,0.298,0.287,0.265,0.241,0.217,0.196,0.177,0.161,0.109
241.0,242.0,0.019,0.037,0.054,0.071,0.086,0.101,0.114,0.127,0.14,0.151,0.162,0.173,0.223,0.258,0.279,0.292,0.298,0.29,0.274,0.255,0.237,0.219,0.202,0.141
241.0,243.0,0.02,0.039,0.057,0.074,0.09,0.105,0.119,0.133,0.145,0.157,0.168,0.179,0.23,0.263,0.283,0.294,0.297,0.286,0.268,0.248,0.229,0.21,0.194,0.134
241.0,244.0,0.021,0.041,0.059,0.077,0.093,0.109,0.123,0.137,0.15,0.162,0.174,0.184,0.235,0.267,0.287,0.296,0.296,0.282,0.263,0.242,0.222,0.204,0.187,0.129
241.0,245.0,0.022,0.042,0.061,0.079,0.096,0.112,0.127,0.141,0.154,0.166,0.178,0.189,0.239,0.271,0.289,0.297,0.295,0.279,0.259,0.237,0.217,0.198,0.181,0.124
241.0,246.0,0.022,0.043,0.063,0.081,0.099,0.115,0.13,0.144,0.158,0.17,0.182,0.192,0.243,0.274,0.291,0.298,0.293,0.276,0.255,0.233,0.212,0.193,0.177,0.121
241.0,247.0,0.023,0.044,0.064,0.083,0.101,0.117,0.133,0.147,0.16,0.173,0.185,0.195,0.246,0.276,0.292,0.298,0.292,0.274,0.251,0.229,0.208,0.189,0.173,0.118
241.0,248.0,0.023,0.045,0.065,0.085,0.102,0.119,0.135,0.149,0.163,0.175,0.187,0.198,0.248,0.278,0.293,0.298,0.291,0.272,0.249,0.226,0.205,0.186,0.17,0.116
241.0,249.0,0.024,0.046,0.066,0.086,0.104,0.121,0.136,0.151,0.165,0.177,0.189,0.2,0.25,0.279,0.294,0.298,0.29,0.27,0.246,0.223,0.202,0.184,0.167,0.114
241.0,250.0,0.024,0.046,0.067,0.087,0.105,0.122,0.138,0.153,0.166,0.179,0.191,0.202,0.252,0.28,0.294,0.298,0.289,0.268,0.244,0.221,0.2,0.181,0.165,0.112
241.0,251.0,0.024,0.047,0.068,0.088,0.106,0.123,0.139,0.154,0.168,0.181,0.192,0.203,0.253,0.281,0.295,0.298,0.288,0.267,0.243,0.219,0.198,0.18,0.164,0.111
241.0,252.0,0.024,0.047,0.069,0.088,0.107,0.124,0.14,0.155,0.169,0.182,0.194,0.205,0.254,0.282,0.295,0.298,0.287,0.266,0.241,0.218,0.197,0.178,0.162,0.11
241.0,253.0,0.025,0.048,0.069,0.089,0.108,0.125,0.141,0.156,0.17,0.183,0.195,0.206,0.255,0.283,0.295,0.298,0.287,0.265,0.24,0.217,0.195,0.177,0.161,0.109
242.0,243.0,0.02,0.04,0.058,0.075,0.091,0.106,0.121,0.134,0.147,0.159,0.17,0.181,0.232,0.265,0.285,0.295,0.297,0.285,0.266,0.246,0.226,0.208,0.191,0.132
242.0,244.0,0.021,0.041,0.06,0.078,0.094,0.11,0.125,0.139,0.152,0.164,0.175,0.186,0.237,0.269,0.287,0.296,0.296,0.281,0.261,0.24,0.22,0.201,0.185,0.127
242.0,245.0,0.022,0.042,0.062,0.08,0.097,0.113,0.128,0.142,0.155,0.168,0.179,0.19,0.241,0.272,0.29,0.297,0.294,0.278,0.257,0.236,0.215,0.196,0.18,0.123
242.0,246.0,0.022,0.044,0.063,0.082,0.099,0.116,0.131,0.145,0.159,0.171,0.183,0.193,0.244,0.275,0.291,0.298,0.293,0.275,0.254,0.231,0.211,0.192,0.175,0.12
242.0,247.0,0.023,0.044,0.065,0.084,0.101,0.118,0.133,0.148,0.161,0.174,0.185,0.196,0.246,0.277,0.292,0.298,0.292,0.273,0.251,0.228,0.207,0.188,0.172,0.117
242.0,248.0,0.023,0.045,0.066,0.085,0.103,0.12,0.135,0.15,0.163,0.176,0.188,0.199,0.249,0.278,0.293,0.298,0.291,0.271,0.248,0.225,0.204,0.186,0.169,0.115
242.0,249.0,0.024,0.046,0.067,0.086,0.104,0.121,0.137,0.151,0.165,0.178,0.19,0.2,0.25,0.279,0.294,0.298,0.29,0.269,0.246,0.223,0.202,0.183,0.167,0.113
242.0,250.0,0.024,0.046,0.067,0.087,0.105,0.122,0.138,0.153,0.167,0.179,0.191,0.202,0.252,0.28,0.294,0.298,0.289,0.268,0.244,0.221,0.2,0.181,0.165,0.112
242.0,251.0,0.024,0.047,0.068,0.088,0.106,0.123,0.139,0.154,0.168,0.181,0.192,0.203,0.253,0.281,0.295,0.298,0.288,0.267,0.243,0.219,0.198,0.18,0.164,0.111
242.0,252.0,0.024,0.047,0.068,0.088,0.107,0.124,0.14,0.155,0.169,0.182,0.193,0.204,0.254,0.282,0.295,0.298,0.287,0.266,0.241,0.218,0.197,0.178,0.162,0.11
242.0,253.0,0.025,0.048,0.069,0.089,0.107,0.125,0.141,0.156,0.17,0.182,0.194,0.205,0.255,0.282,0.295,0.298,0.287,0.265,0.24,0.217,0.196,0.177,0.161,0.109
242.0,254.0,0.025,0.048,0.069,0.089,0.108,0.125,0.141,0.156,0.17,0.183,0.195,0.206,0.255,0.283,0.296,0.298,0.287,0.264,0.24,0.216,0.195,0.176,0.161,0.109
243.0,244.0,0.022,0.042,0.062,0.08,0.097,0.113,0.128,0.142,0.156,0.168,0.179,0.19,0.241,0.272,0.29,0.297,0.294,0.278,0.257,0.235,0.215,0.196,0.179,0.123
243.0,245.0,0.022,0.044,0.063,0.082,0.099,0.116,0.131,0.145,0.159,0.171,0.183,0.194,0.244,0.275,0.291,0.298,0.293,0.275,0.254,0.231,0.211,0.192,0.175,0.12
243.0,246.0,0.023,0.044,0.065,0.084,0.101,0.118,0.133,0.148,0.161,0.174,0.185,0.196,0.247,0.277,0.292,0.298,0.292,0.273,0.251,0.228,0.207,0.188,0.172,0.117
243.0,247.0,0.023,0.045,0.066,0.085,0.103,0.12,0.135,0.15,0.163,0.176,0.188,0.199,0.249,0.278,0.293,0.298,0.291,0.271,0.248,0.225,0.204,0.186,0.169,0.115
243.0,248.0,0.024,0.046,0.067,0.086,0.104,0.121,0.137,0.151,0.165,0.178,0.19,0.2,0.25,0.279,0.294,0.298,0.29,0.269,0.246,0.223,0.202,0.183,0.167,0.113
243.0,249.0,0.024,0.046,0.067,0.087,0.105,0.122,0.138,0.153,0.167,0.179,0.191,0.202,0.252,0.28,0.294,0.298,0.289,0.268,0.244,0.221,0.2,0.181,0.165,0.112
243.0,250.0,0.024,0.047,0.068,0.088,0.106,0.123,0.139,0.154,0.168,0.181,0.192,0.203,0.253,0.281,0.295,0.298,0.288,0.267,0.243,0.219,0.198,0.18,0.164,0.111
243.0,251.0,0.024,0.047,0.069,0.088,0.107,0.124,0.14,0.155,0.169,0.182,0.193,0.204,0.254,0.282,0.295,0.298,0.287,0.266,0.241,0.218,0.197,0.178,0.162,0.11
243.0,252.0,0.025,0.048,0.069,0.089,0.107,0.125,0.141,0.156,0.17,0.182,0.194,0.205,0.255,0.282,0.295,0.298,0.287,0.265,0.24,0.217,0.196,0.177,0.161,0.109
243.0,253.0,0.025,0.048,0.069,0.089,0.108,0.125,0.141,0.156,0.17,0.183,0.195,0.206,0.255,0.283,0.296,0.298,0.287,0.264,0.24,0.216,0.195,0.176,0.16,0.109
243.0,254.0,0.025,0.048,0.07,0.09,0.108,0.126,0.142,0.157,0.171,0.184,0.196,0.207,0.256,0.283,0.296,0.298,0.286,0.264,0.239,0.215,0.194,0.176,0.16,0.108
243.0,255.0,0.025,0.048,0.07,0.09,0.109,0.126,0.142,0.157,0.171,0.184,0.196,0.207,0.256,0.284,0.296,0.298,0.286,0.263,0.238,0.215,0.193,0.175,0.159,0.108
244.0,245.0,0.023,0.045,0.065,0.084,0.101,0.118,0.133,0.148,0.161,0.174,0.186,0.196,0.247,0.277,0.292,0.298,0.292,0.273,0.25,0.228,0.207,0.188,0.172,0.117
244.0,246.0,0.023,0.045,0.066,0.085,0.103,0.12,0.136,0.15,0.164,0.176,0.188,0.199,0.249,0.278,0.293,0.298,0.29,0.271,0.248,0.225,0.204,0.185,0.169,0.115
244.0,247.0,0.024,0.046,0.067,0.086,0.105,0.121,0.137,0.152,0.166,0.178,0.19,0.201,0.251,0.28,0.294,0.298,0.289,0.269,0.245,0.222,0.201,0.182,0.166,0.113
244.0,248.0,0.024,0.047,0.068,0.087,0.106,0.123,0.139,0.154,0.167,0.18,0.192,0.203,0.252,0.281,0.295,0.298,0.288,0.267,0.243,0.22,0.199,0.18,0.164,0.111
244.0,249.0,0.024,0.047,0.068,0.088,0.107,0.124,0.14,0.155,0.169,0.181,0.193,0.204,0.254,0.282,0.295,0.298,0.288,0.266,0.242,0.218,0.197,0.179,0.163,0.11
244.0,250.0,0.025,0.048,0.069,0.089,0.108,0.125,0.141,0.156,0.17,0.183,0.194,0.205,0.255,0.283,0.295,0.298,0.287,0.265,0.24,0.217,0.196,0.177,0.161,0.109
244.0,251.0,0.025,0.048,0.069,0.09,0.108,0.126,0.142,0.157,0.171,0.184,0.195,0.206,0.256,0.283,0.296,0.298,0.286,0.264,0.239,0.216,0.194,0.176,0.16,0.108
244.0,252.0,0.025,0.048,0.07,0.09,0.109,0.126,0.142,0.157,0.171,0.184,0.196,0.207,0.256,0.284,0.296,0.298,0.286,0.263,0.238,0.215,0.193,0.175,0.159,0.108
244.0,253.0,0.025,0.048,0.07,0.09,0.109,0.127,0.143,0.158,0.172,0.185,0.197,0.208,0.257,0.284,0.296,0.298,0.285,0.263,0.238,0.214,0.193,0.174,0.158,0.107
244.0,254.0,0.025,0.049,0.07,0.091,0.11,0.127,0.143,0.159,0.173,0.185,0.197,0.208,0.257,0.284,0.296,0.298,0.285,0.262,0.237,0.213,0.192,0.174,0.158,0.107
244.0,255.0,0.025,0.049,0.071,0.091,0.11,0.128,0.144,0.159,0.173,0.186,0.198,0.209,0.258,0.285,0.296,0.298,0.285,0.262,0.236,0.213,0.191,0.173,0.157,0.106
244.0,256.0,0.025,0.049,0.071,0.091,0.11,0.128,0.144,0.159,0.173,0.186,0.198,0.209,0.258,0.285,0.296,0.298,0.285,0.261,0.236,0.212,0.191,0.173,0.157,0.106
245.0,246.0,0.024,0.046,0.066,0.086,0.104,0.121,0.137,0.151,0.165,0.178,0.189,0.2,0.25,0.279,0.294,0.298,0.29,0.27,0.246,0.223,0.202,0.184,0.167,0.114
245.0,247.0,0.024,0.046,0.067,0.087,0.105,0.122,0.138,0.153,0.167,0.179,0.191,0.202,0.252,0.28,0.294,0.298,0.289,0.268,0.244,0.221,0.2,0.181,0.165,0.112
245.0,248.0,0.024,0.047,0.068,0.088,0.106,0.123,0.139,0.154,0.168,0.181,0.193,0.203,0.253,0.281,0.295,0.298,0.288,0.267,0.242,0.219,0.198,0.179,0.163,0.111
245.0,249.0,0.024,0.047,0.069,0.089,0.107,0.124,0.14,0.155,0.169,0.182,0.194,0.205,0.254,0.282,0.295,0.298,0.287,0.265,0.241,0.218,0.196,0.178,0.162,0.11
245.0,250.0,0.025,0.048,0.069,0.089,0.108,0.125,0.141,0.156,0.17,0.183,0.195,0.206,0.255,0.283,0.296,0.298,0.287,0.265,0.24,0.216,0.195,0.177,0.161,0.109
245.0,251.0,0.025,0.048,0.07,0.09,0.108,0.126,0.142,0.157,0.171,0.184,0.196,0.207,0.256,0.283,0.296,0.298,0.286,0.264,0.239,0.215,0.194,0.176,0.16,0.108
245.0,252.0,0.025,0.048,0.07,0.09,0.109,0.126,0.143,0.158,0.171,0.184,0.196,0.207,0.256,0.284,0.296,0.298,0.286,0.263,0.238,0.214,0.193,0.175,0.159,0.107
245.0,253.0,0.025,0.048,0.07,0.09,0.109,0.127,0.143,0.158,0.172,0.185,0.197,0.208,0.257,0.284,0.296,0.298,0.285,0.263,0.238,0.214,0.193,0.174,0.158,0.107
245.0,254.0,0.025,0.049,0.07,0.091,0.11,0.127,0.143,0.158,0.172,0.185,0.197,0.208,0.257,0.284,0.296,0.298,0.285,0.262,0.237,0.213,0.192,0.174,0.158,0.107
245.0,255.0,0.025,0.049,0.071,0.091,0.11,0.127,0.144,0.159,0.173,0.186,0.198,0.209,0.258,0.284,0.296,0.298,0.285,0.262,0.237,0.213,0.192,0.173,0.157,0.106
245.0,256.0,0.025,0.049,0.071,0.091,0.11,0.128,0.144,0.159,0.173,0.186,0.198,0.209,0.258,0.285,0.296,0.298,0.285,0.261,0.236,0.212,0.191,0.173,0.157,0.106
245.0,257.0,0.025,0.049,0.071,0.091,0.11,0.128,0.144,0.159,0.173,0.186,0.198,0.209,0.258,0.285,0.296,0.298,0.285,0.261,0.236,0.212,0.191,0.173,0.157,0.106
246.0,247.0,0.024,0.047,0.068,0.088,0.107,0.124,0.14,0.155,0.169,0.181,0.193,0.204,0.254,0.282,0.295,0.298,0.288,0.266,0.242,0.218,0.197,0.179,0.163,0.11
246.0,248.0,0.025,0.048,0.069,0.089,0.108,0.125,0.141,0.156,0.17,0.183,0.194,0.205,0.255,0.283,0.295,0.298,0.287,0.265,0.24,0.217,0.196,0.177,0.161,0.109
246.0,249.0,0.025,0.048,0.07,0.09,0.108,0.126,0.142,0.157,0.171,0.184,0.196,0.206,0.256,0.283,0.296,0.298,0.286,0.264,0.239,0.215,0.194,0.176,0.16,0.108
246.0,250.0,0.025,0.048,0.07,0.09,0.109,0.126,0.143,0.158,0.172,0.184,0.196,0.207,0.256,0.284,0.296,0.298,0.286,0.263,0.238,0.214,0.193,0.175,0.159,0.107
246.0,251.0,0.025,0.048,0.07,0.091,0.109,0.127,0.143,0.158,0.172,0.185,0.197,0.208,0.257,0.284,0.296,0.298,0.285,0.262,0.237,0.214,0.192,0.174,0.158,0.107
246.0,252.0,0.025,0.049,0.071,0.091,0.11,0.127,0.144,0.159,0.173,0.186,0.198,0.209,0.258,0.284,0.296,0.298,0.285,0.262,0.237,0.213,0.192,0.173,0.158,0.106
246.0,253.0,0.025,0.049,0.071,0.091,0.11,0.128,0.144,0.159,0.173,0.186,0.198,0.209,0.258,0.285,0.296,0.298,0.285,0.261,0.236,0.212,0.191,0.173,0.157,0.106
246.0,254.0,0.025,0.049,0.071,0.091,0.11,0.128,0.144,0.16,0.174,0.186,0.198,0.209,0.258,0.285,0.296,0.298,0.284,0.261,0.236,0.212,0.191,0.172,0.157,0.106
246.0,255.0,0.025,0.049,0.071,0.092,0.111,0.128,0.145,0.16,0.174,0.187,0.199,0.21,0.258,0.285,0.297,0.298,0.284,0.261,0.235,0.211,0.19,0.172,0.156,0.105
246.0,256.0,0.025,0.049,0.071,0.092,0.111,0.128,0.145,0.16,0.174,0.187,0.199,0.21,0.259,0.285,0.297,0.298,0.284,0.26,0.235,0.211,0.19,0.172,0.156,0.105
246.0,257.0,0.025,0.049,0.071,0.092,0.111,0.129,0.145,0.16,0.174,0.187,0.199,0.21,0.259,0.285,0.297,0.298,0.284,0.26,0.235,0.211,0.19,0.171,0.156,0.105
246.0,258.0,0.026,0.049,0.071,0.092,0.111,0.129,0.145,0.16,0.174,0.187,0.199,0.21,0.259,0.285,0.297,0.298,0.284,0.26,0.235,0.211,0.19,0.171,0.156,0.105
247.0,248.0,0.026,0.049,0.071,0.092,0.111,0.129,0.145,0.16,0.174,0.187,0.199,0.21,0.259,0.285,0.297,0.298,0.284,0.26,0.235,0.211,0.19,0.171,0.156,0.105
247.0,249.0,0.025,0.049,0.071,0.092,0.111,0.129,0.145,0.16,0.174,0.187,0.199,0.21,0.259,0.285,0.297,0.298,0.284,0.26,0.235,0.211,0.19,0.171,0.156,0.105
247.0,250.0,0.025,0.049,0.071,0.092,0.111,0.129,0.145,0.16,0.174,0.187,0.199,0.21,0.259,0.285,0.297,0.298,0.284,0.26,0.235,0.211,0.19,0.171,0.156,0.105
247.0,251.0,0.025,0.049,0.071,0.092,0.111,0.129,0.145,0.16,0.174,0.187,0.199,0.21,0.259,0.285,0.297,0.298,0.284,0.26,0.235,0.211,0.19,0.171,0.156,0.105
247.0,252.0,0.025,0.049,0.071,0.092,0.111,0.129,0.145,0.16,0.174,0.187,0.199,0.21,0.259,0.285,0.297,0.298,0.284,0.26,0.235,0.211,0.19,0.171,0.156,0.105
247.0,253.0,0.025,0.049,0.071,0.092,0.111,0.129,0.145,0.16,0.174,0.187,0.199,0.21,0.259,0.285,0.297,0.298,0.284,0.26,0.235,0.211,0.19,0.171,0.156,0.105
247.0,254.0,0.025,0.049,0.071,0.092,0.111,0.129,0.145,0.16,0.174,0.187,0.199,0.21,0.259,0.285,0.297,0.298,0.284,0.26,0.235,0.211,0.19,0.172,0.156,0.105
247.0,255.0,0.025,0.049,0.071,0.092,0.111,0.129,0.145,0.16,0.174,0.187,0.199,0.21,0.259,0.285,0.297,0.298,0.284,0.26,0.235,0.211,0.19,0.172,0.156,0.105
247.0,256.0,0.025,0.049,0.071,0.092,0.111,0.129,0.145,0.16,0.174,0.187,0.199,0.21,0.259,0.285,0.297,0.298,0.284,0.26,0.235,0.211,0.19,0.172,0.156,0.105
247.0,257.0,0.025,0.049,0.071,0.092,0.111,0.129,0.145,0.16,0.174,0.187,0.199,0.21,0.259,0.285,0.297,0.298,0.284,0.26,0.235,0.211,0.19,0.172,0.156,0.105
247.0,258.0,0.025,0.049,0.071,0.092,0.111,0.129,0.145,0.16,0.174,0.187,0.199,0.21,0.259,0.285,0.297,0.298,0.284,0.26,0.235,0.211,0.19,0.172,0.156,0.105
247.0,259.0,0.025,0.049,0.071,0.092,0.111,0.129,0.145,0.16,0.174,0.187,0.199,0.21,0.259,0.285,0.297,0.298,0.284,0.26,0.235,0.211,0.19,0.172,0.156,0.105
248.0,249.0,0.025,0.049,0.071,0.092,0.111,0.128,0.145,0.16,0.174,0.187,0.199,0.21,0.259,0.285,0.297,0.298,0.284,0.261,0.235,0.211,0.19,0.172,0.156,0.105
248.0,250.0,0.025,0.049,0.071,0.092,0.111,0.129,0.145,0.16,0.174,0.187,0.199,0.21,0.259,0.285,0.297,0.298,0.284,0.26,0.235,0.211,0.19,0.172,0.156,0.105
248.0,251.0,0.025,0.049,0.071,0.092,0.111,0.129,0.145,0.16,0.174,0.187,0.199,0.21,0.259,0.285,0.297,0.298,0.284,0.26,0.235,0.211,0.19,0.171,0.156,0.105
248.0,252.0,0.026,0.049,0.071,0.092,0.111,0.129,0.145,0.16,0.174,0.187,0.199,0.21,0.259,0.285,0.297,0.298,0.284,0.26,0.235,0.211,0.19,0.171,0.156,0.105
248.0,253.0,0.026,0.049,0.071,0.092,0.111,0.129,0.145,0.16,0.174,0.187,0.199,0.21,0.259,0.285,0.297,0.298,0.284,0.26,0.235,0.211,0.189,0.171,0.156,0.105
248.0,254.0,0.026,0.049,0.071,0.092,0.111,0.129,0.145,0.16,0.174,0.187,0.199,0.21,0.259,0.285,0.297,0.298,0.284,0.26,0.235,0.211,0.189,0.171,0.155,0.105
248.0,255.0,0.026,0.049,0.071,0.092,0.111,0.129,0.145,0.16,0.175,0.187,0.199,0.21,0.259,0.285,0.297,0.298,0.284,0.26,0.234,0.211,0.189,0.171,0.155,0.105
248.0,256.0,0.026,0.049,0.072,0.092,0.111,0.129,0.145,0.161,0.175,0.188,0.199,0.21,0.259,0.285,0.297,0.298,0.284,0.26,0.234,0.21,0.189,0.171,0.155,0.105
248.0,257.0,0.026,0.049,0.072,0.092,0.111,0.129,0.145,0.161,0.175,0.188,0.199,0.21,0.259,0.286,0.297,0.298,0.284,0.26,0.234,0.21,0.189,0.171,0.155,0.105
248.0,258.0,0.026,0.049,0.072,0.092,0.111,0.129,0.145,0.161,0.175,0.188,0.2,0.21,0.259,0.286,0.297,0.298,0.284,0.26,0.234,0.21,0.189,0.171,0.155,0.105
248.0,259.0,0.026,0.049,0.072,0.092,0.111,0.129,0.145,0.161,0.175,0.188,0.2,0.211,0.259,0.286,0.297,0.298,0.284,0.26,0.234,0.21,0.189,0.171,0.155,0.105
248.0,260.0,0.026,0.049,0.072,0.092,0.111,0.129,0.145,0.161,0.175,0.188,0.2,0.211,0.259,0.286,0.297,0.298,0.284,0.26,0.234,0.21,0.189,0.171,0.155,0.105
249.0,250.0,0.028,0.054,0.077,0.099,0.119,0.138,0.155,0.171,0.185,0.198,0.21,0.221,0.268,0.291,0.298,0.296,0.276,0.248,0.221,0.197,0.176,0.158,0.143,0.096
249.0,251.0,0.027,0.053,0.076,0.098,0.118,0.136,0.153,0.169,0.183,0.196,0.208,0.219,0.267,0.29,0.298,0.296,0.277,0.251,0.224,0.199,0.178,0.16,0.145,0.098
249.0,252.0,0.027,0.052,0.075,0.097,0.116,0.135,0.152,0.167,0.181,0.195,0.207,0.217,0.265,0.289,0.298,0.297,0.279,0.253,0.226,0.202,0.18,0.163,0.147,0.099
249.0,253.0,0.027,0.051,0.074,0.096,0.115,0.134,0.15,0.166,0.18,0.193,0.205,0.216,0.264,0.289,0.298,0.297,0.28,0.254,0.228,0.203,0.182,0.164,0.149,0.1
249.0,254.0,0.026,0.051,0.074,0.095,0.114,0.133,0.149,0.165,0.179,0.192,0.204,0.215,0.263,0.288,0.298,0.297,0.281,0.255,0.229,0.205,0.184,0.166,0.15,0.101
249.0,255.0,0.026,0.051,0.073,0.094,0.114,0.132,0.148,0.164,0.178,0.191,0.203,0.214,0.262,0.287,0.297,0.297,0.281,0.256,0.23,0.206,0.185,0.167,0.151,0.102
249.0,256.0,0.026,0.05,0.073,0.094,0.113,0.131,0.148,0.163,0.177,0.19,0.202,0.213,0.261,0.287,0.297,0.298,0.282,0.257,0.231,0.207,0.186,0.168,0.152,0.103
249.0,257.0,0.026,0.05,0.073,0.093,0.113,0.131,0.147,0.162,0.177,0.19,0.202,0.213,0.261,0.287,0.297,0.298,0.282,0.258,0.232,0.208,0.187,0.168,0.153,0.103
249.0,258.0,0.026,0.05,0.072,0.093,0.112,0.13,0.147,0.162,0.176,0.189,0.201,0.212,0.261,0.286,0.297,0.298,0.283,0.258,0.233,0.209,0.187,0.169,0.154,0.104
249.0,259.0,0.026,0.05,0.072,0.093,0.112,0.13,0.146,0.162,0.176,0.189,0.201,0.212,0.26,0.286,0.297,0.298,0.283,0.259,0.233,0.209,0.188,0.17,0.154,0.104
249.0,260.0,0.026,0.05,0.072,0.093,0.112,0.13,0.146,0.161,0.175,0.188,0.2,0.211,0.26,0.286,0.297,0.298,0.283,0.259,0.233,0.209,0.188,0.17,0.154,0.104
249.0,261.0,0.026,0.05,0.072,0.092,0.112,0.129,0.146,0.161,0.175,0.188,0.2,0.211,0.26,0.286,0.297,0.298,0.283,0.259,0.234,0.21,0.189,0.17,0.155,0.104
250.0,251.0,0.028,0.054,0.079,0.101,0.121,0.14,0.157,0.173,0.188,0.201,0.213,0.224,0.27,0.292,0.298,0.295,0.274,0.245,0.218,0.194,0.173,0.155,0.14,0.094
250.0,252.0,0.028,0.053,0.077,0.099,0.119,0.138,0.155,0.171,0.185,0.198,0.21,0.221,0.268,0.291,0.298,0.296,0.276,0.249,0.221,0.197,0.176,0.158,0.143,0.096
250.0,253.0,0.027,0.053,0.076,0.097,0.117,0.136,0.153,0.168,0.183,0.196,0.208,0.219,0.266,0.29,0.298,0.296,0.278,0.251,0.224,0.2,0.179,0.161,0.146,0.098
250.0,254.0,0.027,0.052,0.075,0.096,0.116,0.134,0.151,0.167,0.181,0.194,0.206,0.217,0.265,0.289,0.298,0.297,0.279,0.253,0.226,0.202,0.181,0.163,0.148,0.1
250.0,255.0,0.027,0.051,0.074,0.095,0.115,0.133,0.15,0.165,0.179,0.192,0.204,0.215,0.263,0.288,0.298,0.297,0.28,0.255,0.228,0.204,0.183,0.165,0.15,0.101
250.0,256.0,0.026,0.051,0.073,0.094,0.114,0.132,0.149,0.164,0.178,0.191,0.203,0.214,0.262,0.288,0.297,0.297,0.281,0.256,0.23,0.206,0.185,0.167,0.151,0.102
250.0,257.0,0.026,0.05,0.073,0.094,0.113,0.131,0.148,0.163,0.177,0.19,0.202,0.213,0.261,0.287,0.297,0.298,0.282,0.257,0.231,0.207,0.186,0.168,0.152,0.103
250.0,258.0,0.026,0.05,0.072,0.093,0.113,0.13,0.147,0.162,0.176,0.189,0.201,0.212,0.261,0.287,0.297,0.298,0.282,0.258,0.232,0.208,0.187,0.169,0.153,0.103
250.0,259.0,0.026,0.05,0.072,0.093,0.112,0.13,0.146,0.162,0.176,0.189,0.201,0.212,0.26,0.286,0.297,0.298,0.283,0.259,0.233,0.209,0.188,0.17,0.154,0.104
250.0,260.0,0.026,0.05,0.072,0.092,0.112,0.129,0.146,0.161,0.175,0.188,0.2,0.211,0.26,0.286,0.297,0.298,0.283,0.259,0.234,0.21,0.189,0.17,0.155,0.104
250.0,261.0,0.026,0.049,0.072,0.092,0.111,0.129,0.145,0.161,0.175,0.188,0.199,0.21,0.259,0.286,0.297,0.298,0.284,0.26,0.234,0.21,0.189,0.171,0.155,0.105
250.0,262.0,0.025,0.049,0.071,0.092,0.111,0.129,0.145,0.16,0.174,0.187,0.199,0.21,0.259,0.285,0.297,0.298,0.284,0.26,0.235,0.211,0.19,0.171,0.156,0.105
251.0,252.0,0.029,0.056,0.081,0.104,0.125,0.144,0.161,0.177,0.192,0.205,0.217,0.228,0.273,0.294,0.298,0.294,0.27,0.241,0.213,0.188,0.168,0.151,0.136,0.091
251.0,253.0,0.028,0.055,0.079,0.101,0.122,0.141,0.158,0.174,0.188,0.202,0.214,0.224,0.271,0.292,0.298,0.295,0.273,0.245,0.217,0.193,0.172,0.154,0.14,0.094
251.0,254.0,0.028,0.054,0.077,0.099,0.12,0.138,0.155,0.171,0.186,0.199,0.211,0.222,0.269,0.291,0.298,0.296,0.275,0.248,0.221,0.196,0.175,0.158,0.143,0.096
251.0,255.0,0.027,0.053,0.076,0.098,0.118,0.136,0.153,0.169,0.183,0.197,0.209,0.219,0.267,0.29,0.298,0.296,0.277,0.25,0.223,0.199,0.178,0.16,0.145,0.098
251.0,256.0,0.027,0.052,0.075,0.097,0.117,0.135,0.152,0.167,0.182,0.195,0.207,0.218,0.265,0.289,0.298,0.297,0.279,0.252,0.226,0.201,0.18,0.162,0.147,0.099
251.0,257.0,0.027,0.051,0.074,0.096,0.115,0.134,0.15,0.166,0.18,0.193,0.205,0.216,0.264,0.289,0.298,0.297,0.28,0.254,0.228,0.203,0.182,0.164,0.149,0.1
251.0,258.0,0.026,0.051,0.074,0.095,0.114,0.133,0.149,0.165,0.179,0.192,0.204,0.215,0.263,0.288,0.298,0.297,0.281,0.255,0.229,0.205,0.184,0.166,0.15,0.101
251.0,259.0,0.026,0.051,0.073,0.094,0.114,0.132,0.148,0.164,0.178,0.191,0.203,0.214,0.262,0.287,0.297,0.297,0.281,0.256,0.23,0.206,0.185,0.167,0.152,0.102
251.0,260.0,0.026,0.05,0.073,0.094,0.113,0.131,0.148,0.163,0.177,0.19,0.202,0.213,0.261,0.287,0.297,0.298,0.282,0.257,0.231,0.207,0.186,0.168,0.152,0.103
251.0,261.0,0.026,0.05,0.072,0.093,0.113,0.13,0.147,0.162,0.176,0.189,0.201,0.212,0.261,0.287,0.297,0.298,0.282,0.258,0.232,0.208,0.187,0.169,0.153,0.103
251.0,262.0,0.026,0.05,0.072,0.093,0.112,0.13,0.146,0.162,0.176,0.189,0.201,0.212,0.26,0.286,0.297,0.298,0.283,0.259,0.233,0.209,0.188,0.169,0.154,0.104
251.0,263.0,0.026,0.05,0.072,0.093,0.112,0.13,0.146,0.161,0.175,0.188,0.2,0.211,0.26,0.286,0.297,0.298,0.283,0.259,0.233,0.209,0.188,0.17,0.154,0.104
252.0,253.0,0.03,0.058,0.083,0.107,0.128,0.147,0.165,0.181,0.196,0.209,0.221,0.232,0.276,0.295,0.298,0.292,0.266,0.236,0.208,0.183,0.163,0.146,0.132,0.088
252.0,254.0,0.029,0.056,0.081,0.104,0.125,0.144,0.162,0.178,0.192,0.205,0.217,0.228,0.274,0.294,0.298,0.293,0.27,0.24,0.212,0.188,0.167,0.15,0.136,0.091
252.0,255.0,0.029,0.055,0.079,0.102,0.123,0.141,0.159,0.175,0.189,0.202,0.214,0.225,0.271,0.293,0.298,0.295,0.272,0.244,0.216,0.192,0.171,0.153,0.139,0.093
252.0,256.0,0.028,0.054,0.078,0.1,0.121,0.139,0.157,0.172,0.187,0.2,0.212,0.223,0.269,0.292,0.298,0.295,0.274,0.247,0.219,0.195,0.174,0.156,0.141,0.095
252.0,257.0,0.028,0.053,0.077,0.099,0.119,0.138,0.155,0.17,0.185,0.198,0.21,0.221,0.268,0.291,0.298,0.296,0.276,0.249,0.222,0.197,0.176,0.159,0.144,0.097
252.0,258.0,0.027,0.053,0.076,0.098,0.118,0.136,0.153,0.169,0.183,0.196,0.208,0.219,0.266,0.29,0.298,0.296,0.277,0.251,0.224,0.199,0.178,0.161,0.146,0.098
252.0,259.0,0.027,0.052,0.075,0.097,0.117,0.135,0.152,0.167,0.182,0.195,0.207,0.218,0.265,0.289,0.298,0.297,0.278,0.252,0.225,0.201,0.18,0.162,0.147,0.099
252.0,260.0,0.027,0.052,0.075,0.096,0.116,0.134,0.151,0.166,0.181,0.194,0.206,0.217,0.264,0.289,0.298,0.297,0.279,0.253,0.227,0.203,0.181,0.163,0.148,0.1
252.0,261.0,0.027,0.051,0.074,0.095,0.115,0.133,0.15,0.166,0.18,0.193,0.205,0.216,0.264,0.288,0.298,0.297,0.28,0.254,0.228,0.204,0.183,0.165,0.149,0.1
252.0,262.0,0.026,0.051,0.074,0.095,0.115,0.133,0.149,0.165,0.179,0.192,0.204,0.215,0.263,0.288,0.298,0.297,0.281,0.255,0.229,0.205,0.184,0.165,0.15,0.101
252.0,263.0,0.026,0.051,0.074,0.095,0.114,0.132,0.149,0.164,0.178,0.191,0.203,0.214,0.263,0.288,0.297,0.297,0.281,0.256,0.23,0.205,0.184,0.166,0.151,0.102
252.0,264.0,0.026,0.051,0.073,0.094,0.114,0.132,0.148,0.164,0.178,0.191,0.203,0.214,0.262,0.287,0.297,0.297,0.281,0.256,0.23,0.206,0.185,0.167,0.151,0.102
253.0,254.0,0.029,0.056,0.081,0.104,0.125,0.144,0.161,0.177,0.192,0.205,0.217,0.228,0.273,0.294,0.298,0.294,0.27,0.241,0.213,0.188,0.168,0.15,0.136,0.091
253.0,255.0,0.029,0.055,0.079,0.102,0.122,0.141,0.158,0.174,0.189,0.202,0.214,0.225,0.271,0.292,0.298,0.295,0.273,0.244,0.217,0.192,0.171,0.154,0.139,0.094
253.0,256.0,0.028,0.054,0.078,0.1,0.12,0.139,0.156,0.172,0.186,0.199,0.211,0.222,0.269,0.291,0.298,0.296,0.275,0.247,0.22,0.195,0.175,0.157,0.142,0.095
253.0,257.0,0.028,0.053,0.077,0.098,0.119,0.137,0.154,0.17,0.184,0.197,0.209,0.22,0.267,0.291,0.298,0.296,0.277,0.25,0.222,0.198,0.177,0.159,0.144,0.097
253.0,258.0,0.027,0.052,0.076,0.097,0.117,0.136,0.153,0.168,0.182,0.196,0.208,0.219,0.266,0.29,0.298,0.297,0.278,0.251,0.225,0.2,0.179,0.161,0.146,0.098
253.0,259.0,0.027,0.052,0.075,0.096,0.116,0.134,0.151,0.167,0.181,0.194,0.206,0.217,0.265,0.289,0.298,0.297,0.279,0.253,0.226,0.202,0.181,0.163,0.148,0.099
253.0,260.0,0.027,0.051,0.074,0.096,0.115,0.133,0.15,0.166,0.18,0.193,0.205,0.216,0.264,0.288,0.298,0.297,0.28,0.254,0.228,0.203,0.182,0.164,0.149,0.1
253.0,261.0,0.026,0.051,0.074,0.095,0.115,0.133,0.149,0.165,0.179,0.192,0.204,0.215,0.263,0.288,0.298,0.297,0.28,0.255,0.229,0.205,0.183,0.165,0.15,0.101
253.0,262.0,0.026,0.051,0.073,0.095,0.114,0.132,0.149,0.164,0.178,0.191,0.203,0.214,0.262,0.288,0.297,0.297,0.281,0.256,0.23,0.206,0.184,0.166,0.151,0.102
253.0,263.0,0.026,0.051,0.073,0.094,0.114,0.132,0.148,0.164,0.178,0.191,0.203,0.214,0.262,0.287,0.297,0.298,0.281,0.257,0.23,0.206,0.185,0.167,0.152,0.102
253.0,264.0,0.026,0.05,0.073,0.094,0.113,0.131,0.148,0.163,0.177,0.19,0.202,0.213,0.261,0.287,0.297,0.298,0.282,0.257,0.231,0.207,0.186,0.168,0.152,0.103
253.0,265.0,0.026,0.05,0.073,0.094,0.113,0.131,0.147,0.163,0.177,0.19,0.202,0.213,0.261,0.287,0.297,0.298,0.282,0.258,0.232,0.208,0.186,0.168,0.153,0.103
254.0,255.0,0.029,0.056,0.081,0.104,0.124,0.144,0.161,0.177,0.192,0.205,0.217,0.228,0.273,0.294,0.298,0.294,0.27,0.241,0.213,0.189,0.168,0.151,0.136,0.091
254.0,256.0,0.029,0.055,0.079,0.102,0.122,0.141,0.158,0.174,0.189,0.202,0.214,0.225,0.271,0.293,0.298,0.295,0.273,0.244,0.217,0.192,0.171,0.154,0.139,0.093
254.0,257.0,0.028,0.054,0.078,0.1,0.12,0.139,0.156,0.172,0.186,0.2,0.212,0.223,0.269,0.292,0.298,0.295,0.275,0.247,0.22,0.195,0.174,0.157,0.142,0.095
254.0,258.0,0.028,0.053,0.077,0.099,0.119,0.137,0.154,0.17,0.184,0.198,0.21,0.221,0.268,0.291,0.298,0.296,0.276,0.249,0.222,0.198,0.177,0.159,0.144,0.097
254.0,259.0,0.027,0.053,0.076,0.098,0.118,0.136,0.153,0.169,0.183,0.196,0.208,0.219,0.266,0.29,0.298,0.296,0.278,0.251,0.224,0.2,0.179,0.161,0.146,0.098
254.0,260.0,0.027,0.052,0.075,0.097,0.117,0.135,0.152,0.167,0.182,0.195,0.207,0.218,0.265,0.289,0.298,0.297,0.279,0.252,0.226,0.201,0.18,0.162,0.147,0.099
254.0,261.0,0.027,0.052,0.075,0.096,0.116,0.134,0.151,0.166,0.18,0.194,0.206,0.217,0.264,0.289,0.298,0.297,0.279,0.254,0.227,0.203,0.182,0.164,0.148,0.1
254.0,262.0,0.027,0.051,0.074,0.095,0.115,0.133,0.15,0.165,0.18,0.193,0.205,0.216,0.264,0.288,0.298,0.297,0.28,0.255,0.228,0.204,0.183,0.165,0.149,0.101
254.0,263.0,0.026,0.051,0.074,0.095,0.114,0.133,0.149,0.165,0.179,0.192,0.204,0.215,0.263,0.288,0.298,0.297,0.281,0.255,0.229,0.205,0.184,0.166,0.15,0.101
254.0,264.0,0.026,0.051,0.073,0.095,0.114,0.132,0.149,0.164,0.178,0.191,0.203,0.214,0.262,0.288,0.297,0.297,0.281,0.256,0.23,0.206,0.185,0.166,0.151,0.102
254.0,265.0,0.026,0.051,0.073,0.094,0.114,0.132,0.148,0.164,0.178,0.191,0.203,0.214,0.262,0.287,0.297,0.298,0.281,0.257,0.23,0.206,0.185,0.167,0.152,0.102
254.0,266.0,0.026,0.05,0.073,0.094,0.113,0.131,0.148,0.163,0.177,0.19,0.202,0.213,0.262,0.287,0.297,0.298,0.282,0.257,0.231,0.207,0.186,0.168,0.152,0.102
255.0,256.0,0.028,0.054,0.078,0.101,0.121,0.14,0.157,0.173,0.187,0.2,0.212,0.223,0.27,0.292,0.298,0.295,0.274,0.246,0.219,0.194,0.173,0.156,0.141,0.095
255.0,257.0,0.028,0.053,0.077,0.099,0.119,0.138,0.155,0.17,0.185,0.198,0.21,0.221,0.268,0.291,0.298,0.296,0.276,0.249,0.222,0.197,0.176,0.158,0.144,0.096
255.0,258.0,0.027,0.053,0.076,0.098,0.118,0.136,0.153,0.169,0.183,0.196,0.208,0.219,0.266,0.29,0.298,0.296,0.278,0.251,0.224,0.2,0.179,0.161,0.146,0.098
255.0,259.0,0.027,0.052,0.075,0.097,0.116,0.135,0.151,0.167,0.181,0.194,0.206,0.217,0.265,0.289,0.298,0.297,0.279,0.253,0.226,0.202,0.181,0.163,0.148,0.099
255.0,260.0,0.027,0.051,0.074,0.096,0.115,0.133,0.15,0.166,0.18,0.193,0.205,0.216,0.264,0.288,0.298,0.297,0.28,0.254,0.228,0.203,0.182,0.164,0.149,0.1
255.0,261.0,0.026,0.051,0.074,0.095,0.114,0.133,0.149,0.165,0.179,0.192,0.204,0.215,0.263,0.288,0.298,0.297,0.281,0.255,0.229,0.205,0.184,0.166,0.15,0.101
255.0,262.0,0.026,0.051,0.073,0.094,0.114,0.132,0.148,0.164,0.178,0.191,0.203,0.214,0.262,0.287,0.297,0.297,0.281,0.256,0.23,0.206,0.185,0.167,0.151,0.102
255.0,263.0,0.026,0.05,0.073,0.094,0.113,0.131,0.148,0.163,0.177,0.19,0.202,0.213,0.261,0.287,0.297,0.298,0.282,0.257,0.231,0.207,0.186,0.168,0.152,0.103
255.0,264.0,0.026,0.05,0.073,0.093,0.113,0.131,0.147,0.162,0.177,0.19,0.202,0.212,0.261,0.287,0.297,0.298,0.282,0.258,0.232,0.208,0.187,0.168,0.153,0.103
255.0,265.0,0.026,0.05,0.072,0.093,0.112,0.13,0.147,0.162,0.176,0.189,0.201,0.212,0.26,0.286,0.297,0.298,0.283,0.258,0.233,0.209,0.187,0.169,0.154,0.104
255.0,266.0,0.026,0.05,0.072,0.093,0.112,0.13,0.146,0.162,0.176,0.189,0.201,0.212,0.26,0.286,0.297,0.298,0.283,0.259,0.233,0.209,0.188,0.17,0.154,0.104
255.0,267.0,0.026,0.05,0.072,0.093,0.112,0.13,0.146,0.161,0.175,0.188,0.2,0.211,0.26,0.286,0.297,0.298,0.283,0.259,0.233,0.21,0.188,0.17,0.154,0.104
256.0,257.0,0.027,0.052,0.075,0.096,0.116,0.134,0.151,0.166,0.181,0.194,0.206,0.217,0.264,0.289,0.298,0.297,0.279,0.253,0.227,0.203,0.181,0.163,0.148,0.1
256.0,258.0,0.027,0.051,0.074,0.095,0.115,0.133,0.15,0.165,0.179,0.192,0.204,0.215,0.263,0.288,0.298,0.297,0.28,0.255,0.228,0.204,0.183,0.165,0.15,0.101
256.0,259.0,0.026,0.051,0.074,0.095,0.114,0.132,0.149,0.164,0.178,0.191,0.203,0.214,0.262,0.288,0.297,0.297,0.281,0.256,0.23,0.206,0.184,0.166,0.151,0.102
256.0,260.0,0.026,0.05,0.073,0.094,0.113,0.131,0.148,0.163,0.177,0.19,0.202,0.213,0.262,0.287,0.297,0.298,0.282,0.257,0.231,0.207,0.186,0.167,0.152,0.102
256.0,261.0,0.026,0.05,0.073,0.093,0.113,0.131,0.147,0.163,0.177,0.19,0.202,0.213,0.261,0.287,0.297,0.298,0.282,0.258,0.232,0.208,0.187,0.168,0.153,0.103
256.0,262.0,0.026,0.05,0.072,0.093,0.112,0.13,0.147,0.162,0.176,0.189,0.201,0.212,0.261,0.286,0.297,0.298,0.283,0.258,0.232,0.208,0.187,0.169,0.154,0.104
256.0,263.0,0.026,0.05,0.072,0.093,0.112,0.13,0.146,0.162,0.176,0.189,0.201,0.211,0.26,0.286,0.297,0.298,0.283,0.259,0.233,0.209,0.188,0.17,0.154,0.104
256.0,264.0,0.026,0.05,0.072,0.092,0.112,0.129,0.146,0.161,0.175,0.188,0.2,0.211,0.26,0.286,0.297,0.298,0.283,0.259,0.234,0.21,0.188,0.17,0.155,0.104
256.0,265.0,0.026,0.049,0.072,0.092,0.111,0.129,0.146,0.161,0.175,0.188,0.2,0.211,0.259,0.286,0.297,0.298,0.284,0.26,0.234,0.21,0.189,0.171,0.155,0.105
256.0,266.0,0.026,0.049,0.071,0.092,0.111,0.129,0.145,0.16,0.175,0.187,0.199,0.21,0.259,0.285,0.297,0.298,0.284,0.26,0.234,0.211,0.189,0.171,0.155,0.105
256.0,267.0,0.026,0.049,0.071,0.092,0.111,0.129,0.145,0.16,0.174,0.187,0.199,0.21,0.259,0.285,0.297,0.298,0.284,0.26,0.235,0.211,0.19,0.171,0.156,0.105
256.0,268.0,0.025,0.049,0.071,0.092,0.111,0.129,0.145,0.16,0.174,0.187,0.199,0.21,0.259,0.285,0.297,0.298,0.284,0.26,0.235,0.211,0.19,0.172,0.156,0.105
257.0,258.0,0.026,0.051,0.074,0.095,0.114,0.132,0.149,0.164,0.178,0.191,0.203,0.214,0.263,0.288,0.297,0.297,0.281,0.256,0.23,0.205,0.184,0.166,0.151,0.102
257.0,259.0,0.026,0.051,0.073,0.094,0.113,0.131,0.148,0.163,0.178,0.191,0.203,0.214,0.262,0.287,0.297,0.298,0.282,0.257,0.231,0.207,0.185,0.167,0.152,0.102
257.0,260.0,0.026,0.05,0.073,0.094,0.113,0.131,0.147,0.163,0.177,0.19,0.202,0.213,0.261,0.287,0.297,0.298,0.282,0.257,0.232,0.207,0.186,0.168,0.153,0.103
257.0,261.0,0.026,0.05,0.072,0.093,0.113,0.13,0.147,0.162,0.176,0.189,0.201,0.212,0.261,0.287,0.297,0.298,0.282,0.258,0.232,0.208,0.187,0.169,0.153,0.103
257.0,262.0,0.026,0.05,0.072,0.093,0.112,0.13,0.146,0.162,0.176,0.189,0.201,0.212,0.26,0.286,0.297,0.298,0.283,0.259,0.233,0.209,0.188,0.169,0.154,0.104
257.0,263.0,0.026,0.05,0.072,0.093,0.112,0.13,0.146,0.161,0.175,0.188,0.2,0.211,0.26,0.286,0.297,0.298,0.283,0.259,0.233,0.209,0.188,0.17,0.154,0.104
257.0,264.0,0.026,0.05,0.072,0.092,0.112,0.129,0.146,0.161,0.175,0.188,0.2,0.211,0.26,0.286,0.297,0.298,0.283,0.259,0.234,0.21,0.189,0.17,0.155,0.104
257.0,265.0,0.026,0.049,0.072,0.092,0.111,0.129,0.146,0.161,0.175,0.188,0.2,0.211,0.259,0.286,0.297,0.298,0.284,0.26,0.234,0.21,0.189,0.171,0.155,0.105
257.0,266.0,0.026,0.049,0.072,0.092,0.111,0.129,0.145,0.161,0.175,0.188,0.199,0.21,0.259,0.286,0.297,0.298,0.284,0.26,0.234,0.21,0.189,0.171,0.155,0.105
257.0,267.0,0.026,0.049,0.071,0.092,0.111,0.129,0.145,0.16,0.174,0.187,0.199,0.21,0.259,0.285,0.297,0.298,0.284,0.26,0.235,0.211,0.189,0.171,0.156,0.105
257.0,268.0,0.026,0.049,0.071,0.092,0.111,0.129,0.145,0.16,0.174,0.187,0.199,0.21,0.259,0.285,0.297,0.298,0.284,0.26,0.235,0.211,0.19,0.171,0.156,0.105
257.0,269.0,0.025,0.049,0.071,0.092,0.111,0.129,0.145,0.16,0.174,0.187,0.199,0.21,0.259,0.285,0.297,0.298,0.284,0.26,0.235,0.211,0.19,0.172,0.156,0.105
258.0,259.0,0.027,0.052,0.075,0.096,0.116,0.134,0.151,0.167,0.181,0.194,0.206,0.217,0.265,0.289,0.298,0.297,0.279,0.253,0.226,0.202,0.181,0.163,0.148,0.099
258.0,260.0,0.027,0.051,0.074,0.096,0.115,0.134,0.15,0.166,0.18,0.193,0.205,0.216,0.264,0.289,0.298,0.297,0.28,0.254,0.228,0.203,0.182,0.164,0.149,0.1
258.0,261.0,0.027,0.051,0.074,0.095,0.115,0.133,0.15,0.165,0.179,0.192,0.204,0.215,0.263,0.288,0.298,0.297,0.28,0.255,0.229,0.204,0.183,0.165,0.15,0.101
258.0,262.0,0.026,0.051,0.074,0.095,0.114,0.132,0.149,0.164,0.179,0.192,0.204,0.215,0.263,0.288,0.298,0.297,0.281,0.256,0.229,0.205,0.184,0.166,0.151,0.101
258.0,263.0,0.026,0.051,0.073,0.094,0.114,0.132,0.148,0.164,0.178,0.191,0.203,0.214,0.262,0.287,0.297,0.297,0.281,0.256,0.23,0.206,0.185,0.167,0.151,0.102
258.0,264.0,0.026,0.05,0.073,0.094,0.113,0.131,0.148,0.163,0.177,0.19,0.202,0.213,0.262,0.287,0.297,0.298,0.282,0.257,0.231,0.207,0.186,0.167,0.152,0.102
258.0,265.0,0.026,0.05,0.073,0.094,0.113,0.131,0.148,0.163,0.177,0.19,0.202,0.213,0.261,0.287,0.297,0.298,0.282,0.257,0.231,0.207,0.186,0.168,0.152,0.103
258.0,266.0,0.026,0.05,0.073,0.093,0.113,0.131,0.147,0.163,0.177,0.19,0.202,0.213,0.261,0.287,0.297,0.298,0.282,0.258,0.232,0.208,0.186,0.168,0.153,0.103
258.0,267.0,0.026,0.05,0.073,0.093,0.113,0.131,0.147,0.162,0.176,0.189,0.201,0.212,0.261,0.287,0.297,0.298,0.282,0.258,0.232,0.208,0.187,0.169,0.153,0.103
258.0,268.0,0.026,0.05,0.072,0.093,0.112,0.13,0.147,0.162,0.176,0.189,0.201,0.212,0.261,0.286,0.297,0.298,0.283,0.258,0.232,0.208,0.187,0.169,0.153,0.103
258.0,269.0,0.026,0.05,0.072,0.093,0.112,0.13,0.147,0.162,0.176,0.189,0.201,0.212,0.26,0.286,0.297,0.298,0.283,0.258,0.233,0.209,0.187,0.169,0.154,0.104
258.0,270.0,0.026,0.05,0.072,0.093,0.112,0.13,0.147,0.162,0.176,0.189,0.201,0.212,0.26,0.286,0.297,0.298,0.283,0.259,0.233,0.209,0.188,0.169,0.154,0.104
259.0,260.0,0.026,0.049,0.072,0.092,0.111,0.129,0.146,0.161,0.175,0.188,0.2,0.211,0.259,0.286,0.297,0.298,0.284,0.26,0.234,0.21,0.189,0.171,0.155,0.105
259.0,261.0,0.026,0.049,0.072,0.092,0.111,0.129,0.145,0.161,0.175,0.188,0.2,0.211,0.259,0.286,0.297,0.298,0.284,0.26,0.234,0.21,0.189,0.171,0.155,0.105
259.0,262.0,0.026,0.049,0.071,0.092,0.111,0.129,0.145,0.16,0.174,0.187,0.199,0.21,0.259,0.285,0.297,0.298,0.284,0.26,0.234,0.211,0.189,0.171,0.155,0.105
259.0,263.0,0.026,0.049,0.071,0.092,0.111,0.129,0.145,0.16,0.174,0.187,0.199,0.21,0.259,0.285,0.297,0.298,0.284,0.26,0.235,0.211,0.19,0.171,0.156,0.105
259.0,264.0,0.025,0.049,0.071,0.092,0.111,0.129,0.145,0.16,0.174,0.187,0.199,0.21,0.259,0.285,0.297,0.298,0.284,0.26,0.235,0.211,0.19,0.171,0.156,0.105
259.0,265.0,0.025,0.049,0.071,0.092,0.111,0.129,0.145,0.16,0.174,0.187,0.199,0.21,0.259,0.285,0.297,0.298,0.284,0.26,0.235,0.211,0.19,0.172,0.156,0.105
259.0,266.0,0.025,0.049,0.071,0.092,0.111,0.128,0.145,0.16,0.174,0.187,0.199,0.21,0.259,0.285,0.297,0.298,0.284,0.26,0.235,0.211,0.19,0.172,0.156,0.105
259.0,267.0,0.025,0.049,0.071,0.092,0.111,0.128,0.145,0.16,0.174,0.187,0.199,0.21,0.259,0.285,0.297,0.298,0.284,0.261,0.235,0.211,0.19,0.172,0.156,0.105
259.0,268.0,0.025,0.049,0.071,0.092,0.111,0.128,0.145,0.16,0.174,0.187,0.199,0.21,0.259,0.285,0.297,0.298,0.284,0.261,0.235,0.211,0.19,0.172,0.156,0.105
259.0,269.0,0.025,0.049,0.071,0.092,0.111,0.128,0.145,0.16,0.174,0.187,0.199,0.21,0.259,0.285,0.297,0.298,0.284,0.261,0.235,0.211,0.19,0.172,0.156,0.105
259.0,270.0,0.025,0.049,0.071,0.092,0.111,0.128,0.145,0.16,0.174,0.187,0.199,0.21,0.259,0.285,0.297,0.298,0.284,0.261,0.235,0.211,0.19,0.172,0.156,0.105
259.0,271.0,0.025,0.049,0.071,0.092,0.111,0.128,0.145,0.16,0.174,0.187,0.199,0.21,0.258,0.285,0.297,0.298,0.284,0.261,0.235,0.211,0.19,0.172,0.156,0.105
260.0,261.0,0.024,0.047,0.069,0.089,0.107,0.124,0.14,0.155,0.169,0.182,0.194,0.205,0.254,0.282,0.295,0.298,0.287,0.266,0.241,0.218,0.196,0.178,0.162,0.11
260.0,262.0,0.025,0.048,0.069,0.089,0.108,0.125,0.141,0.156,0.17,0.183,0.195,0.205,0.255,0.283,0.295,0.298,0.287,0.265,0.24,0.217,0.195,0.177,0.161,0.109
260.0,263.0,0.025,0.048,0.069,0.089,0.108,0.125,0.142,0.157,0.17,0.183,0.195,0.206,0.255,0.283,0.296,0.298,0.286,0.264,0.239,0.216,0.195,0.176,0.16,0.108
260.0,264.0,0.025,0.048,0.07,0.09,0.109,0.126,0.142,0.157,0.171,0.184,0.196,0.207,0.256,0.283,0.296,0.298,0.286,0.264,0.239,0.215,0.194,0.175,0.16,0.108
260.0,265.0,0.025,0.048,0.07,0.09,0.109,0.126,0.143,0.158,0.171,0.184,0.196,0.207,0.256,0.284,0.296,0.298,0.286,0.263,0.238,0.214,0.193,0.175,0.159,0.108
260.0,266.0,0.025,0.048,0.07,0.09,0.109,0.127,0.143,0.158,0.172,0.185,0.197,0.208,0.257,0.284,0.296,0.298,0.286,0.263,0.238,0.214,0.193,0.174,0.159,0.107
260.0,267.0,0.025,0.048,0.07,0.091,0.109,0.127,0.143,0.158,0.172,0.185,0.197,0.208,0.257,0.284,0.296,0.298,0.285,0.262,0.237,0.214,0.192,0.174,0.158,0.107
260.0,268.0,0.025,0.049,0.07,0.091,0.11,0.127,0.143,0.158,0.172,0.185,0.197,0.208,0.257,0.284,0.296,0.298,0.285,0.262,0.237,0.213,0.192,0.174,0.158,0.107
260.0,269.0,0.025,0.049,0.07,0.091,0.11,0.127,0.144,0.159,0.173,0.186,0.197,0.208,0.257,0.284,0.296,0.298,0.285,0.262,0.237,0.213,0.192,0.173,0.158,0.106
260.0,270.0,0.025,0.049,0.071,0.091,0.11,0.127,0.144,0.159,0.173,0.186,0.198,0.209,0.258,0.284,0.296,0.298,0.285,0.262,0.237,0.213,0.192,0.173,0.157,0.106
260.0,271.0,0.025,0.049,0.071,0.091,0.11,0.128,0.144,0.159,0.173,0.186,0.198,0.209,0.258,0.285,0.296,0.298,0.285,0.262,0.236,0.213,0.191,0.173,0.157,0.106
260.0,272.0,0.025,0.049,0.071,0.091,0.11,0.128,0.144,0.159,0.173,0.186,0.198,0.209,0.258,0.285,0.296,0.298,0.285,0.261,0.236,0.212,0.191,0.173,0.157,0.106
261.0,262.0,0.024,0.047,0.068,0.087,0.106,0.123,0.139,0.153,0.167,0.18,0.192,0.203,0.252,0.281,0.295,0.298,0.288,0.267,0.243,0.22,0.199,0.18,0.164,0.111
261.0,263.0,0.024,0.047,0.069,0.088,0.107,0.124,0.14,0.155,0.169,0.182,0.194,0.204,0.254,0.282,0.295,0.298,0.287,0.266,0.241,0.218,0.197,0.178,0.162,0.11
261.0,264.0,0.025,0.048,0.069,0.089,0.108,0.125,0.141,0.156,0.17,0.183,0.195,0.206,0.255,0.283,0.296,0.298,0.287,0.264,0.24,0.216,0.195,0.177,0.161,0.109
261.0,265.0,0.025,0.048,0.07,0.09,0.109,0.126,0.142,0.157,0.171,0.184,0.196,0.207,0.256,0.283,0.296,0.298,0.286,0.263,0.238,0.215,0.194,0.175,0.159,0.108
261.0,266.0,0.025,0.048,0.07,0.09,0.109,0.127,0.143,0.158,0.172,0.185,0.197,0.208,0.257,0.284,0.296,0.298,0.285,0.262,0.237,0.214,0.193,0.174,0.158,0.107
261.0,267.0,0.025,0.049,0.071,0.091,0.11,0.127,0.144,0.159,0.173,0.186,0.198,0.209,0.258,0.284,0.296,0.298,0.285,0.262,0.237,0.213,0.192,0.173,0.158,0.106
261.0,268.0,0.025,0.049,0.071,0.091,0.11,0.128,0.144,0.159,0.173,0.186,0.198,0.209,0.258,0.285,0.296,0.298,0.285,0.261,0.236,0.212,0.191,0.173,0.157,0.106
261.0,269.0,0.025,0.049,0.071,0.092,0.111,0.128,0.145,0.16,0.174,0.187,0.199,0.21,0.258,0.285,0.297,0.298,0.284,0.261,0.235,0.212,0.19,0.172,0.156,0.106
261.0,270.0,0.025,0.049,0.071,0.092,0.111,0.128,0.145,0.16,0.174,0.187,0.199,0.21,0.259,0.285,0.297,0.298,0.284,0.26,0.235,0.211,0.19,0.172,0.156,0.105
261.0,271.0,0.026,0.049,0.071,0.092,0.111,0.129,0.145,0.16,0.174,0.187,0.199,0.21,0.259,0.285,0.297,0.298,0.284,0.26,0.235,0.211,0.19,0.171,0.156,0.105
261.0,272.0,0.026,0.049,0.071,0.092,0.111,0.129,0.145,0.16,0.174,0.187,0.199,0.21,0.259,0.285,0.297,0.298,0.284,0.26,0.234,0.211,0.189,0.171,0.155,0.105
261.0,273.0,0.026,0.049,0.072,0.092,0.111,0.129,0.145,0.161,0.175,0.188,0.2,0.21,0.259,0.286,0.297,0.298,0.284,0.26,0.234,0.21,0.189,0.171,0.155,0.105
262.0,263.0,0.024,0.046,0.067,0.087,0.105,0.122,0.138,0.153,0.166,0.179,0.191,0.202,0.252,0.28,0.294,0.298,0.289,0.268,0.245,0.221,0.2,0.182,0.165,0.112
262.0,264.0,0.024,0.047,0.068,0.088,0.107,0.124,0.14,0.155,0.168,0.181,0.193,0.204,0.254,0.282,0.295,0.298,0.288,0.266,0.242,0.218,0.197,0.179,0.163,0.11
262.0,265.0,0.025,0.048,0.069,0.089,0.108,0.125,0.141,0.156,0.17,0.183,0.195,0.206,0.255,0.283,0.296,0.298,0.287,0.264,0.24,0.216,0.195,0.176,0.161,0.109
262.0,266.0,0.025,0.048,0.07,0.09,0.109,0.126,0.143,0.158,0.172,0.184,0.196,0.207,0.257,0.284,0.296,0.298,0.286,0.263,0.238,0.214,0.193,0.175,0.159,0.107
262.0,267.0,0.025,0.049,0.071,0.091,0.11,0.127,0.144,0.159,0.173,0.186,0.198,0.209,0.258,0.284,0.296,0.298,0.285,0.262,0.237,0.213,0.192,0.173,0.158,0.106
262.0,268.0,0.025,0.049,0.071,0.091,0.11,0.128,0.144,0.16,0.174,0.187,0.198,0.209,0.258,0.285,0.297,0.298,0.284,0.261,0.236,0.212,0.191,0.172,0.156,0.106
262.0,269.0,0.026,0.049,0.071,0.092,0.111,0.129,0.145,0.16,0.174,0.187,0.199,0.21,0.259,0.285,0.297,0.298,0.284,0.26,0.235,0.211,0.19,0.171,0.156,0.105
262.0,270.0,0.026,0.049,0.072,0.092,0.111,0.129,0.146,0.161,0.175,0.188,0.2,0.211,0.259,0.286,0.297,0.298,0.284,0.26,0.234,0.21,0.189,0.171,0.155,0.105
262.0,271.0,0.026,0.05,0.072,0.093,0.112,0.13,0.146,0.161,0.175,0.188,0.2,0.211,0.26,0.286,0.297,0.298,0.283,0.259,0.233,0.209,0.188,0.17,0.154,0.104
262.0,272.0,0.026,0.05,0.072,0.093,0.112,0.13,0.146,0.162,0.176,0.189,0.201,0.212,0.26,0.286,0.297,0.298,0.283,0.259,0.233,0.209,0.188,0.17,0.154,0.104
262.0,273.0,0.026,0.05,0.072,0.093,0.112,0.13,0.147,0.162,0.176,0.189,0.201,0.212,0.26,0.286,0.297,0.298,0.283,0.258,0.233,0.209,0.187,0.169,0.154,0.104
262.0,274.0,0.026,0.05,0.072,0.093,0.112,0.13,0.147,0.162,0.176,0.189,0.201,0.212,0.261,0.286,0.297,0.298,0.283,0.258,0.232,0.208,0.187,0.169,0.153,0.103
263.0,264.0,0.023,0.045,0.065,0.085,0.102,0.119,0.135,0.149,0.163,0.175,0.187,0.198,0.248,0.278,0.293,0.298,0.291,0.272,0.249,0.226,0.205,0.186,0.17,0.115
263.0,265.0,0.024,0.046,0.067,0.086,0.104,0.121,0.137,0.152,0.166,0.178,0.19,0.201,0.251,0.28,0.294,0.298,0.289,0.269,0.245,0.222,0.201,0.183,0.166,0.113
263.0,266.0,0.024,0.047,0.068,0.088,0.106,0.123,0.139,0.154,0.168,0.18,0.192,0.203,0.253,0.281,0.295,0.298,0.288,0.267,0.243,0.219,0.198,0.18,0.164,0.111
263.0,267.0,0.025,0.047,0.069,0.089,0.107,0.125,0.141,0.156,0.169,0.182,0.194,0.205,0.254,0.282,0.295,0.298,0.287,0.265,0.241,0.217,0.196,0.178,0.162,0.109
263.0,268.0,0.025,0.048,0.07,0.09,0.108,0.126,0.142,0.157,0.171,0.184,0.196,0.207,0.256,0.283,0.296,0.298,0.286,0.264,0.239,0.215,0.194,0.176,0.16,0.108
263.0,269.0,0.025,0.048,0.07,0.09,0.109,0.127,0.143,0.158,0.172,0.185,0.197,0.208,0.257,0.284,0.296,0.298,0.286,0.263,0.238,0.214,0.193,0.174,0.159,0.107
263.0,270.0,0.025,0.049,0.071,0.091,0.11,0.127,0.144,0.159,0.173,0.186,0.198,0.209,0.258,0.284,0.296,0.298,0.285,0.262,0.237,0.213,0.192,0.173,0.157,0.106
263.0,271.0,0.025,0.049,0.071,0.091,0.11,0.128,0.144,0.159,0.173,0.186,0.198,0.209,0.258,0.285,0.296,0.298,0.284,0.261,0.236,0.212,0.191,0.172,0.157,0.106
263.0,272.0,0.025,0.049,0.071,0.092,0.111,0.128,0.145,0.16,0.174,0.187,0.199,0.21,0.259,0.285,0.297,0.298,0.284,0.26,0.235,0.211,0.19,0.172,0.156,0.105
263.0,273.0,0.026,0.049,0.071,0.092,0.111,0.129,0.145,0.16,0.174,0.187,0.199,0.21,0.259,0.285,0.297,0.298,0.284,0.26,0.235,0.211,0.189,0.171,0.155,0.105
263.0,274.0,0.026,0.049,0.072,0.092,0.111,0.129,0.146,0.161,0.175,0.188,0.2,0.211,0.259,0.286,0.297,0.298,0.284,0.26,0.234,0.21,0.189,0.171,0.155,0.105
263.0,275.0,0.026,0.05,0.072,0.092,0.112,0.129,0.146,0.161,0.175,0.188,0.2,0.211,0.26,0.286,0.297,0.298,0.283,0.259,0.234,0.21,0.189,0.17,0.155,0.104
264.0,265.0,0.022,0.043,0.062,0.081,0.098,0.114,0.129,0.143,0.157,0.169,0.181,0.191,0.242,0.273,0.29,0.297,0.294,0.277,0.256,0.234,0.213,0.194,0.178,0.122
264.0,266.0,0.023,0.044,0.064,0.082,0.1,0.116,0.132,0.146,0.159,0.172,0.183,0.194,0.245,0.275,0.291,0.298,0.293,0.275,0.253,0.23,0.21,0.191,0.174,0.119
264.0,267.0,0.023,0.045,0.065,0.084,0.102,0.118,0.134,0.148,0.162,0.174,0.186,0.197,0.247,0.277,0.292,0.298,0.291,0.273,0.25,0.228,0.207,0.188,0.172,0.117
264.0,268.0,0.023,0.045,0.066,0.085,0.103,0.12,0.135,0.15,0.163,0.176,0.188,0.199,0.249,0.278,0.293,0.298,0.291,0.271,0.248,0.225,0.204,0.185,0.169,0.115
264.0,269.0,0.024,0.046,0.067,0.086,0.104,0.121,0.137,0.151,0.165,0.178,0.189,0.2,0.25,0.279,0.294,0.298,0.29,0.27,0.246,0.223,0.202,0.183,0.167,0.113
264.0,270.0,0.024,0.046,0.067,0.087,0.105,0.122,0.138,0.153,0.166,0.179,0.191,0.202,0.252,0.28,0.294,0.298,0.289,0.268,0.244,0.221,0.2,0.182,0.165,0.112
264.0,271.0,0.024,0.047,0.068,0.087,0.106,0.123,0.139,0.154,0.167,0.18,0.192,0.203,0.253,0.281,0.295,0.298,0.288,0.267,0.243,0.22,0.199,0.18,0.164,0.111
264.0,272.0,0.024,0.047,0.068,0.088,0.107,0.124,0.14,0.155,0.168,0.181,0.193,0.204,0.253,0.282,0.295,0.298,0.288,0.266,0.242,0.219,0.197,0.179,0.163,0.11
264.0,273.0,0.024,0.047,0.069,0.089,0.107,0.124,0.14,0.155,0.169,0.182,0.194,0.205,0.254,0.282,0.295,0.298,0.287,0.265,0.241,0.218,0.196,0.178,0.162,0.11
264.0,274.0,0.025,0.048,0.069,0.089,0.108,0.125,0.141,0.156,0.17,0.183,0.194,0.205,0.255,0.283,0.295,0.298,0.287,0.265,0.24,0.217,0.196,0.177,0.161,0.109
264.0,275.0,0.025,0.048,0.069,0.089,0.108,0.125,0.141,0.156,0.17,0.183,0.195,0.206,0.255,0.283,0.296,0.298,0.287,0.264,0.24,0.216,0.195,0.176,0.16,0.109
264.0,276.0,0.025,0.048,0.07,0.09,0.108,0.126,0.142,0.157,0.171,0.184,0.195,0.206,0.256,0.283,0.296,0.298,0.286,0.264,0.239,0.215,0.194,0.176,0.16,0.108
265.0,266.0,0.022,0.042,0.062,0.08,0.097,0.113,0.128,0.142,0.155,0.168,0.179,0.19,0.241,0.272,0.29,0.297,0.294,0.278,0.257,0.235,0.215,0.196,0.18,0.123
265.0,267.0,0.022,0.043,0.063,0.082,0.099,0.115,0.13,0.145,0.158,0.171,0.182,0.193,0.243,0.274,0.291,0.298,0.293,0.276,0.254,0.232,0.211,0.193,0.176,0.12
265.0,268.0,0.023,0.044,0.064,0.083,0.101,0.117,0.132,0.147,0.16,0.173,0.184,0.195,0.246,0.276,0.292,0.298,0.292,0.274,0.252,0.229,0.208,0.19,0.173,0.118
265.0,269.0,0.023,0.045,0.065,0.084,0.102,0.119,0.134,0.149,0.162,0.175,0.186,0.197,0.247,0.277,0.293,0.298,0.291,0.272,0.249,0.227,0.206,0.187,0.171,0.116
265.0,270.0,0.023,0.045,0.066,0.085,0.103,0.12,0.136,0.15,0.164,0.176,0.188,0.199,0.249,0.278,0.293,0.298,0.29,0.271,0.248,0.225,0.204,0.185,0.169,0.115
265.0,271.0,0.024,0.046,0.067,0.086,0.104,0.121,0.137,0.151,0.165,0.178,0.19,0.201,0.25,0.279,0.294,0.298,0.29,0.269,0.246,0.223,0.202,0.183,0.167,0.113
265.0,272.0,0.024,0.046,0.067,0.087,0.105,0.122,0.138,0.153,0.166,0.179,0.191,0.202,0.252,0.28,0.294,0.298,0.289,0.268,0.244,0.221,0.2,0.182,0.165,0.112
265.0,273.0,0.024,0.047,0.068,0.087,0.106,0.123,0.139,0.154,0.167,0.18,0.192,0.203,0.252,0.281,0.295,0.298,0.288,0.267,0.243,0.22,0.199,0.18,0.164,0.111
265.0,274.0,0.024,0.047,0.068,0.088,0.106,0.124,0.139,0.154,0.168,0.181,0.193,0.204,0.253,0.281,0.295,0.298,0.288,0.266,0.242,0.219,0.198,0.179,0.163,0.111
265.0,275.0,0.024,0.047,0.069,0.088,0.107,0.124,0.14,0.155,0.169,0.182,0.193,0.204,0.254,0.282,0.295,0.298,0.287,0.266,0.241,0.218,0.197,0.178,0.162,0.11
265.0,276.0,0.025,0.047,0.069,0.089,0.107,0.125,0.141,0.156,0.169,0.182,0.194,0.205,0.254,0.282,0.295,0.298,0.287,0.265,0.241,0.217,0.196,0.178,0.162,0.109
265.0,277.0,0.025,0.048,0.069,0.089,0.108,0.125,0.141,0.156,0.17,0.183,0.195,0.206,0.255,0.283,0.295,0.298,0.287,0.265,0.24,0.217,0.195,0.177,0.161,0.109
266.0,267.0,0.022,0.042,0.061,0.079,0.096,0.112,0.127,0.141,0.154,0.166,0.178,0.189,0.239,0.271,0.289,0.297,0.295,0.279,0.259,0.237,0.217,0.198,0.181,0.124
266.0,268.0,0.022,0.043,0.063,0.081,0.098,0.114,0.13,0.144,0.157,0.169,0.181,0.192,0.242,0.273,0.29,0.298,0.294,0.277,0.255,0.233,0.213,0.194,0.178,0.121
266.0,269.0,0.023,0.044,0.064,0.082,0.1,0.116,0.132,0.146,0.159,0.172,0.184,0.194,0.245,0.275,0.292,0.298,0.292,0.275,0.253,0.23,0.209,0.191,0.174,0.119
266.0,270.0,0.023,0.045,0.065,0.084,0.101,0.118,0.134,0.148,0.161,0.174,0.186,0.197,0.247,0.277,0.292,0.298,0.292,0.273,0.25,0.228,0.207,0.188,0.172,0.117
266.0,271.0,0.023,0.045,0.066,0.085,0.103,0.119,0.135,0.15,0.163,0.176,0.188,0.198,0.248,0.278,0.293,0.298,0.291,0.271,0.248,0.225,0.204,0.186,0.169,0.115
266.0,272.0,0.024,0.046,0.066,0.086,0.104,0.121,0.136,0.151,0.165,0.177,0.189,0.2,0.25,0.279,0.294,0.298,0.29,0.27,0.246,0.223,0.202,0.184,0.168,0.114
266.0,273.0,0.024,0.046,0.067,0.086,0.105,0.122,0.137,0.152,0.166,0.179,0.19,0.201,0.251,0.28,0.294,0.298,0.289,0.269,0.245,0.222,0.201,0.182,0.166,0.113
266.0,274.0,0.024,0.047,0.068,0.087,0.105,0.123,0.138,0.153,0.167,0.18,0.191,0.202,0.252,0.281,0.295,0.298,0.289,0.268,0.244,0.22,0.199,0.181,0.165,0.112
266.0,275.0,0.024,0.047,0.068,0.088,0.106,0.123,0.139,0.154,0.168,0.181,0.192,0.203,0.253,0.281,0.295,0.298,0.288,0.267,0.243,0.219,0.198,0.18,0.164,0.111
266.0,276.0,0.024,0.047,0.068,0.088,0.107,0.124,0.14,0.155,0.169,0.181,0.193,0.204,0.254,0.282,0.295,0.298,0.288,0.266,0.242,0.218,0.197,0.179,0.163,0.11
266.0,277.0,0.024,0.047,0.069,0.089,0.107,0.124,0.14,0.155,0.169,0.182,0.194,0.205,0.254,0.282,0.295,0.298,0.287,0.265,0.241,0.218,0.196,0.178,0.162,0.11
266.0,278.0,0.025,0.048,0.069,0.089,0.107,0.125,0.141,0.156,0.17,0.182,0.194,0.205,0.255,0.282,0.295,0.298,0.287,0.265,0.24,0.217,0.196,0.177,0.161,0.109
267.0,268.0,0.022,0.043,0.062,0.081,0.098,0.114,0.129,0.143,0.157,0.169,0.181,0.191,0.242,0.273,0.29,0.297,0.294,0.277,0.256,0.234,0.213,0.195,0.178,0.122
267.0,269.0,0.023,0.044,0.064,0.083,0.101,0.117,0.133,0.147,0.16,0.173,0.185,0.195,0.246,0.276,0.292,0.298,0.292,0.274,0.252,0.229,0.208,0.19,0.173,0.118
267.0,270.0,0.023,0.045,0.066,0.085,0.103,0.12,0.135,0.15,0.163,0.176,0.188,0.199,0.249,0.278,0.293,0.298,0.291,0.271,0.248,0.225,0.204,0.185,0.169,0.115
267.0,271.0,0.024,0.046,0.067,0.086,0.105,0.122,0.137,0.152,0.166,0.179,0.19,0.201,0.251,0.28,0.294,0.298,0.289,0.269,0.245,0.222,0.201,0.182,0.166,0.113
267.0,272.0,0.024,0.047,0.068,0.088,0.106,0.123,0.139,0.154,0.168,0.181,0.192,0.203,0.253,0.281,0.295,0.298,0.288,0.267,0.243,0.219,0.198,0.18,0.164,0.111
267.0,273.0,0.025,0.047,0.069,0.089,0.107,0.125,0.141,0.156,0.169,0.182,0.194,0.205,0.254,0.282,0.295,0.298,0.287,0.265,0.241,0.217,0.196,0.178,0.162,0.109
267.0,274.0,0.025,0.048,0.069,0.09,0.108,0.126,0.142,0.157,0.171,0.184,0.195,0.206,0.256,0.283,0.296,0.298,0.286,0.264,0.239,0.216,0.194,0.176,0.16,0.108
267.0,275.0,0.025,0.048,0.07,0.09,0.109,0.127,0.143,0.158,0.172,0.185,0.196,0.207,0.257,0.284,0.296,0.298,0.286,0.263,0.238,0.214,0.193,0.175,0.159,0.107
267.0,276.0,0.025,0.049,0.07,0.091,0.11,0.127,0.143,0.159,0.173,0.185,0.197,0.208,0.257,0.284,0.296,0.298,0.285,0.262,0.237,0.213,0.192,0.174,0.158,0.107
267.0,277.0,0.025,0.049,0.071,0.091,0.11,0.128,0.144,0.159,0.173,0.186,0.198,0.209,0.258,0.285,0.296,0.298,0.285,0.261,0.236,0.212,0.191,0.173,0.157,0.106
267.0,278.0,0.025,0.049,0.071,0.092,0.111,0.128,0.145,0.16,0.174,0.187,0.199,0.21,0.258,0.285,0.297,0.298,0.284,0.261,0.235,0.212,0.19,0.172,0.156,0.106
267.0,279.0,0.025,0.049,0.071,0.092,0.111,0.129,0.145,0.16,0.174,0.187,0.199,0.21,0.259,0.285,0.297,0.298,0.284,0.26,0.235,0.211,0.19,0.172,0.156,0.105
268.0,269.0,0.02,0.039,0.057,0.074,0.09,0.105,0.119,0.132,0.145,0.157,0.168,0.179,0.229,0.263,0.283,0.294,0.297,0.286,0.269,0.249,0.229,0.211,0.194,0.135
268.0,270.0,0.021,0.04,0.059,0.076,0.093,0.108,0.123,0.136,0.149,0.161,0.173,0.183,0.234,0.267,0.286,0.296,0.296,0.283,0.264,0.244,0.224,0.205,0.188,0.13
268.0,271.0,0.021,0.041,0.06,0.078,0.095,0.111,0.126,0.14,0.153,0.165,0.176,0.187,0.238,0.27,0.288,0.297,0.295,0.28,0.26,0.239,0.219,0.2,0.183,0.126
268.0,272.0,0.022,0.043,0.062,0.08,0.097,0.113,0.128,0.142,0.156,0.168,0.18,0.19,0.241,0.272,0.29,0.297,0.294,0.278,0.257,0.235,0.215,0.196,0.179,0.123
268.0,273.0,0.022,0.043,0.063,0.082,0.099,0.115,0.131,0.145,0.158,0.171,0.182,0.193,0.244,0.274,0.291,0.298,0.293,0.276,0.254,0.232,0.211,0.192,0.176,0.12
268.0,274.0,0.023,0.044,0.064,0.083,0.101,0.117,0.133,0.147,0.16,0.173,0.185,0.196,0.246,0.276,0.292,0.298,0.292,0.274,0.251,0.229,0.208,0.189,0.173,0.118
268.0,275.0,0.023,0.045,0.065,0.084,0.102,0.119,0.134,0.149,0.162,0.175,0.187,0.198,0.248,0.277,0.293,0.298,0.291,0.272,0.249,0.227,0.206,0.187,0.171,0.116
268.0,276.0,0.023,0.045,0.066,0.085,0.103,0.12,0.136,0.15,0.164,0.177,0.188,0.199,0.249,0.279,0.293,0.298,0.29,0.271,0.247,0.224,0.203,0.185,0.169,0.115
268.0,277.0,0.024,0.046,0.067,0.086,0.104,0.121,0.137,0.152,0.165,0.178,0.19,0.201,0.25,0.279,0.294,0.298,0.29,0.269,0.246,0.223,0.202,0.183,0.167,0.113
268.0,278.0,0.024,0.046,0.067,0.087,0.105,0.122,0.138,0.153,0.166,0.179,0.191,0.202,0.252,0.28,0.294,0.298,0.289,0.268,0.245,0.221,0.2,0.182,0.165,0.112
268.0,279.0,0.024,0.047,0.068,0.087,0.106,0.123,0.139,0.153,0.167,0.18,0.192,0.203,0.252,0.281,0.295,0.298,0.288,0.267,0.243,0.22,0.199,0.18,0.164,0.111
268.0,280.0,0.024,0.047,0.068,0.088,0.106,0.123,0.139,0.154,0.168,0.181,0.193,0.204,0.253,0.281,0.295,0.298,0.288,0.267,0.242,0.219,0.198,0.179,0.163,0.111
269.0,270.0,0.02,0.039,0.057,0.074,0.091,0.106,0.12,0.134,0.146,0.158,0.17,0.18,0.231,0.264,0.284,0.295,0.297,0.285,0.267,0.247,0.227,0.209,0.192,0.133
269.0,271.0,0.021,0.041,0.059,0.077,0.093,0.109,0.123,0.137,0.15,0.162,0.173,0.184,0.235,0.267,0.286,0.296,0.296,0.283,0.263,0.243,0.222,0.204,0.187,0.129
269.0,272.0,0.021,0.042,0.061,0.079,0.095,0.111,0.126,0.14,0.153,0.165,0.177,0.188,0.238,0.27,0.288,0.297,0.295,0.28,0.26,0.239,0.218,0.2,0.183,0.125
269.0,273.0,0.022,0.043,0.062,0.08,0.097,0.113,0.128,0.143,0.156,0.168,0.18,0.19,0.241,0.272,0.29,0.297,0.294,0.278,0.257,0.235,0.214,0.196,0.179,0.123
269.0,274.0,0.022,0.043,0.063,0.082,0.099,0.115,0.13,0.145,0.158,0.171,0.182,0.193,0.243,0.274,0.291,0.298,0.293,0.276,0.254,0.232,0.211,0.193,0.176,0.12
269.0,275.0,0.023,0.044,0.064,0.083,0.1,0.117,0.132,0.147,0.16,0.173,0.184,0.195,0.245,0.276,0.292,0.298,0.292,0.274,0.252,0.229,0.209,0.19,0.173,0.118
269.0,276.0,0.023,0.045,0.065,0.084,0.102,0.118,0.134,0.148,0.162,0.174,0.186,0.197,0.247,0.277,0.293,0.298,0.291,0.273,0.25,0.227,0.206,0.188,0.171,0.117
269.0,277.0,0.023,0.045,0.066,0.085,0.103,0.119,0.135,0.15,0.163,0.176,0.188,0.198,0.249,0.278,0.293,0.298,0.291,0.271,0.248,0.225,0.204,0.186,0.169,0.115
269.0,278.0,0.024,0.046,0.066,0.086,0.104,0.12,0.136,0.151,0.164,0.177,0.189,0.2,0.25,0.279,0.294,0.298,0.29,0.27,0.247,0.224,0.203,0.184,0.168,0.114
269.0,279.0,0.024,0.046,0.067,0.086,0.104,0.121,0.137,0.152,0.165,0.178,0.19,0.201,0.251,0.28,0.294,0.298,0.289,0.269,0.245,0.222,0.201,0.183,0.167,0.113
269.0,280.0,0.024,0.046,0.067,0.087,0.105,0.122,0.138,0.153,0.166,0.179,0.191,0.202,0.252,0.28,0.294,0.298,0.289,0.268,0.244,0.221,0.2,0.182,0.165,0.112
269.0,281.0,0.024,0.047,0.068,0.087,0.106,0.123,0.139,0.153,0.167,0.18,0.192,0.203,0.252,0.281,0.295,0.298,0.288,0.267,0.244,0.22,0.199,0.181,0.164,0.111
270.0,271.0,0.021,0.04,0.059,0.076,0.093,0.108,0.123,0.136,0.149,0.161,0.173,0.183,0.234,0.267,0.286,0.296,0.296,0.283,0.264,0.243,0.223,0.205,0.188,0.13
270.0,272.0,0.021,0.041,0.06,0.078,0.095,0.111,0.126,0.14,0.153,0.165,0.176,0.187,0.238,0.27,0.288,0.297,0.295,0.28,0.26,0.239,0.219,0.2,0.183,0.126
270.0,273.0,0.022,0.042,0.062,0.08,0.097,0.113,0.128,0.142,0.156,0.168,0.18,0.19,0.241,0.272,0.29,0.297,0.294,0.278,0.257,0.235,0.215,0.196,0.179,0.123
270.0,274.0,0.022,0.043,0.063,0.082,0.099,0.115,0.131,0.145,0.158,0.171,0.182,0.193,0.243,0.274,0.291,0.298,0.293,0.276,0.254,0.232,0.211,0.193,0.176,0.12
270.0,275.0,0.023,0.044,0.064,0.083,0.101,0.117,0.132,0.147,0.16,0.173,0.184,0.195,0.246,0.276,0.292,0.298,0.292,0.274,0.252,0.229,0.208,0.19,0.173,0.118
270.0,276.0,0.023,0.045,0.065,0.084,0.102,0.118,0.134,0.148,0.162,0.175,0.186,0.197,0.247,0.277,0.293,0.298,0.291,0.272,0.25,0.227,0.206,0.187,0.171,0.116
270.0,277.0,0.023,0.045,0.066,0.085,0.103,0.12,0.135,0.15,0.164,0.176,0.188,0.199,0.249,0.278,0.293,0.298,0.29,0.271,0.248,0.225,0.204,0.185,0.169,0.115
270.0,278.0,0.024,0.046,0.066,0.086,0.104,0.121,0.136,0.151,0.165,0.177,0.189,0.2,0.25,0.279,0.294,0.298,0.29,0.27,0.246,0.223,0.202,0.184,0.167,0.114
270.0,279.0,0.024,0.046,0.067,0.086,0.105,0.122,0.137,0.152,0.166,0.179,0.19,0.201,0.251,0.28,0.294,0.298,0.289,0.269,0.245,0.222,0.201,0.182,0.166,0.113
270.0,280.0,0.024,0.046,0.067,0.087,0.105,0.122,0.138,0.153,0.167,0.18,0.191,0.202,0.252,0.281,0.294,0.298,0.289,0.268,0.244,0.221,0.2,0.181,0.165,0.112
270.0,281.0,0.024,0.047,0.068,0.088,0.106,0.123,0.139,0.154,0.168,0.18,0.192,0.203,0.253,0.281,0.295,0.298,0.288,0.267,0.243,0.22,0.198,0.18,0.164,0.111
270.0,282.0,0.024,0.047,0.068,0.088,0.106,0.124,0.14,0.154,0.168,0.181,0.193,0.204,0.253,0.282,0.295,0.298,0.288,0.266,0.242,0.219,0.198,0.179,0.163,0.11
271.0,272.0,0.02,0.039,0.057,0.075,0.091,0.106,0.12,0.134,0.146,0.158,0.17,0.18,0.231,0.264,0.284,0.295,0.297,0.285,0.267,0.247,0.227,0.209,0.192,0.133
271.0,273.0,0.021,0.041,0.059,0.077,0.093,0.109,0.123,0.137,0.15,0.162,0.174,0.184,0.235,0.267,0.287,0.296,0.296,0.282,0.263,0.242,0.222,0.204,0.187,0.129
271.0,274.0,0.021,0.042,0.061,0.079,0.095,0.111,0.126,0.14,0.153,0.165,0.177,0.188,0.238,0.27,0.288,0.297,0.295,0.28,0.26,0.238,0.218,0.199,0.183,0.125
271.0,275.0,0.022,0.043,0.062,0.08,0.097,0.113,0.129,0.143,0.156,0.168,0.18,0.191,0.241,0.272,0.29,0.297,0.294,0.278,0.257,0.235,0.214,0.196,0.179,0.123
271.0,276.0,0.022,0.043,0.063,0.082,0.099,0.115,0.131,0.145,0.158,0.171,0.182,0.193,0.243,0.274,0.291,0.298,0.293,0.276,0.254,0.232,0.211,0.192,0.176,0.12
271.0,277.0,0.023,0.044,0.064,0.083,0.1,0.117,0.132,0.147,0.16,0.173,0.184,0.195,0.245,0.276,0.292,0.298,0.292,0.274,0.252,0.229,0.208,0.19,0.173,0.118
271.0,278.0,0.023,0.045,0.065,0.084,0.102,0.118,0.134,0.148,0.162,0.174,0.186,0.197,0.247,0.277,0.293,0.298,0.291,0.273,0.25,0.227,0.206,0.188,0.171,0.117
271.0,279.0,0.023,0.045,0.066,0.085,0.103,0.119,0.135,0.15,0.163,0.176,0.188,0.198,0.249,0.278,0.293,0.298,0.291,0.271,0.248,0.225,0.204,0.186,0.169,0.115
271.0,280.0,0.024,0.046,0.066,0.086,0.104,0.12,0.136,0.151,0.164,0.177,0.189,0.2,0.25,0.279,0.294,0.298,0.29,0.27,0.247,0.224,0.203,0.184,0.168,0.114
271.0,281.0,0.024,0.046,0.067,0.086,0.104,0.121,0.137,0.152,0.165,0.178,0.19,0.201,0.251,0.28,0.294,0.298,0.289,0.269,0.245,0.222,0.201,0.183,0.166,0.113
271.0,282.0,0.024,0.046,0.067,0.087,0.105,0.122,0.138,0.153,0.166,0.179,0.191,0.202,0.252,0.28,0.294,0.298,0.289,0.268,0.244,0.221,0.2,0.182,0.165,0.112
271.0,283.0,0.024,0.047,0.068,0.087,0.106,0.123,0.139,0.153,0.167,0.18,0.192,0.203,0.252,0.281,0.295,0.298,0.288,0.267,0.244,0.22,0.199,0.181,0.164,0.111
272.0,273.0,0.018,0.036,0.052,0.068,0.083,0.097,0.111,0.123,0.135,0.147,0.158,0.168,0.218,0.253,0.276,0.29,0.298,0.292,0.278,0.261,0.242,0.225,0.208,0.146
272.0,274.0,0.019,0.037,0.054,0.071,0.086,0.101,0.114,0.127,0.14,0.151,0.162,0.173,0.223,0.258,0.279,0.292,0.298,0.29,0.274,0.255,0.237,0.218,0.202,0.141
272.0,275.0,0.02,0.038,0.056,0.073,0.089,0.104,0.118,0.131,0.144,0.155,0.167,0.177,0.228,0.261,0.282,0.294,0.298,0.287,0.27,0.251,0.231,0.213,0.196,0.136
272.0,276.0,0.02,0.04,0.058,0.075,0.091,0.106,0.121,0.134,0.147,0.159,0.17,0.181,0.232,0.265,0.285,0.295,0.297,0.285,0.267,0.246,0.227,0.208,0.191,0.132
272.0,277.0,0.021,0.041,0.059,0.077,0.093,0.109,0.123,0.137,0.15,0.162,0.173,0.184,0.235,0.267,0.286,0.296,0.296,0.283,0.263,0.243,0.223,0.204,0.187,0.129
272.0,278.0,0.021,0.041,0.06,0.078,0.095,0.111,0.125,0.139,0.152,0.165,0.176,0.187,0.237,0.269,0.288,0.297,0.295,0.281,0.261,0.239,0.219,0.2,0.184,0.126
272.0,279.0,0.022,0.042,0.061,0.079,0.096,0.112,0.127,0.141,0.155,0.167,0.178,0.189,0.24,0.271,0.289,0.297,0.294,0.279,0.258,0.237,0.216,0.197,0.181,0.124
272.0,280.0,0.022,0.043,0.062,0.081,0.098,0.114,0.129,0.143,0.157,0.169,0.181,0.191,0.242,0.273,0.29,0.297,0.294,0.277,0.256,0.234,0.213,0.195,0.178,0.122
272.0,281.0,0.022,0.043,0.063,0.082,0.099,0.115,0.131,0.145,0.158,0.171,0.182,0.193,0.244,0.274,0.291,0.298,0.293,0.276,0.254,0.232,0.211,0.192,0.176,0.12
272.0,282.0,0.023,0.044,0.064,0.083,0.1,0.117,0.132,0.146,0.16,0.172,0.184,0.195,0.245,0.275,0.292,0.298,0.292,0.275,0.252,0.23,0.209,0.19,0.174,0.119
272.0,283.0,0.023,0.044,0.064,0.083,0.101,0.118,0.133,0.147,0.161,0.173,0.185,0.196,0.246,0.276,0.292,0.298,0.292,0.273,0.251,0.228,0.208,0.189,0.172,0.117
272.0,284.0,0.023,0.045,0.065,0.084,0.102,0.118,0.134,0.148,0.162,0.174,0.186,0.197,0.247,0.277,0.293,0.298,0.291,0.272,0.25,0.227,0.206,0.187,0.171,0.116
273.0,274.0,0.018,0.035,0.051,0.066,0.081,0.095,0.108,0.121,0.133,0.144,0.155,0.165,0.215,0.25,0.273,0.288,0.298,0.293,0.281,0.264,0.246,0.229,0.212,0.15
273.0,275.0,0.019,0.036,0.053,0.069,0.084,0.099,0.112,0.125,0.137,0.149,0.16,0.17,0.221,0.255,0.277,0.291,0.298,0.291,0.276,0.258,0.24,0.222,0.205,0.144
273.0,276.0,0.019,0.038,0.055,0.072,0.087,0.102,0.116,0.129,0.142,0.153,0.164,0.175,0.225,0.259,0.281,0.293,0.298,0.289,0.272,0.253,0.234,0.216,0.199,0.139
273.0,277.0,0.02,0.039,0.057,0.074,0.09,0.105,0.119,0.133,0.145,0.157,0.168,0.179,0.23,0.263,0.283,0.294,0.297,0.286,0.268,0.249,0.229,0.211,0.194,0.134
273.0,278.0,0.021,0.04,0.058,0.076,0.092,0.107,0.122,0.136,0.148,0.161,0.172,0.182,0.233,0.266,0.285,0.295,0.297,0.284,0.265,0.245,0.225,0.206,0.189,0.131
273.0,279.0,0.021,0.041,0.06,0.077,0.094,0.11,0.124,0.138,0.151,0.163,0.175,0.186,0.236,0.268,0.287,0.296,0.296,0.282,0.262,0.241,0.221,0.202,0.185,0.127
273.0,280.0,0.022,0.042,0.061,0.079,0.096,0.112,0.127,0.141,0.154,0.166,0.177,0.188,0.239,0.271,0.289,0.297,0.295,0.28,0.259,0.238,0.217,0.199,0.182,0.125
273.0,281.0,0.022,0.043,0.062,0.08,0.097,0.113,0.129,0.143,0.156,0.168,0.18,0.191,0.241,0.272,0.29,0.297,0.294,0.278,0.257,0.235,0.214,0.196,0.179,0.123
273.0,282.0,0.022,0.043,0.063,0.081,0.099,0.115,0.13,0.144,0.158,0.17,0.182,0.193,0.243,0.274,0.291,0.298,0.293,0.276,0.255,0.233,0.212,0.193,0.177,0.121
273.0,283.0,0.023,0.044,0.064,0.082,0.1,0.116,0.132,0.146,0.159,0.172,0.183,0.194,0.245,0.275,0.291,0.298,0.293,0.275,0.253,0.23,0.21,0.191,0.175,0.119
273.0,284.0,0.023,0.044,0.064,0.083,0.101,0.117,0.133,0.147,0.161,0.173,0.185,0.196,0.246,0.276,0.292,0.298,0.292,0.274,0.251,0.229,0.208,0.189,0.173,0.118
273.0,285.0,0.023,0.045,0.065,0.084,0.102,0.118,0.134,0.148,0.162,0.174,0.186,0.197,0.247,0.277,0.293,0.298,0.291,0.272,0.25,0.227,0.206,0.188,0.171,0.116
274.0,275.0,0.017,0.034,0.05,0.065,0.079,0.093,0.106,0.118,0.13,0.141,0.152,0.162,0.212,0.247,0.271,0.286,0.298,0.295,0.283,0.267,0.25,0.233,0.217,0.154
274.0,276.0,0.018,0.036,0.052,0.068,0.082,0.097,0.11,0.123,0.135,0.146,0.157,0.167,0.217,0.252,0.275,0.289,0.298,0.292,0.279,0.262,0.244,0.226,0.209,0.147
274.0,277.0,0.019,0.037,0.054,0.07,0.085,0.1,0.114,0.127,0.139,0.151,0.162,0.172,0.222,0.257,0.279,0.291,0.298,0.29,0.275,0.256,0.238,0.22,0.203,0.142
274.0,278.0,0.02,0.038,0.056,0.072,0.088,0.103,0.117,0.13,0.143,0.154,0.166,0.176,0.227,0.26,0.282,0.293,0.298,0.288,0.271,0.252,0.233,0.214,0.198,0.137
274.0,279.0,0.02,0.039,0.057,0.074,0.09,0.105,0.12,0.133,0.146,0.158,0.169,0.18,0.23,0.264,0.284,0.295,0.297,0.286,0.268,0.248,0.228,0.21,0.193,0.133
274.0,280.0,0.021,0.04,0.059,0.076,0.092,0.108,0.122,0.136,0.149,0.161,0.172,0.183,0.234,0.266,0.286,0.296,0.296,0.283,0.265,0.244,0.224,0.205,0.189,0.13
274.0,281.0,0.021,0.041,0.06,0.077,0.094,0.11,0.125,0.138,0.151,0.164,0.175,0.186,0.236,0.269,0.287,0.296,0.296,0.281,0.262,0.241,0.221,0.202,0.185,0.127
274.0,282.0,0.022,0.042,0.061,0.079,0.096,0.112,0.126,0.14,0.154,0.166,0.177,0.188,0.239,0.27,0.289,0.297,0.295,0.28,0.259,0.238,0.218,0.199,0.182,0.125
274.0,283.0,0.022,0.042,0.062,0.08,0.097,0.113,0.128,0.142,0.155,0.168,0.179,0.19,0.241,0.272,0.29,0.297,0.294,0.278,0.257,0.236,0.215,0.196,0.18,0.123
274.0,284.0,0.022,0.043,0.063,0.081,0.098,0.114,0.13,0.144,0.157,0.169,0.181,0.192,0.242,0.273,0.29,0.298,0.294,0.277,0.255,0.233,0.213,0.194,0.177,0.121
274.0,285.0,0.022,0.043,0.063,0.082,0.099,0.116,0.131,0.145,0.158,0.171,0.183,0.193,0.244,0.274,0.291,0.298,0.293,0.276,0.254,0.232,0.211,0.192,0.176,0.12
274.0,286.0,0.023,0.044,0.064,0.083,0.1,0.117,0.132,0.146,0.16,0.172,0.184,0.195,0.245,0.275,0.292,0.298,0.292,0.274,0.252,0.23,0.209,0.19,0.174,0.119
275.0,276.0,0.017,0.034,0.049,0.064,0.078,0.092,0.105,0.117,0.129,0.14,0.15,0.16,0.21,0.246,0.27,0.285,0.298,0.295,0.284,0.269,0.252,0.235,0.219,0.156
275.0,277.0,0.018,0.035,0.051,0.067,0.082,0.096,0.109,0.121,0.133,0.145,0.155,0.166,0.216,0.251,0.274,0.288,0.298,0.293,0.28,0.263,0.245,0.228,0.211,0.149
275.0,278.0,0.019,0.036,0.053,0.069,0.085,0.099,0.113,0.125,0.138,0.149,0.16,0.17,0.221,0.255,0.278,0.291,0.298,0.291,0.276,0.258,0.239,0.222,0.205,0.144
275.0,279.0,0.019,0.038,0.055,0.072,0.087,0.102,0.116,0.129,0.142,0.153,0.164,0.175,0.225,0.259,0.281,0.293,0.298,0.289,0.272,0.253,0.234,0.216,0.199,0.139
275.0,280.0,0.02,0.039,0.057,0.074,0.09,0.105,0.119,0.132,0.145,0.157,0.168,0.179,0.229,0.263,0.283,0.294,0.297,0.286,0.269,0.249,0.229,0.211,0.194,0.135
275.0,281.0,0.02,0.04,0.058,0.075,0.092,0.107,0.121,0.135,0.148,0.16,0.171,0.182,0.233,0.265,0.285,0.295,0.297,0.284,0.266,0.245,0.225,0.207,0.19,0.131
275.0,282.0,0.021,0.041,0.059,0.077,0.094,0.109,0.124,0.138,0.151,0.163,0.174,0.185,0.235,0.268,0.287,0.296,0.296,0.282,0.263,0.242,0.222,0.203,0.186,0.128
275.0,283.0,0.021,0.042,0.061,0.078,0.095,0.111,0.126,0.14,0.153,0.165,0.177,0.187,0.238,0.27,0.288,0.297,0.295,0.28,0.26,0.239,0.218,0.2,0.183,0.126
275.0,284.0,0.022,0.042,0.062,0.08,0.097,0.113,0.128,0.142,0.155,0.167,0.179,0.189,0.24,0.272,0.289,0.297,0.294,0.279,0.258,0.236,0.216,0.197,0.18,0.124
275.0,285.0,0.022,0.043,0.062,0.081,0.098,0.114,0.129,0.143,0.157,0.169,0.181,0.191,0.242,0.273,0.29,0.297,0.294,0.277,0.256,0.234,0.213,0.195,0.178,0.122
275.0,286.0,0.022,0.043,0.063,0.082,0.099,0.115,0.131,0.145,0.158,0.171,0.182,0.193,0.244,0.274,0.291,0.298,0.293,0.276,0.254,0.232,0.211,0.192,0.176,0.12
275.0,287.0,0.023,0.044,0.064,0.083,0.1,0.116,0.132,0.146,0.16,0.172,0.184,0.195,0.245,0.275,0.292,0.298,0.292,0.275,0.252,0.23,0.209,0.191,0.174,0.119
276.0,277.0,0.016,0.032,0.047,0.061,0.075,0.088,0.1,0.112,0.123,0.134,0.144,0.154,0.203,0.239,0.264,0.281,0.297,0.297,0.288,0.274,0.259,0.243,0.227,0.163
276.0,278.0,0.017,0.034,0.049,0.064,0.078,0.092,0.105,0.117,0.129,0.14,0.15,0.16,0.21,0.246,0.27,0.285,0.298,0.295,0.284,0.269,0.252,0.235,0.219,0.156
276.0,279.0,0.018,0.035,0.051,0.067,0.082,0.096,0.109,0.122,0.134,0.145,0.156,0.166,0.216,0.251,0.274,0.288,0.298,0.293,0.28,0.263,0.245,0.228,0.211,0.149
276.0,280.0,0.019,0.037,0.053,0.069,0.085,0.099,0.113,0.126,0.138,0.149,0.16,0.171,0.221,0.256,0.278,0.291,0.298,0.291,0.276,0.258,0.239,0.221,0.205,0.143
276.0,281.0,0.019,0.038,0.055,0.072,0.087,0.102,0.116,0.129,0.142,0.153,0.164,0.175,0.226,0.259,0.281,0.293,0.298,0.288,0.272,0.253,0.234,0.216,0.199,0.139
276.0,282.0,0.02,0.039,0.057,0.074,0.09,0.105,0.119,0.132,0.145,0.157,0.168,0.179,0.229,0.263,0.283,0.294,0.297,0.286,0.269,0.249,0.229,0.211,0.194,0.134
276.0,283.0,0.021,0.04,0.058,0.076,0.092,0.107,0.122,0.135,0.148,0.16,0.171,0.182,0.233,0.266,0.285,0.295,0.297,0.284,0.265,0.245,0.225,0.207,0.19,0.131
276.0,284.0,0.021,0.041,0.059,0.077,0.094,0.109,0.124,0.138,0.151,0.163,0.174,0.185,0.236,0.268,0.287,0.296,0.296,0.282,0.263,0.242,0.221,0.203,0.186,0.128
276.0,285.0,0.021,0.042,0.061,0.078,0.095,0.111,0.126,0.14,0.153,0.165,0.177,0.187,0.238,0.27,0.288,0.297,0.295,0.28,0.26,0.239,0.218,0.2,0.183,0.126
276.0,286.0,0.022,0.042,0.062,0.08,0.097,0.113,0.128,0.142,0.155,0.167,0.179,0.19,0.24,0.272,0.289,0.297,0.294,0.279,0.258,0.236,0.215,0.197,0.18,0.123
276.0,287.0,0.022,0.043,0.062,0.081,0.098,0.114,0.129,0.144,0.157,0.169,0.181,0.192,0.242,0.273,0.29,0.298,0.294,0.277,0.256,0.234,0.213,0.194,0.178,0.122
276.0,288.0,0.022,0.043,0.063,0.082,0.099,0.115,0.131,0.145,0.158,0.171,0.182,0.193,0.244,0.274,0.291,0.298,0.293,0.276,0.254,0.232,0.211,0.192,0.176,0.12
277.0,278.0,0.016,0.03,0.045,0.058,0.071,0.084,0.096,0.107,0.118,0.129,0.139,0.148,0.197,0.233,0.259,0.277,0.295,0.298,0.291,0.279,0.265,0.25,0.235,0.171
277.0,279.0,0.016,0.032,0.047,0.061,0.075,0.088,0.101,0.113,0.124,0.135,0.145,0.155,0.204,0.24,0.265,0.282,0.297,0.297,0.288,0.274,0.258,0.242,0.226,0.163
277.0,280.0,0.017,0.034,0.049,0.064,0.079,0.092,0.105,0.117,0.129,0.14,0.151,0.161,0.211,0.246,0.27,0.286,0.298,0.295,0.284,0.268,0.251,0.234,0.218,0.155
277.0,281.0,0.018,0.035,0.052,0.067,0.082,0.096,0.109,0.122,0.134,0.145,0.156,0.166,0.216,0.251,0.274,0.289,0.298,0.293,0.28,0.263,0.245,0.227,0.211,0.149
277.0,282.0,0.019,0.037,0.053,0.069,0.085,0.099,0.113,0.126,0.138,0.149,0.16,0.171,0.221,0.256,0.278,0.291,0.298,0.291,0.276,0.258,0.239,0.221,0.205,0.143
277.0,283.0,0.019,0.038,0.055,0.072,0.087,0.102,0.116,0.129,0.142,0.153,0.164,0.175,0.226,0.259,0.281,0.293,0.298,0.288,0.272,0.253,0.234,0.216,0.199,0.139
277.0,284.0,0.02,0.039,0.057,0.074,0.09,0.105,0.119,0.132,0.145,0.157,0.168,0.179,0.229,0.263,0.283,0.294,0.297,0.286,0.269,0.249,0.229,0.211,0.194,0.135
277.0,285.0,0.021,0.04,0.058,0.075,0.092,0.107,0.122,0.135,0.148,0.16,0.171,0.182,0.233,0.266,0.285,0.295,0.297,0.284,0.265,0.245,0.225,0.207,0.19,0.131
277.0,286.0,0.021,0.041,0.059,0.077,0.094,0.109,0.124,0.138,0.151,0.163,0.174,0.185,0.236,0.268,0.287,0.296,0.296,0.282,0.263,0.242,0.221,0.203,0.186,0.128
277.0,287.0,0.021,0.042,0.061,0.079,0.095,0.111,0.126,0.14,0.153,0.165,0.177,0.187,0.238,0.27,0.288,0.297,0.295,0.28,0.26,0.239,0.218,0.2,0.183,0.126
277.0,288.0,0.022,0.042,0.062,0.08,0.097,0.113,0.128,0.142,0.155,0.167,0.179,0.19,0.24,0.272,0.289,0.297,0.294,0.278,0.258,0.236,0.215,0.197,0.18,0.123
277.0,289.0,0.022,0.043,0.063,0.081,0.098,0.114,0.129,0.144,0.157,0.169,0.181,0.192,0.242,0.273,0.29,0.298,0.294,0.277,0.255,0.234,0.213,0.194,0.178,0.121
278.0,279.0,0.022,0.043,0.062,0.08,0.097,0.113,0.128,0.143,0.156,0.168,0.18,0.19,0.241,0.272,0.29,0.297,0.294,0.278,0.257,0.235,0.214,0.196,0.179,0.123
278.0,280.0,0.022,0.043,0.063,0.081,0.099,0.115,0.13,0.144,0.157,0.17,0.181,0.192,0.243,0.274,0.291,0.298,0.293,0.276,0.255,0.233,0.212,0.193,0.177,0.121
278.0,281.0,0.023,0.044,0.064,0.082,0.1,0.116,0.131,0.146,0.159,0.171,0.183,0.194,0.244,0.275,0.291,0.298,0.293,0.275,0.253,0.231,0.21,0.191,0.175,0.119
278.0,282.0,0.023,0.044,0.064,0.083,0.101,0.117,0.132,0.147,0.16,0.173,0.184,0.195,0.246,0.276,0.292,0.298,0.292,0.274,0.252,0.229,0.208,0.19,0.173,0.118
278.0,283.0,0.023,0.045,0.065,0.084,0.101,0.118,0.133,0.148,0.161,0.174,0.186,0.197,0.247,0.277,0.292,0.298,0.292,0.273,0.25,0.228,0.207,0.188,0.172,0.117
278.0,284.0,0.023,0.045,0.065,0.084,0.102,0.119,0.134,0.149,0.162,0.175,0.187,0.198,0.248,0.277,0.293,0.298,0.291,0.272,0.249,0.226,0.205,0.187,0.17,0.116
278.0,285.0,0.023,0.045,0.066,0.085,0.103,0.12,0.135,0.15,0.163,0.176,0.188,0.199,0.249,0.278,0.293,0.298,0.291,0.271,0.248,0.225,0.204,0.185,0.169,0.115
278.0,286.0,0.024,0.046,0.066,0.085,0.103,0.12,0.136,0.151,0.164,0.177,0.189,0.199,0.249,0.279,0.294,0.298,0.29,0.27,0.247,0.224,0.203,0.184,0.168,0.114
278.0,287.0,0.024,0.046,0.066,0.086,0.104,0.121,0.137,0.151,0.165,0.178,0.189,0.2,0.25,0.279,0.294,0.298,0.29,0.27,0.246,0.223,0.202,0.183,0.167,0.114
278.0,288.0,0.024,0.046,0.067,0.086,0.104,0.121,0.137,0.152,0.165,0.178,0.19,0.201,0.251,0.28,0.294,0.298,0.289,0.269,0.245,0.222,0.201,0.183,0.167,0.113
278.0,289.0,0.024,0.046,0.067,0.087,0.105,0.122,0.138,0.152,0.166,0.179,0.191,0.201,0.251,0.28,0.294,0.298,0.289,0.269,0.245,0.222,0.201,0.182,0.166,0.112
278.0,290.0,0.024,0.046,0.067,0.087,0.105,0.122,0.138,0.153,0.166,0.179,0.191,0.202,0.252,0.28,0.294,0.298,0.289,0.268,0.244,0.221,0.2,0.181,0.165,0.112
279.0,280.0,0.014,0.028,0.041,0.054,0.066,0.078,0.089,0.1,0.11,0.12,0.13,0.139,0.186,0.222,0.249,0.269,0.291,0.298,0.295,0.287,0.275,0.261,0.247,0.184
279.0,281.0,0.015,0.03,0.044,0.057,0.07,0.082,0.094,0.105,0.116,0.126,0.136,0.146,0.194,0.23,0.257,0.275,0.294,0.298,0.293,0.282,0.268,0.253,0.238,0.175
279.0,282.0,0.016,0.031,0.046,0.06,0.074,0.086,0.099,0.11,0.122,0.132,0.143,0.152,0.201,0.237,0.263,0.28,0.297,0.297,0.289,0.276,0.261,0.245,0.229,0.166
279.0,283.0,0.017,0.033,0.048,0.063,0.077,0.09,0.103,0.115,0.127,0.138,0.148,0.158,0.208,0.243,0.268,0.284,0.298,0.296,0.285,0.271,0.254,0.238,0.221,0.158
279.0,284.0,0.018,0.034,0.05,0.066,0.08,0.094,0.107,0.12,0.131,0.143,0.153,0.163,0.214,0.249,0.272,0.287,0.298,0.294,0.282,0.265,0.248,0.231,0.214,0.152
279.0,285.0,0.018,0.036,0.052,0.068,0.083,0.097,0.111,0.124,0.136,0.147,0.158,0.168,0.219,0.253,0.276,0.29,0.298,0.292,0.278,0.26,0.242,0.224,0.208,0.146
279.0,286.0,0.019,0.037,0.054,0.07,0.086,0.1,0.114,0.127,0.14,0.151,0.162,0.173,0.223,0.257,0.279,0.292,0.298,0.29,0.274,0.256,0.237,0.219,0.202,0.141
279.0,287.0,0.02,0.038,0.056,0.072,0.088,0.103,0.117,0.13,0.143,0.155,0.166,0.176,0.227,0.261,0.282,0.293,0.298,0.288,0.271,0.251,0.232,0.214,0.197,0.137
279.0,288.0,0.02,0.039,0.057,0.074,0.09,0.106,0.12,0.133,0.146,0.158,0.169,0.18,0.231,0.264,0.284,0.295,0.297,0.285,0.267,0.248,0.228,0.209,0.193,0.133
279.0,289.0,0.021,0.04,0.059,0.076,0.092,0.108,0.122,0.136,0.149,0.161,0.172,0.183,0.234,0.266,0.286,0.296,0.296,0.283,0.265,0.244,0.224,0.205,0.189,0.13
279.0,290.0,0.021,0.041,0.06,0.077,0.094,0.11,0.125,0.138,0.151,0.164,0.175,0.186,0.236,0.269,0.287,0.296,0.296,0.281,0.262,0.241,0.221,0.202,0.185,0.127
279.0,291.0,0.022,0.042,0.061,0.079,0.096,0.112,0.126,0.14,0.154,0.166,0.177,0.188,0.239,0.27,0.289,0.297,0.295,0.28,0.259,0.238,0.217,0.199,0.182,0.125
280.0,281.0,0.015,0.029,0.043,0.056,0.068,0.08,0.092,0.103,0.114,0.124,0.134,0.143,0.191,0.227,0.254,0.273,0.293,0.298,0.294,0.284,0.271,0.256,0.242,0.179
280.0,282.0,0.016,0.031,0.046,0.06,0.074,0.086,0.099,0.11,0.121,0.132,0.142,0.152,0.201,0.237,0.262,0.28,0.296,0.297,0.289,0.276,0.261,0.245,0.23,0.166
280.0,283.0,0.017,0.034,0.049,0.064,0.078,0.092,0.105,0.117,0.128,0.139,0.15,0.16,0.21,0.245,0.27,0.285,0.298,0.295,0.284,0.269,0.252,0.235,0.219,0.156
280.0,284.0,0.018,0.036,0.052,0.068,0.082,0.097,0.11,0.123,0.135,0.146,0.157,0.167,0.217,0.252,0.275,0.289,0.298,0.292,0.279,0.262,0.244,0.226,0.209,0.147
280.0,285.0,0.019,0.037,0.055,0.071,0.086,0.101,0.115,0.128,0.14,0.152,0.163,0.173,0.224,0.258,0.28,0.292,0.298,0.289,0.274,0.255,0.236,0.218,0.201,0.14
280.0,286.0,0.02,0.039,0.057,0.074,0.09,0.105,0.119,0.132,0.145,0.157,0.168,0.179,0.229,0.263,0.283,0.294,0.297,0.286,0.269,0.249,0.229,0.211,0.194,0.135
280.0,287.0,0.021,0.04,0.059,0.076,0.093,0.108,0.123,0.136,0.149,0.161,0.173,0.183,0.234,0.267,0.286,0.296,0.296,0.283,0.264,0.244,0.224,0.205,0.188,0.13
280.0,288.0,0.021,0.042,0.061,0.078,0.095,0.111,0.126,0.14,0.153,0.165,0.176,0.187,0.238,0.27,0.288,0.297,0.295,0.28,0.26,0.239,0.219,0.2,0.183,0.126
280.0,289.0,0.022,0.043,0.062,0.08,0.097,0.113,0.129,0.143,0.156,0.168,0.18,0.191,0.241,0.272,0.29,0.297,0.294,0.278,0.257,0.235,0.214,0.196,0.179,0.122
280.0,290.0,0.022,0.044,0.063,0.082,0.099,0.116,0.131,0.145,0.159,0.171,0.183,0.193,0.244,0.275,0.291,0.298,0.293,0.275,0.254,0.231,0.211,0.192,0.175,0.12
280.0,291.0,0.023,0.044,0.064,0.083,0.101,0.117,0.133,0.147,0.161,0.173,0.185,0.196,0.246,0.276,0.292,0.298,0.292,0.273,0.251,0.229,0.208,0.189,0.173,0.118
280.0,292.0,0.023,0.045,0.065,0.084,0.102,0.119,0.135,0.149,0.163,0.175,0.187,0.198,0.248,0.278,0.293,0.298,0.291,0.272,0.249,0.226,0.205,0.186,0.17,0.116
281.0,282.0,0.015,0.03,0.044,0.058,0.071,0.083,0.095,0.106,0.117,0.128,0.138,0.147,0.196,0.232,0.258,0.276,0.295,0.298,0.292,0.281,0.266,0.251,0.236,0.173
281.0,283.0,0.017,0.032,0.047,0.062,0.076,0.089,0.101,0.113,0.125,0.135,0.146,0.156,0.205,0.241,0.266,0.282,0.297,0.297,0.287,0.273,0.257,0.241,0.225,0.162
281.0,284.0,0.018,0.034,0.05,0.066,0.08,0.094,0.107,0.119,0.131,0.142,0.153,0.163,0.213,0.248,0.272,0.287,0.298,0.294,0.282,0.266,0.248,0.231,0.215,0.152
281.0,285.0,0.019,0.036,0.053,0.069,0.084,0.098,0.112,0.125,0.137,0.148,0.159,0.17,0.22,0.255,0.277,0.29,0.298,0.291,0.277,0.259,0.241,0.223,0.206,0.145
281.0,286.0,0.019,0.038,0.055,0.072,0.087,0.102,0.116,0.129,0.142,0.154,0.165,0.175,0.226,0.26,0.281,0.293,0.298,0.288,0.272,0.253,0.234,0.215,0.199,0.138
281.0,287.0,0.02,0.039,0.057,0.074,0.091,0.106,0.12,0.134,0.146,0.158,0.17,0.18,0.231,0.264,0.284,0.295,0.297,0.285,0.267,0.247,0.227,0.209,0.192,0.133
281.0,288.0,0.021,0.041,0.059,0.077,0.093,0.109,0.123,0.137,0.15,0.162,0.174,0.184,0.235,0.267,0.287,0.296,0.296,0.282,0.263,0.242,0.222,0.204,0.187,0.129
281.0,289.0,0.021,0.042,0.061,0.079,0.096,0.111,0.126,0.14,0.153,0.166,0.177,0.188,0.238,0.27,0.288,0.297,0.295,0.28,0.26,0.238,0.218,0.199,0.182,0.125
281.0,290.0,0.022,0.043,0.062,0.08,0.098,0.114,0.129,0.143,0.156,0.169,0.18,0.191,0.241,0.273,0.29,0.297,0.294,0.278,0.256,0.235,0.214,0.195,0.179,0.122
281.0,291.0,0.022,0.044,0.063,0.082,0.099,0.116,0.131,0.145,0.159,0.171,0.183,0.193,0.244,0.274,0.291,0.298,0.293,0.275,0.254,0.231,0.211,0.192,0.175,0.12
281.0,292.0,0.023,0.044,0.064,0.083,0.101,0.117,0.133,0.147,0.161,0.173,0.185,0.196,0.246,0.276,0.292,0.298,0.292,0.274,0.251,0.229,0.208,0.189,0.173,0.118
281.0,293.0,0.023,0.045,0.065,0.084,0.102,0.119,0.134,0.149,0.162,0.175,0.187,0.197,0.248,0.277,0.293,0.298,0.291,0.272,0.249,0.227,0.206,0.187,0.171,0.116
282.0,283.0,0.015,0.029,0.043,0.056,0.068,0.081,0.092,0.103,0.114,0.124,0.134,0.143,0.191,0.227,0.254,0.273,0.293,0.298,0.294,0.284,0.271,0.256,0.241,0.178
282.0,284.0,0.016,0.031,0.046,0.059,0.073,0.085,0.098,0.109,0.12,0.131,0.141,0.151,0.199,0.235,0.261,0.279,0.296,0.298,0.29,0.278,0.263,0.247,0.232,0.168
282.0,285.0,0.017,0.033,0.048,0.063,0.077,0.09,0.102,0.115,0.126,0.137,0.147,0.157,0.207,0.242,0.267,0.283,0.298,0.296,0.286,0.272,0.255,0.239,0.223,0.16
282.0,286.0,0.018,0.034,0.05,0.066,0.08,0.094,0.107,0.119,0.131,0.142,0.153,0.163,0.213,0.248,0.272,0.287,0.298,0.294,0.282,0.266,0.248,0.231,0.215,0.152
282.0,287.0,0.018,0.036,0.053,0.068,0.083,0.098,0.111,0.124,0.136,0.147,0.158,0.168,0.219,0.254,0.276,0.29,0.298,0.292,0.278,0.26,0.242,0.224,0.208,0.146
282.0,288.0,0.019,0.037,0.054,0.071,0.086,0.101,0.115,0.128,0.14,0.152,0.163,0.173,0.224,0.258,0.28,0.292,0.298,0.289,0.274,0.255,0.236,0.218,0.201,0.141
282.0,289.0,0.02,0.038,0.056,0.073,0.089,0.104,0.118,0.131,0.144,0.156,0.167,0.177,0.228,0.262,0.282,0.294,0.298,0.287,0.27,0.25,0.231,0.213,0.196,0.136
282.0,290.0,0.02,0.04,0.058,0.075,0.091,0.106,0.121,0.134,0.147,0.159,0.17,0.181,0.232,0.265,0.285,0.295,0.297,0.285,0.267,0.246,0.227,0.208,0.191,0.132
282.0,291.0,0.021,0.041,0.059,0.077,0.093,0.109,0.123,0.137,0.15,0.162,0.173,0.184,0.235,0.267,0.286,0.296,0.296,0.283,0.263,0.243,0.223,0.204,0.187,0.129
282.0,292.0,0.021,0.041,0.06,0.078,0.095,0.111,0.125,0.139,0.152,0.165,0.176,0.187,0.237,0.269,0.288,0.297,0.295,0.281,0.261,0.24,0.219,0.201,0.184,0.126
282.0,293.0,0.022,0.042,0.061,0.079,0.096,0.112,0.127,0.141,0.154,0.167,0.178,0.189,0.24,0.271,0.289,0.297,0.295,0.279,0.258,0.237,0.216,0.198,0.181,0.124
282.0,294.0,0.022,0.043,0.062,0.081,0.098,0.114,0.129,0.143,0.156,0.169,0.18,0.191,0.242,0.273,0.29,0.297,0.294,0.277,0.256,0.234,0.214,0.195,0.178,0.122
283.0,284.0,0.016,0.031,0.045,0.059,0.072,0.084,0.096,0.108,0.119,0.129,0.139,0.149,0.198,0.234,0.259,0.277,0.296,0.298,0.291,0.279,0.265,0.249,0.234,0.171
283.0,285.0,0.017,0.033,0.048,0.062,0.076,0.089,0.102,0.114,0.125,0.136,0.147,0.156,0.206,0.242,0.266,0.283,0.297,0.296,0.287,0.272,0.256,0.24,0.224,0.161
283.0,286.0,0.018,0.034,0.05,0.066,0.08,0.094,0.107,0.119,0.131,0.142,0.153,0.163,0.213,0.248,0.272,0.287,0.298,0.294,0.282,0.266,0.248,0.231,0.215,0.152
283.0,287.0,0.019,0.036,0.053,0.069,0.084,0.098,0.112,0.124,0.137,0.148,0.159,0.169,0.22,0.254,0.277,0.29,0.298,0.291,0.277,0.259,0.241,0.223,0.207,0.145
283.0,288.0,0.019,0.038,0.055,0.071,0.087,0.102,0.116,0.129,0.141,0.153,0.164,0.174,0.225,0.259,0.28,0.293,0.298,0.289,0.272,0.254,0.235,0.216,0.2,0.139
283.0,289.0,0.02,0.039,0.057,0.074,0.09,0.105,0.119,0.133,0.145,0.157,0.169,0.179,0.23,0.263,0.283,0.294,0.297,0.286,0.268,0.248,0.229,0.21,0.194,0.134
283.0,290.0,0.021,0.04,0.059,0.076,0.092,0.108,0.122,0.136,0.149,0.161,0.172,0.183,0.234,0.266,0.286,0.296,0.296,0.283,0.264,0.244,0.224,0.205,0.189,0.13
283.0,291.0,0.021,0.041,0.06,0.078,0.095,0.11,0.125,0.139,0.152,0.164,0.176,0.186,0.237,0.269,0.288,0.296,0.295,0.281,0.261,0.24,0.219,0.201,0.184,0.126
283.0,292.0,0.022,0.042,0.062,0.08,0.097,0.113,0.128,0.142,0.155,0.167,0.179,0.189,0.24,0.272,0.289,0.297,0.294,0.279,0.258,0.236,0.216,0.197,0.18,0.124
283.0,293.0,0.022,0.043,0.063,0.081,0.098,0.115,0.13,0.144,0.157,0.17,0.181,0.192,0.243,0.273,0.29,0.298,0.293,0.277,0.255,0.233,0.212,0.194,0.177,0.121
283.0,294.0,0.023,0.044,0.064,0.082,0.1,0.116,0.132,0.146,0.159,0.172,0.183,0.194,0.245,0.275,0.291,0.298,0.293,0.275,0.253,0.23,0.21,0.191,0.175,0.119
283.0,295.0,0.023,0.044,0.065,0.083,0.101,0.118,0.133,0.148,0.161,0.174,0.185,0.196,0.246,0.276,0.292,0.298,0.292,0.273,0.251,0.228,0.207,0.189,0.172,0.117
284.0,285.0,0.015,0.029,0.042,0.055,0.068,0.08,0.091,0.102,0.113,0.123,0.132,0.142,0.189,0.226,0.252,0.272,0.293,0.298,0.294,0.285,0.272,0.258,0.243,0.18
284.0,286.0,0.016,0.03,0.045,0.058,0.071,0.084,0.096,0.107,0.118,0.129,0.139,0.148,0.197,0.233,0.259,0.277,0.295,0.298,0.291,0.28,0.265,0.25,0.235,0.171
284.0,287.0,0.016,0.032,0.047,0.061,0.075,0.088,0.1,0.112,0.123,0.134,0.144,0.154,0.204,0.239,0.265,0.281,0.297,0.297,0.288,0.274,0.259,0.242,0.227,0.163
284.0,288.0,0.017,0.033,0.049,0.064,0.078,0.092,0.104,0.117,0.128,0.139,0.15,0.16,0.21,0.245,0.269,0.285,0.298,0.295,0.284,0.269,0.252,0.235,0.219,0.156
284.0,289.0,0.018,0.035,0.051,0.066,0.081,0.095,0.108,0.121,0.133,0.144,0.154,0.165,0.215,0.25,0.273,0.288,0.298,0.294,0.281,0.264,0.247,0.229,0.213,0.15
284.0,290.0,0.018,0.036,0.053,0.069,0.084,0.098,0.111,0.124,0.136,0.148,0.159,0.169,0.219,0.254,0.277,0.29,0.298,0.292,0.277,0.26,0.241,0.223,0.207,0.145
284.0,291.0,0.019,0.037,0.054,0.071,0.086,0.101,0.115,0.128,0.14,0.152,0.163,0.173,0.224,0.258,0.279,0.292,0.298,0.29,0.274,0.255,0.236,0.218,0.202,0.141
284.0,292.0,0.02,0.038,0.056,0.073,0.088,0.103,0.117,0.131,0.143,0.155,0.166,0.176,0.227,0.261,0.282,0.293,0.298,0.288,0.271,0.251,0.232,0.214,0.197,0.137
284.0,293.0,0.02,0.039,0.057,0.074,0.09,0.105,0.12,0.133,0.146,0.158,0.169,0.18,0.23,0.264,0.284,0.294,0.297,0.286,0.268,0.248,0.228,0.21,0.193,0.134
284.0,294.0,0.021,0.04,0.058,0.076,0.092,0.107,0.122,0.135,0.148,0.16,0.172,0.182,0.233,0.266,0.285,0.295,0.297,0.284,0.265,0.245,0.225,0.206,0.19,0.131
284.0,295.0,0.021,0.041,0.059,0.077,0.094,0.109,0.124,0.138,0.15,0.163,0.174,0.185,0.235,0.268,0.287,0.296,0.296,0.282,0.263,0.242,0.222,0.203,0.186,0.128
284.0,296.0,0.021,0.041,0.06,0.078,0.095,0.111,0.125,0.139,0.152,0.165,0.176,0.187,0.237,0.269,0.288,0.297,0.295,0.281,0.261,0.239,0.219,0.2,0.184,0.126
285.0,286.0,0.015,0.029,0.043,0.056,0.069,0.081,0.093,0.104,0.114,0.125,0.134,0.144,0.192,0.228,0.255,0.273,0.294,0.298,0.294,0.283,0.27,0.255,0.241,0.177
285.0,287.0,0.016,0.031,0.046,0.06,0.073,0.086,0.098,0.109,0.12,0.131,0.141,0.151,0.2,0.236,0.261,0.279,0.296,0.298,0.29,0.277,0.262,0.247,0.231,0.168
285.0,288.0,0.017,0.033,0.048,0.063,0.077,0.09,0.102,0.114,0.126,0.137,0.147,0.157,0.207,0.242,0.267,0.283,0.298,0.296,0.286,0.272,0.255,0.239,0.223,0.16
285.0,289.0,0.018,0.034,0.05,0.065,0.08,0.094,0.107,0.119,0.131,0.142,0.153,0.163,0.213,0.248,0.272,0.287,0.298,0.294,0.282,0.266,0.249,0.231,0.215,0.153
285.0,290.0,0.018,0.036,0.052,0.068,0.083,0.097,0.111,0.123,0.135,0.147,0.158,0.168,0.218,0.253,0.276,0.29,0.298,0.292,0.278,0.261,0.242,0.225,0.208,0.146
285.0,291.0,0.019,0.037,0.054,0.07,0.086,0.1,0.114,0.127,0.14,0.151,0.162,0.173,0.223,0.257,0.279,0.292,0.298,0.29,0.274,0.256,0.237,0.219,0.202,0.141
285.0,292.0,0.02,0.038,0.056,0.073,0.088,0.103,0.117,0.131,0.143,0.155,0.166,0.177,0.227,0.261,0.282,0.293,0.298,0.287,0.271,0.251,0.232,0.214,0.197,0.137
285.0,293.0,0.02,0.039,0.057,0.075,0.091,0.106,0.12,0.134,0.146,0.158,0.17,0.18,0.231,0.264,0.284,0.295,0.297,0.285,0.267,0.247,0.227,0.209,0.192,0.133
285.0,294.0,0.021,0.04,0.059,0.076,0.093,0.108,0.123,0.136,0.149,0.161,0.173,0.183,0.234,0.267,0.286,0.296,0.296,0.283,0.264,0.244,0.223,0.205,0.188,0.13
285.0,295.0,0.021,0.041,0.06,0.078,0.094,0.11,0.125,0.139,0.152,0.164,0.175,0.186,0.237,0.269,0.287,0.296,0.296,0.281,0.261,0.24,0.22,0.201,0.185,0.127
285.0,296.0,0.022,0.042,0.061,0.079,0.096,0.112,0.127,0.141,0.154,0.166,0.178,0.188,0.239,0.271,0.289,0.297,0.295,0.279,0.259,0.237,0.217,0.198,0.182,0.125
285.0,297.0,0.022,0.043,0.062,0.08,0.097,0.113,0.129,0.143,0.156,0.168,0.18,0.191,0.241,0.272,0.29,0.297,0.294,0.278,0.257,0.235,0.214,0.196,0.179,0.123
286.0,287.0,0.015,0.029,0.043,0.056,0.069,0.081,0.093,0.104,0.114,0.125,0.134,0.144,0.192,0.228,0.254,0.273,0.294,0.298,0.294,0.283,0.27,0.255,0.241,0.177
286.0,288.0,0.016,0.031,0.045,0.059,0.073,0.085,0.097,0.109,0.12,0.131,0.141,0.15,0.199,0.235,0.261,0.279,0.296,0.298,0.29,0.278,0.263,0.247,0.232,0.168
286.0,289.0,0.017,0.033,0.048,0.062,0.076,0.089,0.102,0.114,0.125,0.136,0.147,0.156,0.206,0.242,0.266,0.283,0.297,0.296,0.287,0.272,0.256,0.24,0.224,0.161
286.0,290.0,0.017,0.034,0.05,0.065,0.079,0.093,0.106,0.118,0.13,0.141,0.152,0.162,0.212,0.247,0.271,0.286,0.298,0.295,0.283,0.267,0.25,0.233,0.216,0.154
286.0,291.0,0.018,0.035,0.052,0.068,0.082,0.096,0.11,0.123,0.135,0.146,0.157,0.167,0.217,0.252,0.275,0.289,0.298,0.293,0.279,0.262,0.244,0.226,0.21,0.148
286.0,292.0,0.019,0.037,0.054,0.07,0.085,0.1,0.113,0.126,0.139,0.15,0.161,0.171,0.222,0.256,0.278,0.291,0.298,0.29,0.275,0.257,0.238,0.22,0.204,0.142
286.0,293.0,0.019,0.038,0.055,0.072,0.088,0.102,0.116,0.13,0.142,0.154,0.165,0.175,0.226,0.26,0.281,0.293,0.298,0.288,0.272,0.253,0.233,0.215,0.198,0.138
286.0,294.0,0.02,0.039,0.057,0.074,0.09,0.105,0.119,0.133,0.145,0.157,0.168,0.179,0.23,0.263,0.283,0.294,0.297,0.286,0.268,0.248,0.229,0.21,0.194,0.134
286.0,295.0,0.021,0.04,0.058,0.076,0.092,0.107,0.122,0.135,0.148,0.16,0.172,0.182,0.233,0.266,0.285,0.295,0.297,0.284,0.265,0.245,0.225,0.206,0.19,0.131
286.0,296.0,0.021,0.041,0.06,0.077,0.094,0.109,0.124,0.138,0.151,0.163,0.174,0.185,0.236,0.268,0.287,0.296,0.296,0.282,0.262,0.242,0.221,0.203,0.186,0.128
286.0,297.0,0.021,0.042,0.061,0.079,0.095,0.111,0.126,0.14,0.153,0.165,0.177,0.188,0.238,0.27,0.288,0.297,0.295,0.28,0.26,0.239,0.218,0.2,0.183,0.125
286.0,298.0,0.022,0.042,0.062,0.08,0.097,0.113,0.128,0.142,0.155,0.167,0.179,0.19,0.24,0.272,0.289,0.297,0.294,0.278,0.258,0.236,0.215,0.197,0.18,0.123
287.0,288.0,0.016,0.031,0.045,0.059,0.072,0.085,0.097,0.109,0.12,0.13,0.14,0.15,0.199,0.235,0.261,0.278,0.296,0.298,0.29,0.278,0.263,0.248,0.232,0.169
287.0,289.0,0.016,0.032,0.047,0.061,0.074,0.087,0.099,0.111,0.122,0.133,0.143,0.153,0.202,0.238,0.264,0.281,0.297,0.297,0.289,0.275,0.26,0.244,0.228,0.165
287.0,290.0,0.017,0.033,0.048,0.062,0.076,0.089,0.102,0.114,0.125,0.136,0.146,0.156,0.206,0.241,0.266,0.283,0.297,0.296,0.287,0.272,0.256,0.24,0.224,0.161
287.0,291.0,0.017,0.033,0.049,0.064,0.078,0.091,0.104,0.116,0.128,0.139,0.149,0.159,0.209,0.244,0.269,0.285,0.298,0.296,0.285,0.27,0.253,0.236,0.22,0.157
287.0,292.0,0.017,0.034,0.05,0.065,0.079,0.093,0.106,0.118,0.13,0.141,0.152,0.162,0.212,0.247,0.271,0.286,0.298,0.295,0.283,0.267,0.25,0.233,0.216,0.154
287.0,293.0,0.018,0.035,0.051,0.066,0.081,0.095,0.108,0.12,0.132,0.144,0.154,0.164,0.215,0.25,0.273,0.288,0.298,0.294,0.281,0.264,0.247,0.229,0.213,0.151
287.0,294.0,0.018,0.035,0.052,0.067,0.082,0.096,0.11,0.122,0.134,0.146,0.157,0.167,0.217,0.252,0.275,0.289,0.298,0.293,0.279,0.262,0.244,0.226,0.21,0.148
287.0,295.0,0.018,0.036,0.053,0.069,0.084,0.098,0.111,0.124,0.136,0.148,0.159,0.169,0.219,0.254,0.277,0.29,0.298,0.292,0.277,0.26,0.241,0.223,0.207,0.145
287.0,296.0,0.019,0.037,0.054,0.07,0.085,0.099,0.113,0.126,0.138,0.15,0.161,0.171,0.222,0.256,0.278,0.291,0.298,0.291,0.275,0.257,0.239,0.221,0.204,0.143
287.0,297.0,0.019,0.037,0.054,0.071,0.086,0.101,0.115,0.128,0.14,0.152,0.163,0.173,0.224,0.258,0.28,0.292,0.298,0.29,0.274,0.255,0.236,0.218,0.202,0.141
287.0,298.0,0.019,0.038,0.055,0.072,0.087,0.102,0.116,0.129,0.142,0.153,0.164,0.175,0.225,0.259,0.281,0.293,0.298,0.289,0.272,0.253,0.234,0.216,0.199,0.139
287.0,299.0,0.02,0.038,0.056,0.072,0.088,0.103,0.117,0.13,0.143,0.155,0.166,0.176,0.227,0.261,0.282,0.293,0.298,0.288,0.271,0.251,0.232,0.214,0.197,0.137
288.0,289.0,0.015,0.029,0.043,0.056,0.069,0.081,0.092,0.104,0.114,0.124,0.134,0.144,0.192,0.228,0.254,0.273,0.294,0.298,0.294,0.283,0.27,0.256,0.241,0.178
288.0,290.0,0.015,0.029,0.043,0.056,0.069,0.081,0.093,0.104,0.114,0.125,0.134,0.144,0.192,0.228,0.255,0.273,0.294,0.298,0.294,0.283,0.27,0.255,0.241,0.177
288.0,291.0,0.015,0.029,0.043,0.056,0.069,0.081,0.093,0.104,0.115,0.125,0.135,0.144,0.192,0.228,0.255,0.274,0.294,0.298,0.293,0.283,0.27,0.255,0.24,0.177
288.0,292.0,0.015,0.029,0.043,0.056,0.069,0.081,0.093,0.104,0.115,0.125,0.135,0.144,0.192,0.229,0.255,0.274,0.294,0.298,0.293,0.283,0.269,0.255,0.24,0.177
288.0,293.0,0.015,0.029,0.043,0.057,0.069,0.081,0.093,0.104,0.115,0.125,0.135,0.145,0.193,0.229,0.255,0.274,0.294,0.298,0.293,0.283,0.269,0.254,0.24,0.176
288.0,294.0,0.015,0.029,0.043,0.057,0.069,0.082,0.093,0.105,0.115,0.126,0.135,0.145,0.193,0.229,0.255,0.274,0.294,0.298,0.293,0.282,0.269,0.254,0.239,0.176
288.0,295.0,0.015,0.03,0.043,0.057,0.07,0.082,0.093,0.105,0.115,0.126,0.136,0.145,0.193,0.229,0.256,0.274,0.294,0.298,0.293,0.282,0.269,0.254,0.239,0.176
288.0,296.0,0.015,0.03,0.044,0.057,0.07,0.082,0.094,0.105,0.116,0.126,0.136,0.145,0.193,0.23,0.256,0.274,0.294,0.298,0.293,0.282,0.268,0.254,0.239,0.176
288.0,297.0,0.015,0.03,0.044,0.057,0.07,0.082,0.094,0.105,0.116,0.126,0.136,0.145,0.194,0.23,0.256,0.275,0.294,0.298,0.293,0.282,0.268,0.253,0.239,0.175
288.0,298.0,0.015,0.03,0.044,0.057,0.07,0.082,0.094,0.105,0.116,0.126,0.136,0.146,0.194,0.23,0.256,0.275,0.294,0.298,0.293,0.282,0.268,0.253,0.238,0.175
288.0,299.0,0.015,0.03,0.044,0.057,0.07,0.082,0.094,0.105,0.116,0.126,0.136,0.146,0.194,0.23,0.257,0.275,0.294,0.298,0.293,0.282,0.268,0.253,0.238,0.175
288.0,300.0,0.015,0.03,0.044,0.057,0.07,0.082,0.094,0.105,0.116,0.127,0.137,0.146,0.194,0.23,0.257,0.275,0.295,0.298,0.293,0.281,0.268,0.253,0.238,0.174
289.0,290.0,0.015,0.03,0.044,0.058,0.071,0.083,0.095,0.107,0.117,0.128,0.138,0.147,0.196,0.232,0.258,0.276,0.295,0.298,0.292,0.28,0.266,0.251,0.236,0.173
289.0,291.0,0.015,0.03,0.044,0.058,0.071,0.083,0.095,0.106,0.117,0.128,0.138,0.147,0.196,0.232,0.258,0.276,0.295,0.298,0.292,0.28,0.266,0.251,0.236,0.173
289.0,292.0,0.015,0.03,0.044,0.058,0.071,0.083,0.095,0.106,0.117,0.128,0.138,0.147,0.196,0.232,0.258,0.276,0.295,0.298,0.292,0.281,0.266,0.251,0.236,0.173
289.0,293.0,0.015,0.03,0.044,0.058,0.071,0.083,0.095,0.106,0.117,0.128,0.137,0.147,0.195,0.232,0.258,0.276,0.295,0.298,0.292,0.281,0.267,0.252,0.236,0.173
289.0,294.0,0.015,0.03,0.044,0.058,0.071,0.083,0.095,0.106,0.117,0.127,0.137,0.147,0.195,0.231,0.258,0.276,0.295,0.298,0.292,0.281,0.267,0.252,0.237,0.173
289.0,295.0,0.015,0.03,0.044,0.058,0.07,0.083,0.095,0.106,0.117,0.127,0.137,0.147,0.195,0.231,0.257,0.276,0.295,0.298,0.292,0.281,0.267,0.252,0.237,0.173
289.0,296.0,0.015,0.03,0.044,0.058,0.07,0.083,0.095,0.106,0.117,0.127,0.137,0.147,0.195,0.231,0.257,0.276,0.295,0.298,0.292,0.281,0.267,0.252,0.237,0.174
289.0,297.0,0.015,0.03,0.044,0.057,0.07,0.083,0.095,0.106,0.117,0.127,0.137,0.146,0.195,0.231,0.257,0.276,0.295,0.298,0.292,0.281,0.267,0.252,0.237,0.174
289.0,298.0,0.015,0.03,0.044,0.057,0.07,0.083,0.094,0.106,0.117,0.127,0.137,0.146,0.195,0.231,0.257,0.275,0.295,0.298,0.292,0.281,0.267,0.252,0.237,0.174
289.0,299.0,0.015,0.03,0.044,0.057,0.07,0.083,0.094,0.106,0.117,0.127,0.137,0.146,0.195,0.231,0.257,0.275,0.295,0.298,0.292,0.281,0.267,0.252,0.237,0.174
289.0,300.0,0.015,0.03,0.044,0.057,0.07,0.083,0.094,0.106,0.116,0.127,0.137,0.146,0.195,0.231,0.257,0.275,0.295,0.298,0.292,0.281,0.267,0.253,0.237,0.174
289.0,301.0,0.015,0.03,0.044,0.057,0.07,0.082,0.094,0.106,0.116,0.127,0.137,0.146,0.194,0.231,0.257,0.275,0.295,0.298,0.292,0.281,0.268,0.253,0.238,0.174
290.0,291.0,0.016,0.032,0.047,0.062,0.075,0.088,0.101,0.113,0.124,0.135,0.145,0.155,0.205,0.24,0.265,0.282,0.297,0.297,0.287,0.273,0.258,0.241,0.225,0.162
290.0,292.0,0.017,0.033,0.048,0.062,0.076,0.09,0.102,0.114,0.126,0.137,0.147,0.157,0.206,0.242,0.267,0.283,0.298,0.296,0.286,0.272,0.256,0.239,0.223,0.16
290.0,293.0,0.017,0.033,0.048,0.063,0.077,0.091,0.103,0.115,0.127,0.138,0.148,0.158,0.208,0.244,0.268,0.284,0.298,0.296,0.285,0.27,0.254,0.237,0.221,0.158
290.0,294.0,0.017,0.033,0.049,0.064,0.078,0.092,0.104,0.117,0.128,0.139,0.15,0.16,0.21,0.245,0.269,0.285,0.298,0.295,0.284,0.269,0.252,0.235,0.219,0.156
290.0,295.0,0.017,0.034,0.05,0.065,0.079,0.092,0.105,0.118,0.129,0.141,0.151,0.161,0.211,0.246,0.27,0.286,0.298,0.295,0.283,0.268,0.251,0.234,0.217,0.155
290.0,296.0,0.018,0.034,0.05,0.065,0.08,0.093,0.106,0.119,0.131,0.142,0.152,0.162,0.212,0.248,0.272,0.287,0.298,0.294,0.282,0.266,0.249,0.232,0.216,0.153
290.0,297.0,0.018,0.035,0.051,0.066,0.08,0.094,0.107,0.12,0.132,0.143,0.153,0.164,0.214,0.249,0.273,0.287,0.298,0.294,0.281,0.265,0.248,0.23,0.214,0.152
290.0,298.0,0.018,0.035,0.051,0.066,0.081,0.095,0.108,0.121,0.133,0.144,0.155,0.165,0.215,0.25,0.273,0.288,0.298,0.293,0.281,0.264,0.246,0.229,0.213,0.15
290.0,299.0,0.018,0.035,0.051,0.067,0.082,0.096,0.109,0.122,0.134,0.145,0.156,0.166,0.216,0.251,0.274,0.289,0.298,0.293,0.28,0.263,0.245,0.228,0.211,0.149
290.0,300.0,0.018,0.035,0.052,0.068,0.082,0.096,0.11,0.122,0.134,0.146,0.157,0.167,0.217,0.252,0.275,0.289,0.298,0.293,0.279,0.262,0.244,0.226,0.21,0.148
290.0,301.0,0.018,0.036,0.052,0.068,0.083,0.097,0.111,0.123,0.135,0.147,0.158,0.168,0.218,0.253,0.276,0.29,0.298,0.292,0.278,0.261,0.243,0.225,0.208,0.147
290.0,302.0,0.018,0.036,0.053,0.068,0.083,0.098,0.111,0.124,0.136,0.148,0.158,0.169,0.219,0.254,0.276,0.29,0.298,0.292,0.277,0.26,0.242,0.224,0.207,0.146
291.0,292.0,0.015,0.029,0.043,0.057,0.069,0.082,0.093,0.104,0.115,0.125,0.135,0.145,0.193,0.229,0.255,0.274,0.294,0.298,0.293,0.282,0.269,0.254,0.239,0.176
291.0,293.0,0.015,0.03,0.044,0.057,0.07,0.082,0.094,0.105,0.116,0.126,0.136,0.145,0.193,0.23,0.256,0.274,0.294,0.298,0.293,0.282,0.268,0.254,0.239,0.176
291.0,294.0,0.015,0.03,0.044,0.057,0.07,0.082,0.094,0.105,0.116,0.126,0.136,0.146,0.194,0.23,0.256,0.275,0.294,0.298,0.293,0.282,0.268,0.253,0.238,0.175
291.0,295.0,0.015,0.03,0.044,0.057,0.07,0.082,0.094,0.106,0.116,0.127,0.137,0.146,0.194,0.231,0.257,0.275,0.295,0.298,0.292,0.281,0.267,0.253,0.238,0.174
291.0,296.0,0.015,0.03,0.044,0.058,0.07,0.083,0.095,0.106,0.117,0.127,0.137,0.147,0.195,0.231,0.257,0.276,0.295,0.298,0.292,0.281,0.267,0.252,0.237,0.174
291.0,297.0,0.015,0.03,0.044,0.058,0.071,0.083,0.095,0.106,0.117,0.128,0.138,0.147,0.195,0.232,0.258,0.276,0.295,0.298,0.292,0.281,0.267,0.251,0.236,0.173
291.0,298.0,0.015,0.03,0.044,0.058,0.071,0.083,0.095,0.107,0.118,0.128,0.138,0.147,0.196,0.232,0.258,0.276,0.295,0.298,0.292,0.28,0.266,0.251,0.236,0.172
291.0,299.0,0.015,0.03,0.045,0.058,0.071,0.084,0.096,0.107,0.118,0.128,0.138,0.148,0.196,0.233,0.259,0.277,0.295,0.298,0.292,0.28,0.266,0.25,0.235,0.172
291.0,300.0,0.016,0.03,0.045,0.058,0.071,0.084,0.096,0.107,0.118,0.129,0.139,0.148,0.197,0.233,0.259,0.277,0.295,0.298,0.291,0.28,0.265,0.25,0.235,0.171
291.0,301.0,0.016,0.031,0.045,0.058,0.072,0.084,0.096,0.108,0.119,0.129,0.139,0.149,0.197,0.233,0.259,0.277,0.295,0.298,0.291,0.279,0.265,0.249,0.234,0.171
291.0,302.0,0.016,0.031,0.045,0.059,0.072,0.084,0.096,0.108,0.119,0.129,0.139,0.149,0.198,0.234,0.26,0.278,0.296,0.298,0.291,0.279,0.264,0.249,0.234,0.17
291.0,303.0,0.016,0.031,0.045,0.059,0.072,0.085,0.097,0.108,0.119,0.13,0.14,0.149,0.198,0.234,0.26,0.278,0.296,0.298,0.291,0.279,0.264,0.249,0.233,0.17
292.0,293.0,0.015,0.03,0.045,0.058,0.071,0.084,0.096,0.107,0.118,0.128,0.138,0.148,0.196,0.232,0.259,0.277,0.295,0.298,0.292,0.28,0.266,0.25,0.235,0.172
292.0,294.0,0.016,0.031,0.045,0.059,0.072,0.085,0.097,0.109,0.12,0.13,0.14,0.15,0.199,0.235,0.261,0.278,0.296,0.298,0.29,0.278,0.263,0.248,0.232,0.169
292.0,295.0,0.016,0.031,0.046,0.06,0.074,0.086,0.099,0.11,0.122,0.132,0.142,0.152,0.201,0.237,0.263,0.28,0.296,0.297,0.289,0.276,0.261,0.245,0.23,0.166
292.0,296.0,0.016,0.032,0.047,0.061,0.075,0.088,0.1,0.112,0.123,0.134,0.144,0.154,0.203,0.239,0.264,0.281,0.297,0.297,0.288,0.274,0.259,0.243,0.227,0.164
292.0,297.0,0.017,0.032,0.048,0.062,0.076,0.089,0.102,0.114,0.125,0.136,0.146,0.156,0.205,0.241,0.266,0.283,0.297,0.296,0.287,0.273,0.257,0.24,0.224,0.161
292.0,298.0,0.017,0.033,0.048,0.063,0.077,0.09,0.103,0.115,0.126,0.137,0.148,0.158,0.207,0.243,0.268,0.284,0.298,0.296,0.286,0.271,0.255,0.238,0.222,0.159
292.0,299.0,0.017,0.033,0.049,0.064,0.078,0.091,0.104,0.116,0.128,0.139,0.149,0.159,0.209,0.245,0.269,0.285,0.298,0.295,0.284,0.269,0.253,0.236,0.22,0.157
292.0,300.0,0.017,0.034,0.05,0.065,0.079,0.092,0.105,0.118,0.129,0.14,0.151,0.161,0.211,0.246,0.27,0.286,0.298,0.295,0.283,0.268,0.251,0.234,0.217,0.155
292.0,301.0,0.018,0.034,0.05,0.065,0.08,0.093,0.107,0.119,0.131,0.142,0.152,0.163,0.213,0.248,0.272,0.287,0.298,0.294,0.282,0.266,0.249,0.232,0.215,0.153
292.0,302.0,0.018,0.035,0.051,0.066,0.081,0.094,0.108,0.12,0.132,0.143,0.154,0.164,0.214,0.249,0.273,0.288,0.298,0.294,0.281,0.265,0.247,0.23,0.214,0.151
292.0,303.0,0.018,0.035,0.051,0.067,0.081,0.095,0.109,0.121,0.133,0.144,0.155,0.165,0.216,0.251,0.274,0.288,0.298,0.293,0.28,0.263,0.246,0.228,0.212,0.15
292.0,304.0,0.018,0.035,0.052,0.067,0.082,0.096,0.11,0.122,0.134,0.146,0.156,0.167,0.217,0.252,0.275,0.289,0.298,0.293,0.279,0.262,0.244,0.227,0.21,0.148
293.0,294.0,0.015,0.03,0.044,0.058,0.071,0.083,0.095,0.106,0.117,0.128,0.137,0.147,0.195,0.232,0.258,0.276,0.295,0.298,0.292,0.281,0.267,0.251,0.236,0.173
293.0,295.0,0.015,0.03,0.044,0.058,0.071,0.083,0.095,0.106,0.117,0.128,0.137,0.147,0.195,0.232,0.258,0.276,0.295,0.298,0.292,0.281,0.267,0.251,0.236,0.173
293.0,296.0,0.015,0.03,0.044,0.058,0.071,0.083,0.095,0.106,0.117,0.128,0.137,0.147,0.195,0.232,0.258,0.276,0.295,0.298,0.292,0.281,0.267,0.251,0.236,0.173
293.0,297.0,0.015,0.03,0.044,0.058,0.071,0.083,0.095,0.106,0.117,0.128,0.137,0.147,0.195,0.232,0.258,0.276,0.295,0.298,0.292,0.281,0.267,0.251,0.236,0.173
293.0,298.0,0.015,0.03,0.044,0.058,0.071,0.083,0.095,0.106,0.117,0.128,0.137,0.147,0.195,0.232,0.258,0.276,0.295,0.298,0.292,0.281,0.267,0.251,0.236,0.173
293.0,299.0,0.015,0.03,0.044,0.058,0.071,0.083,0.095,0.106,0.117,0.128,0.137,0.147,0.195,0.232,0.258,0.276,0.295,0.298,0.292,0.281,0.267,0.251,0.236,0.173
293.0,300.0,0.015,0.03,0.044,0.058,0.071,0.083,0.095,0.106,0.117,0.128,0.137,0.147,0.195,0.232,0.258,0.276,0.295,0.298,0.292,0.281,0.267,0.251,0.236,0.173
293.0,301.0,0.015,0.03,0.044,0.058,0.071,0.083,0.095,0.106,0.117,0.128,0.137,0.147,0.195,0.232,0.258,0.276,0.295,0.298,0.292,0.281,0.267,0.251,0.236,0.173
293.0,302.0,0.015,0.03,0.044,0.058,0.071,0.083,0.095,0.106,0.117,0.128,0.137,0.147,0.195,0.232,0.258,0.276,0.295,0.298,0.292,0.281,0.267,0.251,0.236,0.173
293.0,303.0,0.015,0.03,0.044,0.058,0.071,0.083,0.095,0.106,0.117,0.128,0.137,0.147,0.195,0.232,0.258,0.276,0.295,0.298,0.292,0.281,0.267,0.251,0.236,0.173
293.0,304.0,0.015,0.03,0.044,0.058,0.071,0.083,0.095,0.106,0.117,0.128,0.137,0.147,0.195,0.232,0.258,0.276,0.295,0.298,0.292,0.281,0.267,0.251,0.236,0.173
293.0,305.0,0.015,0.03,0.044,0.058,0.071,0.083,0.095,0.106,0.117,0.128,0.137,0.147,0.195,0.232,0.258,0.276,0.295,0.298,0.292,0.281,0.267,0.251,0.236,0.173
294.0,295.0,0.021,0.04,0.058,0.076,0.092,0.107,0.122,0.136,0.148,0.16,0.172,0.182,0.233,0.266,0.285,0.295,0.297,0.284,0.265,0.245,0.225,0.206,0.189,0.131
294.0,296.0,0.021,0.04,0.058,0.076,0.092,0.108,0.122,0.136,0.149,0.161,0.172,0.183,0.233,0.266,0.286,0.295,0.297,0.284,0.265,0.244,0.224,0.206,0.189,0.131
294.0,297.0,0.021,0.04,0.059,0.076,0.092,0.108,0.122,0.136,0.149,0.161,0.172,0.183,0.233,0.266,0.286,0.295,0.296,0.284,0.265,0.244,0.224,0.206,0.189,0.13
294.0,298.0,0.021,0.04,0.059,0.076,0.092,0.108,0.122,0.136,0.149,0.161,0.172,0.183,0.234,0.266,0.286,0.296,0.296,0.283,0.265,0.244,0.224,0.205,0.189,0.13
294.0,299.0,0.021,0.04,0.059,0.076,0.092,0.108,0.122,0.136,0.149,0.161,0.172,0.183,0.234,0.266,0.286,0.296,0.296,0.283,0.264,0.244,0.224,0.205,0.189,0.13
294.0,300.0,0.021,0.04,0.059,0.076,0.093,0.108,0.123,0.136,0.149,0.161,0.173,0.183,0.234,0.267,0.286,0.296,0.296,0.283,0.264,0.244,0.224,0.205,0.188,0.13
294.0,301.0,0.021,0.04,0.059,0.076,0.093,0.108,0.123,0.136,0.149,0.161,0.173,0.183,0.234,0.267,0.286,0.296,0.296,0.283,0.264,0.244,0.224,0.205,0.188,0.13
294.0,302.0,0.021,0.04,0.059,0.076,0.093,0.108,0.123,0.136,0.149,0.161,0.173,0.183,0.234,0.267,0.286,0.296,0.296,0.283,0.264,0.243,0.223,0.205,0.188,0.13
294.0,303.0,0.021,0.04,0.059,0.076,0.093,0.108,0.123,0.137,0.149,0.162,0.173,0.183,0.234,0.267,0.286,0.296,0.296,0.283,0.264,0.243,0.223,0.205,0.188,0.13
294.0,304.0,0.021,0.04,0.059,0.076,0.093,0.108,0.123,0.137,0.149,0.162,0.173,0.184,0.234,0.267,0.286,0.296,0.296,0.283,0.264,0.243,0.223,0.205,0.188,0.129
294.0,305.0,0.021,0.04,0.059,0.076,0.093,0.108,0.123,0.137,0.15,0.162,0.173,0.184,0.234,0.267,0.286,0.296,0.296,0.283,0.264,0.243,0.223,0.204,0.188,0.129
294.0,306.0,0.021,0.04,0.059,0.076,0.093,0.108,0.123,0.137,0.15,0.162,0.173,0.184,0.234,0.267,0.286,0.296,0.296,0.283,0.264,0.243,0.223,0.204,0.188,0.129
295.0,296.0,0.023,0.044,0.064,0.082,0.1,0.116,0.131,0.146,0.159,0.171,0.183,0.194,0.244,0.275,0.291,0.298,0.293,0.275,0.253,0.231,0.21,0.191,0.175,0.119
295.0,297.0,0.022,0.044,0.063,0.082,0.099,0.116,0.131,0.145,0.159,0.171,0.183,0.194,0.244,0.275,0.291,0.298,0.293,0.275,0.254,0.231,0.211,0.192,0.175,0.12
295.0,298.0,0.022,0.043,0.063,0.082,0.099,0.115,0.131,0.145,0.158,0.171,0.182,0.193,0.244,0.274,0.291,0.298,0.293,0.276,0.254,0.232,0.211,0.192,0.176,0.12
295.0,299.0,0.022,0.043,0.063,0.082,0.099,0.115,0.13,0.145,0.158,0.17,0.182,0.193,0.243,0.274,0.291,0.298,0.293,0.276,0.254,0.232,0.211,0.193,0.176,0.12
295.0,300.0,0.022,0.043,0.063,0.081,0.099,0.115,0.13,0.144,0.158,0.17,0.182,0.193,0.243,0.274,0.291,0.298,0.293,0.276,0.255,0.232,0.212,0.193,0.176,0.121
295.0,301.0,0.022,0.043,0.063,0.081,0.099,0.115,0.13,0.144,0.158,0.17,0.182,0.192,0.243,0.274,0.291,0.298,0.293,0.276,0.255,0.233,0.212,0.193,0.177,0.121
295.0,302.0,0.022,0.043,0.063,0.081,0.098,0.115,0.13,0.144,0.157,0.17,0.181,0.192,0.243,0.274,0.291,0.298,0.293,0.277,0.255,0.233,0.212,0.194,0.177,0.121
295.0,303.0,0.022,0.043,0.063,0.081,0.098,0.114,0.13,0.144,0.157,0.17,0.181,0.192,0.242,0.273,0.29,0.298,0.293,0.277,0.255,0.233,0.213,0.194,0.177,0.121
295.0,304.0,0.022,0.043,0.063,0.081,0.098,0.114,0.13,0.144,0.157,0.169,0.181,0.192,0.242,0.273,0.29,0.298,0.294,0.277,0.255,0.234,0.213,0.194,0.178,0.121
295.0,305.0,0.022,0.043,0.062,0.081,0.098,0.114,0.129,0.144,0.157,0.169,0.181,0.192,0.242,0.273,0.29,0.298,0.294,0.277,0.256,0.234,0.213,0.194,0.178,0.122
295.0,306.0,0.022,0.043,0.062,0.081,0.098,0.114,0.129,0.143,0.157,0.169,0.181,0.191,0.242,0.273,0.29,0.297,0.294,0.277,0.256,0.234,0.213,0.195,0.178,0.122
295.0,307.0,0.022,0.043,0.062,0.081,0.098,0.114,0.129,0.143,0.156,0.169,0.18,0.191,0.242,0.273,0.29,0.297,0.294,0.277,0.256,0.234,0.213,0.195,0.178,0.122
296.0,297.0,0.024,0.047,0.068,0.088,0.107,0.124,0.14,0.155,0.169,0.181,0.193,0.204,0.254,0.282,0.295,0.298,0.288,0.266,0.242,0.218,0.197,0.179,0.163,0.11
296.0,298.0,0.024,0.047,0.068,0.088,0.106,0.123,0.139,0.154,0.168,0.181,0.193,0.203,0.253,0.281,0.295,0.298,0.288,0.267,0.243,0.219,0.198,0.179,0.163,0.111
296.0,299.0,0.024,0.047,0.068,0.087,0.106,0.123,0.139,0.154,0.167,0.18,0.192,0.203,0.253,0.281,0.295,0.298,0.288,0.267,0.243,0.22,0.199,0.18,0.164,0.111
296.0,300.0,0.024,0.047,0.068,0.087,0.105,0.122,0.138,0.153,0.167,0.18,0.191,0.202,0.252,0.281,0.295,0.298,0.289,0.268,0.244,0.221,0.199,0.181,0.165,0.112
296.0,301.0,0.024,0.046,0.067,0.087,0.105,0.122,0.138,0.153,0.166,0.179,0.191,0.202,0.252,0.28,0.294,0.298,0.289,0.268,0.244,0.221,0.2,0.181,0.165,0.112
296.0,302.0,0.024,0.046,0.067,0.087,0.105,0.122,0.138,0.152,0.166,0.179,0.191,0.201,0.251,0.28,0.294,0.298,0.289,0.269,0.245,0.222,0.201,0.182,0.166,0.112
296.0,303.0,0.024,0.046,0.067,0.086,0.105,0.121,0.137,0.152,0.166,0.178,0.19,0.201,0.251,0.28,0.294,0.298,0.289,0.269,0.245,0.222,0.201,0.182,0.166,0.113
296.0,304.0,0.024,0.046,0.067,0.086,0.104,0.121,0.137,0.152,0.165,0.178,0.19,0.201,0.251,0.28,0.294,0.298,0.29,0.269,0.246,0.223,0.202,0.183,0.167,0.113
296.0,305.0,0.024,0.046,0.067,0.086,0.104,0.121,0.137,0.151,0.165,0.178,0.189,0.2,0.25,0.279,0.294,0.298,0.29,0.27,0.246,0.223,0.202,0.183,0.167,0.113
296.0,306.0,0.024,0.046,0.066,0.086,0.104,0.121,0.136,0.151,0.165,0.177,0.189,0.2,0.25,0.279,0.294,0.298,0.29,0.27,0.246,0.223,0.202,0.184,0.168,0.114
296.0,307.0,0.024,0.046,0.066,0.086,0.104,0.12,0.136,0.151,0.164,0.177,0.189,0.2,0.25,0.279,0.294,0.298,0.29,0.27,0.247,0.224,0.203,0.184,0.168,0.114
296.0,308.0,0.024,0.046,0.066,0.085,0.103,0.12,0.136,0.151,0.164,0.177,0.189,0.199,0.249,0.279,0.294,0.298,0.29,0.27,0.247,0.224,0.203,0.184,0.168,0.114
297.0,298.0,0.024,0.046,0.066,0.086,0.104,0.12,0.136,0.151,0.164,0.177,0.189,0.2,0.25,0.279,0.294,0.298,0.29,0.27,0.247,0.224,0.203,0.184,0.168,0.114
297.0,299.0,0.023,0.045,0.066,0.085,0.103,0.12,0.136,0.15,0.164,0.176,0.188,0.199,0.249,0.278,0.293,0.298,0.29,0.271,0.247,0.225,0.204,0.185,0.169,0.115
297.0,300.0,0.023,0.045,0.066,0.085,0.103,0.119,0.135,0.15,0.163,0.176,0.188,0.198,0.249,0.278,0.293,0.298,0.291,0.271,0.248,0.225,0.204,0.186,0.169,0.115
297.0,301.0,0.023,0.045,0.065,0.084,0.102,0.119,0.135,0.149,0.163,0.175,0.187,0.198,0.248,0.278,0.293,0.298,0.291,0.272,0.249,0.226,0.205,0.186,0.17,0.116
297.0,302.0,0.023,0.045,0.065,0.084,0.102,0.119,0.134,0.149,0.162,0.175,0.187,0.197,0.248,0.277,0.293,0.298,0.291,0.272,0.249,0.227,0.206,0.187,0.171,0.116
297.0,303.0,0.023,0.045,0.065,0.084,0.102,0.118,0.134,0.148,0.162,0.174,0.186,0.197,0.247,0.277,0.293,0.298,0.291,0.273,0.25,0.227,0.206,0.188,0.171,0.117
297.0,304.0,0.023,0.045,0.065,0.084,0.101,0.118,0.133,0.148,0.161,0.174,0.186,0.196,0.247,0.277,0.292,0.298,0.292,0.273,0.25,0.228,0.207,0.188,0.172,0.117
297.0,305.0,0.023,0.044,0.065,0.083,0.101,0.118,0.133,0.148,0.161,0.174,0.185,0.196,0.246,0.276,0.292,0.298,0.292,0.273,0.251,0.228,0.207,0.189,0.172,0.117
297.0,306.0,0.023,0.044,0.064,0.083,0.101,0.117,0.133,0.147,0.161,0.173,0.185,0.196,0.246,0.276,0.292,0.298,0.292,0.274,0.251,0.229,0.208,0.189,0.173,0.118
297.0,307.0,0.023,0.044,0.064,0.083,0.101,0.117,0.132,0.147,0.16,0.173,0.184,0.195,0.246,0.276,0.292,0.298,0.292,0.274,0.252,0.229,0.208,0.19,0.173,0.118
297.0,308.0,0.023,0.044,0.064,0.083,0.1,0.117,0.132,0.147,0.16,0.173,0.184,0.195,0.245,0.276,0.292,0.298,0.292,0.274,0.252,0.23,0.209,0.19,0.174,0.118
297.0,309.0,0.023,0.044,0.064,0.083,0.1,0.117,0.132,0.146,0.16,0.172,0.184,0.195,0.245,0.275,0.292,0.298,0.292,0.274,0.252,0.23,0.209,0.19,0.174,0.119
298.0,299.0,0.022,0.043,0.063,0.082,0.099,0.115,0.13,0.145,0.158,0.17,0.182,0.193,0.243,0.274,0.291,0.298,0.293,0.276,0.254,0.232,0.211,0.193,0.176,0.12
298.0,300.0,0.022,0.043,0.063,0.082,0.099,0.115,0.131,0.145,0.158,0.171,0.182,0.193,0.243,0.274,0.291,0.298,0.293,0.276,0.254,0.232,0.211,0.192,0.176,0.12
298.0,301.0,0.022,0.043,0.063,0.082,0.099,0.115,0.131,0.145,0.158,0.171,0.182,0.193,0.244,0.274,0.291,0.298,0.293,0.276,0.254,0.232,0.211,0.192,0.176,0.12
298.0,302.0,0.022,0.043,0.063,0.082,0.099,0.116,0.131,0.145,0.158,0.171,0.183,0.193,0.244,0.274,0.291,0.298,0.293,0.276,0.254,0.232,0.211,0.192,0.176,0.12
298.0,303.0,0.022,0.044,0.063,0.082,0.099,0.116,0.131,0.145,0.159,0.171,0.183,0.193,0.244,0.275,0.291,0.298,0.293,0.275,0.254,0.231,0.211,0.192,0.175,0.12
298.0,304.0,0.022,0.044,0.063,0.082,0.099,0.116,0.131,0.145,0.159,0.171,0.183,0.194,0.244,0.275,0.291,0.298,0.293,0.275,0.254,0.231,0.21,0.192,0.175,0.12
298.0,305.0,0.022,0.044,0.063,0.082,0.099,0.116,0.131,0.145,0.159,0.171,0.183,0.194,0.244,0.275,0.291,0.298,0.293,0.275,0.253,0.231,0.21,0.192,0.175,0.12
298.0,306.0,0.023,0.044,0.063,0.082,0.1,0.116,0.131,0.146,0.159,0.171,0.183,0.194,0.244,0.275,0.291,0.298,0.293,0.275,0.253,0.231,0.21,0.192,0.175,0.119
298.0,307.0,0.023,0.044,0.064,0.082,0.1,0.116,0.131,0.146,0.159,0.171,0.183,0.194,0.244,0.275,0.291,0.298,0.293,0.275,0.253,0.231,0.21,0.191,0.175,0.119
298.0,308.0,0.023,0.044,0.064,0.082,0.1,0.116,0.131,0.146,0.159,0.172,0.183,0.194,0.244,0.275,0.291,0.298,0.293,0.275,0.253,0.231,0.21,0.191,0.175,0.119
298.0,309.0,0.023,0.044,0.064,0.082,0.1,0.116,0.131,0.146,0.159,0.172,0.183,0.194,0.244,0.275,0.291,0.298,0.293,0.275,0.253,0.231,0.21,0.191,0.175,0.119
298.0,310.0,0.023,0.044,0.064,0.082,0.1,0.116,0.131,0.146,0.159,0.172,0.183,0.194,0.244,0.275,0.291,0.298,0.293,0.275,0.253,0.231,0.21,0.191,0.175,0.119
299.0,300.0,0.02,0.039,0.056,0.073,0.089,0.104,0.118,0.132,0.144,0.156,0.167,0.178,0.229,0.262,0.283,0.294,0.297,0.287,0.269,0.25,0.23,0.212,0.195,0.135
299.0,301.0,0.02,0.039,0.057,0.074,0.09,0.105,0.12,0.133,0.146,0.158,0.169,0.18,0.23,0.264,0.284,0.295,0.297,0.286,0.268,0.248,0.228,0.21,0.193,0.133
299.0,302.0,0.02,0.04,0.058,0.075,0.091,0.107,0.121,0.135,0.147,0.159,0.171,0.181,0.232,0.265,0.285,0.295,0.297,0.285,0.266,0.246,0.226,0.208,0.191,0.132
299.0,303.0,0.021,0.04,0.058,0.076,0.092,0.108,0.122,0.136,0.149,0.161,0.172,0.183,0.233,0.266,0.286,0.295,0.296,0.284,0.265,0.244,0.224,0.206,0.189,0.13
299.0,304.0,0.021,0.041,0.059,0.077,0.093,0.109,0.123,0.137,0.15,0.162,0.173,0.184,0.235,0.267,0.286,0.296,0.296,0.283,0.264,0.243,0.223,0.204,0.187,0.129
299.0,305.0,0.021,0.041,0.06,0.077,0.094,0.109,0.124,0.138,0.151,0.163,0.174,0.185,0.236,0.268,0.287,0.296,0.296,0.282,0.262,0.241,0.221,0.203,0.186,0.128
299.0,306.0,0.021,0.041,0.06,0.078,0.095,0.11,0.125,0.139,0.152,0.164,0.176,0.186,0.237,0.269,0.288,0.296,0.295,0.281,0.261,0.24,0.22,0.201,0.184,0.127
299.0,307.0,0.021,0.042,0.061,0.078,0.095,0.111,0.126,0.14,0.153,0.165,0.177,0.187,0.238,0.27,0.288,0.297,0.295,0.28,0.26,0.239,0.218,0.2,0.183,0.126
299.0,308.0,0.022,0.042,0.061,0.079,0.096,0.112,0.127,0.141,0.154,0.166,0.178,0.188,0.239,0.271,0.289,0.297,0.295,0.28,0.259,0.238,0.217,0.198,0.182,0.125
299.0,309.0,0.022,0.042,0.061,0.079,0.096,0.112,0.127,0.141,0.155,0.167,0.178,0.189,0.24,0.271,0.289,0.297,0.295,0.279,0.258,0.237,0.216,0.197,0.181,0.124
299.0,310.0,0.022,0.042,0.062,0.08,0.097,0.113,0.128,0.142,0.155,0.168,0.179,0.19,0.241,0.272,0.29,0.297,0.294,0.278,0.257,0.236,0.215,0.196,0.18,0.123
299.0,311.0,0.022,0.043,0.062,0.08,0.098,0.114,0.129,0.143,0.156,0.168,0.18,0.191,0.241,0.273,0.29,0.297,0.294,0.278,0.256,0.235,0.214,0.195,0.179,0.122
300.0,301.0,0.021,0.04,0.059,0.076,0.093,0.108,0.123,0.136,0.149,0.161,0.173,0.183,0.234,0.267,0.286,0.296,0.296,0.283,0.264,0.244,0.224,0.205,0.188,0.13
300.0,302.0,0.021,0.041,0.059,0.077,0.093,0.109,0.124,0.137,0.15,0.162,0.174,0.184,0.235,0.268,0.287,0.296,0.296,0.282,0.263,0.242,0.222,0.204,0.187,0.129
300.0,303.0,0.021,0.041,0.06,0.077,0.094,0.11,0.124,0.138,0.151,0.163,0.175,0.185,0.236,0.268,0.287,0.296,0.296,0.282,0.262,0.241,0.221,0.202,0.186,0.128
300.0,304.0,0.021,0.041,0.06,0.078,0.095,0.11,0.125,0.139,0.152,0.164,0.176,0.186,0.237,0.269,0.288,0.296,0.295,0.281,0.261,0.24,0.22,0.201,0.184,0.127
300.0,305.0,0.021,0.042,0.061,0.078,0.095,0.111,0.126,0.14,0.153,0.165,0.177,0.187,0.238,0.27,0.288,0.297,0.295,0.28,0.26,0.239,0.219,0.2,0.183,0.126
300.0,306.0,0.022,0.042,0.061,0.079,0.096,0.112,0.126,0.14,0.154,0.166,0.177,0.188,0.239,0.27,0.289,0.297,0.295,0.28,0.259,0.238,0.217,0.199,0.182,0.125
300.0,307.0,0.022,0.042,0.061,0.079,0.096,0.112,0.127,0.141,0.154,0.167,0.178,0.189,0.239,0.271,0.289,0.297,0.295,0.279,0.259,0.237,0.217,0.198,0.181,0.124
300.0,308.0,0.022,0.042,0.062,0.08,0.097,0.113,0.128,0.142,0.155,0.167,0.179,0.19,0.24,0.272,0.289,0.297,0.294,0.279,0.258,0.236,0.216,0.197,0.18,0.124
300.0,309.0,0.022,0.042,0.062,0.08,0.097,0.113,0.128,0.142,0.155,0.168,0.179,0.19,0.241,0.272,0.29,0.297,0.294,0.278,0.257,0.235,0.215,0.196,0.18,0.123
300.0,310.0,0.022,0.043,0.062,0.08,0.098,0.114,0.129,0.143,0.156,0.168,0.18,0.191,0.241,0.272,0.29,0.297,0.294,0.278,0.257,0.235,0.214,0.195,0.179,0.122
300.0,311.0,0.022,0.043,0.062,0.081,0.098,0.114,0.129,0.143,0.157,0.169,0.18,0.191,0.242,0.273,0.29,0.297,0.294,0.277,0.256,0.234,0.213,0.195,0.178,0.122
300.0,312.0,0.022,0.043,0.063,0.081,0.098,0.114,0.13,0.144,0.157,0.169,0.181,0.192,0.242,0.273,0.29,0.298,0.294,0.277,0.255,0.233,0.213,0.194,0.178,0.121
301.0,302.0,0.024,0.046,0.067,0.086,0.104,0.121,0.137,0.151,0.165,0.178,0.19,0.2,0.25,0.279,0.294,0.298,0.29,0.269,0.246,0.223,0.202,0.183,0.167,0.113
301.0,303.0,0.024,0.046,0.066,0.086,0.104,0.121,0.136,0.151,0.165,0.177,0.189,0.2,0.25,0.279,0.294,0.298,0.29,0.27,0.246,0.223,0.202,0.184,0.167,0.114
301.0,304.0,0.024,0.046,0.066,0.086,0.104,0.12,0.136,0.151,0.164,0.177,0.189,0.2,0.25,0.279,0.294,0.298,0.29,0.27,0.247,0.224,0.203,0.184,0.168,0.114
301.0,305.0,0.024,0.046,0.066,0.085,0.103,0.12,0.136,0.151,0.164,0.177,0.189,0.199,0.249,0.279,0.294,0.298,0.29,0.27,0.247,0.224,0.203,0.184,0.168,0.114
301.0,306.0,0.023,0.045,0.066,0.085,0.103,0.12,0.136,0.15,0.164,0.177,0.188,0.199,0.249,0.279,0.293,0.298,0.29,0.271,0.247,0.224,0.203,0.185,0.168,0.114
301.0,307.0,0.023,0.045,0.066,0.085,0.103,0.12,0.136,0.15,0.164,0.176,0.188,0.199,0.249,0.278,0.293,0.298,0.29,0.271,0.248,0.225,0.204,0.185,0.169,0.115
301.0,308.0,0.023,0.045,0.066,0.085,0.103,0.12,0.135,0.15,0.164,0.176,0.188,0.199,0.249,0.278,0.293,0.298,0.29,0.271,0.248,0.225,0.204,0.185,0.169,0.115
301.0,309.0,0.023,0.045,0.066,0.085,0.103,0.12,0.135,0.15,0.163,0.176,0.188,0.199,0.249,0.278,0.293,0.298,0.291,0.271,0.248,0.225,0.204,0.186,0.169,0.115
301.0,310.0,0.023,0.045,0.066,0.085,0.103,0.119,0.135,0.15,0.163,0.176,0.188,0.198,0.248,0.278,0.293,0.298,0.291,0.271,0.248,0.225,0.204,0.186,0.169,0.115
301.0,311.0,0.023,0.045,0.066,0.085,0.103,0.119,0.135,0.149,0.163,0.176,0.187,0.198,0.248,0.278,0.293,0.298,0.291,0.271,0.248,0.226,0.205,0.186,0.17,0.115
301.0,312.0,0.023,0.045,0.065,0.085,0.102,0.119,0.135,0.149,0.163,0.175,0.187,0.198,0.248,0.278,0.293,0.298,0.291,0.272,0.249,0.226,0.205,0.186,0.17,0.116
301.0,313.0,0.023,0.045,0.065,0.084,0.102,0.119,0.135,0.149,0.163,0.175,0.187,0.198,0.248,0.278,0.293,0.298,0.291,0.272,0.249,0.226,0.205,0.186,0.17,0.116
302.0,303.0,0.021,0.041,0.059,0.077,0.094,0.109,0.124,0.138,0.151,0.163,0.174,0.185,0.235,0.268,0.287,0.296,0.296,0.282,0.263,0.242,0.222,0.203,0.186,0.128
302.0,304.0,0.021,0.041,0.06,0.077,0.094,0.11,0.124,0.138,0.151,0.163,0.175,0.185,0.236,0.268,0.287,0.296,0.296,0.282,0.262,0.241,0.221,0.202,0.185,0.128
302.0,305.0,0.021,0.041,0.06,0.078,0.094,0.11,0.125,0.139,0.152,0.164,0.175,0.186,0.237,0.269,0.288,0.296,0.296,0.281,0.261,0.24,0.22,0.201,0.185,0.127
302.0,306.0,0.021,0.041,0.06,0.078,0.095,0.111,0.125,0.139,0.152,0.165,0.176,0.187,0.237,0.269,0.288,0.297,0.295,0.281,0.261,0.239,0.219,0.2,0.184,0.126
302.0,307.0,0.021,0.042,0.061,0.078,0.095,0.111,0.126,0.14,0.153,0.165,0.177,0.187,0.238,0.27,0.288,0.297,0.295,0.28,0.26,0.239,0.218,0.2,0.183,0.126
302.0,308.0,0.021,0.042,0.061,0.079,0.096,0.111,0.126,0.14,0.153,0.166,0.177,0.188,0.239,0.27,0.288,0.297,0.295,0.28,0.26,0.238,0.218,0.199,0.182,0.125
302.0,309.0,0.022,0.042,0.061,0.079,0.096,0.112,0.127,0.141,0.154,0.166,0.178,0.188,0.239,0.271,0.289,0.297,0.295,0.279,0.259,0.238,0.217,0.198,0.182,0.125
302.0,310.0,0.022,0.042,0.061,0.079,0.096,0.112,0.127,0.141,0.154,0.167,0.178,0.189,0.239,0.271,0.289,0.297,0.295,0.279,0.259,0.237,0.217,0.198,0.181,0.124
302.0,311.0,0.022,0.042,0.061,0.079,0.096,0.112,0.127,0.141,0.155,0.167,0.178,0.189,0.24,0.271,0.289,0.297,0.295,0.279,0.258,0.237,0.216,0.197,0.181,0.124
302.0,312.0,0.022,0.042,0.062,0.08,0.097,0.113,0.128,0.142,0.155,0.167,0.179,0.19,0.24,0.272,0.289,0.297,0.294,0.279,0.258,0.236,0.216,0.197,0.18,0.123
302.0,313.0,0.022,0.042,0.062,0.08,0.097,0.113,0.128,0.142,0.155,0.168,0.179,0.19,0.24,0.272,0.289,0.297,0.294,0.278,0.257,0.236,0.215,0.196,0.18,0.123
302.0,314.0,0.022,0.042,0.062,0.08,0.097,0.113,0.128,0.142,0.156,0.168,0.179,0.19,0.241,0.272,0.29,0.297,0.294,0.278,0.257,0.235,0.215,0.196,0.179,0.123
303.0,304.0,0.024,0.047,0.068,0.088,0.106,0.123,0.139,0.154,0.168,0.18,0.192,0.203,0.253,0.281,0.295,0.298,0.288,0.267,0.243,0.22,0.198,0.18,0.164,0.111
303.0,305.0,0.024,0.047,0.068,0.087,0.106,0.123,0.139,0.153,0.167,0.18,0.192,0.203,0.252,0.281,0.295,0.298,0.288,0.267,0.244,0.22,0.199,0.181,0.164,0.111
303.0,306.0,0.024,0.046,0.067,0.087,0.105,0.122,0.138,0.153,0.167,0.179,0.191,0.202,0.252,0.28,0.294,0.298,0.289,0.268,0.244,0.221,0.2,0.181,0.165,0.112
303.0,307.0,0.024,0.046,0.067,0.087,0.105,0.122,0.138,0.152,0.166,0.179,0.191,0.202,0.251,0.28,0.294,0.298,0.289,0.268,0.245,0.221,0.2,0.182,0.166,0.112
303.0,308.0,0.024,0.046,0.067,0.086,0.105,0.122,0.137,0.152,0.166,0.178,0.19,0.201,0.251,0.28,0.294,0.298,0.289,0.269,0.245,0.222,0.201,0.182,0.166,0.113
303.0,309.0,0.024,0.046,0.067,0.086,0.104,0.121,0.137,0.152,0.165,0.178,0.19,0.201,0.251,0.28,0.294,0.298,0.289,0.269,0.246,0.222,0.201,0.183,0.167,0.113
303.0,310.0,0.024,0.046,0.067,0.086,0.104,0.121,0.137,0.151,0.165,0.178,0.19,0.2,0.25,0.279,0.294,0.298,0.29,0.269,0.246,0.223,0.202,0.183,0.167,0.113
303.0,311.0,0.024,0.046,0.066,0.086,0.104,0.121,0.136,0.151,0.165,0.177,0.189,0.2,0.25,0.279,0.294,0.298,0.29,0.27,0.246,0.223,0.202,0.184,0.167,0.114
303.0,312.0,0.024,0.046,0.066,0.086,0.104,0.121,0.136,0.151,0.164,0.177,0.189,0.2,0.25,0.279,0.294,0.298,0.29,0.27,0.247,0.224,0.203,0.184,0.168,0.114
303.0,313.0,0.024,0.046,0.066,0.085,0.103,0.12,0.136,0.151,0.164,0.177,0.189,0.2,0.25,0.279,0.294,0.298,0.29,0.27,0.247,0.224,0.203,0.184,0.168,0.114
303.0,314.0,0.023,0.045,0.066,0.085,0.103,0.12,0.136,0.15,0.164,0.177,0.188,0.199,0.249,0.279,0.293,0.298,0.29,0.27,0.247,0.224,0.203,0.185,0.168,0.114
303.0,315.0,0.023,0.045,0.066,0.085,0.103,0.12,0.136,0.15,0.164,0.176,0.188,0.199,0.249,0.278,0.293,0.298,0.29,0.271,0.248,0.225,0.204,0.185,0.169,0.115
304.0,305.0,0.023,0.044,0.063,0.082,0.1,0.116,0.131,0.146,0.159,0.171,0.183,0.194,0.244,0.275,0.291,0.298,0.293,0.275,0.253,0.231,0.21,0.191,0.175,0.119
304.0,306.0,0.023,0.044,0.064,0.082,0.1,0.116,0.131,0.146,0.159,0.171,0.183,0.194,0.244,0.275,0.291,0.298,0.293,0.275,0.253,0.231,0.21,0.191,0.175,0.119
304.0,307.0,0.023,0.044,0.064,0.082,0.1,0.116,0.131,0.146,0.159,0.172,0.183,0.194,0.244,0.275,0.291,0.298,0.293,0.275,0.253,0.231,0.21,0.191,0.175,0.119
304.0,308.0,0.023,0.044,0.064,0.082,0.1,0.116,0.131,0.146,0.159,0.172,0.183,0.194,0.244,0.275,0.291,0.298,0.293,0.275,0.253,0.231,0.21,0.191,0.175,0.119
304.0,309.0,0.023,0.044,0.064,0.082,0.1,0.116,0.131,0.146,0.159,0.172,0.183,0.194,0.245,0.275,0.291,0.298,0.293,0.275,0.253,0.231,0.21,0.191,0.175,0.119
304.0,310.0,0.023,0.044,0.064,0.082,0.1,0.116,0.132,0.146,0.159,0.172,0.183,0.194,0.245,0.275,0.291,0.298,0.293,0.275,0.253,0.231,0.21,0.191,0.175,0.119
304.0,311.0,0.023,0.044,0.064,0.082,0.1,0.116,0.132,0.146,0.159,0.172,0.183,0.194,0.245,0.275,0.291,0.298,0.293,0.275,0.253,0.23,0.21,0.191,0.174,0.119
304.0,312.0,0.023,0.044,0.064,0.082,0.1,0.116,0.132,0.146,0.159,0.172,0.183,0.194,0.245,0.275,0.291,0.298,0.293,0.275,0.253,0.23,0.21,0.191,0.174,0.119
304.0,313.0,0.023,0.044,0.064,0.082,0.1,0.116,0.132,0.146,0.159,0.172,0.184,0.194,0.245,0.275,0.291,0.298,0.292,0.275,0.253,0.23,0.209,0.191,0.174,0.119
304.0,314.0,0.023,0.044,0.064,0.082,0.1,0.116,0.132,0.146,0.159,0.172,0.184,0.194,0.245,0.275,0.292,0.298,0.292,0.275,0.253,0.23,0.209,0.191,0.174,0.119
304.0,315.0,0.023,0.044,0.064,0.082,0.1,0.116,0.132,0.146,0.159,0.172,0.184,0.194,0.245,0.275,0.292,0.298,0.292,0.275,0.253,0.23,0.209,0.191,0.174,0.119
304.0,316.0,0.023,0.044,0.064,0.082,0.1,0.116,0.132,0.146,0.16,0.172,0.184,0.194,0.245,0.275,0.292,0.298,0.292,0.275,0.253,0.23,0.209,0.191,0.174,0.119
305.0,306.0,0.021,0.04,0.059,0.076,0.093,0.108,0.123,0.136,0.149,0.161,0.172,0.183,0.234,0.266,0.286,0.296,0.296,0.283,0.264,0.244,0.224,0.205,0.188,0.13
305.0,307.0,0.021,0.04,0.059,0.076,0.093,0.108,0.123,0.137,0.15,0.162,0.173,0.184,0.234,0.267,0.286,0.296,0.296,0.283,0.264,0.243,0.223,0.204,0.188,0.129
305.0,308.0,0.021,0.041,0.059,0.077,0.093,0.109,0.123,0.137,0.15,0.162,0.174,0.184,0.235,0.267,0.287,0.296,0.296,0.282,0.263,0.242,0.222,0.204,0.187,0.129
305.0,309.0,0.021,0.041,0.059,0.077,0.094,0.109,0.124,0.138,0.151,0.163,0.174,0.185,0.236,0.268,0.287,0.296,0.296,0.282,0.263,0.242,0.222,0.203,0.186,0.128
305.0,310.0,0.021,0.041,0.06,0.077,0.094,0.11,0.124,0.138,0.151,0.163,0.175,0.185,0.236,0.268,0.287,0.296,0.296,0.282,0.262,0.241,0.221,0.202,0.186,0.128
305.0,311.0,0.021,0.041,0.06,0.078,0.094,0.11,0.125,0.139,0.152,0.164,0.175,0.186,0.236,0.269,0.287,0.296,0.296,0.281,0.262,0.241,0.22,0.202,0.185,0.127
305.0,312.0,0.021,0.041,0.06,0.078,0.095,0.11,0.125,0.139,0.152,0.164,0.176,0.186,0.237,0.269,0.288,0.296,0.295,0.281,0.261,0.24,0.22,0.201,0.185,0.127
305.0,313.0,0.021,0.041,0.06,0.078,0.095,0.111,0.125,0.139,0.152,0.164,0.176,0.187,0.237,0.269,0.288,0.297,0.295,0.281,0.261,0.24,0.219,0.201,0.184,0.126
305.0,314.0,0.021,0.041,0.06,0.078,0.095,0.111,0.126,0.14,0.153,0.165,0.176,0.187,0.238,0.27,0.288,0.297,0.295,0.281,0.26,0.239,0.219,0.2,0.184,0.126
305.0,315.0,0.021,0.042,0.061,0.078,0.095,0.111,0.126,0.14,0.153,0.165,0.177,0.187,0.238,0.27,0.288,0.297,0.295,0.28,0.26,0.239,0.218,0.2,0.183,0.126
305.0,316.0,0.021,0.042,0.061,0.079,0.095,0.111,0.126,0.14,0.153,0.165,0.177,0.188,0.238,0.27,0.288,0.297,0.295,0.28,0.26,0.239,0.218,0.199,0.183,0.125
305.0,317.0,0.021,0.042,0.061,0.079,0.096,0.111,0.126,0.14,0.153,0.166,0.177,0.188,0.238,0.27,0.288,0.297,0.295,0.28,0.26,0.238,0.218,0.199,0.182,0.125
306.0,307.0,0.019,0.037,0.054,0.07,0.085,0.1,0.114,0.127,0.139,0.151,0.162,0.172,0.222,0.257,0.279,0.291,0.298,0.29,0.275,0.256,0.238,0.22,0.203,0.142
306.0,308.0,0.019,0.037,0.055,0.071,0.086,0.101,0.115,0.128,0.14,0.152,0.163,0.173,0.224,0.258,0.28,0.292,0.298,0.289,0.273,0.255,0.236,0.218,0.201,0.14
306.0,309.0,0.019,0.038,0.055,0.072,0.087,0.102,0.116,0.129,0.142,0.153,0.164,0.175,0.226,0.259,0.281,0.293,0.298,0.288,0.272,0.253,0.234,0.216,0.199,0.139
306.0,310.0,0.02,0.038,0.056,0.072,0.088,0.103,0.117,0.13,0.143,0.155,0.166,0.176,0.227,0.261,0.282,0.293,0.298,0.288,0.271,0.252,0.232,0.214,0.197,0.137
306.0,311.0,0.02,0.039,0.056,0.073,0.089,0.104,0.118,0.131,0.144,0.156,0.167,0.178,0.228,0.262,0.282,0.294,0.298,0.287,0.27,0.25,0.231,0.212,0.196,0.136
306.0,312.0,0.02,0.039,0.057,0.074,0.09,0.105,0.119,0.132,0.145,0.157,0.168,0.179,0.229,0.263,0.283,0.294,0.297,0.286,0.269,0.249,0.229,0.211,0.194,0.135
306.0,313.0,0.02,0.039,0.057,0.074,0.09,0.105,0.12,0.133,0.146,0.158,0.169,0.18,0.23,0.264,0.284,0.295,0.297,0.286,0.268,0.248,0.228,0.21,0.193,0.133
306.0,314.0,0.02,0.04,0.058,0.075,0.091,0.106,0.121,0.134,0.147,0.159,0.17,0.181,0.231,0.264,0.284,0.295,0.297,0.285,0.267,0.247,0.227,0.208,0.192,0.132
306.0,315.0,0.02,0.04,0.058,0.075,0.092,0.107,0.121,0.135,0.148,0.16,0.171,0.182,0.232,0.265,0.285,0.295,0.297,0.284,0.266,0.246,0.226,0.207,0.19,0.132
306.0,316.0,0.021,0.04,0.058,0.076,0.092,0.107,0.122,0.136,0.148,0.16,0.172,0.182,0.233,0.266,0.285,0.295,0.297,0.284,0.265,0.245,0.225,0.206,0.189,0.131
306.0,317.0,0.021,0.04,0.059,0.076,0.093,0.108,0.123,0.136,0.149,0.161,0.173,0.183,0.234,0.267,0.286,0.296,0.296,0.283,0.264,0.244,0.224,0.205,0.188,0.13
306.0,318.0,0.021,0.04,0.059,0.076,0.093,0.108,0.123,0.137,0.15,0.162,0.173,0.184,0.235,0.267,0.286,0.296,0.296,0.283,0.264,0.243,0.223,0.204,0.188,0.129
307.0,308.0,0.017,0.034,0.05,0.065,0.079,0.093,0.106,0.118,0.13,0.141,0.152,0.162,0.212,0.247,0.271,0.286,0.298,0.295,0.283,0.267,0.25,0.233,0.216,0.154
307.0,309.0,0.018,0.035,0.051,0.066,0.081,0.095,0.108,0.12,0.132,0.143,0.154,0.164,0.214,0.249,0.273,0.288,0.298,0.294,0.281,0.265,0.247,0.23,0.213,0.151
307.0,310.0,0.018,0.035,0.052,0.067,0.082,0.096,0.109,0.122,0.134,0.145,0.156,0.166,0.217,0.251,0.275,0.289,0.298,0.293,0.279,0.262,0.245,0.227,0.21,0.148
307.0,311.0,0.018,0.036,0.052,0.068,0.083,0.097,0.111,0.124,0.136,0.147,0.158,0.168,0.219,0.253,0.276,0.29,0.298,0.292,0.278,0.26,0.242,0.224,0.208,0.146
307.0,312.0,0.019,0.036,0.053,0.069,0.084,0.099,0.112,0.125,0.137,0.149,0.16,0.17,0.221,0.255,0.277,0.291,0.298,0.291,0.276,0.258,0.24,0.222,0.205,0.144
307.0,313.0,0.019,0.037,0.054,0.07,0.085,0.1,0.114,0.127,0.139,0.15,0.161,0.172,0.222,0.257,0.279,0.291,0.298,0.29,0.275,0.257,0.238,0.22,0.203,0.142
307.0,314.0,0.019,0.037,0.055,0.071,0.086,0.101,0.115,0.128,0.14,0.152,0.163,0.173,0.224,0.258,0.28,0.292,0.298,0.289,0.274,0.255,0.236,0.218,0.201,0.14
307.0,315.0,0.019,0.038,0.055,0.072,0.087,0.102,0.116,0.129,0.141,0.153,0.164,0.175,0.225,0.259,0.281,0.293,0.298,0.289,0.272,0.253,0.234,0.216,0.199,0.139
307.0,316.0,0.02,0.038,0.056,0.072,0.088,0.103,0.117,0.13,0.143,0.154,0.166,0.176,0.227,0.26,0.282,0.293,0.298,0.288,0.271,0.252,0.233,0.214,0.198,0.137
307.0,317.0,0.02,0.038,0.056,0.073,0.089,0.104,0.118,0.131,0.144,0.156,0.167,0.177,0.228,0.262,0.282,0.294,0.298,0.287,0.27,0.251,0.231,0.213,0.196,0.136
307.0,318.0,0.02,0.039,0.057,0.074,0.089,0.105,0.119,0.132,0.145,0.157,0.168,0.178,0.229,0.262,0.283,0.294,0.297,0.286,0.269,0.249,0.23,0.211,0.195,0.135
307.0,319.0,0.02,0.039,0.057,0.074,0.09,0.105,0.12,0.133,0.146,0.158,0.169,0.179,0.23,0.263,0.284,0.294,0.297,0.286,0.268,0.248,0.228,0.21,0.193,0.134
308.0,309.0,0.017,0.033,0.049,0.064,0.078,0.092,0.104,0.117,0.128,0.139,0.15,0.16,0.21,0.245,0.269,0.285,0.298,0.295,0.284,0.269,0.252,0.235,0.219,0.156
308.0,310.0,0.017,0.034,0.05,0.065,0.079,0.093,0.106,0.118,0.13,0.141,0.152,0.162,0.212,0.247,0.271,0.286,0.298,0.295,0.283,0.267,0.25,0.233,0.216,0.154
308.0,311.0,0.018,0.035,0.051,0.066,0.081,0.094,0.108,0.12,0.132,0.143,0.154,0.164,0.214,0.249,0.273,0.288,0.298,0.294,0.281,0.265,0.247,0.23,0.214,0.151
308.0,312.0,0.018,0.035,0.051,0.067,0.082,0.096,0.109,0.122,0.134,0.145,0.156,0.166,0.216,0.251,0.274,0.289,0.298,0.293,0.28,0.263,0.245,0.228,0.211,0.149
308.0,313.0,0.018,0.036,0.052,0.068,0.083,0.097,0.11,0.123,0.135,0.147,0.157,0.168,0.218,0.253,0.276,0.289,0.298,0.292,0.278,0.261,0.243,0.225,0.209,0.147
308.0,314.0,0.019,0.036,0.053,0.069,0.084,0.098,0.112,0.124,0.137,0.148,0.159,0.169,0.22,0.254,0.277,0.29,0.298,0.291,0.277,0.259,0.241,0.223,0.206,0.145
308.0,315.0,0.019,0.037,0.053,0.07,0.085,0.099,0.113,0.126,0.138,0.15,0.16,0.171,0.221,0.256,0.278,0.291,0.298,0.291,0.276,0.258,0.239,0.221,0.204,0.143
308.0,316.0,0.019,0.037,0.054,0.07,0.086,0.1,0.114,0.127,0.139,0.151,0.162,0.172,0.223,0.257,0.279,0.292,0.298,0.29,0.274,0.256,0.237,0.219,0.203,0.142
308.0,317.0,0.019,0.037,0.055,0.071,0.086,0.101,0.115,0.128,0.14,0.152,0.163,0.174,0.224,0.258,0.28,0.292,0.298,0.289,0.273,0.255,0.236,0.218,0.201,0.14
308.0,318.0,0.019,0.038,0.055,0.072,0.087,0.102,0.116,0.129,0.142,0.153,0.164,0.175,0.225,0.259,0.281,0.293,0.298,0.289,0.272,0.253,0.234,0.216,0.199,0.139
308.0,319.0,0.02,0.038,0.056,0.072,0.088,0.103,0.117,0.13,0.143,0.154,0.165,0.176,0.227,0.26,0.281,0.293,0.298,0.288,0.271,0.252,0.233,0.214,0.198,0.137
308.0,320.0,0.02,0.038,0.056,0.073,0.089,0.104,0.118,0.131,0.144,0.155,0.166,0.177,0.228,0.261,0.282,0.294,0.298,0.287,0.27,0.251,0.231,0.213,0.196,0.136
309.0,310.0,0.017,0.032,0.047,0.062,0.076,0.089,0.101,0.113,0.124,0.135,0.146,0.155,0.205,0.241,0.266,0.282,0.297,0.297,0.287,0.273,0.257,0.241,0.225,0.162
309.0,311.0,0.017,0.033,0.048,0.063,0.077,0.09,0.103,0.115,0.127,0.138,0.148,0.158,0.208,0.243,0.268,0.284,0.298,0.296,0.286,0.271,0.254,0.238,0.222,0.159
309.0,312.0,0.017,0.034,0.049,0.064,0.078,0.092,0.105,0.117,0.129,0.14,0.15,0.16,0.21,0.245,0.27,0.285,0.298,0.295,0.284,0.269,0.252,0.235,0.219,0.156
309.0,313.0,0.017,0.034,0.05,0.065,0.08,0.093,0.106,0.119,0.13,0.142,0.152,0.162,0.212,0.248,0.271,0.287,0.298,0.294,0.282,0.267,0.249,0.232,0.216,0.153
309.0,314.0,0.018,0.035,0.051,0.066,0.081,0.095,0.108,0.12,0.132,0.143,0.154,0.164,0.214,0.25,0.273,0.288,0.298,0.294,0.281,0.265,0.247,0.23,0.213,0.151
309.0,315.0,0.018,0.035,0.052,0.067,0.082,0.096,0.109,0.122,0.134,0.145,0.156,0.166,0.216,0.251,0.274,0.289,0.298,0.293,0.28,0.263,0.245,0.227,0.211,0.149
309.0,316.0,0.018,0.036,0.052,0.068,0.083,0.097,0.11,0.123,0.135,0.147,0.158,0.168,0.218,0.253,0.276,0.29,0.298,0.292,0.278,0.261,0.243,0.225,0.208,0.147
309.0,317.0,0.019,0.036,0.053,0.069,0.084,0.098,0.112,0.125,0.137,0.148,0.159,0.169,0.22,0.254,0.277,0.29,0.298,0.291,0.277,0.259,0.241,0.223,0.206,0.145
309.0,318.0,0.019,0.037,0.054,0.07,0.085,0.099,0.113,0.126,0.138,0.15,0.161,0.171,0.221,0.256,0.278,0.291,0.298,0.291,0.276,0.258,0.239,0.221,0.204,0.143
309.0,319.0,0.019,0.037,0.054,0.07,0.086,0.1,0.114,0.127,0.139,0.151,0.162,0.172,0.223,0.257,0.279,0.292,0.298,0.29,0.274,0.256,0.237,0.219,0.203,0.142
309.0,320.0,0.019,0.037,0.055,0.071,0.086,0.101,0.115,0.128,0.14,0.152,0.163,0.174,0.224,0.258,0.28,0.292,0.298,0.289,0.273,0.255,0.236,0.218,0.201,0.14
309.0,321.0,0.019,0.038,0.055,0.072,0.087,0.102,0.116,0.129,0.141,0.153,0.164,0.175,0.225,0.259,0.281,0.293,0.298,0.289,0.272,0.253,0.234,0.216,0.199,0.139
310.0,311.0,0.015,0.03,0.043,0.057,0.07,0.082,0.094,0.105,0.115,0.126,0.136,0.145,0.193,0.229,0.256,0.274,0.294,0.298,0.293,0.282,0.269,0.254,0.239,0.176
310.0,312.0,0.015,0.03,0.045,0.058,0.071,0.084,0.096,0.107,0.118,0.128,0.138,0.148,0.197,0.233,0.259,0.277,0.295,0.298,0.291,0.28,0.265,0.25,0.235,0.172
310.0,313.0,0.016,0.031,0.046,0.06,0.073,0.086,0.098,0.109,0.12,0.131,0.141,0.151,0.2,0.236,0.261,0.279,0.296,0.298,0.29,0.277,0.262,0.247,0.231,0.168
310.0,314.0,0.016,0.032,0.047,0.061,0.074,0.087,0.1,0.112,0.123,0.133,0.144,0.153,0.203,0.239,0.264,0.281,0.297,0.297,0.288,0.275,0.259,0.243,0.228,0.164
310.0,315.0,0.017,0.032,0.048,0.062,0.076,0.089,0.102,0.114,0.125,0.136,0.146,0.156,0.205,0.241,0.266,0.283,0.297,0.296,0.287,0.273,0.257,0.24,0.224,0.161
310.0,316.0,0.017,0.033,0.048,0.063,0.077,0.091,0.103,0.115,0.127,0.138,0.148,0.158,0.208,0.244,0.268,0.284,0.298,0.296,0.285,0.27,0.254,0.237,0.221,0.158
310.0,317.0,0.017,0.034,0.049,0.064,0.079,0.092,0.105,0.117,0.129,0.14,0.15,0.16,0.21,0.246,0.27,0.285,0.298,0.295,0.284,0.268,0.251,0.234,0.218,0.155
310.0,318.0,0.018,0.034,0.05,0.065,0.08,0.093,0.107,0.119,0.131,0.142,0.152,0.163,0.213,0.248,0.272,0.287,0.298,0.294,0.282,0.266,0.249,0.232,0.215,0.153
310.0,319.0,0.018,0.035,0.051,0.066,0.081,0.095,0.108,0.12,0.132,0.144,0.154,0.164,0.215,0.25,0.273,0.288,0.298,0.294,0.281,0.264,0.247,0.229,0.213,0.151
310.0,320.0,0.018,0.035,0.052,0.067,0.082,0.096,0.109,0.122,0.134,0.145,0.156,0.166,0.217,0.251,0.275,0.289,0.298,0.293,0.279,0.262,0.245,0.227,0.21,0.148
310.0,321.0,0.018,0.036,0.052,0.068,0.083,0.097,0.111,0.123,0.135,0.147,0.158,0.168,0.218,0.253,0.276,0.29,0.298,0.292,0.278,0.261,0.243,0.225,0.208,0.146
310.0,322.0,0.019,0.036,0.053,0.069,0.084,0.098,0.112,0.125,0.137,0.148,0.159,0.169,0.22,0.255,0.277,0.29,0.298,0.291,0.277,0.259,0.241,0.223,0.206,0.145
311.0,312.0,0.015,0.03,0.044,0.058,0.071,0.083,0.095,0.107,0.117,0.128,0.138,0.147,0.196,0.232,0.258,0.276,0.295,0.298,0.292,0.28,0.266,0.251,0.236,0.172
311.0,313.0,0.016,0.031,0.045,0.059,0.073,0.085,0.097,0.109,0.12,0.131,0.141,0.15,0.199,0.235,0.261,0.279,0.296,0.298,0.29,0.278,0.263,0.247,0.232,0.168
311.0,314.0,0.016,0.032,0.047,0.061,0.074,0.087,0.1,0.111,0.123,0.133,0.144,0.153,0.202,0.238,0.264,0.281,0.297,0.297,0.289,0.275,0.26,0.244,0.228,0.165
311.0,315.0,0.017,0.032,0.048,0.062,0.076,0.089,0.102,0.114,0.125,0.136,0.146,0.156,0.205,0.241,0.266,0.283,0.297,0.296,0.287,0.273,0.257,0.24,0.224,0.161
311.0,316.0,0.017,0.033,0.049,0.063,0.077,0.091,0.103,0.116,0.127,0.138,0.149,0.158,0.208,0.244,0.268,0.284,0.298,0.296,0.285,0.27,0.254,0.237,0.221,0.158
311.0,317.0,0.017,0.034,0.049,0.064,0.079,0.092,0.105,0.118,0.129,0.14,0.151,0.161,0.211,0.246,0.27,0.286,0.298,0.295,0.283,0.268,0.251,0.234,0.218,0.155
311.0,318.0,0.018,0.034,0.05,0.066,0.08,0.094,0.107,0.119,0.131,0.142,0.153,0.163,0.213,0.248,0.272,0.287,0.298,0.294,0.282,0.266,0.248,0.231,0.215,0.152
311.0,319.0,0.018,0.035,0.051,0.067,0.081,0.095,0.108,0.121,0.133,0.144,0.155,0.165,0.215,0.25,0.274,0.288,0.298,0.293,0.28,0.264,0.246,0.228,0.212,0.15
311.0,320.0,0.018,0.035,0.052,0.068,0.082,0.097,0.11,0.123,0.135,0.146,0.157,0.167,0.217,0.252,0.275,0.289,0.298,0.292,0.279,0.262,0.244,0.226,0.209,0.148
311.0,321.0,0.018,0.036,0.053,0.068,0.084,0.098,0.111,0.124,0.136,0.148,0.159,0.169,0.219,0.254,0.277,0.29,0.298,0.292,0.277,0.26,0.241,0.224,0.207,0.145
311.0,322.0,0.019,0.036,0.053,0.069,0.085,0.099,0.113,0.125,0.138,0.149,0.16,0.17,0.221,0.255,0.278,0.291,0.298,0.291,0.276,0.258,0.239,0.222,0.205,0.144
311.0,323.0,0.019,0.037,0.054,0.07,0.085,0.1,0.114,0.127,0.139,0.151,0.162,0.172,0.223,0.257,0.279,0.292,0.298,0.29,0.275,0.256,0.238,0.22,0.203,0.142
312.0,313.0,0.019,0.036,0.053,0.069,0.084,0.098,0.112,0.125,0.137,0.149,0.159,0.17,0.22,0.255,0.277,0.29,0.298,0.291,0.277,0.259,0.24,0.223,0.206,0.144
312.0,314.0,0.019,0.037,0.054,0.07,0.085,0.1,0.113,0.126,0.138,0.15,0.161,0.171,0.222,0.256,0.278,0.291,0.298,0.29,0.275,0.257,0.238,0.22,0.204,0.143
312.0,315.0,0.019,0.037,0.054,0.071,0.086,0.101,0.114,0.127,0.14,0.151,0.163,0.173,0.223,0.258,0.279,0.292,0.298,0.29,0.274,0.255,0.236,0.218,0.202,0.141
312.0,316.0,0.019,0.038,0.055,0.071,0.087,0.102,0.116,0.129,0.141,0.153,0.164,0.174,0.225,0.259,0.28,0.293,0.298,0.289,0.273,0.254,0.235,0.217,0.2,0.139
312.0,317.0,0.019,0.038,0.055,0.072,0.088,0.103,0.117,0.13,0.142,0.154,0.165,0.176,0.226,0.26,0.281,0.293,0.298,0.288,0.271,0.252,0.233,0.215,0.198,0.138
312.0,318.0,0.02,0.038,0.056,0.073,0.088,0.103,0.117,0.131,0.143,0.155,0.166,0.177,0.227,0.261,0.282,0.294,0.298,0.287,0.27,0.251,0.232,0.213,0.197,0.137
312.0,319.0,0.02,0.039,0.056,0.073,0.089,0.104,0.118,0.132,0.144,0.156,0.167,0.178,0.229,0.262,0.283,0.294,0.297,0.287,0.269,0.25,0.23,0.212,0.195,0.135
312.0,320.0,0.02,0.039,0.057,0.074,0.09,0.105,0.119,0.133,0.145,0.157,0.168,0.179,0.23,0.263,0.283,0.294,0.297,0.286,0.268,0.249,0.229,0.211,0.194,0.134
312.0,321.0,0.02,0.039,0.057,0.074,0.09,0.106,0.12,0.133,0.146,0.158,0.169,0.18,0.23,0.264,0.284,0.295,0.297,0.286,0.268,0.248,0.228,0.21,0.193,0.133
312.0,322.0,0.02,0.039,0.058,0.075,0.091,0.106,0.12,0.134,0.147,0.159,0.17,0.181,0.231,0.264,0.284,0.295,0.297,0.285,0.267,0.247,0.227,0.208,0.192,0.133
312.0,323.0,0.02,0.04,0.058,0.075,0.091,0.107,0.121,0.135,0.147,0.159,0.171,0.181,0.232,0.265,0.285,0.295,0.297,0.284,0.266,0.246,0.226,0.207,0.191,0.132
312.0,324.0,0.021,0.04,0.058,0.076,0.092,0.107,0.122,0.135,0.148,0.16,0.171,0.182,0.233,0.266,0.285,0.295,0.297,0.284,0.265,0.245,0.225,0.207,0.19,0.131
313.0,314.0,0.019,0.037,0.055,0.071,0.086,0.101,0.115,0.128,0.14,0.152,0.163,0.173,0.224,0.258,0.28,0.292,0.298,0.289,0.273,0.255,0.236,0.218,0.201,0.14
313.0,315.0,0.019,0.038,0.055,0.072,0.087,0.102,0.116,0.129,0.142,0.153,0.164,0.175,0.225,0.259,0.281,0.293,0.298,0.288,0.272,0.253,0.234,0.216,0.199,0.139
313.0,316.0,0.02,0.038,0.056,0.072,0.088,0.103,0.117,0.13,0.143,0.154,0.166,0.176,0.227,0.26,0.282,0.293,0.298,0.288,0.271,0.252,0.233,0.214,0.198,0.137
313.0,317.0,0.02,0.038,0.056,0.073,0.089,0.104,0.118,0.131,0.144,0.156,0.167,0.177,0.228,0.261,0.282,0.294,0.298,0.287,0.27,0.251,0.231,0.213,0.196,0.136
313.0,318.0,0.02,0.039,0.057,0.073,0.089,0.104,0.119,0.132,0.145,0.157,0.168,0.178,0.229,0.262,0.283,0.294,0.297,0.286,0.269,0.249,0.23,0.211,0.195,0.135
313.0,319.0,0.02,0.039,0.057,0.074,0.09,0.105,0.119,0.133,0.145,0.157,0.169,0.179,0.23,0.263,0.284,0.294,0.297,0.286,0.268,0.248,0.229,0.21,0.194,0.134
313.0,320.0,0.02,0.039,0.057,0.074,0.091,0.106,0.12,0.134,0.146,0.158,0.169,0.18,0.231,0.264,0.284,0.295,0.297,0.285,0.267,0.247,0.228,0.209,0.192,0.133
313.0,321.0,0.02,0.04,0.058,0.075,0.091,0.106,0.121,0.134,0.147,0.159,0.17,0.181,0.232,0.265,0.285,0.295,0.297,0.285,0.267,0.246,0.227,0.208,0.191,0.132
313.0,322.0,0.02,0.04,0.058,0.075,0.091,0.107,0.121,0.135,0.148,0.16,0.171,0.182,0.232,0.265,0.285,0.295,0.297,0.284,0.266,0.246,0.226,0.207,0.19,0.132
313.0,323.0,0.021,0.04,0.058,0.076,0.092,0.107,0.122,0.135,0.148,0.16,0.172,0.182,0.233,0.266,0.285,0.295,0.297,0.284,0.265,0.245,0.225,0.206,0.19,0.131
313.0,324.0,0.021,0.04,0.059,0.076,0.092,0.108,0.122,0.136,0.149,0.161,0.172,0.183,0.234,0.266,0.286,0.296,0.296,0.283,0.265,0.244,0.224,0.206,0.189,0.13
313.0,325.0,0.021,0.04,0.059,0.076,0.093,0.108,0.123,0.136,0.149,0.161,0.173,0.183,0.234,0.267,0.286,0.296,0.296,0.283,0.264,0.244,0.223,0.205,0.188,0.13
314.0,315.0,0.022,0.043,0.062,0.08,0.098,0.114,0.129,0.143,0.156,0.168,0.18,0.191,0.241,0.273,0.29,0.297,0.294,0.278,0.257,0.235,0.214,0.195,0.179,0.122
314.0,316.0,0.022,0.043,0.062,0.08,0.097,0.114,0.129,0.143,0.156,0.168,0.18,0.191,0.241,0.272,0.29,0.297,0.294,0.278,0.257,0.235,0.214,0.195,0.179,0.122
314.0,317.0,0.022,0.043,0.062,0.08,0.097,0.113,0.129,0.143,0.156,0.168,0.18,0.191,0.241,0.272,0.29,0.297,0.294,0.278,0.257,0.235,0.214,0.196,0.179,0.122
314.0,318.0,0.022,0.043,0.062,0.08,0.097,0.113,0.129,0.143,0.156,0.168,0.18,0.191,0.241,0.272,0.29,0.297,0.294,0.278,0.257,0.235,0.214,0.196,0.179,0.123
314.0,319.0,0.022,0.043,0.062,0.08,0.097,0.113,0.128,0.143,0.156,0.168,0.18,0.19,0.241,0.272,0.29,0.297,0.294,0.278,0.257,0.235,0.214,0.196,0.179,0.123
314.0,320.0,0.022,0.043,0.062,0.08,0.097,0.113,0.128,0.143,0.156,0.168,0.18,0.19,0.241,0.272,0.29,0.297,0.294,0.278,0.257,0.235,0.214,0.196,0.179,0.123
314.0,321.0,0.022,0.043,0.062,0.08,0.097,0.113,0.128,0.142,0.156,0.168,0.18,0.19,0.241,0.272,0.29,0.297,0.294,0.278,0.257,0.235,0.215,0.196,0.179,0.123
314.0,322.0,0.022,0.043,0.062,0.08,0.097,0.113,0.128,0.142,0.156,0.168,0.18,0.19,0.241,0.272,0.29,0.297,0.294,0.278,0.257,0.235,0.215,0.196,0.179,0.123
314.0,323.0,0.022,0.042,0.062,0.08,0.097,0.113,0.128,0.142,0.156,0.168,0.18,0.19,0.241,0.272,0.29,0.297,0.294,0.278,0.257,0.235,0.215,0.196,0.179,0.123
314.0,324.0,0.022,0.042,0.062,0.08,0.097,0.113,0.128,0.142,0.156,0.168,0.179,0.19,0.241,0.272,0.29,0.297,0.294,0.278,0.257,0.235,0.215,0.196,0.179,0.123
314.0,325.0,0.022,0.042,0.062,0.08,0.097,0.113,0.128,0.142,0.156,0.168,0.179,0.19,0.241,0.272,0.29,0.297,0.294,0.278,0.257,0.235,0.215,0.196,0.18,0.123
314.0,326.0,0.022,0.042,0.062,0.08,0.097,0.113,0.128,0.142,0.156,0.168,0.179,0.19,0.241,0.272,0.29,0.297,0.294,0.278,0.257,0.235,0.215,0.196,0.18,0.123
315.0,316.0,0.021,0.041,0.06,0.077,0.094,0.11,0.124,0.138,0.151,0.163,0.175,0.185,0.236,0.268,0.287,0.296,0.296,0.282,0.262,0.241,0.221,0.202,0.186,0.128
315.0,317.0,0.021,0.041,0.06,0.078,0.094,0.11,0.125,0.138,0.151,0.164,0.175,0.186,0.236,0.269,0.287,0.296,0.296,0.281,0.262,0.241,0.22,0.202,0.185,0.127
315.0,318.0,0.021,0.041,0.06,0.078,0.094,0.11,0.125,0.139,0.152,0.164,0.175,0.186,0.237,0.269,0.288,0.296,0.296,0.281,0.261,0.24,0.22,0.201,0.185,0.127
315.0,319.0,0.021,0.041,0.06,0.078,0.095,0.11,0.125,0.139,0.152,0.164,0.176,0.186,0.237,0.269,0.288,0.296,0.295,0.281,0.261,0.24,0.22,0.201,0.184,0.127
315.0,320.0,0.021,0.041,0.06,0.078,0.095,0.111,0.125,0.139,0.152,0.165,0.176,0.187,0.237,0.269,0.288,0.297,0.295,0.281,0.261,0.239,0.219,0.2,0.184,0.126
315.0,321.0,0.021,0.041,0.06,0.078,0.095,0.111,0.126,0.14,0.153,0.165,0.176,0.187,0.238,0.27,0.288,0.297,0.295,0.28,0.26,0.239,0.219,0.2,0.183,0.126
315.0,322.0,0.021,0.042,0.061,0.078,0.095,0.111,0.126,0.14,0.153,0.165,0.177,0.187,0.238,0.27,0.288,0.297,0.295,0.28,0.26,0.239,0.218,0.2,0.183,0.126
315.0,323.0,0.021,0.042,0.061,0.079,0.095,0.111,0.126,0.14,0.153,0.165,0.177,0.188,0.238,0.27,0.288,0.297,0.295,0.28,0.26,0.239,0.218,0.199,0.183,0.125
315.0,324.0,0.021,0.042,0.061,0.079,0.096,0.111,0.126,0.14,0.153,0.166,0.177,0.188,0.238,0.27,0.288,0.297,0.295,0.28,0.26,0.238,0.218,0.199,0.183,0.125
315.0,325.0,0.022,0.042,0.061,0.079,0.096,0.112,0.126,0.14,0.153,0.166,0.177,0.188,0.239,0.27,0.288,0.297,0.295,0.28,0.259,0.238,0.218,0.199,0.182,0.125
315.0,326.0,0.022,0.042,0.061,0.079,0.096,0.112,0.127,0.141,0.154,0.166,0.177,0.188,0.239,0.271,0.289,0.297,0.295,0.28,0.259,0.238,0.217,0.199,0.182,0.125
315.0,327.0,0.022,0.042,0.061,0.079,0.096,0.112,0.127,0.141,0.154,0.166,0.178,0.188,0.239,0.271,0.289,0.297,0.295,0.28,0.259,0.238,0.217,0.199,0.182,0.125
316.0,317.0,0.019,0.037,0.054,0.071,0.086,0.101,0.114,0.127,0.14,0.151,0.162,0.173,0.223,0.258,0.279,0.292,0.298,0.29,0.274,0.256,0.237,0.219,0.202,0.141
316.0,318.0,0.019,0.038,0.055,0.071,0.087,0.102,0.115,0.129,0.141,0.153,0.164,0.174,0.225,0.259,0.28,0.292,0.298,0.289,0.273,0.254,0.235,0.217,0.2,0.139
316.0,319.0,0.019,0.038,0.055,0.072,0.088,0.102,0.116,0.13,0.142,0.154,0.165,0.175,0.226,0.26,0.281,0.293,0.298,0.288,0.272,0.252,0.233,0.215,0.198,0.138
316.0,320.0,0.02,0.038,0.056,0.073,0.088,0.103,0.117,0.131,0.143,0.155,0.166,0.177,0.227,0.261,0.282,0.293,0.298,0.287,0.27,0.251,0.232,0.213,0.197,0.137
316.0,321.0,0.02,0.039,0.056,0.073,0.089,0.104,0.118,0.132,0.144,0.156,0.167,0.178,0.229,0.262,0.283,0.294,0.298,0.287,0.269,0.25,0.23,0.212,0.195,0.135
316.0,322.0,0.02,0.039,0.057,0.074,0.09,0.105,0.119,0.133,0.145,0.157,0.168,0.179,0.23,0.263,0.283,0.294,0.297,0.286,0.268,0.249,0.229,0.211,0.194,0.134
316.0,323.0,0.02,0.039,0.057,0.074,0.09,0.106,0.12,0.133,0.146,0.158,0.169,0.18,0.23,0.264,0.284,0.295,0.297,0.286,0.268,0.248,0.228,0.21,0.193,0.133
316.0,324.0,0.02,0.039,0.058,0.075,0.091,0.106,0.12,0.134,0.147,0.159,0.17,0.181,0.231,0.264,0.284,0.295,0.297,0.285,0.267,0.247,0.227,0.208,0.192,0.133
316.0,325.0,0.02,0.04,0.058,0.075,0.091,0.107,0.121,0.135,0.147,0.159,0.171,0.181,0.232,0.265,0.285,0.295,0.297,0.284,0.266,0.246,0.226,0.207,0.191,0.132
316.0,326.0,0.021,0.04,0.058,0.076,0.092,0.107,0.122,0.135,0.148,0.16,0.171,0.182,0.233,0.266,0.285,0.295,0.297,0.284,0.265,0.245,0.225,0.207,0.19,0.131
316.0,327.0,0.021,0.04,0.059,0.076,0.092,0.108,0.122,0.136,0.149,0.161,0.172,0.183,0.233,0.266,0.286,0.295,0.296,0.284,0.265,0.244,0.224,0.206,0.189,0.13
316.0,328.0,0.021,0.04,0.059,0.076,0.093,0.108,0.123,0.136,0.149,0.161,0.173,0.183,0.234,0.267,0.286,0.296,0.296,0.283,0.264,0.244,0.223,0.205,0.188,0.13
317.0,318.0,0.017,0.034,0.05,0.065,0.079,0.093,0.106,0.118,0.13,0.141,0.152,0.162,0.212,0.247,0.271,0.286,0.298,0.295,0.283,0.267,0.25,0.233,0.216,0.154
317.0,319.0,0.018,0.035,0.051,0.066,0.081,0.095,0.108,0.12,0.132,0.143,0.154,0.164,0.214,0.249,0.273,0.288,0.298,0.294,0.281,0.265,0.247,0.23,0.213,0.151
317.0,320.0,0.018,0.035,0.052,0.067,0.082,0.096,0.109,0.122,0.134,0.145,0.156,0.166,0.216,0.251,0.275,0.289,0.298,0.293,0.279,0.263,0.245,0.227,0.211,0.149
317.0,321.0,0.018,0.036,0.052,0.068,0.083,0.097,0.111,0.123,0.136,0.147,0.158,0.168,0.218,0.253,0.276,0.29,0.298,0.292,0.278,0.261,0.242,0.225,0.208,0.146
317.0,322.0,0.019,0.036,0.053,0.069,0.084,0.098,0.112,0.125,0.137,0.149,0.159,0.17,0.22,0.255,0.277,0.291,0.298,0.291,0.277,0.259,0.24,0.222,0.206,0.144
317.0,323.0,0.019,0.037,0.054,0.07,0.085,0.1,0.113,0.126,0.138,0.15,0.161,0.171,0.222,0.256,0.278,0.291,0.298,0.29,0.275,0.257,0.238,0.22,0.204,0.143
317.0,324.0,0.019,0.037,0.054,0.071,0.086,0.101,0.114,0.127,0.14,0.151,0.162,0.173,0.223,0.258,0.279,0.292,0.298,0.29,0.274,0.255,0.237,0.219,0.202,0.141
317.0,325.0,0.019,0.038,0.055,0.071,0.087,0.102,0.115,0.129,0.141,0.153,0.164,0.174,0.225,0.259,0.28,0.292,0.298,0.289,0.273,0.254,0.235,0.217,0.2,0.139
317.0,326.0,0.019,0.038,0.055,0.072,0.088,0.102,0.116,0.13,0.142,0.154,0.165,0.175,0.226,0.26,0.281,0.293,0.298,0.288,0.272,0.253,0.233,0.215,0.198,0.138
317.0,327.0,0.02,0.038,0.056,0.073,0.088,0.103,0.117,0.131,0.143,0.155,0.166,0.176,0.227,0.261,0.282,0.293,0.298,0.288,0.271,0.251,0.232,0.214,0.197,0.137
317.0,328.0,0.02,0.039,0.056,0.073,0.089,0.104,0.118,0.131,0.144,0.156,0.167,0.178,0.228,0.262,0.283,0.294,0.298,0.287,0.27,0.25,0.231,0.212,0.196,0.136
317.0,329.0,0.02,0.039,0.057,0.074,0.09,0.105,0.119,0.132,0.145,0.157,0.168,0.178,0.229,0.263,0.283,0.294,0.297,0.286,0.269,0.249,0.23,0.211,0.194,0.135
318.0,319.0,0.017,0.034,0.05,0.065,0.079,0.093,0.106,0.119,0.13,0.141,0.152,0.162,0.212,0.247,0.271,0.286,0.298,0.295,0.283,0.267,0.249,0.232,0.216,0.153
318.0,320.0,0.018,0.035,0.051,0.066,0.081,0.095,0.108,0.12,0.132,0.143,0.154,0.164,0.214,0.25,0.273,0.288,0.298,0.294,0.281,0.265,0.247,0.23,0.213,0.151
318.0,321.0,0.018,0.035,0.052,0.067,0.082,0.096,0.109,0.122,0.134,0.145,0.156,0.166,0.217,0.252,0.275,0.289,0.298,0.293,0.279,0.262,0.245,0.227,0.21,0.148
318.0,322.0,0.018,0.036,0.052,0.068,0.083,0.097,0.111,0.124,0.136,0.147,0.158,0.168,0.219,0.253,0.276,0.29,0.298,0.292,0.278,0.26,0.242,0.225,0.208,0.146
318.0,323.0,0.019,0.036,0.053,0.069,0.084,0.098,0.112,0.125,0.137,0.149,0.16,0.17,0.22,0.255,0.277,0.291,0.298,0.291,0.276,0.259,0.24,0.222,0.206,0.144
318.0,324.0,0.019,0.037,0.054,0.07,0.085,0.1,0.113,0.126,0.139,0.15,0.161,0.171,0.222,0.256,0.278,0.291,0.298,0.29,0.275,0.257,0.238,0.22,0.204,0.142
318.0,325.0,0.019,0.037,0.054,0.071,0.086,0.101,0.114,0.127,0.14,0.151,0.162,0.173,0.223,0.258,0.279,0.292,0.298,0.29,0.274,0.255,0.236,0.218,0.202,0.141
318.0,326.0,0.019,0.038,0.055,0.071,0.087,0.102,0.115,0.129,0.141,0.153,0.164,0.174,0.225,0.259,0.28,0.292,0.298,0.289,0.273,0.254,0.235,0.217,0.2,0.139
318.0,327.0,0.019,0.038,0.055,0.072,0.088,0.102,0.116,0.13,0.142,0.154,0.165,0.175,0.226,0.26,0.281,0.293,0.298,0.288,0.272,0.253,0.233,0.215,0.198,0.138
318.0,328.0,0.02,0.038,0.056,0.073,0.088,0.103,0.117,0.131,0.143,0.155,0.166,0.177,0.227,0.261,0.282,0.293,0.298,0.287,0.271,0.251,0.232,0.214,0.197,0.137
318.0,329.0,0.02,0.039,0.056,0.073,0.089,0.104,0.118,0.131,0.144,0.156,0.167,0.178,0.228,0.262,0.283,0.294,0.298,0.287,0.27,0.25,0.231,0.212,0.196,0.136
318.0,330.0,0.02,0.039,0.057,0.074,0.09,0.105,0.119,0.132,0.145,0.157,0.168,0.179,0.229,0.263,0.283,0.294,0.297,0.286,0.269,0.249,0.229,0.211,0.194,0.135
319.0,320.0,0.015,0.029,0.043,0.056,0.068,0.08,0.092,0.103,0.114,0.124,0.134,0.143,0.191,0.227,0.254,0.273,0.293,0.298,0.294,0.284,0.271,0.256,0.242,0.179
319.0,321.0,0.015,0.03,0.044,0.057,0.07,0.082,0.094,0.106,0.116,0.127,0.137,0.146,0.194,0.231,0.257,0.275,0.295,0.298,0.292,0.281,0.267,0.253,0.238,0.174
319.0,322.0,0.016,0.031,0.045,0.059,0.072,0.084,0.096,0.108,0.119,0.129,0.139,0.149,0.198,0.234,0.26,0.278,0.296,0.298,0.291,0.279,0.264,0.249,0.234,0.17
319.0,323.0,0.016,0.031,0.046,0.06,0.073,0.086,0.098,0.11,0.121,0.132,0.142,0.152,0.201,0.237,0.262,0.28,0.296,0.297,0.289,0.276,0.261,0.245,0.23,0.166
319.0,324.0,0.016,0.032,0.047,0.061,0.075,0.088,0.1,0.112,0.124,0.134,0.145,0.154,0.204,0.24,0.265,0.282,0.297,0.297,0.288,0.274,0.258,0.242,0.226,0.163
319.0,325.0,0.017,0.033,0.048,0.062,0.076,0.09,0.102,0.114,0.126,0.137,0.147,0.157,0.206,0.242,0.267,0.283,0.298,0.296,0.286,0.272,0.256,0.239,0.223,0.16
319.0,326.0,0.017,0.033,0.049,0.064,0.078,0.091,0.104,0.116,0.128,0.139,0.149,0.159,0.209,0.244,0.269,0.285,0.298,0.296,0.285,0.27,0.253,0.236,0.22,0.157
319.0,327.0,0.017,0.034,0.05,0.065,0.079,0.093,0.106,0.118,0.13,0.141,0.151,0.161,0.211,0.247,0.271,0.286,0.298,0.295,0.283,0.268,0.251,0.233,0.217,0.154
319.0,328.0,0.018,0.034,0.05,0.066,0.08,0.094,0.107,0.119,0.131,0.142,0.153,0.163,0.213,0.248,0.272,0.287,0.298,0.294,0.282,0.266,0.248,0.231,0.215,0.152
319.0,329.0,0.018,0.035,0.051,0.067,0.081,0.095,0.108,0.121,0.133,0.144,0.155,0.165,0.215,0.25,0.274,0.288,0.298,0.293,0.28,0.264,0.246,0.229,0.212,0.15
319.0,330.0,0.018,0.035,0.052,0.067,0.082,0.096,0.11,0.122,0.134,0.146,0.156,0.167,0.217,0.252,0.275,0.289,0.298,0.293,0.279,0.262,0.244,0.226,0.21,0.148
319.0,331.0,0.018,0.036,0.052,0.068,0.083,0.097,0.111,0.124,0.136,0.147,0.158,0.168,0.219,0.253,0.276,0.29,0.298,0.292,0.278,0.26,0.242,0.224,0.208,0.146
320.0,321.0,0.014,0.028,0.041,0.053,0.066,0.077,0.088,0.099,0.109,0.119,0.129,0.138,0.185,0.221,0.248,0.268,0.291,0.298,0.296,0.287,0.276,0.262,0.249,0.186
320.0,322.0,0.015,0.029,0.042,0.055,0.067,0.079,0.09,0.101,0.112,0.122,0.132,0.141,0.188,0.225,0.251,0.271,0.292,0.298,0.295,0.285,0.273,0.259,0.245,0.182
320.0,323.0,0.015,0.029,0.043,0.056,0.069,0.081,0.093,0.104,0.114,0.125,0.134,0.144,0.192,0.228,0.254,0.273,0.294,0.298,0.294,0.283,0.27,0.255,0.241,0.178
320.0,324.0,0.015,0.03,0.044,0.057,0.07,0.083,0.095,0.106,0.117,0.127,0.137,0.146,0.195,0.231,0.257,0.276,0.295,0.298,0.292,0.281,0.267,0.252,0.237,0.174
320.0,325.0,0.016,0.031,0.045,0.059,0.072,0.084,0.096,0.108,0.119,0.129,0.139,0.149,0.198,0.234,0.26,0.278,0.296,0.298,0.291,0.279,0.264,0.249,0.234,0.17
320.0,326.0,0.016,0.031,0.046,0.06,0.073,0.086,0.098,0.11,0.121,0.132,0.142,0.151,0.201,0.236,0.262,0.279,0.296,0.297,0.29,0.277,0.262,0.246,0.23,0.167
320.0,327.0,0.016,0.032,0.047,0.061,0.075,0.088,0.1,0.112,0.123,0.134,0.144,0.154,0.203,0.239,0.264,0.281,0.297,0.297,0.288,0.275,0.259,0.243,0.227,0.164
320.0,328.0,0.017,0.032,0.048,0.062,0.076,0.089,0.102,0.114,0.125,0.136,0.146,0.156,0.205,0.241,0.266,0.283,0.297,0.296,0.287,0.273,0.257,0.24,0.224,0.161
320.0,329.0,0.017,0.033,0.048,0.063,0.077,0.09,0.103,0.115,0.127,0.138,0.148,0.158,0.208,0.243,0.268,0.284,0.298,0.296,0.285,0.271,0.254,0.238,0.221,0.158
320.0,330.0,0.017,0.034,0.049,0.064,0.078,0.092,0.105,0.117,0.128,0.14,0.15,0.16,0.21,0.245,0.27,0.285,0.298,0.295,0.284,0.269,0.252,0.235,0.219,0.156
320.0,331.0,0.017,0.034,0.05,0.065,0.079,0.093,0.106,0.118,0.13,0.141,0.152,0.162,0.212,0.247,0.271,0.286,0.298,0.295,0.283,0.267,0.25,0.233,0.216,0.154
320.0,332.0,0.018,0.035,0.051,0.066,0.08,0.094,0.107,0.12,0.132,0.143,0.153,0.164,0.214,0.249,0.272,0.287,0.298,0.294,0.282,0.265,0.248,0.231,0.214,0.152
321.0,322.0,0.014,0.028,0.041,0.053,0.065,0.077,0.088,0.099,0.109,0.119,0.128,0.137,0.184,0.22,0.248,0.267,0.291,0.298,0.296,0.288,0.276,0.263,0.249,0.187
321.0,323.0,0.014,0.028,0.042,0.054,0.067,0.078,0.09,0.101,0.111,0.121,0.131,0.14,0.187,0.224,0.25,0.27,0.292,0.298,0.295,0.286,0.274,0.26,0.246,0.183
321.0,324.0,0.015,0.029,0.043,0.056,0.068,0.08,0.092,0.103,0.113,0.123,0.133,0.142,0.19,0.226,0.253,0.272,0.293,0.298,0.294,0.284,0.271,0.257,0.242,0.179
321.0,325.0,0.015,0.03,0.043,0.057,0.069,0.082,0.093,0.105,0.115,0.126,0.136,0.145,0.193,0.229,0.256,0.274,0.294,0.298,0.293,0.282,0.269,0.254,0.239,0.176
321.0,326.0,0.015,0.03,0.044,0.058,0.071,0.083,0.095,0.107,0.117,0.128,0.138,0.147,0.196,0.232,0.258,0.276,0.295,0.298,0.292,0.28,0.266,0.251,0.236,0.173
321.0,327.0,0.016,0.031,0.045,0.059,0.072,0.085,0.097,0.108,0.119,0.13,0.14,0.149,0.198,0.234,0.26,0.278,0.296,0.298,0.291,0.279,0.264,0.248,0.233,0.17
321.0,328.0,0.016,0.031,0.046,0.06,0.073,0.086,0.098,0.11,0.121,0.132,0.142,0.152,0.201,0.237,0.262,0.279,0.296,0.297,0.29,0.277,0.262,0.246,0.23,0.167
321.0,329.0,0.016,0.032,0.047,0.061,0.074,0.087,0.1,0.112,0.123,0.134,0.144,0.154,0.203,0.239,0.264,0.281,0.297,0.297,0.288,0.275,0.259,0.243,0.228,0.164
321.0,330.0,0.017,0.032,0.047,0.062,0.076,0.089,0.101,0.113,0.125,0.135,0.146,0.155,0.205,0.241,0.266,0.282,0.297,0.297,0.287,0.273,0.257,0.241,0.225,0.162
321.0,331.0,0.017,0.033,0.048,0.063,0.077,0.09,0.103,0.115,0.126,0.137,0.147,0.157,0.207,0.243,0.267,0.283,0.298,0.296,0.286,0.271,0.255,0.239,0.223,0.159
321.0,332.0,0.017,0.033,0.049,0.064,0.078,0.091,0.104,0.116,0.128,0.139,0.149,0.159,0.209,0.244,0.269,0.285,0.298,0.296,0.285,0.27,0.253,0.236,0.22,0.157
321.0,333.0,0.017,0.034,0.049,0.064,0.079,0.092,0.105,0.117,0.129,0.14,0.151,0.161,0.21,0.246,0.27,0.286,0.298,0.295,0.284,0.268,0.251,0.234,0.218,0.155
322.0,323.0,0.014,0.028,0.042,0.054,0.067,0.078,0.09,0.101,0.111,0.121,0.131,0.14,0.187,0.224,0.25,0.27,0.292,0.298,0.295,0.286,0.274,0.26,0.246,0.183
322.0,324.0,0.015,0.029,0.042,0.056,0.068,0.08,0.092,0.103,0.113,0.123,0.133,0.142,0.19,0.226,0.253,0.272,0.293,0.298,0.294,0.284,0.271,0.257,0.243,0.18
322.0,325.0,0.015,0.029,0.043,0.057,0.069,0.082,0.093,0.104,0.115,0.125,0.135,0.145,0.193,0.229,0.255,0.274,0.294,0.298,0.293,0.282,0.269,0.254,0.24,0.176
322.0,326.0,0.015,0.03,0.044,0.058,0.071,0.083,0.095,0.106,0.117,0.127,0.137,0.147,0.195,0.231,0.258,0.276,0.295,0.298,0.292,0.281,0.267,0.252,0.237,0.173
322.0,327.0,0.016,0.031,0.045,0.059,0.072,0.084,0.096,0.108,0.119,0.129,0.139,0.149,0.198,0.234,0.26,0.278,0.296,0.298,0.291,0.279,0.264,0.249,0.234,0.17
322.0,328.0,0.016,0.031,0.046,0.06,0.073,0.086,0.098,0.109,0.121,0.131,0.141,0.151,0.2,0.236,0.262,0.279,0.296,0.298,0.29,0.277,0.262,0.247,0.231,0.168
322.0,329.0,0.016,0.032,0.046,0.061,0.074,0.087,0.099,0.111,0.122,0.133,0.143,0.153,0.202,0.238,0.263,0.28,0.297,0.297,0.289,0.276,0.26,0.244,0.228,0.165
322.0,330.0,0.016,0.032,0.047,0.061,0.075,0.088,0.101,0.112,0.124,0.135,0.145,0.155,0.204,0.24,0.265,0.282,0.297,0.297,0.288,0.274,0.258,0.242,0.226,0.163
322.0,331.0,0.017,0.033,0.048,0.062,0.076,0.089,0.102,0.114,0.125,0.136,0.146,0.156,0.206,0.242,0.266,0.283,0.297,0.296,0.287,0.272,0.256,0.24,0.224,0.161
322.0,332.0,0.017,0.033,0.048,0.063,0.077,0.09,0.103,0.115,0.127,0.138,0.148,0.158,0.208,0.243,0.268,0.284,0.298,0.296,0.286,0.271,0.254,0.238,0.222,0.159
322.0,333.0,0.017,0.033,0.049,0.064,0.078,0.091,0.104,0.116,0.128,0.139,0.15,0.159,0.209,0.245,0.269,0.285,0.298,0.295,0.284,0.269,0.253,0.236,0.22,0.157
322.0,334.0,0.017,0.034,0.05,0.064,0.079,0.092,0.105,0.118,0.129,0.14,0.151,0.161,0.211,0.246,0.27,0.286,0.298,0.295,0.283,0.268,0.251,0.234,0.218,0.155
323.0,324.0,0.015,0.029,0.042,0.055,0.068,0.08,0.091,0.102,0.112,0.123,0.132,0.142,0.189,0.225,0.252,0.271,0.293,0.298,0.294,0.285,0.272,0.258,0.244,0.181
323.0,325.0,0.015,0.029,0.043,0.056,0.069,0.081,0.093,0.104,0.115,0.125,0.135,0.144,0.192,0.228,0.255,0.274,0.294,0.298,0.293,0.283,0.27,0.255,0.24,0.177
323.0,326.0,0.015,0.03,0.044,0.057,0.07,0.083,0.095,0.106,0.117,0.127,0.137,0.146,0.195,0.231,0.257,0.275,0.295,0.298,0.292,0.281,0.267,0.252,0.237,0.174
323.0,327.0,0.016,0.031,0.045,0.059,0.072,0.084,0.096,0.108,0.119,0.129,0.139,0.149,0.197,0.233,0.259,0.277,0.295,0.298,0.291,0.279,0.265,0.249,0.234,0.171
323.0,328.0,0.016,0.031,0.046,0.06,0.073,0.086,0.098,0.109,0.12,0.131,0.141,0.151,0.2,0.236,0.261,0.279,0.296,0.298,0.29,0.277,0.262,0.247,0.231,0.168
323.0,329.0,0.016,0.032,0.046,0.061,0.074,0.087,0.099,0.111,0.122,0.133,0.143,0.153,0.202,0.238,0.263,0.28,0.297,0.297,0.289,0.276,0.26,0.244,0.228,0.165
323.0,330.0,0.016,0.032,0.047,0.061,0.075,0.088,0.101,0.113,0.124,0.135,0.145,0.155,0.204,0.24,0.265,0.282,0.297,0.297,0.288,0.274,0.258,0.242,0.226,0.163
323.0,331.0,0.017,0.033,0.048,0.062,0.076,0.089,0.102,0.114,0.126,0.136,0.147,0.157,0.206,0.242,0.267,0.283,0.297,0.296,0.286,0.272,0.256,0.239,0.223,0.16
323.0,332.0,0.017,0.033,0.049,0.063,0.077,0.091,0.103,0.116,0.127,0.138,0.149,0.158,0.208,0.244,0.268,0.284,0.298,0.296,0.285,0.27,0.254,0.237,0.221,0.158
323.0,333.0,0.017,0.034,0.049,0.064,0.078,0.092,0.105,0.117,0.129,0.14,0.15,0.16,0.21,0.245,0.27,0.285,0.298,0.295,0.284,0.269,0.252,0.235,0.219,0.156
323.0,334.0,0.017,0.034,0.05,0.065,0.079,0.093,0.106,0.118,0.13,0.141,0.152,0.162,0.212,0.247,0.271,0.286,0.298,0.295,0.283,0.267,0.25,0.233,0.217,0.154
323.0,335.0,0.018,0.034,0.05,0.066,0.08,0.094,0.107,0.119,0.131,0.142,0.153,0.163,0.213,0.248,0.272,0.287,0.298,0.294,0.282,0.266,0.248,0.231,0.215,0.152
324.0,325.0,0.014,0.028,0.041,0.054,0.066,0.077,0.089,0.099,0.11,0.12,0.129,0.138,0.185,0.222,0.249,0.268,0.291,0.298,0.296,0.287,0.275,0.262,0.248,0.186
324.0,326.0,0.014,0.028,0.042,0.055,0.067,0.079,0.09,0.101,0.112,0.122,0.131,0.14,0.188,0.224,0.251,0.27,0.292,0.298,0.295,0.286,0.273,0.259,0.245,0.182
324.0,327.0,0.015,0.029,0.043,0.056,0.068,0.08,0.092,0.103,0.113,0.123,0.133,0.143,0.19,0.227,0.253,0.272,0.293,0.298,0.294,0.284,0.271,0.257,0.242,0.179
324.0,328.0,0.015,0.029,0.043,0.057,0.069,0.081,0.093,0.104,0.115,0.125,0.135,0.145,0.193,0.229,0.255,0.274,0.294,0.298,0.293,0.283,0.269,0.254,0.24,0.176
324.0,329.0,0.015,0.03,0.044,0.057,0.07,0.083,0.095,0.106,0.117,0.127,0.137,0.146,0.195,0.231,0.257,0.276,0.295,0.298,0.292,0.281,0.267,0.252,0.237,0.174
324.0,330.0,0.016,0.03,0.045,0.058,0.071,0.084,0.096,0.107,0.118,0.129,0.139,0.148,0.197,0.233,0.259,0.277,0.295,0.298,0.291,0.279,0.265,0.25,0.235,0.171
324.0,331.0,0.016,0.031,0.045,0.059,0.072,0.085,0.097,0.109,0.12,0.13,0.14,0.15,0.199,0.235,0.261,0.278,0.296,0.298,0.29,0.278,0.263,0.248,0.232,0.169
324.0,332.0,0.016,0.031,0.046,0.06,0.073,0.086,0.098,0.11,0.121,0.132,0.142,0.152,0.201,0.237,0.262,0.28,0.296,0.297,0.289,0.276,0.261,0.245,0.23,0.167
324.0,333.0,0.016,0.032,0.047,0.061,0.074,0.087,0.1,0.111,0.123,0.133,0.144,0.153,0.203,0.239,0.264,0.281,0.297,0.297,0.288,0.275,0.26,0.243,0.228,0.164
324.0,334.0,0.016,0.032,0.047,0.062,0.075,0.088,0.101,0.113,0.124,0.135,0.145,0.155,0.204,0.24,0.265,0.282,0.297,0.297,0.287,0.274,0.258,0.242,0.226,0.162
324.0,335.0,0.017,0.033,0.048,0.062,0.076,0.089,0.102,0.114,0.125,0.136,0.147,0.156,0.206,0.242,0.266,0.283,0.297,0.296,0.287,0.272,0.256,0.24,0.224,0.161
324.0,336.0,0.017,0.033,0.048,0.063,0.077,0.09,0.103,0.115,0.126,0.137,0.148,0.158,0.207,0.243,0.268,0.284,0.298,0.296,0.286,0.271,0.255,0.238,0.222,0.159
325.0,326.0,0.013,0.026,0.039,0.051,0.062,0.073,0.084,0.094,0.104,0.114,0.123,0.132,0.178,0.214,0.241,0.262,0.287,0.297,0.298,0.291,0.281,0.27,0.257,0.195
325.0,327.0,0.014,0.027,0.04,0.052,0.064,0.075,0.086,0.096,0.106,0.116,0.125,0.134,0.181,0.217,0.244,0.265,0.289,0.298,0.297,0.29,0.279,0.267,0.253,0.191
325.0,328.0,0.014,0.027,0.04,0.053,0.065,0.076,0.088,0.098,0.108,0.118,0.128,0.137,0.184,0.22,0.247,0.267,0.29,0.298,0.296,0.288,0.277,0.264,0.25,0.188
325.0,329.0,0.014,0.028,0.041,0.054,0.066,0.078,0.089,0.1,0.11,0.12,0.13,0.139,0.187,0.223,0.25,0.269,0.292,0.298,0.295,0.287,0.275,0.261,0.247,0.184
325.0,330.0,0.015,0.029,0.042,0.055,0.068,0.079,0.091,0.102,0.112,0.123,0.132,0.141,0.189,0.225,0.252,0.271,0.293,0.298,0.295,0.285,0.272,0.258,0.244,0.181
325.0,331.0,0.015,0.029,0.043,0.056,0.069,0.081,0.093,0.104,0.114,0.125,0.134,0.144,0.192,0.228,0.254,0.273,0.294,0.298,0.294,0.283,0.27,0.256,0.241,0.178
325.0,332.0,0.015,0.03,0.044,0.057,0.07,0.082,0.094,0.105,0.116,0.126,0.136,0.146,0.194,0.23,0.257,0.275,0.294,0.298,0.293,0.282,0.268,0.253,0.238,0.175
325.0,333.0,0.015,0.03,0.044,0.058,0.071,0.084,0.096,0.107,0.118,0.128,0.138,0.148,0.196,0.232,0.259,0.277,0.295,0.298,0.292,0.28,0.266,0.25,0.235,0.172
325.0,334.0,0.016,0.031,0.045,0.059,0.072,0.085,0.097,0.108,0.12,0.13,0.14,0.15,0.199,0.235,0.26,0.278,0.296,0.298,0.291,0.278,0.264,0.248,0.233,0.169
325.0,335.0,0.016,0.031,0.046,0.06,0.073,0.086,0.098,0.11,0.121,0.132,0.142,0.152,0.201,0.237,0.262,0.279,0.296,0.297,0.29,0.277,0.262,0.246,0.23,0.167
325.0,336.0,0.016,0.032,0.047,0.061,0.074,0.087,0.1,0.111,0.123,0.133,0.144,0.153,0.202,0.238,0.264,0.281,0.297,0.297,0.289,0.275,0.26,0.244,0.228,0.165
325.0,337.0,0.016,0.032,0.047,0.062,0.075,0.088,0.101,0.113,0.124,0.135,0.145,0.155,0.204,0.24,0.265,0.282,0.297,0.297,0.288,0.274,0.258,0.242,0.226,0.162
326.0,327.0,0.013,0.026,0.038,0.049,0.061,0.072,0.082,0.092,0.102,0.111,0.12,0.129,0.175,0.211,0.238,0.259,0.286,0.297,0.298,0.293,0.284,0.272,0.26,0.199
326.0,328.0,0.013,0.026,0.039,0.051,0.062,0.073,0.084,0.094,0.104,0.114,0.123,0.132,0.178,0.214,0.241,0.262,0.287,0.297,0.297,0.291,0.281,0.269,0.256,0.195
326.0,329.0,0.014,0.027,0.04,0.052,0.064,0.075,0.086,0.096,0.106,0.116,0.125,0.134,0.181,0.217,0.245,0.265,0.289,0.298,0.297,0.29,0.279,0.266,0.253,0.191
326.0,330.0,0.014,0.028,0.041,0.053,0.065,0.077,0.088,0.098,0.109,0.119,0.128,0.137,0.184,0.22,0.247,0.267,0.29,0.298,0.296,0.288,0.277,0.263,0.25,0.187
326.0,331.0,0.014,0.028,0.041,0.054,0.066,0.078,0.09,0.1,0.111,0.121,0.13,0.14,0.187,0.223,0.25,0.27,0.292,0.298,0.295,0.286,0.274,0.26,0.246,0.184
326.0,332.0,0.015,0.029,0.042,0.055,0.068,0.08,0.091,0.102,0.113,0.123,0.133,0.142,0.19,0.226,0.253,0.272,0.293,0.298,0.294,0.285,0.272,0.258,0.243,0.18
326.0,333.0,0.015,0.029,0.043,0.056,0.069,0.081,0.093,0.104,0.115,0.125,0.135,0.144,0.192,0.228,0.255,0.274,0.294,0.298,0.293,0.283,0.269,0.255,0.24,0.177
326.0,334.0,0.015,0.03,0.044,0.057,0.07,0.083,0.094,0.106,0.117,0.127,0.137,0.146,0.195,0.231,0.257,0.275,0.295,0.298,0.292,0.281,0.267,0.252,0.237,0.174
326.0,335.0,0.016,0.03,0.045,0.058,0.072,0.084,0.096,0.107,0.118,0.129,0.139,0.148,0.197,0.233,0.259,0.277,0.295,0.298,0.291,0.279,0.265,0.25,0.234,0.171
326.0,336.0,0.016,0.031,0.045,0.059,0.073,0.085,0.097,0.109,0.12,0.131,0.141,0.15,0.199,0.235,0.261,0.279,0.296,0.298,0.29,0.278,0.263,0.247,0.232,0.168
326.0,337.0,0.016,0.031,0.046,0.06,0.074,0.087,0.099,0.111,0.122,0.132,0.143,0.152,0.201,0.237,0.263,0.28,0.297,0.297,0.289,0.276,0.261,0.245,0.229,0.166
326.0,338.0,0.016,0.032,0.047,0.061,0.075,0.088,0.1,0.112,0.123,0.134,0.144,0.154,0.203,0.239,0.265,0.281,0.297,0.297,0.288,0.274,0.259,0.242,0.227,0.163
327.0,328.0,0.013,0.026,0.038,0.05,0.061,0.072,0.082,0.093,0.102,0.112,0.121,0.13,0.175,0.211,0.239,0.26,0.286,0.297,0.298,0.292,0.283,0.272,0.259,0.198
327.0,329.0,0.013,0.026,0.039,0.051,0.062,0.074,0.084,0.095,0.105,0.114,0.123,0.132,0.179,0.215,0.242,0.263,0.288,0.298,0.297,0.291,0.281,0.269,0.256,0.194
327.0,330.0,0.014,0.027,0.04,0.052,0.064,0.075,0.086,0.097,0.107,0.117,0.126,0.135,0.182,0.218,0.245,0.265,0.289,0.298,0.297,0.289,0.278,0.266,0.252,0.19
327.0,331.0,0.014,0.028,0.041,0.053,0.065,0.077,0.088,0.099,0.109,0.119,0.128,0.138,0.185,0.221,0.248,0.268,0.291,0.298,0.296,0.288,0.276,0.263,0.249,0.186
327.0,332.0,0.014,0.028,0.042,0.054,0.067,0.079,0.09,0.101,0.111,0.121,0.131,0.14,0.187,0.224,0.251,0.27,0.292,0.298,0.295,0.286,0.274,0.26,0.246,0.183
327.0,333.0,0.015,0.029,0.042,0.056,0.068,0.08,0.092,0.103,0.113,0.123,0.133,0.142,0.19,0.226,0.253,0.272,0.293,0.298,0.294,0.284,0.271,0.257,0.243,0.18
327.0,334.0,0.015,0.029,0.043,0.057,0.069,0.081,0.093,0.104,0.115,0.125,0.135,0.145,0.193,0.229,0.255,0.274,0.294,0.298,0.293,0.283,0.269,0.254,0.24,0.176
327.0,335.0,0.015,0.03,0.044,0.058,0.07,0.083,0.095,0.106,0.117,0.127,0.137,0.147,0.195,0.231,0.257,0.276,0.295,0.298,0.292,0.281,0.267,0.252,0.237,0.173
327.0,336.0,0.016,0.031,0.045,0.059,0.072,0.084,0.096,0.108,0.119,0.129,0.139,0.149,0.197,0.233,0.259,0.277,0.295,0.298,0.291,0.279,0.265,0.249,0.234,0.171
327.0,337.0,0.016,0.031,0.046,0.059,0.073,0.085,0.098,0.109,0.12,0.131,0.141,0.151,0.2,0.236,0.261,0.279,0.296,0.298,0.29,0.278,0.263,0.247,0.231,0.168
327.0,338.0,0.016,0.032,0.046,0.06,0.074,0.087,0.099,0.111,0.122,0.133,0.143,0.152,0.202,0.238,0.263,0.28,0.297,0.297,0.289,0.276,0.261,0.245,0.229,0.166
327.0,339.0,0.016,0.032,0.047,0.061,0.075,0.088,0.1,0.112,0.123,0.134,0.144,0.154,0.204,0.239,0.265,0.281,0.297,0.297,0.288,0.274,0.259,0.242,0.227,0.163
328.0,329.0,0.013,0.025,0.037,0.048,0.059,0.07,0.08,0.09,0.1,0.109,0.118,0.127,0.172,0.208,0.236,0.257,0.284,0.296,0.298,0.294,0.285,0.275,0.263,0.203
328.0,330.0,0.013,0.026,0.038,0.05,0.061,0.072,0.082,0.092,0.102,0.112,0.121,0.129,0.175,0.211,0.239,0.26,0.286,0.297,0.298,0.293,0.283,0.272,0.259,0.199
328.0,331.0,0.013,0.026,0.039,0.051,0.062,0.073,0.084,0.094,0.104,0.114,0.123,0.132,0.178,0.214,0.242,0.262,0.287,0.297,0.297,0.291,0.281,0.269,0.256,0.195
328.0,332.0,0.014,0.027,0.04,0.052,0.064,0.075,0.086,0.096,0.106,0.116,0.125,0.134,0.181,0.217,0.244,0.265,0.289,0.298,0.297,0.29,0.279,0.267,0.253,0.191
328.0,333.0,0.014,0.027,0.04,0.053,0.065,0.076,0.087,0.098,0.108,0.118,0.127,0.137,0.183,0.22,0.247,0.267,0.29,0.298,0.296,0.288,0.277,0.264,0.25,0.188
328.0,334.0,0.014,0.028,0.041,0.054,0.066,0.078,0.089,0.1,0.11,0.12,0.13,0.139,0.186,0.222,0.249,0.269,0.291,0.298,0.296,0.287,0.275,0.261,0.247,0.185
328.0,335.0,0.015,0.029,0.042,0.055,0.067,0.079,0.091,0.101,0.112,0.122,0.132,0.141,0.189,0.225,0.252,0.271,0.292,0.298,0.295,0.285,0.273,0.259,0.244,0.182
328.0,336.0,0.015,0.029,0.043,0.056,0.068,0.08,0.092,0.103,0.114,0.124,0.134,0.143,0.191,0.227,0.254,0.273,0.293,0.298,0.294,0.284,0.271,0.256,0.242,0.179
328.0,337.0,0.015,0.03,0.043,0.057,0.069,0.082,0.093,0.105,0.115,0.126,0.136,0.145,0.193,0.229,0.256,0.274,0.294,0.298,0.293,0.282,0.269,0.254,0.239,0.176
328.0,338.0,0.015,0.03,0.044,0.058,0.071,0.083,0.095,0.106,0.117,0.127,0.137,0.147,0.195,0.231,0.258,0.276,0.295,0.298,0.292,0.281,0.267,0.252,0.237,0.173
328.0,339.0,0.016,0.03,0.045,0.058,0.072,0.084,0.096,0.108,0.119,0.129,0.139,0.149,0.197,0.233,0.259,0.277,0.295,0.298,0.291,0.279,0.265,0.249,0.234,0.171
328.0,340.0,0.016,0.031,0.045,0.059,0.073,0.085,0.097,0.109,0.12,0.131,0.141,0.15,0.199,0.235,0.261,0.279,0.296,0.298,0.29,0.278,0.263,0.247,0.232,0.168
329.0,330.0,0.012,0.024,0.035,0.047,0.057,0.068,0.078,0.087,0.096,0.105,0.114,0.123,0.167,0.202,0.23,0.252,0.281,0.295,0.298,0.296,0.289,0.279,0.268,0.21
329.0,331.0,0.013,0.025,0.036,0.048,0.058,0.069,0.079,0.089,0.098,0.108,0.116,0.125,0.17,0.205,0.233,0.255,0.282,0.295,0.298,0.295,0.287,0.277,0.265,0.206
329.0,332.0,0.013,0.025,0.037,0.049,0.06,0.07,0.081,0.091,0.1,0.11,0.118,0.127,0.172,0.208,0.236,0.257,0.284,0.296,0.298,0.294,0.285,0.274,0.262,0.202
329.0,333.0,0.013,0.026,0.038,0.05,0.061,0.072,0.082,0.092,0.102,0.111,0.121,0.129,0.175,0.211,0.239,0.259,0.286,0.297,0.298,0.293,0.283,0.272,0.26,0.199
329.0,334.0,0.013,0.026,0.039,0.05,0.062,0.073,0.084,0.094,0.104,0.113,0.123,0.131,0.177,0.213,0.241,0.262,0.287,0.297,0.298,0.292,0.282,0.27,0.257,0.196
329.0,335.0,0.014,0.027,0.039,0.051,0.063,0.074,0.085,0.096,0.106,0.115,0.124,0.133,0.18,0.216,0.243,0.264,0.288,0.298,0.297,0.29,0.28,0.268,0.254,0.193
329.0,336.0,0.014,0.027,0.04,0.052,0.064,0.076,0.087,0.097,0.107,0.117,0.126,0.135,0.182,0.218,0.246,0.266,0.29,0.298,0.297,0.289,0.278,0.265,0.252,0.19
329.0,337.0,0.014,0.028,0.041,0.053,0.065,0.077,0.088,0.099,0.109,0.119,0.128,0.137,0.184,0.221,0.248,0.268,0.291,0.298,0.296,0.288,0.276,0.263,0.249,0.187
329.0,338.0,0.014,0.028,0.041,0.054,0.066,0.078,0.089,0.1,0.11,0.12,0.13,0.139,0.187,0.223,0.25,0.269,0.292,0.298,0.295,0.287,0.275,0.261,0.247,0.184
329.0,339.0,0.015,0.029,0.042,0.055,0.067,0.079,0.091,0.101,0.112,0.122,0.132,0.141,0.189,0.225,0.252,0.271,0.292,0.298,0.295,0.285,0.273,0.259,0.244,0.182
329.0,340.0,0.015,0.029,0.043,0.056,0.068,0.08,0.092,0.103,0.113,0.124,0.133,0.143,0.191,0.227,0.253,0.272,0.293,0.298,0.294,0.284,0.271,0.257,0.242,0.179
329.0,341.0,0.015,0.029,0.043,0.056,0.069,0.081,0.093,0.104,0.115,0.125,0.135,0.144,0.192,0.229,0.255,0.274,0.294,0.298,0.293,0.283,0.269,0.255,0.24,0.177
330.0,331.0,0.012,0.023,0.034,0.045,0.055,0.065,0.075,0.084,0.093,0.102,0.111,0.119,0.162,0.198,0.226,0.248,0.278,0.293,0.298,0.297,0.291,0.282,0.272,0.216
330.0,332.0,0.012,0.024,0.035,0.046,0.057,0.067,0.077,0.086,0.095,0.104,0.113,0.121,0.165,0.201,0.229,0.251,0.28,0.294,0.298,0.296,0.289,0.28,0.269,0.212
330.0,333.0,0.012,0.024,0.036,0.047,0.058,0.068,0.078,0.088,0.097,0.106,0.115,0.123,0.168,0.204,0.232,0.253,0.281,0.295,0.298,0.295,0.288,0.278,0.267,0.208
330.0,334.0,0.013,0.025,0.037,0.048,0.059,0.07,0.08,0.09,0.099,0.108,0.117,0.126,0.171,0.206,0.234,0.256,0.283,0.296,0.298,0.294,0.286,0.276,0.264,0.205
330.0,335.0,0.013,0.025,0.037,0.049,0.06,0.071,0.081,0.091,0.101,0.11,0.119,0.128,0.173,0.209,0.237,0.258,0.285,0.296,0.298,0.293,0.285,0.273,0.261,0.201
330.0,336.0,0.013,0.026,0.038,0.05,0.061,0.072,0.083,0.093,0.103,0.112,0.121,0.13,0.176,0.212,0.239,0.26,0.286,0.297,0.298,0.292,0.283,0.271,0.259,0.198
330.0,337.0,0.013,0.026,0.039,0.051,0.062,0.073,0.084,0.094,0.104,0.114,0.123,0.132,0.178,0.214,0.242,0.262,0.288,0.297,0.297,0.291,0.281,0.269,0.256,0.195
330.0,338.0,0.014,0.027,0.039,0.052,0.063,0.075,0.086,0.096,0.106,0.116,0.125,0.134,0.181,0.217,0.244,0.264,0.289,0.298,0.297,0.29,0.279,0.267,0.253,0.192
330.0,339.0,0.014,0.027,0.04,0.053,0.064,0.076,0.087,0.098,0.108,0.117,0.127,0.136,0.183,0.219,0.246,0.266,0.29,0.298,0.296,0.289,0.278,0.265,0.251,0.189
330.0,340.0,0.014,0.028,0.041,0.053,0.065,0.077,0.088,0.099,0.109,0.119,0.129,0.138,0.185,0.221,0.248,0.268,0.291,0.298,0.296,0.288,0.276,0.263,0.249,0.186
330.0,341.0,0.014,0.028,0.041,0.054,0.066,0.078,0.09,0.1,0.111,0.121,0.13,0.14,0.187,0.223,0.25,0.27,0.292,0.298,0.295,0.286,0.274,0.26,0.246,0.184
330.0,342.0,0.015,0.029,0.042,0.055,0.067,0.079,0.091,0.102,0.112,0.122,0.132,0.141,0.189,0.225,0.252,0.271,0.293,0.298,0.295,0.285,0.272,0.258,0.244,0.181
331.0,332.0,0.011,0.023,0.033,0.044,0.054,0.064,0.073,0.082,0.091,0.1,0.108,0.116,0.159,0.194,0.222,0.245,0.275,0.292,0.298,0.297,0.292,0.285,0.275,0.22
331.0,333.0,0.012,0.023,0.034,0.045,0.055,0.065,0.074,0.084,0.093,0.102,0.11,0.118,0.162,0.197,0.225,0.247,0.277,0.292,0.298,0.297,0.291,0.283,0.273,0.217
331.0,334.0,0.012,0.023,0.035,0.045,0.056,0.066,0.076,0.085,0.094,0.103,0.112,0.12,0.164,0.199,0.227,0.249,0.278,0.293,0.298,0.297,0.29,0.281,0.271,0.214
331.0,335.0,0.012,0.024,0.035,0.046,0.057,0.067,0.077,0.087,0.096,0.105,0.113,0.122,0.166,0.201,0.229,0.251,0.28,0.294,0.298,0.296,0.289,0.28,0.269,0.211
331.0,336.0,0.012,0.024,0.036,0.047,0.058,0.068,0.078,0.088,0.097,0.106,0.115,0.123,0.168,0.203,0.231,0.253,0.281,0.295,0.298,0.295,0.288,0.278,0.267,0.208
331.0,337.0,0.013,0.025,0.036,0.048,0.059,0.069,0.079,0.089,0.099,0.108,0.117,0.125,0.17,0.206,0.234,0.255,0.283,0.296,0.298,0.295,0.287,0.276,0.265,0.206
331.0,338.0,0.013,0.025,0.037,0.048,0.059,0.07,0.08,0.09,0.1,0.109,0.118,0.127,0.172,0.208,0.235,0.257,0.284,0.296,0.298,0.294,0.286,0.275,0.263,0.203
331.0,339.0,0.013,0.025,0.037,0.049,0.06,0.071,0.082,0.092,0.101,0.111,0.12,0.128,0.174,0.21,0.237,0.258,0.285,0.297,0.298,0.293,0.284,0.273,0.261,0.201
331.0,340.0,0.013,0.026,0.038,0.05,0.061,0.072,0.083,0.093,0.103,0.112,0.121,0.13,0.176,0.211,0.239,0.26,0.286,0.297,0.298,0.292,0.283,0.271,0.259,0.198
331.0,341.0,0.013,0.026,0.039,0.05,0.062,0.073,0.084,0.094,0.104,0.113,0.122,0.131,0.177,0.213,0.241,0.262,0.287,0.297,0.298,0.292,0.282,0.27,0.257,0.196
331.0,342.0,0.013,0.026,0.039,0.051,0.063,0.074,0.085,0.095,0.105,0.115,0.124,0.133,0.179,0.215,0.243,0.263,0.288,0.298,0.297,0.291,0.28,0.268,0.255,0.194
331.0,343.0,0.014,0.027,0.04,0.052,0.063,0.075,0.086,0.096,0.106,0.116,0.125,0.134,0.181,0.217,0.244,0.264,0.289,0.298,0.297,0.29,0.279,0.267,0.253,0.192
332.0,333.0,0.011,0.022,0.033,0.043,0.053,0.063,0.073,0.082,0.091,0.099,0.107,0.115,0.158,0.193,0.221,0.243,0.274,0.291,0.298,0.298,0.293,0.285,0.276,0.221
332.0,334.0,0.012,0.023,0.034,0.044,0.054,0.064,0.074,0.083,0.092,0.101,0.109,0.117,0.16,0.195,0.224,0.246,0.276,0.292,0.298,0.297,0.292,0.284,0.274,0.218
332.0,335.0,0.012,0.023,0.034,0.045,0.055,0.065,0.075,0.084,0.093,0.102,0.111,0.119,0.163,0.198,0.226,0.248,0.278,0.293,0.298,0.297,0.291,0.282,0.272,0.215
332.0,336.0,0.012,0.024,0.035,0.046,0.056,0.066,0.076,0.086,0.095,0.104,0.112,0.121,0.165,0.2,0.228,0.25,0.279,0.294,0.298,0.296,0.29,0.281,0.27,0.213
332.0,337.0,0.012,0.024,0.035,0.046,0.057,0.067,0.077,0.087,0.096,0.105,0.114,0.122,0.167,0.202,0.23,0.252,0.281,0.294,0.298,0.296,0.289,0.279,0.268,0.21
332.0,338.0,0.012,0.024,0.036,0.047,0.058,0.068,0.079,0.088,0.098,0.107,0.116,0.124,0.169,0.204,0.232,0.254,0.282,0.295,0.298,0.295,0.287,0.277,0.266,0.207
332.0,339.0,0.013,0.025,0.037,0.048,0.059,0.07,0.08,0.09,0.099,0.108,0.117,0.126,0.171,0.206,0.234,0.256,0.283,0.296,0.298,0.294,0.286,0.276,0.264,0.205
332.0,340.0,0.013,0.025,0.037,0.049,0.06,0.07,0.081,0.091,0.1,0.11,0.119,0.127,0.173,0.208,0.236,0.257,0.284,0.296,0.298,0.294,0.285,0.274,0.262,0.202
332.0,341.0,0.013,0.026,0.038,0.049,0.061,0.071,0.082,0.092,0.102,0.111,0.12,0.129,0.174,0.21,0.238,0.259,0.285,0.297,0.298,0.293,0.284,0.272,0.26,0.2
332.0,342.0,0.013,0.026,0.038,0.05,0.061,0.072,0.083,0.093,0.103,0.112,0.122,0.13,0.176,0.212,0.24,0.261,0.286,0.297,0.298,0.292,0.283,0.271,0.258,0.197
332.0,343.0,0.013,0.026,0.039,0.051,0.062,0.073,0.084,0.094,0.104,0.114,0.123,0.132,0.178,0.214,0.242,0.262,0.287,0.297,0.297,0.291,0.281,0.269,0.256,0.195
332.0,344.0,0.014,0.027,0.039,0.051,0.063,0.074,0.085,0.095,0.105,0.115,0.124,0.133,0.18,0.216,0.243,0.264,0.288,0.298,0.297,0.29,0.28,0.268,0.254,0.193
333.0,334.0,0.011,0.022,0.032,0.043,0.052,0.062,0.071,0.08,0.089,0.097,0.106,0.114,0.156,0.191,0.219,0.241,0.272,0.29,0.297,0.298,0.294,0.287,0.278,0.224
333.0,335.0,0.011,0.022,0.033,0.043,0.053,0.063,0.073,0.082,0.091,0.099,0.107,0.115,0.158,0.193,0.221,0.244,0.274,0.291,0.298,0.298,0.293,0.285,0.276,0.221
333.0,336.0,0.012,0.023,0.034,0.044,0.054,0.064,0.074,0.083,0.092,0.101,0.109,0.117,0.16,0.195,0.224,0.246,0.276,0.292,0.298,0.297,0.292,0.284,0.274,0.218
333.0,337.0,0.012,0.023,0.034,0.045,0.055,0.065,0.075,0.084,0.093,0.102,0.111,0.119,0.163,0.198,0.226,0.248,0.278,0.293,0.298,0.297,0.291,0.282,0.272,0.215
333.0,338.0,0.012,0.024,0.035,0.046,0.056,0.066,0.076,0.086,0.095,0.104,0.112,0.121,0.165,0.2,0.228,0.25,0.279,0.294,0.298,0.296,0.29,0.281,0.27,0.213
333.0,339.0,0.012,0.024,0.035,0.046,0.057,0.067,0.077,0.087,0.096,0.105,0.114,0.122,0.167,0.202,0.23,0.252,0.281,0.294,0.298,0.296,0.289,0.279,0.268,0.21
333.0,340.0,0.012,0.024,0.036,0.047,0.058,0.068,0.079,0.088,0.098,0.107,0.116,0.124,0.169,0.204,0.232,0.254,0.282,0.295,0.298,0.295,0.288,0.277,0.266,0.207
333.0,341.0,0.013,0.025,0.037,0.048,0.059,0.069,0.08,0.09,0.099,0.108,0.117,0.126,0.171,0.206,0.234,0.256,0.283,0.296,0.298,0.294,0.286,0.276,0.264,0.205
333.0,342.0,0.013,0.025,0.037,0.049,0.06,0.07,0.081,0.091,0.1,0.11,0.119,0.127,0.173,0.208,0.236,0.257,0.284,0.296,0.298,0.294,0.285,0.274,0.262,0.202
333.0,343.0,0.013,0.026,0.038,0.049,0.061,0.071,0.082,0.092,0.102,0.111,0.12,0.129,0.174,0.21,0.238,0.259,0.285,0.297,0.298,0.293,0.284,0.273,0.26,0.2
333.0,344.0,0.013,0.026,0.038,0.05,0.061,0.072,0.083,0.093,0.103,0.112,0.121,0.13,0.176,0.212,0.24,0.261,0.286,0.297,0.298,0.292,0.283,0.271,0.258,0.198
333.0,345.0,0.013,0.026,0.039,0.051,0.062,0.073,0.084,0.094,0.104,0.114,0.123,0.132,0.178,0.214,0.241,0.262,0.287,0.297,0.298,0.291,0.281,0.269,0.256,0.195
334.0,335.0,0.011,0.022,0.033,0.044,0.054,0.063,0.073,0.082,0.091,0.099,0.108,0.116,0.159,0.194,0.222,0.244,0.275,0.291,0.298,0.298,0.293,0.285,0.275,0.221
334.0,336.0,0.012,0.023,0.034,0.045,0.055,0.065,0.074,0.084,0.093,0.102,0.11,0.118,0.162,0.197,0.225,0.247,0.277,0.292,0.298,0.297,0.291,0.283,0.273,0.217
334.0,337.0,0.012,0.024,0.035,0.046,0.056,0.066,0.076,0.086,0.095,0.104,0.112,0.12,0.164,0.2,0.228,0.25,0.279,0.294,0.298,0.296,0.29,0.281,0.27,0.213
334.0,338.0,0.012,0.024,0.036,0.047,0.057,0.068,0.078,0.087,0.097,0.106,0.114,0.123,0.167,0.203,0.231,0.252,0.281,0.295,0.298,0.296,0.288,0.279,0.267,0.209
334.0,339.0,0.013,0.025,0.036,0.048,0.059,0.069,0.079,0.089,0.099,0.108,0.116,0.125,0.17,0.206,0.233,0.255,0.283,0.295,0.298,0.295,0.287,0.276,0.265,0.206
334.0,340.0,0.013,0.025,0.037,0.049,0.06,0.07,0.081,0.091,0.1,0.11,0.119,0.127,0.172,0.208,0.236,0.257,0.284,0.296,0.298,0.294,0.285,0.274,0.262,0.202
334.0,341.0,0.013,0.026,0.038,0.05,0.061,0.072,0.082,0.092,0.102,0.112,0.121,0.129,0.175,0.211,0.239,0.26,0.286,0.297,0.298,0.293,0.283,0.272,0.259,0.199
334.0,342.0,0.013,0.026,0.039,0.05,0.062,0.073,0.084,0.094,0.104,0.113,0.123,0.131,0.177,0.213,0.241,0.262,0.287,0.297,0.298,0.291,0.282,0.27,0.257,0.196
334.0,343.0,0.014,0.027,0.039,0.051,0.063,0.074,0.085,0.096,0.106,0.115,0.125,0.133,0.18,0.216,0.243,0.264,0.288,0.298,0.297,0.29,0.28,0.267,0.254,0.193
334.0,344.0,0.014,0.027,0.04,0.052,0.064,0.076,0.087,0.097,0.107,0.117,0.126,0.135,0.182,0.218,0.246,0.266,0.29,0.298,0.297,0.289,0.278,0.265,0.252,0.19
334.0,345.0,0.014,0.028,0.041,0.053,0.065,0.077,0.088,0.099,0.109,0.119,0.128,0.137,0.184,0.22,0.248,0.268,0.291,0.298,0.296,0.288,0.276,0.263,0.249,0.187
334.0,346.0,0.014,0.028,0.041,0.054,0.066,0.078,0.089,0.1,0.11,0.12,0.13,0.139,0.187,0.223,0.25,0.269,0.292,0.298,0.295,0.287,0.275,0.261,0.247,0.184
335.0,336.0,0.011,0.022,0.032,0.042,0.052,0.062,0.071,0.08,0.088,0.097,0.105,0.113,0.155,0.19,0.218,0.24,0.272,0.289,0.297,0.298,0.294,0.287,0.279,0.226
335.0,337.0,0.011,0.022,0.033,0.043,0.053,0.063,0.072,0.081,0.09,0.098,0.107,0.115,0.157,0.192,0.22,0.243,0.274,0.291,0.298,0.298,0.293,0.286,0.276,0.222
335.0,338.0,0.012,0.023,0.033,0.044,0.054,0.064,0.073,0.083,0.092,0.1,0.109,0.117,0.16,0.195,0.223,0.245,0.275,0.292,0.298,0.297,0.292,0.284,0.274,0.219
335.0,339.0,0.012,0.023,0.034,0.045,0.055,0.065,0.075,0.084,0.093,0.102,0.11,0.118,0.162,0.197,0.225,0.247,0.277,0.293,0.298,0.297,0.291,0.283,0.272,0.216
335.0,340.0,0.012,0.024,0.035,0.046,0.056,0.066,0.076,0.085,0.095,0.104,0.112,0.12,0.164,0.2,0.228,0.25,0.279,0.294,0.298,0.296,0.29,0.281,0.27,0.213
335.0,341.0,0.012,0.024,0.035,0.046,0.057,0.067,0.077,0.087,0.096,0.105,0.114,0.122,0.166,0.202,0.23,0.252,0.28,0.294,0.298,0.296,0.289,0.279,0.268,0.21
335.0,342.0,0.012,0.024,0.036,0.047,0.058,0.068,0.078,0.088,0.098,0.107,0.115,0.124,0.169,0.204,0.232,0.254,0.282,0.295,0.298,0.295,0.288,0.277,0.266,0.207
335.0,343.0,0.013,0.025,0.037,0.048,0.059,0.069,0.08,0.09,0.099,0.108,0.117,0.126,0.171,0.206,0.234,0.256,0.283,0.296,0.298,0.294,0.286,0.276,0.264,0.205
335.0,344.0,0.013,0.025,0.037,0.049,0.06,0.071,0.081,0.091,0.1,0.11,0.119,0.127,0.173,0.208,0.236,0.257,0.284,0.296,0.298,0.294,0.285,0.274,0.262,0.202
335.0,345.0,0.013,0.026,0.038,0.049,0.061,0.072,0.082,0.092,0.102,0.111,0.12,0.129,0.175,0.21,0.238,0.259,0.286,0.297,0.298,0.293,0.284,0.272,0.26,0.199
335.0,346.0,0.013,0.026,0.038,0.05,0.062,0.073,0.083,0.093,0.103,0.113,0.122,0.131,0.177,0.212,0.24,0.261,0.287,0.297,0.298,0.292,0.282,0.271,0.258,0.197
335.0,347.0,0.013,0.026,0.039,0.051,0.062,0.074,0.084,0.095,0.105,0.114,0.123,0.132,0.178,0.214,0.242,0.262,0.288,0.297,0.297,0.291,0.281,0.269,0.256,0.195
336.0,337.0,0.011,0.022,0.032,0.043,0.052,0.062,0.071,0.08,0.089,0.097,0.106,0.114,0.156,0.191,0.219,0.241,0.272,0.29,0.297,0.298,0.294,0.287,0.278,0.224
336.0,338.0,0.011,0.022,0.033,0.044,0.054,0.063,0.073,0.082,0.091,0.099,0.108,0.116,0.159,0.193,0.222,0.244,0.274,0.291,0.298,0.298,0.293,0.285,0.275,0.221
336.0,339.0,0.012,0.023,0.034,0.044,0.055,0.065,0.074,0.083,0.092,0.101,0.11,0.118,0.161,0.196,0.224,0.246,0.276,0.292,0.298,0.297,0.292,0.283,0.273,0.218
336.0,340.0,0.012,0.023,0.034,0.045,0.056,0.066,0.076,0.085,0.094,0.103,0.111,0.12,0.163,0.199,0.227,0.249,0.278,0.293,0.298,0.297,0.29,0.282,0.271,0.214
336.0,341.0,0.012,0.024,0.035,0.046,0.057,0.067,0.077,0.086,0.096,0.105,0.113,0.122,0.166,0.201,0.229,0.251,0.28,0.294,0.298,0.296,0.289,0.28,0.269,0.211
336.0,342.0,0.012,0.024,0.036,0.047,0.058,0.068,0.078,0.088,0.097,0.106,0.115,0.124,0.168,0.204,0.232,0.253,0.281,0.295,0.298,0.295,0.288,0.278,0.266,0.208
336.0,343.0,0.013,0.025,0.036,0.048,0.059,0.069,0.079,0.089,0.099,0.108,0.117,0.125,0.17,0.206,0.234,0.255,0.283,0.296,0.298,0.294,0.287,0.276,0.264,0.205
336.0,344.0,0.013,0.025,0.037,0.049,0.06,0.07,0.081,0.091,0.1,0.11,0.119,0.127,0.172,0.208,0.236,0.257,0.284,0.296,0.298,0.294,0.285,0.274,0.262,0.202
336.0,345.0,0.013,0.026,0.038,0.049,0.061,0.072,0.082,0.092,0.102,0.111,0.12,0.129,0.175,0.21,0.238,0.259,0.286,0.297,0.298,0.293,0.284,0.272,0.26,0.199
336.0,346.0,0.013,0.026,0.038,0.05,0.062,0.073,0.083,0.093,0.103,0.113,0.122,0.131,0.177,0.213,0.24,0.261,0.287,0.297,0.298,0.292,0.282,0.271,0.258,0.197
336.0,347.0,0.013,0.026,0.039,0.051,0.062,0.074,0.084,0.095,0.105,0.114,0.123,0.132,0.179,0.215,0.242,0.263,0.288,0.298,0.297,0.291,0.281,0.269,0.256,0.194
336.0,348.0,0.014,0.027,0.039,0.052,0.063,0.075,0.086,0.096,0.106,0.116,0.125,0.134,0.18,0.216,0.244,0.264,0.289,0.298,0.297,0.29,0.279,0.267,0.254,0.192
337.0,338.0,0.011,0.022,0.033,0.044,0.054,0.063,0.073,0.082,0.091,0.099,0.108,0.116,0.159,0.194,0.222,0.244,0.275,0.291,0.298,0.298,0.293,0.285,0.275,0.221
337.0,339.0,0.012,0.023,0.034,0.044,0.055,0.065,0.074,0.083,0.092,0.101,0.11,0.118,0.161,0.196,0.224,0.246,0.276,0.292,0.298,0.297,0.292,0.283,0.273,0.217
337.0,340.0,0.012,0.023,0.035,0.045,0.056,0.066,0.076,0.085,0.094,0.103,0.111,0.12,0.163,0.199,0.227,0.249,0.278,0.293,0.298,0.297,0.29,0.282,0.271,0.214
337.0,341.0,0.012,0.024,0.035,0.046,0.057,0.067,0.077,0.086,0.096,0.105,0.113,0.122,0.166,0.201,0.229,0.251,0.28,0.294,0.298,0.296,0.289,0.28,0.269,0.211
337.0,342.0,0.012,0.024,0.036,0.047,0.058,0.068,0.078,0.088,0.097,0.106,0.115,0.123,0.168,0.204,0.232,0.253,0.281,0.295,0.298,0.295,0.288,0.278,0.267,0.208
337.0,343.0,0.013,0.025,0.036,0.048,0.059,0.069,0.079,0.089,0.099,0.108,0.117,0.125,0.17,0.206,0.234,0.255,0.283,0.296,0.298,0.295,0.287,0.276,0.264,0.205
337.0,344.0,0.013,0.025,0.037,0.048,0.06,0.07,0.081,0.091,0.1,0.109,0.118,0.127,0.172,0.208,0.236,0.257,0.284,0.296,0.298,0.294,0.285,0.274,0.262,0.203
337.0,345.0,0.013,0.026,0.038,0.049,0.061,0.071,0.082,0.092,0.102,0.111,0.12,0.129,0.174,0.21,0.238,0.259,0.285,0.297,0.298,0.293,0.284,0.273,0.26,0.2
337.0,346.0,0.013,0.026,0.038,0.05,0.061,0.072,0.083,0.093,0.103,0.112,0.122,0.13,0.176,0.212,0.24,0.261,0.286,0.297,0.298,0.292,0.283,0.271,0.258,0.197
337.0,347.0,0.013,0.026,0.039,0.051,0.062,0.073,0.084,0.094,0.104,0.114,0.123,0.132,0.178,0.214,0.242,0.262,0.288,0.297,0.297,0.291,0.281,0.269,0.256,0.195
337.0,348.0,0.014,0.027,0.039,0.051,0.063,0.074,0.085,0.096,0.106,0.115,0.125,0.134,0.18,0.216,0.243,0.264,0.288,0.298,0.297,0.29,0.28,0.267,0.254,0.192
337.0,349.0,0.014,0.027,0.04,0.052,0.064,0.075,0.086,0.097,0.107,0.117,0.126,0.135,0.182,0.218,0.245,0.265,0.289,0.298,0.297,0.289,0.278,0.266,0.252,0.19
338.0,339.0,0.011,0.022,0.033,0.043,0.053,0.063,0.072,0.081,0.09,0.099,0.107,0.115,0.158,0.192,0.221,0.243,0.274,0.291,0.298,0.298,0.293,0.286,0.276,0.222
338.0,340.0,0.011,0.023,0.033,0.044,0.054,0.064,0.073,0.082,0.091,0.1,0.108,0.116,0.159,0.194,0.223,0.245,0.275,0.292,0.298,0.297,0.292,0.284,0.275,0.22
338.0,341.0,0.012,0.023,0.034,0.044,0.055,0.065,0.074,0.084,0.093,0.101,0.11,0.118,0.161,0.196,0.224,0.247,0.277,0.292,0.298,0.297,0.292,0.283,0.273,0.217
338.0,342.0,0.012,0.023,0.034,0.045,0.056,0.066,0.075,0.085,0.094,0.103,0.111,0.119,0.163,0.198,0.226,0.248,0.278,0.293,0.298,0.297,0.291,0.282,0.271,0.215
338.0,343.0,0.012,0.024,0.035,0.046,0.056,0.066,0.076,0.086,0.095,0.104,0.112,0.121,0.165,0.2,0.228,0.25,0.279,0.294,0.298,0.296,0.29,0.281,0.27,0.212
338.0,344.0,0.012,0.024,0.035,0.046,0.057,0.067,0.077,0.087,0.096,0.105,0.114,0.122,0.167,0.202,0.23,0.252,0.28,0.294,0.298,0.296,0.289,0.279,0.268,0.21
338.0,345.0,0.012,0.024,0.036,0.047,0.058,0.068,0.078,0.088,0.097,0.106,0.115,0.124,0.168,0.204,0.232,0.253,0.281,0.295,0.298,0.295,0.288,0.278,0.266,0.208
338.0,346.0,0.013,0.025,0.036,0.048,0.058,0.069,0.079,0.089,0.098,0.108,0.116,0.125,0.17,0.205,0.233,0.255,0.283,0.295,0.298,0.295,0.287,0.277,0.265,0.206
338.0,347.0,0.013,0.025,0.037,0.048,0.059,0.07,0.08,0.09,0.1,0.109,0.118,0.126,0.171,0.207,0.235,0.256,0.284,0.296,0.298,0.294,0.286,0.275,0.263,0.204
338.0,348.0,0.013,0.025,0.037,0.049,0.06,0.071,0.081,0.091,0.101,0.11,0.119,0.128,0.173,0.209,0.236,0.258,0.284,0.296,0.298,0.294,0.285,0.274,0.262,0.202
338.0,349.0,0.013,0.026,0.038,0.049,0.061,0.071,0.082,0.092,0.102,0.111,0.12,0.129,0.174,0.21,0.238,0.259,0.285,0.297,0.298,0.293,0.284,0.273,0.26,0.2
338.0,350.0,0.013,0.026,0.038,0.05,0.061,0.072,0.083,0.093,0.103,0.112,0.121,0.13,0.176,0.212,0.239,0.26,0.286,0.297,0.298,0.292,0.283,0.271,0.259,0.198
339.0,340.0,0.01,0.02,0.03,0.04,0.049,0.058,0.066,0.075,0.083,0.091,0.099,0.106,0.147,0.181,0.209,0.232,0.265,0.285,0.295,0.298,0.297,0.292,0.285,0.236
339.0,341.0,0.01,0.02,0.03,0.04,0.049,0.058,0.066,0.075,0.083,0.091,0.099,0.106,0.147,0.181,0.209,0.232,0.265,0.285,0.295,0.298,0.297,0.292,0.285,0.236
339.0,342.0,0.01,0.02,0.03,0.04,0.049,0.058,0.067,0.075,0.083,0.091,0.099,0.107,0.147,0.181,0.209,0.232,0.265,0.285,0.295,0.298,0.297,0.292,0.285,0.236
339.0,343.0,0.01,0.02,0.03,0.04,0.049,0.058,0.067,0.075,0.083,0.091,0.099,0.107,0.147,0.181,0.209,0.232,0.265,0.285,0.295,0.298,0.297,0.292,0.284,0.236
339.0,344.0,0.01,0.02,0.03,0.04,0.049,0.058,0.067,0.075,0.083,0.091,0.099,0.107,0.148,0.181,0.209,0.232,0.265,0.285,0.295,0.298,0.297,0.292,0.284,0.236
339.0,345.0,0.01,0.02,0.03,0.04,0.049,0.058,0.067,0.075,0.084,0.092,0.099,0.107,0.148,0.182,0.21,0.232,0.265,0.285,0.295,0.298,0.297,0.292,0.284,0.235
339.0,346.0,0.01,0.02,0.03,0.04,0.049,0.058,0.067,0.075,0.084,0.092,0.099,0.107,0.148,0.182,0.21,0.233,0.265,0.285,0.295,0.298,0.297,0.292,0.284,0.235
339.0,347.0,0.01,0.021,0.03,0.04,0.049,0.058,0.067,0.075,0.084,0.092,0.1,0.107,0.148,0.182,0.21,0.233,0.266,0.285,0.295,0.298,0.297,0.292,0.284,0.235
339.0,348.0,0.01,0.021,0.03,0.04,0.049,0.058,0.067,0.076,0.084,0.092,0.1,0.107,0.148,0.182,0.21,0.233,0.266,0.285,0.295,0.298,0.297,0.291,0.284,0.235
339.0,349.0,0.01,0.021,0.03,0.04,0.049,0.058,0.067,0.076,0.084,0.092,0.1,0.107,0.148,0.182,0.21,0.233,0.266,0.285,0.295,0.298,0.297,0.291,0.284,0.235
339.0,350.0,0.01,0.021,0.03,0.04,0.049,0.058,0.067,0.076,0.084,0.092,0.1,0.107,0.148,0.182,0.21,0.233,0.266,0.285,0.295,0.298,0.297,0.291,0.284,0.235
339.0,351.0,0.01,0.021,0.03,0.04,0.049,0.058,0.067,0.076,0.084,0.092,0.1,0.107,0.148,0.182,0.21,0.233,0.266,0.286,0.295,0.298,0.297,0.291,0.284,0.234
340.0,341.0,0.011,0.022,0.032,0.042,0.052,0.062,0.071,0.08,0.088,0.097,0.105,0.113,0.155,0.19,0.218,0.24,0.272,0.289,0.297,0.298,0.294,0.287,0.278,0.225
340.0,342.0,0.011,0.022,0.033,0.043,0.053,0.062,0.072,0.081,0.09,0.098,0.106,0.114,0.157,0.191,0.22,0.242,0.273,0.29,0.297,0.298,0.294,0.286,0.277,0.223
340.0,343.0,0.011,0.022,0.033,0.043,0.053,0.063,0.073,0.082,0.091,0.099,0.107,0.115,0.158,0.193,0.221,0.244,0.274,0.291,0.298,0.298,0.293,0.285,0.276,0.221
340.0,344.0,0.012,0.023,0.033,0.044,0.054,0.064,0.073,0.083,0.092,0.1,0.109,0.117,0.16,0.195,0.223,0.245,0.275,0.292,0.298,0.297,0.292,0.284,0.274,0.219
340.0,345.0,0.012,0.023,0.034,0.044,0.055,0.065,0.074,0.084,0.093,0.101,0.11,0.118,0.161,0.196,0.224,0.246,0.277,0.292,0.298,0.297,0.292,0.283,0.273,0.217
340.0,346.0,0.012,0.023,0.034,0.045,0.055,0.065,0.075,0.084,0.093,0.102,0.111,0.119,0.163,0.198,0.226,0.248,0.278,0.293,0.298,0.297,0.291,0.282,0.272,0.215
340.0,347.0,0.012,0.023,0.035,0.045,0.056,0.066,0.076,0.085,0.094,0.103,0.112,0.12,0.164,0.199,0.227,0.249,0.279,0.293,0.298,0.296,0.29,0.281,0.27,0.214
340.0,348.0,0.012,0.024,0.035,0.046,0.057,0.067,0.077,0.086,0.095,0.104,0.113,0.121,0.165,0.201,0.229,0.251,0.28,0.294,0.298,0.296,0.289,0.28,0.269,0.212
340.0,349.0,0.012,0.024,0.035,0.046,0.057,0.067,0.077,0.087,0.096,0.105,0.114,0.122,0.167,0.202,0.23,0.252,0.28,0.294,0.298,0.296,0.289,0.279,0.268,0.21
340.0,350.0,0.012,0.024,0.036,0.047,0.058,0.068,0.078,0.088,0.097,0.106,0.115,0.123,0.168,0.204,0.232,0.253,0.281,0.295,0.298,0.295,0.288,0.278,0.267,0.208
340.0,351.0,0.012,0.025,0.036,0.047,0.058,0.069,0.079,0.089,0.098,0.107,0.116,0.124,0.169,0.205,0.233,0.254,0.282,0.295,0.298,0.295,0.287,0.277,0.265,0.206
340.0,352.0,0.013,0.025,0.037,0.048,0.059,0.069,0.08,0.089,0.099,0.108,0.117,0.126,0.171,0.206,0.234,0.255,0.283,0.296,0.298,0.294,0.286,0.276,0.264,0.205
341.0,342.0,0.012,0.023,0.034,0.045,0.055,0.065,0.075,0.084,0.093,0.102,0.11,0.119,0.162,0.197,0.225,0.247,0.277,0.293,0.298,0.297,0.291,0.283,0.272,0.216
341.0,343.0,0.012,0.024,0.035,0.046,0.056,0.066,0.076,0.086,0.095,0.104,0.112,0.12,0.164,0.2,0.228,0.25,0.279,0.294,0.298,0.296,0.29,0.281,0.27,0.213
341.0,344.0,0.012,0.024,0.035,0.046,0.057,0.067,0.077,0.087,0.096,0.105,0.114,0.122,0.166,0.202,0.23,0.252,0.28,0.294,0.298,0.296,0.289,0.279,0.268,0.21
341.0,345.0,0.012,0.024,0.036,0.047,0.058,0.068,0.078,0.088,0.098,0.107,0.115,0.124,0.169,0.204,0.232,0.254,0.282,0.295,0.298,0.295,0.288,0.278,0.266,0.207
341.0,346.0,0.013,0.025,0.037,0.048,0.059,0.069,0.08,0.09,0.099,0.108,0.117,0.126,0.171,0.206,0.234,0.256,0.283,0.296,0.298,0.294,0.286,0.276,0.264,0.205
341.0,347.0,0.013,0.025,0.037,0.049,0.06,0.07,0.081,0.091,0.1,0.11,0.119,0.127,0.173,0.208,0.236,0.257,0.284,0.296,0.298,0.294,0.285,0.274,0.262,0.202
341.0,348.0,0.013,0.026,0.038,0.049,0.061,0.071,0.082,0.092,0.102,0.111,0.12,0.129,0.174,0.21,0.238,0.259,0.285,0.297,0.298,0.293,0.284,0.272,0.26,0.2
341.0,349.0,0.013,0.026,0.038,0.05,0.061,0.072,0.083,0.093,0.103,0.113,0.122,0.13,0.176,0.212,0.24,0.261,0.287,0.297,0.298,0.292,0.282,0.271,0.258,0.197
341.0,350.0,0.013,0.026,0.039,0.051,0.062,0.073,0.084,0.094,0.104,0.114,0.123,0.132,0.178,0.214,0.242,0.262,0.288,0.297,0.297,0.291,0.281,0.269,0.256,0.195
341.0,351.0,0.014,0.027,0.039,0.051,0.063,0.074,0.085,0.096,0.106,0.115,0.125,0.133,0.18,0.216,0.243,0.264,0.288,0.298,0.297,0.29,0.28,0.267,0.254,0.193
341.0,352.0,0.014,0.027,0.04,0.052,0.064,0.075,0.086,0.097,0.107,0.117,0.126,0.135,0.182,0.218,0.245,0.265,0.289,0.298,0.297,0.289,0.279,0.266,0.252,0.19
341.0,353.0,0.014,0.027,0.04,0.053,0.065,0.076,0.087,0.098,0.108,0.118,0.127,0.136,0.183,0.219,0.247,0.267,0.29,0.298,0.296,0.289,0.277,0.264,0.251,0.188
342.0,343.0,0.013,0.025,0.036,0.048,0.059,0.069,0.079,0.089,0.099,0.108,0.117,0.125,0.17,0.206,0.234,0.255,0.283,0.296,0.298,0.295,0.287,0.276,0.265,0.206
342.0,344.0,0.013,0.025,0.037,0.048,0.059,0.07,0.08,0.09,0.1,0.109,0.118,0.126,0.172,0.207,0.235,0.257,0.284,0.296,0.298,0.294,0.286,0.275,0.263,0.203
342.0,345.0,0.013,0.025,0.037,0.049,0.06,0.071,0.081,0.091,0.101,0.11,0.119,0.128,0.173,0.209,0.237,0.258,0.285,0.296,0.298,0.293,0.285,0.273,0.261,0.201
342.0,346.0,0.013,0.026,0.038,0.05,0.061,0.072,0.082,0.092,0.102,0.111,0.121,0.129,0.175,0.211,0.239,0.259,0.286,0.297,0.298,0.293,0.283,0.272,0.26,0.199
342.0,347.0,0.013,0.026,0.038,0.05,0.062,0.073,0.083,0.093,0.103,0.113,0.122,0.131,0.176,0.212,0.24,0.261,0.287,0.297,0.298,0.292,0.282,0.271,0.258,0.197
342.0,348.0,0.013,0.026,0.039,0.051,0.062,0.073,0.084,0.094,0.104,0.114,0.123,0.132,0.178,0.214,0.242,0.262,0.287,0.297,0.297,0.291,0.281,0.269,0.256,0.195
342.0,349.0,0.014,0.027,0.039,0.051,0.063,0.074,0.085,0.095,0.105,0.115,0.124,0.133,0.179,0.216,0.243,0.263,0.288,0.298,0.297,0.291,0.28,0.268,0.255,0.193
342.0,350.0,0.014,0.027,0.04,0.052,0.064,0.075,0.086,0.096,0.106,0.116,0.125,0.134,0.181,0.217,0.244,0.265,0.289,0.298,0.297,0.29,0.279,0.266,0.253,0.191
342.0,351.0,0.014,0.027,0.04,0.052,0.064,0.076,0.087,0.097,0.107,0.117,0.127,0.136,0.182,0.218,0.246,0.266,0.29,0.298,0.297,0.289,0.278,0.265,0.252,0.189
342.0,352.0,0.014,0.027,0.04,0.053,0.065,0.076,0.087,0.098,0.108,0.118,0.128,0.137,0.184,0.22,0.247,0.267,0.29,0.298,0.296,0.288,0.277,0.264,0.25,0.188
342.0,353.0,0.014,0.028,0.041,0.053,0.065,0.077,0.088,0.099,0.109,0.119,0.129,0.138,0.185,0.221,0.248,0.268,0.291,0.298,0.296,0.288,0.276,0.263,0.249,0.186
342.0,354.0,0.014,0.028,0.041,0.054,0.066,0.078,0.089,0.1,0.11,0.12,0.13,0.139,0.186,0.222,0.249,0.269,0.291,0.298,0.295,0.287,0.275,0.261,0.247,0.185
343.0,344.0,0.015,0.029,0.042,0.055,0.067,0.079,0.091,0.102,0.112,0.122,0.132,0.141,0.189,0.225,0.252,0.271,0.292,0.298,0.295,0.285,0.273,0.259,0.244,0.181
343.0,345.0,0.015,0.029,0.043,0.056,0.068,0.08,0.092,0.103,0.113,0.123,0.133,0.142,0.19,0.226,0.253,0.272,0.293,0.298,0.294,0.284,0.271,0.257,0.242,0.179
343.0,346.0,0.015,0.029,0.043,0.056,0.069,0.081,0.093,0.104,0.114,0.125,0.135,0.144,0.192,0.228,0.255,0.273,0.294,0.298,0.293,0.283,0.27,0.255,0.241,0.177
343.0,347.0,0.015,0.03,0.044,0.057,0.07,0.082,0.094,0.105,0.116,0.126,0.136,0.145,0.193,0.23,0.256,0.275,0.294,0.298,0.293,0.282,0.268,0.254,0.239,0.175
343.0,348.0,0.015,0.03,0.044,0.057,0.07,0.083,0.095,0.106,0.117,0.127,0.137,0.147,0.195,0.231,0.257,0.276,0.295,0.298,0.292,0.281,0.267,0.252,0.237,0.174
343.0,349.0,0.015,0.03,0.044,0.058,0.071,0.084,0.095,0.107,0.118,0.128,0.138,0.148,0.196,0.232,0.258,0.277,0.295,0.298,0.292,0.28,0.266,0.251,0.235,0.172
343.0,350.0,0.016,0.031,0.045,0.059,0.072,0.084,0.096,0.108,0.119,0.129,0.139,0.149,0.198,0.234,0.26,0.277,0.296,0.298,0.291,0.279,0.264,0.249,0.234,0.17
343.0,351.0,0.016,0.031,0.045,0.059,0.072,0.085,0.097,0.109,0.12,0.13,0.14,0.15,0.199,0.235,0.261,0.278,0.296,0.298,0.29,0.278,0.263,0.248,0.232,0.169
343.0,352.0,0.016,0.031,0.046,0.06,0.073,0.086,0.098,0.11,0.121,0.131,0.142,0.151,0.2,0.236,0.262,0.279,0.296,0.298,0.29,0.277,0.262,0.246,0.231,0.167
343.0,353.0,0.016,0.031,0.046,0.06,0.074,0.087,0.099,0.111,0.122,0.132,0.143,0.152,0.201,0.237,0.263,0.28,0.297,0.297,0.289,0.276,0.261,0.245,0.229,0.166
343.0,354.0,0.016,0.032,0.047,0.061,0.074,0.087,0.1,0.111,0.123,0.133,0.143,0.153,0.202,0.238,0.264,0.281,0.297,0.297,0.289,0.275,0.26,0.244,0.228,0.165
343.0,355.0,0.016,0.032,0.047,0.061,0.075,0.088,0.1,0.112,0.123,0.134,0.144,0.154,0.204,0.239,0.265,0.281,0.297,0.297,0.288,0.274,0.259,0.242,0.227,0.163
344.0,345.0,0.017,0.033,0.049,0.064,0.078,0.091,0.104,0.116,0.128,0.139,0.15,0.159,0.209,0.245,0.269,0.285,0.298,0.295,0.284,0.269,0.253,0.236,0.22,0.157
344.0,346.0,0.017,0.034,0.049,0.064,0.078,0.092,0.105,0.117,0.129,0.14,0.15,0.16,0.21,0.246,0.27,0.285,0.298,0.295,0.284,0.269,0.252,0.235,0.219,0.156
344.0,347.0,0.017,0.034,0.05,0.065,0.079,0.092,0.105,0.118,0.129,0.14,0.151,0.161,0.211,0.246,0.27,0.286,0.298,0.295,0.283,0.268,0.251,0.234,0.218,0.155
344.0,348.0,0.017,0.034,0.05,0.065,0.079,0.093,0.106,0.118,0.13,0.141,0.152,0.162,0.212,0.247,0.271,0.286,0.298,0.295,0.283,0.267,0.25,0.233,0.217,0.154
344.0,349.0,0.017,0.034,0.05,0.065,0.08,0.093,0.106,0.119,0.13,0.142,0.152,0.162,0.212,0.248,0.271,0.287,0.298,0.294,0.282,0.267,0.249,0.232,0.216,0.153
344.0,350.0,0.018,0.034,0.05,0.065,0.08,0.094,0.107,0.119,0.131,0.142,0.153,0.163,0.213,0.248,0.272,0.287,0.298,0.294,0.282,0.266,0.249,0.231,0.215,0.152
344.0,351.0,0.018,0.035,0.051,0.066,0.08,0.094,0.107,0.12,0.132,0.143,0.153,0.163,0.214,0.249,0.272,0.287,0.298,0.294,0.282,0.265,0.248,0.231,0.214,0.152
344.0,352.0,0.018,0.035,0.051,0.066,0.081,0.094,0.108,0.12,0.132,0.143,0.154,0.164,0.214,0.249,0.273,0.288,0.298,0.294,0.281,0.265,0.247,0.23,0.213,0.151
344.0,353.0,0.018,0.035,0.051,0.066,0.081,0.095,0.108,0.121,0.132,0.144,0.154,0.165,0.215,0.25,0.273,0.288,0.298,0.294,0.281,0.264,0.247,0.229,0.213,0.15
344.0,354.0,0.018,0.035,0.051,0.067,0.081,0.095,0.108,0.121,0.133,0.144,0.155,0.165,0.215,0.25,0.274,0.288,0.298,0.293,0.28,0.264,0.246,0.229,0.212,0.15
344.0,355.0,0.018,0.035,0.051,0.067,0.082,0.096,0.109,0.121,0.133,0.145,0.155,0.166,0.216,0.251,0.274,0.288,0.298,0.293,0.28,0.263,0.245,0.228,0.211,0.149
344.0,356.0,0.018,0.035,0.052,0.067,0.082,0.096,0.109,0.122,0.134,0.145,0.156,0.166,0.216,0.251,0.274,0.289,0.298,0.293,0.28,0.263,0.245,0.227,0.211,0.149
345.0,346.0,0.018,0.035,0.052,0.067,0.082,0.096,0.109,0.122,0.134,0.145,0.156,0.166,0.217,0.251,0.275,0.289,0.298,0.293,0.279,0.262,0.245,0.227,0.211,0.148
345.0,347.0,0.018,0.035,0.052,0.067,0.082,0.096,0.11,0.122,0.134,0.146,0.157,0.167,0.217,0.252,0.275,0.289,0.298,0.293,0.279,0.262,0.244,0.226,0.21,0.148
345.0,348.0,0.018,0.036,0.052,0.068,0.083,0.097,0.11,0.123,0.135,0.146,0.157,0.167,0.218,0.253,0.275,0.289,0.298,0.292,0.278,0.261,0.243,0.225,0.209,0.147
345.0,349.0,0.018,0.036,0.052,0.068,0.083,0.097,0.111,0.123,0.135,0.147,0.158,0.168,0.218,0.253,0.276,0.29,0.298,0.292,0.278,0.261,0.242,0.225,0.208,0.146
345.0,350.0,0.018,0.036,0.053,0.068,0.083,0.098,0.111,0.124,0.136,0.147,0.158,0.168,0.219,0.254,0.276,0.29,0.298,0.292,0.278,0.26,0.242,0.224,0.208,0.146
345.0,351.0,0.018,0.036,0.053,0.069,0.084,0.098,0.111,0.124,0.136,0.148,0.159,0.169,0.219,0.254,0.277,0.29,0.298,0.292,0.277,0.26,0.241,0.223,0.207,0.145
345.0,352.0,0.019,0.036,0.053,0.069,0.084,0.098,0.112,0.125,0.137,0.148,0.159,0.169,0.22,0.254,0.277,0.29,0.298,0.291,0.277,0.259,0.241,0.223,0.206,0.145
345.0,353.0,0.019,0.036,0.053,0.069,0.084,0.099,0.112,0.125,0.137,0.149,0.16,0.17,0.22,0.255,0.277,0.291,0.298,0.291,0.276,0.259,0.24,0.222,0.206,0.144
345.0,354.0,0.019,0.036,0.053,0.069,0.084,0.099,0.112,0.125,0.138,0.149,0.16,0.17,0.221,0.255,0.278,0.291,0.298,0.291,0.276,0.258,0.24,0.222,0.205,0.144
345.0,355.0,0.019,0.037,0.053,0.069,0.085,0.099,0.113,0.126,0.138,0.149,0.16,0.171,0.221,0.256,0.278,0.291,0.298,0.291,0.276,0.258,0.239,0.221,0.205,0.143
345.0,356.0,0.019,0.037,0.054,0.07,0.085,0.099,0.113,0.126,0.138,0.15,0.161,0.171,0.222,0.256,0.278,0.291,0.298,0.291,0.275,0.257,0.239,0.221,0.204,0.143
345.0,357.0,0.019,0.037,0.054,0.07,0.085,0.1,0.113,0.126,0.139,0.15,0.161,0.171,0.222,0.256,0.278,0.291,0.298,0.29,0.275,0.257,0.238,0.22,0.204,0.142
346.0,347.0,0.018,0.035,0.051,0.066,0.081,0.094,0.108,0.12,0.132,0.143,0.154,0.164,0.214,0.249,0.273,0.287,0.298,0.294,0.281,0.265,0.247,0.23,0.214,0.151
346.0,348.0,0.018,0.035,0.051,0.066,0.081,0.095,0.108,0.121,0.133,0.144,0.155,0.165,0.215,0.25,0.273,0.288,0.298,0.293,0.281,0.264,0.246,0.229,0.213,0.15
346.0,349.0,0.018,0.035,0.051,0.067,0.082,0.095,0.109,0.121,0.133,0.145,0.155,0.165,0.216,0.251,0.274,0.288,0.298,0.293,0.28,0.263,0.245,0.228,0.212,0.149
346.0,350.0,0.018,0.035,0.052,0.067,0.082,0.096,0.109,0.122,0.134,0.145,0.156,0.166,0.217,0.251,0.275,0.289,0.298,0.293,0.279,0.262,0.245,0.227,0.211,0.148
346.0,351.0,0.018,0.035,0.052,0.068,0.082,0.096,0.11,0.123,0.135,0.146,0.157,0.167,0.217,0.252,0.275,0.289,0.298,0.293,0.279,0.262,0.244,0.226,0.21,0.148
346.0,352.0,0.018,0.036,0.052,0.068,0.083,0.097,0.11,0.123,0.135,0.147,0.157,0.168,0.218,0.253,0.276,0.289,0.298,0.292,0.278,0.261,0.243,0.225,0.209,0.147
346.0,353.0,0.018,0.036,0.052,0.068,0.083,0.097,0.111,0.124,0.136,0.147,0.158,0.168,0.219,0.253,0.276,0.29,0.298,0.292,0.278,0.26,0.242,0.224,0.208,0.146
346.0,354.0,0.018,0.036,0.053,0.069,0.084,0.098,0.111,0.124,0.136,0.148,0.159,0.169,0.219,0.254,0.277,0.29,0.298,0.292,0.277,0.26,0.241,0.224,0.207,0.145
346.0,355.0,0.019,0.036,0.053,0.069,0.084,0.098,0.112,0.125,0.137,0.148,0.159,0.169,0.22,0.254,0.277,0.29,0.298,0.291,0.277,0.259,0.241,0.223,0.206,0.145
346.0,356.0,0.019,0.036,0.053,0.069,0.084,0.099,0.112,0.125,0.137,0.149,0.16,0.17,0.22,0.255,0.277,0.291,0.298,0.291,0.276,0.259,0.24,0.222,0.206,0.144
346.0,357.0,0.019,0.036,0.053,0.069,0.084,0.099,0.113,0.125,0.138,0.149,0.16,0.17,0.221,0.255,0.278,0.291,0.298,0.291,0.276,0.258,0.24,0.222,0.205,0.144
346.0,358.0,0.019,0.037,0.054,0.07,0.085,0.099,0.113,0.126,0.138,0.15,0.161,0.171,0.221,0.256,0.278,0.291,0.298,0.291,0.276,0.258,0.239,0.221,0.204,0.143
347.0,348.0,0.018,0.035,0.051,0.066,0.08,0.094,0.107,0.12,0.132,0.143,0.154,0.164,0.214,0.249,0.273,0.287,0.298,0.294,0.281,0.265,0.248,0.23,0.214,0.151
347.0,349.0,0.018,0.035,0.051,0.066,0.081,0.095,0.108,0.121,0.132,0.144,0.154,0.165,0.215,0.25,0.273,0.288,0.298,0.294,0.281,0.264,0.247,0.229,0.213,0.15
347.0,350.0,0.018,0.035,0.051,0.067,0.081,0.095,0.109,0.121,0.133,0.144,0.155,0.165,0.216,0.251,0.274,0.288,0.298,0.293,0.28,0.263,0.246,0.228,0.212,0.15
347.0,351.0,0.018,0.035,0.052,0.067,0.082,0.096,0.109,0.122,0.134,0.145,0.156,0.166,0.216,0.251,0.274,0.289,0.298,0.293,0.28,0.263,0.245,0.227,0.211,0.149
347.0,352.0,0.018,0.035,0.052,0.067,0.082,0.096,0.11,0.122,0.134,0.146,0.157,0.167,0.217,0.252,0.275,0.289,0.298,0.293,0.279,0.262,0.244,0.226,0.21,0.148
347.0,353.0,0.018,0.036,0.052,0.068,0.083,0.097,0.11,0.123,0.135,0.146,0.157,0.167,0.218,0.253,0.275,0.289,0.298,0.292,0.278,0.261,0.243,0.225,0.209,0.147
347.0,354.0,0.018,0.036,0.052,0.068,0.083,0.097,0.111,0.123,0.136,0.147,0.158,0.168,0.218,0.253,0.276,0.29,0.298,0.292,0.278,0.261,0.242,0.225,0.208,0.146
347.0,355.0,0.018,0.036,0.053,0.068,0.083,0.098,0.111,0.124,0.136,0.148,0.158,0.169,0.219,0.254,0.276,0.29,0.298,0.292,0.277,0.26,0.242,0.224,0.207,0.146
347.0,356.0,0.019,0.036,0.053,0.069,0.084,0.098,0.112,0.124,0.137,0.148,0.159,0.169,0.22,0.254,0.277,0.29,0.298,0.291,0.277,0.259,0.241,0.223,0.207,0.145
347.0,357.0,0.019,0.036,0.053,0.069,0.084,0.098,0.112,0.125,0.137,0.149,0.159,0.17,0.22,0.255,0.277,0.291,0.298,0.291,0.277,0.259,0.24,0.222,0.206,0.144
347.0,358.0,0.019,0.036,0.053,0.069,0.084,0.099,0.112,0.125,0.137,0.149,0.16,0.17,0.221,0.255,0.278,0.291,0.298,0.291,0.276,0.258,0.24,0.222,0.205,0.144
347.0,359.0,0.019,0.037,0.053,0.069,0.085,0.099,0.113,0.126,0.138,0.149,0.16,0.171,0.221,0.256,0.278,0.291,0.298,0.291,0.276,0.258,0.239,0.221,0.205,0.143
348.0,349.0,0.022,0.042,0.061,0.079,0.096,0.112,0.127,0.141,0.154,0.166,0.178,0.189,0.239,0.271,0.289,0.297,0.295,0.279,0.259,0.237,0.217,0.198,0.182,0.124
348.0,350.0,0.022,0.042,0.061,0.079,0.096,0.112,0.127,0.141,0.154,0.166,0.177,0.188,0.239,0.27,0.289,0.297,0.295,0.28,0.259,0.238,0.217,0.199,0.182,0.125
348.0,351.0,0.021,0.042,0.061,0.079,0.095,0.111,0.126,0.14,0.153,0.165,0.177,0.188,0.238,0.27,0.288,0.297,0.295,0.28,0.26,0.238,0.218,0.199,0.183,0.125
348.0,352.0,0.021,0.042,0.061,0.078,0.095,0.111,0.126,0.14,0.153,0.165,0.177,0.187,0.238,0.27,0.288,0.297,0.295,0.28,0.26,0.239,0.219,0.2,0.183,0.126
348.0,353.0,0.021,0.041,0.06,0.078,0.095,0.111,0.126,0.139,0.152,0.165,0.176,0.187,0.237,0.269,0.288,0.297,0.295,0.281,0.261,0.239,0.219,0.2,0.184,0.126
348.0,354.0,0.021,0.041,0.06,0.078,0.095,0.11,0.125,0.139,0.152,0.164,0.176,0.186,0.237,0.269,0.288,0.296,0.295,0.281,0.261,0.24,0.219,0.201,0.184,0.127
348.0,355.0,0.021,0.041,0.06,0.078,0.094,0.11,0.125,0.139,0.152,0.164,0.175,0.186,0.237,0.269,0.288,0.296,0.296,0.281,0.261,0.24,0.22,0.201,0.185,0.127
348.0,356.0,0.021,0.041,0.06,0.078,0.094,0.11,0.125,0.138,0.151,0.164,0.175,0.186,0.236,0.269,0.287,0.296,0.296,0.281,0.262,0.241,0.22,0.202,0.185,0.127
348.0,357.0,0.021,0.041,0.06,0.077,0.094,0.11,0.124,0.138,0.151,0.163,0.175,0.185,0.236,0.268,0.287,0.296,0.296,0.282,0.262,0.241,0.221,0.202,0.185,0.128
348.0,358.0,0.021,0.041,0.06,0.077,0.094,0.109,0.124,0.138,0.151,0.163,0.175,0.185,0.236,0.268,0.287,0.296,0.296,0.282,0.262,0.241,0.221,0.202,0.186,0.128
348.0,359.0,0.021,0.041,0.059,0.077,0.094,0.109,0.124,0.138,0.151,0.163,0.174,0.185,0.236,0.268,0.287,0.296,0.296,0.282,0.263,0.242,0.221,0.203,0.186,0.128
348.0,360.0,0.021,0.041,0.059,0.077,0.093,0.109,0.124,0.138,0.15,0.163,0.174,0.185,0.235,0.268,0.287,0.296,0.296,0.282,0.263,0.242,0.222,0.203,0.186,0.128
349.0,350.0,0.021,0.04,0.059,0.076,0.092,0.108,0.122,0.136,0.149,0.161,0.172,0.183,0.233,0.266,0.286,0.295,0.296,0.284,0.265,0.244,0.224,0.206,0.189,0.13
349.0,351.0,0.021,0.04,0.058,0.076,0.092,0.107,0.122,0.136,0.148,0.16,0.172,0.182,0.233,0.266,0.285,0.295,0.297,0.284,0.265,0.245,0.225,0.206,0.189,0.131
349.0,352.0,0.021,0.04,0.058,0.075,0.092,0.107,0.122,0.135,0.148,0.16,0.171,0.182,0.233,0.266,0.285,0.295,0.297,0.284,0.265,0.245,0.225,0.207,0.19,0.131
349.0,353.0,0.02,0.04,0.058,0.075,0.092,0.107,0.121,0.135,0.148,0.16,0.171,0.182,0.232,0.265,0.285,0.295,0.297,0.284,0.266,0.245,0.225,0.207,0.19,0.131
349.0,354.0,0.02,0.04,0.058,0.075,0.091,0.107,0.121,0.135,0.148,0.16,0.171,0.181,0.232,0.265,0.285,0.295,0.297,0.284,0.266,0.246,0.226,0.207,0.191,0.132
349.0,355.0,0.02,0.04,0.058,0.075,0.091,0.107,0.121,0.134,0.147,0.159,0.171,0.181,0.232,0.265,0.285,0.295,0.297,0.285,0.266,0.246,0.226,0.208,0.191,0.132
349.0,356.0,0.02,0.04,0.058,0.075,0.091,0.106,0.121,0.134,0.147,0.159,0.17,0.181,0.232,0.265,0.285,0.295,0.297,0.285,0.266,0.246,0.227,0.208,0.191,0.132
349.0,357.0,0.02,0.039,0.058,0.075,0.091,0.106,0.121,0.134,0.147,0.159,0.17,0.181,0.231,0.264,0.284,0.295,0.297,0.285,0.267,0.247,0.227,0.208,0.192,0.132
349.0,358.0,0.02,0.039,0.058,0.075,0.091,0.106,0.12,0.134,0.147,0.159,0.17,0.18,0.231,0.264,0.284,0.295,0.297,0.285,0.267,0.247,0.227,0.209,0.192,0.133
349.0,359.0,0.02,0.039,0.057,0.075,0.091,0.106,0.12,0.134,0.146,0.158,0.17,0.18,0.231,0.264,0.284,0.295,0.297,0.285,0.267,0.247,0.227,0.209,0.192,0.133
349.0,360.0,0.02,0.039,0.057,0.074,0.091,0.106,0.12,0.134,0.146,0.158,0.169,0.18,0.231,0.264,0.284,0.295,0.297,0.285,0.267,0.247,0.228,0.209,0.192,0.133
349.0,361.0,0.02,0.039,0.057,0.074,0.09,0.106,0.12,0.133,0.146,0.158,0.169,0.18,0.231,0.264,0.284,0.295,0.297,0.285,0.267,0.248,0.228,0.209,0.193,0.133
350.0,351.0,0.021,0.041,0.06,0.078,0.094,0.11,0.125,0.139,0.152,0.164,0.175,0.186,0.236,0.269,0.287,0.296,0.296,0.281,0.262,0.241,0.22,0.202,0.185,0.127
350.0,352.0,0.021,0.041,0.06,0.077,0.094,0.11,0.124,0.138,0.151,0.163,0.175,0.185,0.236,0.268,0.287,0.296,0.296,0.282,0.262,0.241,0.221,0.202,0.186,0.128
350.0,353.0,0.021,0.041,0.059,0.077,0.094,0.109,0.124,0.138,0.151,0.163,0.174,0.185,0.235,0.268,0.287,0.296,0.296,0.282,0.263,0.242,0.222,0.203,0.186,0.128
350.0,354.0,0.021,0.041,0.059,0.077,0.093,0.109,0.123,0.137,0.15,0.162,0.174,0.184,0.235,0.267,0.287,0.296,0.296,0.282,0.263,0.242,0.222,0.204,0.187,0.129
350.0,355.0,0.021,0.04,0.059,0.076,0.093,0.108,0.123,0.137,0.15,0.162,0.173,0.184,0.234,0.267,0.286,0.296,0.296,0.283,0.264,0.243,0.223,0.204,0.188,0.129
350.0,356.0,0.021,0.04,0.059,0.076,0.093,0.108,0.123,0.136,0.149,0.161,0.173,0.183,0.234,0.267,0.286,0.296,0.296,0.283,0.264,0.243,0.223,0.205,0.188,0.13
350.0,357.0,0.021,0.04,0.059,0.076,0.092,0.108,0.122,0.136,0.149,0.161,0.172,0.183,0.234,0.266,0.286,0.296,0.296,0.283,0.265,0.244,0.224,0.205,0.189,0.13
350.0,358.0,0.021,0.04,0.058,0.076,0.092,0.108,0.122,0.136,0.149,0.161,0.172,0.183,0.233,0.266,0.286,0.295,0.297,0.284,0.265,0.244,0.224,0.206,0.189,0.13
350.0,359.0,0.021,0.04,0.058,0.076,0.092,0.107,0.122,0.135,0.148,0.16,0.172,0.182,0.233,0.266,0.285,0.295,0.297,0.284,0.265,0.245,0.225,0.206,0.19,0.131
350.0,360.0,0.02,0.04,0.058,0.075,0.092,0.107,0.121,0.135,0.148,0.16,0.171,0.182,0.233,0.265,0.285,0.295,0.297,0.284,0.266,0.245,0.225,0.207,0.19,0.131
350.0,361.0,0.02,0.04,0.058,0.075,0.091,0.107,0.121,0.135,0.148,0.16,0.171,0.182,0.232,0.265,0.285,0.295,0.297,0.284,0.266,0.246,0.226,0.207,0.19,0.132
350.0,362.0,0.02,0.04,0.058,0.075,0.091,0.107,0.121,0.135,0.147,0.159,0.171,0.181,0.232,0.265,0.285,0.295,0.297,0.285,0.266,0.246,0.226,0.208,0.191,0.132
351.0,352.0,0.025,0.049,0.071,0.091,0.11,0.127,0.144,0.159,0.173,0.186,0.198,0.208,0.257,0.284,0.296,0.298,0.285,0.262,0.237,0.213,0.192,0.173,0.158,0.106
351.0,353.0,0.025,0.048,0.07,0.09,0.108,0.126,0.142,0.157,0.171,0.184,0.196,0.207,0.256,0.283,0.296,0.298,0.286,0.264,0.239,0.215,0.194,0.176,0.16,0.108
351.0,354.0,0.024,0.047,0.069,0.089,0.107,0.124,0.14,0.155,0.169,0.182,0.194,0.205,0.254,0.282,0.295,0.298,0.287,0.266,0.241,0.218,0.197,0.178,0.162,0.11
351.0,355.0,0.024,0.047,0.068,0.087,0.106,0.123,0.139,0.154,0.167,0.18,0.192,0.203,0.253,0.281,0.295,0.298,0.288,0.267,0.243,0.22,0.199,0.18,0.164,0.111
351.0,356.0,0.024,0.046,0.067,0.087,0.105,0.122,0.138,0.152,0.166,0.179,0.19,0.201,0.251,0.28,0.294,0.298,0.289,0.269,0.245,0.222,0.201,0.182,0.166,0.113
351.0,357.0,0.024,0.046,0.066,0.086,0.104,0.121,0.136,0.151,0.165,0.177,0.189,0.2,0.25,0.279,0.294,0.298,0.29,0.27,0.247,0.224,0.203,0.184,0.168,0.114
351.0,358.0,0.023,0.045,0.066,0.085,0.103,0.119,0.135,0.15,0.163,0.176,0.188,0.198,0.248,0.278,0.293,0.298,0.291,0.271,0.248,0.225,0.204,0.186,0.169,0.115
351.0,359.0,0.023,0.045,0.065,0.084,0.102,0.118,0.134,0.148,0.162,0.175,0.186,0.197,0.247,0.277,0.293,0.298,0.291,0.272,0.25,0.227,0.206,0.187,0.171,0.116
351.0,360.0,0.023,0.044,0.064,0.083,0.101,0.117,0.133,0.147,0.161,0.173,0.185,0.196,0.246,0.276,0.292,0.298,0.292,0.273,0.251,0.228,0.208,0.189,0.172,0.117
351.0,361.0,0.023,0.044,0.064,0.083,0.1,0.117,0.132,0.146,0.16,0.172,0.184,0.195,0.245,0.275,0.292,0.298,0.292,0.274,0.252,0.23,0.209,0.19,0.174,0.119
351.0,362.0,0.022,0.044,0.063,0.082,0.099,0.116,0.131,0.145,0.159,0.171,0.183,0.194,0.244,0.275,0.291,0.298,0.293,0.275,0.253,0.231,0.21,0.192,0.175,0.12
351.0,363.0,0.022,0.043,0.063,0.081,0.099,0.115,0.13,0.145,0.158,0.17,0.182,0.193,0.243,0.274,0.291,0.298,0.293,0.276,0.254,0.232,0.212,0.193,0.176,0.12
352.0,353.0,0.026,0.05,0.072,0.092,0.112,0.129,0.146,0.161,0.175,0.188,0.2,0.211,0.26,0.286,0.297,0.298,0.283,0.259,0.234,0.21,0.189,0.17,0.155,0.104
352.0,354.0,0.025,0.049,0.071,0.091,0.11,0.128,0.144,0.159,0.173,0.186,0.198,0.209,0.258,0.285,0.296,0.298,0.285,0.261,0.236,0.212,0.191,0.173,0.157,0.106
352.0,355.0,0.025,0.048,0.07,0.09,0.109,0.126,0.142,0.157,0.171,0.184,0.196,0.207,0.256,0.283,0.296,0.298,0.286,0.263,0.238,0.215,0.194,0.175,0.159,0.108
352.0,356.0,0.025,0.047,0.069,0.089,0.107,0.125,0.141,0.156,0.17,0.182,0.194,0.205,0.255,0.282,0.295,0.298,0.287,0.265,0.241,0.217,0.196,0.177,0.161,0.109
352.0,357.0,0.024,0.047,0.068,0.088,0.106,0.123,0.139,0.154,0.168,0.181,0.193,0.203,0.253,0.281,0.295,0.298,0.288,0.267,0.243,0.219,0.198,0.179,0.163,0.111
352.0,358.0,0.024,0.046,0.067,0.087,0.105,0.122,0.138,0.153,0.166,0.179,0.191,0.202,0.252,0.28,0.294,0.298,0.289,0.268,0.244,0.221,0.2,0.181,0.165,0.112
352.0,359.0,0.024,0.046,0.067,0.086,0.104,0.121,0.137,0.151,0.165,0.178,0.189,0.2,0.25,0.279,0.294,0.298,0.29,0.27,0.246,0.223,0.202,0.183,0.167,0.113
352.0,360.0,0.023,0.045,0.066,0.085,0.103,0.12,0.135,0.15,0.164,0.176,0.188,0.199,0.249,0.278,0.293,0.298,0.29,0.271,0.248,0.225,0.204,0.185,0.169,0.115
352.0,361.0,0.023,0.045,0.065,0.084,0.102,0.119,0.134,0.149,0.162,0.175,0.187,0.198,0.248,0.277,0.293,0.298,0.291,0.272,0.249,0.226,0.205,0.187,0.17,0.116
352.0,362.0,0.023,0.044,0.065,0.084,0.101,0.118,0.133,0.148,0.161,0.174,0.186,0.196,0.247,0.277,0.292,0.298,0.292,0.273,0.25,0.228,0.207,0.188,0.172,0.117
352.0,363.0,0.023,0.044,0.064,0.083,0.101,0.117,0.132,0.147,0.16,0.173,0.184,0.195,0.246,0.276,0.292,0.298,0.292,0.274,0.252,0.229,0.208,0.19,0.173,0.118
352.0,364.0,0.023,0.044,0.064,0.082,0.1,0.116,0.131,0.146,0.159,0.172,0.183,0.194,0.244,0.275,0.291,0.298,0.293,0.275,0.253,0.231,0.21,0.191,0.175,0.119
353.0,354.0,0.024,0.047,0.068,0.088,0.106,0.123,0.139,0.154,0.168,0.18,0.192,0.203,0.253,0.281,0.295,0.298,0.288,0.267,0.243,0.22,0.199,0.18,0.164,0.111
353.0,355.0,0.024,0.046,0.067,0.087,0.105,0.122,0.138,0.152,0.166,0.179,0.19,0.201,0.251,0.28,0.294,0.298,0.289,0.269,0.245,0.222,0.201,0.182,0.166,0.113
353.0,356.0,0.024,0.046,0.066,0.086,0.104,0.121,0.136,0.151,0.165,0.177,0.189,0.2,0.25,0.279,0.294,0.298,0.29,0.27,0.247,0.224,0.203,0.184,0.168,0.114
353.0,357.0,0.023,0.045,0.066,0.085,0.103,0.119,0.135,0.15,0.163,0.176,0.188,0.198,0.249,0.278,0.293,0.298,0.291,0.271,0.248,0.225,0.204,0.186,0.169,0.115
353.0,358.0,0.023,0.045,0.065,0.084,0.102,0.118,0.134,0.148,0.162,0.175,0.186,0.197,0.247,0.277,0.293,0.298,0.291,0.272,0.25,0.227,0.206,0.187,0.171,0.116
353.0,359.0,0.023,0.044,0.064,0.083,0.101,0.117,0.133,0.147,0.161,0.173,0.185,0.196,0.246,0.276,0.292,0.298,0.292,0.273,0.251,0.229,0.208,0.189,0.173,0.118
353.0,360.0,0.023,0.044,0.064,0.083,0.1,0.117,0.132,0.146,0.16,0.172,0.184,0.195,0.245,0.275,0.292,0.298,0.292,0.274,0.252,0.23,0.209,0.19,0.174,0.119
353.0,361.0,0.022,0.044,0.063,0.082,0.099,0.116,0.131,0.145,0.159,0.171,0.183,0.194,0.244,0.275,0.291,0.298,0.293,0.275,0.254,0.231,0.21,0.192,0.175,0.12
353.0,362.0,0.022,0.043,0.063,0.081,0.099,0.115,0.13,0.144,0.158,0.17,0.182,0.193,0.243,0.274,0.291,0.298,0.293,0.276,0.255,0.233,0.212,0.193,0.177,0.121
353.0,363.0,0.022,0.043,0.062,0.081,0.098,0.114,0.129,0.144,0.157,0.169,0.181,0.192,0.242,0.273,0.29,0.298,0.294,0.277,0.256,0.234,0.213,0.194,0.178,0.122
353.0,364.0,0.022,0.043,0.062,0.08,0.097,0.114,0.129,0.143,0.156,0.168,0.18,0.191,0.241,0.272,0.29,0.297,0.294,0.278,0.257,0.235,0.214,0.195,0.179,0.122
353.0,365.0,0.022,0.042,0.062,0.08,0.097,0.113,0.128,0.142,0.155,0.168,0.179,0.19,0.24,0.272,0.289,0.297,0.294,0.278,0.257,0.236,0.215,0.196,0.18,0.123
354.0,355.0,0.025,0.048,0.07,0.09,0.109,0.127,0.143,0.158,0.172,0.185,0.197,0.208,0.257,0.284,0.296,0.298,0.285,0.262,0.237,0.214,0.193,0.174,0.158,0.107
354.0,356.0,0.025,0.048,0.069,0.089,0.108,0.125,0.141,0.156,0.17,0.183,0.195,0.206,0.255,0.283,0.296,0.298,0.287,0.264,0.24,0.216,0.195,0.176,0.16,0.109
354.0,357.0,0.024,0.047,0.068,0.088,0.107,0.124,0.14,0.155,0.169,0.181,0.193,0.204,0.254,0.282,0.295,0.298,0.288,0.266,0.242,0.218,0.197,0.179,0.163,0.11
354.0,358.0,0.024,0.047,0.068,0.087,0.106,0.123,0.139,0.153,0.167,0.18,0.192,0.203,0.252,0.281,0.295,0.298,0.288,0.268,0.244,0.22,0.199,0.181,0.164,0.111
354.0,359.0,0.024,0.046,0.067,0.086,0.105,0.121,0.137,0.152,0.166,0.178,0.19,0.201,0.251,0.28,0.294,0.298,0.289,0.269,0.245,0.222,0.201,0.182,0.166,0.113
354.0,360.0,0.024,0.046,0.066,0.085,0.104,0.12,0.136,0.151,0.164,0.177,0.189,0.2,0.25,0.279,0.294,0.298,0.29,0.27,0.247,0.224,0.203,0.184,0.168,0.114
354.0,361.0,0.023,0.045,0.066,0.085,0.103,0.119,0.135,0.149,0.163,0.176,0.187,0.198,0.248,0.278,0.293,0.298,0.291,0.271,0.248,0.226,0.205,0.186,0.17,0.115
354.0,362.0,0.023,0.045,0.065,0.084,0.102,0.118,0.134,0.148,0.162,0.174,0.186,0.197,0.247,0.277,0.293,0.298,0.291,0.272,0.25,0.227,0.206,0.187,0.171,0.116
354.0,363.0,0.023,0.044,0.064,0.083,0.101,0.117,0.133,0.147,0.161,0.173,0.185,0.196,0.246,0.276,0.292,0.298,0.292,0.273,0.251,0.229,0.208,0.189,0.173,0.118
354.0,364.0,0.023,0.044,0.064,0.083,0.1,0.117,0.132,0.146,0.16,0.172,0.184,0.195,0.245,0.275,0.292,0.298,0.292,0.274,0.252,0.23,0.209,0.19,0.174,0.119
354.0,365.0,0.022,0.044,0.063,0.082,0.099,0.116,0.131,0.145,0.159,0.171,0.183,0.194,0.244,0.275,0.291,0.298,0.293,0.275,0.253,0.231,0.21,0.192,0.175,0.12
354.0,366.0,0.022,0.043,0.063,0.081,0.099,0.115,0.13,0.145,0.158,0.17,0.182,0.193,0.243,0.274,0.291,0.298,0.293,0.276,0.254,0.232,0.212,0.193,0.176,0.12
355.0,356.0,0.028,0.055,0.079,0.101,0.122,0.14,0.158,0.173,0.188,0.201,0.213,0.224,0.27,0.292,0.298,0.295,0.273,0.245,0.218,0.193,0.172,0.155,0.14,0.094
355.0,357.0,0.028,0.053,0.077,0.099,0.119,0.138,0.155,0.171,0.185,0.198,0.21,0.221,0.268,0.291,0.298,0.296,0.276,0.249,0.221,0.197,0.176,0.158,0.144,0.096
355.0,358.0,0.027,0.052,0.076,0.097,0.117,0.135,0.152,0.168,0.182,0.195,0.207,0.218,0.266,0.29,0.298,0.297,0.278,0.252,0.225,0.201,0.18,0.162,0.147,0.099
355.0,359.0,0.027,0.051,0.074,0.095,0.115,0.133,0.15,0.165,0.179,0.192,0.204,0.215,0.263,0.288,0.298,0.297,0.28,0.255,0.228,0.204,0.183,0.165,0.15,0.101
355.0,360.0,0.026,0.05,0.073,0.094,0.113,0.131,0.148,0.163,0.177,0.19,0.202,0.213,0.261,0.287,0.297,0.298,0.282,0.257,0.231,0.207,0.186,0.168,0.153,0.103
355.0,361.0,0.026,0.049,0.072,0.092,0.111,0.129,0.145,0.161,0.175,0.188,0.2,0.211,0.259,0.286,0.297,0.298,0.284,0.26,0.234,0.21,0.189,0.171,0.155,0.105
355.0,362.0,0.025,0.049,0.07,0.091,0.11,0.127,0.144,0.159,0.173,0.185,0.197,0.208,0.257,0.284,0.296,0.298,0.285,0.262,0.237,0.213,0.192,0.174,0.158,0.107
355.0,363.0,0.025,0.048,0.069,0.09,0.108,0.126,0.142,0.157,0.171,0.183,0.195,0.206,0.256,0.283,0.296,0.298,0.286,0.264,0.239,0.216,0.194,0.176,0.16,0.108
355.0,364.0,0.024,0.047,0.068,0.088,0.107,0.124,0.14,0.155,0.169,0.182,0.193,0.204,0.254,0.282,0.295,0.298,0.287,0.266,0.242,0.218,0.197,0.178,0.162,0.11
355.0,365.0,0.024,0.047,0.068,0.087,0.106,0.123,0.139,0.153,0.167,0.18,0.192,0.203,0.252,0.281,0.295,0.298,0.289,0.268,0.244,0.22,0.199,0.181,0.165,0.112
355.0,366.0,0.024,0.046,0.067,0.086,0.104,0.121,0.137,0.152,0.165,0.178,0.19,0.201,0.251,0.28,0.294,0.298,0.289,0.269,0.246,0.222,0.201,0.183,0.167,0.113
355.0,367.0,0.023,0.045,0.066,0.085,0.103,0.12,0.136,0.15,0.164,0.177,0.188,0.199,0.249,0.279,0.293,0.298,0.29,0.271,0.247,0.224,0.203,0.185,0.168,0.114
356.0,357.0,0.03,0.057,0.082,0.105,0.126,0.145,0.163,0.179,0.193,0.207,0.219,0.229,0.274,0.294,0.298,0.293,0.269,0.239,0.211,0.186,0.166,0.149,0.134,0.09
356.0,358.0,0.029,0.055,0.08,0.103,0.123,0.142,0.16,0.176,0.19,0.203,0.215,0.226,0.272,0.293,0.298,0.294,0.271,0.243,0.215,0.19,0.17,0.152,0.138,0.092
356.0,359.0,0.028,0.054,0.078,0.1,0.121,0.14,0.157,0.173,0.187,0.2,0.212,0.223,0.27,0.292,0.298,0.295,0.274,0.246,0.219,0.194,0.173,0.156,0.141,0.095
356.0,360.0,0.028,0.053,0.077,0.099,0.119,0.137,0.154,0.17,0.184,0.197,0.209,0.22,0.267,0.291,0.298,0.296,0.276,0.249,0.222,0.198,0.177,0.159,0.144,0.097
356.0,361.0,0.027,0.052,0.075,0.097,0.117,0.135,0.152,0.167,0.182,0.195,0.207,0.218,0.265,0.289,0.298,0.297,0.278,0.252,0.225,0.201,0.18,0.162,0.147,0.099
356.0,362.0,0.027,0.051,0.074,0.095,0.115,0.133,0.15,0.165,0.179,0.192,0.204,0.215,0.263,0.288,0.298,0.297,0.28,0.255,0.229,0.204,0.183,0.165,0.15,0.101
356.0,363.0,0.026,0.05,0.073,0.094,0.113,0.131,0.148,0.163,0.177,0.19,0.202,0.213,0.261,0.287,0.297,0.298,0.282,0.257,0.231,0.207,0.186,0.168,0.152,0.103
356.0,364.0,0.026,0.05,0.072,0.092,0.111,0.129,0.146,0.161,0.175,0.188,0.2,0.211,0.26,0.286,0.297,0.298,0.283,0.26,0.234,0.21,0.189,0.171,0.155,0.105
356.0,365.0,0.025,0.049,0.071,0.091,0.11,0.128,0.144,0.159,0.173,0.186,0.198,0.209,0.258,0.285,0.296,0.298,0.285,0.262,0.236,0.213,0.191,0.173,0.157,0.106
356.0,366.0,0.025,0.048,0.07,0.09,0.109,0.126,0.142,0.157,0.171,0.184,0.196,0.207,0.256,0.283,0.296,0.298,0.286,0.263,0.239,0.215,0.194,0.175,0.159,0.108
356.0,367.0,0.025,0.047,0.069,0.089,0.107,0.125,0.141,0.156,0.169,0.182,0.194,0.205,0.255,0.282,0.295,0.298,0.287,0.265,0.241,0.217,0.196,0.177,0.161,0.109
356.0,368.0,0.024,0.047,0.068,0.088,0.106,0.123,0.139,0.154,0.168,0.181,0.193,0.203,0.253,0.281,0.295,0.298,0.288,0.267,0.243,0.219,0.198,0.179,0.163,0.111
357.0,358.0,0.032,0.062,0.088,0.113,0.135,0.155,0.173,0.19,0.204,0.218,0.23,0.24,0.282,0.297,0.297,0.287,0.258,0.226,0.197,0.173,0.153,0.137,0.123,0.083
357.0,359.0,0.031,0.06,0.086,0.11,0.132,0.152,0.17,0.186,0.201,0.214,0.226,0.237,0.28,0.296,0.297,0.289,0.262,0.23,0.202,0.177,0.157,0.141,0.127,0.085
357.0,360.0,0.03,0.058,0.084,0.108,0.129,0.149,0.166,0.183,0.197,0.211,0.223,0.233,0.277,0.295,0.298,0.291,0.265,0.234,0.206,0.181,0.161,0.144,0.13,0.087
357.0,361.0,0.03,0.057,0.082,0.105,0.126,0.146,0.163,0.179,0.194,0.207,0.219,0.23,0.275,0.294,0.298,0.293,0.268,0.238,0.21,0.185,0.165,0.148,0.134,0.09
357.0,362.0,0.029,0.056,0.081,0.103,0.124,0.143,0.161,0.176,0.191,0.204,0.216,0.227,0.273,0.293,0.298,0.294,0.271,0.242,0.214,0.189,0.169,0.151,0.137,0.092
357.0,363.0,0.028,0.055,0.079,0.101,0.122,0.141,0.158,0.174,0.188,0.201,0.213,0.224,0.271,0.292,0.298,0.295,0.273,0.245,0.217,0.193,0.172,0.155,0.14,0.094
357.0,364.0,0.028,0.054,0.077,0.099,0.12,0.138,0.155,0.171,0.186,0.199,0.211,0.222,0.268,0.291,0.298,0.296,0.275,0.248,0.221,0.196,0.175,0.158,0.143,0.096
357.0,365.0,0.027,0.053,0.076,0.098,0.118,0.136,0.153,0.169,0.183,0.196,0.208,0.219,0.267,0.29,0.298,0.296,0.277,0.251,0.224,0.199,0.178,0.161,0.145,0.098
357.0,366.0,0.027,0.052,0.075,0.096,0.116,0.134,0.151,0.167,0.181,0.194,0.206,0.217,0.265,0.289,0.298,0.297,0.279,0.253,0.227,0.202,0.181,0.163,0.148,0.1
357.0,367.0,0.026,0.051,0.074,0.095,0.114,0.132,0.149,0.164,0.179,0.192,0.204,0.215,0.263,0.288,0.298,0.297,0.281,0.256,0.229,0.205,0.184,0.166,0.151,0.101
357.0,368.0,0.026,0.05,0.073,0.093,0.113,0.131,0.147,0.163,0.177,0.19,0.202,0.213,0.261,0.287,0.297,0.298,0.282,0.258,0.232,0.208,0.187,0.168,0.153,0.103
357.0,369.0,0.026,0.049,0.072,0.092,0.111,0.129,0.146,0.161,0.175,0.188,0.2,0.211,0.259,0.286,0.297,0.298,0.284,0.26,0.234,0.21,0.189,0.171,0.155,0.105
358.0,359.0,0.03,0.057,0.082,0.105,0.126,0.146,0.163,0.18,0.194,0.207,0.219,0.23,0.275,0.294,0.298,0.293,0.268,0.238,0.21,0.185,0.165,0.148,0.134,0.09
358.0,360.0,0.029,0.056,0.08,0.103,0.124,0.143,0.16,0.176,0.191,0.204,0.216,0.227,0.273,0.293,0.298,0.294,0.271,0.242,0.214,0.189,0.169,0.151,0.137,0.092
358.0,361.0,0.028,0.055,0.079,0.101,0.122,0.14,0.158,0.173,0.188,0.201,0.213,0.224,0.27,0.292,0.298,0.295,0.273,0.245,0.218,0.193,0.172,0.155,0.14,0.094
358.0,362.0,0.028,0.053,0.077,0.099,0.119,0.138,0.155,0.171,0.185,0.198,0.21,0.221,0.268,0.291,0.298,0.296,0.276,0.248,0.221,0.197,0.176,0.158,0.143,0.096
358.0,363.0,0.027,0.052,0.076,0.097,0.117,0.136,0.153,0.168,0.183,0.196,0.208,0.219,0.266,0.29,0.298,0.296,0.278,0.251,0.224,0.2,0.179,0.161,0.146,0.098
358.0,364.0,0.027,0.052,0.075,0.096,0.115,0.134,0.15,0.166,0.18,0.193,0.205,0.216,0.264,0.289,0.298,0.297,0.28,0.254,0.227,0.203,0.182,0.164,0.149,0.1
358.0,365.0,0.026,0.051,0.073,0.094,0.114,0.132,0.148,0.164,0.178,0.191,0.203,0.214,0.262,0.287,0.297,0.297,0.281,0.256,0.23,0.206,0.185,0.167,0.151,0.102
358.0,366.0,0.026,0.05,0.072,0.093,0.112,0.13,0.147,0.162,0.176,0.189,0.201,0.212,0.26,0.286,0.297,0.298,0.283,0.259,0.233,0.209,0.188,0.169,0.154,0.104
358.0,367.0,0.025,0.049,0.071,0.092,0.111,0.128,0.145,0.16,0.174,0.187,0.199,0.21,0.259,0.285,0.297,0.298,0.284,0.261,0.235,0.211,0.19,0.172,0.156,0.105
358.0,368.0,0.025,0.048,0.07,0.09,0.109,0.127,0.143,0.158,0.172,0.185,0.197,0.208,0.257,0.284,0.296,0.298,0.285,0.262,0.237,0.214,0.193,0.174,0.158,0.107
358.0,369.0,0.025,0.048,0.069,0.089,0.108,0.125,0.142,0.157,0.17,0.183,0.195,0.206,0.255,0.283,0.296,0.298,0.286,0.264,0.24,0.216,0.195,0.176,0.16,0.108
358.0,370.0,0.024,0.047,0.069,0.088,0.107,0.124,0.14,0.155,0.169,0.182,0.193,0.204,0.254,0.282,0.295,0.298,0.287,0.266,0.241,0.218,0.197,0.178,0.162,0.11
359.0,360.0,0.028,0.054,0.078,0.101,0.121,0.14,0.157,0.173,0.187,0.201,0.213,0.224,0.27,0.292,0.298,0.295,0.274,0.246,0.218,0.194,0.173,0.155,0.141,0.094
359.0,361.0,0.028,0.053,0.077,0.099,0.119,0.138,0.155,0.17,0.185,0.198,0.21,0.221,0.268,0.291,0.298,0.296,0.276,0.249,0.222,0.197,0.176,0.159,0.144,0.097
359.0,362.0,0.027,0.052,0.076,0.097,0.117,0.135,0.152,0.168,0.182,0.195,0.207,0.218,0.266,0.29,0.298,0.297,0.278,0.252,0.225,0.201,0.18,0.162,0.147,0.099
359.0,363.0,0.027,0.051,0.074,0.096,0.115,0.133,0.15,0.166,0.18,0.193,0.205,0.216,0.264,0.288,0.298,0.297,0.28,0.254,0.228,0.204,0.183,0.165,0.149,0.1
359.0,364.0,0.026,0.05,0.073,0.094,0.113,0.131,0.148,0.163,0.178,0.191,0.203,0.213,0.262,0.287,0.297,0.298,0.282,0.257,0.231,0.207,0.185,0.167,0.152,0.102
359.0,365.0,0.026,0.05,0.072,0.093,0.112,0.13,0.146,0.161,0.175,0.188,0.2,0.211,0.26,0.286,0.297,0.298,0.283,0.259,0.233,0.209,0.188,0.17,0.154,0.104
359.0,366.0,0.025,0.049,0.071,0.091,0.11,0.128,0.144,0.16,0.174,0.186,0.198,0.209,0.258,0.285,0.296,0.298,0.284,0.261,0.236,0.212,0.191,0.172,0.157,0.106
359.0,367.0,0.025,0.048,0.07,0.09,0.109,0.127,0.143,0.158,0.172,0.185,0.197,0.207,0.257,0.284,0.296,0.298,0.286,0.263,0.238,0.214,0.193,0.175,0.159,0.107
359.0,368.0,0.025,0.048,0.069,0.089,0.108,0.125,0.141,0.156,0.17,0.183,0.195,0.206,0.255,0.283,0.296,0.298,0.287,0.265,0.24,0.216,0.195,0.177,0.161,0.109
359.0,369.0,0.024,0.047,0.068,0.088,0.107,0.124,0.14,0.155,0.168,0.181,0.193,0.204,0.254,0.282,0.295,0.298,0.288,0.266,0.242,0.218,0.197,0.179,0.163,0.11
359.0,370.0,0.024,0.047,0.068,0.087,0.106,0.123,0.138,0.153,0.167,0.18,0.192,0.202,0.252,0.281,0.295,0.298,0.289,0.268,0.244,0.22,0.199,0.181,0.165,0.112
359.0,371.0,0.024,0.046,0.067,0.086,0.105,0.121,0.137,0.152,0.166,0.178,0.19,0.201,0.251,0.28,0.294,0.298,0.289,0.269,0.245,0.222,0.201,0.182,0.166,0.113
360.0,361.0,0.03,0.057,0.082,0.105,0.126,0.146,0.163,0.179,0.194,0.207,0.219,0.23,0.275,0.294,0.298,0.293,0.268,0.238,0.21,0.186,0.165,0.148,0.134,0.09
360.0,362.0,0.029,0.056,0.08,0.103,0.124,0.143,0.16,0.176,0.191,0.204,0.216,0.227,0.273,0.293,0.298,0.294,0.271,0.242,0.214,0.19,0.169,0.152,0.137,0.092
360.0,363.0,0.028,0.055,0.079,0.101,0.121,0.14,0.157,0.173,0.188,0.201,0.213,0.224,0.27,0.292,0.298,0.295,0.273,0.245,0.218,0.193,0.173,0.155,0.14,0.094
360.0,364.0,0.028,0.053,0.077,0.099,0.119,0.138,0.155,0.171,0.185,0.198,0.21,0.221,0.268,0.291,0.298,0.296,0.276,0.249,0.221,0.197,0.176,0.158,0.143,0.096
360.0,365.0,0.027,0.052,0.076,0.097,0.117,0.136,0.152,0.168,0.182,0.195,0.207,0.218,0.266,0.29,0.298,0.297,0.278,0.251,0.225,0.2,0.179,0.161,0.146,0.098
360.0,366.0,0.027,0.051,0.074,0.096,0.115,0.133,0.15,0.166,0.18,0.193,0.205,0.216,0.264,0.288,0.298,0.297,0.28,0.254,0.228,0.204,0.182,0.164,0.149,0.1
360.0,367.0,0.026,0.051,0.073,0.094,0.114,0.132,0.148,0.163,0.178,0.191,0.203,0.214,0.262,0.287,0.297,0.298,0.282,0.257,0.231,0.206,0.185,0.167,0.152,0.102
360.0,368.0,0.026,0.05,0.072,0.093,0.112,0.13,0.146,0.161,0.175,0.188,0.2,0.211,0.26,0.286,0.297,0.298,0.283,0.259,0.233,0.209,0.188,0.17,0.154,0.104
360.0,369.0,0.025,0.049,0.071,0.091,0.11,0.128,0.144,0.16,0.174,0.186,0.198,0.209,0.258,0.285,0.296,0.298,0.284,0.261,0.236,0.212,0.191,0.172,0.157,0.106
360.0,370.0,0.025,0.048,0.07,0.09,0.109,0.126,0.143,0.158,0.172,0.185,0.196,0.207,0.257,0.284,0.296,0.298,0.286,0.263,0.238,0.214,0.193,0.175,0.159,0.107
360.0,371.0,0.025,0.048,0.069,0.089,0.108,0.125,0.141,0.156,0.17,0.183,0.195,0.206,0.255,0.283,0.296,0.298,0.287,0.265,0.24,0.217,0.195,0.177,0.161,0.109
360.0,372.0,0.024,0.047,0.068,0.088,0.106,0.124,0.14,0.155,0.168,0.181,0.193,0.204,0.253,0.282,0.295,0.298,0.288,0.266,0.242,0.219,0.198,0.179,0.163,0.11
361.0,362.0,0.028,0.053,0.077,0.099,0.119,0.138,0.155,0.171,0.185,0.198,0.21,0.221,0.268,0.291,0.298,0.296,0.276,0.248,0.221,0.197,0.176,0.158,0.143,0.096
361.0,363.0,0.027,0.052,0.076,0.097,0.117,0.136,0.153,0.168,0.182,0.196,0.208,0.219,0.266,0.29,0.298,0.297,0.278,0.251,0.225,0.2,0.179,0.161,0.146,0.098
361.0,364.0,0.027,0.051,0.074,0.096,0.115,0.133,0.15,0.166,0.18,0.193,0.205,0.216,0.264,0.288,0.298,0.297,0.28,0.254,0.228,0.204,0.182,0.164,0.149,0.1
361.0,365.0,0.026,0.051,0.073,0.094,0.113,0.131,0.148,0.163,0.178,0.191,0.203,0.214,0.262,0.287,0.297,0.298,0.282,0.257,0.231,0.207,0.185,0.167,0.152,0.102
361.0,366.0,0.026,0.05,0.072,0.093,0.112,0.13,0.146,0.161,0.175,0.188,0.2,0.211,0.26,0.286,0.297,0.298,0.283,0.259,0.233,0.209,0.188,0.17,0.154,0.104
361.0,367.0,0.025,0.049,0.071,0.091,0.11,0.128,0.144,0.159,0.173,0.186,0.198,0.209,0.258,0.285,0.296,0.298,0.285,0.261,0.236,0.212,0.191,0.173,0.157,0.106
361.0,368.0,0.025,0.048,0.07,0.09,0.109,0.126,0.143,0.158,0.171,0.184,0.196,0.207,0.256,0.284,0.296,0.298,0.286,0.263,0.238,0.215,0.193,0.175,0.159,0.108
361.0,369.0,0.025,0.048,0.069,0.089,0.108,0.125,0.141,0.156,0.17,0.183,0.194,0.205,0.255,0.283,0.295,0.298,0.287,0.265,0.24,0.217,0.196,0.177,0.161,0.109
361.0,370.0,0.024,0.047,0.068,0.088,0.106,0.124,0.139,0.154,0.168,0.181,0.193,0.204,0.253,0.281,0.295,0.298,0.288,0.266,0.242,0.219,0.198,0.179,0.163,0.111
361.0,371.0,0.024,0.046,0.067,0.087,0.105,0.122,0.138,0.153,0.167,0.179,0.191,0.202,0.252,0.28,0.294,0.298,0.289,0.268,0.244,0.221,0.2,0.181,0.165,0.112
361.0,372.0,0.024,0.046,0.067,0.086,0.104,0.121,0.137,0.152,0.165,0.178,0.19,0.201,0.25,0.279,0.294,0.298,0.29,0.269,0.246,0.223,0.202,0.183,0.167,0.113
361.0,373.0,0.023,0.045,0.066,0.085,0.103,0.12,0.136,0.15,0.164,0.177,0.188,0.199,0.249,0.279,0.293,0.298,0.29,0.271,0.247,0.224,0.203,0.185,0.169,0.115
362.0,363.0,0.028,0.054,0.078,0.101,0.121,0.14,0.157,0.173,0.187,0.2,0.212,0.223,0.27,0.292,0.298,0.295,0.274,0.246,0.219,0.194,0.173,0.156,0.141,0.095
362.0,364.0,0.028,0.053,0.077,0.099,0.119,0.137,0.154,0.17,0.184,0.197,0.21,0.22,0.267,0.291,0.298,0.296,0.276,0.249,0.222,0.198,0.177,0.159,0.144,0.097
362.0,365.0,0.027,0.052,0.075,0.097,0.117,0.135,0.152,0.167,0.182,0.195,0.207,0.218,0.265,0.289,0.298,0.297,0.278,0.252,0.225,0.201,0.18,0.162,0.147,0.099
362.0,366.0,0.027,0.051,0.074,0.095,0.115,0.133,0.15,0.165,0.179,0.192,0.204,0.215,0.263,0.288,0.298,0.297,0.28,0.255,0.229,0.204,0.183,0.165,0.15,0.101
362.0,367.0,0.026,0.05,0.073,0.094,0.113,0.131,0.148,0.163,0.177,0.19,0.202,0.213,0.261,0.287,0.297,0.298,0.282,0.257,0.231,0.207,0.186,0.168,0.152,0.103
362.0,368.0,0.026,0.049,0.072,0.092,0.111,0.129,0.146,0.161,0.175,0.188,0.2,0.211,0.259,0.286,0.297,0.298,0.283,0.26,0.234,0.21,0.189,0.171,0.155,0.105
362.0,369.0,0.025,0.049,0.071,0.091,0.11,0.128,0.144,0.159,0.173,0.186,0.198,0.209,0.258,0.285,0.296,0.298,0.285,0.262,0.236,0.213,0.191,0.173,0.157,0.106
362.0,370.0,0.025,0.048,0.07,0.09,0.109,0.126,0.142,0.157,0.171,0.184,0.196,0.207,0.256,0.283,0.296,0.298,0.286,0.263,0.239,0.215,0.194,0.175,0.16,0.108
362.0,371.0,0.025,0.047,0.069,0.089,0.107,0.125,0.141,0.156,0.169,0.182,0.194,0.205,0.254,0.282,0.295,0.298,0.287,0.265,0.241,0.217,0.196,0.178,0.162,0.109
362.0,372.0,0.024,0.047,0.068,0.088,0.106,0.123,0.139,0.154,0.168,0.181,0.192,0.203,0.253,0.281,0.295,0.298,0.288,0.267,0.243,0.219,0.198,0.18,0.164,0.111
362.0,373.0,0.024,0.046,0.067,0.087,0.105,0.122,0.138,0.153,0.166,0.179,0.191,0.202,0.252,0.28,0.294,0.298,0.289,0.268,0.244,0.221,0.2,0.181,0.165,0.112
362.0,374.0,0.024,0.046,0.067,0.086,0.104,0.121,0.137,0.151,0.165,0.178,0.189,0.2,0.25,0.279,0.294,0.298,0.29,0.269,0.246,0.223,0.202,0.183,0.167,0.113
363.0,364.0,0.027,0.051,0.074,0.096,0.115,0.133,0.15,0.166,0.18,0.193,0.205,0.216,0.264,0.288,0.298,0.297,0.28,0.254,0.228,0.204,0.182,0.164,0.149,0.1
363.0,365.0,0.026,0.05,0.073,0.094,0.113,0.131,0.148,0.163,0.177,0.19,0.202,0.213,0.262,0.287,0.297,0.298,0.282,0.257,0.231,0.207,0.186,0.168,0.152,0.103
363.0,366.0,0.026,0.049,0.072,0.092,0.111,0.129,0.146,0.161,0.175,0.188,0.2,0.211,0.259,0.286,0.297,0.298,0.283,0.26,0.234,0.21,0.189,0.171,0.155,0.105
363.0,367.0,0.025,0.049,0.071,0.091,0.11,0.127,0.144,0.159,0.173,0.186,0.198,0.208,0.257,0.284,0.296,0.298,0.285,0.262,0.237,0.213,0.192,0.173,0.158,0.106
363.0,368.0,0.025,0.048,0.069,0.09,0.108,0.126,0.142,0.157,0.171,0.183,0.195,0.206,0.256,0.283,0.296,0.298,0.286,0.264,0.239,0.216,0.194,0.176,0.16,0.108
363.0,369.0,0.024,0.047,0.068,0.088,0.107,0.124,0.14,0.155,0.169,0.182,0.193,0.204,0.254,0.282,0.295,0.298,0.287,0.266,0.242,0.218,0.197,0.178,0.162,0.11
363.0,370.0,0.024,0.047,0.068,0.087,0.105,0.123,0.138,0.153,0.167,0.18,0.192,0.202,0.252,0.281,0.295,0.298,0.289,0.268,0.244,0.22,0.199,0.181,0.165,0.112
363.0,371.0,0.024,0.046,0.067,0.086,0.104,0.121,0.137,0.152,0.165,0.178,0.19,0.201,0.251,0.28,0.294,0.298,0.289,0.269,0.246,0.223,0.201,0.183,0.167,0.113
363.0,372.0,0.023,0.045,0.066,0.085,0.103,0.12,0.136,0.15,0.164,0.176,0.188,0.199,0.249,0.278,0.293,0.298,0.29,0.271,0.247,0.225,0.204,0.185,0.169,0.115
363.0,373.0,0.023,0.045,0.065,0.084,0.102,0.119,0.134,0.149,0.162,0.175,0.187,0.198,0.248,0.277,0.293,0.298,0.291,0.272,0.249,0.226,0.205,0.187,0.17,0.116
363.0,374.0,0.023,0.044,0.065,0.083,0.101,0.118,0.133,0.148,0.161,0.174,0.185,0.196,0.246,0.276,0.292,0.298,0.292,0.273,0.251,0.228,0.207,0.189,0.172,0.117
363.0,375.0,0.023,0.044,0.064,0.083,0.1,0.117,0.132,0.146,0.16,0.172,0.184,0.195,0.245,0.276,0.292,0.298,0.292,0.274,0.252,0.23,0.209,0.19,0.174,0.118
364.0,365.0,0.026,0.049,0.072,0.092,0.111,0.129,0.146,0.161,0.175,0.188,0.2,0.211,0.259,0.286,0.297,0.298,0.284,0.26,0.234,0.21,0.189,0.171,0.155,0.105
364.0,366.0,0.025,0.049,0.071,0.091,0.11,0.127,0.144,0.159,0.173,0.186,0.197,0.208,0.257,0.284,0.296,0.298,0.285,0.262,0.237,0.213,0.192,0.173,0.158,0.106
364.0,367.0,0.025,0.048,0.069,0.09,0.108,0.126,0.142,0.157,0.171,0.184,0.195,0.206,0.256,0.283,0.296,0.298,0.286,0.264,0.239,0.215,0.194,0.176,0.16,0.108
364.0,368.0,0.024,0.047,0.069,0.088,0.107,0.124,0.14,0.155,0.169,0.182,0.194,0.205,0.254,0.282,0.295,0.298,0.287,0.266,0.241,0.218,0.197,0.178,0.162,0.11
364.0,369.0,0.024,0.047,0.068,0.087,0.106,0.123,0.139,0.154,0.167,0.18,0.192,0.203,0.252,0.281,0.295,0.298,0.288,0.267,0.243,0.22,0.199,0.18,0.164,0.111
364.0,370.0,0.024,0.046,0.067,0.086,0.105,0.122,0.137,0.152,0.166,0.178,0.19,0.201,0.251,0.28,0.294,0.298,0.289,0.269,0.245,0.222,0.201,0.182,0.166,0.113
364.0,371.0,0.024,0.046,0.066,0.085,0.104,0.12,0.136,0.151,0.164,0.177,0.189,0.2,0.25,0.279,0.294,0.298,0.29,0.27,0.247,0.224,0.203,0.184,0.168,0.114
364.0,372.0,0.023,0.045,0.066,0.085,0.103,0.119,0.135,0.149,0.163,0.176,0.187,0.198,0.248,0.278,0.293,0.298,0.291,0.271,0.248,0.226,0.205,0.186,0.17,0.115
364.0,373.0,0.023,0.045,0.065,0.084,0.102,0.118,0.134,0.148,0.162,0.174,0.186,0.197,0.247,0.277,0.293,0.298,0.291,0.273,0.25,0.227,0.206,0.188,0.171,0.117
364.0,374.0,0.023,0.044,0.064,0.083,0.101,0.117,0.133,0.147,0.161,0.173,0.185,0.196,0.246,0.276,0.292,0.298,0.292,0.274,0.251,0.229,0.208,0.189,0.173,0.118
364.0,375.0,0.023,0.044,0.064,0.082,0.1,0.116,0.132,0.146,0.16,0.172,0.184,0.195,0.245,0.275,0.292,0.298,0.292,0.275,0.253,0.23,0.209,0.191,0.174,0.119
364.0,376.0,0.022,0.044,0.063,0.082,0.099,0.116,0.131,0.145,0.159,0.171,0.183,0.193,0.244,0.274,0.291,0.298,0.293,0.275,0.254,0.231,0.211,0.192,0.176,0.12
365.0,366.0,0.025,0.048,0.069,0.089,0.108,0.125,0.141,0.156,0.17,0.183,0.195,0.206,0.255,0.283,0.296,0.298,0.287,0.265,0.24,0.216,0.195,0.177,0.161,0.109
365.0,367.0,0.024,0.047,0.068,0.088,0.106,0.124,0.14,0.154,0.168,0.181,0.193,0.204,0.253,0.282,0.295,0.298,0.288,0.266,0.242,0.219,0.198,0.179,0.163,0.11
365.0,368.0,0.024,0.046,0.067,0.087,0.105,0.122,0.138,0.153,0.167,0.179,0.191,0.202,0.252,0.28,0.294,0.298,0.289,0.268,0.244,0.221,0.2,0.181,0.165,0.112
365.0,369.0,0.024,0.046,0.067,0.086,0.104,0.121,0.137,0.152,0.165,0.178,0.19,0.201,0.25,0.279,0.294,0.298,0.29,0.269,0.246,0.223,0.202,0.183,0.167,0.113
365.0,370.0,0.023,0.045,0.066,0.085,0.103,0.12,0.136,0.15,0.164,0.176,0.188,0.199,0.249,0.278,0.293,0.298,0.29,0.271,0.247,0.225,0.204,0.185,0.169,0.115
365.0,371.0,0.023,0.045,0.065,0.084,0.102,0.119,0.134,0.149,0.162,0.175,0.187,0.198,0.248,0.278,0.293,0.298,0.291,0.272,0.249,0.226,0.205,0.187,0.17,0.116
365.0,372.0,0.023,0.044,0.065,0.084,0.101,0.118,0.133,0.148,0.161,0.174,0.186,0.196,0.247,0.277,0.292,0.298,0.292,0.273,0.25,0.228,0.207,0.188,0.172,0.117
365.0,373.0,0.023,0.044,0.064,0.083,0.1,0.117,0.132,0.147,0.16,0.173,0.184,0.195,0.245,0.276,0.292,0.298,0.292,0.274,0.252,0.229,0.208,0.19,0.173,0.118
365.0,374.0,0.023,0.044,0.064,0.082,0.1,0.116,0.131,0.146,0.159,0.172,0.183,0.194,0.244,0.275,0.291,0.298,0.293,0.275,0.253,0.231,0.21,0.191,0.175,0.119
365.0,375.0,0.022,0.043,0.063,0.082,0.099,0.115,0.131,0.145,0.158,0.171,0.182,0.193,0.243,0.274,0.291,0.298,0.293,0.276,0.254,0.232,0.211,0.193,0.176,0.12
365.0,376.0,0.022,0.043,0.063,0.081,0.098,0.115,0.13,0.144,0.157,0.17,0.181,0.192,0.242,0.273,0.29,0.298,0.293,0.277,0.255,0.233,0.212,0.194,0.177,0.121
365.0,377.0,0.022,0.043,0.062,0.081,0.098,0.114,0.129,0.143,0.156,0.169,0.18,0.191,0.242,0.273,0.29,0.297,0.294,0.277,0.256,0.234,0.214,0.195,0.178,0.122
366.0,367.0,0.025,0.048,0.069,0.089,0.108,0.125,0.141,0.156,0.17,0.183,0.195,0.206,0.255,0.283,0.295,0.298,0.287,0.265,0.24,0.217,0.195,0.177,0.161,0.109
366.0,368.0,0.024,0.047,0.068,0.088,0.106,0.123,0.139,0.154,0.168,0.181,0.193,0.204,0.253,0.281,0.295,0.298,0.288,0.267,0.242,0.219,0.198,0.179,0.163,0.111
366.0,369.0,0.024,0.046,0.067,0.087,0.105,0.122,0.138,0.153,0.166,0.179,0.191,0.202,0.252,0.28,0.294,0.298,0.289,0.268,0.244,0.221,0.2,0.182,0.165,0.112
366.0,370.0,0.024,0.046,0.066,0.086,0.104,0.121,0.136,0.151,0.165,0.177,0.189,0.2,0.25,0.279,0.294,0.298,0.29,0.27,0.246,0.223,0.202,0.184,0.167,0.114
366.0,371.0,0.023,0.045,0.066,0.085,0.103,0.12,0.135,0.15,0.163,0.176,0.188,0.199,0.249,0.278,0.293,0.298,0.291,0.271,0.248,0.225,0.204,0.186,0.169,0.115
366.0,372.0,0.023,0.045,0.065,0.084,0.102,0.118,0.134,0.148,0.162,0.174,0.186,0.197,0.247,0.277,0.293,0.298,0.291,0.272,0.25,0.227,0.206,0.187,0.171,0.116
366.0,373.0,0.023,0.044,0.064,0.083,0.101,0.117,0.133,0.147,0.161,0.173,0.185,0.196,0.246,0.276,0.292,0.298,0.292,0.274,0.251,0.229,0.208,0.189,0.173,0.118
366.0,374.0,0.023,0.044,0.064,0.082,0.1,0.116,0.132,0.146,0.159,0.172,0.184,0.194,0.245,0.275,0.292,0.298,0.292,0.275,0.253,0.23,0.209,0.191,0.174,0.119
366.0,375.0,0.022,0.043,0.063,0.082,0.099,0.115,0.131,0.145,0.158,0.171,0.182,0.193,0.244,0.274,0.291,0.298,0.293,0.276,0.254,0.232,0.211,0.192,0.176,0.12
366.0,376.0,0.022,0.043,0.063,0.081,0.098,0.115,0.13,0.144,0.157,0.17,0.181,0.192,0.243,0.273,0.29,0.298,0.293,0.277,0.255,0.233,0.212,0.194,0.177,0.121
366.0,377.0,0.022,0.043,0.062,0.081,0.098,0.114,0.129,0.143,0.156,0.169,0.18,0.191,0.242,0.273,0.29,0.297,0.294,0.277,0.256,0.234,0.214,0.195,0.178,0.122
366.0,378.0,0.022,0.042,0.062,0.08,0.097,0.113,0.128,0.142,0.155,0.168,0.179,0.19,0.241,0.272,0.29,0.297,0.294,0.278,0.257,0.236,0.215,0.196,0.18,0.123
367.0,368.0,0.025,0.048,0.069,0.089,0.108,0.125,0.141,0.156,0.17,0.183,0.194,0.205,0.255,0.283,0.295,0.298,0.287,0.265,0.24,0.217,0.196,0.177,0.161,0.109
367.0,369.0,0.024,0.047,0.068,0.088,0.106,0.123,0.139,0.154,0.168,0.181,0.193,0.204,0.253,0.281,0.295,0.298,0.288,0.267,0.242,0.219,0.198,0.179,0.163,0.111
367.0,370.0,0.024,0.046,0.067,0.087,0.105,0.122,0.138,0.153,0.166,0.179,0.191,0.202,0.252,0.28,0.294,0.298,0.289,0.268,0.244,0.221,0.2,0.181,0.165,0.112
367.0,371.0,0.024,0.046,0.066,0.086,0.104,0.121,0.137,0.151,0.165,0.178,0.189,0.2,0.25,0.279,0.294,0.298,0.29,0.27,0.246,0.223,0.202,0.183,0.167,0.114
367.0,372.0,0.023,0.045,0.066,0.085,0.103,0.12,0.135,0.15,0.163,0.176,0.188,0.199,0.249,0.278,0.293,0.298,0.29,0.271,0.248,0.225,0.204,0.185,0.169,0.115
367.0,373.0,0.023,0.045,0.065,0.084,0.102,0.119,0.134,0.149,0.162,0.175,0.186,0.197,0.247,0.277,0.293,0.298,0.291,0.272,0.249,0.227,0.206,0.187,0.171,0.116
367.0,374.0,0.023,0.044,0.065,0.083,0.101,0.118,0.133,0.147,0.161,0.173,0.185,0.196,0.246,0.276,0.292,0.298,0.292,0.273,0.251,0.228,0.207,0.189,0.172,0.117
367.0,375.0,0.023,0.044,0.064,0.083,0.1,0.117,0.132,0.146,0.16,0.172,0.184,0.195,0.245,0.275,0.292,0.298,0.292,0.274,0.252,0.23,0.209,0.19,0.174,0.119
367.0,376.0,0.022,0.044,0.063,0.082,0.099,0.116,0.131,0.145,0.159,0.171,0.183,0.194,0.244,0.275,0.291,0.298,0.293,0.275,0.253,0.231,0.21,0.192,0.175,0.12
367.0,377.0,0.022,0.043,0.063,0.081,0.099,0.115,0.13,0.144,0.158,0.17,0.182,0.193,0.243,0.274,0.291,0.298,0.293,0.276,0.255,0.233,0.212,0.193,0.177,0.121
367.0,378.0,0.022,0.043,0.062,0.081,0.098,0.114,0.129,0.144,0.157,0.169,0.181,0.192,0.242,0.273,0.29,0.298,0.294,0.277,0.256,0.234,0.213,0.194,0.178,0.122
367.0,379.0,0.022,0.043,0.062,0.08,0.097,0.114,0.129,0.143,0.156,0.168,0.18,0.191,0.241,0.272,0.29,0.297,0.294,0.278,0.257,0.235,0.214,0.195,0.179,0.122
368.0,369.0,0.023,0.045,0.066,0.085,0.103,0.119,0.135,0.149,0.163,0.176,0.187,0.198,0.248,0.278,0.293,0.298,0.291,0.271,0.248,0.226,0.205,0.186,0.17,0.115
368.0,370.0,0.023,0.045,0.065,0.084,0.102,0.118,0.134,0.148,0.162,0.174,0.186,0.197,0.247,0.277,0.293,0.298,0.291,0.273,0.25,0.227,0.206,0.188,0.171,0.117
368.0,371.0,0.023,0.044,0.064,0.083,0.101,0.117,0.133,0.147,0.161,0.173,0.185,0.196,0.246,0.276,0.292,0.298,0.292,0.274,0.251,0.229,0.208,0.189,0.173,0.118
368.0,372.0,0.023,0.044,0.064,0.082,0.1,0.116,0.132,0.146,0.159,0.172,0.184,0.194,0.245,0.275,0.292,0.298,0.292,0.275,0.253,0.23,0.209,0.191,0.174,0.119
368.0,373.0,0.022,0.043,0.063,0.082,0.099,0.116,0.131,0.145,0.158,0.171,0.183,0.193,0.244,0.274,0.291,0.298,0.293,0.276,0.254,0.232,0.211,0.192,0.176,0.12
368.0,374.0,0.022,0.043,0.063,0.081,0.099,0.115,0.13,0.144,0.158,0.17,0.182,0.192,0.243,0.274,0.291,0.298,0.293,0.276,0.255,0.233,0.212,0.193,0.177,0.121
368.0,375.0,0.022,0.043,0.062,0.081,0.098,0.114,0.129,0.143,0.157,0.169,0.181,0.191,0.242,0.273,0.29,0.297,0.294,0.277,0.256,0.234,0.213,0.195,0.178,0.122
368.0,376.0,0.022,0.043,0.062,0.08,0.097,0.113,0.128,0.143,0.156,0.168,0.18,0.191,0.241,0.272,0.29,0.297,0.294,0.278,0.257,0.235,0.214,0.196,0.179,0.123
368.0,377.0,0.022,0.042,0.062,0.08,0.097,0.113,0.128,0.142,0.155,0.167,0.179,0.19,0.24,0.272,0.289,0.297,0.294,0.278,0.258,0.236,0.215,0.197,0.18,0.123
368.0,378.0,0.022,0.042,0.061,0.079,0.096,0.112,0.127,0.141,0.154,0.167,0.178,0.189,0.24,0.271,0.289,0.297,0.295,0.279,0.258,0.237,0.216,0.198,0.181,0.124
368.0,379.0,0.022,0.042,0.061,0.079,0.096,0.112,0.127,0.141,0.154,0.166,0.177,0.188,0.239,0.271,0.289,0.297,0.295,0.28,0.259,0.238,0.217,0.199,0.182,0.125
368.0,380.0,0.021,0.042,0.061,0.079,0.095,0.111,0.126,0.14,0.153,0.165,0.177,0.188,0.238,0.27,0.288,0.297,0.295,0.28,0.26,0.239,0.218,0.2,0.183,0.125
369.0,370.0,0.022,0.043,0.062,0.081,0.098,0.114,0.129,0.143,0.157,0.169,0.181,0.191,0.242,0.273,0.29,0.297,0.294,0.277,0.256,0.234,0.213,0.195,0.178,0.122
369.0,371.0,0.022,0.043,0.062,0.08,0.097,0.113,0.128,0.143,0.156,0.168,0.18,0.19,0.241,0.272,0.29,0.297,0.294,0.278,0.257,0.235,0.214,0.196,0.179,0.123
369.0,372.0,0.022,0.042,0.062,0.08,0.097,0.113,0.128,0.142,0.155,0.167,0.179,0.19,0.24,0.272,0.289,0.297,0.294,0.278,0.258,0.236,0.215,0.197,0.18,0.123
369.0,373.0,0.022,0.042,0.061,0.079,0.096,0.112,0.127,0.141,0.154,0.167,0.178,0.189,0.24,0.271,0.289,0.297,0.295,0.279,0.258,0.237,0.216,0.198,0.181,0.124
369.0,374.0,0.022,0.042,0.061,0.079,0.096,0.112,0.127,0.141,0.154,0.166,0.178,0.188,0.239,0.271,0.289,0.297,0.295,0.28,0.259,0.238,0.217,0.199,0.182,0.125
369.0,375.0,0.021,0.042,0.061,0.079,0.095,0.111,0.126,0.14,0.153,0.165,0.177,0.188,0.238,0.27,0.288,0.297,0.295,0.28,0.26,0.238,0.218,0.199,0.183,0.125
369.0,376.0,0.021,0.041,0.06,0.078,0.095,0.111,0.126,0.14,0.153,0.165,0.176,0.187,0.238,0.27,0.288,0.297,0.295,0.28,0.26,0.239,0.219,0.2,0.183,0.126
369.0,377.0,0.021,0.041,0.06,0.078,0.095,0.11,0.125,0.139,0.152,0.164,0.176,0.186,0.237,0.269,0.288,0.296,0.295,0.281,0.261,0.24,0.219,0.201,0.184,0.126
369.0,378.0,0.021,0.041,0.06,0.078,0.094,0.11,0.125,0.139,0.152,0.164,0.175,0.186,0.237,0.269,0.287,0.296,0.296,0.281,0.261,0.24,0.22,0.201,0.185,0.127
369.0,379.0,0.021,0.041,0.06,0.077,0.094,0.11,0.124,0.138,0.151,0.163,0.175,0.186,0.236,0.268,0.287,0.296,0.296,0.282,0.262,0.241,0.221,0.202,0.185,0.127
369.0,380.0,0.021,0.041,0.06,0.077,0.094,0.109,0.124,0.138,0.151,0.163,0.174,0.185,0.236,0.268,0.287,0.296,0.296,0.282,0.262,0.241,0.221,0.203,0.186,0.128
369.0,381.0,0.021,0.041,0.059,0.077,0.093,0.109,0.124,0.138,0.15,0.163,0.174,0.185,0.235,0.268,0.287,0.296,0.296,0.282,0.263,0.242,0.222,0.203,0.187,0.128
370.0,371.0,0.021,0.041,0.06,0.078,0.095,0.111,0.125,0.139,0.152,0.165,0.176,0.187,0.237,0.269,0.288,0.297,0.295,0.281,0.261,0.239,0.219,0.2,0.184,0.126
370.0,372.0,0.021,0.041,0.06,0.078,0.094,0.11,0.125,0.139,0.152,0.164,0.175,0.186,0.237,0.269,0.288,0.296,0.296,0.281,0.261,0.24,0.22,0.201,0.185,0.127
370.0,373.0,0.021,0.041,0.06,0.077,0.094,0.11,0.124,0.138,0.151,0.163,0.175,0.186,0.236,0.268,0.287,0.296,0.296,0.282,0.262,0.241,0.221,0.202,0.185,0.127
370.0,374.0,0.021,0.041,0.06,0.077,0.094,0.109,0.124,0.138,0.151,0.163,0.174,0.185,0.236,0.268,0.287,0.296,0.296,0.282,0.262,0.242,0.221,0.203,0.186,0.128
370.0,375.0,0.021,0.041,0.059,0.077,0.093,0.109,0.124,0.137,0.15,0.162,0.174,0.185,0.235,0.268,0.287,0.296,0.296,0.282,0.263,0.242,0.222,0.203,0.187,0.128
370.0,376.0,0.021,0.041,0.059,0.077,0.093,0.109,0.123,0.137,0.15,0.162,0.173,0.184,0.235,0.267,0.286,0.296,0.296,0.283,0.263,0.243,0.223,0.204,0.187,0.129
370.0,377.0,0.021,0.04,0.059,0.076,0.093,0.108,0.123,0.137,0.15,0.162,0.173,0.184,0.234,0.267,0.286,0.296,0.296,0.283,0.264,0.243,0.223,0.205,0.188,0.129
370.0,378.0,0.021,0.04,0.059,0.076,0.093,0.108,0.123,0.136,0.149,0.161,0.173,0.183,0.234,0.267,0.286,0.296,0.296,0.283,0.264,0.244,0.224,0.205,0.188,0.13
370.0,379.0,0.021,0.04,0.059,0.076,0.092,0.108,0.122,0.136,0.149,0.161,0.172,0.183,0.234,0.266,0.286,0.296,0.296,0.283,0.265,0.244,0.224,0.206,0.189,0.13
370.0,380.0,0.021,0.04,0.058,0.076,0.092,0.107,0.122,0.136,0.148,0.161,0.172,0.182,0.233,0.266,0.285,0.295,0.297,0.284,0.265,0.245,0.225,0.206,0.189,0.131
370.0,381.0,0.021,0.04,0.058,0.076,0.092,0.107,0.122,0.135,0.148,0.16,0.172,0.182,0.233,0.266,0.285,0.295,0.297,0.284,0.265,0.245,0.225,0.206,0.19,0.131
370.0,382.0,0.02,0.04,0.058,0.075,0.092,0.107,0.121,0.135,0.148,0.16,0.171,0.182,0.233,0.265,0.285,0.295,0.297,0.284,0.266,0.245,0.225,0.207,0.19,0.131
371.0,372.0,0.021,0.04,0.058,0.076,0.092,0.107,0.122,0.135,0.148,0.16,0.171,0.182,0.233,0.266,0.285,0.295,0.297,0.284,0.265,0.245,0.225,0.206,0.19,0.131
371.0,373.0,0.02,0.04,0.058,0.075,0.092,0.107,0.121,0.135,0.148,0.16,0.171,0.182,0.232,0.265,0.285,0.295,0.297,0.284,0.266,0.245,0.225,0.207,0.19,0.131
371.0,374.0,0.02,0.04,0.058,0.075,0.091,0.107,0.121,0.135,0.147,0.159,0.171,0.181,0.232,0.265,0.285,0.295,0.297,0.284,0.266,0.246,0.226,0.207,0.191,0.132
371.0,375.0,0.02,0.04,0.058,0.075,0.091,0.106,0.121,0.134,0.147,0.159,0.17,0.181,0.232,0.265,0.285,0.295,0.297,0.285,0.266,0.246,0.226,0.208,0.191,0.132
371.0,376.0,0.02,0.039,0.058,0.075,0.091,0.106,0.121,0.134,0.147,0.159,0.17,0.181,0.231,0.264,0.284,0.295,0.297,0.285,0.267,0.247,0.227,0.208,0.192,0.132
371.0,377.0,0.02,0.039,0.057,0.075,0.091,0.106,0.12,0.134,0.147,0.159,0.17,0.18,0.231,0.264,0.284,0.295,0.297,0.285,0.267,0.247,0.227,0.209,0.192,0.133
371.0,378.0,0.02,0.039,0.057,0.074,0.091,0.106,0.12,0.134,0.146,0.158,0.169,0.18,0.231,0.264,0.284,0.295,0.297,0.285,0.267,0.247,0.228,0.209,0.192,0.133
371.0,379.0,0.02,0.039,0.057,0.074,0.09,0.106,0.12,0.133,0.146,0.158,0.169,0.18,0.231,0.264,0.284,0.295,0.297,0.285,0.268,0.248,0.228,0.209,0.193,0.133
371.0,380.0,0.02,0.039,0.057,0.074,0.09,0.105,0.12,0.133,0.146,0.158,0.169,0.18,0.23,0.264,0.284,0.294,0.297,0.286,0.268,0.248,0.228,0.21,0.193,0.134
371.0,381.0,0.02,0.039,0.057,0.074,0.09,0.105,0.119,0.133,0.146,0.158,0.169,0.179,0.23,0.263,0.284,0.294,0.297,0.286,0.268,0.248,0.228,0.21,0.193,0.134
371.0,382.0,0.02,0.039,0.057,0.074,0.09,0.105,0.119,0.133,0.145,0.157,0.169,0.179,0.23,0.263,0.283,0.294,0.297,0.286,0.268,0.248,0.229,0.21,0.194,0.134
371.0,383.0,0.02,0.039,0.057,0.074,0.09,0.105,0.119,0.133,0.145,0.157,0.168,0.179,0.23,0.263,0.283,0.294,0.297,0.286,0.268,0.249,0.229,0.211,0.194,0.134
372.0,373.0,0.02,0.039,0.057,0.074,0.091,0.106,0.12,0.134,0.146,0.158,0.169,0.18,0.231,0.264,0.284,0.295,0.297,0.285,0.267,0.247,0.228,0.209,0.192,0.133
372.0,374.0,0.02,0.039,0.057,0.074,0.09,0.106,0.12,0.133,0.146,0.158,0.169,0.18,0.231,0.264,0.284,0.295,0.297,0.285,0.267,0.248,0.228,0.209,0.193,0.133
372.0,375.0,0.02,0.039,0.057,0.074,0.09,0.106,0.12,0.133,0.146,0.158,0.169,0.18,0.23,0.264,0.284,0.295,0.297,0.286,0.268,0.248,0.228,0.21,0.193,0.133
372.0,376.0,0.02,0.039,0.057,0.074,0.09,0.105,0.12,0.133,0.146,0.158,0.169,0.18,0.23,0.264,0.284,0.295,0.297,0.286,0.268,0.248,0.228,0.21,0.193,0.134
372.0,377.0,0.02,0.039,0.057,0.074,0.09,0.105,0.12,0.133,0.146,0.158,0.169,0.179,0.23,0.263,0.284,0.294,0.297,0.286,0.268,0.248,0.228,0.21,0.193,0.134
372.0,378.0,0.02,0.039,0.057,0.074,0.09,0.105,0.12,0.133,0.146,0.158,0.169,0.179,0.23,0.263,0.284,0.294,0.297,0.286,0.268,0.248,0.228,0.21,0.193,0.134
372.0,379.0,0.02,0.039,0.057,0.074,0.09,0.105,0.119,0.133,0.146,0.157,0.169,0.179,0.23,0.263,0.284,0.294,0.297,0.286,0.268,0.248,0.229,0.21,0.193,0.134
372.0,380.0,0.02,0.039,0.057,0.074,0.09,0.105,0.119,0.133,0.145,0.157,0.169,0.179,0.23,0.263,0.284,0.294,0.297,0.286,0.268,0.248,0.229,0.21,0.194,0.134
372.0,381.0,0.02,0.039,0.057,0.074,0.09,0.105,0.119,0.133,0.145,0.157,0.168,0.179,0.23,0.263,0.283,0.294,0.297,0.286,0.268,0.248,0.229,0.21,0.194,0.134
372.0,382.0,0.02,0.039,0.057,0.074,0.09,0.105,0.119,0.133,0.145,0.157,0.168,0.179,0.23,0.263,0.283,0.294,0.297,0.286,0.268,0.249,0.229,0.211,0.194,0.134
372.0,383.0,0.02,0.039,0.057,0.074,0.09,0.105,0.119,0.133,0.145,0.157,0.168,0.179,0.23,0.263,0.283,0.294,0.297,0.286,0.268,0.249,0.229,0.211,0.194,0.134
372.0,384.0,0.02,0.039,0.057,0.074,0.09,0.105,0.119,0.132,0.145,0.157,0.168,0.179,0.229,0.263,0.283,0.294,0.297,0.286,0.269,0.249,0.229,0.211,0.194,0.134
373.0,374.0,0.019,0.038,0.055,0.072,0.087,0.102,0.116,0.129,0.141,0.153,0.164,0.175,0.225,0.259,0.281,0.293,0.298,0.289,0.272,0.253,0.234,0.216,0.199,0.139
373.0,375.0,0.019,0.038,0.055,0.072,0.087,0.102,0.116,0.129,0.142,0.153,0.165,0.175,0.226,0.26,0.281,0.293,0.298,0.288,0.272,0.253,0.234,0.216,0.199,0.138
373.0,376.0,0.019,0.038,0.055,0.072,0.088,0.102,0.116,0.13,0.142,0.154,0.165,0.175,0.226,0.26,0.281,0.293,0.298,0.288,0.272,0.253,0.234,0.215,0.199,0.138
373.0,377.0,0.019,0.038,0.055,0.072,0.088,0.102,0.116,0.13,0.142,0.154,0.165,0.176,0.226,0.26,0.281,0.293,0.298,0.288,0.272,0.252,0.233,0.215,0.198,0.138
373.0,378.0,0.02,0.038,0.056,0.072,0.088,0.103,0.117,0.13,0.142,0.154,0.165,0.176,0.226,0.26,0.281,0.293,0.298,0.288,0.271,0.252,0.233,0.215,0.198,0.138
373.0,379.0,0.02,0.038,0.056,0.072,0.088,0.103,0.117,0.13,0.143,0.154,0.165,0.176,0.227,0.26,0.281,0.293,0.298,0.288,0.271,0.252,0.233,0.214,0.198,0.137
373.0,380.0,0.02,0.038,0.056,0.072,0.088,0.103,0.117,0.13,0.143,0.155,0.166,0.176,0.227,0.261,0.282,0.293,0.298,0.288,0.271,0.252,0.232,0.214,0.197,0.137
373.0,381.0,0.02,0.038,0.056,0.072,0.088,0.103,0.117,0.13,0.143,0.155,0.166,0.176,0.227,0.261,0.282,0.293,0.298,0.288,0.271,0.252,0.232,0.214,0.197,0.137
373.0,382.0,0.02,0.038,0.056,0.073,0.088,0.103,0.117,0.131,0.143,0.155,0.166,0.177,0.227,0.261,0.282,0.293,0.298,0.287,0.271,0.251,0.232,0.214,0.197,0.137
373.0,383.0,0.02,0.038,0.056,0.073,0.088,0.103,0.117,0.131,0.143,0.155,0.166,0.177,0.227,0.261,0.282,0.293,0.298,0.287,0.27,0.251,0.232,0.213,0.197,0.137
373.0,384.0,0.02,0.038,0.056,0.073,0.089,0.103,0.118,0.131,0.143,0.155,0.166,0.177,0.228,0.261,0.282,0.294,0.298,0.287,0.27,0.251,0.232,0.213,0.197,0.136
373.0,385.0,0.02,0.038,0.056,0.073,0.089,0.104,0.118,0.131,0.144,0.155,0.167,0.177,0.228,0.261,0.282,0.294,0.298,0.287,0.27,0.251,0.231,0.213,0.196,0.136
374.0,375.0,0.018,0.036,0.053,0.068,0.083,0.098,0.111,0.124,0.136,0.148,0.158,0.169,0.219,0.254,0.276,0.29,0.298,0.292,0.277,0.26,0.242,0.224,0.207,0.146
374.0,376.0,0.019,0.036,0.053,0.069,0.084,0.098,0.112,0.124,0.137,0.148,0.159,0.169,0.22,0.254,0.277,0.29,0.298,0.291,0.277,0.259,0.241,0.223,0.207,0.145
374.0,377.0,0.019,0.036,0.053,0.069,0.084,0.098,0.112,0.125,0.137,0.149,0.159,0.17,0.22,0.255,0.277,0.29,0.298,0.291,0.277,0.259,0.24,0.223,0.206,0.144
374.0,378.0,0.019,0.036,0.053,0.069,0.084,0.099,0.112,0.125,0.137,0.149,0.16,0.17,0.221,0.255,0.277,0.291,0.298,0.291,0.276,0.258,0.24,0.222,0.205,0.144
374.0,379.0,0.019,0.037,0.053,0.069,0.085,0.099,0.113,0.126,0.138,0.149,0.16,0.171,0.221,0.256,0.278,0.291,0.298,0.291,0.276,0.258,0.239,0.221,0.205,0.143
374.0,380.0,0.019,0.037,0.054,0.07,0.085,0.099,0.113,0.126,0.138,0.15,0.161,0.171,0.222,0.256,0.278,0.291,0.298,0.291,0.276,0.257,0.239,0.221,0.204,0.143
374.0,381.0,0.019,0.037,0.054,0.07,0.085,0.1,0.113,0.126,0.138,0.15,0.161,0.171,0.222,0.256,0.278,0.291,0.298,0.29,0.275,0.257,0.238,0.22,0.204,0.143
374.0,382.0,0.019,0.037,0.054,0.07,0.085,0.1,0.114,0.127,0.139,0.15,0.161,0.172,0.222,0.257,0.279,0.291,0.298,0.29,0.275,0.257,0.238,0.22,0.203,0.142
374.0,383.0,0.019,0.037,0.054,0.07,0.086,0.1,0.114,0.127,0.139,0.151,0.162,0.172,0.223,0.257,0.279,0.292,0.298,0.29,0.275,0.256,0.238,0.219,0.203,0.142
374.0,384.0,0.019,0.037,0.054,0.07,0.086,0.1,0.114,0.127,0.139,0.151,0.162,0.172,0.223,0.257,0.279,0.292,0.298,0.29,0.274,0.256,0.237,0.219,0.202,0.141
374.0,385.0,0.019,0.037,0.054,0.07,0.086,0.1,0.114,0.127,0.14,0.151,0.162,0.173,0.223,0.257,0.279,0.292,0.298,0.29,0.274,0.256,0.237,0.219,0.202,0.141
374.0,386.0,0.019,0.037,0.054,0.071,0.086,0.101,0.114,0.128,0.14,0.152,0.163,0.173,0.224,0.258,0.279,0.292,0.298,0.29,0.274,0.255,0.236,0.218,0.202,0.141
375.0,376.0,0.018,0.035,0.051,0.067,0.081,0.095,0.108,0.121,0.133,0.144,0.155,0.165,0.215,0.25,0.274,0.288,0.298,0.293,0.28,0.264,0.246,0.229,0.212,0.15
375.0,377.0,0.018,0.035,0.052,0.067,0.082,0.096,0.109,0.122,0.134,0.145,0.156,0.166,0.216,0.251,0.274,0.289,0.298,0.293,0.28,0.263,0.245,0.227,0.211,0.149
375.0,378.0,0.018,0.035,0.052,0.067,0.082,0.096,0.11,0.122,0.134,0.146,0.157,0.167,0.217,0.252,0.275,0.289,0.298,0.293,0.279,0.262,0.244,0.226,0.21,0.148
375.0,379.0,0.018,0.036,0.052,0.068,0.083,0.097,0.11,0.123,0.135,0.147,0.157,0.168,0.218,0.253,0.276,0.289,0.298,0.292,0.278,0.261,0.243,0.225,0.209,0.147
375.0,380.0,0.018,0.036,0.052,0.068,0.083,0.097,0.111,0.124,0.136,0.147,0.158,0.168,0.219,0.253,0.276,0.29,0.298,0.292,0.278,0.26,0.242,0.224,0.208,0.146
375.0,381.0,0.018,0.036,0.053,0.069,0.084,0.098,0.111,0.124,0.136,0.148,0.159,0.169,0.22,0.254,0.277,0.29,0.298,0.292,0.277,0.26,0.241,0.223,0.207,0.145
375.0,382.0,0.019,0.036,0.053,0.069,0.084,0.098,0.112,0.125,0.137,0.149,0.159,0.17,0.22,0.255,0.277,0.29,0.298,0.291,0.277,0.259,0.24,0.222,0.206,0.144
375.0,383.0,0.019,0.036,0.053,0.069,0.084,0.099,0.112,0.125,0.138,0.149,0.16,0.17,0.221,0.255,0.278,0.291,0.298,0.291,0.276,0.258,0.24,0.222,0.205,0.144
375.0,384.0,0.019,0.037,0.054,0.07,0.085,0.099,0.113,0.126,0.138,0.15,0.161,0.171,0.221,0.256,0.278,0.291,0.298,0.291,0.276,0.257,0.239,0.221,0.204,0.143
375.0,385.0,0.019,0.037,0.054,0.07,0.085,0.1,0.113,0.126,0.139,0.15,0.161,0.171,0.222,0.256,0.278,0.291,0.298,0.29,0.275,0.257,0.238,0.22,0.204,0.142
375.0,386.0,0.019,0.037,0.054,0.07,0.085,0.1,0.114,0.127,0.139,0.151,0.162,0.172,0.223,0.257,0.279,0.292,0.298,0.29,0.275,0.256,0.238,0.22,0.203,0.142
375.0,387.0,0.019,0.037,0.054,0.07,0.086,0.1,0.114,0.127,0.139,0.151,0.162,0.172,0.223,0.257,0.279,0.292,0.298,0.29,0.274,0.256,0.237,0.219,0.202,0.141
376.0,377.0,0.018,0.034,0.05,0.066,0.08,0.094,0.107,0.119,0.131,0.142,0.153,0.163,0.213,0.248,0.272,0.287,0.298,0.294,0.282,0.266,0.248,0.231,0.215,0.152
376.0,378.0,0.018,0.035,0.051,0.066,0.081,0.095,0.108,0.12,0.132,0.143,0.154,0.164,0.214,0.249,0.273,0.288,0.298,0.294,0.281,0.265,0.247,0.23,0.213,0.151
376.0,379.0,0.018,0.035,0.051,0.067,0.081,0.095,0.108,0.121,0.133,0.144,0.155,0.165,0.215,0.25,0.274,0.288,0.298,0.293,0.28,0.264,0.246,0.228,0.212,0.15
376.0,380.0,0.018,0.035,0.052,0.067,0.082,0.096,0.109,0.122,0.134,0.145,0.156,0.166,0.216,0.251,0.274,0.289,0.298,0.293,0.28,0.263,0.245,0.227,0.211,0.149
376.0,381.0,0.018,0.035,0.052,0.068,0.082,0.096,0.11,0.122,0.135,0.146,0.157,0.167,0.217,0.252,0.275,0.289,0.298,0.293,0.279,0.262,0.244,0.226,0.21,0.148
376.0,382.0,0.018,0.036,0.052,0.068,0.083,0.097,0.11,0.123,0.135,0.147,0.157,0.168,0.218,0.253,0.276,0.289,0.298,0.292,0.278,0.261,0.243,0.225,0.209,0.147
376.0,383.0,0.018,0.036,0.053,0.068,0.083,0.098,0.111,0.124,0.136,0.147,0.158,0.168,0.219,0.254,0.276,0.29,0.298,0.292,0.278,0.26,0.242,0.224,0.208,0.146
376.0,384.0,0.019,0.036,0.053,0.069,0.084,0.098,0.112,0.124,0.137,0.148,0.159,0.169,0.22,0.254,0.277,0.29,0.298,0.291,0.277,0.259,0.241,0.223,0.207,0.145
376.0,385.0,0.019,0.036,0.053,0.069,0.084,0.098,0.112,0.125,0.137,0.149,0.159,0.17,0.22,0.255,0.277,0.291,0.298,0.291,0.277,0.259,0.24,0.222,0.206,0.144
376.0,386.0,0.019,0.036,0.053,0.069,0.085,0.099,0.113,0.125,0.138,0.149,0.16,0.17,0.221,0.255,0.278,0.291,0.298,0.291,0.276,0.258,0.24,0.222,0.205,0.144
376.0,387.0,0.019,0.037,0.054,0.07,0.085,0.099,0.113,0.126,0.138,0.15,0.161,0.171,0.222,0.256,0.278,0.291,0.298,0.291,0.276,0.257,0.239,0.221,0.204,0.143
376.0,388.0,0.019,0.037,0.054,0.07,0.085,0.1,0.113,0.126,0.139,0.15,0.161,0.172,0.222,0.256,0.278,0.291,0.298,0.29,0.275,0.257,0.238,0.22,0.204,0.142
377.0,378.0,0.018,0.034,0.05,0.065,0.08,0.093,0.106,0.119,0.131,0.142,0.152,0.162,0.213,0.248,0.272,0.287,0.298,0.294,0.282,0.266,0.249,0.232,0.216,0.153
377.0,379.0,0.018,0.035,0.051,0.066,0.08,0.094,0.107,0.12,0.132,0.143,0.153,0.164,0.214,0.249,0.273,0.287,0.298,0.294,0.281,0.265,0.248,0.23,0.214,0.152
377.0,380.0,0.018,0.035,0.051,0.066,0.081,0.095,0.108,0.121,0.133,0.144,0.155,0.165,0.215,0.25,0.273,0.288,0.298,0.294,0.281,0.264,0.246,0.229,0.213,0.15
377.0,381.0,0.018,0.035,0.051,0.067,0.082,0.096,0.109,0.121,0.133,0.145,0.155,0.166,0.216,0.251,0.274,0.288,0.298,0.293,0.28,0.263,0.245,0.228,0.211,0.149
377.0,382.0,0.018,0.035,0.052,0.067,0.082,0.096,0.11,0.122,0.134,0.146,0.156,0.167,0.217,0.252,0.275,0.289,0.298,0.293,0.279,0.262,0.244,0.227,0.21,0.148
377.0,383.0,0.018,0.036,0.052,0.068,0.083,0.097,0.11,0.123,0.135,0.146,0.157,0.167,0.218,0.253,0.276,0.289,0.298,0.292,0.278,0.261,0.243,0.225,0.209,0.147
377.0,384.0,0.018,0.036,0.052,0.068,0.083,0.097,0.111,0.124,0.136,0.147,0.158,0.168,0.219,0.253,0.276,0.29,0.298,0.292,0.278,0.26,0.242,0.224,0.208,0.146
377.0,385.0,0.018,0.036,0.053,0.069,0.084,0.098,0.111,0.124,0.136,0.148,0.159,0.169,0.219,0.254,0.277,0.29,0.298,0.292,0.277,0.26,0.241,0.223,0.207,0.145
377.0,386.0,0.019,0.036,0.053,0.069,0.084,0.098,0.112,0.125,0.137,0.149,0.159,0.17,0.22,0.255,0.277,0.291,0.298,0.291,0.277,0.259,0.24,0.222,0.206,0.144
377.0,387.0,0.019,0.036,0.053,0.069,0.085,0.099,0.113,0.125,0.138,0.149,0.16,0.17,0.221,0.255,0.278,0.291,0.298,0.291,0.276,0.258,0.24,0.222,0.205,0.144
377.0,388.0,0.019,0.037,0.054,0.07,0.085,0.099,0.113,0.126,0.138,0.15,0.161,0.171,0.222,0.256,0.278,0.291,0.298,0.291,0.275,0.257,0.239,0.221,0.204,0.143
377.0,389.0,0.019,0.037,0.054,0.07,0.085,0.1,0.113,0.126,0.139,0.15,0.161,0.172,0.222,0.257,0.279,0.291,0.298,0.29,0.275,0.257,0.238,0.22,0.203,0.142
378.0,379.0,0.017,0.034,0.05,0.065,0.08,0.093,0.106,0.119,0.13,0.142,0.152,0.162,0.212,0.248,0.271,0.287,0.298,0.294,0.282,0.267,0.249,0.232,0.216,0.153
378.0,380.0,0.018,0.034,0.051,0.066,0.08,0.094,0.107,0.12,0.131,0.143,0.153,0.163,0.214,0.249,0.272,0.287,0.298,0.294,0.282,0.265,0.248,0.231,0.214,0.152
378.0,381.0,0.018,0.035,0.051,0.066,0.081,0.095,0.108,0.121,0.132,0.144,0.154,0.165,0.215,0.25,0.273,0.288,0.298,0.294,0.281,0.264,0.247,0.229,0.213,0.15
378.0,382.0,0.018,0.035,0.051,0.067,0.082,0.096,0.109,0.121,0.133,0.145,0.155,0.166,0.216,0.251,0.274,0.288,0.298,0.293,0.28,0.263,0.245,0.228,0.211,0.149
378.0,383.0,0.018,0.035,0.052,0.067,0.082,0.096,0.11,0.122,0.134,0.146,0.156,0.167,0.217,0.252,0.275,0.289,0.298,0.293,0.279,0.262,0.244,0.227,0.21,0.148
378.0,384.0,0.018,0.036,0.052,0.068,0.083,0.097,0.11,0.123,0.135,0.147,0.157,0.168,0.218,0.253,0.276,0.289,0.298,0.292,0.278,0.261,0.243,0.225,0.209,0.147
378.0,385.0,0.018,0.036,0.053,0.068,0.083,0.098,0.111,0.124,0.136,0.147,0.158,0.168,0.219,0.254,0.276,0.29,0.298,0.292,0.278,0.26,0.242,0.224,0.208,0.146
378.0,386.0,0.019,0.036,0.053,0.069,0.084,0.098,0.112,0.124,0.137,0.148,0.159,0.169,0.22,0.254,0.277,0.29,0.298,0.291,0.277,0.259,0.241,0.223,0.206,0.145
378.0,387.0,0.019,0.036,0.053,0.069,0.084,0.099,0.112,0.125,0.137,0.149,0.16,0.17,0.221,0.255,0.277,0.291,0.298,0.291,0.276,0.258,0.24,0.222,0.205,0.144
378.0,388.0,0.019,0.037,0.053,0.07,0.085,0.099,0.113,0.126,0.138,0.15,0.16,0.171,0.221,0.256,0.278,0.291,0.298,0.291,0.276,0.258,0.239,0.221,0.204,0.143
378.0,389.0,0.019,0.037,0.054,0.07,0.085,0.1,0.113,0.126,0.139,0.15,0.161,0.171,0.222,0.256,0.278,0.291,0.298,0.29,0.275,0.257,0.238,0.22,0.204,0.142
378.0,390.0,0.019,0.037,0.054,0.07,0.086,0.1,0.114,0.127,0.139,0.151,0.162,0.172,0.223,0.257,0.279,0.292,0.298,0.29,0.275,0.256,0.237,0.219,0.203,0.142
379.0,380.0,0.017,0.034,0.05,0.065,0.079,0.093,0.106,0.118,0.13,0.141,0.152,0.162,0.212,0.247,0.271,0.286,0.298,0.295,0.283,0.267,0.25,0.233,0.217,0.154
379.0,381.0,0.018,0.034,0.05,0.066,0.08,0.094,0.107,0.119,0.131,0.142,0.153,0.163,0.213,0.248,0.272,0.287,0.298,0.294,0.282,0.266,0.249,0.231,0.215,0.152
379.0,382.0,0.018,0.035,0.051,0.066,0.081,0.095,0.108,0.12,0.132,0.143,0.154,0.164,0.214,0.249,0.273,0.288,0.298,0.294,0.281,0.265,0.247,0.23,0.213,0.151
379.0,383.0,0.018,0.035,0.051,0.067,0.081,0.095,0.109,0.121,0.133,0.144,0.155,0.165,0.215,0.25,0.274,0.288,0.298,0.293,0.28,0.264,0.246,0.228,0.212,0.15
379.0,384.0,0.018,0.035,0.052,0.067,0.082,0.096,0.109,0.122,0.134,0.145,0.156,0.166,0.216,0.251,0.275,0.289,0.298,0.293,0.279,0.263,0.245,0.227,0.211,0.148
379.0,385.0,0.018,0.036,0.052,0.068,0.083,0.097,0.11,0.123,0.135,0.146,0.157,0.167,0.218,0.252,0.275,0.289,0.298,0.292,0.279,0.262,0.243,0.226,0.209,0.147
379.0,386.0,0.018,0.036,0.052,0.068,0.083,0.097,0.111,0.123,0.136,0.147,0.158,0.168,0.218,0.253,0.276,0.29,0.298,0.292,0.278,0.261,0.242,0.225,0.208,0.146
379.0,387.0,0.018,0.036,0.053,0.069,0.084,0.098,0.111,0.124,0.136,0.148,0.159,0.169,0.219,0.254,0.277,0.29,0.298,0.292,0.277,0.26,0.241,0.224,0.207,0.145
379.0,388.0,0.019,0.036,0.053,0.069,0.084,0.098,0.112,0.125,0.137,0.149,0.159,0.17,0.22,0.255,0.277,0.29,0.298,0.291,0.277,0.259,0.24,0.223,0.206,0.144
379.0,389.0,0.019,0.036,0.053,0.069,0.085,0.099,0.113,0.125,0.138,0.149,0.16,0.17,0.221,0.255,0.278,0.291,0.298,0.291,0.276,0.258,0.239,0.222,0.205,0.144
379.0,390.0,0.019,0.037,0.054,0.07,0.085,0.099,0.113,0.126,0.138,0.15,0.161,0.171,0.222,0.256,0.278,0.291,0.298,0.29,0.275,0.257,0.239,0.221,0.204,0.143
379.0,391.0,0.019,0.037,0.054,0.07,0.085,0.1,0.114,0.127,0.139,0.151,0.161,0.172,0.222,0.257,0.279,0.291,0.298,0.29,0.275,0.257,0.238,0.22,0.203,0.142
380.0,381.0,0.017,0.034,0.05,0.065,0.08,0.093,0.106,0.119,0.13,0.142,0.152,0.162,0.212,0.248,0.271,0.287,0.298,0.294,0.282,0.267,0.249,0.232,0.216,0.153
380.0,382.0,0.018,0.035,0.051,0.066,0.08,0.094,0.107,0.12,0.132,0.143,0.153,0.164,0.214,0.249,0.272,0.287,0.298,0.294,0.282,0.265,0.248,0.231,0.214,0.152
380.0,383.0,0.018,0.035,0.051,0.066,0.081,0.095,0.108,0.121,0.133,0.144,0.155,0.165,0.215,0.25,0.273,0.288,0.298,0.293,0.281,0.264,0.246,0.229,0.213,0.15
380.0,384.0,0.018,0.035,0.051,0.067,0.082,0.096,0.109,0.122,0.134,0.145,0.156,0.166,0.216,0.251,0.274,0.289,0.298,0.293,0.28,0.263,0.245,0.228,0.211,0.149
380.0,385.0,0.018,0.035,0.052,0.068,0.082,0.096,0.11,0.122,0.135,0.146,0.157,0.167,0.217,0.252,0.275,0.289,0.298,0.293,0.279,0.262,0.244,0.226,0.21,0.148
380.0,386.0,0.018,0.036,0.052,0.068,0.083,0.097,0.111,0.123,0.135,0.147,0.158,0.168,0.218,0.253,0.276,0.29,0.298,0.292,0.278,0.261,0.243,0.225,0.208,0.147
380.0,387.0,0.018,0.036,0.053,0.068,0.084,0.098,0.111,0.124,0.136,0.148,0.159,0.169,0.219,0.254,0.276,0.29,0.298,0.292,0.277,0.26,0.241,0.224,0.207,0.145
380.0,388.0,0.019,0.036,0.053,0.069,0.084,0.098,0.112,0.125,0.137,0.148,0.159,0.17,0.22,0.255,0.277,0.29,0.298,0.291,0.277,0.259,0.24,0.223,0.206,0.144
380.0,389.0,0.019,0.036,0.053,0.069,0.085,0.099,0.113,0.125,0.138,0.149,0.16,0.17,0.221,0.255,0.278,0.291,0.298,0.291,0.276,0.258,0.239,0.222,0.205,0.144
380.0,390.0,0.019,0.037,0.054,0.07,0.085,0.099,0.113,0.126,0.138,0.15,0.161,0.171,0.222,0.256,0.278,0.291,0.298,0.29,0.275,0.257,0.239,0.221,0.204,0.143
380.0,391.0,0.019,0.037,0.054,0.07,0.085,0.1,0.114,0.127,0.139,0.151,0.162,0.172,0.222,0.257,0.279,0.292,0.298,0.29,0.275,0.256,0.238,0.22,0.203,0.142
380.0,392.0,0.019,0.037,0.054,0.07,0.086,0.1,0.114,0.127,0.14,0.151,0.162,0.173,0.223,0.257,0.279,0.292,0.298,0.29,0.274,0.256,0.237,0.219,0.202,0.141
381.0,382.0,0.017,0.034,0.05,0.065,0.079,0.093,0.106,0.118,0.13,0.141,0.152,0.162,0.212,0.247,0.271,0.286,0.298,0.295,0.283,0.267,0.25,0.233,0.216,0.154
381.0,383.0,0.018,0.034,0.05,0.066,0.08,0.094,0.107,0.119,0.131,0.142,0.153,0.163,0.213,0.248,0.272,0.287,0.298,0.294,0.282,0.266,0.248,0.231,0.215,0.152
381.0,384.0,0.018,0.035,0.051,0.066,0.081,0.095,0.108,0.12,0.132,0.143,0.154,0.164,0.214,0.25,0.273,0.288,0.298,0.294,0.281,0.265,0.247,0.23,0.213,0.151
381.0,385.0,0.018,0.035,0.051,0.067,0.081,0.095,0.109,0.121,0.133,0.145,0.155,0.165,0.216,0.251,0.274,0.288,0.298,0.293,0.28,0.263,0.246,0.228,0.212,0.149
381.0,386.0,0.018,0.035,0.052,0.067,0.082,0.096,0.109,0.122,0.134,0.145,0.156,0.166,0.217,0.252,0.275,0.289,0.298,0.293,0.279,0.262,0.244,0.227,0.21,0.148
381.0,387.0,0.018,0.036,0.052,0.068,0.083,0.097,0.11,0.123,0.135,0.146,0.157,0.167,0.218,0.253,0.275,0.289,0.298,0.292,0.278,0.261,0.243,0.226,0.209,0.147
381.0,388.0,0.018,0.036,0.052,0.068,0.083,0.097,0.111,0.124,0.136,0.147,0.158,0.168,0.219,0.253,0.276,0.29,0.298,0.292,0.278,0.26,0.242,0.224,0.208,0.146
381.0,389.0,0.019,0.036,0.053,0.069,0.084,0.098,0.112,0.124,0.137,0.148,0.159,0.169,0.22,0.254,0.277,0.29,0.298,0.291,0.277,0.259,0.241,0.223,0.207,0.145
381.0,390.0,0.019,0.036,0.053,0.069,0.084,0.099,0.112,0.125,0.137,0.149,0.16,0.17,0.22,0.255,0.277,0.291,0.298,0.291,0.276,0.259,0.24,0.222,0.206,0.144
381.0,391.0,0.019,0.037,0.053,0.069,0.085,0.099,0.113,0.126,0.138,0.149,0.16,0.171,0.221,0.256,0.278,0.291,0.298,0.291,0.276,0.258,0.239,0.221,0.205,0.143
381.0,392.0,0.019,0.037,0.054,0.07,0.085,0.1,0.113,0.126,0.139,0.15,0.161,0.171,0.222,0.256,0.278,0.291,0.298,0.29,0.275,0.257,0.238,0.22,0.204,0.142
381.0,393.0,0.019,0.037,0.054,0.07,0.086,0.1,0.114,0.127,0.139,0.151,0.162,0.172,0.223,0.257,0.279,0.292,0.298,0.29,0.275,0.256,0.237,0.219,0.203,0.142
382.0,383.0,0.017,0.033,0.049,0.064,0.078,0.091,0.104,0.116,0.128,0.139,0.149,0.159,0.209,0.245,0.269,0.285,0.298,0.295,0.284,0.269,0.253,0.236,0.22,0.157
382.0,384.0,0.017,0.034,0.049,0.064,0.079,0.092,0.105,0.117,0.129,0.14,0.151,0.161,0.211,0.246,0.27,0.286,0.298,0.295,0.284,0.268,0.251,0.234,0.218,0.155
382.0,385.0,0.017,0.034,0.05,0.065,0.079,0.093,0.106,0.118,0.13,0.141,0.152,0.162,0.212,0.247,0.271,0.286,0.298,0.295,0.283,0.267,0.25,0.233,0.216,0.154
382.0,386.0,0.018,0.034,0.05,0.065,0.08,0.094,0.107,0.119,0.131,0.142,0.153,0.163,0.213,0.248,0.272,0.287,0.298,0.294,0.282,0.266,0.249,0.231,0.215,0.152
382.0,387.0,0.018,0.035,0.051,0.066,0.081,0.094,0.108,0.12,0.132,0.143,0.154,0.164,0.214,0.249,0.273,0.287,0.298,0.294,0.281,0.265,0.247,0.23,0.214,0.151
382.0,388.0,0.018,0.035,0.051,0.066,0.081,0.095,0.108,0.121,0.133,0.144,0.155,0.165,0.215,0.25,0.273,0.288,0.298,0.293,0.281,0.264,0.246,0.229,0.212,0.15
382.0,389.0,0.018,0.035,0.051,0.067,0.082,0.096,0.109,0.122,0.133,0.145,0.156,0.166,0.216,0.251,0.274,0.288,0.298,0.293,0.28,0.263,0.245,0.228,0.211,0.149
382.0,390.0,0.018,0.035,0.052,0.067,0.082,0.096,0.11,0.122,0.134,0.146,0.156,0.167,0.217,0.252,0.275,0.289,0.298,0.293,0.279,0.262,0.244,0.227,0.21,0.148
382.0,391.0,0.018,0.036,0.052,0.068,0.083,0.097,0.11,0.123,0.135,0.146,0.157,0.167,0.218,0.253,0.275,0.289,0.298,0.292,0.279,0.261,0.243,0.226,0.209,0.147
382.0,392.0,0.018,0.036,0.052,0.068,0.083,0.097,0.111,0.123,0.136,0.147,0.158,0.168,0.218,0.253,0.276,0.29,0.298,0.292,0.278,0.261,0.242,0.225,0.208,0.146
382.0,393.0,0.018,0.036,0.053,0.068,0.083,0.098,0.111,0.124,0.136,0.148,0.158,0.169,0.219,0.254,0.276,0.29,0.298,0.292,0.277,0.26,0.242,0.224,0.207,0.146
382.0,394.0,0.019,0.036,0.053,0.069,0.084,0.098,0.112,0.125,0.137,0.148,0.159,0.169,0.22,0.254,0.277,0.29,0.298,0.291,0.277,0.259,0.241,0.223,0.206,0.145
383.0,384.0,0.017,0.034,0.05,0.065,0.079,0.092,0.105,0.118,0.129,0.14,0.151,0.161,0.211,0.246,0.27,0.286,0.298,0.295,0.283,0.268,0.251,0.234,0.218,0.155
383.0,385.0,0.017,0.034,0.05,0.065,0.079,0.093,0.106,0.119,0.13,0.141,0.152,0.162,0.212,0.247,0.271,0.286,0.298,0.294,0.283,0.267,0.249,0.232,0.216,0.153
383.0,386.0,0.018,0.034,0.05,0.066,0.08,0.094,0.107,0.119,0.131,0.142,0.153,0.163,0.213,0.249,0.272,0.287,0.298,0.294,0.282,0.266,0.248,0.231,0.215,0.152
383.0,387.0,0.018,0.035,0.051,0.066,0.081,0.095,0.108,0.12,0.132,0.143,0.154,0.164,0.214,0.249,0.273,0.288,0.298,0.294,0.281,0.265,0.247,0.23,0.213,0.151
383.0,388.0,0.018,0.035,0.051,0.067,0.081,0.095,0.108,0.121,0.133,0.144,0.155,0.165,0.215,0.25,0.274,0.288,0.298,0.293,0.28,0.264,0.246,0.228,0.212,0.15
383.0,389.0,0.018,0.035,0.052,0.067,0.082,0.096,0.109,0.122,0.134,0.145,0.156,0.166,0.216,0.251,0.274,0.289,0.298,0.293,0.28,0.263,0.245,0.227,0.211,0.149
383.0,390.0,0.018,0.035,0.052,0.067,0.082,0.096,0.11,0.122,0.134,0.146,0.157,0.167,0.217,0.252,0.275,0.289,0.298,0.293,0.279,0.262,0.244,0.226,0.21,0.148
383.0,391.0,0.018,0.036,0.052,0.068,0.083,0.097,0.11,0.123,0.135,0.147,0.157,0.168,0.218,0.253,0.276,0.289,0.298,0.292,0.278,0.261,0.243,0.225,0.209,0.147
383.0,392.0,0.018,0.036,0.052,0.068,0.083,0.097,0.111,0.124,0.136,0.147,0.158,0.168,0.219,0.253,0.276,0.29,0.298,0.292,0.278,0.26,0.242,0.224,0.208,0.146
383.0,393.0,0.018,0.036,0.053,0.069,0.084,0.098,0.111,0.124,0.136,0.148,0.159,0.169,0.219,0.254,0.277,0.29,0.298,0.292,0.277,0.26,0.241,0.223,0.207,0.145
383.0,394.0,0.019,0.036,0.053,0.069,0.084,0.098,0.112,0.125,0.137,0.148,0.159,0.17,0.22,0.255,0.277,0.29,0.298,0.291,0.277,0.259,0.24,0.223,0.206,0.144
383.0,395.0,0.019,0.036,0.053,0.069,0.084,0.099,0.112,0.125,0.137,0.149,0.16,0.17,0.221,0.255,0.278,0.291,0.298,0.291,0.276,0.258,0.24,0.222,0.205,0.144
384.0,385.0,0.018,0.034,0.05,0.065,0.08,0.094,0.107,0.119,0.131,0.142,0.153,0.163,0.213,0.248,0.272,0.287,0.298,0.294,0.282,0.266,0.249,0.232,0.215,0.153
384.0,386.0,0.018,0.035,0.051,0.066,0.08,0.094,0.107,0.12,0.132,0.143,0.154,0.164,0.214,0.249,0.273,0.287,0.298,0.294,0.281,0.265,0.248,0.23,0.214,0.151
384.0,387.0,0.018,0.035,0.051,0.066,0.081,0.095,0.108,0.121,0.133,0.144,0.155,0.165,0.215,0.25,0.273,0.288,0.298,0.293,0.281,0.264,0.246,0.229,0.213,0.15
384.0,388.0,0.018,0.035,0.051,0.067,0.082,0.096,0.109,0.121,0.133,0.145,0.155,0.166,0.216,0.251,0.274,0.288,0.298,0.293,0.28,0.263,0.245,0.228,0.211,0.149
384.0,389.0,0.018,0.035,0.052,0.067,0.082,0.096,0.109,0.122,0.134,0.146,0.156,0.166,0.217,0.252,0.275,0.289,0.298,0.293,0.279,0.262,0.244,0.227,0.21,0.148
384.0,390.0,0.018,0.036,0.052,0.068,0.083,0.097,0.11,0.123,0.135,0.146,0.157,0.167,0.218,0.252,0.275,0.289,0.298,0.292,0.279,0.261,0.243,0.226,0.209,0.147
384.0,391.0,0.018,0.036,0.052,0.068,0.083,0.097,0.111,0.123,0.136,0.147,0.158,0.168,0.218,0.253,0.276,0.29,0.298,0.292,0.278,0.261,0.242,0.225,0.208,0.146
384.0,392.0,0.018,0.036,0.053,0.068,0.083,0.098,0.111,0.124,0.136,0.148,0.158,0.169,0.219,0.254,0.276,0.29,0.298,0.292,0.277,0.26,0.242,0.224,0.207,0.146
384.0,393.0,0.019,0.036,0.053,0.069,0.084,0.098,0.112,0.125,0.137,0.148,0.159,0.169,0.22,0.254,0.277,0.29,0.298,0.291,0.277,0.259,0.241,0.223,0.206,0.145
384.0,394.0,0.019,0.036,0.053,0.069,0.084,0.099,0.112,0.125,0.137,0.149,0.16,0.17,0.22,0.255,0.277,0.291,0.298,0.291,0.276,0.259,0.24,0.222,0.206,0.144
384.0,395.0,0.019,0.037,0.053,0.069,0.085,0.099,0.113,0.126,0.138,0.149,0.16,0.171,0.221,0.256,0.278,0.291,0.298,0.291,0.276,0.258,0.239,0.221,0.205,0.143
384.0,396.0,0.019,0.037,0.054,0.07,0.085,0.099,0.113,0.126,0.138,0.15,0.161,0.171,0.222,0.256,0.278,0.291,0.298,0.291,0.275,0.257,0.239,0.221,0.204,0.143
385.0,386.0,0.018,0.035,0.051,0.066,0.081,0.095,0.108,0.121,0.133,0.144,0.155,0.165,0.215,0.25,0.273,0.288,0.298,0.294,0.281,0.264,0.246,0.229,0.213,0.15
385.0,387.0,0.018,0.035,0.051,0.067,0.082,0.096,0.109,0.121,0.133,0.145,0.155,0.166,0.216,0.251,0.274,0.288,0.298,0.293,0.28,0.263,0.245,0.228,0.211,0.149
385.0,388.0,0.018,0.035,0.052,0.067,0.082,0.096,0.109,0.122,0.134,0.145,0.156,0.166,0.217,0.252,0.275,0.289,0.298,0.293,0.279,0.262,0.244,0.227,0.21,0.148
385.0,389.0,0.018,0.036,0.052,0.068,0.083,0.097,0.11,0.123,0.135,0.146,0.157,0.167,0.218,0.252,0.275,0.289,0.298,0.292,0.279,0.261,0.243,0.226,0.209,0.147
385.0,390.0,0.018,0.036,0.052,0.068,0.083,0.097,0.111,0.123,0.135,0.147,0.158,0.168,0.218,0.253,0.276,0.29,0.298,0.292,0.278,0.261,0.242,0.225,0.208,0.146
385.0,391.0,0.018,0.036,0.053,0.068,0.083,0.098,0.111,0.124,0.136,0.148,0.158,0.169,0.219,0.254,0.276,0.29,0.298,0.292,0.277,0.26,0.242,0.224,0.207,0.146
385.0,392.0,0.019,0.036,0.053,0.069,0.084,0.098,0.112,0.125,0.137,0.148,0.159,0.169,0.22,0.254,0.277,0.29,0.298,0.291,0.277,0.259,0.241,0.223,0.206,0.145
385.0,393.0,0.019,0.036,0.053,0.069,0.084,0.099,0.112,0.125,0.137,0.149,0.16,0.17,0.22,0.255,0.277,0.291,0.298,0.291,0.276,0.259,0.24,0.222,0.206,0.144
385.0,394.0,0.019,0.036,0.053,0.069,0.085,0.099,0.113,0.126,0.138,0.149,0.16,0.171,0.221,0.255,0.278,0.291,0.298,0.291,0.276,0.258,0.239,0.221,0.205,0.144
385.0,395.0,0.019,0.037,0.054,0.07,0.085,0.099,0.113,0.126,0.138,0.15,0.161,0.171,0.222,0.256,0.278,0.291,0.298,0.291,0.275,0.257,0.239,0.221,0.204,0.143
385.0,396.0,0.019,0.037,0.054,0.07,0.085,0.1,0.113,0.126,0.139,0.15,0.161,0.172,0.222,0.256,0.279,0.291,0.298,0.29,0.275,0.257,0.238,0.22,0.203,0.142
385.0,397.0,0.019,0.037,0.054,0.07,0.086,0.1,0.114,0.127,0.139,0.151,0.162,0.172,0.223,0.257,0.279,0.292,0.298,0.29,0.275,0.256,0.238,0.219,0.203,0.142
386.0,387.0,0.018,0.035,0.051,0.067,0.082,0.095,0.109,0.121,0.133,0.145,0.155,0.165,0.216,0.251,0.274,0.288,0.298,0.293,0.28,0.263,0.245,0.228,0.212,0.149
386.0,388.0,0.018,0.035,0.052,0.067,0.082,0.096,0.109,0.122,0.134,0.145,0.156,0.166,0.217,0.252,0.275,0.289,0.298,0.293,0.279,0.262,0.244,0.227,0.21,0.148
386.0,389.0,0.018,0.036,0.052,0.068,0.082,0.097,0.11,0.123,0.135,0.146,0.157,0.167,0.217,0.252,0.275,0.289,0.298,0.292,0.279,0.262,0.244,0.226,0.209,0.147
386.0,390.0,0.018,0.036,0.052,0.068,0.083,0.097,0.111,0.123,0.135,0.147,0.158,0.168,0.218,0.253,0.276,0.29,0.298,0.292,0.278,0.261,0.243,0.225,0.208,0.147
386.0,391.0,0.018,0.036,0.053,0.068,0.083,0.098,0.111,0.124,0.136,0.147,0.158,0.168,0.219,0.254,0.276,0.29,0.298,0.292,0.278,0.26,0.242,0.224,0.208,0.146
386.0,392.0,0.019,0.036,0.053,0.069,0.084,0.098,0.112,0.124,0.136,0.148,0.159,0.169,0.22,0.254,0.277,0.29,0.298,0.291,0.277,0.259,0.241,0.223,0.207,0.145
386.0,393.0,0.019,0.036,0.053,0.069,0.084,0.098,0.112,0.125,0.137,0.149,0.159,0.17,0.22,0.255,0.277,0.29,0.298,0.291,0.277,0.259,0.24,0.222,0.206,0.144
386.0,394.0,0.019,0.036,0.053,0.069,0.084,0.099,0.112,0.125,0.138,0.149,0.16,0.17,0.221,0.255,0.278,0.291,0.298,0.291,0.276,0.258,0.24,0.222,0.205,0.144
386.0,395.0,0.019,0.037,0.053,0.07,0.085,0.099,0.113,0.126,0.138,0.15,0.16,0.171,0.221,0.256,0.278,0.291,0.298,0.291,0.276,0.258,0.239,0.221,0.204,0.143
386.0,396.0,0.019,0.037,0.054,0.07,0.085,0.1,0.113,0.126,0.138,0.15,0.161,0.171,0.222,0.256,0.278,0.291,0.298,0.29,0.275,0.257,0.238,0.22,0.204,0.143
386.0,397.0,0.019,0.037,0.054,0.07,0.085,0.1,0.114,0.127,0.139,0.15,0.161,0.172,0.222,0.257,0.279,0.291,0.298,0.29,0.275,0.257,0.238,0.22,0.203,0.142
386.0,398.0,0.019,0.037,0.054,0.07,0.086,0.1,0.114,0.127,0.139,0.151,0.162,0.172,0.223,0.257,0.279,0.292,0.298,0.29,0.274,0.256,0.237,0.219,0.203,0.142
387.0,388.0,0.018,0.036,0.052,0.068,0.083,0.097,0.111,0.123,0.135,0.147,0.158,0.168,0.218,0.253,0.276,0.29,0.298,0.292,0.278,0.261,0.243,0.225,0.208,0.147
387.0,389.0,0.018,0.036,0.053,0.068,0.083,0.098,0.111,0.124,0.136,0.147,0.158,0.169,0.219,0.254,0.276,0.29,0.298,0.292,0.277,0.26,0.242,0.224,0.207,0.146
387.0,390.0,0.019,0.036,0.053,0.069,0.084,0.098,0.112,0.125,0.137,0.148,0.159,0.169,0.22,0.254,0.277,0.29,0.298,0.291,0.277,0.259,0.241,0.223,0.206,0.145
387.0,391.0,0.019,0.036,0.053,0.069,0.084,0.099,0.112,0.125,0.137,0.149,0.16,0.17,0.22,0.255,0.277,0.291,0.298,0.291,0.276,0.259,0.24,0.222,0.206,0.144
387.0,392.0,0.019,0.037,0.053,0.069,0.085,0.099,0.113,0.126,0.138,0.149,0.16,0.171,0.221,0.256,0.278,0.291,0.298,0.291,0.276,0.258,0.239,0.221,0.205,0.143
387.0,393.0,0.019,0.037,0.054,0.07,0.085,0.099,0.113,0.126,0.138,0.15,0.161,0.171,0.222,0.256,0.278,0.291,0.298,0.29,0.275,0.257,0.239,0.221,0.204,0.143
387.0,394.0,0.019,0.037,0.054,0.07,0.085,0.1,0.114,0.127,0.139,0.15,0.161,0.172,0.222,0.257,0.279,0.291,0.298,0.29,0.275,0.257,0.238,0.22,0.203,0.142
387.0,395.0,0.019,0.037,0.054,0.07,0.086,0.1,0.114,0.127,0.139,0.151,0.162,0.172,0.223,0.257,0.279,0.292,0.298,0.29,0.274,0.256,0.237,0.219,0.203,0.142
387.0,396.0,0.019,0.037,0.054,0.071,0.086,0.101,0.114,0.127,0.14,0.151,0.162,0.173,0.223,0.257,0.279,0.292,0.298,0.29,0.274,0.256,0.237,0.219,0.202,0.141
387.0,397.0,0.019,0.037,0.054,0.071,0.086,0.101,0.115,0.128,0.14,0.152,0.163,0.173,0.224,0.258,0.28,0.292,0.298,0.289,0.274,0.255,0.236,0.218,0.201,0.141
387.0,398.0,0.019,0.037,0.055,0.071,0.086,0.101,0.115,0.128,0.14,0.152,0.163,0.174,0.224,0.258,0.28,0.292,0.298,0.289,0.273,0.255,0.236,0.217,0.201,0.14
387.0,399.0,0.019,0.038,0.055,0.071,0.087,0.101,0.115,0.128,0.141,0.153,0.164,0.174,0.225,0.259,0.28,0.292,0.298,0.289,0.273,0.254,0.235,0.217,0.2,0.14
388.0,389.0,0.018,0.036,0.052,0.068,0.083,0.097,0.11,0.123,0.135,0.146,0.157,0.167,0.218,0.252,0.275,0.289,0.298,0.292,0.279,0.261,0.243,0.226,0.209,0.147
388.0,390.0,0.018,0.036,0.052,0.068,0.083,0.097,0.111,0.123,0.135,0.147,0.158,0.168,0.218,0.253,0.276,0.29,0.298,0.292,0.278,0.261,0.242,0.225,0.208,0.146
388.0,391.0,0.018,0.036,0.053,0.068,0.083,0.098,0.111,0.124,0.136,0.148,0.158,0.169,0.219,0.254,0.276,0.29,0.298,0.292,0.277,0.26,0.242,0.224,0.207,0.146
388.0,392.0,0.019,0.036,0.053,0.069,0.084,0.098,0.112,0.125,0.137,0.148,0.159,0.169,0.22,0.254,0.277,0.29,0.298,0.291,0.277,0.259,0.241,0.223,0.206,0.145
388.0,393.0,0.019,0.036,0.053,0.069,0.084,0.099,0.112,0.125,0.137,0.149,0.16,0.17,0.221,0.255,0.277,0.291,0.298,0.291,0.276,0.258,0.24,0.222,0.205,0.144
388.0,394.0,0.019,0.037,0.053,0.069,0.085,0.099,0.113,0.126,0.138,0.149,0.16,0.171,0.221,0.256,0.278,0.291,0.298,0.291,0.276,0.258,0.239,0.221,0.205,0.143
388.0,395.0,0.019,0.037,0.054,0.07,0.085,0.099,0.113,0.126,0.138,0.15,0.161,0.171,0.222,0.256,0.278,0.291,0.298,0.29,0.275,0.257,0.238,0.22,0.204,0.143
388.0,396.0,0.019,0.037,0.054,0.07,0.085,0.1,0.114,0.127,0.139,0.15,0.161,0.172,0.222,0.257,0.279,0.291,0.298,0.29,0.275,0.257,0.238,0.22,0.203,0.142
388.0,397.0,0.019,0.037,0.054,0.07,0.086,0.1,0.114,0.127,0.139,0.151,0.162,0.172,0.223,0.257,0.279,0.292,0.298,0.29,0.274,0.256,0.237,0.219,0.202,0.141
388.0,398.0,0.019,0.037,0.054,0.071,0.086,0.101,0.114,0.127,0.14,0.151,0.162,0.173,0.223,0.258,0.279,0.292,0.298,0.29,0.274,0.255,0.237,0.219,0.202,0.141
388.0,399.0,0.019,0.037,0.054,0.071,0.086,0.101,0.115,0.128,0.14,0.152,0.163,0.173,0.224,0.258,0.28,0.292,0.298,0.289,0.274,0.255,0.236,0.218,0.201,0.14
388.0,400.0,0.019,0.037,0.055,0.071,0.087,0.101,0.115,0.128,0.141,0.152,0.163,0.174,0.224,0.258,0.28,0.292,0.298,0.289,0.273,0.255,0.236,0.217,0.201,0.14
389.0,390.0,0.018,0.035,0.051,0.067,0.082,0.096,0.109,0.121,0.133,0.145,0.155,0.166,0.216,0.251,0.274,0.288,0.298,0.293,0.28,0.263,0.245,0.228,0.211,0.149
389.0,391.0,0.018,0.035,0.052,0.067,0.082,0.096,0.109,0.122,0.134,0.145,0.156,0.166,0.217,0.252,0.275,0.289,0.298,0.293,0.279,0.262,0.244,0.227,0.21,0.148
389.0,392.0,0.018,0.036,0.052,0.068,0.083,0.097,0.11,0.123,0.135,0.146,0.157,0.167,0.218,0.252,0.275,0.289,0.298,0.292,0.279,0.261,0.243,0.226,0.209,0.147
389.0,393.0,0.018,0.036,0.052,0.068,0.083,0.097,0.111,0.123,0.135,0.147,0.158,0.168,0.218,0.253,0.276,0.29,0.298,0.292,0.278,0.261,0.242,0.225,0.208,0.146
389.0,394.0,0.018,0.036,0.053,0.068,0.083,0.098,0.111,0.124,0.136,0.148,0.158,0.169,0.219,0.254,0.276,0.29,0.298,0.292,0.277,0.26,0.242,0.224,0.207,0.146
389.0,395.0,0.019,0.036,0.053,0.069,0.084,0.098,0.112,0.125,0.137,0.148,0.159,0.169,0.22,0.254,0.277,0.29,0.298,0.291,0.277,0.259,0.241,0.223,0.206,0.145
389.0,396.0,0.019,0.036,0.053,0.069,0.084,0.099,0.112,0.125,0.137,0.149,0.16,0.17,0.22,0.255,0.277,0.291,0.298,0.291,0.276,0.259,0.24,0.222,0.206,0.144
389.0,397.0,0.019,0.036,0.053,0.069,0.085,0.099,0.113,0.125,0.138,0.149,0.16,0.17,0.221,0.255,0.278,0.291,0.298,0.291,0.276,0.258,0.239,0.222,0.205,0.144
389.0,398.0,0.019,0.037,0.054,0.07,0.085,0.099,0.113,0.126,0.138,0.15,0.161,0.171,0.222,0.256,0.278,0.291,0.298,0.291,0.275,0.257,0.239,0.221,0.204,0.143
389.0,399.0,0.019,0.037,0.054,0.07,0.085,0.1,0.113,0.126,0.139,0.15,0.161,0.172,0.222,0.256,0.278,0.291,0.298,0.29,0.275,0.257,0.238,0.22,0.204,0.142
389.0,400.0,0.019,0.037,0.054,0.07,0.085,0.1,0.114,0.127,0.139,0.151,0.162,0.172,0.223,0.257,0.279,0.292,0.298,0.29,0.275,0.256,0.238,0.22,0.203,0.142
389.0,401.0,0.019,0.037,0.054,0.07,0.086,0.1,0.114,0.127,0.139,0.151,0.162,0.172,0.223,0.257,0.279,0.292,0.298,0.29,0.274,0.256,0.237,0.219,0.202,0.141
390.0,391.0,0.018,0.035,0.051,0.067,0.082,0.096,0.109,0.122,0.133,0.145,0.156,0.166,0.216,0.251,0.274,0.288,0.298,0.293,0.28,0.263,0.245,0.228,0.211,0.149
390.0,392.0,0.018,0.035,0.052,0.067,0.082,0.096,0.11,0.122,0.134,0.146,0.156,0.167,0.217,0.252,0.275,0.289,0.298,0.293,0.279,0.262,0.244,0.227,0.21,0.148
390.0,393.0,0.018,0.036,0.052,0.068,0.083,0.097,0.11,0.123,0.135,0.146,0.157,0.167,0.218,0.252,0.275,0.289,0.298,0.292,0.279,0.261,0.243,0.226,0.209,0.147
390.0,394.0,0.018,0.036,0.052,0.068,0.083,0.097,0.111,0.123,0.136,0.147,0.158,0.168,0.218,0.253,0.276,0.29,0.298,0.292,0.278,0.261,0.242,0.225,0.208,0.146
390.0,395.0,0.018,0.036,0.053,0.068,0.083,0.098,0.111,0.124,0.136,0.148,0.158,0.169,0.219,0.254,0.276,0.29,0.298,0.292,0.277,0.26,0.242,0.224,0.207,0.146
390.0,396.0,0.019,0.036,0.053,0.069,0.084,0.098,0.112,0.125,0.137,0.148,0.159,0.169,0.22,0.254,0.277,0.29,0.298,0.291,0.277,0.259,0.241,0.223,0.206,0.145
390.0,397.0,0.019,0.036,0.053,0.069,0.084,0.099,0.112,0.125,0.137,0.149,0.16,0.17,0.22,0.255,0.277,0.291,0.298,0.291,0.276,0.259,0.24,0.222,0.206,0.144
390.0,398.0,0.019,0.036,0.053,0.069,0.085,0.099,0.113,0.125,0.138,0.149,0.16,0.17,0.221,0.255,0.278,0.291,0.298,0.291,0.276,0.258,0.239,0.221,0.205,0.144
390.0,399.0,0.019,0.037,0.054,0.07,0.085,0.099,0.113,0.126,0.138,0.15,0.161,0.171,0.222,0.256,0.278,0.291,0.298,0.291,0.275,0.257,0.239,0.221,0.204,0.143
390.0,400.0,0.019,0.037,0.054,0.07,0.085,0.1,0.113,0.126,0.139,0.15,0.161,0.171,0.222,0.256,0.278,0.291,0.298,0.29,0.275,0.257,0.238,0.22,0.204,0.142
390.0,401.0,0.019,0.037,0.054,0.07,0.085,0.1,0.114,0.127,0.139,0.151,0.162,0.172,0.223,0.257,0.279,0.292,0.298,0.29,0.275,0.256,0.238,0.22,0.203,0.142
390.0,402.0,0.019,0.037,0.054,0.07,0.086,0.1,0.114,0.127,0.139,0.151,0.162,0.172,0.223,0.257,0.279,0.292,0.298,0.29,0.274,0.256,0.237,0.219,0.202,0.141
391.0,392.0,0.018,0.036,0.052,0.068,0.083,0.097,0.11,0.123,0.135,0.147,0.157,0.168,0.218,0.253,0.276,0.289,0.298,0.292,0.278,0.261,0.243,0.225,0.209,0.147
391.0,393.0,0.018,0.036,0.053,0.068,0.083,0.098,0.111,0.124,0.136,0.147,0.158,0.168,0.219,0.254,0.276,0.29,0.298,0.292,0.278,0.26,0.242,0.224,0.208,0.146
391.0,394.0,0.019,0.036,0.053,0.069,0.084,0.098,0.112,0.124,0.137,0.148,0.159,0.169,0.22,0.254,0.277,0.29,0.298,0.291,0.277,0.259,0.241,0.223,0.206,0.145
391.0,395.0,0.019,0.036,0.053,0.069,0.084,0.099,0.112,0.125,0.137,0.149,0.16,0.17,0.221,0.255,0.277,0.291,0.298,0.291,0.276,0.258,0.24,0.222,0.205,0.144
391.0,396.0,0.019,0.037,0.053,0.07,0.085,0.099,0.113,0.126,0.138,0.15,0.16,0.171,0.221,0.256,0.278,0.291,0.298,0.291,0.276,0.258,0.239,0.221,0.205,0.143
391.0,397.0,0.019,0.037,0.054,0.07,0.085,0.1,0.113,0.126,0.139,0.15,0.161,0.171,0.222,0.256,0.278,0.291,0.298,0.29,0.275,0.257,0.238,0.22,0.204,0.142
391.0,398.0,0.019,0.037,0.054,0.07,0.086,0.1,0.114,0.127,0.139,0.151,0.162,0.172,0.223,0.257,0.279,0.292,0.298,0.29,0.275,0.256,0.237,0.219,0.203,0.142
391.0,399.0,0.019,0.037,0.054,0.071,0.086,0.1,0.114,0.127,0.14,0.151,0.162,0.173,0.223,0.257,0.279,0.292,0.298,0.29,0.274,0.256,0.237,0.219,0.202,0.141
391.0,400.0,0.019,0.037,0.054,0.071,0.086,0.101,0.115,0.128,0.14,0.152,0.163,0.173,0.224,0.258,0.28,0.292,0.298,0.289,0.274,0.255,0.236,0.218,0.201,0.14
391.0,401.0,0.019,0.037,0.055,0.071,0.087,0.101,0.115,0.128,0.141,0.152,0.163,0.174,0.224,0.258,0.28,0.292,0.298,0.289,0.273,0.254,0.235,0.217,0.201,0.14
391.0,402.0,0.019,0.038,0.055,0.071,0.087,0.102,0.115,0.129,0.141,0.153,0.164,0.174,0.225,0.259,0.28,0.293,0.298,0.289,0.273,0.254,0.235,0.217,0.2,0.139
391.0,403.0,0.019,0.038,0.055,0.072,0.087,0.102,0.116,0.129,0.141,0.153,0.164,0.175,0.225,0.259,0.281,0.293,0.298,0.289,0.272,0.253,0.234,0.216,0.199,0.139
392.0,393.0,0.018,0.035,0.051,0.066,0.081,0.095,0.108,0.121,0.133,0.144,0.155,0.165,0.215,0.25,0.274,0.288,0.298,0.293,0.28,0.264,0.246,0.229,0.212,0.15
392.0,394.0,0.018,0.035,0.051,0.067,0.082,0.096,0.109,0.122,0.133,0.145,0.156,0.166,0.216,0.251,0.274,0.288,0.298,0.293,0.28,0.263,0.245,0.228,0.211,0.149
392.0,395.0,0.018,0.035,0.052,0.067,0.082,0.096,0.11,0.122,0.134,0.146,0.156,0.166,0.217,0.252,0.275,0.289,0.298,0.293,0.279,0.262,0.244,0.227,0.21,0.148
392.0,396.0,0.018,0.036,0.052,0.068,0.083,0.097,0.11,0.123,0.135,0.146,0.157,0.167,0.218,0.252,0.275,0.289,0.298,0.292,0.279,0.261,0.243,0.226,0.209,0.147
392.0,397.0,0.018,0.036,0.052,0.068,0.083,0.097,0.111,0.123,0.135,0.147,0.158,0.168,0.218,0.253,0.276,0.29,0.298,0.292,0.278,0.261,0.243,0.225,0.208,0.147
392.0,398.0,0.018,0.036,0.053,0.068,0.083,0.098,0.111,0.124,0.136,0.147,0.158,0.169,0.219,0.254,0.276,0.29,0.298,0.292,0.278,0.26,0.242,0.224,0.207,0.146
392.0,399.0,0.019,0.036,0.053,0.069,0.084,0.098,0.112,0.124,0.137,0.148,0.159,0.169,0.22,0.254,0.277,0.29,0.298,0.291,0.277,0.259,0.241,0.223,0.207,0.145
392.0,400.0,0.019,0.036,0.053,0.069,0.084,0.098,0.112,0.125,0.137,0.149,0.159,0.17,0.22,0.255,0.277,0.29,0.298,0.291,0.277,0.259,0.24,0.222,0.206,0.144
392.0,401.0,0.019,0.036,0.053,0.069,0.084,0.099,0.112,0.125,0.138,0.149,0.16,0.17,0.221,0.255,0.278,0.291,0.298,0.291,0.276,0.258,0.24,0.222,0.205,0.144
392.0,402.0,0.019,0.037,0.053,0.07,0.085,0.099,0.113,0.126,0.138,0.15,0.16,0.171,0.221,0.256,0.278,0.291,0.298,0.291,0.276,0.258,0.239,0.221,0.204,0.143
392.0,403.0,0.019,0.037,0.054,0.07,0.085,0.099,0.113,0.126,0.138,0.15,0.161,0.171,0.222,0.256,0.278,0.291,0.298,0.29,0.275,0.257,0.238,0.221,0.204,0.143
392.0,404.0,0.019,0.037,0.054,0.07,0.085,0.1,0.114,0.127,0.139,0.15,0.161,0.172,0.222,0.257,0.279,0.291,0.298,0.29,0.275,0.257,0.238,0.22,0.203,0.142
393.0,394.0,0.018,0.035,0.051,0.067,0.081,0.095,0.109,0.121,0.133,0.145,0.155,0.165,0.216,0.251,0.274,0.288,0.298,0.293,0.28,0.263,0.245,0.228,0.212,0.149
393.0,395.0,0.018,0.035,0.052,0.067,0.082,0.096,0.109,0.122,0.134,0.145,0.156,0.166,0.217,0.252,0.275,0.289,0.298,0.293,0.279,0.262,0.244,0.227,0.21,0.148
393.0,396.0,0.018,0.036,0.052,0.068,0.082,0.097,0.11,0.123,0.135,0.146,0.157,0.167,0.217,0.252,0.275,0.289,0.298,0.292,0.279,0.262,0.244,0.226,0.209,0.147
393.0,397.0,0.018,0.036,0.052,0.068,0.083,0.097,0.111,0.123,0.135,0.147,0.158,0.168,0.218,0.253,0.276,0.29,0.298,0.292,0.278,0.261,0.243,0.225,0.208,0.147
393.0,398.0,0.018,0.036,0.053,0.068,0.083,0.098,0.111,0.124,0.136,0.147,0.158,0.169,0.219,0.254,0.276,0.29,0.298,0.292,0.278,0.26,0.242,0.224,0.207,0.146
393.0,399.0,0.019,0.036,0.053,0.069,0.084,0.098,0.112,0.124,0.137,0.148,0.159,0.169,0.22,0.254,0.277,0.29,0.298,0.291,0.277,0.259,0.241,0.223,0.207,0.145
393.0,400.0,0.019,0.036,0.053,0.069,0.084,0.098,0.112,0.125,0.137,0.149,0.159,0.17,0.22,0.255,0.277,0.291,0.298,0.291,0.277,0.259,0.24,0.222,0.206,0.144
393.0,401.0,0.019,0.036,0.053,0.069,0.084,0.099,0.112,0.125,0.138,0.149,0.16,0.17,0.221,0.255,0.278,0.291,0.298,0.291,0.276,0.258,0.24,0.222,0.205,0.144
393.0,402.0,0.019,0.037,0.054,0.07,0.085,0.099,0.113,0.126,0.138,0.15,0.161,0.171,0.221,0.256,0.278,0.291,0.298,0.291,0.276,0.258,0.239,0.221,0.204,0.143
393.0,403.0,0.019,0.037,0.054,0.07,0.085,0.1,0.113,0.126,0.138,0.15,0.161,0.171,0.222,0.256,0.278,0.291,0.298,0.29,0.275,0.257,0.238,0.22,0.204,0.143
393.0,404.0,0.019,0.037,0.054,0.07,0.085,0.1,0.114,0.127,0.139,0.15,0.161,0.172,0.222,0.257,0.279,0.291,0.298,0.29,0.275,0.257,0.238,0.22,0.203,0.142
393.0,405.0,0.019,0.037,0.054,0.07,0.086,0.1,0.114,0.127,0.139,0.151,0.162,0.172,0.223,0.257,0.279,0.292,0.298,0.29,0.274,0.256,0.237,0.219,0.203,0.142
394.0,395.0,0.018,0.035,0.052,0.067,0.082,0.096,0.109,0.122,0.134,0.145,0.156,0.166,0.217,0.251,0.275,0.289,0.298,0.293,0.279,0.262,0.245,0.227,0.211,0.148
394.0,396.0,0.018,0.036,0.052,0.068,0.082,0.097,0.11,0.123,0.135,0.146,0.157,0.167,0.217,0.252,0.275,0.289,0.298,0.292,0.279,0.262,0.244,0.226,0.209,0.147
394.0,397.0,0.018,0.036,0.052,0.068,0.083,0.097,0.111,0.123,0.135,0.147,0.158,0.168,0.218,0.253,0.276,0.29,0.298,0.292,0.278,0.261,0.243,0.225,0.208,0.147
394.0,398.0,0.018,0.036,0.053,0.068,0.083,0.098,0.111,0.124,0.136,0.148,0.158,0.169,0.219,0.254,0.276,0.29,0.298,0.292,0.277,0.26,0.242,0.224,0.207,0.146
394.0,399.0,0.019,0.036,0.053,0.069,0.084,0.098,0.112,0.125,0.137,0.148,0.159,0.169,0.22,0.254,0.277,0.29,0.298,0.291,0.277,0.259,0.241,0.223,0.206,0.145
394.0,400.0,0.019,0.036,0.053,0.069,0.084,0.099,0.112,0.125,0.137,0.149,0.16,0.17,0.22,0.255,0.277,0.291,0.298,0.291,0.276,0.259,0.24,0.222,0.206,0.144
394.0,401.0,0.019,0.037,0.053,0.069,0.085,0.099,0.113,0.126,0.138,0.149,0.16,0.171,0.221,0.256,0.278,0.291,0.298,0.291,0.276,0.258,0.239,0.221,0.205,0.143
394.0,402.0,0.019,0.037,0.054,0.07,0.085,0.099,0.113,0.126,0.138,0.15,0.161,0.171,0.222,0.256,0.278,0.291,0.298,0.29,0.275,0.257,0.239,0.221,0.204,0.143
394.0,403.0,0.019,0.037,0.054,0.07,0.085,0.1,0.114,0.126,0.139,0.15,0.161,0.172,0.222,0.257,0.279,0.291,0.298,0.29,0.275,0.257,0.238,0.22,0.203,0.142
394.0,404.0,0.019,0.037,0.054,0.07,0.086,0.1,0.114,0.127,0.139,0.151,0.162,0.172,0.223,0.257,0.279,0.292,0.298,0.29,0.274,0.256,0.237,0.219,0.203,0.142
394.0,405.0,0.019,0.037,0.054,0.07,0.086,0.1,0.114,0.127,0.14,0.151,0.162,0.173,0.223,0.257,0.279,0.292,0.298,0.29,0.274,0.256,0.237,0.219,0.202,0.141
394.0,406.0,0.019,0.037,0.054,0.071,0.086,0.101,0.115,0.128,0.14,0.152,0.163,0.173,0.224,0.258,0.28,0.292,0.298,0.289,0.274,0.255,0.236,0.218,0.201,0.141
395.0,396.0,0.018,0.036,0.052,0.068,0.083,0.097,0.11,0.123,0.135,0.146,0.157,0.167,0.218,0.253,0.275,0.289,0.298,0.292,0.279,0.261,0.243,0.226,0.209,0.147
395.0,397.0,0.018,0.036,0.052,0.068,0.083,0.097,0.111,0.123,0.136,0.147,0.158,0.168,0.218,0.253,0.276,0.29,0.298,0.292,0.278,0.261,0.242,0.225,0.208,0.146
395.0,398.0,0.018,0.036,0.053,0.068,0.083,0.098,0.111,0.124,0.136,0.148,0.158,0.169,0.219,0.254,0.276,0.29,0.298,0.292,0.277,0.26,0.242,0.224,0.207,0.146
395.0,399.0,0.019,0.036,0.053,0.069,0.084,0.098,0.112,0.124,0.137,0.148,0.159,0.169,0.22,0.254,0.277,0.29,0.298,0.291,0.277,0.259,0.241,0.223,0.207,0.145
395.0,400.0,0.019,0.036,0.053,0.069,0.084,0.098,0.112,0.125,0.137,0.149,0.159,0.17,0.22,0.255,0.277,0.291,0.298,0.291,0.277,0.259,0.24,0.222,0.206,0.144
395.0,401.0,0.019,0.036,0.053,0.069,0.084,0.099,0.112,0.125,0.138,0.149,0.16,0.17,0.221,0.255,0.278,0.291,0.298,0.291,0.276,0.258,0.24,0.222,0.205,0.144
395.0,402.0,0.019,0.037,0.053,0.07,0.085,0.099,0.113,0.126,0.138,0.15,0.16,0.171,0.221,0.256,0.278,0.291,0.298,0.291,0.276,0.258,0.239,0.221,0.205,0.143
395.0,403.0,0.019,0.037,0.054,0.07,0.085,0.099,0.113,0.126,0.138,0.15,0.161,0.171,0.222,0.256,0.278,0.291,0.298,0.29,0.275,0.257,0.239,0.221,0.204,0.143
395.0,404.0,0.019,0.037,0.054,0.07,0.085,0.1,0.113,0.126,0.139,0.15,0.161,0.172,0.222,0.257,0.279,0.291,0.298,0.29,0.275,0.257,0.238,0.22,0.203,0.142
395.0,405.0,0.019,0.037,0.054,0.07,0.086,0.1,0.114,0.127,0.139,0.151,0.162,0.172,0.223,0.257,0.279,0.292,0.298,0.29,0.275,0.256,0.238,0.22,0.203,0.142
395.0,406.0,0.019,0.037,0.054,0.07,0.086,0.1,0.114,0.127,0.139,0.151,0.162,0.172,0.223,0.257,0.279,0.292,0.298,0.29,0.274,0.256,0.237,0.219,0.202,0.141
395.0,407.0,0.019,0.037,0.054,0.071,0.086,0.101,0.114,0.127,0.14,0.151,0.162,0.173,0.223,0.258,0.279,0.292,0.298,0.29,0.274,0.255,0.237,0.219,0.202,0.141
396.0,397.0,0.019,0.036,0.053,0.069,0.084,0.099,0.112,0.125,0.137,0.149,0.16,0.17,0.221,0.255,0.277,0.291,0.298,0.291,0.276,0.258,0.24,0.222,0.205,0.144
396.0,398.0,0.019,0.037,0.053,0.069,0.085,0.099,0.113,0.126,0.138,0.149,0.16,0.171,0.221,0.256,0.278,0.291,0.298,0.291,0.276,0.258,0.239,0.221,0.205,0.143
396.0,399.0,0.019,0.037,0.054,0.07,0.085,0.099,0.113,0.126,0.138,0.15,0.161,0.171,0.222,0.256,0.278,0.291,0.298,0.291,0.275,0.257,0.239,0.221,0.204,0.143
396.0,400.0,0.019,0.037,0.054,0.07,0.085,0.1,0.113,0.126,0.139,0.15,0.161,0.171,0.222,0.256,0.278,0.291,0.298,0.29,0.275,0.257,0.238,0.22,0.204,0.142
396.0,401.0,0.019,0.037,0.054,0.07,0.085,0.1,0.114,0.127,0.139,0.151,0.162,0.172,0.222,0.257,0.279,0.292,0.298,0.29,0.275,0.256,0.238,0.22,0.203,0.142
396.0,402.0,0.019,0.037,0.054,0.07,0.086,0.1,0.114,0.127,0.139,0.151,0.162,0.172,0.223,0.257,0.279,0.292,0.298,0.29,0.274,0.256,0.237,0.219,0.203,0.142
396.0,403.0,0.019,0.037,0.054,0.07,0.086,0.1,0.114,0.127,0.14,0.151,0.162,0.173,0.223,0.257,0.279,0.292,0.298,0.29,0.274,0.256,0.237,0.219,0.202,0.141
396.0,404.0,0.019,0.037,0.054,0.071,0.086,0.101,0.115,0.128,0.14,0.152,0.163,0.173,0.224,0.258,0.279,0.292,0.298,0.29,0.274,0.255,0.236,0.218,0.202,0.141
396.0,405.0,0.019,0.037,0.055,0.071,0.086,0.101,0.115,0.128,0.14,0.152,0.163,0.173,0.224,0.258,0.28,0.292,0.298,0.289,0.273,0.255,0.236,0.218,0.201,0.14
396.0,406.0,0.019,0.037,0.055,0.071,0.086,0.101,0.115,0.128,0.14,0.152,0.163,0.174,0.224,0.258,0.28,0.292,0.298,0.289,0.273,0.255,0.236,0.217,0.201,0.14
396.0,407.0,0.019,0.037,0.055,0.071,0.087,0.101,0.115,0.128,0.141,0.152,0.163,0.174,0.224,0.259,0.28,0.292,0.298,0.289,0.273,0.254,0.235,0.217,0.2,0.14
396.0,408.0,0.019,0.038,0.055,0.071,0.087,0.102,0.115,0.129,0.141,0.153,0.164,0.174,0.225,0.259,0.28,0.292,0.298,0.289,0.273,0.254,0.235,0.217,0.2,0.139
397.0,398.0,0.019,0.037,0.054,0.071,0.086,0.101,0.115,0.128,0.14,0.152,0.163,0.173,0.224,0.258,0.28,0.292,0.298,0.29,0.274,0.255,0.236,0.218,0.202,0.141
397.0,399.0,0.019,0.037,0.055,0.071,0.086,0.101,0.115,0.128,0.14,0.152,0.163,0.173,0.224,0.258,0.28,0.292,0.298,0.289,0.274,0.255,0.236,0.218,0.201,0.14
397.0,400.0,0.019,0.037,0.055,0.071,0.086,0.101,0.115,0.128,0.14,0.152,0.163,0.174,0.224,0.258,0.28,0.292,0.298,0.289,0.273,0.255,0.236,0.218,0.201,0.14
397.0,401.0,0.019,0.037,0.055,0.071,0.087,0.101,0.115,0.128,0.141,0.152,0.163,0.174,0.224,0.258,0.28,0.292,0.298,0.289,0.273,0.254,0.235,0.217,0.201,0.14
397.0,402.0,0.019,0.038,0.055,0.071,0.087,0.101,0.115,0.128,0.141,0.153,0.164,0.174,0.225,0.259,0.28,0.292,0.298,0.289,0.273,0.254,0.235,0.217,0.2,0.14
397.0,403.0,0.019,0.038,0.055,0.071,0.087,0.102,0.115,0.129,0.141,0.153,0.164,0.174,0.225,0.259,0.28,0.292,0.298,0.289,0.273,0.254,0.235,0.217,0.2,0.139
397.0,404.0,0.019,0.038,0.055,0.071,0.087,0.102,0.116,0.129,0.141,0.153,0.164,0.174,0.225,0.259,0.28,0.293,0.298,0.289,0.273,0.254,0.235,0.216,0.2,0.139
397.0,405.0,0.019,0.038,0.055,0.072,0.087,0.102,0.116,0.129,0.141,0.153,0.164,0.175,0.225,0.259,0.281,0.293,0.298,0.289,0.272,0.253,0.234,0.216,0.199,0.139
397.0,406.0,0.019,0.038,0.055,0.072,0.087,0.102,0.116,0.129,0.142,0.153,0.164,0.175,0.225,0.259,0.281,0.293,0.298,0.289,0.272,0.253,0.234,0.216,0.199,0.139
397.0,407.0,0.019,0.038,0.055,0.072,0.087,0.102,0.116,0.129,0.142,0.153,0.164,0.175,0.226,0.259,0.281,0.293,0.298,0.288,0.272,0.253,0.234,0.216,0.199,0.139
397.0,408.0,0.019,0.038,0.055,0.072,0.087,0.102,0.116,0.129,0.142,0.154,0.165,0.175,0.226,0.26,0.281,0.293,0.298,0.288,0.272,0.253,0.234,0.216,0.199,0.138
397.0,409.0,0.019,0.038,0.055,0.072,0.087,0.102,0.116,0.129,0.142,0.154,0.165,0.175,0.226,0.26,0.281,0.293,0.298,0.288,0.272,0.253,0.234,0.215,0.199,0.138
398.0,399.0,0.019,0.038,0.055,0.072,0.087,0.102,0.116,0.129,0.141,0.153,0.164,0.175,0.225,0.259,0.281,0.293,0.298,0.289,0.272,0.253,0.234,0.216,0.199,0.139
398.0,400.0,0.019,0.038,0.055,0.072,0.087,0.102,0.116,0.129,0.142,0.153,0.164,0.175,0.226,0.259,0.281,0.293,0.298,0.288,0.272,0.253,0.234,0.216,0.199,0.139
398.0,401.0,0.019,0.038,0.055,0.072,0.087,0.102,0.116,0.129,0.142,0.153,0.165,0.175,0.226,0.26,0.281,0.293,0.298,0.288,0.272,0.253,0.234,0.216,0.199,0.138
398.0,402.0,0.019,0.038,0.055,0.072,0.087,0.102,0.116,0.129,0.142,0.154,0.165,0.175,0.226,0.26,0.281,0.293,0.298,0.288,0.272,0.253,0.234,0.215,0.199,0.138
398.0,403.0,0.019,0.038,0.055,0.072,0.088,0.102,0.116,0.13,0.142,0.154,0.165,0.175,0.226,0.26,0.281,0.293,0.298,0.288,0.272,0.253,0.234,0.215,0.199,0.138
398.0,404.0,0.019,0.038,0.055,0.072,0.088,0.102,0.116,0.13,0.142,0.154,0.165,0.175,0.226,0.26,0.281,0.293,0.298,0.288,0.272,0.253,0.233,0.215,0.198,0.138
398.0,405.0,0.019,0.038,0.055,0.072,0.088,0.102,0.116,0.13,0.142,0.154,0.165,0.175,0.226,0.26,0.281,0.293,0.298,0.288,0.272,0.252,0.233,0.215,0.198,0.138
398.0,406.0,0.019,0.038,0.055,0.072,0.088,0.103,0.117,0.13,0.142,0.154,0.165,0.176,0.226,0.26,0.281,0.293,0.298,0.288,0.271,0.252,0.233,0.215,0.198,0.138
398.0,407.0,0.02,0.038,0.056,0.072,0.088,0.103,0.117,0.13,0.142,0.154,0.165,0.176,0.226,0.26,0.281,0.293,0.298,0.288,0.271,0.252,0.233,0.215,0.198,0.138
398.0,408.0,0.02,0.038,0.056,0.072,0.088,0.103,0.117,0.13,0.142,0.154,0.165,0.176,0.226,0.26,0.281,0.293,0.298,0.288,0.271,0.252,0.233,0.215,0.198,0.138
398.0,409.0,0.02,0.038,0.056,0.072,0.088,0.103,0.117,0.13,0.142,0.154,0.165,0.176,0.227,0.26,0.281,0.293,0.298,0.288,0.271,0.252,0.233,0.215,0.198,0.138
398.0,410.0,0.02,0.038,0.056,0.072,0.088,0.103,0.117,0.13,0.143,0.154,0.165,0.176,0.227,0.26,0.281,0.293,0.298,0.288,0.271,0.252,0.233,0.214,0.198,0.137
399.0,400.0,0.019,0.038,0.055,0.072,0.088,0.102,0.116,0.13,0.142,0.154,0.165,0.175,0.226,0.26,0.281,0.293,0.298,0.288,0.272,0.252,0.233,0.215,0.198,0.138
399.0,401.0,0.019,0.038,0.055,0.072,0.088,0.102,0.116,0.13,0.142,0.154,0.165,0.175,0.226,0.26,0.281,0.293,0.298,0.288,0.272,0.253,0.233,0.215,0.198,0.138
399.0,402.0,0.019,0.038,0.055,0.072,0.088,0.102,0.116,0.13,0.142,0.154,0.165,0.175,0.226,0.26,0.281,0.293,0.298,0.288,0.272,0.253,0.233,0.215,0.198,0.138
399.0,403.0,0.019,0.038,0.055,0.072,0.088,0.102,0.116,0.13,0.142,0.154,0.165,0.175,0.226,0.26,0.281,0.293,0.298,0.288,0.272,0.253,0.233,0.215,0.198,0.138
399.0,404.0,0.019,0.038,0.055,0.072,0.088,0.102,0.116,0.13,0.142,0.154,0.165,0.175,0.226,0.26,0.281,0.293,0.298,0.288,0.272,0.253,0.233,0.215,0.198,0.138
399.0,405.0,0.019,0.038,0.055,0.072,0.088,0.102,0.116,0.13,0.142,0.154,0.165,0.175,0.226,0.26,0.281,0.293,0.298,0.288,0.272,0.253,0.233,0.215,0.198,0.138
399.0,406.0,0.019,0.038,0.055,0.072,0.088,0.102,0.116,0.13,0.142,0.154,0.165,0.175,0.226,0.26,0.281,0.293,0.298,0.288,0.272,0.253,0.233,0.215,0.198,0.138
399.0,407.0,0.019,0.038,0.055,0.072,0.088,0.102,0.116,0.13,0.142,0.154,0.165,0.175,0.226,0.26,0.281,0.293,0.298,0.288,0.272,0.253,0.233,0.215,0.198,0.138
399.0,408.0,0.019,0.038,0.055,0.072,0.088,0.102,0.116,0.13,0.142,0.154,0.165,0.175,0.226,0.26,0.281,0.293,0.298,0.288,0.272,0.253,0.233,0.215,0.198,0.138
399.0,409.0,0.019,0.038,0.055,0.072,0.088,0.102,0.116,0.13,0.142,0.154,0.165,0.175,0.226,0.26,0.281,0.293,0.298,0.288,0.272,0.253,0.233,0.215,0.198,0.138
399.0,410.0,0.019,0.038,0.055,0.072,0.088,0.102,0.116,0.13,0.142,0.154,0.165,0.175,0.226,0.26,0.281,0.293,0.298,0.288,0.272,0.253,0.233,0.215,0.198,0.138
399.0,411.0,0.019,0.038,0.055,0.072,0.088,0.102,0.116,0.13,0.142,0.154,0.165,0.175,0.226,0.26,0.281,0.293,0.298,0.288,0.272,0.253,0.233,0.215,0.198,0.138
400.0,401.0,0.02,0.039,0.057,0.074,0.09,0.105,0.12,0.133,0.146,0.158,0.169,0.179,0.23,0.263,0.284,0.294,0.297,0.286,0.268,0.248,0.228,0.21,0.193,0.134
400.0,402.0,0.02,0.039,0.057,0.074,0.09,0.105,0.119,0.133,0.145,0.157,0.169,0.179,0.23,0.263,0.284,0.294,0.297,0.286,0.268,0.248,0.229,0.21,0.194,0.134
400.0,403.0,0.02,0.039,0.057,0.074,0.09,0.105,0.119,0.133,0.145,0.157,0.168,0.179,0.23,0.263,0.283,0.294,0.297,0.286,0.268,0.249,0.229,0.211,0.194,0.134
400.0,404.0,0.02,0.039,0.057,0.074,0.09,0.105,0.119,0.132,0.145,0.157,0.168,0.179,0.229,0.263,0.283,0.294,0.297,0.286,0.269,0.249,0.229,0.211,0.194,0.135
400.0,405.0,0.02,0.039,0.057,0.074,0.09,0.105,0.119,0.132,0.145,0.157,0.168,0.178,0.229,0.263,0.283,0.294,0.297,0.286,0.269,0.249,0.23,0.211,0.194,0.135
400.0,406.0,0.02,0.039,0.057,0.073,0.089,0.104,0.119,0.132,0.145,0.157,0.168,0.178,0.229,0.262,0.283,0.294,0.297,0.286,0.269,0.249,0.23,0.211,0.195,0.135
400.0,407.0,0.02,0.039,0.057,0.073,0.089,0.104,0.119,0.132,0.145,0.156,0.168,0.178,0.229,0.262,0.283,0.294,0.297,0.287,0.269,0.25,0.23,0.212,0.195,0.135
400.0,408.0,0.02,0.039,0.056,0.073,0.089,0.104,0.118,0.132,0.144,0.156,0.167,0.178,0.229,0.262,0.283,0.294,0.297,0.287,0.269,0.25,0.23,0.212,0.195,0.135
400.0,409.0,0.02,0.039,0.056,0.073,0.089,0.104,0.118,0.132,0.144,0.156,0.167,0.178,0.228,0.262,0.283,0.294,0.298,0.287,0.269,0.25,0.23,0.212,0.195,0.136
400.0,410.0,0.02,0.039,0.056,0.073,0.089,0.104,0.118,0.131,0.144,0.156,0.167,0.178,0.228,0.262,0.283,0.294,0.298,0.287,0.27,0.25,0.231,0.212,0.196,0.136
400.0,411.0,0.02,0.039,0.056,0.073,0.089,0.104,0.118,0.131,0.144,0.156,0.167,0.177,0.228,0.262,0.282,0.294,0.298,0.287,0.27,0.25,0.231,0.213,0.196,0.136
400.0,412.0,0.02,0.038,0.056,0.073,0.089,0.104,0.118,0.131,0.144,0.156,0.167,0.177,0.228,0.262,0.282,0.294,0.298,0.287,0.27,0.25,0.231,0.213,0.196,0.136
401.0,402.0,0.02,0.04,0.058,0.075,0.092,0.107,0.121,0.135,0.148,0.16,0.171,0.182,0.232,0.265,0.285,0.295,0.297,0.284,0.266,0.245,0.225,0.207,0.19,0.131
401.0,403.0,0.02,0.04,0.058,0.075,0.091,0.107,0.121,0.135,0.147,0.159,0.171,0.181,0.232,0.265,0.285,0.295,0.297,0.284,0.266,0.246,0.226,0.207,0.191,0.132
401.0,404.0,0.02,0.04,0.058,0.075,0.091,0.106,0.121,0.134,0.147,0.159,0.17,0.181,0.232,0.265,0.285,0.295,0.297,0.285,0.266,0.246,0.226,0.208,0.191,0.132
401.0,405.0,0.02,0.04,0.058,0.075,0.091,0.106,0.121,0.134,0.147,0.159,0.17,0.181,0.231,0.264,0.284,0.295,0.297,0.285,0.267,0.247,0.227,0.208,0.192,0.132
401.0,406.0,0.02,0.039,0.058,0.075,0.091,0.106,0.12,0.134,0.147,0.159,0.17,0.18,0.231,0.264,0.284,0.295,0.297,0.285,0.267,0.247,0.227,0.209,0.192,0.133
401.0,407.0,0.02,0.039,0.057,0.074,0.091,0.106,0.12,0.134,0.146,0.158,0.17,0.18,0.231,0.264,0.284,0.295,0.297,0.285,0.267,0.247,0.227,0.209,0.192,0.133
401.0,408.0,0.02,0.039,0.057,0.074,0.09,0.106,0.12,0.133,0.146,0.158,0.169,0.18,0.231,0.264,0.284,0.295,0.297,0.285,0.267,0.248,0.228,0.209,0.193,0.133
401.0,409.0,0.02,0.039,0.057,0.074,0.09,0.105,0.12,0.133,0.146,0.158,0.169,0.18,0.23,0.264,0.284,0.295,0.297,0.286,0.268,0.248,0.228,0.21,0.193,0.134
401.0,410.0,0.02,0.039,0.057,0.074,0.09,0.105,0.12,0.133,0.146,0.158,0.169,0.179,0.23,0.263,0.284,0.294,0.297,0.286,0.268,0.248,0.228,0.21,0.193,0.134
401.0,411.0,0.02,0.039,0.057,0.074,0.09,0.105,0.119,0.133,0.145,0.157,0.169,0.179,0.23,0.263,0.284,0.294,0.297,0.286,0.268,0.248,0.229,0.21,0.194,0.134
401.0,412.0,0.02,0.039,0.057,0.074,0.09,0.105,0.119,0.133,0.145,0.157,0.168,0.179,0.23,0.263,0.283,0.294,0.297,0.286,0.268,0.249,0.229,0.211,0.194,0.134
401.0,413.0,0.02,0.039,0.057,0.074,0.09,0.105,0.119,0.132,0.145,0.157,0.168,0.179,0.229,0.263,0.283,0.294,0.297,0.286,0.269,0.249,0.229,0.211,0.194,0.134
402.0,403.0,0.021,0.041,0.06,0.078,0.094,0.11,0.125,0.138,0.151,0.164,0.175,0.186,0.236,0.269,0.287,0.296,0.296,0.281,0.262,0.241,0.22,0.202,0.185,0.127
402.0,404.0,0.021,0.041,0.06,0.077,0.094,0.109,0.124,0.138,0.151,0.163,0.174,0.185,0.236,0.268,0.287,0.296,0.296,0.282,0.262,0.241,0.221,0.203,0.186,0.128
402.0,405.0,0.021,0.041,0.059,0.077,0.093,0.109,0.124,0.137,0.15,0.162,0.174,0.185,0.235,0.268,0.287,0.296,0.296,0.282,0.263,0.242,0.222,0.203,0.187,0.128
402.0,406.0,0.021,0.041,0.059,0.077,0.093,0.109,0.123,0.137,0.15,0.162,0.173,0.184,0.235,0.267,0.286,0.296,0.296,0.283,0.263,0.243,0.223,0.204,0.187,0.129
402.0,407.0,0.021,0.04,0.059,0.076,0.093,0.108,0.123,0.137,0.149,0.162,0.173,0.183,0.234,0.267,0.286,0.296,0.296,0.283,0.264,0.243,0.223,0.205,0.188,0.13
402.0,408.0,0.021,0.04,0.059,0.076,0.092,0.108,0.122,0.136,0.149,0.161,0.172,0.183,0.234,0.266,0.286,0.296,0.296,0.283,0.264,0.244,0.224,0.205,0.189,0.13
402.0,409.0,0.021,0.04,0.058,0.076,0.092,0.108,0.122,0.136,0.149,0.161,0.172,0.183,0.233,0.266,0.286,0.295,0.296,0.284,0.265,0.244,0.224,0.206,0.189,0.13
402.0,410.0,0.021,0.04,0.058,0.076,0.092,0.107,0.122,0.135,0.148,0.16,0.172,0.182,0.233,0.266,0.285,0.295,0.297,0.284,0.265,0.245,0.225,0.206,0.19,0.131
402.0,411.0,0.02,0.04,0.058,0.075,0.092,0.107,0.121,0.135,0.148,0.16,0.171,0.182,0.233,0.265,0.285,0.295,0.297,0.284,0.266,0.245,0.225,0.207,0.19,0.131
402.0,412.0,0.02,0.04,0.058,0.075,0.091,0.107,0.121,0.135,0.148,0.16,0.171,0.181,0.232,0.265,0.285,0.295,0.297,0.284,0.266,0.246,0.226,0.207,0.191,0.132
402.0,413.0,0.02,0.04,0.058,0.075,0.091,0.107,0.121,0.134,0.147,0.159,0.171,0.181,0.232,0.265,0.285,0.295,0.297,0.285,0.266,0.246,0.226,0.208,0.191,0.132
402.0,414.0,0.02,0.04,0.058,0.075,0.091,0.106,0.121,0.134,0.147,0.159,0.17,0.181,0.232,0.265,0.285,0.295,0.297,0.285,0.267,0.246,0.227,0.208,0.191,0.132
403.0,404.0,0.022,0.043,0.062,0.081,0.098,0.114,0.129,0.143,0.157,0.169,0.181,0.191,0.242,0.273,0.29,0.297,0.294,0.277,0.256,0.234,0.213,0.194,0.178,0.122
403.0,405.0,0.022,0.043,0.062,0.08,0.097,0.113,0.128,0.143,0.156,0.168,0.18,0.19,0.241,0.272,0.29,0.297,0.294,0.278,0.257,0.235,0.214,0.196,0.179,0.123
403.0,406.0,0.022,0.042,0.062,0.08,0.097,0.113,0.128,0.142,0.155,0.167,0.179,0.19,0.24,0.272,0.289,0.297,0.294,0.279,0.258,0.236,0.216,0.197,0.18,0.124
403.0,407.0,0.022,0.042,0.061,0.079,0.096,0.112,0.127,0.141,0.154,0.166,0.178,0.189,0.239,0.271,0.289,0.297,0.295,0.279,0.259,0.237,0.217,0.198,0.181,0.124
403.0,408.0,0.021,0.042,0.061,0.079,0.096,0.111,0.126,0.14,0.153,0.166,0.177,0.188,0.238,0.27,0.288,0.297,0.295,0.28,0.26,0.238,0.218,0.199,0.182,0.125
403.0,409.0,0.021,0.041,0.06,0.078,0.095,0.111,0.126,0.14,0.153,0.165,0.176,0.187,0.238,0.27,0.288,0.297,0.295,0.28,0.26,0.239,0.219,0.2,0.183,0.126
403.0,410.0,0.021,0.041,0.06,0.078,0.095,0.11,0.125,0.139,0.152,0.164,0.176,0.186,0.237,0.269,0.288,0.296,0.295,0.281,0.261,0.24,0.22,0.201,0.184,0.127
403.0,411.0,0.021,0.041,0.06,0.078,0.094,0.11,0.125,0.138,0.151,0.164,0.175,0.186,0.236,0.269,0.287,0.296,0.296,0.281,0.262,0.241,0.22,0.202,0.185,0.127
403.0,412.0,0.021,0.041,0.06,0.077,0.094,0.109,0.124,0.138,0.151,0.163,0.174,0.185,0.236,0.268,0.287,0.296,0.296,0.282,0.262,0.241,0.221,0.203,0.186,0.128
403.0,413.0,0.021,0.041,0.059,0.077,0.093,0.109,0.124,0.137,0.15,0.162,0.174,0.184,0.235,0.268,0.287,0.296,0.296,0.282,0.263,0.242,0.222,0.203,0.187,0.129
403.0,414.0,0.021,0.04,0.059,0.077,0.093,0.109,0.123,0.137,0.15,0.162,0.173,0.184,0.235,0.267,0.286,0.296,0.296,0.283,0.264,0.243,0.223,0.204,0.187,0.129
403.0,415.0,0.021,0.04,0.059,0.076,0.093,0.108,0.123,0.136,0.149,0.161,0.173,0.183,0.234,0.267,0.286,0.296,0.296,0.283,0.264,0.243,0.223,0.205,0.188,0.13
404.0,405.0,0.023,0.045,0.065,0.084,0.101,0.118,0.134,0.148,0.162,0.174,0.186,0.197,0.247,0.277,0.292,0.298,0.291,0.273,0.25,0.228,0.207,0.188,0.172,0.117
404.0,406.0,0.023,0.044,0.064,0.083,0.101,0.117,0.133,0.147,0.16,0.173,0.185,0.195,0.246,0.276,0.292,0.298,0.292,0.274,0.251,0.229,0.208,0.189,0.173,0.118
404.0,407.0,0.023,0.044,0.064,0.082,0.1,0.116,0.132,0.146,0.159,0.172,0.184,0.194,0.245,0.275,0.292,0.298,0.292,0.275,0.253,0.23,0.209,0.191,0.174,0.119
404.0,408.0,0.022,0.044,0.063,0.082,0.099,0.116,0.131,0.145,0.159,0.171,0.183,0.193,0.244,0.274,0.291,0.298,0.293,0.276,0.254,0.232,0.211,0.192,0.176,0.12
404.0,409.0,0.022,0.043,0.063,0.081,0.099,0.115,0.13,0.144,0.158,0.17,0.182,0.192,0.243,0.274,0.291,0.298,0.293,0.276,0.255,0.233,0.212,0.193,0.177,0.121
404.0,410.0,0.022,0.043,0.062,0.081,0.098,0.114,0.129,0.144,0.157,0.169,0.181,0.192,0.242,0.273,0.29,0.298,0.294,0.277,0.256,0.234,0.213,0.194,0.178,0.122
404.0,411.0,0.022,0.043,0.062,0.08,0.098,0.114,0.129,0.143,0.156,0.168,0.18,0.191,0.241,0.273,0.29,0.297,0.294,0.278,0.257,0.235,0.214,0.195,0.179,0.122
404.0,412.0,0.022,0.042,0.062,0.08,0.097,0.113,0.128,0.142,0.155,0.168,0.179,0.19,0.241,0.272,0.29,0.297,0.294,0.278,0.257,0.236,0.215,0.196,0.18,0.123
404.0,413.0,0.022,0.042,0.061,0.08,0.097,0.113,0.128,0.142,0.155,0.167,0.179,0.189,0.24,0.271,0.289,0.297,0.294,0.279,0.258,0.236,0.216,0.197,0.181,0.124
404.0,414.0,0.022,0.042,0.061,0.079,0.096,0.112,0.127,0.141,0.154,0.166,0.178,0.189,0.239,0.271,0.289,0.297,0.295,0.279,0.259,0.237,0.217,0.198,0.181,0.124
404.0,415.0,0.022,0.042,0.061,0.079,0.096,0.112,0.126,0.14,0.154,0.166,0.177,0.188,0.239,0.27,0.289,0.297,0.295,0.28,0.259,0.238,0.218,0.199,0.182,0.125
404.0,416.0,0.021,0.042,0.061,0.078,0.095,0.111,0.126,0.14,0.153,0.165,0.177,0.187,0.238,0.27,0.288,0.297,0.295,0.28,0.26,0.239,0.218,0.2,0.183,0.126
405.0,406.0,0.023,0.045,0.066,0.085,0.103,0.12,0.135,0.15,0.163,0.176,0.188,0.199,0.249,0.278,0.293,0.298,0.291,0.271,0.248,0.225,0.204,0.185,0.169,0.115
405.0,407.0,0.023,0.045,0.065,0.084,0.102,0.119,0.134,0.149,0.162,0.175,0.186,0.197,0.247,0.277,0.293,0.298,0.291,0.272,0.25,0.227,0.206,0.187,0.171,0.116
405.0,408.0,0.023,0.044,0.064,0.083,0.101,0.117,0.133,0.147,0.161,0.173,0.185,0.196,0.246,0.276,0.292,0.298,0.292,0.273,0.251,0.229,0.208,0.189,0.173,0.118
405.0,409.0,0.023,0.044,0.064,0.083,0.1,0.117,0.132,0.146,0.16,0.172,0.184,0.195,0.245,0.275,0.292,0.298,0.292,0.275,0.252,0.23,0.209,0.19,0.174,0.119
405.0,410.0,0.022,0.044,0.063,0.082,0.099,0.116,0.131,0.145,0.159,0.171,0.183,0.193,0.244,0.274,0.291,0.298,0.293,0.275,0.254,0.231,0.211,0.192,0.176,0.12
405.0,411.0,0.022,0.043,0.063,0.081,0.099,0.115,0.13,0.144,0.158,0.17,0.182,0.192,0.243,0.274,0.291,0.298,0.293,0.276,0.255,0.233,0.212,0.193,0.177,0.121
405.0,412.0,0.022,0.043,0.062,0.081,0.098,0.114,0.129,0.143,0.157,0.169,0.181,0.191,0.242,0.273,0.29,0.297,0.294,0.277,0.256,0.234,0.213,0.195,0.178,0.122
405.0,413.0,0.022,0.043,0.062,0.08,0.097,0.113,0.128,0.142,0.156,0.168,0.18,0.19,0.241,0.272,0.29,0.297,0.294,0.278,0.257,0.235,0.215,0.196,0.179,0.123
405.0,414.0,0.022,0.042,0.062,0.08,0.097,0.113,0.128,0.142,0.155,0.167,0.179,0.189,0.24,0.272,0.289,0.297,0.294,0.279,0.258,0.236,0.216,0.197,0.18,0.124
405.0,415.0,0.022,0.042,0.061,0.079,0.096,0.112,0.127,0.141,0.154,0.166,0.178,0.189,0.239,0.271,0.289,0.297,0.295,0.279,0.259,0.237,0.217,0.198,0.181,0.124
405.0,416.0,0.021,0.042,0.061,0.079,0.096,0.111,0.126,0.14,0.153,0.166,0.177,0.188,0.238,0.27,0.288,0.297,0.295,0.28,0.26,0.238,0.218,0.199,0.182,0.125
405.0,417.0,0.021,0.041,0.06,0.078,0.095,0.111,0.126,0.14,0.153,0.165,0.176,0.187,0.238,0.27,0.288,0.297,0.295,0.28,0.26,0.239,0.219,0.2,0.183,0.126
406.0,407.0,0.024,0.047,0.068,0.088,0.107,0.124,0.14,0.155,0.169,0.181,0.193,0.204,0.254,0.282,0.295,0.298,0.288,0.266,0.242,0.218,0.197,0.179,0.163,0.11
406.0,408.0,0.024,0.046,0.067,0.087,0.105,0.122,0.138,0.153,0.167,0.18,0.191,0.202,0.252,0.281,0.294,0.298,0.289,0.268,0.244,0.221,0.2,0.181,0.165,0.112
406.0,409.0,0.024,0.046,0.067,0.086,0.104,0.121,0.137,0.151,0.165,0.178,0.19,0.201,0.25,0.279,0.294,0.298,0.29,0.269,0.246,0.223,0.202,0.183,0.167,0.113
406.0,410.0,0.023,0.045,0.066,0.085,0.103,0.12,0.135,0.15,0.164,0.176,0.188,0.199,0.249,0.278,0.293,0.298,0.29,0.271,0.248,0.225,0.204,0.185,0.169,0.115
406.0,411.0,0.023,0.045,0.065,0.084,0.102,0.119,0.134,0.149,0.162,0.175,0.187,0.197,0.248,0.277,0.293,0.298,0.291,0.272,0.249,0.227,0.206,0.187,0.171,0.116
406.0,412.0,0.023,0.044,0.064,0.083,0.101,0.118,0.133,0.147,0.161,0.173,0.185,0.196,0.246,0.276,0.292,0.298,0.292,0.273,0.251,0.228,0.207,0.189,0.172,0.117
406.0,413.0,0.023,0.044,0.064,0.083,0.1,0.117,0.132,0.146,0.16,0.172,0.184,0.195,0.245,0.275,0.292,0.298,0.292,0.274,0.252,0.23,0.209,0.19,0.174,0.119
406.0,414.0,0.022,0.044,0.063,0.082,0.099,0.116,0.131,0.145,0.159,0.171,0.183,0.193,0.244,0.275,0.291,0.298,0.293,0.275,0.254,0.231,0.211,0.192,0.175,0.12
406.0,415.0,0.022,0.043,0.063,0.081,0.099,0.115,0.13,0.144,0.158,0.17,0.182,0.192,0.243,0.274,0.291,0.298,0.293,0.276,0.255,0.233,0.212,0.193,0.177,0.121
406.0,416.0,0.022,0.043,0.062,0.081,0.098,0.114,0.129,0.143,0.157,0.169,0.18,0.191,0.242,0.273,0.29,0.297,0.294,0.277,0.256,0.234,0.213,0.195,0.178,0.122
406.0,417.0,0.022,0.043,0.062,0.08,0.097,0.113,0.128,0.142,0.156,0.168,0.18,0.19,0.241,0.272,0.29,0.297,0.294,0.278,0.257,0.235,0.215,0.196,0.179,0.123
406.0,418.0,0.022,0.042,0.061,0.08,0.097,0.113,0.128,0.142,0.155,0.167,0.179,0.189,0.24,0.271,0.289,0.297,0.294,0.279,0.258,0.236,0.216,0.197,0.181,0.124
407.0,408.0,0.025,0.048,0.07,0.09,0.108,0.126,0.142,0.157,0.171,0.184,0.195,0.206,0.256,0.283,0.296,0.298,0.286,0.264,0.239,0.215,0.194,0.176,0.16,0.108
407.0,409.0,0.024,0.047,0.069,0.088,0.107,0.124,0.14,0.155,0.169,0.182,0.194,0.204,0.254,0.282,0.295,0.298,0.287,0.266,0.241,0.218,0.197,0.178,0.162,0.11
407.0,410.0,0.024,0.047,0.068,0.087,0.106,0.123,0.139,0.153,0.167,0.18,0.192,0.203,0.252,0.281,0.295,0.298,0.288,0.267,0.243,0.22,0.199,0.18,0.164,0.111
407.0,411.0,0.024,0.046,0.067,0.086,0.104,0.121,0.137,0.152,0.166,0.178,0.19,0.201,0.251,0.28,0.294,0.298,0.289,0.269,0.245,0.222,0.201,0.183,0.166,0.113
407.0,412.0,0.023,0.045,0.066,0.085,0.103,0.12,0.136,0.15,0.164,0.177,0.188,0.199,0.249,0.279,0.293,0.298,0.29,0.27,0.247,0.224,0.203,0.185,0.168,0.114
407.0,413.0,0.023,0.045,0.065,0.084,0.102,0.119,0.135,0.149,0.163,0.175,0.187,0.198,0.248,0.278,0.293,0.298,0.291,0.272,0.249,0.226,0.205,0.186,0.17,0.116
407.0,414.0,0.023,0.045,0.065,0.084,0.101,0.118,0.133,0.148,0.161,0.174,0.186,0.197,0.247,0.277,0.292,0.298,0.292,0.273,0.25,0.228,0.207,0.188,0.172,0.117
407.0,415.0,0.023,0.044,0.064,0.083,0.101,0.117,0.132,0.147,0.16,0.173,0.184,0.195,0.246,0.276,0.292,0.298,0.292,0.274,0.252,0.229,0.208,0.19,0.173,0.118
407.0,416.0,0.023,0.044,0.064,0.082,0.1,0.116,0.131,0.146,0.159,0.172,0.183,0.194,0.244,0.275,0.291,0.298,0.293,0.275,0.253,0.231,0.21,0.191,0.175,0.119
407.0,417.0,0.022,0.043,0.063,0.082,0.099,0.115,0.131,0.145,0.158,0.171,0.182,0.193,0.243,0.274,0.291,0.298,0.293,0.276,0.254,0.232,0.211,0.193,0.176,0.12
407.0,418.0,0.022,0.043,0.063,0.081,0.098,0.114,0.13,0.144,0.157,0.17,0.181,0.192,0.242,0.273,0.29,0.298,0.293,0.277,0.255,0.233,0.213,0.194,0.177,0.121
407.0,419.0,0.022,0.043,0.062,0.08,0.098,0.114,0.129,0.143,0.156,0.169,0.18,0.191,0.241,0.273,0.29,0.297,0.294,0.277,0.256,0.234,0.214,0.195,0.179,0.122
408.0,409.0,0.024,0.047,0.068,0.088,0.107,0.124,0.14,0.155,0.168,0.181,0.193,0.204,0.253,0.282,0.295,0.298,0.288,0.266,0.242,0.219,0.197,0.179,0.163,0.11
408.0,410.0,0.024,0.046,0.067,0.087,0.105,0.122,0.138,0.153,0.167,0.179,0.191,0.202,0.252,0.281,0.294,0.298,0.289,0.268,0.244,0.221,0.2,0.181,0.165,0.112
408.0,411.0,0.024,0.046,0.067,0.086,0.104,0.121,0.137,0.152,0.165,0.178,0.19,0.201,0.251,0.28,0.294,0.298,0.289,0.269,0.246,0.223,0.202,0.183,0.167,0.113
408.0,412.0,0.023,0.045,0.066,0.085,0.103,0.12,0.136,0.15,0.164,0.177,0.188,0.199,0.249,0.279,0.293,0.298,0.29,0.271,0.247,0.224,0.203,0.185,0.168,0.114
408.0,413.0,0.023,0.045,0.065,0.084,0.102,0.119,0.135,0.149,0.163,0.175,0.187,0.198,0.248,0.278,0.293,0.298,0.291,0.272,0.249,0.226,0.205,0.186,0.17,0.116
408.0,414.0,0.023,0.045,0.065,0.084,0.101,0.118,0.134,0.148,0.162,0.174,0.186,0.197,0.247,0.277,0.292,0.298,0.291,0.273,0.25,0.228,0.207,0.188,0.172,0.117
408.0,415.0,0.023,0.044,0.064,0.083,0.101,0.117,0.133,0.147,0.16,0.173,0.185,0.195,0.246,0.276,0.292,0.298,0.292,0.274,0.251,0.229,0.208,0.189,0.173,0.118
408.0,416.0,0.023,0.044,0.064,0.082,0.1,0.116,0.132,0.146,0.159,0.172,0.184,0.194,0.245,0.275,0.292,0.298,0.292,0.275,0.253,0.23,0.209,0.191,0.174,0.119
408.0,417.0,0.022,0.043,0.063,0.082,0.099,0.116,0.131,0.145,0.158,0.171,0.183,0.193,0.244,0.274,0.291,0.298,0.293,0.276,0.254,0.232,0.211,0.192,0.176,0.12
408.0,418.0,0.022,0.043,0.063,0.081,0.099,0.115,0.13,0.144,0.158,0.17,0.182,0.192,0.243,0.274,0.291,0.298,0.293,0.276,0.255,0.233,0.212,0.193,0.177,0.121
408.0,419.0,0.022,0.043,0.062,0.081,0.098,0.114,0.129,0.144,0.157,0.169,0.181,0.192,0.242,0.273,0.29,0.298,0.294,0.277,0.256,0.234,0.213,0.194,0.178,0.122
408.0,420.0,0.022,0.043,0.062,0.08,0.098,0.114,0.129,0.143,0.156,0.168,0.18,0.191,0.241,0.273,0.29,0.297,0.294,0.278,0.257,0.235,0.214,0.195,0.179,0.122
409.0,410.0,0.023,0.045,0.066,0.085,0.103,0.12,0.135,0.15,0.163,0.176,0.188,0.199,0.249,0.278,0.293,0.298,0.291,0.271,0.248,0.225,0.204,0.185,0.169,0.115
409.0,411.0,0.023,0.045,0.065,0.084,0.102,0.119,0.134,0.149,0.162,0.175,0.186,0.197,0.247,0.277,0.293,0.298,0.291,0.272,0.249,0.227,0.206,0.187,0.171,0.116
409.0,412.0,0.023,0.044,0.065,0.083,0.101,0.118,0.133,0.147,0.161,0.173,0.185,0.196,0.246,0.276,0.292,0.298,0.292,0.273,0.251,0.228,0.207,0.189,0.172,0.117
409.0,413.0,0.023,0.044,0.064,0.083,0.1,0.117,0.132,0.146,0.16,0.172,0.184,0.195,0.245,0.276,0.292,0.298,0.292,0.274,0.252,0.23,0.209,0.19,0.174,0.118
409.0,414.0,0.022,0.044,0.063,0.082,0.1,0.116,0.131,0.145,0.159,0.171,0.183,0.194,0.244,0.275,0.291,0.298,0.293,0.275,0.253,0.231,0.21,0.192,0.175,0.119
409.0,415.0,0.022,0.043,0.063,0.082,0.099,0.115,0.13,0.145,0.158,0.17,0.182,0.193,0.243,0.274,0.291,0.298,0.293,0.276,0.254,0.232,0.212,0.193,0.176,0.12
409.0,416.0,0.022,0.043,0.063,0.081,0.098,0.114,0.13,0.144,0.157,0.169,0.181,0.192,0.242,0.273,0.29,0.298,0.294,0.277,0.255,0.233,0.213,0.194,0.177,0.121
409.0,417.0,0.022,0.043,0.062,0.08,0.098,0.114,0.129,0.143,0.156,0.169,0.18,0.191,0.241,0.273,0.29,0.297,0.294,0.277,0.256,0.234,0.214,0.195,0.179,0.122
409.0,418.0,0.022,0.042,0.062,0.08,0.097,0.113,0.128,0.142,0.155,0.168,0.179,0.19,0.241,0.272,0.29,0.297,0.294,0.278,0.257,0.235,0.215,0.196,0.18,0.123
409.0,419.0,0.022,0.042,0.061,0.08,0.097,0.113,0.128,0.142,0.155,0.167,0.179,0.189,0.24,0.271,0.289,0.297,0.294,0.279,0.258,0.236,0.216,0.197,0.181,0.124
409.0,420.0,0.022,0.042,0.061,0.079,0.096,0.112,0.127,0.141,0.154,0.166,0.178,0.189,0.239,0.271,0.289,0.297,0.295,0.279,0.259,0.237,0.217,0.198,0.181,0.124
409.0,421.0,0.022,0.042,0.061,0.079,0.096,0.112,0.126,0.14,0.154,0.166,0.177,0.188,0.239,0.27,0.289,0.297,0.295,0.28,0.259,0.238,0.218,0.199,0.182,0.125
410.0,411.0,0.023,0.044,0.064,0.083,0.1,0.117,0.132,0.146,0.16,0.172,0.184,0.195,0.245,0.275,0.292,0.298,0.292,0.274,0.252,0.23,0.209,0.19,0.174,0.119
410.0,412.0,0.022,0.044,0.063,0.082,0.099,0.116,0.131,0.145,0.159,0.171,0.183,0.194,0.244,0.275,0.291,0.298,0.293,0.275,0.253,0.231,0.21,0.192,0.175,0.12
410.0,413.0,0.022,0.043,0.063,0.081,0.099,0.115,0.13,0.145,0.158,0.17,0.182,0.193,0.243,0.274,0.291,0.298,0.293,0.276,0.254,0.232,0.212,0.193,0.176,0.12
410.0,414.0,0.022,0.043,0.063,0.081,0.098,0.114,0.13,0.144,0.157,0.169,0.181,0.192,0.242,0.273,0.29,0.298,0.294,0.277,0.255,0.233,0.213,0.194,0.178,0.121
410.0,415.0,0.022,0.043,0.062,0.08,0.098,0.114,0.129,0.143,0.156,0.169,0.18,0.191,0.241,0.273,0.29,0.297,0.294,0.278,0.256,0.235,0.214,0.195,0.179,0.122
410.0,416.0,0.022,0.042,0.062,0.08,0.097,0.113,0.128,0.142,0.155,0.168,0.179,0.19,0.241,0.272,0.29,0.297,0.294,0.278,0.257,0.235,0.215,0.196,0.18,0.123
410.0,417.0,0.022,0.042,0.061,0.08,0.097,0.113,0.128,0.142,0.155,0.167,0.179,0.189,0.24,0.271,0.289,0.297,0.294,0.279,0.258,0.236,0.216,0.197,0.181,0.124
410.0,418.0,0.022,0.042,0.061,0.079,0.096,0.112,0.127,0.141,0.154,0.166,0.178,0.189,0.239,0.271,0.289,0.297,0.295,0.279,0.259,0.237,0.217,0.198,0.181,0.124
410.0,419.0,0.022,0.042,0.061,0.079,0.096,0.112,0.126,0.14,0.154,0.166,0.177,0.188,0.239,0.27,0.289,0.297,0.295,0.28,0.259,0.238,0.218,0.199,0.182,0.125
410.0,420.0,0.021,0.042,0.061,0.078,0.095,0.111,0.126,0.14,0.153,0.165,0.177,0.187,0.238,0.27,0.288,0.297,0.295,0.28,0.26,0.239,0.218,0.2,0.183,0.126
410.0,421.0,0.021,0.041,0.06,0.078,0.095,0.111,0.126,0.139,0.152,0.165,0.176,0.187,0.238,0.269,0.288,0.297,0.295,0.281,0.261,0.239,0.219,0.2,0.184,0.126
410.0,422.0,0.021,0.041,0.06,0.078,0.095,0.11,0.125,0.139,0.152,0.164,0.176,0.186,0.237,0.269,0.288,0.296,0.295,0.281,0.261,0.24,0.22,0.201,0.184,0.127
411.0,412.0,0.022,0.042,0.061,0.08,0.097,0.113,0.128,0.142,0.155,0.167,0.179,0.189,0.24,0.272,0.289,0.297,0.294,0.279,0.258,0.236,0.216,0.197,0.18,0.124
411.0,413.0,0.022,0.042,0.061,0.079,0.096,0.112,0.127,0.141,0.154,0.167,0.178,0.189,0.239,0.271,0.289,0.297,0.295,0.279,0.259,0.237,0.217,0.198,0.181,0.124
411.0,414.0,0.022,0.042,0.061,0.079,0.096,0.112,0.127,0.141,0.154,0.166,0.177,0.188,0.239,0.27,0.289,0.297,0.295,0.28,0.259,0.238,0.217,0.199,0.182,0.125
411.0,415.0,0.021,0.042,0.061,0.079,0.095,0.111,0.126,0.14,0.153,0.165,0.177,0.188,0.238,0.27,0.288,0.297,0.295,0.28,0.26,0.239,0.218,0.199,0.183,0.125
411.0,416.0,0.021,0.041,0.06,0.078,0.095,0.111,0.126,0.14,0.153,0.165,0.176,0.187,0.238,0.27,0.288,0.297,0.295,0.281,0.26,0.239,0.219,0.2,0.184,0.126
411.0,417.0,0.021,0.041,0.06,0.078,0.095,0.11,0.125,0.139,0.152,0.164,0.176,0.186,0.237,0.269,0.288,0.296,0.295,0.281,0.261,0.24,0.22,0.201,0.184,0.127
411.0,418.0,0.021,0.041,0.06,0.078,0.094,0.11,0.125,0.139,0.152,0.164,0.175,0.186,0.237,0.269,0.287,0.296,0.296,0.281,0.261,0.24,0.22,0.202,0.185,0.127
411.0,419.0,0.021,0.041,0.06,0.077,0.094,0.11,0.124,0.138,0.151,0.163,0.175,0.185,0.236,0.268,0.287,0.296,0.296,0.282,0.262,0.241,0.221,0.202,0.185,0.127
411.0,420.0,0.021,0.041,0.06,0.077,0.094,0.109,0.124,0.138,0.151,0.163,0.174,0.185,0.236,0.268,0.287,0.296,0.296,0.282,0.262,0.241,0.221,0.203,0.186,0.128
411.0,421.0,0.021,0.041,0.059,0.077,0.094,0.109,0.124,0.138,0.15,0.163,0.174,0.185,0.235,0.268,0.287,0.296,0.296,0.282,0.263,0.242,0.222,0.203,0.186,0.128
411.0,422.0,0.021,0.041,0.059,0.077,0.093,0.109,0.123,0.137,0.15,0.162,0.174,0.184,0.235,0.267,0.287,0.296,0.296,0.282,0.263,0.242,0.222,0.204,0.187,0.129
411.0,423.0,0.021,0.041,0.059,0.077,0.093,0.109,0.123,0.137,0.15,0.162,0.173,0.184,0.235,0.267,0.286,0.296,0.296,0.283,0.264,0.243,0.223,0.204,0.187,0.129
412.0,413.0,0.021,0.041,0.06,0.077,0.094,0.109,0.124,0.138,0.151,0.163,0.174,0.185,0.236,0.268,0.287,0.296,0.296,0.282,0.262,0.242,0.221,0.203,0.186,0.128
412.0,414.0,0.021,0.041,0.059,0.077,0.093,0.109,0.124,0.138,0.15,0.163,0.174,0.185,0.235,0.268,0.287,0.296,0.296,0.282,0.263,0.242,0.222,0.203,0.186,0.128
412.0,415.0,0.021,0.041,0.059,0.077,0.093,0.109,0.123,0.137,0.15,0.162,0.174,0.184,0.235,0.268,0.287,0.296,0.296,0.282,0.263,0.242,0.222,0.204,0.187,0.129
412.0,416.0,0.021,0.041,0.059,0.077,0.093,0.109,0.123,0.137,0.15,0.162,0.173,0.184,0.235,0.267,0.286,0.296,0.296,0.283,0.263,0.243,0.223,0.204,0.187,0.129
412.0,417.0,0.021,0.04,0.059,0.076,0.093,0.108,0.123,0.137,0.15,0.162,0.173,0.184,0.235,0.267,0.286,0.296,0.296,0.283,0.264,0.243,0.223,0.204,0.188,0.129
412.0,418.0,0.021,0.04,0.059,0.076,0.093,0.108,0.123,0.137,0.149,0.162,0.173,0.184,0.234,0.267,0.286,0.296,0.296,0.283,0.264,0.243,0.223,0.205,0.188,0.129
412.0,419.0,0.021,0.04,0.059,0.076,0.093,0.108,0.123,0.136,0.149,0.161,0.173,0.183,0.234,0.267,0.286,0.296,0.296,0.283,0.264,0.243,0.223,0.205,0.188,0.13
412.0,420.0,0.021,0.04,0.059,0.076,0.093,0.108,0.123,0.136,0.149,0.161,0.173,0.183,0.234,0.267,0.286,0.296,0.296,0.283,0.264,0.244,0.224,0.205,0.188,0.13
412.0,421.0,0.021,0.04,0.059,0.076,0.092,0.108,0.122,0.136,0.149,0.161,0.172,0.183,0.234,0.266,0.286,0.296,0.296,0.283,0.265,0.244,0.224,0.205,0.189,0.13
412.0,422.0,0.021,0.04,0.059,0.076,0.092,0.108,0.122,0.136,0.149,0.161,0.172,0.183,0.233,0.266,0.286,0.296,0.296,0.284,0.265,0.244,0.224,0.206,0.189,0.13
412.0,423.0,0.021,0.04,0.058,0.076,0.092,0.108,0.122,0.136,0.149,0.161,0.172,0.183,0.233,0.266,0.286,0.295,0.296,0.284,0.265,0.244,0.224,0.206,0.189,0.13
412.0,424.0,0.021,0.04,0.058,0.076,0.092,0.107,0.122,0.136,0.148,0.16,0.172,0.182,0.233,0.266,0.285,0.295,0.297,0.284,0.265,0.245,0.225,0.206,0.189,0.131
413.0,414.0,0.02,0.039,0.057,0.074,0.09,0.105,0.119,0.132,0.145,0.157,0.168,0.178,0.229,0.263,0.283,0.294,0.297,0.286,0.269,0.249,0.229,0.211,0.194,0.135
413.0,415.0,0.02,0.039,0.057,0.074,0.09,0.105,0.119,0.132,0.145,0.157,0.168,0.179,0.229,0.263,0.283,0.294,0.297,0.286,0.269,0.249,0.229,0.211,0.194,0.135
413.0,416.0,0.02,0.039,0.057,0.074,0.09,0.105,0.119,0.132,0.145,0.157,0.168,0.179,0.229,0.263,0.283,0.294,0.297,0.286,0.269,0.249,0.229,0.211,0.194,0.134
413.0,417.0,0.02,0.039,0.057,0.074,0.09,0.105,0.119,0.133,0.145,0.157,0.168,0.179,0.23,0.263,0.283,0.294,0.297,0.286,0.268,0.249,0.229,0.211,0.194,0.134
413.0,418.0,0.02,0.039,0.057,0.074,0.09,0.105,0.119,0.133,0.145,0.157,0.168,0.179,0.23,0.263,0.283,0.294,0.297,0.286,0.268,0.249,0.229,0.21,0.194,0.134
413.0,419.0,0.02,0.039,0.057,0.074,0.09,0.105,0.119,0.133,0.145,0.157,0.169,0.179,0.23,0.263,0.283,0.294,0.297,0.286,0.268,0.248,0.229,0.21,0.194,0.134
413.0,420.0,0.02,0.039,0.057,0.074,0.09,0.105,0.119,0.133,0.145,0.157,0.169,0.179,0.23,0.263,0.284,0.294,0.297,0.286,0.268,0.248,0.229,0.21,0.194,0.134
413.0,421.0,0.02,0.039,0.057,0.074,0.09,0.105,0.119,0.133,0.146,0.157,0.169,0.179,0.23,0.263,0.284,0.294,0.297,0.286,0.268,0.248,0.229,0.21,0.193,0.134
413.0,422.0,0.02,0.039,0.057,0.074,0.09,0.105,0.12,0.133,0.146,0.158,0.169,0.179,0.23,0.263,0.284,0.294,0.297,0.286,0.268,0.248,0.228,0.21,0.193,0.134
413.0,423.0,0.02,0.039,0.057,0.074,0.09,0.105,0.12,0.133,0.146,0.158,0.169,0.179,0.23,0.263,0.284,0.294,0.297,0.286,0.268,0.248,0.228,0.21,0.193,0.134
413.0,424.0,0.02,0.039,0.057,0.074,0.09,0.105,0.12,0.133,0.146,0.158,0.169,0.179,0.23,0.263,0.284,0.294,0.297,0.286,0.268,0.248,0.228,0.21,0.193,0.134
413.0,425.0,0.02,0.039,0.057,0.074,0.09,0.105,0.12,0.133,0.146,0.158,0.169,0.18,0.23,0.264,0.284,0.295,0.297,0.286,0.268,0.248,0.228,0.21,0.193,0.134
414.0,415.0,0.019,0.037,0.054,0.071,0.086,0.101,0.114,0.128,0.14,0.152,0.163,0.173,0.224,0.258,0.279,0.292,0.298,0.29,0.274,0.255,0.236,0.218,0.202,0.141
414.0,416.0,0.019,0.037,0.055,0.071,0.086,0.101,0.115,0.128,0.14,0.152,0.163,0.173,0.224,0.258,0.28,0.292,0.298,0.289,0.273,0.255,0.236,0.218,0.201,0.14
414.0,417.0,0.019,0.037,0.055,0.071,0.087,0.101,0.115,0.128,0.141,0.152,0.163,0.174,0.224,0.258,0.28,0.292,0.298,0.289,0.273,0.254,0.235,0.217,0.201,0.14
414.0,418.0,0.019,0.038,0.055,0.071,0.087,0.101,0.115,0.128,0.141,0.153,0.164,0.174,0.225,0.259,0.28,0.292,0.298,0.289,0.273,0.254,0.235,0.217,0.2,0.14
414.0,419.0,0.019,0.038,0.055,0.071,0.087,0.102,0.116,0.129,0.141,0.153,0.164,0.174,0.225,0.259,0.28,0.293,0.298,0.289,0.273,0.254,0.235,0.216,0.2,0.139
414.0,420.0,0.019,0.038,0.055,0.072,0.087,0.102,0.116,0.129,0.141,0.153,0.164,0.175,0.225,0.259,0.281,0.293,0.298,0.289,0.272,0.253,0.234,0.216,0.199,0.139
414.0,421.0,0.019,0.038,0.055,0.072,0.087,0.102,0.116,0.129,0.142,0.153,0.165,0.175,0.226,0.26,0.281,0.293,0.298,0.288,0.272,0.253,0.234,0.216,0.199,0.139
414.0,422.0,0.019,0.038,0.055,0.072,0.087,0.102,0.116,0.129,0.142,0.154,0.165,0.175,0.226,0.26,0.281,0.293,0.298,0.288,0.272,0.253,0.234,0.215,0.199,0.138
414.0,423.0,0.019,0.038,0.055,0.072,0.088,0.102,0.116,0.13,0.142,0.154,0.165,0.175,0.226,0.26,0.281,0.293,0.298,0.288,0.272,0.252,0.233,0.215,0.198,0.138
414.0,424.0,0.02,0.038,0.056,0.072,0.088,0.103,0.117,0.13,0.142,0.154,0.165,0.176,0.226,0.26,0.281,0.293,0.298,0.288,0.271,0.252,0.233,0.215,0.198,0.138
414.0,425.0,0.02,0.038,0.056,0.072,0.088,0.103,0.117,0.13,0.143,0.154,0.165,0.176,0.227,0.26,0.281,0.293,0.298,0.288,0.271,0.252,0.233,0.214,0.198,0.137
414.0,426.0,0.02,0.038,0.056,0.072,0.088,0.103,0.117,0.13,0.143,0.155,0.166,0.176,0.227,0.261,0.282,0.293,0.298,0.288,0.271,0.252,0.232,0.214,0.197,0.137
415.0,416.0,0.019,0.036,0.053,0.069,0.084,0.098,0.112,0.125,0.137,0.148,0.159,0.169,0.22,0.255,0.277,0.29,0.298,0.291,0.277,0.259,0.241,0.223,0.206,0.145
415.0,417.0,0.019,0.036,0.053,0.069,0.084,0.099,0.112,0.125,0.137,0.149,0.16,0.17,0.221,0.255,0.278,0.291,0.298,0.291,0.276,0.258,0.24,0.222,0.205,0.144
415.0,418.0,0.019,0.037,0.054,0.07,0.085,0.099,0.113,0.126,0.138,0.15,0.161,0.171,0.221,0.256,0.278,0.291,0.298,0.291,0.276,0.258,0.239,0.221,0.204,0.143
415.0,419.0,0.019,0.037,0.054,0.07,0.085,0.1,0.113,0.126,0.139,0.15,0.161,0.171,0.222,0.256,0.278,0.291,0.298,0.29,0.275,0.257,0.238,0.22,0.204,0.142
415.0,420.0,0.019,0.037,0.054,0.07,0.086,0.1,0.114,0.127,0.139,0.151,0.162,0.172,0.223,0.257,0.279,0.292,0.298,0.29,0.275,0.256,0.237,0.219,0.203,0.142
415.0,421.0,0.019,0.037,0.054,0.07,0.086,0.1,0.114,0.127,0.14,0.151,0.162,0.173,0.223,0.257,0.279,0.292,0.298,0.29,0.274,0.256,0.237,0.219,0.202,0.141
415.0,422.0,0.019,0.037,0.054,0.071,0.086,0.101,0.115,0.128,0.14,0.152,0.163,0.173,0.224,0.258,0.28,0.292,0.298,0.289,0.274,0.255,0.236,0.218,0.201,0.141
415.0,423.0,0.019,0.037,0.055,0.071,0.086,0.101,0.115,0.128,0.14,0.152,0.163,0.174,0.224,0.258,0.28,0.292,0.298,0.289,0.273,0.255,0.236,0.217,0.201,0.14
415.0,424.0,0.019,0.038,0.055,0.071,0.087,0.101,0.115,0.128,0.141,0.153,0.164,0.174,0.225,0.259,0.28,0.292,0.298,0.289,0.273,0.254,0.235,0.217,0.2,0.14
415.0,425.0,0.019,0.038,0.055,0.071,0.087,0.102,0.116,0.129,0.141,0.153,0.164,0.174,0.225,0.259,0.28,0.293,0.298,0.289,0.272,0.254,0.235,0.216,0.2,0.139
415.0,426.0,0.019,0.038,0.055,0.072,0.087,0.102,0.116,0.129,0.142,0.153,0.164,0.175,0.225,0.259,0.281,0.293,0.298,0.288,0.272,0.253,0.234,0.216,0.199,0.139
415.0,427.0,0.019,0.038,0.055,0.072,0.087,0.102,0.116,0.129,0.142,0.154,0.165,0.175,0.226,0.26,0.281,0.293,0.298,0.288,0.272,0.253,0.234,0.215,0.199,0.138
416.0,417.0,0.019,0.036,0.053,0.069,0.084,0.099,0.112,0.125,0.137,0.149,0.16,0.17,0.22,0.255,0.277,0.291,0.298,0.291,0.276,0.259,0.24,0.222,0.206,0.144
416.0,418.0,0.019,0.037,0.054,0.07,0.085,0.099,0.113,0.126,0.138,0.15,0.161,0.171,0.222,0.256,0.278,0.291,0.298,0.291,0.275,0.257,0.239,0.221,0.204,0.143
416.0,419.0,0.019,0.037,0.054,0.07,0.085,0.1,0.114,0.127,0.139,0.151,0.162,0.172,0.223,0.257,0.279,0.292,0.298,0.29,0.275,0.256,0.238,0.22,0.203,0.142
416.0,420.0,0.019,0.037,0.054,0.071,0.086,0.101,0.114,0.128,0.14,0.152,0.163,0.173,0.224,0.258,0.279,0.292,0.298,0.29,0.274,0.255,0.236,0.218,0.202,0.141
416.0,421.0,0.019,0.037,0.055,0.071,0.087,0.101,0.115,0.128,0.141,0.152,0.163,0.174,0.224,0.258,0.28,0.292,0.298,0.289,0.273,0.254,0.235,0.217,0.201,0.14
416.0,422.0,0.019,0.038,0.055,0.071,0.087,0.102,0.116,0.129,0.141,0.153,0.164,0.175,0.225,0.259,0.281,0.293,0.298,0.289,0.272,0.254,0.234,0.216,0.2,0.139
416.0,423.0,0.019,0.038,0.055,0.072,0.088,0.102,0.116,0.13,0.142,0.154,0.165,0.175,0.226,0.26,0.281,0.293,0.298,0.288,0.272,0.253,0.234,0.215,0.199,0.138
416.0,424.0,0.02,0.038,0.056,0.072,0.088,0.103,0.117,0.13,0.143,0.154,0.165,0.176,0.227,0.26,0.281,0.293,0.298,0.288,0.271,0.252,0.233,0.214,0.198,0.137
416.0,425.0,0.02,0.038,0.056,0.073,0.088,0.103,0.117,0.131,0.143,0.155,0.166,0.177,0.227,0.261,0.282,0.293,0.298,0.287,0.271,0.251,0.232,0.214,0.197,0.137
416.0,426.0,0.02,0.038,0.056,0.073,0.089,0.104,0.118,0.131,0.144,0.156,0.167,0.177,0.228,0.261,0.282,0.294,0.298,0.287,0.27,0.251,0.231,0.213,0.196,0.136
416.0,427.0,0.02,0.039,0.056,0.073,0.089,0.104,0.118,0.132,0.144,0.156,0.167,0.178,0.228,0.262,0.283,0.294,0.298,0.287,0.269,0.25,0.23,0.212,0.195,0.136
416.0,428.0,0.02,0.039,0.057,0.073,0.089,0.104,0.119,0.132,0.145,0.157,0.168,0.178,0.229,0.262,0.283,0.294,0.297,0.286,0.269,0.249,0.23,0.211,0.195,0.135
417.0,418.0,0.018,0.035,0.051,0.066,0.081,0.095,0.108,0.121,0.133,0.144,0.155,0.165,0.215,0.25,0.273,0.288,0.298,0.293,0.281,0.264,0.246,0.229,0.212,0.15
417.0,419.0,0.018,0.035,0.051,0.067,0.082,0.096,0.109,0.122,0.134,0.145,0.156,0.166,0.216,0.251,0.274,0.288,0.298,0.293,0.28,0.263,0.245,0.228,0.211,0.149
417.0,420.0,0.018,0.035,0.052,0.067,0.082,0.096,0.11,0.122,0.134,0.146,0.156,0.167,0.217,0.252,0.275,0.289,0.298,0.293,0.279,0.262,0.244,0.226,0.21,0.148
417.0,421.0,0.018,0.036,0.052,0.068,0.083,0.097,0.11,0.123,0.135,0.147,0.157,0.168,0.218,0.253,0.276,0.289,0.298,0.292,0.278,0.261,0.243,0.225,0.209,0.147
417.0,422.0,0.018,0.036,0.052,0.068,0.083,0.097,0.111,0.124,0.136,0.147,0.158,0.168,0.219,0.253,0.276,0.29,0.298,0.292,0.278,0.26,0.242,0.224,0.208,0.146
417.0,423.0,0.019,0.036,0.053,0.069,0.084,0.098,0.112,0.124,0.136,0.148,0.159,0.169,0.22,0.254,0.277,0.29,0.298,0.291,0.277,0.259,0.241,0.223,0.207,0.145
417.0,424.0,0.019,0.036,0.053,0.069,0.084,0.098,0.112,0.125,0.137,0.149,0.16,0.17,0.22,0.255,0.277,0.291,0.298,0.291,0.276,0.259,0.24,0.222,0.206,0.144
417.0,425.0,0.019,0.036,0.053,0.069,0.085,0.099,0.113,0.125,0.138,0.149,0.16,0.17,0.221,0.255,0.278,0.291,0.298,0.291,0.276,0.258,0.239,0.221,0.205,0.144
417.0,426.0,0.019,0.037,0.054,0.07,0.085,0.099,0.113,0.126,0.138,0.15,0.161,0.171,0.222,0.256,0.278,0.291,0.298,0.291,0.275,0.257,0.239,0.221,0.204,0.143
417.0,427.0,0.019,0.037,0.054,0.07,0.085,0.1,0.113,0.126,0.139,0.15,0.161,0.172,0.222,0.257,0.279,0.291,0.298,0.29,0.275,0.257,0.238,0.22,0.203,0.142
417.0,428.0,0.019,0.037,0.054,0.07,0.086,0.1,0.114,0.127,0.139,0.151,0.162,0.172,0.223,0.257,0.279,0.292,0.298,0.29,0.274,0.256,0.237,0.219,0.203,0.142
417.0,429.0,0.019,0.037,0.054,0.071,0.086,0.1,0.114,0.127,0.14,0.151,0.162,0.173,0.223,0.257,0.279,0.292,0.298,0.29,0.274,0.256,0.237,0.219,0.202,0.141
418.0,419.0,0.018,0.035,0.051,0.067,0.081,0.095,0.108,0.121,0.133,0.144,0.155,0.165,0.215,0.25,0.274,0.288,0.298,0.293,0.28,0.264,0.246,0.228,0.212,0.15
418.0,420.0,0.018,0.035,0.052,0.067,0.082,0.096,0.109,0.122,0.134,0.145,0.156,0.166,0.217,0.252,0.275,0.289,0.298,0.293,0.279,0.262,0.244,0.227,0.21,0.148
418.0,421.0,0.018,0.036,0.052,0.068,0.083,0.097,0.11,0.123,0.135,0.146,0.157,0.167,0.218,0.253,0.275,0.289,0.298,0.292,0.278,0.261,0.243,0.226,0.209,0.147
418.0,422.0,0.018,0.036,0.053,0.068,0.083,0.097,0.111,0.124,0.136,0.147,0.158,0.168,0.219,0.254,0.276,0.29,0.298,0.292,0.278,0.26,0.242,0.224,0.208,0.146
418.0,423.0,0.019,0.036,0.053,0.069,0.084,0.098,0.112,0.125,0.137,0.148,0.159,0.169,0.22,0.254,0.277,0.29,0.298,0.291,0.277,0.259,0.241,0.223,0.206,0.145
418.0,424.0,0.019,0.036,0.053,0.069,0.084,0.099,0.112,0.125,0.137,0.149,0.16,0.17,0.221,0.255,0.278,0.291,0.298,0.291,0.276,0.258,0.24,0.222,0.205,0.144
418.0,425.0,0.019,0.037,0.054,0.07,0.085,0.099,0.113,0.126,0.138,0.15,0.161,0.171,0.222,0.256,0.278,0.291,0.298,0.291,0.275,0.257,0.239,0.221,0.204,0.143
418.0,426.0,0.019,0.037,0.054,0.07,0.085,0.1,0.114,0.127,0.139,0.15,0.161,0.172,0.222,0.257,0.279,0.291,0.298,0.29,0.275,0.257,0.238,0.22,0.203,0.142
418.0,427.0,0.019,0.037,0.054,0.07,0.086,0.1,0.114,0.127,0.14,0.151,0.162,0.173,0.223,0.257,0.279,0.292,0.298,0.29,0.274,0.256,0.237,0.219,0.202,0.141
418.0,428.0,0.019,0.037,0.054,0.071,0.086,0.101,0.115,0.128,0.14,0.152,0.163,0.173,0.224,0.258,0.28,0.292,0.298,0.289,0.274,0.255,0.236,0.218,0.201,0.14
418.0,429.0,0.019,0.037,0.055,0.071,0.087,0.101,0.115,0.128,0.141,0.152,0.163,0.174,0.224,0.258,0.28,0.292,0.298,0.289,0.273,0.254,0.235,0.217,0.2,0.14
418.0,430.0,0.019,0.038,0.055,0.071,0.087,0.102,0.116,0.129,0.141,0.153,0.164,0.174,0.225,0.259,0.28,0.293,0.298,0.289,0.273,0.254,0.235,0.216,0.2,0.139
419.0,420.0,0.018,0.034,0.05,0.066,0.08,0.094,0.107,0.119,0.131,0.142,0.153,0.163,0.213,0.248,0.272,0.287,0.298,0.294,0.282,0.266,0.248,0.231,0.215,0.152
419.0,421.0,0.018,0.035,0.051,0.066,0.081,0.095,0.108,0.12,0.132,0.143,0.154,0.164,0.214,0.249,0.273,0.288,0.298,0.294,0.281,0.265,0.247,0.23,0.213,0.151
419.0,422.0,0.018,0.035,0.051,0.067,0.081,0.095,0.109,0.121,0.133,0.144,0.155,0.165,0.215,0.25,0.274,0.288,0.298,0.293,0.28,0.264,0.246,0.228,0.212,0.15
419.0,423.0,0.018,0.035,0.052,0.067,0.082,0.096,0.109,0.122,0.134,0.145,0.156,0.166,0.216,0.251,0.275,0.289,0.298,0.293,0.279,0.263,0.245,0.227,0.211,0.148
419.0,424.0,0.018,0.036,0.052,0.068,0.083,0.097,0.11,0.123,0.135,0.146,0.157,0.167,0.217,0.252,0.275,0.289,0.298,0.292,0.279,0.262,0.243,0.226,0.209,0.147
419.0,425.0,0.018,0.036,0.052,0.068,0.083,0.097,0.111,0.123,0.136,0.147,0.158,0.168,0.218,0.253,0.276,0.29,0.298,0.292,0.278,0.261,0.242,0.225,0.208,0.146
419.0,426.0,0.018,0.036,0.053,0.069,0.084,0.098,0.111,0.124,0.136,0.148,0.159,0.169,0.219,0.254,0.277,0.29,0.298,0.292,0.277,0.26,0.241,0.224,0.207,0.145
419.0,427.0,0.019,0.036,0.053,0.069,0.084,0.098,0.112,0.125,0.137,0.148,0.159,0.17,0.22,0.255,0.277,0.29,0.298,0.291,0.277,0.259,0.24,0.223,0.206,0.145
419.0,428.0,0.019,0.036,0.053,0.069,0.084,0.099,0.112,0.125,0.138,0.149,0.16,0.17,0.221,0.255,0.278,0.291,0.298,0.291,0.276,0.258,0.24,0.222,0.205,0.144
419.0,429.0,0.019,0.037,0.054,0.07,0.085,0.099,0.113,0.126,0.138,0.15,0.161,0.171,0.222,0.256,0.278,0.291,0.298,0.291,0.275,0.257,0.239,0.221,0.204,0.143
419.0,430.0,0.019,0.037,0.054,0.07,0.085,0.1,0.113,0.126,0.139,0.15,0.161,0.172,0.222,0.256,0.279,0.291,0.298,0.29,0.275,0.257,0.238,0.22,0.203,0.142
419.0,431.0,0.019,0.037,0.054,0.07,0.086,0.1,0.114,0.127,0.139,0.151,0.162,0.172,0.223,0.257,0.279,0.292,0.298,0.29,0.274,0.256,0.237,0.219,0.203,0.142
420.0,421.0,0.018,0.034,0.05,0.065,0.08,0.093,0.106,0.119,0.13,0.142,0.152,0.162,0.212,0.248,0.272,0.287,0.298,0.294,0.282,0.266,0.249,0.232,0.216,0.153
420.0,422.0,0.018,0.035,0.051,0.066,0.08,0.094,0.107,0.12,0.132,0.143,0.153,0.164,0.214,0.249,0.273,0.287,0.298,0.294,0.281,0.265,0.248,0.23,0.214,0.152
420.0,423.0,0.018,0.035,0.051,0.066,0.081,0.095,0.108,0.121,0.133,0.144,0.155,0.165,0.215,0.25,0.273,0.288,0.298,0.293,0.281,0.264,0.246,0.229,0.212,0.15
420.0,424.0,0.018,0.035,0.051,0.067,0.082,0.096,0.109,0.122,0.134,0.145,0.156,0.166,0.216,0.251,0.274,0.289,0.298,0.293,0.28,0.263,0.245,0.227,0.211,0.149
420.0,425.0,0.018,0.035,0.052,0.068,0.082,0.096,0.11,0.123,0.135,0.146,0.157,0.167,0.217,0.252,0.275,0.289,0.298,0.293,0.279,0.262,0.244,0.226,0.21,0.148
420.0,426.0,0.018,0.036,0.052,0.068,0.083,0.097,0.111,0.123,0.135,0.147,0.158,0.168,0.218,0.253,0.276,0.29,0.298,0.292,0.278,0.261,0.243,0.225,0.208,0.147
420.0,427.0,0.018,0.036,0.053,0.068,0.084,0.098,0.111,0.124,0.136,0.148,0.159,0.169,0.219,0.254,0.277,0.29,0.298,0.292,0.277,0.26,0.241,0.224,0.207,0.145
420.0,428.0,0.019,0.036,0.053,0.069,0.084,0.098,0.112,0.125,0.137,0.148,0.159,0.17,0.22,0.255,0.277,0.29,0.298,0.291,0.277,0.259,0.24,0.223,0.206,0.145
420.0,429.0,0.019,0.036,0.053,0.069,0.085,0.099,0.113,0.125,0.138,0.149,0.16,0.17,0.221,0.255,0.278,0.291,0.298,0.291,0.276,0.258,0.239,0.222,0.205,0.144
420.0,430.0,0.019,0.037,0.054,0.07,0.085,0.099,0.113,0.126,0.138,0.15,0.161,0.171,0.222,0.256,0.278,0.291,0.298,0.29,0.275,0.257,0.239,0.221,0.204,0.143
420.0,431.0,0.019,0.037,0.054,0.07,0.085,0.1,0.114,0.127,0.139,0.151,0.161,0.172,0.222,0.257,0.279,0.291,0.298,0.29,0.275,0.257,0.238,0.22,0.203,0.142
420.0,432.0,0.019,0.037,0.054,0.07,0.086,0.1,0.114,0.127,0.139,0.151,0.162,0.172,0.223,0.257,0.279,0.292,0.298,0.29,0.274,0.256,0.237,0.219,0.202,0.141
421.0,422.0,0.017,0.034,0.05,0.065,0.08,0.093,0.106,0.119,0.13,0.142,0.152,0.162,0.212,0.247,0.271,0.286,0.298,0.294,0.283,0.267,0.249,0.232,0.216,0.153
421.0,423.0,0.018,0.035,0.051,0.066,0.08,0.094,0.107,0.12,0.132,0.143,0.154,0.164,0.214,0.249,0.273,0.287,0.298,0.294,0.281,0.265,0.248,0.23,0.214,0.152
421.0,424.0,0.018,0.035,0.051,0.067,0.081,0.095,0.108,0.121,0.133,0.144,0.155,0.165,0.215,0.25,0.274,0.288,0.298,0.293,0.28,0.264,0.246,0.229,0.212,0.15
421.0,425.0,0.018,0.035,0.052,0.067,0.082,0.096,0.109,0.122,0.134,0.145,0.156,0.166,0.217,0.252,0.275,0.289,0.298,0.293,0.279,0.262,0.244,0.227,0.21,0.148
421.0,426.0,0.018,0.036,0.052,0.068,0.083,0.097,0.11,0.123,0.135,0.147,0.157,0.168,0.218,0.253,0.276,0.289,0.298,0.292,0.278,0.261,0.243,0.225,0.209,0.147
421.0,427.0,0.018,0.036,0.053,0.068,0.083,0.098,0.111,0.124,0.136,0.148,0.158,0.169,0.219,0.254,0.276,0.29,0.298,0.292,0.277,0.26,0.242,0.224,0.207,0.146
421.0,428.0,0.019,0.036,0.053,0.069,0.084,0.098,0.112,0.125,0.137,0.149,0.159,0.17,0.22,0.255,0.277,0.291,0.298,0.291,0.277,0.259,0.24,0.222,0.206,0.144
421.0,429.0,0.019,0.037,0.053,0.07,0.085,0.099,0.113,0.126,0.138,0.15,0.16,0.171,0.221,0.256,0.278,0.291,0.298,0.291,0.276,0.258,0.239,0.221,0.204,0.143
421.0,430.0,0.019,0.037,0.054,0.07,0.085,0.1,0.114,0.127,0.139,0.15,0.161,0.172,0.222,0.257,0.279,0.291,0.298,0.29,0.275,0.257,0.238,0.22,0.203,0.142
421.0,431.0,0.019,0.037,0.054,0.07,0.086,0.1,0.114,0.127,0.14,0.151,0.162,0.173,0.223,0.257,0.279,0.292,0.298,0.29,0.274,0.256,0.237,0.219,0.202,0.141
421.0,432.0,0.019,0.037,0.055,0.071,0.086,0.101,0.115,0.128,0.14,0.152,0.163,0.173,0.224,0.258,0.28,0.292,0.298,0.289,0.273,0.255,0.236,0.218,0.201,0.14
421.0,433.0,0.019,0.038,0.055,0.071,0.087,0.101,0.115,0.129,0.141,0.153,0.164,0.174,0.225,0.259,0.28,0.292,0.298,0.289,0.273,0.254,0.235,0.217,0.2,0.139
422.0,423.0,0.018,0.035,0.051,0.067,0.081,0.095,0.108,0.121,0.133,0.144,0.155,0.165,0.215,0.25,0.274,0.288,0.298,0.293,0.28,0.264,0.246,0.229,0.212,0.15
422.0,424.0,0.018,0.035,0.052,0.067,0.082,0.096,0.109,0.122,0.134,0.145,0.156,0.166,0.217,0.251,0.275,0.289,0.298,0.293,0.279,0.263,0.245,0.227,0.211,0.148
422.0,425.0,0.018,0.036,0.052,0.068,0.083,0.097,0.11,0.123,0.135,0.146,0.157,0.167,0.218,0.253,0.275,0.289,0.298,0.292,0.278,0.261,0.243,0.226,0.209,0.147
422.0,426.0,0.018,0.036,0.053,0.068,0.083,0.098,0.111,0.124,0.136,0.147,0.158,0.168,0.219,0.254,0.276,0.29,0.298,0.292,0.278,0.26,0.242,0.224,0.208,0.146
422.0,427.0,0.019,0.036,0.053,0.069,0.084,0.098,0.112,0.125,0.137,0.148,0.159,0.169,0.22,0.255,0.277,0.29,0.298,0.291,0.277,0.259,0.241,0.223,0.206,0.145
422.0,428.0,0.019,0.036,0.053,0.069,0.085,0.099,0.113,0.125,0.138,0.149,0.16,0.17,0.221,0.255,0.278,0.291,0.298,0.291,0.276,0.258,0.239,0.222,0.205,0.144
422.0,429.0,0.019,0.037,0.054,0.07,0.085,0.1,0.113,0.126,0.138,0.15,0.161,0.171,0.222,0.256,0.278,0.291,0.298,0.29,0.275,0.257,0.238,0.22,0.204,0.143
422.0,430.0,0.019,0.037,0.054,0.07,0.086,0.1,0.114,0.127,0.139,0.151,0.162,0.172,0.223,0.257,0.279,0.292,0.298,0.29,0.275,0.256,0.237,0.219,0.203,0.142
422.0,431.0,0.019,0.037,0.054,0.071,0.086,0.101,0.114,0.127,0.14,0.151,0.162,0.173,0.223,0.258,0.279,0.292,0.298,0.29,0.274,0.255,0.236,0.218,0.202,0.141
422.0,432.0,0.019,0.037,0.055,0.071,0.086,0.101,0.115,0.128,0.14,0.152,0.163,0.174,0.224,0.258,0.28,0.292,0.298,0.289,0.273,0.255,0.236,0.218,0.201,0.14
422.0,433.0,0.019,0.038,0.055,0.071,0.087,0.102,0.115,0.129,0.141,0.153,0.164,0.174,0.225,0.259,0.28,0.292,0.298,0.289,0.273,0.254,0.235,0.217,0.2,0.139
422.0,434.0,0.019,0.038,0.055,0.072,0.087,0.102,0.116,0.129,0.142,0.153,0.164,0.175,0.225,0.259,0.281,0.293,0.298,0.288,0.272,0.253,0.234,0.216,0.199,0.139
423.0,424.0,0.018,0.035,0.051,0.067,0.082,0.096,0.109,0.121,0.133,0.145,0.155,0.166,0.216,0.251,0.274,0.288,0.298,0.293,0.28,0.263,0.245,0.228,0.211,0.149
423.0,425.0,0.018,0.036,0.052,0.068,0.082,0.097,0.11,0.123,0.135,0.146,0.157,0.167,0.217,0.252,0.275,0.289,0.298,0.292,0.279,0.262,0.244,0.226,0.209,0.147
423.0,426.0,0.018,0.036,0.053,0.068,0.083,0.097,0.111,0.124,0.136,0.147,0.158,0.168,0.219,0.254,0.276,0.29,0.298,0.292,0.278,0.26,0.242,0.224,0.208,0.146
423.0,427.0,0.019,0.036,0.053,0.069,0.084,0.098,0.112,0.125,0.137,0.148,0.159,0.17,0.22,0.255,0.277,0.29,0.298,0.291,0.277,0.259,0.24,0.223,0.206,0.145
423.0,428.0,0.019,0.037,0.053,0.07,0.085,0.099,0.113,0.126,0.138,0.15,0.16,0.171,0.221,0.256,0.278,0.291,0.298,0.291,0.276,0.258,0.239,0.221,0.205,0.143
423.0,429.0,0.019,0.037,0.054,0.07,0.085,0.1,0.114,0.127,0.139,0.15,0.161,0.172,0.222,0.257,0.279,0.291,0.298,0.29,0.275,0.257,0.238,0.22,0.203,0.142
423.0,430.0,0.019,0.037,0.054,0.071,0.086,0.101,0.114,0.127,0.14,0.151,0.162,0.173,0.223,0.258,0.279,0.292,0.298,0.29,0.274,0.255,0.237,0.219,0.202,0.141
423.0,431.0,0.019,0.037,0.055,0.071,0.087,0.101,0.115,0.128,0.141,0.152,0.163,0.174,0.224,0.258,0.28,0.292,0.298,0.289,0.273,0.254,0.235,0.217,0.201,0.14
423.0,432.0,0.019,0.038,0.055,0.071,0.087,0.102,0.116,0.129,0.141,0.153,0.164,0.175,0.225,0.259,0.281,0.293,0.298,0.289,0.272,0.254,0.234,0.216,0.2,0.139
423.0,433.0,0.019,0.038,0.055,0.072,0.088,0.102,0.116,0.13,0.142,0.154,0.165,0.175,0.226,0.26,0.281,0.293,0.298,0.288,0.272,0.253,0.234,0.215,0.199,0.138
423.0,434.0,0.02,0.038,0.056,0.072,0.088,0.103,0.117,0.13,0.143,0.154,0.166,0.176,0.227,0.26,0.282,0.293,0.298,0.288,0.271,0.252,0.233,0.214,0.198,0.137
423.0,435.0,0.02,0.038,0.056,0.073,0.088,0.103,0.117,0.131,0.143,0.155,0.166,0.177,0.227,0.261,0.282,0.293,0.298,0.287,0.27,0.251,0.232,0.214,0.197,0.137
424.0,425.0,0.018,0.035,0.051,0.066,0.081,0.095,0.108,0.121,0.133,0.144,0.155,0.165,0.215,0.25,0.274,0.288,0.298,0.293,0.28,0.264,0.246,0.229,0.212,0.15
424.0,426.0,0.018,0.035,0.052,0.067,0.082,0.096,0.109,0.122,0.134,0.145,0.156,0.166,0.217,0.252,0.275,0.289,0.298,0.293,0.279,0.262,0.245,0.227,0.21,0.148
424.0,427.0,0.018,0.036,0.052,0.068,0.083,0.097,0.11,0.123,0.135,0.147,0.157,0.168,0.218,0.253,0.276,0.289,0.298,0.292,0.278,0.261,0.243,0.225,0.209,0.147
424.0,428.0,0.018,0.036,0.053,0.069,0.084,0.098,0.111,0.124,0.136,0.148,0.159,0.169,0.219,0.254,0.277,0.29,0.298,0.292,0.277,0.26,0.241,0.224,0.207,0.145
424.0,429.0,0.019,0.036,0.053,0.069,0.084,0.099,0.112,0.125,0.137,0.149,0.16,0.17,0.22,0.255,0.277,0.291,0.298,0.291,0.276,0.259,0.24,0.222,0.206,0.144
424.0,430.0,0.019,0.037,0.054,0.07,0.085,0.099,0.113,0.126,0.138,0.15,0.161,0.171,0.221,0.256,0.278,0.291,0.298,0.291,0.276,0.257,0.239,0.221,0.204,0.143
424.0,431.0,0.019,0.037,0.054,0.07,0.085,0.1,0.114,0.127,0.139,0.151,0.162,0.172,0.222,0.257,0.279,0.292,0.298,0.29,0.275,0.256,0.238,0.22,0.203,0.142
424.0,432.0,0.019,0.037,0.054,0.071,0.086,0.101,0.114,0.127,0.14,0.151,0.162,0.173,0.223,0.258,0.279,0.292,0.298,0.29,0.274,0.255,0.237,0.218,0.202,0.141
424.0,433.0,0.019,0.037,0.055,0.071,0.086,0.101,0.115,0.128,0.141,0.152,0.163,0.174,0.224,0.258,0.28,0.292,0.298,0.289,0.273,0.255,0.236,0.217,0.201,0.14
424.0,434.0,0.019,0.038,0.055,0.071,0.087,0.102,0.116,0.129,0.141,0.153,0.164,0.174,0.225,0.259,0.28,0.293,0.298,0.289,0.273,0.254,0.235,0.216,0.2,0.139
424.0,435.0,0.019,0.038,0.055,0.072,0.087,0.102,0.116,0.129,0.142,0.154,0.165,0.175,0.226,0.26,0.281,0.293,0.298,0.288,0.272,0.253,0.234,0.216,0.199,0.138
424.0,436.0,0.02,0.038,0.056,0.072,0.088,0.103,0.117,0.13,0.142,0.154,0.165,0.176,0.226,0.26,0.281,0.293,0.298,0.288,0.271,0.252,0.233,0.215,0.198,0.138
425.0,426.0,0.018,0.035,0.051,0.066,0.081,0.094,0.108,0.12,0.132,0.143,0.154,0.164,0.214,0.249,0.273,0.288,0.298,0.294,0.281,0.265,0.247,0.23,0.213,0.151
425.0,427.0,0.018,0.035,0.051,0.067,0.082,0.095,0.109,0.121,0.133,0.145,0.155,0.165,0.216,0.251,0.274,0.288,0.298,0.293,0.28,0.263,0.245,0.228,0.212,0.149
425.0,428.0,0.018,0.035,0.052,0.067,0.082,0.096,0.11,0.122,0.134,0.146,0.157,0.167,0.217,0.252,0.275,0.289,0.298,0.293,0.279,0.262,0.244,0.226,0.21,0.148
425.0,429.0,0.018,0.036,0.052,0.068,0.083,0.097,0.111,0.123,0.136,0.147,0.158,0.168,0.218,0.253,0.276,0.29,0.298,0.292,0.278,0.261,0.242,0.225,0.208,0.146
425.0,430.0,0.019,0.036,0.053,0.069,0.084,0.098,0.112,0.124,0.137,0.148,0.159,0.169,0.22,0.254,0.277,0.29,0.298,0.291,0.277,0.259,0.241,0.223,0.207,0.145
425.0,431.0,0.019,0.036,0.053,0.069,0.084,0.099,0.112,0.125,0.138,0.149,0.16,0.17,0.221,0.255,0.278,0.291,0.298,0.291,0.276,0.258,0.24,0.222,0.205,0.144
425.0,432.0,0.019,0.037,0.054,0.07,0.085,0.1,0.113,0.126,0.138,0.15,0.161,0.171,0.222,0.256,0.278,0.291,0.298,0.29,0.275,0.257,0.238,0.22,0.204,0.143
425.0,433.0,0.019,0.037,0.054,0.07,0.086,0.1,0.114,0.127,0.139,0.151,0.162,0.172,0.223,0.257,0.279,0.292,0.298,0.29,0.274,0.256,0.237,0.219,0.203,0.142
425.0,434.0,0.019,0.037,0.054,0.071,0.086,0.101,0.115,0.128,0.14,0.152,0.163,0.173,0.224,0.258,0.28,0.292,0.298,0.289,0.274,0.255,0.236,0.218,0.201,0.141
425.0,435.0,0.019,0.037,0.055,0.071,0.087,0.101,0.115,0.128,0.141,0.152,0.163,0.174,0.225,0.259,0.28,0.292,0.298,0.289,0.273,0.254,0.235,0.217,0.2,0.14
425.0,436.0,0.019,0.038,0.055,0.072,0.087,0.102,0.116,0.129,0.141,0.153,0.164,0.175,0.225,0.259,0.281,0.293,0.298,0.289,0.272,0.253,0.234,0.216,0.199,0.139
425.0,437.0,0.019,0.038,0.055,0.072,0.088,0.102,0.116,0.13,0.142,0.154,0.165,0.175,0.226,0.26,0.281,0.293,0.298,0.288,0.272,0.253,0.233,0.215,0.199,0.138
426.0,427.0,0.017,0.034,0.05,0.065,0.079,0.093,0.106,0.118,0.13,0.141,0.152,0.162,0.212,0.247,0.271,0.286,0.298,0.295,0.283,0.267,0.25,0.232,0.216,0.154
426.0,428.0,0.018,0.035,0.051,0.066,0.081,0.094,0.108,0.12,0.132,0.143,0.154,0.164,0.214,0.249,0.273,0.287,0.298,0.294,0.281,0.265,0.247,0.23,0.214,0.151
426.0,429.0,0.018,0.035,0.051,0.067,0.082,0.096,0.109,0.121,0.133,0.145,0.155,0.166,0.216,0.251,0.274,0.288,0.298,0.293,0.28,0.263,0.245,0.228,0.211,0.149
426.0,430.0,0.018,0.036,0.052,0.068,0.083,0.097,0.11,0.123,0.135,0.146,0.157,0.167,0.218,0.252,0.275,0.289,0.298,0.292,0.279,0.261,0.243,0.226,0.209,0.147
426.0,431.0,0.018,0.036,0.053,0.068,0.083,0.098,0.111,0.124,0.136,0.148,0.158,0.169,0.219,0.254,0.276,0.29,0.298,0.292,0.277,0.26,0.242,0.224,0.207,0.146
426.0,432.0,0.019,0.036,0.053,0.069,0.084,0.099,0.112,0.125,0.137,0.149,0.16,0.17,0.221,0.255,0.277,0.291,0.298,0.291,0.276,0.258,0.24,0.222,0.205,0.144
426.0,433.0,0.019,0.037,0.054,0.07,0.085,0.1,0.113,0.126,0.138,0.15,0.161,0.171,0.222,0.256,0.278,0.291,0.298,0.29,0.275,0.257,0.238,0.22,0.204,0.143
426.0,434.0,0.019,0.037,0.054,0.07,0.086,0.1,0.114,0.127,0.14,0.151,0.162,0.173,0.223,0.257,0.279,0.292,0.298,0.29,0.274,0.256,0.237,0.219,0.202,0.141
426.0,435.0,0.019,0.037,0.055,0.071,0.087,0.101,0.115,0.128,0.141,0.152,0.163,0.174,0.224,0.258,0.28,0.292,0.298,0.289,0.273,0.255,0.236,0.217,0.201,0.14
426.0,436.0,0.019,0.038,0.055,0.072,0.087,0.102,0.116,0.129,0.141,0.153,0.164,0.175,0.225,0.259,0.281,0.293,0.298,0.289,0.272,0.253,0.234,0.216,0.199,0.139
426.0,437.0,0.019,0.038,0.055,0.072,0.088,0.103,0.117,0.13,0.142,0.154,0.165,0.176,0.226,0.26,0.281,0.293,0.298,0.288,0.271,0.252,0.233,0.215,0.198,0.138
426.0,438.0,0.02,0.038,0.056,0.072,0.088,0.103,0.117,0.13,0.143,0.155,0.166,0.176,0.227,0.261,0.282,0.293,0.298,0.288,0.271,0.251,0.232,0.214,0.197,0.137
427.0,428.0,0.018,0.034,0.05,0.066,0.08,0.094,0.107,0.119,0.131,0.142,0.153,0.163,0.213,0.248,0.272,0.287,0.298,0.294,0.282,0.266,0.248,0.231,0.215,0.152
427.0,429.0,0.018,0.035,0.051,0.066,0.081,0.095,0.108,0.121,0.133,0.144,0.155,0.165,0.215,0.25,0.273,0.288,0.298,0.293,0.281,0.264,0.246,0.229,0.212,0.15
427.0,430.0,0.018,0.035,0.052,0.067,0.082,0.096,0.11,0.122,0.134,0.146,0.156,0.167,0.217,0.252,0.275,0.289,0.298,0.293,0.279,0.262,0.244,0.227,0.21,0.148
427.0,431.0,0.018,0.036,0.052,0.068,0.083,0.097,0.111,0.123,0.136,0.147,0.158,0.168,0.218,0.253,0.276,0.29,0.298,0.292,0.278,0.261,0.242,0.225,0.208,0.146
427.0,432.0,0.019,0.036,0.053,0.069,0.084,0.098,0.112,0.125,0.137,0.148,0.159,0.17,0.22,0.255,0.277,0.29,0.298,0.291,0.277,0.259,0.241,0.223,0.206,0.145
427.0,433.0,0.019,0.037,0.054,0.07,0.085,0.099,0.113,0.126,0.138,0.15,0.161,0.171,0.221,0.256,0.278,0.291,0.298,0.291,0.276,0.257,0.239,0.221,0.204,0.143
427.0,434.0,0.019,0.037,0.054,0.07,0.086,0.1,0.114,0.127,0.139,0.151,0.162,0.172,0.223,0.257,0.279,0.292,0.298,0.29,0.274,0.256,0.237,0.219,0.203,0.142
427.0,435.0,0.019,0.037,0.055,0.071,0.086,0.101,0.115,0.128,0.14,0.152,0.163,0.173,0.224,0.258,0.28,0.292,0.298,0.289,0.273,0.255,0.236,0.218,0.201,0.14
427.0,436.0,0.019,0.038,0.055,0.071,0.087,0.102,0.116,0.129,0.141,0.153,0.164,0.175,0.225,0.259,0.281,0.293,0.298,0.289,0.272,0.254,0.234,0.216,0.2,0.139
427.0,437.0,0.019,0.038,0.055,0.072,0.088,0.102,0.116,0.13,0.142,0.154,0.165,0.176,0.226,0.26,0.281,0.293,0.298,0.288,0.272,0.252,0.233,0.215,0.198,0.138
427.0,438.0,0.02,0.038,0.056,0.073,0.088,0.103,0.117,0.131,0.143,0.155,0.166,0.176,0.227,0.261,0.282,0.293,0.298,0.288,0.271,0.251,0.232,0.214,0.197,0.137
427.0,439.0,0.02,0.038,0.056,0.073,0.089,0.104,0.118,0.131,0.144,0.156,0.167,0.177,0.228,0.262,0.282,0.294,0.298,0.287,0.27,0.25,0.231,0.213,0.196,0.136
428.0,429.0,0.017,0.033,0.048,0.062,0.076,0.089,0.102,0.114,0.125,0.136,0.147,0.156,0.206,0.242,0.266,0.283,0.297,0.296,0.287,0.272,0.256,0.24,0.224,0.161
428.0,430.0,0.017,0.033,0.049,0.063,0.077,0.091,0.103,0.116,0.127,0.138,0.149,0.158,0.208,0.244,0.268,0.284,0.298,0.296,0.285,0.27,0.254,0.237,0.221,0.158
428.0,431.0,0.017,0.034,0.049,0.064,0.078,0.092,0.105,0.117,0.129,0.14,0.15,0.16,0.21,0.246,0.27,0.285,0.298,0.295,0.284,0.268,0.251,0.234,0.218,0.155
428.0,432.0,0.017,0.034,0.05,0.065,0.08,0.093,0.106,0.119,0.13,0.142,0.152,0.162,0.212,0.248,0.271,0.287,0.298,0.294,0.282,0.267,0.249,0.232,0.216,0.153
428.0,433.0,0.018,0.035,0.051,0.066,0.081,0.094,0.108,0.12,0.132,0.143,0.154,0.164,0.214,0.249,0.273,0.287,0.298,0.294,0.281,0.265,0.247,0.23,0.214,0.151
428.0,434.0,0.018,0.035,0.051,0.067,0.082,0.095,0.109,0.121,0.133,0.145,0.155,0.165,0.216,0.251,0.274,0.288,0.298,0.293,0.28,0.263,0.245,0.228,0.212,0.149
428.0,435.0,0.018,0.035,0.052,0.068,0.082,0.096,0.11,0.123,0.135,0.146,0.157,0.167,0.217,0.252,0.275,0.289,0.298,0.293,0.279,0.262,0.244,0.226,0.21,0.148
428.0,436.0,0.018,0.036,0.052,0.068,0.083,0.097,0.111,0.124,0.136,0.147,0.158,0.168,0.219,0.253,0.276,0.29,0.298,0.292,0.278,0.26,0.242,0.224,0.208,0.146
428.0,437.0,0.019,0.036,0.053,0.069,0.084,0.098,0.112,0.125,0.137,0.148,0.159,0.169,0.22,0.255,0.277,0.29,0.298,0.291,0.277,0.259,0.241,0.223,0.206,0.145
428.0,438.0,0.019,0.037,0.053,0.069,0.085,0.099,0.113,0.126,0.138,0.149,0.16,0.171,0.221,0.256,0.278,0.291,0.298,0.291,0.276,0.258,0.239,0.221,0.205,0.143
428.0,439.0,0.019,0.037,0.054,0.07,0.085,0.1,0.113,0.126,0.139,0.15,0.161,0.172,0.222,0.257,0.279,0.291,0.298,0.29,0.275,0.257,0.238,0.22,0.203,0.142
428.0,440.0,0.019,0.037,0.054,0.07,0.086,0.1,0.114,0.127,0.14,0.151,0.162,0.173,0.223,0.257,0.279,0.292,0.298,0.29,0.274,0.256,0.237,0.219,0.202,0.141
429.0,430.0,0.016,0.032,0.047,0.061,0.075,0.088,0.1,0.112,0.124,0.134,0.145,0.154,0.204,0.24,0.265,0.281,0.297,0.297,0.288,0.274,0.258,0.242,0.226,0.163
429.0,431.0,0.017,0.033,0.048,0.062,0.076,0.089,0.102,0.114,0.125,0.136,0.147,0.157,0.206,0.242,0.267,0.283,0.297,0.296,0.286,0.272,0.256,0.239,0.223,0.16
429.0,432.0,0.017,0.033,0.049,0.063,0.077,0.091,0.104,0.116,0.127,0.138,0.149,0.159,0.208,0.244,0.268,0.284,0.298,0.296,0.285,0.27,0.254,0.237,0.221,0.158
429.0,433.0,0.017,0.034,0.049,0.064,0.079,0.092,0.105,0.117,0.129,0.14,0.151,0.161,0.211,0.246,0.27,0.286,0.298,0.295,0.284,0.268,0.251,0.234,0.218,0.155
429.0,434.0,0.018,0.034,0.05,0.065,0.08,0.093,0.106,0.119,0.131,0.142,0.152,0.162,0.212,0.248,0.272,0.287,0.298,0.294,0.282,0.266,0.249,0.232,0.216,0.153
429.0,435.0,0.018,0.035,0.051,0.066,0.081,0.095,0.108,0.12,0.132,0.143,0.154,0.164,0.214,0.249,0.273,0.288,0.298,0.294,0.281,0.265,0.247,0.23,0.213,0.151
429.0,436.0,0.018,0.035,0.051,0.067,0.082,0.096,0.109,0.121,0.133,0.145,0.155,0.166,0.216,0.251,0.274,0.288,0.298,0.293,0.28,0.263,0.245,0.228,0.211,0.149
429.0,437.0,0.018,0.036,0.052,0.068,0.082,0.097,0.11,0.123,0.135,0.146,0.157,0.167,0.217,0.252,0.275,0.289,0.298,0.292,0.279,0.262,0.244,0.226,0.209,0.147
429.0,438.0,0.018,0.036,0.053,0.068,0.083,0.097,0.111,0.124,0.136,0.147,0.158,0.168,0.219,0.253,0.276,0.29,0.298,0.292,0.278,0.26,0.242,0.224,0.208,0.146
429.0,439.0,0.019,0.036,0.053,0.069,0.084,0.098,0.112,0.125,0.137,0.148,0.159,0.17,0.22,0.255,0.277,0.29,0.298,0.291,0.277,0.259,0.24,0.223,0.206,0.145
429.0,440.0,0.019,0.037,0.053,0.069,0.085,0.099,0.113,0.126,0.138,0.149,0.16,0.171,0.221,0.256,0.278,0.291,0.298,0.291,0.276,0.258,0.239,0.221,0.205,0.143
429.0,441.0,0.019,0.037,0.054,0.07,0.085,0.1,0.114,0.127,0.139,0.15,0.161,0.172,0.222,0.257,0.279,0.291,0.298,0.29,0.275,0.257,0.238,0.22,0.203,0.142
430.0,431.0,0.016,0.032,0.046,0.061,0.074,0.087,0.099,0.111,0.122,0.133,0.143,0.153,0.202,0.238,0.263,0.28,0.297,0.297,0.289,0.276,0.26,0.244,0.228,0.165
430.0,432.0,0.016,0.032,0.047,0.062,0.075,0.088,0.101,0.113,0.124,0.135,0.145,0.155,0.205,0.24,0.265,0.282,0.297,0.297,0.287,0.273,0.258,0.241,0.225,0.162
430.0,433.0,0.017,0.033,0.048,0.063,0.077,0.09,0.102,0.115,0.126,0.137,0.147,0.157,0.207,0.242,0.267,0.283,0.298,0.296,0.286,0.272,0.255,0.239,0.223,0.16
430.0,434.0,0.017,0.033,0.049,0.064,0.078,0.091,0.104,0.116,0.128,0.139,0.149,0.159,0.209,0.244,0.269,0.285,0.298,0.296,0.285,0.27,0.253,0.236,0.22,0.157
430.0,435.0,0.017,0.034,0.05,0.064,0.079,0.092,0.105,0.118,0.129,0.14,0.151,0.161,0.211,0.246,0.27,0.286,0.298,0.295,0.283,0.268,0.251,0.234,0.218,0.155
430.0,436.0,0.018,0.034,0.05,0.065,0.08,0.093,0.106,0.119,0.131,0.142,0.152,0.163,0.213,0.248,0.272,0.287,0.298,0.294,0.282,0.266,0.249,0.232,0.215,0.153
430.0,437.0,0.018,0.035,0.051,0.066,0.081,0.095,0.108,0.12,0.132,0.143,0.154,0.164,0.214,0.249,0.273,0.288,0.298,0.294,0.281,0.265,0.247,0.23,0.213,0.151
430.0,438.0,0.018,0.035,0.051,0.067,0.082,0.095,0.109,0.121,0.133,0.145,0.155,0.166,0.216,0.251,0.274,0.288,0.298,0.293,0.28,0.263,0.245,0.228,0.211,0.149
430.0,439.0,0.018,0.035,0.052,0.067,0.082,0.096,0.11,0.122,0.134,0.146,0.157,0.167,0.217,0.252,0.275,0.289,0.298,0.293,0.279,0.262,0.244,0.226,0.21,0.148
430.0,440.0,0.018,0.036,0.052,0.068,0.083,0.097,0.111,0.123,0.136,0.147,0.158,0.168,0.218,0.253,0.276,0.29,0.298,0.292,0.278,0.261,0.242,0.225,0.208,0.146
430.0,441.0,0.019,0.036,0.053,0.069,0.084,0.098,0.112,0.124,0.137,0.148,0.159,0.169,0.22,0.254,0.277,0.29,0.298,0.291,0.277,0.259,0.241,0.223,0.207,0.145
430.0,442.0,0.019,0.036,0.053,0.069,0.084,0.099,0.112,0.125,0.137,0.149,0.16,0.17,0.221,0.255,0.278,0.291,0.298,0.291,0.276,0.258,0.24,0.222,0.205,0.144
431.0,432.0,0.016,0.032,0.047,0.061,0.075,0.088,0.1,0.112,0.123,0.134,0.144,0.154,0.203,0.239,0.264,0.281,0.297,0.297,0.288,0.274,0.259,0.243,0.227,0.163
431.0,433.0,0.017,0.033,0.048,0.062,0.076,0.089,0.102,0.114,0.125,0.136,0.147,0.156,0.206,0.242,0.267,0.283,0.297,0.296,0.287,0.272,0.256,0.24,0.224,0.16
431.0,434.0,0.017,0.033,0.049,0.063,0.077,0.091,0.104,0.116,0.127,0.138,0.149,0.159,0.208,0.244,0.268,0.284,0.298,0.296,0.285,0.27,0.254,0.237,0.221,0.158
431.0,435.0,0.017,0.034,0.049,0.064,0.079,0.092,0.105,0.117,0.129,0.14,0.151,0.161,0.211,0.246,0.27,0.286,0.298,0.295,0.284,0.268,0.251,0.234,0.218,0.155
431.0,436.0,0.018,0.034,0.05,0.065,0.08,0.093,0.107,0.119,0.131,0.142,0.153,0.163,0.213,0.248,0.272,0.287,0.298,0.294,0.282,0.266,0.249,0.232,0.215,0.153
431.0,437.0,0.018,0.035,0.051,0.066,0.081,0.095,0.108,0.12,0.132,0.144,0.154,0.164,0.215,0.25,0.273,0.288,0.298,0.294,0.281,0.264,0.247,0.229,0.213,0.151
431.0,438.0,0.018,0.035,0.052,0.067,0.082,0.096,0.109,0.122,0.134,0.145,0.156,0.166,0.216,0.251,0.274,0.289,0.298,0.293,0.28,0.263,0.245,0.227,0.211,0.149
431.0,439.0,0.018,0.036,0.052,0.068,0.083,0.097,0.11,0.123,0.135,0.146,0.157,0.168,0.218,0.253,0.276,0.289,0.298,0.292,0.278,0.261,0.243,0.225,0.209,0.147
431.0,440.0,0.018,0.036,0.053,0.069,0.084,0.098,0.111,0.124,0.136,0.148,0.159,0.169,0.219,0.254,0.277,0.29,0.298,0.292,0.277,0.26,0.241,0.224,0.207,0.145
431.0,441.0,0.019,0.036,0.053,0.069,0.084,0.099,0.112,0.125,0.137,0.149,0.16,0.17,0.221,0.255,0.278,0.291,0.298,0.291,0.276,0.258,0.24,0.222,0.205,0.144
431.0,442.0,0.019,0.037,0.054,0.07,0.085,0.1,0.113,0.126,0.139,0.15,0.161,0.171,0.222,0.256,0.278,0.291,0.298,0.29,0.275,0.257,0.238,0.22,0.204,0.142
431.0,443.0,0.019,0.037,0.054,0.07,0.086,0.1,0.114,0.127,0.14,0.151,0.162,0.173,0.223,0.257,0.279,0.292,0.298,0.29,0.274,0.256,0.237,0.219,0.202,0.141
432.0,433.0,0.016,0.031,0.046,0.06,0.074,0.087,0.099,0.111,0.122,0.132,0.143,0.152,0.201,0.237,0.263,0.28,0.297,0.297,0.289,0.276,0.261,0.245,0.229,0.166
432.0,434.0,0.016,0.032,0.047,0.061,0.075,0.088,0.101,0.112,0.124,0.135,0.145,0.155,0.204,0.24,0.265,0.282,0.297,0.297,0.288,0.274,0.258,0.242,0.226,0.163
432.0,435.0,0.017,0.033,0.048,0.062,0.076,0.089,0.102,0.114,0.126,0.136,0.147,0.157,0.206,0.242,0.267,0.283,0.297,0.296,0.286,0.272,0.256,0.239,0.223,0.16
432.0,436.0,0.017,0.033,0.049,0.063,0.077,0.091,0.104,0.116,0.127,0.138,0.149,0.159,0.208,0.244,0.268,0.284,0.298,0.296,0.285,0.27,0.254,0.237,0.221,0.158
432.0,437.0,0.017,0.034,0.049,0.064,0.078,0.092,0.105,0.117,0.129,0.14,0.15,0.16,0.21,0.246,0.27,0.285,0.298,0.295,0.284,0.268,0.251,0.234,0.218,0.155
432.0,438.0,0.017,0.034,0.05,0.065,0.08,0.093,0.106,0.119,0.13,0.142,0.152,0.162,0.212,0.247,0.271,0.286,0.298,0.294,0.283,0.267,0.249,0.232,0.216,0.153
432.0,439.0,0.018,0.035,0.051,0.066,0.08,0.094,0.107,0.12,0.132,0.143,0.154,0.164,0.214,0.249,0.273,0.287,0.298,0.294,0.281,0.265,0.248,0.23,0.214,0.151
432.0,440.0,0.018,0.035,0.051,0.067,0.081,0.095,0.109,0.121,0.133,0.144,0.155,0.165,0.215,0.25,0.274,0.288,0.298,0.293,0.28,0.264,0.246,0.228,0.212,0.15
432.0,441.0,0.018,0.035,0.052,0.067,0.082,0.096,0.11,0.122,0.134,0.146,0.156,0.167,0.217,0.252,0.275,0.289,0.298,0.293,0.279,0.262,0.244,0.227,0.21,0.148
432.0,442.0,0.018,0.036,0.052,0.068,0.083,0.097,0.11,0.123,0.135,0.147,0.158,0.168,0.218,0.253,0.276,0.29,0.298,0.292,0.278,0.261,0.243,0.225,0.208,0.147
432.0,443.0,0.018,0.036,0.053,0.069,0.084,0.098,0.111,0.124,0.136,0.148,0.159,0.169,0.219,0.254,0.277,0.29,0.298,0.292,0.277,0.26,0.241,0.224,0.207,0.145
432.0,444.0,0.019,0.036,0.053,0.069,0.084,0.099,0.112,0.125,0.137,0.149,0.16,0.17,0.22,0.255,0.277,0.291,0.298,0.291,0.276,0.259,0.24,0.222,0.206,0.144
433.0,434.0,0.016,0.032,0.047,0.061,0.074,0.087,0.1,0.112,0.123,0.134,0.144,0.154,0.203,0.239,0.264,0.281,0.297,0.297,0.288,0.275,0.259,0.243,0.227,0.164
433.0,435.0,0.017,0.032,0.048,0.062,0.076,0.089,0.102,0.113,0.125,0.136,0.146,0.156,0.205,0.241,0.266,0.283,0.297,0.296,0.287,0.273,0.257,0.24,0.224,0.161
433.0,436.0,0.017,0.033,0.048,0.063,0.077,0.09,0.103,0.115,0.127,0.138,0.148,0.158,0.208,0.243,0.268,0.284,0.298,0.296,0.285,0.271,0.254,0.238,0.222,0.158
433.0,437.0,0.017,0.034,0.049,0.064,0.078,0.092,0.105,0.117,0.128,0.139,0.15,0.16,0.21,0.245,0.27,0.285,0.298,0.295,0.284,0.269,0.252,0.235,0.219,0.156
433.0,438.0,0.017,0.034,0.05,0.065,0.079,0.093,0.106,0.118,0.13,0.141,0.152,0.162,0.212,0.247,0.271,0.286,0.298,0.295,0.283,0.267,0.25,0.233,0.216,0.154
433.0,439.0,0.018,0.035,0.051,0.066,0.08,0.094,0.107,0.12,0.132,0.143,0.153,0.164,0.214,0.249,0.272,0.287,0.298,0.294,0.282,0.265,0.248,0.231,0.214,0.152
433.0,440.0,0.018,0.035,0.051,0.067,0.081,0.095,0.108,0.121,0.133,0.144,0.155,0.165,0.215,0.25,0.274,0.288,0.298,0.293,0.28,0.264,0.246,0.228,0.212,0.15
433.0,441.0,0.018,0.035,0.052,0.067,0.082,0.096,0.11,0.122,0.134,0.146,0.156,0.167,0.217,0.252,0.275,0.289,0.298,0.293,0.279,0.262,0.244,0.227,0.21,0.148
433.0,442.0,0.018,0.036,0.052,0.068,0.083,0.097,0.111,0.123,0.136,0.147,0.158,0.168,0.218,0.253,0.276,0.29,0.298,0.292,0.278,0.261,0.242,0.225,0.208,0.146
433.0,443.0,0.019,0.036,0.053,0.069,0.084,0.098,0.112,0.125,0.137,0.148,0.159,0.169,0.22,0.254,0.277,0.29,0.298,0.291,0.277,0.259,0.241,0.223,0.206,0.145
433.0,444.0,0.019,0.036,0.053,0.069,0.085,0.099,0.113,0.126,0.138,0.149,0.16,0.171,0.221,0.255,0.278,0.291,0.298,0.291,0.276,0.258,0.239,0.221,0.205,0.143
433.0,445.0,0.019,0.037,0.054,0.07,0.085,0.1,0.113,0.126,0.139,0.15,0.161,0.172,0.222,0.257,0.279,0.291,0.298,0.29,0.275,0.257,0.238,0.22,0.203,0.142
434.0,435.0,0.017,0.033,0.049,0.064,0.078,0.091,0.104,0.116,0.128,0.139,0.149,0.159,0.209,0.244,0.269,0.285,0.298,0.296,0.285,0.27,0.253,0.236,0.22,0.157
434.0,436.0,0.017,0.034,0.049,0.064,0.079,0.092,0.105,0.117,0.129,0.14,0.151,0.161,0.211,0.246,0.27,0.286,0.298,0.295,0.284,0.268,0.251,0.234,0.218,0.155
434.0,437.0,0.018,0.034,0.05,0.065,0.08,0.093,0.106,0.119,0.131,0.142,0.152,0.162,0.212,0.248,0.272,0.287,0.298,0.294,0.282,0.266,0.249,0.232,0.216,0.153
434.0,438.0,0.018,0.035,0.051,0.066,0.081,0.094,0.108,0.12,0.132,0.143,0.154,0.164,0.214,0.249,0.273,0.287,0.298,0.294,0.281,0.265,0.247,0.23,0.214,0.151
434.0,439.0,0.018,0.035,0.051,0.067,0.081,0.095,0.109,0.121,0.133,0.144,0.155,0.165,0.216,0.251,0.274,0.288,0.298,0.293,0.28,0.263,0.246,0.228,0.212,0.15
434.0,440.0,0.018,0.035,0.052,0.067,0.082,0.096,0.11,0.122,0.134,0.146,0.156,0.167,0.217,0.252,0.275,0.289,0.298,0.293,0.279,0.262,0.244,0.226,0.21,0.148
434.0,441.0,0.018,0.036,0.052,0.068,0.083,0.097,0.111,0.123,0.135,0.147,0.158,0.168,0.218,0.253,0.276,0.29,0.298,0.292,0.278,0.261,0.243,0.225,0.208,0.146
434.0,442.0,0.019,0.036,0.053,0.069,0.084,0.098,0.112,0.124,0.136,0.148,0.159,0.169,0.22,0.254,0.277,0.29,0.298,0.292,0.277,0.259,0.241,0.223,0.207,0.145
434.0,443.0,0.019,0.036,0.053,0.069,0.084,0.099,0.112,0.125,0.137,0.149,0.16,0.17,0.221,0.255,0.278,0.291,0.298,0.291,0.276,0.258,0.24,0.222,0.205,0.144
434.0,444.0,0.019,0.037,0.054,0.07,0.085,0.099,0.113,0.126,0.138,0.15,0.161,0.171,0.222,0.256,0.278,0.291,0.298,0.29,0.275,0.257,0.239,0.221,0.204,0.143
434.0,445.0,0.019,0.037,0.054,0.07,0.086,0.1,0.114,0.127,0.139,0.151,0.162,0.172,0.223,0.257,0.279,0.292,0.298,0.29,0.275,0.256,0.237,0.219,0.203,0.142
434.0,446.0,0.019,0.037,0.054,0.071,0.086,0.101,0.115,0.128,0.14,0.152,0.163,0.173,0.224,0.258,0.28,0.292,0.298,0.29,0.274,0.255,0.236,0.218,0.202,0.141
435.0,436.0,0.019,0.037,0.054,0.071,0.086,0.101,0.114,0.127,0.14,0.151,0.162,0.173,0.223,0.258,0.279,0.292,0.298,0.29,0.274,0.256,0.237,0.219,0.202,0.141
435.0,437.0,0.019,0.037,0.055,0.071,0.086,0.101,0.115,0.128,0.14,0.152,0.163,0.174,0.224,0.258,0.28,0.292,0.298,0.289,0.273,0.255,0.236,0.218,0.201,0.14
435.0,438.0,0.019,0.038,0.055,0.071,0.087,0.102,0.116,0.129,0.141,0.153,0.164,0.174,0.225,0.259,0.28,0.293,0.298,0.289,0.273,0.254,0.235,0.217,0.2,0.139
435.0,439.0,0.019,0.038,0.055,0.072,0.087,0.102,0.116,0.129,0.142,0.154,0.165,0.175,0.226,0.26,0.281,0.293,0.298,0.288,0.272,0.253,0.234,0.216,0.199,0.138
435.0,440.0,0.02,0.038,0.056,0.072,0.088,0.103,0.117,0.13,0.142,0.154,0.165,0.176,0.226,0.26,0.281,0.293,0.298,0.288,0.271,0.252,0.233,0.215,0.198,0.138
435.0,441.0,0.02,0.038,0.056,0.072,0.088,0.103,0.117,0.13,0.143,0.155,0.166,0.176,0.227,0.261,0.282,0.293,0.298,0.288,0.271,0.252,0.232,0.214,0.197,0.137
435.0,442.0,0.02,0.038,0.056,0.073,0.089,0.103,0.118,0.131,0.143,0.155,0.166,0.177,0.228,0.261,0.282,0.294,0.298,0.287,0.27,0.251,0.232,0.213,0.196,0.136
435.0,443.0,0.02,0.039,0.056,0.073,0.089,0.104,0.118,0.131,0.144,0.156,0.167,0.177,0.228,0.262,0.282,0.294,0.298,0.287,0.27,0.25,0.231,0.213,0.196,0.136
435.0,444.0,0.02,0.039,0.056,0.073,0.089,0.104,0.118,0.132,0.144,0.156,0.167,0.178,0.229,0.262,0.283,0.294,0.297,0.287,0.269,0.25,0.23,0.212,0.195,0.135
435.0,445.0,0.02,0.039,0.057,0.074,0.089,0.105,0.119,0.132,0.145,0.157,0.168,0.178,0.229,0.262,0.283,0.294,0.297,0.286,0.269,0.249,0.23,0.211,0.195,0.135
435.0,446.0,0.02,0.039,0.057,0.074,0.09,0.105,0.119,0.132,0.145,0.157,0.168,0.179,0.23,0.263,0.283,0.294,0.297,0.286,0.268,0.249,0.229,0.211,0.194,0.134
435.0,447.0,0.02,0.039,0.057,0.074,0.09,0.105,0.119,0.133,0.145,0.157,0.169,0.179,0.23,0.263,0.284,0.294,0.297,0.286,0.268,0.248,0.229,0.21,0.194,0.134
436.0,437.0,0.02,0.039,0.057,0.074,0.09,0.105,0.119,0.132,0.145,0.157,0.168,0.179,0.229,0.263,0.283,0.294,0.297,0.286,0.269,0.249,0.229,0.211,0.194,0.134
436.0,438.0,0.02,0.039,0.057,0.074,0.09,0.105,0.119,0.133,0.146,0.157,0.169,0.179,0.23,0.263,0.284,0.294,0.297,0.286,0.268,0.248,0.229,0.21,0.193,0.134
436.0,439.0,0.02,0.039,0.057,0.074,0.09,0.105,0.12,0.133,0.146,0.158,0.169,0.18,0.23,0.264,0.284,0.295,0.297,0.286,0.268,0.248,0.228,0.21,0.193,0.133
436.0,440.0,0.02,0.039,0.057,0.074,0.091,0.106,0.12,0.134,0.146,0.158,0.17,0.18,0.231,0.264,0.284,0.295,0.297,0.285,0.267,0.247,0.228,0.209,0.192,0.133
436.0,441.0,0.02,0.039,0.058,0.075,0.091,0.106,0.12,0.134,0.147,0.159,0.17,0.18,0.231,0.264,0.284,0.295,0.297,0.285,0.267,0.247,0.227,0.209,0.192,0.133
436.0,442.0,0.02,0.04,0.058,0.075,0.091,0.106,0.121,0.134,0.147,0.159,0.17,0.181,0.232,0.265,0.285,0.295,0.297,0.285,0.267,0.246,0.227,0.208,0.191,0.132
436.0,443.0,0.02,0.04,0.058,0.075,0.091,0.107,0.121,0.134,0.147,0.159,0.171,0.181,0.232,0.265,0.285,0.295,0.297,0.285,0.266,0.246,0.226,0.208,0.191,0.132
436.0,444.0,0.02,0.04,0.058,0.075,0.091,0.107,0.121,0.135,0.148,0.16,0.171,0.181,0.232,0.265,0.285,0.295,0.297,0.284,0.266,0.246,0.226,0.207,0.191,0.132
436.0,445.0,0.02,0.04,0.058,0.075,0.092,0.107,0.121,0.135,0.148,0.16,0.171,0.182,0.232,0.265,0.285,0.295,0.297,0.284,0.266,0.245,0.225,0.207,0.19,0.131
436.0,446.0,0.021,0.04,0.058,0.075,0.092,0.107,0.122,0.135,0.148,0.16,0.171,0.182,0.233,0.266,0.285,0.295,0.297,0.284,0.265,0.245,0.225,0.207,0.19,0.131
436.0,447.0,0.021,0.04,0.058,0.076,0.092,0.107,0.122,0.135,0.148,0.16,0.172,0.182,0.233,0.266,0.285,0.295,0.297,0.284,0.265,0.245,0.225,0.206,0.19,0.131
436.0,448.0,0.021,0.04,0.058,0.076,0.092,0.107,0.122,0.136,0.148,0.16,0.172,0.182,0.233,0.266,0.285,0.295,0.297,0.284,0.265,0.245,0.225,0.206,0.189,0.131
437.0,438.0,0.02,0.039,0.057,0.075,0.091,0.106,0.12,0.134,0.146,0.158,0.17,0.18,0.231,0.264,0.284,0.295,0.297,0.285,0.267,0.247,0.227,0.209,0.192,0.133
437.0,439.0,0.02,0.039,0.058,0.075,0.091,0.106,0.121,0.134,0.147,0.159,0.17,0.181,0.231,0.264,0.284,0.295,0.297,0.285,0.267,0.247,0.227,0.208,0.192,0.132
437.0,440.0,0.02,0.04,0.058,0.075,0.091,0.106,0.121,0.134,0.147,0.159,0.17,0.181,0.232,0.265,0.285,0.295,0.297,0.285,0.266,0.246,0.226,0.208,0.191,0.132
437.0,441.0,0.02,0.04,0.058,0.075,0.091,0.107,0.121,0.135,0.147,0.159,0.171,0.181,0.232,0.265,0.285,0.295,0.297,0.284,0.266,0.246,0.226,0.207,0.191,0.132
437.0,442.0,0.02,0.04,0.058,0.075,0.092,0.107,0.121,0.135,0.148,0.16,0.171,0.182,0.232,0.265,0.285,0.295,0.297,0.284,0.266,0.245,0.226,0.207,0.19,0.131
437.0,443.0,0.021,0.04,0.058,0.075,0.092,0.107,0.122,0.135,0.148,0.16,0.171,0.182,0.233,0.266,0.285,0.295,0.297,0.284,0.265,0.245,0.225,0.207,0.19,0.131
437.0,444.0,0.021,0.04,0.058,0.076,0.092,0.107,0.122,0.135,0.148,0.16,0.172,0.182,0.233,0.266,0.285,0.295,0.297,0.284,0.265,0.245,0.225,0.206,0.19,0.131
437.0,445.0,0.021,0.04,0.058,0.076,0.092,0.107,0.122,0.136,0.148,0.161,0.172,0.182,0.233,0.266,0.286,0.295,0.297,0.284,0.265,0.245,0.225,0.206,0.189,0.131
437.0,446.0,0.021,0.04,0.059,0.076,0.092,0.108,0.122,0.136,0.149,0.161,0.172,0.183,0.233,0.266,0.286,0.295,0.296,0.284,0.265,0.244,0.224,0.206,0.189,0.13
437.0,447.0,0.021,0.04,0.059,0.076,0.092,0.108,0.122,0.136,0.149,0.161,0.172,0.183,0.234,0.266,0.286,0.296,0.296,0.283,0.265,0.244,0.224,0.205,0.189,0.13
437.0,448.0,0.021,0.04,0.059,0.076,0.092,0.108,0.122,0.136,0.149,0.161,0.172,0.183,0.234,0.266,0.286,0.296,0.296,0.283,0.264,0.244,0.224,0.205,0.188,0.13
437.0,449.0,0.021,0.04,0.059,0.076,0.093,0.108,0.123,0.136,0.149,0.161,0.173,0.183,0.234,0.267,0.286,0.296,0.296,0.283,0.264,0.244,0.224,0.205,0.188,0.13
438.0,439.0,0.021,0.041,0.059,0.077,0.093,0.109,0.124,0.137,0.15,0.163,0.174,0.185,0.235,0.268,0.287,0.296,0.296,0.282,0.263,0.242,0.222,0.203,0.187,0.128
438.0,440.0,0.021,0.041,0.059,0.077,0.093,0.109,0.124,0.137,0.15,0.162,0.174,0.185,0.235,0.268,0.287,0.296,0.296,0.282,0.263,0.242,0.222,0.203,0.187,0.128
438.0,441.0,0.021,0.041,0.059,0.077,0.093,0.109,0.124,0.137,0.15,0.162,0.174,0.184,0.235,0.268,0.287,0.296,0.296,0.282,0.263,0.242,0.222,0.203,0.187,0.129
438.0,442.0,0.021,0.041,0.059,0.077,0.093,0.109,0.124,0.137,0.15,0.162,0.174,0.184,0.235,0.268,0.287,0.296,0.296,0.282,0.263,0.242,0.222,0.204,0.187,0.129
438.0,443.0,0.021,0.041,0.059,0.077,0.093,0.109,0.123,0.137,0.15,0.162,0.174,0.184,0.235,0.267,0.287,0.296,0.296,0.282,0.263,0.242,0.222,0.204,0.187,0.129
438.0,444.0,0.021,0.041,0.059,0.077,0.093,0.109,0.123,0.137,0.15,0.162,0.174,0.184,0.235,0.267,0.287,0.296,0.296,0.282,0.263,0.242,0.222,0.204,0.187,0.129
438.0,445.0,0.021,0.041,0.059,0.077,0.093,0.109,0.123,0.137,0.15,0.162,0.174,0.184,0.235,0.267,0.286,0.296,0.296,0.283,0.263,0.242,0.222,0.204,0.187,0.129
438.0,446.0,0.021,0.041,0.059,0.077,0.093,0.109,0.123,0.137,0.15,0.162,0.173,0.184,0.235,0.267,0.286,0.296,0.296,0.283,0.263,0.243,0.222,0.204,0.187,0.129
438.0,447.0,0.021,0.041,0.059,0.077,0.093,0.109,0.123,0.137,0.15,0.162,0.173,0.184,0.235,0.267,0.286,0.296,0.296,0.283,0.263,0.243,0.222,0.204,0.187,0.129
438.0,448.0,0.021,0.041,0.059,0.077,0.093,0.109,0.123,0.137,0.15,0.162,0.173,0.184,0.235,0.267,0.286,0.296,0.296,0.283,0.263,0.243,0.223,0.204,0.187,0.129
438.0,449.0,0.021,0.041,0.059,0.077,0.093,0.109,0.123,0.137,0.15,0.162,0.173,0.184,0.235,0.267,0.286,0.296,0.296,0.283,0.263,0.243,0.223,0.204,0.187,0.129
438.0,450.0,0.021,0.041,0.059,0.077,0.093,0.109,0.123,0.137,0.15,0.162,0.173,0.184,0.235,0.267,0.286,0.296,0.296,0.283,0.263,0.243,0.223,0.204,0.187,0.129
439.0,440.0,0.021,0.041,0.059,0.077,0.094,0.109,0.124,0.138,0.151,0.163,0.174,0.185,0.235,0.268,0.287,0.296,0.296,0.282,0.263,0.242,0.222,0.203,0.186,0.128
439.0,441.0,0.021,0.041,0.059,0.077,0.094,0.109,0.124,0.138,0.151,0.163,0.174,0.185,0.235,0.268,0.287,0.296,0.296,0.282,0.263,0.242,0.222,0.203,0.186,0.128
439.0,442.0,0.021,0.041,0.059,0.077,0.094,0.109,0.124,0.138,0.151,0.163,0.174,0.185,0.236,0.268,0.287,0.296,0.296,0.282,0.263,0.242,0.222,0.203,0.186,0.128
439.0,443.0,0.021,0.041,0.059,0.077,0.094,0.109,0.124,0.138,0.151,0.163,0.174,0.185,0.236,0.268,0.287,0.296,0.296,0.282,0.263,0.242,0.221,0.203,0.186,0.128
439.0,444.0,0.021,0.041,0.059,0.077,0.094,0.109,0.124,0.138,0.151,0.163,0.174,0.185,0.236,0.268,0.287,0.296,0.296,0.282,0.263,0.242,0.221,0.203,0.186,0.128
439.0,445.0,0.021,0.041,0.06,0.077,0.094,0.109,0.124,0.138,0.151,0.163,0.174,0.185,0.236,0.268,0.287,0.296,0.296,0.282,0.262,0.242,0.221,0.203,0.186,0.128
439.0,446.0,0.021,0.041,0.06,0.077,0.094,0.109,0.124,0.138,0.151,0.163,0.174,0.185,0.236,0.268,0.287,0.296,0.296,0.282,0.262,0.242,0.221,0.203,0.186,0.128
439.0,447.0,0.021,0.041,0.06,0.077,0.094,0.109,0.124,0.138,0.151,0.163,0.174,0.185,0.236,0.268,0.287,0.296,0.296,0.282,0.262,0.242,0.221,0.203,0.186,0.128
439.0,448.0,0.021,0.041,0.06,0.077,0.094,0.109,0.124,0.138,0.151,0.163,0.174,0.185,0.236,0.268,0.287,0.296,0.296,0.282,0.262,0.241,0.221,0.203,0.186,0.128
439.0,449.0,0.021,0.041,0.06,0.077,0.094,0.109,0.124,0.138,0.151,0.163,0.174,0.185,0.236,0.268,0.287,0.296,0.296,0.282,0.262,0.241,0.221,0.203,0.186,0.128
439.0,450.0,0.021,0.041,0.06,0.077,0.094,0.109,0.124,0.138,0.151,0.163,0.174,0.185,0.236,0.268,0.287,0.296,0.296,0.282,0.262,0.241,0.221,0.203,0.186,0.128
439.0,451.0,0.021,0.041,0.06,0.077,0.094,0.109,0.124,0.138,0.151,0.163,0.174,0.185,0.236,0.268,0.287,0.296,0.296,0.282,0.262,0.241,0.221,0.203,0.186,0.128
440.0,441.0,0.022,0.042,0.061,0.079,0.096,0.112,0.126,0.14,0.154,0.166,0.177,0.188,0.239,0.27,0.289,0.297,0.295,0.28,0.259,0.238,0.217,0.199,0.182,0.125
440.0,442.0,0.021,0.042,0.061,0.079,0.096,0.111,0.126,0.14,0.153,0.166,0.177,0.188,0.238,0.27,0.288,0.297,0.295,0.28,0.26,0.238,0.218,0.199,0.182,0.125
440.0,443.0,0.021,0.042,0.061,0.079,0.095,0.111,0.126,0.14,0.153,0.165,0.177,0.188,0.238,0.27,0.288,0.297,0.295,0.28,0.26,0.238,0.218,0.199,0.183,0.125
440.0,444.0,0.021,0.042,0.061,0.078,0.095,0.111,0.126,0.14,0.153,0.165,0.177,0.187,0.238,0.27,0.288,0.297,0.295,0.28,0.26,0.239,0.218,0.2,0.183,0.126
440.0,445.0,0.021,0.042,0.06,0.078,0.095,0.111,0.126,0.14,0.153,0.165,0.176,0.187,0.238,0.27,0.288,0.297,0.295,0.28,0.26,0.239,0.219,0.2,0.183,0.126
440.0,446.0,0.021,0.041,0.06,0.078,0.095,0.111,0.126,0.14,0.153,0.165,0.176,0.187,0.238,0.27,0.288,0.297,0.295,0.28,0.26,0.239,0.219,0.2,0.183,0.126
440.0,447.0,0.021,0.041,0.06,0.078,0.095,0.111,0.126,0.139,0.152,0.165,0.176,0.187,0.238,0.27,0.288,0.297,0.295,0.281,0.261,0.239,0.219,0.2,0.184,0.126
440.0,448.0,0.021,0.041,0.06,0.078,0.095,0.111,0.125,0.139,0.152,0.165,0.176,0.187,0.237,0.269,0.288,0.297,0.295,0.281,0.261,0.24,0.219,0.201,0.184,0.126
440.0,449.0,0.021,0.041,0.06,0.078,0.095,0.11,0.125,0.139,0.152,0.164,0.176,0.187,0.237,0.269,0.288,0.297,0.295,0.281,0.261,0.24,0.219,0.201,0.184,0.126
440.0,450.0,0.021,0.041,0.06,0.078,0.095,0.11,0.125,0.139,0.152,0.164,0.176,0.186,0.237,0.269,0.288,0.296,0.295,0.281,0.261,0.24,0.22,0.201,0.184,0.127
440.0,451.0,0.021,0.041,0.06,0.078,0.095,0.11,0.125,0.139,0.152,0.164,0.176,0.186,0.237,0.269,0.288,0.296,0.295,0.281,0.261,0.24,0.22,0.201,0.184,0.127
440.0,452.0,0.021,0.041,0.06,0.078,0.095,0.11,0.125,0.139,0.152,0.164,0.176,0.186,0.237,0.269,0.288,0.296,0.295,0.281,0.261,0.24,0.22,0.201,0.184,0.127
441.0,442.0,0.023,0.044,0.064,0.083,0.101,0.117,0.133,0.147,0.16,0.173,0.185,0.195,0.246,0.276,0.292,0.298,0.292,0.274,0.252,0.229,0.208,0.19,0.173,0.118
441.0,443.0,0.023,0.044,0.064,0.082,0.1,0.116,0.132,0.146,0.16,0.172,0.184,0.194,0.245,0.275,0.292,0.298,0.292,0.275,0.253,0.23,0.209,0.191,0.174,0.119
441.0,444.0,0.022,0.044,0.063,0.082,0.099,0.116,0.131,0.145,0.159,0.171,0.183,0.194,0.244,0.275,0.291,0.298,0.293,0.275,0.253,0.231,0.21,0.192,0.175,0.12
441.0,445.0,0.022,0.043,0.063,0.082,0.099,0.115,0.13,0.145,0.158,0.17,0.182,0.193,0.243,0.274,0.291,0.298,0.293,0.276,0.254,0.232,0.211,0.193,0.176,0.12
441.0,446.0,0.022,0.043,0.063,0.081,0.098,0.115,0.13,0.144,0.157,0.17,0.181,0.192,0.243,0.274,0.291,0.298,0.293,0.277,0.255,0.233,0.212,0.194,0.177,0.121
441.0,447.0,0.022,0.043,0.062,0.081,0.098,0.114,0.129,0.143,0.157,0.169,0.181,0.191,0.242,0.273,0.29,0.297,0.294,0.277,0.256,0.234,0.213,0.194,0.178,0.122
441.0,448.0,0.022,0.043,0.062,0.08,0.098,0.114,0.129,0.143,0.156,0.169,0.18,0.191,0.241,0.273,0.29,0.297,0.294,0.278,0.256,0.235,0.214,0.195,0.179,0.122
441.0,449.0,0.022,0.043,0.062,0.08,0.097,0.113,0.128,0.142,0.156,0.168,0.18,0.19,0.241,0.272,0.29,0.297,0.294,0.278,0.257,0.235,0.215,0.196,0.179,0.123
441.0,450.0,0.022,0.042,0.062,0.08,0.097,0.113,0.128,0.142,0.155,0.168,0.179,0.19,0.24,0.272,0.289,0.297,0.294,0.278,0.258,0.236,0.215,0.197,0.18,0.123
441.0,451.0,0.022,0.042,0.061,0.08,0.097,0.113,0.128,0.142,0.155,0.167,0.179,0.189,0.24,0.271,0.289,0.297,0.294,0.279,0.258,0.236,0.216,0.197,0.181,0.124
441.0,452.0,0.022,0.042,0.061,0.079,0.096,0.112,0.127,0.141,0.154,0.167,0.178,0.189,0.239,0.271,0.289,0.297,0.295,0.279,0.258,0.237,0.216,0.198,0.181,0.124
441.0,453.0,0.022,0.042,0.061,0.079,0.096,0.112,0.127,0.141,0.154,0.166,0.178,0.188,0.239,0.271,0.289,0.297,0.295,0.279,0.259,0.237,0.217,0.198,0.182,0.125
442.0,443.0,0.024,0.047,0.068,0.087,0.105,0.122,0.138,0.153,0.167,0.18,0.191,0.202,0.252,0.281,0.295,0.298,0.289,0.268,0.244,0.221,0.199,0.181,0.165,0.112
442.0,444.0,0.024,0.046,0.067,0.086,0.104,0.121,0.137,0.152,0.165,0.178,0.19,0.201,0.251,0.28,0.294,0.298,0.289,0.269,0.245,0.222,0.201,0.183,0.166,0.113
442.0,445.0,0.024,0.046,0.066,0.085,0.103,0.12,0.136,0.151,0.164,0.177,0.189,0.2,0.25,0.279,0.294,0.298,0.29,0.27,0.247,0.224,0.203,0.184,0.168,0.114
442.0,446.0,0.023,0.045,0.066,0.085,0.103,0.119,0.135,0.15,0.163,0.176,0.187,0.198,0.248,0.278,0.293,0.298,0.291,0.271,0.248,0.226,0.205,0.186,0.17,0.115
442.0,447.0,0.023,0.045,0.065,0.084,0.102,0.118,0.134,0.148,0.162,0.175,0.186,0.197,0.247,0.277,0.293,0.298,0.291,0.272,0.25,0.227,0.206,0.187,0.171,0.116
442.0,448.0,0.023,0.044,0.065,0.083,0.101,0.118,0.133,0.148,0.161,0.174,0.185,0.196,0.246,0.276,0.292,0.298,0.292,0.273,0.251,0.228,0.207,0.189,0.172,0.117
442.0,449.0,0.023,0.044,0.064,0.083,0.1,0.117,0.132,0.147,0.16,0.173,0.184,0.195,0.245,0.276,0.292,0.298,0.292,0.274,0.252,0.229,0.209,0.19,0.173,0.118
442.0,450.0,0.023,0.044,0.064,0.082,0.1,0.116,0.132,0.146,0.159,0.172,0.183,0.194,0.245,0.275,0.291,0.298,0.293,0.275,0.253,0.23,0.21,0.191,0.175,0.119
442.0,451.0,0.022,0.044,0.063,0.082,0.099,0.116,0.131,0.145,0.159,0.171,0.183,0.193,0.244,0.274,0.291,0.298,0.293,0.275,0.254,0.231,0.211,0.192,0.176,0.12
442.0,452.0,0.022,0.043,0.063,0.081,0.099,0.115,0.13,0.145,0.158,0.17,0.182,0.193,0.243,0.274,0.291,0.298,0.293,0.276,0.255,0.232,0.212,0.193,0.176,0.121
442.0,453.0,0.022,0.043,0.063,0.081,0.098,0.115,0.13,0.144,0.157,0.17,0.181,0.192,0.242,0.273,0.29,0.298,0.293,0.277,0.255,0.233,0.213,0.194,0.177,0.121
442.0,454.0,0.022,0.043,0.062,0.081,0.098,0.114,0.129,0.143,0.157,0.169,0.181,0.191,0.242,0.273,0.29,0.297,0.294,0.277,0.256,0.234,0.213,0.195,0.178,0.122
443.0,444.0,0.025,0.047,0.069,0.089,0.107,0.125,0.141,0.156,0.169,0.182,0.194,0.205,0.254,0.282,0.295,0.298,0.287,0.265,0.241,0.217,0.196,0.178,0.162,0.109
443.0,445.0,0.024,0.047,0.068,0.088,0.106,0.123,0.139,0.154,0.168,0.181,0.192,0.203,0.253,0.281,0.295,0.298,0.288,0.267,0.243,0.219,0.198,0.18,0.163,0.111
443.0,446.0,0.024,0.046,0.067,0.087,0.105,0.122,0.138,0.153,0.167,0.179,0.191,0.202,0.252,0.28,0.294,0.298,0.289,0.268,0.244,0.221,0.2,0.181,0.165,0.112
443.0,447.0,0.024,0.046,0.067,0.086,0.104,0.121,0.137,0.152,0.165,0.178,0.19,0.201,0.251,0.279,0.294,0.298,0.29,0.269,0.246,0.223,0.202,0.183,0.167,0.113
443.0,448.0,0.023,0.045,0.066,0.085,0.103,0.12,0.136,0.15,0.164,0.177,0.188,0.199,0.249,0.279,0.293,0.298,0.29,0.27,0.247,0.224,0.203,0.185,0.168,0.114
443.0,449.0,0.023,0.045,0.066,0.085,0.103,0.119,0.135,0.149,0.163,0.176,0.187,0.198,0.248,0.278,0.293,0.298,0.291,0.271,0.248,0.226,0.205,0.186,0.17,0.115
443.0,450.0,0.023,0.045,0.065,0.084,0.102,0.118,0.134,0.149,0.162,0.175,0.186,0.197,0.247,0.277,0.293,0.298,0.291,0.272,0.25,0.227,0.206,0.187,0.171,0.116
443.0,451.0,0.023,0.044,0.065,0.083,0.101,0.118,0.133,0.148,0.161,0.174,0.185,0.196,0.246,0.276,0.292,0.298,0.292,0.273,0.251,0.228,0.207,0.188,0.172,0.117
443.0,452.0,0.023,0.044,0.064,0.083,0.101,0.117,0.132,0.147,0.16,0.173,0.184,0.195,0.246,0.276,0.292,0.298,0.292,0.274,0.252,0.229,0.208,0.19,0.173,0.118
443.0,453.0,0.023,0.044,0.064,0.082,0.1,0.116,0.132,0.146,0.16,0.172,0.184,0.194,0.245,0.275,0.292,0.298,0.292,0.275,0.253,0.23,0.209,0.191,0.174,0.119
443.0,454.0,0.022,0.044,0.063,0.082,0.099,0.116,0.131,0.145,0.159,0.171,0.183,0.194,0.244,0.275,0.291,0.298,0.293,0.275,0.253,0.231,0.21,0.192,0.175,0.12
443.0,455.0,0.022,0.043,0.063,0.082,0.099,0.115,0.131,0.145,0.158,0.171,0.182,0.193,0.243,0.274,0.291,0.298,0.293,0.276,0.254,0.232,0.211,0.193,0.176,0.12
444.0,445.0,0.024,0.047,0.068,0.088,0.106,0.123,0.139,0.154,0.168,0.18,0.192,0.203,0.253,0.281,0.295,0.298,0.288,0.267,0.243,0.219,0.198,0.18,0.164,0.111
444.0,446.0,0.024,0.046,0.067,0.087,0.105,0.122,0.138,0.153,0.166,0.179,0.191,0.202,0.252,0.28,0.294,0.298,0.289,0.268,0.244,0.221,0.2,0.182,0.165,0.112
444.0,447.0,0.024,0.046,0.067,0.086,0.104,0.121,0.137,0.151,0.165,0.178,0.189,0.2,0.25,0.279,0.294,0.298,0.29,0.269,0.246,0.223,0.202,0.183,0.167,0.113
444.0,448.0,0.023,0.045,0.066,0.085,0.103,0.12,0.136,0.15,0.164,0.176,0.188,0.199,0.249,0.278,0.293,0.298,0.29,0.271,0.247,0.225,0.203,0.185,0.169,0.115
444.0,449.0,0.023,0.045,0.065,0.085,0.102,0.119,0.135,0.149,0.163,0.175,0.187,0.198,0.248,0.278,0.293,0.298,0.291,0.272,0.249,0.226,0.205,0.186,0.17,0.116
444.0,450.0,0.023,0.045,0.065,0.084,0.102,0.118,0.134,0.148,0.162,0.174,0.186,0.197,0.247,0.277,0.293,0.298,0.291,0.273,0.25,0.227,0.206,0.188,0.171,0.117
444.0,451.0,0.023,0.044,0.064,0.083,0.101,0.118,0.133,0.147,0.161,0.173,0.185,0.196,0.246,0.276,0.292,0.298,0.292,0.273,0.251,0.228,0.208,0.189,0.172,0.117
444.0,452.0,0.023,0.044,0.064,0.083,0.1,0.117,0.132,0.147,0.16,0.173,0.184,0.195,0.245,0.276,0.292,0.298,0.292,0.274,0.252,0.23,0.209,0.19,0.174,0.118
444.0,453.0,0.023,0.044,0.064,0.082,0.1,0.116,0.132,0.146,0.159,0.172,0.183,0.194,0.245,0.275,0.291,0.298,0.293,0.275,0.253,0.231,0.21,0.191,0.175,0.119
444.0,454.0,0.022,0.044,0.063,0.082,0.099,0.116,0.131,0.145,0.159,0.171,0.183,0.193,0.244,0.274,0.291,0.298,0.293,0.275,0.254,0.231,0.211,0.192,0.176,0.12
444.0,455.0,0.022,0.043,0.063,0.081,0.099,0.115,0.13,0.145,0.158,0.17,0.182,0.193,0.243,0.274,0.291,0.298,0.293,0.276,0.254,0.232,0.212,0.193,0.176,0.12
444.0,456.0,0.022,0.043,0.063,0.081,0.098,0.115,0.13,0.144,0.157,0.17,0.181,0.192,0.243,0.273,0.29,0.298,0.293,0.277,0.255,0.233,0.212,0.194,0.177,0.121
445.0,446.0,0.025,0.048,0.069,0.089,0.108,0.125,0.141,0.156,0.17,0.183,0.194,0.205,0.255,0.283,0.295,0.298,0.287,0.265,0.24,0.217,0.196,0.177,0.161,0.109
445.0,447.0,0.024,0.047,0.068,0.088,0.106,0.124,0.14,0.154,0.168,0.181,0.193,0.204,0.253,0.281,0.295,0.298,0.288,0.266,0.242,0.219,0.198,0.179,0.163,0.111
445.0,448.0,0.024,0.046,0.067,0.087,0.105,0.122,0.138,0.153,0.167,0.179,0.191,0.202,0.252,0.281,0.294,0.298,0.289,0.268,0.244,0.221,0.2,0.181,0.165,0.112
445.0,449.0,0.024,0.046,0.067,0.086,0.104,0.121,0.137,0.152,0.165,0.178,0.19,0.201,0.251,0.28,0.294,0.298,0.289,0.269,0.246,0.223,0.201,0.183,0.167,0.113
445.0,450.0,0.024,0.046,0.066,0.085,0.103,0.12,0.136,0.151,0.164,0.177,0.189,0.199,0.249,0.279,0.294,0.298,0.29,0.27,0.247,0.224,0.203,0.184,0.168,0.114
445.0,451.0,0.023,0.045,0.066,0.085,0.103,0.119,0.135,0.149,0.163,0.176,0.187,0.198,0.248,0.278,0.293,0.298,0.291,0.271,0.248,0.226,0.205,0.186,0.17,0.115
445.0,452.0,0.023,0.045,0.065,0.084,0.102,0.118,0.134,0.148,0.162,0.175,0.186,0.197,0.247,0.277,0.293,0.298,0.291,0.272,0.25,0.227,0.206,0.187,0.171,0.116
445.0,453.0,0.023,0.044,0.065,0.083,0.101,0.118,0.133,0.148,0.161,0.174,0.185,0.196,0.246,0.276,0.292,0.298,0.292,0.273,0.251,0.228,0.207,0.189,0.172,0.117
445.0,454.0,0.023,0.044,0.064,0.083,0.1,0.117,0.132,0.147,0.16,0.173,0.184,0.195,0.245,0.276,0.292,0.298,0.292,0.274,0.252,0.229,0.209,0.19,0.173,0.118
445.0,455.0,0.023,0.044,0.064,0.082,0.1,0.116,0.132,0.146,0.159,0.172,0.183,0.194,0.245,0.275,0.291,0.298,0.293,0.275,0.253,0.23,0.21,0.191,0.174,0.119
445.0,456.0,0.022,0.044,0.063,0.082,0.099,0.116,0.131,0.145,0.159,0.171,0.183,0.193,0.244,0.275,0.291,0.298,0.293,0.275,0.254,0.231,0.211,0.192,0.175,0.12
445.0,457.0,0.022,0.043,0.063,0.081,0.099,0.115,0.13,0.145,0.158,0.17,0.182,0.193,0.243,0.274,0.291,0.298,0.293,0.276,0.254,0.232,0.212,0.193,0.176,0.12
446.0,447.0,0.028,0.054,0.078,0.1,0.12,0.138,0.156,0.171,0.186,0.199,0.211,0.222,0.269,0.291,0.298,0.296,0.275,0.248,0.22,0.196,0.175,0.157,0.143,0.096
446.0,448.0,0.027,0.053,0.076,0.098,0.118,0.136,0.153,0.169,0.183,0.196,0.208,0.219,0.266,0.29,0.298,0.296,0.277,0.251,0.224,0.2,0.178,0.161,0.146,0.098
446.0,449.0,0.027,0.052,0.075,0.096,0.116,0.134,0.151,0.166,0.18,0.194,0.206,0.217,0.264,0.289,0.298,0.297,0.279,0.254,0.227,0.203,0.182,0.164,0.148,0.1
446.0,450.0,0.026,0.051,0.073,0.094,0.114,0.132,0.149,0.164,0.178,0.191,0.203,0.214,0.262,0.288,0.297,0.297,0.281,0.256,0.23,0.206,0.185,0.167,0.151,0.102
446.0,451.0,0.026,0.05,0.072,0.093,0.112,0.13,0.147,0.162,0.176,0.189,0.201,0.212,0.26,0.286,0.297,0.298,0.283,0.258,0.233,0.209,0.187,0.169,0.154,0.104
446.0,452.0,0.025,0.049,0.071,0.092,0.111,0.128,0.145,0.16,0.174,0.187,0.199,0.21,0.259,0.285,0.297,0.298,0.284,0.26,0.235,0.211,0.19,0.172,0.156,0.105
446.0,453.0,0.025,0.048,0.07,0.091,0.109,0.127,0.143,0.158,0.172,0.185,0.197,0.208,0.257,0.284,0.296,0.298,0.285,0.262,0.237,0.213,0.192,0.174,0.158,0.107
446.0,454.0,0.025,0.048,0.069,0.089,0.108,0.126,0.142,0.157,0.171,0.183,0.195,0.206,0.256,0.283,0.296,0.298,0.286,0.264,0.239,0.216,0.195,0.176,0.16,0.108
446.0,455.0,0.024,0.047,0.069,0.088,0.107,0.124,0.14,0.155,0.169,0.182,0.194,0.205,0.254,0.282,0.295,0.298,0.287,0.266,0.241,0.218,0.197,0.178,0.162,0.11
446.0,456.0,0.024,0.047,0.068,0.088,0.106,0.123,0.139,0.154,0.168,0.18,0.192,0.203,0.253,0.281,0.295,0.298,0.288,0.267,0.243,0.22,0.198,0.18,0.164,0.111
446.0,457.0,0.024,0.046,0.067,0.087,0.105,0.122,0.138,0.153,0.166,0.179,0.191,0.202,0.251,0.28,0.294,0.298,0.289,0.268,0.245,0.221,0.2,0.182,0.165,0.112
446.0,458.0,0.024,0.046,0.067,0.086,0.104,0.121,0.137,0.151,0.165,0.178,0.19,0.2,0.25,0.279,0.294,0.298,0.29,0.269,0.246,0.223,0.202,0.183,0.167,0.113
447.0,448.0,0.035,0.067,0.096,0.121,0.145,0.166,0.184,0.201,0.216,0.229,0.241,0.251,0.288,0.298,0.293,0.28,0.245,0.211,0.183,0.159,0.14,0.125,0.113,0.075
447.0,449.0,0.034,0.064,0.092,0.117,0.14,0.16,0.179,0.196,0.21,0.224,0.235,0.246,0.285,0.298,0.295,0.284,0.251,0.218,0.189,0.166,0.146,0.131,0.118,0.079
447.0,450.0,0.032,0.062,0.089,0.113,0.136,0.156,0.174,0.191,0.205,0.219,0.231,0.241,0.283,0.297,0.297,0.287,0.257,0.224,0.196,0.172,0.152,0.136,0.123,0.082
447.0,451.0,0.031,0.06,0.086,0.11,0.132,0.152,0.17,0.186,0.201,0.214,0.226,0.237,0.28,0.296,0.297,0.289,0.261,0.23,0.201,0.177,0.157,0.141,0.127,0.085
447.0,452.0,0.03,0.058,0.084,0.107,0.128,0.148,0.166,0.182,0.196,0.21,0.222,0.233,0.277,0.295,0.298,0.292,0.266,0.235,0.207,0.182,0.162,0.145,0.131,0.088
447.0,453.0,0.029,0.056,0.081,0.104,0.125,0.144,0.162,0.178,0.193,0.206,0.218,0.229,0.274,0.294,0.298,0.293,0.269,0.24,0.212,0.187,0.167,0.15,0.135,0.091
447.0,454.0,0.029,0.055,0.079,0.102,0.122,0.141,0.159,0.174,0.189,0.202,0.214,0.225,0.271,0.293,0.298,0.295,0.272,0.244,0.216,0.192,0.171,0.154,0.139,0.093
447.0,455.0,0.028,0.054,0.078,0.1,0.12,0.138,0.156,0.171,0.186,0.199,0.211,0.222,0.269,0.291,0.298,0.296,0.275,0.248,0.22,0.196,0.175,0.157,0.143,0.096
447.0,456.0,0.027,0.052,0.076,0.097,0.117,0.136,0.153,0.168,0.183,0.196,0.208,0.219,0.266,0.29,0.298,0.296,0.278,0.251,0.224,0.2,0.179,0.161,0.146,0.098
447.0,457.0,0.027,0.051,0.074,0.096,0.115,0.133,0.15,0.166,0.18,0.193,0.205,0.216,0.264,0.288,0.298,0.297,0.28,0.254,0.228,0.204,0.182,0.164,0.149,0.1
447.0,458.0,0.026,0.05,0.073,0.094,0.113,0.131,0.148,0.163,0.177,0.19,0.202,0.213,0.262,0.287,0.297,0.298,0.282,0.257,0.231,0.207,0.186,0.168,0.152,0.102
447.0,459.0,0.026,0.05,0.072,0.092,0.112,0.129,0.146,0.161,0.175,0.188,0.2,0.211,0.26,0.286,0.297,0.298,0.283,0.259,0.234,0.21,0.189,0.17,0.155,0.104
448.0,449.0,0.039,0.074,0.105,0.132,0.157,0.179,0.198,0.215,0.229,0.242,0.253,0.263,0.294,0.297,0.286,0.269,0.229,0.194,0.166,0.144,0.126,0.113,0.101,0.068
448.0,450.0,0.037,0.071,0.101,0.127,0.151,0.173,0.192,0.208,0.223,0.236,0.248,0.257,0.292,0.298,0.29,0.274,0.237,0.202,0.173,0.151,0.133,0.118,0.106,0.071
448.0,451.0,0.036,0.068,0.097,0.123,0.146,0.167,0.186,0.203,0.218,0.231,0.242,0.253,0.289,0.298,0.292,0.278,0.243,0.209,0.18,0.157,0.138,0.123,0.111,0.074
448.0,452.0,0.034,0.065,0.093,0.119,0.142,0.163,0.181,0.198,0.213,0.226,0.238,0.248,0.287,0.298,0.294,0.282,0.249,0.215,0.187,0.163,0.144,0.128,0.116,0.077
448.0,453.0,0.033,0.063,0.09,0.115,0.138,0.158,0.176,0.193,0.208,0.221,0.233,0.243,0.284,0.298,0.296,0.285,0.254,0.221,0.193,0.169,0.149,0.133,0.12,0.08
448.0,454.0,0.032,0.061,0.088,0.112,0.134,0.154,0.172,0.189,0.203,0.217,0.229,0.239,0.281,0.297,0.297,0.288,0.259,0.227,0.198,0.174,0.154,0.138,0.124,0.083
448.0,455.0,0.031,0.059,0.085,0.109,0.131,0.15,0.168,0.185,0.199,0.213,0.225,0.235,0.279,0.296,0.298,0.29,0.263,0.232,0.203,0.179,0.159,0.142,0.128,0.086
448.0,456.0,0.03,0.058,0.083,0.106,0.128,0.147,0.165,0.181,0.196,0.209,0.221,0.232,0.276,0.295,0.298,0.292,0.266,0.236,0.208,0.184,0.163,0.146,0.132,0.089
448.0,457.0,0.029,0.056,0.081,0.104,0.125,0.144,0.162,0.178,0.192,0.205,0.217,0.228,0.273,0.294,0.298,0.293,0.27,0.24,0.212,0.188,0.167,0.15,0.136,0.091
448.0,458.0,0.029,0.055,0.079,0.102,0.122,0.141,0.159,0.174,0.189,0.202,0.214,0.225,0.271,0.293,0.298,0.295,0.273,0.244,0.216,0.192,0.171,0.154,0.139,0.093
448.0,459.0,0.028,0.054,0.078,0.1,0.12,0.139,0.156,0.172,0.186,0.199,0.211,0.222,0.269,0.291,0.298,0.296,0.275,0.247,0.22,0.196,0.175,0.157,0.142,0.096
448.0,460.0,0.027,0.053,0.076,0.098,0.118,0.136,0.153,0.169,0.183,0.196,0.208,0.219,0.267,0.29,0.298,0.296,0.277,0.25,0.224,0.199,0.178,0.16,0.145,0.098
449.0,450.0,0.039,0.074,0.105,0.133,0.158,0.18,0.199,0.216,0.23,0.243,0.254,0.264,0.295,0.297,0.286,0.268,0.228,0.193,0.165,0.143,0.125,0.112,0.101,0.067
449.0,451.0,0.037,0.071,0.101,0.128,0.152,0.174,0.193,0.21,0.224,0.237,0.249,0.259,0.292,0.298,0.289,0.273,0.235,0.2,0.172,0.149,0.131,0.117,0.105,0.07
449.0,452.0,0.036,0.068,0.098,0.124,0.147,0.168,0.187,0.204,0.219,0.232,0.244,0.254,0.29,0.298,0.292,0.278,0.242,0.208,0.179,0.156,0.137,0.122,0.11,0.074
449.0,453.0,0.035,0.066,0.094,0.12,0.143,0.164,0.182,0.199,0.214,0.227,0.239,0.249,0.287,0.298,0.294,0.281,0.248,0.214,0.185,0.162,0.143,0.127,0.115,0.077
449.0,454.0,0.033,0.064,0.091,0.116,0.139,0.159,0.178,0.194,0.209,0.222,0.234,0.244,0.285,0.298,0.296,0.285,0.253,0.22,0.191,0.167,0.148,0.132,0.119,0.08
449.0,455.0,0.032,0.062,0.088,0.113,0.135,0.155,0.173,0.19,0.205,0.218,0.23,0.24,0.282,0.297,0.297,0.287,0.258,0.225,0.197,0.173,0.153,0.137,0.123,0.082
449.0,456.0,0.031,0.06,0.086,0.11,0.132,0.151,0.169,0.186,0.2,0.214,0.226,0.236,0.279,0.296,0.298,0.29,0.262,0.23,0.202,0.178,0.157,0.141,0.127,0.085
449.0,457.0,0.03,0.058,0.084,0.107,0.129,0.148,0.166,0.182,0.197,0.21,0.222,0.233,0.277,0.295,0.298,0.291,0.265,0.235,0.207,0.182,0.162,0.145,0.131,0.088
449.0,458.0,0.03,0.057,0.082,0.105,0.126,0.145,0.163,0.179,0.193,0.206,0.219,0.229,0.274,0.294,0.298,0.293,0.269,0.239,0.211,0.187,0.166,0.149,0.135,0.09
449.0,459.0,0.029,0.055,0.08,0.102,0.123,0.142,0.16,0.176,0.19,0.203,0.215,0.226,0.272,0.293,0.298,0.294,0.272,0.243,0.215,0.191,0.17,0.152,0.138,0.093
449.0,460.0,0.028,0.054,0.078,0.1,0.121,0.14,0.157,0.173,0.187,0.2,0.212,0.223,0.27,0.292,0.298,0.295,0.274,0.246,0.219,0.194,0.173,0.156,0.141,0.095
449.0,461.0,0.028,0.053,0.077,0.099,0.119,0.137,0.154,0.17,0.184,0.198,0.21,0.22,0.268,0.291,0.298,0.296,0.276,0.249,0.222,0.198,0.177,0.159,0.144,0.097
450.0,451.0,0.064,0.117,0.16,0.195,0.223,0.245,0.262,0.276,0.285,0.292,0.296,0.298,0.284,0.252,0.219,0.19,0.147,0.118,0.099,0.085,0.074,0.066,0.059,0.04
450.0,452.0,0.06,0.109,0.151,0.185,0.213,0.236,0.254,0.268,0.279,0.287,0.293,0.296,0.29,0.262,0.231,0.203,0.158,0.128,0.107,0.092,0.08,0.071,0.064,0.043
450.0,453.0,0.056,0.103,0.143,0.176,0.204,0.227,0.246,0.261,0.272,0.282,0.288,0.293,0.294,0.271,0.242,0.214,0.169,0.137,0.115,0.099,0.086,0.077,0.069,0.046
450.0,454.0,0.052,0.097,0.135,0.168,0.195,0.218,0.237,0.253,0.266,0.276,0.284,0.29,0.297,0.278,0.252,0.225,0.179,0.146,0.123,0.105,0.092,0.082,0.074,0.049
450.0,455.0,0.049,0.092,0.129,0.16,0.187,0.21,0.23,0.246,0.259,0.27,0.279,0.285,0.298,0.284,0.26,0.234,0.189,0.155,0.131,0.112,0.098,0.087,0.079,0.052
450.0,456.0,0.047,0.087,0.123,0.154,0.18,0.203,0.222,0.239,0.253,0.264,0.273,0.281,0.298,0.288,0.267,0.243,0.199,0.164,0.138,0.119,0.104,0.093,0.084,0.056
450.0,457.0,0.044,0.083,0.118,0.147,0.173,0.196,0.215,0.232,0.246,0.258,0.268,0.276,0.298,0.292,0.273,0.251,0.208,0.172,0.146,0.126,0.11,0.098,0.088,0.059
450.0,458.0,0.042,0.08,0.113,0.142,0.167,0.19,0.209,0.226,0.24,0.252,0.263,0.272,0.297,0.294,0.279,0.258,0.216,0.18,0.153,0.132,0.116,0.103,0.093,0.062
450.0,459.0,0.04,0.076,0.108,0.137,0.162,0.184,0.203,0.22,0.234,0.247,0.258,0.267,0.296,0.296,0.283,0.264,0.223,0.188,0.16,0.138,0.121,0.108,0.097,0.065
450.0,460.0,0.039,0.073,0.104,0.132,0.156,0.178,0.197,0.214,0.229,0.242,0.253,0.262,0.294,0.297,0.287,0.269,0.23,0.195,0.167,0.144,0.127,0.113,0.102,0.068
450.0,461.0,0.037,0.071,0.101,0.128,0.152,0.173,0.192,0.209,0.224,0.237,0.248,0.258,0.292,0.298,0.289,0.274,0.236,0.201,0.173,0.15,0.132,0.118,0.106,0.071
450.0,462.0,0.036,0.068,0.098,0.124,0.147,0.168,0.187,0.204,0.219,0.232,0.243,0.254,0.29,0.298,0.292,0.278,0.242,0.208,0.179,0.156,0.137,0.122,0.11,0.074
451.0,452.0,0.065,0.118,0.162,0.197,0.225,0.247,0.264,0.277,0.286,0.293,0.296,0.298,0.283,0.25,0.217,0.188,0.145,0.117,0.097,0.083,0.073,0.065,0.058,0.039
451.0,453.0,0.061,0.112,0.154,0.188,0.217,0.239,0.257,0.271,0.281,0.289,0.294,0.297,0.288,0.259,0.227,0.198,0.154,0.125,0.104,0.089,0.078,0.069,0.062,0.042
451.0,454.0,0.058,0.106,0.147,0.181,0.209,0.231,0.25,0.264,0.276,0.284,0.291,0.295,0.292,0.267,0.237,0.208,0.164,0.132,0.111,0.095,0.083,0.074,0.067,0.044
451.0,455.0,0.055,0.101,0.14,0.173,0.201,0.224,0.243,0.258,0.27,0.28,0.287,0.292,0.295,0.273,0.245,0.218,0.172,0.14,0.117,0.101,0.088,0.078,0.071,0.047
451.0,456.0,0.052,0.096,0.134,0.167,0.194,0.217,0.236,0.252,0.265,0.275,0.283,0.289,0.297,0.279,0.253,0.226,0.181,0.148,0.124,0.107,0.093,0.083,0.075,0.05
451.0,457.0,0.049,0.092,0.129,0.16,0.187,0.21,0.23,0.246,0.259,0.27,0.279,0.285,0.298,0.284,0.26,0.235,0.189,0.155,0.131,0.112,0.098,0.087,0.079,0.052
451.0,458.0,0.047,0.088,0.124,0.155,0.181,0.204,0.223,0.24,0.254,0.265,0.274,0.282,0.298,0.288,0.266,0.242,0.197,0.163,0.137,0.118,0.103,0.092,0.083,0.055
451.0,459.0,0.045,0.085,0.119,0.149,0.176,0.198,0.218,0.234,0.248,0.26,0.27,0.278,0.298,0.291,0.271,0.248,0.205,0.17,0.143,0.123,0.108,0.096,0.087,0.058
451.0,460.0,0.043,0.081,0.115,0.145,0.17,0.193,0.212,0.229,0.243,0.255,0.265,0.274,0.298,0.293,0.276,0.254,0.212,0.176,0.149,0.129,0.113,0.101,0.091,0.06
451.0,461.0,0.042,0.079,0.111,0.14,0.165,0.188,0.207,0.224,0.238,0.251,0.261,0.27,0.297,0.295,0.28,0.26,0.218,0.183,0.155,0.134,0.118,0.105,0.094,0.063
451.0,462.0,0.04,0.076,0.108,0.136,0.161,0.183,0.202,0.219,0.233,0.246,0.257,0.266,0.296,0.296,0.284,0.265,0.224,0.189,0.161,0.139,0.122,0.109,0.098,0.065
451.0,463.0,0.039,0.073,0.104,0.132,0.157,0.178,0.197,0.214,0.229,0.242,0.253,0.262,0.294,0.297,0.286,0.269,0.23,0.195,0.166,0.144,0.127,0.113,0.102,0.068
452.0,453.0,0.058,0.107,0.148,0.182,0.21,0.233,0.251,0.265,0.277,0.285,0.291,0.295,0.292,0.266,0.235,0.207,0.162,0.131,0.11,0.094,0.082,0.073,0.066,0.044
452.0,454.0,0.055,0.102,0.142,0.175,0.203,0.225,0.244,0.259,0.271,0.281,0.288,0.293,0.294,0.272,0.244,0.216,0.171,0.139,0.116,0.1,0.087,0.078,0.07,0.047
452.0,455.0,0.052,0.097,0.136,0.168,0.196,0.219,0.238,0.253,0.266,0.276,0.284,0.29,0.297,0.278,0.251,0.224,0.179,0.146,0.123,0.105,0.092,0.082,0.074,0.049
452.0,456.0,0.05,0.093,0.13,0.162,0.189,0.212,0.231,0.247,0.261,0.271,0.28,0.286,0.298,0.283,0.258,0.232,0.187,0.153,0.129,0.111,0.097,0.086,0.078,0.052
452.0,457.0,0.048,0.089,0.125,0.156,0.183,0.206,0.225,0.242,0.255,0.267,0.276,0.283,0.298,0.287,0.264,0.24,0.195,0.16,0.135,0.116,0.102,0.091,0.081,0.054
452.0,458.0,0.046,0.086,0.121,0.151,0.178,0.2,0.22,0.236,0.25,0.262,0.271,0.279,0.298,0.29,0.27,0.246,0.202,0.167,0.141,0.122,0.107,0.095,0.085,0.057
452.0,459.0,0.044,0.083,0.117,0.146,0.172,0.195,0.214,0.231,0.245,0.257,0.267,0.275,0.298,0.292,0.274,0.252,0.209,0.174,0.147,0.127,0.111,0.099,0.089,0.059
452.0,460.0,0.042,0.08,0.113,0.142,0.167,0.19,0.209,0.226,0.24,0.253,0.263,0.272,0.297,0.294,0.278,0.258,0.215,0.18,0.153,0.132,0.116,0.103,0.093,0.062
452.0,461.0,0.041,0.077,0.109,0.138,0.163,0.185,0.204,0.221,0.236,0.248,0.259,0.268,0.296,0.296,0.282,0.263,0.221,0.186,0.158,0.137,0.12,0.107,0.096,0.064
452.0,462.0,0.039,0.075,0.106,0.134,0.159,0.18,0.2,0.216,0.231,0.244,0.255,0.264,0.295,0.297,0.285,0.267,0.227,0.192,0.164,0.142,0.125,0.111,0.1,0.067
452.0,463.0,0.038,0.072,0.103,0.13,0.155,0.176,0.195,0.212,0.227,0.24,0.251,0.261,0.293,0.298,0.288,0.271,0.232,0.197,0.169,0.146,0.129,0.115,0.103,0.069
452.0,464.0,0.037,0.07,0.1,0.127,0.151,0.172,0.191,0.208,0.223,0.236,0.247,0.257,0.292,0.298,0.29,0.274,0.237,0.202,0.174,0.151,0.133,0.118,0.107,0.071
453.0,454.0,0.047,0.088,0.124,0.154,0.181,0.204,0.223,0.24,0.253,0.265,0.274,0.281,0.298,0.288,0.266,0.242,0.198,0.163,0.137,0.118,0.104,0.092,0.083,0.055
453.0,455.0,0.045,0.085,0.119,0.149,0.176,0.198,0.218,0.234,0.248,0.26,0.27,0.278,0.298,0.291,0.271,0.248,0.205,0.17,0.143,0.123,0.108,0.096,0.087,0.058
453.0,456.0,0.043,0.082,0.115,0.145,0.171,0.193,0.213,0.229,0.244,0.256,0.266,0.274,0.298,0.293,0.276,0.254,0.211,0.176,0.149,0.128,0.113,0.1,0.09,0.06
453.0,457.0,0.042,0.079,0.112,0.141,0.166,0.188,0.208,0.225,0.239,0.251,0.262,0.271,0.297,0.295,0.279,0.259,0.217,0.182,0.154,0.133,0.117,0.104,0.094,0.062
453.0,458.0,0.04,0.077,0.109,0.137,0.162,0.184,0.203,0.22,0.235,0.247,0.258,0.267,0.296,0.296,0.283,0.264,0.223,0.187,0.16,0.138,0.121,0.108,0.097,0.065
453.0,459.0,0.039,0.074,0.105,0.133,0.158,0.18,0.199,0.216,0.23,0.243,0.254,0.264,0.295,0.297,0.286,0.268,0.228,0.193,0.165,0.143,0.125,0.112,0.101,0.067
453.0,460.0,0.038,0.072,0.103,0.13,0.154,0.176,0.195,0.212,0.226,0.239,0.251,0.26,0.293,0.298,0.288,0.271,0.233,0.198,0.169,0.147,0.129,0.115,0.104,0.069
453.0,461.0,0.037,0.07,0.1,0.127,0.151,0.172,0.191,0.208,0.223,0.236,0.247,0.257,0.292,0.298,0.29,0.275,0.237,0.203,0.174,0.151,0.133,0.119,0.107,0.071
453.0,462.0,0.036,0.068,0.098,0.124,0.147,0.169,0.187,0.204,0.219,0.232,0.244,0.254,0.29,0.298,0.292,0.278,0.242,0.207,0.179,0.155,0.137,0.122,0.11,0.073
453.0,463.0,0.035,0.067,0.095,0.121,0.144,0.165,0.184,0.201,0.216,0.229,0.24,0.251,0.288,0.298,0.293,0.28,0.246,0.212,0.183,0.159,0.141,0.125,0.113,0.076
453.0,464.0,0.034,0.065,0.093,0.119,0.142,0.162,0.181,0.197,0.212,0.226,0.237,0.248,0.287,0.298,0.294,0.282,0.249,0.216,0.187,0.163,0.144,0.129,0.116,0.078
453.0,465.0,0.033,0.064,0.091,0.116,0.139,0.159,0.178,0.194,0.209,0.222,0.234,0.245,0.285,0.298,0.295,0.285,0.253,0.22,0.191,0.167,0.148,0.132,0.119,0.079
454.0,455.0,0.06,0.111,0.153,0.187,0.215,0.238,0.256,0.27,0.28,0.288,0.293,0.297,0.289,0.26,0.229,0.2,0.156,0.126,0.105,0.09,0.079,0.07,0.063,0.042
454.0,456.0,0.06,0.111,0.153,0.187,0.215,0.238,0.256,0.27,0.28,0.288,0.293,0.297,0.289,0.26,0.229,0.2,0.156,0.126,0.105,0.09,0.079,0.07,0.063,0.042
454.0,457.0,0.06,0.111,0.152,0.187,0.215,0.238,0.255,0.27,0.28,0.288,0.293,0.297,0.289,0.261,0.229,0.2,0.156,0.126,0.105,0.09,0.079,0.07,0.063,0.042
454.0,458.0,0.06,0.111,0.152,0.187,0.215,0.237,0.255,0.269,0.28,0.288,0.293,0.297,0.289,0.261,0.229,0.201,0.156,0.126,0.106,0.09,0.079,0.07,0.063,0.042
454.0,459.0,0.06,0.11,0.152,0.187,0.215,0.237,0.255,0.269,0.28,0.288,0.293,0.297,0.289,0.261,0.229,0.201,0.156,0.126,0.106,0.091,0.079,0.07,0.063,0.042
454.0,460.0,0.06,0.11,0.152,0.186,0.214,0.237,0.255,0.269,0.28,0.288,0.293,0.296,0.289,0.261,0.23,0.201,0.157,0.127,0.106,0.091,0.079,0.071,0.064,0.042
454.0,461.0,0.06,0.11,0.152,0.186,0.214,0.237,0.255,0.269,0.28,0.288,0.293,0.296,0.289,0.261,0.23,0.201,0.157,0.127,0.106,0.091,0.079,0.071,0.064,0.042
454.0,462.0,0.06,0.11,0.152,0.186,0.214,0.237,0.255,0.269,0.28,0.288,0.293,0.296,0.289,0.261,0.23,0.201,0.157,0.127,0.106,0.091,0.08,0.071,0.064,0.042
454.0,463.0,0.06,0.11,0.152,0.186,0.214,0.237,0.255,0.269,0.28,0.287,0.293,0.296,0.289,0.262,0.23,0.202,0.157,0.127,0.106,0.091,0.08,0.071,0.064,0.042
454.0,464.0,0.06,0.11,0.151,0.186,0.214,0.236,0.255,0.269,0.279,0.287,0.293,0.296,0.29,0.262,0.23,0.202,0.157,0.127,0.106,0.091,0.08,0.071,0.064,0.043
454.0,465.0,0.06,0.11,0.151,0.186,0.214,0.236,0.254,0.269,0.279,0.287,0.293,0.296,0.29,0.262,0.23,0.202,0.158,0.127,0.106,0.091,0.08,0.071,0.064,0.043
454.0,466.0,0.06,0.11,0.151,0.185,0.214,0.236,0.254,0.268,0.279,0.287,0.293,0.296,0.29,0.262,0.231,0.202,0.158,0.127,0.107,0.091,0.08,0.071,0.064,0.043
455.0,456.0,0.07,0.127,0.173,0.208,0.236,0.257,0.273,0.284,0.292,0.296,0.298,0.298,0.274,0.237,0.202,0.173,0.133,0.107,0.089,0.076,0.067,0.059,0.053,0.036
455.0,457.0,0.07,0.127,0.172,0.208,0.236,0.257,0.273,0.284,0.292,0.296,0.298,0.298,0.274,0.237,0.202,0.174,0.133,0.107,0.089,0.076,0.067,0.059,0.053,0.036
455.0,458.0,0.07,0.127,0.172,0.208,0.236,0.257,0.273,0.284,0.292,0.296,0.298,0.298,0.275,0.237,0.203,0.174,0.133,0.107,0.089,0.076,0.067,0.059,0.054,0.036
455.0,459.0,0.07,0.127,0.172,0.208,0.235,0.257,0.273,0.284,0.291,0.296,0.298,0.298,0.275,0.238,0.203,0.174,0.133,0.107,0.089,0.077,0.067,0.06,0.054,0.036
455.0,460.0,0.07,0.126,0.172,0.207,0.235,0.257,0.272,0.284,0.291,0.296,0.298,0.298,0.275,0.238,0.203,0.175,0.134,0.107,0.09,0.077,0.067,0.06,0.054,0.036
455.0,461.0,0.07,0.126,0.171,0.207,0.235,0.256,0.272,0.284,0.291,0.296,0.298,0.298,0.275,0.238,0.204,0.175,0.134,0.108,0.09,0.077,0.067,0.06,0.054,0.036
455.0,462.0,0.07,0.126,0.171,0.207,0.235,0.256,0.272,0.283,0.291,0.296,0.298,0.298,0.275,0.239,0.204,0.175,0.134,0.108,0.09,0.077,0.067,0.06,0.054,0.036
455.0,463.0,0.07,0.126,0.171,0.207,0.234,0.256,0.272,0.283,0.291,0.296,0.298,0.298,0.276,0.239,0.204,0.176,0.134,0.108,0.09,0.077,0.068,0.06,0.054,0.036
455.0,464.0,0.069,0.126,0.171,0.206,0.234,0.256,0.272,0.283,0.291,0.296,0.298,0.298,0.276,0.239,0.205,0.176,0.135,0.108,0.09,0.077,0.068,0.06,0.054,0.036
455.0,465.0,0.069,0.125,0.17,0.206,0.234,0.255,0.271,0.283,0.291,0.296,0.298,0.298,0.276,0.239,0.205,0.176,0.135,0.108,0.09,0.078,0.068,0.06,0.054,0.036
455.0,466.0,0.069,0.125,0.17,0.206,0.234,0.255,0.271,0.283,0.291,0.296,0.298,0.298,0.276,0.24,0.205,0.177,0.135,0.109,0.091,0.078,0.068,0.06,0.054,0.036
455.0,467.0,0.069,0.125,0.17,0.206,0.234,0.255,0.271,0.283,0.291,0.296,0.298,0.298,0.276,0.24,0.206,0.177,0.135,0.109,0.091,0.078,0.068,0.061,0.054,0.036
456.0,457.0,0.072,0.129,0.175,0.21,0.238,0.259,0.275,0.286,0.293,0.297,0.298,0.298,0.272,0.234,0.199,0.171,0.131,0.105,0.087,0.075,0.066,0.058,0.052,0.035
456.0,458.0,0.071,0.129,0.174,0.21,0.238,0.259,0.275,0.285,0.293,0.297,0.298,0.298,0.272,0.235,0.2,0.171,0.131,0.105,0.087,0.075,0.066,0.058,0.053,0.035
456.0,459.0,0.071,0.129,0.174,0.21,0.238,0.259,0.274,0.285,0.293,0.297,0.298,0.298,0.273,0.235,0.2,0.171,0.131,0.105,0.088,0.075,0.066,0.058,0.053,0.035
456.0,460.0,0.071,0.129,0.174,0.21,0.238,0.259,0.274,0.285,0.292,0.297,0.298,0.298,0.273,0.235,0.2,0.172,0.131,0.105,0.088,0.075,0.066,0.058,0.053,0.035
456.0,461.0,0.071,0.128,0.174,0.21,0.238,0.259,0.274,0.285,0.292,0.297,0.298,0.298,0.273,0.235,0.2,0.172,0.131,0.105,0.088,0.075,0.066,0.059,0.053,0.035
456.0,462.0,0.071,0.128,0.174,0.21,0.237,0.259,0.274,0.285,0.292,0.297,0.298,0.298,0.273,0.235,0.2,0.172,0.131,0.105,0.088,0.075,0.066,0.059,0.053,0.035
456.0,463.0,0.071,0.128,0.174,0.209,0.237,0.258,0.274,0.285,0.292,0.297,0.298,0.298,0.273,0.235,0.201,0.172,0.132,0.106,0.088,0.075,0.066,0.059,0.053,0.035
456.0,464.0,0.071,0.128,0.174,0.209,0.237,0.258,0.274,0.285,0.292,0.296,0.298,0.298,0.273,0.236,0.201,0.172,0.132,0.106,0.088,0.076,0.066,0.059,0.053,0.035
456.0,465.0,0.071,0.128,0.173,0.209,0.237,0.258,0.274,0.285,0.292,0.296,0.298,0.298,0.273,0.236,0.201,0.172,0.132,0.106,0.088,0.076,0.066,0.059,0.053,0.035
456.0,466.0,0.071,0.128,0.173,0.209,0.237,0.258,0.274,0.285,0.292,0.296,0.298,0.298,0.274,0.236,0.201,0.173,0.132,0.106,0.088,0.076,0.066,0.059,0.053,0.035
456.0,467.0,0.071,0.128,0.173,0.209,0.237,0.258,0.273,0.285,0.292,0.296,0.298,0.298,0.274,0.236,0.201,0.173,0.132,0.106,0.088,0.076,0.066,0.059,0.053,0.035
456.0,468.0,0.071,0.128,0.173,0.209,0.237,0.258,0.273,0.285,0.292,0.296,0.298,0.298,0.274,0.236,0.202,0.173,0.132,0.106,0.089,0.076,0.066,0.059,0.053,0.035
457.0,458.0,0.074,0.133,0.179,0.215,0.242,0.263,0.278,0.288,0.294,0.298,0.298,0.297,0.268,0.229,0.194,0.166,0.126,0.101,0.084,0.072,0.063,0.056,0.051,0.034
457.0,459.0,0.074,0.133,0.179,0.215,0.242,0.263,0.278,0.288,0.294,0.298,0.298,0.297,0.268,0.229,0.194,0.166,0.126,0.101,0.084,0.072,0.063,0.056,0.051,0.034
457.0,460.0,0.074,0.132,0.179,0.215,0.242,0.263,0.278,0.288,0.294,0.298,0.298,0.297,0.268,0.229,0.194,0.166,0.126,0.101,0.084,0.072,0.063,0.056,0.051,0.034
457.0,461.0,0.074,0.132,0.179,0.215,0.242,0.263,0.278,0.288,0.294,0.298,0.298,0.297,0.269,0.229,0.194,0.166,0.126,0.101,0.084,0.072,0.063,0.056,0.051,0.034
457.0,462.0,0.074,0.132,0.179,0.215,0.242,0.263,0.278,0.288,0.294,0.298,0.298,0.297,0.269,0.229,0.194,0.166,0.126,0.101,0.085,0.072,0.063,0.056,0.051,0.034
457.0,463.0,0.074,0.132,0.179,0.215,0.242,0.263,0.278,0.288,0.294,0.298,0.298,0.297,0.269,0.229,0.194,0.166,0.126,0.101,0.085,0.072,0.063,0.056,0.051,0.034
457.0,464.0,0.074,0.132,0.179,0.215,0.242,0.263,0.278,0.288,0.294,0.298,0.298,0.297,0.269,0.229,0.194,0.166,0.127,0.101,0.085,0.073,0.063,0.056,0.051,0.034
457.0,465.0,0.074,0.132,0.178,0.214,0.242,0.263,0.277,0.288,0.294,0.297,0.298,0.297,0.269,0.23,0.194,0.166,0.127,0.102,0.085,0.073,0.064,0.056,0.051,0.034
457.0,466.0,0.074,0.132,0.178,0.214,0.242,0.263,0.277,0.288,0.294,0.297,0.298,0.297,0.269,0.23,0.195,0.166,0.127,0.102,0.085,0.073,0.064,0.056,0.051,0.034
457.0,467.0,0.074,0.132,0.178,0.214,0.242,0.262,0.277,0.288,0.294,0.297,0.298,0.297,0.269,0.23,0.195,0.166,0.127,0.102,0.085,0.073,0.064,0.057,0.051,0.034
457.0,468.0,0.073,0.132,0.178,0.214,0.242,0.262,0.277,0.288,0.294,0.297,0.298,0.297,0.269,0.23,0.195,0.166,0.127,0.102,0.085,0.073,0.064,0.057,0.051,0.034
457.0,469.0,0.073,0.132,0.178,0.214,0.242,0.262,0.277,0.288,0.294,0.297,0.298,0.297,0.269,0.23,0.195,0.166,0.127,0.102,0.085,0.073,0.064,0.057,0.051,0.034
458.0,459.0,0.052,0.097,0.135,0.167,0.195,0.218,0.237,0.252,0.265,0.275,0.283,0.289,0.297,0.279,0.252,0.226,0.18,0.147,0.124,0.106,0.093,0.083,0.074,0.05
458.0,460.0,0.05,0.093,0.131,0.162,0.189,0.212,0.232,0.248,0.261,0.272,0.28,0.287,0.298,0.282,0.258,0.232,0.187,0.153,0.129,0.111,0.097,0.086,0.077,0.052
458.0,461.0,0.048,0.09,0.127,0.158,0.185,0.208,0.227,0.243,0.257,0.268,0.277,0.284,0.298,0.286,0.263,0.238,0.193,0.159,0.134,0.115,0.101,0.089,0.08,0.054
458.0,462.0,0.047,0.087,0.123,0.154,0.18,0.203,0.222,0.239,0.253,0.264,0.273,0.281,0.298,0.288,0.267,0.243,0.199,0.164,0.138,0.119,0.104,0.093,0.083,0.056
458.0,463.0,0.045,0.085,0.12,0.15,0.176,0.199,0.218,0.235,0.249,0.26,0.27,0.278,0.298,0.291,0.271,0.248,0.204,0.169,0.143,0.123,0.108,0.096,0.086,0.058
458.0,464.0,0.044,0.083,0.117,0.146,0.172,0.195,0.214,0.231,0.245,0.257,0.267,0.275,0.298,0.292,0.275,0.252,0.209,0.174,0.147,0.127,0.111,0.099,0.089,0.059
458.0,465.0,0.043,0.08,0.114,0.143,0.168,0.191,0.21,0.227,0.241,0.254,0.264,0.273,0.297,0.294,0.278,0.256,0.214,0.179,0.152,0.131,0.115,0.102,0.092,0.061
458.0,466.0,0.042,0.078,0.111,0.14,0.165,0.187,0.207,0.223,0.238,0.25,0.261,0.27,0.297,0.295,0.28,0.26,0.219,0.183,0.156,0.134,0.118,0.105,0.095,0.063
458.0,467.0,0.04,0.077,0.109,0.137,0.162,0.184,0.203,0.22,0.235,0.247,0.258,0.267,0.296,0.296,0.283,0.264,0.223,0.187,0.16,0.138,0.121,0.108,0.097,0.065
458.0,468.0,0.04,0.075,0.106,0.134,0.159,0.181,0.2,0.217,0.231,0.244,0.255,0.265,0.295,0.297,0.285,0.267,0.227,0.191,0.163,0.141,0.124,0.111,0.1,0.066
458.0,469.0,0.039,0.073,0.104,0.132,0.156,0.178,0.197,0.214,0.228,0.241,0.252,0.262,0.294,0.298,0.287,0.269,0.23,0.195,0.167,0.145,0.127,0.113,0.102,0.068
458.0,470.0,0.038,0.072,0.102,0.129,0.153,0.175,0.194,0.211,0.226,0.239,0.25,0.26,0.293,0.298,0.288,0.272,0.234,0.199,0.17,0.148,0.13,0.116,0.104,0.07
459.0,460.0,0.061,0.111,0.153,0.187,0.215,0.238,0.256,0.27,0.28,0.288,0.293,0.297,0.289,0.26,0.229,0.2,0.156,0.126,0.105,0.09,0.079,0.07,0.063,0.042
459.0,461.0,0.059,0.108,0.149,0.183,0.211,0.234,0.252,0.266,0.277,0.286,0.292,0.296,0.291,0.265,0.234,0.205,0.161,0.13,0.109,0.093,0.082,0.073,0.065,0.044
459.0,462.0,0.057,0.105,0.145,0.179,0.207,0.229,0.248,0.263,0.274,0.283,0.29,0.294,0.293,0.269,0.239,0.211,0.166,0.135,0.113,0.097,0.085,0.075,0.068,0.045
459.0,463.0,0.055,0.102,0.141,0.175,0.202,0.225,0.244,0.259,0.271,0.281,0.288,0.293,0.295,0.272,0.244,0.216,0.171,0.139,0.116,0.1,0.087,0.078,0.07,0.047
459.0,464.0,0.054,0.099,0.138,0.171,0.198,0.221,0.24,0.256,0.268,0.278,0.285,0.291,0.296,0.276,0.248,0.221,0.176,0.143,0.12,0.103,0.09,0.08,0.072,0.048
459.0,465.0,0.052,0.097,0.135,0.167,0.195,0.218,0.237,0.252,0.265,0.275,0.283,0.289,0.297,0.279,0.252,0.226,0.18,0.147,0.124,0.106,0.093,0.083,0.074,0.05
459.0,466.0,0.051,0.094,0.132,0.164,0.191,0.214,0.233,0.249,0.262,0.273,0.281,0.287,0.297,0.281,0.256,0.23,0.185,0.151,0.127,0.109,0.096,0.085,0.077,0.051
459.0,467.0,0.049,0.092,0.129,0.16,0.187,0.21,0.23,0.246,0.259,0.27,0.279,0.285,0.298,0.284,0.26,0.235,0.189,0.155,0.131,0.112,0.098,0.087,0.079,0.052
459.0,468.0,0.048,0.09,0.126,0.157,0.184,0.207,0.226,0.243,0.256,0.267,0.276,0.283,0.298,0.286,0.263,0.239,0.194,0.159,0.134,0.115,0.101,0.09,0.081,0.054
459.0,469.0,0.047,0.088,0.123,0.154,0.181,0.204,0.223,0.239,0.253,0.265,0.274,0.281,0.298,0.288,0.267,0.242,0.198,0.163,0.138,0.118,0.104,0.092,0.083,0.055
459.0,470.0,0.046,0.086,0.121,0.151,0.178,0.2,0.22,0.236,0.25,0.262,0.272,0.279,0.298,0.29,0.269,0.246,0.202,0.167,0.141,0.121,0.106,0.095,0.085,0.057
459.0,471.0,0.045,0.084,0.119,0.149,0.175,0.197,0.217,0.233,0.248,0.259,0.269,0.277,0.298,0.291,0.272,0.249,0.206,0.171,0.144,0.124,0.109,0.097,0.087,0.058
460.0,461.0,0.09,0.158,0.208,0.243,0.268,0.284,0.293,0.298,0.298,0.296,0.291,0.285,0.237,0.193,0.158,0.133,0.1,0.08,0.067,0.057,0.05,0.045,0.04,0.027
460.0,462.0,0.09,0.158,0.208,0.243,0.268,0.284,0.293,0.298,0.298,0.296,0.291,0.285,0.238,0.193,0.158,0.133,0.1,0.08,0.067,0.057,0.05,0.045,0.04,0.027
460.0,463.0,0.09,0.158,0.208,0.243,0.268,0.284,0.293,0.298,0.298,0.296,0.291,0.285,0.238,0.193,0.158,0.133,0.1,0.08,0.067,0.057,0.05,0.045,0.04,0.027
460.0,464.0,0.09,0.158,0.208,0.243,0.268,0.284,0.293,0.298,0.298,0.296,0.291,0.286,0.238,0.193,0.159,0.133,0.1,0.08,0.067,0.057,0.05,0.045,0.04,0.027
460.0,465.0,0.09,0.158,0.208,0.243,0.268,0.284,0.293,0.298,0.298,0.296,0.292,0.286,0.238,0.193,0.159,0.133,0.101,0.08,0.067,0.057,0.05,0.045,0.04,0.027
460.0,466.0,0.09,0.158,0.207,0.243,0.268,0.284,0.293,0.298,0.298,0.296,0.292,0.286,0.238,0.193,0.159,0.134,0.101,0.081,0.067,0.058,0.05,0.045,0.04,0.027
460.0,467.0,0.09,0.158,0.207,0.243,0.268,0.284,0.293,0.298,0.298,0.296,0.292,0.286,0.238,0.193,0.159,0.134,0.101,0.081,0.067,0.058,0.05,0.045,0.04,0.027
460.0,468.0,0.09,0.158,0.207,0.243,0.268,0.284,0.293,0.298,0.298,0.296,0.292,0.286,0.238,0.193,0.159,0.134,0.101,0.081,0.067,0.058,0.05,0.045,0.04,0.027
460.0,469.0,0.09,0.158,0.207,0.243,0.268,0.284,0.293,0.298,0.298,0.296,0.292,0.286,0.238,0.193,0.159,0.134,0.101,0.081,0.067,0.058,0.05,0.045,0.04,0.027
460.0,470.0,0.09,0.158,0.207,0.243,0.268,0.284,0.293,0.298,0.298,0.296,0.292,0.286,0.238,0.193,0.159,0.134,0.101,0.081,0.067,0.058,0.05,0.045,0.04,0.027
460.0,471.0,0.09,0.158,0.207,0.243,0.267,0.284,0.293,0.298,0.298,0.296,0.292,0.286,0.238,0.193,0.159,0.134,0.101,0.081,0.067,0.058,0.05,0.045,0.04,0.027
460.0,472.0,0.09,0.157,0.207,0.243,0.267,0.284,0.293,0.298,0.298,0.296,0.292,0.286,0.238,0.193,0.159,0.134,0.101,0.081,0.067,0.058,0.05,0.045,0.04,0.027
461.0,462.0,0.083,0.147,0.195,0.231,0.257,0.276,0.288,0.295,0.298,0.298,0.296,0.292,0.252,0.209,0.173,0.147,0.111,0.089,0.074,0.063,0.056,0.049,0.044,0.03
461.0,463.0,0.079,0.141,0.188,0.224,0.251,0.271,0.284,0.292,0.297,0.298,0.298,0.295,0.259,0.217,0.182,0.155,0.117,0.094,0.078,0.067,0.059,0.052,0.047,0.031
461.0,464.0,0.075,0.135,0.182,0.218,0.245,0.265,0.28,0.289,0.295,0.298,0.298,0.297,0.266,0.226,0.19,0.162,0.123,0.099,0.083,0.071,0.062,0.055,0.05,0.033
461.0,465.0,0.072,0.13,0.175,0.211,0.239,0.26,0.275,0.286,0.293,0.297,0.298,0.298,0.272,0.233,0.198,0.17,0.13,0.104,0.087,0.074,0.065,0.058,0.052,0.035
461.0,466.0,0.069,0.125,0.17,0.205,0.233,0.255,0.271,0.282,0.29,0.295,0.298,0.298,0.277,0.241,0.206,0.177,0.136,0.109,0.091,0.078,0.068,0.061,0.055,0.036
461.0,467.0,0.066,0.12,0.164,0.199,0.227,0.249,0.266,0.279,0.288,0.293,0.297,0.298,0.281,0.247,0.214,0.185,0.142,0.114,0.095,0.082,0.072,0.064,0.057,0.038
461.0,468.0,0.063,0.116,0.159,0.194,0.222,0.244,0.262,0.275,0.284,0.291,0.296,0.298,0.285,0.253,0.22,0.192,0.148,0.119,0.1,0.086,0.075,0.067,0.06,0.04
461.0,469.0,0.061,0.112,0.154,0.189,0.217,0.239,0.257,0.271,0.281,0.289,0.294,0.297,0.288,0.259,0.227,0.198,0.154,0.125,0.104,0.089,0.078,0.069,0.062,0.042
461.0,470.0,0.059,0.108,0.149,0.184,0.212,0.234,0.252,0.267,0.278,0.286,0.292,0.296,0.291,0.264,0.233,0.205,0.16,0.129,0.108,0.093,0.081,0.072,0.065,0.043
461.0,471.0,0.057,0.105,0.145,0.179,0.207,0.23,0.248,0.263,0.274,0.283,0.29,0.294,0.293,0.268,0.239,0.211,0.166,0.134,0.112,0.096,0.084,0.075,0.068,0.045
461.0,472.0,0.055,0.102,0.141,0.174,0.202,0.225,0.244,0.259,0.271,0.28,0.288,0.293,0.295,0.273,0.244,0.216,0.171,0.139,0.117,0.1,0.088,0.078,0.07,0.047
461.0,473.0,0.053,0.099,0.137,0.17,0.198,0.221,0.24,0.255,0.268,0.278,0.285,0.291,0.296,0.276,0.249,0.222,0.177,0.144,0.121,0.104,0.091,0.081,0.073,0.048
462.0,463.0,0.051,0.095,0.133,0.165,0.192,0.215,0.234,0.25,0.263,0.273,0.282,0.288,0.297,0.281,0.255,0.229,0.184,0.15,0.126,0.108,0.095,0.084,0.076,0.051
462.0,464.0,0.051,0.095,0.132,0.165,0.192,0.215,0.234,0.25,0.263,0.273,0.282,0.288,0.297,0.281,0.255,0.229,0.184,0.15,0.126,0.109,0.095,0.084,0.076,0.051
462.0,465.0,0.051,0.095,0.132,0.164,0.192,0.214,0.234,0.25,0.263,0.273,0.281,0.288,0.297,0.281,0.256,0.23,0.184,0.151,0.127,0.109,0.095,0.085,0.076,0.051
462.0,466.0,0.051,0.095,0.132,0.164,0.191,0.214,0.233,0.249,0.262,0.273,0.281,0.288,0.297,0.281,0.256,0.23,0.185,0.151,0.127,0.109,0.095,0.085,0.076,0.051
462.0,467.0,0.051,0.094,0.132,0.164,0.191,0.214,0.233,0.249,0.262,0.273,0.281,0.287,0.297,0.281,0.256,0.23,0.185,0.151,0.127,0.109,0.096,0.085,0.076,0.051
462.0,468.0,0.051,0.094,0.132,0.164,0.191,0.214,0.233,0.249,0.262,0.273,0.281,0.287,0.297,0.281,0.256,0.23,0.185,0.152,0.127,0.109,0.096,0.085,0.077,0.051
462.0,469.0,0.051,0.094,0.131,0.163,0.191,0.214,0.233,0.249,0.262,0.272,0.281,0.287,0.298,0.282,0.257,0.231,0.185,0.152,0.127,0.11,0.096,0.085,0.077,0.051
462.0,470.0,0.05,0.094,0.131,0.163,0.19,0.213,0.233,0.249,0.262,0.272,0.281,0.287,0.298,0.282,0.257,0.231,0.186,0.152,0.128,0.11,0.096,0.085,0.077,0.051
462.0,471.0,0.05,0.094,0.131,0.163,0.19,0.213,0.232,0.248,0.261,0.272,0.28,0.287,0.298,0.282,0.257,0.231,0.186,0.152,0.128,0.11,0.096,0.086,0.077,0.051
462.0,472.0,0.05,0.094,0.131,0.163,0.19,0.213,0.232,0.248,0.261,0.272,0.28,0.287,0.298,0.282,0.257,0.231,0.186,0.153,0.128,0.11,0.096,0.086,0.077,0.051
462.0,473.0,0.05,0.094,0.131,0.163,0.19,0.213,0.232,0.248,0.261,0.272,0.28,0.287,0.298,0.282,0.258,0.232,0.186,0.153,0.128,0.11,0.097,0.086,0.077,0.052
462.0,474.0,0.05,0.093,0.131,0.162,0.19,0.212,0.232,0.248,0.261,0.272,0.28,0.287,0.298,0.282,0.258,0.232,0.187,0.153,0.129,0.11,0.097,0.086,0.077,0.052
463.0,464.0,0.052,0.097,0.136,0.168,0.196,0.219,0.238,0.253,0.266,0.276,0.284,0.29,0.297,0.278,0.251,0.224,0.179,0.146,0.123,0.105,0.092,0.082,0.074,0.049
463.0,465.0,0.05,0.094,0.131,0.163,0.19,0.213,0.233,0.249,0.262,0.272,0.281,0.287,0.298,0.282,0.257,0.231,0.186,0.152,0.128,0.11,0.096,0.085,0.077,0.051
463.0,466.0,0.049,0.091,0.127,0.159,0.185,0.208,0.228,0.244,0.257,0.268,0.277,0.284,0.298,0.285,0.262,0.237,0.192,0.158,0.133,0.114,0.1,0.089,0.08,0.053
463.0,467.0,0.047,0.088,0.123,0.154,0.181,0.203,0.223,0.239,0.253,0.264,0.274,0.281,0.298,0.288,0.267,0.243,0.198,0.163,0.138,0.119,0.104,0.092,0.083,0.055
463.0,468.0,0.045,0.085,0.12,0.15,0.176,0.199,0.218,0.235,0.249,0.261,0.27,0.278,0.298,0.29,0.271,0.248,0.204,0.169,0.143,0.123,0.108,0.096,0.086,0.057
463.0,469.0,0.044,0.083,0.116,0.146,0.172,0.195,0.214,0.231,0.245,0.257,0.267,0.275,0.298,0.292,0.275,0.252,0.209,0.174,0.147,0.127,0.111,0.099,0.089,0.059
463.0,470.0,0.043,0.08,0.113,0.143,0.168,0.19,0.21,0.227,0.241,0.253,0.264,0.272,0.297,0.294,0.278,0.257,0.214,0.179,0.152,0.131,0.115,0.102,0.092,0.061
463.0,471.0,0.041,0.078,0.111,0.139,0.164,0.187,0.206,0.223,0.237,0.25,0.26,0.269,0.297,0.295,0.281,0.261,0.219,0.184,0.156,0.135,0.119,0.106,0.095,0.063
463.0,472.0,0.04,0.076,0.108,0.136,0.161,0.183,0.202,0.219,0.234,0.246,0.257,0.266,0.296,0.296,0.283,0.264,0.224,0.189,0.161,0.139,0.122,0.109,0.098,0.065
463.0,473.0,0.039,0.074,0.105,0.133,0.158,0.18,0.199,0.216,0.23,0.243,0.254,0.264,0.295,0.297,0.286,0.268,0.228,0.193,0.165,0.143,0.125,0.112,0.101,0.067
463.0,474.0,0.038,0.072,0.103,0.13,0.155,0.176,0.195,0.212,0.227,0.24,0.251,0.261,0.293,0.298,0.288,0.271,0.232,0.197,0.169,0.146,0.129,0.115,0.103,0.069
463.0,475.0,0.037,0.071,0.101,0.128,0.152,0.173,0.192,0.209,0.224,0.237,0.248,0.258,0.292,0.298,0.289,0.273,0.236,0.201,0.173,0.15,0.132,0.118,0.106,0.071
464.0,465.0,0.061,0.112,0.154,0.189,0.217,0.239,0.257,0.271,0.281,0.289,0.294,0.297,0.288,0.259,0.227,0.198,0.154,0.124,0.104,0.089,0.078,0.069,0.062,0.042
464.0,466.0,0.059,0.108,0.149,0.183,0.211,0.234,0.252,0.266,0.277,0.286,0.292,0.296,0.291,0.265,0.234,0.205,0.161,0.13,0.109,0.093,0.082,0.073,0.065,0.044
464.0,467.0,0.056,0.104,0.144,0.178,0.205,0.228,0.247,0.262,0.274,0.283,0.289,0.294,0.293,0.27,0.24,0.212,0.167,0.136,0.114,0.097,0.085,0.076,0.068,0.045
464.0,468.0,0.054,0.1,0.139,0.172,0.2,0.223,0.242,0.257,0.27,0.279,0.286,0.292,0.295,0.274,0.246,0.219,0.174,0.141,0.118,0.102,0.089,0.079,0.071,0.047
464.0,469.0,0.052,0.097,0.135,0.168,0.195,0.218,0.237,0.253,0.266,0.276,0.284,0.29,0.297,0.278,0.252,0.225,0.18,0.147,0.123,0.106,0.093,0.082,0.074,0.049
464.0,470.0,0.05,0.094,0.131,0.163,0.19,0.213,0.233,0.249,0.262,0.272,0.281,0.287,0.298,0.282,0.257,0.231,0.186,0.152,0.128,0.11,0.096,0.085,0.077,0.051
464.0,471.0,0.049,0.091,0.128,0.159,0.186,0.209,0.228,0.244,0.258,0.269,0.278,0.285,0.298,0.285,0.262,0.236,0.191,0.157,0.132,0.114,0.1,0.089,0.08,0.053
464.0,472.0,0.047,0.088,0.124,0.155,0.182,0.204,0.224,0.24,0.254,0.265,0.275,0.282,0.298,0.287,0.266,0.241,0.197,0.162,0.137,0.118,0.103,0.092,0.083,0.055
464.0,473.0,0.046,0.086,0.121,0.151,0.178,0.2,0.22,0.236,0.25,0.262,0.271,0.279,0.298,0.29,0.27,0.246,0.202,0.167,0.141,0.122,0.107,0.095,0.085,0.057
464.0,474.0,0.044,0.084,0.118,0.148,0.174,0.196,0.216,0.232,0.247,0.258,0.268,0.277,0.298,0.292,0.273,0.251,0.207,0.172,0.145,0.125,0.11,0.098,0.088,0.059
464.0,475.0,0.043,0.081,0.115,0.144,0.17,0.193,0.212,0.229,0.243,0.255,0.265,0.274,0.298,0.293,0.276,0.255,0.212,0.177,0.15,0.129,0.113,0.101,0.091,0.06
464.0,476.0,0.042,0.079,0.112,0.141,0.167,0.189,0.208,0.225,0.24,0.252,0.262,0.271,0.297,0.295,0.279,0.258,0.216,0.181,0.154,0.133,0.116,0.104,0.093,0.062
465.0,466.0,0.066,0.12,0.164,0.199,0.227,0.249,0.266,0.278,0.287,0.293,0.297,0.298,0.281,0.248,0.214,0.185,0.143,0.115,0.096,0.082,0.072,0.064,0.057,0.038
465.0,467.0,0.062,0.114,0.157,0.191,0.219,0.242,0.259,0.273,0.283,0.29,0.295,0.297,0.286,0.256,0.223,0.195,0.151,0.122,0.102,0.087,0.076,0.068,0.061,0.041
465.0,468.0,0.059,0.109,0.15,0.184,0.212,0.235,0.253,0.268,0.278,0.287,0.292,0.296,0.29,0.263,0.232,0.204,0.159,0.129,0.107,0.092,0.081,0.072,0.065,0.043
465.0,469.0,0.056,0.104,0.144,0.178,0.206,0.229,0.247,0.262,0.274,0.283,0.289,0.294,0.293,0.269,0.24,0.212,0.167,0.135,0.113,0.097,0.085,0.076,0.068,0.045
465.0,470.0,0.054,0.1,0.139,0.172,0.199,0.222,0.241,0.257,0.269,0.279,0.286,0.291,0.295,0.275,0.247,0.22,0.174,0.142,0.119,0.102,0.089,0.079,0.072,0.048
465.0,471.0,0.052,0.096,0.134,0.166,0.194,0.217,0.236,0.252,0.264,0.275,0.283,0.289,0.297,0.279,0.253,0.227,0.182,0.148,0.124,0.107,0.094,0.083,0.075,0.05
465.0,472.0,0.05,0.093,0.129,0.161,0.188,0.211,0.23,0.246,0.26,0.271,0.279,0.286,0.298,0.283,0.259,0.234,0.188,0.155,0.13,0.112,0.098,0.087,0.078,0.052
465.0,473.0,0.048,0.089,0.125,0.156,0.183,0.206,0.225,0.242,0.255,0.266,0.276,0.283,0.298,0.287,0.264,0.24,0.195,0.161,0.135,0.116,0.102,0.091,0.082,0.054
465.0,474.0,0.046,0.086,0.121,0.152,0.178,0.201,0.22,0.237,0.251,0.262,0.272,0.28,0.298,0.289,0.269,0.245,0.201,0.166,0.14,0.121,0.106,0.094,0.085,0.056
465.0,475.0,0.045,0.084,0.118,0.148,0.174,0.196,0.216,0.233,0.247,0.259,0.269,0.277,0.298,0.292,0.273,0.25,0.207,0.172,0.145,0.125,0.11,0.098,0.088,0.059
465.0,476.0,0.043,0.081,0.115,0.144,0.17,0.192,0.212,0.228,0.243,0.255,0.265,0.274,0.298,0.293,0.276,0.255,0.212,0.177,0.15,0.129,0.113,0.101,0.091,0.061
465.0,477.0,0.042,0.079,0.112,0.141,0.166,0.188,0.208,0.224,0.239,0.251,0.262,0.271,0.297,0.295,0.28,0.259,0.217,0.182,0.155,0.133,0.117,0.104,0.094,0.063
466.0,467.0,0.083,0.147,0.195,0.232,0.258,0.276,0.288,0.295,0.298,0.298,0.296,0.292,0.251,0.208,0.173,0.146,0.111,0.089,0.074,0.063,0.055,0.049,0.044,0.03
466.0,468.0,0.081,0.144,0.192,0.229,0.255,0.274,0.286,0.294,0.298,0.298,0.297,0.293,0.255,0.212,0.177,0.15,0.113,0.091,0.076,0.065,0.057,0.05,0.045,0.03
466.0,469.0,0.08,0.142,0.189,0.226,0.252,0.271,0.285,0.293,0.297,0.298,0.297,0.294,0.258,0.216,0.181,0.153,0.116,0.093,0.078,0.066,0.058,0.052,0.047,0.031
466.0,470.0,0.078,0.139,0.186,0.222,0.249,0.269,0.283,0.292,0.296,0.298,0.298,0.295,0.261,0.22,0.184,0.157,0.119,0.095,0.079,0.068,0.06,0.053,0.048,0.032
466.0,471.0,0.076,0.136,0.183,0.219,0.247,0.267,0.281,0.29,0.296,0.298,0.298,0.296,0.264,0.223,0.188,0.16,0.122,0.098,0.081,0.07,0.061,0.054,0.049,0.033
466.0,472.0,0.075,0.134,0.18,0.217,0.244,0.264,0.279,0.289,0.295,0.298,0.298,0.297,0.267,0.227,0.192,0.164,0.125,0.1,0.083,0.071,0.062,0.056,0.05,0.033
466.0,473.0,0.073,0.131,0.178,0.214,0.241,0.262,0.277,0.287,0.294,0.297,0.298,0.298,0.27,0.231,0.196,0.167,0.127,0.102,0.085,0.073,0.064,0.057,0.051,0.034
466.0,474.0,0.072,0.129,0.175,0.211,0.238,0.259,0.275,0.286,0.293,0.297,0.298,0.298,0.272,0.234,0.199,0.171,0.13,0.105,0.087,0.075,0.065,0.058,0.052,0.035
466.0,475.0,0.07,0.127,0.172,0.208,0.236,0.257,0.273,0.284,0.292,0.296,0.298,0.298,0.275,0.237,0.203,0.174,0.133,0.107,0.089,0.077,0.067,0.06,0.054,0.036
466.0,476.0,0.069,0.125,0.169,0.205,0.233,0.254,0.271,0.282,0.29,0.295,0.298,0.298,0.277,0.241,0.206,0.178,0.136,0.109,0.091,0.078,0.068,0.061,0.055,0.037
466.0,477.0,0.067,0.122,0.167,0.202,0.23,0.252,0.268,0.28,0.289,0.294,0.297,0.298,0.279,0.244,0.21,0.181,0.139,0.112,0.093,0.08,0.07,0.062,0.056,0.037
466.0,478.0,0.066,0.12,0.164,0.199,0.227,0.249,0.266,0.279,0.288,0.293,0.297,0.298,0.281,0.247,0.213,0.185,0.142,0.114,0.095,0.082,0.072,0.064,0.057,0.038
467.0,468.0,0.074,0.133,0.179,0.215,0.243,0.263,0.278,0.288,0.294,0.298,0.298,0.297,0.268,0.228,0.193,0.165,0.126,0.101,0.084,0.072,0.063,0.056,0.05,0.034
467.0,469.0,0.07,0.127,0.172,0.207,0.235,0.257,0.272,0.284,0.291,0.296,0.298,0.298,0.275,0.238,0.203,0.175,0.134,0.107,0.089,0.077,0.067,0.06,0.054,0.036
467.0,470.0,0.066,0.121,0.165,0.2,0.228,0.25,0.267,0.279,0.288,0.294,0.297,0.298,0.281,0.247,0.213,0.184,0.141,0.114,0.095,0.081,0.071,0.063,0.057,0.038
467.0,471.0,0.063,0.115,0.158,0.193,0.221,0.243,0.261,0.274,0.284,0.291,0.295,0.298,0.285,0.254,0.222,0.193,0.149,0.12,0.1,0.086,0.075,0.067,0.06,0.04
467.0,472.0,0.06,0.11,0.152,0.186,0.214,0.237,0.255,0.269,0.28,0.288,0.293,0.296,0.289,0.261,0.23,0.201,0.157,0.127,0.106,0.091,0.079,0.071,0.064,0.042
467.0,473.0,0.057,0.106,0.146,0.18,0.208,0.231,0.249,0.264,0.275,0.284,0.29,0.295,0.292,0.267,0.237,0.209,0.164,0.133,0.111,0.095,0.084,0.074,0.067,0.045
467.0,474.0,0.055,0.102,0.141,0.174,0.202,0.225,0.244,0.259,0.271,0.28,0.287,0.293,0.295,0.273,0.244,0.216,0.171,0.139,0.117,0.1,0.088,0.078,0.07,0.047
467.0,475.0,0.053,0.098,0.136,0.169,0.196,0.219,0.239,0.254,0.267,0.277,0.284,0.29,0.296,0.277,0.25,0.223,0.178,0.145,0.122,0.105,0.092,0.081,0.073,0.049
467.0,476.0,0.051,0.094,0.132,0.164,0.191,0.214,0.233,0.249,0.262,0.273,0.281,0.288,0.297,0.281,0.256,0.23,0.185,0.151,0.127,0.109,0.095,0.085,0.076,0.051
467.0,477.0,0.049,0.091,0.128,0.159,0.186,0.209,0.229,0.245,0.258,0.269,0.278,0.285,0.298,0.284,0.261,0.236,0.191,0.157,0.132,0.113,0.099,0.088,0.079,0.053
467.0,478.0,0.047,0.088,0.124,0.155,0.182,0.205,0.224,0.24,0.254,0.265,0.275,0.282,0.298,0.287,0.266,0.241,0.197,0.162,0.137,0.117,0.103,0.092,0.082,0.055
467.0,479.0,0.046,0.086,0.121,0.151,0.178,0.2,0.22,0.236,0.25,0.262,0.271,0.279,0.298,0.29,0.27,0.246,0.202,0.167,0.141,0.122,0.107,0.095,0.085,0.057
468.0,469.0,0.078,0.139,0.186,0.222,0.249,0.269,0.283,0.291,0.296,0.298,0.298,0.295,0.261,0.22,0.185,0.157,0.119,0.095,0.08,0.068,0.06,0.053,0.048,0.032
468.0,470.0,0.074,0.132,0.179,0.215,0.242,0.263,0.278,0.288,0.294,0.298,0.298,0.297,0.269,0.229,0.194,0.166,0.126,0.101,0.085,0.072,0.063,0.056,0.051,0.034
468.0,471.0,0.07,0.126,0.172,0.207,0.235,0.257,0.272,0.284,0.291,0.296,0.298,0.298,0.275,0.238,0.203,0.175,0.134,0.107,0.09,0.077,0.067,0.06,0.054,0.036
468.0,472.0,0.067,0.121,0.165,0.2,0.228,0.25,0.267,0.279,0.288,0.294,0.297,0.298,0.28,0.246,0.212,0.183,0.141,0.113,0.095,0.081,0.071,0.063,0.057,0.038
468.0,473.0,0.063,0.116,0.159,0.194,0.222,0.244,0.262,0.275,0.284,0.291,0.296,0.298,0.285,0.253,0.22,0.192,0.148,0.119,0.1,0.086,0.075,0.067,0.06,0.04
468.0,474.0,0.061,0.111,0.153,0.187,0.216,0.238,0.256,0.27,0.281,0.288,0.294,0.297,0.289,0.26,0.228,0.2,0.155,0.126,0.105,0.09,0.079,0.07,0.063,0.042
468.0,475.0,0.058,0.107,0.148,0.182,0.21,0.232,0.251,0.265,0.276,0.285,0.291,0.295,0.292,0.266,0.235,0.207,0.162,0.132,0.11,0.094,0.083,0.073,0.066,0.044
468.0,476.0,0.056,0.103,0.143,0.176,0.204,0.227,0.245,0.26,0.272,0.282,0.288,0.293,0.294,0.271,0.242,0.214,0.169,0.137,0.115,0.099,0.086,0.077,0.069,0.046
468.0,477.0,0.053,0.099,0.138,0.171,0.198,0.221,0.24,0.256,0.268,0.278,0.285,0.291,0.296,0.276,0.248,0.221,0.176,0.143,0.12,0.103,0.09,0.08,0.072,0.048
468.0,478.0,0.051,0.096,0.134,0.166,0.193,0.216,0.235,0.251,0.264,0.274,0.282,0.288,0.297,0.28,0.254,0.228,0.182,0.149,0.125,0.107,0.094,0.084,0.075,0.05
468.0,479.0,0.05,0.092,0.129,0.161,0.188,0.211,0.23,0.246,0.26,0.271,0.279,0.286,0.298,0.283,0.259,0.234,0.188,0.155,0.13,0.112,0.098,0.087,0.078,0.052
468.0,480.0,0.048,0.09,0.126,0.157,0.183,0.206,0.226,0.242,0.256,0.267,0.276,0.283,0.298,0.286,0.264,0.239,0.194,0.16,0.135,0.116,0.102,0.09,0.081,0.054
469.0,470.0,0.084,0.148,0.197,0.233,0.259,0.277,0.289,0.295,0.298,0.298,0.296,0.291,0.25,0.206,0.171,0.145,0.109,0.088,0.073,0.063,0.055,0.049,0.044,0.029
469.0,471.0,0.08,0.142,0.19,0.226,0.252,0.272,0.285,0.293,0.297,0.298,0.297,0.294,0.258,0.216,0.18,0.153,0.116,0.093,0.077,0.066,0.058,0.052,0.046,0.031
469.0,472.0,0.076,0.136,0.183,0.219,0.246,0.266,0.28,0.29,0.295,0.298,0.298,0.296,0.265,0.224,0.189,0.161,0.122,0.098,0.082,0.07,0.061,0.055,0.049,0.033
469.0,473.0,0.072,0.13,0.176,0.212,0.24,0.261,0.276,0.287,0.293,0.297,0.298,0.298,0.271,0.232,0.197,0.169,0.129,0.103,0.086,0.074,0.065,0.057,0.052,0.034
469.0,474.0,0.069,0.125,0.17,0.206,0.234,0.255,0.271,0.283,0.291,0.296,0.298,0.298,0.276,0.24,0.205,0.176,0.135,0.109,0.091,0.078,0.068,0.06,0.054,0.036
469.0,475.0,0.066,0.121,0.165,0.2,0.228,0.25,0.267,0.279,0.288,0.294,0.297,0.298,0.281,0.246,0.213,0.184,0.141,0.114,0.095,0.081,0.071,0.063,0.057,0.038
469.0,476.0,0.064,0.116,0.159,0.194,0.222,0.245,0.262,0.275,0.285,0.291,0.296,0.298,0.285,0.253,0.22,0.191,0.148,0.119,0.099,0.085,0.074,0.066,0.06,0.04
469.0,477.0,0.061,0.112,0.154,0.189,0.217,0.24,0.257,0.271,0.282,0.289,0.294,0.297,0.288,0.258,0.226,0.198,0.154,0.124,0.104,0.089,0.078,0.069,0.062,0.041
469.0,478.0,0.059,0.109,0.15,0.184,0.212,0.235,0.253,0.267,0.278,0.286,0.292,0.296,0.291,0.264,0.233,0.204,0.16,0.129,0.108,0.093,0.081,0.072,0.065,0.043
469.0,479.0,0.057,0.105,0.145,0.179,0.207,0.23,0.248,0.263,0.275,0.284,0.29,0.294,0.293,0.268,0.238,0.21,0.165,0.134,0.112,0.096,0.084,0.075,0.067,0.045
469.0,480.0,0.055,0.102,0.141,0.175,0.202,0.225,0.244,0.259,0.271,0.281,0.288,0.293,0.295,0.272,0.244,0.216,0.171,0.139,0.116,0.1,0.087,0.078,0.07,0.047
469.0,481.0,0.053,0.099,0.138,0.17,0.198,0.221,0.24,0.255,0.268,0.278,0.285,0.291,0.296,0.276,0.249,0.222,0.176,0.144,0.12,0.103,0.091,0.08,0.072,0.048
470.0,471.0,0.108,0.183,0.234,0.266,0.286,0.296,0.298,0.296,0.291,0.283,0.274,0.264,0.205,0.161,0.13,0.109,0.082,0.065,0.054,0.047,0.041,0.036,0.033,0.022
470.0,472.0,0.106,0.18,0.231,0.264,0.284,0.295,0.298,0.297,0.292,0.285,0.277,0.267,0.209,0.164,0.133,0.111,0.083,0.067,0.056,0.048,0.042,0.037,0.033,0.022
470.0,473.0,0.104,0.177,0.228,0.262,0.282,0.294,0.298,0.298,0.293,0.287,0.279,0.27,0.212,0.167,0.136,0.114,0.085,0.068,0.057,0.049,0.043,0.038,0.034,0.023
470.0,474.0,0.102,0.175,0.225,0.259,0.281,0.293,0.298,0.298,0.295,0.289,0.281,0.272,0.216,0.171,0.139,0.116,0.087,0.07,0.058,0.05,0.044,0.039,0.035,0.023
470.0,475.0,0.1,0.172,0.223,0.257,0.279,0.292,0.297,0.298,0.295,0.29,0.283,0.275,0.22,0.174,0.142,0.119,0.089,0.071,0.06,0.051,0.045,0.04,0.036,0.024
470.0,476.0,0.098,0.169,0.22,0.254,0.277,0.29,0.297,0.298,0.296,0.291,0.285,0.277,0.223,0.178,0.145,0.121,0.091,0.073,0.061,0.052,0.046,0.041,0.037,0.024
470.0,477.0,0.096,0.167,0.217,0.252,0.275,0.289,0.296,0.298,0.297,0.293,0.286,0.279,0.226,0.181,0.148,0.124,0.093,0.075,0.062,0.053,0.047,0.041,0.037,0.025
470.0,478.0,0.095,0.164,0.214,0.249,0.273,0.288,0.296,0.298,0.297,0.294,0.288,0.281,0.23,0.184,0.151,0.127,0.095,0.076,0.064,0.055,0.048,0.042,0.038,0.025
470.0,479.0,0.093,0.162,0.212,0.247,0.271,0.286,0.295,0.298,0.298,0.295,0.29,0.283,0.233,0.188,0.154,0.129,0.097,0.078,0.065,0.056,0.049,0.043,0.039,0.026
470.0,480.0,0.091,0.159,0.209,0.244,0.269,0.285,0.294,0.298,0.298,0.296,0.291,0.285,0.236,0.191,0.157,0.132,0.1,0.08,0.066,0.057,0.05,0.044,0.04,0.027
470.0,481.0,0.089,0.157,0.206,0.242,0.267,0.283,0.293,0.297,0.298,0.296,0.292,0.286,0.239,0.195,0.16,0.135,0.102,0.081,0.068,0.058,0.051,0.045,0.041,0.027
470.0,482.0,0.088,0.154,0.204,0.239,0.265,0.281,0.292,0.297,0.298,0.297,0.293,0.288,0.242,0.198,0.163,0.138,0.104,0.083,0.069,0.059,0.052,0.046,0.042,0.028
471.0,472.0,0.1,0.171,0.222,0.256,0.278,0.291,0.297,0.298,0.296,0.29,0.283,0.275,0.22,0.175,0.143,0.119,0.09,0.072,0.06,0.051,0.045,0.04,0.036,0.024
471.0,473.0,0.098,0.169,0.22,0.254,0.277,0.29,0.297,0.298,0.296,0.291,0.285,0.277,0.223,0.178,0.145,0.121,0.091,0.073,0.061,0.052,0.046,0.041,0.037,0.024
471.0,474.0,0.097,0.167,0.218,0.252,0.275,0.289,0.296,0.298,0.297,0.292,0.286,0.279,0.226,0.18,0.147,0.123,0.093,0.074,0.062,0.053,0.046,0.041,0.037,0.025
471.0,475.0,0.095,0.165,0.216,0.251,0.274,0.288,0.296,0.298,0.297,0.293,0.287,0.28,0.228,0.183,0.149,0.125,0.094,0.076,0.063,0.054,0.047,0.042,0.038,0.025
471.0,476.0,0.094,0.163,0.214,0.249,0.272,0.287,0.295,0.298,0.298,0.294,0.288,0.282,0.231,0.185,0.152,0.127,0.096,0.077,0.064,0.055,0.048,0.043,0.038,0.026
471.0,477.0,0.093,0.162,0.212,0.247,0.271,0.286,0.295,0.298,0.298,0.295,0.29,0.283,0.233,0.188,0.154,0.129,0.097,0.078,0.065,0.056,0.049,0.043,0.039,0.026
471.0,478.0,0.092,0.16,0.209,0.245,0.269,0.285,0.294,0.298,0.298,0.295,0.291,0.284,0.235,0.19,0.156,0.132,0.099,0.079,0.066,0.057,0.05,0.044,0.04,0.026
471.0,479.0,0.09,0.158,0.207,0.243,0.268,0.284,0.293,0.298,0.298,0.296,0.292,0.286,0.238,0.193,0.159,0.134,0.101,0.081,0.067,0.058,0.05,0.045,0.04,0.027
471.0,480.0,0.089,0.156,0.205,0.241,0.266,0.283,0.293,0.297,0.298,0.296,0.292,0.287,0.24,0.195,0.161,0.136,0.102,0.082,0.068,0.058,0.051,0.045,0.041,0.027
471.0,481.0,0.088,0.154,0.204,0.239,0.265,0.281,0.292,0.297,0.298,0.297,0.293,0.288,0.242,0.198,0.163,0.138,0.104,0.083,0.069,0.059,0.052,0.046,0.042,0.028
471.0,482.0,0.087,0.152,0.202,0.237,0.263,0.28,0.291,0.297,0.298,0.297,0.294,0.289,0.245,0.2,0.166,0.14,0.105,0.084,0.07,0.06,0.053,0.047,0.042,0.028
471.0,483.0,0.085,0.151,0.2,0.236,0.261,0.279,0.29,0.296,0.298,0.298,0.295,0.29,0.247,0.203,0.168,0.142,0.107,0.086,0.071,0.061,0.054,0.048,0.043,0.029
472.0,473.0,0.091,0.159,0.209,0.244,0.269,0.285,0.294,0.298,0.298,0.296,0.291,0.285,0.236,0.191,0.157,0.132,0.1,0.08,0.066,0.057,0.05,0.044,0.04,0.027
472.0,474.0,0.089,0.156,0.206,0.242,0.266,0.283,0.293,0.297,0.298,0.296,0.292,0.287,0.24,0.195,0.161,0.135,0.102,0.082,0.068,0.058,0.051,0.045,0.041,0.027
472.0,475.0,0.088,0.154,0.203,0.239,0.264,0.281,0.291,0.297,0.298,0.297,0.293,0.288,0.243,0.199,0.164,0.138,0.104,0.083,0.07,0.06,0.052,0.046,0.042,0.028
472.0,476.0,0.086,0.151,0.2,0.236,0.262,0.279,0.29,0.296,0.298,0.298,0.294,0.29,0.246,0.202,0.167,0.141,0.107,0.085,0.071,0.061,0.053,0.047,0.043,0.028
472.0,477.0,0.084,0.149,0.197,0.233,0.259,0.277,0.289,0.296,0.298,0.298,0.295,0.291,0.249,0.206,0.171,0.144,0.109,0.087,0.073,0.062,0.055,0.048,0.044,0.029
472.0,478.0,0.083,0.146,0.195,0.231,0.257,0.275,0.288,0.295,0.298,0.298,0.296,0.292,0.252,0.209,0.174,0.147,0.111,0.089,0.074,0.064,0.056,0.05,0.045,0.03
472.0,479.0,0.081,0.144,0.192,0.228,0.255,0.273,0.286,0.294,0.298,0.298,0.297,0.293,0.255,0.213,0.177,0.15,0.114,0.091,0.076,0.065,0.057,0.051,0.046,0.03
472.0,480.0,0.08,0.142,0.189,0.225,0.252,0.271,0.285,0.293,0.297,0.298,0.297,0.294,0.258,0.216,0.181,0.153,0.116,0.093,0.078,0.066,0.058,0.052,0.047,0.031
472.0,481.0,0.078,0.139,0.187,0.223,0.25,0.269,0.283,0.292,0.297,0.298,0.298,0.295,0.261,0.219,0.184,0.156,0.119,0.095,0.079,0.068,0.059,0.053,0.048,0.032
472.0,482.0,0.077,0.137,0.184,0.22,0.247,0.267,0.281,0.29,0.296,0.298,0.298,0.296,0.263,0.222,0.187,0.159,0.121,0.097,0.081,0.069,0.061,0.054,0.049,0.032
472.0,483.0,0.075,0.135,0.182,0.218,0.245,0.265,0.28,0.289,0.295,0.298,0.298,0.297,0.266,0.226,0.19,0.162,0.124,0.099,0.083,0.071,0.062,0.055,0.05,0.033
472.0,484.0,0.074,0.133,0.179,0.215,0.243,0.263,0.278,0.288,0.294,0.298,0.298,0.297,0.268,0.229,0.194,0.165,0.126,0.101,0.084,0.072,0.063,0.056,0.051,0.034
473.0,474.0,0.079,0.141,0.188,0.225,0.251,0.271,0.284,0.292,0.297,0.298,0.298,0.295,0.259,0.217,0.182,0.154,0.117,0.094,0.078,0.067,0.059,0.052,0.047,0.031
473.0,475.0,0.075,0.135,0.182,0.218,0.245,0.265,0.28,0.289,0.295,0.298,0.298,0.297,0.266,0.225,0.19,0.162,0.123,0.099,0.082,0.071,0.062,0.055,0.049,0.033
473.0,476.0,0.072,0.13,0.176,0.212,0.239,0.26,0.275,0.286,0.293,0.297,0.298,0.298,0.271,0.233,0.198,0.17,0.129,0.104,0.087,0.074,0.065,0.058,0.052,0.035
473.0,477.0,0.069,0.125,0.17,0.205,0.233,0.255,0.271,0.283,0.291,0.295,0.298,0.298,0.277,0.24,0.206,0.177,0.136,0.109,0.091,0.078,0.068,0.061,0.055,0.036
473.0,478.0,0.066,0.12,0.164,0.2,0.228,0.25,0.266,0.279,0.288,0.294,0.297,0.298,0.281,0.247,0.213,0.184,0.142,0.114,0.095,0.082,0.071,0.064,0.057,0.038
473.0,479.0,0.064,0.116,0.159,0.194,0.222,0.244,0.262,0.275,0.285,0.291,0.296,0.298,0.285,0.253,0.22,0.191,0.148,0.119,0.099,0.085,0.075,0.066,0.06,0.04
473.0,480.0,0.061,0.112,0.154,0.189,0.217,0.239,0.257,0.271,0.281,0.289,0.294,0.297,0.288,0.259,0.227,0.198,0.154,0.124,0.104,0.089,0.078,0.069,0.062,0.042
473.0,481.0,0.059,0.108,0.15,0.184,0.212,0.235,0.253,0.267,0.278,0.286,0.292,0.296,0.291,0.264,0.233,0.204,0.16,0.129,0.108,0.093,0.081,0.072,0.065,0.043
473.0,482.0,0.057,0.105,0.145,0.179,0.207,0.23,0.248,0.263,0.275,0.284,0.29,0.294,0.293,0.268,0.238,0.21,0.165,0.134,0.112,0.096,0.084,0.075,0.067,0.045
473.0,483.0,0.055,0.102,0.141,0.175,0.202,0.225,0.244,0.259,0.271,0.281,0.288,0.293,0.295,0.272,0.244,0.216,0.171,0.139,0.116,0.1,0.087,0.078,0.07,0.047
473.0,484.0,0.053,0.099,0.138,0.171,0.198,0.221,0.24,0.255,0.268,0.278,0.285,0.291,0.296,0.276,0.249,0.221,0.176,0.144,0.12,0.103,0.09,0.08,0.072,0.048
473.0,485.0,0.052,0.096,0.134,0.167,0.194,0.217,0.236,0.252,0.265,0.275,0.283,0.289,0.297,0.279,0.253,0.227,0.181,0.148,0.124,0.107,0.093,0.083,0.075,0.05
474.0,475.0,0.089,0.155,0.205,0.24,0.266,0.282,0.292,0.297,0.298,0.297,0.293,0.287,0.241,0.196,0.162,0.136,0.103,0.082,0.069,0.059,0.051,0.046,0.041,0.027
474.0,476.0,0.087,0.152,0.202,0.238,0.263,0.28,0.291,0.297,0.298,0.297,0.294,0.289,0.245,0.2,0.166,0.14,0.105,0.084,0.07,0.06,0.053,0.047,0.042,0.028
474.0,477.0,0.085,0.15,0.199,0.235,0.26,0.278,0.289,0.296,0.298,0.298,0.295,0.291,0.248,0.204,0.169,0.143,0.108,0.086,0.072,0.062,0.054,0.048,0.043,0.029
474.0,478.0,0.083,0.147,0.196,0.232,0.258,0.276,0.288,0.295,0.298,0.298,0.296,0.292,0.251,0.208,0.173,0.146,0.111,0.089,0.074,0.063,0.055,0.049,0.044,0.03
474.0,479.0,0.081,0.144,0.193,0.229,0.255,0.274,0.286,0.294,0.298,0.298,0.297,0.293,0.255,0.212,0.177,0.15,0.113,0.091,0.076,0.065,0.057,0.05,0.045,0.03
474.0,480.0,0.08,0.142,0.19,0.226,0.253,0.272,0.285,0.293,0.297,0.298,0.297,0.294,0.258,0.215,0.18,0.153,0.116,0.093,0.077,0.066,0.058,0.052,0.046,0.031
474.0,481.0,0.078,0.139,0.187,0.223,0.25,0.269,0.283,0.292,0.297,0.298,0.298,0.295,0.261,0.219,0.184,0.156,0.118,0.095,0.079,0.068,0.059,0.053,0.047,0.032
474.0,482.0,0.077,0.137,0.184,0.22,0.247,0.267,0.281,0.29,0.296,0.298,0.298,0.296,0.264,0.223,0.187,0.16,0.121,0.097,0.081,0.069,0.061,0.054,0.049,0.032
474.0,483.0,0.075,0.134,0.181,0.217,0.245,0.265,0.279,0.289,0.295,0.298,0.298,0.297,0.266,0.226,0.191,0.163,0.124,0.099,0.083,0.071,0.062,0.055,0.05,0.033
474.0,484.0,0.074,0.132,0.178,0.214,0.242,0.263,0.277,0.288,0.294,0.297,0.298,0.297,0.269,0.23,0.195,0.166,0.127,0.102,0.085,0.073,0.064,0.056,0.051,0.034
474.0,485.0,0.072,0.13,0.176,0.212,0.239,0.26,0.275,0.286,0.293,0.297,0.298,0.298,0.271,0.233,0.198,0.17,0.129,0.104,0.087,0.074,0.065,0.058,0.052,0.035
474.0,486.0,0.071,0.128,0.173,0.209,0.237,0.258,0.273,0.285,0.292,0.296,0.298,0.298,0.274,0.236,0.202,0.173,0.132,0.106,0.089,0.076,0.066,0.059,0.053,0.035
475.0,476.0,0.096,0.166,0.216,0.251,0.274,0.288,0.296,0.298,0.297,0.293,0.287,0.28,0.228,0.183,0.149,0.125,0.094,0.075,0.063,0.054,0.047,0.042,0.038,0.025
475.0,477.0,0.094,0.163,0.213,0.248,0.272,0.287,0.295,0.298,0.298,0.294,0.289,0.282,0.231,0.186,0.152,0.128,0.096,0.077,0.064,0.055,0.048,0.043,0.039,0.026
475.0,478.0,0.092,0.161,0.211,0.246,0.27,0.286,0.294,0.298,0.298,0.295,0.29,0.284,0.234,0.189,0.155,0.13,0.098,0.079,0.066,0.056,0.049,0.044,0.039,0.026
475.0,479.0,0.091,0.158,0.208,0.243,0.268,0.284,0.293,0.298,0.298,0.296,0.291,0.285,0.237,0.192,0.158,0.133,0.1,0.08,0.067,0.057,0.05,0.045,0.04,0.027
475.0,480.0,0.089,0.156,0.205,0.241,0.266,0.282,0.292,0.297,0.298,0.297,0.293,0.287,0.24,0.196,0.161,0.136,0.102,0.082,0.068,0.059,0.051,0.046,0.041,0.027
475.0,481.0,0.087,0.153,0.203,0.239,0.264,0.281,0.291,0.297,0.298,0.297,0.294,0.288,0.243,0.199,0.164,0.138,0.104,0.084,0.07,0.06,0.052,0.046,0.042,0.028
475.0,482.0,0.086,0.151,0.2,0.236,0.262,0.279,0.29,0.296,0.298,0.298,0.294,0.29,0.246,0.202,0.167,0.141,0.107,0.085,0.071,0.061,0.053,0.047,0.043,0.028
475.0,483.0,0.084,0.149,0.198,0.234,0.26,0.278,0.289,0.296,0.298,0.298,0.295,0.291,0.249,0.205,0.17,0.144,0.109,0.087,0.073,0.062,0.054,0.048,0.044,0.029
475.0,484.0,0.083,0.147,0.195,0.231,0.257,0.276,0.288,0.295,0.298,0.298,0.296,0.292,0.252,0.208,0.173,0.147,0.111,0.089,0.074,0.063,0.055,0.049,0.044,0.03
475.0,485.0,0.081,0.145,0.193,0.229,0.255,0.274,0.286,0.294,0.298,0.298,0.297,0.293,0.254,0.212,0.176,0.149,0.113,0.091,0.075,0.065,0.057,0.05,0.045,0.03
475.0,486.0,0.08,0.142,0.19,0.226,0.253,0.272,0.285,0.293,0.297,0.298,0.297,0.294,0.257,0.215,0.179,0.152,0.115,0.092,0.077,0.066,0.058,0.051,0.046,0.031
475.0,487.0,0.079,0.14,0.188,0.224,0.251,0.27,0.284,0.292,0.297,0.298,0.298,0.295,0.259,0.218,0.182,0.155,0.117,0.094,0.078,0.067,0.059,0.052,0.047,0.031
476.0,477.0,0.097,0.168,0.218,0.253,0.276,0.29,0.297,0.298,0.297,0.292,0.286,0.278,0.225,0.18,0.147,0.123,0.092,0.074,0.062,0.053,0.046,0.041,0.037,0.025
476.0,478.0,0.096,0.166,0.216,0.251,0.274,0.289,0.296,0.298,0.297,0.293,0.287,0.28,0.228,0.182,0.149,0.125,0.094,0.075,0.063,0.054,0.047,0.042,0.038,0.025
476.0,479.0,0.094,0.164,0.214,0.249,0.273,0.287,0.295,0.298,0.297,0.294,0.288,0.281,0.23,0.185,0.151,0.127,0.096,0.076,0.064,0.055,0.048,0.042,0.038,0.025
476.0,480.0,0.093,0.162,0.212,0.247,0.271,0.286,0.295,0.298,0.298,0.295,0.289,0.283,0.233,0.187,0.154,0.129,0.097,0.078,0.065,0.056,0.049,0.043,0.039,0.026
476.0,481.0,0.092,0.16,0.21,0.245,0.27,0.285,0.294,0.298,0.298,0.295,0.29,0.284,0.235,0.19,0.156,0.131,0.099,0.079,0.066,0.056,0.049,0.044,0.04,0.026
476.0,482.0,0.09,0.158,0.208,0.243,0.268,0.284,0.293,0.298,0.298,0.296,0.291,0.285,0.237,0.193,0.158,0.133,0.1,0.08,0.067,0.057,0.05,0.045,0.04,0.027
476.0,483.0,0.089,0.156,0.206,0.241,0.266,0.283,0.293,0.297,0.298,0.296,0.292,0.287,0.24,0.195,0.161,0.135,0.102,0.082,0.068,0.058,0.051,0.045,0.041,0.027
476.0,484.0,0.088,0.154,0.204,0.24,0.265,0.282,0.292,0.297,0.298,0.297,0.293,0.288,0.242,0.198,0.163,0.137,0.104,0.083,0.069,0.059,0.052,0.046,0.041,0.028
476.0,485.0,0.087,0.153,0.202,0.238,0.263,0.28,0.291,0.297,0.298,0.297,0.294,0.289,0.244,0.2,0.165,0.14,0.105,0.084,0.07,0.06,0.053,0.047,0.042,0.028
476.0,486.0,0.086,0.151,0.2,0.236,0.261,0.279,0.29,0.296,0.298,0.298,0.295,0.29,0.247,0.203,0.168,0.142,0.107,0.086,0.071,0.061,0.053,0.048,0.043,0.029
476.0,487.0,0.084,0.149,0.198,0.234,0.26,0.278,0.289,0.296,0.298,0.298,0.295,0.291,0.249,0.205,0.17,0.144,0.109,0.087,0.072,0.062,0.054,0.048,0.043,0.029
476.0,488.0,0.083,0.147,0.196,0.232,0.258,0.276,0.288,0.295,0.298,0.298,0.296,0.292,0.251,0.208,0.173,0.146,0.11,0.088,0.074,0.063,0.055,0.049,0.044,0.029
477.0,478.0,0.093,0.161,0.211,0.247,0.271,0.286,0.295,0.298,0.298,0.295,0.29,0.283,0.233,0.188,0.154,0.13,0.098,0.078,0.065,0.056,0.049,0.043,0.039,0.026
477.0,479.0,0.092,0.161,0.211,0.246,0.27,0.286,0.294,0.298,0.298,0.295,0.29,0.283,0.234,0.189,0.155,0.13,0.098,0.078,0.065,0.056,0.049,0.044,0.039,0.026
477.0,480.0,0.092,0.161,0.211,0.246,0.27,0.286,0.294,0.298,0.298,0.295,0.29,0.284,0.234,0.189,0.155,0.13,0.098,0.079,0.065,0.056,0.049,0.044,0.039,0.026
477.0,481.0,0.092,0.16,0.21,0.246,0.27,0.285,0.294,0.298,0.298,0.295,0.29,0.284,0.235,0.19,0.156,0.131,0.098,0.079,0.066,0.056,0.049,0.044,0.039,0.026
477.0,482.0,0.092,0.16,0.21,0.245,0.27,0.285,0.294,0.298,0.298,0.295,0.29,0.284,0.235,0.19,0.156,0.131,0.099,0.079,0.066,0.056,0.049,0.044,0.039,0.026
477.0,483.0,0.092,0.16,0.21,0.245,0.269,0.285,0.294,0.298,0.298,0.295,0.291,0.284,0.235,0.19,0.156,0.131,0.099,0.079,0.066,0.057,0.049,0.044,0.04,0.026
477.0,484.0,0.091,0.16,0.209,0.245,0.269,0.285,0.294,0.298,0.298,0.295,0.291,0.284,0.236,0.191,0.157,0.132,0.099,0.079,0.066,0.057,0.05,0.044,0.04,0.026
477.0,485.0,0.091,0.159,0.209,0.245,0.269,0.285,0.294,0.298,0.298,0.296,0.291,0.285,0.236,0.191,0.157,0.132,0.099,0.08,0.066,0.057,0.05,0.044,0.04,0.027
477.0,486.0,0.091,0.159,0.209,0.244,0.269,0.285,0.294,0.298,0.298,0.296,0.291,0.285,0.236,0.191,0.157,0.132,0.1,0.08,0.066,0.057,0.05,0.044,0.04,0.027
477.0,487.0,0.091,0.159,0.208,0.244,0.268,0.284,0.294,0.298,0.298,0.296,0.291,0.285,0.237,0.192,0.158,0.133,0.1,0.08,0.067,0.057,0.05,0.044,0.04,0.027
477.0,488.0,0.091,0.158,0.208,0.244,0.268,0.284,0.293,0.298,0.298,0.296,0.291,0.285,0.237,0.192,0.158,0.133,0.1,0.08,0.067,0.057,0.05,0.045,0.04,0.027
477.0,489.0,0.09,0.158,0.208,0.243,0.268,0.284,0.293,0.298,0.298,0.296,0.291,0.285,0.237,0.193,0.158,0.133,0.1,0.08,0.067,0.057,0.05,0.045,0.04,0.027
478.0,479.0,0.1,0.171,0.222,0.256,0.278,0.291,0.297,0.298,0.296,0.29,0.283,0.275,0.22,0.175,0.143,0.119,0.09,0.072,0.06,0.051,0.045,0.04,0.036,0.024
478.0,480.0,0.1,0.171,0.222,0.256,0.278,0.291,0.297,0.298,0.296,0.29,0.283,0.275,0.22,0.175,0.143,0.119,0.09,0.072,0.06,0.051,0.045,0.04,0.036,0.024
478.0,481.0,0.1,0.171,0.222,0.256,0.278,0.291,0.297,0.298,0.296,0.29,0.283,0.275,0.22,0.175,0.143,0.119,0.09,0.072,0.06,0.051,0.045,0.04,0.036,0.024
478.0,482.0,0.1,0.171,0.222,0.256,0.278,0.291,0.297,0.298,0.296,0.29,0.283,0.275,0.22,0.175,0.143,0.119,0.09,0.072,0.06,0.051,0.045,0.04,0.036,0.024
478.0,483.0,0.1,0.171,0.222,0.256,0.278,0.291,0.297,0.298,0.296,0.29,0.283,0.275,0.22,0.175,0.143,0.12,0.09,0.072,0.06,0.051,0.045,0.04,0.036,0.024
478.0,484.0,0.099,0.171,0.222,0.256,0.278,0.291,0.297,0.298,0.296,0.29,0.283,0.275,0.22,0.175,0.143,0.12,0.09,0.072,0.06,0.051,0.045,0.04,0.036,0.024
478.0,485.0,0.099,0.171,0.222,0.256,0.278,0.291,0.297,0.298,0.296,0.29,0.283,0.275,0.221,0.175,0.143,0.12,0.09,0.072,0.06,0.051,0.045,0.04,0.036,0.024
478.0,486.0,0.099,0.171,0.222,0.256,0.278,0.291,0.297,0.298,0.296,0.29,0.283,0.275,0.221,0.175,0.143,0.12,0.09,0.072,0.06,0.051,0.045,0.04,0.036,0.024
478.0,487.0,0.099,0.171,0.222,0.256,0.278,0.291,0.297,0.298,0.296,0.29,0.283,0.275,0.221,0.175,0.143,0.12,0.09,0.072,0.06,0.051,0.045,0.04,0.036,0.024
478.0,488.0,0.099,0.171,0.222,0.256,0.278,0.291,0.297,0.298,0.296,0.29,0.283,0.275,0.221,0.175,0.143,0.12,0.09,0.072,0.06,0.051,0.045,0.04,0.036,0.024
478.0,489.0,0.099,0.171,0.222,0.256,0.278,0.291,0.297,0.298,0.296,0.29,0.283,0.275,0.221,0.175,0.143,0.12,0.09,0.072,0.06,0.051,0.045,0.04,0.036,0.024
478.0,490.0,0.099,0.171,0.222,0.256,0.278,0.291,0.297,0.298,0.296,0.29,0.283,0.275,0.221,0.175,0.143,0.12,0.09,0.072,0.06,0.051,0.045,0.04,0.036,0.024
479.0,480.0,0.101,0.174,0.224,0.258,0.28,0.292,0.298,0.298,0.295,0.289,0.282,0.273,0.218,0.172,0.14,0.117,0.088,0.071,0.059,0.05,0.044,0.039,0.035,0.024
479.0,481.0,0.101,0.174,0.224,0.258,0.28,0.292,0.298,0.298,0.295,0.289,0.282,0.273,0.218,0.172,0.14,0.117,0.088,0.071,0.059,0.05,0.044,0.039,0.035,0.024
479.0,482.0,0.101,0.173,0.224,0.258,0.28,0.292,0.298,0.298,0.295,0.289,0.282,0.273,0.218,0.172,0.14,0.117,0.088,0.071,0.059,0.05,0.044,0.039,0.035,0.024
479.0,483.0,0.101,0.173,0.224,0.258,0.28,0.292,0.298,0.298,0.295,0.289,0.282,0.273,0.218,0.172,0.14,0.117,0.088,0.071,0.059,0.05,0.044,0.039,0.035,0.024
479.0,484.0,0.101,0.173,0.224,0.258,0.28,0.292,0.298,0.298,0.295,0.289,0.282,0.273,0.218,0.172,0.14,0.117,0.088,0.071,0.059,0.05,0.044,0.039,0.035,0.024
479.0,485.0,0.101,0.173,0.224,0.258,0.28,0.292,0.298,0.298,0.295,0.289,0.282,0.273,0.218,0.172,0.14,0.117,0.088,0.071,0.059,0.05,0.044,0.039,0.035,0.024
479.0,486.0,0.101,0.173,0.224,0.258,0.28,0.292,0.298,0.298,0.295,0.289,0.282,0.273,0.218,0.172,0.14,0.117,0.088,0.071,0.059,0.05,0.044,0.039,0.035,0.024
479.0,487.0,0.101,0.173,0.224,0.258,0.28,0.292,0.298,0.298,0.295,0.289,0.282,0.273,0.218,0.173,0.14,0.118,0.088,0.071,0.059,0.05,0.044,0.039,0.035,0.024
479.0,488.0,0.101,0.173,0.224,0.258,0.28,0.292,0.298,0.298,0.295,0.289,0.282,0.273,0.218,0.173,0.14,0.118,0.088,0.071,0.059,0.05,0.044,0.039,0.035,0.024
479.0,489.0,0.101,0.173,0.224,0.258,0.28,0.292,0.298,0.298,0.295,0.289,0.282,0.274,0.218,0.173,0.14,0.118,0.088,0.071,0.059,0.05,0.044,0.039,0.035,0.024
479.0,490.0,0.101,0.173,0.224,0.258,0.28,0.292,0.298,0.298,0.295,0.289,0.282,0.274,0.218,0.173,0.14,0.118,0.088,0.071,0.059,0.05,0.044,0.039,0.035,0.024
479.0,491.0,0.101,0.173,0.224,0.258,0.28,0.292,0.298,0.298,0.295,0.289,0.282,0.274,0.218,0.173,0.14,0.118,0.088,0.071,0.059,0.051,0.044,0.039,0.035,0.024
480.0,481.0,0.076,0.135,0.182,0.218,0.246,0.266,0.28,0.29,0.295,0.298,0.298,0.297,0.265,0.225,0.19,0.162,0.123,0.099,0.082,0.07,0.062,0.055,0.049,0.033
480.0,482.0,0.075,0.134,0.18,0.216,0.244,0.264,0.279,0.289,0.295,0.298,0.298,0.297,0.267,0.227,0.192,0.164,0.125,0.1,0.083,0.071,0.063,0.056,0.05,0.033
480.0,483.0,0.074,0.132,0.179,0.215,0.242,0.263,0.278,0.288,0.294,0.298,0.298,0.297,0.269,0.229,0.194,0.166,0.126,0.101,0.084,0.072,0.063,0.056,0.051,0.034
480.0,484.0,0.073,0.131,0.177,0.213,0.241,0.261,0.276,0.287,0.294,0.297,0.298,0.298,0.27,0.231,0.196,0.168,0.128,0.103,0.086,0.073,0.064,0.057,0.051,0.034
480.0,485.0,0.072,0.13,0.175,0.211,0.239,0.26,0.275,0.286,0.293,0.297,0.298,0.298,0.272,0.233,0.198,0.17,0.13,0.104,0.087,0.074,0.065,0.058,0.052,0.035
480.0,486.0,0.071,0.128,0.174,0.21,0.237,0.258,0.274,0.285,0.292,0.297,0.298,0.298,0.273,0.235,0.201,0.172,0.131,0.106,0.088,0.075,0.066,0.059,0.053,0.035
480.0,487.0,0.07,0.127,0.172,0.208,0.236,0.257,0.273,0.284,0.292,0.296,0.298,0.298,0.274,0.237,0.203,0.174,0.133,0.107,0.089,0.076,0.067,0.059,0.054,0.036
480.0,488.0,0.069,0.126,0.171,0.206,0.234,0.256,0.272,0.283,0.291,0.296,0.298,0.298,0.276,0.239,0.205,0.176,0.135,0.108,0.09,0.077,0.068,0.06,0.054,0.036
480.0,489.0,0.069,0.124,0.169,0.205,0.232,0.254,0.27,0.282,0.29,0.295,0.298,0.298,0.277,0.241,0.207,0.178,0.137,0.11,0.092,0.078,0.069,0.061,0.055,0.037
480.0,490.0,0.068,0.123,0.167,0.203,0.231,0.253,0.269,0.281,0.289,0.295,0.298,0.298,0.278,0.243,0.209,0.18,0.138,0.111,0.093,0.08,0.07,0.062,0.056,0.037
480.0,491.0,0.067,0.122,0.166,0.201,0.229,0.251,0.268,0.28,0.289,0.294,0.297,0.298,0.28,0.245,0.211,0.182,0.14,0.113,0.094,0.081,0.07,0.063,0.056,0.038
480.0,492.0,0.066,0.12,0.164,0.2,0.228,0.25,0.266,0.279,0.288,0.294,0.297,0.298,0.281,0.247,0.213,0.184,0.142,0.114,0.095,0.082,0.071,0.063,0.057,0.038
