231.0,0.05632108528955849,0.0734629832299307,0.015237490474661903,-0.4906756357690768,-0.02400983400391794,1.045949576593688,-0.6421399728800914,-0.12394177169794075,0.9050210351478754,151.12519209672038,0.09374736546348125,-0.014553536108226378,-0.04112400119761362,-0.039189255554702464,0.6220142956150089,-0.007355161315260119,-0.09062163558766102,-0.05382868764600114,1.1646443118619223,0.26176348769543745,-0.8938172609903628,0.9977875905034033,-0.04174684508214983,-0.01611661717239689,0.012772885777509641,0.7835456783303398,-0.011450053181423885,-0.0031174823451366246,0.09423313677222803,0.9804041314549372
232.0,0.05634067062670953,0.0739636172522803,0.015935476248734773,-0.48965117019839144,-0.033977371294559466,1.055554722313846,-0.6403132877771629,-0.12393669112482326,0.9018258194906226,163.0064193486699,0.09348909484246745,-0.014488249346486378,-0.040426414792089256,-0.03795297754200299,0.6155573171059268,-0.007016128097168122,-0.09061164605106778,-0.05382008445365133,1.164831650531436,0.26197103444976244,-0.8938317633961427,0.9977874540498688,-0.04111154586772076,-0.015917040868357782,0.015730991915596723,0.7835935955305899,-0.011384177826969497,-0.00633368911181519,0.09662888836794761,0.9804056893857402
233.0,28.61244193496415,-0.05687583918809441,0.04033972880901045,-0.09342631391598806,0.5713896229275733,-0.050004713807175784,-0.9517011053973642,-0.049414063766394845,0.9954875430678441,-0.37494543195172525,-0.07158682842271237,0.008406465170826025,-0.047571485757387885,-0.4088599770025504,0.3616736074356462,-0.026504823651223985,-0.2223942349205637,-0.20636083388635038,1.1661988797019114,0.2541942339321221,-0.8911340196473579,0.9977746381342469,-0.03987068129694657,-0.021343730653746906,0.01402341206614478,0.7813811726964774,-0.025285430260100453,-0.004570235367200316,0.09469154282831173,0.980497014228247
234.0,-0.07085554669160078,-0.04044654630821304,-23.081301658691114,0.12276543671383562,0.499435152635472,-0.04770759050251406,-0.3726018081934625,-0.4609732274471771,0.7646312090929543,-0.08647206374040453,-0.3960492317001184,0.012517790203191317,-0.04999451156894904,0.7076718686166441,-0.42500359148388445,0.8141140656992096,0.09838760265534272,0.5448706041895435,1.1691548006960446,0.26049308453508163,-0.8923910354907874,0.9977700777464944,-0.0417012093893758,-0.020312449113044688,0.013350271159297914,0.7770824007642994,-0.02023688599998091,-0.00462923763900517,0.09549256769969472,0.9805841511719737
235.0,0.05621093431003155,0.07183183408398416,0.01644185264487837,-0.48921063025456846,-0.033745622348440425,1.0535490716153189,-0.6396000536128402,-0.12636741615122687,0.9034590404166618,161.76043551776138,0.0928184998914089,-0.014518195265961615,-0.041008786936619905,-0.037639667360084665,0.6200741462289501,-0.006806067567333408,-0.09098752128557398,-0.053673098414092436,1.1648138462677675,0.26204518420879314,-0.8938705661714543,0.9977874432808538,-0.04141951110393181,-0.016597700813853467,0.015355082605695411,0.7835703237305549,-0.012503323223325475,-0.006372840301637173,0.09654626859888407,0.9804044659294853
236.0,-0.05139919191016616,-3.9049065288380986,-0.05008608724336266,-0.050682165365314356,-0.03768487230997544,1.0212024471410572,-0.7679975943165128,0.8996254010249505,-0.22875023285169824,0.4714470398780009,-0.008907372220673006,-0.07750886350940628,-0.043460537269538524,-0.20489636979423187,-0.15245156358407333,0.05758936665436562,0.17001061214925986,-0.15782640108176588,1.1676902781707352,0.257009466196803,-0.8921444338540877,0.9977762067792157,-0.04086309223001498,-0.021294948226073102,0.014099677628869768,0.7790353628321269,-0.026662101798476997,-0.004041636708251457,0.09498775484229864,0.9805163892688322
237.0,12.029412656347514,-3.2187044115712413,0.04949253087477355,-0.06368091529598344,-0.0559736448472215,-0.4119043198395105,-0.30630240726718655,0.40153660591207413,0.7924746537827984,-0.3541471452194909,-0.07514352987601318,0.011288360426055221,-0.03786586532216408,-0.06364195426034261,-0.0424701066933396,-0.0500251858491346,-0.2595734156137335,-0.21267446557692907,1.1693877917275535,0.2593391969539819,-0.8924261018281089,0.997773243205369,-0.04118063211852899,-0.012784751885314204,0.01794094407454237,0.7783714412337772,-0.007642717898403472,-0.007547000267628691,0.09878254228608957,0.9805696237720891
238.0,0.05629576684166405,0.0722666463119564,0.01704784855874849,-0.48782870179283416,-0.03139909104478718,1.0509628088104375,-0.6425822681347905,-0.12302674761276648,0.9035058236810444,150.29928057834795,0.09270264507994613,-0.01437398048144592,-0.04140459922513709,-0.03860230115881675,0.6172601373002673,-0.006732139259414493,-0.09124372495534759,-0.054000117167940676,1.164881278422048,0.26224573548676583,-0.8939481886163544,0.9977874533269293,-0.04152277511126453,-0.015509198913177053,0.01642299667178434,0.7835282334354909,-0.012679912585404024,-0.0064268620797188905,0.09571682441369662,0.9804043981130095
239.0,-0.060773467288980594,-0.002683831076291644,-0.0549942489449281,0.5454064367688687,-0.683937179507349,0.020027380506182833,-0.62648293469822,1.198165188362964,-0.15001807131702494,0.11674317599003971,-0.3302922552595456,0.013218531788998358,-0.6279707365918735,-0.07365486481263338,-0.5269842890233768,-0.25114543561471003,0.23535494441237403,0.28448496850434934,1.1716912066252783,0.2691518468316453,-0.895207030322138,0.9977724478990524,-0.04150010088485158,-0.020785227771842184,0.01384912920755583,0.7784138124469435,-0.024825425725593216,-0.004461928670552515,0.09559517095538013,0.9805360039223465
240.0,0.056816771574717144,0.07097460651962258,0.01745502519644343,-0.48901746942521096,-0.023304386353998143,1.0581079586174658,-0.6437671607184655,-0.12047740661098442,0.9019046123665629,135.92244005817983,0.09275351906258855,-0.01426900785578777,-0.04310433955439392,-0.037130977252910626,0.6092472425676957,-0.005899353156547133,-0.09141420993759461,-0.05387292578447138,1.1649549926737246,0.26246580573741135,-0.8940170660506349,0.9977874230721091,-0.04150041860945332,-0.015598370569493963,0.016695287478447923,0.7835249792374528,-0.013550926033390634,-0.006949777198032183,0.09607122916872564,0.9804038083793039
241.0,0.05708078860250399,0.0706804950947154,0.018840378558947428,-0.48194670772985637,-0.02337209504385707,1.0702755228530147,-0.6432706911600505,-0.11951864628432915,0.9012260789886797,155.7223277470571,0.09265255217773742,-0.014486825576604342,-0.04239586696331375,-0.037133945833573746,0.6196877266489195,-0.00601526292101879,-0.09189063498813328,-0.053559113857275645,1.1650498722179734,0.26274542625095954,-0.8941121488740619,0.9977873810038533,-0.04165853083380992,-0.015575456500073382,0.016626076257207148,0.7834860551364748,-0.01439144826318238,-0.006843141060944264,0.0959968737765332,0.9804036855580598
242.0,0.057549632077854976,0.0678467869214695,0.019558564299783716,-0.48214100515044933,-0.025311007109534513,1.06053313630727,-0.6397309448948457,-0.1255270195268287,0.9062016187831392,136.19553105415923,0.09274962064343573,-0.014510853271145907,-0.04174544717498234,-0.03770222361352893,0.6182360804754096,-0.005980291993344295,-0.09235818469654102,-0.05385234540373225,1.1652035002409857,0.2631789315935592,-0.8942573513179503,0.9977872974398814,-0.04188957643955413,-0.016411249340740716,0.015397421785605903,0.7834467423838485,-0.015535653677466645,-0.0062905368701762976,0.09618712281153033,0.9804036970639973
243.0,0.057399073755902606,0.07273095617202532,0.019006522886771054,-0.48810032295250877,-0.02216868501018383,1.0578014740896415,-0.6411672425107977,-0.12546520780617315,0.9042044661009999,134.3233696505395,0.09343404960987942,-0.01442220496721193,-0.04247084865014204,-0.03909070861049939,0.6141418959205609,-0.006358922939760897,-0.09220770651646894,-0.05414122913280688,1.1688686839114393,0.2719240931807133,-0.8969362156436053,0.9977858165790234,-0.042191024039879295,-0.020895767523150834,0.014265436299697162,0.7827364046661742,-0.028593242151437135,-0.004794539952491006,0.09566179495071736,0.9804146270860361
244.0,0.0572687764928875,0.07209302700123398,0.018775080784489737,-0.48502845381960114,-0.025585579410951728,1.0589585195557392,-0.6412660289028644,-0.12366131725813677,0.9056655959836158,130.70472461687928,0.09340457052640068,-0.014381620868242895,-0.042164941713399545,-0.038956162380291585,0.61456216526725,-0.005946260917464006,-0.09207526852148223,-0.05400649778721703,1.1654844960029953,0.26382954371102857,-0.8944485867125408,0.9977871786438703,-0.041703398491903104,-0.01647230242828092,0.01599874638763626,0.7833708850328724,-0.017054862139816485,-0.006442237241525983,0.0959863739963745,0.9804043650581282
245.0,-0.037443836337162494,-0.00392346077493735,-0.08276290411972133,0.576267331592926,-0.8919851470297632,0.24268674801514414,-0.5460771638952592,0.9079558809480706,-0.3085907979517513,-0.07914673245488636,-0.21888329378511584,0.012467105694396942,-0.05253696379007626,-0.06174822752535557,-0.37413878258873084,0.30112715760080555,0.0808290253016837,0.230413118376919,1.1738759498736249,0.27541290659923134,-0.8966095018686926,0.9977713304409559,-0.0419756513809467,-0.02205283963366678,0.01535531142041861,0.7771589234534362,-0.032468808816087893,-0.0047061126155201844,0.09380426354191816,0.9805482138222317
246.0,0.05706653944375308,0.07347456096091638,0.017090411883110626,-0.487586177900857,-0.024347367093697194,1.067586792378911,-0.6392701003453488,-0.12091159693359468,0.9020655901247117,163.8499176982988,0.09377304108709615,-0.014397807844529448,-0.04197323673032203,-0.03865919972687171,0.619890641076773,-0.005827708943684808,-0.09174171314512905,-0.05370748702599781,1.1654872495971826,0.26393189447915427,-0.8944979398636548,0.9977871678993848,-0.041591064148143765,-0.016346423441606944,0.016245139182657704,0.7833128805151091,-0.017302995140008375,-0.006475915569403871,0.09572639902508163,0.9804043051709712
247.0,0.05729400177349501,0.07283912044821379,0.01888064753163389,-0.4803635654518755,-0.022309617765818877,1.0629775567845137,-0.6477075293960465,-0.11662807769948992,0.9036040775694021,140.34623516942182,0.09321918859993371,-0.014451300492114572,-0.04252116400336953,-0.03754384961592269,0.616060439015684,-0.006099829953428986,-0.09252790973249159,-0.0541504751736324,1.1707606882326538,0.27742159666867305,-0.8988895537307888,0.9977854317360311,-0.042366295285399265,-0.021455549191516043,0.014194059412705873,0.782245087080377,-0.03118457626458323,-0.004440439758881654,0.09600180656843946,0.9804202687393515
248.0,0.057816924104372926,0.0744771880086134,0.018345666896366228,-0.4885922542380401,-0.024728376189327512,1.0618389954860759,-0.6397099309521472,-0.12230297142900191,0.9040033759259261,171.06367561212903,0.09424539681033156,-0.014433141083309939,-0.04340096534699245,-0.03800470600763552,0.6146985483203822,-0.005829929245179334,-0.09151196426598282,-0.05353148252955585,1.1692924868675907,0.2738432214448666,-0.8977448180459096,0.997785750377076,-0.0419427515524341,-0.02105502805342468,0.01505110891640341,0.782224988521717,-0.030748163288557163,-0.004929762736769298,0.0957616086030232,0.9804143215822765
249.0,0.07597232023636788,0.02079608249841397,1.961629206921578,-0.2370285063014353,-0.034996378440636695,-0.2011063246754066,0.34514917505741943,0.4514686516342012,-0.9389168106686466,0.0653556757237101,0.00903383436136836,-0.16804750543084568,-0.06571643090832427,-0.055158836902418636,-0.09582610936251629,-0.0810849663116679,0.12786825361893778,0.10235814319314832,1.175967019572557,0.2363345238402231,-0.8966328461765815,0.997712115751249,-0.04303386909516203,-0.001599871144358002,0.024160340969748003,0.7930165211082627,0.0037905977314843515,-0.014948300056536969,0.10838036264400948,0.9809785762559922
250.0,0.0577633817124264,0.07460590301861149,0.01964773063992134,-0.4816700819168425,-0.024772847003583662,1.0591760530090253,-0.647180045253882,-0.11839477992628203,0.9052045995560897,135.78076034439857,0.09384000878231331,-0.014457639308999418,-0.04106954202480262,-0.03669119558888241,0.6143660884993897,-0.0057571103380436184,-0.09150405651354672,-0.05335870328371854,1.1703569249646875,0.2774092471978676,-0.8991499170662571,0.9977856258110978,-0.04255505507100183,-0.022184778955293243,0.012365486165645643,0.782329925526396,-0.03277282254718453,-0.0032904031303975395,0.09592105357949852,0.9804133264208676
251.0,0.05849643684618609,0.07680034396249326,0.018967307788728502,-0.49427098654922513,-0.02374465542387458,1.071373339107288,-0.6314471257979785,-0.12502032916606562,0.9004271328271815,153.06285621730314,0.09482146364749858,-0.014642445341533382,-0.04250509481000244,-0.03792239510986644,0.6253024362907316,-0.006199764631714692,-0.09315080390393463,-0.05413691281439198,1.1700010179796532,0.27657751640690015,-0.8988502206096678,0.9977856248404284,-0.04242156487850384,-0.022525507670133896,0.012084870357567742,0.782280880596484,-0.03378710761130674,-0.00292118562192709,0.0950663545282642,0.9804117660616065
252.0,0.049507545572366245,-0.0561912341522225,-0.053022536250801194,2.0356502421031815,0.4434697440446556,-0.028688584205426734,-0.9397381487055982,-0.3938751187530282,-0.5985629031009357,0.4574501953718533,-0.009051577831890539,-0.1132236798454693,-0.06535703673157552,0.011349944197938857,0.40058222825144923,0.1809666218697233,0.26649970957455305,-0.17836212942051136,1.2408273595761925,0.4663178536461681,-0.9500579130105519,0.9977341085154885,-0.05648420184706913,-0.02923520106919944,0.006793836129793552,0.7427533663469663,-0.043571138232922156,0.0006294365106785139,0.10546361282749807,0.9810672725587912
253.0,-0.0971603289409967,1.3634773876870327,0.030030615496772852,0.4961860109577095,-0.04960311592062806,-0.5967654308694872,0.3663107469871751,0.6242827272507804,-0.39502359233767903,0.11520660269466172,-0.0186402411207883,-0.0022853620390665933,-0.04394890866477116,0.9801843239379049,0.3028103513509451,-0.1134171230133085,-0.048669479421215786,-0.049994405235225935,1.276823309796568,0.5738845213703707,-0.9770076513662092,0.9977286931367089,-0.06535360036148383,-0.02261541723137738,0.010795341176847401,0.728488524704195,-0.03163119116764108,-0.002343880340815437,0.11229587537286573,0.9813566183067401
254.0,0.058813688295950274,0.07542477267806325,0.02113785092023247,-0.48668913934936714,-0.025608751581815702,1.0688030170514975,-0.6323601870918156,-0.12785040480430196,0.906733581988327,140.20297504266293,0.09496847769873626,-0.014674020927214006,-0.04194170780263914,-0.03876805775055352,0.6265699362803978,-0.005545804485780042,-0.09287440213844918,-0.05354695799064653,1.1650697741920517,0.2630899150186049,-0.8942934302182138,0.9977874548690531,-0.04201742956366411,-0.016409054084979877,0.011292135781841496,0.7834379251107335,-0.014095008788491329,-0.0037526949108309606,0.0955222516548802,0.9804036486034964
255.0,0.05905142551912754,0.07526761006521866,0.021335872736079425,-0.4869353697406505,-0.03459103567917149,1.078632164223659,-0.6351997355771565,-0.12239485176598892,0.9008524662967441,168.14841294394796,0.09480427644807538,-0.014547136137810083,-0.03961381556552333,-0.037401302152066024,0.6136856296335723,-0.005394909217493299,-0.09277612367886033,-0.05375272041332111,1.1652152817039163,0.2635143959506621,-0.8944531387878678,0.9977874395699919,-0.041957024894239844,-0.016264451423257994,0.010812091077863772,0.783418184936733,-0.014491733850564105,-0.003388913458473449,0.09545834383654707,0.9804038088387959
256.0,0.05853243653435907,0.07666875799308934,0.020350791873073384,-0.4884679466668692,-0.0260661832870916,1.0821940243308208,-0.6345851670805344,-0.12124655290341484,0.8991235221741478,154.1539726729757,0.09486804789160277,-0.014658016029514756,-0.043669800882189254,-0.03865896953341565,0.6306055978282491,-0.005458746275418444,-0.09409210390802411,-0.054049379276875045,1.165155968176158,0.26333741177788256,-0.8943908407991141,0.9977874798953827,-0.04196175992708874,-0.01594751210683507,0.01060087229002255,0.783440898093158,-0.014133311188860746,-0.003246471561744411,0.09553760325228272,0.980403769606581
257.0,0.05989754423060214,0.07994283178470497,0.025862088473835556,-0.49196533934412723,-0.030841566174720638,1.0924434743616604,-0.6264593191493356,-0.12754753559486207,0.895956359867439,116.30254607276974,0.09555567269345051,-0.01469942503278858,-0.04154438875412586,-0.03884936827526474,0.6291383712441658,-0.005256996039888836,-0.09485321059477876,-0.05416453273930001,1.1651838728331445,0.2634302013573987,-0.8944309930358915,0.9977874935732987,-0.04199037884031137,-0.01551540689857114,0.010839202664363806,0.783459291686047,-0.014005185941209206,-0.003285314094062386,0.09589922056808395,0.9804038270626163
258.0,0.010143094107311372,0.07036645512738036,1.3965295927704988,-0.022641315834562168,-0.05183268980642748,-0.048555447515592216,-0.5952801943392565,-0.36258702922225755,1.0014971293650576,0.09502684058521361,-0.0049458557949745244,-0.01835943316696959,0.2543916157815181,-0.13881722527752988,-0.06571114488445666,-0.07217004232564264,-0.057116143989259974,-0.0034952670194254728,1.495650547850172,0.8312285018046259,-1.1570178775653461,0.9978507931945246,-0.05327371667567599,-0.009838605245928975,0.011046337777580545,0.8574525927073415,-0.012190849916637622,-0.008077786427103835,0.09279738431932387,0.9800266927241055
259.0,0.05864885824684936,0.07866212474998892,0.01981963436913466,-0.4876756576409711,-0.023671190251450123,1.0810718683223697,-0.6375227160914958,-0.11805801558217,0.8994593896698266,130.41755014137948,0.0954280496763159,-0.014688795305020331,-0.042327489547059706,-0.03958755892557899,0.6292252228692183,-0.005652554336113641,-0.09417153069154667,-0.054223210280599586,1.1650049481026425,0.26292764222181964,-0.8942481887470459,0.9977875335904336,-0.0416205750930514,-0.015506865519964089,0.010695304623516295,0.7834764741909257,-0.013448484772742467,-0.0032794211382225153,0.09563384306304587,0.98040365408486
260.0,-0.04954935162510611,0.006856923928658114,6.007105342221236,-0.33223726121833685,-0.07951065593614348,-0.0495964662954142,0.5542143863916245,-0.6874105980527232,1.1521295574201904,0.3270155280481993,0.08173311332162418,0.010393405643585655,-0.05040046949219076,-0.013679111664197849,-0.02271838558043021,-0.04025237937807289,-0.07574467570230294,0.06230899245062429,1.7433983511400828,0.5837231055625471,-2.2225552372275197,0.9972240812030797,-0.05091168143793577,-0.01351413151102541,0.005722202229204651,0.9023704069517737,-0.022680894353918058,-0.0045702082913319725,0.0761329928994616,0.9803694573263764
261.0,0.000715490293336842,-0.0499968212092658,-0.05003113636002182,0.7593587655850037,-0.050007554760169264,0.4778488573719584,-0.996144931939239,-0.049878186761874055,-0.7631510294398748,2.129999192565231,-0.00984002206936624,-0.07437449768664876,-1.623565983173582,-0.5200344433174838,-0.05247951301501887,0.11944094275972061,0.18107242903843018,-0.0969440654175326,1.303396152080742,0.6720845060045771,-1.0188478504596385,0.9977313564966253,-0.06707072223951657,-0.02776845017564504,0.007181071896270052,0.7418736414719425,-0.04007251922775646,0.00017538671063522482,0.10814590256601657,0.9811886999668455
262.0,0.0586665937507482,0.07669941405035312,0.02065363224535528,-0.4898491857610403,-0.022873696896329218,1.074645008252542,-0.6330858134321685,-0.1232316514500377,0.9016641260203122,133.72502637297936,0.09441152945664434,-0.01461282552541248,-0.04207949678302401,-0.038115166596019,0.6218459164935707,-0.005824110861616789,-0.09169071915034778,-0.053303324871269105,1.165216504398659,0.26364943173695415,-0.8945267993506211,0.9977874553170241,-0.04138342027317328,-0.016114167268004326,0.011016603624281694,0.7834595062188043,-0.01423589722101498,-0.003553610215331565,0.09634409686953249,0.9804037295419694
263.0,0.05858245850026188,0.07587113011078224,0.02052665336004629,-0.48611197697391073,-0.02350725997578706,1.0746255677312502,-0.6370584458906474,-0.12062158173663443,0.9026642636313671,130.4916561325499,0.09461728374479529,-0.01466957925774671,-0.041648146135019604,-0.03868067762991717,0.6242153571548235,-0.005556883760414524,-0.093611532926283,-0.053923036975343605,1.1654005444550273,0.26427477538098293,-0.8947684130324232,0.9977873849664314,-0.04118621953496448,-0.016561951399445416,0.011061629782701792,0.7834391281456599,-0.014978539805185214,-0.003554272855945843,0.0966174608610929,0.9804038334160579
264.0,0.05834662138332659,0.07572394608627817,0.018799703937796102,-0.48682435620273257,-0.024590855024352782,1.0733594673544915,-0.6355753141942992,-0.12191850767622192,0.900930436268793,143.7687673413864,0.09472344099731468,-0.014527138086382575,-0.0429168396215454,-0.036630278613982666,0.6174463043805152,-0.006453845081688645,-0.09147247686752853,-0.05360919870950019,1.300657073192586,0.6768533921615304,-1.0495151024376324,0.9977658787481976,-0.061579213531091394,-0.02291526490622204,0.00844688905776284,0.7694412576372984,-0.03134763247573136,-0.0011181662847946482,0.10371025592001074,0.9807705558061406
265.0,-0.06106278292589207,0.07419779960542851,-6.929108865972122,-0.03150171956686047,-0.529008280092035,-0.03034062139120625,-0.05830033147392463,0.6122123064161147,0.7167605236359282,0.10708374763791373,-0.09664936912780556,0.009930211367111608,-0.05497175532232596,-0.40873392723956875,-0.07135508943210589,-0.2994656934370569,0.31490833847272925,0.430244547740473,1.2797056959816029,0.6214084933012542,-0.9869022465610937,0.9977035984282603,-0.06607608957921152,-0.0257400457611954,0.005736074790100998,0.7285461274958782,-0.03571039420222274,0.0010091751327501698,0.10919674362716955,0.9815064634472106
266.0,-0.08216813376322497,-0.015816600513627814,0.2856437288597955,0.7041157358448831,-8.783133608509834,0.13923526479301038,-0.6351657722236098,0.562554269202737,-0.05114488613743726,1.4050701359507298,-0.007190559117952574,-0.13222040575530145,-0.04695209103057683,-0.42265210663499064,0.6042141233762894,0.1501995205843835,0.1788085400372356,-0.05842209630441593,1.2817457213824812,0.6397248657798278,-0.9938061941401665,0.9977019216562406,-0.06773261164129357,-0.03338320437393745,0.0033665350664198908,0.7233807592891763,-0.04945365160810137,0.0028514180402239887,0.10863566048480774,0.9814729369656172
267.0,0.058496825255724916,0.07722886907953036,0.021800198888063532,-0.48498825170528537,-0.027337482173756027,1.0793444917271129,-0.6415926908969537,-0.1199558762988462,0.8994915537775626,133.95975196215534,0.09459081601793089,-0.014423393689442685,-0.04262028899927981,-0.03594475201514391,0.6082924350305348,-0.005061120285578592,-0.09350775926873396,-0.05406222086763826,1.1651388477034335,0.2634284528542344,-0.8944561702726199,0.997787522555833,-0.04072539201249528,-0.015254633636717424,0.011658321910693709,0.7835162996339884,-0.013555041069661199,-0.003862769305492514,0.096960805576814,0.9804036505082765
268.0,5.881588802520754,-1.5897268312256987,0.04576540158248631,-0.08677444403215065,0.6654223540563742,-0.04999942690274867,-0.5721879493654487,0.38279865566146976,1.0416632321795183,-0.15434943662215447,-0.07955487721905534,0.010418780843431763,-0.051643645540753055,-0.2943578023642582,-0.05031377443088821,-0.04981359897182058,-0.2434246092250545,-0.204775306442753,1.3137148819102182,0.675820461098672,-0.9861470982981758,0.9976908017011752,-0.06393902440080178,-0.03216829699393182,0.0036593656414649757,0.7475183644421031,-0.04537205503668434,0.0022568904503334464,0.09982491680084665,0.9820610325206613
269.0,-0.003041654210544426,1.0971367575783637,-0.047666876353278285,0.6914535135466701,-0.2359390820990265,-0.33818722358957165,-1.6178176457071771,-0.28072086959769804,-0.6631124301219542,-0.013182480239973024,0.09238209810228938,-0.012177689835233735,0.1569772011321643,0.12215884839291258,0.27294290291087364,-0.03936444860187794,-0.19136487321438772,-0.05052876334100792,1.9916787423371056,0.26060660248685796,-2.219023805655365,0.9971606043289307,-0.05502043811158579,-0.00311488167955844,0.008244929304836649,0.8820885154166358,-0.007829733221806403,-0.005439550622495722,0.08478781110698305,0.9736301517415025
270.0,-0.06569321648558883,-0.05389528365413763,-3.461571801051303,0.5179300967273412,0.1805462632127438,-0.029006357275919183,0.6266688096292107,0.08678371166452334,-0.6822724754257896,-0.1020765932683693,-0.9007088239590151,0.01054231471975299,0.13027907445017584,0.13861105646656835,-0.11007031880074174,0.4096542464854914,0.20236902169499527,0.4147384530827674,1.2968840110543274,0.6683299988588715,-1.0057566870968848,0.9977182552487578,-0.06805818588673851,-0.02257426621099353,0.005400896468116892,0.7329514384248479,-0.025630061564857847,0.0005391780567802902,0.10768735717141138,0.981467596428099
271.0,-0.04952047022767635,-0.04898380676982539,-4.763212972652696,-0.07670385121371893,0.21522067562293556,-0.060791364015235445,-0.11106026516955447,-0.8033399438810827,0.8519008453299577,-0.08914628833474131,-0.4618418016140251,0.01003319210933252,-0.05597490314185649,-0.05011917418940256,-0.06645685198327275,0.3650188669297776,0.10805610026811778,0.3335210035893114,1.294715824848266,0.6666967057481374,-1.0117184623427067,0.9977277146452066,-0.06798769516507293,-0.02446156269337886,0.007907990321667276,0.732253478681163,-0.034720621211647505,-0.00024522440595211155,0.1105133627414851,0.9812658342048715
272.0,0.057048834701644416,0.07653887229997498,0.018245398548989468,-0.48709810556722466,-0.021994983114689944,1.0662417518319023,-0.6402647332227387,-0.12055572055459166,0.9041222041138799,138.1320460822111,0.0935287601927617,-0.01443713454017222,-0.042006697924771554,-0.038014338812487364,0.6202612598539841,-0.0057442331905844905,-0.09207976202722902,-0.053617558738481695,1.165137361090432,0.26337746725848965,-0.8944278481200378,0.997787490303409,-0.041453201981758815,-0.015939825516737345,0.010772298574055069,0.7834540108214303,-0.013845776764113598,-0.0034587814084376914,0.09672844396294704,0.9804036298301186
273.0,-0.1018387223688172,0.04570987124434748,-1.3347241995076176,0.5301296868856533,-0.8724219615992996,-0.05045632100585443,-0.41425308467256233,0.2564965582360771,0.6450356126770992,0.544498341724789,-0.11444989342425636,0.009185312300560222,-0.04999985383460975,-0.028486080685496885,-0.21882533173100774,-0.025832930015950172,0.7126810634406088,0.5297488445870593,1.2896591348642725,0.5699475954028108,-0.9636551350024024,0.9977057779023941,-0.06303518538168462,-0.03271983054795562,0.0039879574787228585,0.7367283427448172,-0.04948548415796999,0.0025409375349753982,0.10595020852118905,0.9818039688975728
274.0,4.5967789898437905,-8.393718136186665,0.06487356976380096,-0.04984263162953223,0.07846730280855001,-0.4131022663273911,-0.3861251981055906,0.33620620573442656,0.7040766391954648,-0.9158185456278775,-0.09596562209334737,0.009688215577351313,-0.045640435777649986,-0.11570874409821263,-0.035737925268811914,-0.049112833668419995,-0.27094105059697765,-0.22723242237840757,1.2651598016283014,0.5566971662694621,-0.9784419833605209,0.9977198561178753,-0.06281361671455428,-0.027985271039496107,0.005511082899274188,0.7339276686658256,-0.037759282875886,0.0010563086132874663,0.10545911265191342,0.9812016038162383
275.0,0.05696230330741123,0.07502552656509323,0.02006172927424642,-0.4885147213005781,-0.0221585648245278,1.0669900425695757,-0.6426806622063223,-0.11875013899419534,0.9001158180780034,133.30276725374836,0.09219179211168817,-0.01450613538677271,-0.041431808046961886,-0.03876539634423995,0.6282214693373536,-0.005778739783813608,-0.09238763525158113,-0.053496591891453005,1.1718773635886954,0.28410328857195977,-0.90212420615774,0.9977848020558624,-0.04291433424693778,-0.02531530919895022,0.010210784600722927,0.7814647035704299,-0.04033037378847156,-0.0012039670849269314,0.09711458485543298,0.9804126990892175
276.0,0.05686806060614536,0.06883420295422996,0.020080454701090596,-0.49117965884397136,-0.022497171651697203,1.0669996166363411,-0.6328778750342378,-0.13350914974589503,0.904557153045868,153.29663197598907,0.09139254928660336,-0.014347369269025426,-0.043621336662019124,-0.03881230329629501,0.615067508794917,-0.005243662464953809,-0.09306025281803727,-0.05395386386655798,1.1707692044280813,0.2807656322597245,-0.9009258127828299,0.9977852875648927,-0.04270949267409665,-0.024790138260162135,0.010416506524744502,0.7819207348494874,-0.038649518894273406,-0.0014573318300657968,0.09748564543726351,0.9804083610078227
277.0,0.05424221037746901,0.06845748411147469,0.017987514678731758,-0.4869004743717209,-0.020973273567496804,1.0450581314656957,-0.6465828490672887,-0.12149088000185841,0.9070774617656749,163.031314798008,0.08814746241409523,-0.014392203023833107,-0.04282530510161149,-0.040126563999456036,0.6415229354781231,-0.005599405837235745,-0.09298115084606097,-0.053820222193500335,1.1678114411458111,0.2713317671075194,-0.8973432522839169,0.9977850793173777,-0.04368864190308927,-0.028286462291263904,0.0069948629803843025,0.781564776368993,-0.04108424739831395,0.0007952029037204246,0.0986423508915713,0.9804050272029727
278.0,0.05445867589287936,0.06410517510561407,0.018771661704771053,-0.4939824439819729,-0.030445978844994212,1.0429341912833885,-0.6399185853197903,-0.13168258860206372,0.9066886662355779,185.98970162509843,0.08724183397002384,-0.0141235759064707,-0.042104037997077993,-0.038937337039352524,0.6203447824045041,-0.00471628394492145,-0.09220556603907398,-0.05351088713270865,1.167934880731212,0.27205553436128865,-0.8977691251640982,0.9977850909046864,-0.043877755493822015,-0.027498467515594156,0.0064666319977157915,0.7817169903323649,-0.03746784868296331,0.0010842634362201215,0.09881822116721471,0.9804101921831476
279.0,0.05221650011429965,0.06701131373284176,0.01712809691019901,-0.48129556504106463,-0.01649226467241624,1.0492439473197548,-0.6522632800077868,-0.12116622585061744,0.9081230216118111,150.52186705844227,0.08623119159484574,-0.014092673161478855,-0.04363723510126205,-0.040071435021810375,0.6553434376031814,-0.004548804626481779,-0.09298830200157424,-0.05364640435682234,1.1679494182700043,0.27201216764631436,-0.8977323614793606,0.997784678126594,-0.04422713344635152,-0.028445539383757736,0.005542429851265676,0.7811375131121783,-0.03974326901686847,0.0015873627843176715,0.10090152925647992,0.980410452352551
280.0,0.05273305433404557,0.06655769869942864,0.016099887109536765,-0.4921478847248215,-0.019784220764886205,1.0342114039360841,-0.6468870512236699,-0.12621963231886515,0.9105606157872748,143.71381846571438,0.08670142243023594,-0.013905717224062416,-0.04151663160163737,-0.040524239645523936,0.6356001115341157,-0.004647485981971526,-0.09198246080491372,-0.05382067146925822,1.1681529744006975,0.2722336376185412,-0.897657340572473,0.9977850005115809,-0.04339414021092988,-0.027688107995988444,0.008104530957682779,0.7812433447115137,-0.04005354222310166,-0.0004908650651231861,0.10136170709887488,0.980405195705105
281.0,0.053553915088749515,0.0642423929546719,0.015964544484580002,-0.5025075254195591,-0.024029865238630568,1.0313838190991156,-0.6351886319223397,-0.13405391929777216,0.9074274017243589,168.3958865732405,0.08672933341459273,-0.014084030075341723,-0.04181290818107743,-0.03932189685437377,0.6396121529836061,-0.005422654808928226,-0.09156382447389301,-0.0536041958523766,1.2303238276916317,0.4579236010195657,-0.9654983949927372,0.997760627293943,-0.05807428416526261,-0.025242064483944154,0.009050164928272457,0.7533157605160785,-0.03257578357872975,-0.0019262509938669343,0.11357893426634857,0.980681783218307
282.0,0.05286475909973105,0.06786308811790501,0.015787798336795125,-0.5009673558891673,-0.02190460276191142,1.039169825874915,-0.6427512549373171,-0.1212869505298041,0.9042541372708763,150.1286927007387,0.08653063361421993,-0.01426760736101021,-0.04326048158851644,-0.04000528537370572,0.6745735106096583,-0.003942088015488857,-0.0941827239623074,-0.05377945448442434,1.1695290822316322,0.2768238418073208,-0.899341800035264,0.9977843999517517,-0.04427351946063405,-0.030062062201747987,0.007122544855370771,0.780702976690876,-0.045432976893715026,0.0001879450450165394,0.1007967196909658,0.9804053384653448
283.0,0.05303471821551431,0.06436513856835403,0.013984824219927456,-0.49944601636273056,-0.021193260858971514,1.0284335539851703,-0.6372793253045386,-0.12911955971560288,0.910743433730786,146.27753686474233,0.08650604008965121,-0.01399893076274818,-0.042200611475556885,-0.04012146370708323,0.643991319954424,-0.005388435233816907,-0.09170670460222996,-0.05397663401966883,1.2260982714145896,0.44187118743833753,-0.9592919552522328,0.9977620152585063,-0.05660706108558741,-0.026201920718703343,0.009368573910599122,0.7554656682111913,-0.03627006698367135,-0.0017244841500047613,0.1128107889100411,0.9806718288485636
284.0,0.052305208117963416,0.06328544565057023,0.013857780782088653,-0.496763430283649,-0.01990684519361877,1.0301016924196886,-0.6394270432971078,-0.12550032525797286,0.9122836690617938,143.02639442228366,0.08537426487509339,-0.01382606802696785,-0.04252881294157421,-0.04144309140397963,0.6391738305482352,-0.004667889960943453,-0.09262638883915826,-0.054630807095952694,1.168646698360655,0.2740728218057227,-0.8983983195112123,0.997784925470099,-0.04397599292396354,-0.02822853935205895,0.00785061048955626,0.7811658470968816,-0.04058374434449151,-0.0003708650481001688,0.10088069954676054,0.9804047794365287
285.0,0.052463834134197085,0.06058300659862313,0.01514429999209848,-0.48956077753506555,-0.0198184697297913,1.0285323138209583,-0.646043124993347,-0.12674948763330668,0.9157205081457604,150.86684704100892,0.08530618260994816,-0.013951575759433225,-0.04240103709770681,-0.04093578163531856,0.6553531937907789,-0.0036684989278135995,-0.09224165901336863,-0.053445547136957657,1.1674217992215976,0.2695631306827694,-0.896585821616105,0.9977851189013525,-0.04376539564571234,-0.027443114565516086,0.007638136394314613,0.7813996830066641,-0.0376854625077238,-0.0005782487690208751,0.10237956376773776,0.9804055072387241
286.0,0.05140913199830138,0.06497217270298954,0.019929266892957466,-0.48399908181984447,-0.017012350874547257,1.0345011775165702,-0.6548534427863989,-0.12292830317504595,0.9097347983760665,167.86330476403276,0.08281074242827086,-0.013727892376953167,-0.04260755602941947,-0.04202523111601888,0.6593806123662446,-0.0036357014726009895,-0.09025599213469593,-0.052613053531488777,1.1657376197318254,0.26449491263385894,-0.8947742804992518,0.9977866373840141,-0.043518003756027816,-0.020925262565053403,0.009370228820583073,0.7829405757366992,-0.01770958999027807,-0.003192937522458834,0.10542321182177507,0.980408200648273
287.0,0.050177883910651276,0.05924423030066492,0.017043601511708407,-0.49527513527188805,-0.019587913574665626,1.0461116733473552,-0.6395560843608435,-0.13011090950949722,0.9042923907209994,175.3054413859183,0.0800883551440807,-0.013854068246349572,-0.045606094109224525,-0.041902053744429076,0.6872040075788013,-0.0031080909326231597,-0.09144590242051874,-0.05312389418976938,1.1679006633809839,0.27027409878046776,-0.8971716620175466,0.997785041542895,-0.04410833026895357,-0.02204848511318992,0.009193562870497992,0.7816684047558009,-0.027452126077692145,-0.0001657115572878231,0.10526555425963943,0.980418204607765
288.0,0.04997910404738181,0.052787528793536986,0.014731238880522664,-0.4839307718082171,-0.01592619325303052,1.0171088651143951,-0.6500746818751889,-0.13398914430032155,0.9192699740515449,163.09367350851,0.07995540893663564,-0.013400372713040398,-0.0449643512520809,-0.039513913693995324,0.6471445855053896,-0.0034390301348086877,-0.09038199822811567,-0.05412318573186819,1.1676611289851602,0.26974161934921664,-0.8970983043848042,0.9977848691796092,-0.04448500450766598,-0.02323043312880461,0.006730386898000813,0.781409264081175,-0.03053287571316571,0.002585623460564084,0.10281764241031732,0.9804178573179598
289.0,0.04923978029379982,0.05610924598001428,0.015598404456771759,-0.49099965258295697,-0.015232124385829895,1.0277692834126781,-0.6414434752251108,-0.13623587712858984,0.9152165122316204,149.7409145444261,0.0793242278069278,-0.013638575281728774,-0.042010054256875984,-0.04437011842906533,0.6915011588233669,-0.002986267614790094,-0.09049893365837197,-0.05335848773894056,1.165658161681483,0.2644933864509049,-0.8949552392731185,0.9977868304258837,-0.043992472525291655,-0.01980464419609253,0.007913780330632189,0.7831614395827944,-0.017935208152171547,-5.9744201896295475e-5,0.10503867179587006,0.9804070098586644
290.0,0.050086383411351854,0.05592113219181006,0.019703789310786937,-0.487194183565043,-0.01950721688370819,1.008034974780566,-0.6555737599289577,-0.1369233174642065,0.9192268958396587,136.36751299261866,0.0790710786468118,-0.012810773059136513,-0.04342936035107122,-0.04121024451106589,0.619327674942564,-0.0022000888168226293,-0.08899744738318655,-0.05423816342323022,1.1659253574245094,0.26527185375424267,-0.8952718560614197,0.9977867116907495,-0.04412437558696446,-0.019795179300352857,0.008523250936002298,0.7831153151080941,-0.01852048492225664,-0.0005095697125507104,0.10509510901842632,0.9804076359922653
291.0,0.05029048659795793,0.05424143874480222,0.018714404018651327,-0.48962166642631416,-0.023082868953995448,1.0187205440489442,-0.6460182017874413,-0.14340034426888,0.9161418887559788,153.71486690989812,0.07968553823071699,-0.013282789640370912,-0.044747463371799044,-0.042924349603305136,0.6622959681222663,-0.0023672510339476567,-0.09228220459818239,-0.05494672206074248,1.1671954149518529,0.26898939118917176,-0.8968290945285667,0.9977856510870677,-0.04457966313195253,-0.022575257556947753,0.007566295717720837,0.7823070208992731,-0.028399019305120142,0.0016358915966294993,0.10345222872603092,0.9804101924139137
292.0,0.04891836090334747,0.05186306593837341,0.01236038572400584,-0.4930885242295359,-0.019826663741495103,1.0206587754599308,-0.6443689948715395,-0.12094174225813696,0.9130775515049401,146.83636044882135,0.07780044459015957,-0.013329356227711982,-0.04158949993717941,-0.04395997162849633,0.6783694754102326,-0.0030415213098555077,-0.09003671472165949,-0.05428543997598478,1.1657661188751045,0.2647804887328166,-0.8950716925033416,0.9977867917561414,-0.04429459386829218,-0.01984871332668349,0.007876492908178327,0.7831656619967904,-0.01762047652696043,-8.15804414558217e-5,0.10481322304574424,0.9804077036641496
293.0,0.04887822446779338,0.052317743139938123,0.014896789504160275,-0.49085292622864585,-0.02103649188577512,1.007384134387354,-0.6428065749123958,-0.142685243214786,0.9227735445944366,130.24022911897745,0.07814824557187555,-0.012920961201913276,-0.044751625740335615,-0.042321691513755186,0.6531663669094023,-0.0024278862494599013,-0.08895017883874715,-0.05453381101103465,1.165592561240171,0.26429690415037216,-0.8948697825806444,0.9977869285278613,-0.04431063573730828,-0.019627937195012643,0.007808469414499709,0.7832828484422485,-0.015015019949585623,-0.0006551244356970037,0.10525446384542621,0.980408406702443
294.0,0.047558032441201714,0.051077551753705465,0.0105351670176434,-0.4842666559892288,-0.02270638801303432,1.0039465405540438,-0.6446353526056737,-0.13145533483528202,0.9274891357610846,138.42875736190007,0.07794807233441206,-0.01297097247862758,-0.04278528984862045,-0.04147431190231205,0.6794581745813868,-0.002089470273312671,-0.08887493902839565,-0.05449536893413275,1.1657000611721515,0.26458255757094606,-0.8949666950697628,0.9977868772839837,-0.04424967297846851,-0.01973189784581894,0.00826772466687885,0.7832653322605188,-0.015642309647798554,-0.0011753298242816977,0.10531208482950828,0.9804082201667752
295.0,0.04795696013078183,0.050116094739594656,0.009893028752601197,-0.48201182691686983,-0.015827950692269135,0.9958834738926027,-0.6447349502601754,-0.12639454237148415,0.9360459264006569,140.16280835622916,0.07819707338467413,-0.013394954705992274,-0.044245794608164475,-0.041471806556703725,0.7061929652412531,-0.0014881048104732006,-0.09103378551060959,-0.0544431109098088,1.165634642316394,0.2644076786145123,-0.8948954080491857,0.9977869051170978,-0.04427251135159967,-0.019648587151206265,0.00824364505752698,0.7832691296830099,-0.015593684820725455,-0.0011781811866754801,0.10552541535890797,0.9804079716534402
296.0,0.047524409955465106,0.05506044784390543,0.011607365393803415,-0.47894368107667634,-0.024105163881469504,1.0146029884025707,-0.639883644628858,-0.13154067953323997,0.9283488608460758,162.39729549888406,0.07885316323113366,-0.013804240665630909,-0.04175887000092101,-0.044848461822846596,0.7496789524118316,-0.002162812781570016,-0.0927331537074154,-0.05468160126561791,1.1657023452479975,0.26459878162250927,-0.8950077468850894,0.9977869574811171,-0.04412244550583524,-0.018776975527494515,0.008912522823482918,0.7833512414070001,-0.014425440915029944,-0.0015278163472086657,0.10606062930431971,0.9804087737126834
297.0,0.048409274899061695,0.05229432573550926,0.013292070297644707,-0.4913457264785432,-0.02227575041170795,1.0175047164408646,-0.6297652151770257,-0.14935322738520487,0.9244845362730267,135.4355625650898,0.07836260148291141,-0.013366614320019305,-0.04275347584548627,-0.04181841559004918,0.6994471654684322,-0.0019745143557759106,-0.08917292361908848,-0.053586908621881375,1.1654955344303923,0.26404793538550436,-0.894774942530556,0.9977870211338695,-0.04430054548305703,-0.019164739658103204,0.00827524390649083,0.7833289505082153,-0.014590459204528847,-0.000809888846140773,0.10510826799175531,0.9804078440761994
298.0,0.048874798558502394,0.053575437811355486,0.013934350797169273,-0.48051260879859564,-0.021051214784145553,1.0169171884273354,-0.6511830291195576,-0.12683176635175786,0.9197546640351921,138.79222149481546,0.07910962795819992,-0.01343442132752282,-0.04275059087639824,-0.04162606258054222,0.7064163334619445,-0.0019304437130655359,-0.09016029570442433,-0.054129741218902835,1.1657429775682355,0.2647201228302945,-0.8950423702577088,0.9977868144044904,-0.04441603390832778,-0.019532999164997688,0.0077559648936171436,0.7831667766137467,-0.014716210846198337,-0.000521816614225561,0.10458221199887051,0.980409924230063
299.0,0.049046973486653565,0.05358533081752159,0.015695398795977745,-0.4944467342806624,-0.026320167058943203,1.0232788877151422,-0.632712661739809,-0.1433201666012778,0.9147697226860533,129.81599825510943,0.07792336027872088,-0.013590224978035893,-0.044943369413552044,-0.04263464502100275,0.7085003461614682,-0.002656662285021866,-0.09265672726022461,-0.05538888377821841,1.1654746704549999,0.26404364089404164,-0.8948093246011347,0.9977871026487719,-0.04449495008370793,-0.018425949498263757,0.008107885332493766,0.7833931882564857,-0.01302959261109923,-0.00045130397572002925,0.10475251066637777,0.9804087650315034
300.0,0.04909019321793504,0.0576939036271243,0.01718586002608704,-0.487908681567223,-0.02050163862666289,1.0184040010741893,-0.6458080712716165,-0.13663055692252976,0.9166099333607409,136.54907364473092,0.07894832662996501,-0.013471680416647784,-0.0434084048282126,-0.039908439447304586,0.7091123803315766,-0.0017752757602322942,-0.08985132964838255,-0.05357309862044012,1.165735048163622,0.2646187645133976,-0.8949642096578393,0.9977869172329432,-0.04434656868001506,-0.018725101898967665,0.009294468373540907,0.783251361772727,-0.01301007711931104,-0.0023161824939039624,0.10592448354672718,0.9804101888531693
301.0,0.04902773186463349,0.06001959555198505,0.015620007891750685,-0.5059752158462693,-0.0209847844539883,1.0122734279049834,-0.6436096902997904,-0.12809889308079475,0.9082073214898412,155.1045453594172,0.07829201853715687,-0.013530025067688313,-0.044877736881080564,-0.037864746036805404,0.7155164653117815,-0.0013734926947562333,-0.09021230671699929,-0.0536544573044181,1.165588323779486,0.26423401140661773,-0.8948504452944392,0.99778703234577,-0.0443250587572261,-0.018107885644871688,0.009084890031596255,0.7832816396638198,-0.01141102109686071,-0.001712709332442026,0.10549573468917404,0.980410661968889
302.0,0.0504312844899768,0.05755481882197033,0.01871681913204676,-0.4981218380714582,-0.021283831425407976,1.033023521495036,-0.6439362686384826,-0.12838979820120466,0.903473415081562,153.8164461117528,0.07901358209176577,-0.013115240783786572,-0.04452553642508546,-0.04161554489087316,0.6771186796149635,-0.0016379881459481446,-0.08807849658510214,-0.05370163343125888,1.1656008362487271,0.26429206762390717,-0.8948788073709667,0.9977870796225048,-0.04453638600924423,-0.017943456485238186,0.008830238970100553,0.7833309749491344,-0.010717878172973974,-0.0016176774702464248,0.10485628673353613,0.9804109813215232
303.0,0.05097540456301437,0.053248407156370844,0.019567293205581034,-0.5027008190386819,-0.022278712095305603,1.0299854178553116,-0.638924454026259,-0.1379921257334549,0.9051985249592294,152.08044072309414,0.07856060969104774,-0.013166182959694017,-0.0424766770643487,-0.04123650094519712,0.6724242031198087,-0.001080262078181384,-0.08807863233696721,-0.053205589765766184,1.165721261560558,0.2645636738748922,-0.8949551498491937,0.9977869756223328,-0.044317736594645205,-0.01789957606164441,0.00967549854126445,0.7832596822248565,-0.010702926107176339,-0.002554189721411377,0.10564608688201967,0.980411838351144
304.0,0.04973174174036916,0.055829073025209536,0.01693909701275761,-0.500227207023282,-0.020554987503908898,1.0209885638121818,-0.6426015418245173,-0.1345449728209058,0.9083090310491341,179.28601284300927,0.07883884099207418,-0.013176438806271087,-0.04445614963576344,-0.04255301737373351,0.6887451426404464,-0.0014751747452800205,-0.08868299927313593,-0.054103707177011455,1.16556550521622,0.2641856371469022,-0.8948108347013304,0.99778706473032,-0.04454346127182911,-0.01812631202461857,0.00917707161458332,0.7832959426989581,-0.01126452580234363,-0.00193868384550632,0.10450950194771699,0.9804104575886556
305.0,0.05030938086925601,0.054743793788389165,0.018038380110360228,-0.4934356662687732,-0.020209501270412548,1.0268217798529136,-0.6496790932508526,-0.12514179827386576,0.9059481581635762,126.5104748974183,0.07865045658006022,-0.013119050091883444,-0.043335198399106246,-0.042030732717363135,0.6770319888719328,-0.0015204984355966745,-0.08884325481276424,-0.05444428501940762,1.165445512231167,0.2639116292567789,-0.8947303461313643,0.9977871866835413,-0.04467803933763128,-0.017835806072077614,0.008922306891325879,0.7833838860721081,-0.011347189001135726,-0.0012157634764602355,0.1035550763275185,0.9804093099951727
306.0,0.050985981462736585,0.05037271484611078,0.019900515279310704,-0.48693668380425836,-0.017898676964844373,1.022446153391242,-0.6570960449064412,-0.12382924583945804,0.9097714744580077,141.40458144780564,0.07856695326483154,-0.013071820742117346,-0.04339502718259755,-0.04313524173926532,0.6724342836467245,-0.0005536119187629289,-0.08883664336439179,-0.053956281067683444,1.1654460431637184,0.2639639445459697,-0.8947888890224523,0.9977872223329305,-0.04486066253685282,-0.01725759520907744,0.008800959054851013,0.7834370065979461,-0.011579620112308755,-0.00066928636464336,0.10355216042273795,0.980409020407337
307.0,0.05038134822804007,0.04738112803835359,0.015976822137786735,-0.4936290096212418,-0.020314494129333394,1.0356394762227292,-0.6324448189382436,-0.14337167393272504,0.9117668933671054,134.3946676486923,0.07834142860942352,-0.013026706021801452,-0.04375402616237623,-0.04247716395543235,0.6813214639428319,-0.0010603215015109661,-0.08961268189199596,-0.055161406408615186,1.1654539685126954,0.2640568629296134,-0.8948325803727443,0.9977872229126201,-0.045021653689121824,-0.017517503290855236,0.008201578913201795,0.7834220483106931,-0.011387305174254868,-0.00015151090646449813,0.10254526540737427,0.9804093359235835
308.0,0.05057980111541308,0.044724774195801016,0.016208813923737356,-0.4918144464526061,-0.017489098397951895,1.0173053250845372,-0.643349400495709,-0.1369298270637613,0.9171793793152547,137.64261692683834,0.0780346968931647,-0.013336223049095116,-0.04288305965484828,-0.04101946548427382,0.7066673110705239,8.082393910546364e-5,-0.08960982427009484,-0.0536544220583979,1.1656566698999342,0.2647464080622352,-0.8951658951597727,0.9977871839509755,-0.044995296067425104,-0.017025490313883958,0.00877092117581912,0.7834998687928265,-0.012448574784471598,2.286279337178223e-5,0.10241957118885092,0.980408988983142
309.0,0.04924391861185902,0.04999250089215409,0.012748576558122048,-0.5032932822725479,-0.017039250330412443,1.0167697671943454,-0.6361159311643363,-0.12859704663608246,0.9132697097009439,153.63650353358904,0.07739308934489425,-0.01359480997686026,-0.04267301465389356,-0.04146586034610633,0.7379115913317276,-0.0006208682619052112,-0.0892743452068293,-0.053323097225088906,1.1653745822897614,0.26393576642477906,-0.8948015586515865,0.9977873227938527,-0.04540834132532286,-0.017263604259415005,0.007901286564389987,0.7835269737267532,-0.011791835792526085,0.0005561057883463976,0.10168909181338787,0.980408086706237
310.0,0.048143361051923066,0.05472851714337022,0.015026705606341301,-0.49821421961086915,-0.02122033103455708,1.0089441676275717,-0.6480670289995296,-0.1270189081223183,0.9114080832673745,176.00763090252593,0.07666169913892827,-0.013257110817552278,-0.04231157505920834,-0.04171910200528125,0.7278017043632166,-0.0007459432000424097,-0.08797968133475229,-0.053446244482622925,1.1655242797127598,0.26441666868379016,-0.8950244205088692,0.9977873081083124,-0.04552211352459533,-0.01666934057485195,0.008457894767540889,0.7835848315039291,-0.010963536258377003,0.00013876182194412913,0.10232722510894285,0.980409332318714
311.0,0.048450715952219454,0.04607302065580894,0.010333855950439844,-0.503929291771618,-0.01782046250038292,1.003043432497663,-0.6271141296813918,-0.1333480288896401,0.9217276700225865,202.21187621912105,0.0756790083858794,-0.013322080635913842,-0.04528767366509636,-0.042216309364715675,0.7265926646546924,-0.0015326266067856075,-0.08729857327276587,-0.053536026857603475,1.1659197857940518,0.26557395966639047,-0.8955223249630833,0.9977872563463992,-0.045367488292006444,-0.015848028228536332,0.009669445203375896,0.7836061487065029,-0.00988194174580856,-0.000865589699717701,0.10202904923634289,0.980411344798517
312.0,-0.05055515037169154,3.5068996429919266,-0.044173807328509125,0.41372500722128974,0.009664829051827662,2.382473295179404,-0.6819360408920531,-0.6500812679519264,-0.09135844864736954,0.008800854455081565,0.05874296319467452,-3.007454237123752,-0.10514919833820346,0.6718735974517761,-0.06355148109664385,0.016342397314333235,-0.044483664544100764,-0.023850260950616205,1.2071914216337953,0.40276902274696813,-0.995121021575414,0.9976043699576818,-0.05208819395759989,-0.01638279283467351,0.008103369543062264,0.7750244073021948,-0.010769124603638268,-0.0010595368027137915,0.10491742456566808,0.9823159232831375
313.0,0.048798263635001726,0.043310045431400886,0.015342322436024305,-0.48503417634012486,-0.020418261087234695,1.034039102229404,-0.6435577678948502,-0.12990551677009932,0.9099236860804064,153.95876204574145,0.07533051418445791,-0.013370175993949997,-0.041618562928649315,-0.041905274712928105,0.7324382876696779,-0.0004602141079129624,-0.08943734995154197,-0.05366347258614671,1.1663994614619704,0.266806562369381,-0.8960349526507163,0.9977872060572359,-0.04531066452237119,-0.014179660253047404,0.011684381775946414,0.7836608068834929,-0.00601682998221932,-0.0030400262315796686,0.10423256583368556,0.9804162614746166
314.0,0.0495501967575907,0.04461292133677028,0.01821234319154589,-0.4886704000360799,-0.019955661829000933,1.0618334280787762,-0.6351787174116381,-0.1322097974979624,0.8986548050368055,172.81452377974145,0.07534476632357724,-0.013460988035391164,-0.04400879079677716,-0.042301107500727304,0.7366166707398424,-0.0006480473090992668,-0.09006285018495289,-0.053769500200998466,1.1665465535539272,0.2671710495710863,-0.8961615052679673,0.99778718387033,-0.04534845242109908,-0.013823862321139071,0.012335837453028109,0.7836672470990309,-0.005807927505274051,-0.003587784424539336,0.10446349707008754,0.980416859615741
315.0,0.04998330246075434,0.03671495197737751,0.014742451967633833,-0.4887163933475325,-0.01970872061742583,1.000841715154541,-0.6456654816354808,-0.13920304221820656,0.9226380123616607,149.3027118849482,0.07563967661267973,-0.01301551969334854,-0.04403260306906199,-0.040239758774832685,0.6990129920398794,-0.00014624186762847406,-0.08821704523390715,-0.05386332724630152,1.166418934662862,0.2668019363932797,-0.8959673060718621,0.9977871733269708,-0.045202301659721965,-0.014482720484546442,0.01193296113086597,0.7835862285242887,-0.006612335985219498,-0.0033985925021485976,0.10363793327637323,0.9804158361860758
316.0,0.051189075322632616,0.053502483907897816,0.023194731700844483,-0.5113367349400447,-0.01718015828290154,1.066478442501353,-0.6431557665718252,-0.11895695937387038,0.8814923801881372,164.5867632222889,0.07650400967547374,-0.012889563638559469,-0.04247950622489196,-0.04560701519636374,0.6897334481368341,0.000636519997985614,-0.08975086475368868,-0.05439363985445864,1.1666118224271005,0.26737316782478165,-0.8962793331611185,0.9977872013915969,-0.045037968998265246,-0.013252611608521533,0.012413848702247364,0.7837118422258462,-0.004974118257128448,-0.0038317758866017486,0.10495351993015797,0.9804176440144063
317.0,-0.23599086115748555,-0.06208721013892027,0.040315508197588355,-0.15964267748910313,-9.53964523809811,-0.12450000709073686,-0.04988551188606016,-0.8794664428863798,-0.915404915591594,-0.0748584942567165,-0.006336989092468327,0.6801706669992856,-0.05999670155566102,0.16763980926612226,-1.0182832566817792,-0.26481879350625404,0.27550795553452334,0.014495240394519668,1.169163934488149,0.26740248223364055,-0.8975429798953629,0.9977779256387309,-0.04520640452105926,-0.012848447627423517,0.011926072007990313,0.780287609474168,-0.004777360900623068,-0.002730553731223212,0.10076509998154759,0.9805294031002854
318.0,0.050403492260888284,0.03108489455487579,0.01299919652729854,-0.5027145210297354,-0.015845888921666804,0.9919090823492781,-0.6395205287274037,-0.14210252899333406,0.9234394032025255,137.50683096830178,0.07499021400389258,-0.012967476102152167,-0.043508964938619235,-0.04242912532805097,0.710430495192906,0.0010558759246140502,-0.08928144937979109,-0.05421897424781564,1.1668704985720735,0.2682389726066435,-0.8966740622336258,0.9977871543071668,-0.045392357907702595,-0.013099863196324927,0.012106493842582187,0.7837359213023032,-0.00402920017929416,-0.003232249429426977,0.10373650379664767,0.9804198234566546
319.0,0.0496319337650274,0.032349105458274276,0.013922436130404774,-0.4898910489806864,-0.01966316869025892,1.0209199299353868,-0.6407659615503685,-0.13504262940897677,0.9129075015013143,160.40802730364024,0.07415852557818149,-0.013154228799092154,-0.04288006498305061,-0.042529905192281406,0.7270967075033844,-0.0002545725490555275,-0.08936922077559216,-0.054274353575744325,1.1667758548362606,0.2680756911518503,-0.8966605841992459,0.9977873645959319,-0.045899392150348675,-0.012505258178559563,0.012088706157827016,0.7840349955152028,-0.004552463960927735,-0.002728932596548987,0.10241579626839067,0.9804175391405558
320.0,0.05037701155356075,0.0372738866730078,0.01718830416221293,-0.4974374586805637,-0.020817777528909908,1.0127515268608904,-0.655540002162382,-0.1245108426325215,0.9052611461497929,186.6592751081456,0.07502074708771261,-0.012944438672658584,-0.042308886930020155,-0.042832736672772216,0.7064798161919451,0.0006876629451073649,-0.08832970482986202,-0.05355010709797768,1.1663829546789626,0.2671446942298641,-0.8962736907564347,0.997787345313053,-0.046171724848628956,-0.014111898969890619,0.010119167700532374,0.7839874909001114,-0.008017856595095553,-0.0005336526756103125,0.10061198461918103,0.9804137063144067
321.0,0.04757729500393759,0.039924156269476874,0.012349149731293587,-0.48522342847869915,-0.02146286074495011,0.9889234487091657,-0.6525405019044161,-0.12914863232984594,0.9248618090190055,205.4311191754301,0.0737236833847458,-0.012758614712837194,-0.04237270673779274,-0.04158040459973436,0.7057284639607354,-0.0006443985637741328,-0.08634349325379555,-0.05399399556288876,1.166116175391204,0.2663643861777339,-0.895909980632732,0.99778746369135,-0.0462604031129856,-0.014098066934574533,0.01048192532170406,0.7840085443382572,-0.009378666431583315,-0.0005124683626047593,0.09999964906926676,0.9804106081349462
322.0,0.05021941838227573,0.04127127706919093,0.019164187554731493,-0.505797455882968,-0.024241881091765713,1.0250886012829485,-0.64800163001857,-0.12665575690862402,0.898032066126575,216.93964455035956,0.07432570628412417,-0.012728925534666495,-0.043133722602634324,-0.04543340907993918,0.6948499474484164,0.0008616392109558764,-0.0902367404250916,-0.055264222321152294,1.166654263614057,0.2680231623412584,-0.8966783699868184,0.9977873631535858,-0.046299817429025454,-0.01356233096759458,0.010626995202143615,0.7841531116770917,-0.00811927014510122,-0.0009095011064990157,0.10144284587966758,0.980413674674864
323.0,0.0008294579717920869,-0.0508983900279709,-0.04628069408618258,-0.4397247811402989,-0.07097137816334022,0.3829624154328104,1.89413558650645,-0.05018657078060152,-0.660218327385657,-0.4035279569362291,-0.006284939065976741,0.07179115778673471,-0.05072352576510973,0.03290472752214715,-0.05021772747421394,0.05670164950393339,-0.20044348847202878,-0.1550287914921025,1.1956667616918428,0.3405412657277428,-0.969477747421976,0.9974736427163731,-0.04212331246816579,-0.021754075606009612,-0.00011570217286141656,0.8185220834151146,-0.014728710663487417,0.004639165057551162,0.0826291724391216,0.9829804702329903
324.0,0.04983036467554758,0.037091931674808176,0.01864791652776953,-0.4972796151970421,-0.017943470729099856,1.0392103391331102,-0.6562475245872847,-0.11341690849735214,0.8899361635035827,175.8353218294128,0.0730568765683493,-0.012973407512513779,-0.043156100127698334,-0.042240629895937194,0.711472074055603,-9.1111774042939e-5,-0.08917787197586019,-0.054157105453100186,1.166814181522406,0.2686275052864446,-0.8969548164192053,0.9977874335117556,-0.0465704394393087,-0.013195999618612078,0.010921986503938578,0.7842570393972426,-0.00807761334740228,-0.0007417364152882848,0.10050910637994402,0.980413307678369
325.0,0.04962585188003363,0.03473790195155675,0.017431893602687668,-0.5000323634993598,-0.029935485161472146,1.0281872548589928,-0.6468261883558044,-0.12362859303710576,0.8978795678877449,134.95581299225552,0.07280411143158826,-0.013319361466987775,-0.041609843451298215,-0.04349962934181096,0.7503853434709509,0.000847702992926373,-0.09297433740566104,-0.05502900915600112,1.1669901930975095,0.2692475389253219,-0.8972792576483944,0.9977874516758409,-0.04654096562644973,-0.01253172661208748,0.01151768688880012,0.7843801156091428,-0.00751629672495202,-0.001179856835875101,0.10160903917442668,0.9804139844858644
326.0,0.04922704421381778,0.04285144486553353,0.017194325634721428,-0.5178135535894991,-0.014957248688459946,1.0212071470554691,-0.6382495734634057,-0.1386879915329317,0.8986095376349192,150.13929339488655,0.07365956488868632,-0.01284058812805066,-0.045442154482126594,-0.04197971878660946,0.7173324339679186,0.0010747970185114085,-0.08917825834801053,-0.0539689221516673,1.1667462010832494,0.26846469127019573,-0.8968897403716888,0.9977874422604467,-0.046435685545804684,-0.013240138304051137,0.011021028657465825,0.7842204286220089,-0.008050725711280423,-0.0008793730498298115,0.10056608105454563,0.9804129627633951
327.0,0.04795209872646057,0.04502197674881653,0.015568718795183917,-0.5134898157676544,-0.02123665883218328,0.9978191824414521,-0.6566923952853402,-0.11667703150065963,0.8988237232606592,166.8554245735261,0.0726314000250638,-0.013022813740056954,-0.04220534645253266,-0.04331324814494467,0.7397643337049944,0.0003126886060110217,-0.09061023114538506,-0.05487468947970875,1.167248987853447,0.26998050287595693,-0.8975370352127663,0.9977873655130356,-0.04647289452106482,-0.012894587237154996,0.011430382370960225,0.7842965371687822,-0.00705741930237114,-0.0013788039912237644,0.10088259381536126,0.9804152808756741
328.0,0.04178356541375495,-0.2686592576819308,0.034553639494509965,-0.3026567884139966,-1.693479607073334,-0.2635290592963519,-0.16452933756584537,-0.7734791108371448,-0.7117766762541626,-2.33715695736965,-0.061714072558070154,0.007344164628346851,-0.05626722012979315,-0.04993653404565438,0.000591064845863623,-0.050562200542070834,-0.16411776982968132,-0.18589085081156234,1.2022194871474627,0.4724339050966591,-1.0170629029451392,0.9976237496302334,-0.04631556086539745,-0.024635616477865132,-0.0002370857550625143,0.8207280667021681,-0.018972635807382683,0.005287793363677469,0.0818417378293482,0.9820373934914552
329.0,0.044894477842796696,0.0399477063454212,0.009888164000761066,-0.4976266625128149,-0.015172361506653683,0.9818256455710964,-0.6493473037500788,-0.1235232157186233,0.9233819577935524,138.99876584402858,0.07069604235008667,-0.012849248045992965,-0.04484017051126835,-0.041119820399496465,0.7743700541502966,0.00111241376689577,-0.08878081049977238,-0.054439812920153624,1.237131565733292,0.49807800056628404,-1.0007167522788463,0.9977769153492255,-0.05323628714685055,-0.01862163216666487,0.00580633848156402,0.7988151290845429,-0.014688034411939221,0.0025209635753719564,0.09697599245252547,0.9806187105869419
330.0,0.05053677517881428,0.023324806733489575,0.016775216826858445,-0.4998135262424646,-0.019275683475936483,1.0913563442124046,-0.6354160966831773,-0.1344796435308486,0.877937566268252,105.97987561461312,0.07202368274204006,-0.012189399657960018,-0.043077985656709464,-0.04091797463217652,0.6764099336579148,0.0003352674317753948,-0.08742806314358398,-0.054733146612653334,1.1671253507688986,0.2697692458218512,-0.8974878197785153,0.9977875045311817,-0.04677297102300333,-0.012557135170403036,0.011579808925171246,0.7844484496308703,-0.00817996720132087,-0.0009753172061601304,0.10087715104946032,0.9804128139430759
331.0,0.0506158167630575,0.028559914192925237,0.018925469813065816,-0.5053879580065043,-0.022898331518904413,1.0373702209832973,-0.6433085838215262,-0.13923529373664237,0.8936780491984937,139.43115557727512,0.07248661994674191,-0.012549395302831457,-0.04064593189359603,-0.04170295935607695,0.7050913147090623,0.0015477494498025506,-0.08879028129645311,-0.05385350471029039,1.167526722686945,0.27120757982140786,-0.8981381034283169,0.997787438966298,-0.0466983893605639,-0.012462849774954628,0.01157428646917274,0.7845201685854397,-0.007903748734483006,-0.0008849573332531643,0.10088318474778973,0.9804144881994901
332.0,0.04855612124086213,0.03347830366084064,0.015928346480699917,-0.5053542891847196,-0.015104343269507938,1.0176156495330861,-0.6576748033857817,-0.11658107103870032,0.8963001735208337,123.38612359968442,0.07159906472534551,-0.012943724830233655,-0.042908238959,-0.04007693069761322,0.7409917370702567,0.0017012069104986572,-0.0912482346715665,-0.054358619467168356,1.1676672042888838,0.2716554599760181,-0.8983497107270265,0.9977874245830187,-0.046717716463588625,-0.012178791743397368,0.011882696722695917,0.7845640575924882,-0.007659120853688605,-0.0011738844829913264,0.10125523968881553,0.9804150187999383
333.0,3.5511771152503555,-0.04252850214187773,4.257877785877511,-0.06462821648507346,0.572320431179777,-0.18950137800456027,-0.08121619358453318,-0.7145154059345493,-0.5339790585091908,-0.8009535355261669,-0.0568667377018799,0.00942377608249993,-0.050099268072110015,-0.0011088980549811616,-0.06909604330605092,-0.049978126590381304,-0.18838810995668367,-0.18172652894592792,1.2470121795718438,0.5179195490487688,-1.0096535497886843,0.9977696842486021,-0.053083324499372864,-0.019307317839893923,0.0048397793200015676,0.7990550560713376,-0.014358045782399425,0.0027564401226548973,0.09578908762710556,0.980701026041306
334.0,0.05054254221810753,0.021336716560064126,0.01873020193640573,-0.5052911452448864,-0.01985759854495611,1.0291831561891622,-0.6539426892669798,-0.13093814824068306,0.8894020123088534,144.73428040635872,0.07123642913599039,-0.012429527359595446,-0.043623247817836254,-0.042666563379528614,0.7021334011974389,0.00108277246911504,-0.09018210212697222,-0.055025668401132176,1.1673562139298919,0.2705220223536952,-0.8978643927422123,0.997787538828423,-0.04685852810832843,-0.011825704509271054,0.012261615914458637,0.7845958096652601,-0.007058359604915347,-0.001489727601336757,0.10179725794798258,0.9804139068980586
335.0,0.04877295494891411,0.023985274066587937,0.018178133614684254,-0.49059303093564477,-0.019862833919935954,1.0484217549739507,-0.6584403716650006,-0.11500410793055617,0.8860869705278568,177.5146209770833,0.07003533361566698,-0.012988401773969203,-0.0429991975217503,-0.04223898240691041,0.7536041295346275,0.0003794239411158114,-0.09147558649918529,-0.054582085397682195,1.1871744930950703,0.3339888374112829,-0.9269986111726385,0.9977853368312202,-0.048562171356601194,-0.011295675019137325,0.01140310779470957,0.789986329726682,-0.0054931213764577175,-0.001156528292141372,0.10046422124878428,0.9804689292066016
336.0,0.047683616911211646,0.018279638404291067,0.01230552447517553,-0.5069373769666634,-0.022283150447953544,1.0169241255791845,-0.6383508318798192,-0.14048233664898802,0.9000627714086997,137.3201485932762,0.06827919842041529,-0.012721282339784524,-0.043105160714914575,-0.03977428491288853,0.7572866421467149,0.0007433190768996009,-0.09019463896959182,-0.05465508656918802,1.2338582279802,0.4848494672801416,-0.9953587142659618,0.9977787976664878,-0.05252526817669745,-0.01705395652695838,0.007144101243854764,0.8008955389860242,-0.013086756385642747,0.0015271635960775313,0.09812516602268044,0.9805994528835353
337.0,-0.05099779810837719,7.504032939205146,0.03274690564677171,1.1502718932196851,-0.05260951822419897,-0.049902021202204154,-0.1001725353345004,-0.8802813722169208,0.8699318680326066,0.2329780200830152,0.0811824733355266,-0.01721463294696674,0.2076324520630476,-0.5018370912843677,1.129052482351686,-0.09595961184990498,-0.10950091557361274,-0.10061932286948283,1.2483447404524786,0.5243328208102666,-1.0030415947854083,0.9977648693097387,-0.05550073257088951,-0.017171795782872163,0.0068782378840825205,0.788526992704129,-0.01276210852551456,0.0013561104230455526,0.09919072195519664,0.9807510014140957
338.0,0.047668603099404246,0.02282189434539546,0.01705484227793179,-0.4954140811373355,-0.024941925077139927,0.989418074346677,-0.6510449722389217,-0.1505417361504864,0.9155491251286341,103.16973111922337,0.06872715884185822,-0.01313918410401886,-0.04375042490984955,-0.04061115153408339,0.7991834316918164,0.002439779988953499,-0.09451008482396409,-0.05479189710078808,1.2341669538549302,0.48587049900568147,-0.9960067282477759,0.9977781978072209,-0.05265441303311796,-0.015743960156440633,0.007772718209142715,0.8005336340276143,-0.011064733448258148,0.0008895213945312805,0.09935360988170702,0.9806057989777197
339.0,0.042698436260404614,0.04528827348589659,0.010986927305038911,-0.5194017816300924,-0.01778798918033523,0.9957073384328855,-0.6366002096649558,-0.12856233949749687,0.9043976797939337,166.70779252014714,0.06728737564344543,-0.012880292499259278,-0.04319273384426504,-0.04298005639165904,0.8119043973148612,0.00038369357008924973,-0.08762182845092138,-0.053500771162589666,1.2476046045545743,0.5127347897560377,-1.0101195055394696,0.9977773769975069,-0.05210128555180391,-0.017140066925862302,0.00670507859177573,0.807292487917187,-0.011881864068774983,0.0015518366129083734,0.09564575459717799,0.9806312657942782
340.0,0.04543732579822552,0.046801188743435536,0.018749614220317897,-0.5204799664095325,-0.017000342847540737,0.9604425248323869,-0.6644932280848839,-0.125814772493858,0.9076187821429276,139.9795870521021,0.06888251772275913,-0.013535361920604012,-0.044781845528350725,-0.04367532822676504,0.8366133528487159,0.002072263590768831,-0.09423163254006911,-0.05386350796679315,1.2314372833486278,0.47945512562184184,-0.993453009797607,0.997779180353803,-0.052402628477919135,-0.01698579868863745,0.007033081801668618,0.8004943640794753,-0.012736624295457556,0.0016624417623070829,0.0983347712169179,0.9805911778752097
341.0,0.045932598405554456,0.027552317891449254,0.012964122140649906,-0.5107696693655768,-0.022332850189766648,1.0449137824666792,-0.6357229541584493,-0.13124768838404552,0.8857629380727756,139.9895748544446,0.06706938306901232,-0.012333983009586389,-0.04354588372440004,-0.040738180086007846,0.7408639847000902,0.0006469468877844319,-0.08899065482693047,-0.05528751180410634,1.2349987176911164,0.48820136251218704,-0.9938388667774983,0.997775592885733,-0.05351623367862488,-0.015509242440292824,0.008101613484435308,0.7966966799083315,-0.01012449919015978,0.0005364453852012134,0.10057053847404827,0.9806263556905763
342.0,0.048080854960258455,0.020565909178866474,0.010722315267636253,-0.54348160239187,-0.02467590776869312,1.002128473306044,-0.6053622517969423,-0.17200252602186142,0.9020820221647065,134.49891448514262,0.06681647171062668,-0.012113420864250974,-0.043451451002936396,-0.04250408244862104,0.7126884819923968,0.000258619552396702,-0.086648076490184,-0.05465511285617721,1.238582654514947,0.49608624719040967,-0.9962764565772011,0.9977739445150389,-0.05391624557913577,-0.015125117358199543,0.008239062876645782,0.7959153347948349,-0.008496008687182881,-6.902131054629596e-5,0.10172915266970922,0.9806461660811232
343.0,0.04653215777012124,0.019423095638824807,0.01050718157624459,-0.5136801012518302,-0.024996892768194334,1.0146284917563053,-0.6198881375715836,-0.1590267240987724,0.9068792131558973,121.30667991201653,0.0669793763094155,-0.012671526353959853,-0.041293586462340826,-0.04318852075761684,0.7835717392808201,0.0008870215146243551,-0.08955250357784089,-0.0544023570302759,1.2375525536566865,0.4895012825822429,-0.9964564295140285,0.9977770324808823,-0.052621249490122084,-0.015354517130832898,0.008161885485589696,0.8011416290708071,-0.008579480692914943,-7.97257792430455e-5,0.09991725669035391,0.9806220234462664
344.0,0.04523276739587496,0.03256030648489119,0.015063433725080025,-0.506219071822845,-0.022872155355806216,1.0480192562845247,-0.638874719453691,-0.13646052028766106,0.8833200709924798,134.36316392521852,0.06694596536345815,-0.012253043004957016,-0.042484245126176004,-0.04239286713332287,0.7352698118356416,-0.00010969959524564274,-0.0878919238510124,-0.05534095817526758,1.238411904186562,0.4935020684809682,-0.9947186777132468,0.997773122048172,-0.05397599433646723,-0.015192517393982146,0.008533886995942822,0.7951478967063155,-0.008165960912068023,-0.0005537228127187509,0.10203016578788027,0.9806545149064438
345.0,0.04434394569805134,0.04203239317886776,0.01747888923226765,-0.5108984275699073,-0.019836500481954757,1.0473014580211732,-0.6419956681017239,-0.13227212985219058,0.8813109270851894,150.48383035980942,0.06713515356937372,-0.012515232431119308,-0.04403672930205154,-0.04286840297699205,0.7691332274853442,0.000718171697739979,-0.08937736544669987,-0.054879866881816564,1.2407440706476613,0.4993048394186775,-1.000802797809804,0.9977774211824011,-0.05277684688129421,-0.0157169950282018,0.007529350093834752,0.802336714584764,-0.008353936270245011,0.00019400370297990827,0.09899295977650645,0.9806253655412427
346.0,0.04694617283229202,0.02113988704323313,0.017096215052776018,-0.49396459571133294,-0.0215773751735939,1.075921845645612,-0.6428738295507403,-0.13185986935023308,0.8786565916649552,125.6645396452397,0.06707321607555987,-0.012766978192283193,-0.04396262251277338,-0.0395580343831834,0.7813901791781896,0.001103921443130313,-0.08983438849929878,-0.05376017738854122,1.2380695351403654,0.495041865609584,-0.9962274737493241,0.9977735970403638,-0.05413048288120421,-0.013423904615479704,0.009368430378608864,0.7958573303290384,-0.006120704917701955,-0.0009962217935434684,0.10269776252059952,0.9806538446921667
347.0,0.04691938757918715,0.024519371030161198,0.01726263267002589,-0.5113569143579725,-0.017035921267208227,1.0027526846932207,-0.6486471200441971,-0.14431401878245723,0.8977766131475499,187.40841186838338,0.06658433347325982,-0.011791265883249287,-0.04365891015826825,-0.04612448799842764,0.6960585520224791,0.0009296501649167128,-0.0871181966081346,-0.05565369863149627,1.2379357878609243,0.4941756364261509,-0.9958918341388906,0.9977735596114652,-0.053357155323431465,-0.011621381165535575,0.010676019953678123,0.7964767960104302,-0.004245243471588954,-0.002114525194659522,0.10289421538249412,0.9806596448891098
348.0,0.04374384342265556,0.033903702749137184,0.012801905261220284,-0.5007622025443014,-0.017739781664853852,1.0148064757640807,-0.6567791026675305,-0.11237142710745816,0.8917270461658641,84.65289432840844,0.06590994780016332,-0.012768320319057013,-0.040240082262414614,-0.04129415554336702,0.7878045506798309,8.64247727485377e-5,-0.0896584364294847,-0.055022736812414985,1.2421935557566977,0.5046807541581788,-0.9993456044498593,0.9977731205548406,-0.054320756705598355,-0.012677014833248105,0.009569899643037243,0.7960304417660298,-0.0030687323824723483,-0.0018285186140336255,0.10266813853149441,0.9806755909478038
349.0,-0.15868278838432903,6.031417638964936,0.028240459532711596,1.549537956658856,-0.04784965930146201,-0.2392902645593138,-0.06019589248657664,-0.7506850225344364,0.7828432739155903,0.08035534519775535,-0.01429011038812634,0.04683912411068352,-0.04905184281769359,0.9694943649438121,-0.09065308823840643,-0.22092537001991752,-0.15094158721726947,-0.046172235503816,1.2381034760409324,0.4850170783146477,-0.9937240468489532,0.9977690914813584,-0.052893245365344024,-0.012316845967034726,0.010011847304439792,0.7960494688781792,-0.005219116869006226,-0.0015639208890656016,0.09880294227518405,0.9807003329268311
350.0,0.04792934848106437,0.022488648939468208,0.01920567686067588,-0.5029195985536739,-0.022535228527329938,1.0303840115871288,-0.6467575821655344,-0.14955418970446469,0.8930223193845003,147.96902852407266,0.0678889618786647,-0.012604102351574484,-0.04425996663945982,-0.04192391318682423,0.7666575323255364,0.002601232699052732,-0.09032506458673274,-0.053768709913461055,1.2393593481476541,0.4982644396685664,-0.9971713916387083,0.9977741137228573,-0.054154024021925366,-0.014330322718283032,0.008692127524241077,0.7965197324225719,-0.006544294184182027,-0.0006043737789348321,0.10194475308262953,0.9806550302114789
351.0,0.04754812860506186,0.01911937575868215,0.021333840074282132,-0.4846334787874884,-0.020731685068496465,1.062351155472059,-0.6652932104064797,-0.12892592271704792,0.8764206544233524,195.63677289401826,0.06672432104669415,-0.011446837199457863,-0.043438605824167656,-0.04107247360105901,0.6619920110644149,0.0004367695695466721,-0.08377269300610299,-0.05455862977658369,1.2414164158688885,0.5032921463950474,-0.9989062148167321,0.9977742856050396,-0.05410795918852026,-0.014793197432457354,0.008715135976137003,0.7973014956993654,-0.007399058146545189,-0.0007058424609424277,0.10132466569923702,0.980654295774338
352.0,0.0473648783156281,0.02365761373622127,0.01818475425146332,-0.5012585327557694,-0.018776644741916183,0.9875118008135,-0.6674412572509933,-0.12494235748026297,0.9002388886952603,157.5991729757247,0.0672294014672611,-0.012468715994637721,-0.04466188478293882,-0.04286772940790185,0.7385216141971951,0.0011663598995298107,-0.09062001260895451,-0.05543226310370649,1.2397378367761884,0.49841783985261645,-0.9969296395274119,0.9977740973577489,-0.054144524222642945,-0.014550455858818985,0.00878802339678286,0.7960303273338514,-0.006997376866321605,-0.0007486465471327756,0.101951905895046,0.9806534142704961
353.0,46.597326150207074,-0.10369777009475196,0.048746745361836506,-0.4101544906104451,-0.24192015594972913,-0.7740710664246433,-0.6781240559322823,-0.1543264356387001,0.5606784621161838,-0.39822357275473147,-0.05734698921123434,0.00781329605619119,-0.02267112624330414,-0.08290340255631092,-0.06864342604309819,-0.05040102663091619,-0.23336641800591518,-0.23502261127058016,1.219591984627376,0.5102405479976723,-1.0051009366693886,0.9976181832889768,-0.05098190586069394,-0.019045305226235598,0.005353149549984045,0.803660165250468,-0.014571296075149733,0.0015535896688582723,0.09123227740320113,0.9821134836662793
354.0,0.04740969212418429,0.018453900581991787,0.013221876487308593,-0.5184530573428002,-0.014520200800246089,1.00952629376489,-0.647387787714629,-0.12737824796566924,0.890687549852883,169.62744672359432,0.06701876335786999,-0.012492992252129097,-0.043145960970412275,-0.042493537894565205,0.7398600324141783,0.0007724657191110759,-0.08816607423371782,-0.05425925656579641,1.239106865084011,0.4969474497461382,-0.9962078993294602,0.9977740705918181,-0.05426892381493225,-0.014413909640401405,0.008982539945757326,0.7952832431726589,-0.0074226732948252236,-0.0007985536759757333,0.10230281456271226,0.9806507170344905
355.0,0.04795059591741198,0.020322773380048675,0.020003295159846998,-0.4889100594846712,-0.02007434096004786,1.0028732713577808,-0.6702073163914318,-0.1385415792809127,0.9002361431347365,145.30130607910428,0.06797613254607254,-0.012052143419072731,-0.04428780455445303,-0.04084268310427714,0.7122040286266492,0.0016724800562245687,-0.0884034211168255,-0.0549971144500121,1.2389952886062892,0.4955042390096103,-0.9955116652467177,0.9977740416928809,-0.05411032688064425,-0.014806816276857718,0.008842462397773535,0.7955379254721651,-0.007870084885047472,-0.0007517244073204897,0.10208867666826303,0.9806502508854187
356.0,0.04424867500772683,0.02891714392658523,0.010387629564789178,-0.5000490821025232,-0.023982656054581542,1.0080233104536231,-0.637564186997451,-0.1349478828448496,0.9065828635301463,147.06298267374345,0.06650082370472385,-0.012610026938335721,-0.042331661313168845,-0.039456985870576826,0.775346929640407,0.0003970904903541682,-0.086876858441908,-0.05404889986684186,1.237504359516974,0.4903364966149319,-0.9935221650986197,0.9977751914093931,-0.053931898898132796,-0.014299296693952041,0.009485266245819957,0.7952134998741873,-0.008196536081976255,-0.0009526848029368549,0.10172510046129077,0.9806410763110305
357.0,0.04626738457167894,0.0398845750365583,0.02129824425658245,-0.5150266953854328,-0.03151425888385642,1.053252219073834,-0.6359776431451566,-0.1373302099167302,0.8764382492837608,158.02808852054466,0.06730052998575375,-0.012377755140509447,-0.04361942373182761,-0.04115336902479817,0.7344467785873868,0.00101641960175545,-0.08905217636787899,-0.0551097633167203,1.2394014817163732,0.49467499663480863,-0.9950862253307345,0.9977747354237521,-0.053579158190313864,-0.014879666151375858,0.008714975932058932,0.7973309308249545,-0.007650857502572599,-0.0006420645103650466,0.10110009117270002,0.9806503172784229
358.0,2.535697793171697,-10.206675095589553,0.0407286439105486,0.03356834809187629,-0.0735494940544512,-0.5235041301490823,-0.02165450907386063,0.6093365816067388,0.732832823708346,-1.1688536613104765,-0.05002987677682897,0.007674865233160201,0.03081463033308418,-0.2173844723763659,0.32959783490987027,-0.0497761226554696,-0.11958628309321678,-0.14798631218118088,1.2518750583001477,0.511567229662125,-1.0092483807629722,0.9977759376680264,-0.04930867302568525,-0.018174417498211647,0.00479818471657526,0.812986987575127,-0.008238284657812593,0.0015075413273219532,0.08955858312531906,0.9806942449196199
359.0,0.04767971494842587,0.020789772527398383,0.012950457565152576,-0.5278341134603142,-0.02083682327925401,0.966263827762396,-0.6423233677590952,-0.1401784405316532,0.904437969414973,202.83085711728222,0.06662276330386616,-0.012394015041459755,-0.043750184303152674,-0.04073958663729998,0.7124940251797267,-0.0004645631873948342,-0.0843176286865821,-0.05311088030938238,1.236927773691203,0.48747663527935525,-0.9921815632727758,0.9977759192905018,-0.053457285179396394,-0.013937841928003052,0.009374603863444216,0.7958996965906704,-0.00701635702380376,-0.0008764738476545889,0.10117425734284385,0.9806443959634599
360.0,16.413948960078017,-0.050460536686830704,-0.0326775265186365,0.00668568913553189,0.4511196111365732,0.013196619526931337,-0.9779206685754237,-0.05015370818279831,-0.9468085112137707,-0.07070736780350707,0.010086446971525052,0.25449511390801216,0.1378221856788563,-0.5765595308483302,-0.04852244701854345,0.2715507413085233,0.2580677136743169,-0.08704797719663139,1.235136733830351,0.46745152103410015,-1.0059512227488903,0.997675407767427,-0.05044053125248939,-0.017419744154197045,0.007720136424206674,0.8000849623150075,-0.014929748183032764,0.0004318848907851666,0.09199838981333125,0.9817469382474531
361.0,0.04565473177777698,0.04630767040223256,0.01920212836782254,-0.5349890845852829,-0.025901918110966083,1.01970510896691,-0.635996684139117,-0.13454102963098752,0.88000183906379,161.79203133886816,0.06740928224562368,-0.012537326105857406,-0.043866440323747,-0.04332177288821877,0.7384490456680426,0.0004117340595511039,-0.08906336430404527,-0.05499398182474741,1.2327137972705668,0.46937843380148814,-0.9872939017847145,0.9977833835101309,-0.051163219055419804,-0.013007662278978548,0.010123606544575114,0.8015123252721497,-0.0065992354801399184,-0.0012332817765863598,0.09877534027304204,0.9806015120459783
362.0,0.047806311373439984,0.020180066100760844,0.011194804366145292,-0.505414131549658,-0.021777045516398506,1.01882288300323,-0.6314258596391106,-0.14451345577280433,0.9051011338027334,163.88211418147637,0.06969717063085618,-0.013365009258407532,-0.04155320065915166,-0.04323858936303818,0.8184921187816151,0.001029525872739477,-0.09198918845604646,-0.05410822811765149,1.1713335693400988,0.28160881544533667,-0.9026474847988021,0.9977873278557601,-0.04700483681903385,-0.007514729893058322,0.015562595186421458,0.7858195111953483,0.0013408358911582178,-0.004733164269463514,0.10322783105252187,0.9804338064204345
363.0,0.05192180579218261,0.02028510856185284,0.024970140121160993,-0.5152965760837135,-0.023388885276498555,1.0447934414855402,-0.6630772094516223,-0.12471905871955215,0.8714838688294382,123.23907730854162,0.07099021927960605,-0.011543412741693135,-0.04246533716048172,-0.03928089688947576,0.6411265381390057,0.003013292805973534,-0.08602347073533208,-0.05419317897377097,1.1706728244299094,0.2796306460544082,-0.9017769326917487,0.997787247356009,-0.046566108563889784,-0.008084792879252359,0.014926505162550107,0.7855379238333331,0.001078690874121935,-0.0042593129828506085,0.10296344156832746,0.9804337228822748
364.0,7.156267716546279,-6.976071624013013,0.03240859950300679,-0.04997620615550576,-0.05000176099555131,-0.21894083203626125,-0.11688238891990223,0.6860842062398521,0.9175745041166244,-0.32812564634052593,-0.05439374757390867,0.008453108166028738,-0.05248249147019473,-0.10382704195021393,-0.058668709985598394,-0.04330471652198581,-0.2143695994533933,-0.20700592908244494,1.2311681113222683,0.44486572355687387,-0.9786138315726159,0.997624789343835,-0.04818614353795101,-0.015711466002692482,0.007238022344576059,0.8061662567470069,-0.009038526088109422,2.4349725106337502e-5,0.09204650206743546,0.9824152373999417
365.0,11.157672008759848,-0.05370951315596405,0.039165617130572136,-0.19878847518162573,-0.08305839994457048,-0.4864888722123255,-0.6994798394757418,-0.08012010748477909,0.6579505349456298,-0.6933048379559553,-0.057613343089983955,0.00720119963181397,0.15621244050901303,-0.054667182694147595,-0.05014404162050363,-0.049813353238442194,-0.20553561749247728,-0.22138744195440874,1.1940962752685287,0.3624493580388371,-1.0034558261756623,0.9976605806028622,-0.03926505835926292,-0.02203462345603078,0.0030728443608395656,0.8382255473276037,-0.016913479296410166,0.0029373050618513035,0.07678915407085402,0.9815819000262358
366.0,4.461377070078003,0.047096803985160994,-2.7131855905865163,-0.04993808794587279,-0.6412907704415622,-0.06653027779931733,0.563453838001995,-0.6669250730118501,-0.0497703331890052,-0.05631491116745083,0.056838383961741144,0.008561548263867938,0.08750772130672647,0.28858171918990067,-0.04100220954477866,-0.05825354236023503,0.14246950200334949,-0.16055098276937277,1.3167995295337276,0.4401189430498874,-1.0069606645419915,0.9976850661906449,-0.04559579321356469,-0.02049292556719869,0.003884429424575744,0.8207406355136349,-0.01224733698122758,0.002321974541387619,0.08742383760394895,0.9806039403932076
367.0,0.04745515763869174,0.019466840975787592,0.008656056048672265,-0.5042857221962113,-0.01893057401524031,1.0137951235847127,-0.6255887111746912,-0.1464411442120264,0.9130092423518893,152.9147025078608,0.06927523705401069,-0.012394045961724843,-0.04470045888798135,-0.04026226542167167,0.7374052861741173,0.0008347755739424782,-0.0885769557399287,-0.05527131377845271,1.1694943727301341,0.2752354122381719,-0.8998324692690688,0.9977874124580739,-0.04650533233322559,-0.007643538988649424,0.01572969396230809,0.7858568078091166,0.0012685708053150016,-0.004852139922148539,0.10308042923033632,0.9804309460936735
368.0,-0.051520582819191474,0.02589078865406869,-1.184075638013764,-0.0355211692309662,-0.44118995375687764,-0.04512693483868183,0.3483017511147681,-0.5628931444104305,-0.7933080630053899,-13.875930054694258,-0.07351737692449868,0.018616760068619637,-0.5988977881354975,-0.05004712675650118,-1.3747202253773614,-0.0808800993699456,1.0402491293467553,0.45589739240218946,1.2343333278312734,0.431869636343264,-0.9703666976139176,0.9977857412284366,-0.045756524932875825,-0.01413325089028959,0.008960684594910473,0.8190117464955815,-0.005882119080451248,-0.0011706723221921985,0.08988179770231333,0.9805931815851363
369.0,0.04829831131053821,0.020212075678746937,0.011058489393307383,-0.5120078440442496,-0.02081183946160781,1.0224794145389144,-0.6419801443068824,-0.12154224777261803,0.8935919275708735,134.45103040047647,0.06970853533462186,-0.01257847331647518,-0.04196657704819801,-0.0423645557118769,0.7346511963323298,0.0006594695209005132,-0.08916516769864259,-0.05508182474108551,1.1687311524696893,0.2726410503322183,-0.8987006492196555,0.9977876170390176,-0.04608379434123755,-0.007074694335664329,0.016288905401275585,0.7858933403306387,0.001824397119223,-0.005188128461661901,0.10314015427577361,0.9804294345066771
370.0,3.655310213332387,-0.09897037494238729,-0.020300827690816495,-0.06399930795573906,-0.06171368459309298,-0.11733936092716596,-1.1273203451964486,-0.04920444381915777,-0.9066341382891896,-0.024470247486060796,-0.1852247251733321,-0.0700175153806497,1.9679239293469588,-0.05265681024030836,0.5384149592714691,0.03973139582069274,-0.06510707484711356,-0.0488860941697562,1.4641428819945321,-0.22407702696193127,-1.8466515823897123,0.9973226738558421,-0.03578528982040072,-0.00023623609181360345,0.012371655546126093,0.8848029146096801,0.0083485554745797,-0.005890597449481308,0.0783022465138077,0.975917841020683
371.0,0.04788448988635131,0.01702118781437397,0.01274705459476315,-0.5129615136599679,-0.019445494571959696,1.0344426080050153,-0.6379701868360756,-0.13988584964290812,0.8899156332486333,166.19140456028023,0.06795777934750338,-0.011898764278214246,-0.04498928714427629,-0.040910846318482394,0.6921457119211213,0.001234424921936926,-0.08665202009551834,-0.0551686850955007,1.2209713977782606,0.40958004664527764,-0.9593366258193263,0.9977820079262423,-0.04642600514207203,-0.0151312061299392,0.009368615097881172,0.8115878579895823,-0.009622717851854572,-0.0008133681347054149,0.09396646906459927,0.9806336487702623
372.0,0.04508171417809778,0.026436706164227962,0.010032780607972996,-0.5096033267593272,-0.023098214761742716,1.0022389913713188,-0.6328341098257884,-0.13955988458364074,0.9086844225481615,165.92594263151014,0.06717999781467594,-0.012633768166637319,-0.04396388938592928,-0.04260511141370955,0.7694416966506944,0.001054467025367059,-0.08870850970020981,-0.054765197190221,1.2215017255638796,0.40943365859872544,-0.95907758880873,0.9977816933944843,-0.0459760493978487,-0.015178100611091604,0.009380562781619636,0.8129789464221966,-0.009629951469607144,-0.000845349036372803,0.09314357632089855,0.9806413536279122
373.0,0.04655522317843181,0.027362943082816445,0.01174575764000597,-0.5212424313679795,-0.024100649073770773,1.0293684612955167,-0.626992820126087,-0.13794615729185888,0.8902662396350394,126.32846842118283,0.06753362612247166,-0.01218450237322688,-0.04307048637580175,-0.0412739695590265,0.7134113905082582,0.00035723507614445827,-0.08694940155641266,-0.05538430850790133,1.213658263028356,0.38542328073224696,-0.9489297716010419,0.9977836995070586,-0.04549005481706156,-0.013234510155612899,0.010854446076002649,0.8099066925703888,-0.006879219349608362,-0.0017297374954317684,0.09365274404456317,0.9806251411779241
374.0,-0.021007860392469813,-3.3468707168209844,-0.05008005738314078,-0.14387417212025103,-0.04952858688871798,0.03557433647299817,-0.8971283501226764,1.1358289404763637,-0.06743384455095719,0.004696881180685979,-0.05000671638917797,-0.22965881948654387,-0.08091032501268551,-0.059521280636402545,-0.04985039978332592,0.42367922759824483,0.29970456380937655,0.07037361020491138,1.5061164744261395,-0.31945732317001174,-1.6880805867571054,0.9972416078738424,-0.03078234972727678,-0.0022302717699846635,0.011604437786068544,0.8859370979382006,0.011945159172838851,-0.004607426935751972,0.07258753191189217,0.9740977227951377
375.0,0.04768669250229833,0.030974607756005915,0.015573061464968167,-0.5161115957481676,-0.020806825368064,1.0045481130850615,-0.6508627638205654,-0.12633486342092692,0.8937853440628508,117.34153039393593,0.06920776848199763,-0.012825752853649938,-0.04341481560116877,-0.039502367499040576,0.7473356370436345,0.0014085113895504755,-0.09037928597839406,-0.05462576285456106,1.167451750213858,0.2681307940042119,-0.8967025370953615,0.9977878357918113,-0.045599235015751347,-0.0065307747835172715,0.01745269627263209,0.785963120954323,0.0009682685127118236,-0.005847073484761704,0.10365522461911301,0.9804266208614913
376.0,0.04869081550784045,0.03460434251415423,0.022457836057999964,-0.5007866563226236,-0.02236632106895333,1.0278592666950983,-0.6545656006715337,-0.1334672758500316,0.8910060190373874,128.3671109564507,0.07002857683373374,-0.01248644803912658,-0.045659037593162866,-0.04095975657035572,0.7162446753864852,0.0017264448317004053,-0.09151797595859205,-0.05575500136039435,1.1677394939132368,0.2682909389048611,-0.8967919167761425,0.9977879561636065,-0.044900289671063395,-0.004970191115308428,0.019215350543218945,0.7866458078333407,0.0019508624385391516,-0.006845395546506232,0.10361911671276994,0.9804288452088015
377.0,7.376347135332459,-0.002059786479683007,0.026302376102477425,-0.04279327646874582,-2.183142688973753,-0.04621300662528755,-0.052351677848817044,0.920854083973679,1.0938362126071404,-0.15177909945079873,-0.04253360056422316,0.009365361193855818,-0.04430619686025073,-0.17825968085510768,-0.0731045597920722,-0.04232339501050742,-0.2013047007397832,-0.19152851755275982,1.210881606582331,0.35440912904103855,-0.9382612294886205,0.9977889960547555,-0.04097828426590356,-0.014584394599371626,0.008809962756297538,0.8255369167953259,-0.006090305353847513,-0.0008569278202570137,0.08411909191345818,0.9806132510017647
378.0,2.8889455442713556,0.033597597601238705,-0.17553796513106157,-0.0421892845524992,-0.218365032640586,-0.11376701145909643,0.7761079303638542,-0.9434088509737744,-0.05235141548694907,-0.04998465669234903,0.05514569804166976,0.008208520592323349,-0.05000531293341845,0.2753214773357412,0.016824222081449312,-0.03922195376778504,0.18097339860257033,-0.18237763193296508,1.1674594184629232,0.2622615589123632,-0.8948545295233157,0.9977868850743707,-0.04440661173725627,-0.005859541704023915,0.017756786971309623,0.7855953259594388,0.003220991674656462,-0.006108589487065012,0.10195730950736857,0.9804496668868772
379.0,0.04741034733330212,0.034543763974711574,0.016090287117041975,-0.5195646304380221,-0.01960070145714849,0.9934052257643314,-0.6418854811495099,-0.1412495815425643,0.9005470141938665,132.7721802845396,0.06899211129731744,-0.012728989647284417,-0.044022193987048056,-0.041724325779539224,0.7353805731720521,0.0002933693130068293,-0.08837685022235749,-0.0543902701168822,1.167326028127648,0.26629354902849434,-0.8959028636697465,0.9977880761319757,-0.04491098015961193,-0.004792550223324075,0.01914287883374191,0.7868224297594033,0.002583958868255817,-0.0067235709789092305,0.10301641348669147,0.9804316017676238
380.0,0.04969310608514821,0.019839094115273573,0.0185958733904988,-0.5055649612325857,-0.01773485058660049,0.9914621492476385,-0.669385702843062,-0.1255786466976625,0.8941262707385942,140.13863737083267,0.06936240711935143,-0.012339050450446714,-0.042904088483116075,-0.039924846408464,0.6913367016293475,0.00041138965883669306,-0.08708626614674568,-0.054019158859650855,1.1668578101663274,0.2650937278872774,-0.895336048859454,0.9977879824066458,-0.045075113564845386,-0.005764147836083665,0.01858011055468204,0.7864675050569938,0.0012685555328012456,-0.006328204183174337,0.10321345447180322,0.9804285502910257
381.0,0.04775052432544513,0.036035967095686294,0.016589845174521344,-0.522451547901339,-0.022069590243813185,0.9827644281316825,-0.6595798753713626,-0.1171783312734189,0.8938370991812871,159.23966150075606,0.06961172376284239,-0.013257387699037343,-0.04395038658130244,-0.04164586228423212,0.7777295863652319,0.00117053205055856,-0.0920128384357391,-0.054505793721120244,1.166492034093984,0.26340324354029865,-0.8945932509267873,0.9977880115184175,-0.044695886087939715,-0.005646534785857583,0.018686084517286542,0.7866471379881086,0.0016896989718720708,-0.006455136547723798,0.103198260429832,0.9804295443884357
382.0,0.04945625013325039,0.03867445564544286,0.0208518570790668,-0.5312612279635134,-0.02603458326731401,0.9987180481749895,-0.6444953960802292,-0.1346683528961487,0.8901544083124513,170.80451605131896,0.07061510014441343,-0.013057430806887286,-0.04214669388945651,-0.043076597703629226,0.7530565312595978,0.0018075034966125191,-0.09081832659225599,-0.05376174329528723,1.1664129210593017,0.2627157331161733,-0.8942708676845891,0.9977879555662446,-0.04477234993549397,-0.006038427428335117,0.01802667996850597,0.7869020649313754,0.00137499299461606,-0.006351572754509372,0.10342913425530254,0.9804299597541704
383.0,0.046239466478123006,0.05431478039012448,0.024824871858902343,-0.5309733726247974,-0.020503348369598162,1.0336873259144106,-0.639862409037408,-0.13037936953074752,0.8752279828502006,125.7557795334236,0.06805933585909994,-0.012679441848418748,-0.043463049405808064,-0.04369713947214761,0.7480947115554359,0.0008511215318969441,-0.08908454495957971,-0.0541603617963415,1.1890884120090763,0.2804982623903629,-0.9011504841260656,0.9977853204402065,-0.039557585646075775,-0.013962925096978978,0.011168124547889529,0.8201264180574583,-0.008142505040561021,-0.00200719066446542,0.0886704347712079,0.9806204499743001
384.0,0.04573053389797494,0.039878128048345604,0.015982120726305,-0.5096165541433676,-0.0198176947115402,1.00608213417483,-0.6511312877877754,-0.12474517018476246,0.891264829769195,183.73461770263378,0.06786127341817874,-0.012794461008815969,-0.043086215421108895,-0.04263021200990441,0.7446773549548064,-0.0013417381632454158,-0.08717601502312411,-0.05441047611859912,1.1669153084236017,0.2634500483687533,-0.8945165525915834,0.997787726636624,-0.045109992296918436,-0.007002223604442198,0.017384627550300843,0.787570802129349,0.0005652511482769521,-0.005869720833594197,0.10275692146411008,0.9804318256901852
385.0,0.05007305695534729,0.02164976291052282,0.018543360548133155,-0.514439776279345,-0.01613733970534421,1.014570642069025,-0.6635470471321103,-0.1191531288752207,0.881725133182251,140.6903209383904,0.06941231585238487,-0.01149947780479593,-0.04397888239645195,-0.040869357505127234,0.6179269578027338,-4.055024215148713e-5,-0.08441116770275982,-0.05561950397646898,1.1665189609033544,0.2622184358450055,-0.8939807923886312,0.9977876801234842,-0.04479214758009571,-0.007515101681268174,0.01694966280782147,0.7874014569440153,0.0003343690594191887,-0.005555385761150666,0.10263005729178809,0.9804315574879972
386.0,0.05068632143009677,0.021534993914294868,0.020217398255053243,-0.5156305628384706,-0.02100934148938494,1.0606734426565554,-0.6527160144848708,-0.11919916987538655,0.8642793782482932,157.2904688477412,0.06932059052581277,-0.01124030230038091,-0.043579394446998675,-0.040005627741795786,0.5920249852244616,-0.0008464944849701623,-0.0821703059463024,-0.05536363542017875,1.1666967927797622,0.26220922649125356,-0.8939549041918735,0.9977877132636124,-0.04474911515266587,-0.007645303473982261,0.016840922404397517,0.7878209655315354,-2.2128431661678457e-5,-0.005538059144736028,0.10230379067628416,0.9804330887828963
387.0,0.04545020814041094,0.05286164478834011,0.020857634374768754,-0.531067953863705,-0.025177076657768166,1.017556724075208,-0.6463641654798635,-0.11798284420054694,0.8749469607047056,123.39150785786252,0.06656692036975997,-0.012269668833581245,-0.04350333302546232,-0.04174790136785887,0.7037859011697305,-0.0007272343857066287,-0.08830274887738511,-0.0561637541722263,1.1874375268509831,0.2745355023342613,-0.8983038217972635,0.9977856827445293,-0.03932044642236453,-0.01397669129408134,0.011277430879963031,0.8206293178807875,-0.008108786161302018,-0.002040798120652855,0.08807635114154766,0.9806166505930669
388.0,0.04682881989300735,0.04636410496381119,0.022846882756247192,-0.5182426396646403,-0.020480625803683077,1.0228369735659224,-0.651472961724762,-0.12688475331980642,0.8838888878833738,130.1414634316021,0.06861118889026445,-0.012497485648350432,-0.04433741933787437,-0.042541033285151526,0.7255167518282807,0.0017937607836416441,-0.09131891741326893,-0.05570184344491423,1.1852699135015103,0.26629969509212287,-0.8946754897338128,0.9977853171767233,-0.039125395246862774,-0.014443029698857765,0.010847678404061757,0.8198160683227744,-0.008893781159067742,-0.0016101258026515921,0.08800802870020517,0.9806240785426612
389.0,0.0471826493172918,0.042552595023359285,0.016403129764259564,-0.5292494574945128,-0.017568527773749617,1.0298611262699193,-0.6433488132190599,-0.11444064132218702,0.8730905619932817,155.38838670128965,0.06840861299336787,-0.012683853245155046,-0.043558946961573086,-0.040777508888682375,0.7177808132972658,-0.0013092953499380443,-0.08756043455655284,-0.054933800228195356,1.1666415887890207,0.26260465254362353,-0.8941400784114678,0.9977877167743043,-0.044888600362222406,-0.007450273919332571,0.017277713419260148,0.7874223623777723,-0.0004982066340660306,-0.00572756224872252,0.1023943356184125,0.9804314071485714
390.0,0.019898109433126185,0.05481579776204009,1.4802464325357045,-0.052710111030576615,-0.04836808090356357,-0.0013916698008435268,-0.6931189319422589,-0.1423839204095473,0.964053596254063,0.04187712351628935,-0.045217048300847586,-0.0041241243076869495,0.014753733694935165,0.22679841896023203,-0.18386355859219372,-0.08286493691830432,-0.04948645173066088,-0.037907320274700174,1.5088966829149841,-0.2779776309398961,-1.8151354194581448,0.9973295170671297,-0.029862555248358312,-0.007053095140883351,0.009145964082669985,0.8962955222478266,0.0015763900479178515,-0.002113287874438945,0.06617478967582356,0.9748312874976546
391.0,0.03335111043170091,2.7674782494824233,-0.9660329256591065,-0.30592157190497127,-0.04345945521385216,-0.04986877390147303,-0.8400710769350599,0.6443024887479213,-0.10000848737242618,-0.03564019381070733,0.06370986168237425,0.009522675168427601,-0.05089955580779993,0.24597993309028524,-0.08768366634434328,-0.04979038988897625,0.08765702304078725,-0.10718331003601902,1.313661182967248,0.31916429386780326,-0.9428665139324942,0.997688191898112,-0.038120086218471974,-0.017267868512433667,0.00755695728642278,0.8351304921620784,-0.010506082649484237,0.0001886391497901313,0.079663419841594,0.9804298290311633
392.0,0.04581648889002165,0.04838278976958904,0.021900622825404524,-0.515882932845705,-0.01809117925413383,1.0059619731018583,-0.6536186137030736,-0.12250956859941059,0.8900003302157083,156.0937532705499,0.0674399771191306,-0.013216983159178635,-0.04338374242552065,-0.04219029207686937,0.7834349588705852,0.0009805112508362262,-0.0904891417064132,-0.05351998118034708,1.1843417093875992,0.2633787083846649,-0.8933473499945408,0.9977865481264772,-0.038891403047253026,-0.013639308755698758,0.01171486764972632,0.8206257861591777,-0.008269307355794338,-0.0022234332944147494,0.08846914890592471,0.9806153859743463
393.0,0.04934927124336086,0.020362594670998133,0.021135702458505018,-0.49682158450864533,-0.023030673750394363,1.0258058764161408,-0.6574939059937763,-0.12370439098610408,0.8896441578425156,164.08713104239362,0.06821698488451934,-0.012812885647766921,-0.043302232046836295,-0.041116261486636926,0.7377641107679526,0.0010266986376403378,-0.0895921973287351,-0.053751557128071975,1.1841318887588765,0.2589843683885296,-0.8910926564590951,0.9977858227201233,-0.03888490349993121,-0.01464588754805363,0.010943724949539728,0.8210961909829144,-0.009565182357026409,-0.001618703923650894,0.08771061709074399,0.9806209943856705
394.0,0.04943013127085202,0.022454903634614963,0.02774577582867435,-0.4710253964556218,-0.014722651205916093,1.0813913966056241,-0.6654605867790165,-0.11404475955019269,0.8809803292961523,128.11397939529044,0.06868726956893503,-0.012457380085239868,-0.044408149502940725,-0.04045796849465097,0.7211197845624358,0.002146428966380677,-0.0894816728768736,-0.05408628492078351,1.1860084327330462,0.26382226536907816,-0.8930595743043899,0.9977862632142147,-0.03863350476642856,-0.01486086649688619,0.010818384521545361,0.8228157230803987,-0.010246395868375738,-0.001597463288592239,0.08742699979022746,0.9806209793173417
395.0,0.04776283102183277,0.036313468433600664,0.023702604701689032,-0.4948211464935479,-0.01846743925646191,1.0399707818375516,-0.655780385591677,-0.11905017744841823,0.8851223025311485,147.18306417139146,0.06799678659515884,-0.0127659103765778,-0.04371010767065769,-0.04098755472606224,0.7353605957865632,0.0007135391919787776,-0.0894940976288341,-0.05439381179125992,1.1869556267092074,0.2667279190943726,-0.8941086778595774,0.9977854495676337,-0.038909983370572096,-0.015846123485155312,0.00990481338512705,0.8221682063789935,-0.011414947812767426,-0.0009239091421949086,0.08673531784346557,0.9806296039706475
396.0,0.04603069547684866,0.050764874606926066,0.023445806521843242,-0.5103833825412666,-0.016921214083879466,1.0299541998350306,-0.6585763097461198,-0.11019822635784358,0.878906170036462,169.43466373662872,0.0675438649370376,-0.013129596515929839,-0.044065452668103196,-0.04314482829539588,0.7740166160245209,0.0005385147906024044,-0.0914178010447305,-0.054520253782035545,1.1870602532933492,0.2662238816237063,-0.8937552021132924,0.9977851986204307,-0.038976025601093846,-0.015970762086800976,0.00989974730389694,0.8224187749670839,-0.01201711991249261,-0.0009103343192804334,0.08706588496621794,0.9806359483826708
397.0,0.04945229876823365,0.01966690175731176,0.020667571211828197,-0.49848804637117083,-0.02112373301694135,1.021115524219861,-0.6461733384159486,-0.1486606429048059,0.896770387421584,133.97463560542937,0.0681378393352885,-0.012852568880741105,-0.04351753021903082,-0.04106629867010917,0.7476889883987661,0.0009679536610601118,-0.09035365138857655,-0.054064921039347236,1.188354799314033,0.2668059219161821,-0.8937921271796406,0.9977843422122397,-0.038833341786658676,-0.01751163642259986,0.008534383837560621,0.8246521248274119,-0.014052680902146545,0.0001080588870644237,0.08567674799928507,0.9806440072625648
398.0,0.05083260369062815,0.021343538742045188,0.01669258824273307,-0.5175599568069424,-0.023137507509293363,1.0481064723955693,-0.6407373884160902,-0.1339248331965433,0.8771551992779663,166.63126738666875,0.07099195805725875,-0.0126965552151782,-0.04387509320242565,-0.042457295836498585,0.721372912388231,0.00018949743193101082,-0.08933757435080691,-0.054663430033682556,1.1656575976148602,0.26169565556397745,-0.8937108166173255,0.9977876987678036,-0.045322453632654754,-0.010976332613490753,0.014827875796482847,0.7860722788361274,-0.0072267873113272246,-0.003787506509368307,0.10230766726211406,0.9804169823702755
399.0,0.04579206273150986,0.0401365202066345,0.01873735492271611,-0.502603569612421,-0.017497141813215357,1.0373720243604905,-0.6395947021827891,-0.1301781778806588,0.8905781057935479,124.35490973110318,0.06730787734520463,-0.013176890919194063,-0.044660201395390516,-0.04095108909290298,0.7808571044208901,4.7506255618577367e-5,-0.09159690146894887,-0.05513317857883041,1.188434962007526,0.2668667994855094,-0.8937465476841232,0.9977837149242252,-0.038922286892996566,-0.017766089143274273,0.008187009646124505,0.8246584690303502,-0.014645640577971865,0.0001558972854804081,0.0857220560322584,0.9806502749344461
400.0,0.04936930249490459,0.02002528208256782,0.015022733315291682,-0.5343748409424781,-0.026180703683589386,0.9914756172519288,-0.6277919731251821,-0.16191619307690946,0.9002892085307233,145.07098354466274,0.06749065679507793,-0.011869849466706113,-0.04408933777303629,-0.04093576594939463,0.664574278335664,0.0010670215321928382,-0.08594344768447815,-0.05497709582645754,1.1888365283822804,0.26406776102449814,-0.8923662687203462,0.9977848489153014,-0.038033457527775955,-0.020024727192771624,0.005445719565507973,0.8293127472097117,-0.015575914256033593,0.0019571336929537306,0.08278045762863431,0.980651422551468
401.0,0.025175072595075305,-3.7685957994129433,0.02521357826568962,-0.003199036553942611,-0.007288571114693918,-0.04527836865885907,-0.03883961929917701,-0.9690266441553033,-1.0890041705249818,-0.19074987358889614,-0.04396877908943429,0.009199162146247499,-0.11130886445344268,-0.05007489301004212,-0.05055197893610455,-0.05013985936161847,-0.1488406445103442,-0.16052343661351856,1.2515415079803063,0.3405360141198314,-0.9311103880336377,0.9976641968471869,-0.03778472378821331,-0.017075409060960084,0.005996733251051438,0.8417407144669671,-0.01193402580591129,0.0008565890315867982,0.07975370487697074,0.9817368738864993
402.0,0.04796938987281615,0.016100827466840915,0.014059397331055178,-0.5063335993813274,-0.01941688667878472,0.9678341497773236,-0.6575910657849791,-0.14601590566538422,0.913096927636632,173.28391506840595,0.06762845426025747,-0.012407895347980036,-0.042175186887587104,-0.042329220574128246,0.7123050330798631,0.000633089060817467,-0.08637449811554541,-0.05362012673923219,1.184795715363358,0.25149502035954113,-0.8867271400328388,0.9977832824304858,-0.03825327492998865,-0.018394754197201175,0.007683781775863926,0.8255734459740889,-0.015746874635636086,0.0007170047595293227,0.08470079070476819,0.980659539362513
403.0,0.04564401131635587,0.041333969596043206,0.017532821402654095,-0.5023293076825462,-0.01262682310894584,0.9931009978898143,-0.6657891340164045,-0.11456724381015802,0.8999947970225517,138.1570007381898,0.0679530516353634,-0.012948349853901336,-0.043355436376994426,-0.040940824146722656,0.7589103066984582,0.0007944888341352318,-0.08874423725060758,-0.053724144473004574,1.18339001136977,0.2464093297946667,-0.8844742717494469,0.9977830990531888,-0.037914605473141884,-0.018955784927650526,0.007144091339154827,0.8260101131746611,-0.016433180944039786,0.0010934108752531013,0.08383950572024503,0.9806605145583982
404.0,0.04812642236692766,0.016850760270524196,0.015505944311069907,-0.5021880277697833,-0.019048715125845224,0.9990153266649836,-0.6566122162345537,-0.13671477499952056,0.8988364164535019,156.09527451900468,0.06741254261554633,-0.012286899346819001,-0.04506517016180301,-0.04201260087278355,0.693543160120768,-0.00022341915862074353,-0.0864119667343008,-0.054278916778329696,1.1818843738666374,0.2428454252762382,-0.8829311051097247,0.9977842387260585,-0.03795069975229291,-0.018209966267838083,0.00799972813141479,0.8256570104346372,-0.015757505123487874,0.0005630313332530264,0.0842606231582398,0.9806484904049086
405.0,0.0488201954574202,0.018221197219526673,0.013597205591642157,-0.5208641543735538,-0.026052934955070182,1.0118620321447518,-0.6300625665977223,-0.1520370182597555,0.8960776703939031,175.05409911860815,0.06751263053276069,-0.012172716360846962,-0.04368701554717518,-0.04129351098781278,0.687056360932906,4.915907987910943e-5,-0.08641378520828862,-0.05478661983139138,1.1824665888315575,0.2437703670601577,-0.883368051103264,0.9977831155992469,-0.038103800637810326,-0.019110299511229008,0.007007752232402382,0.8256419003005453,-0.017178659098694725,0.001275818399029955,0.08396990358585216,0.9806566738808935
406.0,0.04839257613200847,0.015946188598980993,0.01142525419440789,-0.5164474112963843,-0.019215515159054296,0.9911428859486136,-0.6332706647211217,-0.15614732782378976,0.9108040834510963,151.13719140547417,0.0682797350856129,-0.01292933891973111,-0.04357441743919299,-0.04080002215188726,0.7624070265891577,0.0011803558590834514,-0.08959570950505581,-0.053785427222170605,1.18211654813497,0.24024916669491883,-0.8817580149869862,0.9977834215483137,-0.03776582281763053,-0.019405567778288134,0.006474450396524228,0.8274514863838678,-0.017180847583595678,0.0015520635755980308,0.08320255916563417,0.9806592130524436
407.0,0.048679671690484344,0.028752115568328886,0.018335214628511568,-0.5159081781527404,-0.021259015856554746,1.0475562963771305,-0.6410184822306013,-0.12530305055411428,0.871829970586918,209.5736705628523,0.0680489035287773,-0.012866076940087609,-0.043696024651535575,-0.04313069275241466,0.7281291256029462,-0.0016279267396985802,-0.08736091505035347,-0.05414684319135553,1.172925927550244,0.2538062481806038,-0.8892536237267025,0.9977854342987276,-0.04223528829668881,-0.0132113815815709,0.01204872837084119,0.8033355726974263,-0.009953036205661403,-0.002014428976239897,0.09401485556375407,0.9805246537259265
408.0,0.04887005821599261,0.021871537616725886,0.016038313700334667,-0.5130390272846956,-0.025853524026468025,1.0469891885046991,-0.6233663818328171,-0.15263978955017915,0.8885569645947401,179.36990897241046,0.06825751014022477,-0.013028426819650217,-0.0435218144602894,-0.04298161337163355,0.7631132495576386,0.00037620436868684813,-0.08994664706057678,-0.05399038356704316,1.176682815115134,0.22832393269251536,-0.876608132890825,0.9977843244638842,-0.03781955057746163,-0.01765616069241371,0.008730433583872254,0.8236297615470733,-0.015270503012660669,0.0001327078426257357,0.08495217353070465,0.9806399869418438
409.0,0.04756808078413749,0.02146488749674519,0.011610398681266272,-0.5228772184420628,-0.022888758848085194,0.9614945123671068,-0.634831498138283,-0.1529693795572779,0.9150178558219638,225.64062850430696,0.06658133290813531,-0.011651771026030109,-0.04524336871600355,-0.04243489765594921,0.6363235267430075,-0.001406256733735659,-0.08091538203910192,-0.05411670259136306,1.1763743279869232,0.22744418168474248,-0.8766860627967165,0.9977822861184251,-0.038184458201496164,-0.01799763092567461,0.008606028779967486,0.8212316067752294,-0.015831625030047466,0.0001678165912842461,0.08548739850366946,0.9806566788870388
410.0,0.05194504141880383,-1.428280420080091,-0.009220244095766937,-0.04806390914258669,-0.020757761398276217,-0.0067600100881265186,-0.2935790981904662,-1.0107809950096909,0.7219103023472045,-0.010229486564557877,0.026165952572521946,-0.08497378728258198,0.3228219378072901,-0.24205629905937462,-0.06495828884339903,-0.0999546431552211,-0.04371980677466609,0.11002485594754542,1.259804340465631,0.4366524649880368,-0.7433767645898226,0.9978426365825666,-0.03167261771465269,-0.005902542052999733,0.011201715442859054,0.8968589714711435,0.0030154405861093953,-0.006509559368992854,0.07305930029258471,0.9796080673251863
411.0,0.048224901719762736,0.027857216940334408,0.016172625512912476,-0.5302134978679728,-0.024071208930225328,0.9929334547110766,-0.6434881590247326,-0.13037024354362026,0.8932114761333066,166.63834148660442,0.06786424163231722,-0.013249953882440099,-0.044935512125822565,-0.043035118887767225,0.7691895660608973,0.0013881926347641192,-0.09236144691893118,-0.054458866667593406,1.172205295779638,0.2154762634855078,-0.8708590063980837,0.9977853194194986,-0.03723894592061672,-0.017595634606703308,0.008717436927820735,0.8237034731168731,-0.01458849300449801,6.911826740986686e-5,0.08473839511952488,0.9806293929982453
412.0,0.049824810085632554,0.021495695399658118,0.017833370330337016,-0.5201756974508406,-0.02233289137811686,1.0108124208056721,-0.6437639945030392,-0.1351970203618396,0.8922959232228498,186.80317035055035,0.06897849240869683,-0.013049413519832298,-0.044587021503650306,-0.042038374966328895,0.7591267178383765,0.0019951047130563047,-0.09126493596429143,-0.053845115086663925,1.171564099368006,0.21287677421518458,-0.8698818693216428,0.9977847129404491,-0.037427861976716686,-0.017243526601272974,0.009149058753515444,0.8223800390796012,-0.014522306478427447,-0.00019758743966310046,0.08556669940981307,0.980631915170395
413.0,0.05082290577169512,0.01854296791841706,0.019405776908311443,-0.5182915325444742,-0.02428377288049168,1.0416367462480929,-0.6350725607204951,-0.14347370219383196,0.8830931325637137,158.87669068562275,0.06926680944313808,-0.012839778150867332,-0.043298799138656856,-0.042283116774408075,0.7377490092608703,0.0014631172410823645,-0.09080365069378582,-0.05405824624675281,1.1679247896516338,0.20654371492954227,-0.8672599979916727,0.9977849108450454,-0.037303400873467285,-0.017379196166002708,0.00949640512855623,0.8221087506439579,-0.014898941388018672,-0.00038742046614066397,0.08569596833737785,0.9806249785452019
414.0,0.044151151449089265,0.043376222390365565,0.01216328892545758,-0.5143150773835988,-0.023830659184234198,1.0131092833723196,-0.6320617584860719,-0.13106553394313195,0.9004576256137165,184.499243063247,0.06792031911153226,-0.01322398482489515,-0.044841076183515786,-0.040529090508308586,0.8038194518341774,0.0002287326885939567,-0.08809368466790103,-0.05326236322094041,1.1635172095192634,0.19606999582385323,-0.8637365483310887,0.997782745307259,-0.0377523723248328,-0.016061263598656474,0.011262213169549595,0.8169068375327728,-0.014041302407396346,-0.001484571780561033,0.08772131097187047,0.9806291205828503
415.0,0.045865966078368285,0.02982252371986477,0.012672748973395216,-0.5126883317862247,-0.01954388002972335,1.001970266088299,-0.6436950129461005,-0.126543759914944,0.8970730894166963,153.06975409562435,0.06708850908057552,-0.013144421073553972,-0.04106504257442284,-0.04203862504840066,0.7816572880445282,-0.00018454060774285787,-0.08792977540388587,-0.05344142894782506,1.164316523429698,0.1964700832455514,-0.8637268663770141,0.9977827053413233,-0.037813434681779945,-0.01657408469171161,0.010362758491889721,0.8178237956846883,-0.014423173915483836,-0.0008312996049702249,0.08685550165135565,0.9806339513716475
416.0,0.0487724933201636,0.016912923147587095,0.014455707996346113,-0.5077243267976957,-0.024241940734345883,1.0310233439472072,-0.6328499690844361,-0.15332726810955946,0.8942936847952752,184.43853045175874,0.06843001399878415,-0.013245212842553217,-0.04227387808490985,-0.04131888527704508,0.7872931367605315,0.0005502350173048208,-0.08965618432806084,-0.0529356819052929,1.1586960591588011,0.183956483881859,-0.8585422182770738,0.9977825923116239,-0.03756758698258761,-0.015996631654665888,0.011514260648276297,0.8167813937304365,-0.013969196601843552,-0.0015729080322249823,0.08794042080558821,0.9806313317651245
417.0,0.04769188643291467,0.023063695027137437,0.015427080276205653,-0.5079056428274943,-0.0216504978460919,1.0160507092148374,-0.6479905117912815,-0.12494170072941337,0.891453113637894,181.51033105610952,0.06750905487692921,-0.013069213779378822,-0.040533121326190684,-0.0430741290050396,0.7642460785849413,0.00014179043764059033,-0.08842553025545301,-0.05335431787191827,1.1576114709379022,0.17708127430046539,-0.8554265476267147,0.9977827202390543,-0.03743767793166625,-0.01576091765538674,0.011605941355154976,0.8158574810863968,-0.013633801139240658,-0.0016528902744253786,0.08823996860230479,0.9806256518221916
418.0,0.04981132730428178,0.018233746726340136,0.018251482211965264,-0.513029294197791,-0.02546462256658469,1.021248196265875,-0.6413398682338025,-0.14041954446476548,0.8886524851675679,123.57687165311347,0.06811456172308014,-0.012695071373482615,-0.04180068834202033,-0.04190480748420474,0.7250118828580094,0.0003798966184270947,-0.09026363453185328,-0.05498391057054185,1.1509651405276582,0.1531689768595752,-0.8452198278224645,0.9977830802942793,-0.03672893105063173,-0.015176562153749218,0.01255757287668716,0.8150591609188143,-0.013078859998796166,-0.0021826035094471737,0.08846905282512638,0.9806174493499193
419.0,0.049393083209261834,0.01940015776496684,0.016097907413729247,-0.5194618157576898,-0.022470725160454275,1.0240469329921915,-0.636308733882225,-0.14157403016071024,0.8886734413269243,181.92058050461404,0.06824416888700552,-0.012904888306010201,-0.04416986656215811,-0.04101789003806726,0.7440222463087114,0.0008484912873456923,-0.08873095877421458,-0.05326333783250768,1.1510097594955844,0.15220835167603627,-0.844628774636173,0.9977830932912843,-0.03685586004870486,-0.015606447153681924,0.011922141052532228,0.8147832268682029,-0.013476740797752877,-0.0017289117528881295,0.08815743564999277,0.9806145424757615
420.0,0.04855432500786443,0.021486297211359667,0.015412643334835283,-0.5235871822688931,-0.023937073324528168,1.0015442667795298,-0.6358588590534784,-0.1449614483076414,0.8958711315366403,190.85122296867567,0.0672977717517612,-0.012647485303008747,-0.04324930485036271,-0.04225695464211545,0.7256171143402688,0.0006763091833486448,-0.08850936417178305,-0.054237697202203096,1.1491690348217487,0.14358286022102593,-0.8410136513859741,0.9977831806342814,-0.036570428912227726,-0.015513797136901406,0.01186737175222446,0.8154693807231057,-0.013360640497211435,-0.001777373244236486,0.08809004947604604,0.9806135035661374
421.0,0.04942029592407418,0.019255811996920395,0.01704264529527165,-0.5196056470835206,-0.02442837135387374,1.0221074189663863,-0.6355645053941221,-0.1445337956182422,0.8876289255148317,168.12577582473065,0.06778258495212602,-0.012816299172858106,-0.04414241700405786,-0.04229925051606804,0.7388116846596894,0.00044848629829335253,-0.09035266845363307,-0.05476898276141182,1.1464917088680808,0.14028551389796468,-0.839790887312645,0.997783796941828,-0.03659266612343964,-0.01482094604660774,0.012906447213158628,0.8139080060500199,-0.012762034674419529,-0.0023122551242192465,0.08864846590326222,0.9806049565845696
422.0,0.04781253228711842,0.024051750645567856,0.01848651467917293,-0.49940538308471094,-0.0156373303714906,1.0353355534356479,-0.6363737256883364,-0.14662493175819385,0.8948387587046572,136.0337984196837,0.067124079272662,-0.01313036539164758,-0.0433244974599179,-0.04193804375790674,0.7759527625336897,0.00029862408265545853,-0.0894307472000427,-0.053442461995019216,1.1405362801661945,0.12377421990535385,-0.8332811889020311,0.997784352457201,-0.035943711001714534,-0.014770425827954627,0.013100743389236945,0.8152736595741075,-0.01257576847798077,-0.0025130946772589486,0.088234989867074,0.9806030882691863
423.0,0.04731071178964517,0.016837206969140477,0.009927542714501447,-0.5030139627077117,-0.021508205200790862,1.0456561275499843,-0.6176070237137063,-0.15189644010334075,0.8997710001839182,143.08218142681469,0.06806285222553306,-0.013376744299435932,-0.04147801833933123,-0.04345380391353711,0.8208081202676525,0.0001359555599313934,-0.09252499383778563,-0.05491248992988274,1.114825669311948,0.03538547986456833,-0.7958175780768375,0.9977840172452972,-0.0332921874456132,-0.015404988876480051,0.013519437341861638,0.8136651969091344,-0.013730058531929228,-0.00256523088991513,0.08741406867712607,0.9805964483054639
424.0,-0.023139365846799823,-1.3031526542376863,8.45844813350439,-0.04546809935364069,-0.13029229795836922,-0.04200887771188454,-0.9081690155719483,0.506478807324884,-0.5346802560944928,0.006246841514898079,-0.026957778348163958,-0.06418860650759547,-0.1304165609376601,-0.03919870092571667,-0.17032526395336944,-0.05428409311900568,-0.021111151624114446,-0.033369065873390114,1.482944122577042,-0.6520950012642507,-1.916025629422268,0.9966493248253336,-0.02762190160245665,-0.005412707182636258,0.009198488008437797,0.8787279020690477,0.008015864748386215,-0.0025527133610581025,0.0709236526164311,0.9753310992879618
425.0,0.048350191657543846,0.017591740814723568,0.012812106606314554,-0.5169741751891694,-0.020912648191690714,0.9869469244368034,-0.6421009251779002,-0.1435846274136095,0.9053654092402788,189.90818172569823,0.06805575111010423,-0.01289531156331368,-0.04511643619232884,-0.04215633702089982,0.7512545653849475,0.0006915681668019427,-0.0903866800952153,-0.05462294876001987,1.1126175423336098,0.02696363003223905,-0.7922559879717546,0.9977842716914471,-0.03296045520541046,-0.015883171447043657,0.012488701529462874,0.8138796127813215,-0.013540139606707368,-0.0018844647665360703,0.0865043766862798,0.980594956434901
426.0,1.5107560003730809,0.026994642246433866,-0.05021248913236292,-0.04862455763049139,-0.05063536430530093,-0.044260109471677696,0.9350626360557384,-1.1258614820838773,-0.05329754618418907,-0.10135362968427573,0.032431192726468897,0.010867640141802222,-0.05003478362125815,0.2564845006588029,0.007082978302527044,-0.023917653474822498,0.0965332320173757,-0.0950889855565156,1.0893305412153265,0.028730806437331297,-0.8852604117302796,0.9976947516338794,-0.0318174029086516,-0.0163231181002174,0.011378502601930547,0.8254256656614603,-0.017663621629853115,-0.0012632723501114639,0.0793997485721542,0.9813857343768584
427.0,0.04998025126580195,0.019243531305633152,0.019953016161690717,-0.5167456332999305,-0.020409344600486868,1.0591970120739442,-0.6364017058641941,-0.13270160897054972,0.8728243174685795,162.37791701128987,0.06770599479260159,-0.012635833712212345,-0.044083617479578154,-0.042430535280544766,0.7179511987270016,0.0002875354006150968,-0.09061850652167369,-0.05530089226953722,1.1112837310552623,0.023289221830909295,-0.7906737673076851,0.9977848561985876,-0.03298366003481922,-0.015519409322104457,0.013099298826126185,0.813297775374451,-0.01388162915483984,-0.0021932289740254477,0.08721758728691992,0.9805870913567394
428.0,0.04643811830080352,0.016293556767525214,0.008672341983658212,-0.4955580588966755,-0.01882087281609997,0.9867070342110953,-0.63703995109501,-0.14214010614590825,0.9219207079796814,176.97808045564855,0.06734422219016707,-0.012466038060508841,-0.044389251442299785,-0.038527235774299125,0.741804673935267,0.00023831057555903813,-0.08666569870166065,-0.054321383937641965,1.109994571173066,0.017566774674792472,-0.7885358724101174,0.9977845248325132,-0.032546412796096456,-0.015236038740938691,0.01360249382681206,0.8136668061655952,-0.0132752662134864,-0.002553635787910891,0.0867133538314641,0.9805883773931148
429.0,0.04434355389344591,0.03258031452401229,0.010514452964225722,-0.5059528069991783,-0.01814351331775826,1.0006061568246003,-0.6375372349641065,-0.1294383026652877,0.9074222072402806,154.70574807456254,0.06644502081006168,-0.01273967815380686,-0.04501612959779828,-0.03939233376702914,0.7618372396808809,-3.355461821399717e-7,-0.08800768767591396,-0.05478262685484918,1.1096661292171315,0.016730989990620462,-0.7880454996459352,0.9977849187661489,-0.032560893862694285,-0.015560294313440444,0.013078953172443107,0.8138688004162302,-0.013564729289786819,-0.002171580484971044,0.08622904358686247,0.980583624206105
430.0,0.04758985530962071,0.016347135382467126,0.013017491346793041,-0.4978354601053791,-0.022319209234832903,1.0113098473047821,-0.638426692803578,-0.15356379952641142,0.907025347074611,146.46171931471616,0.06791834457336096,-0.013353453869674363,-0.043482496468273166,-0.041985364610666195,0.8069815609591933,0.0005616249669057414,-0.09155206334810649,-0.053911165404997054,1.1089225413782002,0.011499700231469814,-0.7854081655793614,0.99778457023683,-0.032452901270218035,-0.0151644299664844,0.013815389592805342,0.8137775166496346,-0.01326809644706416,-0.002699905997335274,0.08721809837065089,0.9805841229733498
431.0,0.04830271026065161,0.01761643536568164,0.015903431676349073,-0.5000575540008569,-0.01829566843232525,1.0394030515754984,-0.6427646823047695,-0.13537313142239743,0.8897770310959934,141.13077908482512,0.06791812726448779,-0.01330403991541393,-0.0450599431600291,-0.04186613336259822,0.7923619914899068,0.0003819813074452346,-0.09244723844173873,-0.05456099884314766,1.1095135110206646,0.014838442060940328,-0.7872656530893457,0.997784760481164,-0.0326862917344934,-0.015340317365332963,0.013426557480334231,0.8136471281773532,-0.0134260679184667,-0.002415669783864112,0.08709713681955225,0.9805802018116581
432.0,0.024818933077072097,0.03185121244571252,-1.3820003725251628,-0.04245012425259376,-0.05192794926616875,0.05574538698420846,-0.45271175056092605,-0.5931642026552552,-0.9554014328097185,-0.02135475893506784,0.061558092697834854,0.010083125542303199,0.05137218743508465,0.3642962107556819,0.07218196478473561,-0.04720083637478847,0.10319044518590698,-0.12667589278542862,1.081957814648585,-0.01642717308351929,-0.8642590759623541,0.9976937919712541,-0.03076977120755849,-0.01825038533561868,0.009925835972541692,0.8221684195597996,-0.01876355856810498,-0.00047759468190261225,0.07956553238022619,0.9813674297560804
433.0,0.04469364331262281,0.051386783558079616,0.01636127150596421,-0.5253787909410068,-0.019716722380841798,0.9911421869843057,-0.6523453838092338,-0.1195720460250968,0.892861559975084,146.43028845805432,0.06828811108267123,-0.013070000702198761,-0.04478460544391784,-0.04206046178308936,0.7957630183696697,0.000829506456349463,-0.08960504517548279,-0.05404831008729588,1.1070896046597332,0.0027425023377644284,-0.7813019631906772,0.9977846056573965,-0.03214605485216523,-0.015660191646739936,0.012626024727693738,0.8142471439641215,-0.013223036473843978,-0.002113794950519567,0.0860886659631093,0.9805808932501687
434.0,0.04765978412852532,0.01816205499393481,0.014028622046609873,-0.5102287076346459,-0.019696661685635945,1.0127549967025982,-0.6406180360808672,-0.14252121276596338,0.8952615379980471,150.2834548563819,0.06702283270658274,-0.012790830339964114,-0.04217797168029771,-0.04341864742588335,0.7529315141096328,-9.49858640957133e-5,-0.08874977390440485,-0.054325633055058276,1.1077398325352719,0.002096897360036612,-0.7810388618626435,0.9977839675064042,-0.032171199397736376,-0.01542629041049276,0.013442770547977458,0.8137406978098511,-0.012655897988358459,-0.002581440020402713,0.0869202470538383,0.9805830668139701
435.0,0.043844965981199496,0.030675017954578443,0.007912440969671317,-0.5009316561884039,-0.022058313697198326,0.9588735102444517,-0.6327539868783323,-0.13295479307571895,0.9325334460632932,152.15761254410904,0.06648059891732275,-0.0130355181102349,-0.0422902278508818,-0.041470299142245974,0.7971736481543593,-0.0006828934895193715,-0.08782927464209213,-0.05443381294555788,1.107905624998973,0.0011306968493277696,-0.7802038778530378,0.9977836541111909,-0.03201575740272122,-0.015441293239433137,0.013086319459681976,0.8141050413026774,-0.01179082929519131,-0.0026037479727977183,0.08615827289739966,0.9805855121239628
436.0,3.5497905892741923,-6.08550568373233,0.02881353621488695,-0.04961933668579972,-0.05352446502107058,-0.2225103888732914,-0.031226800765499198,0.7714656408670579,0.9270124458153083,-0.190073914033782,-0.04622479318164487,0.009073922677932944,-0.25998755700765663,-0.051499120950878226,-0.05961987172482304,-0.05018170198486758,-0.1798172610118083,-0.18285111402567417,1.1155474301597788,-0.016988977763339644,-0.8333899215526354,0.9976788491440931,-0.028260260459590247,-0.016217185979086324,0.009332284052246884,0.8398463918262327,-0.011051428118567507,-0.00116364940887717,0.07654639346315666,0.981598444185938
437.0,0.04892137565267329,0.015335601483202956,0.014585508275657145,-0.5258953157784504,-0.022673612503012884,0.9891121912057248,-0.6341529840569167,-0.16757016310935763,0.9015912442973272,163.50943699183927,0.06704563623880913,-0.012067948770908417,-0.04416550513167066,-0.0454073755068216,0.684014730212672,0.00043434514269718414,-0.08699768935667171,-0.05499015573541233,1.1085800482900277,0.005383230062168593,-0.7830413379851344,0.9977835491329745,-0.03199226637135526,-0.014619093980417027,0.014556358012194674,0.8137825830048777,-0.011586477942555374,-0.0035228979471009733,0.08816227278029592,0.9805848770850774
438.0,0.04774242033995159,0.0212203034515647,0.020927474017389622,-0.4853335122777643,-0.018434908990393774,1.0562540475317048,-0.6575736798687201,-0.12758126466944464,0.8814623672360448,159.50121183169762,0.066513418355971,-0.012024782626277163,-0.044336032210991146,-0.041073440741863976,0.685321372058641,-0.0002090729801206665,-0.08654733510110198,-0.055323993690043205,1.1082556177073162,0.003245708806221971,-0.781729659819437,0.9977838400966792,-0.03223540562252228,-0.015372407994784985,0.013575663687770537,0.8137292191423751,-0.012646623339948994,-0.0027261320934243265,0.08709735401382725,0.9805809717124274
439.0,0.04835655303225154,0.016604044815643083,0.017025709405142687,-0.496725615025599,-0.018853389695841247,1.024016093508578,-0.6471832215808567,-0.14960226809868094,0.8924925434817036,208.5642290642551,0.06733691793229964,-0.012603551937056574,-0.04499389694689178,-0.04467288016186425,0.7263325963778915,-0.0012734325902201402,-0.08769669861529576,-0.05444809788167166,1.1094922157634504,0.01133435792632792,-0.7858289407496352,0.9977841882474503,-0.032567317609412366,-0.015222942486129922,0.013677995261762235,0.8130487090792484,-0.012913910698282535,-0.002680000196276729,0.0870695390874264,0.9805767560510863
440.0,0.049287356385749964,0.016857585821495262,0.015794030611545787,-0.5139205449658046,-0.024249390622355534,0.9991023395982535,-0.6439480260311613,-0.14777020831682167,0.9010367397879148,191.48079593136362,0.06874914355919508,-0.013281787188210558,-0.04499593238795385,-0.041580044580684324,0.7895075462824073,0.0020172066383099658,-0.09180134280679154,-0.05343043556708685,1.1073214312652928,1.5519655431604798e-5,-0.7801289840889833,0.9977839932608377,-0.03207467652784987,-0.015152147340640285,0.013721623968225967,0.812960743990274,-0.012403679616086318,-0.0028004194616380014,0.08766555969870382,0.9805802885142456
441.0,0.04592775438316758,0.045350840472820245,0.02220627168817646,-0.51551957466599,-0.01914918132073437,1.0347329802086573,-0.6443239884128195,-0.12672156994353068,0.87966840762976,140.85141652445893,0.06631098954378353,-0.012435214904615594,-0.0444453191605176,-0.04168786775714401,0.709536788536207,-7.930075257909014e-5,-0.08854767038271297,-0.05542077573366271,1.1083614206136247,0.0032705260807502287,-0.7812018335889201,0.9977839358517522,-0.032252050001675935,-0.015289328520619351,0.013602766905279631,0.8133561376911653,-0.012700588150864486,-0.0027657262843958598,0.08739293682296927,0.9805780643732607
442.0,0.04492622251738041,0.04184387517776079,0.015055378847350793,-0.5246949713964342,-0.0159303377626027,0.9588357041006805,-0.6698780799411929,-0.10914482166458064,0.8957754644526513,176.7350764151969,0.06598576356762612,-0.011753682702698666,-0.04271076986278022,-0.04225029940302189,0.6541770694705162,-0.0006318112760564461,-0.08199867649328435,-0.05430427086500832,1.1085827116190372,0.0028033960285019613,-0.7806471864307898,0.9977841722699616,-0.03197317197077161,-0.016813569884840826,0.012013375500062625,0.8142652171993232,-0.014102801435569617,-0.0018615391615660894,0.08608486190495536,0.9805769053897047
443.0,0.04424817103368693,0.042130476480424124,0.01232445691883412,-0.527513858728957,-0.019857904580736115,0.978351742195719,-0.6424055214062343,-0.1280027264215121,0.9035706858939486,163.1749380861153,0.06686500642544294,-0.0126977686067658,-0.04375735567599919,-0.04087298601776806,0.7558818512761413,0.0006502077905228078,-0.08761778137923454,-0.05428738230853442,1.1074805592239956,-0.0025011849469223947,-0.7781978590690842,0.9977841047497822,-0.031852479661343906,-0.01595898916307776,0.013313554031667693,0.8134778934994327,-0.014003265181750624,-0.002580291590932343,0.0867732940012873,0.98058070774525
444.0,4.372383308397487,-0.04579741007782966,-0.02655170515909038,-0.06977589273649439,0.2679263706512927,0.046567739762665886,-0.8926015232913985,-0.33003616198838315,-0.6290856929852217,-0.06349907253832066,0.00845108260757727,0.2430020368342326,0.042206373318642375,-0.3530341230140097,-0.05701965065107678,0.19789398551203713,0.20191781619135468,-0.04965735724477844,1.1178899743567265,-0.014914028340928505,-0.8087035944088413,0.9977483921591055,-0.030203848396992927,-0.01920281561419541,0.009215860442549507,0.8194286553186825,-0.01730918859548588,-0.00033200570279440505,0.07885672355860598,0.9811707381587773
445.0,0.04482855182026583,0.041095640899696494,0.017186931157153626,-0.5094293218293764,-0.02535681248149198,0.9624356794251595,-0.6497850418960587,-0.14177655507335915,0.9139476145087588,194.63271615722593,0.06636640940193436,-0.012865230212418586,-0.044110856516494656,-0.042366808505922844,0.7474739103409811,-0.0006768724589913399,-0.08885226542467672,-0.05495573990198349,1.1108621069453042,0.007809151378403851,-0.7826205752746989,0.9977832346434532,-0.03204413435912509,-0.018053424689440548,0.011434925923294786,0.8162645634162569,-0.01765778940666746,-0.0014217022234754664,0.08572665279544017,0.980594842335025
446.0,0.04579158802809128,0.026120035412678995,0.01370725298935981,-0.5042138317764038,-0.016378394882671406,1.0168672458191197,-0.6421401213566559,-0.1295190997016794,0.8951889257397891,163.0258466681504,0.06561944727075783,-0.012689520593223355,-0.045153059630926376,-0.04040754720926373,0.7378986026644501,-0.0007402516596413902,-0.0870222732734007,-0.054349263047770165,1.1120917187584682,0.013340884851748842,-0.7848479391077884,0.99778391860994,-0.03222519821850367,-0.018954571905153175,0.011230255027169407,0.8168363047526888,-0.020735075873088638,-0.001030300047535544,0.08551175490423776,0.9805916390688874
447.0,5.558153268134591,-3.6140329923441117,0.027214679135868593,-0.03376150516585258,-0.05656399497073061,-0.050454243197072646,-0.05003736674085302,0.9044630040464439,1.045883097559178,-0.1673168558573159,-0.045194504116298724,0.008005296224428866,-0.05043188337931621,-0.1499117774167745,-0.04992311473191459,-0.05000290831538029,-0.2028756197708069,-0.21138405486147252,1.1507239404382898,0.08114633335512553,-0.8653416500948138,0.9976896316436075,-0.03665319223871671,-0.01158821405901378,0.011572030510667004,0.8106387045857995,-0.004116459393126359,-0.0027258297729509965,0.09018154673311894,0.9813477947438434
448.0,0.044994676593530576,0.056698144722784075,0.025288811939813558,-0.5033843232336764,-0.024716712196853122,1.0972858667780256,-0.6335002221025263,-0.13309897140190524,0.865854193351964,124.337556002899,0.0686021609203846,-0.012812772219146645,-0.041230063475687424,-0.045831634376329144,0.7768284669945079,-0.0012331856335630932,-0.08810398633328345,-0.05456428849442291,1.1146748038155745,0.014416984747966904,-0.7854143441731457,0.9977792923414164,-0.031767628739115775,-0.028344988452320093,-0.00015119003083583445,0.8283622925351093,-0.03381156459046903,0.006227279568915083,0.07754299308991076,0.9806540803293269
449.0,0.046717797931409434,0.04535884241132885,0.021554102592070225,-0.5061309631978526,-0.01788806982802008,1.0054890593937331,-0.6528543291514525,-0.12827678032417192,0.8949380464222924,174.7410452361051,0.0684843741906374,-0.013128815941976511,-0.04466829921289307,-0.04317009489411822,0.7639760717848266,-0.0002338074358758393,-0.08964267678128365,-0.05411527747077159,1.1119173492012044,0.001347705035783826,-0.7794623076774337,0.9977803626457329,-0.031013332726080027,-0.026710010810957845,0.0013170962312432195,0.8283427218086163,-0.031060783486455093,0.005157374126628202,0.07764134542533953,0.9806459332091948
450.0,0.04481624585382087,0.05280292154617608,0.021617077986647745,-0.4939803745726706,-0.019618444572618108,1.0673218461115195,-0.6405609880489688,-0.1335272811838199,0.8803427817296733,183.8541549570753,0.06896151129427532,-0.013105140298048396,-0.043878866526169645,-0.04477009895693997,0.7894055894376976,-0.0017927859373443754,-0.08871661937043442,-0.05446386949374377,1.118420048307448,0.03108915852577557,-0.7923137207934012,0.9977785533937882,-0.0328784859548881,-0.02954425446532572,-0.0011153872829788502,0.8251073691317716,-0.035983321632791096,0.006825452065138262,0.07898300677082923,0.9806549996777925
451.0,0.045694330864514944,0.05167298957651872,0.02134919946111838,-0.5084183221081989,-0.02207532693943206,1.0437761866663258,-0.63015728455787,-0.14220795228492406,0.8846552775809611,144.7789986564418,0.06875069116683677,-0.013087864467891256,-0.0437971127477406,-0.0437158161334838,0.7727931651662597,-0.0023738828763078795,-0.08847048462849517,-0.054679004103211984,1.1218191551635732,0.04855590271921121,-0.7995563514628043,0.9977789126421377,-0.03397296336195625,-0.028424072235207008,0.0005666806266112903,0.8193334658279066,-0.03354067604893926,0.0056758137123276795,0.08207315661902165,0.9806390480314031
452.0,0.049102472267308996,0.03273209676671526,0.019888466931641934,-0.5009618397772116,-0.02076869542954362,1.0393195104936994,-0.6364286884837049,-0.13696368614754167,0.8889982291868901,171.88155635550876,0.06927774819009021,-0.012594956402254857,-0.04292870563775485,-0.04279065829347401,0.7029685054017674,-0.00170609270413394,-0.08757751926620316,-0.055223670889721056,1.1272263981626651,0.06685118045566667,-0.8078024766414519,0.9977785869174902,-0.034670465503992484,-0.0304116301926596,-0.0028450714202302423,0.819970926180982,-0.03528460592408311,0.007799333099674842,0.08126750156250241,0.980638477402072
453.0,0.04642845393492955,0.05801502273903495,0.02318859779859038,-0.4965248328035372,-0.021844410425695064,1.0190343940136497,-0.6500234110903295,-0.13298154260455247,0.8958869915308614,138.30148469337843,0.07118803173384004,-0.01299484123483528,-0.04495525615656055,-0.04276401837898531,0.773763671204414,-0.0011706714947113035,-0.09116949764583927,-0.056118500994966215,1.1313033767839535,0.08115131636607592,-0.8135266840873467,0.9977765260274798,-0.03554531810792921,-0.031892809846877056,-0.005432066761889298,0.8197060699884264,-0.0390441584273844,0.009785315782979928,0.08100433182993645,0.980656800213858
454.0,0.04839191141781824,0.07230515790269382,0.03419630116119703,-0.5019113731609833,-0.01696712341066429,1.0415264438743135,-0.6532931537098571,-0.12132169508825304,0.8754584961475176,173.50601351929924,0.0711348111279735,-0.012227691455514911,-0.04334670145724509,-0.04479235029244546,0.7012087816484336,-0.0026044081909912657,-0.08345944100529692,-0.054310514554054064,1.1366134133010726,0.10496633976899737,-0.8239732181630574,0.9977757816072084,-0.0364127078921081,-0.03399050026418941,-0.007239961425038896,0.817943230808132,-0.04093522353720415,0.010833058370564,0.08176833528734416,0.9806464220153122
455.0,0.04666536791866792,0.05330804723804772,0.016896627821224752,-0.5117363692140107,-0.018965825554402307,0.9926348861719312,-0.645253035361738,-0.12983133122673685,0.9003767058021336,170.60247620943454,0.07160122981319729,-0.013319515722322784,-0.04424405651914426,-0.04193321229162001,0.7884541831489961,-0.0019622637864473488,-0.08802479666925896,-0.05416049441915721,1.136451456733724,0.10662156549795981,-0.8238522956973564,0.9977751857037547,-0.036919264731002086,-0.03434235906365555,-0.007084240229717528,0.8139325981504406,-0.040571801770846426,0.010530657110167147,0.083618008450182,0.9806459645874426
456.0,0.04646372931977788,0.05476863492617061,0.014543226292294388,-0.5130534816782488,-0.018069927284200846,1.0105430128616821,-0.6389028531549658,-0.12532305895792006,0.8983978263049704,164.05642765742758,0.07272294800805239,-0.013739696129035632,-0.04345502769793864,-0.04259028793267977,0.8329766524920317,-0.0011902497953005218,-0.08995015496922314,-0.05390976265907388,1.1363011847981848,0.10534533460334099,-0.8238942048373011,0.9977754970531159,-0.03691001550504757,-0.033816393498648005,-0.006876368121115229,0.8136332536568605,-0.04039924443497472,0.010507848481515878,0.08354893056841928,0.9806415237237329
457.0,0.04710515899141777,0.05274033931654483,0.017479456507275386,-0.5105658310924474,-0.017043302374129706,1.0538343337003353,-0.6288501544315177,-0.13065698352660896,0.8816714998527337,131.09224943303494,0.07145394735937784,-0.013144495857381963,-0.04362962870754375,-0.04145475171396182,0.7621406657285262,-0.002893479669552576,-0.08743065784144369,-0.05453372908811916,1.139825794878637,0.11400383181334617,-0.8264496103833924,0.9977722399842976,-0.03670968463047156,-0.035791449859675945,-0.007571777428532537,0.8153141571299316,-0.04262377413097083,0.010835019481313766,0.08306374266026145,0.9806810488039872
458.0,0.04695399360075756,0.06270663334732766,0.017205503266837938,-0.5142244418282576,-0.019116237167077568,1.0473803998812083,-0.6347869947979691,-0.12390662940320547,0.8830884488202919,127.89086232587285,0.0745666008156958,-0.013947991927255862,-0.042308774232845056,-0.042765893763840206,0.8625370075519448,-0.0013471583156324234,-0.09023608334606288,-0.053433797592362574,1.1423750388173672,0.12590484896404863,-0.8323289479767618,0.9977755422578289,-0.03706601734812207,-0.031649670781854676,-0.005651569523236269,0.8134845372471367,-0.03737864229401804,0.009848228647584284,0.0839929522274652,0.9806468349634716
459.0,0.053837829618832746,-3.2858969092475125,0.03117932443303284,-0.0505467113481588,-0.04939915931889275,-0.08269218212553406,-0.08240323790820575,-0.9265452237990814,-0.9435666594946472,-0.23000230082212647,-0.05471541257214065,0.007876696776220006,-0.04821443330133795,-0.20527106035933823,0.00546763793661029,-0.04999718213334381,-0.2593582655815328,-0.258537426353465,1.1583454888819757,0.08932668173306355,-0.8330060375349637,0.997650921590415,-0.0358922996984906,-0.035825870278999465,-0.008139897981643534,0.8088743574394064,-0.04383855016362537,0.010121120684104408,0.08201225901230738,0.9817873122705449
460.0,0.046109279378031616,0.05880458070922155,0.018402977772940143,-0.4860697280612625,-0.016267915371362622,0.9933917185848593,-0.6633282874090535,-0.12345924118622544,0.9115529670332344,127.71756566523213,0.07391948697988472,-0.014086814005144041,-0.042686719292074925,-0.04268457476751212,0.8665707444474394,-0.001058079879591023,-0.09126690883255449,-0.05329372958345984,1.1402947038653863,0.12093340322755673,-0.8296763714513322,0.9977753921717873,-0.036817330485127454,-0.033493358101894764,-0.00522809134917417,0.8136151421907016,-0.03941373843267413,0.009330090045587294,0.08482870649727565,0.9806406433486754
461.0,0.04665267994962667,0.04828878087753172,0.015088661980866273,-0.4981385527670306,-0.01710316138501545,1.0211467117071127,-0.6421154482270575,-0.12775131246003543,0.9016306206430543,135.41536360025287,0.07244967580553152,-0.01351922011502562,-0.0409341540385614,-0.04459979483827165,0.8079489297063206,-0.0012999423071817543,-0.08869037298332852,-0.053706526587616675,1.1489242365825454,0.14849144619273646,-0.8417797470173631,0.9977752675970883,-0.03629016261583272,-0.031693373106253774,-0.004157100206156511,0.8172484671374187,-0.03677286578054233,0.008705460820239349,0.0844198537161007,0.9806613798376076
462.0,0.046948518555048224,0.044735858565747987,0.012633756332453375,-0.48698821201414144,-0.02108786645636431,1.0174670600644438,-0.6461124395261343,-0.12391293412986777,0.9091121198321946,167.6345776754989,0.07386764253607518,-0.01379363715357736,-0.04518612731624941,-0.04177003697754825,0.8307342270057291,-0.0008327324319216304,-0.09145621596839805,-0.054454305379970425,1.1508412651175637,0.15196526881847597,-0.8431159049565627,0.9977755553830285,-0.03686392944808274,-0.030581646123737996,-0.005031354216406332,0.8159063296312392,-0.03386128709297562,0.009197843192193918,0.08386080165983487,0.9806579046282689
463.0,0.04632807324274921,0.0455445104062493,0.012155578289629862,-0.4920179519311261,-0.019192527655096644,0.9736458106518613,-0.6554236112206866,-0.12434923595846446,0.9216271222152752,150.68878150453745,0.07270365329360193,-0.013220440231001013,-0.04590002550326413,-0.03756663844963806,0.7836536887772672,-0.0005902224927491653,-0.08776077673817956,-0.05395610927733915,1.1521282711234135,0.15664381850395281,-0.8452421755430708,0.9977757242495302,-0.03665147595270999,-0.03044722367939049,-0.004705419049588762,0.8162804448346832,-0.033914427930597714,0.009134537693471289,0.08383954759055672,0.980658100529282
464.0,0.049058115641626814,0.03672312995748875,0.019463157662051825,-0.4888849858210075,-0.020294153324261356,1.0621965245906588,-0.636540441548905,-0.1352648899131826,0.8888272396158302,119.2299579191137,0.0720631812389564,-0.013459015888862056,-0.04431328124741972,-0.04103554666924716,0.7857376138039707,-0.001105798810379934,-0.09197605369313415,-0.055380192777502175,1.154732216395261,0.1646843776718985,-0.8490937501603625,0.9977763261302228,-0.036690750216061316,-0.030070484707803432,-0.004277139721737862,0.8184112623136259,-0.0339023408757847,0.009092718631410555,0.0838433786764724,0.9806605058427984
465.0,0.04633447798852803,0.06413563784337838,0.023951577416471834,-0.4837551301328493,-0.020363890925358834,1.0452130949972538,-0.6583860590278757,-0.12089018641515263,0.888149405368307,150.5197012610651,0.07345496900100579,-0.01370573210793736,-0.04154091635675326,-0.042154174771045536,0.8424245838245757,-0.0014603995480741566,-0.08889321061101542,-0.05288196498617114,1.1576530802519645,0.17313236677298216,-0.8539257637338685,0.9977781666880936,-0.036843264119791455,-0.028772326093290012,-0.0036882952884775082,0.8199059063035554,-0.03234548214626515,0.008891958732862379,0.08316414844635213,0.9806544150230676
466.0,0.0462612284774632,0.05630586946732264,0.014495529628900383,-0.5323060236598653,-0.020092792716568348,1.0363786378126243,-0.6189700236481369,-0.13919971765601674,0.8848658497456902,145.3096704741272,0.07295121169098437,-0.013846676346168194,-0.04524179615820438,-0.04174381046023669,0.8442893277470818,-0.001613400399499058,-0.09148191612488742,-0.05457970076276672,1.158470592369155,0.17503990225355873,-0.855258255652071,0.9977795924080124,-0.03666119723605343,-0.028520606981265243,-0.004138864195523891,0.8202058258640734,-0.031875800302163554,0.009191268462915323,0.08252279666735382,0.9806496203600035
467.0,0.04900405961207698,0.02355272144435111,0.009567515052500709,-0.5037248253159473,-0.02706511258827264,1.010705020996865,-0.6156682652200877,-0.14782992661381658,0.9118658801394246,186.37611237020315,0.07138264880632307,-0.013657000711773106,-0.04294657534095813,-0.0425780662090374,0.8149177131539577,-0.0019072355070792867,-0.0907926970633285,-0.05490316679132156,1.157669049335027,0.17269741610727166,-0.853338446516311,0.9977774513235607,-0.03634737888238299,-0.03082076342249817,-0.004817886779422186,0.8211485520550976,-0.035164448696136726,0.009656799052687338,0.08247510460064124,0.9806629037864374
468.0,0.04727288582942448,0.04602598143302051,0.015086420531749956,-0.5255247035185022,-0.022104199682623407,1.0580833484536023,-0.6188651038822919,-0.13625369510381408,0.8780235604595557,145.08343175651896,0.07113395754433828,-0.012845024110147629,-0.044302923644939325,-0.04258763312988311,0.7503684420156754,-0.0014955668514774483,-0.08668753328116996,-0.054664855317669674,1.1547345435963114,0.16417804197741567,-0.8487685761656388,0.9977757706628507,-0.03587675247018766,-0.032441340818323394,-0.005351530997817083,0.8217006676637921,-0.03759976908957769,0.009923053023510448,0.08232025313628581,0.980673290474227
469.0,0.04957064393461705,0.022955201310592727,0.015622137316424317,-0.4929718622141912,-0.02420247599310868,1.046919864011936,-0.6128718799237547,-0.17710805377017289,0.9022413881475765,161.21593963842244,0.07046010772769203,-0.013263701892367169,-0.042621321113143935,-0.04383323052099987,0.7787263642871944,-0.002273290945606635,-0.08833247867314874,-0.05412633344567654,1.158550596829388,0.17536463224837723,-0.8538682665441409,0.9977761165358929,-0.03551334378756469,-0.03244785516761096,-0.004955950448255331,0.8261052980138401,-0.03773974042354238,0.009862643549195603,0.08118127802192161,0.9806881441242634
470.0,0.04598857040640305,0.05170943198216782,0.02019696937531804,-0.5152457466023572,-0.022180542224318995,1.0454713859363447,-0.6206907337485911,-0.1545241020627728,0.8881573962875416,91.25816151807572,0.07054045690408843,-0.013198398835227814,-0.04407419577340082,-0.04182729101242524,0.7859635323216441,-0.0014412703467499449,-0.08992993459680165,-0.055104363680408865,1.164748834054746,0.1902569229071917,-0.8609550757291279,0.9977774727185247,-0.03508484998849946,-0.02978631859607803,-0.0035530872081875626,0.8290352786532009,-0.03375102368009101,0.008966418196509361,0.080471595069367,0.9806980511627821
471.0,0.04565623330444007,0.05421460101367061,0.016608139019000226,-0.5142773169027384,-0.0192701259857455,1.026690753631159,-0.6452981007129575,-0.11846363735348651,0.8844209084245491,151.29439795443363,0.07067763322570841,-0.013362496070977685,-0.043522167366447574,-0.041389326404600774,0.802097533407372,-0.0011130242347228846,-0.0881575848712375,-0.053576112020712933,1.1659745667537167,0.19406085476112128,-0.8623576517046845,0.9977771074716975,-0.03493413114741231,-0.029189980211809373,-0.00342393908438466,0.829776670246938,-0.03286367445926215,0.00885153217405888,0.08009781036138217,0.980703956868394
472.0,0.045987874943524104,0.05642006517805116,0.02126819222295193,-0.5156067966302393,-0.022920391196762775,1.0184413717032452,-0.6434651802476549,-0.13647694108952096,0.888298285742792,149.87290954895008,0.07080229295592526,-0.013166699008034397,-0.04314180278602892,-0.0416754828093188,0.788571772876234,-0.0006806265031795642,-0.08702079533631152,-0.0529456716184257,1.1690555359534862,0.20079285072983583,-0.8662901893100873,0.9977791485578751,-0.03478654437298394,-0.02772100599097484,-0.002895243953810296,0.8308804867110637,-0.03118465343649063,0.008664359985876929,0.07989391567040974,0.9806991671729464
473.0,0.04534876276223738,0.04949300432405136,0.014595173256740063,-0.5068246102816156,-0.01792420953664011,1.014831271542969,-0.6447738605184317,-0.12273188604122828,0.8959293036786304,157.10637543663248,0.07055574726669346,-0.013438457225070095,-0.044561357073709826,-0.04078346235711763,0.8088804607732661,-0.0009985653819567823,-0.09072828706697626,-0.05506152404187929,1.1695928432385356,0.2034827223156539,-0.8671076104373369,0.9977786049604989,-0.03475663089280473,-0.027653276269528414,-0.0028410640811839167,0.8310027399590796,-0.030681305645154845,0.0085323262064985,0.07973908708815998,0.9807022626822877
474.0,-0.014326288470744634,-1.606795974882422,-0.03699958915082805,-0.049380841350375945,-0.0958106080372516,0.22159062962736598,-0.06088840815340665,0.8687816123218387,-0.6960681532443928,0.008143903202322215,-0.04878319102243334,-0.15396894218465054,-0.05150451010430282,-0.0003360231777459737,-0.2498765101831833,0.2308244504609554,0.1952477036777437,0.09082698964780912,1.4533179134302399,-0.1205562528465596,-1.7460231235774546,0.9975919326193854,-0.02533582976734506,-0.04049234577184377,-0.013473283452846277,0.909617825649693,-0.039669139480202585,0.017254933766999436,0.04657828614659458,0.978879153746538
475.0,0.04543076189788632,0.04511488971095619,0.018349783916425565,-0.49561182326664877,-0.01805750970027759,0.9962884481709042,-0.6645345499516776,-0.1231633470525766,0.897938598955317,150.534204811179,0.06864925309682313,-0.012339270191205702,-0.043853789448428694,-0.04089113780085014,0.7057012343540088,-0.0014940626363875687,-0.08516796092268517,-0.05495307233633134,1.1698156368158097,0.2053094852453211,-0.8671642098020093,0.9977770905567833,-0.03401770218809337,-0.03065840796168513,-0.0037864417056982236,0.8344765384720647,-0.03511042313472428,0.009139779921191398,0.0787832840000133,0.9807230083338712
476.0,0.04524314974536807,0.04622000751168402,0.016471653399862035,-0.49992550599850644,-0.018255776357026934,1.023103924092343,-0.6506567681702001,-0.12538169320810283,0.893366581406873,131.8077529075372,0.06988510634530035,-0.013204491555287858,-0.04206604344907301,-0.040404945711780396,0.793953389343593,-0.00024061986355314161,-0.0888510272433977,-0.05402593495407293,1.1680375994479797,0.20207156516572777,-0.8656571991565103,0.9977766969218542,-0.03416790445917981,-0.03151198396577336,-0.004263265090765809,0.834095482836676,-0.03646738399247418,0.009560002402208235,0.07879684317727964,0.9807280396624647
477.0,0.04571971279282131,0.04181683650379447,0.017028186208516805,-0.5035263867430579,-0.018952784138133876,1.0663421104944515,-0.641793222170633,-0.11959027077187796,0.870989853192946,117.27313902917649,0.06754050172584561,-0.012385196458351568,-0.04426743718257818,-0.03800077646978663,0.697453583269729,-0.0026547116500288846,-0.0852187699131606,-0.05534945933450064,1.16658214992604,0.20037691909491878,-0.8649919283623121,0.9977765313340279,-0.03443561637228669,-0.0330228169710852,-0.004970815147940134,0.8331471227707901,-0.038363322658446476,0.009967556485247315,0.0788956018500997,0.9807184149574986
478.0,0.04642308438226472,0.042902525494358336,0.017353647137666774,-0.5118771659041877,-0.018740714404020923,1.05772361910727,-0.6312179364064358,-0.13219364949479703,0.8793235682102392,157.27540407351697,0.06923062427367807,-0.013091993212608195,-0.043198643126476206,-0.04144909820086228,0.7640412574009348,-0.0012129749092853746,-0.08699235211241013,-0.05349324394073411,1.1698580123469442,0.20566646106576494,-0.8676198105619682,0.9977783723697173,-0.034706552793850126,-0.029289444528719535,-0.002986900174952997,0.8317448094229709,-0.03334204991265915,0.008639432526519294,0.08006179601208516,0.9807118517788533
479.0,0.044072450874724035,0.05386145870603092,0.014918928503993902,-0.5088771024977309,-0.01958109496702895,1.030995478203054,-0.6447641576112917,-0.12077726558188562,0.8862907867324405,116.41788341602546,0.06962011576646332,-0.013151018595745169,-0.04331609534706605,-0.04018216062826259,0.8010144258262694,-0.0011725896943942757,-0.08743865069960381,-0.053861120286490274,1.1701231708378086,0.20659314886088193,-0.8678515255215264,0.9977780235992548,-0.03462102246249856,-0.028947347606436375,-0.002512706867918995,0.8319856209476786,-0.03301191727099549,0.00829716434540438,0.08012895126087423,0.9807128407599899
480.0,0.048435649763805086,0.02251581628737031,0.015827939019450534,-0.49760856594685027,-0.02044936591025367,1.036706113896179,-0.6383265362533668,-0.14251469660093088,0.8931357062368381,153.78242101615757,0.0693085963919225,-0.013186617163565593,-0.043407267971904175,-0.04141061393334,0.7776498553202035,-0.0005978791256540984,-0.09008895385768534,-0.054575668212193194,1.1691673712801063,0.20262602016131478,-0.8665680825198553,0.99777920120163,-0.03488660441825561,-0.02805466718071451,-0.0022606342941479214,0.8305709248535134,-0.03205436703398783,0.008216932453002326,0.08109341197860209,0.9807029677269856
