231.0,232.0,0.02,2.599,0.061,-1.442,0.04,-0.009,-0.067,0.299,-0.055,-0.006,-0.086,-0.006,0.826,-1.252,-0.002,-0.048,-0.054,-0.049
231.0,233.0,0.02,2.599,0.061,-1.442,0.04,-0.009,-0.067,0.299,-0.055,-0.006,-0.086,-0.006,0.826,-1.252,-0.002,-0.048,-0.054,-0.049
231.0,234.0,0.02,2.599,0.061,-1.442,0.04,-0.009,-0.067,0.299,-0.055,-0.006,-0.086,-0.006,0.826,-1.252,-0.002,-0.048,-0.054,-0.049
231.0,235.0,0.02,2.599,0.061,-1.442,0.04,-0.009,-0.067,0.299,-0.055,-0.006,-0.086,-0.006,0.826,-1.252,-0.002,-0.048,-0.054,-0.05
231.0,236.0,0.02,2.599,0.061,-1.442,0.04,-0.009,-0.067,0.299,-0.055,-0.006,-0.087,-0.006,0.826,-1.252,-0.002,-0.048,-0.053,-0.05
231.0,237.0,0.02,2.599,0.061,-1.442,0.04,-0.009,-0.067,0.299,-0.055,-0.006,-0.087,-0.006,0.826,-1.253,-0.002,-0.048,-0.053,-0.05
231.0,238.0,0.02,2.599,0.061,-1.442,0.04,-0.009,-0.067,0.299,-0.055,-0.006,-0.087,-0.006,0.826,-1.253,-0.002,-0.048,-0.053,-0.05
231.0,239.0,0.02,2.599,0.061,-1.442,0.04,-0.009,-0.067,0.299,-0.055,-0.006,-0.087,-0.006,0.826,-1.253,-0.002,-0.048,-0.053,-0.05
231.0,240.0,0.02,2.599,0.061,-1.442,0.04,-0.009,-0.067,0.299,-0.055,-0.006,-0.087,-0.006,0.826,-1.253,-0.002,-0.048,-0.053,-0.05
231.0,241.0,0.02,2.599,0.061,-1.442,0.04,-0.009,-0.067,0.299,-0.055,-0.006,-0.087,-0.006,0.826,-1.253,-0.002,-0.048,-0.053,-0.05
231.0,242.0,0.02,2.599,0.061,-1.442,0.04,-0.009,-0.067,0.299,-0.055,-0.006,-0.087,-0.006,0.826,-1.253,-0.002,-0.048,-0.053,-0.05
231.0,243.0,0.02,2.599,0.061,-1.442,0.04,-0.009,-0.067,0.299,-0.055,-0.006,-0.087,-0.006,0.826,-1.253,-0.002,-0.048,-0.053,-0.05
232.0,233.0,0.021,2.468,0.092,-0.952,-0.062,-0.124,-0.064,0.19,-0.041,-0.002,-0.117,-0.004,0.082,-1.237,-0.042,-0.052,-0.052,-0.05
232.0,234.0,0.022,2.468,0.092,-0.952,-0.062,-0.124,-0.063,0.19,-0.041,-0.002,-0.117,-0.004,0.082,-1.237,-0.042,-0.052,-0.052,-0.05
232.0,235.0,0.022,2.468,0.092,-0.952,-0.062,-0.124,-0.063,0.19,-0.041,-0.002,-0.117,-0.004,0.082,-1.237,-0.042,-0.052,-0.052,-0.05
232.0,236.0,0.022,2.468,0.092,-0.951,-0.062,-0.124,-0.063,0.19,-0.041,-0.002,-0.117,-0.004,0.082,-1.237,-0.042,-0.052,-0.052,-0.05
232.0,237.0,0.022,2.468,0.092,-0.951,-0.062,-0.124,-0.063,0.19,-0.041,-0.002,-0.117,-0.004,0.082,-1.237,-0.042,-0.052,-0.052,-0.05
232.0,238.0,0.022,2.468,0.092,-0.951,-0.062,-0.124,-0.063,0.19,-0.041,-0.002,-0.117,-0.004,0.081,-1.237,-0.042,-0.052,-0.052,-0.05
232.0,239.0,0.022,2.469,0.092,-0.951,-0.062,-0.124,-0.063,0.19,-0.041,-0.002,-0.117,-0.004,0.081,-1.237,-0.042,-0.052,-0.052,-0.05
232.0,240.0,0.022,2.469,0.092,-0.951,-0.062,-0.124,-0.063,0.19,-0.041,-0.002,-0.117,-0.004,0.081,-1.237,-0.042,-0.052,-0.052,-0.05
232.0,241.0,0.022,2.469,0.092,-0.951,-0.061,-0.124,-0.063,0.19,-0.041,-0.002,-0.117,-0.004,0.081,-1.237,-0.042,-0.052,-0.052,-0.05
232.0,242.0,0.022,2.469,0.092,-0.951,-0.061,-0.124,-0.063,0.19,-0.041,-0.002,-0.117,-0.004,0.081,-1.237,-0.042,-0.052,-0.052,-0.05
232.0,243.0,0.022,2.469,0.092,-0.951,-0.061,-0.124,-0.063,0.19,-0.041,-0.002,-0.117,-0.004,0.081,-1.237,-0.042,-0.052,-0.052,-0.05
232.0,244.0,0.022,2.469,0.092,-0.951,-0.061,-0.125,-0.063,0.189,-0.041,-0.002,-0.117,-0.004,0.081,-1.237,-0.042,-0.052,-0.052,-0.05
233.0,234.0,0.028,2.55,0.06,-1.444,-0.074,0.033,-0.038,0.139,-0.049,-0.003,-0.104,-0.007,0.592,-0.745,-0.017,-0.043,-0.053,-0.05
233.0,235.0,0.028,2.55,0.06,-1.444,-0.074,0.033,-0.038,0.139,-0.049,-0.003,-0.104,-0.007,0.592,-0.745,-0.017,-0.043,-0.053,-0.05
233.0,236.0,0.028,2.551,0.06,-1.444,-0.073,0.033,-0.038,0.138,-0.049,-0.003,-0.104,-0.007,0.592,-0.745,-0.017,-0.043,-0.053,-0.05
233.0,237.0,0.028,2.551,0.059,-1.444,-0.073,0.033,-0.038,0.138,-0.049,-0.003,-0.104,-0.007,0.592,-0.745,-0.017,-0.043,-0.053,-0.05
233.0,238.0,0.028,2.552,0.059,-1.443,-0.072,0.033,-0.038,0.137,-0.049,-0.003,-0.104,-0.007,0.592,-0.745,-0.017,-0.043,-0.053,-0.05
233.0,239.0,0.028,2.552,0.059,-1.443,-0.072,0.032,-0.038,0.137,-0.049,-0.003,-0.104,-0.007,0.592,-0.745,-0.017,-0.043,-0.053,-0.05
233.0,240.0,0.028,2.553,0.059,-1.443,-0.071,0.032,-0.038,0.136,-0.049,-0.003,-0.104,-0.007,0.592,-0.745,-0.017,-0.043,-0.053,-0.05
233.0,241.0,0.028,2.553,0.059,-1.443,-0.071,0.032,-0.038,0.136,-0.049,-0.003,-0.105,-0.007,0.592,-0.745,-0.017,-0.043,-0.053,-0.05
233.0,242.0,0.028,2.554,0.059,-1.443,-0.07,0.032,-0.038,0.135,-0.049,-0.003,-0.105,-0.007,0.592,-0.745,-0.017,-0.043,-0.053,-0.05
233.0,243.0,0.028,2.554,0.058,-1.443,-0.07,0.032,-0.038,0.135,-0.049,-0.003,-0.105,-0.007,0.592,-0.745,-0.017,-0.043,-0.053,-0.05
233.0,244.0,0.028,2.555,0.058,-1.443,-0.069,0.032,-0.038,0.134,-0.049,-0.003,-0.105,-0.007,0.592,-0.745,-0.017,-0.043,-0.053,-0.05
233.0,245.0,0.028,2.555,0.058,-1.443,-0.069,0.032,-0.038,0.134,-0.049,-0.003,-0.105,-0.007,0.592,-0.745,-0.017,-0.043,-0.053,-0.05
234.0,235.0,0.022,2.473,0.075,-1.143,-0.052,0.013,-0.047,0.166,-0.046,-0.003,-0.108,-0.004,0.332,-1.33,-0.009,-0.047,-0.05,-0.05
234.0,236.0,0.022,2.473,0.075,-1.143,-0.052,0.012,-0.047,0.166,-0.046,-0.003,-0.108,-0.004,0.332,-1.33,-0.009,-0.047,-0.05,-0.05
234.0,237.0,0.022,2.473,0.075,-1.143,-0.052,0.012,-0.047,0.166,-0.046,-0.003,-0.108,-0.005,0.332,-1.33,-0.009,-0.047,-0.05,-0.05
234.0,238.0,0.022,2.473,0.075,-1.143,-0.052,0.012,-0.047,0.166,-0.046,-0.003,-0.108,-0.005,0.332,-1.33,-0.009,-0.047,-0.05,-0.05
234.0,239.0,0.022,2.474,0.075,-1.143,-0.051,0.012,-0.047,0.166,-0.046,-0.003,-0.108,-0.005,0.332,-1.33,-0.009,-0.047,-0.05,-0.05
234.0,240.0,0.022,2.474,0.075,-1.143,-0.051,0.012,-0.047,0.166,-0.046,-0.003,-0.108,-0.005,0.332,-1.33,-0.009,-0.047,-0.05,-0.05
234.0,241.0,0.022,2.474,0.075,-1.143,-0.051,0.012,-0.047,0.166,-0.046,-0.003,-0.108,-0.005,0.332,-1.33,-0.009,-0.047,-0.05,-0.05
234.0,242.0,0.022,2.474,0.075,-1.143,-0.051,0.012,-0.047,0.166,-0.046,-0.003,-0.108,-0.005,0.332,-1.33,-0.009,-0.047,-0.05,-0.05
234.0,243.0,0.023,2.474,0.075,-1.143,-0.051,0.012,-0.047,0.165,-0.046,-0.003,-0.108,-0.005,0.332,-1.33,-0.009,-0.047,-0.05,-0.05
234.0,244.0,0.023,2.474,0.075,-1.143,-0.051,0.012,-0.047,0.165,-0.046,-0.003,-0.108,-0.005,0.332,-1.33,-0.009,-0.047,-0.05,-0.05
234.0,245.0,0.023,2.474,0.075,-1.142,-0.051,0.012,-0.047,0.165,-0.047,-0.003,-0.108,-0.005,0.332,-1.33,-0.009,-0.047,-0.05,-0.05
234.0,246.0,0.023,2.474,0.075,-1.142,-0.051,0.012,-0.047,0.165,-0.047,-0.003,-0.108,-0.005,0.332,-1.331,-0.009,-0.047,-0.05,-0.05
235.0,236.0,0.018,2.604,0.065,-1.085,-0.076,0.062,-0.051,0.162,-0.043,-0.004,-0.099,-0.005,0.536,-1.334,-0.048,-0.051,-0.051,-0.05
235.0,237.0,0.018,2.604,0.065,-1.085,-0.076,0.062,-0.051,0.162,-0.043,-0.004,-0.099,-0.005,0.536,-1.334,-0.048,-0.051,-0.05,-0.05
235.0,238.0,0.018,2.604,0.065,-1.084,-0.076,0.062,-0.051,0.161,-0.043,-0.004,-0.099,-0.005,0.536,-1.334,-0.048,-0.051,-0.05,-0.05
235.0,239.0,0.018,2.604,0.065,-1.084,-0.076,0.062,-0.051,0.161,-0.043,-0.004,-0.099,-0.005,0.536,-1.334,-0.048,-0.051,-0.05,-0.05
235.0,240.0,0.018,2.604,0.065,-1.084,-0.076,0.062,-0.051,0.161,-0.043,-0.004,-0.099,-0.005,0.536,-1.334,-0.048,-0.051,-0.05,-0.05
235.0,241.0,0.018,2.604,0.065,-1.084,-0.076,0.062,-0.051,0.161,-0.043,-0.004,-0.099,-0.005,0.536,-1.334,-0.048,-0.051,-0.05,-0.05
235.0,242.0,0.018,2.604,0.065,-1.084,-0.076,0.062,-0.051,0.161,-0.043,-0.004,-0.099,-0.005,0.536,-1.334,-0.048,-0.051,-0.05,-0.05
235.0,243.0,0.018,2.604,0.065,-1.084,-0.076,0.062,-0.051,0.161,-0.043,-0.004,-0.099,-0.005,0.536,-1.334,-0.048,-0.051,-0.05,-0.05
235.0,244.0,0.018,2.604,0.065,-1.084,-0.076,0.062,-0.051,0.161,-0.043,-0.004,-0.099,-0.005,0.536,-1.334,-0.048,-0.051,-0.05,-0.05
235.0,245.0,0.018,2.605,0.065,-1.084,-0.076,0.062,-0.051,0.161,-0.043,-0.004,-0.099,-0.005,0.536,-1.334,-0.048,-0.051,-0.05,-0.05
235.0,246.0,0.018,2.605,0.065,-1.084,-0.075,0.062,-0.051,0.161,-0.044,-0.004,-0.099,-0.005,0.536,-1.334,-0.048,-0.051,-0.05,-0.05
235.0,247.0,0.018,2.605,0.065,-1.084,-0.075,0.062,-0.051,0.161,-0.044,-0.004,-0.099,-0.005,0.536,-1.334,-0.048,-0.051,-0.05,-0.05
236.0,237.0,0.018,2.716,0.067,-1.064,-0.069,0.017,-0.052,0.21,-0.04,-0.005,-0.1,-0.007,0.657,-1.019,-0.031,-0.051,-0.051,-0.049
236.0,238.0,0.018,2.716,0.067,-1.064,-0.069,0.017,-0.052,0.21,-0.04,-0.005,-0.1,-0.007,0.657,-1.019,-0.031,-0.051,-0.051,-0.049
236.0,239.0,0.018,2.717,0.067,-1.064,-0.069,0.016,-0.052,0.21,-0.04,-0.005,-0.101,-0.007,0.657,-1.019,-0.031,-0.051,-0.051,-0.049
236.0,240.0,0.018,2.717,0.067,-1.064,-0.069,0.016,-0.052,0.21,-0.04,-0.006,-0.101,-0.007,0.657,-1.019,-0.031,-0.051,-0.051,-0.049
236.0,241.0,0.018,2.717,0.067,-1.064,-0.068,0.016,-0.052,0.21,-0.041,-0.006,-0.101,-0.007,0.657,-1.019,-0.031,-0.051,-0.051,-0.049
236.0,242.0,0.018,2.717,0.067,-1.064,-0.068,0.016,-0.052,0.209,-0.041,-0.006,-0.101,-0.007,0.657,-1.019,-0.031,-0.051,-0.051,-0.049
236.0,243.0,0.018,2.717,0.067,-1.064,-0.068,0.016,-0.052,0.209,-0.041,-0.006,-0.101,-0.007,0.657,-1.019,-0.031,-0.051,-0.05,-0.049
236.0,244.0,0.018,2.717,0.067,-1.064,-0.068,0.016,-0.052,0.209,-0.041,-0.006,-0.101,-0.007,0.657,-1.019,-0.031,-0.051,-0.05,-0.049
236.0,245.0,0.018,2.717,0.067,-1.063,-0.068,0.016,-0.052,0.209,-0.041,-0.006,-0.101,-0.007,0.657,-1.019,-0.031,-0.051,-0.05,-0.049
236.0,246.0,0.018,2.717,0.067,-1.063,-0.068,0.016,-0.052,0.209,-0.041,-0.006,-0.101,-0.007,0.657,-1.019,-0.031,-0.051,-0.05,-0.049
236.0,247.0,0.018,2.717,0.067,-1.063,-0.068,0.016,-0.052,0.209,-0.041,-0.006,-0.101,-0.007,0.657,-1.02,-0.031,-0.051,-0.05,-0.049
236.0,248.0,0.018,2.717,0.067,-1.063,-0.068,0.016,-0.052,0.209,-0.041,-0.006,-0.101,-0.007,0.657,-1.02,-0.031,-0.051,-0.05,-0.049
237.0,238.0,0.02,2.51,0.074,-1.168,-0.065,-0.024,-0.05,0.184,-0.05,-0.005,-0.105,-0.006,0.558,-1.07,-0.073,-0.051,-0.05,-0.05
237.0,239.0,0.02,2.51,0.074,-1.167,-0.065,-0.024,-0.05,0.184,-0.05,-0.005,-0.105,-0.006,0.558,-1.07,-0.073,-0.051,-0.05,-0.05
237.0,240.0,0.02,2.51,0.074,-1.167,-0.065,-0.024,-0.05,0.184,-0.05,-0.005,-0.106,-0.006,0.558,-1.07,-0.073,-0.051,-0.05,-0.05
237.0,241.0,0.02,2.51,0.074,-1.167,-0.065,-0.024,-0.05,0.184,-0.05,-0.005,-0.106,-0.006,0.558,-1.07,-0.073,-0.051,-0.05,-0.05
237.0,242.0,0.02,2.51,0.074,-1.167,-0.065,-0.024,-0.05,0.184,-0.05,-0.005,-0.106,-0.006,0.558,-1.07,-0.073,-0.051,-0.05,-0.05
237.0,243.0,0.02,2.51,0.074,-1.167,-0.065,-0.025,-0.05,0.184,-0.05,-0.005,-0.106,-0.006,0.558,-1.07,-0.073,-0.051,-0.05,-0.05
237.0,244.0,0.02,2.51,0.074,-1.167,-0.065,-0.025,-0.05,0.184,-0.05,-0.005,-0.106,-0.006,0.558,-1.07,-0.073,-0.051,-0.05,-0.05
237.0,245.0,0.02,2.51,0.074,-1.167,-0.065,-0.025,-0.05,0.184,-0.05,-0.005,-0.106,-0.006,0.558,-1.07,-0.073,-0.051,-0.05,-0.05
237.0,246.0,0.02,2.51,0.074,-1.167,-0.065,-0.025,-0.05,0.184,-0.05,-0.005,-0.106,-0.006,0.558,-1.07,-0.073,-0.051,-0.05,-0.05
237.0,247.0,0.02,2.51,0.074,-1.167,-0.065,-0.025,-0.05,0.184,-0.05,-0.005,-0.106,-0.006,0.558,-1.07,-0.073,-0.051,-0.05,-0.05
237.0,248.0,0.02,2.51,0.074,-1.167,-0.065,-0.025,-0.05,0.184,-0.05,-0.005,-0.106,-0.006,0.558,-1.07,-0.073,-0.051,-0.05,-0.05
237.0,249.0,0.02,2.51,0.074,-1.167,-0.065,-0.025,-0.05,0.184,-0.05,-0.005,-0.106,-0.006,0.558,-1.07,-0.073,-0.051,-0.05,-0.05
238.0,239.0,0.02,2.568,0.073,-1.207,-0.056,0.026,-0.043,0.173,-0.046,-0.006,-0.104,0.0,0.192,-1.221,0.278,-0.046,-0.051,-0.05
238.0,240.0,0.02,2.568,0.073,-1.207,-0.056,0.026,-0.043,0.173,-0.046,-0.006,-0.104,0.0,0.192,-1.221,0.278,-0.046,-0.051,-0.05
238.0,241.0,0.02,2.568,0.073,-1.207,-0.056,0.026,-0.043,0.173,-0.046,-0.006,-0.104,0.0,0.192,-1.221,0.278,-0.046,-0.051,-0.05
238.0,242.0,0.02,2.568,0.073,-1.207,-0.055,0.026,-0.043,0.173,-0.046,-0.006,-0.104,0.0,0.192,-1.221,0.278,-0.046,-0.051,-0.05
238.0,243.0,0.02,2.568,0.073,-1.207,-0.055,0.026,-0.043,0.173,-0.046,-0.006,-0.104,0.0,0.192,-1.221,0.278,-0.047,-0.051,-0.05
238.0,244.0,0.02,2.568,0.073,-1.207,-0.055,0.026,-0.043,0.173,-0.046,-0.006,-0.104,0.0,0.192,-1.221,0.278,-0.047,-0.051,-0.05
238.0,245.0,0.02,2.569,0.073,-1.207,-0.055,0.026,-0.043,0.173,-0.046,-0.006,-0.104,0.0,0.192,-1.221,0.278,-0.047,-0.051,-0.05
238.0,246.0,0.02,2.569,0.073,-1.207,-0.055,0.025,-0.043,0.172,-0.046,-0.006,-0.104,0.0,0.192,-1.221,0.278,-0.047,-0.051,-0.05
238.0,247.0,0.02,2.569,0.073,-1.207,-0.055,0.025,-0.043,0.172,-0.046,-0.006,-0.104,0.0,0.192,-1.221,0.278,-0.047,-0.051,-0.05
238.0,248.0,0.02,2.569,0.072,-1.206,-0.055,0.025,-0.043,0.172,-0.046,-0.006,-0.104,0.0,0.192,-1.221,0.278,-0.047,-0.051,-0.05
238.0,249.0,0.02,2.569,0.072,-1.206,-0.055,0.025,-0.043,0.172,-0.046,-0.006,-0.104,0.0,0.192,-1.221,0.278,-0.047,-0.051,-0.05
238.0,250.0,0.02,2.569,0.072,-1.206,-0.055,0.025,-0.043,0.172,-0.046,-0.006,-0.104,0.0,0.192,-1.221,0.278,-0.047,-0.051,-0.05
239.0,240.0,0.022,2.319,0.078,-1.188,-0.049,0.105,-0.039,0.114,-0.048,0.0,-0.117,-0.004,0.16,-1.377,-0.046,-0.049,-0.051,-0.05
239.0,241.0,0.022,2.319,0.078,-1.188,-0.049,0.105,-0.039,0.114,-0.048,0.0,-0.117,-0.004,0.16,-1.377,-0.046,-0.049,-0.051,-0.05
239.0,242.0,0.022,2.319,0.078,-1.188,-0.049,0.105,-0.039,0.114,-0.048,0.0,-0.117,-0.004,0.16,-1.377,-0.046,-0.049,-0.05,-0.05
239.0,243.0,0.022,2.319,0.078,-1.187,-0.049,0.105,-0.039,0.114,-0.048,0.0,-0.117,-0.004,0.16,-1.377,-0.046,-0.049,-0.05,-0.05
239.0,244.0,0.023,2.319,0.078,-1.187,-0.049,0.105,-0.039,0.114,-0.048,0.0,-0.117,-0.004,0.16,-1.377,-0.046,-0.049,-0.05,-0.05
239.0,245.0,0.023,2.319,0.078,-1.187,-0.049,0.105,-0.039,0.114,-0.048,0.0,-0.117,-0.004,0.16,-1.377,-0.046,-0.049,-0.05,-0.05
239.0,246.0,0.023,2.319,0.078,-1.187,-0.049,0.105,-0.039,0.114,-0.048,0.0,-0.117,-0.004,0.16,-1.377,-0.046,-0.049,-0.05,-0.05
239.0,247.0,0.023,2.319,0.078,-1.187,-0.049,0.105,-0.039,0.114,-0.048,0.0,-0.117,-0.004,0.16,-1.377,-0.046,-0.049,-0.05,-0.05
239.0,248.0,0.023,2.319,0.078,-1.187,-0.049,0.104,-0.039,0.114,-0.048,0.0,-0.117,-0.004,0.16,-1.377,-0.046,-0.049,-0.05,-0.05
239.0,249.0,0.023,2.319,0.078,-1.187,-0.049,0.104,-0.039,0.114,-0.048,0.0,-0.117,-0.004,0.16,-1.377,-0.046,-0.049,-0.05,-0.05
239.0,250.0,0.023,2.319,0.078,-1.187,-0.049,0.104,-0.039,0.114,-0.048,0.0,-0.117,-0.004,0.16,-1.377,-0.046,-0.049,-0.05,-0.05
239.0,251.0,0.023,2.319,0.077,-1.187,-0.049,0.104,-0.039,0.114,-0.048,0.0,-0.117,-0.004,0.16,-1.377,-0.046,-0.049,-0.05,-0.05
240.0,241.0,0.013,2.624,0.082,-0.891,-0.064,-0.046,-0.063,0.239,-0.05,-0.007,-0.11,-0.009,0.805,-0.706,-0.066,-0.061,-0.05,-0.05
240.0,242.0,0.013,2.624,0.082,-0.891,-0.064,-0.046,-0.063,0.239,-0.05,-0.007,-0.111,-0.009,0.805,-0.706,-0.066,-0.061,-0.05,-0.05
240.0,243.0,0.013,2.624,0.082,-0.891,-0.064,-0.046,-0.063,0.239,-0.05,-0.007,-0.111,-0.009,0.805,-0.706,-0.066,-0.061,-0.05,-0.05
240.0,244.0,0.013,2.624,0.082,-0.891,-0.064,-0.046,-0.063,0.239,-0.05,-0.007,-0.111,-0.009,0.805,-0.706,-0.066,-0.061,-0.05,-0.05
240.0,245.0,0.013,2.624,0.082,-0.891,-0.064,-0.046,-0.063,0.239,-0.05,-0.007,-0.111,-0.009,0.805,-0.706,-0.066,-0.061,-0.05,-0.05
240.0,246.0,0.013,2.624,0.082,-0.891,-0.064,-0.046,-0.063,0.239,-0.05,-0.007,-0.111,-0.009,0.805,-0.706,-0.066,-0.061,-0.05,-0.05
240.0,247.0,0.013,2.624,0.082,-0.891,-0.064,-0.046,-0.063,0.239,-0.05,-0.007,-0.111,-0.009,0.805,-0.706,-0.066,-0.061,-0.05,-0.05
240.0,248.0,0.013,2.624,0.082,-0.891,-0.064,-0.046,-0.063,0.239,-0.05,-0.007,-0.111,-0.009,0.805,-0.706,-0.066,-0.061,-0.05,-0.05
240.0,249.0,0.013,2.624,0.082,-0.891,-0.064,-0.046,-0.063,0.239,-0.05,-0.007,-0.111,-0.009,0.805,-0.706,-0.066,-0.061,-0.05,-0.05
240.0,250.0,0.013,2.624,0.082,-0.891,-0.064,-0.046,-0.063,0.239,-0.05,-0.007,-0.111,-0.009,0.805,-0.706,-0.066,-0.061,-0.05,-0.05
240.0,251.0,0.013,2.624,0.082,-0.891,-0.064,-0.046,-0.063,0.239,-0.05,-0.007,-0.111,-0.009,0.805,-0.706,-0.066,-0.061,-0.05,-0.05
240.0,252.0,0.013,2.624,0.082,-0.891,-0.064,-0.046,-0.063,0.239,-0.05,-0.007,-0.111,-0.009,0.805,-0.706,-0.066,-0.061,-0.05,-0.05
241.0,242.0,0.017,2.58,0.071,-1.2,-0.053,0.099,-0.037,0.159,-0.048,-0.003,-0.103,-0.005,0.406,-1.375,-0.012,-0.048,-0.05,-0.049
241.0,243.0,0.017,2.58,0.071,-1.2,-0.053,0.099,-0.037,0.159,-0.048,-0.003,-0.103,-0.005,0.406,-1.375,-0.012,-0.048,-0.05,-0.049
241.0,244.0,0.017,2.58,0.071,-1.199,-0.052,0.099,-0.037,0.159,-0.048,-0.003,-0.103,-0.005,0.406,-1.375,-0.012,-0.048,-0.05,-0.049
241.0,245.0,0.017,2.58,0.07,-1.199,-0.052,0.099,-0.037,0.159,-0.048,-0.003,-0.103,-0.005,0.406,-1.375,-0.012,-0.048,-0.05,-0.049
241.0,246.0,0.017,2.58,0.07,-1.199,-0.052,0.098,-0.037,0.159,-0.048,-0.003,-0.103,-0.005,0.406,-1.375,-0.012,-0.048,-0.05,-0.049
241.0,247.0,0.017,2.58,0.07,-1.199,-0.052,0.098,-0.037,0.159,-0.048,-0.003,-0.103,-0.005,0.406,-1.375,-0.012,-0.048,-0.05,-0.049
241.0,248.0,0.017,2.58,0.07,-1.199,-0.052,0.098,-0.037,0.159,-0.048,-0.003,-0.103,-0.005,0.406,-1.375,-0.012,-0.048,-0.05,-0.049
241.0,249.0,0.017,2.58,0.07,-1.199,-0.052,0.098,-0.037,0.159,-0.048,-0.003,-0.103,-0.005,0.406,-1.375,-0.012,-0.048,-0.05,-0.049
241.0,250.0,0.018,2.58,0.07,-1.199,-0.052,0.098,-0.037,0.159,-0.048,-0.003,-0.103,-0.005,0.406,-1.375,-0.012,-0.048,-0.05,-0.049
241.0,251.0,0.018,2.58,0.07,-1.199,-0.052,0.098,-0.037,0.159,-0.048,-0.003,-0.103,-0.005,0.406,-1.375,-0.012,-0.048,-0.05,-0.049
241.0,252.0,0.018,2.58,0.07,-1.199,-0.052,0.098,-0.037,0.159,-0.048,-0.003,-0.103,-0.005,0.406,-1.375,-0.012,-0.048,-0.05,-0.049
241.0,253.0,0.018,2.58,0.07,-1.199,-0.052,0.098,-0.037,0.159,-0.048,-0.003,-0.103,-0.005,0.406,-1.375,-0.012,-0.048,-0.05,-0.049
242.0,243.0,0.018,2.405,0.081,-1.106,-0.053,-0.001,-0.043,0.14,-0.048,-0.004,-0.111,-0.006,0.511,-1.126,-0.053,-0.051,-0.052,-0.05
242.0,244.0,0.018,2.405,0.081,-1.106,-0.053,-0.001,-0.043,0.14,-0.048,-0.004,-0.111,-0.006,0.511,-1.126,-0.053,-0.051,-0.052,-0.05
242.0,245.0,0.018,2.405,0.081,-1.106,-0.053,-0.001,-0.043,0.14,-0.048,-0.004,-0.111,-0.006,0.511,-1.126,-0.053,-0.051,-0.052,-0.05
242.0,246.0,0.018,2.405,0.081,-1.106,-0.053,-0.001,-0.043,0.14,-0.048,-0.004,-0.111,-0.006,0.511,-1.126,-0.053,-0.051,-0.052,-0.05
242.0,247.0,0.018,2.405,0.081,-1.106,-0.053,-0.001,-0.043,0.14,-0.048,-0.004,-0.111,-0.006,0.511,-1.126,-0.053,-0.051,-0.052,-0.05
242.0,248.0,0.018,2.405,0.081,-1.106,-0.053,-0.001,-0.043,0.14,-0.048,-0.004,-0.111,-0.006,0.511,-1.126,-0.053,-0.051,-0.052,-0.05
242.0,249.0,0.018,2.405,0.081,-1.106,-0.053,-0.001,-0.043,0.14,-0.048,-0.004,-0.111,-0.006,0.511,-1.126,-0.053,-0.051,-0.052,-0.05
242.0,250.0,0.018,2.405,0.081,-1.106,-0.053,-0.001,-0.043,0.14,-0.048,-0.005,-0.111,-0.006,0.511,-1.126,-0.053,-0.051,-0.052,-0.05
242.0,251.0,0.018,2.405,0.081,-1.106,-0.053,-0.001,-0.043,0.14,-0.048,-0.005,-0.111,-0.006,0.511,-1.126,-0.053,-0.051,-0.052,-0.05
242.0,252.0,0.018,2.405,0.081,-1.106,-0.053,-0.001,-0.043,0.14,-0.048,-0.005,-0.111,-0.006,0.511,-1.126,-0.053,-0.051,-0.052,-0.05
242.0,253.0,0.018,2.405,0.081,-1.106,-0.053,-0.001,-0.043,0.14,-0.048,-0.005,-0.112,-0.006,0.511,-1.126,-0.053,-0.051,-0.052,-0.05
242.0,254.0,0.018,2.405,0.081,-1.106,-0.053,-0.001,-0.043,0.14,-0.048,-0.005,-0.112,-0.006,0.511,-1.126,-0.053,-0.051,-0.052,-0.05
243.0,244.0,0.018,2.429,0.08,-1.106,-0.113,0.196,-0.04,0.131,-0.054,-0.005,-0.123,-0.004,-0.017,-1.07,0.383,-0.051,-0.04,-0.049
243.0,245.0,0.018,2.429,0.08,-1.106,-0.113,0.196,-0.04,0.131,-0.054,-0.005,-0.123,-0.004,-0.017,-1.07,0.383,-0.051,-0.04,-0.049
243.0,246.0,0.018,2.429,0.08,-1.106,-0.113,0.196,-0.04,0.131,-0.054,-0.005,-0.123,-0.004,-0.017,-1.07,0.383,-0.051,-0.04,-0.049
243.0,247.0,0.018,2.429,0.08,-1.106,-0.113,0.196,-0.04,0.131,-0.054,-0.005,-0.123,-0.004,-0.017,-1.07,0.383,-0.051,-0.04,-0.05
243.0,248.0,0.018,2.429,0.08,-1.106,-0.113,0.196,-0.04,0.131,-0.054,-0.005,-0.123,-0.004,-0.017,-1.07,0.383,-0.051,-0.04,-0.05
243.0,249.0,0.018,2.429,0.08,-1.106,-0.113,0.196,-0.04,0.131,-0.054,-0.005,-0.123,-0.004,-0.017,-1.07,0.383,-0.051,-0.04,-0.05
243.0,250.0,0.018,2.429,0.08,-1.106,-0.113,0.196,-0.04,0.131,-0.054,-0.005,-0.123,-0.004,-0.017,-1.07,0.383,-0.051,-0.04,-0.05
243.0,251.0,0.018,2.429,0.08,-1.106,-0.113,0.196,-0.04,0.131,-0.054,-0.005,-0.123,-0.004,-0.017,-1.07,0.383,-0.051,-0.04,-0.05
243.0,252.0,0.018,2.429,0.08,-1.106,-0.113,0.196,-0.04,0.131,-0.054,-0.005,-0.123,-0.004,-0.017,-1.07,0.383,-0.051,-0.04,-0.05
243.0,253.0,0.018,2.429,0.08,-1.106,-0.113,0.196,-0.04,0.131,-0.054,-0.005,-0.123,-0.004,-0.017,-1.07,0.383,-0.051,-0.04,-0.05
243.0,254.0,0.018,2.429,0.08,-1.106,-0.113,0.196,-0.04,0.131,-0.054,-0.005,-0.123,-0.004,-0.017,-1.07,0.383,-0.051,-0.04,-0.05
243.0,255.0,0.018,2.429,0.08,-1.106,-0.113,0.196,-0.04,0.131,-0.054,-0.005,-0.123,-0.004,-0.017,-1.07,0.383,-0.051,-0.04,-0.05
244.0,245.0,0.014,2.481,0.076,-1.005,-0.087,0.109,-0.045,0.148,-0.052,-0.006,-0.111,-0.007,0.604,-0.94,-0.053,-0.052,-0.049,-0.05
244.0,246.0,0.014,2.481,0.076,-1.005,-0.087,0.109,-0.045,0.148,-0.052,-0.006,-0.111,-0.007,0.604,-0.94,-0.053,-0.052,-0.049,-0.05
244.0,247.0,0.014,2.481,0.076,-1.005,-0.087,0.109,-0.045,0.148,-0.052,-0.006,-0.111,-0.007,0.605,-0.94,-0.053,-0.053,-0.049,-0.05
244.0,248.0,0.014,2.481,0.076,-1.005,-0.087,0.109,-0.045,0.148,-0.052,-0.006,-0.111,-0.007,0.605,-0.94,-0.053,-0.053,-0.049,-0.05
244.0,249.0,0.014,2.481,0.076,-1.005,-0.087,0.109,-0.045,0.148,-0.052,-0.006,-0.111,-0.007,0.605,-0.94,-0.052,-0.053,-0.049,-0.05
244.0,250.0,0.014,2.481,0.076,-1.005,-0.087,0.109,-0.045,0.148,-0.052,-0.006,-0.111,-0.007,0.605,-0.94,-0.052,-0.053,-0.049,-0.05
244.0,251.0,0.014,2.481,0.076,-1.005,-0.087,0.109,-0.045,0.148,-0.052,-0.006,-0.111,-0.007,0.605,-0.94,-0.052,-0.053,-0.049,-0.05
244.0,252.0,0.014,2.481,0.076,-1.005,-0.087,0.109,-0.045,0.148,-0.052,-0.006,-0.112,-0.007,0.605,-0.94,-0.052,-0.053,-0.049,-0.05
244.0,253.0,0.014,2.481,0.076,-1.005,-0.087,0.109,-0.045,0.148,-0.052,-0.006,-0.112,-0.007,0.605,-0.94,-0.052,-0.053,-0.049,-0.05
244.0,254.0,0.014,2.481,0.076,-1.005,-0.087,0.109,-0.045,0.148,-0.052,-0.006,-0.112,-0.007,0.605,-0.94,-0.052,-0.053,-0.049,-0.05
244.0,255.0,0.014,2.481,0.076,-1.005,-0.087,0.109,-0.045,0.148,-0.052,-0.006,-0.112,-0.007,0.605,-0.94,-0.052,-0.053,-0.049,-0.05
244.0,256.0,0.014,2.481,0.076,-1.005,-0.087,0.109,-0.045,0.148,-0.052,-0.006,-0.112,-0.007,0.605,-0.94,-0.052,-0.053,-0.049,-0.05
245.0,246.0,0.015,2.551,0.077,-1.092,-0.056,-0.002,-0.043,0.173,-0.049,-0.009,-0.11,-0.008,-0.038,-0.768,0.807,-0.048,-0.05,-0.049
245.0,247.0,0.015,2.551,0.077,-1.092,-0.056,-0.002,-0.043,0.173,-0.049,-0.009,-0.11,-0.008,-0.038,-0.768,0.807,-0.048,-0.05,-0.049
245.0,248.0,0.015,2.551,0.077,-1.092,-0.056,-0.002,-0.043,0.173,-0.049,-0.009,-0.11,-0.008,-0.038,-0.768,0.807,-0.048,-0.05,-0.049
245.0,249.0,0.015,2.551,0.077,-1.092,-0.056,-0.002,-0.043,0.173,-0.049,-0.009,-0.11,-0.008,-0.038,-0.768,0.807,-0.048,-0.05,-0.049
245.0,250.0,0.015,2.551,0.077,-1.092,-0.056,-0.002,-0.043,0.173,-0.049,-0.009,-0.11,-0.008,-0.038,-0.768,0.807,-0.048,-0.05,-0.05
245.0,251.0,0.015,2.551,0.077,-1.092,-0.056,-0.002,-0.043,0.173,-0.049,-0.009,-0.11,-0.008,-0.038,-0.768,0.807,-0.048,-0.05,-0.05
245.0,252.0,0.015,2.551,0.077,-1.092,-0.056,-0.002,-0.043,0.173,-0.049,-0.009,-0.11,-0.008,-0.037,-0.768,0.807,-0.048,-0.05,-0.05
245.0,253.0,0.015,2.551,0.077,-1.092,-0.056,-0.002,-0.043,0.173,-0.049,-0.009,-0.111,-0.008,-0.037,-0.768,0.807,-0.048,-0.05,-0.05
245.0,254.0,0.015,2.551,0.076,-1.092,-0.056,-0.002,-0.043,0.173,-0.049,-0.009,-0.111,-0.008,-0.037,-0.768,0.807,-0.048,-0.05,-0.05
245.0,255.0,0.015,2.551,0.076,-1.092,-0.056,-0.002,-0.043,0.173,-0.049,-0.009,-0.111,-0.008,-0.037,-0.768,0.807,-0.048,-0.05,-0.05
245.0,256.0,0.016,2.551,0.076,-1.092,-0.056,-0.002,-0.043,0.173,-0.049,-0.009,-0.111,-0.008,-0.037,-0.768,0.807,-0.048,-0.05,-0.05
245.0,257.0,0.016,2.551,0.076,-1.092,-0.056,-0.002,-0.043,0.173,-0.049,-0.009,-0.111,-0.008,-0.037,-0.768,0.807,-0.048,-0.05,-0.05
246.0,247.0,0.017,2.417,0.078,-1.16,-0.032,0.025,-0.04,0.138,-0.052,-0.006,-0.11,-0.007,0.535,-0.943,-0.047,-0.056,-0.05,-0.05
246.0,248.0,0.017,2.417,0.078,-1.16,-0.032,0.025,-0.04,0.138,-0.052,-0.006,-0.11,-0.007,0.535,-0.943,-0.047,-0.056,-0.05,-0.05
246.0,249.0,0.017,2.417,0.078,-1.16,-0.032,0.025,-0.04,0.138,-0.052,-0.006,-0.11,-0.007,0.535,-0.943,-0.047,-0.056,-0.05,-0.05
246.0,250.0,0.017,2.417,0.078,-1.159,-0.032,0.025,-0.04,0.138,-0.052,-0.006,-0.11,-0.007,0.535,-0.943,-0.047,-0.057,-0.05,-0.05
246.0,251.0,0.017,2.417,0.077,-1.159,-0.031,0.025,-0.04,0.138,-0.052,-0.006,-0.11,-0.007,0.535,-0.943,-0.047,-0.057,-0.05,-0.05
246.0,252.0,0.017,2.417,0.077,-1.159,-0.031,0.025,-0.04,0.138,-0.052,-0.006,-0.11,-0.007,0.535,-0.943,-0.046,-0.057,-0.05,-0.05
246.0,253.0,0.017,2.417,0.077,-1.159,-0.031,0.025,-0.04,0.138,-0.052,-0.006,-0.11,-0.007,0.535,-0.943,-0.046,-0.057,-0.05,-0.05
246.0,254.0,0.017,2.417,0.077,-1.159,-0.031,0.025,-0.04,0.138,-0.052,-0.006,-0.111,-0.007,0.535,-0.943,-0.046,-0.057,-0.05,-0.05
246.0,255.0,0.017,2.417,0.077,-1.159,-0.031,0.025,-0.04,0.138,-0.052,-0.006,-0.111,-0.007,0.535,-0.943,-0.046,-0.057,-0.05,-0.05
246.0,256.0,0.017,2.417,0.077,-1.159,-0.031,0.025,-0.04,0.138,-0.052,-0.006,-0.111,-0.007,0.535,-0.943,-0.046,-0.057,-0.05,-0.05
246.0,257.0,0.017,2.417,0.077,-1.159,-0.031,0.025,-0.04,0.138,-0.052,-0.006,-0.111,-0.007,0.535,-0.943,-0.046,-0.057,-0.05,-0.05
246.0,258.0,0.017,2.417,0.077,-1.159,-0.031,0.025,-0.04,0.138,-0.052,-0.006,-0.111,-0.007,0.535,-0.943,-0.046,-0.057,-0.05,-0.05
247.0,248.0,0.016,2.382,0.082,-1.139,-0.06,-0.044,-0.041,0.134,-0.053,-0.008,-0.112,-0.006,-0.052,-0.897,0.634,-0.048,-0.05,-0.049
247.0,249.0,0.016,2.382,0.082,-1.139,-0.06,-0.044,-0.041,0.134,-0.053,-0.008,-0.112,-0.006,-0.052,-0.897,0.634,-0.048,-0.05,-0.049
247.0,250.0,0.016,2.383,0.082,-1.139,-0.06,-0.044,-0.041,0.134,-0.053,-0.008,-0.112,-0.006,-0.052,-0.897,0.634,-0.048,-0.05,-0.049
247.0,251.0,0.017,2.383,0.082,-1.139,-0.06,-0.044,-0.041,0.134,-0.053,-0.008,-0.112,-0.006,-0.052,-0.897,0.634,-0.048,-0.05,-0.049
247.0,252.0,0.017,2.383,0.082,-1.139,-0.06,-0.044,-0.041,0.134,-0.053,-0.008,-0.112,-0.006,-0.052,-0.897,0.634,-0.048,-0.05,-0.049
247.0,253.0,0.017,2.383,0.082,-1.139,-0.06,-0.044,-0.041,0.134,-0.053,-0.008,-0.112,-0.006,-0.052,-0.897,0.634,-0.048,-0.05,-0.049
247.0,254.0,0.017,2.383,0.082,-1.139,-0.06,-0.044,-0.041,0.134,-0.053,-0.008,-0.112,-0.006,-0.052,-0.897,0.634,-0.048,-0.05,-0.05
247.0,255.0,0.017,2.383,0.082,-1.139,-0.06,-0.044,-0.041,0.134,-0.053,-0.008,-0.112,-0.006,-0.052,-0.897,0.634,-0.048,-0.05,-0.05
247.0,256.0,0.017,2.383,0.082,-1.139,-0.06,-0.044,-0.041,0.134,-0.053,-0.008,-0.112,-0.006,-0.052,-0.897,0.634,-0.048,-0.05,-0.05
247.0,257.0,0.017,2.383,0.082,-1.139,-0.06,-0.044,-0.041,0.134,-0.053,-0.007,-0.112,-0.006,-0.052,-0.897,0.634,-0.048,-0.05,-0.05
247.0,258.0,0.017,2.383,0.082,-1.139,-0.06,-0.044,-0.041,0.134,-0.053,-0.007,-0.112,-0.006,-0.052,-0.897,0.634,-0.048,-0.05,-0.05
247.0,259.0,0.017,2.383,0.082,-1.139,-0.06,-0.044,-0.041,0.134,-0.053,-0.007,-0.112,-0.006,-0.052,-0.897,0.634,-0.048,-0.05,-0.05
248.0,249.0,0.015,2.308,0.085,-1.056,0.044,0.023,-0.034,0.12,-0.045,-0.006,-0.117,-0.007,0.536,-0.999,-0.026,-0.042,-0.05,-0.05
248.0,250.0,0.015,2.308,0.085,-1.056,0.044,0.023,-0.034,0.12,-0.045,-0.006,-0.117,-0.007,0.536,-0.999,-0.026,-0.042,-0.05,-0.05
248.0,251.0,0.015,2.308,0.085,-1.056,0.044,0.023,-0.034,0.12,-0.045,-0.006,-0.117,-0.007,0.536,-0.999,-0.026,-0.042,-0.05,-0.05
248.0,252.0,0.015,2.308,0.085,-1.056,0.044,0.023,-0.034,0.12,-0.045,-0.006,-0.117,-0.007,0.537,-0.999,-0.026,-0.042,-0.05,-0.05
248.0,253.0,0.015,2.308,0.085,-1.056,0.044,0.023,-0.034,0.12,-0.045,-0.006,-0.117,-0.007,0.537,-0.999,-0.026,-0.042,-0.05,-0.05
248.0,254.0,0.015,2.308,0.085,-1.056,0.044,0.023,-0.034,0.12,-0.045,-0.006,-0.117,-0.007,0.537,-0.999,-0.026,-0.042,-0.05,-0.05
248.0,255.0,0.015,2.308,0.085,-1.056,0.044,0.023,-0.034,0.12,-0.045,-0.006,-0.118,-0.007,0.537,-0.999,-0.026,-0.042,-0.05,-0.05
248.0,256.0,0.015,2.308,0.085,-1.056,0.044,0.023,-0.034,0.12,-0.045,-0.006,-0.118,-0.007,0.537,-0.999,-0.026,-0.042,-0.05,-0.05
248.0,257.0,0.015,2.308,0.085,-1.056,0.044,0.023,-0.034,0.12,-0.045,-0.006,-0.118,-0.007,0.537,-0.999,-0.026,-0.042,-0.05,-0.05
248.0,258.0,0.015,2.308,0.085,-1.056,0.044,0.023,-0.034,0.12,-0.045,-0.006,-0.118,-0.007,0.537,-0.999,-0.026,-0.042,-0.05,-0.05
248.0,259.0,0.015,2.308,0.085,-1.056,0.044,0.023,-0.034,0.12,-0.045,-0.006,-0.118,-0.007,0.537,-0.999,-0.026,-0.042,-0.05,-0.05
248.0,260.0,0.015,2.308,0.085,-1.056,0.044,0.023,-0.034,0.12,-0.045,-0.006,-0.118,-0.007,0.537,-0.999,-0.026,-0.042,-0.05,-0.05
249.0,250.0,0.021,2.572,0.085,-1.241,-0.056,0.049,-0.028,0.169,-0.053,-0.006,-0.121,0.0,0.01,-1.038,0.207,-0.056,-0.05,-0.05
249.0,251.0,0.021,2.572,0.085,-1.241,-0.056,0.049,-0.028,0.169,-0.052,-0.006,-0.121,0.0,0.01,-1.038,0.207,-0.056,-0.05,-0.05
249.0,252.0,0.021,2.572,0.085,-1.241,-0.056,0.049,-0.028,0.169,-0.052,-0.006,-0.121,0.0,0.01,-1.038,0.207,-0.056,-0.05,-0.05
249.0,253.0,0.021,2.572,0.085,-1.241,-0.056,0.049,-0.028,0.169,-0.052,-0.006,-0.121,0.0,0.01,-1.038,0.207,-0.056,-0.05,-0.05
249.0,254.0,0.021,2.572,0.085,-1.241,-0.056,0.049,-0.028,0.169,-0.052,-0.006,-0.121,0.0,0.01,-1.038,0.207,-0.056,-0.05,-0.05
249.0,255.0,0.021,2.572,0.085,-1.241,-0.056,0.049,-0.028,0.169,-0.052,-0.006,-0.121,0.0,0.01,-1.038,0.207,-0.056,-0.05,-0.05
249.0,256.0,0.021,2.572,0.085,-1.241,-0.056,0.049,-0.028,0.169,-0.052,-0.006,-0.121,0.0,0.01,-1.038,0.207,-0.056,-0.05,-0.05
249.0,257.0,0.021,2.572,0.085,-1.241,-0.056,0.049,-0.028,0.169,-0.052,-0.006,-0.121,0.0,0.01,-1.038,0.207,-0.056,-0.05,-0.05
249.0,258.0,0.021,2.572,0.085,-1.241,-0.056,0.049,-0.028,0.169,-0.052,-0.006,-0.121,0.0,0.01,-1.038,0.207,-0.056,-0.05,-0.05
249.0,259.0,0.021,2.572,0.085,-1.241,-0.056,0.049,-0.028,0.169,-0.052,-0.006,-0.121,0.0,0.01,-1.038,0.207,-0.056,-0.05,-0.05
249.0,260.0,0.021,2.572,0.085,-1.241,-0.056,0.049,-0.028,0.169,-0.052,-0.006,-0.121,0.0,0.01,-1.038,0.207,-0.056,-0.05,-0.05
249.0,261.0,0.021,2.572,0.085,-1.241,-0.056,0.049,-0.028,0.169,-0.052,-0.006,-0.121,0.0,0.01,-1.038,0.207,-0.056,-0.05,-0.05
250.0,251.0,0.014,2.413,0.084,-1.124,-0.038,-0.015,-0.027,0.105,-0.043,-0.006,-0.11,-0.004,-0.039,-1.173,0.536,-0.05,-0.05,-0.049
250.0,252.0,0.014,2.413,0.084,-1.124,-0.038,-0.015,-0.027,0.105,-0.043,-0.006,-0.11,-0.004,-0.039,-1.173,0.536,-0.05,-0.05,-0.049
250.0,253.0,0.014,2.413,0.084,-1.124,-0.038,-0.015,-0.027,0.105,-0.043,-0.006,-0.11,-0.004,-0.039,-1.173,0.536,-0.05,-0.05,-0.049
250.0,254.0,0.014,2.413,0.084,-1.124,-0.038,-0.015,-0.027,0.105,-0.043,-0.006,-0.11,-0.004,-0.039,-1.173,0.536,-0.05,-0.05,-0.049
250.0,255.0,0.014,2.413,0.084,-1.124,-0.038,-0.015,-0.027,0.105,-0.043,-0.006,-0.11,-0.004,-0.039,-1.173,0.536,-0.05,-0.05,-0.05
250.0,256.0,0.014,2.413,0.084,-1.124,-0.038,-0.015,-0.027,0.105,-0.043,-0.006,-0.11,-0.004,-0.039,-1.173,0.536,-0.05,-0.05,-0.05
250.0,257.0,0.014,2.413,0.084,-1.124,-0.038,-0.015,-0.027,0.105,-0.043,-0.006,-0.11,-0.004,-0.039,-1.173,0.536,-0.05,-0.05,-0.05
250.0,258.0,0.014,2.413,0.084,-1.124,-0.038,-0.015,-0.027,0.105,-0.043,-0.006,-0.11,-0.004,-0.039,-1.173,0.536,-0.05,-0.05,-0.05
250.0,259.0,0.014,2.413,0.084,-1.124,-0.038,-0.015,-0.027,0.105,-0.043,-0.006,-0.111,-0.004,-0.039,-1.173,0.536,-0.05,-0.05,-0.05
250.0,260.0,0.014,2.413,0.084,-1.124,-0.038,-0.015,-0.027,0.105,-0.043,-0.006,-0.111,-0.004,-0.039,-1.173,0.536,-0.05,-0.05,-0.05
250.0,261.0,0.014,2.413,0.084,-1.124,-0.038,-0.015,-0.027,0.105,-0.043,-0.006,-0.111,-0.004,-0.039,-1.173,0.536,-0.05,-0.05,-0.05
250.0,262.0,0.014,2.413,0.084,-1.124,-0.038,-0.015,-0.027,0.105,-0.043,-0.006,-0.111,-0.004,-0.039,-1.173,0.536,-0.05,-0.05,-0.05
251.0,252.0,0.026,2.845,0.069,-1.543,-0.039,0.153,-0.019,0.226,-0.064,-0.008,-0.113,-0.002,-0.05,-0.892,0.61,-0.051,-0.052,-0.041
251.0,253.0,0.026,2.845,0.069,-1.543,-0.039,0.153,-0.019,0.226,-0.064,-0.008,-0.113,-0.002,-0.05,-0.892,0.61,-0.051,-0.052,-0.041
251.0,254.0,0.026,2.845,0.069,-1.543,-0.039,0.153,-0.02,0.226,-0.064,-0.008,-0.113,-0.002,-0.05,-0.892,0.61,-0.051,-0.052,-0.041
251.0,255.0,0.026,2.845,0.069,-1.543,-0.038,0.153,-0.02,0.226,-0.063,-0.008,-0.113,-0.002,-0.05,-0.892,0.61,-0.051,-0.052,-0.041
251.0,256.0,0.026,2.846,0.068,-1.543,-0.038,0.153,-0.02,0.225,-0.063,-0.008,-0.113,-0.002,-0.05,-0.892,0.61,-0.051,-0.052,-0.041
251.0,257.0,0.026,2.846,0.068,-1.543,-0.038,0.153,-0.02,0.225,-0.063,-0.008,-0.113,-0.002,-0.05,-0.892,0.61,-0.051,-0.052,-0.041
251.0,258.0,0.026,2.846,0.068,-1.543,-0.038,0.153,-0.021,0.225,-0.063,-0.008,-0.113,-0.002,-0.05,-0.892,0.61,-0.051,-0.052,-0.041
251.0,259.0,0.026,2.846,0.068,-1.543,-0.038,0.154,-0.021,0.225,-0.063,-0.008,-0.113,-0.002,-0.05,-0.892,0.61,-0.051,-0.052,-0.041
251.0,260.0,0.026,2.846,0.068,-1.543,-0.037,0.154,-0.021,0.225,-0.063,-0.008,-0.113,-0.002,-0.05,-0.892,0.61,-0.051,-0.052,-0.041
251.0,261.0,0.026,2.847,0.067,-1.543,-0.037,0.154,-0.021,0.224,-0.063,-0.008,-0.113,-0.002,-0.05,-0.892,0.61,-0.051,-0.052,-0.041
251.0,262.0,0.026,2.847,0.067,-1.543,-0.037,0.154,-0.021,0.224,-0.062,-0.008,-0.113,-0.002,-0.05,-0.892,0.61,-0.051,-0.052,-0.041
251.0,263.0,0.026,2.847,0.067,-1.543,-0.037,0.154,-0.022,0.224,-0.062,-0.008,-0.113,-0.002,-0.05,-0.892,0.61,-0.051,-0.052,-0.041
252.0,253.0,0.024,2.75,0.072,-1.44,-0.081,-0.034,-0.023,0.169,-0.059,-0.002,-0.102,-0.007,0.637,-0.986,-0.057,-0.047,-0.053,-0.052
252.0,254.0,0.024,2.75,0.072,-1.44,-0.08,-0.034,-0.023,0.168,-0.059,-0.002,-0.102,-0.007,0.637,-0.986,-0.057,-0.047,-0.053,-0.052
252.0,255.0,0.024,2.75,0.072,-1.44,-0.08,-0.034,-0.024,0.168,-0.059,-0.002,-0.102,-0.007,0.637,-0.986,-0.057,-0.047,-0.053,-0.052
252.0,256.0,0.024,2.75,0.071,-1.44,-0.08,-0.035,-0.024,0.168,-0.059,-0.002,-0.102,-0.007,0.637,-0.986,-0.057,-0.047,-0.053,-0.052
252.0,257.0,0.024,2.751,0.071,-1.44,-0.08,-0.035,-0.024,0.168,-0.059,-0.002,-0.102,-0.007,0.637,-0.986,-0.057,-0.047,-0.053,-0.052
252.0,258.0,0.024,2.751,0.071,-1.44,-0.079,-0.035,-0.024,0.167,-0.058,-0.002,-0.102,-0.007,0.637,-0.986,-0.057,-0.047,-0.053,-0.052
252.0,259.0,0.024,2.751,0.071,-1.44,-0.079,-0.035,-0.024,0.167,-0.058,-0.002,-0.102,-0.007,0.637,-0.986,-0.057,-0.047,-0.053,-0.052
252.0,260.0,0.024,2.751,0.071,-1.439,-0.079,-0.035,-0.024,0.167,-0.058,-0.002,-0.102,-0.007,0.637,-0.986,-0.057,-0.047,-0.053,-0.052
252.0,261.0,0.024,2.752,0.07,-1.439,-0.079,-0.035,-0.024,0.167,-0.058,-0.002,-0.102,-0.007,0.637,-0.986,-0.057,-0.047,-0.053,-0.052
252.0,262.0,0.025,2.752,0.07,-1.439,-0.078,-0.035,-0.025,0.167,-0.058,-0.002,-0.102,-0.007,0.637,-0.986,-0.057,-0.047,-0.053,-0.052
252.0,263.0,0.025,2.752,0.07,-1.439,-0.078,-0.035,-0.025,0.166,-0.058,-0.002,-0.102,-0.007,0.637,-0.986,-0.057,-0.047,-0.053,-0.052
252.0,264.0,0.025,2.752,0.07,-1.439,-0.078,-0.035,-0.025,0.166,-0.058,-0.002,-0.102,-0.007,0.637,-0.986,-0.057,-0.047,-0.053,-0.052
253.0,254.0,0.02,2.674,0.081,-1.125,-0.094,0.124,-0.016,0.122,-0.045,0.001,-0.115,-0.004,0.015,-1.457,-0.052,-0.049,-0.049,-0.051
253.0,255.0,0.02,2.674,0.081,-1.125,-0.094,0.124,-0.016,0.122,-0.045,0.001,-0.115,-0.004,0.015,-1.457,-0.052,-0.049,-0.049,-0.051
253.0,256.0,0.02,2.674,0.08,-1.125,-0.094,0.124,-0.016,0.122,-0.045,0.001,-0.115,-0.004,0.015,-1.457,-0.052,-0.049,-0.049,-0.051
253.0,257.0,0.02,2.674,0.08,-1.125,-0.093,0.125,-0.016,0.122,-0.045,0.001,-0.115,-0.004,0.015,-1.457,-0.052,-0.049,-0.049,-0.051
253.0,258.0,0.021,2.675,0.08,-1.125,-0.093,0.125,-0.017,0.121,-0.045,0.001,-0.115,-0.004,0.015,-1.457,-0.052,-0.049,-0.049,-0.051
253.0,259.0,0.021,2.675,0.08,-1.125,-0.093,0.125,-0.017,0.121,-0.045,0.001,-0.115,-0.004,0.015,-1.457,-0.052,-0.049,-0.049,-0.051
253.0,260.0,0.021,2.675,0.08,-1.125,-0.093,0.125,-0.017,0.121,-0.044,0.001,-0.115,-0.004,0.015,-1.457,-0.052,-0.049,-0.049,-0.051
253.0,261.0,0.021,2.675,0.079,-1.125,-0.093,0.125,-0.017,0.121,-0.044,0.001,-0.115,-0.004,0.015,-1.457,-0.052,-0.049,-0.049,-0.051
253.0,262.0,0.021,2.675,0.079,-1.125,-0.093,0.125,-0.017,0.121,-0.044,0.001,-0.115,-0.004,0.015,-1.457,-0.052,-0.049,-0.049,-0.051
253.0,263.0,0.021,2.675,0.079,-1.125,-0.092,0.125,-0.018,0.121,-0.044,0.001,-0.115,-0.004,0.015,-1.457,-0.052,-0.049,-0.049,-0.051
253.0,264.0,0.021,2.676,0.079,-1.125,-0.092,0.125,-0.018,0.12,-0.044,0.001,-0.115,-0.004,0.015,-1.457,-0.052,-0.049,-0.049,-0.051
253.0,265.0,0.022,2.676,0.079,-1.125,-0.092,0.126,-0.018,0.12,-0.044,0.001,-0.115,-0.004,0.015,-1.457,-0.052,-0.049,-0.049,-0.051
254.0,255.0,0.019,2.709,0.07,-1.296,-0.084,0.363,-0.017,0.155,-0.069,0.0,-0.117,-0.005,-0.041,-1.248,0.002,-0.048,-0.049,-0.052
254.0,256.0,0.019,2.709,0.07,-1.296,-0.084,0.363,-0.017,0.155,-0.069,0.0,-0.117,-0.005,-0.041,-1.248,0.002,-0.048,-0.049,-0.052
254.0,257.0,0.02,2.709,0.07,-1.296,-0.084,0.363,-0.017,0.155,-0.069,0.0,-0.117,-0.005,-0.041,-1.248,0.002,-0.048,-0.049,-0.052
254.0,258.0,0.02,2.71,0.069,-1.296,-0.084,0.363,-0.018,0.155,-0.068,0.0,-0.117,-0.005,-0.041,-1.248,0.002,-0.048,-0.049,-0.052
254.0,259.0,0.02,2.71,0.069,-1.296,-0.083,0.363,-0.018,0.155,-0.068,0.0,-0.117,-0.005,-0.041,-1.248,0.002,-0.048,-0.049,-0.052
254.0,260.0,0.02,2.71,0.069,-1.296,-0.083,0.364,-0.018,0.154,-0.068,0.0,-0.117,-0.005,-0.041,-1.248,0.002,-0.048,-0.049,-0.052
254.0,261.0,0.02,2.71,0.068,-1.296,-0.083,0.364,-0.018,0.154,-0.068,0.0,-0.117,-0.005,-0.041,-1.248,0.002,-0.048,-0.049,-0.052
254.0,262.0,0.02,2.71,0.068,-1.296,-0.083,0.364,-0.019,0.154,-0.067,0.0,-0.117,-0.005,-0.041,-1.248,0.002,-0.048,-0.049,-0.052
254.0,263.0,0.021,2.711,0.068,-1.296,-0.083,0.364,-0.019,0.154,-0.067,0.0,-0.117,-0.005,-0.041,-1.248,0.002,-0.048,-0.049,-0.052
254.0,264.0,0.021,2.711,0.068,-1.296,-0.082,0.364,-0.019,0.154,-0.067,0.0,-0.117,-0.005,-0.041,-1.248,0.002,-0.048,-0.049,-0.052
254.0,265.0,0.021,2.711,0.068,-1.296,-0.082,0.364,-0.019,0.153,-0.067,0.0,-0.117,-0.005,-0.041,-1.248,0.002,-0.048,-0.049,-0.052
254.0,266.0,0.021,2.711,0.067,-1.295,-0.082,0.365,-0.02,0.153,-0.067,0.0,-0.117,-0.005,-0.041,-1.248,0.002,-0.048,-0.049,-0.052
255.0,256.0,0.016,2.388,0.088,-1.07,-0.046,0.086,-0.024,0.106,-0.052,-0.004,-0.116,0.0,-0.05,-1.611,0.082,-0.05,-0.05,-0.05
255.0,257.0,0.016,2.388,0.088,-1.07,-0.046,0.086,-0.024,0.106,-0.052,-0.004,-0.116,0.0,-0.05,-1.611,0.082,-0.05,-0.05,-0.05
255.0,258.0,0.016,2.388,0.088,-1.07,-0.046,0.086,-0.024,0.106,-0.052,-0.004,-0.116,0.0,-0.05,-1.611,0.082,-0.05,-0.05,-0.05
255.0,259.0,0.016,2.388,0.088,-1.07,-0.046,0.086,-0.024,0.106,-0.052,-0.004,-0.116,0.0,-0.05,-1.611,0.082,-0.05,-0.05,-0.05
255.0,260.0,0.016,2.388,0.088,-1.069,-0.046,0.086,-0.024,0.106,-0.052,-0.004,-0.116,0.0,-0.05,-1.611,0.082,-0.05,-0.05,-0.05
255.0,261.0,0.016,2.388,0.087,-1.069,-0.046,0.086,-0.024,0.106,-0.052,-0.004,-0.116,0.0,-0.05,-1.611,0.082,-0.05,-0.05,-0.05
255.0,262.0,0.016,2.388,0.087,-1.069,-0.046,0.086,-0.024,0.106,-0.052,-0.004,-0.116,0.0,-0.05,-1.611,0.082,-0.05,-0.05,-0.05
255.0,263.0,0.016,2.388,0.087,-1.069,-0.046,0.086,-0.024,0.106,-0.052,-0.004,-0.116,0.0,-0.05,-1.611,0.082,-0.05,-0.05,-0.05
255.0,264.0,0.016,2.388,0.087,-1.069,-0.046,0.086,-0.024,0.106,-0.051,-0.004,-0.116,0.0,-0.05,-1.611,0.082,-0.05,-0.05,-0.05
255.0,265.0,0.017,2.388,0.087,-1.069,-0.046,0.086,-0.024,0.106,-0.051,-0.004,-0.116,0.0,-0.05,-1.611,0.082,-0.05,-0.05,-0.05
255.0,266.0,0.017,2.388,0.087,-1.069,-0.046,0.086,-0.024,0.106,-0.051,-0.004,-0.116,0.0,-0.05,-1.611,0.082,-0.05,-0.05,-0.05
255.0,267.0,0.017,2.388,0.087,-1.069,-0.046,0.086,-0.024,0.106,-0.051,-0.004,-0.116,0.0,-0.05,-1.611,0.082,-0.05,-0.05,-0.05
256.0,257.0,0.016,2.337,0.091,-1.174,-0.045,-0.029,-0.02,0.083,-0.044,0.0,-0.114,-0.006,0.218,-1.242,0.081,-0.05,-0.048,-0.05
256.0,258.0,0.016,2.337,0.091,-1.174,-0.045,-0.029,-0.02,0.083,-0.044,0.0,-0.114,-0.006,0.218,-1.242,0.081,-0.05,-0.048,-0.05
256.0,259.0,0.016,2.337,0.09,-1.174,-0.045,-0.029,-0.02,0.083,-0.044,0.0,-0.114,-0.006,0.218,-1.242,0.081,-0.05,-0.048,-0.05
256.0,260.0,0.016,2.337,0.09,-1.174,-0.045,-0.029,-0.02,0.083,-0.044,0.0,-0.114,-0.006,0.218,-1.242,0.081,-0.05,-0.048,-0.05
256.0,261.0,0.016,2.337,0.09,-1.174,-0.045,-0.029,-0.02,0.083,-0.044,0.0,-0.114,-0.006,0.218,-1.242,0.081,-0.05,-0.048,-0.05
256.0,262.0,0.016,2.337,0.09,-1.174,-0.045,-0.029,-0.02,0.083,-0.044,0.0,-0.114,-0.006,0.218,-1.242,0.081,-0.05,-0.048,-0.05
256.0,263.0,0.016,2.337,0.09,-1.174,-0.045,-0.029,-0.02,0.083,-0.044,0.0,-0.114,-0.006,0.218,-1.242,0.081,-0.05,-0.048,-0.05
256.0,264.0,0.016,2.337,0.09,-1.174,-0.045,-0.029,-0.02,0.083,-0.044,0.0,-0.115,-0.006,0.218,-1.242,0.081,-0.05,-0.048,-0.05
256.0,265.0,0.016,2.337,0.09,-1.174,-0.045,-0.029,-0.02,0.083,-0.044,0.0,-0.115,-0.006,0.218,-1.242,0.081,-0.05,-0.048,-0.05
256.0,266.0,0.017,2.337,0.09,-1.174,-0.045,-0.029,-0.02,0.083,-0.044,0.0,-0.115,-0.006,0.218,-1.242,0.081,-0.05,-0.048,-0.05
256.0,267.0,0.017,2.337,0.09,-1.174,-0.045,-0.029,-0.02,0.083,-0.044,0.0,-0.115,-0.006,0.218,-1.242,0.081,-0.05,-0.048,-0.05
256.0,268.0,0.017,2.337,0.09,-1.174,-0.045,-0.029,-0.02,0.083,-0.044,0.0,-0.115,-0.006,0.218,-1.242,0.081,-0.05,-0.048,-0.05
257.0,258.0,0.013,2.613,0.087,-1.221,-0.087,0.03,-0.03,0.196,-0.064,-0.007,-0.114,0.0,0.14,-1.102,0.18,-0.044,-0.048,-0.05
257.0,259.0,0.014,2.613,0.087,-1.221,-0.087,0.03,-0.03,0.196,-0.064,-0.007,-0.114,0.0,0.14,-1.102,0.18,-0.044,-0.048,-0.05
257.0,260.0,0.014,2.613,0.087,-1.221,-0.087,0.03,-0.03,0.196,-0.064,-0.007,-0.114,0.0,0.14,-1.102,0.18,-0.044,-0.048,-0.05
257.0,261.0,0.014,2.613,0.087,-1.221,-0.087,0.03,-0.03,0.196,-0.064,-0.007,-0.114,0.0,0.14,-1.102,0.18,-0.044,-0.048,-0.05
257.0,262.0,0.014,2.613,0.087,-1.221,-0.087,0.03,-0.03,0.196,-0.064,-0.007,-0.114,0.0,0.14,-1.102,0.18,-0.044,-0.048,-0.05
257.0,263.0,0.014,2.613,0.087,-1.221,-0.087,0.03,-0.03,0.196,-0.064,-0.007,-0.114,0.0,0.14,-1.102,0.18,-0.044,-0.048,-0.05
257.0,264.0,0.014,2.613,0.087,-1.221,-0.087,0.03,-0.03,0.196,-0.064,-0.007,-0.114,0.0,0.14,-1.102,0.18,-0.044,-0.048,-0.05
257.0,265.0,0.014,2.613,0.087,-1.221,-0.087,0.03,-0.03,0.196,-0.063,-0.007,-0.114,0.0,0.14,-1.102,0.18,-0.044,-0.048,-0.05
257.0,266.0,0.014,2.613,0.087,-1.221,-0.087,0.03,-0.03,0.196,-0.063,-0.007,-0.114,0.0,0.14,-1.102,0.18,-0.044,-0.048,-0.05
257.0,267.0,0.014,2.613,0.087,-1.221,-0.087,0.03,-0.03,0.196,-0.063,-0.007,-0.114,0.0,0.14,-1.102,0.18,-0.044,-0.048,-0.05
257.0,268.0,0.014,2.613,0.087,-1.221,-0.087,0.03,-0.031,0.196,-0.063,-0.007,-0.114,0.0,0.14,-1.102,0.18,-0.044,-0.048,-0.05
257.0,269.0,0.014,2.613,0.086,-1.221,-0.088,0.03,-0.031,0.196,-0.063,-0.007,-0.114,0.0,0.14,-1.102,0.18,-0.044,-0.048,-0.05
258.0,259.0,0.023,2.671,0.068,-1.582,0.017,0.065,-0.018,0.181,-0.064,-0.006,-0.1,-0.001,-0.039,-1.21,0.504,-0.051,-0.052,-0.045
258.0,260.0,0.023,2.671,0.068,-1.582,0.017,0.065,-0.018,0.181,-0.064,-0.006,-0.1,-0.001,-0.039,-1.21,0.504,-0.051,-0.052,-0.045
258.0,261.0,0.023,2.671,0.068,-1.582,0.017,0.065,-0.019,0.181,-0.064,-0.006,-0.1,-0.001,-0.039,-1.21,0.504,-0.051,-0.052,-0.045
258.0,262.0,0.023,2.671,0.067,-1.582,0.017,0.065,-0.019,0.181,-0.064,-0.006,-0.1,-0.001,-0.039,-1.21,0.504,-0.051,-0.052,-0.045
258.0,263.0,0.024,2.671,0.067,-1.581,0.017,0.065,-0.019,0.18,-0.064,-0.006,-0.1,-0.001,-0.039,-1.21,0.504,-0.051,-0.052,-0.045
258.0,264.0,0.024,2.672,0.067,-1.581,0.018,0.065,-0.019,0.18,-0.063,-0.006,-0.1,-0.001,-0.039,-1.21,0.504,-0.051,-0.052,-0.045
258.0,265.0,0.024,2.672,0.067,-1.581,0.018,0.065,-0.019,0.18,-0.063,-0.006,-0.1,-0.001,-0.039,-1.21,0.504,-0.051,-0.052,-0.045
258.0,266.0,0.024,2.672,0.067,-1.581,0.018,0.065,-0.02,0.18,-0.063,-0.006,-0.1,-0.001,-0.039,-1.21,0.504,-0.051,-0.052,-0.045
258.0,267.0,0.024,2.672,0.066,-1.581,0.018,0.065,-0.02,0.18,-0.063,-0.006,-0.1,-0.001,-0.039,-1.21,0.504,-0.051,-0.052,-0.045
258.0,268.0,0.024,2.672,0.066,-1.581,0.018,0.065,-0.02,0.18,-0.063,-0.006,-0.1,-0.001,-0.039,-1.21,0.504,-0.051,-0.052,-0.045
258.0,269.0,0.024,2.672,0.066,-1.581,0.018,0.065,-0.02,0.18,-0.063,-0.006,-0.1,-0.001,-0.039,-1.21,0.504,-0.051,-0.052,-0.045
258.0,270.0,0.024,2.673,0.066,-1.581,0.019,0.065,-0.02,0.179,-0.063,-0.006,-0.1,-0.001,-0.039,-1.21,0.504,-0.051,-0.052,-0.045
259.0,260.0,0.013,2.449,0.098,-1.035,-0.036,-0.037,-0.019,0.082,-0.038,-0.005,-0.12,0.0,-0.045,-1.541,0.425,-0.05,-0.054,-0.05
259.0,261.0,0.013,2.449,0.098,-1.035,-0.036,-0.037,-0.019,0.082,-0.038,-0.005,-0.12,0.0,-0.045,-1.541,0.425,-0.05,-0.054,-0.05
259.0,262.0,0.013,2.449,0.098,-1.035,-0.036,-0.037,-0.019,0.082,-0.038,-0.005,-0.12,0.0,-0.045,-1.541,0.425,-0.05,-0.054,-0.05
259.0,263.0,0.013,2.449,0.098,-1.035,-0.036,-0.037,-0.019,0.082,-0.038,-0.005,-0.12,0.0,-0.044,-1.541,0.425,-0.05,-0.054,-0.05
259.0,264.0,0.013,2.449,0.098,-1.035,-0.036,-0.037,-0.019,0.082,-0.038,-0.005,-0.12,0.0,-0.044,-1.541,0.425,-0.05,-0.054,-0.05
259.0,265.0,0.013,2.449,0.098,-1.035,-0.036,-0.037,-0.019,0.082,-0.038,-0.005,-0.12,0.0,-0.044,-1.541,0.425,-0.05,-0.054,-0.05
259.0,266.0,0.013,2.449,0.098,-1.035,-0.036,-0.037,-0.019,0.082,-0.038,-0.005,-0.12,0.0,-0.044,-1.541,0.425,-0.05,-0.054,-0.05
259.0,267.0,0.013,2.449,0.098,-1.035,-0.036,-0.037,-0.019,0.082,-0.038,-0.005,-0.12,0.0,-0.044,-1.541,0.425,-0.05,-0.054,-0.05
259.0,268.0,0.013,2.449,0.098,-1.035,-0.036,-0.037,-0.019,0.082,-0.038,-0.005,-0.12,0.0,-0.044,-1.541,0.425,-0.05,-0.054,-0.05
259.0,269.0,0.013,2.449,0.098,-1.035,-0.036,-0.037,-0.019,0.082,-0.038,-0.005,-0.12,0.0,-0.044,-1.541,0.425,-0.05,-0.054,-0.05
259.0,270.0,0.013,2.449,0.098,-1.035,-0.036,-0.037,-0.019,0.082,-0.038,-0.005,-0.121,0.0,-0.044,-1.541,0.425,-0.05,-0.054,-0.05
259.0,271.0,0.013,2.449,0.098,-1.035,-0.036,-0.037,-0.019,0.082,-0.038,-0.005,-0.121,0.0,-0.044,-1.541,0.425,-0.05,-0.054,-0.05
260.0,261.0,0.011,2.546,0.085,-1.23,-0.048,0.093,-0.034,0.176,-0.066,-0.007,-0.117,-0.006,-0.023,-1.074,0.441,-0.046,-0.05,-0.049
260.0,262.0,0.011,2.546,0.085,-1.23,-0.048,0.093,-0.034,0.176,-0.066,-0.007,-0.117,-0.006,-0.023,-1.074,0.441,-0.046,-0.05,-0.049
260.0,263.0,0.011,2.546,0.085,-1.23,-0.048,0.093,-0.034,0.176,-0.066,-0.007,-0.117,-0.006,-0.023,-1.074,0.441,-0.046,-0.05,-0.049
260.0,264.0,0.011,2.546,0.085,-1.23,-0.048,0.093,-0.034,0.176,-0.066,-0.007,-0.117,-0.006,-0.023,-1.074,0.441,-0.046,-0.05,-0.05
260.0,265.0,0.011,2.546,0.085,-1.23,-0.048,0.093,-0.034,0.176,-0.066,-0.007,-0.117,-0.006,-0.023,-1.074,0.441,-0.046,-0.05,-0.05
260.0,266.0,0.011,2.546,0.085,-1.23,-0.048,0.093,-0.034,0.176,-0.066,-0.007,-0.118,-0.006,-0.022,-1.074,0.441,-0.046,-0.05,-0.05
260.0,267.0,0.011,2.546,0.085,-1.23,-0.048,0.093,-0.034,0.176,-0.065,-0.007,-0.118,-0.006,-0.022,-1.074,0.441,-0.046,-0.05,-0.05
260.0,268.0,0.011,2.546,0.085,-1.23,-0.048,0.093,-0.034,0.176,-0.065,-0.007,-0.118,-0.006,-0.022,-1.074,0.441,-0.046,-0.05,-0.05
260.0,269.0,0.011,2.546,0.085,-1.23,-0.048,0.093,-0.034,0.176,-0.065,-0.007,-0.118,-0.006,-0.022,-1.074,0.441,-0.046,-0.05,-0.05
260.0,270.0,0.011,2.546,0.085,-1.23,-0.048,0.093,-0.034,0.176,-0.065,-0.007,-0.118,-0.006,-0.022,-1.074,0.441,-0.046,-0.05,-0.05
260.0,271.0,0.011,2.546,0.085,-1.23,-0.048,0.093,-0.034,0.176,-0.065,-0.007,-0.118,-0.006,-0.022,-1.074,0.441,-0.046,-0.05,-0.05
260.0,272.0,0.011,2.546,0.085,-1.23,-0.048,0.093,-0.034,0.176,-0.065,-0.007,-0.118,-0.006,-0.022,-1.074,0.441,-0.046,-0.05,-0.05
261.0,262.0,0.014,2.491,0.089,-1.117,-0.048,0.096,-0.032,0.166,-0.06,-0.007,-0.124,-0.007,0.413,-0.951,-0.041,-0.051,-0.05,-0.051
261.0,263.0,0.014,2.491,0.089,-1.117,-0.048,0.096,-0.032,0.166,-0.06,-0.007,-0.124,-0.007,0.413,-0.951,-0.041,-0.051,-0.05,-0.051
261.0,264.0,0.014,2.491,0.089,-1.117,-0.048,0.096,-0.032,0.166,-0.06,-0.007,-0.124,-0.007,0.413,-0.951,-0.041,-0.051,-0.05,-0.051
261.0,265.0,0.014,2.491,0.089,-1.117,-0.048,0.096,-0.032,0.166,-0.06,-0.007,-0.124,-0.007,0.413,-0.951,-0.04,-0.051,-0.05,-0.051
261.0,266.0,0.014,2.491,0.089,-1.117,-0.048,0.096,-0.032,0.166,-0.06,-0.007,-0.124,-0.007,0.413,-0.951,-0.04,-0.051,-0.05,-0.05
261.0,267.0,0.015,2.491,0.089,-1.117,-0.048,0.096,-0.032,0.166,-0.06,-0.007,-0.124,-0.007,0.413,-0.951,-0.04,-0.051,-0.05,-0.05
261.0,268.0,0.015,2.491,0.089,-1.117,-0.048,0.096,-0.032,0.166,-0.06,-0.007,-0.124,-0.007,0.413,-0.951,-0.04,-0.051,-0.05,-0.05
261.0,269.0,0.015,2.491,0.089,-1.117,-0.048,0.096,-0.032,0.166,-0.06,-0.006,-0.124,-0.007,0.413,-0.951,-0.04,-0.051,-0.05,-0.05
261.0,270.0,0.015,2.491,0.089,-1.117,-0.048,0.096,-0.032,0.166,-0.06,-0.006,-0.124,-0.007,0.413,-0.951,-0.04,-0.051,-0.05,-0.05
261.0,271.0,0.015,2.491,0.089,-1.117,-0.049,0.096,-0.032,0.166,-0.06,-0.006,-0.124,-0.007,0.413,-0.951,-0.04,-0.051,-0.05,-0.05
261.0,272.0,0.015,2.491,0.089,-1.117,-0.049,0.096,-0.032,0.166,-0.06,-0.006,-0.124,-0.007,0.413,-0.951,-0.04,-0.051,-0.05,-0.05
261.0,273.0,0.015,2.491,0.089,-1.116,-0.049,0.096,-0.032,0.166,-0.06,-0.006,-0.124,-0.007,0.413,-0.951,-0.04,-0.051,-0.05,-0.05
262.0,263.0,0.017,2.548,0.097,-1.019,-0.039,-0.041,-0.03,0.156,-0.044,-0.016,-0.141,-0.015,-0.053,-0.217,0.823,-0.049,-0.044,-0.049
262.0,264.0,0.017,2.548,0.097,-1.019,-0.039,-0.041,-0.03,0.156,-0.044,-0.016,-0.141,-0.015,-0.053,-0.217,0.823,-0.049,-0.044,-0.049
262.0,265.0,0.017,2.548,0.097,-1.019,-0.039,-0.041,-0.03,0.156,-0.044,-0.016,-0.141,-0.015,-0.053,-0.217,0.823,-0.049,-0.044,-0.049
262.0,266.0,0.017,2.548,0.097,-1.019,-0.039,-0.041,-0.03,0.156,-0.044,-0.016,-0.141,-0.015,-0.053,-0.217,0.823,-0.049,-0.044,-0.049
262.0,267.0,0.017,2.548,0.097,-1.019,-0.039,-0.041,-0.03,0.156,-0.044,-0.016,-0.141,-0.015,-0.053,-0.217,0.823,-0.049,-0.044,-0.049
262.0,268.0,0.017,2.548,0.097,-1.019,-0.039,-0.041,-0.03,0.156,-0.044,-0.016,-0.141,-0.015,-0.053,-0.217,0.823,-0.049,-0.044,-0.049
262.0,269.0,0.017,2.548,0.097,-1.019,-0.039,-0.041,-0.03,0.156,-0.044,-0.016,-0.142,-0.015,-0.053,-0.217,0.823,-0.049,-0.044,-0.049
262.0,270.0,0.017,2.548,0.097,-1.019,-0.039,-0.041,-0.03,0.156,-0.044,-0.016,-0.142,-0.015,-0.053,-0.217,0.823,-0.049,-0.044,-0.049
262.0,271.0,0.017,2.548,0.097,-1.019,-0.039,-0.041,-0.03,0.156,-0.044,-0.016,-0.142,-0.015,-0.053,-0.217,0.823,-0.049,-0.044,-0.049
262.0,272.0,0.017,2.548,0.097,-1.019,-0.039,-0.041,-0.03,0.156,-0.044,-0.016,-0.142,-0.015,-0.053,-0.217,0.823,-0.049,-0.044,-0.049
262.0,273.0,0.017,2.548,0.097,-1.019,-0.039,-0.041,-0.03,0.156,-0.044,-0.016,-0.142,-0.015,-0.053,-0.217,0.823,-0.049,-0.044,-0.049
262.0,274.0,0.017,2.548,0.097,-1.019,-0.039,-0.041,-0.03,0.156,-0.044,-0.016,-0.142,-0.015,-0.053,-0.217,0.823,-0.049,-0.044,-0.049
263.0,264.0,0.017,2.185,0.087,-1.23,-0.044,0.036,-0.033,0.09,-0.063,-0.006,-0.117,-0.006,-0.049,-1.193,0.35,-0.051,-0.052,-0.05
263.0,265.0,0.017,2.185,0.086,-1.23,-0.044,0.036,-0.033,0.09,-0.063,-0.006,-0.117,-0.006,-0.049,-1.193,0.35,-0.051,-0.052,-0.05
263.0,266.0,0.017,2.185,0.086,-1.23,-0.044,0.036,-0.033,0.09,-0.063,-0.006,-0.117,-0.006,-0.049,-1.193,0.35,-0.051,-0.052,-0.05
263.0,267.0,0.017,2.185,0.086,-1.23,-0.044,0.036,-0.033,0.091,-0.063,-0.006,-0.117,-0.006,-0.049,-1.193,0.35,-0.051,-0.052,-0.05
263.0,268.0,0.017,2.185,0.086,-1.23,-0.044,0.036,-0.033,0.091,-0.063,-0.006,-0.117,-0.006,-0.049,-1.193,0.35,-0.051,-0.052,-0.05
263.0,269.0,0.017,2.185,0.086,-1.23,-0.044,0.036,-0.033,0.091,-0.063,-0.006,-0.117,-0.006,-0.049,-1.193,0.35,-0.051,-0.052,-0.05
263.0,270.0,0.017,2.185,0.086,-1.23,-0.044,0.036,-0.033,0.091,-0.063,-0.006,-0.117,-0.006,-0.049,-1.193,0.35,-0.051,-0.052,-0.05
263.0,271.0,0.017,2.185,0.086,-1.229,-0.044,0.036,-0.033,0.091,-0.063,-0.006,-0.117,-0.006,-0.049,-1.193,0.35,-0.051,-0.052,-0.05
263.0,272.0,0.018,2.185,0.086,-1.229,-0.044,0.036,-0.033,0.091,-0.063,-0.006,-0.117,-0.005,-0.049,-1.193,0.35,-0.051,-0.052,-0.05
263.0,273.0,0.018,2.185,0.086,-1.229,-0.044,0.036,-0.033,0.091,-0.062,-0.006,-0.118,-0.005,-0.049,-1.193,0.35,-0.051,-0.052,-0.05
263.0,274.0,0.018,2.185,0.086,-1.229,-0.044,0.036,-0.033,0.091,-0.062,-0.006,-0.118,-0.005,-0.049,-1.193,0.35,-0.051,-0.052,-0.05
263.0,275.0,0.018,2.185,0.086,-1.229,-0.044,0.036,-0.033,0.091,-0.062,-0.006,-0.118,-0.005,-0.049,-1.193,0.35,-0.051,-0.052,-0.05
264.0,265.0,0.021,2.678,0.069,-1.318,-0.074,0.142,-0.027,0.162,-0.063,0.0,-0.103,-0.004,-0.043,-1.741,-0.054,-0.046,-0.049,-0.051
264.0,266.0,0.021,2.678,0.068,-1.318,-0.074,0.142,-0.027,0.162,-0.062,0.0,-0.103,-0.004,-0.043,-1.741,-0.054,-0.046,-0.049,-0.051
264.0,267.0,0.022,2.678,0.068,-1.318,-0.074,0.142,-0.027,0.162,-0.062,0.0,-0.103,-0.004,-0.043,-1.741,-0.054,-0.046,-0.049,-0.051
264.0,268.0,0.022,2.679,0.068,-1.318,-0.074,0.142,-0.028,0.162,-0.062,0.0,-0.103,-0.004,-0.043,-1.741,-0.054,-0.046,-0.049,-0.051
264.0,269.0,0.022,2.679,0.068,-1.318,-0.074,0.142,-0.028,0.162,-0.062,0.0,-0.103,-0.004,-0.043,-1.741,-0.054,-0.046,-0.049,-0.051
264.0,270.0,0.022,2.679,0.067,-1.318,-0.074,0.143,-0.028,0.162,-0.062,0.0,-0.103,-0.004,-0.043,-1.741,-0.054,-0.046,-0.049,-0.051
264.0,271.0,0.022,2.679,0.067,-1.317,-0.074,0.143,-0.028,0.161,-0.061,0.0,-0.103,-0.004,-0.043,-1.741,-0.054,-0.046,-0.049,-0.051
264.0,272.0,0.023,2.679,0.067,-1.317,-0.074,0.143,-0.029,0.161,-0.061,0.0,-0.103,-0.004,-0.043,-1.741,-0.054,-0.046,-0.049,-0.051
264.0,273.0,0.023,2.679,0.067,-1.317,-0.074,0.143,-0.029,0.161,-0.061,0.0,-0.103,-0.004,-0.043,-1.741,-0.054,-0.046,-0.049,-0.051
264.0,274.0,0.023,2.679,0.067,-1.317,-0.074,0.143,-0.029,0.161,-0.061,0.0,-0.103,-0.004,-0.043,-1.741,-0.054,-0.046,-0.049,-0.051
264.0,275.0,0.023,2.679,0.066,-1.317,-0.073,0.143,-0.029,0.161,-0.061,0.0,-0.103,-0.004,-0.043,-1.741,-0.054,-0.046,-0.049,-0.051
264.0,276.0,0.023,2.679,0.066,-1.317,-0.073,0.143,-0.03,0.161,-0.06,0.0,-0.103,-0.004,-0.043,-1.741,-0.054,-0.046,-0.049,-0.051
265.0,266.0,0.016,2.722,0.086,-1.235,-0.058,-0.038,-0.031,0.224,-0.058,-0.006,-0.111,-0.005,-0.046,-1.322,0.322,-0.05,-0.049,-0.05
265.0,267.0,0.016,2.722,0.086,-1.235,-0.058,-0.038,-0.031,0.224,-0.058,-0.006,-0.111,-0.005,-0.046,-1.322,0.322,-0.05,-0.049,-0.05
265.0,268.0,0.016,2.722,0.086,-1.235,-0.058,-0.038,-0.031,0.224,-0.058,-0.005,-0.111,-0.005,-0.046,-1.322,0.322,-0.05,-0.049,-0.05
265.0,269.0,0.016,2.722,0.086,-1.235,-0.058,-0.038,-0.031,0.224,-0.058,-0.005,-0.111,-0.005,-0.046,-1.322,0.322,-0.05,-0.049,-0.05
265.0,270.0,0.016,2.722,0.086,-1.234,-0.058,-0.038,-0.032,0.224,-0.058,-0.005,-0.111,-0.005,-0.046,-1.322,0.322,-0.05,-0.049,-0.05
265.0,271.0,0.016,2.722,0.086,-1.234,-0.058,-0.038,-0.032,0.224,-0.057,-0.005,-0.111,-0.005,-0.046,-1.322,0.322,-0.05,-0.049,-0.05
265.0,272.0,0.016,2.722,0.086,-1.234,-0.058,-0.038,-0.032,0.224,-0.057,-0.005,-0.111,-0.005,-0.046,-1.322,0.322,-0.05,-0.049,-0.05
265.0,273.0,0.016,2.722,0.086,-1.234,-0.058,-0.038,-0.032,0.224,-0.057,-0.005,-0.111,-0.005,-0.045,-1.322,0.322,-0.05,-0.049,-0.05
265.0,274.0,0.016,2.722,0.085,-1.234,-0.058,-0.038,-0.032,0.224,-0.057,-0.005,-0.111,-0.005,-0.045,-1.322,0.322,-0.05,-0.049,-0.05
265.0,275.0,0.016,2.722,0.085,-1.234,-0.058,-0.038,-0.032,0.224,-0.057,-0.005,-0.111,-0.005,-0.045,-1.322,0.322,-0.05,-0.049,-0.05
265.0,276.0,0.016,2.722,0.085,-1.234,-0.058,-0.038,-0.032,0.224,-0.057,-0.005,-0.111,-0.005,-0.045,-1.322,0.322,-0.05,-0.049,-0.05
265.0,277.0,0.017,2.722,0.085,-1.234,-0.058,-0.038,-0.032,0.224,-0.057,-0.005,-0.111,-0.005,-0.045,-1.322,0.322,-0.05,-0.049,-0.05
266.0,267.0,0.016,2.718,0.088,-1.145,-0.073,-0.031,-0.04,0.266,-0.058,-0.011,-0.122,-0.01,-0.06,-0.6,0.614,-0.051,-0.049,-0.05
266.0,268.0,0.016,2.718,0.088,-1.145,-0.073,-0.031,-0.04,0.266,-0.058,-0.011,-0.122,-0.01,-0.06,-0.6,0.614,-0.051,-0.049,-0.05
266.0,269.0,0.016,2.718,0.088,-1.145,-0.073,-0.032,-0.04,0.266,-0.058,-0.011,-0.122,-0.01,-0.06,-0.6,0.615,-0.051,-0.049,-0.05
266.0,270.0,0.016,2.718,0.088,-1.145,-0.073,-0.032,-0.04,0.266,-0.058,-0.011,-0.122,-0.01,-0.06,-0.6,0.615,-0.051,-0.049,-0.05
266.0,271.0,0.016,2.718,0.088,-1.145,-0.073,-0.032,-0.04,0.266,-0.058,-0.011,-0.122,-0.01,-0.06,-0.6,0.615,-0.051,-0.049,-0.05
266.0,272.0,0.016,2.718,0.088,-1.145,-0.073,-0.032,-0.04,0.266,-0.058,-0.011,-0.122,-0.01,-0.06,-0.6,0.615,-0.051,-0.049,-0.05
266.0,273.0,0.017,2.718,0.088,-1.145,-0.073,-0.032,-0.04,0.266,-0.058,-0.011,-0.122,-0.01,-0.06,-0.6,0.615,-0.051,-0.049,-0.05
266.0,274.0,0.017,2.718,0.088,-1.145,-0.073,-0.032,-0.04,0.266,-0.058,-0.011,-0.122,-0.01,-0.06,-0.6,0.615,-0.051,-0.049,-0.05
266.0,275.0,0.017,2.718,0.088,-1.145,-0.073,-0.032,-0.04,0.266,-0.058,-0.011,-0.122,-0.009,-0.06,-0.6,0.615,-0.051,-0.049,-0.05
266.0,276.0,0.017,2.718,0.088,-1.145,-0.073,-0.032,-0.04,0.266,-0.058,-0.01,-0.123,-0.009,-0.06,-0.6,0.615,-0.051,-0.049,-0.05
266.0,277.0,0.017,2.718,0.088,-1.145,-0.073,-0.032,-0.04,0.266,-0.058,-0.01,-0.123,-0.009,-0.06,-0.6,0.615,-0.051,-0.049,-0.05
266.0,278.0,0.017,2.718,0.088,-1.145,-0.073,-0.032,-0.04,0.266,-0.058,-0.01,-0.123,-0.009,-0.06,-0.6,0.615,-0.051,-0.049,-0.05
267.0,268.0,0.018,2.66,0.084,-1.131,-0.062,0.054,-0.031,0.211,-0.056,-0.006,-0.116,-0.007,0.38,-1.01,-0.076,-0.047,-0.049,-0.051
267.0,269.0,0.018,2.66,0.084,-1.131,-0.062,0.054,-0.031,0.211,-0.056,-0.006,-0.116,-0.007,0.38,-1.01,-0.076,-0.047,-0.049,-0.051
267.0,270.0,0.018,2.66,0.084,-1.131,-0.062,0.054,-0.031,0.211,-0.056,-0.006,-0.116,-0.007,0.38,-1.01,-0.076,-0.047,-0.049,-0.05
267.0,271.0,0.018,2.66,0.084,-1.131,-0.062,0.054,-0.031,0.211,-0.056,-0.006,-0.116,-0.007,0.38,-1.01,-0.076,-0.047,-0.049,-0.05
267.0,272.0,0.018,2.66,0.084,-1.131,-0.062,0.054,-0.031,0.211,-0.056,-0.006,-0.116,-0.007,0.38,-1.01,-0.076,-0.047,-0.049,-0.05
267.0,273.0,0.018,2.66,0.084,-1.131,-0.062,0.055,-0.031,0.211,-0.056,-0.006,-0.116,-0.007,0.38,-1.01,-0.076,-0.047,-0.049,-0.05
267.0,274.0,0.018,2.66,0.084,-1.131,-0.062,0.055,-0.031,0.211,-0.056,-0.006,-0.116,-0.007,0.38,-1.01,-0.076,-0.047,-0.049,-0.05
267.0,275.0,0.018,2.66,0.084,-1.131,-0.062,0.055,-0.031,0.211,-0.056,-0.006,-0.116,-0.007,0.38,-1.01,-0.076,-0.047,-0.049,-0.05
267.0,276.0,0.018,2.66,0.084,-1.131,-0.062,0.055,-0.031,0.211,-0.056,-0.006,-0.116,-0.007,0.38,-1.01,-0.076,-0.047,-0.05,-0.05
267.0,277.0,0.018,2.66,0.083,-1.131,-0.062,0.055,-0.031,0.211,-0.056,-0.006,-0.116,-0.007,0.38,-1.01,-0.076,-0.047,-0.05,-0.05
267.0,278.0,0.018,2.66,0.083,-1.131,-0.062,0.055,-0.032,0.211,-0.056,-0.006,-0.116,-0.007,0.38,-1.01,-0.076,-0.047,-0.05,-0.05
267.0,279.0,0.019,2.66,0.083,-1.131,-0.062,0.055,-0.032,0.211,-0.056,-0.006,-0.116,-0.007,0.38,-1.01,-0.076,-0.047,-0.05,-0.05
268.0,269.0,0.029,2.568,0.064,-1.448,-0.072,0.069,-0.027,0.123,-0.058,-0.001,-0.106,-0.011,0.506,-0.746,-0.031,-0.043,-0.052,-0.053
268.0,270.0,0.029,2.569,0.064,-1.448,-0.072,0.069,-0.027,0.123,-0.058,-0.001,-0.106,-0.011,0.506,-0.746,-0.031,-0.043,-0.052,-0.053
268.0,271.0,0.029,2.569,0.064,-1.448,-0.072,0.069,-0.027,0.123,-0.058,-0.001,-0.106,-0.011,0.506,-0.746,-0.031,-0.043,-0.052,-0.053
268.0,272.0,0.029,2.569,0.064,-1.448,-0.072,0.069,-0.027,0.123,-0.058,-0.001,-0.106,-0.011,0.506,-0.746,-0.031,-0.043,-0.052,-0.053
268.0,273.0,0.029,2.569,0.063,-1.448,-0.072,0.069,-0.027,0.123,-0.058,-0.001,-0.106,-0.011,0.506,-0.746,-0.031,-0.043,-0.052,-0.053
268.0,274.0,0.029,2.569,0.063,-1.448,-0.072,0.069,-0.028,0.123,-0.057,-0.001,-0.106,-0.011,0.506,-0.746,-0.031,-0.043,-0.052,-0.053
268.0,275.0,0.029,2.569,0.063,-1.448,-0.072,0.069,-0.028,0.123,-0.057,-0.001,-0.106,-0.011,0.506,-0.746,-0.03,-0.043,-0.052,-0.053
268.0,276.0,0.029,2.569,0.063,-1.448,-0.072,0.069,-0.028,0.123,-0.057,-0.001,-0.106,-0.011,0.506,-0.746,-0.03,-0.043,-0.052,-0.053
268.0,277.0,0.029,2.569,0.063,-1.448,-0.072,0.069,-0.028,0.123,-0.057,-0.001,-0.106,-0.011,0.506,-0.746,-0.03,-0.043,-0.052,-0.053
268.0,278.0,0.029,2.569,0.062,-1.448,-0.072,0.069,-0.028,0.123,-0.057,-0.001,-0.106,-0.011,0.506,-0.746,-0.03,-0.043,-0.052,-0.053
268.0,279.0,0.029,2.569,0.062,-1.448,-0.071,0.069,-0.029,0.123,-0.057,-0.001,-0.106,-0.011,0.506,-0.746,-0.03,-0.043,-0.052,-0.053
268.0,280.0,0.03,2.569,0.062,-1.448,-0.071,0.069,-0.029,0.123,-0.056,-0.001,-0.106,-0.011,0.506,-0.746,-0.03,-0.043,-0.052,-0.053
269.0,270.0,0.016,2.677,0.084,-1.156,-0.057,0.055,-0.032,0.207,-0.059,-0.009,-0.119,-0.008,-0.085,-0.841,0.502,-0.051,-0.051,-0.049
269.0,271.0,0.016,2.677,0.084,-1.156,-0.057,0.055,-0.032,0.207,-0.059,-0.009,-0.119,-0.008,-0.085,-0.841,0.502,-0.051,-0.051,-0.049
269.0,272.0,0.016,2.677,0.084,-1.156,-0.057,0.055,-0.032,0.207,-0.059,-0.009,-0.119,-0.008,-0.085,-0.841,0.502,-0.051,-0.051,-0.049
269.0,273.0,0.016,2.677,0.084,-1.156,-0.057,0.055,-0.032,0.207,-0.059,-0.009,-0.119,-0.008,-0.085,-0.841,0.502,-0.051,-0.051,-0.049
269.0,274.0,0.016,2.677,0.084,-1.156,-0.057,0.055,-0.032,0.207,-0.059,-0.009,-0.119,-0.008,-0.085,-0.841,0.502,-0.051,-0.051,-0.049
269.0,275.0,0.016,2.677,0.084,-1.156,-0.057,0.055,-0.032,0.207,-0.059,-0.009,-0.12,-0.008,-0.085,-0.841,0.502,-0.051,-0.051,-0.049
269.0,276.0,0.016,2.677,0.084,-1.156,-0.057,0.055,-0.032,0.207,-0.058,-0.009,-0.12,-0.008,-0.084,-0.841,0.502,-0.051,-0.051,-0.049
269.0,277.0,0.016,2.677,0.084,-1.156,-0.057,0.055,-0.032,0.207,-0.058,-0.009,-0.12,-0.008,-0.084,-0.841,0.502,-0.051,-0.051,-0.049
269.0,278.0,0.016,2.677,0.084,-1.156,-0.057,0.055,-0.032,0.207,-0.058,-0.009,-0.12,-0.008,-0.084,-0.841,0.502,-0.051,-0.051,-0.049
269.0,279.0,0.016,2.677,0.084,-1.156,-0.057,0.055,-0.032,0.207,-0.058,-0.009,-0.12,-0.008,-0.084,-0.841,0.502,-0.051,-0.051,-0.049
269.0,280.0,0.016,2.677,0.084,-1.156,-0.057,0.055,-0.032,0.207,-0.058,-0.009,-0.12,-0.008,-0.084,-0.841,0.502,-0.051,-0.051,-0.049
269.0,281.0,0.017,2.677,0.083,-1.156,-0.057,0.055,-0.032,0.206,-0.058,-0.009,-0.12,-0.008,-0.084,-0.841,0.502,-0.051,-0.051,-0.049
270.0,271.0,0.021,2.508,0.085,-1.266,-0.161,-0.027,-0.027,0.127,-0.06,0.0,-0.109,-0.007,0.107,-1.234,0.054,-0.05,-0.052,-0.051
270.0,272.0,0.021,2.508,0.085,-1.266,-0.161,-0.027,-0.028,0.127,-0.06,0.0,-0.109,-0.007,0.107,-1.234,0.054,-0.05,-0.052,-0.051
270.0,273.0,0.021,2.508,0.084,-1.266,-0.161,-0.027,-0.028,0.127,-0.06,0.0,-0.109,-0.007,0.107,-1.234,0.054,-0.05,-0.052,-0.051
270.0,274.0,0.021,2.508,0.084,-1.266,-0.161,-0.027,-0.028,0.128,-0.06,0.0,-0.109,-0.007,0.107,-1.234,0.054,-0.05,-0.052,-0.051
270.0,275.0,0.021,2.508,0.084,-1.266,-0.161,-0.027,-0.028,0.128,-0.06,0.0,-0.11,-0.007,0.107,-1.234,0.054,-0.05,-0.052,-0.051
270.0,276.0,0.021,2.508,0.084,-1.266,-0.161,-0.027,-0.028,0.128,-0.059,0.0,-0.11,-0.007,0.107,-1.234,0.054,-0.05,-0.052,-0.051
270.0,277.0,0.021,2.508,0.084,-1.266,-0.161,-0.027,-0.028,0.128,-0.059,0.0,-0.11,-0.007,0.107,-1.234,0.054,-0.05,-0.052,-0.051
270.0,278.0,0.021,2.508,0.084,-1.266,-0.161,-0.027,-0.028,0.128,-0.059,0.0,-0.11,-0.007,0.107,-1.234,0.054,-0.05,-0.052,-0.051
270.0,279.0,0.022,2.508,0.084,-1.265,-0.161,-0.027,-0.028,0.128,-0.059,0.0,-0.11,-0.007,0.107,-1.234,0.054,-0.05,-0.052,-0.051
270.0,280.0,0.022,2.508,0.083,-1.265,-0.161,-0.027,-0.028,0.128,-0.059,0.0,-0.11,-0.007,0.107,-1.234,0.054,-0.05,-0.052,-0.051
270.0,281.0,0.022,2.508,0.083,-1.265,-0.161,-0.027,-0.028,0.128,-0.059,0.0,-0.11,-0.007,0.107,-1.234,0.054,-0.05,-0.052,-0.051
270.0,282.0,0.022,2.508,0.083,-1.265,-0.161,-0.027,-0.028,0.128,-0.059,0.0,-0.11,-0.007,0.107,-1.234,0.054,-0.05,-0.052,-0.051
271.0,272.0,0.024,2.769,0.067,-1.488,-0.111,0.032,-0.029,0.162,-0.062,-0.006,-0.103,-0.001,-0.053,-1.201,0.459,-0.053,-0.049,-0.044
271.0,273.0,0.024,2.77,0.067,-1.488,-0.111,0.032,-0.029,0.162,-0.062,-0.006,-0.103,-0.001,-0.053,-1.201,0.459,-0.053,-0.049,-0.044
271.0,274.0,0.024,2.77,0.066,-1.488,-0.111,0.032,-0.029,0.162,-0.062,-0.006,-0.103,-0.001,-0.053,-1.201,0.459,-0.053,-0.049,-0.044
271.0,275.0,0.024,2.77,0.066,-1.488,-0.111,0.032,-0.029,0.162,-0.061,-0.006,-0.103,-0.001,-0.053,-1.201,0.459,-0.053,-0.049,-0.044
271.0,276.0,0.024,2.77,0.066,-1.488,-0.111,0.032,-0.03,0.162,-0.061,-0.006,-0.103,-0.001,-0.053,-1.201,0.459,-0.053,-0.049,-0.044
271.0,277.0,0.024,2.77,0.066,-1.488,-0.111,0.032,-0.03,0.162,-0.061,-0.006,-0.103,-0.001,-0.053,-1.201,0.459,-0.053,-0.049,-0.044
271.0,278.0,0.024,2.77,0.066,-1.488,-0.111,0.032,-0.03,0.162,-0.061,-0.006,-0.103,-0.001,-0.053,-1.201,0.459,-0.053,-0.049,-0.044
271.0,279.0,0.024,2.77,0.065,-1.488,-0.11,0.032,-0.03,0.162,-0.061,-0.006,-0.103,-0.001,-0.053,-1.201,0.459,-0.053,-0.049,-0.044
271.0,280.0,0.024,2.77,0.065,-1.488,-0.11,0.032,-0.03,0.162,-0.061,-0.006,-0.103,-0.001,-0.053,-1.201,0.459,-0.053,-0.049,-0.044
271.0,281.0,0.024,2.77,0.065,-1.488,-0.11,0.032,-0.031,0.162,-0.06,-0.006,-0.103,-0.001,-0.053,-1.201,0.459,-0.053,-0.049,-0.044
271.0,282.0,0.025,2.77,0.065,-1.487,-0.11,0.032,-0.031,0.161,-0.06,-0.006,-0.103,-0.001,-0.053,-1.201,0.459,-0.053,-0.049,-0.044
271.0,283.0,0.025,2.771,0.065,-1.487,-0.11,0.032,-0.031,0.161,-0.06,-0.006,-0.103,-0.001,-0.053,-1.201,0.459,-0.053,-0.049,-0.044
272.0,273.0,0.018,2.4,0.086,-1.13,-0.031,0.192,-0.031,0.128,-0.06,-0.011,-0.132,-0.007,-0.199,-0.65,0.616,-0.051,-0.049,-0.047
272.0,274.0,0.018,2.4,0.086,-1.13,-0.031,0.192,-0.031,0.128,-0.06,-0.011,-0.132,-0.007,-0.199,-0.65,0.616,-0.051,-0.049,-0.048
272.0,275.0,0.018,2.4,0.086,-1.13,-0.031,0.192,-0.031,0.128,-0.06,-0.011,-0.133,-0.007,-0.199,-0.65,0.616,-0.051,-0.049,-0.048
272.0,276.0,0.018,2.4,0.086,-1.13,-0.031,0.192,-0.031,0.128,-0.06,-0.011,-0.133,-0.007,-0.199,-0.65,0.616,-0.051,-0.049,-0.048
272.0,277.0,0.018,2.4,0.086,-1.13,-0.031,0.192,-0.031,0.128,-0.06,-0.011,-0.133,-0.007,-0.199,-0.65,0.616,-0.051,-0.05,-0.048
272.0,278.0,0.018,2.4,0.085,-1.13,-0.031,0.192,-0.031,0.128,-0.06,-0.011,-0.133,-0.007,-0.199,-0.65,0.616,-0.051,-0.05,-0.048
272.0,279.0,0.018,2.4,0.085,-1.13,-0.031,0.192,-0.031,0.128,-0.06,-0.011,-0.133,-0.007,-0.199,-0.65,0.616,-0.051,-0.05,-0.048
272.0,280.0,0.018,2.4,0.085,-1.13,-0.031,0.192,-0.031,0.128,-0.06,-0.011,-0.133,-0.007,-0.198,-0.65,0.617,-0.051,-0.05,-0.048
272.0,281.0,0.018,2.4,0.085,-1.13,-0.031,0.192,-0.031,0.128,-0.06,-0.011,-0.133,-0.007,-0.198,-0.65,0.617,-0.051,-0.05,-0.048
272.0,282.0,0.018,2.4,0.085,-1.13,-0.031,0.192,-0.031,0.128,-0.06,-0.011,-0.133,-0.007,-0.198,-0.65,0.617,-0.051,-0.05,-0.048
272.0,283.0,0.018,2.4,0.085,-1.13,-0.031,0.192,-0.031,0.128,-0.06,-0.011,-0.133,-0.007,-0.198,-0.65,0.617,-0.051,-0.05,-0.048
272.0,284.0,0.018,2.4,0.085,-1.13,-0.031,0.192,-0.031,0.128,-0.06,-0.011,-0.133,-0.007,-0.198,-0.65,0.617,-0.051,-0.05,-0.048
273.0,274.0,0.026,2.715,0.067,-1.436,-0.048,0.009,-0.028,0.119,-0.043,-0.0,-0.107,-0.008,0.337,-0.946,-0.059,-0.046,-0.049,-0.053
273.0,275.0,0.026,2.715,0.067,-1.436,-0.048,0.009,-0.028,0.119,-0.043,-0.0,-0.107,-0.008,0.337,-0.946,-0.059,-0.046,-0.049,-0.053
273.0,276.0,0.026,2.715,0.067,-1.436,-0.048,0.009,-0.028,0.119,-0.043,-0.0,-0.107,-0.008,0.337,-0.946,-0.059,-0.046,-0.049,-0.053
273.0,277.0,0.026,2.715,0.066,-1.435,-0.048,0.009,-0.029,0.119,-0.043,-0.0,-0.107,-0.008,0.337,-0.946,-0.059,-0.046,-0.049,-0.053
273.0,278.0,0.026,2.715,0.066,-1.435,-0.048,0.009,-0.029,0.119,-0.042,-0.0,-0.107,-0.008,0.337,-0.946,-0.059,-0.046,-0.049,-0.053
273.0,279.0,0.027,2.715,0.066,-1.435,-0.048,0.009,-0.029,0.119,-0.042,-0.0,-0.107,-0.008,0.337,-0.946,-0.059,-0.046,-0.049,-0.053
273.0,280.0,0.027,2.715,0.066,-1.435,-0.048,0.008,-0.029,0.12,-0.042,-0.0,-0.107,-0.008,0.337,-0.946,-0.059,-0.046,-0.049,-0.053
273.0,281.0,0.027,2.715,0.065,-1.435,-0.048,0.008,-0.029,0.12,-0.042,-0.0,-0.107,-0.008,0.337,-0.946,-0.059,-0.046,-0.049,-0.053
273.0,282.0,0.027,2.715,0.065,-1.435,-0.048,0.008,-0.03,0.12,-0.042,-0.0,-0.107,-0.008,0.337,-0.946,-0.059,-0.046,-0.049,-0.053
273.0,283.0,0.027,2.715,0.065,-1.435,-0.048,0.008,-0.03,0.12,-0.042,-0.0,-0.107,-0.008,0.337,-0.946,-0.059,-0.046,-0.049,-0.053
273.0,284.0,0.027,2.715,0.065,-1.435,-0.048,0.008,-0.03,0.12,-0.041,-0.0,-0.107,-0.008,0.337,-0.946,-0.059,-0.046,-0.049,-0.053
273.0,285.0,0.027,2.715,0.064,-1.435,-0.048,0.008,-0.03,0.12,-0.041,-0.0,-0.107,-0.008,0.337,-0.946,-0.059,-0.046,-0.049,-0.053
274.0,275.0,0.018,2.795,0.088,-1.152,-0.08,0.038,-0.042,0.287,-0.059,-0.006,-0.124,-0.012,0.71,-0.538,-0.067,-0.046,-0.051,-0.05
274.0,276.0,0.018,2.795,0.088,-1.152,-0.08,0.038,-0.042,0.287,-0.059,-0.006,-0.124,-0.012,0.71,-0.538,-0.067,-0.047,-0.051,-0.05
274.0,277.0,0.018,2.795,0.088,-1.152,-0.08,0.038,-0.042,0.287,-0.059,-0.006,-0.124,-0.012,0.71,-0.538,-0.067,-0.047,-0.051,-0.05
274.0,278.0,0.018,2.795,0.088,-1.152,-0.08,0.038,-0.042,0.287,-0.059,-0.007,-0.125,-0.012,0.71,-0.539,-0.067,-0.047,-0.051,-0.05
274.0,279.0,0.018,2.795,0.088,-1.152,-0.08,0.038,-0.042,0.287,-0.059,-0.007,-0.125,-0.012,0.71,-0.539,-0.067,-0.047,-0.051,-0.05
274.0,280.0,0.018,2.795,0.088,-1.152,-0.08,0.038,-0.042,0.287,-0.059,-0.007,-0.125,-0.012,0.71,-0.539,-0.066,-0.047,-0.05,-0.05
274.0,281.0,0.018,2.795,0.088,-1.152,-0.08,0.038,-0.042,0.287,-0.059,-0.007,-0.125,-0.012,0.71,-0.539,-0.066,-0.047,-0.05,-0.05
274.0,282.0,0.018,2.795,0.088,-1.152,-0.08,0.038,-0.042,0.287,-0.059,-0.007,-0.125,-0.012,0.71,-0.539,-0.066,-0.047,-0.05,-0.05
274.0,283.0,0.018,2.795,0.088,-1.152,-0.08,0.038,-0.042,0.287,-0.059,-0.007,-0.125,-0.012,0.71,-0.539,-0.066,-0.047,-0.05,-0.05
274.0,284.0,0.018,2.795,0.088,-1.152,-0.08,0.038,-0.042,0.287,-0.059,-0.007,-0.125,-0.012,0.71,-0.539,-0.066,-0.047,-0.05,-0.05
274.0,285.0,0.018,2.795,0.088,-1.152,-0.08,0.038,-0.042,0.287,-0.059,-0.007,-0.125,-0.012,0.71,-0.539,-0.066,-0.047,-0.05,-0.05
274.0,286.0,0.018,2.795,0.088,-1.152,-0.08,0.038,-0.042,0.287,-0.059,-0.007,-0.125,-0.012,0.71,-0.539,-0.066,-0.048,-0.05,-0.05
275.0,276.0,0.02,2.842,0.067,-1.819,-0.058,-0.058,-0.04,0.238,-0.05,-0.004,-0.078,-0.004,0.652,-1.462,0.011,-0.046,-0.055,-0.054
275.0,277.0,0.02,2.842,0.067,-1.819,-0.058,-0.058,-0.04,0.238,-0.05,-0.004,-0.078,-0.004,0.652,-1.462,0.011,-0.046,-0.055,-0.054
275.0,278.0,0.02,2.842,0.067,-1.819,-0.058,-0.058,-0.04,0.238,-0.05,-0.004,-0.078,-0.004,0.652,-1.462,0.011,-0.046,-0.055,-0.054
275.0,279.0,0.02,2.842,0.067,-1.82,-0.058,-0.058,-0.04,0.238,-0.05,-0.004,-0.078,-0.004,0.652,-1.462,0.011,-0.046,-0.055,-0.054
275.0,280.0,0.02,2.842,0.067,-1.82,-0.058,-0.058,-0.04,0.238,-0.05,-0.004,-0.078,-0.004,0.652,-1.462,0.011,-0.046,-0.055,-0.054
275.0,281.0,0.02,2.842,0.067,-1.82,-0.058,-0.058,-0.04,0.238,-0.05,-0.004,-0.078,-0.004,0.652,-1.462,0.011,-0.046,-0.055,-0.054
275.0,282.0,0.02,2.842,0.067,-1.82,-0.058,-0.058,-0.04,0.238,-0.05,-0.004,-0.078,-0.004,0.652,-1.462,0.011,-0.046,-0.055,-0.054
275.0,283.0,0.02,2.842,0.067,-1.82,-0.058,-0.058,-0.04,0.238,-0.05,-0.004,-0.078,-0.004,0.652,-1.462,0.011,-0.046,-0.055,-0.054
275.0,284.0,0.02,2.842,0.067,-1.82,-0.058,-0.058,-0.04,0.238,-0.05,-0.004,-0.078,-0.004,0.652,-1.462,0.011,-0.046,-0.055,-0.054
275.0,285.0,0.02,2.842,0.067,-1.82,-0.058,-0.058,-0.04,0.238,-0.05,-0.004,-0.078,-0.004,0.652,-1.462,0.011,-0.046,-0.055,-0.054
275.0,286.0,0.02,2.842,0.067,-1.82,-0.058,-0.058,-0.04,0.238,-0.05,-0.004,-0.078,-0.004,0.652,-1.462,0.011,-0.046,-0.055,-0.054
275.0,287.0,0.019,2.842,0.067,-1.82,-0.058,-0.058,-0.04,0.238,-0.05,-0.004,-0.078,-0.004,0.652,-1.462,0.011,-0.046,-0.055,-0.054
276.0,277.0,0.015,2.617,0.087,-0.956,-0.057,0.015,-0.049,0.199,-0.054,-0.012,-0.116,-0.005,-0.39,-0.719,0.715,-0.051,-0.051,-0.046
276.0,278.0,0.015,2.617,0.087,-0.956,-0.057,0.015,-0.049,0.199,-0.054,-0.012,-0.116,-0.006,-0.39,-0.719,0.715,-0.051,-0.051,-0.047
276.0,279.0,0.015,2.617,0.087,-0.956,-0.057,0.015,-0.049,0.199,-0.054,-0.012,-0.116,-0.006,-0.39,-0.719,0.715,-0.051,-0.051,-0.047
276.0,280.0,0.015,2.617,0.087,-0.956,-0.057,0.015,-0.049,0.199,-0.054,-0.012,-0.116,-0.006,-0.39,-0.719,0.715,-0.051,-0.051,-0.047
276.0,281.0,0.015,2.617,0.087,-0.956,-0.057,0.015,-0.049,0.199,-0.054,-0.012,-0.116,-0.006,-0.39,-0.719,0.715,-0.051,-0.051,-0.047
276.0,282.0,0.015,2.617,0.087,-0.956,-0.057,0.015,-0.049,0.199,-0.054,-0.012,-0.116,-0.006,-0.39,-0.719,0.715,-0.051,-0.051,-0.047
276.0,283.0,0.015,2.617,0.087,-0.956,-0.057,0.015,-0.049,0.199,-0.054,-0.012,-0.116,-0.006,-0.39,-0.719,0.715,-0.051,-0.051,-0.047
276.0,284.0,0.015,2.617,0.087,-0.956,-0.057,0.015,-0.049,0.199,-0.054,-0.012,-0.116,-0.006,-0.389,-0.719,0.715,-0.051,-0.051,-0.047
276.0,285.0,0.015,2.617,0.087,-0.956,-0.057,0.015,-0.049,0.199,-0.054,-0.012,-0.117,-0.006,-0.389,-0.719,0.714,-0.051,-0.051,-0.047
276.0,286.0,0.015,2.617,0.087,-0.956,-0.057,0.015,-0.049,0.199,-0.054,-0.012,-0.117,-0.006,-0.389,-0.719,0.714,-0.051,-0.051,-0.047
276.0,287.0,0.015,2.617,0.087,-0.956,-0.057,0.015,-0.049,0.199,-0.054,-0.012,-0.117,-0.007,-0.389,-0.719,0.714,-0.051,-0.051,-0.047
276.0,288.0,0.015,2.617,0.087,-0.956,-0.057,0.015,-0.049,0.199,-0.054,-0.012,-0.117,-0.007,-0.389,-0.72,0.714,-0.051,-0.051,-0.047
277.0,278.0,0.022,3.03,0.079,-1.155,-0.113,-0.024,-0.045,0.305,-0.048,-0.005,-0.106,-0.009,0.64,-0.742,-0.299,-0.048,-0.053,-0.048
277.0,279.0,0.023,3.03,0.079,-1.155,-0.112,-0.024,-0.045,0.305,-0.048,-0.005,-0.106,-0.009,0.639,-0.742,-0.299,-0.049,-0.053,-0.048
277.0,280.0,0.023,3.03,0.079,-1.155,-0.112,-0.024,-0.045,0.305,-0.048,-0.005,-0.106,-0.009,0.639,-0.742,-0.299,-0.049,-0.052,-0.048
277.0,281.0,0.023,3.03,0.079,-1.155,-0.112,-0.025,-0.045,0.305,-0.048,-0.005,-0.107,-0.009,0.639,-0.742,-0.299,-0.049,-0.052,-0.048
277.0,282.0,0.023,3.03,0.079,-1.155,-0.112,-0.025,-0.045,0.305,-0.048,-0.005,-0.107,-0.009,0.639,-0.742,-0.299,-0.049,-0.052,-0.048
277.0,283.0,0.023,3.03,0.079,-1.155,-0.112,-0.025,-0.045,0.305,-0.048,-0.005,-0.107,-0.009,0.639,-0.743,-0.298,-0.049,-0.052,-0.048
277.0,284.0,0.023,3.03,0.079,-1.155,-0.112,-0.025,-0.045,0.305,-0.048,-0.005,-0.107,-0.009,0.639,-0.743,-0.298,-0.049,-0.052,-0.048
277.0,285.0,0.023,3.03,0.079,-1.155,-0.112,-0.025,-0.045,0.305,-0.048,-0.005,-0.107,-0.009,0.639,-0.743,-0.298,-0.049,-0.052,-0.048
277.0,286.0,0.023,3.03,0.079,-1.155,-0.112,-0.025,-0.045,0.305,-0.048,-0.006,-0.107,-0.009,0.639,-0.743,-0.298,-0.049,-0.052,-0.048
277.0,287.0,0.023,3.03,0.078,-1.155,-0.112,-0.025,-0.045,0.305,-0.048,-0.006,-0.107,-0.009,0.639,-0.743,-0.298,-0.049,-0.052,-0.049
277.0,288.0,0.023,3.03,0.078,-1.155,-0.112,-0.026,-0.045,0.305,-0.048,-0.006,-0.107,-0.009,0.639,-0.743,-0.298,-0.049,-0.052,-0.049
277.0,289.0,0.023,3.03,0.078,-1.155,-0.112,-0.026,-0.045,0.305,-0.048,-0.006,-0.108,-0.009,0.639,-0.743,-0.297,-0.049,-0.052,-0.049
278.0,279.0,0.02,2.75,0.073,-1.185,-0.068,-0.026,-0.043,0.162,-0.041,-0.006,-0.092,-0.004,-0.032,-0.873,0.571,-0.047,-0.054,-0.05
278.0,280.0,0.02,2.75,0.073,-1.185,-0.068,-0.026,-0.043,0.162,-0.042,-0.006,-0.092,-0.004,-0.032,-0.874,0.571,-0.047,-0.054,-0.05
278.0,281.0,0.02,2.75,0.073,-1.185,-0.068,-0.026,-0.043,0.162,-0.042,-0.006,-0.093,-0.004,-0.031,-0.874,0.571,-0.047,-0.054,-0.05
278.0,282.0,0.02,2.75,0.073,-1.185,-0.068,-0.026,-0.043,0.162,-0.042,-0.006,-0.093,-0.004,-0.031,-0.874,0.571,-0.047,-0.053,-0.05
278.0,283.0,0.02,2.75,0.073,-1.185,-0.068,-0.026,-0.043,0.162,-0.042,-0.006,-0.093,-0.004,-0.031,-0.874,0.571,-0.048,-0.053,-0.05
278.0,284.0,0.02,2.751,0.073,-1.185,-0.068,-0.026,-0.043,0.161,-0.042,-0.006,-0.093,-0.004,-0.031,-0.874,0.571,-0.048,-0.053,-0.05
278.0,285.0,0.02,2.751,0.072,-1.185,-0.068,-0.027,-0.043,0.161,-0.042,-0.006,-0.093,-0.004,-0.031,-0.874,0.571,-0.048,-0.053,-0.05
278.0,286.0,0.021,2.751,0.072,-1.185,-0.068,-0.027,-0.043,0.161,-0.042,-0.006,-0.093,-0.005,-0.031,-0.874,0.571,-0.048,-0.053,-0.05
278.0,287.0,0.021,2.751,0.072,-1.185,-0.068,-0.027,-0.043,0.161,-0.042,-0.006,-0.093,-0.005,-0.03,-0.875,0.571,-0.048,-0.053,-0.05
278.0,288.0,0.021,2.751,0.072,-1.185,-0.067,-0.027,-0.043,0.161,-0.042,-0.006,-0.093,-0.005,-0.03,-0.875,0.571,-0.048,-0.053,-0.05
278.0,289.0,0.021,2.751,0.072,-1.185,-0.067,-0.027,-0.043,0.161,-0.042,-0.006,-0.093,-0.005,-0.03,-0.875,0.571,-0.048,-0.053,-0.05
278.0,290.0,0.021,2.751,0.072,-1.184,-0.067,-0.027,-0.042,0.161,-0.042,-0.006,-0.093,-0.005,-0.03,-0.875,0.57,-0.048,-0.053,-0.05
279.0,280.0,0.013,2.877,0.078,-1.002,-0.064,-0.021,-0.051,0.249,-0.052,-0.003,-0.091,-0.006,0.578,-0.938,-0.047,-0.047,-0.051,-0.048
279.0,281.0,0.013,2.877,0.077,-1.002,-0.064,-0.021,-0.051,0.249,-0.052,-0.004,-0.091,-0.006,0.578,-0.938,-0.046,-0.048,-0.051,-0.048
279.0,282.0,0.013,2.877,0.077,-1.002,-0.064,-0.021,-0.051,0.249,-0.052,-0.004,-0.092,-0.006,0.578,-0.938,-0.046,-0.048,-0.05,-0.049
279.0,283.0,0.013,2.877,0.077,-1.002,-0.064,-0.021,-0.051,0.249,-0.052,-0.004,-0.092,-0.006,0.578,-0.938,-0.046,-0.048,-0.05,-0.049
279.0,284.0,0.013,2.877,0.077,-1.002,-0.064,-0.021,-0.051,0.249,-0.052,-0.004,-0.092,-0.006,0.578,-0.938,-0.046,-0.048,-0.05,-0.049
279.0,285.0,0.013,2.877,0.077,-1.002,-0.064,-0.021,-0.051,0.249,-0.052,-0.004,-0.092,-0.006,0.578,-0.938,-0.045,-0.048,-0.05,-0.049
279.0,286.0,0.013,2.877,0.077,-1.002,-0.064,-0.021,-0.051,0.249,-0.052,-0.004,-0.092,-0.006,0.577,-0.938,-0.045,-0.048,-0.05,-0.049
279.0,287.0,0.013,2.877,0.077,-1.002,-0.064,-0.022,-0.051,0.249,-0.052,-0.004,-0.092,-0.006,0.577,-0.938,-0.045,-0.048,-0.05,-0.049
279.0,288.0,0.013,2.877,0.077,-1.002,-0.064,-0.022,-0.051,0.249,-0.052,-0.004,-0.092,-0.006,0.577,-0.938,-0.045,-0.048,-0.05,-0.049
279.0,289.0,0.013,2.877,0.077,-1.001,-0.064,-0.022,-0.051,0.249,-0.052,-0.005,-0.093,-0.006,0.577,-0.939,-0.045,-0.048,-0.05,-0.049
279.0,290.0,0.013,2.877,0.077,-1.001,-0.064,-0.022,-0.051,0.249,-0.052,-0.005,-0.093,-0.006,0.577,-0.939,-0.045,-0.048,-0.05,-0.049
279.0,291.0,0.014,2.877,0.077,-1.001,-0.064,-0.022,-0.051,0.249,-0.052,-0.005,-0.093,-0.006,0.577,-0.939,-0.045,-0.048,-0.05,-0.049
280.0,281.0,0.021,2.816,0.077,-1.31,-0.047,-0.038,-0.043,0.235,-0.047,-0.004,-0.099,-0.007,0.557,-0.815,-0.045,-0.049,-0.054,-0.047
280.0,282.0,0.021,2.816,0.077,-1.31,-0.047,-0.038,-0.043,0.235,-0.047,-0.004,-0.1,-0.007,0.557,-0.815,-0.045,-0.049,-0.054,-0.047
280.0,283.0,0.021,2.816,0.077,-1.309,-0.047,-0.038,-0.043,0.235,-0.047,-0.004,-0.1,-0.007,0.557,-0.815,-0.045,-0.049,-0.054,-0.048
280.0,284.0,0.021,2.816,0.077,-1.309,-0.047,-0.038,-0.043,0.235,-0.047,-0.004,-0.1,-0.007,0.557,-0.815,-0.045,-0.049,-0.054,-0.048
280.0,285.0,0.021,2.817,0.077,-1.309,-0.047,-0.038,-0.043,0.235,-0.047,-0.004,-0.1,-0.007,0.557,-0.815,-0.044,-0.049,-0.054,-0.048
280.0,286.0,0.021,2.817,0.077,-1.309,-0.047,-0.038,-0.043,0.235,-0.047,-0.004,-0.1,-0.007,0.557,-0.815,-0.044,-0.049,-0.053,-0.048
280.0,287.0,0.021,2.817,0.077,-1.309,-0.047,-0.039,-0.043,0.235,-0.047,-0.004,-0.1,-0.007,0.557,-0.816,-0.044,-0.049,-0.053,-0.048
280.0,288.0,0.022,2.817,0.077,-1.309,-0.046,-0.039,-0.042,0.235,-0.047,-0.004,-0.1,-0.007,0.557,-0.816,-0.044,-0.049,-0.053,-0.048
280.0,289.0,0.022,2.817,0.076,-1.309,-0.046,-0.039,-0.042,0.235,-0.047,-0.004,-0.1,-0.007,0.557,-0.816,-0.044,-0.049,-0.053,-0.048
280.0,290.0,0.022,2.817,0.076,-1.309,-0.046,-0.039,-0.042,0.235,-0.047,-0.004,-0.1,-0.007,0.557,-0.816,-0.043,-0.049,-0.053,-0.048
280.0,291.0,0.022,2.817,0.076,-1.309,-0.046,-0.039,-0.042,0.234,-0.047,-0.004,-0.1,-0.007,0.557,-0.816,-0.043,-0.049,-0.053,-0.048
280.0,292.0,0.022,2.817,0.076,-1.308,-0.046,-0.039,-0.042,0.234,-0.047,-0.004,-0.1,-0.007,0.557,-0.816,-0.043,-0.049,-0.053,-0.048
281.0,282.0,0.025,2.701,0.084,-1.109,-0.04,-0.04,-0.048,0.248,-0.039,-0.005,-0.12,-0.011,0.692,-0.564,-0.163,-0.051,-0.055,-0.046
281.0,283.0,0.025,2.701,0.084,-1.109,-0.04,-0.04,-0.048,0.248,-0.039,-0.005,-0.12,-0.011,0.692,-0.564,-0.163,-0.051,-0.055,-0.046
281.0,284.0,0.025,2.701,0.084,-1.109,-0.04,-0.04,-0.048,0.248,-0.039,-0.005,-0.12,-0.011,0.692,-0.565,-0.162,-0.051,-0.055,-0.046
281.0,285.0,0.025,2.701,0.084,-1.109,-0.04,-0.04,-0.048,0.248,-0.039,-0.005,-0.12,-0.011,0.692,-0.565,-0.162,-0.051,-0.055,-0.046
281.0,286.0,0.025,2.701,0.084,-1.109,-0.04,-0.04,-0.048,0.248,-0.039,-0.005,-0.121,-0.011,0.692,-0.565,-0.162,-0.051,-0.055,-0.046
281.0,287.0,0.025,2.701,0.084,-1.109,-0.04,-0.04,-0.048,0.248,-0.039,-0.005,-0.121,-0.011,0.692,-0.565,-0.162,-0.051,-0.055,-0.046
281.0,288.0,0.025,2.701,0.084,-1.109,-0.04,-0.04,-0.048,0.248,-0.039,-0.006,-0.121,-0.011,0.692,-0.565,-0.161,-0.051,-0.054,-0.046
281.0,289.0,0.025,2.701,0.084,-1.109,-0.04,-0.04,-0.048,0.247,-0.039,-0.006,-0.121,-0.011,0.692,-0.565,-0.161,-0.051,-0.054,-0.046
281.0,290.0,0.025,2.701,0.084,-1.109,-0.04,-0.04,-0.048,0.247,-0.039,-0.006,-0.121,-0.011,0.692,-0.566,-0.161,-0.051,-0.054,-0.046
281.0,291.0,0.025,2.701,0.084,-1.109,-0.04,-0.04,-0.048,0.247,-0.039,-0.006,-0.121,-0.011,0.692,-0.566,-0.161,-0.051,-0.054,-0.046
281.0,292.0,0.025,2.701,0.084,-1.109,-0.04,-0.04,-0.048,0.247,-0.039,-0.006,-0.121,-0.011,0.692,-0.566,-0.16,-0.051,-0.054,-0.047
281.0,293.0,0.025,2.702,0.084,-1.109,-0.04,-0.04,-0.048,0.247,-0.039,-0.006,-0.121,-0.011,0.692,-0.566,-0.16,-0.051,-0.054,-0.047
282.0,283.0,0.017,2.626,0.078,-1.116,-0.062,-0.007,-0.052,0.178,-0.049,-0.004,-0.097,-0.006,0.572,-0.935,-0.016,-0.049,-0.049,-0.049
282.0,284.0,0.017,2.627,0.078,-1.116,-0.062,-0.007,-0.052,0.178,-0.049,-0.004,-0.097,-0.006,0.572,-0.935,-0.016,-0.049,-0.049,-0.049
282.0,285.0,0.017,2.627,0.078,-1.116,-0.062,-0.007,-0.052,0.178,-0.049,-0.004,-0.097,-0.006,0.571,-0.935,-0.015,-0.049,-0.049,-0.049
282.0,286.0,0.017,2.627,0.078,-1.115,-0.062,-0.007,-0.052,0.178,-0.049,-0.004,-0.097,-0.006,0.571,-0.935,-0.015,-0.049,-0.049,-0.049
282.0,287.0,0.018,2.627,0.078,-1.115,-0.062,-0.007,-0.052,0.178,-0.049,-0.004,-0.097,-0.006,0.571,-0.935,-0.015,-0.049,-0.049,-0.049
282.0,288.0,0.018,2.627,0.078,-1.115,-0.062,-0.007,-0.052,0.178,-0.049,-0.004,-0.097,-0.006,0.571,-0.935,-0.015,-0.049,-0.049,-0.049
282.0,289.0,0.018,2.627,0.078,-1.115,-0.062,-0.008,-0.052,0.178,-0.049,-0.004,-0.097,-0.006,0.571,-0.935,-0.015,-0.049,-0.049,-0.049
282.0,290.0,0.018,2.627,0.078,-1.115,-0.062,-0.008,-0.052,0.178,-0.049,-0.005,-0.097,-0.006,0.571,-0.936,-0.015,-0.049,-0.049,-0.049
282.0,291.0,0.018,2.627,0.078,-1.115,-0.062,-0.008,-0.052,0.178,-0.049,-0.005,-0.098,-0.006,0.571,-0.936,-0.015,-0.05,-0.049,-0.049
282.0,292.0,0.018,2.627,0.078,-1.115,-0.062,-0.008,-0.052,0.178,-0.049,-0.005,-0.098,-0.007,0.571,-0.936,-0.015,-0.05,-0.049,-0.049
282.0,293.0,0.018,2.627,0.078,-1.115,-0.062,-0.008,-0.052,0.178,-0.049,-0.005,-0.098,-0.007,0.571,-0.936,-0.014,-0.05,-0.049,-0.049
282.0,294.0,0.018,2.627,0.078,-1.115,-0.062,-0.008,-0.052,0.178,-0.049,-0.005,-0.098,-0.007,0.571,-0.936,-0.014,-0.05,-0.048,-0.049
283.0,284.0,0.018,2.134,0.086,-1.035,-0.067,-0.019,-0.048,0.084,-0.047,-0.008,-0.11,-0.004,-0.058,-0.665,0.529,-0.047,-0.052,-0.048
283.0,285.0,0.018,2.134,0.086,-1.034,-0.067,-0.019,-0.048,0.084,-0.047,-0.008,-0.111,-0.004,-0.058,-0.665,0.529,-0.048,-0.052,-0.048
283.0,286.0,0.018,2.134,0.086,-1.034,-0.067,-0.019,-0.048,0.084,-0.047,-0.008,-0.111,-0.004,-0.058,-0.665,0.529,-0.048,-0.052,-0.049
283.0,287.0,0.018,2.134,0.086,-1.034,-0.067,-0.019,-0.048,0.084,-0.047,-0.008,-0.111,-0.004,-0.057,-0.665,0.529,-0.048,-0.052,-0.049
283.0,288.0,0.018,2.134,0.086,-1.034,-0.067,-0.019,-0.048,0.084,-0.047,-0.008,-0.111,-0.004,-0.057,-0.665,0.529,-0.048,-0.052,-0.049
283.0,289.0,0.018,2.134,0.086,-1.034,-0.067,-0.019,-0.048,0.084,-0.047,-0.008,-0.111,-0.004,-0.057,-0.665,0.529,-0.048,-0.052,-0.049
283.0,290.0,0.018,2.134,0.086,-1.034,-0.067,-0.019,-0.048,0.084,-0.047,-0.008,-0.111,-0.004,-0.057,-0.666,0.529,-0.048,-0.052,-0.049
283.0,291.0,0.019,2.134,0.086,-1.034,-0.067,-0.019,-0.048,0.084,-0.047,-0.008,-0.111,-0.004,-0.056,-0.666,0.529,-0.048,-0.052,-0.049
283.0,292.0,0.019,2.134,0.086,-1.034,-0.067,-0.019,-0.048,0.084,-0.047,-0.008,-0.111,-0.004,-0.056,-0.666,0.529,-0.048,-0.052,-0.049
283.0,293.0,0.019,2.134,0.086,-1.034,-0.067,-0.02,-0.048,0.084,-0.047,-0.008,-0.111,-0.005,-0.056,-0.666,0.528,-0.048,-0.052,-0.049
283.0,294.0,0.019,2.134,0.086,-1.034,-0.067,-0.02,-0.048,0.084,-0.047,-0.008,-0.111,-0.005,-0.056,-0.666,0.528,-0.048,-0.052,-0.049
283.0,295.0,0.019,2.134,0.085,-1.034,-0.067,-0.02,-0.048,0.084,-0.047,-0.008,-0.111,-0.005,-0.056,-0.666,0.528,-0.048,-0.052,-0.049
284.0,285.0,0.018,2.67,0.072,-1.273,-0.062,-0.037,-0.035,0.132,-0.039,-0.0,-0.087,-0.005,0.611,-1.237,0.072,-0.052,-0.05,-0.048
284.0,286.0,0.019,2.67,0.072,-1.273,-0.062,-0.038,-0.035,0.132,-0.04,-0.0,-0.087,-0.005,0.611,-1.237,0.072,-0.052,-0.05,-0.048
284.0,287.0,0.019,2.67,0.071,-1.272,-0.061,-0.038,-0.035,0.131,-0.04,-0.0,-0.087,-0.005,0.611,-1.237,0.072,-0.052,-0.05,-0.048
284.0,288.0,0.019,2.67,0.071,-1.272,-0.061,-0.038,-0.035,0.131,-0.04,-0.0,-0.087,-0.005,0.611,-1.237,0.072,-0.052,-0.049,-0.048
284.0,289.0,0.019,2.67,0.071,-1.272,-0.061,-0.038,-0.035,0.131,-0.04,-0.0,-0.087,-0.005,0.611,-1.237,0.072,-0.052,-0.049,-0.048
284.0,290.0,0.019,2.671,0.071,-1.272,-0.061,-0.038,-0.035,0.131,-0.04,-0.0,-0.087,-0.005,0.611,-1.237,0.072,-0.052,-0.049,-0.048
284.0,291.0,0.019,2.671,0.071,-1.271,-0.061,-0.039,-0.034,0.131,-0.04,-0.0,-0.087,-0.005,0.611,-1.237,0.072,-0.052,-0.049,-0.049
284.0,292.0,0.019,2.671,0.071,-1.271,-0.061,-0.039,-0.034,0.131,-0.04,-0.0,-0.087,-0.005,0.611,-1.237,0.072,-0.052,-0.049,-0.049
284.0,293.0,0.019,2.671,0.071,-1.271,-0.061,-0.039,-0.034,0.13,-0.04,-0.0,-0.087,-0.005,0.611,-1.237,0.072,-0.052,-0.049,-0.049
284.0,294.0,0.019,2.671,0.071,-1.271,-0.06,-0.039,-0.034,0.13,-0.04,-0.0,-0.087,-0.005,0.611,-1.237,0.072,-0.052,-0.049,-0.049
284.0,295.0,0.019,2.671,0.071,-1.271,-0.06,-0.039,-0.034,0.13,-0.04,-0.0,-0.087,-0.005,0.611,-1.237,0.072,-0.052,-0.049,-0.049
284.0,296.0,0.02,2.671,0.071,-1.27,-0.06,-0.039,-0.034,0.13,-0.04,-0.0,-0.087,-0.005,0.611,-1.237,0.072,-0.052,-0.049,-0.049
285.0,286.0,0.014,2.714,0.091,-0.867,-0.016,-0.042,-0.029,0.134,-0.025,-0.002,-0.106,-0.008,0.111,-0.686,-0.002,-0.055,-0.054,-0.048
285.0,287.0,0.014,2.714,0.091,-0.867,-0.016,-0.042,-0.029,0.134,-0.025,-0.002,-0.106,-0.008,0.111,-0.686,-0.001,-0.055,-0.054,-0.048
285.0,288.0,0.014,2.714,0.091,-0.867,-0.016,-0.042,-0.029,0.134,-0.025,-0.002,-0.106,-0.008,0.111,-0.687,-0.001,-0.055,-0.054,-0.048
285.0,289.0,0.014,2.714,0.091,-0.867,-0.016,-0.042,-0.029,0.134,-0.025,-0.002,-0.107,-0.008,0.111,-0.687,-0.001,-0.055,-0.053,-0.048
285.0,290.0,0.014,2.714,0.091,-0.867,-0.016,-0.042,-0.029,0.134,-0.025,-0.002,-0.107,-0.008,0.111,-0.687,-0.0,-0.055,-0.053,-0.048
285.0,291.0,0.014,2.714,0.091,-0.867,-0.016,-0.041,-0.029,0.134,-0.025,-0.002,-0.107,-0.009,0.111,-0.687,0.0,-0.056,-0.053,-0.048
285.0,292.0,0.014,2.714,0.091,-0.867,-0.016,-0.041,-0.029,0.134,-0.025,-0.002,-0.107,-0.009,0.111,-0.687,0.0,-0.056,-0.053,-0.048
285.0,293.0,0.014,2.714,0.091,-0.867,-0.016,-0.041,-0.029,0.133,-0.025,-0.002,-0.107,-0.009,0.111,-0.687,0.001,-0.056,-0.053,-0.048
285.0,294.0,0.014,2.714,0.091,-0.867,-0.016,-0.041,-0.029,0.133,-0.025,-0.002,-0.108,-0.009,0.111,-0.687,0.001,-0.056,-0.053,-0.048
285.0,295.0,0.014,2.714,0.091,-0.867,-0.016,-0.041,-0.029,0.133,-0.025,-0.002,-0.108,-0.009,0.111,-0.687,0.001,-0.056,-0.053,-0.049
285.0,296.0,0.014,2.714,0.091,-0.867,-0.016,-0.041,-0.029,0.133,-0.025,-0.002,-0.108,-0.009,0.111,-0.687,0.002,-0.056,-0.053,-0.049
285.0,297.0,0.014,2.714,0.091,-0.867,-0.016,-0.041,-0.029,0.133,-0.025,-0.002,-0.108,-0.009,0.111,-0.688,0.002,-0.056,-0.053,-0.049
286.0,287.0,0.017,2.879,0.077,-0.721,-0.086,-0.036,-0.062,0.219,-0.036,-0.005,-0.096,-0.009,0.803,-0.855,-0.347,-0.05,-0.056,-0.048
286.0,288.0,0.017,2.879,0.077,-0.721,-0.085,-0.036,-0.062,0.219,-0.036,-0.005,-0.096,-0.009,0.803,-0.855,-0.347,-0.05,-0.056,-0.048
286.0,289.0,0.017,2.879,0.077,-0.721,-0.085,-0.037,-0.062,0.219,-0.036,-0.005,-0.096,-0.009,0.802,-0.855,-0.347,-0.05,-0.056,-0.048
286.0,290.0,0.017,2.879,0.077,-0.72,-0.085,-0.037,-0.062,0.218,-0.036,-0.006,-0.096,-0.009,0.802,-0.855,-0.346,-0.05,-0.056,-0.048
286.0,291.0,0.017,2.879,0.077,-0.72,-0.085,-0.037,-0.062,0.218,-0.036,-0.006,-0.096,-0.009,0.802,-0.856,-0.346,-0.05,-0.055,-0.049
286.0,292.0,0.017,2.879,0.077,-0.72,-0.085,-0.037,-0.062,0.218,-0.036,-0.006,-0.096,-0.009,0.802,-0.856,-0.346,-0.05,-0.055,-0.049
286.0,293.0,0.017,2.879,0.076,-0.72,-0.085,-0.037,-0.062,0.218,-0.036,-0.006,-0.096,-0.009,0.802,-0.856,-0.346,-0.05,-0.055,-0.049
286.0,294.0,0.017,2.879,0.076,-0.72,-0.085,-0.037,-0.062,0.218,-0.036,-0.006,-0.097,-0.009,0.802,-0.856,-0.345,-0.05,-0.055,-0.049
286.0,295.0,0.017,2.879,0.076,-0.72,-0.085,-0.037,-0.062,0.218,-0.036,-0.007,-0.097,-0.009,0.802,-0.856,-0.345,-0.05,-0.055,-0.049
286.0,296.0,0.017,2.879,0.076,-0.72,-0.085,-0.037,-0.062,0.218,-0.036,-0.007,-0.097,-0.009,0.801,-0.856,-0.345,-0.05,-0.055,-0.049
286.0,297.0,0.017,2.88,0.076,-0.72,-0.084,-0.037,-0.062,0.218,-0.036,-0.007,-0.097,-0.009,0.801,-0.857,-0.345,-0.05,-0.055,-0.049
286.0,298.0,0.017,2.88,0.076,-0.72,-0.084,-0.037,-0.062,0.218,-0.036,-0.007,-0.097,-0.009,0.801,-0.857,-0.345,-0.05,-0.055,-0.049
287.0,288.0,0.012,2.617,0.083,-0.958,-0.066,0.0,-0.06,0.203,-0.058,-0.004,-0.088,-0.002,0.001,-1.113,0.382,-0.054,-0.05,-0.049
287.0,289.0,0.012,2.617,0.082,-0.957,-0.066,0.0,-0.06,0.203,-0.058,-0.004,-0.088,-0.002,0.001,-1.114,0.382,-0.054,-0.05,-0.049
287.0,290.0,0.012,2.617,0.082,-0.957,-0.066,0.0,-0.06,0.203,-0.058,-0.004,-0.088,-0.002,0.001,-1.114,0.382,-0.054,-0.05,-0.049
287.0,291.0,0.012,2.617,0.082,-0.957,-0.065,0.0,-0.06,0.203,-0.058,-0.004,-0.088,-0.002,0.001,-1.114,0.382,-0.054,-0.05,-0.049
287.0,292.0,0.012,2.617,0.082,-0.957,-0.065,0.0,-0.06,0.203,-0.058,-0.005,-0.088,-0.003,0.001,-1.114,0.382,-0.054,-0.05,-0.049
287.0,293.0,0.012,2.617,0.082,-0.957,-0.065,-0.0,-0.06,0.203,-0.058,-0.005,-0.089,-0.003,0.001,-1.114,0.382,-0.054,-0.05,-0.049
287.0,294.0,0.012,2.617,0.082,-0.957,-0.065,-0.0,-0.06,0.203,-0.058,-0.005,-0.089,-0.003,0.001,-1.114,0.382,-0.054,-0.05,-0.049
287.0,295.0,0.012,2.617,0.082,-0.956,-0.065,-0.0,-0.06,0.202,-0.058,-0.005,-0.089,-0.003,0.001,-1.114,0.382,-0.054,-0.05,-0.049
287.0,296.0,0.012,2.617,0.082,-0.956,-0.065,-0.0,-0.059,0.202,-0.058,-0.005,-0.089,-0.003,0.001,-1.114,0.382,-0.054,-0.049,-0.049
287.0,297.0,0.012,2.617,0.082,-0.956,-0.065,-0.001,-0.059,0.202,-0.058,-0.005,-0.089,-0.003,0.001,-1.114,0.382,-0.054,-0.049,-0.049
287.0,298.0,0.012,2.617,0.082,-0.956,-0.065,-0.001,-0.059,0.202,-0.058,-0.005,-0.089,-0.003,0.001,-1.114,0.382,-0.055,-0.049,-0.049
287.0,299.0,0.012,2.618,0.082,-0.956,-0.065,-0.001,-0.059,0.202,-0.058,-0.005,-0.089,-0.003,0.001,-1.114,0.382,-0.055,-0.049,-0.049
288.0,289.0,0.008,3.446,0.089,-0.579,-0.132,-0.477,-0.04,0.448,-0.03,-0.003,-0.078,-0.001,0.033,-1.317,0.073,-0.048,-0.051,-0.05
288.0,290.0,0.008,3.446,0.089,-0.579,-0.132,-0.477,-0.04,0.448,-0.03,-0.003,-0.078,-0.001,0.033,-1.317,0.072,-0.048,-0.051,-0.05
288.0,291.0,0.008,3.446,0.089,-0.579,-0.132,-0.477,-0.04,0.448,-0.03,-0.003,-0.078,-0.001,0.033,-1.317,0.072,-0.048,-0.051,-0.05
288.0,292.0,0.008,3.446,0.089,-0.579,-0.132,-0.477,-0.04,0.448,-0.03,-0.003,-0.078,-0.001,0.033,-1.317,0.072,-0.048,-0.051,-0.05
288.0,293.0,0.008,3.446,0.089,-0.579,-0.132,-0.477,-0.04,0.448,-0.03,-0.003,-0.078,-0.001,0.033,-1.317,0.072,-0.048,-0.051,-0.05
288.0,294.0,0.008,3.446,0.089,-0.579,-0.132,-0.477,-0.04,0.448,-0.03,-0.003,-0.078,-0.001,0.033,-1.317,0.072,-0.048,-0.051,-0.05
288.0,295.0,0.008,3.446,0.089,-0.579,-0.132,-0.477,-0.04,0.448,-0.03,-0.003,-0.078,-0.001,0.032,-1.317,0.072,-0.048,-0.05,-0.05
288.0,296.0,0.009,3.446,0.089,-0.579,-0.132,-0.477,-0.04,0.448,-0.03,-0.003,-0.078,-0.001,0.032,-1.317,0.072,-0.049,-0.05,-0.05
288.0,297.0,0.009,3.446,0.089,-0.579,-0.132,-0.477,-0.04,0.448,-0.03,-0.003,-0.078,-0.001,0.032,-1.317,0.072,-0.049,-0.05,-0.05
288.0,298.0,0.009,3.446,0.089,-0.579,-0.132,-0.477,-0.04,0.448,-0.03,-0.003,-0.078,-0.001,0.032,-1.317,0.072,-0.049,-0.05,-0.05
288.0,299.0,0.009,3.446,0.089,-0.579,-0.132,-0.477,-0.04,0.448,-0.03,-0.003,-0.078,-0.001,0.032,-1.318,0.072,-0.049,-0.05,-0.05
288.0,300.0,0.009,3.446,0.089,-0.579,-0.132,-0.477,-0.04,0.448,-0.03,-0.003,-0.078,-0.001,0.032,-1.318,0.072,-0.049,-0.05,-0.05
289.0,290.0,0.012,2.97,0.096,-0.671,-0.094,-0.608,-0.104,0.258,-0.055,-0.002,-0.069,-0.003,0.314,-1.409,-0.036,-0.05,-0.051,-0.049
289.0,291.0,0.012,2.971,0.096,-0.671,-0.093,-0.608,-0.104,0.257,-0.055,-0.002,-0.069,-0.003,0.314,-1.409,-0.036,-0.05,-0.051,-0.049
289.0,292.0,0.012,2.971,0.096,-0.671,-0.093,-0.608,-0.104,0.257,-0.055,-0.003,-0.069,-0.003,0.314,-1.409,-0.036,-0.051,-0.051,-0.049
289.0,293.0,0.012,2.971,0.096,-0.671,-0.093,-0.608,-0.104,0.257,-0.055,-0.003,-0.069,-0.003,0.314,-1.409,-0.037,-0.051,-0.051,-0.049
289.0,294.0,0.012,2.971,0.095,-0.671,-0.093,-0.608,-0.104,0.257,-0.055,-0.003,-0.069,-0.003,0.314,-1.41,-0.037,-0.051,-0.05,-0.049
289.0,295.0,0.012,2.971,0.095,-0.671,-0.093,-0.608,-0.104,0.257,-0.055,-0.003,-0.069,-0.003,0.314,-1.41,-0.037,-0.051,-0.05,-0.05
289.0,296.0,0.012,2.971,0.095,-0.671,-0.093,-0.608,-0.104,0.257,-0.055,-0.003,-0.069,-0.003,0.314,-1.41,-0.037,-0.051,-0.05,-0.05
289.0,297.0,0.012,2.972,0.095,-0.671,-0.092,-0.608,-0.104,0.257,-0.055,-0.003,-0.069,-0.003,0.314,-1.41,-0.037,-0.051,-0.05,-0.05
289.0,298.0,0.012,2.972,0.095,-0.671,-0.092,-0.608,-0.104,0.256,-0.055,-0.003,-0.069,-0.003,0.314,-1.41,-0.037,-0.051,-0.05,-0.05
289.0,299.0,0.012,2.972,0.095,-0.671,-0.092,-0.608,-0.104,0.256,-0.055,-0.003,-0.069,-0.003,0.314,-1.41,-0.037,-0.051,-0.05,-0.05
289.0,300.0,0.012,2.972,0.095,-0.671,-0.092,-0.608,-0.104,0.256,-0.055,-0.003,-0.069,-0.003,0.314,-1.41,-0.037,-0.051,-0.05,-0.05
289.0,301.0,0.012,2.972,0.095,-0.671,-0.092,-0.608,-0.104,0.256,-0.054,-0.003,-0.069,-0.003,0.314,-1.41,-0.037,-0.051,-0.05,-0.05
290.0,291.0,0.014,2.633,0.076,-1.0,-0.076,-0.052,-0.058,0.214,-0.054,-0.001,-0.083,-0.004,0.216,-1.194,0.036,-0.058,-0.045,-0.048
290.0,292.0,0.015,2.634,0.076,-1.0,-0.076,-0.052,-0.058,0.214,-0.054,-0.001,-0.083,-0.004,0.216,-1.194,0.036,-0.058,-0.045,-0.049
290.0,293.0,0.015,2.634,0.076,-1.0,-0.076,-0.052,-0.058,0.214,-0.054,-0.002,-0.083,-0.004,0.216,-1.194,0.036,-0.059,-0.045,-0.049
290.0,294.0,0.015,2.634,0.076,-1.0,-0.076,-0.052,-0.058,0.214,-0.054,-0.002,-0.083,-0.004,0.216,-1.194,0.036,-0.059,-0.045,-0.049
290.0,295.0,0.015,2.634,0.076,-1.0,-0.075,-0.052,-0.058,0.214,-0.054,-0.002,-0.083,-0.004,0.216,-1.194,0.036,-0.059,-0.045,-0.049
290.0,296.0,0.015,2.634,0.076,-1.0,-0.075,-0.052,-0.058,0.214,-0.054,-0.002,-0.084,-0.004,0.216,-1.194,0.036,-0.059,-0.044,-0.049
290.0,297.0,0.015,2.634,0.076,-1.0,-0.075,-0.052,-0.058,0.213,-0.054,-0.002,-0.084,-0.004,0.216,-1.194,0.036,-0.059,-0.044,-0.049
290.0,298.0,0.015,2.634,0.076,-1.0,-0.075,-0.052,-0.058,0.213,-0.054,-0.002,-0.084,-0.004,0.216,-1.194,0.036,-0.059,-0.044,-0.049
290.0,299.0,0.015,2.634,0.076,-0.999,-0.075,-0.052,-0.058,0.213,-0.054,-0.002,-0.084,-0.004,0.216,-1.194,0.036,-0.059,-0.044,-0.049
290.0,300.0,0.015,2.635,0.076,-0.999,-0.075,-0.052,-0.058,0.213,-0.054,-0.002,-0.084,-0.004,0.216,-1.194,0.036,-0.059,-0.044,-0.049
290.0,301.0,0.015,2.635,0.075,-0.999,-0.075,-0.052,-0.058,0.213,-0.054,-0.002,-0.084,-0.004,0.216,-1.194,0.036,-0.059,-0.044,-0.049
290.0,302.0,0.015,2.635,0.075,-0.999,-0.075,-0.052,-0.058,0.213,-0.054,-0.002,-0.084,-0.004,0.216,-1.195,0.036,-0.059,-0.044,-0.049
291.0,292.0,0.009,3.186,0.092,-0.665,-0.13,-0.564,-0.043,0.245,-0.029,-0.004,-0.076,-0.001,0.132,-1.066,0.156,-0.051,-0.052,-0.049
291.0,293.0,0.009,3.186,0.092,-0.665,-0.13,-0.564,-0.043,0.245,-0.029,-0.004,-0.076,-0.001,0.131,-1.066,0.156,-0.051,-0.051,-0.049
291.0,294.0,0.009,3.186,0.092,-0.665,-0.13,-0.564,-0.043,0.245,-0.029,-0.004,-0.076,-0.002,0.131,-1.066,0.156,-0.051,-0.051,-0.049
291.0,295.0,0.009,3.186,0.092,-0.665,-0.13,-0.564,-0.043,0.245,-0.029,-0.004,-0.076,-0.002,0.131,-1.066,0.156,-0.051,-0.051,-0.049
291.0,296.0,0.009,3.186,0.092,-0.665,-0.13,-0.564,-0.043,0.245,-0.029,-0.004,-0.076,-0.002,0.131,-1.066,0.156,-0.051,-0.051,-0.049
291.0,297.0,0.009,3.186,0.092,-0.665,-0.13,-0.564,-0.043,0.245,-0.029,-0.004,-0.076,-0.002,0.131,-1.066,0.155,-0.051,-0.051,-0.049
291.0,298.0,0.009,3.186,0.092,-0.665,-0.13,-0.564,-0.043,0.245,-0.029,-0.004,-0.076,-0.002,0.131,-1.066,0.155,-0.051,-0.051,-0.049
291.0,299.0,0.009,3.186,0.092,-0.665,-0.13,-0.564,-0.043,0.245,-0.029,-0.005,-0.076,-0.002,0.131,-1.066,0.155,-0.051,-0.051,-0.049
291.0,300.0,0.009,3.186,0.092,-0.665,-0.13,-0.564,-0.043,0.245,-0.029,-0.005,-0.076,-0.002,0.131,-1.067,0.155,-0.051,-0.051,-0.049
291.0,301.0,0.009,3.186,0.092,-0.665,-0.13,-0.564,-0.043,0.245,-0.029,-0.005,-0.076,-0.002,0.131,-1.067,0.155,-0.051,-0.051,-0.049
291.0,302.0,0.009,3.186,0.092,-0.665,-0.13,-0.564,-0.043,0.245,-0.029,-0.005,-0.076,-0.002,0.131,-1.067,0.155,-0.051,-0.051,-0.049
291.0,303.0,0.009,3.186,0.092,-0.665,-0.13,-0.564,-0.043,0.245,-0.029,-0.005,-0.076,-0.002,0.131,-1.067,0.155,-0.051,-0.051,-0.049
292.0,293.0,0.017,2.771,0.079,-0.996,0.016,-0.312,-0.057,0.26,-0.045,-0.0,-0.078,-0.003,-0.056,-1.308,0.048,-0.049,-0.054,-0.049
292.0,294.0,0.017,2.772,0.079,-0.996,0.016,-0.312,-0.057,0.26,-0.045,-0.0,-0.078,-0.003,-0.056,-1.308,0.048,-0.049,-0.054,-0.049
292.0,295.0,0.017,2.772,0.079,-0.996,0.016,-0.313,-0.057,0.259,-0.045,-0.0,-0.078,-0.004,-0.056,-1.308,0.048,-0.049,-0.054,-0.049
292.0,296.0,0.017,2.772,0.079,-0.996,0.016,-0.313,-0.057,0.259,-0.045,-0.0,-0.078,-0.004,-0.056,-1.308,0.048,-0.049,-0.054,-0.049
292.0,297.0,0.017,2.772,0.079,-0.996,0.016,-0.313,-0.057,0.259,-0.045,-0.0,-0.078,-0.004,-0.056,-1.309,0.048,-0.049,-0.053,-0.049
292.0,298.0,0.017,2.772,0.079,-0.996,0.017,-0.313,-0.057,0.259,-0.045,-0.0,-0.078,-0.004,-0.056,-1.309,0.048,-0.049,-0.053,-0.049
292.0,299.0,0.017,2.772,0.078,-0.996,0.017,-0.313,-0.057,0.259,-0.046,-0.001,-0.078,-0.004,-0.056,-1.309,0.048,-0.049,-0.053,-0.049
292.0,300.0,0.017,2.772,0.078,-0.996,0.017,-0.313,-0.057,0.259,-0.046,-0.001,-0.078,-0.004,-0.056,-1.309,0.047,-0.049,-0.053,-0.049
292.0,301.0,0.017,2.773,0.078,-0.996,0.017,-0.313,-0.057,0.259,-0.046,-0.001,-0.078,-0.004,-0.056,-1.309,0.047,-0.049,-0.053,-0.05
292.0,302.0,0.017,2.773,0.078,-0.996,0.017,-0.313,-0.057,0.258,-0.046,-0.001,-0.078,-0.004,-0.056,-1.309,0.047,-0.049,-0.053,-0.05
292.0,303.0,0.017,2.773,0.078,-0.995,0.017,-0.313,-0.057,0.258,-0.046,-0.001,-0.078,-0.004,-0.056,-1.309,0.047,-0.049,-0.053,-0.05
292.0,304.0,0.017,2.773,0.078,-0.995,0.017,-0.313,-0.057,0.258,-0.046,-0.001,-0.078,-0.004,-0.056,-1.309,0.047,-0.049,-0.053,-0.05
293.0,294.0,0.016,2.727,0.072,-0.933,-0.077,-0.054,-0.056,0.226,-0.041,-0.005,-0.084,-0.001,0.073,-1.099,0.09,-0.039,-0.051,-0.049
293.0,295.0,0.016,2.727,0.072,-0.933,-0.077,-0.054,-0.056,0.226,-0.041,-0.005,-0.084,-0.001,0.073,-1.099,0.09,-0.039,-0.051,-0.049
293.0,296.0,0.016,2.727,0.072,-0.933,-0.077,-0.054,-0.056,0.226,-0.041,-0.005,-0.084,-0.001,0.073,-1.099,0.089,-0.039,-0.05,-0.049
293.0,297.0,0.016,2.727,0.072,-0.933,-0.077,-0.054,-0.056,0.226,-0.041,-0.005,-0.084,-0.001,0.073,-1.099,0.089,-0.039,-0.05,-0.049
293.0,298.0,0.016,2.727,0.072,-0.933,-0.077,-0.054,-0.056,0.226,-0.041,-0.005,-0.084,-0.001,0.073,-1.099,0.089,-0.039,-0.05,-0.049
293.0,299.0,0.016,2.727,0.072,-0.933,-0.077,-0.054,-0.056,0.226,-0.041,-0.005,-0.084,-0.001,0.073,-1.099,0.089,-0.039,-0.05,-0.049
293.0,300.0,0.016,2.727,0.072,-0.933,-0.077,-0.054,-0.056,0.226,-0.041,-0.005,-0.084,-0.001,0.073,-1.099,0.089,-0.039,-0.05,-0.049
293.0,301.0,0.016,2.727,0.072,-0.933,-0.077,-0.054,-0.056,0.226,-0.041,-0.005,-0.085,-0.001,0.073,-1.1,0.089,-0.039,-0.05,-0.049
293.0,302.0,0.016,2.727,0.072,-0.933,-0.076,-0.054,-0.056,0.226,-0.041,-0.005,-0.085,-0.001,0.073,-1.1,0.089,-0.039,-0.05,-0.049
293.0,303.0,0.016,2.728,0.072,-0.932,-0.076,-0.054,-0.056,0.226,-0.041,-0.005,-0.085,-0.001,0.073,-1.1,0.089,-0.04,-0.05,-0.049
293.0,304.0,0.017,2.728,0.072,-0.932,-0.076,-0.054,-0.056,0.225,-0.041,-0.005,-0.085,-0.001,0.073,-1.1,0.089,-0.04,-0.05,-0.049
293.0,305.0,0.017,2.728,0.072,-0.932,-0.076,-0.054,-0.056,0.225,-0.041,-0.005,-0.085,-0.001,0.073,-1.1,0.089,-0.04,-0.05,-0.049
294.0,295.0,0.022,2.623,0.058,-0.945,-0.053,-0.023,-0.067,0.179,-0.034,-0.007,-0.098,-0.017,0.931,-0.429,-0.069,-0.05,-0.056,-0.045
294.0,296.0,0.022,2.623,0.058,-0.945,-0.052,-0.023,-0.067,0.179,-0.035,-0.008,-0.098,-0.017,0.931,-0.43,-0.068,-0.05,-0.055,-0.046
294.0,297.0,0.023,2.623,0.058,-0.945,-0.052,-0.023,-0.067,0.179,-0.035,-0.008,-0.098,-0.016,0.931,-0.43,-0.068,-0.05,-0.055,-0.046
294.0,298.0,0.023,2.623,0.058,-0.945,-0.052,-0.023,-0.067,0.179,-0.035,-0.008,-0.098,-0.016,0.93,-0.43,-0.068,-0.05,-0.055,-0.046
294.0,299.0,0.023,2.623,0.058,-0.945,-0.052,-0.024,-0.067,0.179,-0.035,-0.008,-0.098,-0.016,0.93,-0.43,-0.068,-0.05,-0.055,-0.046
294.0,300.0,0.023,2.623,0.058,-0.945,-0.052,-0.024,-0.067,0.179,-0.035,-0.008,-0.098,-0.016,0.93,-0.43,-0.067,-0.05,-0.055,-0.046
294.0,301.0,0.023,2.624,0.058,-0.945,-0.052,-0.024,-0.067,0.179,-0.035,-0.009,-0.098,-0.016,0.93,-0.431,-0.067,-0.05,-0.054,-0.046
294.0,302.0,0.023,2.624,0.058,-0.945,-0.052,-0.024,-0.067,0.178,-0.035,-0.009,-0.098,-0.016,0.93,-0.431,-0.067,-0.05,-0.054,-0.047
294.0,303.0,0.023,2.624,0.058,-0.945,-0.052,-0.025,-0.067,0.178,-0.035,-0.009,-0.098,-0.016,0.93,-0.431,-0.067,-0.05,-0.054,-0.047
294.0,304.0,0.023,2.624,0.058,-0.944,-0.051,-0.025,-0.067,0.178,-0.035,-0.009,-0.098,-0.016,0.929,-0.431,-0.066,-0.05,-0.054,-0.047
294.0,305.0,0.023,2.624,0.058,-0.944,-0.051,-0.025,-0.066,0.178,-0.035,-0.009,-0.098,-0.016,0.929,-0.431,-0.066,-0.05,-0.054,-0.047
294.0,306.0,0.023,2.624,0.058,-0.944,-0.051,-0.025,-0.066,0.178,-0.035,-0.009,-0.098,-0.016,0.929,-0.431,-0.066,-0.05,-0.054,-0.047
295.0,296.0,0.023,2.959,0.058,-1.047,-0.073,-0.01,-0.057,0.279,-0.032,-0.008,-0.101,-0.016,0.946,-0.425,-0.054,-0.05,-0.055,-0.046
295.0,297.0,0.023,2.959,0.058,-1.047,-0.073,-0.01,-0.057,0.279,-0.032,-0.008,-0.101,-0.016,0.946,-0.425,-0.054,-0.05,-0.055,-0.046
295.0,298.0,0.023,2.96,0.058,-1.047,-0.073,-0.011,-0.057,0.279,-0.032,-0.008,-0.101,-0.016,0.945,-0.425,-0.054,-0.05,-0.055,-0.046
295.0,299.0,0.023,2.96,0.058,-1.047,-0.072,-0.011,-0.057,0.279,-0.032,-0.008,-0.101,-0.016,0.945,-0.425,-0.053,-0.05,-0.054,-0.046
295.0,300.0,0.023,2.96,0.058,-1.047,-0.072,-0.011,-0.056,0.279,-0.032,-0.008,-0.101,-0.016,0.945,-0.426,-0.053,-0.05,-0.054,-0.046
295.0,301.0,0.023,2.96,0.058,-1.047,-0.072,-0.011,-0.056,0.279,-0.032,-0.009,-0.101,-0.016,0.945,-0.426,-0.053,-0.05,-0.054,-0.047
295.0,302.0,0.023,2.96,0.058,-1.047,-0.072,-0.011,-0.056,0.279,-0.032,-0.009,-0.101,-0.016,0.945,-0.426,-0.053,-0.05,-0.054,-0.047
295.0,303.0,0.023,2.96,0.058,-1.047,-0.072,-0.011,-0.056,0.278,-0.032,-0.009,-0.101,-0.015,0.945,-0.426,-0.053,-0.05,-0.054,-0.047
295.0,304.0,0.023,2.96,0.058,-1.047,-0.072,-0.012,-0.056,0.278,-0.032,-0.009,-0.101,-0.015,0.945,-0.426,-0.052,-0.05,-0.054,-0.047
295.0,305.0,0.023,2.961,0.058,-1.046,-0.071,-0.012,-0.056,0.278,-0.032,-0.009,-0.101,-0.015,0.944,-0.426,-0.052,-0.05,-0.053,-0.047
295.0,306.0,0.023,2.961,0.058,-1.046,-0.071,-0.012,-0.056,0.278,-0.033,-0.009,-0.101,-0.015,0.944,-0.427,-0.052,-0.05,-0.053,-0.047
295.0,307.0,0.023,2.961,0.058,-1.046,-0.071,-0.012,-0.056,0.278,-0.033,-0.009,-0.101,-0.015,0.944,-0.427,-0.052,-0.05,-0.053,-0.047
296.0,297.0,0.017,2.772,0.069,-0.899,-0.097,-0.045,-0.061,0.248,-0.038,-0.005,-0.087,-0.002,0.002,-0.929,0.265,-0.048,-0.052,-0.05
296.0,298.0,0.017,2.772,0.069,-0.899,-0.097,-0.045,-0.061,0.248,-0.038,-0.005,-0.087,-0.002,0.002,-0.929,0.265,-0.048,-0.052,-0.05
296.0,299.0,0.017,2.772,0.069,-0.899,-0.097,-0.045,-0.061,0.248,-0.038,-0.005,-0.087,-0.003,0.002,-0.929,0.265,-0.048,-0.052,-0.05
296.0,300.0,0.017,2.772,0.069,-0.899,-0.097,-0.045,-0.061,0.248,-0.038,-0.005,-0.087,-0.003,0.002,-0.929,0.265,-0.049,-0.052,-0.05
296.0,301.0,0.017,2.772,0.069,-0.899,-0.097,-0.045,-0.061,0.248,-0.038,-0.005,-0.087,-0.003,0.002,-0.93,0.265,-0.049,-0.052,-0.05
296.0,302.0,0.018,2.773,0.069,-0.899,-0.097,-0.045,-0.061,0.248,-0.038,-0.005,-0.087,-0.003,0.001,-0.93,0.265,-0.049,-0.052,-0.05
296.0,303.0,0.018,2.773,0.069,-0.899,-0.097,-0.045,-0.061,0.248,-0.038,-0.005,-0.087,-0.003,0.001,-0.93,0.265,-0.049,-0.052,-0.05
296.0,304.0,0.018,2.773,0.069,-0.899,-0.097,-0.045,-0.061,0.247,-0.038,-0.006,-0.087,-0.003,0.001,-0.93,0.265,-0.049,-0.052,-0.05
296.0,305.0,0.018,2.773,0.069,-0.899,-0.097,-0.045,-0.061,0.247,-0.038,-0.006,-0.087,-0.003,0.001,-0.93,0.265,-0.049,-0.052,-0.05
296.0,306.0,0.018,2.773,0.069,-0.899,-0.096,-0.045,-0.061,0.247,-0.038,-0.006,-0.087,-0.003,0.001,-0.93,0.265,-0.049,-0.052,-0.05
296.0,307.0,0.018,2.773,0.069,-0.899,-0.096,-0.045,-0.061,0.247,-0.038,-0.006,-0.087,-0.003,0.001,-0.93,0.265,-0.049,-0.052,-0.05
296.0,308.0,0.018,2.773,0.069,-0.898,-0.096,-0.045,-0.061,0.247,-0.038,-0.006,-0.087,-0.003,0.001,-0.93,0.265,-0.049,-0.052,-0.05
297.0,298.0,0.018,2.698,0.072,-0.908,-0.041,-0.199,-0.057,0.209,-0.035,-0.0,-0.081,-0.003,-0.044,-1.484,-0.048,-0.046,-0.054,-0.049
297.0,299.0,0.018,2.698,0.072,-0.908,-0.041,-0.199,-0.057,0.209,-0.035,-0.0,-0.081,-0.003,-0.044,-1.484,-0.048,-0.046,-0.054,-0.049
297.0,300.0,0.018,2.698,0.072,-0.908,-0.041,-0.2,-0.057,0.208,-0.035,-0.0,-0.081,-0.003,-0.044,-1.484,-0.048,-0.046,-0.054,-0.049
297.0,301.0,0.018,2.698,0.072,-0.908,-0.041,-0.2,-0.057,0.208,-0.035,-0.0,-0.081,-0.003,-0.044,-1.484,-0.048,-0.046,-0.054,-0.049
297.0,302.0,0.018,2.698,0.072,-0.908,-0.041,-0.2,-0.057,0.208,-0.035,-0.001,-0.081,-0.003,-0.044,-1.484,-0.048,-0.046,-0.054,-0.049
297.0,303.0,0.018,2.698,0.072,-0.908,-0.041,-0.2,-0.057,0.208,-0.035,-0.001,-0.081,-0.003,-0.044,-1.484,-0.048,-0.046,-0.054,-0.049
297.0,304.0,0.018,2.699,0.072,-0.908,-0.04,-0.2,-0.057,0.208,-0.035,-0.001,-0.081,-0.003,-0.044,-1.485,-0.048,-0.046,-0.054,-0.05
297.0,305.0,0.018,2.699,0.072,-0.908,-0.04,-0.2,-0.057,0.208,-0.035,-0.001,-0.081,-0.003,-0.044,-1.485,-0.048,-0.046,-0.054,-0.05
297.0,306.0,0.018,2.699,0.072,-0.908,-0.04,-0.2,-0.057,0.208,-0.035,-0.001,-0.081,-0.003,-0.045,-1.485,-0.048,-0.046,-0.054,-0.05
297.0,307.0,0.018,2.699,0.072,-0.908,-0.04,-0.2,-0.057,0.208,-0.035,-0.001,-0.081,-0.003,-0.045,-1.485,-0.048,-0.046,-0.054,-0.05
297.0,308.0,0.018,2.699,0.072,-0.908,-0.04,-0.2,-0.057,0.208,-0.035,-0.001,-0.081,-0.004,-0.045,-1.485,-0.048,-0.046,-0.054,-0.05
297.0,309.0,0.019,2.699,0.072,-0.907,-0.04,-0.2,-0.057,0.208,-0.035,-0.001,-0.081,-0.004,-0.045,-1.485,-0.048,-0.047,-0.054,-0.05
298.0,299.0,0.019,2.617,0.066,-1.002,-0.039,-0.038,-0.066,0.239,-0.049,-0.003,-0.083,-0.0,-0.057,-1.49,-0.054,-0.052,-0.05,-0.05
298.0,300.0,0.019,2.617,0.066,-1.002,-0.039,-0.038,-0.066,0.238,-0.049,-0.003,-0.083,-0.0,-0.057,-1.49,-0.054,-0.052,-0.05,-0.05
298.0,301.0,0.019,2.617,0.066,-1.002,-0.039,-0.038,-0.066,0.238,-0.049,-0.003,-0.083,-0.0,-0.057,-1.49,-0.054,-0.052,-0.05,-0.05
298.0,302.0,0.019,2.617,0.066,-1.002,-0.039,-0.038,-0.066,0.238,-0.049,-0.003,-0.083,-0.0,-0.057,-1.49,-0.054,-0.052,-0.05,-0.05
298.0,303.0,0.019,2.617,0.066,-1.002,-0.039,-0.038,-0.066,0.238,-0.049,-0.003,-0.083,-0.0,-0.057,-1.49,-0.054,-0.053,-0.05,-0.05
298.0,304.0,0.019,2.617,0.066,-1.002,-0.039,-0.038,-0.066,0.238,-0.049,-0.003,-0.083,-0.0,-0.057,-1.49,-0.054,-0.053,-0.05,-0.05
298.0,305.0,0.019,2.617,0.066,-1.001,-0.039,-0.038,-0.066,0.238,-0.049,-0.003,-0.083,-0.001,-0.057,-1.49,-0.054,-0.053,-0.05,-0.05
298.0,306.0,0.019,2.617,0.066,-1.001,-0.039,-0.038,-0.066,0.238,-0.049,-0.003,-0.083,-0.001,-0.057,-1.49,-0.054,-0.053,-0.05,-0.05
298.0,307.0,0.019,2.618,0.066,-1.001,-0.038,-0.038,-0.066,0.238,-0.049,-0.003,-0.083,-0.001,-0.057,-1.49,-0.054,-0.053,-0.05,-0.05
298.0,308.0,0.019,2.618,0.066,-1.001,-0.038,-0.038,-0.066,0.238,-0.049,-0.003,-0.083,-0.001,-0.057,-1.49,-0.054,-0.053,-0.05,-0.05
298.0,309.0,0.02,2.618,0.066,-1.001,-0.038,-0.038,-0.066,0.238,-0.049,-0.003,-0.083,-0.001,-0.057,-1.49,-0.054,-0.053,-0.05,-0.05
298.0,310.0,0.02,2.618,0.066,-1.001,-0.038,-0.039,-0.066,0.238,-0.049,-0.003,-0.083,-0.001,-0.057,-1.491,-0.054,-0.053,-0.05,-0.05
299.0,300.0,0.017,2.688,0.068,-0.979,-0.079,-0.085,-0.063,0.232,-0.044,-0.002,-0.082,-0.003,0.163,-1.412,-0.053,-0.049,-0.051,-0.049
299.0,301.0,0.017,2.688,0.068,-0.979,-0.078,-0.086,-0.063,0.232,-0.044,-0.002,-0.082,-0.003,0.163,-1.412,-0.053,-0.049,-0.051,-0.049
299.0,302.0,0.018,2.688,0.068,-0.979,-0.078,-0.086,-0.063,0.231,-0.044,-0.002,-0.082,-0.003,0.163,-1.413,-0.053,-0.049,-0.051,-0.049
299.0,303.0,0.018,2.689,0.068,-0.979,-0.078,-0.086,-0.063,0.231,-0.044,-0.002,-0.082,-0.004,0.163,-1.413,-0.053,-0.049,-0.051,-0.049
299.0,304.0,0.018,2.689,0.068,-0.979,-0.078,-0.086,-0.063,0.231,-0.044,-0.002,-0.082,-0.004,0.163,-1.413,-0.053,-0.049,-0.051,-0.049
299.0,305.0,0.018,2.689,0.068,-0.979,-0.078,-0.086,-0.062,0.231,-0.044,-0.002,-0.082,-0.004,0.163,-1.413,-0.053,-0.049,-0.051,-0.049
299.0,306.0,0.018,2.689,0.068,-0.979,-0.078,-0.086,-0.062,0.231,-0.044,-0.002,-0.082,-0.004,0.163,-1.413,-0.053,-0.049,-0.051,-0.049
299.0,307.0,0.018,2.689,0.068,-0.979,-0.078,-0.086,-0.062,0.231,-0.044,-0.002,-0.082,-0.004,0.163,-1.413,-0.053,-0.049,-0.051,-0.049
299.0,308.0,0.018,2.689,0.068,-0.979,-0.078,-0.086,-0.062,0.231,-0.044,-0.002,-0.082,-0.004,0.163,-1.413,-0.053,-0.049,-0.05,-0.049
299.0,309.0,0.018,2.689,0.068,-0.979,-0.078,-0.086,-0.062,0.231,-0.044,-0.002,-0.082,-0.004,0.163,-1.413,-0.053,-0.049,-0.05,-0.049
299.0,310.0,0.018,2.689,0.068,-0.978,-0.077,-0.086,-0.062,0.231,-0.044,-0.002,-0.082,-0.004,0.163,-1.413,-0.053,-0.049,-0.05,-0.049
299.0,311.0,0.018,2.689,0.068,-0.978,-0.077,-0.086,-0.062,0.231,-0.044,-0.002,-0.082,-0.004,0.162,-1.413,-0.053,-0.049,-0.05,-0.049
300.0,301.0,0.018,2.541,0.067,-0.974,-0.027,-0.041,-0.049,0.175,-0.036,-0.001,-0.083,-0.003,0.014,-1.601,-0.028,-0.051,-0.051,-0.049
300.0,302.0,0.018,2.541,0.067,-0.974,-0.027,-0.041,-0.049,0.175,-0.036,-0.001,-0.083,-0.003,0.014,-1.601,-0.028,-0.051,-0.051,-0.049
300.0,303.0,0.018,2.541,0.067,-0.974,-0.026,-0.041,-0.049,0.175,-0.036,-0.001,-0.083,-0.003,0.014,-1.601,-0.028,-0.051,-0.051,-0.049
300.0,304.0,0.018,2.541,0.067,-0.974,-0.026,-0.041,-0.049,0.174,-0.036,-0.001,-0.083,-0.003,0.014,-1.601,-0.028,-0.051,-0.051,-0.049
300.0,305.0,0.018,2.541,0.067,-0.974,-0.026,-0.041,-0.049,0.174,-0.036,-0.001,-0.083,-0.003,0.014,-1.601,-0.028,-0.051,-0.051,-0.049
300.0,306.0,0.018,2.541,0.067,-0.974,-0.026,-0.041,-0.049,0.174,-0.036,-0.001,-0.083,-0.003,0.014,-1.601,-0.028,-0.051,-0.051,-0.049
300.0,307.0,0.018,2.542,0.067,-0.974,-0.026,-0.041,-0.049,0.174,-0.036,-0.001,-0.083,-0.003,0.014,-1.601,-0.028,-0.051,-0.051,-0.049
300.0,308.0,0.018,2.542,0.067,-0.974,-0.026,-0.041,-0.049,0.174,-0.036,-0.001,-0.083,-0.003,0.014,-1.602,-0.028,-0.051,-0.051,-0.05
300.0,309.0,0.018,2.542,0.067,-0.974,-0.026,-0.041,-0.049,0.174,-0.036,-0.001,-0.083,-0.003,0.014,-1.602,-0.028,-0.051,-0.051,-0.05
300.0,310.0,0.018,2.542,0.066,-0.974,-0.026,-0.041,-0.049,0.174,-0.036,-0.001,-0.083,-0.003,0.014,-1.602,-0.028,-0.051,-0.051,-0.05
300.0,311.0,0.019,2.542,0.066,-0.974,-0.026,-0.041,-0.049,0.174,-0.036,-0.001,-0.083,-0.003,0.014,-1.602,-0.028,-0.051,-0.051,-0.05
300.0,312.0,0.019,2.542,0.066,-0.974,-0.025,-0.041,-0.049,0.174,-0.037,-0.001,-0.083,-0.003,0.014,-1.602,-0.028,-0.051,-0.051,-0.05
301.0,302.0,0.019,2.736,0.073,-1.028,-0.093,-0.295,-0.065,0.232,-0.039,-0.002,-0.078,-0.003,0.217,-1.506,-0.024,-0.04,-0.051,-0.05
301.0,303.0,0.019,2.736,0.073,-1.027,-0.093,-0.295,-0.065,0.232,-0.039,-0.002,-0.078,-0.003,0.216,-1.506,-0.024,-0.04,-0.051,-0.05
301.0,304.0,0.019,2.736,0.073,-1.027,-0.093,-0.295,-0.065,0.232,-0.039,-0.002,-0.078,-0.003,0.216,-1.506,-0.024,-0.04,-0.051,-0.05
301.0,305.0,0.019,2.736,0.073,-1.027,-0.092,-0.295,-0.065,0.232,-0.039,-0.002,-0.078,-0.003,0.216,-1.506,-0.024,-0.04,-0.051,-0.05
301.0,306.0,0.019,2.736,0.073,-1.027,-0.092,-0.295,-0.065,0.232,-0.039,-0.002,-0.078,-0.003,0.216,-1.506,-0.024,-0.04,-0.05,-0.05
301.0,307.0,0.019,2.736,0.073,-1.027,-0.092,-0.295,-0.065,0.232,-0.039,-0.002,-0.078,-0.003,0.216,-1.506,-0.024,-0.04,-0.05,-0.05
301.0,308.0,0.019,2.736,0.073,-1.027,-0.092,-0.295,-0.065,0.232,-0.039,-0.002,-0.078,-0.003,0.216,-1.506,-0.024,-0.04,-0.05,-0.05
301.0,309.0,0.019,2.736,0.073,-1.027,-0.092,-0.295,-0.065,0.232,-0.04,-0.002,-0.077,-0.003,0.216,-1.506,-0.024,-0.04,-0.05,-0.05
301.0,310.0,0.019,2.736,0.073,-1.027,-0.092,-0.295,-0.065,0.232,-0.04,-0.002,-0.077,-0.003,0.216,-1.507,-0.025,-0.04,-0.05,-0.05
301.0,311.0,0.019,2.736,0.072,-1.027,-0.092,-0.295,-0.065,0.232,-0.04,-0.002,-0.077,-0.003,0.216,-1.507,-0.025,-0.04,-0.05,-0.05
301.0,312.0,0.019,2.737,0.072,-1.027,-0.092,-0.295,-0.065,0.231,-0.04,-0.002,-0.077,-0.003,0.216,-1.507,-0.025,-0.04,-0.05,-0.05
301.0,313.0,0.019,2.737,0.072,-1.027,-0.092,-0.295,-0.065,0.231,-0.04,-0.002,-0.077,-0.003,0.216,-1.507,-0.025,-0.04,-0.05,-0.05
302.0,303.0,0.018,2.461,0.063,-1.052,-0.077,-0.043,-0.058,0.16,-0.044,-0.001,-0.081,-0.003,0.019,-1.488,-0.043,-0.047,-0.053,-0.049
302.0,304.0,0.018,2.461,0.063,-1.052,-0.077,-0.043,-0.058,0.16,-0.044,-0.001,-0.081,-0.003,0.019,-1.488,-0.043,-0.047,-0.053,-0.049
302.0,305.0,0.018,2.461,0.063,-1.052,-0.077,-0.043,-0.058,0.16,-0.044,-0.001,-0.081,-0.003,0.019,-1.488,-0.043,-0.047,-0.053,-0.05
302.0,306.0,0.019,2.461,0.063,-1.052,-0.077,-0.044,-0.058,0.16,-0.044,-0.001,-0.081,-0.003,0.019,-1.488,-0.043,-0.047,-0.052,-0.05
302.0,307.0,0.019,2.461,0.063,-1.052,-0.077,-0.044,-0.058,0.16,-0.044,-0.001,-0.081,-0.003,0.019,-1.488,-0.043,-0.047,-0.052,-0.05
302.0,308.0,0.019,2.461,0.063,-1.052,-0.077,-0.044,-0.058,0.16,-0.044,-0.001,-0.081,-0.003,0.019,-1.488,-0.043,-0.047,-0.052,-0.05
302.0,309.0,0.019,2.461,0.063,-1.051,-0.076,-0.044,-0.058,0.159,-0.044,-0.001,-0.081,-0.003,0.019,-1.488,-0.043,-0.047,-0.052,-0.05
302.0,310.0,0.019,2.461,0.063,-1.051,-0.076,-0.044,-0.057,0.159,-0.044,-0.001,-0.081,-0.003,0.018,-1.488,-0.043,-0.047,-0.052,-0.05
302.0,311.0,0.019,2.462,0.063,-1.051,-0.076,-0.044,-0.057,0.159,-0.044,-0.001,-0.081,-0.004,0.018,-1.488,-0.043,-0.047,-0.052,-0.05
302.0,312.0,0.019,2.462,0.063,-1.051,-0.076,-0.044,-0.057,0.159,-0.044,-0.001,-0.081,-0.004,0.018,-1.488,-0.043,-0.047,-0.052,-0.05
302.0,313.0,0.019,2.462,0.063,-1.051,-0.076,-0.044,-0.057,0.159,-0.044,-0.001,-0.081,-0.004,0.018,-1.488,-0.043,-0.047,-0.052,-0.05
302.0,314.0,0.019,2.462,0.063,-1.051,-0.076,-0.044,-0.057,0.159,-0.044,-0.001,-0.081,-0.004,0.018,-1.488,-0.043,-0.047,-0.052,-0.05
303.0,304.0,0.017,2.51,0.066,-0.94,-0.11,-0.064,-0.058,0.16,-0.035,-0.002,-0.081,-0.003,0.194,-1.546,-0.004,-0.05,-0.05,-0.049
303.0,305.0,0.017,2.511,0.066,-0.94,-0.11,-0.064,-0.058,0.16,-0.035,-0.002,-0.081,-0.003,0.194,-1.546,-0.004,-0.05,-0.049,-0.049
303.0,306.0,0.017,2.511,0.066,-0.94,-0.11,-0.064,-0.058,0.159,-0.035,-0.002,-0.081,-0.003,0.193,-1.546,-0.004,-0.05,-0.049,-0.049
303.0,307.0,0.017,2.511,0.066,-0.94,-0.11,-0.064,-0.058,0.159,-0.035,-0.002,-0.081,-0.003,0.193,-1.546,-0.004,-0.05,-0.049,-0.049
303.0,308.0,0.017,2.511,0.066,-0.94,-0.11,-0.064,-0.058,0.159,-0.035,-0.002,-0.081,-0.003,0.193,-1.546,-0.004,-0.05,-0.049,-0.049
303.0,309.0,0.017,2.511,0.066,-0.94,-0.109,-0.064,-0.058,0.159,-0.035,-0.002,-0.081,-0.003,0.193,-1.546,-0.004,-0.05,-0.049,-0.049
303.0,310.0,0.018,2.511,0.066,-0.94,-0.109,-0.064,-0.058,0.159,-0.036,-0.002,-0.081,-0.003,0.193,-1.546,-0.005,-0.05,-0.049,-0.049
303.0,311.0,0.018,2.511,0.066,-0.939,-0.109,-0.064,-0.058,0.159,-0.036,-0.002,-0.081,-0.003,0.193,-1.546,-0.005,-0.05,-0.049,-0.049
303.0,312.0,0.018,2.511,0.066,-0.939,-0.109,-0.064,-0.058,0.159,-0.036,-0.002,-0.081,-0.003,0.193,-1.546,-0.005,-0.05,-0.049,-0.05
303.0,313.0,0.018,2.511,0.066,-0.939,-0.109,-0.064,-0.058,0.159,-0.036,-0.002,-0.081,-0.003,0.193,-1.546,-0.005,-0.05,-0.049,-0.05
303.0,314.0,0.018,2.512,0.066,-0.939,-0.109,-0.064,-0.058,0.159,-0.036,-0.002,-0.081,-0.003,0.193,-1.546,-0.005,-0.05,-0.049,-0.05
303.0,315.0,0.018,2.512,0.066,-0.939,-0.109,-0.064,-0.058,0.158,-0.036,-0.002,-0.081,-0.003,0.193,-1.546,-0.005,-0.05,-0.049,-0.05
304.0,305.0,0.018,3.064,0.083,-0.748,-0.078,-0.037,-0.038,0.238,-0.011,-0.018,-0.141,-0.008,-0.052,-0.047,0.849,-0.048,-0.038,-0.049
304.0,306.0,0.018,3.064,0.083,-0.748,-0.078,-0.037,-0.038,0.238,-0.011,-0.018,-0.141,-0.008,-0.052,-0.047,0.849,-0.048,-0.038,-0.049
304.0,307.0,0.018,3.064,0.083,-0.748,-0.078,-0.037,-0.038,0.238,-0.011,-0.018,-0.141,-0.008,-0.052,-0.047,0.849,-0.048,-0.038,-0.049
304.0,308.0,0.018,3.064,0.083,-0.748,-0.078,-0.037,-0.038,0.238,-0.011,-0.018,-0.141,-0.008,-0.052,-0.047,0.849,-0.048,-0.038,-0.049
304.0,309.0,0.018,3.064,0.083,-0.747,-0.077,-0.037,-0.038,0.238,-0.011,-0.018,-0.141,-0.008,-0.052,-0.047,0.849,-0.049,-0.038,-0.049
304.0,310.0,0.018,3.064,0.083,-0.747,-0.077,-0.038,-0.038,0.238,-0.011,-0.018,-0.141,-0.008,-0.052,-0.047,0.849,-0.049,-0.038,-0.049
304.0,311.0,0.018,3.064,0.083,-0.747,-0.077,-0.038,-0.038,0.238,-0.011,-0.018,-0.141,-0.009,-0.051,-0.047,0.849,-0.049,-0.037,-0.049
304.0,312.0,0.018,3.065,0.083,-0.747,-0.077,-0.038,-0.038,0.237,-0.011,-0.018,-0.141,-0.009,-0.051,-0.047,0.848,-0.049,-0.037,-0.049
304.0,313.0,0.018,3.065,0.083,-0.747,-0.077,-0.038,-0.038,0.237,-0.011,-0.017,-0.141,-0.009,-0.051,-0.048,0.848,-0.049,-0.037,-0.049
304.0,314.0,0.018,3.065,0.083,-0.747,-0.077,-0.038,-0.038,0.237,-0.011,-0.017,-0.141,-0.009,-0.051,-0.048,0.848,-0.049,-0.037,-0.049
304.0,315.0,0.018,3.065,0.083,-0.747,-0.077,-0.038,-0.038,0.237,-0.011,-0.017,-0.141,-0.009,-0.051,-0.048,0.848,-0.049,-0.037,-0.049
304.0,316.0,0.018,3.065,0.083,-0.747,-0.077,-0.038,-0.038,0.237,-0.011,-0.017,-0.141,-0.009,-0.051,-0.048,0.848,-0.049,-0.037,-0.049
305.0,306.0,0.018,2.544,0.068,-1.036,-0.088,-0.195,-0.066,0.172,-0.04,-0.004,-0.08,-0.001,-0.051,-1.319,-0.045,-0.048,-0.051,-0.05
305.0,307.0,0.018,2.544,0.068,-1.036,-0.088,-0.196,-0.066,0.172,-0.04,-0.004,-0.08,-0.001,-0.051,-1.319,-0.045,-0.048,-0.051,-0.05
305.0,308.0,0.018,2.544,0.068,-1.035,-0.088,-0.196,-0.066,0.172,-0.04,-0.004,-0.08,-0.001,-0.051,-1.319,-0.045,-0.048,-0.051,-0.05
305.0,309.0,0.018,2.544,0.068,-1.035,-0.088,-0.196,-0.066,0.172,-0.04,-0.004,-0.08,-0.001,-0.051,-1.319,-0.045,-0.048,-0.051,-0.05
305.0,310.0,0.018,2.544,0.068,-1.035,-0.088,-0.196,-0.066,0.172,-0.04,-0.004,-0.08,-0.001,-0.051,-1.319,-0.045,-0.048,-0.051,-0.05
305.0,311.0,0.018,2.544,0.068,-1.035,-0.088,-0.196,-0.066,0.172,-0.04,-0.004,-0.08,-0.001,-0.051,-1.319,-0.045,-0.048,-0.051,-0.05
305.0,312.0,0.018,2.545,0.068,-1.035,-0.088,-0.196,-0.066,0.172,-0.04,-0.004,-0.08,-0.001,-0.051,-1.319,-0.045,-0.048,-0.051,-0.05
305.0,313.0,0.018,2.545,0.068,-1.035,-0.088,-0.196,-0.066,0.171,-0.04,-0.004,-0.08,-0.001,-0.051,-1.319,-0.045,-0.048,-0.051,-0.05
305.0,314.0,0.018,2.545,0.068,-1.035,-0.088,-0.196,-0.066,0.171,-0.04,-0.004,-0.08,-0.001,-0.051,-1.319,-0.045,-0.048,-0.051,-0.05
305.0,315.0,0.018,2.545,0.068,-1.035,-0.088,-0.196,-0.066,0.171,-0.04,-0.004,-0.08,-0.001,-0.051,-1.319,-0.045,-0.048,-0.051,-0.05
305.0,316.0,0.018,2.545,0.068,-1.035,-0.087,-0.196,-0.066,0.171,-0.04,-0.004,-0.08,-0.001,-0.051,-1.319,-0.045,-0.048,-0.051,-0.05
305.0,317.0,0.018,2.545,0.068,-1.035,-0.087,-0.196,-0.065,0.171,-0.04,-0.004,-0.08,-0.001,-0.051,-1.319,-0.045,-0.048,-0.051,-0.05
306.0,307.0,0.016,2.506,0.065,-0.959,-0.169,-0.03,-0.061,0.136,-0.037,-0.005,-0.084,-0.002,-0.143,-1.185,0.242,-0.043,-0.051,-0.05
306.0,308.0,0.016,2.506,0.065,-0.958,-0.168,-0.03,-0.061,0.136,-0.038,-0.005,-0.084,-0.002,-0.143,-1.185,0.242,-0.043,-0.051,-0.05
306.0,309.0,0.016,2.506,0.065,-0.958,-0.168,-0.03,-0.061,0.135,-0.038,-0.005,-0.084,-0.002,-0.143,-1.185,0.242,-0.043,-0.051,-0.05
306.0,310.0,0.016,2.506,0.065,-0.958,-0.168,-0.03,-0.061,0.135,-0.038,-0.005,-0.084,-0.003,-0.143,-1.185,0.242,-0.043,-0.051,-0.05
306.0,311.0,0.016,2.506,0.065,-0.958,-0.168,-0.03,-0.061,0.135,-0.038,-0.005,-0.084,-0.003,-0.143,-1.185,0.242,-0.043,-0.051,-0.05
306.0,312.0,0.016,2.506,0.065,-0.958,-0.168,-0.03,-0.061,0.135,-0.038,-0.005,-0.084,-0.003,-0.143,-1.185,0.242,-0.043,-0.051,-0.05
306.0,313.0,0.016,2.506,0.065,-0.958,-0.168,-0.03,-0.061,0.135,-0.038,-0.005,-0.084,-0.003,-0.143,-1.185,0.242,-0.043,-0.051,-0.05
306.0,314.0,0.016,2.507,0.065,-0.958,-0.168,-0.03,-0.061,0.135,-0.038,-0.005,-0.084,-0.003,-0.143,-1.185,0.242,-0.043,-0.051,-0.05
306.0,315.0,0.016,2.507,0.065,-0.958,-0.168,-0.03,-0.061,0.135,-0.038,-0.005,-0.084,-0.003,-0.143,-1.185,0.242,-0.043,-0.051,-0.05
306.0,316.0,0.016,2.507,0.065,-0.958,-0.168,-0.03,-0.061,0.135,-0.038,-0.005,-0.084,-0.003,-0.143,-1.185,0.242,-0.043,-0.051,-0.05
306.0,317.0,0.016,2.507,0.065,-0.958,-0.168,-0.031,-0.061,0.135,-0.038,-0.005,-0.084,-0.003,-0.143,-1.185,0.242,-0.043,-0.051,-0.05
306.0,318.0,0.016,2.507,0.065,-0.958,-0.168,-0.031,-0.061,0.135,-0.038,-0.005,-0.084,-0.003,-0.143,-1.185,0.242,-0.043,-0.051,-0.05
307.0,308.0,0.018,2.492,0.066,-1.146,-0.072,-0.021,-0.054,0.162,-0.04,-0.007,-0.094,-0.001,-0.034,-0.659,-0.069,-0.05,-0.051,-0.05
307.0,309.0,0.018,2.492,0.066,-1.146,-0.072,-0.021,-0.054,0.162,-0.04,-0.007,-0.094,-0.001,-0.033,-0.659,-0.069,-0.05,-0.05,-0.05
307.0,310.0,0.018,2.492,0.066,-1.146,-0.072,-0.021,-0.054,0.161,-0.04,-0.007,-0.094,-0.001,-0.033,-0.659,-0.069,-0.05,-0.05,-0.05
307.0,311.0,0.018,2.492,0.066,-1.146,-0.072,-0.022,-0.054,0.161,-0.04,-0.007,-0.094,-0.001,-0.033,-0.659,-0.069,-0.05,-0.05,-0.05
307.0,312.0,0.018,2.492,0.066,-1.146,-0.072,-0.022,-0.054,0.161,-0.04,-0.007,-0.094,-0.001,-0.033,-0.659,-0.069,-0.051,-0.05,-0.05
307.0,313.0,0.018,2.493,0.066,-1.145,-0.071,-0.022,-0.054,0.161,-0.04,-0.007,-0.094,-0.001,-0.033,-0.659,-0.069,-0.051,-0.05,-0.05
307.0,314.0,0.018,2.493,0.066,-1.145,-0.071,-0.022,-0.054,0.161,-0.04,-0.007,-0.094,-0.001,-0.033,-0.659,-0.069,-0.051,-0.05,-0.05
307.0,315.0,0.018,2.493,0.066,-1.145,-0.071,-0.022,-0.053,0.161,-0.04,-0.007,-0.094,-0.001,-0.033,-0.659,-0.069,-0.051,-0.05,-0.05
307.0,316.0,0.018,2.493,0.066,-1.145,-0.071,-0.022,-0.053,0.161,-0.04,-0.008,-0.094,-0.001,-0.033,-0.659,-0.069,-0.051,-0.05,-0.05
307.0,317.0,0.018,2.493,0.066,-1.145,-0.071,-0.022,-0.053,0.16,-0.04,-0.008,-0.094,-0.001,-0.032,-0.66,-0.069,-0.051,-0.05,-0.05
307.0,318.0,0.018,2.493,0.066,-1.144,-0.071,-0.022,-0.053,0.16,-0.04,-0.008,-0.094,-0.001,-0.032,-0.66,-0.069,-0.051,-0.05,-0.05
307.0,319.0,0.019,2.494,0.066,-1.144,-0.07,-0.022,-0.053,0.16,-0.04,-0.008,-0.094,-0.001,-0.032,-0.66,-0.069,-0.051,-0.05,-0.05
308.0,309.0,0.02,2.41,0.067,-1.26,-0.076,-0.018,-0.058,0.156,-0.042,-0.002,-0.102,-0.009,-0.059,-0.499,-0.051,-0.049,-0.051,-0.047
308.0,310.0,0.02,2.41,0.067,-1.259,-0.076,-0.018,-0.058,0.156,-0.042,-0.002,-0.102,-0.009,-0.059,-0.499,-0.051,-0.049,-0.051,-0.048
308.0,311.0,0.02,2.41,0.067,-1.259,-0.076,-0.018,-0.058,0.156,-0.042,-0.002,-0.102,-0.009,-0.059,-0.499,-0.051,-0.049,-0.051,-0.048
308.0,312.0,0.02,2.41,0.067,-1.259,-0.076,-0.018,-0.058,0.156,-0.042,-0.002,-0.102,-0.01,-0.059,-0.499,-0.051,-0.049,-0.051,-0.048
308.0,313.0,0.02,2.41,0.067,-1.259,-0.076,-0.018,-0.058,0.156,-0.042,-0.002,-0.102,-0.01,-0.06,-0.499,-0.05,-0.049,-0.051,-0.048
308.0,314.0,0.02,2.41,0.067,-1.259,-0.076,-0.019,-0.058,0.156,-0.042,-0.003,-0.102,-0.01,-0.06,-0.499,-0.05,-0.049,-0.051,-0.048
308.0,315.0,0.02,2.41,0.067,-1.259,-0.076,-0.019,-0.058,0.156,-0.042,-0.003,-0.102,-0.01,-0.06,-0.499,-0.05,-0.049,-0.051,-0.048
308.0,316.0,0.02,2.41,0.067,-1.259,-0.076,-0.019,-0.058,0.156,-0.042,-0.003,-0.102,-0.01,-0.06,-0.499,-0.05,-0.049,-0.051,-0.048
308.0,317.0,0.02,2.41,0.067,-1.259,-0.076,-0.019,-0.057,0.156,-0.042,-0.003,-0.102,-0.01,-0.06,-0.499,-0.05,-0.049,-0.051,-0.048
308.0,318.0,0.02,2.41,0.067,-1.258,-0.075,-0.019,-0.057,0.156,-0.042,-0.003,-0.102,-0.01,-0.06,-0.499,-0.05,-0.049,-0.051,-0.048
308.0,319.0,0.02,2.41,0.067,-1.258,-0.075,-0.019,-0.057,0.155,-0.042,-0.003,-0.102,-0.01,-0.06,-0.499,-0.05,-0.049,-0.05,-0.048
308.0,320.0,0.021,2.411,0.067,-1.258,-0.075,-0.019,-0.057,0.155,-0.042,-0.003,-0.102,-0.01,-0.06,-0.5,-0.049,-0.049,-0.05,-0.048
309.0,310.0,0.024,2.621,0.063,-1.34,-0.084,-0.042,-0.057,0.186,-0.036,-0.018,-0.114,-0.004,-0.005,-0.361,-0.072,-0.046,-0.054,-0.049
309.0,311.0,0.024,2.622,0.063,-1.34,-0.084,-0.042,-0.057,0.186,-0.036,-0.018,-0.114,-0.004,-0.005,-0.361,-0.072,-0.046,-0.054,-0.049
309.0,312.0,0.024,2.622,0.063,-1.34,-0.084,-0.043,-0.057,0.186,-0.036,-0.018,-0.114,-0.004,-0.004,-0.361,-0.072,-0.046,-0.054,-0.049
309.0,313.0,0.024,2.622,0.063,-1.34,-0.084,-0.043,-0.056,0.186,-0.036,-0.018,-0.114,-0.004,-0.004,-0.361,-0.073,-0.046,-0.053,-0.049
309.0,314.0,0.024,2.622,0.063,-1.34,-0.084,-0.043,-0.056,0.186,-0.036,-0.018,-0.114,-0.004,-0.004,-0.361,-0.073,-0.047,-0.053,-0.049
309.0,315.0,0.024,2.622,0.063,-1.339,-0.084,-0.043,-0.056,0.186,-0.036,-0.018,-0.114,-0.004,-0.004,-0.361,-0.073,-0.047,-0.053,-0.049
309.0,316.0,0.024,2.622,0.063,-1.339,-0.084,-0.043,-0.056,0.186,-0.036,-0.018,-0.114,-0.004,-0.003,-0.362,-0.073,-0.047,-0.053,-0.049
309.0,317.0,0.024,2.622,0.063,-1.339,-0.084,-0.043,-0.056,0.186,-0.036,-0.017,-0.114,-0.005,-0.003,-0.362,-0.073,-0.047,-0.053,-0.049
309.0,318.0,0.024,2.622,0.063,-1.339,-0.083,-0.043,-0.056,0.186,-0.036,-0.017,-0.114,-0.005,-0.003,-0.362,-0.073,-0.047,-0.053,-0.049
309.0,319.0,0.024,2.622,0.063,-1.339,-0.083,-0.043,-0.056,0.186,-0.036,-0.017,-0.114,-0.005,-0.003,-0.362,-0.073,-0.047,-0.053,-0.049
309.0,320.0,0.024,2.622,0.063,-1.339,-0.083,-0.043,-0.056,0.186,-0.036,-0.017,-0.114,-0.005,-0.003,-0.362,-0.073,-0.047,-0.053,-0.049
309.0,321.0,0.025,2.622,0.063,-1.339,-0.083,-0.043,-0.056,0.186,-0.037,-0.017,-0.114,-0.005,-0.003,-0.362,-0.073,-0.047,-0.052,-0.049
310.0,311.0,0.02,2.284,0.08,-1.293,2.538,-0.474,-0.065,0.005,-0.036,-0.002,-0.081,0.003,-0.04,-1.859,-0.422,-0.048,-0.05,-0.05
310.0,312.0,0.02,2.284,0.08,-1.293,2.537,-0.474,-0.065,0.004,-0.036,-0.002,-0.081,0.003,-0.04,-1.859,-0.422,-0.048,-0.05,-0.05
310.0,313.0,0.02,2.284,0.08,-1.293,2.537,-0.474,-0.065,0.004,-0.037,-0.002,-0.081,0.003,-0.04,-1.859,-0.422,-0.048,-0.05,-0.05
310.0,314.0,0.02,2.284,0.08,-1.292,2.537,-0.474,-0.065,0.003,-0.037,-0.002,-0.081,0.003,-0.04,-1.859,-0.422,-0.048,-0.05,-0.05
310.0,315.0,0.021,2.283,0.08,-1.292,2.537,-0.474,-0.065,0.003,-0.037,-0.002,-0.081,0.003,-0.04,-1.859,-0.422,-0.048,-0.05,-0.05
310.0,316.0,0.021,2.283,0.08,-1.292,2.537,-0.474,-0.065,0.002,-0.037,-0.002,-0.081,0.003,-0.04,-1.859,-0.422,-0.048,-0.05,-0.05
310.0,317.0,0.021,2.283,0.08,-1.292,2.536,-0.474,-0.064,0.002,-0.037,-0.002,-0.081,0.003,-0.04,-1.859,-0.422,-0.049,-0.05,-0.05
310.0,318.0,0.021,2.283,0.08,-1.292,2.536,-0.474,-0.064,0.001,-0.037,-0.002,-0.081,0.003,-0.04,-1.859,-0.422,-0.049,-0.05,-0.05
310.0,319.0,0.021,2.282,0.08,-1.291,2.536,-0.475,-0.064,0.001,-0.037,-0.003,-0.081,0.003,-0.04,-1.859,-0.422,-0.049,-0.05,-0.05
310.0,320.0,0.021,2.282,0.08,-1.291,2.536,-0.475,-0.064,0.001,-0.038,-0.003,-0.081,0.003,-0.04,-1.859,-0.422,-0.049,-0.05,-0.05
310.0,321.0,0.021,2.282,0.08,-1.291,2.535,-0.475,-0.064,0.0,-0.038,-0.003,-0.081,0.003,-0.04,-1.859,-0.422,-0.049,-0.05,-0.05
310.0,322.0,0.021,2.282,0.08,-1.291,2.535,-0.475,-0.064,-0.0,-0.038,-0.003,-0.081,0.003,-0.04,-1.859,-0.422,-0.049,-0.05,-0.05
311.0,312.0,0.015,2.482,0.072,-1.08,-0.041,-0.036,-0.059,0.173,-0.036,-0.004,-0.088,-0.001,-0.02,-1.137,0.143,-0.055,-0.049,-0.048
311.0,313.0,0.015,2.482,0.072,-1.08,-0.041,-0.036,-0.059,0.173,-0.036,-0.004,-0.088,-0.001,-0.02,-1.137,0.143,-0.055,-0.049,-0.048
311.0,314.0,0.015,2.482,0.072,-1.08,-0.041,-0.036,-0.059,0.173,-0.036,-0.004,-0.088,-0.001,-0.02,-1.137,0.143,-0.055,-0.049,-0.048
311.0,315.0,0.015,2.482,0.072,-1.08,-0.041,-0.036,-0.059,0.172,-0.036,-0.004,-0.088,-0.001,-0.02,-1.137,0.143,-0.055,-0.049,-0.048
311.0,316.0,0.015,2.482,0.072,-1.08,-0.041,-0.036,-0.059,0.172,-0.036,-0.004,-0.088,-0.002,-0.02,-1.137,0.143,-0.055,-0.049,-0.048
311.0,317.0,0.015,2.482,0.072,-1.08,-0.041,-0.036,-0.059,0.172,-0.036,-0.005,-0.088,-0.002,-0.02,-1.137,0.143,-0.055,-0.049,-0.048
311.0,318.0,0.015,2.482,0.072,-1.08,-0.041,-0.036,-0.059,0.172,-0.036,-0.005,-0.088,-0.002,-0.02,-1.137,0.143,-0.055,-0.049,-0.048
311.0,319.0,0.015,2.482,0.072,-1.08,-0.041,-0.036,-0.059,0.172,-0.036,-0.005,-0.088,-0.002,-0.02,-1.138,0.143,-0.055,-0.048,-0.048
311.0,320.0,0.015,2.482,0.072,-1.079,-0.041,-0.036,-0.059,0.172,-0.036,-0.005,-0.088,-0.002,-0.02,-1.138,0.143,-0.055,-0.048,-0.048
311.0,321.0,0.015,2.482,0.072,-1.079,-0.041,-0.036,-0.059,0.172,-0.036,-0.005,-0.088,-0.002,-0.02,-1.138,0.143,-0.055,-0.048,-0.048
311.0,322.0,0.015,2.483,0.072,-1.079,-0.041,-0.036,-0.059,0.172,-0.036,-0.005,-0.088,-0.002,-0.02,-1.138,0.143,-0.055,-0.048,-0.048
311.0,323.0,0.015,2.483,0.072,-1.079,-0.041,-0.036,-0.059,0.172,-0.036,-0.005,-0.088,-0.002,-0.02,-1.138,0.143,-0.055,-0.048,-0.048
312.0,313.0,0.016,2.487,0.071,-0.979,-0.096,-0.006,-0.077,0.204,-0.042,-0.002,-0.087,-0.005,0.31,-1.048,-0.08,-0.09,-0.051,-0.049
312.0,314.0,0.016,2.487,0.071,-0.979,-0.096,-0.006,-0.077,0.204,-0.042,-0.003,-0.087,-0.005,0.31,-1.048,-0.08,-0.09,-0.051,-0.049
312.0,315.0,0.016,2.487,0.071,-0.979,-0.096,-0.006,-0.077,0.204,-0.042,-0.003,-0.087,-0.005,0.31,-1.048,-0.08,-0.09,-0.051,-0.049
312.0,316.0,0.016,2.487,0.071,-0.979,-0.096,-0.006,-0.077,0.204,-0.042,-0.003,-0.087,-0.005,0.31,-1.048,-0.08,-0.09,-0.051,-0.049
312.0,317.0,0.017,2.487,0.07,-0.978,-0.096,-0.006,-0.077,0.204,-0.042,-0.003,-0.087,-0.005,0.31,-1.048,-0.08,-0.09,-0.05,-0.049
312.0,318.0,0.017,2.487,0.07,-0.978,-0.095,-0.006,-0.077,0.204,-0.042,-0.003,-0.087,-0.005,0.31,-1.048,-0.08,-0.09,-0.05,-0.049
312.0,319.0,0.017,2.487,0.07,-0.978,-0.095,-0.006,-0.077,0.204,-0.042,-0.003,-0.087,-0.005,0.31,-1.048,-0.08,-0.09,-0.05,-0.049
312.0,320.0,0.017,2.487,0.07,-0.978,-0.095,-0.006,-0.077,0.204,-0.042,-0.003,-0.087,-0.005,0.31,-1.049,-0.08,-0.09,-0.05,-0.049
312.0,321.0,0.017,2.487,0.07,-0.978,-0.095,-0.006,-0.077,0.204,-0.042,-0.003,-0.087,-0.005,0.31,-1.049,-0.08,-0.09,-0.05,-0.049
312.0,322.0,0.017,2.488,0.07,-0.978,-0.095,-0.006,-0.077,0.203,-0.042,-0.003,-0.087,-0.005,0.31,-1.049,-0.08,-0.09,-0.05,-0.049
312.0,323.0,0.017,2.488,0.07,-0.978,-0.095,-0.006,-0.077,0.203,-0.042,-0.003,-0.087,-0.005,0.31,-1.049,-0.08,-0.09,-0.05,-0.049
312.0,324.0,0.017,2.488,0.07,-0.978,-0.095,-0.007,-0.077,0.203,-0.042,-0.003,-0.087,-0.005,0.31,-1.049,-0.08,-0.09,-0.05,-0.049
313.0,314.0,0.019,2.442,0.07,-1.179,-0.075,-0.037,-0.059,0.16,-0.041,-0.006,-0.09,-0.0,-0.11,-1.076,-0.149,-0.035,-0.051,-0.05
313.0,315.0,0.019,2.442,0.07,-1.179,-0.075,-0.037,-0.059,0.16,-0.041,-0.006,-0.09,-0.0,-0.11,-1.076,-0.149,-0.035,-0.051,-0.05
313.0,316.0,0.019,2.442,0.07,-1.179,-0.075,-0.037,-0.059,0.16,-0.042,-0.006,-0.09,-0.0,-0.109,-1.076,-0.149,-0.035,-0.051,-0.05
313.0,317.0,0.02,2.443,0.069,-1.179,-0.075,-0.038,-0.059,0.16,-0.042,-0.006,-0.09,-0.0,-0.109,-1.077,-0.149,-0.035,-0.051,-0.05
313.0,318.0,0.02,2.443,0.069,-1.179,-0.075,-0.038,-0.059,0.16,-0.042,-0.006,-0.09,-0.001,-0.109,-1.077,-0.149,-0.035,-0.051,-0.05
313.0,319.0,0.02,2.443,0.069,-1.178,-0.075,-0.038,-0.059,0.16,-0.042,-0.006,-0.09,-0.001,-0.109,-1.077,-0.149,-0.035,-0.051,-0.05
313.0,320.0,0.02,2.443,0.069,-1.178,-0.074,-0.038,-0.059,0.159,-0.042,-0.006,-0.09,-0.001,-0.109,-1.077,-0.149,-0.035,-0.051,-0.05
313.0,321.0,0.02,2.443,0.069,-1.178,-0.074,-0.038,-0.059,0.159,-0.042,-0.006,-0.09,-0.001,-0.109,-1.077,-0.149,-0.035,-0.051,-0.05
313.0,322.0,0.02,2.443,0.069,-1.178,-0.074,-0.038,-0.059,0.159,-0.042,-0.006,-0.09,-0.001,-0.109,-1.077,-0.149,-0.035,-0.05,-0.05
313.0,323.0,0.02,2.444,0.069,-1.178,-0.074,-0.038,-0.059,0.159,-0.042,-0.006,-0.09,-0.001,-0.109,-1.077,-0.149,-0.035,-0.05,-0.05
313.0,324.0,0.02,2.444,0.069,-1.178,-0.074,-0.038,-0.059,0.159,-0.042,-0.006,-0.09,-0.001,-0.109,-1.077,-0.149,-0.035,-0.05,-0.05
313.0,325.0,0.02,2.444,0.069,-1.178,-0.074,-0.039,-0.059,0.159,-0.042,-0.006,-0.09,-0.001,-0.109,-1.077,-0.149,-0.035,-0.05,-0.05
314.0,315.0,0.019,2.573,0.076,-1.048,-0.092,-0.305,-0.069,0.172,-0.032,-0.004,-0.08,-0.001,-0.084,-1.341,0.044,-0.045,-0.053,-0.05
314.0,316.0,0.019,2.573,0.076,-1.048,-0.092,-0.305,-0.069,0.172,-0.032,-0.004,-0.08,-0.001,-0.084,-1.341,0.044,-0.045,-0.053,-0.05
314.0,317.0,0.019,2.573,0.076,-1.048,-0.092,-0.305,-0.069,0.172,-0.032,-0.004,-0.08,-0.001,-0.084,-1.341,0.044,-0.045,-0.053,-0.05
314.0,318.0,0.019,2.573,0.076,-1.048,-0.092,-0.305,-0.069,0.172,-0.032,-0.004,-0.08,-0.001,-0.084,-1.342,0.044,-0.045,-0.053,-0.05
314.0,319.0,0.019,2.573,0.076,-1.048,-0.092,-0.305,-0.069,0.172,-0.032,-0.004,-0.08,-0.001,-0.084,-1.342,0.044,-0.045,-0.053,-0.05
314.0,320.0,0.019,2.573,0.076,-1.048,-0.092,-0.305,-0.069,0.172,-0.032,-0.004,-0.08,-0.001,-0.084,-1.342,0.044,-0.045,-0.053,-0.05
314.0,321.0,0.019,2.573,0.076,-1.048,-0.091,-0.305,-0.069,0.172,-0.032,-0.004,-0.08,-0.001,-0.084,-1.342,0.044,-0.045,-0.053,-0.05
314.0,322.0,0.019,2.573,0.076,-1.048,-0.091,-0.305,-0.069,0.172,-0.032,-0.004,-0.08,-0.001,-0.084,-1.342,0.044,-0.045,-0.053,-0.05
314.0,323.0,0.019,2.573,0.076,-1.048,-0.091,-0.305,-0.069,0.172,-0.032,-0.004,-0.08,-0.001,-0.084,-1.342,0.044,-0.045,-0.053,-0.05
314.0,324.0,0.019,2.573,0.076,-1.048,-0.091,-0.305,-0.069,0.172,-0.032,-0.004,-0.08,-0.001,-0.084,-1.342,0.044,-0.045,-0.053,-0.05
314.0,325.0,0.019,2.573,0.076,-1.048,-0.091,-0.305,-0.069,0.172,-0.032,-0.004,-0.08,-0.001,-0.084,-1.342,0.044,-0.045,-0.053,-0.05
314.0,326.0,0.019,2.573,0.076,-1.048,-0.091,-0.305,-0.069,0.172,-0.032,-0.004,-0.08,-0.001,-0.084,-1.342,0.044,-0.045,-0.053,-0.05
315.0,316.0,0.022,2.429,0.068,-1.204,-0.092,-0.029,-0.053,0.149,-0.037,-0.005,-0.092,-0.001,-0.326,-1.126,-0.018,-0.046,-0.051,-0.049
315.0,317.0,0.022,2.429,0.068,-1.203,-0.092,-0.029,-0.053,0.149,-0.037,-0.005,-0.092,-0.001,-0.326,-1.126,-0.018,-0.046,-0.051,-0.05
315.0,318.0,0.022,2.429,0.068,-1.203,-0.091,-0.029,-0.053,0.149,-0.038,-0.005,-0.092,-0.001,-0.325,-1.126,-0.018,-0.047,-0.051,-0.05
315.0,319.0,0.022,2.429,0.068,-1.203,-0.091,-0.029,-0.053,0.149,-0.038,-0.005,-0.092,-0.001,-0.325,-1.126,-0.018,-0.047,-0.051,-0.05
315.0,320.0,0.022,2.429,0.068,-1.203,-0.091,-0.029,-0.052,0.149,-0.038,-0.005,-0.092,-0.001,-0.325,-1.126,-0.018,-0.047,-0.051,-0.05
315.0,321.0,0.022,2.429,0.068,-1.203,-0.091,-0.029,-0.052,0.149,-0.038,-0.005,-0.092,-0.001,-0.325,-1.126,-0.018,-0.047,-0.051,-0.05
315.0,322.0,0.022,2.429,0.068,-1.203,-0.091,-0.029,-0.052,0.149,-0.038,-0.005,-0.092,-0.001,-0.325,-1.126,-0.018,-0.047,-0.051,-0.05
315.0,323.0,0.023,2.429,0.068,-1.203,-0.091,-0.029,-0.052,0.148,-0.038,-0.005,-0.092,-0.001,-0.325,-1.126,-0.018,-0.047,-0.05,-0.05
315.0,324.0,0.023,2.429,0.068,-1.203,-0.091,-0.03,-0.052,0.148,-0.038,-0.005,-0.092,-0.001,-0.325,-1.126,-0.018,-0.047,-0.05,-0.05
315.0,325.0,0.023,2.43,0.068,-1.203,-0.091,-0.03,-0.052,0.148,-0.038,-0.005,-0.092,-0.001,-0.325,-1.126,-0.018,-0.047,-0.05,-0.05
315.0,326.0,0.023,2.43,0.068,-1.202,-0.091,-0.03,-0.052,0.148,-0.038,-0.005,-0.092,-0.001,-0.325,-1.126,-0.018,-0.047,-0.05,-0.05
315.0,327.0,0.023,2.43,0.068,-1.202,-0.091,-0.03,-0.052,0.148,-0.038,-0.005,-0.092,-0.001,-0.325,-1.126,-0.018,-0.047,-0.05,-0.05
316.0,317.0,0.022,2.312,0.053,-1.24,1.498,-0.052,-0.095,0.071,-0.052,0.005,-0.086,-0.003,-0.734,-1.376,-0.095,-0.048,-0.053,-0.049
316.0,318.0,0.022,2.312,0.053,-1.239,1.498,-0.052,-0.095,0.071,-0.052,0.005,-0.086,-0.003,-0.734,-1.376,-0.095,-0.048,-0.053,-0.049
316.0,319.0,0.022,2.312,0.053,-1.239,1.498,-0.052,-0.095,0.071,-0.053,0.005,-0.086,-0.003,-0.734,-1.376,-0.095,-0.048,-0.053,-0.049
316.0,320.0,0.022,2.313,0.053,-1.239,1.499,-0.052,-0.095,0.07,-0.053,0.005,-0.086,-0.003,-0.734,-1.376,-0.095,-0.048,-0.053,-0.049
316.0,321.0,0.022,2.313,0.053,-1.239,1.499,-0.053,-0.095,0.07,-0.053,0.005,-0.086,-0.003,-0.734,-1.376,-0.095,-0.048,-0.053,-0.049
316.0,322.0,0.022,2.313,0.053,-1.239,1.499,-0.053,-0.095,0.07,-0.053,0.005,-0.086,-0.003,-0.734,-1.376,-0.095,-0.048,-0.053,-0.05
316.0,323.0,0.022,2.313,0.053,-1.239,1.499,-0.053,-0.095,0.069,-0.053,0.005,-0.086,-0.003,-0.734,-1.376,-0.095,-0.048,-0.053,-0.05
316.0,324.0,0.022,2.314,0.053,-1.239,1.5,-0.053,-0.095,0.069,-0.053,0.005,-0.086,-0.003,-0.734,-1.376,-0.095,-0.048,-0.053,-0.05
316.0,325.0,0.022,2.314,0.053,-1.239,1.5,-0.053,-0.095,0.068,-0.053,0.005,-0.086,-0.003,-0.734,-1.376,-0.095,-0.048,-0.053,-0.05
316.0,326.0,0.022,2.314,0.053,-1.239,1.5,-0.053,-0.094,0.068,-0.053,0.005,-0.086,-0.003,-0.734,-1.376,-0.095,-0.048,-0.053,-0.05
316.0,327.0,0.022,2.314,0.053,-1.238,1.5,-0.053,-0.094,0.068,-0.053,0.005,-0.086,-0.003,-0.734,-1.376,-0.095,-0.049,-0.053,-0.05
316.0,328.0,0.023,2.315,0.053,-1.238,1.501,-0.053,-0.094,0.067,-0.053,0.005,-0.086,-0.003,-0.734,-1.376,-0.095,-0.049,-0.053,-0.05
317.0,318.0,0.022,2.476,0.068,-1.169,-0.059,-0.025,-0.06,0.161,-0.042,-0.011,-0.101,-0.003,-1.441,-1.458,-0.006,-0.048,-0.051,-0.05
317.0,319.0,0.022,2.476,0.068,-1.169,-0.058,-0.025,-0.06,0.16,-0.042,-0.011,-0.101,-0.003,-1.441,-1.458,-0.006,-0.048,-0.051,-0.05
317.0,320.0,0.022,2.476,0.068,-1.169,-0.058,-0.025,-0.06,0.16,-0.042,-0.011,-0.101,-0.003,-1.441,-1.458,-0.006,-0.048,-0.051,-0.05
317.0,321.0,0.022,2.477,0.068,-1.169,-0.058,-0.026,-0.06,0.16,-0.042,-0.011,-0.101,-0.003,-1.441,-1.458,-0.006,-0.048,-0.051,-0.05
317.0,322.0,0.022,2.477,0.068,-1.169,-0.058,-0.026,-0.06,0.16,-0.042,-0.011,-0.101,-0.003,-1.441,-1.458,-0.007,-0.048,-0.051,-0.05
317.0,323.0,0.022,2.477,0.068,-1.169,-0.058,-0.026,-0.06,0.16,-0.042,-0.011,-0.101,-0.003,-1.441,-1.458,-0.007,-0.048,-0.051,-0.05
317.0,324.0,0.022,2.477,0.068,-1.169,-0.058,-0.026,-0.06,0.16,-0.042,-0.011,-0.101,-0.003,-1.441,-1.458,-0.007,-0.048,-0.051,-0.05
317.0,325.0,0.022,2.477,0.068,-1.169,-0.058,-0.026,-0.06,0.16,-0.042,-0.011,-0.101,-0.003,-1.441,-1.458,-0.007,-0.048,-0.051,-0.05
317.0,326.0,0.022,2.477,0.068,-1.169,-0.058,-0.026,-0.06,0.16,-0.042,-0.011,-0.101,-0.003,-1.441,-1.458,-0.007,-0.048,-0.051,-0.05
317.0,327.0,0.022,2.477,0.068,-1.169,-0.058,-0.026,-0.06,0.16,-0.043,-0.011,-0.101,-0.003,-1.441,-1.458,-0.007,-0.048,-0.051,-0.05
317.0,328.0,0.022,2.477,0.068,-1.169,-0.057,-0.026,-0.06,0.16,-0.043,-0.011,-0.101,-0.003,-1.441,-1.458,-0.007,-0.048,-0.051,-0.05
317.0,329.0,0.023,2.477,0.068,-1.169,-0.057,-0.026,-0.06,0.159,-0.043,-0.011,-0.101,-0.003,-1.441,-1.458,-0.007,-0.048,-0.051,-0.05
318.0,319.0,0.022,2.305,0.069,-1.156,-0.064,-0.039,-0.058,0.113,-0.038,-0.011,-0.099,-0.002,-1.126,-1.628,0.012,-0.019,-0.051,-0.049
318.0,320.0,0.022,2.305,0.069,-1.156,-0.064,-0.039,-0.058,0.113,-0.038,-0.011,-0.099,-0.002,-1.126,-1.628,0.012,-0.019,-0.051,-0.049
318.0,321.0,0.022,2.305,0.069,-1.156,-0.064,-0.039,-0.058,0.112,-0.038,-0.011,-0.099,-0.002,-1.126,-1.629,0.012,-0.019,-0.051,-0.049
318.0,322.0,0.022,2.305,0.069,-1.156,-0.064,-0.04,-0.058,0.112,-0.038,-0.011,-0.099,-0.003,-1.126,-1.629,0.012,-0.019,-0.051,-0.049
318.0,323.0,0.022,2.305,0.069,-1.156,-0.064,-0.04,-0.058,0.112,-0.038,-0.011,-0.099,-0.003,-1.126,-1.629,0.012,-0.019,-0.051,-0.049
318.0,324.0,0.022,2.305,0.069,-1.155,-0.064,-0.04,-0.058,0.112,-0.038,-0.011,-0.099,-0.003,-1.126,-1.629,0.012,-0.019,-0.051,-0.049
318.0,325.0,0.022,2.305,0.069,-1.155,-0.064,-0.04,-0.058,0.112,-0.038,-0.011,-0.099,-0.003,-1.126,-1.629,0.012,-0.019,-0.051,-0.049
318.0,326.0,0.022,2.305,0.069,-1.155,-0.064,-0.04,-0.058,0.112,-0.039,-0.011,-0.1,-0.003,-1.126,-1.629,0.012,-0.02,-0.051,-0.049
318.0,327.0,0.022,2.305,0.069,-1.155,-0.064,-0.04,-0.058,0.112,-0.039,-0.011,-0.1,-0.003,-1.126,-1.629,0.012,-0.02,-0.051,-0.049
318.0,328.0,0.022,2.306,0.069,-1.155,-0.064,-0.04,-0.058,0.112,-0.039,-0.011,-0.1,-0.003,-1.126,-1.629,0.012,-0.02,-0.051,-0.049
318.0,329.0,0.022,2.306,0.069,-1.155,-0.064,-0.04,-0.057,0.112,-0.039,-0.011,-0.1,-0.003,-1.126,-1.629,0.012,-0.02,-0.051,-0.049
318.0,330.0,0.022,2.306,0.069,-1.155,-0.064,-0.041,-0.057,0.112,-0.039,-0.011,-0.1,-0.003,-1.126,-1.629,0.012,-0.02,-0.051,-0.049
319.0,320.0,0.014,2.676,0.086,-1.103,-0.084,-0.482,-0.071,0.202,-0.04,-0.0,-0.072,-0.003,-0.511,-1.892,0.117,-0.05,-0.05,-0.05
319.0,321.0,0.014,2.676,0.086,-1.103,-0.084,-0.482,-0.071,0.202,-0.04,-0.0,-0.072,-0.003,-0.511,-1.892,0.117,-0.05,-0.05,-0.05
319.0,322.0,0.014,2.676,0.086,-1.103,-0.084,-0.482,-0.071,0.202,-0.04,-0.0,-0.072,-0.003,-0.511,-1.892,0.117,-0.05,-0.05,-0.05
319.0,323.0,0.014,2.677,0.086,-1.103,-0.084,-0.482,-0.071,0.202,-0.04,-0.0,-0.072,-0.003,-0.511,-1.892,0.117,-0.05,-0.05,-0.05
319.0,324.0,0.014,2.677,0.086,-1.103,-0.084,-0.482,-0.071,0.202,-0.04,-0.0,-0.072,-0.003,-0.511,-1.892,0.117,-0.05,-0.05,-0.05
319.0,325.0,0.014,2.677,0.086,-1.103,-0.084,-0.482,-0.071,0.202,-0.04,-0.0,-0.073,-0.003,-0.511,-1.892,0.117,-0.05,-0.05,-0.05
319.0,326.0,0.014,2.677,0.086,-1.103,-0.084,-0.482,-0.071,0.202,-0.04,-0.0,-0.073,-0.003,-0.511,-1.892,0.117,-0.05,-0.05,-0.05
319.0,327.0,0.014,2.677,0.086,-1.103,-0.084,-0.482,-0.071,0.202,-0.04,-0.0,-0.073,-0.003,-0.511,-1.892,0.117,-0.05,-0.05,-0.05
319.0,328.0,0.014,2.677,0.086,-1.103,-0.083,-0.482,-0.071,0.201,-0.04,-0.0,-0.073,-0.003,-0.511,-1.892,0.117,-0.05,-0.05,-0.05
319.0,329.0,0.014,2.677,0.086,-1.102,-0.083,-0.482,-0.071,0.201,-0.04,-0.0,-0.073,-0.003,-0.511,-1.892,0.117,-0.05,-0.05,-0.05
319.0,330.0,0.014,2.677,0.086,-1.102,-0.083,-0.482,-0.071,0.201,-0.04,-0.0,-0.073,-0.003,-0.511,-1.892,0.117,-0.05,-0.05,-0.05
319.0,331.0,0.014,2.677,0.086,-1.102,-0.083,-0.483,-0.071,0.201,-0.04,-0.0,-0.073,-0.003,-0.511,-1.892,0.117,-0.05,-0.05,-0.05
320.0,321.0,0.015,2.489,0.077,-1.089,-0.103,-0.226,-0.066,0.16,-0.037,-0.005,-0.084,-0.001,-0.068,-1.061,-0.075,-0.046,-0.05,-0.05
320.0,322.0,0.015,2.489,0.077,-1.089,-0.103,-0.226,-0.066,0.16,-0.037,-0.005,-0.084,-0.001,-0.068,-1.061,-0.075,-0.046,-0.05,-0.05
320.0,323.0,0.015,2.489,0.077,-1.089,-0.103,-0.226,-0.066,0.16,-0.037,-0.005,-0.084,-0.001,-0.068,-1.061,-0.075,-0.046,-0.05,-0.05
320.0,324.0,0.015,2.489,0.077,-1.089,-0.103,-0.226,-0.066,0.16,-0.037,-0.005,-0.084,-0.001,-0.068,-1.061,-0.075,-0.046,-0.05,-0.05
320.0,325.0,0.015,2.489,0.077,-1.089,-0.103,-0.226,-0.066,0.16,-0.037,-0.005,-0.084,-0.001,-0.068,-1.061,-0.075,-0.046,-0.05,-0.05
320.0,326.0,0.015,2.489,0.077,-1.089,-0.103,-0.226,-0.066,0.16,-0.037,-0.005,-0.084,-0.001,-0.068,-1.061,-0.075,-0.046,-0.05,-0.05
320.0,327.0,0.015,2.489,0.077,-1.089,-0.103,-0.226,-0.066,0.16,-0.037,-0.005,-0.084,-0.001,-0.068,-1.061,-0.075,-0.046,-0.05,-0.05
320.0,328.0,0.015,2.489,0.077,-1.089,-0.103,-0.226,-0.066,0.16,-0.037,-0.005,-0.084,-0.001,-0.068,-1.061,-0.075,-0.046,-0.05,-0.05
320.0,329.0,0.015,2.489,0.077,-1.089,-0.103,-0.226,-0.066,0.16,-0.037,-0.005,-0.084,-0.001,-0.067,-1.061,-0.075,-0.046,-0.05,-0.05
320.0,330.0,0.015,2.489,0.077,-1.089,-0.103,-0.226,-0.066,0.16,-0.037,-0.005,-0.084,-0.001,-0.067,-1.061,-0.075,-0.046,-0.05,-0.05
320.0,331.0,0.015,2.489,0.077,-1.089,-0.103,-0.226,-0.066,0.16,-0.037,-0.005,-0.085,-0.001,-0.067,-1.061,-0.075,-0.046,-0.05,-0.05
320.0,332.0,0.015,2.489,0.077,-1.089,-0.103,-0.226,-0.066,0.16,-0.037,-0.005,-0.085,-0.001,-0.067,-1.061,-0.075,-0.046,-0.05,-0.05
321.0,322.0,0.016,2.079,0.074,-1.128,2.224,-0.461,-0.067,0.152,-0.03,0.001,-0.068,-0.004,-0.061,-1.501,-0.077,-0.055,-0.051,-0.049
321.0,323.0,0.016,2.079,0.074,-1.128,2.224,-0.461,-0.067,0.152,-0.03,0.001,-0.068,-0.004,-0.061,-1.501,-0.077,-0.055,-0.051,-0.049
321.0,324.0,0.016,2.079,0.074,-1.128,2.224,-0.461,-0.067,0.152,-0.03,0.001,-0.068,-0.004,-0.061,-1.501,-0.077,-0.055,-0.05,-0.049
321.0,325.0,0.016,2.08,0.074,-1.128,2.225,-0.461,-0.067,0.152,-0.03,0.001,-0.068,-0.004,-0.061,-1.501,-0.077,-0.055,-0.05,-0.049
321.0,326.0,0.016,2.08,0.074,-1.128,2.225,-0.461,-0.067,0.151,-0.03,0.001,-0.068,-0.004,-0.061,-1.501,-0.077,-0.055,-0.05,-0.049
321.0,327.0,0.016,2.08,0.074,-1.128,2.225,-0.461,-0.067,0.151,-0.031,0.001,-0.068,-0.004,-0.061,-1.501,-0.077,-0.055,-0.05,-0.049
321.0,328.0,0.016,2.08,0.074,-1.128,2.225,-0.461,-0.067,0.151,-0.031,0.001,-0.068,-0.004,-0.061,-1.501,-0.077,-0.055,-0.05,-0.049
321.0,329.0,0.016,2.081,0.074,-1.128,2.226,-0.461,-0.066,0.151,-0.031,0.001,-0.068,-0.004,-0.061,-1.501,-0.077,-0.055,-0.05,-0.049
321.0,330.0,0.016,2.081,0.074,-1.128,2.226,-0.461,-0.066,0.15,-0.031,0.001,-0.068,-0.004,-0.061,-1.501,-0.077,-0.055,-0.05,-0.049
321.0,331.0,0.016,2.081,0.075,-1.128,2.226,-0.461,-0.066,0.15,-0.031,0.001,-0.068,-0.004,-0.061,-1.501,-0.077,-0.055,-0.05,-0.049
321.0,332.0,0.016,2.082,0.075,-1.128,2.227,-0.461,-0.066,0.15,-0.031,0.001,-0.068,-0.004,-0.061,-1.501,-0.077,-0.055,-0.05,-0.049
321.0,333.0,0.016,2.082,0.075,-1.128,2.227,-0.461,-0.066,0.15,-0.031,0.001,-0.068,-0.004,-0.061,-1.501,-0.077,-0.055,-0.05,-0.049
322.0,323.0,0.016,2.466,0.076,-1.202,-0.116,-0.276,-0.063,0.143,-0.035,-0.005,-0.08,-0.0,-0.026,-1.129,0.532,-0.052,-0.051,-0.049
322.0,324.0,0.016,2.466,0.076,-1.202,-0.116,-0.276,-0.063,0.143,-0.035,-0.005,-0.08,-0.0,-0.026,-1.13,0.532,-0.052,-0.051,-0.049
322.0,325.0,0.016,2.466,0.076,-1.202,-0.116,-0.276,-0.063,0.143,-0.035,-0.005,-0.08,-0.0,-0.026,-1.13,0.532,-0.052,-0.051,-0.049
322.0,326.0,0.016,2.466,0.076,-1.202,-0.116,-0.276,-0.063,0.143,-0.035,-0.005,-0.08,-0.0,-0.026,-1.13,0.532,-0.052,-0.051,-0.049
322.0,327.0,0.016,2.466,0.076,-1.202,-0.116,-0.276,-0.063,0.143,-0.035,-0.005,-0.08,-0.0,-0.026,-1.13,0.532,-0.052,-0.051,-0.049
322.0,328.0,0.016,2.466,0.076,-1.202,-0.116,-0.276,-0.063,0.143,-0.035,-0.005,-0.08,-0.0,-0.025,-1.13,0.532,-0.052,-0.051,-0.049
322.0,329.0,0.016,2.466,0.076,-1.202,-0.116,-0.276,-0.063,0.143,-0.036,-0.005,-0.08,-0.0,-0.025,-1.13,0.532,-0.052,-0.051,-0.049
322.0,330.0,0.016,2.466,0.076,-1.202,-0.116,-0.276,-0.063,0.143,-0.036,-0.005,-0.08,-0.0,-0.025,-1.13,0.532,-0.052,-0.051,-0.049
322.0,331.0,0.016,2.466,0.076,-1.202,-0.116,-0.276,-0.063,0.143,-0.036,-0.005,-0.08,-0.0,-0.025,-1.13,0.532,-0.052,-0.051,-0.049
322.0,332.0,0.016,2.466,0.076,-1.202,-0.116,-0.276,-0.063,0.143,-0.036,-0.005,-0.08,-0.0,-0.025,-1.13,0.532,-0.052,-0.051,-0.049
322.0,333.0,0.016,2.466,0.076,-1.202,-0.116,-0.276,-0.063,0.143,-0.036,-0.005,-0.08,-0.0,-0.025,-1.13,0.532,-0.052,-0.051,-0.049
322.0,334.0,0.016,2.467,0.076,-1.202,-0.116,-0.276,-0.063,0.143,-0.036,-0.005,-0.08,-0.0,-0.025,-1.13,0.532,-0.052,-0.051,-0.049
323.0,324.0,0.019,2.274,0.078,-1.26,-0.072,-0.204,-0.062,0.119,-0.039,-0.006,-0.092,-0.002,-0.424,-1.041,-0.023,-0.047,-0.052,-0.05
323.0,325.0,0.019,2.274,0.078,-1.259,-0.072,-0.204,-0.062,0.119,-0.039,-0.006,-0.092,-0.002,-0.424,-1.041,-0.023,-0.047,-0.052,-0.05
323.0,326.0,0.019,2.274,0.078,-1.259,-0.072,-0.204,-0.062,0.119,-0.039,-0.006,-0.092,-0.002,-0.424,-1.041,-0.023,-0.047,-0.052,-0.05
323.0,327.0,0.019,2.274,0.078,-1.259,-0.072,-0.204,-0.062,0.119,-0.039,-0.006,-0.092,-0.002,-0.424,-1.041,-0.023,-0.047,-0.052,-0.05
323.0,328.0,0.019,2.275,0.078,-1.259,-0.072,-0.204,-0.062,0.119,-0.039,-0.006,-0.092,-0.002,-0.424,-1.041,-0.023,-0.047,-0.052,-0.05
323.0,329.0,0.019,2.275,0.078,-1.259,-0.072,-0.204,-0.062,0.119,-0.039,-0.006,-0.092,-0.002,-0.424,-1.041,-0.023,-0.047,-0.052,-0.05
323.0,330.0,0.019,2.275,0.078,-1.259,-0.072,-0.204,-0.062,0.119,-0.039,-0.006,-0.092,-0.002,-0.424,-1.041,-0.023,-0.047,-0.052,-0.05
323.0,331.0,0.019,2.275,0.078,-1.259,-0.071,-0.204,-0.062,0.119,-0.039,-0.006,-0.092,-0.002,-0.424,-1.041,-0.023,-0.047,-0.052,-0.05
323.0,332.0,0.02,2.275,0.078,-1.259,-0.071,-0.204,-0.062,0.119,-0.039,-0.006,-0.092,-0.002,-0.424,-1.041,-0.023,-0.047,-0.052,-0.05
323.0,333.0,0.02,2.275,0.078,-1.259,-0.071,-0.204,-0.062,0.119,-0.039,-0.006,-0.092,-0.002,-0.424,-1.041,-0.023,-0.047,-0.052,-0.05
323.0,334.0,0.02,2.275,0.078,-1.259,-0.071,-0.204,-0.062,0.119,-0.039,-0.006,-0.092,-0.002,-0.424,-1.041,-0.023,-0.047,-0.052,-0.05
323.0,335.0,0.02,2.275,0.078,-1.259,-0.071,-0.204,-0.062,0.119,-0.039,-0.006,-0.092,-0.002,-0.424,-1.041,-0.023,-0.047,-0.052,-0.05
324.0,325.0,0.02,2.898,0.068,-1.204,-0.1,-0.018,-0.057,0.288,-0.036,-0.015,-0.11,-0.007,-0.641,-0.777,0.421,-0.05,-0.05,-0.049
324.0,326.0,0.02,2.898,0.068,-1.204,-0.1,-0.018,-0.057,0.288,-0.036,-0.015,-0.11,-0.007,-0.641,-0.777,0.421,-0.05,-0.05,-0.049
324.0,327.0,0.02,2.898,0.068,-1.204,-0.1,-0.018,-0.057,0.288,-0.036,-0.014,-0.11,-0.007,-0.641,-0.777,0.421,-0.05,-0.05,-0.049
324.0,328.0,0.02,2.898,0.068,-1.204,-0.1,-0.018,-0.057,0.288,-0.036,-0.014,-0.11,-0.007,-0.641,-0.777,0.421,-0.05,-0.05,-0.049
324.0,329.0,0.02,2.898,0.068,-1.204,-0.1,-0.018,-0.057,0.288,-0.036,-0.014,-0.11,-0.007,-0.641,-0.777,0.421,-0.05,-0.05,-0.049
324.0,330.0,0.02,2.898,0.068,-1.204,-0.1,-0.018,-0.057,0.288,-0.036,-0.014,-0.11,-0.007,-0.641,-0.777,0.421,-0.05,-0.05,-0.049
324.0,331.0,0.02,2.898,0.068,-1.204,-0.1,-0.018,-0.057,0.288,-0.036,-0.014,-0.11,-0.007,-0.641,-0.777,0.421,-0.05,-0.05,-0.049
324.0,332.0,0.02,2.898,0.068,-1.204,-0.1,-0.018,-0.057,0.288,-0.036,-0.014,-0.11,-0.007,-0.641,-0.777,0.421,-0.05,-0.05,-0.049
324.0,333.0,0.02,2.898,0.068,-1.204,-0.1,-0.018,-0.057,0.288,-0.036,-0.014,-0.11,-0.007,-0.641,-0.777,0.421,-0.05,-0.05,-0.05
324.0,334.0,0.02,2.898,0.068,-1.204,-0.1,-0.018,-0.057,0.288,-0.036,-0.014,-0.11,-0.007,-0.641,-0.777,0.421,-0.05,-0.05,-0.05
324.0,335.0,0.02,2.898,0.068,-1.204,-0.1,-0.018,-0.057,0.288,-0.036,-0.014,-0.11,-0.007,-0.641,-0.777,0.421,-0.05,-0.05,-0.05
324.0,336.0,0.02,2.898,0.068,-1.204,-0.1,-0.018,-0.057,0.288,-0.036,-0.014,-0.11,-0.007,-0.641,-0.777,0.421,-0.05,-0.05,-0.05
325.0,326.0,0.013,2.643,0.084,-1.005,-0.099,-0.393,-0.053,0.166,-0.03,-0.003,-0.077,-0.001,-0.063,-1.679,-0.05,-0.047,-0.051,-0.05
325.0,327.0,0.013,2.643,0.084,-1.005,-0.099,-0.393,-0.053,0.166,-0.03,-0.003,-0.077,-0.001,-0.063,-1.679,-0.05,-0.047,-0.051,-0.05
325.0,328.0,0.013,2.643,0.084,-1.005,-0.099,-0.393,-0.053,0.166,-0.03,-0.003,-0.077,-0.001,-0.063,-1.679,-0.05,-0.047,-0.051,-0.05
325.0,329.0,0.013,2.643,0.084,-1.005,-0.099,-0.393,-0.053,0.166,-0.03,-0.003,-0.077,-0.001,-0.063,-1.679,-0.05,-0.047,-0.051,-0.05
325.0,330.0,0.013,2.643,0.084,-1.005,-0.099,-0.393,-0.053,0.166,-0.03,-0.003,-0.077,-0.001,-0.063,-1.679,-0.05,-0.047,-0.051,-0.05
325.0,331.0,0.013,2.643,0.084,-1.005,-0.099,-0.393,-0.053,0.166,-0.03,-0.003,-0.077,-0.001,-0.063,-1.679,-0.05,-0.047,-0.051,-0.05
325.0,332.0,0.013,2.643,0.084,-1.005,-0.099,-0.393,-0.053,0.166,-0.03,-0.003,-0.077,-0.001,-0.063,-1.679,-0.05,-0.047,-0.051,-0.05
325.0,333.0,0.013,2.643,0.084,-1.005,-0.099,-0.393,-0.053,0.166,-0.03,-0.003,-0.077,-0.001,-0.063,-1.679,-0.05,-0.047,-0.051,-0.05
325.0,334.0,0.013,2.643,0.084,-1.005,-0.099,-0.393,-0.053,0.166,-0.03,-0.003,-0.077,-0.001,-0.063,-1.679,-0.05,-0.047,-0.051,-0.05
325.0,335.0,0.013,2.643,0.084,-1.005,-0.099,-0.393,-0.053,0.166,-0.03,-0.003,-0.077,-0.001,-0.063,-1.679,-0.05,-0.047,-0.051,-0.05
325.0,336.0,0.013,2.643,0.084,-1.005,-0.099,-0.393,-0.053,0.166,-0.03,-0.003,-0.077,-0.001,-0.063,-1.679,-0.05,-0.047,-0.051,-0.05
325.0,337.0,0.013,2.643,0.084,-1.005,-0.099,-0.393,-0.053,0.166,-0.03,-0.003,-0.077,-0.001,-0.063,-1.679,-0.05,-0.047,-0.051,-0.05
326.0,327.0,0.021,2.519,0.065,-1.248,-0.064,-0.022,-0.056,0.159,-0.039,-0.012,-0.099,-0.004,-1.053,-1.198,-0.058,-0.042,-0.054,-0.05
326.0,328.0,0.021,2.519,0.065,-1.248,-0.064,-0.022,-0.056,0.159,-0.039,-0.012,-0.099,-0.004,-1.053,-1.198,-0.058,-0.042,-0.054,-0.05
326.0,329.0,0.021,2.519,0.065,-1.248,-0.064,-0.022,-0.056,0.159,-0.039,-0.012,-0.099,-0.004,-1.053,-1.198,-0.058,-0.042,-0.054,-0.05
326.0,330.0,0.021,2.519,0.065,-1.248,-0.064,-0.022,-0.056,0.159,-0.039,-0.012,-0.099,-0.004,-1.053,-1.198,-0.058,-0.042,-0.054,-0.05
326.0,331.0,0.021,2.519,0.065,-1.248,-0.064,-0.022,-0.056,0.159,-0.039,-0.012,-0.099,-0.004,-1.053,-1.198,-0.058,-0.042,-0.054,-0.05
326.0,332.0,0.021,2.519,0.065,-1.248,-0.064,-0.022,-0.056,0.159,-0.039,-0.012,-0.099,-0.005,-1.053,-1.198,-0.058,-0.042,-0.054,-0.05
326.0,333.0,0.021,2.519,0.065,-1.248,-0.064,-0.022,-0.056,0.159,-0.039,-0.012,-0.099,-0.005,-1.053,-1.198,-0.058,-0.042,-0.054,-0.05
326.0,334.0,0.021,2.519,0.065,-1.248,-0.064,-0.022,-0.056,0.159,-0.039,-0.012,-0.099,-0.005,-1.053,-1.198,-0.058,-0.042,-0.054,-0.05
326.0,335.0,0.021,2.519,0.065,-1.248,-0.064,-0.022,-0.056,0.159,-0.039,-0.012,-0.099,-0.005,-1.053,-1.198,-0.058,-0.042,-0.054,-0.05
326.0,336.0,0.021,2.519,0.065,-1.248,-0.064,-0.022,-0.056,0.159,-0.039,-0.012,-0.099,-0.005,-1.052,-1.198,-0.058,-0.042,-0.054,-0.05
326.0,337.0,0.021,2.519,0.065,-1.248,-0.064,-0.022,-0.056,0.159,-0.039,-0.012,-0.099,-0.005,-1.052,-1.198,-0.058,-0.042,-0.054,-0.05
326.0,338.0,0.021,2.519,0.065,-1.248,-0.064,-0.022,-0.056,0.159,-0.039,-0.012,-0.099,-0.005,-1.052,-1.198,-0.058,-0.042,-0.054,-0.05
327.0,328.0,0.015,2.518,0.074,-1.119,-0.027,-0.056,-0.059,0.214,-0.035,-0.004,-0.088,-0.006,0.444,-0.91,-0.054,-0.041,-0.054,-0.05
327.0,329.0,0.015,2.518,0.074,-1.119,-0.027,-0.056,-0.059,0.214,-0.035,-0.004,-0.088,-0.006,0.444,-0.91,-0.054,-0.041,-0.054,-0.05
327.0,330.0,0.015,2.519,0.074,-1.119,-0.027,-0.056,-0.059,0.214,-0.035,-0.004,-0.089,-0.006,0.444,-0.91,-0.054,-0.041,-0.054,-0.05
327.0,331.0,0.015,2.519,0.074,-1.119,-0.027,-0.056,-0.058,0.214,-0.035,-0.004,-0.089,-0.006,0.444,-0.91,-0.054,-0.041,-0.054,-0.05
327.0,332.0,0.015,2.519,0.074,-1.119,-0.027,-0.056,-0.058,0.214,-0.035,-0.004,-0.089,-0.006,0.444,-0.91,-0.054,-0.041,-0.054,-0.05
327.0,333.0,0.015,2.519,0.074,-1.119,-0.027,-0.056,-0.058,0.214,-0.035,-0.004,-0.089,-0.006,0.444,-0.91,-0.054,-0.041,-0.054,-0.05
327.0,334.0,0.015,2.519,0.074,-1.119,-0.027,-0.056,-0.058,0.214,-0.035,-0.004,-0.089,-0.006,0.444,-0.91,-0.054,-0.041,-0.054,-0.05
327.0,335.0,0.015,2.519,0.074,-1.119,-0.027,-0.056,-0.058,0.214,-0.036,-0.004,-0.089,-0.006,0.444,-0.91,-0.054,-0.041,-0.054,-0.05
327.0,336.0,0.015,2.519,0.074,-1.119,-0.027,-0.056,-0.058,0.214,-0.036,-0.004,-0.089,-0.006,0.444,-0.91,-0.054,-0.041,-0.054,-0.05
327.0,337.0,0.015,2.519,0.074,-1.119,-0.027,-0.056,-0.058,0.214,-0.036,-0.004,-0.089,-0.006,0.444,-0.91,-0.054,-0.041,-0.054,-0.05
327.0,338.0,0.015,2.519,0.074,-1.119,-0.027,-0.056,-0.058,0.214,-0.036,-0.004,-0.089,-0.006,0.444,-0.91,-0.054,-0.041,-0.054,-0.05
327.0,339.0,0.015,2.519,0.074,-1.119,-0.027,-0.056,-0.058,0.214,-0.036,-0.004,-0.089,-0.006,0.444,-0.91,-0.054,-0.041,-0.054,-0.05
328.0,329.0,0.014,2.612,0.073,-1.118,-0.124,-0.118,-0.058,0.208,-0.037,-0.0,-0.081,-0.004,0.507,-1.472,-0.05,-0.053,-0.056,-0.049
328.0,330.0,0.014,2.612,0.073,-1.118,-0.124,-0.118,-0.058,0.208,-0.037,-0.0,-0.081,-0.004,0.507,-1.472,-0.05,-0.053,-0.056,-0.049
328.0,331.0,0.014,2.612,0.073,-1.118,-0.124,-0.118,-0.058,0.208,-0.037,-0.0,-0.081,-0.004,0.507,-1.472,-0.05,-0.053,-0.056,-0.049
328.0,332.0,0.014,2.612,0.073,-1.118,-0.124,-0.118,-0.058,0.208,-0.037,-0.0,-0.081,-0.004,0.507,-1.472,-0.05,-0.053,-0.056,-0.049
328.0,333.0,0.014,2.612,0.073,-1.118,-0.124,-0.118,-0.058,0.208,-0.037,-0.0,-0.081,-0.004,0.507,-1.472,-0.05,-0.053,-0.056,-0.049
328.0,334.0,0.014,2.613,0.073,-1.118,-0.124,-0.118,-0.058,0.208,-0.037,-0.0,-0.081,-0.004,0.507,-1.472,-0.05,-0.053,-0.056,-0.049
328.0,335.0,0.014,2.613,0.073,-1.118,-0.124,-0.118,-0.058,0.208,-0.037,-0.0,-0.081,-0.004,0.507,-1.472,-0.05,-0.053,-0.056,-0.049
328.0,336.0,0.014,2.613,0.073,-1.118,-0.124,-0.118,-0.058,0.208,-0.037,-0.0,-0.081,-0.004,0.507,-1.472,-0.05,-0.053,-0.056,-0.049
328.0,337.0,0.014,2.613,0.073,-1.118,-0.124,-0.118,-0.058,0.208,-0.037,-0.0,-0.081,-0.004,0.507,-1.472,-0.05,-0.053,-0.056,-0.049
328.0,338.0,0.014,2.613,0.073,-1.118,-0.124,-0.118,-0.058,0.208,-0.037,-0.0,-0.081,-0.004,0.507,-1.472,-0.05,-0.053,-0.056,-0.049
328.0,339.0,0.014,2.613,0.073,-1.118,-0.124,-0.118,-0.058,0.208,-0.038,-0.0,-0.081,-0.004,0.507,-1.472,-0.05,-0.053,-0.056,-0.049
328.0,340.0,0.014,2.613,0.073,-1.118,-0.124,-0.118,-0.058,0.208,-0.038,-0.0,-0.081,-0.004,0.507,-1.472,-0.05,-0.053,-0.056,-0.049
329.0,330.0,0.018,2.231,0.071,-1.274,-0.049,-0.041,-0.053,0.122,-0.043,-0.007,-0.092,-0.003,-0.355,-1.112,0.068,-0.04,-0.051,-0.051
329.0,331.0,0.018,2.231,0.071,-1.274,-0.049,-0.041,-0.053,0.122,-0.043,-0.007,-0.092,-0.003,-0.355,-1.112,0.068,-0.04,-0.051,-0.051
329.0,332.0,0.018,2.231,0.071,-1.274,-0.049,-0.041,-0.053,0.122,-0.043,-0.007,-0.092,-0.003,-0.355,-1.112,0.068,-0.04,-0.051,-0.051
329.0,333.0,0.018,2.231,0.071,-1.274,-0.049,-0.041,-0.053,0.122,-0.043,-0.007,-0.092,-0.003,-0.355,-1.112,0.068,-0.04,-0.051,-0.051
329.0,334.0,0.018,2.231,0.071,-1.274,-0.049,-0.041,-0.053,0.122,-0.043,-0.007,-0.092,-0.003,-0.355,-1.112,0.069,-0.04,-0.051,-0.051
329.0,335.0,0.018,2.231,0.071,-1.274,-0.049,-0.041,-0.053,0.122,-0.043,-0.007,-0.092,-0.003,-0.355,-1.112,0.069,-0.04,-0.051,-0.051
329.0,336.0,0.018,2.231,0.071,-1.274,-0.049,-0.041,-0.053,0.122,-0.043,-0.007,-0.092,-0.003,-0.355,-1.112,0.069,-0.04,-0.051,-0.051
329.0,337.0,0.018,2.231,0.071,-1.274,-0.049,-0.041,-0.053,0.122,-0.043,-0.007,-0.092,-0.003,-0.355,-1.112,0.069,-0.04,-0.051,-0.051
329.0,338.0,0.018,2.231,0.071,-1.274,-0.049,-0.041,-0.053,0.122,-0.043,-0.007,-0.092,-0.003,-0.355,-1.112,0.069,-0.04,-0.051,-0.051
329.0,339.0,0.018,2.231,0.071,-1.274,-0.049,-0.041,-0.053,0.122,-0.043,-0.007,-0.092,-0.003,-0.355,-1.112,0.069,-0.04,-0.051,-0.051
329.0,340.0,0.018,2.232,0.071,-1.274,-0.049,-0.041,-0.053,0.122,-0.043,-0.007,-0.092,-0.003,-0.355,-1.112,0.069,-0.04,-0.051,-0.051
329.0,341.0,0.018,2.232,0.071,-1.274,-0.049,-0.041,-0.053,0.122,-0.043,-0.007,-0.092,-0.003,-0.355,-1.112,0.069,-0.04,-0.051,-0.051
330.0,331.0,0.012,2.626,0.085,-1.001,-0.154,-0.316,-0.082,0.226,-0.04,-0.002,-0.084,-0.005,0.015,-1.143,-0.048,-0.066,-0.053,-0.047
330.0,332.0,0.012,2.626,0.085,-1.001,-0.154,-0.316,-0.082,0.226,-0.04,-0.002,-0.084,-0.005,0.015,-1.143,-0.048,-0.066,-0.053,-0.047
330.0,333.0,0.012,2.626,0.085,-1.001,-0.154,-0.316,-0.082,0.226,-0.04,-0.002,-0.084,-0.005,0.015,-1.143,-0.048,-0.066,-0.053,-0.047
330.0,334.0,0.012,2.626,0.085,-1.001,-0.154,-0.316,-0.082,0.226,-0.04,-0.002,-0.084,-0.005,0.015,-1.143,-0.048,-0.066,-0.053,-0.047
330.0,335.0,0.012,2.626,0.085,-1.001,-0.154,-0.316,-0.082,0.226,-0.04,-0.002,-0.084,-0.005,0.015,-1.143,-0.048,-0.066,-0.053,-0.047
330.0,336.0,0.012,2.626,0.085,-1.001,-0.154,-0.316,-0.082,0.226,-0.04,-0.002,-0.084,-0.005,0.015,-1.143,-0.048,-0.066,-0.053,-0.047
330.0,337.0,0.012,2.626,0.085,-1.001,-0.154,-0.316,-0.082,0.226,-0.04,-0.002,-0.084,-0.005,0.015,-1.143,-0.048,-0.066,-0.053,-0.047
330.0,338.0,0.012,2.626,0.085,-1.001,-0.154,-0.316,-0.082,0.226,-0.04,-0.002,-0.084,-0.005,0.015,-1.143,-0.048,-0.066,-0.053,-0.047
330.0,339.0,0.012,2.626,0.085,-1.001,-0.154,-0.316,-0.082,0.226,-0.04,-0.002,-0.084,-0.005,0.015,-1.143,-0.048,-0.066,-0.053,-0.047
330.0,340.0,0.012,2.626,0.085,-1.001,-0.154,-0.316,-0.082,0.226,-0.04,-0.002,-0.084,-0.005,0.015,-1.143,-0.048,-0.066,-0.053,-0.047
330.0,341.0,0.012,2.626,0.085,-1.001,-0.154,-0.316,-0.082,0.226,-0.04,-0.002,-0.084,-0.005,0.015,-1.143,-0.048,-0.066,-0.053,-0.047
330.0,342.0,0.012,2.626,0.085,-1.001,-0.154,-0.316,-0.082,0.226,-0.04,-0.002,-0.084,-0.005,0.015,-1.143,-0.048,-0.066,-0.053,-0.047
331.0,332.0,0.017,2.149,0.073,-1.077,-0.072,-0.039,-0.059,0.088,-0.039,-0.005,-0.104,-0.012,0.305,-1.251,-1.179,-0.049,-0.051,-0.05
331.0,333.0,0.017,2.149,0.073,-1.076,-0.072,-0.039,-0.059,0.088,-0.039,-0.005,-0.104,-0.012,0.305,-1.251,-1.179,-0.049,-0.051,-0.05
331.0,334.0,0.017,2.149,0.073,-1.076,-0.072,-0.039,-0.059,0.088,-0.039,-0.005,-0.104,-0.012,0.305,-1.251,-1.179,-0.049,-0.051,-0.05
331.0,335.0,0.017,2.149,0.073,-1.076,-0.072,-0.039,-0.059,0.088,-0.039,-0.005,-0.104,-0.012,0.305,-1.251,-1.179,-0.049,-0.051,-0.05
331.0,336.0,0.017,2.149,0.073,-1.076,-0.072,-0.039,-0.059,0.088,-0.039,-0.005,-0.104,-0.012,0.305,-1.251,-1.179,-0.049,-0.051,-0.05
331.0,337.0,0.017,2.149,0.073,-1.076,-0.072,-0.039,-0.059,0.088,-0.039,-0.005,-0.104,-0.012,0.305,-1.251,-1.179,-0.049,-0.051,-0.05
331.0,338.0,0.017,2.149,0.073,-1.076,-0.072,-0.039,-0.059,0.087,-0.039,-0.005,-0.104,-0.012,0.305,-1.251,-1.179,-0.049,-0.051,-0.05
331.0,339.0,0.017,2.149,0.073,-1.076,-0.072,-0.039,-0.059,0.087,-0.039,-0.005,-0.104,-0.012,0.305,-1.251,-1.179,-0.049,-0.051,-0.05
331.0,340.0,0.017,2.149,0.073,-1.076,-0.072,-0.039,-0.059,0.087,-0.039,-0.005,-0.104,-0.012,0.305,-1.251,-1.179,-0.049,-0.051,-0.05
331.0,341.0,0.017,2.149,0.073,-1.076,-0.072,-0.039,-0.059,0.087,-0.039,-0.005,-0.104,-0.012,0.305,-1.251,-1.179,-0.049,-0.051,-0.05
331.0,342.0,0.017,2.149,0.073,-1.076,-0.072,-0.039,-0.059,0.087,-0.039,-0.005,-0.105,-0.012,0.305,-1.251,-1.179,-0.049,-0.051,-0.05
331.0,343.0,0.017,2.149,0.073,-1.076,-0.072,-0.039,-0.059,0.087,-0.039,-0.005,-0.105,-0.012,0.305,-1.251,-1.179,-0.049,-0.051,-0.05
332.0,333.0,0.017,2.452,0.083,-1.264,-0.18,-0.33,-0.06,0.122,-0.038,-0.001,-0.086,-0.004,-0.078,-1.469,-0.43,-0.042,-0.052,-0.05
332.0,334.0,0.018,2.452,0.083,-1.264,-0.18,-0.33,-0.06,0.122,-0.038,-0.001,-0.086,-0.004,-0.078,-1.469,-0.43,-0.042,-0.052,-0.05
332.0,335.0,0.018,2.452,0.083,-1.264,-0.18,-0.33,-0.06,0.122,-0.038,-0.001,-0.086,-0.004,-0.078,-1.469,-0.43,-0.042,-0.052,-0.05
332.0,336.0,0.018,2.452,0.083,-1.264,-0.18,-0.33,-0.06,0.122,-0.038,-0.001,-0.086,-0.004,-0.078,-1.469,-0.43,-0.042,-0.052,-0.05
332.0,337.0,0.018,2.452,0.083,-1.264,-0.18,-0.33,-0.06,0.122,-0.038,-0.001,-0.086,-0.004,-0.078,-1.469,-0.43,-0.042,-0.052,-0.05
332.0,338.0,0.018,2.452,0.083,-1.264,-0.18,-0.33,-0.06,0.122,-0.038,-0.001,-0.086,-0.004,-0.078,-1.469,-0.43,-0.042,-0.052,-0.05
332.0,339.0,0.018,2.452,0.083,-1.264,-0.18,-0.33,-0.06,0.122,-0.038,-0.001,-0.086,-0.004,-0.078,-1.469,-0.43,-0.042,-0.052,-0.05
332.0,340.0,0.018,2.452,0.083,-1.264,-0.18,-0.33,-0.06,0.122,-0.038,-0.001,-0.086,-0.004,-0.078,-1.469,-0.43,-0.042,-0.052,-0.05
332.0,341.0,0.018,2.452,0.083,-1.264,-0.18,-0.33,-0.06,0.122,-0.038,-0.001,-0.086,-0.004,-0.078,-1.469,-0.43,-0.042,-0.052,-0.05
332.0,342.0,0.018,2.452,0.083,-1.264,-0.18,-0.33,-0.06,0.122,-0.038,-0.001,-0.086,-0.004,-0.078,-1.469,-0.43,-0.042,-0.052,-0.05
332.0,343.0,0.018,2.452,0.083,-1.264,-0.18,-0.33,-0.06,0.122,-0.038,-0.001,-0.086,-0.004,-0.078,-1.469,-0.43,-0.042,-0.052,-0.05
332.0,344.0,0.018,2.453,0.083,-1.264,-0.18,-0.33,-0.06,0.122,-0.038,-0.001,-0.086,-0.004,-0.078,-1.469,-0.43,-0.042,-0.052,-0.05
333.0,334.0,0.013,2.555,0.106,-0.997,-0.115,-0.622,-0.052,0.113,-0.024,-0.001,-0.086,-0.005,-0.062,-1.131,-0.092,-0.05,-0.05,-0.05
333.0,335.0,0.013,2.555,0.106,-0.997,-0.115,-0.622,-0.052,0.113,-0.024,-0.001,-0.086,-0.005,-0.062,-1.131,-0.092,-0.05,-0.05,-0.05
333.0,336.0,0.013,2.555,0.106,-0.997,-0.115,-0.622,-0.052,0.113,-0.024,-0.001,-0.086,-0.005,-0.062,-1.131,-0.092,-0.05,-0.05,-0.05
333.0,337.0,0.013,2.555,0.106,-0.997,-0.115,-0.622,-0.052,0.113,-0.024,-0.001,-0.086,-0.005,-0.062,-1.131,-0.092,-0.05,-0.05,-0.05
333.0,338.0,0.013,2.555,0.106,-0.997,-0.115,-0.622,-0.052,0.113,-0.024,-0.001,-0.086,-0.005,-0.062,-1.131,-0.092,-0.05,-0.05,-0.05
333.0,339.0,0.013,2.555,0.106,-0.997,-0.115,-0.622,-0.052,0.113,-0.024,-0.001,-0.086,-0.005,-0.062,-1.131,-0.092,-0.05,-0.05,-0.05
333.0,340.0,0.013,2.555,0.106,-0.997,-0.115,-0.622,-0.052,0.113,-0.024,-0.001,-0.086,-0.005,-0.062,-1.131,-0.092,-0.05,-0.05,-0.05
333.0,341.0,0.013,2.555,0.106,-0.997,-0.115,-0.622,-0.052,0.113,-0.024,-0.001,-0.086,-0.005,-0.062,-1.131,-0.092,-0.05,-0.05,-0.05
333.0,342.0,0.013,2.555,0.106,-0.997,-0.115,-0.622,-0.052,0.113,-0.024,-0.001,-0.086,-0.005,-0.062,-1.131,-0.092,-0.05,-0.05,-0.05
333.0,343.0,0.013,2.555,0.106,-0.997,-0.115,-0.622,-0.052,0.113,-0.024,-0.001,-0.086,-0.005,-0.062,-1.131,-0.092,-0.05,-0.05,-0.05
333.0,344.0,0.013,2.555,0.106,-0.997,-0.115,-0.622,-0.052,0.113,-0.024,-0.001,-0.086,-0.005,-0.062,-1.131,-0.092,-0.05,-0.05,-0.05
333.0,345.0,0.013,2.555,0.106,-0.997,-0.115,-0.622,-0.052,0.113,-0.024,-0.001,-0.086,-0.005,-0.062,-1.131,-0.092,-0.05,-0.05,-0.05
334.0,335.0,0.019,2.589,0.085,-1.259,-0.087,-0.42,-0.059,0.18,-0.037,-0.002,-0.087,-0.006,-0.048,-1.084,-0.397,-0.048,-0.05,-0.05
334.0,336.0,0.019,2.589,0.085,-1.259,-0.087,-0.42,-0.059,0.18,-0.037,-0.002,-0.087,-0.006,-0.048,-1.084,-0.397,-0.048,-0.05,-0.05
334.0,337.0,0.019,2.589,0.085,-1.259,-0.087,-0.42,-0.059,0.18,-0.037,-0.002,-0.087,-0.006,-0.048,-1.084,-0.397,-0.048,-0.05,-0.05
334.0,338.0,0.019,2.589,0.085,-1.259,-0.087,-0.42,-0.059,0.18,-0.037,-0.002,-0.087,-0.006,-0.048,-1.084,-0.397,-0.048,-0.05,-0.05
334.0,339.0,0.019,2.589,0.085,-1.259,-0.087,-0.42,-0.059,0.18,-0.037,-0.002,-0.087,-0.006,-0.048,-1.084,-0.397,-0.048,-0.05,-0.05
334.0,340.0,0.019,2.589,0.085,-1.259,-0.087,-0.42,-0.059,0.18,-0.037,-0.002,-0.087,-0.006,-0.048,-1.084,-0.397,-0.048,-0.05,-0.05
334.0,341.0,0.019,2.589,0.085,-1.259,-0.087,-0.42,-0.059,0.18,-0.037,-0.002,-0.087,-0.006,-0.048,-1.084,-0.397,-0.048,-0.05,-0.05
334.0,342.0,0.019,2.589,0.085,-1.259,-0.087,-0.42,-0.059,0.18,-0.037,-0.002,-0.087,-0.006,-0.048,-1.084,-0.397,-0.048,-0.05,-0.05
334.0,343.0,0.019,2.589,0.085,-1.259,-0.087,-0.42,-0.059,0.18,-0.037,-0.002,-0.087,-0.006,-0.048,-1.084,-0.397,-0.048,-0.05,-0.05
334.0,344.0,0.019,2.589,0.085,-1.259,-0.087,-0.42,-0.059,0.18,-0.037,-0.002,-0.087,-0.006,-0.048,-1.084,-0.397,-0.048,-0.05,-0.05
334.0,345.0,0.019,2.589,0.085,-1.259,-0.087,-0.42,-0.059,0.18,-0.037,-0.002,-0.087,-0.006,-0.048,-1.084,-0.397,-0.048,-0.05,-0.05
334.0,346.0,0.019,2.589,0.085,-1.259,-0.087,-0.42,-0.059,0.18,-0.037,-0.002,-0.087,-0.006,-0.048,-1.084,-0.397,-0.048,-0.05,-0.05
335.0,336.0,0.015,2.415,0.075,-1.047,-0.009,-0.106,-0.071,0.188,-0.044,-0.006,-0.103,-0.013,0.372,-1.165,-1.055,-0.05,-0.055,-0.05
335.0,337.0,0.015,2.415,0.075,-1.047,-0.009,-0.106,-0.071,0.188,-0.044,-0.006,-0.103,-0.013,0.372,-1.165,-1.055,-0.05,-0.055,-0.05
335.0,338.0,0.015,2.415,0.075,-1.047,-0.009,-0.106,-0.071,0.188,-0.044,-0.006,-0.103,-0.013,0.372,-1.165,-1.055,-0.05,-0.055,-0.05
335.0,339.0,0.015,2.415,0.075,-1.047,-0.009,-0.106,-0.071,0.188,-0.044,-0.006,-0.103,-0.013,0.372,-1.165,-1.055,-0.05,-0.055,-0.05
335.0,340.0,0.015,2.415,0.075,-1.047,-0.009,-0.106,-0.071,0.188,-0.044,-0.006,-0.103,-0.013,0.372,-1.165,-1.055,-0.05,-0.055,-0.05
335.0,341.0,0.015,2.415,0.075,-1.047,-0.009,-0.106,-0.071,0.188,-0.044,-0.006,-0.103,-0.013,0.372,-1.165,-1.055,-0.05,-0.055,-0.05
335.0,342.0,0.015,2.415,0.075,-1.047,-0.009,-0.106,-0.071,0.188,-0.044,-0.006,-0.103,-0.013,0.372,-1.165,-1.055,-0.051,-0.055,-0.05
335.0,343.0,0.015,2.415,0.075,-1.047,-0.009,-0.106,-0.071,0.188,-0.044,-0.006,-0.103,-0.013,0.372,-1.165,-1.055,-0.051,-0.055,-0.05
335.0,344.0,0.015,2.415,0.075,-1.047,-0.009,-0.106,-0.071,0.188,-0.044,-0.006,-0.103,-0.013,0.372,-1.165,-1.055,-0.051,-0.055,-0.05
335.0,345.0,0.015,2.415,0.075,-1.047,-0.009,-0.106,-0.071,0.188,-0.044,-0.006,-0.103,-0.013,0.372,-1.165,-1.055,-0.051,-0.055,-0.05
335.0,346.0,0.015,2.415,0.075,-1.047,-0.008,-0.106,-0.071,0.188,-0.044,-0.006,-0.103,-0.013,0.372,-1.165,-1.055,-0.051,-0.055,-0.05
335.0,347.0,0.015,2.415,0.075,-1.047,-0.008,-0.106,-0.071,0.188,-0.044,-0.006,-0.103,-0.013,0.372,-1.165,-1.055,-0.051,-0.055,-0.05
336.0,337.0,0.012,2.153,0.068,-0.621,-0.103,-0.004,-0.089,0.054,-0.051,-0.01,-0.27,-0.048,0.415,-0.736,-0.527,-0.049,-0.05,-0.048
336.0,338.0,0.013,2.154,0.068,-0.621,-0.103,-0.005,-0.089,0.054,-0.051,-0.01,-0.27,-0.048,0.415,-0.736,-0.527,-0.049,-0.05,-0.048
336.0,339.0,0.013,2.154,0.068,-0.621,-0.103,-0.005,-0.089,0.053,-0.051,-0.01,-0.27,-0.048,0.415,-0.736,-0.527,-0.049,-0.05,-0.048
336.0,340.0,0.013,2.154,0.068,-0.62,-0.103,-0.005,-0.089,0.053,-0.051,-0.01,-0.27,-0.048,0.415,-0.736,-0.527,-0.049,-0.05,-0.048
336.0,341.0,0.013,2.154,0.068,-0.62,-0.103,-0.005,-0.089,0.053,-0.051,-0.01,-0.27,-0.048,0.415,-0.736,-0.527,-0.049,-0.05,-0.048
336.0,342.0,0.013,2.154,0.068,-0.62,-0.103,-0.005,-0.089,0.053,-0.051,-0.01,-0.27,-0.048,0.415,-0.736,-0.527,-0.049,-0.05,-0.048
336.0,343.0,0.013,2.154,0.068,-0.62,-0.103,-0.005,-0.089,0.053,-0.051,-0.01,-0.27,-0.048,0.415,-0.736,-0.527,-0.049,-0.05,-0.048
336.0,344.0,0.013,2.154,0.068,-0.62,-0.103,-0.005,-0.089,0.053,-0.051,-0.01,-0.271,-0.048,0.416,-0.736,-0.527,-0.049,-0.05,-0.048
336.0,345.0,0.013,2.154,0.068,-0.62,-0.103,-0.005,-0.089,0.053,-0.051,-0.01,-0.271,-0.048,0.416,-0.736,-0.527,-0.049,-0.05,-0.048
336.0,346.0,0.013,2.154,0.068,-0.62,-0.103,-0.005,-0.089,0.053,-0.051,-0.01,-0.271,-0.048,0.416,-0.736,-0.527,-0.049,-0.05,-0.048
336.0,347.0,0.013,2.154,0.068,-0.62,-0.103,-0.005,-0.089,0.053,-0.051,-0.01,-0.271,-0.048,0.416,-0.736,-0.527,-0.049,-0.05,-0.048
336.0,348.0,0.013,2.154,0.068,-0.62,-0.102,-0.005,-0.089,0.053,-0.051,-0.01,-0.271,-0.048,0.416,-0.736,-0.527,-0.049,-0.05,-0.048
337.0,338.0,0.017,2.469,0.072,-1.086,-0.109,-0.03,-0.057,0.14,-0.033,-0.009,-0.117,-0.017,0.8,-0.469,-0.221,-0.048,-0.05,-0.05
337.0,339.0,0.017,2.469,0.072,-1.086,-0.109,-0.03,-0.057,0.14,-0.033,-0.009,-0.117,-0.017,0.8,-0.469,-0.221,-0.048,-0.05,-0.05
337.0,340.0,0.017,2.469,0.072,-1.086,-0.109,-0.03,-0.057,0.14,-0.033,-0.009,-0.117,-0.017,0.8,-0.469,-0.221,-0.048,-0.05,-0.05
337.0,341.0,0.017,2.469,0.072,-1.086,-0.109,-0.03,-0.057,0.14,-0.033,-0.009,-0.117,-0.017,0.8,-0.469,-0.221,-0.048,-0.05,-0.05
337.0,342.0,0.017,2.469,0.072,-1.086,-0.109,-0.03,-0.057,0.14,-0.033,-0.01,-0.117,-0.016,0.8,-0.469,-0.221,-0.048,-0.05,-0.05
337.0,343.0,0.017,2.469,0.072,-1.086,-0.109,-0.03,-0.057,0.14,-0.033,-0.01,-0.117,-0.016,0.8,-0.469,-0.221,-0.048,-0.05,-0.05
337.0,344.0,0.017,2.469,0.072,-1.086,-0.109,-0.03,-0.057,0.14,-0.033,-0.01,-0.117,-0.016,0.8,-0.469,-0.221,-0.048,-0.05,-0.05
337.0,345.0,0.017,2.469,0.072,-1.086,-0.109,-0.03,-0.057,0.14,-0.033,-0.01,-0.117,-0.016,0.8,-0.469,-0.221,-0.048,-0.05,-0.05
337.0,346.0,0.017,2.469,0.072,-1.086,-0.109,-0.03,-0.057,0.14,-0.033,-0.01,-0.117,-0.016,0.8,-0.469,-0.221,-0.048,-0.05,-0.05
337.0,347.0,0.017,2.469,0.072,-1.086,-0.109,-0.03,-0.057,0.14,-0.033,-0.01,-0.117,-0.016,0.8,-0.469,-0.221,-0.048,-0.05,-0.05
337.0,348.0,0.017,2.469,0.072,-1.086,-0.109,-0.03,-0.057,0.14,-0.033,-0.01,-0.117,-0.016,0.8,-0.469,-0.221,-0.048,-0.05,-0.05
337.0,349.0,0.017,2.469,0.072,-1.086,-0.109,-0.03,-0.057,0.14,-0.033,-0.01,-0.117,-0.016,0.8,-0.469,-0.221,-0.048,-0.05,-0.05
338.0,339.0,0.015,2.603,0.075,-0.993,-0.111,-0.024,-0.067,0.197,-0.035,-0.01,-0.121,-0.017,0.778,-0.485,-0.242,-0.047,-0.05,-0.05
338.0,340.0,0.015,2.603,0.075,-0.993,-0.111,-0.024,-0.067,0.197,-0.035,-0.01,-0.121,-0.017,0.778,-0.485,-0.242,-0.048,-0.05,-0.05
338.0,341.0,0.015,2.603,0.075,-0.993,-0.111,-0.024,-0.067,0.197,-0.035,-0.01,-0.121,-0.017,0.778,-0.485,-0.242,-0.048,-0.05,-0.05
338.0,342.0,0.015,2.603,0.075,-0.993,-0.111,-0.024,-0.067,0.197,-0.035,-0.01,-0.121,-0.017,0.778,-0.485,-0.242,-0.048,-0.05,-0.05
338.0,343.0,0.015,2.603,0.075,-0.993,-0.111,-0.024,-0.067,0.197,-0.035,-0.01,-0.121,-0.017,0.778,-0.485,-0.242,-0.048,-0.05,-0.05
338.0,344.0,0.015,2.603,0.075,-0.993,-0.111,-0.024,-0.067,0.197,-0.035,-0.01,-0.121,-0.017,0.778,-0.485,-0.242,-0.048,-0.05,-0.05
338.0,345.0,0.015,2.603,0.075,-0.993,-0.111,-0.024,-0.067,0.197,-0.035,-0.01,-0.121,-0.016,0.778,-0.485,-0.242,-0.048,-0.05,-0.05
338.0,346.0,0.015,2.603,0.075,-0.993,-0.111,-0.024,-0.067,0.197,-0.035,-0.01,-0.121,-0.016,0.778,-0.485,-0.242,-0.048,-0.05,-0.05
338.0,347.0,0.015,2.603,0.075,-0.993,-0.111,-0.024,-0.067,0.197,-0.035,-0.01,-0.121,-0.016,0.777,-0.485,-0.242,-0.048,-0.05,-0.05
338.0,348.0,0.015,2.603,0.075,-0.993,-0.111,-0.024,-0.067,0.197,-0.035,-0.01,-0.121,-0.016,0.777,-0.485,-0.242,-0.048,-0.05,-0.05
338.0,349.0,0.015,2.603,0.075,-0.993,-0.111,-0.024,-0.067,0.197,-0.035,-0.01,-0.121,-0.016,0.777,-0.485,-0.242,-0.048,-0.05,-0.05
338.0,350.0,0.015,2.603,0.075,-0.993,-0.111,-0.024,-0.067,0.197,-0.035,-0.01,-0.121,-0.016,0.777,-0.485,-0.242,-0.048,-0.05,-0.05
339.0,340.0,0.019,2.636,0.069,-1.159,-0.071,-0.059,-0.06,0.205,-0.039,-0.003,-0.1,-0.011,-0.021,-1.56,-1.566,-0.051,-0.05,-0.05
339.0,341.0,0.019,2.636,0.069,-1.159,-0.071,-0.059,-0.06,0.205,-0.039,-0.003,-0.1,-0.011,-0.021,-1.56,-1.566,-0.051,-0.05,-0.05
339.0,342.0,0.019,2.637,0.069,-1.159,-0.071,-0.059,-0.06,0.205,-0.039,-0.003,-0.1,-0.011,-0.021,-1.56,-1.566,-0.051,-0.05,-0.05
339.0,343.0,0.019,2.637,0.069,-1.159,-0.071,-0.059,-0.06,0.205,-0.039,-0.003,-0.1,-0.011,-0.021,-1.56,-1.566,-0.051,-0.05,-0.05
339.0,344.0,0.019,2.637,0.069,-1.159,-0.071,-0.059,-0.06,0.205,-0.039,-0.003,-0.1,-0.011,-0.021,-1.56,-1.566,-0.051,-0.05,-0.05
339.0,345.0,0.019,2.637,0.069,-1.159,-0.071,-0.059,-0.06,0.205,-0.039,-0.004,-0.1,-0.011,-0.021,-1.56,-1.566,-0.051,-0.05,-0.05
339.0,346.0,0.019,2.637,0.069,-1.159,-0.071,-0.059,-0.06,0.205,-0.039,-0.004,-0.1,-0.011,-0.021,-1.56,-1.566,-0.051,-0.05,-0.05
339.0,347.0,0.019,2.637,0.069,-1.159,-0.071,-0.059,-0.06,0.205,-0.039,-0.004,-0.1,-0.011,-0.021,-1.56,-1.566,-0.051,-0.05,-0.05
339.0,348.0,0.019,2.637,0.069,-1.159,-0.071,-0.059,-0.06,0.205,-0.039,-0.004,-0.1,-0.011,-0.021,-1.56,-1.566,-0.051,-0.05,-0.05
339.0,349.0,0.019,2.637,0.069,-1.159,-0.071,-0.059,-0.06,0.205,-0.039,-0.004,-0.1,-0.011,-0.021,-1.56,-1.566,-0.051,-0.05,-0.05
339.0,350.0,0.019,2.637,0.069,-1.159,-0.071,-0.059,-0.06,0.205,-0.039,-0.004,-0.1,-0.011,-0.021,-1.56,-1.566,-0.051,-0.05,-0.05
339.0,351.0,0.019,2.637,0.069,-1.159,-0.071,-0.059,-0.06,0.205,-0.039,-0.004,-0.1,-0.011,-0.021,-1.56,-1.566,-0.051,-0.05,-0.05
340.0,341.0,0.013,2.299,0.063,-0.77,-0.066,-0.042,-0.06,0.075,-0.044,-0.011,-0.251,-0.051,0.438,-0.517,-0.272,-0.057,-0.05,-0.05
340.0,342.0,0.013,2.299,0.063,-0.77,-0.066,-0.042,-0.06,0.075,-0.044,-0.011,-0.251,-0.051,0.438,-0.517,-0.272,-0.057,-0.05,-0.05
340.0,343.0,0.013,2.299,0.063,-0.77,-0.066,-0.042,-0.06,0.075,-0.044,-0.011,-0.251,-0.051,0.438,-0.517,-0.272,-0.057,-0.05,-0.05
340.0,344.0,0.013,2.299,0.063,-0.77,-0.066,-0.042,-0.06,0.075,-0.044,-0.011,-0.251,-0.051,0.438,-0.517,-0.272,-0.057,-0.05,-0.05
340.0,345.0,0.013,2.299,0.063,-0.77,-0.065,-0.042,-0.06,0.075,-0.044,-0.011,-0.251,-0.051,0.438,-0.517,-0.272,-0.057,-0.05,-0.05
340.0,346.0,0.013,2.299,0.063,-0.77,-0.065,-0.042,-0.06,0.075,-0.044,-0.011,-0.251,-0.051,0.439,-0.517,-0.272,-0.057,-0.05,-0.05
340.0,347.0,0.013,2.299,0.063,-0.77,-0.065,-0.042,-0.06,0.075,-0.044,-0.011,-0.251,-0.051,0.439,-0.517,-0.272,-0.057,-0.05,-0.05
340.0,348.0,0.013,2.299,0.063,-0.77,-0.065,-0.042,-0.06,0.075,-0.044,-0.011,-0.251,-0.051,0.439,-0.517,-0.272,-0.057,-0.05,-0.05
340.0,349.0,0.013,2.299,0.063,-0.77,-0.065,-0.042,-0.06,0.075,-0.044,-0.011,-0.251,-0.051,0.439,-0.517,-0.272,-0.057,-0.05,-0.05
340.0,350.0,0.013,2.299,0.063,-0.77,-0.065,-0.042,-0.06,0.075,-0.044,-0.011,-0.251,-0.051,0.439,-0.517,-0.272,-0.057,-0.05,-0.05
340.0,351.0,0.013,2.299,0.063,-0.77,-0.065,-0.042,-0.06,0.075,-0.044,-0.011,-0.251,-0.051,0.439,-0.517,-0.272,-0.057,-0.05,-0.05
340.0,352.0,0.013,2.299,0.063,-0.77,-0.065,-0.043,-0.06,0.075,-0.044,-0.011,-0.251,-0.051,0.439,-0.517,-0.272,-0.057,-0.05,-0.05
341.0,342.0,0.021,2.659,0.065,-1.193,-0.333,-0.037,-0.061,0.139,-0.037,-0.004,-0.102,-0.012,-0.048,-1.087,-1.07,-0.05,-0.051,-0.05
341.0,343.0,0.021,2.659,0.065,-1.193,-0.333,-0.037,-0.061,0.139,-0.037,-0.004,-0.102,-0.012,-0.048,-1.088,-1.07,-0.05,-0.051,-0.05
341.0,344.0,0.021,2.659,0.065,-1.193,-0.333,-0.037,-0.061,0.139,-0.037,-0.004,-0.102,-0.012,-0.048,-1.088,-1.07,-0.05,-0.051,-0.05
341.0,345.0,0.021,2.659,0.065,-1.193,-0.333,-0.037,-0.061,0.139,-0.037,-0.004,-0.102,-0.012,-0.049,-1.088,-1.07,-0.05,-0.051,-0.05
341.0,346.0,0.021,2.659,0.065,-1.193,-0.333,-0.037,-0.061,0.139,-0.037,-0.004,-0.102,-0.012,-0.049,-1.088,-1.07,-0.05,-0.051,-0.05
341.0,347.0,0.021,2.659,0.065,-1.193,-0.333,-0.037,-0.061,0.139,-0.037,-0.004,-0.102,-0.012,-0.049,-1.088,-1.07,-0.05,-0.05,-0.05
341.0,348.0,0.021,2.659,0.065,-1.193,-0.333,-0.037,-0.061,0.139,-0.037,-0.004,-0.102,-0.012,-0.049,-1.088,-1.07,-0.05,-0.05,-0.05
341.0,349.0,0.021,2.659,0.065,-1.193,-0.333,-0.037,-0.061,0.139,-0.037,-0.004,-0.102,-0.012,-0.049,-1.088,-1.07,-0.05,-0.05,-0.05
341.0,350.0,0.021,2.659,0.065,-1.193,-0.333,-0.037,-0.061,0.139,-0.037,-0.005,-0.102,-0.012,-0.049,-1.088,-1.07,-0.051,-0.05,-0.05
341.0,351.0,0.021,2.659,0.065,-1.193,-0.333,-0.037,-0.061,0.139,-0.037,-0.005,-0.102,-0.012,-0.049,-1.088,-1.07,-0.051,-0.05,-0.05
341.0,352.0,0.021,2.659,0.065,-1.193,-0.333,-0.037,-0.061,0.139,-0.037,-0.005,-0.102,-0.011,-0.049,-1.088,-1.07,-0.051,-0.05,-0.05
341.0,353.0,0.021,2.659,0.065,-1.193,-0.333,-0.037,-0.061,0.139,-0.037,-0.005,-0.101,-0.011,-0.049,-1.088,-1.07,-0.051,-0.05,-0.05
342.0,343.0,0.026,2.572,0.062,-1.361,-0.119,-0.027,-0.058,0.178,-0.036,-0.004,-0.115,-0.014,-0.06,-0.515,-0.317,-0.05,-0.051,-0.049
342.0,344.0,0.026,2.572,0.062,-1.361,-0.119,-0.027,-0.058,0.178,-0.036,-0.004,-0.115,-0.014,-0.06,-0.515,-0.317,-0.05,-0.051,-0.049
342.0,345.0,0.026,2.572,0.062,-1.361,-0.119,-0.027,-0.058,0.178,-0.036,-0.004,-0.115,-0.014,-0.06,-0.515,-0.317,-0.05,-0.051,-0.049
342.0,346.0,0.026,2.572,0.062,-1.361,-0.119,-0.027,-0.058,0.178,-0.036,-0.005,-0.115,-0.014,-0.06,-0.515,-0.317,-0.05,-0.051,-0.049
342.0,347.0,0.026,2.572,0.062,-1.361,-0.119,-0.027,-0.058,0.178,-0.036,-0.005,-0.115,-0.014,-0.06,-0.515,-0.317,-0.05,-0.051,-0.049
342.0,348.0,0.026,2.572,0.062,-1.361,-0.119,-0.027,-0.058,0.178,-0.036,-0.005,-0.115,-0.014,-0.06,-0.515,-0.317,-0.05,-0.051,-0.049
342.0,349.0,0.026,2.572,0.062,-1.361,-0.119,-0.027,-0.058,0.178,-0.036,-0.005,-0.115,-0.014,-0.06,-0.515,-0.317,-0.05,-0.051,-0.049
342.0,350.0,0.026,2.572,0.062,-1.361,-0.119,-0.027,-0.058,0.178,-0.036,-0.005,-0.115,-0.014,-0.06,-0.515,-0.317,-0.051,-0.051,-0.049
342.0,351.0,0.026,2.572,0.062,-1.361,-0.119,-0.027,-0.058,0.178,-0.036,-0.005,-0.115,-0.014,-0.06,-0.515,-0.317,-0.051,-0.051,-0.049
342.0,352.0,0.026,2.572,0.062,-1.361,-0.119,-0.027,-0.058,0.178,-0.036,-0.005,-0.115,-0.014,-0.06,-0.515,-0.317,-0.051,-0.051,-0.049
342.0,353.0,0.026,2.572,0.062,-1.361,-0.119,-0.027,-0.058,0.178,-0.036,-0.005,-0.115,-0.014,-0.06,-0.515,-0.317,-0.051,-0.051,-0.049
342.0,354.0,0.026,2.572,0.062,-1.361,-0.119,-0.027,-0.058,0.178,-0.036,-0.005,-0.115,-0.014,-0.06,-0.515,-0.317,-0.051,-0.051,-0.049
343.0,344.0,0.018,2.527,0.076,-1.002,-0.107,-0.069,-0.071,0.187,-0.036,-0.004,-0.106,-0.012,0.274,-1.264,-1.209,-0.053,-0.051,-0.049
343.0,345.0,0.018,2.527,0.076,-1.002,-0.107,-0.069,-0.071,0.187,-0.036,-0.004,-0.106,-0.012,0.274,-1.264,-1.209,-0.053,-0.051,-0.049
343.0,346.0,0.018,2.527,0.076,-1.002,-0.107,-0.069,-0.071,0.187,-0.036,-0.004,-0.106,-0.012,0.274,-1.264,-1.209,-0.053,-0.051,-0.049
343.0,347.0,0.018,2.527,0.076,-1.002,-0.107,-0.069,-0.071,0.187,-0.036,-0.004,-0.106,-0.012,0.274,-1.265,-1.209,-0.053,-0.051,-0.049
343.0,348.0,0.018,2.527,0.076,-1.002,-0.107,-0.069,-0.071,0.187,-0.036,-0.004,-0.106,-0.012,0.274,-1.265,-1.209,-0.053,-0.051,-0.049
343.0,349.0,0.018,2.527,0.076,-1.002,-0.107,-0.069,-0.071,0.187,-0.036,-0.004,-0.106,-0.012,0.274,-1.265,-1.209,-0.053,-0.051,-0.049
343.0,350.0,0.018,2.527,0.076,-1.002,-0.107,-0.069,-0.071,0.187,-0.036,-0.004,-0.106,-0.012,0.274,-1.265,-1.209,-0.053,-0.051,-0.049
343.0,351.0,0.018,2.527,0.076,-1.002,-0.107,-0.069,-0.071,0.187,-0.036,-0.004,-0.106,-0.012,0.274,-1.265,-1.209,-0.053,-0.051,-0.049
343.0,352.0,0.018,2.527,0.076,-1.002,-0.106,-0.069,-0.071,0.187,-0.036,-0.004,-0.106,-0.012,0.274,-1.265,-1.209,-0.053,-0.051,-0.049
343.0,353.0,0.018,2.527,0.076,-1.002,-0.106,-0.069,-0.071,0.187,-0.036,-0.004,-0.106,-0.012,0.273,-1.265,-1.209,-0.053,-0.051,-0.049
343.0,354.0,0.018,2.527,0.076,-1.002,-0.106,-0.069,-0.071,0.187,-0.036,-0.005,-0.106,-0.012,0.273,-1.265,-1.209,-0.053,-0.051,-0.049
343.0,355.0,0.018,2.527,0.075,-1.002,-0.106,-0.069,-0.071,0.187,-0.036,-0.005,-0.106,-0.012,0.273,-1.265,-1.209,-0.053,-0.051,-0.049
344.0,345.0,0.025,2.657,0.067,-1.322,-0.122,-0.12,-0.06,0.206,-0.035,-0.004,-0.107,-0.013,-0.036,-0.792,-0.787,-0.047,-0.053,-0.049
344.0,346.0,0.025,2.657,0.067,-1.322,-0.122,-0.12,-0.06,0.206,-0.035,-0.004,-0.107,-0.013,-0.036,-0.792,-0.787,-0.047,-0.053,-0.049
344.0,347.0,0.025,2.657,0.067,-1.322,-0.122,-0.12,-0.06,0.206,-0.035,-0.004,-0.107,-0.013,-0.036,-0.792,-0.787,-0.047,-0.052,-0.049
344.0,348.0,0.025,2.657,0.067,-1.322,-0.122,-0.12,-0.06,0.206,-0.035,-0.004,-0.107,-0.013,-0.036,-0.792,-0.786,-0.048,-0.052,-0.049
344.0,349.0,0.025,2.657,0.067,-1.322,-0.122,-0.12,-0.06,0.206,-0.035,-0.004,-0.107,-0.013,-0.036,-0.792,-0.786,-0.048,-0.052,-0.049
344.0,350.0,0.025,2.657,0.067,-1.322,-0.122,-0.12,-0.06,0.206,-0.035,-0.004,-0.107,-0.012,-0.036,-0.792,-0.786,-0.048,-0.052,-0.049
344.0,351.0,0.025,2.657,0.067,-1.322,-0.122,-0.12,-0.06,0.206,-0.035,-0.004,-0.107,-0.012,-0.037,-0.792,-0.786,-0.048,-0.052,-0.049
344.0,352.0,0.025,2.657,0.067,-1.322,-0.122,-0.12,-0.06,0.206,-0.035,-0.005,-0.107,-0.012,-0.037,-0.792,-0.786,-0.048,-0.052,-0.049
344.0,353.0,0.025,2.657,0.067,-1.322,-0.122,-0.12,-0.06,0.206,-0.035,-0.005,-0.107,-0.012,-0.037,-0.792,-0.786,-0.048,-0.052,-0.049
344.0,354.0,0.025,2.657,0.067,-1.322,-0.122,-0.12,-0.06,0.206,-0.035,-0.005,-0.107,-0.012,-0.037,-0.792,-0.786,-0.048,-0.052,-0.049
344.0,355.0,0.025,2.657,0.067,-1.322,-0.122,-0.12,-0.06,0.206,-0.035,-0.005,-0.107,-0.012,-0.037,-0.792,-0.786,-0.048,-0.052,-0.049
344.0,356.0,0.025,2.657,0.067,-1.322,-0.122,-0.12,-0.06,0.206,-0.035,-0.005,-0.107,-0.012,-0.037,-0.793,-0.786,-0.048,-0.052,-0.049
345.0,346.0,0.022,2.089,0.071,-1.218,-0.063,-0.107,-0.065,0.091,-0.038,-0.003,-0.099,-0.01,-0.019,-1.41,-1.378,-0.045,-0.051,-0.049
345.0,347.0,0.022,2.089,0.071,-1.218,-0.063,-0.107,-0.065,0.091,-0.038,-0.003,-0.098,-0.01,-0.019,-1.41,-1.378,-0.045,-0.051,-0.049
345.0,348.0,0.022,2.089,0.071,-1.218,-0.063,-0.107,-0.065,0.091,-0.038,-0.003,-0.098,-0.01,-0.019,-1.41,-1.378,-0.045,-0.051,-0.049
345.0,349.0,0.022,2.089,0.071,-1.218,-0.063,-0.107,-0.065,0.091,-0.038,-0.003,-0.098,-0.01,-0.019,-1.41,-1.378,-0.045,-0.051,-0.049
345.0,350.0,0.022,2.089,0.071,-1.218,-0.063,-0.107,-0.065,0.091,-0.038,-0.003,-0.098,-0.01,-0.019,-1.41,-1.378,-0.045,-0.051,-0.049
345.0,351.0,0.022,2.089,0.071,-1.218,-0.063,-0.107,-0.065,0.091,-0.038,-0.003,-0.098,-0.01,-0.019,-1.41,-1.378,-0.046,-0.051,-0.049
345.0,352.0,0.022,2.089,0.071,-1.218,-0.063,-0.107,-0.065,0.091,-0.038,-0.003,-0.098,-0.01,-0.019,-1.41,-1.378,-0.046,-0.051,-0.049
345.0,353.0,0.022,2.089,0.071,-1.218,-0.063,-0.107,-0.065,0.091,-0.038,-0.003,-0.098,-0.01,-0.019,-1.41,-1.378,-0.046,-0.051,-0.049
345.0,354.0,0.022,2.089,0.071,-1.218,-0.063,-0.107,-0.065,0.091,-0.038,-0.003,-0.098,-0.01,-0.019,-1.41,-1.378,-0.046,-0.051,-0.049
345.0,355.0,0.022,2.089,0.071,-1.218,-0.063,-0.107,-0.065,0.091,-0.038,-0.003,-0.098,-0.01,-0.019,-1.411,-1.378,-0.046,-0.051,-0.049
345.0,356.0,0.022,2.089,0.071,-1.218,-0.063,-0.107,-0.065,0.091,-0.038,-0.003,-0.098,-0.01,-0.019,-1.411,-1.378,-0.046,-0.051,-0.049
345.0,357.0,0.022,2.089,0.071,-1.218,-0.063,-0.107,-0.065,0.091,-0.038,-0.003,-0.098,-0.01,-0.019,-1.411,-1.378,-0.046,-0.051,-0.049
346.0,347.0,0.011,2.265,0.06,-0.543,-0.057,-0.018,-0.093,0.09,-0.043,-0.011,-0.245,-0.053,0.549,-0.335,-0.067,-0.06,-0.051,-0.052
346.0,348.0,0.011,2.265,0.06,-0.543,-0.057,-0.018,-0.092,0.09,-0.043,-0.011,-0.245,-0.053,0.549,-0.335,-0.067,-0.06,-0.051,-0.052
346.0,349.0,0.011,2.265,0.06,-0.543,-0.057,-0.018,-0.092,0.09,-0.043,-0.011,-0.245,-0.053,0.549,-0.335,-0.067,-0.06,-0.051,-0.052
346.0,350.0,0.011,2.265,0.06,-0.543,-0.057,-0.018,-0.092,0.09,-0.043,-0.011,-0.245,-0.053,0.549,-0.335,-0.067,-0.06,-0.051,-0.052
346.0,351.0,0.012,2.265,0.06,-0.543,-0.057,-0.018,-0.092,0.09,-0.043,-0.011,-0.246,-0.053,0.549,-0.335,-0.067,-0.06,-0.051,-0.052
346.0,352.0,0.012,2.265,0.06,-0.543,-0.057,-0.018,-0.092,0.09,-0.043,-0.011,-0.246,-0.053,0.549,-0.335,-0.067,-0.06,-0.051,-0.051
346.0,353.0,0.012,2.265,0.06,-0.543,-0.057,-0.018,-0.092,0.09,-0.043,-0.011,-0.246,-0.053,0.549,-0.335,-0.067,-0.061,-0.051,-0.051
346.0,354.0,0.012,2.265,0.06,-0.543,-0.057,-0.018,-0.092,0.09,-0.043,-0.011,-0.246,-0.053,0.549,-0.335,-0.067,-0.061,-0.051,-0.051
346.0,355.0,0.012,2.265,0.06,-0.543,-0.057,-0.018,-0.092,0.09,-0.043,-0.011,-0.246,-0.053,0.549,-0.335,-0.067,-0.061,-0.051,-0.051
346.0,356.0,0.012,2.265,0.06,-0.542,-0.057,-0.018,-0.092,0.09,-0.043,-0.011,-0.246,-0.053,0.549,-0.335,-0.067,-0.061,-0.051,-0.051
346.0,357.0,0.012,2.265,0.06,-0.542,-0.057,-0.018,-0.092,0.09,-0.043,-0.011,-0.246,-0.053,0.549,-0.335,-0.067,-0.061,-0.051,-0.051
346.0,358.0,0.012,2.265,0.06,-0.542,-0.057,-0.018,-0.092,0.09,-0.043,-0.011,-0.246,-0.053,0.549,-0.335,-0.067,-0.061,-0.051,-0.051
347.0,348.0,0.011,2.409,0.062,-0.538,-0.061,-0.032,-0.094,0.083,-0.042,-0.011,-0.294,-0.058,0.592,-0.39,-0.069,-0.049,-0.051,-0.051
347.0,349.0,0.011,2.409,0.062,-0.538,-0.061,-0.032,-0.094,0.083,-0.042,-0.012,-0.294,-0.058,0.592,-0.391,-0.069,-0.049,-0.051,-0.051
347.0,350.0,0.011,2.409,0.062,-0.538,-0.06,-0.032,-0.093,0.083,-0.042,-0.012,-0.294,-0.058,0.592,-0.391,-0.069,-0.049,-0.051,-0.051
347.0,351.0,0.011,2.409,0.062,-0.537,-0.06,-0.032,-0.093,0.083,-0.042,-0.012,-0.294,-0.058,0.592,-0.391,-0.069,-0.05,-0.051,-0.051
347.0,352.0,0.011,2.41,0.062,-0.537,-0.06,-0.032,-0.093,0.083,-0.042,-0.012,-0.294,-0.058,0.592,-0.391,-0.069,-0.05,-0.051,-0.051
347.0,353.0,0.011,2.41,0.062,-0.537,-0.06,-0.032,-0.093,0.082,-0.042,-0.012,-0.294,-0.058,0.592,-0.391,-0.069,-0.05,-0.051,-0.051
347.0,354.0,0.011,2.41,0.062,-0.537,-0.06,-0.032,-0.093,0.082,-0.042,-0.012,-0.294,-0.058,0.592,-0.391,-0.069,-0.05,-0.051,-0.051
347.0,355.0,0.011,2.41,0.062,-0.537,-0.06,-0.032,-0.093,0.082,-0.042,-0.012,-0.294,-0.058,0.592,-0.391,-0.069,-0.05,-0.051,-0.051
347.0,356.0,0.011,2.41,0.062,-0.537,-0.06,-0.032,-0.093,0.082,-0.042,-0.012,-0.294,-0.058,0.592,-0.391,-0.069,-0.05,-0.051,-0.051
347.0,357.0,0.011,2.41,0.062,-0.537,-0.059,-0.032,-0.093,0.082,-0.042,-0.012,-0.294,-0.058,0.592,-0.391,-0.069,-0.05,-0.051,-0.05
347.0,358.0,0.011,2.41,0.062,-0.537,-0.059,-0.032,-0.093,0.082,-0.042,-0.012,-0.294,-0.058,0.592,-0.391,-0.069,-0.05,-0.051,-0.05
347.0,359.0,0.011,2.411,0.062,-0.537,-0.059,-0.032,-0.093,0.082,-0.042,-0.012,-0.294,-0.058,0.592,-0.391,-0.069,-0.05,-0.051,-0.05
348.0,349.0,0.016,2.267,0.062,-0.631,-0.03,-0.023,-0.086,0.089,-0.037,-0.011,-0.244,-0.055,0.633,-0.242,-0.033,-0.05,-0.052,-0.053
348.0,350.0,0.016,2.268,0.062,-0.631,-0.03,-0.023,-0.086,0.089,-0.038,-0.011,-0.244,-0.055,0.633,-0.242,-0.033,-0.05,-0.052,-0.053
348.0,351.0,0.016,2.268,0.062,-0.631,-0.03,-0.023,-0.086,0.089,-0.038,-0.011,-0.244,-0.055,0.633,-0.242,-0.033,-0.05,-0.052,-0.053
348.0,352.0,0.016,2.268,0.062,-0.631,-0.03,-0.023,-0.086,0.089,-0.038,-0.011,-0.245,-0.055,0.633,-0.242,-0.033,-0.051,-0.052,-0.053
348.0,353.0,0.016,2.268,0.062,-0.631,-0.03,-0.023,-0.086,0.089,-0.038,-0.011,-0.245,-0.055,0.632,-0.242,-0.033,-0.051,-0.052,-0.052
348.0,354.0,0.016,2.268,0.062,-0.631,-0.03,-0.023,-0.086,0.089,-0.038,-0.011,-0.245,-0.054,0.632,-0.242,-0.033,-0.051,-0.052,-0.052
348.0,355.0,0.016,2.268,0.062,-0.631,-0.03,-0.023,-0.086,0.089,-0.038,-0.011,-0.245,-0.054,0.632,-0.242,-0.033,-0.051,-0.052,-0.052
348.0,356.0,0.016,2.268,0.062,-0.631,-0.029,-0.023,-0.086,0.089,-0.038,-0.012,-0.245,-0.054,0.632,-0.242,-0.033,-0.051,-0.052,-0.052
348.0,357.0,0.016,2.268,0.062,-0.631,-0.029,-0.023,-0.086,0.089,-0.038,-0.012,-0.245,-0.054,0.632,-0.242,-0.033,-0.051,-0.052,-0.052
348.0,358.0,0.016,2.268,0.062,-0.631,-0.029,-0.023,-0.086,0.089,-0.038,-0.012,-0.246,-0.054,0.632,-0.242,-0.033,-0.051,-0.051,-0.052
348.0,359.0,0.016,2.268,0.062,-0.631,-0.029,-0.023,-0.086,0.089,-0.038,-0.012,-0.246,-0.054,0.632,-0.243,-0.033,-0.052,-0.051,-0.052
348.0,360.0,0.016,2.268,0.062,-0.631,-0.029,-0.023,-0.086,0.089,-0.038,-0.012,-0.246,-0.054,0.632,-0.243,-0.033,-0.052,-0.051,-0.052
349.0,350.0,0.015,2.499,0.059,-0.717,-0.068,-0.038,-0.076,0.107,-0.04,-0.01,-0.274,-0.059,0.471,-0.349,-0.048,-0.061,-0.051,-0.053
349.0,351.0,0.015,2.499,0.059,-0.717,-0.068,-0.038,-0.076,0.107,-0.04,-0.01,-0.274,-0.059,0.471,-0.349,-0.049,-0.061,-0.051,-0.053
349.0,352.0,0.015,2.499,0.059,-0.717,-0.068,-0.038,-0.076,0.107,-0.04,-0.01,-0.274,-0.059,0.471,-0.349,-0.049,-0.061,-0.051,-0.053
349.0,353.0,0.015,2.499,0.059,-0.717,-0.068,-0.038,-0.076,0.107,-0.04,-0.01,-0.274,-0.059,0.471,-0.349,-0.049,-0.061,-0.051,-0.052
349.0,354.0,0.015,2.5,0.059,-0.717,-0.068,-0.038,-0.076,0.106,-0.04,-0.01,-0.274,-0.059,0.471,-0.349,-0.049,-0.062,-0.051,-0.052
349.0,355.0,0.015,2.5,0.059,-0.717,-0.068,-0.038,-0.076,0.106,-0.04,-0.01,-0.274,-0.059,0.471,-0.349,-0.049,-0.062,-0.051,-0.052
349.0,356.0,0.015,2.5,0.059,-0.717,-0.068,-0.038,-0.076,0.106,-0.04,-0.01,-0.274,-0.059,0.471,-0.349,-0.049,-0.062,-0.051,-0.052
349.0,357.0,0.015,2.5,0.059,-0.717,-0.068,-0.039,-0.076,0.106,-0.04,-0.01,-0.275,-0.059,0.471,-0.349,-0.049,-0.062,-0.051,-0.052
349.0,358.0,0.015,2.5,0.059,-0.717,-0.068,-0.039,-0.076,0.106,-0.04,-0.01,-0.275,-0.059,0.471,-0.349,-0.049,-0.062,-0.051,-0.052
349.0,359.0,0.015,2.5,0.059,-0.717,-0.068,-0.039,-0.076,0.106,-0.04,-0.01,-0.275,-0.059,0.471,-0.349,-0.049,-0.062,-0.051,-0.052
349.0,360.0,0.015,2.5,0.059,-0.717,-0.067,-0.039,-0.076,0.106,-0.04,-0.011,-0.275,-0.059,0.471,-0.349,-0.049,-0.062,-0.051,-0.052
349.0,361.0,0.015,2.5,0.059,-0.717,-0.067,-0.039,-0.076,0.106,-0.04,-0.011,-0.275,-0.059,0.471,-0.349,-0.049,-0.062,-0.051,-0.052
350.0,351.0,0.016,2.398,0.062,-0.683,0.116,-0.032,-0.115,-0.06,-0.055,-0.005,-0.571,-0.049,0.173,-0.967,-0.997,-0.063,-0.05,-0.053
350.0,352.0,0.016,2.398,0.062,-0.683,0.116,-0.032,-0.115,-0.06,-0.055,-0.005,-0.571,-0.049,0.173,-0.967,-0.998,-0.063,-0.05,-0.052
350.0,353.0,0.016,2.399,0.062,-0.682,0.116,-0.033,-0.115,-0.059,-0.055,-0.005,-0.571,-0.049,0.173,-0.967,-0.998,-0.063,-0.05,-0.052
350.0,354.0,0.016,2.399,0.062,-0.682,0.116,-0.033,-0.115,-0.059,-0.055,-0.005,-0.571,-0.049,0.173,-0.967,-0.998,-0.063,-0.05,-0.052
350.0,355.0,0.016,2.399,0.062,-0.682,0.117,-0.033,-0.115,-0.059,-0.055,-0.005,-0.571,-0.049,0.173,-0.967,-0.998,-0.063,-0.05,-0.052
350.0,356.0,0.017,2.399,0.062,-0.682,0.117,-0.033,-0.115,-0.059,-0.055,-0.005,-0.571,-0.049,0.173,-0.967,-0.998,-0.063,-0.05,-0.052
350.0,357.0,0.017,2.399,0.062,-0.681,0.117,-0.034,-0.115,-0.058,-0.055,-0.005,-0.571,-0.049,0.173,-0.967,-0.998,-0.063,-0.05,-0.052
350.0,358.0,0.017,2.4,0.062,-0.681,0.117,-0.034,-0.115,-0.058,-0.055,-0.005,-0.571,-0.049,0.173,-0.967,-0.998,-0.064,-0.05,-0.052
350.0,359.0,0.017,2.4,0.062,-0.681,0.118,-0.034,-0.115,-0.058,-0.056,-0.005,-0.571,-0.049,0.173,-0.967,-0.998,-0.064,-0.05,-0.052
350.0,360.0,0.017,2.4,0.062,-0.681,0.118,-0.035,-0.115,-0.058,-0.056,-0.005,-0.571,-0.049,0.173,-0.967,-0.998,-0.064,-0.05,-0.052
350.0,361.0,0.018,2.4,0.061,-0.68,0.118,-0.035,-0.115,-0.057,-0.056,-0.005,-0.571,-0.049,0.173,-0.967,-0.998,-0.064,-0.05,-0.052
350.0,362.0,0.018,2.401,0.061,-0.68,0.118,-0.035,-0.115,-0.057,-0.056,-0.005,-0.571,-0.049,0.173,-0.967,-0.999,-0.064,-0.05,-0.051
351.0,352.0,0.024,2.391,0.07,-1.298,-0.125,-0.026,-0.066,0.167,-0.037,-0.0,-0.094,-0.004,-0.139,-1.342,-0.494,-0.047,-0.054,-0.048
351.0,353.0,0.024,2.391,0.07,-1.298,-0.125,-0.026,-0.066,0.167,-0.037,-0.0,-0.094,-0.004,-0.139,-1.342,-0.494,-0.047,-0.054,-0.048
351.0,354.0,0.024,2.391,0.07,-1.298,-0.125,-0.026,-0.066,0.167,-0.037,-0.001,-0.094,-0.004,-0.139,-1.342,-0.494,-0.047,-0.054,-0.048
351.0,355.0,0.024,2.391,0.07,-1.298,-0.125,-0.026,-0.066,0.167,-0.037,-0.001,-0.094,-0.004,-0.139,-1.342,-0.494,-0.047,-0.054,-0.049
351.0,356.0,0.024,2.391,0.07,-1.298,-0.125,-0.026,-0.066,0.167,-0.037,-0.001,-0.094,-0.004,-0.139,-1.342,-0.494,-0.047,-0.054,-0.049
351.0,357.0,0.024,2.391,0.07,-1.298,-0.125,-0.026,-0.066,0.167,-0.037,-0.001,-0.094,-0.004,-0.139,-1.342,-0.494,-0.047,-0.054,-0.049
351.0,358.0,0.024,2.391,0.07,-1.298,-0.125,-0.026,-0.066,0.167,-0.037,-0.001,-0.094,-0.004,-0.139,-1.342,-0.494,-0.047,-0.054,-0.049
351.0,359.0,0.024,2.391,0.07,-1.298,-0.125,-0.026,-0.066,0.167,-0.037,-0.001,-0.094,-0.004,-0.139,-1.343,-0.494,-0.047,-0.054,-0.049
351.0,360.0,0.024,2.391,0.07,-1.298,-0.125,-0.026,-0.066,0.167,-0.037,-0.001,-0.094,-0.004,-0.139,-1.343,-0.494,-0.047,-0.054,-0.049
351.0,361.0,0.024,2.391,0.07,-1.298,-0.125,-0.026,-0.066,0.167,-0.037,-0.001,-0.094,-0.004,-0.139,-1.343,-0.494,-0.047,-0.054,-0.049
351.0,362.0,0.024,2.391,0.07,-1.298,-0.125,-0.026,-0.066,0.167,-0.037,-0.001,-0.094,-0.004,-0.139,-1.343,-0.494,-0.047,-0.054,-0.049
351.0,363.0,0.024,2.391,0.07,-1.298,-0.125,-0.026,-0.066,0.167,-0.037,-0.001,-0.094,-0.004,-0.139,-1.343,-0.494,-0.047,-0.054,-0.049
352.0,353.0,0.016,2.467,0.06,-0.584,-0.058,-0.001,-0.082,0.121,-0.033,-0.011,-0.235,-0.053,0.688,-0.257,-0.033,-0.046,-0.051,-0.053
352.0,354.0,0.016,2.467,0.06,-0.584,-0.058,-0.001,-0.082,0.121,-0.033,-0.011,-0.235,-0.053,0.688,-0.257,-0.033,-0.046,-0.051,-0.053
352.0,355.0,0.016,2.467,0.06,-0.584,-0.058,-0.001,-0.082,0.12,-0.033,-0.011,-0.235,-0.053,0.688,-0.257,-0.033,-0.046,-0.051,-0.053
352.0,356.0,0.016,2.467,0.06,-0.584,-0.058,-0.001,-0.082,0.12,-0.033,-0.011,-0.235,-0.053,0.688,-0.257,-0.033,-0.046,-0.051,-0.053
352.0,357.0,0.016,2.467,0.06,-0.584,-0.058,-0.001,-0.082,0.12,-0.033,-0.012,-0.236,-0.053,0.687,-0.257,-0.033,-0.046,-0.051,-0.052
352.0,358.0,0.016,2.467,0.06,-0.584,-0.058,-0.001,-0.082,0.12,-0.033,-0.012,-0.236,-0.053,0.687,-0.257,-0.033,-0.047,-0.051,-0.052
352.0,359.0,0.016,2.467,0.06,-0.584,-0.058,-0.001,-0.082,0.12,-0.033,-0.012,-0.236,-0.053,0.687,-0.257,-0.033,-0.047,-0.051,-0.052
352.0,360.0,0.016,2.467,0.06,-0.584,-0.058,-0.001,-0.082,0.12,-0.033,-0.012,-0.236,-0.053,0.687,-0.257,-0.033,-0.047,-0.051,-0.052
352.0,361.0,0.016,2.467,0.06,-0.584,-0.058,-0.001,-0.082,0.12,-0.033,-0.012,-0.236,-0.053,0.687,-0.257,-0.033,-0.047,-0.051,-0.052
352.0,362.0,0.016,2.468,0.06,-0.584,-0.058,-0.002,-0.082,0.12,-0.033,-0.012,-0.236,-0.053,0.687,-0.258,-0.033,-0.047,-0.051,-0.052
352.0,363.0,0.016,2.468,0.06,-0.584,-0.057,-0.002,-0.082,0.12,-0.033,-0.012,-0.237,-0.053,0.687,-0.258,-0.033,-0.047,-0.051,-0.052
352.0,364.0,0.016,2.468,0.06,-0.584,-0.057,-0.002,-0.082,0.12,-0.033,-0.012,-0.237,-0.053,0.687,-0.258,-0.033,-0.047,-0.051,-0.052
353.0,354.0,0.023,1.417,0.055,-1.074,0.822,-0.016,-0.13,0.089,-0.049,-0.002,-0.102,-0.014,-0.096,-1.463,-1.357,-0.042,-0.051,-0.051
353.0,355.0,0.023,1.418,0.055,-1.074,0.823,-0.016,-0.13,0.088,-0.049,-0.002,-0.102,-0.014,-0.096,-1.463,-1.357,-0.042,-0.05,-0.051
353.0,356.0,0.023,1.419,0.055,-1.074,0.824,-0.017,-0.13,0.088,-0.049,-0.002,-0.102,-0.014,-0.096,-1.463,-1.357,-0.042,-0.05,-0.051
353.0,357.0,0.023,1.419,0.055,-1.074,0.824,-0.017,-0.13,0.087,-0.049,-0.003,-0.102,-0.014,-0.096,-1.463,-1.357,-0.042,-0.05,-0.051
353.0,358.0,0.023,1.42,0.055,-1.074,0.825,-0.017,-0.13,0.087,-0.049,-0.003,-0.102,-0.014,-0.096,-1.463,-1.357,-0.043,-0.05,-0.051
353.0,359.0,0.023,1.42,0.055,-1.074,0.826,-0.017,-0.129,0.086,-0.049,-0.003,-0.102,-0.014,-0.096,-1.463,-1.357,-0.043,-0.05,-0.051
353.0,360.0,0.023,1.421,0.055,-1.074,0.826,-0.017,-0.129,0.085,-0.049,-0.003,-0.102,-0.014,-0.096,-1.463,-1.357,-0.043,-0.05,-0.051
353.0,361.0,0.023,1.422,0.055,-1.074,0.827,-0.018,-0.129,0.085,-0.049,-0.003,-0.102,-0.014,-0.096,-1.463,-1.357,-0.043,-0.05,-0.051
353.0,362.0,0.023,1.422,0.054,-1.074,0.827,-0.018,-0.129,0.084,-0.05,-0.003,-0.102,-0.013,-0.096,-1.463,-1.357,-0.043,-0.05,-0.051
353.0,363.0,0.023,1.423,0.054,-1.074,0.828,-0.018,-0.129,0.084,-0.05,-0.003,-0.102,-0.013,-0.096,-1.463,-1.357,-0.043,-0.05,-0.051
353.0,364.0,0.023,1.423,0.054,-1.074,0.829,-0.018,-0.129,0.083,-0.05,-0.003,-0.102,-0.013,-0.096,-1.463,-1.357,-0.043,-0.05,-0.051
353.0,365.0,0.022,1.424,0.054,-1.074,0.829,-0.018,-0.129,0.082,-0.05,-0.003,-0.102,-0.013,-0.096,-1.463,-1.357,-0.043,-0.05,-0.051
354.0,355.0,0.017,2.299,0.057,-0.684,-0.081,-0.011,-0.086,0.036,-0.036,-0.006,-0.354,-0.056,0.103,-0.684,-0.467,-0.075,-0.051,-0.052
354.0,356.0,0.017,2.299,0.057,-0.684,-0.081,-0.011,-0.086,0.036,-0.036,-0.006,-0.354,-0.056,0.103,-0.684,-0.467,-0.075,-0.051,-0.052
354.0,357.0,0.017,2.299,0.057,-0.684,-0.081,-0.011,-0.086,0.036,-0.036,-0.006,-0.354,-0.056,0.103,-0.684,-0.467,-0.075,-0.051,-0.052
354.0,358.0,0.017,2.299,0.057,-0.684,-0.081,-0.011,-0.086,0.036,-0.036,-0.006,-0.354,-0.056,0.103,-0.684,-0.467,-0.075,-0.05,-0.051
354.0,359.0,0.017,2.299,0.057,-0.684,-0.081,-0.011,-0.086,0.036,-0.036,-0.006,-0.354,-0.056,0.103,-0.684,-0.467,-0.075,-0.05,-0.051
354.0,360.0,0.017,2.299,0.057,-0.684,-0.081,-0.011,-0.086,0.036,-0.036,-0.006,-0.354,-0.056,0.103,-0.684,-0.467,-0.076,-0.05,-0.051
354.0,361.0,0.017,2.299,0.057,-0.684,-0.08,-0.011,-0.086,0.036,-0.036,-0.007,-0.354,-0.056,0.103,-0.684,-0.467,-0.076,-0.05,-0.051
354.0,362.0,0.017,2.299,0.057,-0.684,-0.08,-0.011,-0.086,0.036,-0.036,-0.007,-0.354,-0.056,0.103,-0.684,-0.467,-0.076,-0.05,-0.051
354.0,363.0,0.017,2.299,0.057,-0.684,-0.08,-0.011,-0.086,0.036,-0.036,-0.007,-0.354,-0.056,0.103,-0.684,-0.467,-0.076,-0.05,-0.051
354.0,364.0,0.017,2.299,0.057,-0.684,-0.08,-0.011,-0.086,0.036,-0.036,-0.007,-0.354,-0.056,0.103,-0.684,-0.468,-0.076,-0.05,-0.051
354.0,365.0,0.017,2.299,0.057,-0.684,-0.08,-0.011,-0.086,0.036,-0.036,-0.007,-0.354,-0.056,0.103,-0.684,-0.468,-0.076,-0.05,-0.051
354.0,366.0,0.017,2.299,0.057,-0.684,-0.08,-0.011,-0.086,0.036,-0.036,-0.007,-0.354,-0.056,0.103,-0.684,-0.468,-0.076,-0.05,-0.051
355.0,356.0,0.025,2.736,0.065,-1.139,-0.103,-0.01,-0.067,0.245,-0.027,-0.003,-0.103,-0.011,0.022,-1.072,-1.039,-0.071,-0.052,-0.049
355.0,357.0,0.025,2.736,0.065,-1.139,-0.103,-0.01,-0.067,0.245,-0.027,-0.003,-0.103,-0.011,0.022,-1.072,-1.039,-0.072,-0.052,-0.049
355.0,358.0,0.025,2.736,0.065,-1.139,-0.103,-0.01,-0.067,0.245,-0.027,-0.003,-0.103,-0.011,0.022,-1.072,-1.038,-0.072,-0.052,-0.049
355.0,359.0,0.025,2.736,0.065,-1.139,-0.103,-0.01,-0.067,0.245,-0.027,-0.003,-0.103,-0.011,0.022,-1.072,-1.038,-0.072,-0.052,-0.049
355.0,360.0,0.025,2.736,0.065,-1.139,-0.103,-0.01,-0.067,0.245,-0.027,-0.003,-0.103,-0.011,0.022,-1.072,-1.038,-0.072,-0.052,-0.049
355.0,361.0,0.025,2.736,0.065,-1.139,-0.103,-0.01,-0.067,0.245,-0.027,-0.003,-0.103,-0.011,0.022,-1.072,-1.038,-0.072,-0.051,-0.049
355.0,362.0,0.025,2.736,0.065,-1.139,-0.103,-0.01,-0.067,0.245,-0.027,-0.003,-0.103,-0.011,0.022,-1.072,-1.038,-0.072,-0.051,-0.049
355.0,363.0,0.025,2.736,0.065,-1.139,-0.103,-0.01,-0.067,0.245,-0.027,-0.003,-0.103,-0.011,0.022,-1.072,-1.038,-0.072,-0.051,-0.049
355.0,364.0,0.025,2.736,0.065,-1.139,-0.103,-0.01,-0.067,0.245,-0.027,-0.003,-0.103,-0.011,0.022,-1.072,-1.038,-0.072,-0.051,-0.049
355.0,365.0,0.025,2.736,0.065,-1.139,-0.103,-0.01,-0.067,0.245,-0.027,-0.003,-0.103,-0.011,0.022,-1.072,-1.038,-0.072,-0.051,-0.049
355.0,366.0,0.025,2.736,0.065,-1.139,-0.103,-0.01,-0.067,0.245,-0.027,-0.004,-0.103,-0.011,0.021,-1.072,-1.038,-0.072,-0.051,-0.049
355.0,367.0,0.025,2.736,0.065,-1.139,-0.103,-0.01,-0.067,0.245,-0.027,-0.004,-0.103,-0.011,0.021,-1.073,-1.038,-0.072,-0.051,-0.049
356.0,357.0,0.024,2.337,0.074,-1.045,-0.107,-0.006,-0.07,0.123,-0.024,-0.007,-0.119,-0.015,0.605,-0.593,-0.407,-0.048,-0.054,-0.048
356.0,358.0,0.024,2.337,0.074,-1.045,-0.107,-0.006,-0.07,0.123,-0.024,-0.007,-0.119,-0.015,0.605,-0.593,-0.407,-0.048,-0.054,-0.048
356.0,359.0,0.024,2.337,0.074,-1.045,-0.106,-0.006,-0.07,0.123,-0.024,-0.007,-0.119,-0.014,0.605,-0.594,-0.407,-0.048,-0.054,-0.048
356.0,360.0,0.024,2.337,0.074,-1.045,-0.106,-0.006,-0.07,0.123,-0.024,-0.007,-0.119,-0.014,0.605,-0.594,-0.407,-0.048,-0.054,-0.048
356.0,361.0,0.024,2.337,0.074,-1.045,-0.106,-0.006,-0.07,0.123,-0.024,-0.007,-0.119,-0.014,0.605,-0.594,-0.407,-0.048,-0.054,-0.048
356.0,362.0,0.024,2.337,0.074,-1.044,-0.106,-0.006,-0.07,0.123,-0.024,-0.007,-0.119,-0.014,0.605,-0.594,-0.407,-0.048,-0.054,-0.049
356.0,363.0,0.024,2.337,0.074,-1.044,-0.106,-0.006,-0.07,0.123,-0.024,-0.007,-0.119,-0.014,0.605,-0.594,-0.407,-0.048,-0.054,-0.049
356.0,364.0,0.024,2.337,0.074,-1.044,-0.106,-0.006,-0.07,0.123,-0.024,-0.007,-0.12,-0.014,0.605,-0.594,-0.407,-0.049,-0.054,-0.049
356.0,365.0,0.024,2.337,0.074,-1.044,-0.106,-0.006,-0.07,0.123,-0.024,-0.007,-0.12,-0.014,0.605,-0.594,-0.407,-0.049,-0.054,-0.049
356.0,366.0,0.024,2.337,0.074,-1.044,-0.106,-0.006,-0.07,0.123,-0.024,-0.008,-0.12,-0.014,0.605,-0.594,-0.407,-0.049,-0.054,-0.049
356.0,367.0,0.024,2.337,0.074,-1.044,-0.106,-0.006,-0.07,0.123,-0.024,-0.008,-0.12,-0.014,0.604,-0.594,-0.407,-0.049,-0.054,-0.049
356.0,368.0,0.024,2.337,0.074,-1.044,-0.106,-0.006,-0.07,0.123,-0.024,-0.008,-0.12,-0.014,0.604,-0.594,-0.407,-0.049,-0.053,-0.049
357.0,358.0,0.024,2.433,0.071,-1.137,-0.123,-0.08,-0.066,0.171,-0.029,-0.001,-0.087,-0.004,-0.024,-1.325,-0.069,-0.049,-0.051,-0.049
357.0,359.0,0.024,2.433,0.071,-1.137,-0.123,-0.08,-0.066,0.171,-0.029,-0.001,-0.087,-0.004,-0.024,-1.325,-0.069,-0.049,-0.051,-0.049
357.0,360.0,0.024,2.433,0.071,-1.137,-0.123,-0.08,-0.066,0.171,-0.029,-0.001,-0.087,-0.004,-0.024,-1.325,-0.069,-0.049,-0.051,-0.049
357.0,361.0,0.024,2.433,0.071,-1.137,-0.123,-0.08,-0.066,0.171,-0.029,-0.001,-0.087,-0.004,-0.024,-1.325,-0.069,-0.049,-0.051,-0.049
357.0,362.0,0.024,2.434,0.071,-1.137,-0.123,-0.08,-0.066,0.171,-0.029,-0.001,-0.087,-0.004,-0.024,-1.325,-0.07,-0.049,-0.051,-0.049
357.0,363.0,0.024,2.434,0.071,-1.137,-0.122,-0.08,-0.066,0.171,-0.029,-0.001,-0.087,-0.004,-0.024,-1.325,-0.07,-0.049,-0.051,-0.049
357.0,364.0,0.024,2.434,0.071,-1.137,-0.122,-0.08,-0.066,0.171,-0.029,-0.001,-0.087,-0.004,-0.024,-1.325,-0.07,-0.049,-0.051,-0.049
357.0,365.0,0.024,2.434,0.071,-1.137,-0.122,-0.08,-0.066,0.171,-0.029,-0.001,-0.087,-0.004,-0.024,-1.325,-0.07,-0.049,-0.051,-0.049
357.0,366.0,0.024,2.434,0.071,-1.137,-0.122,-0.08,-0.066,0.171,-0.029,-0.001,-0.087,-0.004,-0.024,-1.325,-0.07,-0.049,-0.051,-0.049
357.0,367.0,0.024,2.434,0.071,-1.137,-0.122,-0.08,-0.066,0.171,-0.029,-0.001,-0.087,-0.004,-0.024,-1.325,-0.07,-0.049,-0.051,-0.049
357.0,368.0,0.024,2.434,0.071,-1.137,-0.122,-0.08,-0.066,0.171,-0.029,-0.001,-0.087,-0.004,-0.024,-1.325,-0.07,-0.049,-0.051,-0.049
357.0,369.0,0.024,2.434,0.071,-1.137,-0.122,-0.08,-0.066,0.171,-0.029,-0.001,-0.087,-0.004,-0.024,-1.325,-0.07,-0.049,-0.051,-0.05
358.0,359.0,0.024,2.449,0.051,-0.955,-0.111,-0.038,-0.061,0.116,-0.04,-0.007,-0.219,-0.053,0.422,-0.15,-0.029,-0.096,-0.046,-0.05
358.0,360.0,0.024,2.449,0.051,-0.955,-0.111,-0.038,-0.06,0.116,-0.04,-0.008,-0.219,-0.052,0.422,-0.15,-0.029,-0.096,-0.046,-0.05
358.0,361.0,0.024,2.449,0.051,-0.955,-0.111,-0.038,-0.06,0.116,-0.04,-0.008,-0.219,-0.052,0.422,-0.15,-0.029,-0.096,-0.046,-0.05
358.0,362.0,0.024,2.449,0.051,-0.955,-0.111,-0.038,-0.06,0.116,-0.04,-0.008,-0.219,-0.052,0.422,-0.15,-0.029,-0.096,-0.046,-0.05
358.0,363.0,0.024,2.449,0.051,-0.955,-0.111,-0.038,-0.06,0.116,-0.04,-0.008,-0.219,-0.052,0.422,-0.15,-0.029,-0.096,-0.046,-0.05
358.0,364.0,0.024,2.449,0.052,-0.955,-0.111,-0.038,-0.06,0.116,-0.04,-0.008,-0.219,-0.052,0.422,-0.15,-0.029,-0.096,-0.046,-0.05
358.0,365.0,0.024,2.449,0.052,-0.955,-0.11,-0.039,-0.06,0.116,-0.04,-0.008,-0.219,-0.052,0.422,-0.15,-0.029,-0.096,-0.045,-0.05
358.0,366.0,0.024,2.449,0.052,-0.955,-0.11,-0.039,-0.06,0.115,-0.04,-0.008,-0.219,-0.052,0.422,-0.15,-0.029,-0.096,-0.045,-0.05
358.0,367.0,0.024,2.449,0.052,-0.955,-0.11,-0.039,-0.06,0.115,-0.04,-0.008,-0.22,-0.052,0.422,-0.15,-0.029,-0.096,-0.045,-0.05
358.0,368.0,0.024,2.45,0.052,-0.955,-0.11,-0.039,-0.06,0.115,-0.04,-0.008,-0.22,-0.052,0.422,-0.15,-0.029,-0.096,-0.045,-0.05
358.0,369.0,0.024,2.45,0.052,-0.955,-0.11,-0.039,-0.06,0.115,-0.04,-0.008,-0.22,-0.052,0.422,-0.15,-0.029,-0.096,-0.045,-0.05
358.0,370.0,0.024,2.45,0.052,-0.955,-0.11,-0.039,-0.06,0.115,-0.04,-0.008,-0.22,-0.052,0.421,-0.15,-0.029,-0.096,-0.045,-0.05
359.0,360.0,0.027,1.004,0.065,-1.169,-0.154,-0.095,-0.068,0.012,-0.033,-0.002,-0.096,-0.011,0.006,-1.402,-1.391,-0.049,-0.056,-0.048
359.0,361.0,0.027,1.004,0.065,-1.169,-0.154,-0.095,-0.068,0.012,-0.033,-0.002,-0.096,-0.011,0.005,-1.402,-1.391,-0.049,-0.056,-0.048
359.0,362.0,0.027,1.004,0.065,-1.169,-0.154,-0.095,-0.068,0.012,-0.033,-0.003,-0.096,-0.011,0.005,-1.402,-1.391,-0.049,-0.056,-0.048
359.0,363.0,0.027,1.004,0.065,-1.169,-0.154,-0.096,-0.067,0.013,-0.034,-0.003,-0.096,-0.011,0.005,-1.402,-1.391,-0.049,-0.056,-0.049
359.0,364.0,0.027,1.005,0.065,-1.168,-0.154,-0.096,-0.067,0.013,-0.034,-0.003,-0.096,-0.011,0.005,-1.402,-1.391,-0.049,-0.055,-0.049
359.0,365.0,0.027,1.005,0.065,-1.168,-0.154,-0.096,-0.067,0.013,-0.034,-0.003,-0.096,-0.011,0.005,-1.402,-1.391,-0.05,-0.055,-0.049
359.0,366.0,0.027,1.005,0.065,-1.168,-0.154,-0.096,-0.067,0.013,-0.034,-0.003,-0.096,-0.011,0.005,-1.402,-1.391,-0.05,-0.055,-0.049
359.0,367.0,0.027,1.005,0.065,-1.168,-0.154,-0.097,-0.067,0.013,-0.034,-0.003,-0.096,-0.011,0.005,-1.403,-1.39,-0.05,-0.055,-0.049
359.0,368.0,0.027,1.005,0.065,-1.168,-0.154,-0.097,-0.067,0.013,-0.034,-0.003,-0.096,-0.011,0.005,-1.403,-1.39,-0.05,-0.055,-0.049
359.0,369.0,0.027,1.005,0.065,-1.168,-0.154,-0.097,-0.067,0.013,-0.034,-0.003,-0.096,-0.011,0.005,-1.403,-1.39,-0.05,-0.055,-0.049
359.0,370.0,0.027,1.005,0.065,-1.167,-0.155,-0.097,-0.067,0.013,-0.034,-0.003,-0.096,-0.011,0.005,-1.403,-1.39,-0.05,-0.055,-0.049
359.0,371.0,0.027,1.005,0.065,-1.167,-0.155,-0.098,-0.067,0.013,-0.034,-0.003,-0.096,-0.011,0.005,-1.403,-1.39,-0.05,-0.055,-0.049
360.0,361.0,0.019,2.553,0.057,-0.621,-0.067,0.066,-0.103,0.169,-0.042,-0.009,-0.25,-0.055,0.484,-0.234,-0.05,-0.073,-0.052,-0.051
360.0,362.0,0.019,2.553,0.057,-0.621,-0.067,0.066,-0.103,0.169,-0.042,-0.009,-0.25,-0.055,0.484,-0.234,-0.05,-0.073,-0.052,-0.051
360.0,363.0,0.019,2.553,0.057,-0.621,-0.067,0.066,-0.103,0.169,-0.042,-0.009,-0.25,-0.055,0.484,-0.234,-0.05,-0.074,-0.052,-0.051
360.0,364.0,0.019,2.553,0.057,-0.621,-0.066,0.066,-0.103,0.169,-0.042,-0.009,-0.251,-0.055,0.484,-0.234,-0.05,-0.074,-0.052,-0.051
360.0,365.0,0.019,2.553,0.057,-0.621,-0.066,0.066,-0.102,0.168,-0.042,-0.009,-0.251,-0.055,0.484,-0.234,-0.05,-0.074,-0.052,-0.051
360.0,366.0,0.019,2.553,0.057,-0.621,-0.066,0.066,-0.102,0.168,-0.042,-0.01,-0.251,-0.055,0.484,-0.234,-0.05,-0.074,-0.052,-0.051
360.0,367.0,0.019,2.553,0.057,-0.621,-0.066,0.066,-0.102,0.168,-0.042,-0.01,-0.251,-0.055,0.484,-0.234,-0.05,-0.074,-0.052,-0.051
360.0,368.0,0.019,2.553,0.057,-0.621,-0.066,0.066,-0.102,0.168,-0.042,-0.01,-0.251,-0.055,0.483,-0.234,-0.05,-0.074,-0.052,-0.051
360.0,369.0,0.019,2.553,0.057,-0.621,-0.066,0.066,-0.102,0.168,-0.042,-0.01,-0.251,-0.054,0.483,-0.234,-0.05,-0.074,-0.052,-0.051
360.0,370.0,0.019,2.553,0.057,-0.621,-0.066,0.065,-0.102,0.168,-0.042,-0.01,-0.252,-0.054,0.483,-0.235,-0.05,-0.074,-0.052,-0.05
360.0,371.0,0.019,2.554,0.057,-0.621,-0.066,0.065,-0.102,0.168,-0.042,-0.01,-0.252,-0.054,0.483,-0.235,-0.05,-0.074,-0.052,-0.05
360.0,372.0,0.019,2.554,0.057,-0.621,-0.066,0.065,-0.102,0.168,-0.043,-0.01,-0.252,-0.054,0.483,-0.235,-0.05,-0.075,-0.051,-0.05
361.0,362.0,0.02,2.487,0.061,-0.729,-0.044,-0.026,-0.093,0.139,-0.041,-0.01,-0.277,-0.06,0.446,-0.376,-0.166,-0.056,-0.05,-0.051
361.0,363.0,0.02,2.487,0.061,-0.729,-0.044,-0.026,-0.093,0.139,-0.041,-0.01,-0.277,-0.06,0.446,-0.376,-0.166,-0.056,-0.05,-0.051
361.0,364.0,0.02,2.487,0.061,-0.729,-0.044,-0.026,-0.093,0.139,-0.041,-0.01,-0.277,-0.06,0.446,-0.376,-0.166,-0.056,-0.05,-0.051
361.0,365.0,0.02,2.487,0.061,-0.729,-0.044,-0.026,-0.093,0.139,-0.041,-0.01,-0.278,-0.06,0.446,-0.376,-0.166,-0.056,-0.05,-0.051
361.0,366.0,0.02,2.487,0.061,-0.729,-0.044,-0.026,-0.093,0.139,-0.041,-0.01,-0.278,-0.06,0.446,-0.376,-0.166,-0.056,-0.05,-0.051
361.0,367.0,0.02,2.487,0.061,-0.729,-0.044,-0.026,-0.093,0.139,-0.041,-0.01,-0.278,-0.059,0.446,-0.376,-0.166,-0.056,-0.05,-0.051
361.0,368.0,0.02,2.487,0.061,-0.729,-0.044,-0.027,-0.093,0.139,-0.041,-0.01,-0.278,-0.059,0.446,-0.376,-0.166,-0.056,-0.05,-0.051
361.0,369.0,0.02,2.487,0.061,-0.729,-0.044,-0.027,-0.093,0.139,-0.041,-0.01,-0.278,-0.059,0.446,-0.376,-0.166,-0.056,-0.05,-0.051
361.0,370.0,0.02,2.487,0.061,-0.729,-0.044,-0.027,-0.093,0.139,-0.041,-0.01,-0.278,-0.059,0.446,-0.376,-0.166,-0.057,-0.05,-0.051
361.0,371.0,0.02,2.487,0.061,-0.729,-0.044,-0.027,-0.093,0.139,-0.041,-0.011,-0.278,-0.059,0.445,-0.376,-0.166,-0.057,-0.05,-0.051
361.0,372.0,0.02,2.487,0.061,-0.729,-0.044,-0.027,-0.093,0.139,-0.041,-0.011,-0.278,-0.059,0.445,-0.376,-0.166,-0.057,-0.05,-0.05
361.0,373.0,0.02,2.487,0.061,-0.729,-0.044,-0.027,-0.093,0.139,-0.041,-0.011,-0.278,-0.059,0.445,-0.377,-0.166,-0.057,-0.049,-0.05
362.0,363.0,0.03,2.573,0.062,-1.332,-0.089,-0.024,-0.065,0.202,-0.034,-0.004,-0.112,-0.012,0.008,-0.796,-0.682,-0.048,-0.054,-0.048
362.0,364.0,0.03,2.573,0.062,-1.332,-0.089,-0.024,-0.065,0.202,-0.034,-0.004,-0.112,-0.012,0.008,-0.796,-0.682,-0.048,-0.054,-0.049
362.0,365.0,0.03,2.573,0.062,-1.332,-0.089,-0.024,-0.065,0.202,-0.034,-0.004,-0.112,-0.012,0.008,-0.796,-0.682,-0.048,-0.054,-0.049
362.0,366.0,0.03,2.573,0.062,-1.332,-0.089,-0.024,-0.065,0.202,-0.034,-0.004,-0.112,-0.012,0.008,-0.796,-0.681,-0.048,-0.054,-0.049
362.0,367.0,0.03,2.573,0.062,-1.332,-0.089,-0.024,-0.065,0.202,-0.034,-0.004,-0.112,-0.012,0.008,-0.796,-0.681,-0.048,-0.054,-0.049
362.0,368.0,0.03,2.573,0.062,-1.332,-0.089,-0.024,-0.065,0.202,-0.034,-0.005,-0.112,-0.012,0.008,-0.796,-0.681,-0.049,-0.054,-0.049
362.0,369.0,0.03,2.573,0.062,-1.332,-0.089,-0.024,-0.065,0.202,-0.034,-0.005,-0.112,-0.013,0.008,-0.796,-0.681,-0.049,-0.054,-0.049
362.0,370.0,0.03,2.573,0.062,-1.331,-0.089,-0.024,-0.065,0.202,-0.034,-0.005,-0.112,-0.013,0.008,-0.796,-0.681,-0.049,-0.054,-0.049
362.0,371.0,0.03,2.573,0.062,-1.331,-0.089,-0.025,-0.065,0.202,-0.034,-0.005,-0.112,-0.013,0.008,-0.797,-0.681,-0.049,-0.054,-0.049
362.0,372.0,0.03,2.573,0.062,-1.331,-0.089,-0.025,-0.065,0.202,-0.034,-0.005,-0.112,-0.013,0.008,-0.797,-0.681,-0.049,-0.054,-0.049
362.0,373.0,0.03,2.573,0.062,-1.331,-0.089,-0.025,-0.065,0.202,-0.034,-0.005,-0.112,-0.013,0.008,-0.797,-0.681,-0.049,-0.053,-0.049
362.0,374.0,0.03,2.573,0.062,-1.331,-0.089,-0.025,-0.065,0.201,-0.034,-0.005,-0.112,-0.013,0.007,-0.797,-0.681,-0.049,-0.053,-0.049
363.0,364.0,0.03,2.561,0.067,-1.344,-0.069,-0.014,-0.057,0.184,-0.027,-0.004,-0.127,-0.016,-0.055,-0.34,-0.13,-0.067,-0.052,-0.048
363.0,365.0,0.03,2.561,0.067,-1.344,-0.069,-0.014,-0.057,0.184,-0.027,-0.004,-0.127,-0.016,-0.055,-0.34,-0.13,-0.067,-0.052,-0.048
363.0,366.0,0.03,2.561,0.067,-1.344,-0.069,-0.014,-0.057,0.184,-0.027,-0.004,-0.127,-0.016,-0.055,-0.34,-0.13,-0.067,-0.052,-0.048
363.0,367.0,0.03,2.561,0.067,-1.344,-0.069,-0.014,-0.057,0.184,-0.027,-0.004,-0.127,-0.016,-0.055,-0.34,-0.13,-0.067,-0.052,-0.048
363.0,368.0,0.03,2.561,0.067,-1.344,-0.069,-0.014,-0.057,0.184,-0.027,-0.004,-0.127,-0.016,-0.055,-0.34,-0.13,-0.067,-0.052,-0.048
363.0,369.0,0.03,2.561,0.067,-1.344,-0.069,-0.014,-0.057,0.184,-0.027,-0.004,-0.127,-0.016,-0.055,-0.34,-0.13,-0.067,-0.052,-0.048
363.0,370.0,0.03,2.561,0.067,-1.344,-0.069,-0.014,-0.057,0.183,-0.027,-0.004,-0.127,-0.016,-0.055,-0.34,-0.13,-0.068,-0.052,-0.048
363.0,371.0,0.03,2.561,0.067,-1.344,-0.069,-0.014,-0.057,0.183,-0.027,-0.004,-0.127,-0.016,-0.055,-0.34,-0.13,-0.068,-0.052,-0.048
363.0,372.0,0.03,2.561,0.067,-1.344,-0.068,-0.014,-0.057,0.183,-0.027,-0.005,-0.127,-0.016,-0.055,-0.34,-0.13,-0.068,-0.052,-0.048
363.0,373.0,0.03,2.561,0.067,-1.344,-0.068,-0.014,-0.057,0.183,-0.027,-0.005,-0.127,-0.016,-0.055,-0.34,-0.129,-0.068,-0.052,-0.048
363.0,374.0,0.03,2.561,0.067,-1.344,-0.068,-0.015,-0.057,0.183,-0.027,-0.005,-0.127,-0.016,-0.055,-0.34,-0.129,-0.068,-0.052,-0.048
363.0,375.0,0.03,2.561,0.067,-1.344,-0.068,-0.015,-0.057,0.183,-0.027,-0.005,-0.127,-0.016,-0.055,-0.34,-0.129,-0.068,-0.052,-0.049
364.0,365.0,0.019,2.414,0.058,-0.68,-0.225,-0.025,-0.081,0.071,-0.036,-0.009,-0.276,-0.064,0.359,-0.07,0.113,-0.098,-0.051,-0.051
364.0,366.0,0.019,2.414,0.058,-0.68,-0.225,-0.025,-0.081,0.071,-0.036,-0.009,-0.276,-0.064,0.359,-0.07,0.113,-0.098,-0.051,-0.051
364.0,367.0,0.019,2.414,0.058,-0.679,-0.225,-0.025,-0.081,0.07,-0.036,-0.009,-0.276,-0.064,0.359,-0.07,0.113,-0.098,-0.051,-0.051
364.0,368.0,0.019,2.414,0.058,-0.679,-0.225,-0.025,-0.081,0.07,-0.036,-0.009,-0.276,-0.064,0.359,-0.07,0.113,-0.098,-0.051,-0.051
364.0,369.0,0.019,2.415,0.058,-0.679,-0.224,-0.025,-0.081,0.07,-0.036,-0.009,-0.276,-0.064,0.359,-0.07,0.113,-0.098,-0.051,-0.051
364.0,370.0,0.019,2.415,0.058,-0.679,-0.224,-0.025,-0.081,0.07,-0.036,-0.009,-0.276,-0.064,0.359,-0.07,0.113,-0.098,-0.051,-0.051
364.0,371.0,0.019,2.415,0.058,-0.679,-0.224,-0.025,-0.081,0.07,-0.036,-0.009,-0.277,-0.064,0.359,-0.07,0.113,-0.098,-0.051,-0.051
364.0,372.0,0.019,2.415,0.058,-0.679,-0.224,-0.025,-0.081,0.07,-0.036,-0.009,-0.277,-0.064,0.359,-0.07,0.113,-0.099,-0.051,-0.051
364.0,373.0,0.019,2.415,0.058,-0.679,-0.224,-0.025,-0.081,0.07,-0.036,-0.009,-0.277,-0.064,0.359,-0.07,0.113,-0.099,-0.051,-0.051
364.0,374.0,0.019,2.415,0.058,-0.679,-0.224,-0.025,-0.081,0.07,-0.036,-0.009,-0.277,-0.064,0.359,-0.07,0.113,-0.099,-0.051,-0.051
364.0,375.0,0.019,2.415,0.058,-0.679,-0.224,-0.025,-0.081,0.07,-0.036,-0.009,-0.277,-0.064,0.359,-0.07,0.113,-0.099,-0.051,-0.05
364.0,376.0,0.019,2.415,0.058,-0.679,-0.224,-0.026,-0.081,0.069,-0.036,-0.009,-0.277,-0.064,0.359,-0.07,0.113,-0.099,-0.051,-0.05
365.0,366.0,0.023,2.417,0.058,-0.953,-0.061,-0.072,-0.059,0.097,-0.04,-0.005,-0.231,-0.048,0.196,-1.147,-0.893,-0.064,-0.05,-0.051
365.0,367.0,0.023,2.417,0.058,-0.953,-0.061,-0.073,-0.059,0.097,-0.04,-0.005,-0.231,-0.048,0.196,-1.147,-0.893,-0.064,-0.05,-0.051
365.0,368.0,0.023,2.418,0.058,-0.953,-0.061,-0.073,-0.059,0.096,-0.04,-0.005,-0.231,-0.048,0.196,-1.147,-0.893,-0.064,-0.05,-0.051
365.0,369.0,0.023,2.418,0.058,-0.953,-0.061,-0.073,-0.059,0.096,-0.04,-0.005,-0.231,-0.048,0.196,-1.147,-0.893,-0.064,-0.05,-0.051
365.0,370.0,0.023,2.418,0.058,-0.953,-0.061,-0.073,-0.059,0.096,-0.04,-0.005,-0.231,-0.048,0.196,-1.147,-0.893,-0.064,-0.05,-0.051
365.0,371.0,0.023,2.418,0.058,-0.952,-0.061,-0.073,-0.059,0.096,-0.04,-0.005,-0.231,-0.048,0.196,-1.147,-0.893,-0.064,-0.05,-0.051
365.0,372.0,0.023,2.418,0.058,-0.952,-0.061,-0.073,-0.059,0.096,-0.04,-0.005,-0.231,-0.048,0.196,-1.147,-0.893,-0.064,-0.05,-0.051
365.0,373.0,0.023,2.418,0.058,-0.952,-0.061,-0.074,-0.059,0.096,-0.04,-0.005,-0.231,-0.048,0.196,-1.147,-0.893,-0.064,-0.05,-0.051
365.0,374.0,0.023,2.418,0.058,-0.952,-0.06,-0.074,-0.058,0.096,-0.04,-0.005,-0.231,-0.048,0.196,-1.147,-0.893,-0.064,-0.05,-0.051
365.0,375.0,0.023,2.418,0.058,-0.952,-0.06,-0.074,-0.058,0.096,-0.041,-0.006,-0.231,-0.048,0.196,-1.147,-0.893,-0.064,-0.05,-0.051
365.0,376.0,0.023,2.419,0.058,-0.952,-0.06,-0.074,-0.058,0.096,-0.041,-0.006,-0.231,-0.047,0.196,-1.147,-0.893,-0.064,-0.05,-0.05
365.0,377.0,0.023,2.419,0.058,-0.952,-0.06,-0.074,-0.058,0.096,-0.041,-0.006,-0.231,-0.047,0.196,-1.147,-0.893,-0.064,-0.05,-0.05
366.0,367.0,0.02,2.442,0.069,-0.733,-0.07,-0.035,-0.098,0.173,-0.043,-0.006,-0.176,-0.041,0.331,-0.674,-0.606,-0.106,-0.05,-0.048
366.0,368.0,0.02,2.442,0.069,-0.733,-0.07,-0.035,-0.098,0.173,-0.043,-0.006,-0.176,-0.041,0.331,-0.674,-0.606,-0.106,-0.05,-0.048
366.0,369.0,0.02,2.442,0.069,-0.733,-0.07,-0.035,-0.098,0.173,-0.043,-0.006,-0.176,-0.041,0.331,-0.674,-0.606,-0.106,-0.05,-0.048
366.0,370.0,0.02,2.443,0.069,-0.733,-0.07,-0.036,-0.097,0.173,-0.043,-0.006,-0.176,-0.041,0.331,-0.674,-0.606,-0.106,-0.05,-0.048
366.0,371.0,0.02,2.443,0.069,-0.732,-0.07,-0.036,-0.097,0.173,-0.043,-0.006,-0.176,-0.041,0.331,-0.674,-0.606,-0.106,-0.05,-0.048
366.0,372.0,0.02,2.443,0.069,-0.732,-0.069,-0.036,-0.097,0.173,-0.043,-0.006,-0.176,-0.041,0.33,-0.674,-0.606,-0.106,-0.05,-0.048
366.0,373.0,0.02,2.443,0.069,-0.732,-0.069,-0.036,-0.097,0.172,-0.043,-0.006,-0.176,-0.041,0.33,-0.674,-0.606,-0.106,-0.05,-0.048
366.0,374.0,0.02,2.443,0.069,-0.732,-0.069,-0.036,-0.097,0.172,-0.044,-0.006,-0.176,-0.04,0.33,-0.674,-0.606,-0.106,-0.05,-0.048
366.0,375.0,0.02,2.444,0.069,-0.732,-0.069,-0.036,-0.097,0.172,-0.044,-0.006,-0.176,-0.04,0.33,-0.674,-0.606,-0.106,-0.05,-0.048
366.0,376.0,0.02,2.444,0.069,-0.731,-0.069,-0.037,-0.097,0.172,-0.044,-0.006,-0.176,-0.04,0.33,-0.674,-0.606,-0.106,-0.05,-0.048
366.0,377.0,0.021,2.444,0.069,-0.731,-0.068,-0.037,-0.097,0.172,-0.044,-0.006,-0.176,-0.04,0.33,-0.674,-0.606,-0.106,-0.05,-0.048
366.0,378.0,0.021,2.444,0.069,-0.731,-0.068,-0.037,-0.097,0.172,-0.044,-0.006,-0.176,-0.04,0.33,-0.674,-0.606,-0.106,-0.05,-0.048
367.0,368.0,0.025,2.367,0.07,-1.194,0.004,-0.125,-0.067,0.155,-0.031,-0.003,-0.103,-0.012,-0.049,-1.202,-1.247,-0.049,-0.051,-0.049
367.0,369.0,0.025,2.367,0.07,-1.194,0.004,-0.125,-0.067,0.155,-0.031,-0.003,-0.103,-0.012,-0.049,-1.202,-1.247,-0.05,-0.051,-0.049
367.0,370.0,0.025,2.367,0.07,-1.194,0.004,-0.125,-0.067,0.155,-0.031,-0.003,-0.103,-0.012,-0.049,-1.202,-1.247,-0.05,-0.051,-0.049
367.0,371.0,0.025,2.367,0.07,-1.194,0.004,-0.125,-0.067,0.155,-0.031,-0.004,-0.103,-0.012,-0.049,-1.202,-1.247,-0.05,-0.051,-0.049
367.0,372.0,0.025,2.367,0.07,-1.194,0.004,-0.125,-0.067,0.155,-0.031,-0.004,-0.103,-0.012,-0.049,-1.202,-1.247,-0.05,-0.051,-0.049
367.0,373.0,0.025,2.367,0.07,-1.194,0.004,-0.126,-0.067,0.155,-0.031,-0.004,-0.103,-0.012,-0.049,-1.202,-1.247,-0.05,-0.051,-0.049
367.0,374.0,0.025,2.368,0.07,-1.194,0.005,-0.126,-0.067,0.155,-0.031,-0.004,-0.103,-0.012,-0.049,-1.202,-1.247,-0.05,-0.051,-0.05
367.0,375.0,0.025,2.368,0.07,-1.194,0.005,-0.126,-0.067,0.155,-0.031,-0.004,-0.103,-0.012,-0.049,-1.202,-1.247,-0.05,-0.051,-0.05
367.0,376.0,0.025,2.368,0.07,-1.194,0.005,-0.126,-0.067,0.155,-0.031,-0.004,-0.103,-0.012,-0.049,-1.202,-1.247,-0.05,-0.051,-0.05
367.0,377.0,0.025,2.368,0.07,-1.193,0.005,-0.126,-0.067,0.154,-0.031,-0.004,-0.103,-0.012,-0.049,-1.202,-1.247,-0.05,-0.051,-0.05
367.0,378.0,0.025,2.368,0.07,-1.193,0.005,-0.126,-0.067,0.154,-0.031,-0.004,-0.103,-0.011,-0.049,-1.202,-1.247,-0.05,-0.051,-0.05
367.0,379.0,0.025,2.368,0.07,-1.193,0.005,-0.126,-0.067,0.154,-0.031,-0.004,-0.103,-0.011,-0.049,-1.202,-1.247,-0.05,-0.051,-0.05
368.0,369.0,0.021,2.342,0.06,-0.908,0.035,-0.027,-0.059,0.126,-0.04,-0.007,-0.192,-0.044,0.37,-0.59,-0.444,-0.093,-0.05,-0.051
368.0,370.0,0.021,2.342,0.06,-0.908,0.035,-0.027,-0.059,0.126,-0.04,-0.007,-0.192,-0.044,0.37,-0.59,-0.444,-0.093,-0.05,-0.051
368.0,371.0,0.021,2.342,0.06,-0.908,0.035,-0.027,-0.059,0.126,-0.04,-0.007,-0.193,-0.044,0.37,-0.59,-0.444,-0.093,-0.05,-0.051
368.0,372.0,0.021,2.342,0.06,-0.908,0.035,-0.027,-0.059,0.125,-0.04,-0.007,-0.193,-0.044,0.37,-0.59,-0.444,-0.093,-0.05,-0.051
368.0,373.0,0.021,2.342,0.06,-0.908,0.035,-0.028,-0.059,0.125,-0.04,-0.007,-0.193,-0.044,0.37,-0.59,-0.444,-0.093,-0.05,-0.051
368.0,374.0,0.021,2.342,0.06,-0.907,0.035,-0.028,-0.059,0.125,-0.04,-0.007,-0.193,-0.044,0.37,-0.59,-0.444,-0.093,-0.05,-0.051
368.0,375.0,0.021,2.342,0.06,-0.907,0.036,-0.028,-0.059,0.125,-0.04,-0.007,-0.193,-0.044,0.37,-0.59,-0.444,-0.093,-0.05,-0.051
368.0,376.0,0.021,2.342,0.06,-0.907,0.036,-0.028,-0.059,0.125,-0.04,-0.007,-0.193,-0.044,0.37,-0.59,-0.444,-0.093,-0.05,-0.051
368.0,377.0,0.021,2.342,0.06,-0.907,0.036,-0.028,-0.058,0.125,-0.04,-0.007,-0.193,-0.044,0.37,-0.59,-0.444,-0.094,-0.05,-0.051
368.0,378.0,0.021,2.343,0.06,-0.907,0.036,-0.028,-0.058,0.125,-0.041,-0.007,-0.193,-0.044,0.37,-0.59,-0.444,-0.094,-0.05,-0.051
368.0,379.0,0.021,2.343,0.06,-0.907,0.036,-0.029,-0.058,0.125,-0.041,-0.007,-0.193,-0.044,0.37,-0.59,-0.444,-0.094,-0.05,-0.051
368.0,380.0,0.021,2.343,0.06,-0.907,0.036,-0.029,-0.058,0.125,-0.041,-0.007,-0.193,-0.044,0.37,-0.59,-0.444,-0.094,-0.05,-0.051
369.0,370.0,0.016,2.467,0.058,-0.66,-0.118,-0.026,-0.104,0.156,-0.049,-0.011,-0.22,-0.05,0.58,-0.16,-0.046,-0.064,-0.044,-0.051
369.0,371.0,0.016,2.467,0.058,-0.66,-0.118,-0.026,-0.104,0.156,-0.049,-0.011,-0.22,-0.05,0.58,-0.16,-0.046,-0.064,-0.044,-0.051
369.0,372.0,0.016,2.467,0.058,-0.66,-0.118,-0.027,-0.104,0.156,-0.049,-0.011,-0.22,-0.05,0.58,-0.16,-0.046,-0.065,-0.044,-0.051
369.0,373.0,0.016,2.467,0.058,-0.66,-0.118,-0.027,-0.104,0.156,-0.049,-0.011,-0.22,-0.05,0.58,-0.16,-0.046,-0.065,-0.044,-0.051
369.0,374.0,0.016,2.467,0.058,-0.66,-0.118,-0.027,-0.104,0.156,-0.049,-0.011,-0.22,-0.05,0.58,-0.16,-0.046,-0.065,-0.044,-0.051
369.0,375.0,0.016,2.467,0.058,-0.66,-0.117,-0.027,-0.104,0.156,-0.049,-0.011,-0.221,-0.05,0.58,-0.161,-0.046,-0.065,-0.044,-0.051
369.0,376.0,0.016,2.468,0.058,-0.66,-0.117,-0.028,-0.104,0.155,-0.049,-0.011,-0.221,-0.05,0.579,-0.161,-0.046,-0.065,-0.044,-0.051
369.0,377.0,0.016,2.468,0.058,-0.659,-0.117,-0.028,-0.104,0.155,-0.05,-0.011,-0.221,-0.05,0.579,-0.161,-0.046,-0.065,-0.044,-0.051
369.0,378.0,0.016,2.468,0.058,-0.659,-0.117,-0.028,-0.104,0.155,-0.05,-0.011,-0.221,-0.05,0.579,-0.161,-0.046,-0.065,-0.044,-0.051
369.0,379.0,0.016,2.468,0.058,-0.659,-0.117,-0.028,-0.103,0.155,-0.05,-0.011,-0.221,-0.05,0.579,-0.161,-0.046,-0.065,-0.044,-0.051
369.0,380.0,0.016,2.468,0.059,-0.659,-0.117,-0.028,-0.103,0.155,-0.05,-0.011,-0.221,-0.05,0.579,-0.161,-0.046,-0.065,-0.044,-0.051
369.0,381.0,0.016,2.468,0.059,-0.659,-0.117,-0.028,-0.103,0.155,-0.05,-0.011,-0.221,-0.05,0.579,-0.161,-0.046,-0.065,-0.044,-0.051
370.0,371.0,0.023,2.08,0.069,-1.171,-0.081,-0.042,-0.061,0.071,-0.032,-0.004,-0.106,-0.011,-0.049,-1.18,-1.194,-0.065,-0.05,-0.049
370.0,372.0,0.023,2.08,0.069,-1.171,-0.081,-0.042,-0.061,0.071,-0.032,-0.004,-0.106,-0.011,-0.049,-1.18,-1.194,-0.065,-0.05,-0.05
370.0,373.0,0.023,2.08,0.069,-1.171,-0.081,-0.042,-0.061,0.071,-0.032,-0.004,-0.106,-0.011,-0.049,-1.18,-1.194,-0.065,-0.05,-0.05
370.0,374.0,0.023,2.08,0.069,-1.171,-0.081,-0.042,-0.061,0.071,-0.033,-0.004,-0.106,-0.011,-0.049,-1.18,-1.194,-0.065,-0.05,-0.05
370.0,375.0,0.023,2.08,0.069,-1.171,-0.081,-0.043,-0.061,0.071,-0.033,-0.004,-0.106,-0.011,-0.049,-1.18,-1.194,-0.065,-0.05,-0.05
370.0,376.0,0.023,2.08,0.069,-1.171,-0.081,-0.043,-0.061,0.07,-0.033,-0.004,-0.106,-0.011,-0.049,-1.18,-1.194,-0.065,-0.05,-0.05
370.0,377.0,0.023,2.08,0.069,-1.17,-0.081,-0.043,-0.061,0.07,-0.033,-0.004,-0.106,-0.011,-0.049,-1.18,-1.194,-0.065,-0.05,-0.05
370.0,378.0,0.024,2.08,0.068,-1.17,-0.081,-0.043,-0.061,0.07,-0.033,-0.004,-0.106,-0.011,-0.049,-1.18,-1.194,-0.065,-0.05,-0.05
370.0,379.0,0.024,2.08,0.068,-1.17,-0.08,-0.043,-0.061,0.07,-0.033,-0.004,-0.107,-0.011,-0.049,-1.18,-1.194,-0.065,-0.05,-0.05
370.0,380.0,0.024,2.08,0.068,-1.17,-0.08,-0.043,-0.06,0.07,-0.033,-0.004,-0.107,-0.011,-0.049,-1.18,-1.194,-0.065,-0.05,-0.05
370.0,381.0,0.024,2.08,0.068,-1.17,-0.08,-0.043,-0.06,0.07,-0.033,-0.004,-0.107,-0.011,-0.049,-1.18,-1.194,-0.065,-0.05,-0.05
370.0,382.0,0.024,2.08,0.068,-1.17,-0.08,-0.044,-0.06,0.07,-0.033,-0.004,-0.107,-0.011,-0.049,-1.18,-1.193,-0.065,-0.05,-0.05
371.0,372.0,0.014,2.716,0.061,-0.595,-0.071,-0.027,-0.088,0.173,-0.043,-0.012,-0.238,-0.052,0.647,-0.333,-0.096,-0.052,-0.05,-0.052
371.0,373.0,0.014,2.716,0.061,-0.595,-0.071,-0.027,-0.088,0.173,-0.043,-0.012,-0.239,-0.052,0.647,-0.333,-0.096,-0.052,-0.05,-0.052
371.0,374.0,0.014,2.716,0.061,-0.595,-0.071,-0.027,-0.088,0.172,-0.043,-0.012,-0.239,-0.052,0.647,-0.333,-0.096,-0.052,-0.05,-0.052
371.0,375.0,0.014,2.717,0.061,-0.594,-0.071,-0.028,-0.088,0.172,-0.044,-0.012,-0.239,-0.052,0.647,-0.333,-0.096,-0.052,-0.05,-0.052
371.0,376.0,0.014,2.717,0.061,-0.594,-0.07,-0.028,-0.088,0.172,-0.044,-0.012,-0.239,-0.052,0.647,-0.333,-0.096,-0.052,-0.05,-0.051
371.0,377.0,0.014,2.717,0.061,-0.594,-0.07,-0.028,-0.088,0.172,-0.044,-0.012,-0.239,-0.052,0.647,-0.333,-0.096,-0.052,-0.05,-0.051
371.0,378.0,0.014,2.717,0.061,-0.594,-0.07,-0.028,-0.088,0.172,-0.044,-0.012,-0.239,-0.052,0.647,-0.333,-0.096,-0.052,-0.05,-0.051
371.0,379.0,0.015,2.718,0.061,-0.594,-0.07,-0.028,-0.087,0.171,-0.044,-0.012,-0.239,-0.052,0.647,-0.333,-0.096,-0.052,-0.05,-0.051
371.0,380.0,0.015,2.718,0.061,-0.594,-0.069,-0.029,-0.087,0.171,-0.044,-0.012,-0.239,-0.052,0.647,-0.333,-0.096,-0.052,-0.05,-0.051
371.0,381.0,0.015,2.718,0.061,-0.593,-0.069,-0.029,-0.087,0.171,-0.044,-0.012,-0.239,-0.052,0.647,-0.333,-0.096,-0.053,-0.05,-0.051
371.0,382.0,0.015,2.718,0.061,-0.593,-0.069,-0.029,-0.087,0.171,-0.044,-0.012,-0.239,-0.052,0.647,-0.333,-0.096,-0.053,-0.05,-0.051
371.0,383.0,0.015,2.718,0.061,-0.593,-0.069,-0.029,-0.087,0.171,-0.044,-0.012,-0.239,-0.052,0.647,-0.333,-0.096,-0.053,-0.05,-0.051
372.0,373.0,0.021,2.244,0.076,-1.117,0.075,-0.12,-0.063,0.131,-0.034,-0.004,-0.102,-0.011,0.159,-1.45,-1.489,-0.048,-0.05,-0.05
372.0,374.0,0.021,2.244,0.076,-1.117,0.075,-0.12,-0.063,0.131,-0.034,-0.004,-0.102,-0.011,0.159,-1.45,-1.489,-0.048,-0.05,-0.05
372.0,375.0,0.021,2.244,0.076,-1.117,0.075,-0.12,-0.063,0.131,-0.034,-0.004,-0.102,-0.011,0.159,-1.45,-1.489,-0.048,-0.05,-0.05
372.0,376.0,0.021,2.244,0.076,-1.117,0.075,-0.12,-0.063,0.131,-0.034,-0.004,-0.102,-0.011,0.159,-1.45,-1.489,-0.048,-0.05,-0.05
372.0,377.0,0.021,2.244,0.076,-1.116,0.075,-0.12,-0.063,0.131,-0.034,-0.004,-0.102,-0.011,0.159,-1.45,-1.489,-0.048,-0.05,-0.05
372.0,378.0,0.021,2.244,0.076,-1.116,0.075,-0.12,-0.063,0.131,-0.034,-0.004,-0.102,-0.011,0.159,-1.45,-1.489,-0.048,-0.05,-0.05
372.0,379.0,0.021,2.244,0.076,-1.116,0.075,-0.12,-0.063,0.131,-0.034,-0.004,-0.102,-0.011,0.159,-1.45,-1.489,-0.048,-0.05,-0.05
372.0,380.0,0.021,2.245,0.076,-1.116,0.075,-0.12,-0.063,0.131,-0.034,-0.004,-0.102,-0.011,0.159,-1.45,-1.489,-0.048,-0.05,-0.05
372.0,381.0,0.021,2.245,0.076,-1.116,0.076,-0.121,-0.063,0.131,-0.034,-0.004,-0.102,-0.011,0.159,-1.45,-1.489,-0.048,-0.05,-0.05
372.0,382.0,0.021,2.245,0.076,-1.116,0.076,-0.121,-0.063,0.13,-0.034,-0.004,-0.102,-0.011,0.159,-1.45,-1.489,-0.048,-0.05,-0.05
372.0,383.0,0.021,2.245,0.076,-1.116,0.076,-0.121,-0.063,0.13,-0.034,-0.004,-0.102,-0.011,0.159,-1.45,-1.489,-0.048,-0.05,-0.05
372.0,384.0,0.021,2.245,0.076,-1.116,0.076,-0.121,-0.063,0.13,-0.035,-0.004,-0.102,-0.011,0.159,-1.45,-1.489,-0.048,-0.05,-0.05
373.0,374.0,0.02,2.412,0.076,-1.111,-0.069,-0.157,-0.064,0.148,-0.036,-0.006,-0.101,-0.013,0.428,-1.157,-1.085,-0.057,-0.055,-0.05
373.0,375.0,0.02,2.412,0.076,-1.111,-0.069,-0.158,-0.064,0.147,-0.036,-0.006,-0.101,-0.013,0.428,-1.157,-1.085,-0.057,-0.055,-0.05
373.0,376.0,0.02,2.412,0.076,-1.111,-0.069,-0.158,-0.064,0.147,-0.036,-0.006,-0.101,-0.013,0.428,-1.157,-1.085,-0.057,-0.055,-0.05
373.0,377.0,0.02,2.412,0.076,-1.111,-0.069,-0.158,-0.064,0.147,-0.036,-0.006,-0.101,-0.013,0.428,-1.157,-1.085,-0.057,-0.055,-0.05
373.0,378.0,0.02,2.412,0.076,-1.111,-0.069,-0.158,-0.064,0.147,-0.036,-0.006,-0.101,-0.013,0.428,-1.157,-1.085,-0.057,-0.055,-0.05
373.0,379.0,0.02,2.412,0.076,-1.111,-0.069,-0.158,-0.063,0.147,-0.036,-0.006,-0.101,-0.013,0.428,-1.157,-1.085,-0.057,-0.055,-0.05
373.0,380.0,0.02,2.412,0.076,-1.111,-0.069,-0.158,-0.063,0.147,-0.036,-0.006,-0.101,-0.013,0.428,-1.157,-1.085,-0.057,-0.055,-0.05
373.0,381.0,0.02,2.412,0.076,-1.111,-0.069,-0.158,-0.063,0.147,-0.036,-0.006,-0.101,-0.013,0.428,-1.157,-1.085,-0.057,-0.055,-0.05
373.0,382.0,0.02,2.412,0.076,-1.111,-0.069,-0.158,-0.063,0.147,-0.036,-0.006,-0.101,-0.013,0.428,-1.157,-1.085,-0.057,-0.055,-0.05
373.0,383.0,0.02,2.412,0.076,-1.111,-0.069,-0.158,-0.063,0.147,-0.036,-0.006,-0.101,-0.013,0.428,-1.157,-1.085,-0.057,-0.055,-0.05
373.0,384.0,0.02,2.412,0.076,-1.111,-0.069,-0.158,-0.063,0.147,-0.036,-0.006,-0.101,-0.013,0.428,-1.157,-1.085,-0.057,-0.055,-0.05
373.0,385.0,0.02,2.413,0.076,-1.11,-0.068,-0.158,-0.063,0.147,-0.036,-0.006,-0.101,-0.012,0.428,-1.157,-1.085,-0.057,-0.055,-0.05
374.0,375.0,0.019,2.511,0.071,-1.156,-0.085,-0.031,-0.066,0.206,-0.044,-0.001,-0.089,-0.006,-0.213,-1.18,-0.046,-0.049,-0.071,-0.05
374.0,376.0,0.019,2.511,0.071,-1.156,-0.085,-0.031,-0.066,0.206,-0.044,-0.001,-0.089,-0.006,-0.213,-1.18,-0.046,-0.049,-0.071,-0.05
374.0,377.0,0.02,2.511,0.071,-1.156,-0.084,-0.031,-0.066,0.206,-0.044,-0.001,-0.089,-0.006,-0.213,-1.18,-0.046,-0.049,-0.071,-0.05
374.0,378.0,0.02,2.511,0.071,-1.156,-0.084,-0.031,-0.066,0.206,-0.044,-0.001,-0.089,-0.006,-0.213,-1.18,-0.046,-0.049,-0.071,-0.05
374.0,379.0,0.02,2.511,0.071,-1.155,-0.084,-0.031,-0.066,0.206,-0.044,-0.001,-0.089,-0.006,-0.213,-1.18,-0.046,-0.049,-0.071,-0.05
374.0,380.0,0.02,2.511,0.071,-1.155,-0.084,-0.031,-0.066,0.205,-0.044,-0.001,-0.089,-0.006,-0.213,-1.18,-0.046,-0.049,-0.071,-0.05
374.0,381.0,0.02,2.512,0.071,-1.155,-0.084,-0.031,-0.066,0.205,-0.044,-0.001,-0.089,-0.006,-0.213,-1.18,-0.046,-0.049,-0.071,-0.05
374.0,382.0,0.02,2.512,0.071,-1.155,-0.084,-0.031,-0.066,0.205,-0.044,-0.001,-0.089,-0.006,-0.213,-1.18,-0.046,-0.049,-0.071,-0.05
374.0,383.0,0.02,2.512,0.071,-1.155,-0.084,-0.031,-0.066,0.205,-0.044,-0.001,-0.089,-0.006,-0.213,-1.18,-0.046,-0.049,-0.071,-0.05
374.0,384.0,0.02,2.512,0.071,-1.155,-0.083,-0.031,-0.065,0.205,-0.044,-0.001,-0.089,-0.006,-0.213,-1.18,-0.046,-0.049,-0.071,-0.05
374.0,385.0,0.02,2.512,0.071,-1.154,-0.083,-0.031,-0.065,0.205,-0.045,-0.001,-0.089,-0.006,-0.213,-1.18,-0.046,-0.049,-0.071,-0.05
374.0,386.0,0.02,2.512,0.071,-1.154,-0.083,-0.031,-0.065,0.205,-0.045,-0.001,-0.089,-0.006,-0.213,-1.18,-0.046,-0.048,-0.071,-0.05
375.0,376.0,0.017,2.467,0.081,-0.995,-0.062,-0.024,-0.067,0.183,-0.034,-0.011,-0.143,-0.02,0.872,-0.048,-0.053,-0.058,-0.038,-0.05
375.0,377.0,0.017,2.467,0.081,-0.995,-0.062,-0.024,-0.067,0.183,-0.034,-0.011,-0.143,-0.02,0.872,-0.048,-0.053,-0.058,-0.038,-0.05
375.0,378.0,0.017,2.467,0.081,-0.995,-0.062,-0.024,-0.067,0.183,-0.034,-0.011,-0.143,-0.02,0.872,-0.048,-0.052,-0.058,-0.038,-0.05
375.0,379.0,0.017,2.467,0.081,-0.995,-0.062,-0.024,-0.067,0.183,-0.034,-0.011,-0.143,-0.02,0.872,-0.048,-0.052,-0.058,-0.038,-0.05
375.0,380.0,0.017,2.467,0.081,-0.995,-0.062,-0.024,-0.067,0.183,-0.034,-0.011,-0.143,-0.02,0.872,-0.048,-0.052,-0.058,-0.038,-0.05
375.0,381.0,0.017,2.467,0.081,-0.994,-0.062,-0.025,-0.067,0.183,-0.034,-0.011,-0.143,-0.019,0.872,-0.048,-0.052,-0.058,-0.038,-0.05
375.0,382.0,0.017,2.468,0.081,-0.994,-0.062,-0.025,-0.066,0.183,-0.034,-0.011,-0.143,-0.019,0.872,-0.048,-0.052,-0.058,-0.038,-0.05
375.0,383.0,0.017,2.468,0.081,-0.994,-0.062,-0.025,-0.066,0.183,-0.035,-0.011,-0.143,-0.019,0.872,-0.048,-0.052,-0.058,-0.038,-0.05
375.0,384.0,0.017,2.468,0.08,-0.994,-0.062,-0.025,-0.066,0.183,-0.035,-0.011,-0.143,-0.019,0.872,-0.048,-0.052,-0.058,-0.038,-0.05
375.0,385.0,0.017,2.468,0.08,-0.994,-0.061,-0.025,-0.066,0.182,-0.035,-0.011,-0.143,-0.019,0.872,-0.048,-0.052,-0.058,-0.037,-0.05
375.0,386.0,0.017,2.468,0.08,-0.994,-0.061,-0.025,-0.066,0.182,-0.035,-0.011,-0.143,-0.019,0.872,-0.048,-0.052,-0.058,-0.037,-0.05
375.0,387.0,0.017,2.468,0.08,-0.994,-0.061,-0.025,-0.066,0.182,-0.035,-0.011,-0.143,-0.019,0.872,-0.048,-0.052,-0.058,-0.037,-0.05
376.0,377.0,0.012,2.454,0.064,-0.581,-0.019,-0.03,-0.075,0.119,-0.042,-0.012,-0.224,-0.052,0.661,-0.188,0.034,-0.062,-0.049,-0.051
376.0,378.0,0.012,2.454,0.064,-0.581,-0.019,-0.031,-0.075,0.119,-0.042,-0.012,-0.224,-0.052,0.661,-0.188,0.034,-0.063,-0.049,-0.051
376.0,379.0,0.012,2.454,0.064,-0.581,-0.019,-0.031,-0.074,0.119,-0.042,-0.012,-0.224,-0.052,0.661,-0.188,0.034,-0.063,-0.049,-0.05
376.0,380.0,0.012,2.455,0.064,-0.581,-0.019,-0.031,-0.074,0.119,-0.042,-0.012,-0.224,-0.052,0.661,-0.188,0.034,-0.063,-0.049,-0.05
376.0,381.0,0.012,2.455,0.064,-0.581,-0.019,-0.031,-0.074,0.119,-0.042,-0.012,-0.224,-0.052,0.661,-0.188,0.034,-0.063,-0.049,-0.05
376.0,382.0,0.012,2.455,0.064,-0.58,-0.019,-0.031,-0.074,0.119,-0.042,-0.012,-0.224,-0.052,0.661,-0.188,0.034,-0.063,-0.049,-0.05
376.0,383.0,0.012,2.455,0.064,-0.58,-0.018,-0.032,-0.074,0.119,-0.042,-0.012,-0.224,-0.052,0.661,-0.188,0.034,-0.063,-0.049,-0.05
376.0,384.0,0.012,2.455,0.064,-0.58,-0.018,-0.032,-0.074,0.119,-0.042,-0.012,-0.224,-0.052,0.661,-0.188,0.034,-0.063,-0.049,-0.05
376.0,385.0,0.012,2.455,0.064,-0.58,-0.018,-0.032,-0.074,0.119,-0.042,-0.012,-0.224,-0.052,0.661,-0.188,0.034,-0.063,-0.049,-0.05
376.0,386.0,0.013,2.455,0.064,-0.58,-0.018,-0.032,-0.074,0.119,-0.043,-0.012,-0.224,-0.052,0.661,-0.188,0.034,-0.063,-0.049,-0.05
376.0,387.0,0.013,2.455,0.064,-0.58,-0.018,-0.033,-0.074,0.118,-0.043,-0.012,-0.224,-0.052,0.661,-0.188,0.033,-0.063,-0.049,-0.05
376.0,388.0,0.013,2.455,0.064,-0.58,-0.018,-0.033,-0.074,0.118,-0.043,-0.012,-0.224,-0.052,0.661,-0.188,0.033,-0.063,-0.049,-0.05
377.0,378.0,0.022,2.293,0.071,-1.232,-0.109,-0.027,-0.052,0.083,-0.035,-0.004,-0.112,-0.013,-0.053,-1.03,-0.987,-0.079,-0.05,-0.05
377.0,379.0,0.022,2.293,0.071,-1.232,-0.109,-0.027,-0.052,0.083,-0.035,-0.004,-0.112,-0.013,-0.053,-1.03,-0.987,-0.079,-0.05,-0.05
377.0,380.0,0.022,2.293,0.071,-1.232,-0.109,-0.028,-0.052,0.083,-0.035,-0.004,-0.112,-0.013,-0.053,-1.03,-0.987,-0.079,-0.05,-0.05
377.0,381.0,0.022,2.293,0.071,-1.232,-0.109,-0.028,-0.052,0.083,-0.035,-0.004,-0.112,-0.013,-0.053,-1.03,-0.987,-0.079,-0.05,-0.05
377.0,382.0,0.022,2.293,0.071,-1.231,-0.109,-0.028,-0.052,0.083,-0.035,-0.004,-0.112,-0.013,-0.053,-1.03,-0.987,-0.079,-0.05,-0.05
377.0,383.0,0.023,2.293,0.071,-1.231,-0.109,-0.028,-0.052,0.082,-0.035,-0.004,-0.112,-0.013,-0.053,-1.03,-0.987,-0.079,-0.05,-0.05
377.0,384.0,0.023,2.293,0.071,-1.231,-0.109,-0.028,-0.052,0.082,-0.035,-0.004,-0.112,-0.013,-0.053,-1.03,-0.987,-0.079,-0.05,-0.05
377.0,385.0,0.023,2.293,0.071,-1.231,-0.109,-0.028,-0.052,0.082,-0.035,-0.004,-0.112,-0.013,-0.053,-1.03,-0.987,-0.079,-0.05,-0.05
377.0,386.0,0.023,2.293,0.071,-1.231,-0.109,-0.028,-0.052,0.082,-0.035,-0.004,-0.112,-0.013,-0.053,-1.03,-0.987,-0.079,-0.05,-0.05
377.0,387.0,0.023,2.293,0.071,-1.231,-0.108,-0.028,-0.052,0.082,-0.035,-0.004,-0.112,-0.013,-0.053,-1.03,-0.987,-0.079,-0.05,-0.05
377.0,388.0,0.023,2.294,0.071,-1.231,-0.108,-0.028,-0.051,0.082,-0.035,-0.004,-0.112,-0.013,-0.053,-1.03,-0.987,-0.079,-0.05,-0.05
377.0,389.0,0.023,2.294,0.071,-1.23,-0.108,-0.029,-0.051,0.082,-0.036,-0.004,-0.112,-0.013,-0.053,-1.03,-0.987,-0.079,-0.05,-0.05
378.0,379.0,0.02,2.195,0.07,-1.124,-0.22,-0.029,-0.059,0.062,-0.039,-0.003,-0.102,-0.012,-0.063,-1.334,-1.349,-0.062,-0.051,-0.05
378.0,380.0,0.02,2.195,0.07,-1.123,-0.22,-0.029,-0.059,0.062,-0.039,-0.003,-0.102,-0.012,-0.063,-1.334,-1.349,-0.062,-0.051,-0.05
378.0,381.0,0.02,2.195,0.07,-1.123,-0.22,-0.029,-0.059,0.062,-0.04,-0.003,-0.103,-0.011,-0.063,-1.334,-1.349,-0.062,-0.051,-0.05
378.0,382.0,0.02,2.196,0.07,-1.123,-0.22,-0.029,-0.059,0.062,-0.04,-0.003,-0.103,-0.011,-0.063,-1.334,-1.349,-0.062,-0.051,-0.05
378.0,383.0,0.02,2.196,0.07,-1.122,-0.22,-0.03,-0.059,0.062,-0.04,-0.003,-0.103,-0.011,-0.063,-1.334,-1.349,-0.062,-0.051,-0.05
378.0,384.0,0.02,2.196,0.07,-1.122,-0.22,-0.03,-0.059,0.062,-0.04,-0.004,-0.103,-0.011,-0.063,-1.334,-1.349,-0.062,-0.051,-0.05
378.0,385.0,0.02,2.196,0.07,-1.122,-0.22,-0.03,-0.058,0.061,-0.04,-0.004,-0.103,-0.011,-0.063,-1.334,-1.349,-0.062,-0.051,-0.05
378.0,386.0,0.02,2.196,0.07,-1.122,-0.22,-0.03,-0.058,0.061,-0.04,-0.004,-0.103,-0.011,-0.063,-1.334,-1.349,-0.062,-0.051,-0.05
378.0,387.0,0.021,2.196,0.07,-1.121,-0.22,-0.03,-0.058,0.061,-0.04,-0.004,-0.103,-0.011,-0.063,-1.334,-1.349,-0.062,-0.051,-0.05
378.0,388.0,0.021,2.196,0.07,-1.121,-0.219,-0.031,-0.058,0.061,-0.04,-0.004,-0.103,-0.011,-0.063,-1.334,-1.349,-0.062,-0.051,-0.05
378.0,389.0,0.021,2.196,0.07,-1.121,-0.219,-0.031,-0.058,0.061,-0.041,-0.004,-0.103,-0.011,-0.063,-1.334,-1.349,-0.062,-0.051,-0.05
378.0,390.0,0.021,2.196,0.07,-1.121,-0.219,-0.031,-0.058,0.061,-0.041,-0.004,-0.103,-0.011,-0.063,-1.334,-1.348,-0.062,-0.051,-0.05
379.0,380.0,0.021,2.132,0.074,-1.205,-0.05,-0.049,-0.058,0.076,-0.038,-0.004,-0.109,-0.012,-0.066,-1.337,-1.348,-0.045,-0.05,-0.05
379.0,381.0,0.021,2.132,0.074,-1.205,-0.05,-0.049,-0.058,0.076,-0.038,-0.004,-0.109,-0.012,-0.066,-1.337,-1.348,-0.045,-0.05,-0.05
379.0,382.0,0.021,2.132,0.074,-1.205,-0.05,-0.049,-0.058,0.076,-0.038,-0.004,-0.109,-0.011,-0.066,-1.337,-1.348,-0.045,-0.05,-0.05
379.0,383.0,0.022,2.132,0.074,-1.205,-0.05,-0.05,-0.058,0.076,-0.038,-0.004,-0.109,-0.011,-0.066,-1.337,-1.348,-0.046,-0.05,-0.05
379.0,384.0,0.022,2.132,0.074,-1.204,-0.05,-0.05,-0.058,0.076,-0.038,-0.004,-0.109,-0.011,-0.066,-1.337,-1.348,-0.046,-0.05,-0.05
379.0,385.0,0.022,2.132,0.074,-1.204,-0.05,-0.05,-0.058,0.076,-0.038,-0.004,-0.109,-0.011,-0.066,-1.337,-1.348,-0.046,-0.05,-0.05
379.0,386.0,0.022,2.132,0.074,-1.204,-0.05,-0.05,-0.058,0.076,-0.038,-0.004,-0.109,-0.011,-0.066,-1.337,-1.348,-0.046,-0.05,-0.05
379.0,387.0,0.022,2.132,0.074,-1.204,-0.05,-0.05,-0.058,0.076,-0.038,-0.004,-0.109,-0.011,-0.066,-1.337,-1.348,-0.046,-0.05,-0.05
379.0,388.0,0.022,2.133,0.074,-1.204,-0.05,-0.05,-0.058,0.076,-0.038,-0.004,-0.109,-0.011,-0.066,-1.337,-1.348,-0.046,-0.05,-0.05
379.0,389.0,0.022,2.133,0.074,-1.204,-0.05,-0.051,-0.058,0.076,-0.039,-0.004,-0.109,-0.011,-0.066,-1.337,-1.348,-0.046,-0.05,-0.05
379.0,390.0,0.022,2.133,0.074,-1.203,-0.049,-0.051,-0.058,0.076,-0.039,-0.004,-0.109,-0.011,-0.066,-1.337,-1.348,-0.046,-0.05,-0.05
379.0,391.0,0.022,2.133,0.074,-1.203,-0.049,-0.051,-0.058,0.076,-0.039,-0.004,-0.109,-0.011,-0.066,-1.337,-1.348,-0.046,-0.05,-0.05
380.0,381.0,0.018,2.577,0.078,-1.083,-0.041,-0.021,-0.09,0.306,-0.058,-0.005,-0.107,-0.011,0.386,-1.333,-1.17,-0.058,-0.056,-0.049
380.0,382.0,0.018,2.577,0.077,-1.083,-0.041,-0.022,-0.09,0.306,-0.058,-0.005,-0.107,-0.011,0.386,-1.333,-1.17,-0.058,-0.056,-0.049
380.0,383.0,0.018,2.577,0.077,-1.083,-0.041,-0.022,-0.09,0.305,-0.058,-0.005,-0.107,-0.011,0.386,-1.333,-1.17,-0.058,-0.056,-0.049
380.0,384.0,0.018,2.578,0.077,-1.082,-0.041,-0.022,-0.09,0.305,-0.059,-0.005,-0.107,-0.011,0.386,-1.333,-1.17,-0.058,-0.056,-0.049
380.0,385.0,0.018,2.578,0.077,-1.082,-0.04,-0.022,-0.09,0.305,-0.059,-0.005,-0.107,-0.011,0.386,-1.333,-1.17,-0.058,-0.056,-0.049
380.0,386.0,0.018,2.578,0.077,-1.082,-0.04,-0.023,-0.09,0.305,-0.059,-0.005,-0.107,-0.011,0.386,-1.333,-1.17,-0.058,-0.056,-0.049
380.0,387.0,0.018,2.578,0.077,-1.081,-0.04,-0.023,-0.09,0.305,-0.059,-0.005,-0.107,-0.011,0.386,-1.333,-1.17,-0.058,-0.056,-0.049
380.0,388.0,0.018,2.578,0.077,-1.081,-0.04,-0.023,-0.089,0.305,-0.059,-0.005,-0.107,-0.011,0.385,-1.333,-1.17,-0.058,-0.056,-0.049
380.0,389.0,0.019,2.578,0.077,-1.081,-0.04,-0.023,-0.089,0.304,-0.059,-0.005,-0.107,-0.011,0.385,-1.333,-1.17,-0.058,-0.056,-0.049
380.0,390.0,0.019,2.579,0.077,-1.08,-0.04,-0.024,-0.089,0.304,-0.059,-0.005,-0.107,-0.011,0.385,-1.333,-1.17,-0.058,-0.056,-0.049
380.0,391.0,0.019,2.579,0.077,-1.08,-0.039,-0.024,-0.089,0.304,-0.059,-0.005,-0.107,-0.011,0.385,-1.333,-1.17,-0.058,-0.056,-0.049
380.0,392.0,0.019,2.579,0.077,-1.08,-0.039,-0.024,-0.089,0.304,-0.06,-0.005,-0.107,-0.011,0.385,-1.333,-1.17,-0.058,-0.056,-0.049
381.0,382.0,0.021,2.142,0.087,-1.261,-0.141,-0.39,-0.059,0.066,-0.037,-0.002,-0.085,-0.005,0.079,-1.237,-0.178,-0.048,-0.05,-0.05
381.0,383.0,0.021,2.143,0.087,-1.261,-0.141,-0.39,-0.059,0.066,-0.037,-0.002,-0.085,-0.005,0.079,-1.237,-0.178,-0.048,-0.05,-0.05
381.0,384.0,0.021,2.143,0.087,-1.261,-0.14,-0.39,-0.059,0.066,-0.038,-0.002,-0.085,-0.005,0.079,-1.237,-0.178,-0.048,-0.05,-0.05
381.0,385.0,0.021,2.143,0.087,-1.26,-0.14,-0.391,-0.059,0.065,-0.038,-0.002,-0.085,-0.005,0.079,-1.237,-0.178,-0.048,-0.05,-0.05
381.0,386.0,0.022,2.143,0.087,-1.26,-0.14,-0.391,-0.059,0.065,-0.038,-0.002,-0.085,-0.005,0.079,-1.237,-0.178,-0.048,-0.05,-0.05
381.0,387.0,0.022,2.143,0.087,-1.26,-0.14,-0.391,-0.059,0.065,-0.038,-0.002,-0.085,-0.005,0.079,-1.237,-0.178,-0.048,-0.05,-0.05
381.0,388.0,0.022,2.143,0.087,-1.26,-0.14,-0.391,-0.059,0.065,-0.038,-0.002,-0.085,-0.005,0.079,-1.237,-0.178,-0.048,-0.05,-0.05
381.0,389.0,0.022,2.143,0.087,-1.26,-0.14,-0.391,-0.059,0.065,-0.038,-0.002,-0.085,-0.005,0.079,-1.237,-0.178,-0.048,-0.05,-0.05
381.0,390.0,0.022,2.143,0.086,-1.259,-0.14,-0.391,-0.058,0.065,-0.038,-0.002,-0.085,-0.005,0.079,-1.237,-0.178,-0.048,-0.05,-0.05
381.0,391.0,0.022,2.144,0.086,-1.259,-0.14,-0.391,-0.058,0.065,-0.038,-0.002,-0.085,-0.005,0.079,-1.237,-0.178,-0.048,-0.05,-0.05
381.0,392.0,0.022,2.144,0.086,-1.259,-0.14,-0.391,-0.058,0.065,-0.039,-0.002,-0.085,-0.005,0.079,-1.237,-0.178,-0.048,-0.05,-0.05
381.0,393.0,0.022,2.144,0.086,-1.259,-0.139,-0.392,-0.058,0.065,-0.039,-0.002,-0.085,-0.005,0.079,-1.237,-0.178,-0.048,-0.05,-0.05
382.0,383.0,0.012,2.647,0.065,-0.681,-0.13,-0.025,-0.074,0.154,-0.049,-0.013,-0.211,-0.047,0.765,-0.146,-0.033,-0.05,-0.044,-0.052
382.0,384.0,0.013,2.648,0.065,-0.68,-0.13,-0.026,-0.074,0.154,-0.049,-0.013,-0.211,-0.047,0.765,-0.146,-0.033,-0.05,-0.044,-0.052
382.0,385.0,0.013,2.648,0.065,-0.68,-0.13,-0.026,-0.074,0.154,-0.049,-0.013,-0.212,-0.047,0.765,-0.146,-0.034,-0.05,-0.044,-0.052
382.0,386.0,0.013,2.648,0.065,-0.68,-0.13,-0.026,-0.073,0.154,-0.049,-0.013,-0.212,-0.047,0.765,-0.146,-0.034,-0.05,-0.044,-0.052
382.0,387.0,0.013,2.648,0.065,-0.68,-0.13,-0.027,-0.073,0.154,-0.049,-0.013,-0.212,-0.047,0.765,-0.146,-0.034,-0.05,-0.044,-0.052
382.0,388.0,0.013,2.648,0.065,-0.68,-0.129,-0.027,-0.073,0.153,-0.049,-0.013,-0.212,-0.047,0.765,-0.146,-0.034,-0.05,-0.044,-0.051
382.0,389.0,0.013,2.648,0.065,-0.68,-0.129,-0.027,-0.073,0.153,-0.049,-0.013,-0.212,-0.047,0.765,-0.146,-0.034,-0.05,-0.044,-0.051
382.0,390.0,0.013,2.648,0.065,-0.679,-0.129,-0.027,-0.073,0.153,-0.049,-0.013,-0.212,-0.047,0.765,-0.146,-0.034,-0.05,-0.044,-0.051
382.0,391.0,0.013,2.648,0.065,-0.679,-0.129,-0.028,-0.073,0.153,-0.049,-0.013,-0.212,-0.047,0.765,-0.146,-0.034,-0.05,-0.044,-0.051
382.0,392.0,0.013,2.648,0.065,-0.679,-0.129,-0.028,-0.073,0.153,-0.049,-0.013,-0.212,-0.047,0.765,-0.146,-0.034,-0.05,-0.044,-0.051
382.0,393.0,0.013,2.648,0.065,-0.679,-0.129,-0.028,-0.073,0.153,-0.049,-0.013,-0.212,-0.047,0.765,-0.146,-0.034,-0.05,-0.044,-0.051
382.0,394.0,0.013,2.649,0.065,-0.679,-0.129,-0.028,-0.073,0.153,-0.049,-0.013,-0.212,-0.047,0.765,-0.146,-0.034,-0.05,-0.044,-0.051
383.0,384.0,0.019,2.173,0.087,-0.986,-0.066,-0.19,-0.081,0.097,-0.037,-0.011,-0.103,-0.004,-1.417,-1.593,0.29,-0.038,-0.051,-0.049
383.0,385.0,0.019,2.173,0.087,-0.986,-0.066,-0.19,-0.081,0.097,-0.037,-0.011,-0.103,-0.004,-1.417,-1.593,0.29,-0.038,-0.051,-0.049
383.0,386.0,0.019,2.173,0.087,-0.985,-0.066,-0.19,-0.081,0.097,-0.037,-0.011,-0.103,-0.004,-1.417,-1.593,0.29,-0.038,-0.051,-0.049
383.0,387.0,0.019,2.173,0.087,-0.985,-0.066,-0.191,-0.081,0.097,-0.037,-0.011,-0.103,-0.004,-1.417,-1.593,0.29,-0.038,-0.051,-0.049
383.0,388.0,0.019,2.173,0.086,-0.985,-0.066,-0.191,-0.081,0.096,-0.037,-0.011,-0.103,-0.004,-1.417,-1.593,0.29,-0.038,-0.051,-0.049
383.0,389.0,0.019,2.173,0.086,-0.985,-0.066,-0.191,-0.081,0.096,-0.037,-0.011,-0.103,-0.004,-1.417,-1.593,0.29,-0.038,-0.05,-0.05
383.0,390.0,0.019,2.174,0.086,-0.984,-0.066,-0.191,-0.08,0.096,-0.037,-0.011,-0.103,-0.004,-1.417,-1.593,0.29,-0.038,-0.05,-0.05
383.0,391.0,0.019,2.174,0.086,-0.984,-0.065,-0.191,-0.08,0.096,-0.037,-0.011,-0.103,-0.004,-1.417,-1.593,0.29,-0.038,-0.05,-0.05
383.0,392.0,0.019,2.174,0.086,-0.984,-0.065,-0.192,-0.08,0.096,-0.038,-0.011,-0.103,-0.004,-1.417,-1.593,0.29,-0.038,-0.05,-0.05
383.0,393.0,0.019,2.174,0.086,-0.984,-0.065,-0.192,-0.08,0.096,-0.038,-0.011,-0.103,-0.004,-1.417,-1.593,0.29,-0.038,-0.05,-0.05
383.0,394.0,0.019,2.174,0.086,-0.984,-0.065,-0.192,-0.08,0.096,-0.038,-0.011,-0.103,-0.004,-1.417,-1.593,0.29,-0.038,-0.05,-0.05
383.0,395.0,0.019,2.174,0.086,-0.983,-0.065,-0.192,-0.08,0.096,-0.038,-0.011,-0.103,-0.004,-1.417,-1.593,0.29,-0.038,-0.05,-0.05
384.0,385.0,0.023,2.416,0.076,-1.18,-0.122,-0.095,-0.065,0.119,-0.036,-0.003,-0.107,-0.011,-0.051,-1.245,-1.239,-0.056,-0.051,-0.049
384.0,386.0,0.023,2.416,0.076,-1.18,-0.122,-0.095,-0.065,0.119,-0.036,-0.003,-0.107,-0.011,-0.051,-1.245,-1.239,-0.056,-0.051,-0.049
384.0,387.0,0.023,2.416,0.076,-1.18,-0.121,-0.095,-0.065,0.119,-0.036,-0.003,-0.107,-0.011,-0.051,-1.245,-1.239,-0.056,-0.051,-0.049
384.0,388.0,0.023,2.416,0.076,-1.179,-0.121,-0.096,-0.064,0.119,-0.036,-0.003,-0.107,-0.011,-0.051,-1.245,-1.239,-0.056,-0.051,-0.049
384.0,389.0,0.023,2.416,0.076,-1.179,-0.121,-0.096,-0.064,0.119,-0.036,-0.004,-0.107,-0.011,-0.051,-1.245,-1.239,-0.056,-0.051,-0.049
384.0,390.0,0.023,2.416,0.076,-1.179,-0.121,-0.096,-0.064,0.119,-0.036,-0.004,-0.107,-0.011,-0.051,-1.245,-1.239,-0.056,-0.051,-0.049
384.0,391.0,0.023,2.416,0.075,-1.179,-0.121,-0.096,-0.064,0.119,-0.036,-0.004,-0.107,-0.011,-0.051,-1.245,-1.239,-0.057,-0.051,-0.049
384.0,392.0,0.023,2.416,0.075,-1.179,-0.121,-0.096,-0.064,0.118,-0.036,-0.004,-0.107,-0.011,-0.051,-1.245,-1.239,-0.057,-0.051,-0.049
384.0,393.0,0.023,2.416,0.075,-1.178,-0.121,-0.097,-0.064,0.118,-0.036,-0.004,-0.107,-0.011,-0.051,-1.245,-1.239,-0.057,-0.051,-0.049
384.0,394.0,0.023,2.417,0.075,-1.178,-0.121,-0.097,-0.064,0.118,-0.036,-0.004,-0.107,-0.011,-0.051,-1.245,-1.239,-0.057,-0.051,-0.049
384.0,395.0,0.023,2.417,0.075,-1.178,-0.121,-0.097,-0.064,0.118,-0.037,-0.004,-0.107,-0.01,-0.051,-1.245,-1.239,-0.057,-0.051,-0.049
384.0,396.0,0.023,2.417,0.075,-1.178,-0.12,-0.097,-0.064,0.118,-0.037,-0.004,-0.107,-0.01,-0.051,-1.245,-1.239,-0.057,-0.051,-0.049
385.0,386.0,0.023,2.388,0.081,-1.188,-0.26,-0.243,-0.061,0.086,-0.034,-0.002,-0.095,-0.005,-0.04,-1.428,-1.128,-0.068,-0.054,-0.05
385.0,387.0,0.023,2.388,0.081,-1.188,-0.26,-0.243,-0.061,0.086,-0.034,-0.002,-0.096,-0.005,-0.04,-1.428,-1.128,-0.068,-0.054,-0.05
385.0,388.0,0.023,2.388,0.081,-1.188,-0.26,-0.243,-0.061,0.085,-0.034,-0.002,-0.096,-0.005,-0.04,-1.428,-1.128,-0.068,-0.054,-0.05
385.0,389.0,0.023,2.388,0.081,-1.188,-0.26,-0.244,-0.061,0.085,-0.034,-0.002,-0.096,-0.005,-0.04,-1.428,-1.128,-0.068,-0.054,-0.05
385.0,390.0,0.023,2.389,0.081,-1.187,-0.259,-0.244,-0.061,0.085,-0.034,-0.002,-0.096,-0.005,-0.04,-1.428,-1.128,-0.068,-0.054,-0.05
385.0,391.0,0.023,2.389,0.081,-1.187,-0.259,-0.244,-0.06,0.085,-0.035,-0.002,-0.096,-0.006,-0.04,-1.428,-1.128,-0.068,-0.054,-0.05
385.0,392.0,0.023,2.389,0.081,-1.187,-0.259,-0.244,-0.06,0.085,-0.035,-0.002,-0.096,-0.006,-0.04,-1.428,-1.128,-0.068,-0.054,-0.05
385.0,393.0,0.024,2.389,0.081,-1.187,-0.259,-0.244,-0.06,0.085,-0.035,-0.002,-0.096,-0.006,-0.04,-1.428,-1.128,-0.068,-0.054,-0.05
385.0,394.0,0.024,2.389,0.081,-1.187,-0.259,-0.245,-0.06,0.084,-0.035,-0.002,-0.096,-0.006,-0.04,-1.428,-1.128,-0.068,-0.054,-0.05
385.0,395.0,0.024,2.389,0.081,-1.186,-0.259,-0.245,-0.06,0.084,-0.035,-0.002,-0.096,-0.006,-0.04,-1.428,-1.128,-0.068,-0.054,-0.05
385.0,396.0,0.024,2.39,0.081,-1.186,-0.258,-0.245,-0.06,0.084,-0.035,-0.002,-0.096,-0.006,-0.04,-1.428,-1.128,-0.068,-0.054,-0.05
385.0,397.0,0.024,2.39,0.081,-1.186,-0.258,-0.245,-0.06,0.084,-0.036,-0.003,-0.096,-0.006,-0.04,-1.428,-1.128,-0.068,-0.054,-0.05
386.0,387.0,0.024,2.056,0.073,-1.199,-0.068,-0.092,-0.063,0.069,-0.036,-0.003,-0.106,-0.011,-0.059,-1.313,-1.3,-0.048,-0.054,-0.05
386.0,388.0,0.024,2.056,0.073,-1.199,-0.068,-0.092,-0.063,0.069,-0.036,-0.003,-0.106,-0.011,-0.059,-1.313,-1.3,-0.048,-0.054,-0.05
386.0,389.0,0.025,2.057,0.073,-1.198,-0.068,-0.093,-0.063,0.068,-0.037,-0.003,-0.106,-0.011,-0.059,-1.313,-1.3,-0.048,-0.054,-0.05
386.0,390.0,0.025,2.057,0.073,-1.198,-0.068,-0.093,-0.063,0.068,-0.037,-0.003,-0.106,-0.011,-0.059,-1.314,-1.3,-0.048,-0.054,-0.05
386.0,391.0,0.025,2.057,0.073,-1.198,-0.068,-0.093,-0.062,0.068,-0.037,-0.003,-0.106,-0.011,-0.059,-1.314,-1.3,-0.048,-0.054,-0.05
386.0,392.0,0.025,2.057,0.073,-1.198,-0.068,-0.093,-0.062,0.068,-0.037,-0.003,-0.106,-0.011,-0.059,-1.314,-1.3,-0.048,-0.054,-0.05
386.0,393.0,0.025,2.057,0.073,-1.197,-0.068,-0.094,-0.062,0.068,-0.037,-0.003,-0.106,-0.011,-0.059,-1.314,-1.3,-0.048,-0.054,-0.05
386.0,394.0,0.025,2.057,0.073,-1.197,-0.068,-0.094,-0.062,0.068,-0.037,-0.003,-0.106,-0.011,-0.059,-1.314,-1.299,-0.048,-0.054,-0.05
386.0,395.0,0.025,2.057,0.073,-1.197,-0.068,-0.094,-0.062,0.068,-0.037,-0.004,-0.106,-0.011,-0.059,-1.314,-1.299,-0.048,-0.054,-0.05
386.0,396.0,0.025,2.057,0.073,-1.197,-0.068,-0.094,-0.062,0.068,-0.037,-0.004,-0.106,-0.011,-0.059,-1.314,-1.299,-0.048,-0.053,-0.05
386.0,397.0,0.025,2.057,0.073,-1.197,-0.068,-0.094,-0.062,0.068,-0.038,-0.004,-0.106,-0.01,-0.059,-1.314,-1.299,-0.048,-0.053,-0.05
386.0,398.0,0.025,2.057,0.073,-1.196,-0.067,-0.095,-0.062,0.068,-0.038,-0.004,-0.106,-0.01,-0.059,-1.314,-1.299,-0.048,-0.053,-0.05
387.0,388.0,0.022,2.184,0.074,-1.116,-0.103,-0.028,-0.066,0.085,-0.04,-0.004,-0.109,-0.011,0.241,-1.414,-1.385,-0.049,-0.052,-0.049
387.0,389.0,0.022,2.184,0.074,-1.116,-0.103,-0.028,-0.066,0.085,-0.04,-0.004,-0.109,-0.011,0.241,-1.414,-1.385,-0.049,-0.052,-0.049
387.0,390.0,0.022,2.184,0.074,-1.115,-0.103,-0.028,-0.066,0.085,-0.04,-0.004,-0.109,-0.011,0.241,-1.414,-1.385,-0.049,-0.052,-0.049
387.0,391.0,0.022,2.184,0.074,-1.115,-0.103,-0.029,-0.066,0.085,-0.04,-0.004,-0.109,-0.011,0.241,-1.414,-1.385,-0.05,-0.051,-0.049
387.0,392.0,0.022,2.185,0.074,-1.115,-0.103,-0.029,-0.066,0.085,-0.04,-0.004,-0.109,-0.011,0.241,-1.414,-1.385,-0.05,-0.051,-0.049
387.0,393.0,0.022,2.185,0.074,-1.114,-0.103,-0.029,-0.066,0.085,-0.041,-0.004,-0.109,-0.011,0.241,-1.414,-1.385,-0.05,-0.051,-0.05
387.0,394.0,0.022,2.185,0.074,-1.114,-0.102,-0.03,-0.065,0.084,-0.041,-0.004,-0.109,-0.011,0.241,-1.415,-1.385,-0.05,-0.051,-0.05
387.0,395.0,0.022,2.185,0.074,-1.114,-0.102,-0.03,-0.065,0.084,-0.041,-0.004,-0.109,-0.011,0.241,-1.415,-1.385,-0.05,-0.051,-0.05
387.0,396.0,0.022,2.185,0.073,-1.113,-0.102,-0.03,-0.065,0.084,-0.041,-0.004,-0.109,-0.011,0.24,-1.415,-1.385,-0.05,-0.051,-0.05
387.0,397.0,0.022,2.185,0.073,-1.113,-0.102,-0.03,-0.065,0.084,-0.041,-0.004,-0.109,-0.011,0.24,-1.415,-1.385,-0.05,-0.051,-0.05
387.0,398.0,0.023,2.186,0.073,-1.113,-0.102,-0.031,-0.065,0.084,-0.041,-0.004,-0.109,-0.011,0.24,-1.415,-1.385,-0.05,-0.051,-0.05
387.0,399.0,0.023,2.186,0.073,-1.113,-0.102,-0.031,-0.065,0.084,-0.041,-0.004,-0.109,-0.011,0.24,-1.415,-1.385,-0.05,-0.051,-0.05
388.0,389.0,0.019,2.521,0.074,-0.988,-0.075,-0.019,-0.066,0.161,-0.032,-0.009,-0.124,-0.02,0.86,-0.309,-0.056,-0.064,-0.052,-0.049
388.0,390.0,0.019,2.521,0.074,-0.988,-0.075,-0.02,-0.066,0.161,-0.032,-0.009,-0.124,-0.019,0.86,-0.309,-0.056,-0.064,-0.052,-0.049
388.0,391.0,0.019,2.521,0.074,-0.988,-0.074,-0.02,-0.065,0.161,-0.032,-0.009,-0.124,-0.019,0.86,-0.31,-0.056,-0.064,-0.051,-0.049
388.0,392.0,0.019,2.521,0.074,-0.987,-0.074,-0.02,-0.065,0.161,-0.032,-0.009,-0.124,-0.019,0.86,-0.31,-0.056,-0.064,-0.051,-0.049
388.0,393.0,0.019,2.522,0.074,-0.987,-0.074,-0.02,-0.065,0.161,-0.033,-0.009,-0.124,-0.019,0.86,-0.31,-0.056,-0.064,-0.051,-0.049
388.0,394.0,0.019,2.522,0.074,-0.987,-0.074,-0.021,-0.065,0.16,-0.033,-0.01,-0.124,-0.019,0.86,-0.31,-0.056,-0.064,-0.051,-0.049
388.0,395.0,0.019,2.522,0.074,-0.987,-0.074,-0.021,-0.065,0.16,-0.033,-0.01,-0.124,-0.019,0.86,-0.31,-0.056,-0.064,-0.051,-0.049
388.0,396.0,0.019,2.522,0.074,-0.986,-0.074,-0.021,-0.065,0.16,-0.033,-0.01,-0.124,-0.019,0.86,-0.31,-0.056,-0.064,-0.051,-0.049
388.0,397.0,0.019,2.522,0.074,-0.986,-0.074,-0.021,-0.065,0.16,-0.033,-0.01,-0.124,-0.019,0.86,-0.31,-0.056,-0.064,-0.051,-0.049
388.0,398.0,0.019,2.522,0.074,-0.986,-0.073,-0.022,-0.064,0.16,-0.033,-0.01,-0.124,-0.019,0.86,-0.31,-0.056,-0.064,-0.051,-0.049
388.0,399.0,0.019,2.523,0.074,-0.986,-0.073,-0.022,-0.064,0.16,-0.034,-0.01,-0.124,-0.019,0.86,-0.31,-0.056,-0.064,-0.051,-0.049
388.0,400.0,0.019,2.523,0.074,-0.985,-0.073,-0.022,-0.064,0.16,-0.034,-0.01,-0.124,-0.019,0.86,-0.31,-0.056,-0.064,-0.051,-0.049
389.0,390.0,0.019,2.591,0.078,-1.015,-0.069,-0.022,-0.091,0.261,-0.051,-0.005,-0.11,-0.012,0.487,-1.199,-1.022,-0.05,-0.053,-0.049
389.0,391.0,0.019,2.591,0.078,-1.014,-0.069,-0.023,-0.091,0.261,-0.051,-0.005,-0.11,-0.012,0.487,-1.199,-1.022,-0.05,-0.053,-0.049
389.0,392.0,0.019,2.591,0.078,-1.014,-0.069,-0.023,-0.091,0.261,-0.051,-0.006,-0.11,-0.012,0.487,-1.199,-1.022,-0.05,-0.053,-0.049
389.0,393.0,0.019,2.591,0.078,-1.014,-0.069,-0.023,-0.09,0.261,-0.051,-0.006,-0.11,-0.012,0.487,-1.199,-1.022,-0.05,-0.053,-0.049
389.0,394.0,0.019,2.591,0.078,-1.013,-0.069,-0.024,-0.09,0.26,-0.052,-0.006,-0.11,-0.012,0.487,-1.199,-1.022,-0.05,-0.053,-0.05
389.0,395.0,0.019,2.592,0.078,-1.013,-0.068,-0.024,-0.09,0.26,-0.052,-0.006,-0.11,-0.012,0.487,-1.199,-1.022,-0.051,-0.053,-0.05
389.0,396.0,0.019,2.592,0.078,-1.013,-0.068,-0.024,-0.09,0.26,-0.052,-0.006,-0.11,-0.012,0.486,-1.199,-1.022,-0.051,-0.053,-0.05
389.0,397.0,0.019,2.592,0.078,-1.012,-0.068,-0.024,-0.09,0.26,-0.052,-0.006,-0.11,-0.012,0.486,-1.199,-1.022,-0.051,-0.053,-0.05
389.0,398.0,0.019,2.592,0.077,-1.012,-0.068,-0.025,-0.09,0.26,-0.052,-0.006,-0.11,-0.012,0.486,-1.199,-1.022,-0.051,-0.053,-0.05
389.0,399.0,0.019,2.592,0.077,-1.012,-0.068,-0.025,-0.09,0.26,-0.052,-0.006,-0.11,-0.012,0.486,-1.199,-1.022,-0.051,-0.053,-0.05
389.0,400.0,0.019,2.593,0.077,-1.011,-0.067,-0.025,-0.089,0.259,-0.053,-0.006,-0.11,-0.012,0.486,-1.199,-1.022,-0.051,-0.053,-0.05
389.0,401.0,0.019,2.593,0.077,-1.011,-0.067,-0.026,-0.089,0.259,-0.053,-0.006,-0.11,-0.012,0.486,-1.199,-1.022,-0.051,-0.053,-0.05
390.0,391.0,0.022,2.23,0.072,-1.177,-0.047,-0.046,-0.063,0.096,-0.041,-0.003,-0.103,-0.011,-0.048,-1.468,-1.433,-0.048,-0.058,-0.05
390.0,392.0,0.022,2.23,0.071,-1.177,-0.047,-0.046,-0.063,0.096,-0.041,-0.003,-0.103,-0.011,-0.049,-1.468,-1.433,-0.048,-0.058,-0.05
390.0,393.0,0.022,2.23,0.071,-1.176,-0.047,-0.046,-0.062,0.096,-0.041,-0.003,-0.103,-0.011,-0.049,-1.468,-1.433,-0.048,-0.058,-0.05
390.0,394.0,0.022,2.23,0.071,-1.176,-0.047,-0.047,-0.062,0.096,-0.041,-0.003,-0.103,-0.011,-0.049,-1.468,-1.433,-0.048,-0.057,-0.05
390.0,395.0,0.022,2.23,0.071,-1.176,-0.047,-0.047,-0.062,0.096,-0.041,-0.003,-0.103,-0.011,-0.049,-1.468,-1.433,-0.048,-0.057,-0.05
390.0,396.0,0.022,2.23,0.071,-1.176,-0.047,-0.047,-0.062,0.096,-0.042,-0.003,-0.103,-0.011,-0.049,-1.468,-1.433,-0.048,-0.057,-0.05
390.0,397.0,0.022,2.23,0.071,-1.175,-0.047,-0.047,-0.062,0.096,-0.042,-0.003,-0.103,-0.011,-0.049,-1.468,-1.433,-0.048,-0.057,-0.05
390.0,398.0,0.022,2.23,0.071,-1.175,-0.047,-0.048,-0.062,0.096,-0.042,-0.003,-0.103,-0.011,-0.049,-1.468,-1.433,-0.048,-0.057,-0.05
390.0,399.0,0.022,2.231,0.071,-1.175,-0.047,-0.048,-0.062,0.095,-0.042,-0.003,-0.103,-0.011,-0.049,-1.468,-1.433,-0.048,-0.057,-0.05
390.0,400.0,0.022,2.231,0.071,-1.175,-0.047,-0.048,-0.062,0.095,-0.042,-0.003,-0.103,-0.011,-0.049,-1.468,-1.433,-0.049,-0.057,-0.05
390.0,401.0,0.022,2.231,0.071,-1.175,-0.047,-0.048,-0.062,0.095,-0.042,-0.003,-0.103,-0.011,-0.049,-1.468,-1.433,-0.049,-0.057,-0.05
390.0,402.0,0.022,2.231,0.071,-1.174,-0.046,-0.049,-0.061,0.095,-0.042,-0.003,-0.103,-0.011,-0.049,-1.468,-1.433,-0.049,-0.057,-0.05
391.0,392.0,0.02,2.124,0.081,-1.087,-0.064,-0.109,-0.063,0.071,-0.035,-0.004,-0.107,-0.011,0.354,-1.384,-1.291,-0.049,-0.051,-0.05
391.0,393.0,0.02,2.124,0.081,-1.087,-0.064,-0.109,-0.063,0.071,-0.036,-0.004,-0.107,-0.011,0.354,-1.384,-1.291,-0.049,-0.051,-0.05
391.0,394.0,0.02,2.124,0.081,-1.087,-0.064,-0.11,-0.063,0.071,-0.036,-0.005,-0.107,-0.011,0.354,-1.384,-1.291,-0.049,-0.051,-0.05
391.0,395.0,0.02,2.124,0.081,-1.087,-0.064,-0.11,-0.063,0.071,-0.036,-0.005,-0.107,-0.011,0.354,-1.384,-1.291,-0.049,-0.051,-0.05
391.0,396.0,0.02,2.124,0.081,-1.086,-0.063,-0.11,-0.062,0.071,-0.036,-0.005,-0.107,-0.011,0.354,-1.384,-1.291,-0.049,-0.051,-0.05
391.0,397.0,0.02,2.125,0.081,-1.086,-0.063,-0.111,-0.062,0.071,-0.036,-0.005,-0.107,-0.011,0.354,-1.384,-1.291,-0.049,-0.051,-0.05
391.0,398.0,0.02,2.125,0.08,-1.086,-0.063,-0.111,-0.062,0.071,-0.036,-0.005,-0.107,-0.011,0.354,-1.384,-1.291,-0.049,-0.051,-0.05
391.0,399.0,0.02,2.125,0.08,-1.085,-0.063,-0.111,-0.062,0.071,-0.036,-0.005,-0.107,-0.011,0.354,-1.384,-1.291,-0.049,-0.051,-0.05
391.0,400.0,0.02,2.125,0.08,-1.085,-0.063,-0.111,-0.062,0.071,-0.037,-0.005,-0.107,-0.011,0.354,-1.384,-1.291,-0.049,-0.051,-0.05
391.0,401.0,0.02,2.125,0.08,-1.085,-0.063,-0.112,-0.062,0.071,-0.037,-0.005,-0.107,-0.011,0.354,-1.384,-1.291,-0.049,-0.051,-0.05
391.0,402.0,0.02,2.125,0.08,-1.084,-0.063,-0.112,-0.062,0.071,-0.037,-0.005,-0.107,-0.011,0.353,-1.384,-1.291,-0.049,-0.051,-0.05
391.0,403.0,0.02,2.125,0.08,-1.084,-0.063,-0.112,-0.062,0.071,-0.037,-0.005,-0.107,-0.011,0.353,-1.384,-1.291,-0.049,-0.051,-0.05
392.0,393.0,0.02,2.513,0.082,-1.1,-0.092,-0.156,-0.062,0.147,-0.036,-0.005,-0.105,-0.011,0.39,-1.262,-1.197,-0.05,-0.051,-0.05
392.0,394.0,0.02,2.514,0.082,-1.1,-0.092,-0.156,-0.062,0.147,-0.036,-0.005,-0.105,-0.011,0.39,-1.262,-1.196,-0.05,-0.051,-0.05
392.0,395.0,0.02,2.514,0.082,-1.1,-0.092,-0.156,-0.062,0.147,-0.036,-0.005,-0.105,-0.011,0.39,-1.262,-1.196,-0.05,-0.051,-0.05
392.0,396.0,0.02,2.514,0.082,-1.1,-0.092,-0.157,-0.062,0.147,-0.036,-0.005,-0.105,-0.011,0.39,-1.262,-1.196,-0.05,-0.051,-0.05
392.0,397.0,0.02,2.514,0.082,-1.099,-0.092,-0.157,-0.062,0.147,-0.036,-0.005,-0.105,-0.011,0.39,-1.262,-1.196,-0.05,-0.051,-0.05
392.0,398.0,0.02,2.514,0.082,-1.099,-0.091,-0.157,-0.062,0.146,-0.036,-0.005,-0.106,-0.011,0.39,-1.262,-1.196,-0.05,-0.051,-0.05
392.0,399.0,0.02,2.514,0.082,-1.099,-0.091,-0.157,-0.061,0.146,-0.036,-0.005,-0.106,-0.011,0.39,-1.262,-1.196,-0.05,-0.051,-0.05
392.0,400.0,0.02,2.514,0.082,-1.099,-0.091,-0.158,-0.061,0.146,-0.036,-0.005,-0.106,-0.011,0.39,-1.262,-1.196,-0.05,-0.051,-0.05
392.0,401.0,0.02,2.515,0.082,-1.098,-0.091,-0.158,-0.061,0.146,-0.037,-0.005,-0.106,-0.011,0.39,-1.262,-1.196,-0.05,-0.051,-0.05
392.0,402.0,0.02,2.515,0.082,-1.098,-0.091,-0.158,-0.061,0.146,-0.037,-0.005,-0.106,-0.011,0.39,-1.262,-1.196,-0.05,-0.051,-0.05
392.0,403.0,0.02,2.515,0.082,-1.098,-0.091,-0.159,-0.061,0.146,-0.037,-0.005,-0.106,-0.011,0.39,-1.262,-1.196,-0.05,-0.051,-0.05
392.0,404.0,0.02,2.515,0.082,-1.098,-0.091,-0.159,-0.061,0.146,-0.037,-0.005,-0.106,-0.011,0.39,-1.262,-1.196,-0.05,-0.051,-0.05
393.0,394.0,0.018,2.778,0.078,-1.039,-0.067,-0.019,-0.057,0.234,-0.031,-0.007,-0.116,-0.015,0.542,-0.602,-0.437,-0.088,-0.051,-0.05
393.0,395.0,0.018,2.778,0.078,-1.039,-0.067,-0.02,-0.057,0.234,-0.031,-0.007,-0.117,-0.014,0.542,-0.602,-0.437,-0.088,-0.051,-0.05
393.0,396.0,0.018,2.779,0.078,-1.039,-0.066,-0.02,-0.057,0.233,-0.031,-0.007,-0.117,-0.014,0.542,-0.602,-0.437,-0.088,-0.051,-0.05
393.0,397.0,0.018,2.779,0.078,-1.038,-0.066,-0.02,-0.057,0.233,-0.031,-0.007,-0.117,-0.014,0.542,-0.602,-0.437,-0.088,-0.051,-0.05
393.0,398.0,0.018,2.779,0.078,-1.038,-0.066,-0.02,-0.057,0.233,-0.031,-0.007,-0.117,-0.014,0.542,-0.602,-0.437,-0.088,-0.051,-0.05
393.0,399.0,0.018,2.779,0.078,-1.038,-0.066,-0.02,-0.057,0.233,-0.031,-0.007,-0.117,-0.014,0.542,-0.603,-0.437,-0.088,-0.051,-0.05
393.0,400.0,0.018,2.779,0.077,-1.037,-0.066,-0.021,-0.056,0.233,-0.032,-0.007,-0.117,-0.014,0.542,-0.603,-0.437,-0.088,-0.051,-0.05
393.0,401.0,0.018,2.779,0.077,-1.037,-0.066,-0.021,-0.056,0.233,-0.032,-0.007,-0.117,-0.014,0.542,-0.603,-0.437,-0.088,-0.051,-0.05
393.0,402.0,0.018,2.779,0.077,-1.037,-0.066,-0.021,-0.056,0.233,-0.032,-0.007,-0.117,-0.014,0.542,-0.603,-0.437,-0.088,-0.051,-0.05
393.0,403.0,0.019,2.779,0.077,-1.037,-0.066,-0.021,-0.056,0.232,-0.032,-0.007,-0.117,-0.014,0.542,-0.603,-0.437,-0.089,-0.051,-0.05
393.0,404.0,0.019,2.78,0.077,-1.036,-0.065,-0.022,-0.056,0.232,-0.032,-0.007,-0.117,-0.014,0.541,-0.603,-0.437,-0.089,-0.051,-0.05
393.0,405.0,0.019,2.78,0.077,-1.036,-0.065,-0.022,-0.056,0.232,-0.032,-0.007,-0.117,-0.014,0.541,-0.603,-0.436,-0.089,-0.051,-0.05
394.0,395.0,0.018,2.411,0.076,-1.077,-0.047,-0.03,-0.062,0.128,-0.039,-0.007,-0.112,-0.014,0.58,-0.958,-0.773,-0.05,-0.054,-0.05
394.0,396.0,0.019,2.411,0.076,-1.077,-0.047,-0.031,-0.062,0.128,-0.04,-0.007,-0.112,-0.014,0.58,-0.959,-0.773,-0.05,-0.054,-0.05
394.0,397.0,0.019,2.411,0.076,-1.076,-0.047,-0.031,-0.062,0.128,-0.04,-0.007,-0.112,-0.014,0.58,-0.959,-0.773,-0.05,-0.054,-0.05
394.0,398.0,0.019,2.411,0.076,-1.076,-0.047,-0.031,-0.061,0.128,-0.04,-0.007,-0.112,-0.013,0.579,-0.959,-0.773,-0.05,-0.054,-0.05
394.0,399.0,0.019,2.412,0.076,-1.076,-0.047,-0.031,-0.061,0.127,-0.04,-0.007,-0.112,-0.013,0.579,-0.959,-0.773,-0.05,-0.054,-0.05
394.0,400.0,0.019,2.412,0.076,-1.075,-0.047,-0.032,-0.061,0.127,-0.04,-0.007,-0.112,-0.013,0.579,-0.959,-0.773,-0.05,-0.054,-0.05
394.0,401.0,0.019,2.412,0.076,-1.075,-0.047,-0.032,-0.061,0.127,-0.04,-0.007,-0.112,-0.013,0.579,-0.959,-0.773,-0.05,-0.054,-0.05
394.0,402.0,0.019,2.412,0.076,-1.075,-0.046,-0.032,-0.061,0.127,-0.04,-0.007,-0.112,-0.013,0.579,-0.959,-0.773,-0.05,-0.054,-0.05
394.0,403.0,0.019,2.412,0.076,-1.075,-0.046,-0.032,-0.061,0.127,-0.041,-0.007,-0.112,-0.013,0.579,-0.959,-0.773,-0.05,-0.054,-0.05
394.0,404.0,0.019,2.412,0.076,-1.074,-0.046,-0.033,-0.061,0.127,-0.041,-0.007,-0.112,-0.013,0.579,-0.959,-0.773,-0.05,-0.054,-0.05
394.0,405.0,0.019,2.412,0.076,-1.074,-0.046,-0.033,-0.061,0.127,-0.041,-0.007,-0.112,-0.013,0.579,-0.959,-0.773,-0.051,-0.054,-0.05
394.0,406.0,0.019,2.412,0.075,-1.074,-0.046,-0.033,-0.06,0.127,-0.041,-0.007,-0.112,-0.013,0.579,-0.959,-0.773,-0.051,-0.054,-0.05
395.0,396.0,0.017,2.457,0.077,-1.022,-0.061,-0.027,-0.057,0.127,-0.037,-0.007,-0.112,-0.014,0.608,-0.948,-0.77,-0.044,-0.054,-0.05
395.0,397.0,0.017,2.457,0.077,-1.021,-0.061,-0.027,-0.057,0.127,-0.037,-0.007,-0.112,-0.014,0.608,-0.948,-0.77,-0.044,-0.053,-0.05
395.0,398.0,0.017,2.457,0.077,-1.021,-0.061,-0.028,-0.057,0.127,-0.038,-0.007,-0.112,-0.014,0.608,-0.948,-0.77,-0.044,-0.053,-0.05
395.0,399.0,0.018,2.457,0.077,-1.021,-0.061,-0.028,-0.057,0.127,-0.038,-0.007,-0.112,-0.014,0.608,-0.948,-0.77,-0.044,-0.053,-0.05
395.0,400.0,0.018,2.457,0.076,-1.02,-0.061,-0.028,-0.057,0.127,-0.038,-0.007,-0.113,-0.014,0.608,-0.948,-0.77,-0.044,-0.053,-0.05
395.0,401.0,0.018,2.457,0.076,-1.02,-0.06,-0.028,-0.056,0.127,-0.038,-0.007,-0.113,-0.014,0.608,-0.948,-0.77,-0.044,-0.053,-0.05
395.0,402.0,0.018,2.457,0.076,-1.02,-0.06,-0.029,-0.056,0.126,-0.038,-0.008,-0.113,-0.014,0.608,-0.948,-0.77,-0.044,-0.053,-0.05
395.0,403.0,0.018,2.457,0.076,-1.019,-0.06,-0.029,-0.056,0.126,-0.038,-0.008,-0.113,-0.014,0.608,-0.948,-0.77,-0.044,-0.053,-0.05
395.0,404.0,0.018,2.457,0.076,-1.019,-0.06,-0.029,-0.056,0.126,-0.039,-0.008,-0.113,-0.014,0.608,-0.948,-0.77,-0.044,-0.053,-0.05
395.0,405.0,0.018,2.457,0.076,-1.019,-0.06,-0.03,-0.056,0.126,-0.039,-0.008,-0.113,-0.013,0.607,-0.948,-0.77,-0.044,-0.053,-0.05
395.0,406.0,0.018,2.458,0.076,-1.018,-0.06,-0.03,-0.056,0.126,-0.039,-0.008,-0.113,-0.013,0.607,-0.948,-0.77,-0.044,-0.053,-0.05
395.0,407.0,0.018,2.458,0.076,-1.018,-0.06,-0.03,-0.056,0.126,-0.039,-0.008,-0.113,-0.013,0.607,-0.948,-0.77,-0.045,-0.053,-0.05
396.0,397.0,0.018,2.252,0.078,-1.005,-0.035,-0.092,-0.065,0.099,-0.046,-0.005,-0.145,-0.034,0.228,-1.041,-1.108,-0.114,-0.05,-0.051
396.0,398.0,0.018,2.252,0.078,-1.004,-0.035,-0.092,-0.065,0.098,-0.046,-0.005,-0.145,-0.034,0.228,-1.041,-1.108,-0.114,-0.05,-0.051
396.0,399.0,0.018,2.252,0.078,-1.004,-0.035,-0.092,-0.065,0.098,-0.046,-0.005,-0.145,-0.034,0.228,-1.041,-1.108,-0.114,-0.05,-0.051
396.0,400.0,0.019,2.252,0.078,-1.004,-0.035,-0.093,-0.065,0.098,-0.046,-0.005,-0.145,-0.034,0.228,-1.041,-1.108,-0.114,-0.05,-0.051
396.0,401.0,0.019,2.252,0.078,-1.003,-0.035,-0.093,-0.065,0.098,-0.046,-0.005,-0.145,-0.034,0.228,-1.041,-1.108,-0.114,-0.05,-0.051
396.0,402.0,0.019,2.252,0.078,-1.003,-0.035,-0.093,-0.065,0.098,-0.046,-0.005,-0.145,-0.034,0.228,-1.041,-1.108,-0.114,-0.05,-0.051
396.0,403.0,0.019,2.252,0.078,-1.003,-0.035,-0.094,-0.065,0.098,-0.046,-0.005,-0.145,-0.034,0.228,-1.041,-1.108,-0.114,-0.05,-0.051
396.0,404.0,0.019,2.252,0.078,-1.002,-0.035,-0.094,-0.065,0.098,-0.046,-0.005,-0.145,-0.034,0.228,-1.041,-1.108,-0.114,-0.05,-0.051
396.0,405.0,0.019,2.252,0.077,-1.002,-0.034,-0.094,-0.065,0.098,-0.046,-0.005,-0.145,-0.034,0.228,-1.041,-1.108,-0.114,-0.05,-0.051
396.0,406.0,0.019,2.252,0.077,-1.002,-0.034,-0.094,-0.065,0.098,-0.046,-0.005,-0.145,-0.034,0.228,-1.041,-1.108,-0.114,-0.05,-0.051
396.0,407.0,0.02,2.252,0.077,-1.001,-0.034,-0.095,-0.064,0.098,-0.046,-0.005,-0.145,-0.034,0.228,-1.041,-1.108,-0.114,-0.05,-0.051
396.0,408.0,0.02,2.252,0.077,-1.001,-0.034,-0.095,-0.064,0.098,-0.046,-0.005,-0.145,-0.034,0.228,-1.041,-1.108,-0.115,-0.05,-0.051
397.0,398.0,0.02,2.488,0.077,-1.155,-0.062,-0.099,-0.071,0.199,-0.052,-0.002,-0.093,-0.005,-0.051,-1.317,-0.45,-0.052,-0.062,-0.05
397.0,399.0,0.02,2.488,0.077,-1.155,-0.061,-0.099,-0.071,0.198,-0.052,-0.002,-0.093,-0.005,-0.051,-1.317,-0.45,-0.052,-0.062,-0.05
397.0,400.0,0.02,2.488,0.077,-1.155,-0.061,-0.099,-0.071,0.198,-0.052,-0.002,-0.093,-0.005,-0.051,-1.317,-0.45,-0.052,-0.062,-0.05
397.0,401.0,0.02,2.488,0.077,-1.154,-0.061,-0.099,-0.071,0.198,-0.052,-0.002,-0.093,-0.005,-0.051,-1.317,-0.45,-0.052,-0.062,-0.05
397.0,402.0,0.02,2.488,0.077,-1.154,-0.061,-0.099,-0.071,0.198,-0.052,-0.002,-0.093,-0.005,-0.051,-1.317,-0.45,-0.052,-0.062,-0.05
397.0,403.0,0.02,2.488,0.077,-1.154,-0.061,-0.1,-0.07,0.198,-0.053,-0.002,-0.093,-0.005,-0.051,-1.317,-0.45,-0.052,-0.062,-0.05
397.0,404.0,0.02,2.489,0.077,-1.153,-0.061,-0.1,-0.07,0.198,-0.053,-0.002,-0.093,-0.005,-0.051,-1.317,-0.45,-0.052,-0.062,-0.05
397.0,405.0,0.02,2.489,0.077,-1.153,-0.061,-0.1,-0.07,0.198,-0.053,-0.002,-0.093,-0.005,-0.051,-1.317,-0.45,-0.052,-0.062,-0.05
397.0,406.0,0.02,2.489,0.077,-1.153,-0.06,-0.1,-0.07,0.197,-0.053,-0.002,-0.093,-0.005,-0.051,-1.317,-0.45,-0.052,-0.062,-0.05
397.0,407.0,0.02,2.489,0.077,-1.152,-0.06,-0.101,-0.07,0.197,-0.053,-0.002,-0.093,-0.005,-0.051,-1.317,-0.45,-0.052,-0.062,-0.05
397.0,408.0,0.02,2.489,0.077,-1.152,-0.06,-0.101,-0.07,0.197,-0.053,-0.002,-0.093,-0.005,-0.051,-1.317,-0.45,-0.052,-0.062,-0.05
397.0,409.0,0.021,2.489,0.077,-1.152,-0.06,-0.101,-0.07,0.197,-0.053,-0.002,-0.093,-0.005,-0.051,-1.317,-0.45,-0.052,-0.062,-0.05
398.0,399.0,0.017,2.564,0.078,-1.028,-0.06,-0.03,-0.058,0.17,-0.038,-0.011,-0.121,-0.018,0.986,-0.349,-0.072,-0.049,-0.052,-0.049
398.0,400.0,0.017,2.564,0.078,-1.028,-0.06,-0.03,-0.057,0.17,-0.038,-0.011,-0.121,-0.018,0.986,-0.349,-0.072,-0.049,-0.052,-0.049
398.0,401.0,0.017,2.565,0.078,-1.028,-0.059,-0.03,-0.057,0.17,-0.038,-0.011,-0.121,-0.018,0.986,-0.349,-0.072,-0.049,-0.052,-0.05
398.0,402.0,0.017,2.565,0.078,-1.028,-0.059,-0.031,-0.057,0.17,-0.038,-0.011,-0.121,-0.018,0.986,-0.349,-0.072,-0.049,-0.052,-0.05
398.0,403.0,0.017,2.565,0.078,-1.027,-0.059,-0.031,-0.057,0.17,-0.039,-0.011,-0.121,-0.018,0.986,-0.349,-0.072,-0.049,-0.052,-0.05
398.0,404.0,0.017,2.565,0.078,-1.027,-0.059,-0.031,-0.057,0.17,-0.039,-0.011,-0.121,-0.018,0.986,-0.349,-0.072,-0.049,-0.052,-0.05
398.0,405.0,0.017,2.565,0.077,-1.027,-0.059,-0.031,-0.057,0.17,-0.039,-0.011,-0.121,-0.018,0.986,-0.349,-0.072,-0.049,-0.052,-0.05
398.0,406.0,0.017,2.565,0.077,-1.026,-0.059,-0.032,-0.057,0.17,-0.039,-0.011,-0.121,-0.018,0.986,-0.349,-0.072,-0.049,-0.052,-0.05
398.0,407.0,0.017,2.565,0.077,-1.026,-0.059,-0.032,-0.057,0.169,-0.039,-0.011,-0.121,-0.017,0.986,-0.349,-0.072,-0.049,-0.052,-0.05
398.0,408.0,0.017,2.565,0.077,-1.026,-0.059,-0.032,-0.056,0.169,-0.039,-0.011,-0.121,-0.017,0.986,-0.349,-0.072,-0.049,-0.052,-0.05
398.0,409.0,0.018,2.565,0.077,-1.025,-0.059,-0.032,-0.056,0.169,-0.039,-0.012,-0.121,-0.017,0.986,-0.349,-0.072,-0.049,-0.052,-0.05
398.0,410.0,0.018,2.566,0.077,-1.025,-0.058,-0.033,-0.056,0.169,-0.04,-0.012,-0.121,-0.017,0.985,-0.349,-0.072,-0.049,-0.052,-0.05
399.0,400.0,0.014,2.624,0.063,-0.713,-0.051,-0.013,-0.071,0.125,-0.052,-0.009,-0.254,-0.053,0.444,-0.057,-0.109,-0.079,-0.032,-0.051
399.0,401.0,0.014,2.624,0.063,-0.713,-0.051,-0.013,-0.071,0.125,-0.053,-0.009,-0.254,-0.053,0.444,-0.057,-0.109,-0.079,-0.032,-0.051
399.0,402.0,0.014,2.624,0.063,-0.713,-0.051,-0.014,-0.07,0.125,-0.053,-0.009,-0.254,-0.053,0.444,-0.057,-0.109,-0.079,-0.032,-0.051
399.0,403.0,0.014,2.624,0.063,-0.712,-0.051,-0.014,-0.07,0.125,-0.053,-0.009,-0.254,-0.053,0.444,-0.057,-0.109,-0.079,-0.032,-0.051
399.0,404.0,0.014,2.624,0.063,-0.712,-0.051,-0.015,-0.07,0.125,-0.053,-0.009,-0.254,-0.053,0.444,-0.057,-0.109,-0.079,-0.032,-0.051
399.0,405.0,0.014,2.624,0.063,-0.712,-0.051,-0.015,-0.07,0.124,-0.053,-0.009,-0.254,-0.053,0.444,-0.057,-0.109,-0.079,-0.032,-0.051
399.0,406.0,0.014,2.624,0.063,-0.712,-0.051,-0.015,-0.07,0.124,-0.053,-0.009,-0.254,-0.053,0.444,-0.057,-0.109,-0.079,-0.032,-0.051
399.0,407.0,0.014,2.625,0.063,-0.711,-0.05,-0.016,-0.07,0.124,-0.053,-0.009,-0.254,-0.053,0.444,-0.056,-0.109,-0.079,-0.032,-0.051
399.0,408.0,0.014,2.625,0.063,-0.711,-0.05,-0.016,-0.07,0.124,-0.053,-0.009,-0.254,-0.053,0.444,-0.056,-0.109,-0.079,-0.032,-0.051
399.0,409.0,0.014,2.625,0.063,-0.711,-0.05,-0.016,-0.07,0.124,-0.053,-0.009,-0.254,-0.053,0.444,-0.056,-0.109,-0.079,-0.032,-0.051
399.0,410.0,0.014,2.625,0.063,-0.711,-0.05,-0.017,-0.07,0.124,-0.053,-0.009,-0.254,-0.053,0.444,-0.056,-0.11,-0.079,-0.032,-0.051
399.0,411.0,0.014,2.625,0.063,-0.711,-0.05,-0.017,-0.07,0.124,-0.053,-0.009,-0.254,-0.053,0.444,-0.056,-0.11,-0.079,-0.032,-0.051
400.0,401.0,0.018,2.24,0.082,-1.081,-0.069,-0.068,-0.06,0.086,-0.039,-0.005,-0.106,-0.01,0.388,-1.403,-1.189,-0.049,-0.057,-0.05
400.0,402.0,0.018,2.24,0.082,-1.081,-0.069,-0.069,-0.06,0.086,-0.039,-0.005,-0.106,-0.01,0.388,-1.403,-1.189,-0.049,-0.057,-0.05
400.0,403.0,0.018,2.24,0.081,-1.081,-0.069,-0.069,-0.06,0.086,-0.039,-0.005,-0.106,-0.01,0.388,-1.403,-1.189,-0.049,-0.057,-0.05
400.0,404.0,0.018,2.24,0.081,-1.081,-0.069,-0.069,-0.06,0.086,-0.039,-0.005,-0.106,-0.01,0.388,-1.403,-1.189,-0.049,-0.057,-0.05
400.0,405.0,0.018,2.24,0.081,-1.08,-0.069,-0.069,-0.06,0.085,-0.039,-0.005,-0.106,-0.01,0.388,-1.403,-1.189,-0.049,-0.057,-0.05
400.0,406.0,0.018,2.24,0.081,-1.08,-0.069,-0.069,-0.06,0.085,-0.039,-0.005,-0.106,-0.01,0.388,-1.403,-1.189,-0.049,-0.057,-0.05
400.0,407.0,0.018,2.24,0.081,-1.08,-0.069,-0.07,-0.06,0.085,-0.039,-0.005,-0.106,-0.01,0.388,-1.403,-1.189,-0.049,-0.057,-0.05
400.0,408.0,0.018,2.24,0.081,-1.08,-0.069,-0.07,-0.059,0.085,-0.039,-0.005,-0.106,-0.01,0.388,-1.403,-1.189,-0.049,-0.057,-0.05
400.0,409.0,0.018,2.24,0.081,-1.079,-0.069,-0.07,-0.059,0.085,-0.039,-0.005,-0.106,-0.01,0.388,-1.403,-1.189,-0.049,-0.057,-0.05
400.0,410.0,0.019,2.24,0.081,-1.079,-0.069,-0.07,-0.059,0.085,-0.039,-0.005,-0.106,-0.01,0.388,-1.403,-1.189,-0.049,-0.057,-0.05
400.0,411.0,0.019,2.24,0.081,-1.079,-0.069,-0.07,-0.059,0.085,-0.039,-0.005,-0.106,-0.01,0.388,-1.403,-1.189,-0.049,-0.057,-0.05
400.0,412.0,0.019,2.24,0.081,-1.079,-0.069,-0.071,-0.059,0.085,-0.039,-0.005,-0.106,-0.01,0.388,-1.403,-1.189,-0.049,-0.057,-0.05
401.0,402.0,0.019,2.391,0.087,-1.057,-0.061,-0.21,-0.06,0.11,-0.036,-0.005,-0.104,-0.01,0.317,-1.166,-1.13,-0.055,-0.049,-0.05
401.0,403.0,0.019,2.391,0.087,-1.057,-0.061,-0.21,-0.06,0.11,-0.036,-0.005,-0.104,-0.01,0.317,-1.166,-1.13,-0.055,-0.049,-0.05
401.0,404.0,0.019,2.391,0.087,-1.057,-0.061,-0.211,-0.06,0.11,-0.037,-0.005,-0.104,-0.01,0.317,-1.166,-1.13,-0.055,-0.049,-0.05
401.0,405.0,0.019,2.391,0.087,-1.057,-0.06,-0.211,-0.06,0.11,-0.037,-0.005,-0.104,-0.01,0.317,-1.166,-1.13,-0.055,-0.049,-0.05
401.0,406.0,0.019,2.391,0.087,-1.056,-0.06,-0.211,-0.059,0.11,-0.037,-0.005,-0.104,-0.01,0.317,-1.166,-1.13,-0.055,-0.049,-0.05
401.0,407.0,0.019,2.391,0.087,-1.056,-0.06,-0.211,-0.059,0.109,-0.037,-0.005,-0.105,-0.01,0.317,-1.166,-1.13,-0.055,-0.049,-0.05
401.0,408.0,0.019,2.391,0.087,-1.056,-0.06,-0.212,-0.059,0.109,-0.037,-0.005,-0.105,-0.01,0.317,-1.166,-1.13,-0.055,-0.049,-0.05
401.0,409.0,0.019,2.391,0.087,-1.055,-0.06,-0.212,-0.059,0.109,-0.037,-0.005,-0.105,-0.01,0.317,-1.166,-1.13,-0.055,-0.049,-0.05
401.0,410.0,0.019,2.391,0.087,-1.055,-0.06,-0.212,-0.059,0.109,-0.037,-0.005,-0.105,-0.01,0.317,-1.166,-1.13,-0.055,-0.049,-0.05
401.0,411.0,0.019,2.391,0.087,-1.055,-0.06,-0.212,-0.059,0.109,-0.037,-0.005,-0.105,-0.01,0.317,-1.166,-1.13,-0.055,-0.049,-0.05
401.0,412.0,0.019,2.392,0.087,-1.055,-0.06,-0.213,-0.059,0.109,-0.037,-0.005,-0.105,-0.01,0.317,-1.166,-1.13,-0.055,-0.049,-0.05
401.0,413.0,0.019,2.392,0.087,-1.054,-0.06,-0.213,-0.059,0.109,-0.038,-0.005,-0.105,-0.01,0.317,-1.166,-1.13,-0.055,-0.049,-0.05
402.0,403.0,0.011,2.588,0.071,-0.533,-0.06,0.004,-0.093,0.155,-0.051,-0.01,-0.228,-0.052,0.469,-0.225,-0.076,-0.093,-0.049,-0.051
402.0,404.0,0.011,2.588,0.071,-0.533,-0.06,0.004,-0.093,0.155,-0.051,-0.01,-0.229,-0.052,0.469,-0.225,-0.076,-0.093,-0.049,-0.051
402.0,405.0,0.011,2.588,0.071,-0.533,-0.06,0.003,-0.093,0.155,-0.051,-0.01,-0.229,-0.052,0.469,-0.225,-0.076,-0.093,-0.049,-0.051
402.0,406.0,0.011,2.588,0.071,-0.533,-0.06,0.003,-0.093,0.155,-0.051,-0.01,-0.229,-0.052,0.469,-0.225,-0.077,-0.093,-0.049,-0.051
402.0,407.0,0.012,2.588,0.07,-0.532,-0.06,0.003,-0.093,0.155,-0.051,-0.01,-0.229,-0.052,0.469,-0.225,-0.077,-0.093,-0.049,-0.051
402.0,408.0,0.012,2.588,0.07,-0.532,-0.06,0.003,-0.093,0.155,-0.051,-0.01,-0.229,-0.052,0.469,-0.225,-0.077,-0.093,-0.049,-0.051
402.0,409.0,0.012,2.588,0.07,-0.532,-0.06,0.002,-0.093,0.155,-0.051,-0.01,-0.229,-0.052,0.469,-0.225,-0.077,-0.093,-0.049,-0.051
402.0,410.0,0.012,2.588,0.07,-0.532,-0.059,0.002,-0.093,0.155,-0.051,-0.01,-0.229,-0.052,0.469,-0.225,-0.077,-0.093,-0.049,-0.051
402.0,411.0,0.012,2.588,0.07,-0.531,-0.059,0.002,-0.093,0.155,-0.051,-0.01,-0.229,-0.052,0.469,-0.225,-0.077,-0.093,-0.049,-0.051
402.0,412.0,0.012,2.588,0.07,-0.531,-0.059,0.001,-0.093,0.155,-0.051,-0.01,-0.229,-0.052,0.469,-0.225,-0.077,-0.093,-0.049,-0.05
402.0,413.0,0.012,2.588,0.07,-0.531,-0.059,0.001,-0.093,0.155,-0.052,-0.01,-0.229,-0.052,0.469,-0.225,-0.077,-0.093,-0.049,-0.05
402.0,414.0,0.012,2.588,0.07,-0.531,-0.059,0.001,-0.093,0.155,-0.052,-0.01,-0.229,-0.052,0.469,-0.225,-0.077,-0.093,-0.049,-0.05
403.0,404.0,0.018,2.468,0.075,-1.115,-0.056,-0.061,-0.056,0.13,-0.045,-0.006,-0.106,-0.014,0.417,-1.14,-0.989,-0.051,-0.061,-0.05
403.0,405.0,0.018,2.469,0.075,-1.115,-0.056,-0.062,-0.056,0.13,-0.045,-0.006,-0.106,-0.014,0.417,-1.14,-0.989,-0.051,-0.061,-0.05
403.0,406.0,0.018,2.469,0.075,-1.114,-0.056,-0.062,-0.056,0.13,-0.045,-0.006,-0.106,-0.014,0.416,-1.14,-0.989,-0.051,-0.061,-0.05
403.0,407.0,0.018,2.469,0.075,-1.114,-0.056,-0.062,-0.056,0.13,-0.045,-0.006,-0.106,-0.014,0.416,-1.14,-0.989,-0.051,-0.061,-0.05
403.0,408.0,0.018,2.469,0.075,-1.114,-0.056,-0.062,-0.055,0.129,-0.045,-0.006,-0.106,-0.014,0.416,-1.14,-0.989,-0.051,-0.061,-0.05
403.0,409.0,0.018,2.469,0.075,-1.114,-0.056,-0.062,-0.055,0.129,-0.045,-0.006,-0.106,-0.013,0.416,-1.14,-0.989,-0.051,-0.061,-0.05
403.0,410.0,0.018,2.469,0.075,-1.113,-0.056,-0.063,-0.055,0.129,-0.045,-0.006,-0.106,-0.013,0.416,-1.14,-0.989,-0.051,-0.061,-0.05
403.0,411.0,0.018,2.469,0.075,-1.113,-0.056,-0.063,-0.055,0.129,-0.045,-0.006,-0.106,-0.013,0.416,-1.14,-0.989,-0.051,-0.061,-0.05
403.0,412.0,0.018,2.469,0.075,-1.113,-0.056,-0.063,-0.055,0.129,-0.045,-0.006,-0.106,-0.013,0.416,-1.14,-0.989,-0.051,-0.061,-0.05
403.0,413.0,0.018,2.469,0.074,-1.113,-0.055,-0.063,-0.055,0.129,-0.045,-0.006,-0.106,-0.013,0.416,-1.14,-0.989,-0.051,-0.061,-0.05
403.0,414.0,0.018,2.469,0.074,-1.112,-0.055,-0.063,-0.055,0.129,-0.045,-0.006,-0.106,-0.013,0.416,-1.14,-0.989,-0.051,-0.061,-0.05
403.0,415.0,0.018,2.469,0.074,-1.112,-0.055,-0.064,-0.055,0.129,-0.045,-0.006,-0.106,-0.013,0.416,-1.14,-0.989,-0.051,-0.061,-0.05
404.0,405.0,0.021,2.321,0.074,-1.264,-0.092,-0.036,-0.053,0.085,-0.047,-0.004,-0.11,-0.013,-0.061,-1.194,-1.156,-0.048,-0.051,-0.05
404.0,406.0,0.021,2.321,0.074,-1.264,-0.092,-0.036,-0.053,0.085,-0.047,-0.004,-0.11,-0.013,-0.061,-1.194,-1.156,-0.048,-0.051,-0.05
404.0,407.0,0.022,2.321,0.074,-1.264,-0.091,-0.036,-0.053,0.085,-0.047,-0.004,-0.11,-0.013,-0.061,-1.194,-1.156,-0.048,-0.051,-0.05
404.0,408.0,0.022,2.321,0.074,-1.264,-0.091,-0.036,-0.053,0.084,-0.047,-0.004,-0.111,-0.012,-0.061,-1.194,-1.156,-0.048,-0.051,-0.05
404.0,409.0,0.022,2.321,0.073,-1.263,-0.091,-0.036,-0.053,0.084,-0.047,-0.004,-0.111,-0.012,-0.061,-1.194,-1.156,-0.048,-0.051,-0.05
404.0,410.0,0.022,2.321,0.073,-1.263,-0.091,-0.036,-0.053,0.084,-0.047,-0.004,-0.111,-0.012,-0.061,-1.194,-1.156,-0.048,-0.051,-0.05
404.0,411.0,0.022,2.321,0.073,-1.263,-0.091,-0.037,-0.053,0.084,-0.047,-0.004,-0.111,-0.012,-0.061,-1.194,-1.156,-0.048,-0.051,-0.05
404.0,412.0,0.022,2.321,0.073,-1.263,-0.091,-0.037,-0.053,0.084,-0.047,-0.004,-0.111,-0.012,-0.061,-1.194,-1.156,-0.048,-0.051,-0.05
404.0,413.0,0.022,2.321,0.073,-1.263,-0.091,-0.037,-0.053,0.084,-0.047,-0.004,-0.111,-0.012,-0.061,-1.194,-1.156,-0.048,-0.051,-0.05
404.0,414.0,0.022,2.321,0.073,-1.263,-0.091,-0.037,-0.053,0.084,-0.047,-0.004,-0.111,-0.012,-0.061,-1.194,-1.156,-0.048,-0.051,-0.05
404.0,415.0,0.023,2.322,0.073,-1.262,-0.091,-0.037,-0.053,0.084,-0.047,-0.004,-0.111,-0.012,-0.061,-1.194,-1.156,-0.048,-0.051,-0.05
404.0,416.0,0.023,2.322,0.073,-1.262,-0.091,-0.037,-0.053,0.084,-0.047,-0.004,-0.111,-0.012,-0.061,-1.194,-1.156,-0.048,-0.051,-0.05
405.0,406.0,0.013,2.409,0.066,-0.749,-0.1,-0.01,-0.068,0.077,-0.055,-0.009,-0.265,-0.06,0.407,-0.165,0.014,-0.09,-0.045,-0.05
405.0,407.0,0.013,2.409,0.066,-0.749,-0.1,-0.01,-0.068,0.077,-0.055,-0.009,-0.265,-0.06,0.407,-0.165,0.014,-0.09,-0.045,-0.05
405.0,408.0,0.013,2.409,0.066,-0.749,-0.1,-0.01,-0.068,0.078,-0.055,-0.009,-0.265,-0.06,0.407,-0.165,0.014,-0.09,-0.045,-0.05
405.0,409.0,0.013,2.409,0.066,-0.749,-0.1,-0.01,-0.068,0.078,-0.055,-0.01,-0.265,-0.06,0.407,-0.165,0.014,-0.09,-0.045,-0.05
405.0,410.0,0.013,2.409,0.066,-0.748,-0.1,-0.011,-0.068,0.078,-0.055,-0.01,-0.265,-0.06,0.407,-0.165,0.013,-0.09,-0.045,-0.05
405.0,411.0,0.013,2.409,0.065,-0.748,-0.1,-0.011,-0.068,0.078,-0.055,-0.01,-0.265,-0.06,0.407,-0.165,0.013,-0.09,-0.045,-0.05
405.0,412.0,0.013,2.409,0.065,-0.748,-0.1,-0.011,-0.068,0.078,-0.055,-0.01,-0.265,-0.06,0.407,-0.165,0.013,-0.09,-0.045,-0.05
405.0,413.0,0.013,2.409,0.065,-0.748,-0.1,-0.011,-0.068,0.078,-0.055,-0.01,-0.265,-0.06,0.407,-0.165,0.013,-0.09,-0.045,-0.05
405.0,414.0,0.014,2.409,0.065,-0.748,-0.1,-0.011,-0.068,0.078,-0.055,-0.01,-0.265,-0.06,0.407,-0.165,0.013,-0.09,-0.045,-0.05
405.0,415.0,0.014,2.409,0.065,-0.747,-0.1,-0.012,-0.068,0.078,-0.055,-0.01,-0.265,-0.06,0.407,-0.165,0.013,-0.09,-0.045,-0.05
405.0,416.0,0.014,2.409,0.065,-0.747,-0.1,-0.012,-0.068,0.078,-0.055,-0.01,-0.265,-0.06,0.406,-0.165,0.013,-0.09,-0.045,-0.05
405.0,417.0,0.014,2.409,0.065,-0.747,-0.1,-0.012,-0.067,0.078,-0.055,-0.01,-0.265,-0.06,0.406,-0.165,0.013,-0.09,-0.045,-0.05
406.0,407.0,0.02,2.464,0.087,-1.224,-0.015,-0.303,-0.057,0.156,-0.042,-0.001,-0.09,-0.006,-0.047,-1.189,-0.097,-0.048,-0.084,-0.049
406.0,408.0,0.02,2.464,0.087,-1.224,-0.014,-0.303,-0.057,0.156,-0.042,-0.001,-0.09,-0.006,-0.047,-1.189,-0.097,-0.048,-0.084,-0.049
406.0,409.0,0.02,2.464,0.086,-1.224,-0.014,-0.303,-0.057,0.156,-0.042,-0.001,-0.09,-0.006,-0.047,-1.189,-0.097,-0.048,-0.084,-0.049
406.0,410.0,0.02,2.464,0.086,-1.224,-0.014,-0.303,-0.057,0.155,-0.042,-0.001,-0.09,-0.006,-0.047,-1.189,-0.097,-0.048,-0.084,-0.049
406.0,411.0,0.02,2.464,0.086,-1.224,-0.014,-0.303,-0.057,0.155,-0.042,-0.001,-0.09,-0.006,-0.047,-1.189,-0.097,-0.048,-0.084,-0.049
406.0,412.0,0.02,2.464,0.086,-1.223,-0.014,-0.303,-0.056,0.155,-0.042,-0.001,-0.09,-0.006,-0.047,-1.189,-0.097,-0.048,-0.084,-0.049
406.0,413.0,0.021,2.464,0.086,-1.223,-0.014,-0.303,-0.056,0.155,-0.042,-0.001,-0.09,-0.006,-0.047,-1.189,-0.097,-0.048,-0.084,-0.049
406.0,414.0,0.021,2.464,0.086,-1.223,-0.014,-0.303,-0.056,0.155,-0.043,-0.001,-0.09,-0.006,-0.047,-1.189,-0.097,-0.048,-0.084,-0.049
406.0,415.0,0.021,2.464,0.086,-1.223,-0.014,-0.304,-0.056,0.155,-0.043,-0.001,-0.09,-0.006,-0.047,-1.189,-0.097,-0.048,-0.084,-0.049
406.0,416.0,0.021,2.464,0.086,-1.223,-0.014,-0.304,-0.056,0.155,-0.043,-0.001,-0.09,-0.006,-0.047,-1.189,-0.097,-0.048,-0.084,-0.049
406.0,417.0,0.021,2.465,0.086,-1.222,-0.014,-0.304,-0.056,0.155,-0.043,-0.001,-0.09,-0.006,-0.047,-1.189,-0.097,-0.048,-0.084,-0.049
406.0,418.0,0.021,2.465,0.086,-1.222,-0.014,-0.304,-0.056,0.155,-0.043,-0.001,-0.09,-0.006,-0.047,-1.189,-0.097,-0.048,-0.084,-0.049
407.0,408.0,0.014,2.276,0.078,-1.017,-0.051,-0.039,-0.054,0.091,-0.044,-0.008,-0.113,-0.014,0.673,-0.684,-0.524,-0.051,-0.05,-0.05
407.0,409.0,0.014,2.276,0.078,-1.017,-0.051,-0.039,-0.054,0.091,-0.044,-0.008,-0.113,-0.014,0.673,-0.684,-0.524,-0.051,-0.05,-0.05
407.0,410.0,0.014,2.276,0.078,-1.016,-0.051,-0.039,-0.054,0.091,-0.044,-0.008,-0.113,-0.014,0.673,-0.684,-0.524,-0.051,-0.05,-0.05
407.0,411.0,0.014,2.276,0.078,-1.016,-0.051,-0.039,-0.054,0.091,-0.045,-0.009,-0.113,-0.014,0.673,-0.684,-0.524,-0.052,-0.05,-0.05
407.0,412.0,0.014,2.276,0.078,-1.016,-0.051,-0.039,-0.054,0.091,-0.045,-0.009,-0.113,-0.014,0.673,-0.684,-0.524,-0.052,-0.05,-0.05
407.0,413.0,0.014,2.276,0.078,-1.016,-0.05,-0.039,-0.054,0.091,-0.045,-0.009,-0.113,-0.014,0.673,-0.684,-0.524,-0.052,-0.05,-0.05
407.0,414.0,0.014,2.276,0.078,-1.015,-0.05,-0.04,-0.053,0.091,-0.045,-0.009,-0.113,-0.014,0.673,-0.684,-0.524,-0.052,-0.05,-0.05
407.0,415.0,0.015,2.276,0.078,-1.015,-0.05,-0.04,-0.053,0.091,-0.045,-0.009,-0.113,-0.014,0.673,-0.684,-0.524,-0.052,-0.05,-0.05
407.0,416.0,0.015,2.276,0.078,-1.015,-0.05,-0.04,-0.053,0.091,-0.045,-0.009,-0.113,-0.014,0.673,-0.684,-0.524,-0.052,-0.05,-0.05
407.0,417.0,0.015,2.276,0.078,-1.015,-0.05,-0.04,-0.053,0.091,-0.045,-0.009,-0.113,-0.014,0.673,-0.684,-0.524,-0.052,-0.05,-0.05
407.0,418.0,0.015,2.276,0.078,-1.014,-0.05,-0.04,-0.053,0.091,-0.045,-0.009,-0.113,-0.014,0.673,-0.684,-0.524,-0.052,-0.05,-0.05
407.0,419.0,0.015,2.277,0.078,-1.014,-0.05,-0.04,-0.053,0.091,-0.045,-0.009,-0.113,-0.014,0.673,-0.684,-0.524,-0.052,-0.05,-0.05
408.0,409.0,0.007,2.581,0.082,-0.978,-0.098,-0.024,-0.059,0.142,-0.039,-0.009,-0.124,-0.017,0.726,-0.414,-0.18,-0.074,-0.051,-0.05
408.0,410.0,0.007,2.581,0.082,-0.978,-0.098,-0.024,-0.059,0.142,-0.039,-0.009,-0.124,-0.017,0.726,-0.414,-0.18,-0.074,-0.051,-0.05
408.0,411.0,0.007,2.581,0.082,-0.978,-0.098,-0.025,-0.059,0.142,-0.039,-0.009,-0.124,-0.017,0.726,-0.414,-0.18,-0.074,-0.051,-0.05
408.0,412.0,0.007,2.582,0.082,-0.977,-0.097,-0.025,-0.059,0.142,-0.04,-0.009,-0.124,-0.017,0.726,-0.414,-0.18,-0.074,-0.051,-0.05
408.0,413.0,0.007,2.582,0.082,-0.977,-0.097,-0.025,-0.059,0.142,-0.04,-0.009,-0.124,-0.017,0.726,-0.414,-0.18,-0.074,-0.051,-0.05
408.0,414.0,0.007,2.582,0.082,-0.977,-0.097,-0.025,-0.059,0.142,-0.04,-0.009,-0.124,-0.017,0.726,-0.414,-0.18,-0.074,-0.051,-0.05
408.0,415.0,0.007,2.582,0.082,-0.977,-0.097,-0.025,-0.059,0.142,-0.04,-0.009,-0.124,-0.017,0.726,-0.414,-0.18,-0.074,-0.051,-0.05
408.0,416.0,0.007,2.582,0.082,-0.977,-0.097,-0.025,-0.059,0.141,-0.04,-0.009,-0.124,-0.017,0.726,-0.414,-0.18,-0.074,-0.051,-0.05
408.0,417.0,0.008,2.582,0.082,-0.977,-0.097,-0.025,-0.059,0.141,-0.04,-0.009,-0.124,-0.017,0.726,-0.414,-0.18,-0.074,-0.051,-0.05
408.0,418.0,0.008,2.582,0.082,-0.977,-0.097,-0.025,-0.059,0.141,-0.04,-0.009,-0.124,-0.017,0.726,-0.414,-0.18,-0.074,-0.051,-0.05
408.0,419.0,0.008,2.582,0.082,-0.976,-0.097,-0.025,-0.059,0.141,-0.04,-0.009,-0.124,-0.017,0.726,-0.414,-0.18,-0.074,-0.051,-0.05
408.0,420.0,0.008,2.582,0.082,-0.976,-0.097,-0.025,-0.059,0.141,-0.04,-0.009,-0.124,-0.017,0.726,-0.414,-0.18,-0.074,-0.051,-0.05
409.0,410.0,0.012,2.258,0.078,-1.062,-0.05,-0.035,-0.054,0.083,-0.045,-0.007,-0.113,-0.014,0.449,-0.652,-0.551,-0.084,-0.05,-0.05
409.0,411.0,0.012,2.258,0.078,-1.062,-0.05,-0.036,-0.054,0.083,-0.045,-0.007,-0.113,-0.014,0.449,-0.652,-0.551,-0.084,-0.05,-0.05
409.0,412.0,0.012,2.258,0.078,-1.062,-0.05,-0.036,-0.054,0.083,-0.045,-0.007,-0.113,-0.014,0.449,-0.652,-0.551,-0.084,-0.05,-0.05
409.0,413.0,0.013,2.258,0.078,-1.061,-0.05,-0.036,-0.054,0.083,-0.045,-0.007,-0.113,-0.014,0.449,-0.652,-0.551,-0.084,-0.05,-0.05
409.0,414.0,0.013,2.258,0.078,-1.061,-0.05,-0.036,-0.053,0.083,-0.045,-0.007,-0.114,-0.014,0.449,-0.652,-0.551,-0.084,-0.05,-0.05
409.0,415.0,0.013,2.258,0.078,-1.061,-0.05,-0.036,-0.053,0.083,-0.045,-0.007,-0.114,-0.014,0.449,-0.652,-0.551,-0.084,-0.05,-0.05
409.0,416.0,0.013,2.258,0.078,-1.061,-0.05,-0.036,-0.053,0.083,-0.045,-0.007,-0.114,-0.014,0.449,-0.652,-0.551,-0.084,-0.05,-0.05
409.0,417.0,0.013,2.258,0.078,-1.06,-0.05,-0.036,-0.053,0.083,-0.045,-0.007,-0.114,-0.014,0.449,-0.652,-0.551,-0.084,-0.05,-0.05
409.0,418.0,0.013,2.258,0.077,-1.06,-0.05,-0.037,-0.053,0.083,-0.045,-0.007,-0.114,-0.014,0.449,-0.652,-0.551,-0.084,-0.05,-0.05
409.0,419.0,0.013,2.258,0.077,-1.06,-0.05,-0.037,-0.053,0.083,-0.045,-0.007,-0.114,-0.014,0.449,-0.652,-0.551,-0.084,-0.05,-0.05
409.0,420.0,0.013,2.258,0.077,-1.06,-0.05,-0.037,-0.053,0.083,-0.046,-0.007,-0.114,-0.014,0.449,-0.652,-0.551,-0.084,-0.05,-0.05
409.0,421.0,0.013,2.258,0.077,-1.059,-0.05,-0.037,-0.053,0.083,-0.046,-0.007,-0.114,-0.014,0.449,-0.652,-0.551,-0.084,-0.05,-0.05
410.0,411.0,0.01,2.539,0.075,-1.251,-0.086,-0.04,-0.051,0.133,-0.043,-0.006,-0.122,-0.017,0.042,-0.297,-0.047,-0.056,-0.05,-0.05
410.0,412.0,0.01,2.539,0.075,-1.251,-0.086,-0.04,-0.051,0.133,-0.043,-0.006,-0.122,-0.017,0.042,-0.297,-0.047,-0.056,-0.05,-0.05
410.0,413.0,0.01,2.539,0.075,-1.251,-0.086,-0.04,-0.051,0.133,-0.043,-0.006,-0.122,-0.017,0.042,-0.297,-0.047,-0.056,-0.05,-0.05
410.0,414.0,0.011,2.539,0.075,-1.251,-0.086,-0.041,-0.051,0.133,-0.043,-0.006,-0.122,-0.017,0.042,-0.297,-0.047,-0.056,-0.05,-0.05
410.0,415.0,0.011,2.539,0.075,-1.251,-0.086,-0.041,-0.051,0.133,-0.043,-0.006,-0.122,-0.017,0.042,-0.297,-0.047,-0.056,-0.05,-0.05
410.0,416.0,0.011,2.539,0.075,-1.251,-0.086,-0.041,-0.051,0.133,-0.043,-0.006,-0.122,-0.017,0.042,-0.297,-0.047,-0.056,-0.05,-0.05
410.0,417.0,0.011,2.539,0.075,-1.251,-0.086,-0.041,-0.051,0.133,-0.043,-0.006,-0.122,-0.017,0.042,-0.297,-0.047,-0.056,-0.05,-0.05
410.0,418.0,0.011,2.539,0.075,-1.251,-0.086,-0.041,-0.051,0.133,-0.043,-0.006,-0.122,-0.017,0.042,-0.297,-0.047,-0.056,-0.05,-0.05
410.0,419.0,0.011,2.539,0.074,-1.251,-0.086,-0.041,-0.051,0.133,-0.044,-0.006,-0.122,-0.017,0.042,-0.297,-0.047,-0.056,-0.05,-0.05
410.0,420.0,0.011,2.539,0.074,-1.25,-0.086,-0.041,-0.051,0.133,-0.044,-0.006,-0.122,-0.017,0.042,-0.297,-0.047,-0.056,-0.05,-0.05
410.0,421.0,0.011,2.539,0.074,-1.25,-0.086,-0.041,-0.051,0.133,-0.044,-0.006,-0.122,-0.017,0.042,-0.297,-0.047,-0.056,-0.05,-0.05
410.0,422.0,0.011,2.539,0.074,-1.25,-0.086,-0.041,-0.051,0.133,-0.044,-0.006,-0.123,-0.017,0.042,-0.297,-0.047,-0.056,-0.05,-0.05
411.0,412.0,0.017,2.593,0.078,-1.129,-0.058,-0.052,-0.049,0.16,-0.045,-0.004,-0.104,-0.01,-0.069,-1.492,-1.444,-0.049,-0.05,-0.05
411.0,413.0,0.017,2.593,0.078,-1.128,-0.058,-0.052,-0.049,0.16,-0.045,-0.004,-0.104,-0.01,-0.069,-1.492,-1.444,-0.049,-0.05,-0.05
411.0,414.0,0.017,2.593,0.078,-1.128,-0.058,-0.052,-0.049,0.16,-0.045,-0.004,-0.104,-0.01,-0.069,-1.492,-1.444,-0.049,-0.05,-0.05
411.0,415.0,0.017,2.593,0.078,-1.128,-0.058,-0.052,-0.049,0.16,-0.045,-0.004,-0.104,-0.01,-0.069,-1.492,-1.444,-0.049,-0.05,-0.05
411.0,416.0,0.017,2.593,0.078,-1.128,-0.058,-0.052,-0.049,0.16,-0.045,-0.004,-0.104,-0.01,-0.069,-1.492,-1.444,-0.049,-0.05,-0.05
411.0,417.0,0.018,2.593,0.078,-1.128,-0.058,-0.052,-0.049,0.16,-0.045,-0.004,-0.104,-0.01,-0.069,-1.492,-1.444,-0.049,-0.05,-0.05
411.0,418.0,0.018,2.593,0.078,-1.127,-0.058,-0.052,-0.049,0.16,-0.045,-0.004,-0.104,-0.01,-0.069,-1.492,-1.444,-0.049,-0.05,-0.05
411.0,419.0,0.018,2.593,0.077,-1.127,-0.058,-0.053,-0.049,0.16,-0.045,-0.004,-0.104,-0.01,-0.069,-1.492,-1.444,-0.049,-0.05,-0.05
411.0,420.0,0.018,2.593,0.077,-1.127,-0.058,-0.053,-0.049,0.16,-0.045,-0.004,-0.104,-0.01,-0.069,-1.492,-1.444,-0.049,-0.05,-0.05
411.0,421.0,0.018,2.593,0.077,-1.127,-0.058,-0.053,-0.049,0.16,-0.045,-0.004,-0.104,-0.01,-0.069,-1.492,-1.444,-0.049,-0.05,-0.05
411.0,422.0,0.018,2.593,0.077,-1.127,-0.058,-0.053,-0.049,0.16,-0.045,-0.004,-0.104,-0.01,-0.069,-1.492,-1.444,-0.049,-0.05,-0.05
411.0,423.0,0.018,2.593,0.077,-1.126,-0.058,-0.053,-0.049,0.16,-0.045,-0.004,-0.104,-0.01,-0.069,-1.492,-1.444,-0.049,-0.05,-0.05
412.0,413.0,0.013,2.49,0.073,-1.243,-0.099,-0.036,-0.051,0.103,-0.047,-0.005,-0.109,-0.013,-0.02,-0.791,-0.678,-0.055,-0.05,-0.05
412.0,414.0,0.013,2.49,0.073,-1.243,-0.099,-0.036,-0.051,0.103,-0.047,-0.005,-0.109,-0.013,-0.02,-0.791,-0.678,-0.055,-0.05,-0.05
412.0,415.0,0.013,2.49,0.072,-1.243,-0.099,-0.037,-0.051,0.103,-0.047,-0.005,-0.109,-0.013,-0.02,-0.791,-0.678,-0.055,-0.05,-0.05
412.0,416.0,0.014,2.49,0.072,-1.243,-0.099,-0.037,-0.051,0.103,-0.047,-0.005,-0.109,-0.013,-0.02,-0.791,-0.678,-0.055,-0.05,-0.05
412.0,417.0,0.014,2.49,0.072,-1.243,-0.099,-0.037,-0.051,0.103,-0.047,-0.005,-0.11,-0.013,-0.02,-0.791,-0.679,-0.055,-0.05,-0.05
412.0,418.0,0.014,2.49,0.072,-1.243,-0.099,-0.037,-0.051,0.103,-0.047,-0.005,-0.11,-0.013,-0.019,-0.791,-0.679,-0.055,-0.05,-0.05
412.0,419.0,0.014,2.49,0.072,-1.243,-0.099,-0.037,-0.051,0.103,-0.047,-0.005,-0.11,-0.013,-0.019,-0.791,-0.679,-0.055,-0.05,-0.05
412.0,420.0,0.014,2.491,0.072,-1.242,-0.099,-0.037,-0.051,0.103,-0.047,-0.005,-0.11,-0.013,-0.019,-0.791,-0.679,-0.055,-0.05,-0.05
412.0,421.0,0.014,2.491,0.072,-1.242,-0.099,-0.037,-0.051,0.103,-0.047,-0.005,-0.11,-0.013,-0.019,-0.791,-0.679,-0.055,-0.05,-0.05
412.0,422.0,0.014,2.491,0.072,-1.242,-0.098,-0.037,-0.051,0.103,-0.047,-0.005,-0.11,-0.013,-0.019,-0.791,-0.679,-0.055,-0.05,-0.05
412.0,423.0,0.014,2.491,0.072,-1.242,-0.098,-0.037,-0.051,0.103,-0.047,-0.005,-0.11,-0.013,-0.019,-0.791,-0.679,-0.055,-0.05,-0.05
412.0,424.0,0.014,2.491,0.072,-1.242,-0.098,-0.038,-0.051,0.103,-0.047,-0.005,-0.11,-0.013,-0.019,-0.791,-0.679,-0.055,-0.05,-0.05
413.0,414.0,0.014,2.448,0.077,-1.037,-0.051,-0.039,-0.05,0.116,-0.044,-0.005,-0.103,-0.012,0.314,-1.294,-1.239,-0.049,-0.05,-0.05
413.0,415.0,0.014,2.448,0.077,-1.037,-0.051,-0.039,-0.05,0.116,-0.044,-0.005,-0.103,-0.012,0.314,-1.294,-1.239,-0.049,-0.05,-0.05
413.0,416.0,0.014,2.448,0.077,-1.037,-0.051,-0.039,-0.05,0.116,-0.045,-0.005,-0.103,-0.012,0.314,-1.294,-1.239,-0.049,-0.05,-0.05
413.0,417.0,0.014,2.448,0.077,-1.037,-0.051,-0.039,-0.05,0.116,-0.045,-0.005,-0.103,-0.012,0.314,-1.294,-1.239,-0.049,-0.05,-0.05
413.0,418.0,0.015,2.448,0.077,-1.037,-0.051,-0.039,-0.05,0.116,-0.045,-0.005,-0.103,-0.012,0.314,-1.294,-1.239,-0.049,-0.05,-0.05
413.0,419.0,0.015,2.448,0.077,-1.036,-0.051,-0.04,-0.05,0.116,-0.045,-0.005,-0.103,-0.012,0.314,-1.294,-1.239,-0.049,-0.05,-0.05
413.0,420.0,0.015,2.448,0.077,-1.036,-0.051,-0.04,-0.05,0.116,-0.045,-0.005,-0.103,-0.012,0.314,-1.294,-1.239,-0.049,-0.05,-0.05
413.0,421.0,0.015,2.448,0.077,-1.036,-0.051,-0.04,-0.05,0.116,-0.045,-0.005,-0.103,-0.012,0.314,-1.294,-1.239,-0.049,-0.05,-0.05
413.0,422.0,0.015,2.448,0.077,-1.036,-0.051,-0.04,-0.05,0.116,-0.045,-0.005,-0.104,-0.012,0.314,-1.294,-1.239,-0.049,-0.05,-0.05
413.0,423.0,0.015,2.448,0.077,-1.035,-0.051,-0.04,-0.05,0.116,-0.045,-0.005,-0.104,-0.012,0.314,-1.294,-1.239,-0.049,-0.05,-0.05
413.0,424.0,0.015,2.448,0.077,-1.035,-0.051,-0.04,-0.05,0.116,-0.045,-0.005,-0.104,-0.011,0.314,-1.294,-1.239,-0.049,-0.05,-0.05
413.0,425.0,0.015,2.448,0.077,-1.035,-0.051,-0.04,-0.05,0.116,-0.045,-0.005,-0.104,-0.011,0.314,-1.294,-1.239,-0.049,-0.05,-0.05
414.0,415.0,0.009,2.601,0.081,-1.007,-0.073,-0.088,-0.059,0.149,-0.042,-0.005,-0.102,-0.013,0.346,-1.417,-1.164,-0.048,-0.069,-0.051
414.0,416.0,0.009,2.601,0.081,-1.007,-0.073,-0.088,-0.059,0.149,-0.042,-0.005,-0.102,-0.013,0.346,-1.417,-1.164,-0.048,-0.069,-0.051
414.0,417.0,0.009,2.601,0.081,-1.007,-0.073,-0.088,-0.059,0.149,-0.042,-0.005,-0.102,-0.013,0.346,-1.417,-1.164,-0.048,-0.069,-0.051
414.0,418.0,0.01,2.601,0.081,-1.007,-0.073,-0.088,-0.059,0.149,-0.042,-0.005,-0.102,-0.013,0.346,-1.417,-1.164,-0.048,-0.069,-0.051
414.0,419.0,0.01,2.601,0.081,-1.006,-0.073,-0.088,-0.059,0.149,-0.042,-0.005,-0.102,-0.013,0.346,-1.417,-1.164,-0.048,-0.069,-0.051
414.0,420.0,0.01,2.601,0.08,-1.006,-0.073,-0.088,-0.059,0.149,-0.042,-0.005,-0.102,-0.013,0.346,-1.417,-1.164,-0.048,-0.069,-0.051
414.0,421.0,0.01,2.601,0.08,-1.006,-0.073,-0.089,-0.059,0.149,-0.042,-0.005,-0.102,-0.013,0.346,-1.417,-1.164,-0.048,-0.069,-0.051
414.0,422.0,0.01,2.601,0.08,-1.006,-0.072,-0.089,-0.059,0.149,-0.042,-0.005,-0.102,-0.013,0.346,-1.417,-1.164,-0.048,-0.069,-0.051
414.0,423.0,0.01,2.601,0.08,-1.006,-0.072,-0.089,-0.059,0.149,-0.042,-0.005,-0.103,-0.013,0.346,-1.417,-1.164,-0.048,-0.069,-0.051
414.0,424.0,0.01,2.601,0.08,-1.006,-0.072,-0.089,-0.059,0.149,-0.042,-0.006,-0.103,-0.013,0.346,-1.417,-1.164,-0.048,-0.069,-0.051
414.0,425.0,0.01,2.601,0.08,-1.006,-0.072,-0.089,-0.059,0.149,-0.042,-0.006,-0.103,-0.012,0.346,-1.417,-1.164,-0.048,-0.069,-0.051
414.0,426.0,0.01,2.601,0.08,-1.005,-0.072,-0.089,-0.059,0.149,-0.042,-0.006,-0.103,-0.012,0.346,-1.417,-1.164,-0.049,-0.069,-0.051
415.0,416.0,0.009,2.533,0.075,-1.071,-0.067,-0.025,-0.056,0.119,-0.043,-0.005,-0.101,-0.013,0.291,-1.224,-1.12,-0.051,-0.05,-0.05
415.0,417.0,0.009,2.533,0.075,-1.07,-0.067,-0.026,-0.056,0.119,-0.043,-0.005,-0.101,-0.013,0.291,-1.224,-1.12,-0.051,-0.05,-0.05
415.0,418.0,0.009,2.533,0.075,-1.07,-0.067,-0.026,-0.056,0.119,-0.043,-0.005,-0.101,-0.013,0.291,-1.224,-1.12,-0.051,-0.05,-0.05
415.0,419.0,0.009,2.533,0.075,-1.07,-0.066,-0.026,-0.056,0.119,-0.043,-0.005,-0.101,-0.013,0.291,-1.224,-1.12,-0.051,-0.05,-0.05
415.0,420.0,0.009,2.533,0.075,-1.07,-0.066,-0.026,-0.055,0.119,-0.043,-0.005,-0.101,-0.013,0.291,-1.224,-1.12,-0.051,-0.05,-0.05
415.0,421.0,0.009,2.533,0.075,-1.07,-0.066,-0.026,-0.055,0.119,-0.043,-0.005,-0.101,-0.013,0.291,-1.224,-1.12,-0.051,-0.05,-0.05
415.0,422.0,0.009,2.533,0.074,-1.07,-0.066,-0.026,-0.055,0.119,-0.043,-0.005,-0.101,-0.013,0.291,-1.224,-1.12,-0.051,-0.05,-0.05
415.0,423.0,0.01,2.533,0.074,-1.07,-0.066,-0.026,-0.055,0.119,-0.043,-0.005,-0.101,-0.013,0.291,-1.224,-1.12,-0.051,-0.05,-0.05
415.0,424.0,0.01,2.533,0.074,-1.07,-0.066,-0.026,-0.055,0.119,-0.043,-0.005,-0.101,-0.013,0.29,-1.224,-1.12,-0.051,-0.05,-0.05
415.0,425.0,0.01,2.533,0.074,-1.069,-0.066,-0.027,-0.055,0.119,-0.044,-0.005,-0.101,-0.013,0.29,-1.224,-1.12,-0.051,-0.05,-0.05
415.0,426.0,0.01,2.533,0.074,-1.069,-0.066,-0.027,-0.055,0.119,-0.044,-0.005,-0.102,-0.012,0.29,-1.224,-1.12,-0.051,-0.05,-0.05
415.0,427.0,0.01,2.533,0.074,-1.069,-0.066,-0.027,-0.055,0.119,-0.044,-0.005,-0.102,-0.012,0.29,-1.224,-1.12,-0.051,-0.05,-0.05
416.0,417.0,0.011,2.359,0.069,-1.05,-0.061,-0.028,-0.053,0.081,-0.044,-0.004,-0.097,-0.014,-0.051,-1.218,-1.189,-0.063,-0.05,-0.049
416.0,418.0,0.011,2.359,0.069,-1.05,-0.061,-0.028,-0.053,0.081,-0.044,-0.004,-0.097,-0.014,-0.051,-1.218,-1.189,-0.063,-0.05,-0.049
416.0,419.0,0.011,2.359,0.069,-1.049,-0.061,-0.029,-0.053,0.081,-0.044,-0.004,-0.097,-0.013,-0.051,-1.218,-1.189,-0.063,-0.05,-0.049
416.0,420.0,0.011,2.359,0.069,-1.049,-0.061,-0.029,-0.053,0.081,-0.044,-0.004,-0.097,-0.013,-0.051,-1.218,-1.189,-0.063,-0.05,-0.049
416.0,421.0,0.011,2.359,0.069,-1.049,-0.061,-0.029,-0.053,0.081,-0.045,-0.004,-0.097,-0.013,-0.051,-1.218,-1.189,-0.063,-0.05,-0.049
416.0,422.0,0.011,2.359,0.068,-1.049,-0.061,-0.029,-0.053,0.081,-0.045,-0.004,-0.097,-0.013,-0.051,-1.218,-1.189,-0.063,-0.05,-0.049
416.0,423.0,0.011,2.359,0.068,-1.049,-0.061,-0.029,-0.053,0.081,-0.045,-0.004,-0.097,-0.013,-0.051,-1.218,-1.189,-0.063,-0.05,-0.049
416.0,424.0,0.011,2.359,0.068,-1.049,-0.061,-0.03,-0.053,0.081,-0.045,-0.004,-0.097,-0.013,-0.051,-1.218,-1.189,-0.063,-0.05,-0.049
416.0,425.0,0.012,2.359,0.068,-1.048,-0.061,-0.03,-0.053,0.081,-0.045,-0.004,-0.097,-0.013,-0.051,-1.218,-1.189,-0.063,-0.05,-0.049
416.0,426.0,0.012,2.359,0.068,-1.048,-0.061,-0.03,-0.053,0.081,-0.045,-0.004,-0.097,-0.013,-0.051,-1.218,-1.189,-0.063,-0.05,-0.049
416.0,427.0,0.012,2.359,0.068,-1.048,-0.061,-0.03,-0.053,0.081,-0.045,-0.004,-0.098,-0.013,-0.051,-1.218,-1.189,-0.063,-0.05,-0.049
416.0,428.0,0.012,2.359,0.068,-1.048,-0.061,-0.03,-0.053,0.081,-0.045,-0.004,-0.098,-0.013,-0.051,-1.218,-1.189,-0.063,-0.05,-0.049
417.0,418.0,0.01,2.305,0.077,-0.95,-0.071,-0.057,-0.058,0.071,-0.04,-0.008,-0.112,-0.016,0.613,-0.832,-0.634,-0.045,-0.05,-0.051
417.0,419.0,0.01,2.305,0.077,-0.949,-0.071,-0.057,-0.058,0.071,-0.04,-0.008,-0.112,-0.016,0.613,-0.832,-0.634,-0.045,-0.05,-0.051
417.0,420.0,0.01,2.305,0.077,-0.949,-0.07,-0.057,-0.058,0.071,-0.04,-0.009,-0.112,-0.016,0.613,-0.832,-0.634,-0.045,-0.05,-0.051
417.0,421.0,0.011,2.305,0.077,-0.949,-0.07,-0.057,-0.058,0.07,-0.04,-0.009,-0.112,-0.016,0.613,-0.832,-0.634,-0.045,-0.05,-0.051
417.0,422.0,0.011,2.305,0.077,-0.949,-0.07,-0.057,-0.058,0.07,-0.04,-0.009,-0.112,-0.016,0.613,-0.832,-0.634,-0.045,-0.05,-0.051
417.0,423.0,0.011,2.305,0.077,-0.949,-0.07,-0.058,-0.058,0.07,-0.04,-0.009,-0.112,-0.016,0.613,-0.832,-0.634,-0.045,-0.05,-0.051
417.0,424.0,0.011,2.305,0.077,-0.949,-0.07,-0.058,-0.058,0.07,-0.04,-0.009,-0.112,-0.016,0.613,-0.832,-0.634,-0.045,-0.05,-0.051
417.0,425.0,0.011,2.305,0.077,-0.948,-0.07,-0.058,-0.058,0.07,-0.04,-0.009,-0.112,-0.016,0.613,-0.832,-0.634,-0.045,-0.05,-0.051
417.0,426.0,0.011,2.305,0.077,-0.948,-0.07,-0.058,-0.058,0.07,-0.04,-0.009,-0.112,-0.015,0.613,-0.832,-0.634,-0.045,-0.05,-0.051
417.0,427.0,0.011,2.305,0.077,-0.948,-0.07,-0.058,-0.058,0.07,-0.04,-0.009,-0.112,-0.015,0.613,-0.832,-0.634,-0.045,-0.05,-0.051
417.0,428.0,0.011,2.305,0.077,-0.948,-0.07,-0.058,-0.058,0.07,-0.04,-0.009,-0.112,-0.015,0.613,-0.832,-0.634,-0.045,-0.05,-0.05
417.0,429.0,0.011,2.305,0.076,-0.948,-0.07,-0.059,-0.058,0.07,-0.04,-0.009,-0.112,-0.015,0.613,-0.832,-0.634,-0.045,-0.05,-0.05
418.0,419.0,0.01,2.237,0.071,-1.062,-0.055,-0.019,-0.058,0.067,-0.045,-0.005,-0.099,-0.013,0.065,-1.27,-1.198,-0.05,-0.052,-0.05
418.0,420.0,0.011,2.237,0.071,-1.062,-0.055,-0.019,-0.058,0.067,-0.045,-0.005,-0.1,-0.013,0.065,-1.27,-1.198,-0.05,-0.052,-0.05
418.0,421.0,0.011,2.237,0.071,-1.062,-0.055,-0.02,-0.058,0.067,-0.045,-0.005,-0.1,-0.013,0.065,-1.27,-1.198,-0.05,-0.052,-0.05
418.0,422.0,0.011,2.237,0.071,-1.062,-0.055,-0.02,-0.058,0.067,-0.045,-0.005,-0.1,-0.013,0.065,-1.269,-1.198,-0.05,-0.052,-0.05
418.0,423.0,0.011,2.237,0.071,-1.062,-0.055,-0.02,-0.058,0.067,-0.045,-0.005,-0.1,-0.013,0.065,-1.269,-1.198,-0.05,-0.052,-0.05
418.0,424.0,0.011,2.237,0.071,-1.062,-0.055,-0.02,-0.058,0.067,-0.045,-0.005,-0.1,-0.013,0.065,-1.269,-1.198,-0.05,-0.052,-0.05
418.0,425.0,0.011,2.237,0.071,-1.062,-0.055,-0.02,-0.058,0.067,-0.045,-0.005,-0.1,-0.012,0.065,-1.269,-1.198,-0.05,-0.052,-0.05
418.0,426.0,0.011,2.237,0.071,-1.061,-0.055,-0.02,-0.058,0.068,-0.045,-0.005,-0.1,-0.012,0.065,-1.269,-1.198,-0.05,-0.052,-0.05
418.0,427.0,0.011,2.237,0.071,-1.061,-0.055,-0.02,-0.057,0.068,-0.045,-0.005,-0.1,-0.012,0.065,-1.269,-1.198,-0.05,-0.052,-0.05
418.0,428.0,0.011,2.237,0.071,-1.061,-0.055,-0.021,-0.057,0.068,-0.045,-0.005,-0.1,-0.012,0.065,-1.269,-1.198,-0.05,-0.052,-0.05
418.0,429.0,0.011,2.237,0.071,-1.061,-0.055,-0.021,-0.057,0.068,-0.045,-0.005,-0.1,-0.012,0.065,-1.269,-1.198,-0.05,-0.052,-0.05
418.0,430.0,0.011,2.237,0.071,-1.061,-0.055,-0.021,-0.057,0.068,-0.045,-0.005,-0.1,-0.012,0.065,-1.269,-1.198,-0.05,-0.052,-0.05
419.0,420.0,0.019,2.411,0.078,-1.184,-0.068,-0.042,-0.051,0.141,-0.048,-0.003,-0.093,-0.007,0.147,-1.058,-0.064,-0.05,-0.07,-0.05
419.0,421.0,0.019,2.411,0.077,-1.184,-0.068,-0.042,-0.051,0.141,-0.048,-0.003,-0.093,-0.007,0.147,-1.058,-0.064,-0.05,-0.07,-0.05
419.0,422.0,0.019,2.411,0.077,-1.184,-0.068,-0.042,-0.051,0.141,-0.048,-0.003,-0.093,-0.007,0.147,-1.058,-0.064,-0.05,-0.07,-0.05
419.0,423.0,0.019,2.411,0.077,-1.183,-0.067,-0.042,-0.051,0.141,-0.048,-0.003,-0.093,-0.007,0.147,-1.058,-0.064,-0.05,-0.07,-0.05
419.0,424.0,0.019,2.411,0.077,-1.183,-0.067,-0.042,-0.051,0.141,-0.049,-0.003,-0.093,-0.007,0.147,-1.058,-0.064,-0.05,-0.07,-0.05
419.0,425.0,0.019,2.411,0.077,-1.183,-0.067,-0.042,-0.051,0.141,-0.049,-0.003,-0.093,-0.007,0.147,-1.058,-0.064,-0.05,-0.07,-0.05
419.0,426.0,0.019,2.411,0.077,-1.183,-0.067,-0.042,-0.051,0.141,-0.049,-0.003,-0.093,-0.007,0.147,-1.058,-0.064,-0.05,-0.07,-0.05
419.0,427.0,0.019,2.411,0.077,-1.183,-0.067,-0.042,-0.051,0.141,-0.049,-0.003,-0.093,-0.007,0.147,-1.058,-0.064,-0.05,-0.07,-0.05
419.0,428.0,0.019,2.411,0.077,-1.182,-0.067,-0.042,-0.051,0.141,-0.049,-0.003,-0.093,-0.007,0.147,-1.058,-0.064,-0.05,-0.07,-0.05
419.0,429.0,0.019,2.411,0.077,-1.182,-0.067,-0.042,-0.051,0.141,-0.049,-0.003,-0.093,-0.007,0.147,-1.058,-0.064,-0.05,-0.07,-0.05
419.0,430.0,0.019,2.411,0.077,-1.182,-0.067,-0.042,-0.051,0.141,-0.049,-0.003,-0.093,-0.007,0.147,-1.058,-0.064,-0.05,-0.07,-0.05
419.0,431.0,0.019,2.411,0.077,-1.182,-0.067,-0.043,-0.051,0.141,-0.049,-0.003,-0.093,-0.007,0.147,-1.058,-0.064,-0.05,-0.07,-0.05
420.0,421.0,0.011,2.507,0.079,-0.968,-0.082,-0.074,-0.059,0.106,-0.036,-0.007,-0.107,-0.014,0.447,-0.951,-0.776,-0.054,-0.051,-0.05
420.0,422.0,0.011,2.507,0.079,-0.968,-0.082,-0.074,-0.059,0.106,-0.036,-0.007,-0.107,-0.014,0.447,-0.951,-0.776,-0.054,-0.051,-0.05
420.0,423.0,0.011,2.507,0.079,-0.968,-0.082,-0.074,-0.059,0.106,-0.036,-0.007,-0.107,-0.014,0.447,-0.951,-0.776,-0.054,-0.051,-0.05
420.0,424.0,0.011,2.507,0.079,-0.968,-0.082,-0.075,-0.059,0.106,-0.036,-0.007,-0.107,-0.014,0.447,-0.951,-0.776,-0.054,-0.051,-0.05
420.0,425.0,0.011,2.507,0.079,-0.968,-0.082,-0.075,-0.059,0.106,-0.036,-0.007,-0.107,-0.014,0.447,-0.951,-0.776,-0.054,-0.051,-0.05
420.0,426.0,0.011,2.507,0.079,-0.968,-0.082,-0.075,-0.059,0.106,-0.036,-0.007,-0.107,-0.014,0.447,-0.951,-0.776,-0.054,-0.051,-0.05
420.0,427.0,0.011,2.507,0.079,-0.968,-0.082,-0.075,-0.059,0.106,-0.036,-0.007,-0.107,-0.014,0.447,-0.951,-0.776,-0.055,-0.051,-0.05
420.0,428.0,0.011,2.507,0.079,-0.968,-0.082,-0.075,-0.058,0.106,-0.036,-0.007,-0.107,-0.014,0.447,-0.951,-0.776,-0.055,-0.051,-0.05
420.0,429.0,0.011,2.507,0.079,-0.968,-0.082,-0.075,-0.058,0.106,-0.036,-0.007,-0.107,-0.014,0.447,-0.951,-0.776,-0.055,-0.051,-0.05
420.0,430.0,0.011,2.507,0.079,-0.967,-0.082,-0.075,-0.058,0.106,-0.036,-0.007,-0.107,-0.014,0.447,-0.951,-0.776,-0.055,-0.051,-0.05
420.0,431.0,0.011,2.507,0.079,-0.967,-0.082,-0.075,-0.058,0.106,-0.036,-0.007,-0.107,-0.014,0.447,-0.951,-0.776,-0.055,-0.051,-0.05
420.0,432.0,0.012,2.507,0.079,-0.967,-0.082,-0.075,-0.058,0.106,-0.037,-0.007,-0.107,-0.014,0.447,-0.951,-0.776,-0.055,-0.051,-0.05
421.0,422.0,0.018,2.448,0.08,-1.154,-0.061,-0.044,-0.05,0.138,-0.045,-0.001,-0.094,-0.006,-0.011,-1.148,-0.098,-0.047,-0.05,-0.05
421.0,423.0,0.018,2.448,0.08,-1.154,-0.061,-0.044,-0.05,0.138,-0.045,-0.001,-0.094,-0.006,-0.011,-1.147,-0.098,-0.047,-0.05,-0.05
421.0,424.0,0.018,2.448,0.08,-1.153,-0.061,-0.044,-0.05,0.138,-0.045,-0.001,-0.094,-0.006,-0.011,-1.147,-0.098,-0.047,-0.05,-0.05
421.0,425.0,0.018,2.448,0.08,-1.153,-0.061,-0.044,-0.05,0.138,-0.045,-0.001,-0.094,-0.006,-0.011,-1.147,-0.098,-0.047,-0.05,-0.05
421.0,426.0,0.018,2.448,0.08,-1.153,-0.061,-0.044,-0.05,0.138,-0.045,-0.001,-0.094,-0.006,-0.011,-1.147,-0.098,-0.047,-0.05,-0.05
421.0,427.0,0.018,2.448,0.08,-1.153,-0.061,-0.044,-0.05,0.138,-0.045,-0.001,-0.094,-0.006,-0.011,-1.147,-0.098,-0.047,-0.05,-0.05
421.0,428.0,0.018,2.448,0.079,-1.153,-0.061,-0.044,-0.05,0.138,-0.045,-0.001,-0.094,-0.005,-0.011,-1.147,-0.098,-0.047,-0.05,-0.05
421.0,429.0,0.018,2.448,0.079,-1.152,-0.061,-0.044,-0.05,0.138,-0.045,-0.001,-0.095,-0.005,-0.011,-1.147,-0.098,-0.047,-0.05,-0.05
421.0,430.0,0.018,2.448,0.079,-1.152,-0.061,-0.044,-0.05,0.138,-0.045,-0.001,-0.095,-0.005,-0.011,-1.147,-0.098,-0.047,-0.05,-0.05
421.0,431.0,0.018,2.448,0.079,-1.152,-0.061,-0.044,-0.05,0.138,-0.045,-0.001,-0.095,-0.005,-0.011,-1.147,-0.098,-0.047,-0.05,-0.05
421.0,432.0,0.019,2.448,0.079,-1.152,-0.061,-0.045,-0.049,0.138,-0.045,-0.001,-0.095,-0.005,-0.011,-1.147,-0.098,-0.047,-0.05,-0.05
421.0,433.0,0.019,2.448,0.079,-1.152,-0.061,-0.045,-0.049,0.138,-0.045,-0.001,-0.095,-0.005,-0.011,-1.147,-0.098,-0.047,-0.05,-0.05
422.0,423.0,0.01,2.334,0.08,-0.917,-0.062,-0.013,-0.065,0.082,-0.035,-0.006,-0.108,-0.014,0.49,-1.061,-0.857,-0.047,-0.052,-0.051
422.0,424.0,0.01,2.334,0.08,-0.917,-0.062,-0.013,-0.065,0.082,-0.035,-0.006,-0.108,-0.014,0.49,-1.061,-0.857,-0.047,-0.052,-0.051
422.0,425.0,0.01,2.334,0.08,-0.917,-0.062,-0.013,-0.065,0.082,-0.035,-0.006,-0.108,-0.014,0.49,-1.061,-0.857,-0.047,-0.052,-0.051
422.0,426.0,0.01,2.334,0.08,-0.917,-0.062,-0.014,-0.065,0.082,-0.035,-0.006,-0.108,-0.014,0.49,-1.061,-0.857,-0.047,-0.052,-0.051
422.0,427.0,0.01,2.334,0.08,-0.917,-0.062,-0.014,-0.065,0.082,-0.035,-0.007,-0.108,-0.014,0.49,-1.061,-0.857,-0.047,-0.052,-0.051
422.0,428.0,0.01,2.334,0.08,-0.917,-0.062,-0.014,-0.065,0.082,-0.035,-0.007,-0.108,-0.014,0.49,-1.061,-0.857,-0.047,-0.052,-0.051
422.0,429.0,0.01,2.334,0.08,-0.917,-0.062,-0.014,-0.065,0.082,-0.035,-0.007,-0.109,-0.014,0.49,-1.061,-0.857,-0.047,-0.052,-0.051
422.0,430.0,0.01,2.334,0.079,-0.917,-0.062,-0.014,-0.065,0.082,-0.035,-0.007,-0.109,-0.014,0.49,-1.061,-0.857,-0.047,-0.052,-0.051
422.0,431.0,0.01,2.334,0.079,-0.917,-0.062,-0.014,-0.064,0.082,-0.035,-0.007,-0.109,-0.014,0.49,-1.061,-0.857,-0.047,-0.052,-0.051
422.0,432.0,0.01,2.334,0.079,-0.917,-0.062,-0.014,-0.064,0.082,-0.035,-0.007,-0.109,-0.014,0.49,-1.061,-0.857,-0.047,-0.052,-0.051
422.0,433.0,0.011,2.334,0.079,-0.917,-0.062,-0.014,-0.064,0.082,-0.035,-0.007,-0.109,-0.014,0.49,-1.061,-0.857,-0.047,-0.052,-0.051
422.0,434.0,0.011,2.334,0.079,-0.916,-0.062,-0.014,-0.064,0.082,-0.035,-0.007,-0.109,-0.014,0.49,-1.061,-0.857,-0.048,-0.052,-0.051
423.0,424.0,0.019,2.344,0.088,-1.218,-0.061,-0.316,-0.055,0.094,-0.04,-0.002,-0.091,-0.006,0.135,-0.997,-0.056,-0.045,-0.048,-0.05
423.0,425.0,0.019,2.344,0.088,-1.218,-0.061,-0.316,-0.055,0.094,-0.04,-0.002,-0.091,-0.006,0.135,-0.997,-0.056,-0.045,-0.048,-0.05
423.0,426.0,0.019,2.344,0.088,-1.218,-0.061,-0.316,-0.055,0.094,-0.041,-0.002,-0.091,-0.006,0.135,-0.997,-0.056,-0.045,-0.048,-0.05
423.0,427.0,0.019,2.344,0.088,-1.218,-0.061,-0.316,-0.055,0.094,-0.041,-0.002,-0.091,-0.006,0.135,-0.997,-0.056,-0.045,-0.048,-0.05
423.0,428.0,0.019,2.344,0.088,-1.218,-0.061,-0.317,-0.055,0.093,-0.041,-0.002,-0.091,-0.006,0.135,-0.997,-0.056,-0.045,-0.048,-0.05
423.0,429.0,0.019,2.344,0.088,-1.218,-0.061,-0.317,-0.055,0.093,-0.041,-0.002,-0.091,-0.006,0.135,-0.997,-0.056,-0.045,-0.048,-0.05
423.0,430.0,0.019,2.345,0.088,-1.217,-0.061,-0.317,-0.055,0.093,-0.041,-0.002,-0.091,-0.006,0.135,-0.997,-0.056,-0.045,-0.048,-0.05
423.0,431.0,0.019,2.345,0.088,-1.217,-0.061,-0.317,-0.055,0.093,-0.041,-0.002,-0.091,-0.006,0.135,-0.997,-0.056,-0.045,-0.048,-0.05
423.0,432.0,0.019,2.345,0.088,-1.217,-0.061,-0.317,-0.055,0.093,-0.041,-0.002,-0.091,-0.006,0.135,-0.997,-0.056,-0.045,-0.048,-0.05
423.0,433.0,0.019,2.345,0.088,-1.217,-0.061,-0.317,-0.054,0.093,-0.041,-0.002,-0.091,-0.006,0.135,-0.997,-0.056,-0.045,-0.048,-0.05
423.0,434.0,0.019,2.345,0.088,-1.217,-0.061,-0.317,-0.054,0.093,-0.041,-0.002,-0.091,-0.006,0.135,-0.997,-0.056,-0.045,-0.048,-0.05
423.0,435.0,0.02,2.345,0.088,-1.217,-0.061,-0.317,-0.054,0.093,-0.041,-0.002,-0.091,-0.006,0.135,-0.997,-0.055,-0.045,-0.048,-0.05
424.0,425.0,0.013,2.364,0.083,-0.822,-0.086,-0.023,-0.061,0.086,-0.03,-0.011,-0.129,-0.021,0.893,-0.293,-0.044,-0.048,-0.05,-0.05
424.0,426.0,0.013,2.364,0.083,-0.822,-0.086,-0.023,-0.061,0.086,-0.03,-0.011,-0.129,-0.02,0.893,-0.293,-0.044,-0.048,-0.05,-0.05
424.0,427.0,0.013,2.364,0.083,-0.822,-0.086,-0.023,-0.061,0.086,-0.03,-0.011,-0.129,-0.02,0.893,-0.293,-0.044,-0.048,-0.05,-0.05
424.0,428.0,0.013,2.364,0.083,-0.822,-0.086,-0.023,-0.061,0.086,-0.03,-0.011,-0.129,-0.02,0.893,-0.293,-0.044,-0.048,-0.05,-0.05
424.0,429.0,0.013,2.364,0.083,-0.822,-0.086,-0.023,-0.061,0.086,-0.03,-0.011,-0.129,-0.02,0.893,-0.293,-0.044,-0.048,-0.05,-0.05
424.0,430.0,0.013,2.364,0.083,-0.822,-0.086,-0.023,-0.061,0.086,-0.03,-0.011,-0.129,-0.02,0.893,-0.293,-0.044,-0.048,-0.05,-0.05
424.0,431.0,0.013,2.364,0.083,-0.822,-0.086,-0.023,-0.061,0.086,-0.03,-0.011,-0.129,-0.02,0.893,-0.293,-0.044,-0.048,-0.05,-0.05
424.0,432.0,0.013,2.364,0.083,-0.822,-0.086,-0.023,-0.061,0.086,-0.03,-0.011,-0.129,-0.02,0.893,-0.293,-0.044,-0.049,-0.05,-0.05
424.0,433.0,0.013,2.364,0.083,-0.822,-0.086,-0.023,-0.061,0.086,-0.03,-0.011,-0.13,-0.02,0.893,-0.293,-0.044,-0.049,-0.05,-0.05
424.0,434.0,0.013,2.364,0.083,-0.821,-0.086,-0.023,-0.061,0.086,-0.03,-0.011,-0.13,-0.02,0.893,-0.293,-0.044,-0.049,-0.05,-0.05
424.0,435.0,0.013,2.364,0.083,-0.821,-0.086,-0.024,-0.061,0.086,-0.03,-0.011,-0.13,-0.019,0.893,-0.293,-0.044,-0.049,-0.05,-0.05
424.0,436.0,0.013,2.364,0.083,-0.821,-0.086,-0.024,-0.061,0.086,-0.03,-0.011,-0.13,-0.019,0.893,-0.293,-0.043,-0.049,-0.05,-0.05
425.0,426.0,0.018,2.515,0.077,-1.172,-0.181,-0.057,-0.054,0.121,-0.045,-0.001,-0.093,-0.006,-0.037,-0.937,-0.059,-0.05,-0.05,-0.05
425.0,427.0,0.018,2.515,0.077,-1.172,-0.181,-0.057,-0.054,0.121,-0.045,-0.002,-0.093,-0.006,-0.037,-0.937,-0.059,-0.05,-0.05,-0.05
425.0,428.0,0.018,2.515,0.077,-1.171,-0.181,-0.057,-0.054,0.121,-0.045,-0.002,-0.093,-0.006,-0.037,-0.937,-0.059,-0.05,-0.05,-0.05
425.0,429.0,0.018,2.515,0.077,-1.171,-0.181,-0.057,-0.054,0.12,-0.045,-0.002,-0.093,-0.006,-0.037,-0.937,-0.059,-0.05,-0.05,-0.05
425.0,430.0,0.018,2.515,0.077,-1.171,-0.181,-0.057,-0.054,0.12,-0.045,-0.002,-0.093,-0.006,-0.037,-0.937,-0.059,-0.05,-0.05,-0.05
425.0,431.0,0.018,2.515,0.077,-1.171,-0.181,-0.057,-0.054,0.12,-0.045,-0.002,-0.093,-0.006,-0.037,-0.937,-0.059,-0.05,-0.05,-0.05
425.0,432.0,0.018,2.515,0.076,-1.171,-0.181,-0.057,-0.054,0.12,-0.045,-0.002,-0.093,-0.006,-0.037,-0.937,-0.059,-0.05,-0.05,-0.05
425.0,433.0,0.018,2.515,0.076,-1.171,-0.181,-0.058,-0.054,0.12,-0.045,-0.002,-0.093,-0.006,-0.037,-0.937,-0.059,-0.05,-0.05,-0.05
425.0,434.0,0.018,2.515,0.076,-1.171,-0.181,-0.058,-0.054,0.12,-0.045,-0.002,-0.093,-0.006,-0.037,-0.937,-0.059,-0.05,-0.05,-0.05
425.0,435.0,0.018,2.515,0.076,-1.17,-0.181,-0.058,-0.054,0.12,-0.045,-0.002,-0.093,-0.006,-0.037,-0.937,-0.059,-0.05,-0.05,-0.05
425.0,436.0,0.018,2.515,0.076,-1.17,-0.18,-0.058,-0.054,0.12,-0.045,-0.002,-0.093,-0.006,-0.037,-0.937,-0.059,-0.05,-0.05,-0.05
425.0,437.0,0.018,2.515,0.076,-1.17,-0.18,-0.058,-0.054,0.12,-0.045,-0.002,-0.093,-0.006,-0.037,-0.937,-0.059,-0.05,-0.05,-0.05
426.0,427.0,0.018,2.64,0.072,-1.198,-0.066,-0.029,-0.052,0.144,-0.037,-0.004,-0.119,-0.016,-0.039,-0.395,-0.091,-0.055,-0.051,-0.049
426.0,428.0,0.018,2.64,0.072,-1.198,-0.066,-0.029,-0.052,0.144,-0.037,-0.004,-0.119,-0.016,-0.039,-0.395,-0.091,-0.055,-0.051,-0.049
426.0,429.0,0.018,2.64,0.072,-1.198,-0.066,-0.029,-0.052,0.144,-0.037,-0.004,-0.119,-0.016,-0.039,-0.395,-0.091,-0.055,-0.051,-0.049
426.0,430.0,0.018,2.64,0.072,-1.198,-0.066,-0.029,-0.052,0.144,-0.037,-0.005,-0.119,-0.016,-0.039,-0.395,-0.091,-0.055,-0.051,-0.049
426.0,431.0,0.018,2.64,0.072,-1.198,-0.066,-0.029,-0.052,0.144,-0.037,-0.005,-0.119,-0.016,-0.039,-0.395,-0.091,-0.055,-0.051,-0.049
426.0,432.0,0.018,2.64,0.072,-1.198,-0.066,-0.029,-0.052,0.144,-0.037,-0.005,-0.119,-0.016,-0.039,-0.395,-0.091,-0.055,-0.051,-0.049
426.0,433.0,0.018,2.64,0.072,-1.197,-0.066,-0.029,-0.052,0.144,-0.037,-0.005,-0.119,-0.016,-0.039,-0.395,-0.091,-0.055,-0.051,-0.049
426.0,434.0,0.018,2.64,0.072,-1.197,-0.066,-0.029,-0.052,0.144,-0.037,-0.005,-0.119,-0.016,-0.039,-0.395,-0.091,-0.055,-0.05,-0.049
426.0,435.0,0.018,2.64,0.072,-1.197,-0.066,-0.03,-0.052,0.144,-0.037,-0.005,-0.119,-0.016,-0.039,-0.395,-0.091,-0.055,-0.05,-0.049
426.0,436.0,0.018,2.64,0.072,-1.197,-0.066,-0.03,-0.052,0.144,-0.037,-0.005,-0.119,-0.016,-0.039,-0.395,-0.091,-0.055,-0.05,-0.049
426.0,437.0,0.018,2.64,0.072,-1.197,-0.066,-0.03,-0.052,0.144,-0.037,-0.005,-0.119,-0.016,-0.039,-0.395,-0.091,-0.055,-0.05,-0.049
426.0,438.0,0.018,2.64,0.072,-1.197,-0.066,-0.03,-0.052,0.144,-0.037,-0.005,-0.119,-0.016,-0.039,-0.395,-0.09,-0.055,-0.05,-0.05
427.0,428.0,0.014,2.226,0.076,-1.02,-0.054,-0.02,-0.058,0.068,-0.038,-0.007,-0.103,-0.013,0.497,-1.11,-0.665,-0.052,-0.085,-0.05
427.0,429.0,0.014,2.226,0.076,-1.02,-0.054,-0.02,-0.058,0.068,-0.038,-0.007,-0.103,-0.013,0.497,-1.11,-0.665,-0.052,-0.085,-0.05
427.0,430.0,0.014,2.226,0.076,-1.02,-0.054,-0.02,-0.058,0.068,-0.038,-0.007,-0.103,-0.013,0.497,-1.111,-0.665,-0.052,-0.085,-0.05
427.0,431.0,0.014,2.226,0.076,-1.02,-0.054,-0.02,-0.058,0.068,-0.038,-0.007,-0.103,-0.013,0.497,-1.111,-0.665,-0.052,-0.085,-0.05
427.0,432.0,0.014,2.226,0.076,-1.02,-0.054,-0.021,-0.058,0.068,-0.038,-0.007,-0.103,-0.013,0.497,-1.111,-0.665,-0.052,-0.085,-0.05
427.0,433.0,0.014,2.226,0.076,-1.02,-0.054,-0.021,-0.058,0.068,-0.038,-0.007,-0.103,-0.013,0.497,-1.111,-0.665,-0.052,-0.085,-0.05
427.0,434.0,0.014,2.226,0.076,-1.02,-0.054,-0.021,-0.058,0.068,-0.038,-0.007,-0.103,-0.013,0.497,-1.111,-0.665,-0.053,-0.085,-0.05
427.0,435.0,0.014,2.226,0.076,-1.019,-0.054,-0.021,-0.058,0.068,-0.038,-0.007,-0.103,-0.013,0.497,-1.111,-0.665,-0.053,-0.085,-0.05
427.0,436.0,0.014,2.226,0.076,-1.019,-0.054,-0.021,-0.058,0.068,-0.038,-0.007,-0.103,-0.013,0.497,-1.111,-0.665,-0.053,-0.085,-0.05
427.0,437.0,0.015,2.226,0.076,-1.019,-0.054,-0.021,-0.058,0.068,-0.038,-0.007,-0.103,-0.013,0.497,-1.111,-0.665,-0.053,-0.085,-0.05
427.0,438.0,0.015,2.226,0.075,-1.019,-0.054,-0.021,-0.058,0.068,-0.038,-0.007,-0.103,-0.013,0.497,-1.111,-0.665,-0.053,-0.085,-0.05
427.0,439.0,0.015,2.226,0.075,-1.019,-0.054,-0.021,-0.058,0.068,-0.038,-0.007,-0.103,-0.013,0.497,-1.111,-0.665,-0.053,-0.085,-0.05
428.0,429.0,0.012,2.908,0.076,-0.899,-0.078,-0.0,-0.068,0.246,-0.032,-0.004,-0.101,-0.011,0.153,-1.308,-1.204,-0.049,-0.051,-0.05
428.0,430.0,0.012,2.908,0.076,-0.899,-0.078,-0.0,-0.068,0.246,-0.032,-0.004,-0.101,-0.011,0.153,-1.308,-1.204,-0.049,-0.051,-0.05
428.0,431.0,0.012,2.908,0.076,-0.899,-0.078,-0.0,-0.068,0.246,-0.032,-0.004,-0.101,-0.011,0.153,-1.308,-1.204,-0.049,-0.051,-0.05
428.0,432.0,0.012,2.908,0.076,-0.899,-0.078,-0.0,-0.067,0.246,-0.032,-0.004,-0.101,-0.011,0.153,-1.308,-1.204,-0.049,-0.051,-0.05
428.0,433.0,0.012,2.908,0.076,-0.899,-0.078,-0.0,-0.067,0.246,-0.032,-0.004,-0.101,-0.011,0.153,-1.308,-1.204,-0.049,-0.051,-0.05
428.0,434.0,0.012,2.908,0.076,-0.899,-0.078,-0.0,-0.067,0.246,-0.032,-0.004,-0.101,-0.011,0.153,-1.308,-1.204,-0.049,-0.051,-0.05
428.0,435.0,0.012,2.908,0.076,-0.899,-0.078,-0.0,-0.067,0.246,-0.032,-0.004,-0.101,-0.011,0.153,-1.308,-1.204,-0.049,-0.051,-0.05
428.0,436.0,0.012,2.908,0.076,-0.899,-0.078,-0.0,-0.067,0.246,-0.032,-0.004,-0.101,-0.011,0.153,-1.308,-1.204,-0.049,-0.051,-0.05
428.0,437.0,0.012,2.908,0.076,-0.899,-0.078,-0.0,-0.067,0.246,-0.032,-0.004,-0.101,-0.011,0.153,-1.308,-1.204,-0.049,-0.051,-0.05
428.0,438.0,0.012,2.908,0.076,-0.899,-0.078,-0.0,-0.067,0.246,-0.032,-0.004,-0.101,-0.011,0.153,-1.308,-1.204,-0.049,-0.051,-0.05
428.0,439.0,0.012,2.908,0.076,-0.899,-0.078,-0.0,-0.067,0.246,-0.032,-0.004,-0.101,-0.011,0.153,-1.308,-1.204,-0.049,-0.05,-0.05
428.0,440.0,0.012,2.908,0.076,-0.899,-0.078,-0.001,-0.067,0.246,-0.032,-0.004,-0.101,-0.011,0.153,-1.308,-1.204,-0.049,-0.05,-0.05
429.0,430.0,0.012,2.369,0.075,-0.957,-0.046,0.024,-0.069,0.085,-0.033,-0.007,-0.108,-0.013,0.469,-0.913,-0.731,-0.049,-0.051,-0.05
429.0,431.0,0.012,2.369,0.075,-0.957,-0.046,0.024,-0.069,0.085,-0.033,-0.007,-0.108,-0.013,0.469,-0.913,-0.731,-0.049,-0.051,-0.05
429.0,432.0,0.012,2.369,0.075,-0.957,-0.046,0.024,-0.069,0.085,-0.033,-0.007,-0.109,-0.013,0.469,-0.913,-0.73,-0.049,-0.051,-0.05
429.0,433.0,0.012,2.369,0.075,-0.957,-0.046,0.024,-0.069,0.085,-0.033,-0.007,-0.109,-0.013,0.469,-0.913,-0.73,-0.049,-0.051,-0.05
429.0,434.0,0.012,2.369,0.075,-0.957,-0.046,0.024,-0.069,0.085,-0.033,-0.007,-0.109,-0.013,0.469,-0.913,-0.73,-0.049,-0.051,-0.05
429.0,435.0,0.012,2.369,0.075,-0.957,-0.046,0.024,-0.069,0.085,-0.033,-0.007,-0.109,-0.013,0.469,-0.914,-0.73,-0.049,-0.051,-0.05
429.0,436.0,0.012,2.369,0.075,-0.957,-0.046,0.024,-0.069,0.085,-0.033,-0.007,-0.109,-0.013,0.469,-0.914,-0.73,-0.049,-0.051,-0.05
429.0,437.0,0.012,2.369,0.075,-0.957,-0.046,0.024,-0.069,0.085,-0.033,-0.007,-0.109,-0.013,0.469,-0.914,-0.73,-0.049,-0.051,-0.05
429.0,438.0,0.012,2.369,0.075,-0.957,-0.046,0.024,-0.069,0.085,-0.033,-0.007,-0.109,-0.013,0.469,-0.914,-0.73,-0.049,-0.051,-0.05
429.0,439.0,0.012,2.369,0.075,-0.957,-0.046,0.024,-0.069,0.085,-0.033,-0.007,-0.109,-0.013,0.469,-0.914,-0.73,-0.049,-0.051,-0.05
429.0,440.0,0.012,2.369,0.075,-0.957,-0.046,0.024,-0.069,0.085,-0.033,-0.007,-0.109,-0.013,0.469,-0.914,-0.73,-0.049,-0.051,-0.05
429.0,441.0,0.012,2.369,0.075,-0.957,-0.046,0.024,-0.069,0.085,-0.033,-0.007,-0.109,-0.013,0.469,-0.914,-0.73,-0.049,-0.051,-0.05
430.0,431.0,0.016,2.549,0.075,-1.144,-0.072,-0.041,-0.055,0.158,-0.044,-0.003,-0.087,-0.006,0.305,-0.995,-0.054,-0.063,-0.05,-0.05
430.0,432.0,0.016,2.549,0.075,-1.144,-0.072,-0.041,-0.055,0.158,-0.044,-0.003,-0.087,-0.006,0.305,-0.995,-0.054,-0.063,-0.05,-0.05
430.0,433.0,0.016,2.549,0.075,-1.144,-0.072,-0.041,-0.055,0.158,-0.044,-0.003,-0.087,-0.006,0.305,-0.995,-0.054,-0.063,-0.05,-0.05
430.0,434.0,0.016,2.549,0.075,-1.144,-0.072,-0.041,-0.055,0.158,-0.044,-0.003,-0.087,-0.006,0.305,-0.995,-0.054,-0.063,-0.05,-0.05
430.0,435.0,0.016,2.549,0.075,-1.144,-0.072,-0.041,-0.055,0.158,-0.044,-0.003,-0.087,-0.006,0.305,-0.995,-0.054,-0.063,-0.05,-0.05
430.0,436.0,0.016,2.549,0.075,-1.144,-0.072,-0.041,-0.055,0.158,-0.044,-0.003,-0.087,-0.006,0.305,-0.995,-0.054,-0.063,-0.05,-0.05
430.0,437.0,0.016,2.549,0.075,-1.144,-0.071,-0.042,-0.055,0.158,-0.044,-0.003,-0.087,-0.006,0.305,-0.995,-0.054,-0.063,-0.05,-0.05
430.0,438.0,0.016,2.549,0.075,-1.143,-0.071,-0.042,-0.055,0.158,-0.044,-0.003,-0.088,-0.006,0.305,-0.995,-0.054,-0.063,-0.05,-0.05
430.0,439.0,0.016,2.549,0.075,-1.143,-0.071,-0.042,-0.055,0.157,-0.044,-0.003,-0.088,-0.006,0.305,-0.995,-0.054,-0.063,-0.05,-0.05
430.0,440.0,0.016,2.549,0.075,-1.143,-0.071,-0.042,-0.055,0.157,-0.044,-0.003,-0.088,-0.006,0.305,-0.995,-0.054,-0.063,-0.05,-0.05
430.0,441.0,0.016,2.549,0.074,-1.143,-0.071,-0.042,-0.055,0.157,-0.044,-0.003,-0.088,-0.006,0.305,-0.995,-0.054,-0.063,-0.05,-0.05
430.0,442.0,0.016,2.549,0.074,-1.143,-0.071,-0.042,-0.055,0.157,-0.044,-0.003,-0.088,-0.006,0.305,-0.995,-0.054,-0.063,-0.05,-0.05
431.0,432.0,0.019,2.53,0.086,-1.225,-0.092,-0.32,-0.059,0.128,-0.04,-0.001,-0.09,-0.006,0.034,-0.956,-0.057,-0.049,-0.049,-0.05
431.0,433.0,0.019,2.53,0.086,-1.225,-0.092,-0.32,-0.059,0.128,-0.04,-0.001,-0.09,-0.006,0.033,-0.956,-0.057,-0.049,-0.049,-0.05
431.0,434.0,0.019,2.53,0.086,-1.225,-0.092,-0.32,-0.059,0.128,-0.04,-0.002,-0.09,-0.006,0.033,-0.956,-0.057,-0.049,-0.049,-0.05
431.0,435.0,0.019,2.53,0.086,-1.225,-0.091,-0.32,-0.058,0.128,-0.04,-0.002,-0.09,-0.006,0.033,-0.956,-0.057,-0.049,-0.049,-0.05
431.0,436.0,0.019,2.53,0.086,-1.225,-0.091,-0.32,-0.058,0.128,-0.04,-0.002,-0.09,-0.006,0.033,-0.956,-0.057,-0.049,-0.049,-0.05
431.0,437.0,0.019,2.53,0.086,-1.225,-0.091,-0.32,-0.058,0.128,-0.04,-0.002,-0.09,-0.006,0.033,-0.956,-0.057,-0.049,-0.049,-0.05
431.0,438.0,0.019,2.53,0.086,-1.225,-0.091,-0.321,-0.058,0.128,-0.04,-0.002,-0.09,-0.006,0.033,-0.956,-0.057,-0.049,-0.049,-0.05
431.0,439.0,0.019,2.53,0.086,-1.224,-0.091,-0.321,-0.058,0.128,-0.04,-0.002,-0.09,-0.006,0.033,-0.956,-0.057,-0.049,-0.049,-0.05
431.0,440.0,0.019,2.53,0.086,-1.224,-0.091,-0.321,-0.058,0.128,-0.04,-0.002,-0.09,-0.006,0.033,-0.956,-0.057,-0.049,-0.049,-0.05
431.0,441.0,0.019,2.53,0.086,-1.224,-0.091,-0.321,-0.058,0.128,-0.041,-0.002,-0.09,-0.006,0.033,-0.956,-0.057,-0.049,-0.049,-0.05
431.0,442.0,0.019,2.53,0.086,-1.224,-0.091,-0.321,-0.058,0.128,-0.041,-0.002,-0.09,-0.006,0.033,-0.956,-0.057,-0.049,-0.049,-0.05
431.0,443.0,0.019,2.53,0.086,-1.224,-0.091,-0.321,-0.058,0.127,-0.041,-0.002,-0.09,-0.006,0.033,-0.956,-0.057,-0.049,-0.049,-0.05
432.0,433.0,0.012,2.748,0.079,-0.927,-0.12,-0.107,-0.066,0.161,-0.03,-0.005,-0.092,-0.008,0.438,-1.326,-1.04,-0.055,-0.047,-0.05
432.0,434.0,0.012,2.748,0.079,-0.927,-0.12,-0.107,-0.066,0.161,-0.03,-0.005,-0.092,-0.008,0.438,-1.326,-1.04,-0.055,-0.047,-0.05
432.0,435.0,0.012,2.748,0.079,-0.927,-0.12,-0.107,-0.066,0.161,-0.03,-0.005,-0.092,-0.008,0.437,-1.326,-1.04,-0.055,-0.047,-0.05
432.0,436.0,0.012,2.748,0.079,-0.927,-0.12,-0.107,-0.066,0.161,-0.031,-0.005,-0.092,-0.008,0.437,-1.326,-1.04,-0.055,-0.047,-0.05
432.0,437.0,0.012,2.748,0.079,-0.927,-0.12,-0.107,-0.066,0.161,-0.031,-0.005,-0.092,-0.008,0.437,-1.326,-1.04,-0.055,-0.047,-0.05
432.0,438.0,0.012,2.748,0.079,-0.927,-0.12,-0.107,-0.066,0.161,-0.031,-0.005,-0.092,-0.008,0.437,-1.326,-1.04,-0.055,-0.046,-0.05
432.0,439.0,0.012,2.747,0.079,-0.927,-0.12,-0.107,-0.066,0.161,-0.031,-0.005,-0.092,-0.008,0.437,-1.326,-1.04,-0.055,-0.046,-0.05
432.0,440.0,0.012,2.747,0.079,-0.927,-0.12,-0.107,-0.066,0.161,-0.031,-0.005,-0.092,-0.008,0.437,-1.326,-1.04,-0.055,-0.046,-0.05
432.0,441.0,0.012,2.747,0.079,-0.927,-0.12,-0.107,-0.066,0.161,-0.031,-0.005,-0.092,-0.008,0.437,-1.327,-1.04,-0.055,-0.046,-0.05
432.0,442.0,0.012,2.747,0.079,-0.927,-0.12,-0.107,-0.066,0.161,-0.031,-0.005,-0.092,-0.008,0.437,-1.327,-1.04,-0.055,-0.046,-0.05
432.0,443.0,0.012,2.747,0.079,-0.927,-0.12,-0.107,-0.066,0.161,-0.031,-0.005,-0.092,-0.008,0.437,-1.327,-1.04,-0.055,-0.046,-0.05
432.0,444.0,0.012,2.747,0.079,-0.927,-0.12,-0.107,-0.066,0.161,-0.031,-0.005,-0.092,-0.008,0.437,-1.327,-1.04,-0.055,-0.046,-0.05
433.0,434.0,0.016,2.674,0.087,-1.089,-0.066,-0.361,-0.06,0.156,-0.033,-0.003,-0.082,-0.006,0.332,-1.031,-0.051,-0.051,-0.051,-0.045
433.0,435.0,0.016,2.674,0.087,-1.089,-0.066,-0.361,-0.06,0.156,-0.033,-0.003,-0.082,-0.006,0.332,-1.031,-0.051,-0.051,-0.051,-0.045
433.0,436.0,0.016,2.674,0.087,-1.089,-0.066,-0.361,-0.06,0.156,-0.033,-0.003,-0.082,-0.006,0.332,-1.031,-0.051,-0.051,-0.051,-0.045
433.0,437.0,0.016,2.674,0.087,-1.089,-0.066,-0.361,-0.06,0.156,-0.033,-0.003,-0.082,-0.006,0.332,-1.031,-0.051,-0.051,-0.051,-0.045
433.0,438.0,0.016,2.674,0.087,-1.089,-0.066,-0.361,-0.06,0.156,-0.033,-0.003,-0.082,-0.006,0.332,-1.031,-0.051,-0.051,-0.051,-0.045
433.0,439.0,0.016,2.674,0.087,-1.089,-0.066,-0.361,-0.06,0.156,-0.033,-0.003,-0.082,-0.006,0.332,-1.031,-0.051,-0.051,-0.051,-0.045
433.0,440.0,0.016,2.675,0.087,-1.089,-0.066,-0.361,-0.06,0.156,-0.033,-0.003,-0.082,-0.006,0.332,-1.031,-0.051,-0.051,-0.051,-0.045
433.0,441.0,0.016,2.675,0.087,-1.089,-0.066,-0.361,-0.06,0.156,-0.033,-0.003,-0.082,-0.006,0.332,-1.032,-0.051,-0.051,-0.051,-0.045
433.0,442.0,0.016,2.675,0.087,-1.089,-0.066,-0.361,-0.06,0.156,-0.033,-0.003,-0.082,-0.006,0.332,-1.032,-0.051,-0.051,-0.051,-0.045
433.0,443.0,0.016,2.675,0.087,-1.088,-0.066,-0.362,-0.06,0.156,-0.033,-0.003,-0.082,-0.006,0.332,-1.032,-0.051,-0.051,-0.051,-0.045
433.0,444.0,0.016,2.675,0.087,-1.088,-0.066,-0.362,-0.059,0.156,-0.033,-0.003,-0.082,-0.006,0.332,-1.032,-0.051,-0.051,-0.051,-0.045
433.0,445.0,0.016,2.675,0.087,-1.088,-0.066,-0.362,-0.059,0.155,-0.033,-0.003,-0.082,-0.006,0.332,-1.032,-0.051,-0.051,-0.051,-0.045
434.0,435.0,0.019,2.476,0.073,-1.135,-0.081,-0.034,-0.053,0.122,-0.037,-0.002,-0.088,-0.005,0.231,-1.003,-0.061,-0.049,-0.055,-0.049
434.0,436.0,0.019,2.477,0.073,-1.134,-0.081,-0.034,-0.053,0.122,-0.037,-0.002,-0.088,-0.005,0.231,-1.003,-0.061,-0.049,-0.055,-0.049
434.0,437.0,0.019,2.477,0.073,-1.134,-0.081,-0.034,-0.053,0.122,-0.037,-0.002,-0.088,-0.005,0.231,-1.003,-0.061,-0.049,-0.055,-0.049
434.0,438.0,0.019,2.477,0.073,-1.134,-0.081,-0.034,-0.053,0.122,-0.037,-0.002,-0.088,-0.005,0.231,-1.003,-0.061,-0.049,-0.054,-0.049
434.0,439.0,0.019,2.477,0.073,-1.134,-0.081,-0.035,-0.052,0.122,-0.037,-0.002,-0.088,-0.005,0.231,-1.003,-0.061,-0.049,-0.054,-0.049
434.0,440.0,0.019,2.477,0.073,-1.134,-0.081,-0.035,-0.052,0.122,-0.037,-0.002,-0.088,-0.006,0.231,-1.003,-0.061,-0.049,-0.054,-0.049
434.0,441.0,0.019,2.477,0.073,-1.134,-0.081,-0.035,-0.052,0.121,-0.038,-0.002,-0.088,-0.006,0.231,-1.003,-0.061,-0.049,-0.054,-0.049
434.0,442.0,0.019,2.477,0.073,-1.134,-0.08,-0.035,-0.052,0.121,-0.038,-0.002,-0.088,-0.006,0.231,-1.003,-0.061,-0.049,-0.054,-0.049
434.0,443.0,0.019,2.477,0.073,-1.133,-0.08,-0.035,-0.052,0.121,-0.038,-0.002,-0.088,-0.006,0.231,-1.003,-0.061,-0.049,-0.054,-0.049
434.0,444.0,0.019,2.477,0.073,-1.133,-0.08,-0.035,-0.052,0.121,-0.038,-0.003,-0.088,-0.006,0.231,-1.003,-0.061,-0.049,-0.054,-0.049
434.0,445.0,0.019,2.477,0.073,-1.133,-0.08,-0.035,-0.052,0.121,-0.038,-0.003,-0.088,-0.006,0.231,-1.003,-0.061,-0.049,-0.054,-0.049
434.0,446.0,0.019,2.477,0.073,-1.133,-0.08,-0.035,-0.052,0.121,-0.038,-0.003,-0.089,-0.006,0.231,-1.003,-0.061,-0.049,-0.054,-0.05
435.0,436.0,0.016,2.443,0.077,-0.856,-0.048,0.0,-0.07,0.104,-0.022,-0.004,-0.109,-0.013,0.363,-1.266,-1.123,-0.048,-0.051,-0.049
435.0,437.0,0.016,2.443,0.077,-0.856,-0.048,0.0,-0.07,0.104,-0.022,-0.004,-0.109,-0.013,0.363,-1.266,-1.123,-0.049,-0.051,-0.049
435.0,438.0,0.016,2.443,0.077,-0.856,-0.048,0.0,-0.07,0.104,-0.022,-0.004,-0.109,-0.012,0.363,-1.267,-1.122,-0.049,-0.051,-0.049
435.0,439.0,0.016,2.443,0.077,-0.856,-0.048,0.0,-0.07,0.104,-0.022,-0.005,-0.109,-0.012,0.363,-1.267,-1.122,-0.049,-0.051,-0.049
435.0,440.0,0.016,2.443,0.077,-0.856,-0.048,0.0,-0.07,0.104,-0.022,-0.005,-0.109,-0.012,0.363,-1.267,-1.122,-0.049,-0.051,-0.049
435.0,441.0,0.016,2.443,0.077,-0.856,-0.048,0.0,-0.07,0.104,-0.022,-0.005,-0.109,-0.012,0.363,-1.267,-1.122,-0.049,-0.051,-0.049
435.0,442.0,0.016,2.443,0.077,-0.856,-0.048,0.0,-0.07,0.104,-0.022,-0.005,-0.109,-0.012,0.363,-1.267,-1.122,-0.049,-0.051,-0.049
435.0,443.0,0.016,2.443,0.077,-0.856,-0.048,0.0,-0.07,0.104,-0.022,-0.005,-0.109,-0.012,0.363,-1.267,-1.122,-0.049,-0.051,-0.049
435.0,444.0,0.016,2.443,0.077,-0.856,-0.048,0.0,-0.07,0.104,-0.022,-0.005,-0.109,-0.012,0.363,-1.267,-1.122,-0.049,-0.051,-0.049
435.0,445.0,0.016,2.443,0.077,-0.856,-0.048,0.0,-0.07,0.104,-0.022,-0.005,-0.109,-0.012,0.363,-1.267,-1.122,-0.049,-0.051,-0.049
435.0,446.0,0.016,2.443,0.077,-0.856,-0.048,0.0,-0.07,0.104,-0.022,-0.005,-0.109,-0.012,0.363,-1.267,-1.122,-0.049,-0.051,-0.049
435.0,447.0,0.016,2.443,0.077,-0.856,-0.048,0.0,-0.07,0.104,-0.022,-0.005,-0.109,-0.012,0.363,-1.267,-1.122,-0.049,-0.051,-0.049
436.0,437.0,0.024,2.438,0.074,-1.317,-0.055,-0.123,-0.058,0.114,-0.038,-0.002,-0.117,-0.014,-0.036,-0.587,-0.477,-0.054,-0.053,-0.047
436.0,438.0,0.024,2.438,0.074,-1.317,-0.055,-0.123,-0.058,0.114,-0.038,-0.002,-0.117,-0.014,-0.036,-0.587,-0.477,-0.055,-0.052,-0.047
436.0,439.0,0.024,2.438,0.074,-1.317,-0.055,-0.123,-0.058,0.114,-0.038,-0.003,-0.117,-0.014,-0.036,-0.587,-0.477,-0.055,-0.052,-0.047
436.0,440.0,0.024,2.438,0.074,-1.317,-0.055,-0.123,-0.058,0.113,-0.038,-0.003,-0.117,-0.014,-0.036,-0.587,-0.477,-0.055,-0.052,-0.047
436.0,441.0,0.024,2.438,0.074,-1.317,-0.055,-0.123,-0.058,0.113,-0.038,-0.003,-0.117,-0.014,-0.036,-0.587,-0.476,-0.055,-0.052,-0.048
436.0,442.0,0.024,2.438,0.074,-1.317,-0.055,-0.123,-0.058,0.113,-0.038,-0.003,-0.117,-0.014,-0.037,-0.587,-0.476,-0.055,-0.052,-0.048
436.0,443.0,0.024,2.439,0.074,-1.317,-0.055,-0.124,-0.058,0.113,-0.038,-0.003,-0.117,-0.014,-0.037,-0.587,-0.476,-0.055,-0.052,-0.048
436.0,444.0,0.024,2.439,0.074,-1.317,-0.055,-0.124,-0.058,0.113,-0.038,-0.003,-0.117,-0.014,-0.037,-0.588,-0.476,-0.055,-0.052,-0.048
436.0,445.0,0.024,2.439,0.074,-1.316,-0.055,-0.124,-0.058,0.113,-0.038,-0.003,-0.117,-0.014,-0.037,-0.588,-0.476,-0.055,-0.052,-0.048
436.0,446.0,0.024,2.439,0.074,-1.316,-0.055,-0.124,-0.058,0.113,-0.038,-0.003,-0.117,-0.014,-0.037,-0.588,-0.476,-0.055,-0.051,-0.048
436.0,447.0,0.024,2.439,0.074,-1.316,-0.055,-0.124,-0.058,0.113,-0.038,-0.004,-0.117,-0.013,-0.037,-0.588,-0.476,-0.056,-0.051,-0.048
436.0,448.0,0.024,2.439,0.074,-1.316,-0.055,-0.124,-0.058,0.113,-0.038,-0.004,-0.117,-0.013,-0.037,-0.588,-0.476,-0.056,-0.051,-0.048
437.0,438.0,0.018,2.418,0.088,-1.146,-0.275,-0.396,-0.067,0.079,-0.035,-0.003,-0.08,-0.0,-0.062,-1.474,-0.401,-0.05,-0.051,-0.05
437.0,439.0,0.018,2.418,0.088,-1.146,-0.275,-0.396,-0.067,0.079,-0.035,-0.003,-0.08,-0.0,-0.062,-1.474,-0.401,-0.05,-0.051,-0.05
437.0,440.0,0.018,2.418,0.088,-1.146,-0.275,-0.396,-0.067,0.079,-0.035,-0.003,-0.08,-0.0,-0.062,-1.474,-0.401,-0.05,-0.051,-0.05
437.0,441.0,0.018,2.418,0.088,-1.145,-0.275,-0.396,-0.067,0.079,-0.035,-0.003,-0.08,-0.0,-0.062,-1.474,-0.401,-0.05,-0.051,-0.05
437.0,442.0,0.018,2.418,0.088,-1.145,-0.275,-0.397,-0.067,0.079,-0.035,-0.003,-0.08,-0.0,-0.062,-1.474,-0.401,-0.05,-0.051,-0.05
437.0,443.0,0.018,2.418,0.088,-1.145,-0.275,-0.397,-0.067,0.079,-0.035,-0.003,-0.08,-0.0,-0.062,-1.474,-0.401,-0.05,-0.051,-0.05
437.0,444.0,0.019,2.418,0.088,-1.145,-0.275,-0.397,-0.067,0.079,-0.035,-0.003,-0.08,-0.0,-0.062,-1.474,-0.401,-0.05,-0.051,-0.05
437.0,445.0,0.019,2.418,0.088,-1.145,-0.275,-0.397,-0.066,0.079,-0.035,-0.003,-0.08,-0.0,-0.062,-1.474,-0.401,-0.05,-0.051,-0.05
437.0,446.0,0.019,2.418,0.088,-1.145,-0.275,-0.397,-0.066,0.079,-0.035,-0.003,-0.08,-0.0,-0.062,-1.474,-0.401,-0.051,-0.051,-0.05
437.0,447.0,0.019,2.418,0.088,-1.144,-0.275,-0.397,-0.066,0.079,-0.036,-0.003,-0.08,-0.0,-0.062,-1.474,-0.401,-0.051,-0.051,-0.05
437.0,448.0,0.019,2.418,0.088,-1.144,-0.275,-0.397,-0.066,0.078,-0.036,-0.004,-0.08,-0.0,-0.062,-1.474,-0.401,-0.051,-0.051,-0.05
437.0,449.0,0.019,2.418,0.088,-1.144,-0.275,-0.397,-0.066,0.078,-0.036,-0.004,-0.08,-0.0,-0.062,-1.474,-0.401,-0.051,-0.051,-0.05
438.0,439.0,0.02,2.549,0.074,-1.213,-0.154,-0.048,-0.061,0.149,-0.038,0.001,-0.09,-0.004,-0.054,-1.222,-0.184,-0.053,-0.051,-0.049
438.0,440.0,0.02,2.549,0.074,-1.213,-0.154,-0.048,-0.061,0.149,-0.038,0.001,-0.09,-0.004,-0.054,-1.222,-0.184,-0.053,-0.051,-0.049
438.0,441.0,0.02,2.549,0.074,-1.213,-0.154,-0.048,-0.061,0.149,-0.038,0.001,-0.09,-0.004,-0.054,-1.222,-0.184,-0.053,-0.051,-0.049
438.0,442.0,0.021,2.549,0.074,-1.213,-0.154,-0.048,-0.061,0.149,-0.039,0.001,-0.09,-0.004,-0.054,-1.222,-0.184,-0.053,-0.051,-0.049
438.0,443.0,0.021,2.549,0.074,-1.212,-0.154,-0.048,-0.061,0.149,-0.039,0.001,-0.09,-0.004,-0.054,-1.222,-0.184,-0.053,-0.05,-0.049
438.0,444.0,0.021,2.549,0.074,-1.212,-0.154,-0.048,-0.061,0.149,-0.039,0.001,-0.09,-0.004,-0.054,-1.222,-0.184,-0.053,-0.05,-0.049
438.0,445.0,0.021,2.549,0.074,-1.212,-0.153,-0.048,-0.061,0.149,-0.039,0.001,-0.09,-0.004,-0.054,-1.222,-0.184,-0.053,-0.05,-0.049
438.0,446.0,0.021,2.549,0.073,-1.212,-0.153,-0.048,-0.061,0.149,-0.039,0.001,-0.09,-0.004,-0.054,-1.222,-0.184,-0.053,-0.05,-0.049
438.0,447.0,0.021,2.549,0.073,-1.212,-0.153,-0.049,-0.061,0.149,-0.039,0.001,-0.09,-0.004,-0.054,-1.222,-0.184,-0.053,-0.05,-0.049
438.0,448.0,0.021,2.549,0.073,-1.212,-0.153,-0.049,-0.061,0.149,-0.039,0.001,-0.09,-0.004,-0.054,-1.222,-0.184,-0.053,-0.05,-0.049
438.0,449.0,0.021,2.549,0.073,-1.211,-0.153,-0.049,-0.061,0.149,-0.039,0.001,-0.09,-0.004,-0.054,-1.222,-0.184,-0.053,-0.05,-0.049
438.0,450.0,0.021,2.55,0.073,-1.211,-0.153,-0.049,-0.061,0.149,-0.039,0.001,-0.09,-0.004,-0.054,-1.222,-0.184,-0.053,-0.05,-0.049
439.0,440.0,0.021,2.438,0.082,-1.196,-0.097,-0.237,-0.063,0.124,-0.035,-0.001,-0.092,-0.004,-0.013,-1.102,-0.321,-0.042,-0.052,-0.049
439.0,441.0,0.021,2.438,0.082,-1.196,-0.097,-0.237,-0.063,0.124,-0.035,-0.001,-0.092,-0.004,-0.013,-1.102,-0.321,-0.042,-0.052,-0.049
439.0,442.0,0.021,2.438,0.082,-1.196,-0.097,-0.237,-0.062,0.123,-0.035,-0.001,-0.092,-0.005,-0.013,-1.102,-0.321,-0.042,-0.052,-0.049
439.0,443.0,0.021,2.438,0.082,-1.195,-0.096,-0.237,-0.062,0.123,-0.035,-0.002,-0.092,-0.005,-0.013,-1.102,-0.32,-0.042,-0.052,-0.049
439.0,444.0,0.021,2.438,0.082,-1.195,-0.096,-0.238,-0.062,0.123,-0.035,-0.002,-0.092,-0.005,-0.013,-1.102,-0.32,-0.043,-0.052,-0.049
439.0,445.0,0.021,2.438,0.082,-1.195,-0.096,-0.238,-0.062,0.123,-0.035,-0.002,-0.092,-0.005,-0.013,-1.102,-0.32,-0.043,-0.052,-0.049
439.0,446.0,0.021,2.439,0.082,-1.195,-0.096,-0.238,-0.062,0.123,-0.036,-0.002,-0.092,-0.005,-0.013,-1.102,-0.32,-0.043,-0.052,-0.049
439.0,447.0,0.021,2.439,0.082,-1.195,-0.096,-0.238,-0.062,0.123,-0.036,-0.002,-0.092,-0.005,-0.013,-1.102,-0.32,-0.043,-0.052,-0.049
439.0,448.0,0.021,2.439,0.082,-1.195,-0.096,-0.238,-0.062,0.123,-0.036,-0.002,-0.092,-0.005,-0.013,-1.102,-0.32,-0.043,-0.052,-0.049
439.0,449.0,0.021,2.439,0.082,-1.194,-0.096,-0.238,-0.062,0.123,-0.036,-0.002,-0.092,-0.005,-0.013,-1.102,-0.32,-0.043,-0.052,-0.049
439.0,450.0,0.021,2.439,0.081,-1.194,-0.096,-0.239,-0.062,0.123,-0.036,-0.002,-0.092,-0.005,-0.013,-1.103,-0.32,-0.043,-0.052,-0.049
439.0,451.0,0.021,2.439,0.081,-1.194,-0.096,-0.239,-0.062,0.123,-0.036,-0.002,-0.092,-0.005,-0.013,-1.103,-0.32,-0.043,-0.052,-0.049
440.0,441.0,0.02,2.507,0.071,-1.155,-0.113,-0.063,-0.063,0.142,-0.035,0.001,-0.084,-0.004,0.094,-1.332,-0.224,-0.053,-0.052,-0.049
440.0,442.0,0.02,2.507,0.071,-1.155,-0.113,-0.063,-0.063,0.142,-0.035,0.001,-0.084,-0.004,0.094,-1.332,-0.224,-0.053,-0.052,-0.049
440.0,443.0,0.02,2.507,0.071,-1.155,-0.113,-0.064,-0.063,0.142,-0.035,0.001,-0.084,-0.004,0.094,-1.332,-0.224,-0.053,-0.052,-0.049
440.0,444.0,0.02,2.507,0.071,-1.155,-0.113,-0.064,-0.063,0.142,-0.035,0.001,-0.084,-0.004,0.094,-1.332,-0.224,-0.053,-0.052,-0.049
440.0,445.0,0.02,2.507,0.071,-1.155,-0.113,-0.064,-0.063,0.142,-0.035,0.001,-0.084,-0.004,0.094,-1.332,-0.224,-0.053,-0.052,-0.049
440.0,446.0,0.02,2.507,0.071,-1.155,-0.113,-0.064,-0.063,0.141,-0.036,0.001,-0.084,-0.004,0.094,-1.332,-0.224,-0.053,-0.052,-0.05
440.0,447.0,0.021,2.507,0.071,-1.154,-0.113,-0.064,-0.063,0.141,-0.036,0.001,-0.084,-0.004,0.094,-1.332,-0.224,-0.053,-0.052,-0.05
440.0,448.0,0.021,2.507,0.071,-1.154,-0.113,-0.064,-0.063,0.141,-0.036,0.0,-0.084,-0.004,0.094,-1.332,-0.224,-0.053,-0.052,-0.05
440.0,449.0,0.021,2.507,0.071,-1.154,-0.113,-0.064,-0.062,0.141,-0.036,0.0,-0.084,-0.004,0.094,-1.332,-0.224,-0.053,-0.052,-0.05
440.0,450.0,0.021,2.507,0.071,-1.154,-0.113,-0.064,-0.062,0.141,-0.036,0.0,-0.084,-0.004,0.094,-1.332,-0.224,-0.053,-0.052,-0.05
440.0,451.0,0.021,2.507,0.071,-1.154,-0.113,-0.065,-0.062,0.141,-0.036,0.0,-0.084,-0.004,0.094,-1.332,-0.224,-0.053,-0.052,-0.05
440.0,452.0,0.021,2.507,0.071,-1.154,-0.113,-0.065,-0.062,0.141,-0.036,0.0,-0.084,-0.004,0.094,-1.332,-0.224,-0.053,-0.052,-0.05
441.0,442.0,0.023,2.526,0.074,-1.186,-0.064,-0.179,-0.069,0.126,-0.032,-0.003,-0.098,-0.009,0.193,-1.534,-1.468,-0.048,-0.052,-0.048
441.0,443.0,0.023,2.526,0.074,-1.186,-0.064,-0.179,-0.069,0.125,-0.033,-0.003,-0.098,-0.009,0.193,-1.534,-1.468,-0.048,-0.052,-0.048
441.0,444.0,0.023,2.527,0.074,-1.186,-0.064,-0.179,-0.069,0.125,-0.033,-0.003,-0.098,-0.009,0.193,-1.534,-1.468,-0.048,-0.051,-0.048
441.0,445.0,0.023,2.527,0.074,-1.185,-0.063,-0.179,-0.068,0.125,-0.033,-0.003,-0.098,-0.009,0.193,-1.535,-1.468,-0.048,-0.051,-0.048
441.0,446.0,0.023,2.527,0.074,-1.185,-0.063,-0.18,-0.068,0.125,-0.033,-0.003,-0.098,-0.009,0.193,-1.535,-1.468,-0.048,-0.051,-0.048
441.0,447.0,0.023,2.527,0.074,-1.185,-0.063,-0.18,-0.068,0.125,-0.033,-0.003,-0.098,-0.009,0.193,-1.535,-1.468,-0.048,-0.051,-0.049
441.0,448.0,0.023,2.527,0.074,-1.185,-0.063,-0.18,-0.068,0.125,-0.033,-0.003,-0.098,-0.009,0.193,-1.535,-1.468,-0.048,-0.051,-0.049
441.0,449.0,0.023,2.527,0.074,-1.185,-0.063,-0.18,-0.068,0.125,-0.033,-0.003,-0.098,-0.009,0.193,-1.535,-1.468,-0.048,-0.051,-0.049
441.0,450.0,0.023,2.527,0.074,-1.185,-0.063,-0.181,-0.068,0.125,-0.034,-0.004,-0.098,-0.009,0.193,-1.535,-1.468,-0.048,-0.051,-0.049
441.0,451.0,0.023,2.527,0.074,-1.184,-0.063,-0.181,-0.068,0.125,-0.034,-0.004,-0.098,-0.009,0.193,-1.535,-1.468,-0.048,-0.051,-0.049
441.0,452.0,0.023,2.527,0.074,-1.184,-0.063,-0.181,-0.068,0.125,-0.034,-0.004,-0.098,-0.009,0.193,-1.535,-1.468,-0.048,-0.051,-0.049
441.0,453.0,0.023,2.527,0.074,-1.184,-0.063,-0.181,-0.068,0.125,-0.034,-0.004,-0.098,-0.009,0.193,-1.535,-1.468,-0.048,-0.051,-0.049
442.0,443.0,0.022,2.333,0.08,-1.116,-0.065,-0.301,-0.07,0.106,-0.029,-0.001,-0.083,-0.004,0.101,-1.263,-0.072,-0.051,-0.048,-0.049
442.0,444.0,0.022,2.333,0.08,-1.116,-0.065,-0.301,-0.07,0.106,-0.029,-0.001,-0.083,-0.004,0.101,-1.263,-0.072,-0.051,-0.048,-0.049
442.0,445.0,0.022,2.333,0.08,-1.116,-0.065,-0.301,-0.07,0.106,-0.029,-0.001,-0.083,-0.004,0.101,-1.263,-0.072,-0.051,-0.048,-0.049
442.0,446.0,0.022,2.333,0.08,-1.116,-0.065,-0.301,-0.07,0.106,-0.029,-0.001,-0.083,-0.004,0.1,-1.263,-0.072,-0.051,-0.048,-0.049
442.0,447.0,0.022,2.334,0.08,-1.116,-0.065,-0.301,-0.07,0.106,-0.029,-0.001,-0.083,-0.004,0.1,-1.263,-0.072,-0.051,-0.048,-0.049
442.0,448.0,0.022,2.334,0.08,-1.116,-0.065,-0.301,-0.07,0.106,-0.03,-0.001,-0.082,-0.004,0.1,-1.263,-0.072,-0.051,-0.048,-0.049
442.0,449.0,0.022,2.334,0.08,-1.115,-0.065,-0.302,-0.069,0.106,-0.03,-0.001,-0.082,-0.004,0.1,-1.263,-0.072,-0.051,-0.048,-0.049
442.0,450.0,0.022,2.334,0.08,-1.115,-0.065,-0.302,-0.069,0.106,-0.03,-0.002,-0.082,-0.004,0.1,-1.263,-0.072,-0.051,-0.048,-0.049
442.0,451.0,0.022,2.334,0.08,-1.115,-0.065,-0.302,-0.069,0.106,-0.03,-0.002,-0.082,-0.004,0.1,-1.263,-0.072,-0.051,-0.047,-0.049
442.0,452.0,0.022,2.334,0.08,-1.115,-0.065,-0.302,-0.069,0.106,-0.03,-0.002,-0.082,-0.004,0.1,-1.263,-0.072,-0.051,-0.047,-0.05
442.0,453.0,0.022,2.334,0.08,-1.115,-0.065,-0.302,-0.069,0.106,-0.03,-0.002,-0.082,-0.004,0.1,-1.263,-0.072,-0.051,-0.047,-0.05
442.0,454.0,0.022,2.334,0.08,-1.115,-0.065,-0.302,-0.069,0.106,-0.03,-0.002,-0.082,-0.004,0.1,-1.263,-0.072,-0.051,-0.047,-0.05
443.0,444.0,0.022,2.644,0.067,-0.956,-0.193,-0.023,-0.065,0.113,-0.02,-0.007,-0.109,-0.015,0.613,-0.958,-0.703,-0.05,-0.052,-0.048
443.0,445.0,0.022,2.644,0.067,-0.956,-0.193,-0.024,-0.065,0.113,-0.02,-0.007,-0.109,-0.015,0.612,-0.958,-0.703,-0.05,-0.052,-0.048
443.0,446.0,0.022,2.644,0.067,-0.956,-0.193,-0.024,-0.065,0.113,-0.021,-0.007,-0.109,-0.015,0.612,-0.958,-0.703,-0.05,-0.052,-0.048
443.0,447.0,0.022,2.644,0.067,-0.956,-0.193,-0.024,-0.065,0.113,-0.021,-0.007,-0.109,-0.014,0.612,-0.958,-0.703,-0.05,-0.052,-0.048
443.0,448.0,0.022,2.644,0.067,-0.955,-0.193,-0.024,-0.065,0.113,-0.021,-0.007,-0.109,-0.014,0.612,-0.958,-0.703,-0.05,-0.052,-0.048
443.0,449.0,0.022,2.644,0.067,-0.955,-0.193,-0.024,-0.065,0.113,-0.021,-0.007,-0.109,-0.014,0.612,-0.958,-0.703,-0.05,-0.052,-0.048
443.0,450.0,0.022,2.644,0.067,-0.955,-0.193,-0.025,-0.065,0.113,-0.021,-0.007,-0.109,-0.014,0.612,-0.958,-0.703,-0.05,-0.052,-0.048
443.0,451.0,0.022,2.644,0.067,-0.955,-0.193,-0.025,-0.064,0.113,-0.021,-0.007,-0.109,-0.014,0.612,-0.958,-0.703,-0.05,-0.052,-0.048
443.0,452.0,0.022,2.644,0.067,-0.955,-0.193,-0.025,-0.064,0.113,-0.022,-0.007,-0.109,-0.014,0.612,-0.958,-0.703,-0.05,-0.052,-0.048
443.0,453.0,0.022,2.644,0.067,-0.955,-0.193,-0.025,-0.064,0.113,-0.022,-0.007,-0.109,-0.014,0.612,-0.958,-0.703,-0.05,-0.051,-0.049
443.0,454.0,0.022,2.644,0.067,-0.954,-0.193,-0.025,-0.064,0.113,-0.022,-0.007,-0.109,-0.014,0.612,-0.959,-0.703,-0.05,-0.051,-0.049
443.0,455.0,0.022,2.644,0.067,-0.954,-0.193,-0.025,-0.064,0.113,-0.022,-0.007,-0.109,-0.014,0.612,-0.959,-0.703,-0.05,-0.051,-0.049
444.0,445.0,0.026,2.608,0.07,-1.102,-0.071,-0.024,-0.064,0.183,-0.029,0.004,-0.092,-0.004,-0.366,-1.362,-0.088,-0.049,-0.052,-0.05
444.0,446.0,0.026,2.608,0.07,-1.102,-0.071,-0.024,-0.063,0.183,-0.029,0.004,-0.092,-0.004,-0.366,-1.362,-0.088,-0.049,-0.052,-0.05
444.0,447.0,0.026,2.608,0.07,-1.102,-0.07,-0.025,-0.063,0.183,-0.029,0.004,-0.092,-0.004,-0.366,-1.362,-0.088,-0.049,-0.052,-0.05
444.0,448.0,0.026,2.608,0.07,-1.102,-0.07,-0.025,-0.063,0.183,-0.029,0.004,-0.092,-0.004,-0.366,-1.362,-0.088,-0.049,-0.052,-0.05
444.0,449.0,0.026,2.608,0.07,-1.101,-0.07,-0.025,-0.063,0.183,-0.029,0.004,-0.092,-0.004,-0.366,-1.362,-0.088,-0.049,-0.052,-0.05
444.0,450.0,0.026,2.609,0.07,-1.101,-0.07,-0.025,-0.063,0.183,-0.03,0.004,-0.092,-0.004,-0.366,-1.362,-0.088,-0.049,-0.052,-0.05
444.0,451.0,0.026,2.609,0.07,-1.101,-0.07,-0.025,-0.063,0.183,-0.03,0.004,-0.092,-0.004,-0.366,-1.362,-0.088,-0.049,-0.052,-0.05
444.0,452.0,0.026,2.609,0.07,-1.101,-0.07,-0.025,-0.063,0.183,-0.03,0.004,-0.092,-0.004,-0.366,-1.362,-0.088,-0.049,-0.052,-0.05
444.0,453.0,0.026,2.609,0.069,-1.101,-0.07,-0.025,-0.063,0.183,-0.03,0.004,-0.092,-0.004,-0.366,-1.362,-0.088,-0.049,-0.052,-0.05
444.0,454.0,0.026,2.609,0.069,-1.101,-0.07,-0.026,-0.063,0.183,-0.03,0.004,-0.092,-0.004,-0.367,-1.362,-0.088,-0.049,-0.052,-0.05
444.0,455.0,0.026,2.609,0.069,-1.101,-0.07,-0.026,-0.063,0.182,-0.03,0.004,-0.092,-0.004,-0.367,-1.362,-0.088,-0.049,-0.052,-0.05
444.0,456.0,0.026,2.609,0.069,-1.101,-0.07,-0.026,-0.063,0.182,-0.03,0.004,-0.092,-0.004,-0.367,-1.362,-0.088,-0.049,-0.052,-0.05
445.0,446.0,0.023,2.89,0.076,-0.927,-0.066,-0.018,-0.066,0.217,-0.019,-0.009,-0.118,-0.017,0.885,-0.428,-0.085,-0.049,-0.055,-0.048
445.0,447.0,0.023,2.89,0.076,-0.927,-0.066,-0.018,-0.066,0.217,-0.019,-0.009,-0.118,-0.017,0.885,-0.428,-0.085,-0.049,-0.055,-0.048
445.0,448.0,0.023,2.89,0.076,-0.927,-0.066,-0.018,-0.066,0.217,-0.019,-0.009,-0.118,-0.016,0.885,-0.428,-0.085,-0.05,-0.055,-0.048
445.0,449.0,0.023,2.89,0.076,-0.927,-0.066,-0.018,-0.066,0.217,-0.019,-0.009,-0.118,-0.016,0.885,-0.428,-0.084,-0.05,-0.055,-0.048
445.0,450.0,0.023,2.89,0.076,-0.927,-0.066,-0.018,-0.066,0.217,-0.019,-0.009,-0.118,-0.016,0.885,-0.428,-0.084,-0.05,-0.055,-0.048
445.0,451.0,0.023,2.89,0.076,-0.927,-0.066,-0.018,-0.066,0.217,-0.019,-0.009,-0.118,-0.016,0.885,-0.428,-0.084,-0.05,-0.055,-0.048
445.0,452.0,0.023,2.89,0.076,-0.927,-0.066,-0.018,-0.066,0.217,-0.019,-0.009,-0.118,-0.016,0.885,-0.428,-0.084,-0.05,-0.055,-0.048
445.0,453.0,0.023,2.89,0.076,-0.927,-0.066,-0.018,-0.066,0.217,-0.019,-0.01,-0.118,-0.016,0.884,-0.428,-0.084,-0.05,-0.055,-0.048
445.0,454.0,0.023,2.89,0.076,-0.927,-0.066,-0.018,-0.066,0.217,-0.019,-0.01,-0.118,-0.016,0.884,-0.428,-0.084,-0.05,-0.055,-0.048
445.0,455.0,0.023,2.89,0.076,-0.927,-0.066,-0.018,-0.066,0.217,-0.019,-0.01,-0.118,-0.016,0.884,-0.428,-0.084,-0.05,-0.055,-0.048
445.0,456.0,0.023,2.89,0.076,-0.927,-0.066,-0.018,-0.066,0.217,-0.019,-0.01,-0.118,-0.016,0.884,-0.428,-0.084,-0.05,-0.055,-0.048
445.0,457.0,0.023,2.89,0.076,-0.927,-0.066,-0.018,-0.066,0.217,-0.019,-0.01,-0.118,-0.016,0.884,-0.428,-0.084,-0.05,-0.055,-0.048
446.0,447.0,0.025,2.57,0.076,-1.18,-0.068,-0.033,-0.064,0.183,-0.036,-0.001,-0.098,-0.005,-0.035,-0.927,-0.131,-0.056,-0.051,-0.048
446.0,448.0,0.025,2.57,0.076,-1.18,-0.068,-0.033,-0.064,0.183,-0.036,-0.001,-0.098,-0.005,-0.035,-0.927,-0.131,-0.056,-0.051,-0.049
446.0,449.0,0.025,2.57,0.076,-1.18,-0.068,-0.033,-0.064,0.183,-0.037,-0.001,-0.098,-0.005,-0.035,-0.927,-0.131,-0.056,-0.051,-0.049
446.0,450.0,0.025,2.57,0.076,-1.18,-0.068,-0.033,-0.064,0.183,-0.037,-0.001,-0.098,-0.005,-0.035,-0.927,-0.131,-0.056,-0.05,-0.049
446.0,451.0,0.025,2.57,0.076,-1.18,-0.068,-0.033,-0.064,0.183,-0.037,-0.001,-0.098,-0.006,-0.035,-0.927,-0.131,-0.056,-0.05,-0.049
446.0,452.0,0.025,2.57,0.076,-1.18,-0.068,-0.033,-0.064,0.183,-0.037,-0.001,-0.098,-0.006,-0.035,-0.927,-0.131,-0.056,-0.05,-0.049
446.0,453.0,0.025,2.57,0.076,-1.18,-0.068,-0.033,-0.064,0.182,-0.037,-0.001,-0.098,-0.006,-0.035,-0.927,-0.131,-0.057,-0.05,-0.049
446.0,454.0,0.025,2.57,0.076,-1.18,-0.067,-0.033,-0.064,0.182,-0.037,-0.002,-0.098,-0.006,-0.035,-0.927,-0.131,-0.057,-0.05,-0.049
446.0,455.0,0.025,2.57,0.076,-1.18,-0.067,-0.033,-0.064,0.182,-0.037,-0.002,-0.098,-0.006,-0.035,-0.927,-0.131,-0.057,-0.05,-0.049
446.0,456.0,0.025,2.57,0.076,-1.18,-0.067,-0.033,-0.064,0.182,-0.037,-0.002,-0.098,-0.006,-0.035,-0.927,-0.131,-0.057,-0.05,-0.049
446.0,457.0,0.025,2.57,0.076,-1.18,-0.067,-0.033,-0.064,0.182,-0.037,-0.002,-0.098,-0.006,-0.035,-0.927,-0.131,-0.057,-0.05,-0.049
446.0,458.0,0.025,2.57,0.076,-1.18,-0.067,-0.033,-0.063,0.182,-0.037,-0.002,-0.098,-0.006,-0.035,-0.927,-0.131,-0.057,-0.05,-0.049
447.0,448.0,0.027,2.561,0.078,-1.176,-0.123,-0.032,-0.061,0.158,-0.036,-0.001,-0.104,-0.006,-0.033,-0.672,-0.056,-0.053,-0.052,-0.047
447.0,449.0,0.027,2.561,0.078,-1.176,-0.123,-0.032,-0.061,0.158,-0.036,-0.001,-0.104,-0.006,-0.033,-0.672,-0.056,-0.053,-0.052,-0.048
447.0,450.0,0.027,2.561,0.078,-1.176,-0.123,-0.032,-0.061,0.158,-0.036,-0.001,-0.104,-0.006,-0.033,-0.672,-0.056,-0.053,-0.052,-0.048
447.0,451.0,0.027,2.561,0.078,-1.176,-0.123,-0.032,-0.061,0.157,-0.037,-0.002,-0.103,-0.006,-0.033,-0.672,-0.056,-0.053,-0.052,-0.048
447.0,452.0,0.027,2.561,0.078,-1.176,-0.123,-0.032,-0.061,0.157,-0.037,-0.002,-0.103,-0.006,-0.033,-0.672,-0.056,-0.053,-0.052,-0.048
447.0,453.0,0.027,2.561,0.078,-1.176,-0.123,-0.032,-0.061,0.157,-0.037,-0.002,-0.103,-0.006,-0.033,-0.673,-0.056,-0.054,-0.051,-0.048
447.0,454.0,0.027,2.561,0.078,-1.176,-0.123,-0.032,-0.061,0.157,-0.037,-0.002,-0.103,-0.006,-0.033,-0.673,-0.055,-0.054,-0.051,-0.048
447.0,455.0,0.027,2.561,0.078,-1.176,-0.123,-0.032,-0.061,0.157,-0.037,-0.002,-0.103,-0.007,-0.034,-0.673,-0.055,-0.054,-0.051,-0.048
447.0,456.0,0.027,2.561,0.078,-1.176,-0.123,-0.032,-0.061,0.157,-0.037,-0.002,-0.103,-0.007,-0.034,-0.673,-0.055,-0.054,-0.051,-0.048
447.0,457.0,0.027,2.561,0.078,-1.176,-0.123,-0.032,-0.061,0.157,-0.037,-0.002,-0.103,-0.007,-0.034,-0.673,-0.055,-0.054,-0.051,-0.048
447.0,458.0,0.027,2.561,0.078,-1.176,-0.123,-0.032,-0.061,0.157,-0.037,-0.002,-0.103,-0.007,-0.034,-0.673,-0.055,-0.054,-0.051,-0.049
447.0,459.0,0.027,2.561,0.078,-1.176,-0.123,-0.032,-0.061,0.157,-0.037,-0.002,-0.103,-0.007,-0.034,-0.673,-0.055,-0.054,-0.051,-0.049
448.0,449.0,0.029,2.79,0.08,-1.231,-0.067,-0.111,-0.061,0.247,-0.037,-0.001,-0.122,-0.003,-0.053,-0.474,-0.245,-0.047,-0.054,-0.045
448.0,450.0,0.029,2.79,0.08,-1.231,-0.067,-0.111,-0.061,0.247,-0.037,-0.002,-0.122,-0.003,-0.054,-0.475,-0.245,-0.047,-0.054,-0.045
448.0,451.0,0.029,2.79,0.08,-1.231,-0.067,-0.111,-0.061,0.247,-0.037,-0.002,-0.121,-0.004,-0.054,-0.475,-0.245,-0.047,-0.054,-0.045
448.0,452.0,0.029,2.79,0.08,-1.231,-0.067,-0.111,-0.061,0.247,-0.037,-0.002,-0.121,-0.004,-0.054,-0.475,-0.245,-0.047,-0.054,-0.046
448.0,453.0,0.029,2.79,0.08,-1.231,-0.067,-0.111,-0.061,0.247,-0.037,-0.002,-0.121,-0.005,-0.055,-0.475,-0.245,-0.047,-0.054,-0.046
448.0,454.0,0.029,2.79,0.08,-1.231,-0.067,-0.111,-0.061,0.247,-0.037,-0.002,-0.121,-0.005,-0.055,-0.476,-0.244,-0.047,-0.053,-0.046
448.0,455.0,0.029,2.79,0.08,-1.231,-0.067,-0.111,-0.061,0.247,-0.037,-0.003,-0.121,-0.006,-0.055,-0.476,-0.244,-0.047,-0.053,-0.046
448.0,456.0,0.029,2.79,0.08,-1.231,-0.067,-0.111,-0.061,0.247,-0.037,-0.003,-0.121,-0.006,-0.055,-0.476,-0.244,-0.047,-0.053,-0.047
448.0,457.0,0.029,2.79,0.08,-1.231,-0.067,-0.111,-0.061,0.247,-0.037,-0.003,-0.121,-0.006,-0.055,-0.476,-0.244,-0.047,-0.053,-0.047
448.0,458.0,0.029,2.79,0.08,-1.231,-0.067,-0.111,-0.061,0.247,-0.037,-0.003,-0.121,-0.007,-0.056,-0.476,-0.244,-0.048,-0.053,-0.047
448.0,459.0,0.029,2.79,0.08,-1.231,-0.067,-0.111,-0.061,0.247,-0.037,-0.003,-0.121,-0.007,-0.056,-0.476,-0.244,-0.048,-0.053,-0.047
448.0,460.0,0.029,2.79,0.08,-1.231,-0.067,-0.111,-0.061,0.247,-0.037,-0.003,-0.121,-0.007,-0.056,-0.477,-0.244,-0.048,-0.052,-0.047
449.0,450.0,0.028,2.184,0.075,-1.132,-0.097,-0.04,-0.052,0.063,-0.045,-0.001,-0.108,-0.004,-0.046,-1.134,-1.123,-0.048,-0.053,-0.045
449.0,451.0,0.028,2.184,0.075,-1.132,-0.097,-0.04,-0.052,0.063,-0.045,-0.002,-0.108,-0.004,-0.046,-1.134,-1.123,-0.048,-0.053,-0.046
449.0,452.0,0.028,2.184,0.075,-1.132,-0.097,-0.041,-0.051,0.063,-0.045,-0.002,-0.108,-0.005,-0.046,-1.134,-1.122,-0.048,-0.053,-0.046
449.0,453.0,0.028,2.184,0.075,-1.132,-0.097,-0.041,-0.051,0.063,-0.045,-0.002,-0.107,-0.005,-0.046,-1.135,-1.122,-0.048,-0.053,-0.046
449.0,454.0,0.028,2.184,0.075,-1.132,-0.097,-0.041,-0.051,0.063,-0.045,-0.002,-0.107,-0.005,-0.046,-1.135,-1.122,-0.048,-0.053,-0.046
449.0,455.0,0.028,2.184,0.075,-1.132,-0.097,-0.041,-0.051,0.063,-0.045,-0.002,-0.107,-0.005,-0.046,-1.135,-1.122,-0.048,-0.053,-0.046
449.0,456.0,0.028,2.184,0.075,-1.131,-0.097,-0.041,-0.051,0.063,-0.045,-0.002,-0.107,-0.006,-0.047,-1.135,-1.122,-0.048,-0.053,-0.046
449.0,457.0,0.028,2.184,0.075,-1.131,-0.097,-0.041,-0.051,0.063,-0.045,-0.002,-0.107,-0.006,-0.047,-1.135,-1.122,-0.048,-0.053,-0.047
449.0,458.0,0.028,2.184,0.075,-1.131,-0.097,-0.041,-0.051,0.063,-0.045,-0.002,-0.107,-0.006,-0.047,-1.135,-1.122,-0.048,-0.052,-0.047
449.0,459.0,0.028,2.184,0.075,-1.131,-0.097,-0.041,-0.051,0.063,-0.045,-0.002,-0.107,-0.006,-0.047,-1.135,-1.121,-0.048,-0.052,-0.047
449.0,460.0,0.028,2.184,0.075,-1.131,-0.097,-0.041,-0.051,0.063,-0.045,-0.003,-0.107,-0.006,-0.047,-1.135,-1.121,-0.049,-0.052,-0.047
449.0,461.0,0.028,2.184,0.075,-1.131,-0.097,-0.041,-0.051,0.063,-0.045,-0.003,-0.107,-0.007,-0.047,-1.136,-1.121,-0.049,-0.052,-0.047
450.0,451.0,0.021,2.505,0.079,-1.153,-0.134,-0.122,-0.049,0.117,-0.042,0.003,-0.087,-0.004,-0.026,-1.007,-0.052,-0.051,-0.052,-0.048
450.0,452.0,0.021,2.505,0.079,-1.153,-0.134,-0.122,-0.049,0.117,-0.042,0.003,-0.087,-0.004,-0.026,-1.007,-0.052,-0.051,-0.052,-0.048
450.0,453.0,0.021,2.505,0.079,-1.153,-0.134,-0.122,-0.049,0.117,-0.042,0.003,-0.087,-0.004,-0.026,-1.007,-0.052,-0.051,-0.052,-0.048
450.0,454.0,0.021,2.505,0.079,-1.153,-0.134,-0.123,-0.049,0.117,-0.043,0.003,-0.087,-0.004,-0.026,-1.007,-0.052,-0.051,-0.052,-0.048
450.0,455.0,0.021,2.505,0.079,-1.153,-0.134,-0.123,-0.049,0.117,-0.043,0.003,-0.087,-0.004,-0.026,-1.007,-0.052,-0.051,-0.052,-0.048
450.0,456.0,0.021,2.505,0.079,-1.153,-0.134,-0.123,-0.049,0.117,-0.043,0.002,-0.087,-0.004,-0.026,-1.007,-0.052,-0.051,-0.052,-0.049
450.0,457.0,0.021,2.505,0.079,-1.153,-0.134,-0.123,-0.049,0.117,-0.043,0.002,-0.087,-0.004,-0.026,-1.007,-0.052,-0.051,-0.052,-0.049
450.0,458.0,0.021,2.505,0.079,-1.153,-0.134,-0.123,-0.049,0.117,-0.043,0.002,-0.086,-0.004,-0.026,-1.008,-0.052,-0.051,-0.052,-0.049
450.0,459.0,0.021,2.505,0.079,-1.153,-0.134,-0.123,-0.049,0.117,-0.043,0.002,-0.086,-0.004,-0.027,-1.008,-0.053,-0.05,-0.052,-0.049
450.0,460.0,0.021,2.504,0.079,-1.153,-0.134,-0.123,-0.049,0.117,-0.043,0.002,-0.086,-0.004,-0.027,-1.008,-0.053,-0.05,-0.051,-0.049
450.0,461.0,0.021,2.504,0.079,-1.153,-0.134,-0.123,-0.049,0.117,-0.043,0.002,-0.086,-0.005,-0.027,-1.008,-0.053,-0.05,-0.051,-0.049
450.0,462.0,0.021,2.504,0.079,-1.153,-0.134,-0.123,-0.049,0.117,-0.043,0.002,-0.086,-0.005,-0.027,-1.008,-0.053,-0.05,-0.051,-0.049
451.0,452.0,0.024,2.824,0.082,-0.969,-0.048,-0.214,-0.061,0.176,-0.033,-0.008,-0.112,-0.008,0.971,-0.65,-0.057,-0.05,-0.087,-0.041
451.0,453.0,0.024,2.824,0.082,-0.969,-0.048,-0.215,-0.061,0.176,-0.033,-0.008,-0.112,-0.008,0.971,-0.65,-0.057,-0.05,-0.087,-0.041
451.0,454.0,0.024,2.824,0.082,-0.969,-0.048,-0.215,-0.061,0.176,-0.033,-0.009,-0.112,-0.009,0.97,-0.651,-0.056,-0.05,-0.086,-0.042
451.0,455.0,0.024,2.824,0.082,-0.969,-0.048,-0.215,-0.061,0.176,-0.033,-0.009,-0.112,-0.009,0.97,-0.651,-0.056,-0.05,-0.086,-0.042
451.0,456.0,0.024,2.824,0.082,-0.969,-0.048,-0.215,-0.061,0.176,-0.033,-0.009,-0.111,-0.009,0.97,-0.651,-0.056,-0.05,-0.086,-0.042
451.0,457.0,0.024,2.824,0.082,-0.969,-0.048,-0.215,-0.061,0.176,-0.033,-0.009,-0.111,-0.009,0.97,-0.651,-0.056,-0.05,-0.086,-0.042
451.0,458.0,0.024,2.824,0.082,-0.969,-0.048,-0.215,-0.061,0.176,-0.033,-0.009,-0.111,-0.009,0.97,-0.651,-0.055,-0.05,-0.086,-0.043
451.0,459.0,0.024,2.824,0.082,-0.969,-0.048,-0.215,-0.061,0.176,-0.033,-0.009,-0.111,-0.01,0.969,-0.652,-0.055,-0.05,-0.085,-0.043
451.0,460.0,0.024,2.824,0.082,-0.969,-0.048,-0.215,-0.061,0.176,-0.033,-0.009,-0.11,-0.01,0.969,-0.652,-0.055,-0.05,-0.085,-0.043
451.0,461.0,0.024,2.824,0.082,-0.969,-0.048,-0.215,-0.061,0.176,-0.033,-0.01,-0.11,-0.01,0.969,-0.652,-0.055,-0.05,-0.085,-0.044
451.0,462.0,0.024,2.824,0.082,-0.969,-0.048,-0.215,-0.061,0.176,-0.033,-0.01,-0.11,-0.01,0.969,-0.652,-0.055,-0.05,-0.085,-0.044
451.0,463.0,0.024,2.824,0.082,-0.969,-0.048,-0.215,-0.061,0.176,-0.033,-0.01,-0.11,-0.01,0.969,-0.652,-0.054,-0.05,-0.085,-0.044
452.0,453.0,0.025,2.453,0.075,-1.067,-0.063,-0.127,-0.056,0.11,-0.043,-0.007,-0.112,-0.004,0.744,-0.747,-0.464,-0.052,-0.054,-0.043
452.0,454.0,0.024,2.453,0.075,-1.066,-0.063,-0.127,-0.056,0.11,-0.043,-0.007,-0.112,-0.005,0.744,-0.747,-0.464,-0.052,-0.054,-0.043
452.0,455.0,0.024,2.453,0.075,-1.066,-0.063,-0.127,-0.056,0.11,-0.043,-0.007,-0.112,-0.005,0.744,-0.747,-0.464,-0.052,-0.054,-0.044
452.0,456.0,0.024,2.453,0.075,-1.066,-0.063,-0.128,-0.056,0.11,-0.043,-0.007,-0.111,-0.005,0.744,-0.748,-0.463,-0.052,-0.054,-0.044
452.0,457.0,0.024,2.453,0.075,-1.066,-0.063,-0.128,-0.056,0.11,-0.043,-0.007,-0.111,-0.005,0.744,-0.748,-0.463,-0.052,-0.054,-0.044
452.0,458.0,0.024,2.453,0.075,-1.066,-0.063,-0.128,-0.056,0.11,-0.043,-0.007,-0.111,-0.006,0.743,-0.748,-0.463,-0.052,-0.053,-0.044
452.0,459.0,0.024,2.453,0.075,-1.066,-0.064,-0.128,-0.056,0.11,-0.043,-0.007,-0.11,-0.006,0.743,-0.748,-0.463,-0.052,-0.053,-0.045
452.0,460.0,0.024,2.453,0.075,-1.066,-0.064,-0.128,-0.056,0.11,-0.043,-0.007,-0.11,-0.006,0.743,-0.748,-0.463,-0.052,-0.053,-0.045
452.0,461.0,0.024,2.453,0.075,-1.066,-0.064,-0.128,-0.056,0.11,-0.043,-0.007,-0.11,-0.006,0.743,-0.748,-0.463,-0.052,-0.053,-0.045
452.0,462.0,0.024,2.453,0.075,-1.066,-0.064,-0.128,-0.056,0.11,-0.043,-0.008,-0.11,-0.006,0.743,-0.748,-0.462,-0.052,-0.053,-0.045
452.0,463.0,0.024,2.453,0.075,-1.066,-0.064,-0.129,-0.056,0.111,-0.043,-0.008,-0.11,-0.007,0.743,-0.748,-0.462,-0.052,-0.053,-0.045
452.0,464.0,0.024,2.453,0.075,-1.066,-0.064,-0.129,-0.056,0.111,-0.044,-0.008,-0.109,-0.007,0.742,-0.749,-0.462,-0.052,-0.053,-0.046
453.0,454.0,0.025,2.766,0.084,-1.242,-0.069,-0.03,-0.051,0.221,-0.04,-0.001,-0.115,-0.002,-0.042,-1.045,-0.66,-0.048,-0.053,-0.047
453.0,455.0,0.025,2.766,0.084,-1.242,-0.069,-0.03,-0.051,0.221,-0.04,-0.002,-0.114,-0.002,-0.042,-1.045,-0.66,-0.048,-0.053,-0.048
453.0,456.0,0.025,2.766,0.084,-1.242,-0.069,-0.03,-0.051,0.221,-0.04,-0.002,-0.114,-0.003,-0.042,-1.046,-0.66,-0.048,-0.053,-0.048
453.0,457.0,0.025,2.766,0.084,-1.242,-0.069,-0.03,-0.051,0.221,-0.04,-0.002,-0.114,-0.003,-0.042,-1.046,-0.659,-0.048,-0.052,-0.048
453.0,458.0,0.025,2.766,0.084,-1.242,-0.069,-0.03,-0.051,0.221,-0.04,-0.002,-0.114,-0.003,-0.042,-1.046,-0.659,-0.048,-0.052,-0.048
453.0,459.0,0.025,2.766,0.084,-1.242,-0.069,-0.03,-0.051,0.221,-0.04,-0.002,-0.114,-0.003,-0.043,-1.046,-0.659,-0.048,-0.052,-0.048
453.0,460.0,0.025,2.766,0.084,-1.242,-0.069,-0.03,-0.051,0.221,-0.04,-0.002,-0.113,-0.004,-0.043,-1.046,-0.659,-0.049,-0.052,-0.048
453.0,461.0,0.025,2.766,0.084,-1.242,-0.069,-0.03,-0.051,0.221,-0.04,-0.002,-0.113,-0.004,-0.043,-1.046,-0.659,-0.049,-0.052,-0.048
453.0,462.0,0.025,2.766,0.084,-1.242,-0.069,-0.03,-0.051,0.221,-0.04,-0.002,-0.113,-0.004,-0.043,-1.046,-0.659,-0.049,-0.052,-0.048
453.0,463.0,0.025,2.766,0.084,-1.242,-0.069,-0.03,-0.051,0.221,-0.04,-0.002,-0.113,-0.004,-0.043,-1.046,-0.659,-0.049,-0.052,-0.049
453.0,464.0,0.025,2.766,0.084,-1.242,-0.069,-0.03,-0.051,0.221,-0.04,-0.002,-0.113,-0.004,-0.043,-1.046,-0.659,-0.049,-0.052,-0.049
453.0,465.0,0.025,2.766,0.084,-1.242,-0.069,-0.03,-0.051,0.221,-0.04,-0.003,-0.113,-0.005,-0.043,-1.046,-0.659,-0.049,-0.052,-0.049
454.0,455.0,0.022,2.598,0.073,-1.31,-0.051,-0.132,-0.05,0.161,-0.055,0.001,-0.086,-0.002,-0.037,-1.231,-0.133,-0.05,-0.059,-0.048
454.0,456.0,0.022,2.598,0.073,-1.31,-0.051,-0.132,-0.05,0.161,-0.055,0.001,-0.086,-0.002,-0.037,-1.231,-0.133,-0.05,-0.059,-0.048
454.0,457.0,0.022,2.598,0.073,-1.31,-0.051,-0.132,-0.05,0.161,-0.055,0.001,-0.085,-0.002,-0.037,-1.231,-0.134,-0.05,-0.059,-0.048
454.0,458.0,0.022,2.598,0.073,-1.31,-0.051,-0.132,-0.05,0.161,-0.055,0.001,-0.085,-0.003,-0.037,-1.231,-0.134,-0.05,-0.059,-0.048
454.0,459.0,0.022,2.598,0.072,-1.31,-0.051,-0.132,-0.05,0.161,-0.055,0.001,-0.085,-0.003,-0.037,-1.231,-0.134,-0.05,-0.059,-0.048
454.0,460.0,0.022,2.598,0.072,-1.309,-0.051,-0.132,-0.05,0.161,-0.055,0.001,-0.085,-0.003,-0.037,-1.231,-0.134,-0.05,-0.059,-0.048
454.0,461.0,0.022,2.598,0.072,-1.309,-0.051,-0.132,-0.05,0.161,-0.055,0.001,-0.085,-0.003,-0.038,-1.231,-0.134,-0.05,-0.059,-0.048
454.0,462.0,0.022,2.598,0.072,-1.309,-0.051,-0.133,-0.05,0.161,-0.055,0.001,-0.085,-0.003,-0.038,-1.232,-0.134,-0.05,-0.059,-0.048
454.0,463.0,0.022,2.598,0.072,-1.309,-0.051,-0.133,-0.05,0.161,-0.055,0.001,-0.085,-0.003,-0.038,-1.232,-0.134,-0.05,-0.059,-0.048
454.0,464.0,0.022,2.598,0.072,-1.309,-0.051,-0.133,-0.05,0.161,-0.055,0.001,-0.084,-0.003,-0.038,-1.232,-0.135,-0.05,-0.059,-0.048
454.0,465.0,0.022,2.598,0.072,-1.309,-0.051,-0.133,-0.05,0.161,-0.055,0.001,-0.084,-0.003,-0.038,-1.232,-0.135,-0.05,-0.059,-0.048
454.0,466.0,0.022,2.598,0.072,-1.309,-0.051,-0.133,-0.05,0.161,-0.055,0.001,-0.084,-0.003,-0.038,-1.232,-0.135,-0.05,-0.059,-0.049
455.0,456.0,0.025,2.453,0.083,-1.276,-0.056,-0.108,-0.054,0.131,-0.046,0.005,-0.1,-0.002,-0.034,-1.368,-0.314,-0.05,-0.055,-0.048
455.0,457.0,0.025,2.453,0.083,-1.276,-0.056,-0.108,-0.054,0.131,-0.047,0.005,-0.1,-0.002,-0.035,-1.368,-0.314,-0.05,-0.055,-0.048
455.0,458.0,0.025,2.453,0.083,-1.276,-0.056,-0.108,-0.054,0.131,-0.047,0.005,-0.1,-0.002,-0.035,-1.368,-0.314,-0.049,-0.055,-0.048
455.0,459.0,0.025,2.453,0.083,-1.276,-0.056,-0.108,-0.054,0.131,-0.047,0.005,-0.099,-0.002,-0.035,-1.368,-0.314,-0.049,-0.055,-0.049
455.0,460.0,0.025,2.453,0.083,-1.276,-0.056,-0.108,-0.054,0.131,-0.047,0.004,-0.099,-0.003,-0.036,-1.368,-0.314,-0.049,-0.055,-0.049
455.0,461.0,0.025,2.453,0.083,-1.276,-0.056,-0.108,-0.054,0.131,-0.047,0.004,-0.099,-0.003,-0.036,-1.368,-0.314,-0.049,-0.055,-0.049
455.0,462.0,0.025,2.453,0.083,-1.276,-0.056,-0.108,-0.053,0.131,-0.047,0.004,-0.099,-0.003,-0.036,-1.368,-0.314,-0.048,-0.055,-0.049
455.0,463.0,0.025,2.453,0.083,-1.276,-0.056,-0.108,-0.053,0.131,-0.047,0.004,-0.099,-0.003,-0.036,-1.369,-0.314,-0.048,-0.055,-0.049
455.0,464.0,0.025,2.453,0.083,-1.276,-0.056,-0.108,-0.053,0.131,-0.047,0.003,-0.099,-0.003,-0.036,-1.369,-0.314,-0.048,-0.055,-0.049
455.0,465.0,0.025,2.453,0.083,-1.276,-0.056,-0.108,-0.053,0.131,-0.047,0.003,-0.099,-0.003,-0.037,-1.369,-0.314,-0.048,-0.055,-0.049
455.0,466.0,0.025,2.453,0.083,-1.276,-0.056,-0.108,-0.053,0.131,-0.047,0.003,-0.098,-0.003,-0.037,-1.369,-0.315,-0.048,-0.054,-0.049
455.0,467.0,0.025,2.453,0.083,-1.276,-0.056,-0.108,-0.053,0.131,-0.047,0.003,-0.098,-0.003,-0.037,-1.369,-0.315,-0.047,-0.054,-0.049
456.0,457.0,0.031,2.721,0.074,-1.356,-0.077,-0.031,-0.042,0.143,-0.031,-0.002,-0.143,-0.001,-0.069,-0.424,-0.042,-0.044,-0.054,-0.048
456.0,458.0,0.031,2.721,0.074,-1.356,-0.077,-0.031,-0.042,0.143,-0.031,-0.003,-0.143,-0.001,-0.069,-0.424,-0.043,-0.045,-0.053,-0.048
456.0,459.0,0.031,2.721,0.074,-1.356,-0.077,-0.032,-0.042,0.143,-0.031,-0.003,-0.142,-0.002,-0.069,-0.424,-0.043,-0.045,-0.053,-0.048
456.0,460.0,0.031,2.721,0.074,-1.356,-0.077,-0.032,-0.042,0.143,-0.031,-0.004,-0.141,-0.002,-0.069,-0.424,-0.043,-0.045,-0.053,-0.049
456.0,461.0,0.031,2.721,0.074,-1.356,-0.077,-0.032,-0.042,0.143,-0.032,-0.005,-0.141,-0.002,-0.069,-0.424,-0.043,-0.045,-0.053,-0.049
456.0,462.0,0.031,2.721,0.074,-1.356,-0.077,-0.032,-0.042,0.143,-0.032,-0.005,-0.14,-0.002,-0.069,-0.424,-0.044,-0.046,-0.053,-0.049
456.0,463.0,0.031,2.721,0.074,-1.356,-0.077,-0.032,-0.042,0.143,-0.032,-0.006,-0.139,-0.002,-0.068,-0.424,-0.044,-0.046,-0.052,-0.049
456.0,464.0,0.031,2.721,0.074,-1.356,-0.077,-0.032,-0.042,0.143,-0.032,-0.006,-0.139,-0.002,-0.068,-0.425,-0.044,-0.046,-0.052,-0.049
456.0,465.0,0.031,2.721,0.074,-1.356,-0.077,-0.032,-0.042,0.143,-0.032,-0.007,-0.138,-0.003,-0.068,-0.425,-0.044,-0.046,-0.052,-0.049
456.0,466.0,0.031,2.721,0.074,-1.356,-0.077,-0.032,-0.042,0.143,-0.032,-0.007,-0.138,-0.003,-0.068,-0.425,-0.045,-0.046,-0.052,-0.049
456.0,467.0,0.031,2.721,0.074,-1.356,-0.077,-0.032,-0.042,0.143,-0.032,-0.008,-0.137,-0.003,-0.068,-0.425,-0.045,-0.046,-0.052,-0.049
456.0,468.0,0.031,2.721,0.074,-1.356,-0.077,-0.032,-0.042,0.143,-0.032,-0.008,-0.137,-0.003,-0.068,-0.425,-0.045,-0.046,-0.052,-0.049
457.0,458.0,0.024,2.665,0.06,-1.299,-0.054,-0.044,-0.045,0.144,-0.049,0.009,-0.099,-0.003,0.086,-0.66,-0.212,-0.061,-0.053,-0.046
457.0,459.0,0.024,2.665,0.06,-1.299,-0.054,-0.044,-0.045,0.144,-0.049,0.009,-0.099,-0.003,0.086,-0.66,-0.211,-0.061,-0.053,-0.046
457.0,460.0,0.024,2.665,0.06,-1.299,-0.054,-0.044,-0.045,0.145,-0.049,0.009,-0.099,-0.003,0.086,-0.66,-0.211,-0.06,-0.053,-0.046
457.0,461.0,0.024,2.665,0.06,-1.299,-0.054,-0.044,-0.045,0.145,-0.05,0.009,-0.098,-0.004,0.086,-0.66,-0.211,-0.06,-0.053,-0.046
457.0,462.0,0.024,2.665,0.06,-1.299,-0.054,-0.044,-0.045,0.145,-0.05,0.009,-0.098,-0.004,0.085,-0.66,-0.211,-0.06,-0.053,-0.046
457.0,463.0,0.024,2.665,0.06,-1.299,-0.054,-0.044,-0.045,0.145,-0.05,0.008,-0.098,-0.004,0.085,-0.66,-0.211,-0.06,-0.053,-0.046
457.0,464.0,0.024,2.665,0.06,-1.298,-0.054,-0.044,-0.045,0.145,-0.05,0.008,-0.098,-0.004,0.085,-0.66,-0.211,-0.06,-0.053,-0.046
457.0,465.0,0.024,2.665,0.06,-1.298,-0.054,-0.045,-0.045,0.145,-0.05,0.008,-0.098,-0.004,0.085,-0.66,-0.211,-0.059,-0.052,-0.046
457.0,466.0,0.024,2.665,0.06,-1.298,-0.054,-0.045,-0.045,0.145,-0.05,0.008,-0.098,-0.004,0.085,-0.66,-0.211,-0.059,-0.052,-0.046
457.0,467.0,0.024,2.665,0.06,-1.298,-0.054,-0.045,-0.045,0.145,-0.05,0.008,-0.097,-0.004,0.084,-0.66,-0.211,-0.059,-0.052,-0.047
457.0,468.0,0.024,2.665,0.06,-1.298,-0.054,-0.045,-0.045,0.145,-0.05,0.008,-0.097,-0.005,0.084,-0.66,-0.211,-0.059,-0.052,-0.047
457.0,469.0,0.024,2.665,0.06,-1.298,-0.054,-0.045,-0.045,0.145,-0.05,0.007,-0.097,-0.005,0.084,-0.66,-0.211,-0.059,-0.052,-0.047
458.0,459.0,0.034,2.127,0.107,-0.878,3.275,-0.461,-0.152,-0.009,-0.05,0.001,-0.081,-0.001,0.104,-2.878,-1.108,-0.055,-0.054,-0.046
458.0,460.0,0.033,2.127,0.107,-0.878,3.275,-0.461,-0.152,-0.009,-0.05,0.001,-0.081,-0.001,0.104,-2.878,-1.108,-0.055,-0.054,-0.046
458.0,461.0,0.033,2.127,0.107,-0.878,3.275,-0.461,-0.152,-0.009,-0.05,0.001,-0.081,-0.001,0.104,-2.878,-1.108,-0.055,-0.054,-0.046
458.0,462.0,0.033,2.127,0.107,-0.878,3.275,-0.461,-0.152,-0.01,-0.05,0.001,-0.081,-0.001,0.104,-2.878,-1.108,-0.055,-0.054,-0.046
458.0,463.0,0.033,2.127,0.107,-0.878,3.275,-0.461,-0.152,-0.01,-0.05,0.001,-0.081,-0.001,0.104,-2.878,-1.108,-0.055,-0.054,-0.046
458.0,464.0,0.033,2.127,0.107,-0.878,3.275,-0.461,-0.152,-0.01,-0.05,0.001,-0.081,-0.001,0.104,-2.878,-1.108,-0.055,-0.054,-0.046
458.0,465.0,0.033,2.127,0.108,-0.878,3.275,-0.461,-0.152,-0.01,-0.05,0.001,-0.081,-0.001,0.104,-2.878,-1.108,-0.055,-0.054,-0.046
458.0,466.0,0.033,2.127,0.108,-0.878,3.275,-0.461,-0.152,-0.011,-0.05,0.001,-0.081,-0.001,0.104,-2.878,-1.108,-0.055,-0.054,-0.046
458.0,467.0,0.033,2.127,0.108,-0.878,3.275,-0.461,-0.151,-0.011,-0.05,0.001,-0.081,-0.001,0.104,-2.878,-1.108,-0.055,-0.054,-0.046
458.0,468.0,0.032,2.127,0.108,-0.878,3.276,-0.461,-0.151,-0.011,-0.05,0.001,-0.081,-0.001,0.104,-2.878,-1.108,-0.055,-0.054,-0.046
458.0,469.0,0.032,2.127,0.108,-0.878,3.276,-0.461,-0.151,-0.011,-0.05,0.001,-0.081,-0.001,0.104,-2.878,-1.108,-0.054,-0.054,-0.046
458.0,470.0,0.032,2.127,0.108,-0.878,3.276,-0.461,-0.151,-0.012,-0.05,0.001,-0.081,-0.001,0.104,-2.878,-1.108,-0.054,-0.054,-0.046
459.0,460.0,0.022,0.534,0.07,-0.803,1.671,-0.009,-0.068,0.053,-0.027,-0.004,-0.115,-0.002,0.427,-1.3,-1.011,-0.05,-0.052,-0.046
459.0,461.0,0.022,0.534,0.07,-0.803,1.671,-0.009,-0.068,0.053,-0.027,-0.004,-0.115,-0.002,0.427,-1.3,-1.011,-0.05,-0.052,-0.047
459.0,462.0,0.022,0.534,0.07,-0.803,1.671,-0.009,-0.068,0.053,-0.027,-0.004,-0.114,-0.002,0.427,-1.3,-1.011,-0.05,-0.052,-0.047
459.0,463.0,0.022,0.534,0.07,-0.803,1.671,-0.009,-0.068,0.053,-0.027,-0.005,-0.114,-0.003,0.426,-1.3,-1.011,-0.05,-0.052,-0.047
459.0,464.0,0.022,0.534,0.07,-0.803,1.671,-0.009,-0.068,0.053,-0.027,-0.005,-0.114,-0.003,0.426,-1.301,-1.011,-0.05,-0.052,-0.047
459.0,465.0,0.022,0.534,0.07,-0.803,1.671,-0.009,-0.068,0.053,-0.027,-0.005,-0.113,-0.003,0.426,-1.301,-1.01,-0.05,-0.052,-0.047
459.0,466.0,0.022,0.534,0.07,-0.803,1.671,-0.009,-0.068,0.053,-0.027,-0.005,-0.113,-0.004,0.426,-1.301,-1.01,-0.05,-0.052,-0.047
459.0,467.0,0.022,0.534,0.07,-0.803,1.671,-0.009,-0.068,0.053,-0.027,-0.005,-0.113,-0.004,0.426,-1.301,-1.01,-0.05,-0.052,-0.047
459.0,468.0,0.022,0.534,0.07,-0.803,1.671,-0.009,-0.068,0.053,-0.027,-0.005,-0.113,-0.004,0.426,-1.301,-1.01,-0.05,-0.052,-0.048
459.0,469.0,0.022,0.534,0.07,-0.803,1.671,-0.009,-0.068,0.053,-0.027,-0.005,-0.112,-0.005,0.425,-1.301,-1.01,-0.05,-0.052,-0.048
459.0,470.0,0.022,0.534,0.07,-0.803,1.671,-0.009,-0.068,0.053,-0.027,-0.005,-0.112,-0.005,0.425,-1.301,-1.01,-0.049,-0.052,-0.048
459.0,471.0,0.022,0.534,0.07,-0.803,1.671,-0.009,-0.068,0.053,-0.027,-0.005,-0.112,-0.005,0.425,-1.301,-1.01,-0.049,-0.051,-0.048
460.0,461.0,0.037,2.509,0.07,-1.227,-0.061,-0.073,-0.057,0.122,-0.041,-0.002,-0.136,-0.001,0.088,-0.616,-0.35,-0.05,-0.053,-0.047
460.0,462.0,0.037,2.509,0.07,-1.227,-0.061,-0.073,-0.057,0.122,-0.041,-0.002,-0.135,-0.002,0.088,-0.616,-0.35,-0.05,-0.053,-0.047
460.0,463.0,0.036,2.509,0.07,-1.227,-0.061,-0.074,-0.057,0.122,-0.041,-0.003,-0.135,-0.003,0.087,-0.616,-0.35,-0.05,-0.053,-0.047
460.0,464.0,0.036,2.509,0.07,-1.227,-0.06,-0.074,-0.057,0.122,-0.041,-0.003,-0.134,-0.003,0.087,-0.617,-0.35,-0.05,-0.052,-0.048
460.0,465.0,0.036,2.509,0.07,-1.227,-0.06,-0.074,-0.057,0.121,-0.041,-0.003,-0.133,-0.004,0.087,-0.617,-0.35,-0.051,-0.052,-0.048
460.0,466.0,0.036,2.509,0.07,-1.227,-0.06,-0.074,-0.057,0.121,-0.041,-0.003,-0.133,-0.004,0.086,-0.617,-0.35,-0.051,-0.052,-0.048
460.0,467.0,0.036,2.509,0.07,-1.227,-0.06,-0.074,-0.057,0.121,-0.041,-0.003,-0.132,-0.005,0.086,-0.617,-0.35,-0.051,-0.052,-0.048
460.0,468.0,0.036,2.509,0.071,-1.227,-0.06,-0.074,-0.057,0.121,-0.041,-0.004,-0.132,-0.005,0.086,-0.617,-0.35,-0.051,-0.052,-0.048
460.0,469.0,0.036,2.509,0.071,-1.227,-0.06,-0.074,-0.057,0.121,-0.041,-0.004,-0.131,-0.006,0.085,-0.617,-0.35,-0.051,-0.052,-0.048
460.0,470.0,0.036,2.51,0.071,-1.227,-0.06,-0.074,-0.057,0.121,-0.041,-0.004,-0.131,-0.006,0.085,-0.617,-0.35,-0.051,-0.052,-0.048
460.0,471.0,0.036,2.51,0.071,-1.227,-0.06,-0.074,-0.057,0.121,-0.041,-0.004,-0.13,-0.007,0.085,-0.617,-0.349,-0.051,-0.052,-0.048
460.0,472.0,0.036,2.51,0.071,-1.227,-0.06,-0.074,-0.057,0.121,-0.042,-0.004,-0.13,-0.007,0.085,-0.617,-0.349,-0.051,-0.052,-0.049
461.0,462.0,0.035,2.667,0.067,-1.242,-0.068,-0.06,-0.049,0.161,-0.046,0.007,-0.113,-0.005,-0.043,-0.979,-0.28,-0.058,-0.051,-0.047
461.0,463.0,0.034,2.667,0.067,-1.242,-0.068,-0.06,-0.049,0.161,-0.046,0.007,-0.113,-0.005,-0.043,-0.979,-0.28,-0.058,-0.051,-0.047
461.0,464.0,0.034,2.667,0.067,-1.242,-0.068,-0.06,-0.049,0.161,-0.046,0.007,-0.113,-0.005,-0.043,-0.979,-0.28,-0.057,-0.051,-0.047
461.0,465.0,0.034,2.668,0.067,-1.242,-0.067,-0.06,-0.049,0.161,-0.046,0.007,-0.113,-0.005,-0.043,-0.979,-0.28,-0.057,-0.051,-0.047
461.0,466.0,0.034,2.668,0.067,-1.242,-0.067,-0.06,-0.049,0.161,-0.046,0.007,-0.113,-0.005,-0.043,-0.979,-0.28,-0.057,-0.051,-0.047
461.0,467.0,0.034,2.668,0.067,-1.242,-0.067,-0.06,-0.049,0.161,-0.046,0.007,-0.113,-0.005,-0.043,-0.979,-0.28,-0.057,-0.051,-0.047
461.0,468.0,0.034,2.668,0.067,-1.242,-0.067,-0.06,-0.049,0.161,-0.046,0.007,-0.113,-0.005,-0.044,-0.979,-0.28,-0.057,-0.051,-0.047
461.0,469.0,0.034,2.668,0.067,-1.242,-0.067,-0.061,-0.049,0.161,-0.046,0.007,-0.113,-0.005,-0.044,-0.979,-0.28,-0.057,-0.051,-0.047
461.0,470.0,0.034,2.668,0.067,-1.242,-0.067,-0.061,-0.049,0.161,-0.046,0.007,-0.113,-0.005,-0.044,-0.979,-0.28,-0.057,-0.051,-0.047
461.0,471.0,0.034,2.668,0.067,-1.242,-0.067,-0.061,-0.049,0.161,-0.046,0.006,-0.113,-0.005,-0.044,-0.979,-0.28,-0.057,-0.051,-0.047
461.0,472.0,0.033,2.668,0.067,-1.242,-0.067,-0.061,-0.049,0.161,-0.046,0.006,-0.113,-0.005,-0.044,-0.979,-0.28,-0.056,-0.051,-0.047
461.0,473.0,0.033,2.668,0.067,-1.242,-0.067,-0.061,-0.049,0.161,-0.046,0.006,-0.112,-0.005,-0.044,-0.979,-0.279,-0.056,-0.051,-0.047
462.0,463.0,0.039,2.605,0.069,-1.239,-0.073,-0.066,-0.055,0.165,-0.045,-0.001,-0.132,-0.001,-0.823,-1.057,-0.044,-0.044,-0.052,-0.048
462.0,464.0,0.038,2.606,0.069,-1.239,-0.073,-0.066,-0.055,0.165,-0.046,-0.001,-0.132,-0.001,-0.823,-1.057,-0.045,-0.044,-0.052,-0.048
462.0,465.0,0.038,2.606,0.069,-1.239,-0.073,-0.066,-0.055,0.165,-0.046,-0.002,-0.131,-0.002,-0.823,-1.057,-0.045,-0.044,-0.052,-0.049
462.0,466.0,0.038,2.606,0.069,-1.239,-0.073,-0.066,-0.055,0.165,-0.046,-0.002,-0.131,-0.002,-0.823,-1.058,-0.045,-0.044,-0.052,-0.049
462.0,467.0,0.038,2.606,0.069,-1.239,-0.072,-0.066,-0.055,0.164,-0.046,-0.003,-0.13,-0.002,-0.823,-1.058,-0.045,-0.044,-0.052,-0.049
462.0,468.0,0.038,2.606,0.069,-1.239,-0.072,-0.066,-0.054,0.164,-0.046,-0.003,-0.13,-0.002,-0.823,-1.058,-0.046,-0.044,-0.052,-0.049
462.0,469.0,0.038,2.606,0.069,-1.239,-0.072,-0.066,-0.054,0.164,-0.046,-0.004,-0.129,-0.002,-0.823,-1.058,-0.046,-0.045,-0.052,-0.049
462.0,470.0,0.038,2.606,0.069,-1.239,-0.072,-0.066,-0.054,0.164,-0.046,-0.004,-0.129,-0.003,-0.823,-1.058,-0.046,-0.045,-0.052,-0.049
462.0,471.0,0.037,2.606,0.07,-1.239,-0.072,-0.066,-0.054,0.164,-0.046,-0.004,-0.128,-0.003,-0.823,-1.058,-0.046,-0.045,-0.052,-0.049
462.0,472.0,0.037,2.606,0.07,-1.239,-0.072,-0.066,-0.054,0.164,-0.047,-0.005,-0.128,-0.003,-0.823,-1.058,-0.046,-0.045,-0.052,-0.049
462.0,473.0,0.037,2.607,0.07,-1.239,-0.072,-0.066,-0.054,0.164,-0.047,-0.005,-0.127,-0.003,-0.823,-1.058,-0.047,-0.045,-0.051,-0.049
462.0,474.0,0.037,2.607,0.07,-1.239,-0.072,-0.067,-0.054,0.164,-0.047,-0.005,-0.127,-0.003,-0.822,-1.058,-0.047,-0.045,-0.051,-0.049
463.0,464.0,0.041,2.724,0.068,-1.341,-0.079,-0.03,-0.046,0.18,-0.037,-0.003,-0.146,-0.001,-0.048,-0.395,-0.067,-0.048,-0.053,-0.048
463.0,465.0,0.041,2.724,0.068,-1.341,-0.079,-0.03,-0.046,0.18,-0.037,-0.003,-0.146,-0.001,-0.048,-0.395,-0.068,-0.048,-0.053,-0.049
463.0,466.0,0.041,2.724,0.068,-1.341,-0.078,-0.03,-0.046,0.18,-0.037,-0.004,-0.145,-0.002,-0.048,-0.395,-0.068,-0.049,-0.052,-0.049
463.0,467.0,0.04,2.724,0.068,-1.341,-0.078,-0.03,-0.045,0.18,-0.037,-0.005,-0.144,-0.002,-0.048,-0.395,-0.068,-0.049,-0.052,-0.049
463.0,468.0,0.04,2.724,0.068,-1.341,-0.078,-0.03,-0.045,0.18,-0.037,-0.005,-0.144,-0.002,-0.048,-0.395,-0.068,-0.049,-0.052,-0.049
463.0,469.0,0.04,2.724,0.068,-1.341,-0.078,-0.03,-0.045,0.18,-0.037,-0.006,-0.143,-0.002,-0.048,-0.395,-0.069,-0.049,-0.052,-0.049
463.0,470.0,0.04,2.725,0.068,-1.341,-0.078,-0.031,-0.045,0.18,-0.037,-0.006,-0.142,-0.002,-0.048,-0.395,-0.069,-0.049,-0.052,-0.049
463.0,471.0,0.04,2.725,0.068,-1.341,-0.078,-0.031,-0.045,0.18,-0.037,-0.007,-0.142,-0.003,-0.048,-0.395,-0.069,-0.049,-0.052,-0.049
463.0,472.0,0.04,2.725,0.068,-1.341,-0.078,-0.031,-0.045,0.179,-0.038,-0.007,-0.141,-0.003,-0.048,-0.395,-0.069,-0.049,-0.052,-0.049
463.0,473.0,0.04,2.725,0.068,-1.341,-0.078,-0.031,-0.045,0.179,-0.038,-0.008,-0.141,-0.003,-0.048,-0.395,-0.07,-0.049,-0.052,-0.049
463.0,474.0,0.04,2.725,0.068,-1.341,-0.078,-0.031,-0.045,0.179,-0.038,-0.008,-0.141,-0.003,-0.048,-0.395,-0.07,-0.049,-0.052,-0.049
463.0,475.0,0.04,2.725,0.068,-1.341,-0.078,-0.031,-0.045,0.179,-0.038,-0.009,-0.14,-0.003,-0.048,-0.395,-0.07,-0.05,-0.052,-0.049
464.0,465.0,0.039,2.927,0.068,-1.433,-0.076,-0.048,-0.048,0.306,-0.049,-0.006,-0.125,0.008,-0.096,-0.679,-0.017,-0.046,-0.053,-0.056
464.0,466.0,0.039,2.927,0.068,-1.433,-0.076,-0.048,-0.048,0.306,-0.049,-0.007,-0.125,0.008,-0.096,-0.679,-0.017,-0.046,-0.053,-0.056
464.0,467.0,0.039,2.927,0.068,-1.434,-0.076,-0.048,-0.048,0.306,-0.049,-0.007,-0.125,0.007,-0.096,-0.679,-0.017,-0.046,-0.053,-0.055
464.0,468.0,0.039,2.927,0.068,-1.434,-0.076,-0.048,-0.048,0.306,-0.049,-0.007,-0.125,0.007,-0.096,-0.679,-0.017,-0.046,-0.053,-0.055
464.0,469.0,0.039,2.927,0.068,-1.434,-0.076,-0.048,-0.048,0.306,-0.049,-0.007,-0.125,0.007,-0.096,-0.679,-0.017,-0.046,-0.053,-0.055
464.0,470.0,0.039,2.927,0.068,-1.434,-0.076,-0.048,-0.048,0.306,-0.049,-0.007,-0.124,0.007,-0.096,-0.679,-0.018,-0.046,-0.052,-0.055
464.0,471.0,0.039,2.927,0.068,-1.434,-0.076,-0.048,-0.047,0.306,-0.049,-0.007,-0.124,0.007,-0.096,-0.679,-0.018,-0.047,-0.052,-0.055
464.0,472.0,0.038,2.927,0.068,-1.434,-0.076,-0.048,-0.047,0.306,-0.049,-0.007,-0.124,0.007,-0.096,-0.679,-0.018,-0.047,-0.052,-0.055
464.0,473.0,0.038,2.928,0.068,-1.434,-0.075,-0.048,-0.047,0.306,-0.049,-0.007,-0.124,0.007,-0.096,-0.679,-0.018,-0.047,-0.052,-0.054
464.0,474.0,0.038,2.928,0.068,-1.434,-0.075,-0.048,-0.047,0.306,-0.049,-0.008,-0.124,0.007,-0.096,-0.679,-0.018,-0.047,-0.052,-0.054
464.0,475.0,0.038,2.928,0.068,-1.434,-0.075,-0.048,-0.047,0.306,-0.049,-0.008,-0.124,0.006,-0.096,-0.679,-0.018,-0.047,-0.052,-0.054
464.0,476.0,0.038,2.928,0.068,-1.434,-0.075,-0.048,-0.047,0.306,-0.049,-0.008,-0.124,0.006,-0.096,-0.679,-0.018,-0.047,-0.052,-0.054
465.0,466.0,0.04,2.587,0.07,-1.27,-0.064,-0.047,-0.057,0.156,-0.044,-0.001,-0.143,-0.002,-0.435,-0.689,0.037,-0.048,-0.052,-0.048
465.0,467.0,0.039,2.587,0.07,-1.27,-0.064,-0.047,-0.057,0.155,-0.044,-0.002,-0.143,-0.002,-0.435,-0.689,0.036,-0.049,-0.051,-0.048
465.0,468.0,0.039,2.587,0.07,-1.27,-0.063,-0.047,-0.057,0.155,-0.045,-0.003,-0.142,-0.002,-0.434,-0.689,0.036,-0.049,-0.051,-0.049
465.0,469.0,0.039,2.588,0.07,-1.27,-0.063,-0.048,-0.057,0.155,-0.045,-0.003,-0.141,-0.002,-0.434,-0.689,0.035,-0.049,-0.051,-0.049
465.0,470.0,0.039,2.588,0.071,-1.27,-0.063,-0.048,-0.057,0.155,-0.045,-0.004,-0.141,-0.003,-0.434,-0.689,0.035,-0.049,-0.051,-0.049
465.0,471.0,0.039,2.588,0.071,-1.27,-0.063,-0.048,-0.057,0.155,-0.045,-0.005,-0.14,-0.003,-0.434,-0.689,0.035,-0.049,-0.051,-0.049
465.0,472.0,0.038,2.588,0.071,-1.27,-0.063,-0.048,-0.057,0.155,-0.045,-0.005,-0.14,-0.003,-0.434,-0.689,0.034,-0.049,-0.051,-0.049
465.0,473.0,0.038,2.588,0.071,-1.27,-0.063,-0.048,-0.057,0.155,-0.045,-0.006,-0.14,-0.003,-0.434,-0.689,0.034,-0.049,-0.051,-0.049
465.0,474.0,0.038,2.588,0.071,-1.27,-0.063,-0.048,-0.056,0.154,-0.045,-0.006,-0.139,-0.003,-0.434,-0.689,0.034,-0.049,-0.051,-0.049
465.0,475.0,0.038,2.588,0.071,-1.27,-0.062,-0.048,-0.056,0.154,-0.045,-0.006,-0.139,-0.004,-0.434,-0.689,0.033,-0.049,-0.051,-0.049
465.0,476.0,0.038,2.589,0.071,-1.27,-0.062,-0.048,-0.056,0.154,-0.046,-0.007,-0.138,-0.004,-0.434,-0.689,0.033,-0.049,-0.051,-0.049
465.0,477.0,0.038,2.589,0.072,-1.27,-0.062,-0.048,-0.056,0.154,-0.046,-0.007,-0.138,-0.004,-0.434,-0.689,0.033,-0.049,-0.05,-0.049
466.0,467.0,0.036,2.571,0.068,-1.235,-0.085,-0.075,-0.047,0.125,-0.043,-0.006,-0.12,0.007,-0.197,-0.846,-0.052,-0.044,-0.051,-0.056
466.0,468.0,0.036,2.571,0.068,-1.235,-0.085,-0.075,-0.047,0.125,-0.043,-0.006,-0.12,0.007,-0.197,-0.846,-0.052,-0.044,-0.051,-0.055
466.0,469.0,0.036,2.571,0.068,-1.235,-0.085,-0.075,-0.047,0.125,-0.043,-0.006,-0.12,0.007,-0.197,-0.846,-0.052,-0.044,-0.051,-0.055
466.0,470.0,0.035,2.571,0.068,-1.235,-0.085,-0.075,-0.046,0.125,-0.043,-0.006,-0.12,0.007,-0.197,-0.846,-0.053,-0.045,-0.051,-0.055
466.0,471.0,0.035,2.571,0.068,-1.235,-0.085,-0.075,-0.046,0.125,-0.043,-0.006,-0.12,0.007,-0.197,-0.846,-0.053,-0.045,-0.051,-0.055
466.0,472.0,0.035,2.571,0.068,-1.236,-0.085,-0.075,-0.046,0.125,-0.043,-0.006,-0.12,0.006,-0.197,-0.846,-0.053,-0.045,-0.051,-0.055
466.0,473.0,0.035,2.572,0.069,-1.236,-0.085,-0.075,-0.046,0.125,-0.043,-0.006,-0.119,0.006,-0.197,-0.846,-0.053,-0.045,-0.051,-0.055
466.0,474.0,0.035,2.572,0.069,-1.236,-0.085,-0.075,-0.046,0.125,-0.043,-0.006,-0.119,0.006,-0.197,-0.846,-0.053,-0.045,-0.051,-0.055
466.0,475.0,0.034,2.572,0.069,-1.236,-0.085,-0.075,-0.046,0.124,-0.043,-0.006,-0.119,0.006,-0.197,-0.846,-0.053,-0.045,-0.051,-0.054
466.0,476.0,0.034,2.572,0.069,-1.236,-0.085,-0.075,-0.046,0.124,-0.043,-0.006,-0.119,0.006,-0.197,-0.846,-0.053,-0.045,-0.051,-0.054
466.0,477.0,0.034,2.572,0.069,-1.236,-0.084,-0.075,-0.046,0.124,-0.043,-0.007,-0.119,0.006,-0.197,-0.846,-0.053,-0.045,-0.051,-0.054
466.0,478.0,0.034,2.572,0.069,-1.236,-0.084,-0.075,-0.046,0.124,-0.043,-0.007,-0.119,0.006,-0.197,-0.846,-0.054,-0.045,-0.051,-0.054
467.0,468.0,0.039,2.599,0.065,-1.284,-0.183,-0.196,-0.058,0.144,-0.032,-0.003,-0.101,0.001,-0.053,-1.111,-0.024,-0.048,-0.055,-0.05
467.0,469.0,0.039,2.6,0.065,-1.284,-0.183,-0.196,-0.057,0.143,-0.032,-0.003,-0.101,0.001,-0.053,-1.111,-0.024,-0.048,-0.055,-0.05
467.0,470.0,0.039,2.6,0.065,-1.284,-0.183,-0.196,-0.057,0.143,-0.032,-0.004,-0.101,0.001,-0.054,-1.111,-0.024,-0.048,-0.055,-0.05
467.0,471.0,0.038,2.6,0.065,-1.284,-0.183,-0.196,-0.057,0.143,-0.032,-0.004,-0.101,0.001,-0.054,-1.111,-0.024,-0.048,-0.055,-0.05
467.0,472.0,0.038,2.6,0.065,-1.284,-0.183,-0.196,-0.057,0.143,-0.032,-0.004,-0.101,0.001,-0.054,-1.111,-0.024,-0.049,-0.054,-0.05
467.0,473.0,0.038,2.6,0.065,-1.284,-0.183,-0.196,-0.057,0.143,-0.032,-0.004,-0.101,0.001,-0.054,-1.111,-0.024,-0.049,-0.054,-0.05
467.0,474.0,0.038,2.6,0.065,-1.284,-0.183,-0.196,-0.057,0.143,-0.033,-0.004,-0.1,0.001,-0.054,-1.111,-0.024,-0.049,-0.054,-0.05
467.0,475.0,0.038,2.6,0.065,-1.284,-0.182,-0.196,-0.057,0.143,-0.033,-0.004,-0.1,0.001,-0.054,-1.111,-0.024,-0.049,-0.054,-0.05
467.0,476.0,0.038,2.601,0.065,-1.284,-0.182,-0.196,-0.057,0.143,-0.033,-0.004,-0.1,0.001,-0.054,-1.111,-0.024,-0.049,-0.054,-0.05
467.0,477.0,0.038,2.601,0.065,-1.284,-0.182,-0.196,-0.057,0.142,-0.033,-0.004,-0.1,0.001,-0.054,-1.111,-0.024,-0.049,-0.054,-0.05
467.0,478.0,0.038,2.601,0.065,-1.284,-0.182,-0.196,-0.057,0.142,-0.033,-0.004,-0.1,0.001,-0.054,-1.111,-0.024,-0.049,-0.054,-0.05
467.0,479.0,0.038,2.601,0.065,-1.284,-0.182,-0.196,-0.056,0.142,-0.033,-0.004,-0.1,0.001,-0.054,-1.112,-0.024,-0.049,-0.054,-0.05
468.0,469.0,0.04,2.428,0.064,-1.219,-0.059,-0.059,-0.058,0.122,-0.041,-0.002,-0.129,-0.002,-0.036,-0.975,-0.77,-0.05,-0.052,-0.048
468.0,470.0,0.04,2.428,0.064,-1.219,-0.059,-0.059,-0.058,0.122,-0.041,-0.002,-0.128,-0.003,-0.036,-0.975,-0.77,-0.051,-0.052,-0.048
468.0,471.0,0.04,2.428,0.064,-1.219,-0.059,-0.059,-0.058,0.122,-0.042,-0.002,-0.128,-0.003,-0.036,-0.975,-0.77,-0.051,-0.052,-0.048
468.0,472.0,0.039,2.428,0.064,-1.219,-0.058,-0.059,-0.057,0.122,-0.042,-0.003,-0.127,-0.004,-0.036,-0.975,-0.769,-0.051,-0.052,-0.049
468.0,473.0,0.039,2.428,0.064,-1.219,-0.058,-0.059,-0.057,0.122,-0.042,-0.003,-0.127,-0.004,-0.037,-0.975,-0.769,-0.051,-0.052,-0.049
468.0,474.0,0.039,2.428,0.064,-1.219,-0.058,-0.059,-0.057,0.122,-0.042,-0.003,-0.126,-0.005,-0.037,-0.975,-0.769,-0.051,-0.052,-0.049
468.0,475.0,0.039,2.429,0.065,-1.219,-0.058,-0.059,-0.057,0.122,-0.042,-0.003,-0.126,-0.005,-0.037,-0.975,-0.769,-0.051,-0.051,-0.049
468.0,476.0,0.039,2.429,0.065,-1.219,-0.058,-0.06,-0.057,0.121,-0.042,-0.003,-0.126,-0.005,-0.037,-0.976,-0.769,-0.051,-0.051,-0.049
468.0,477.0,0.038,2.429,0.065,-1.219,-0.058,-0.06,-0.057,0.121,-0.042,-0.003,-0.125,-0.006,-0.037,-0.976,-0.769,-0.051,-0.051,-0.049
468.0,478.0,0.038,2.429,0.065,-1.219,-0.058,-0.06,-0.057,0.121,-0.043,-0.003,-0.125,-0.006,-0.038,-0.976,-0.769,-0.051,-0.051,-0.049
468.0,479.0,0.038,2.429,0.065,-1.219,-0.058,-0.06,-0.057,0.121,-0.043,-0.004,-0.125,-0.006,-0.038,-0.976,-0.769,-0.051,-0.051,-0.049
468.0,480.0,0.038,2.429,0.065,-1.219,-0.058,-0.06,-0.057,0.121,-0.043,-0.004,-0.124,-0.007,-0.038,-0.976,-0.769,-0.051,-0.051,-0.049
469.0,470.0,0.04,2.506,0.071,-1.155,-0.151,-0.048,-0.053,0.107,-0.028,-0.003,-0.138,-0.002,-0.635,-0.853,-0.08,-0.046,-0.056,-0.05
469.0,471.0,0.04,2.506,0.071,-1.155,-0.151,-0.048,-0.053,0.107,-0.028,-0.004,-0.138,-0.002,-0.635,-0.853,-0.08,-0.047,-0.056,-0.05
469.0,472.0,0.04,2.506,0.071,-1.155,-0.151,-0.048,-0.053,0.107,-0.028,-0.004,-0.137,-0.002,-0.635,-0.853,-0.08,-0.047,-0.056,-0.05
469.0,473.0,0.04,2.506,0.071,-1.155,-0.151,-0.048,-0.053,0.107,-0.028,-0.005,-0.137,-0.003,-0.634,-0.853,-0.08,-0.047,-0.055,-0.05
469.0,474.0,0.04,2.506,0.071,-1.155,-0.151,-0.048,-0.053,0.107,-0.028,-0.005,-0.137,-0.003,-0.634,-0.853,-0.08,-0.047,-0.055,-0.05
469.0,475.0,0.04,2.506,0.071,-1.155,-0.151,-0.048,-0.053,0.107,-0.028,-0.005,-0.136,-0.003,-0.634,-0.853,-0.081,-0.047,-0.055,-0.05
469.0,476.0,0.04,2.506,0.071,-1.155,-0.151,-0.048,-0.053,0.107,-0.028,-0.006,-0.136,-0.003,-0.634,-0.853,-0.081,-0.047,-0.055,-0.05
469.0,477.0,0.04,2.506,0.071,-1.155,-0.151,-0.048,-0.053,0.107,-0.028,-0.006,-0.136,-0.003,-0.634,-0.853,-0.081,-0.047,-0.055,-0.05
469.0,478.0,0.04,2.506,0.071,-1.155,-0.151,-0.048,-0.053,0.107,-0.028,-0.006,-0.135,-0.003,-0.634,-0.853,-0.081,-0.047,-0.055,-0.05
469.0,479.0,0.04,2.506,0.071,-1.155,-0.151,-0.048,-0.053,0.107,-0.028,-0.007,-0.135,-0.003,-0.634,-0.853,-0.081,-0.047,-0.055,-0.05
469.0,480.0,0.04,2.506,0.071,-1.155,-0.151,-0.048,-0.053,0.107,-0.028,-0.007,-0.135,-0.003,-0.634,-0.853,-0.081,-0.047,-0.055,-0.05
469.0,481.0,0.04,2.506,0.071,-1.155,-0.151,-0.048,-0.053,0.107,-0.028,-0.007,-0.135,-0.004,-0.634,-0.853,-0.082,-0.047,-0.055,-0.05
470.0,471.0,0.043,2.65,0.07,-1.316,-0.01,-0.118,-0.051,0.203,-0.042,0.006,-0.117,-0.005,-0.087,-1.135,-0.243,-0.056,-0.054,-0.046
470.0,472.0,0.043,2.65,0.07,-1.316,-0.009,-0.118,-0.051,0.203,-0.043,0.005,-0.117,-0.005,-0.087,-1.135,-0.243,-0.056,-0.054,-0.046
470.0,473.0,0.043,2.65,0.071,-1.316,-0.009,-0.118,-0.051,0.203,-0.043,0.005,-0.117,-0.005,-0.087,-1.135,-0.243,-0.056,-0.054,-0.046
470.0,474.0,0.043,2.651,0.071,-1.316,-0.009,-0.118,-0.051,0.202,-0.043,0.005,-0.117,-0.005,-0.087,-1.135,-0.243,-0.056,-0.054,-0.046
470.0,475.0,0.043,2.651,0.071,-1.316,-0.009,-0.118,-0.051,0.202,-0.043,0.005,-0.117,-0.005,-0.088,-1.135,-0.243,-0.056,-0.054,-0.046
470.0,476.0,0.043,2.651,0.071,-1.316,-0.009,-0.118,-0.051,0.202,-0.043,0.005,-0.116,-0.005,-0.088,-1.135,-0.243,-0.056,-0.054,-0.046
470.0,477.0,0.043,2.651,0.071,-1.316,-0.009,-0.118,-0.051,0.202,-0.043,0.005,-0.116,-0.005,-0.088,-1.135,-0.243,-0.056,-0.054,-0.046
470.0,478.0,0.043,2.651,0.071,-1.316,-0.009,-0.118,-0.051,0.202,-0.043,0.005,-0.116,-0.005,-0.088,-1.135,-0.243,-0.056,-0.054,-0.046
470.0,479.0,0.043,2.651,0.071,-1.317,-0.008,-0.118,-0.051,0.202,-0.043,0.005,-0.116,-0.005,-0.088,-1.135,-0.243,-0.056,-0.054,-0.047
470.0,480.0,0.043,2.651,0.071,-1.317,-0.008,-0.118,-0.051,0.202,-0.043,0.005,-0.116,-0.005,-0.088,-1.135,-0.243,-0.056,-0.054,-0.047
470.0,481.0,0.043,2.652,0.071,-1.317,-0.008,-0.118,-0.051,0.202,-0.043,0.005,-0.116,-0.005,-0.088,-1.135,-0.243,-0.055,-0.054,-0.047
470.0,482.0,0.043,2.652,0.071,-1.317,-0.008,-0.118,-0.051,0.201,-0.043,0.005,-0.116,-0.005,-0.088,-1.135,-0.243,-0.055,-0.054,-0.047
471.0,472.0,0.041,2.627,0.064,-1.226,-0.06,-0.113,-0.058,0.18,-0.044,0.007,-0.123,-0.006,-0.087,-0.702,-0.064,-0.051,-0.053,-0.046
471.0,473.0,0.041,2.627,0.065,-1.227,-0.06,-0.113,-0.058,0.18,-0.044,0.007,-0.123,-0.006,-0.087,-0.702,-0.064,-0.051,-0.053,-0.046
471.0,474.0,0.041,2.627,0.065,-1.227,-0.06,-0.113,-0.058,0.18,-0.044,0.007,-0.123,-0.006,-0.088,-0.702,-0.064,-0.051,-0.053,-0.046
471.0,475.0,0.04,2.627,0.065,-1.227,-0.06,-0.113,-0.058,0.18,-0.045,0.007,-0.123,-0.006,-0.088,-0.702,-0.064,-0.051,-0.053,-0.046
471.0,476.0,0.04,2.627,0.065,-1.227,-0.06,-0.113,-0.058,0.18,-0.045,0.007,-0.123,-0.007,-0.088,-0.702,-0.064,-0.051,-0.053,-0.046
471.0,477.0,0.04,2.627,0.065,-1.227,-0.059,-0.113,-0.058,0.18,-0.045,0.006,-0.123,-0.007,-0.088,-0.702,-0.064,-0.051,-0.053,-0.046
471.0,478.0,0.04,2.628,0.065,-1.227,-0.059,-0.113,-0.058,0.179,-0.045,0.006,-0.123,-0.007,-0.088,-0.702,-0.064,-0.051,-0.053,-0.046
471.0,479.0,0.039,2.628,0.065,-1.227,-0.059,-0.113,-0.057,0.179,-0.045,0.006,-0.123,-0.007,-0.088,-0.702,-0.064,-0.05,-0.053,-0.046
471.0,480.0,0.039,2.628,0.066,-1.227,-0.059,-0.113,-0.057,0.179,-0.045,0.006,-0.123,-0.007,-0.089,-0.702,-0.064,-0.05,-0.052,-0.046
471.0,481.0,0.039,2.628,0.066,-1.227,-0.059,-0.114,-0.057,0.179,-0.045,0.006,-0.122,-0.007,-0.089,-0.702,-0.064,-0.05,-0.052,-0.046
471.0,482.0,0.039,2.628,0.066,-1.227,-0.059,-0.114,-0.057,0.179,-0.045,0.006,-0.122,-0.007,-0.089,-0.702,-0.064,-0.05,-0.052,-0.046
471.0,483.0,0.039,2.628,0.066,-1.228,-0.059,-0.114,-0.057,0.179,-0.045,0.006,-0.122,-0.007,-0.089,-0.702,-0.064,-0.05,-0.052,-0.046
472.0,473.0,0.042,2.703,0.07,-1.21,-0.101,-0.032,-0.055,0.18,-0.032,-0.002,-0.145,-0.004,-0.05,-0.628,-0.368,-0.051,-0.052,-0.048
472.0,474.0,0.042,2.703,0.07,-1.209,-0.101,-0.032,-0.055,0.18,-0.032,-0.002,-0.145,-0.004,-0.051,-0.628,-0.368,-0.051,-0.052,-0.048
472.0,475.0,0.042,2.703,0.07,-1.209,-0.101,-0.032,-0.055,0.18,-0.032,-0.002,-0.144,-0.005,-0.051,-0.628,-0.368,-0.051,-0.052,-0.048
472.0,476.0,0.042,2.703,0.07,-1.209,-0.101,-0.032,-0.055,0.18,-0.032,-0.003,-0.144,-0.005,-0.051,-0.628,-0.368,-0.051,-0.051,-0.048
472.0,477.0,0.042,2.703,0.07,-1.209,-0.101,-0.033,-0.055,0.18,-0.032,-0.003,-0.144,-0.006,-0.051,-0.628,-0.367,-0.051,-0.051,-0.049
472.0,478.0,0.042,2.703,0.07,-1.209,-0.101,-0.033,-0.055,0.18,-0.032,-0.003,-0.143,-0.006,-0.051,-0.628,-0.367,-0.051,-0.051,-0.049
472.0,479.0,0.042,2.703,0.07,-1.209,-0.101,-0.033,-0.055,0.18,-0.032,-0.003,-0.143,-0.007,-0.052,-0.628,-0.367,-0.051,-0.051,-0.049
472.0,480.0,0.042,2.703,0.07,-1.209,-0.101,-0.033,-0.055,0.18,-0.032,-0.003,-0.143,-0.007,-0.052,-0.628,-0.367,-0.051,-0.051,-0.049
472.0,481.0,0.042,2.703,0.07,-1.209,-0.101,-0.033,-0.055,0.18,-0.032,-0.003,-0.142,-0.007,-0.052,-0.628,-0.367,-0.051,-0.051,-0.049
472.0,482.0,0.042,2.703,0.07,-1.209,-0.101,-0.033,-0.055,0.18,-0.032,-0.004,-0.142,-0.008,-0.052,-0.628,-0.367,-0.051,-0.051,-0.049
472.0,483.0,0.042,2.703,0.07,-1.209,-0.101,-0.033,-0.055,0.18,-0.032,-0.004,-0.142,-0.008,-0.052,-0.628,-0.367,-0.051,-0.051,-0.049
472.0,484.0,0.042,2.703,0.07,-1.209,-0.101,-0.033,-0.055,0.18,-0.033,-0.004,-0.142,-0.008,-0.052,-0.628,-0.367,-0.051,-0.051,-0.049
473.0,474.0,0.034,2.206,0.065,-0.996,-0.046,-0.147,-0.058,0.078,-0.045,-0.006,-0.111,-0.002,0.704,-1.062,-0.642,-0.057,-0.052,-0.046
473.0,475.0,0.034,2.206,0.065,-0.996,-0.046,-0.147,-0.058,0.078,-0.045,-0.007,-0.111,-0.003,0.704,-1.062,-0.642,-0.057,-0.052,-0.046
473.0,476.0,0.033,2.206,0.065,-0.996,-0.045,-0.147,-0.058,0.078,-0.045,-0.007,-0.111,-0.003,0.703,-1.062,-0.642,-0.057,-0.052,-0.047
473.0,477.0,0.033,2.206,0.066,-0.996,-0.045,-0.147,-0.058,0.077,-0.045,-0.007,-0.111,-0.003,0.703,-1.062,-0.642,-0.057,-0.052,-0.047
473.0,478.0,0.033,2.206,0.066,-0.996,-0.045,-0.147,-0.058,0.077,-0.045,-0.007,-0.111,-0.003,0.703,-1.062,-0.642,-0.057,-0.052,-0.047
473.0,479.0,0.033,2.206,0.066,-0.996,-0.045,-0.147,-0.057,0.077,-0.046,-0.007,-0.111,-0.003,0.703,-1.062,-0.642,-0.056,-0.052,-0.047
473.0,480.0,0.032,2.207,0.066,-0.996,-0.045,-0.147,-0.057,0.077,-0.046,-0.007,-0.11,-0.004,0.702,-1.062,-0.642,-0.056,-0.052,-0.047
473.0,481.0,0.032,2.207,0.066,-0.996,-0.045,-0.147,-0.057,0.077,-0.046,-0.007,-0.11,-0.004,0.702,-1.062,-0.642,-0.056,-0.052,-0.047
473.0,482.0,0.032,2.207,0.066,-0.996,-0.045,-0.147,-0.057,0.077,-0.046,-0.007,-0.11,-0.004,0.702,-1.062,-0.642,-0.056,-0.052,-0.047
473.0,483.0,0.032,2.207,0.066,-0.996,-0.045,-0.147,-0.057,0.077,-0.046,-0.007,-0.11,-0.004,0.702,-1.062,-0.641,-0.056,-0.052,-0.047
473.0,484.0,0.031,2.207,0.067,-0.996,-0.045,-0.147,-0.057,0.077,-0.046,-0.007,-0.11,-0.004,0.702,-1.062,-0.641,-0.056,-0.052,-0.047
473.0,485.0,0.031,2.207,0.067,-0.996,-0.044,-0.147,-0.057,0.077,-0.046,-0.008,-0.11,-0.005,0.702,-1.062,-0.641,-0.055,-0.052,-0.047
474.0,475.0,0.042,2.931,0.065,-1.281,-0.078,-0.029,-0.036,0.178,-0.02,-0.003,-0.142,-0.006,0.208,-0.426,-0.05,-0.053,-0.053,-0.048
474.0,476.0,0.042,2.931,0.065,-1.281,-0.078,-0.029,-0.036,0.178,-0.02,-0.003,-0.142,-0.006,0.208,-0.426,-0.05,-0.053,-0.053,-0.048
474.0,477.0,0.042,2.931,0.065,-1.281,-0.078,-0.029,-0.036,0.178,-0.02,-0.003,-0.142,-0.007,0.207,-0.426,-0.05,-0.053,-0.053,-0.048
474.0,478.0,0.042,2.931,0.065,-1.281,-0.078,-0.029,-0.036,0.178,-0.02,-0.004,-0.141,-0.007,0.207,-0.426,-0.05,-0.053,-0.053,-0.048
474.0,479.0,0.042,2.931,0.065,-1.281,-0.078,-0.029,-0.036,0.178,-0.02,-0.004,-0.141,-0.007,0.206,-0.426,-0.05,-0.053,-0.052,-0.048
474.0,480.0,0.042,2.931,0.065,-1.281,-0.078,-0.029,-0.036,0.178,-0.02,-0.004,-0.141,-0.008,0.206,-0.426,-0.049,-0.053,-0.052,-0.048
474.0,481.0,0.042,2.931,0.065,-1.281,-0.078,-0.029,-0.036,0.178,-0.02,-0.004,-0.14,-0.008,0.206,-0.426,-0.049,-0.053,-0.052,-0.048
474.0,482.0,0.042,2.931,0.065,-1.281,-0.078,-0.029,-0.036,0.178,-0.02,-0.004,-0.14,-0.009,0.205,-0.426,-0.049,-0.053,-0.052,-0.048
474.0,483.0,0.042,2.931,0.065,-1.281,-0.078,-0.029,-0.036,0.178,-0.02,-0.004,-0.14,-0.009,0.205,-0.426,-0.049,-0.053,-0.052,-0.048
474.0,484.0,0.042,2.931,0.065,-1.281,-0.078,-0.029,-0.036,0.178,-0.02,-0.004,-0.14,-0.009,0.205,-0.426,-0.049,-0.053,-0.052,-0.048
474.0,485.0,0.042,2.931,0.065,-1.281,-0.078,-0.029,-0.036,0.178,-0.02,-0.004,-0.139,-0.009,0.204,-0.426,-0.049,-0.053,-0.052,-0.049
474.0,486.0,0.042,2.931,0.065,-1.281,-0.078,-0.03,-0.036,0.178,-0.02,-0.005,-0.139,-0.01,0.204,-0.426,-0.049,-0.053,-0.052,-0.049
475.0,476.0,0.039,2.379,0.064,-1.188,-0.074,-0.06,-0.059,0.095,-0.036,-0.002,-0.128,-0.004,-0.069,-1.161,-0.934,-0.049,-0.053,-0.049
475.0,477.0,0.039,2.379,0.064,-1.188,-0.074,-0.06,-0.059,0.095,-0.036,-0.002,-0.127,-0.004,-0.069,-1.161,-0.934,-0.049,-0.053,-0.049
475.0,478.0,0.039,2.379,0.064,-1.188,-0.074,-0.06,-0.059,0.094,-0.036,-0.003,-0.127,-0.005,-0.069,-1.161,-0.934,-0.049,-0.053,-0.049
475.0,479.0,0.039,2.379,0.064,-1.188,-0.074,-0.06,-0.059,0.094,-0.036,-0.003,-0.127,-0.005,-0.069,-1.161,-0.934,-0.049,-0.052,-0.049
475.0,480.0,0.038,2.379,0.064,-1.188,-0.073,-0.06,-0.059,0.094,-0.036,-0.003,-0.127,-0.005,-0.07,-1.161,-0.934,-0.049,-0.052,-0.049
475.0,481.0,0.038,2.379,0.064,-1.188,-0.073,-0.06,-0.059,0.094,-0.036,-0.003,-0.126,-0.005,-0.07,-1.161,-0.934,-0.049,-0.052,-0.049
475.0,482.0,0.038,2.38,0.064,-1.188,-0.073,-0.06,-0.058,0.094,-0.036,-0.003,-0.126,-0.006,-0.07,-1.161,-0.934,-0.049,-0.052,-0.049
475.0,483.0,0.038,2.38,0.065,-1.188,-0.073,-0.06,-0.058,0.094,-0.037,-0.003,-0.126,-0.006,-0.07,-1.161,-0.934,-0.049,-0.052,-0.049
475.0,484.0,0.038,2.38,0.065,-1.188,-0.073,-0.06,-0.058,0.094,-0.037,-0.003,-0.126,-0.006,-0.07,-1.161,-0.933,-0.049,-0.052,-0.049
475.0,485.0,0.038,2.38,0.065,-1.188,-0.073,-0.06,-0.058,0.093,-0.037,-0.003,-0.126,-0.006,-0.07,-1.161,-0.933,-0.049,-0.052,-0.05
475.0,486.0,0.038,2.38,0.065,-1.188,-0.073,-0.06,-0.058,0.093,-0.037,-0.003,-0.125,-0.007,-0.07,-1.161,-0.933,-0.049,-0.052,-0.05
475.0,487.0,0.038,2.38,0.065,-1.188,-0.073,-0.06,-0.058,0.093,-0.037,-0.003,-0.125,-0.007,-0.07,-1.161,-0.933,-0.049,-0.052,-0.05
476.0,477.0,0.034,2.536,0.069,-0.877,-0.069,-0.023,-0.07,0.12,-0.026,-0.005,-0.123,-0.005,-0.783,-1.03,0.47,-0.048,-0.051,-0.054
476.0,478.0,0.034,2.536,0.069,-0.877,-0.069,-0.023,-0.07,0.119,-0.026,-0.005,-0.122,-0.005,-0.783,-1.03,0.469,-0.048,-0.051,-0.053
476.0,479.0,0.034,2.536,0.069,-0.876,-0.069,-0.023,-0.07,0.119,-0.026,-0.005,-0.122,-0.005,-0.783,-1.03,0.469,-0.048,-0.051,-0.053
476.0,480.0,0.034,2.536,0.069,-0.876,-0.069,-0.023,-0.07,0.119,-0.026,-0.006,-0.122,-0.005,-0.783,-1.03,0.469,-0.048,-0.051,-0.053
476.0,481.0,0.034,2.536,0.069,-0.876,-0.069,-0.023,-0.07,0.119,-0.026,-0.006,-0.122,-0.005,-0.782,-1.03,0.469,-0.049,-0.051,-0.053
476.0,482.0,0.034,2.536,0.069,-0.876,-0.069,-0.023,-0.07,0.119,-0.026,-0.006,-0.122,-0.006,-0.782,-1.03,0.468,-0.049,-0.051,-0.053
476.0,483.0,0.034,2.536,0.069,-0.876,-0.069,-0.023,-0.07,0.119,-0.026,-0.006,-0.122,-0.006,-0.782,-1.03,0.468,-0.049,-0.051,-0.053
476.0,484.0,0.034,2.536,0.069,-0.876,-0.069,-0.023,-0.07,0.119,-0.026,-0.006,-0.121,-0.006,-0.782,-1.03,0.468,-0.049,-0.051,-0.053
476.0,485.0,0.034,2.536,0.069,-0.876,-0.069,-0.023,-0.07,0.119,-0.026,-0.007,-0.121,-0.006,-0.782,-1.03,0.468,-0.049,-0.051,-0.052
476.0,486.0,0.034,2.536,0.069,-0.876,-0.069,-0.023,-0.07,0.119,-0.027,-0.007,-0.121,-0.006,-0.782,-1.03,0.468,-0.049,-0.051,-0.052
476.0,487.0,0.034,2.536,0.07,-0.876,-0.069,-0.023,-0.07,0.119,-0.027,-0.007,-0.121,-0.006,-0.782,-1.03,0.468,-0.049,-0.051,-0.052
476.0,488.0,0.034,2.536,0.07,-0.876,-0.069,-0.023,-0.07,0.119,-0.027,-0.007,-0.121,-0.006,-0.782,-1.03,0.467,-0.049,-0.051,-0.052
477.0,478.0,0.041,2.413,0.063,-1.257,-0.036,-0.06,-0.053,0.116,-0.037,-0.005,-0.126,-0.003,-0.804,-1.099,-0.048,-0.045,-0.058,-0.049
477.0,479.0,0.04,2.413,0.063,-1.257,-0.036,-0.06,-0.053,0.116,-0.037,-0.005,-0.125,-0.003,-0.804,-1.1,-0.048,-0.045,-0.058,-0.049
477.0,480.0,0.04,2.413,0.063,-1.257,-0.036,-0.06,-0.053,0.116,-0.037,-0.006,-0.125,-0.003,-0.804,-1.1,-0.048,-0.045,-0.058,-0.049
477.0,481.0,0.04,2.413,0.064,-1.257,-0.035,-0.06,-0.053,0.116,-0.037,-0.006,-0.125,-0.003,-0.804,-1.1,-0.049,-0.045,-0.058,-0.049
477.0,482.0,0.04,2.413,0.064,-1.257,-0.035,-0.06,-0.053,0.116,-0.037,-0.006,-0.125,-0.003,-0.804,-1.1,-0.049,-0.045,-0.058,-0.049
477.0,483.0,0.04,2.414,0.064,-1.257,-0.035,-0.06,-0.052,0.115,-0.038,-0.007,-0.125,-0.003,-0.804,-1.1,-0.049,-0.045,-0.058,-0.049
477.0,484.0,0.04,2.414,0.064,-1.257,-0.035,-0.06,-0.052,0.115,-0.038,-0.007,-0.124,-0.004,-0.804,-1.1,-0.049,-0.045,-0.058,-0.049
477.0,485.0,0.04,2.414,0.064,-1.257,-0.035,-0.061,-0.052,0.115,-0.038,-0.007,-0.124,-0.004,-0.804,-1.1,-0.049,-0.045,-0.058,-0.049
477.0,486.0,0.04,2.414,0.064,-1.257,-0.035,-0.061,-0.052,0.115,-0.038,-0.007,-0.124,-0.004,-0.804,-1.1,-0.049,-0.045,-0.058,-0.049
477.0,487.0,0.039,2.414,0.064,-1.257,-0.035,-0.061,-0.052,0.115,-0.038,-0.007,-0.124,-0.004,-0.804,-1.1,-0.049,-0.045,-0.058,-0.05
477.0,488.0,0.039,2.414,0.065,-1.257,-0.035,-0.061,-0.052,0.115,-0.038,-0.008,-0.124,-0.004,-0.804,-1.1,-0.049,-0.045,-0.058,-0.05
477.0,489.0,0.039,2.414,0.065,-1.257,-0.035,-0.061,-0.052,0.115,-0.038,-0.008,-0.124,-0.004,-0.804,-1.1,-0.049,-0.045,-0.058,-0.05
478.0,479.0,0.043,2.745,0.061,-1.368,-0.067,-0.043,-0.039,0.154,-0.028,-0.004,-0.137,-0.008,0.081,-0.496,-0.187,-0.05,-0.051,-0.049
478.0,480.0,0.043,2.745,0.061,-1.368,-0.067,-0.043,-0.039,0.154,-0.028,-0.004,-0.137,-0.008,0.081,-0.496,-0.187,-0.05,-0.051,-0.049
478.0,481.0,0.043,2.745,0.061,-1.368,-0.067,-0.043,-0.039,0.154,-0.029,-0.004,-0.137,-0.009,0.08,-0.496,-0.187,-0.05,-0.051,-0.049
478.0,482.0,0.043,2.745,0.061,-1.368,-0.067,-0.043,-0.039,0.154,-0.029,-0.004,-0.136,-0.009,0.08,-0.496,-0.187,-0.05,-0.051,-0.049
478.0,483.0,0.043,2.745,0.061,-1.368,-0.067,-0.043,-0.039,0.154,-0.029,-0.004,-0.136,-0.009,0.08,-0.497,-0.187,-0.05,-0.051,-0.049
478.0,484.0,0.043,2.745,0.062,-1.368,-0.066,-0.043,-0.039,0.153,-0.029,-0.004,-0.136,-0.01,0.08,-0.497,-0.187,-0.05,-0.051,-0.049
478.0,485.0,0.042,2.745,0.062,-1.368,-0.066,-0.043,-0.039,0.153,-0.029,-0.004,-0.136,-0.01,0.08,-0.497,-0.187,-0.05,-0.051,-0.049
478.0,486.0,0.042,2.745,0.062,-1.368,-0.066,-0.044,-0.039,0.153,-0.029,-0.004,-0.136,-0.01,0.079,-0.497,-0.187,-0.05,-0.051,-0.049
478.0,487.0,0.042,2.746,0.062,-1.368,-0.066,-0.044,-0.038,0.153,-0.029,-0.004,-0.136,-0.01,0.079,-0.497,-0.187,-0.05,-0.051,-0.049
478.0,488.0,0.042,2.746,0.062,-1.368,-0.066,-0.044,-0.038,0.153,-0.029,-0.004,-0.135,-0.011,0.079,-0.497,-0.187,-0.05,-0.051,-0.049
478.0,489.0,0.042,2.746,0.062,-1.368,-0.066,-0.044,-0.038,0.153,-0.029,-0.005,-0.135,-0.011,0.079,-0.497,-0.187,-0.05,-0.051,-0.049
478.0,490.0,0.042,2.746,0.062,-1.368,-0.066,-0.044,-0.038,0.153,-0.029,-0.005,-0.135,-0.011,0.079,-0.497,-0.186,-0.05,-0.051,-0.049
479.0,480.0,0.042,2.604,0.061,-1.217,-0.124,-0.049,-0.065,0.139,-0.036,-0.01,-0.132,-0.004,-0.058,-0.419,-0.052,-0.048,-0.052,-0.05
479.0,481.0,0.042,2.604,0.061,-1.216,-0.124,-0.049,-0.065,0.139,-0.036,-0.01,-0.132,-0.004,-0.058,-0.419,-0.052,-0.048,-0.052,-0.05
479.0,482.0,0.042,2.604,0.061,-1.216,-0.124,-0.049,-0.065,0.139,-0.036,-0.01,-0.131,-0.004,-0.058,-0.419,-0.052,-0.048,-0.052,-0.05
479.0,483.0,0.042,2.604,0.061,-1.216,-0.124,-0.05,-0.065,0.139,-0.037,-0.011,-0.131,-0.004,-0.058,-0.419,-0.052,-0.049,-0.052,-0.05
479.0,484.0,0.041,2.604,0.061,-1.216,-0.124,-0.05,-0.065,0.139,-0.037,-0.011,-0.131,-0.004,-0.058,-0.419,-0.052,-0.049,-0.052,-0.05
479.0,485.0,0.041,2.604,0.061,-1.216,-0.124,-0.05,-0.065,0.139,-0.037,-0.011,-0.131,-0.004,-0.058,-0.419,-0.052,-0.049,-0.052,-0.05
479.0,486.0,0.041,2.604,0.062,-1.216,-0.124,-0.05,-0.065,0.139,-0.037,-0.011,-0.131,-0.004,-0.058,-0.419,-0.053,-0.049,-0.052,-0.05
479.0,487.0,0.041,2.604,0.062,-1.216,-0.123,-0.05,-0.064,0.139,-0.037,-0.011,-0.13,-0.004,-0.058,-0.419,-0.053,-0.049,-0.052,-0.05
479.0,488.0,0.041,2.605,0.062,-1.216,-0.123,-0.05,-0.064,0.138,-0.037,-0.012,-0.13,-0.004,-0.058,-0.419,-0.053,-0.049,-0.052,-0.05
479.0,489.0,0.041,2.605,0.062,-1.216,-0.123,-0.05,-0.064,0.138,-0.037,-0.012,-0.13,-0.004,-0.058,-0.419,-0.053,-0.049,-0.052,-0.05
479.0,490.0,0.041,2.605,0.062,-1.216,-0.123,-0.05,-0.064,0.138,-0.037,-0.012,-0.13,-0.004,-0.058,-0.419,-0.053,-0.049,-0.052,-0.05
479.0,491.0,0.041,2.605,0.062,-1.216,-0.123,-0.05,-0.064,0.138,-0.037,-0.012,-0.13,-0.004,-0.058,-0.419,-0.053,-0.049,-0.052,-0.05
480.0,481.0,0.036,2.508,0.061,-1.192,-0.063,-0.058,-0.055,0.168,-0.033,-0.004,-0.098,0.001,-0.042,-1.221,0.006,-0.048,-0.05,-0.05
480.0,482.0,0.036,2.508,0.061,-1.192,-0.063,-0.058,-0.054,0.167,-0.033,-0.004,-0.098,0.001,-0.042,-1.221,0.006,-0.048,-0.05,-0.05
480.0,483.0,0.036,2.508,0.061,-1.192,-0.063,-0.058,-0.054,0.167,-0.033,-0.005,-0.098,0.001,-0.042,-1.221,0.006,-0.048,-0.05,-0.05
480.0,484.0,0.036,2.509,0.061,-1.192,-0.063,-0.058,-0.054,0.167,-0.034,-0.005,-0.098,0.001,-0.042,-1.221,0.005,-0.048,-0.05,-0.05
480.0,485.0,0.036,2.509,0.061,-1.192,-0.062,-0.058,-0.054,0.167,-0.034,-0.005,-0.098,0.001,-0.042,-1.221,0.005,-0.048,-0.05,-0.05
480.0,486.0,0.036,2.509,0.061,-1.192,-0.062,-0.058,-0.054,0.167,-0.034,-0.005,-0.098,0.001,-0.042,-1.221,0.005,-0.048,-0.05,-0.05
480.0,487.0,0.035,2.509,0.061,-1.192,-0.062,-0.058,-0.054,0.167,-0.034,-0.005,-0.098,0.001,-0.042,-1.221,0.005,-0.048,-0.05,-0.05
480.0,488.0,0.035,2.509,0.062,-1.192,-0.062,-0.058,-0.054,0.167,-0.034,-0.005,-0.098,0.001,-0.042,-1.221,0.005,-0.048,-0.05,-0.05
480.0,489.0,0.035,2.509,0.062,-1.192,-0.062,-0.058,-0.054,0.167,-0.034,-0.005,-0.098,0.001,-0.042,-1.221,0.005,-0.048,-0.05,-0.05
480.0,490.0,0.035,2.509,0.062,-1.192,-0.062,-0.058,-0.053,0.166,-0.034,-0.005,-0.098,0.001,-0.042,-1.221,0.005,-0.048,-0.05,-0.05
480.0,491.0,0.035,2.509,0.062,-1.192,-0.062,-0.058,-0.053,0.166,-0.035,-0.005,-0.098,0.001,-0.042,-1.221,0.005,-0.048,-0.05,-0.05
480.0,492.0,0.035,2.51,0.062,-1.192,-0.062,-0.058,-0.053,0.166,-0.035,-0.005,-0.098,0.001,-0.042,-1.221,0.005,-0.048,-0.05,-0.05
