231.0,0.00019351786007707083,1.2538437228947168e-6,0.9925609236910061,0.9429660360089192,0.033078200473829936,2.5944901033382863,0.06420080522812287,-1.3414757261580292,0.03990506852335225,-0.020842041780579867,-0.051959912626534474,0.2492181759521112,-0.06894293178571122,-8.31683616170939e-5,-0.09517172289382379,-0.004849794795856776,0.7915008180951475,-1.3105232246041287,0.004232059495880818,-0.048653528443314095,-0.05113051910580357,-0.04998159770583985,2.7850164380012847,0.7014855630452962,-0.09287649252476848,0.9999000850940012,-0.030421158905692885,-0.03681768950715813,0.002692678203596743,0.904802691372582,0.017834961269912197,0.0007497767508946848,0.07314950250812567,0.9444282766659475
232.0,0.00013971602426009647,1.2222572665970127e-6,0.9938789270308594,0.9467356728844405,0.028784010256313605,2.5285307542592137,0.07316083860687049,-1.1957199967225018,-0.049458651525822045,0.007857793919807751,-0.028743598718623486,0.14405181313523188,-0.04769637037436371,-0.003490553679259509,-0.10573834277195178,-0.0033506680118798953,-0.0048251510238036385,-1.3991396796918527,-0.04617373589712701,-0.05293207538581654,-0.05139489145293596,-0.05009465444933811,2.885803227400588,0.7386606840967,-0.024297749080096808,0.9999000833209712,-0.030529665926192186,-0.04622237167088342,0.0011475992844210542,0.9043573697760288,0.015088998392639294,-0.0004422196421952015,0.07231167494689293,0.9444349237800833
233.0,0.0001413539298519137,1.4468075955827777e-6,0.9958560970857329,0.9314132875153642,0.024514461365555816,2.56660580656066,0.07070227501687888,-1.11453952796624,-0.051064039201948845,0.001656865161640079,-0.02861315837881096,0.1452412801979476,-0.04868687710830736,-0.0044112404131676315,-0.09768458732425879,-0.004625986289060154,0.2850192690450844,-1.158952208943157,-0.0059754014422085,-0.050278028353712714,-0.04952716054725105,-0.04980831065492348,4.0029851822525835,0.17632415382603855,-0.0699906162781448,0.9999000804693192,-0.026871974228722856,-0.06094105120296766,0.0010318968065042558,0.9036112557257407,0.014436702849585772,-0.00030987758759824894,0.07570648079813709,0.9444571656563832
234.0,0.00014353761119685382,1.0873923139242325e-6,0.9954388651940306,0.9246947538011085,0.023249704899991775,2.5773686257955037,0.07030741380924378,-1.1337683687357492,-0.04114038483724324,-0.004446687053418921,-0.02911807285241999,0.14302331019029008,-0.0510922102246711,-0.003750424280021634,-0.09697427209833344,-0.0034099928775541814,0.09121476150480264,-1.439614241158777,0.03665362799296402,-0.04773336929549656,-0.04999821111427793,-0.050039917647240764,3.0129323064076265,0.7120882999039694,-0.06312682045334539,0.999900082386544,-0.031537492240114026,-0.04830243993498438,0.0013473109291941582,0.9041445697690687,0.009736334884201257,-0.0009464175420962612,0.07731213928572372,0.9444285104744197
235.0,0.00014111581076805944,1.2117418121019144e-6,0.995425498185824,0.9398773681053465,0.01914896990631993,2.591377071758524,0.07236169727419213,-1.1065456075203768,-0.05756269922711625,0.007505209993481945,-0.029562807946689893,0.16027043024781512,-0.052998465279712303,-0.004690178622946478,-0.0979564898943597,-0.004738050705606087,0.3723838768718124,-1.1647407103198248,-0.047426755962290415,-0.051741095571243324,-0.050023575575231,-0.04998632858867751,3.9669209035021047,0.17445608835564044,-0.04188570400233097,0.9999000825910156,-0.02632412047486039,-0.05895305092329545,0.0011845361409722772,0.9041081774437874,0.016409932357791538,-0.0004053173671021193,0.07377965987238483,0.9444296192256658
236.0,0.00014326470608406528,1.4773901431643885e-6,0.9952155724899769,0.9334411918820811,0.018396177049700146,2.695026283226758,0.07290166165578048,-1.0766357794592343,-0.050630895711794265,-0.010703682656085085,-0.0305802735049366,0.19185702474482352,-0.04996816777904578,-0.004675364949295259,-0.09834500903630333,-0.004701970464212351,0.30703512617402623,-1.1039979385171645,-0.03177984283624373,-0.051266008057716264,-0.04999719499418507,-0.04958096950534126,3.2889930363531987,0.4634025106873326,-0.04230213346266343,0.9999000838252796,-0.027546677043520092,-0.047373434998119135,0.0026868484326493997,0.9043411933209788,0.016953880745585823,-0.0012798286030037697,0.07447136984104463,0.9444235099975506
237.0,0.00015513592585163346,1.1565085996933636e-6,0.996341265603998,0.9062127013629738,0.015368730968187394,2.5714254285276326,0.08148787857842987,-0.9158491139689394,-0.05266298598268832,-0.03402297797167338,-0.035949262585048894,0.17754284862579697,-0.058253787982577646,-0.004242789477333892,-0.0972685931207041,-0.003458570566352784,0.1820674647794586,-1.215904231331603,0.012647737980051964,-0.051039365799913236,-0.049970011094081994,-0.05002091660032627,3.3040830830594885,0.45852712382805644,0.05220436802578905,0.9998999822142125,-0.03624391269346172,-0.033826028355742464,0.017486539761371548,0.85651596103212,0.023724772033784505,-0.012350415097127624,0.10291619562967093,0.9454650666276403
238.0,0.00014295324934832045,1.0588546653099905e-6,0.994842385840531,0.9379722695090329,0.02102563723548544,2.6383359789427874,0.07171468433740498,-1.1058496616544728,-0.03895620984099181,-0.01097551764506351,-0.03061250729330661,0.17466546682170037,-0.04988369424209254,-0.005151497585062372,-0.09589874237074221,-0.002658896658577979,0.14196503522446893,-1.29677536237237,0.18885236394314767,-0.04712017700068054,-0.0499993017646342,-0.049895185503419044,3.4269418366248345,0.5430427597837627,0.05394991728122438,0.9999000825658824,-0.0294002059530113,-0.049571341076569554,0.002171217011987749,0.9039245782926228,0.017572229053383882,-0.00044657874394272073,0.0728103544326414,0.9444330185572276
239.0,0.00013353138877318725,1.0231155116854763e-6,0.9927353698520871,0.9426210529886516,0.019819054812737637,2.4910460531368686,0.07817833320506194,-1.1045272774696853,-0.04942444910772843,0.03755727735573395,-0.028405964761119017,0.13331203050157223,-0.04986063976756127,-0.0034886091312780515,-0.1072542187730562,-0.003106451870571526,0.07774607822795428,-1.486963291498971,-0.04475531500658827,-0.04958516190784506,-0.05019290054266552,-0.0500057021022465,3.4946645430932213,0.4174825296672962,-0.08671490287303064,0.9998999849450638,-0.04110336808667126,-0.035065060380298246,0.013966412289235177,0.8601618006233283,0.02558914054497831,-0.010072245053596184,0.0967559345707281,0.9455668738663017
240.0,0.00013932096956891302,1.1910562668384443e-6,0.9947806141323126,0.9378223029413705,0.01714815865507537,2.6352274647469764,0.07407379977429787,-1.045134753273965,-0.05347017281654117,-0.04944680027642814,-0.032508390180588244,0.15388843613248174,-0.04986691589941528,-0.004594562880101706,-0.09718055523921809,-0.004469337488954833,0.3019514255056876,-1.1562172743744603,0.006150484853224909,-0.056371423260181,-0.05037811312359836,-0.04991958237916973,3.546779150585238,0.48963556199946373,0.11104290132039595,0.9998999975041984,-0.03852931895517116,-0.03625491068328441,0.01600932150200221,0.861981274105821,0.023554174197893976,-0.01170695528284545,0.10041260689966791,0.9454264885531412
241.0,0.00014162605900542983,9.3704367971402e-7,0.9973155680821987,0.9326562337058956,0.019661072565528955,2.7111281629223414,0.08259111231435896,-0.9568376792113387,-0.04613933613320691,-0.1746875824957122,-0.03697354212652625,0.1695404164014697,-0.051692528592337375,-0.003856118902483403,-0.09549468604547338,-0.003415213053215477,0.16618176675725113,-1.4241971769028279,0.0028249410189311415,-0.04816202643766678,-0.04912641204343637,-0.04964803703602614,3.508652677609265,0.5136432593125575,-0.02227534949839552,0.9999000070374164,-0.040612382792504356,-0.035309108584003386,0.014147141182963232,0.8650780408064811,0.020740801368103207,-0.010226486542614632,0.09923234394221735,0.945306266274583
242.0,0.00014267667357184915,1.4823995104151257e-6,0.9970286225118795,0.9596340671285648,0.02240373696668789,2.668207878748885,0.07300577404757838,-0.9782952244284124,-0.050009580796793955,-0.012985098469855577,-0.031135409567000106,0.17997142494156312,-0.04907495977592548,-0.004917017541333547,-0.09899772609624234,-0.005121861469335676,0.3631798781382605,-1.100750221112047,-0.05278808378623394,-0.05402856363194583,-0.05163224794862307,-0.05006071953723558,3.7709370723923423,0.41313998713222766,-0.022290543350238213,0.9998999935897532,-0.0421768727972125,-0.03916277784593044,0.015589053007898564,0.8595251476929122,0.01856019045344662,-0.01041626724612985,0.10005165719183333,0.9455712825619718
243.0,0.0001420270248352449,1.034823889495502e-6,0.9970524510276184,0.9435726871201621,0.02314563189271097,2.7862819552613534,0.07564699842655861,-1.0568388068980281,-0.12280244286352401,-0.08320804829812954,-0.03046983865022188,0.1747215351892708,-0.04885455242083824,-0.0037790919007435024,-0.09683904442578371,-0.0036092612824502345,0.011981794148212559,-1.2493555527529856,0.14120959633382668,-0.0512055791842497,-0.03507888784019433,-0.049977707527099485,2.9136523097023344,0.7937934207702675,-0.13174470934186025,0.9999000793914885,-0.03494998707282397,-0.05193628156349299,0.0005341184086867475,0.903208163906221,-0.0015180656995525598,0.0016878476365905161,0.07337198014476834,0.9444249262162145
244.0,0.0001388620217378936,2.38192438802866e-6,0.9937153823677067,0.9475389103632944,0.020551932398135853,2.5955234878035296,0.06699836307338672,-1.195362304190012,-0.08123326233214921,0.07607952464224532,-0.03233497029408206,0.14421992466346115,-0.050892095785775734,-0.005993544204743603,-0.10499172321604684,-0.006298545326304764,0.4600810761250546,-0.8784465330311252,-0.05137478021650739,-0.05548048120776043,-0.04939529506995208,-0.05018513374411235,2.3267206460327454,1.0783514425474683,-0.05812273983842278,0.9999000816210237,-0.034939609419164824,-0.04266968888968488,0.0019857762002169392,0.9037258164193196,0.003305874261062934,-0.0002383089118493907,0.07422586391588186,0.9444156436099416
245.0,0.00013678987435837407,6.533689326724269e-6,0.9967954119719337,0.933431844841916,0.02228671721106912,2.6051002313951854,0.07517770635073283,-1.0115489931926043,-0.050401277482058374,-0.019786314250722407,-0.031795006332534466,0.15326758468897253,-0.049849806973520656,-0.010785885950142507,-0.1102547779150532,-0.010253823355633272,-0.0406395693844573,-0.6143273442788934,1.0241125502708053,-0.0475750860038693,-0.05024555432982737,-0.04999749420649521,2.6109379875646663,0.9818825511527882,-0.005897127740034189,0.9999000807217613,-0.03395233861351524,-0.0468445927211367,0.0010082301178023952,0.9033216494557383,0.005260588916170835,0.0005804356554615955,0.07419500898898575,0.9444228327610933
246.0,0.0001534569610987306,1.3299870425064122e-6,0.9958802055475282,0.9634409101130025,0.02156547696143379,2.687320346746452,0.07127434111966421,-1.0389179344856443,-0.02893423756346096,-0.011310094764812673,-0.030548386860396032,0.19620837650283482,-0.04976055418012044,-0.004860612739091475,-0.09668746448847808,-0.004246447557135215,0.2527716661977835,-1.1627210596730688,-0.04324165595283356,-0.05502019286410945,-0.049840769025508935,-0.04969349916370781,3.464708469872569,0.5846712044788559,-0.03484037645345027,0.9999000014622355,-0.04469705063888232,-0.03316194689740155,0.015015786718981076,0.8604999148677748,0.0204437710961514,-0.01020654822188657,0.09917232597214479,0.9453005334960092
247.0,0.00014388512416226452,1.361178659022008e-6,0.9965441555102137,0.9550869022091225,0.021596998613889033,2.616127161073554,0.07497301227752494,-1.058659521607331,-0.05555938623428624,-0.05364358358591564,-0.02986847134518414,0.15551191158926164,-0.050755476165215134,-0.005047457982118094,-0.09741221298821355,-0.00492708781601582,-0.05130689528177416,-1.1528964209266692,0.3833041522076161,-0.04832311018531467,-0.05042270501595738,-0.049984449083935956,2.433207584920338,1.2092594481631667,0.11430314141108544,0.9999000080410414,-0.045320710037698116,-0.03240653027632405,0.01174998085558098,0.8675341294663068,0.011215226624055037,-0.009168093999115947,0.0989533686582875,0.9454418765628885
248.0,0.00011304472615366932,1.3971234965155956e-6,0.9942174339115302,0.9437034765657382,0.021847187899884542,2.511114896515979,0.08980139082739332,-0.9677822346590139,0.06570448778583818,-0.0392908421397175,-0.030662162525769754,0.17512068923735566,-0.04743112036016173,-0.0030631397249669032,-0.11538949105806834,-0.004682797271105315,0.04902051922636724,-1.2994156980068121,-0.0022672462002219663,-0.03773417198478318,-0.0505159073030362,-0.05019444173646957,2.7881871232081905,1.025892439123655,0.07106971013310476,0.9998999890617506,-0.04743180103624895,-0.03245943958398211,0.011059066003659163,0.8589956561159564,0.019831519353969953,-0.00827195426460211,0.09955937007373766,0.9454024568805659
249.0,0.00011235504546844114,1.2202973316681141e-6,0.9933536150476944,0.946163159798249,0.020316951364064882,2.5817501581777997,0.08615509805849195,-0.9900265603033519,-0.06276957576375745,-0.005740619662139816,-0.028577061860536757,0.15068967446422926,-0.045828405322999546,-0.004141611712720202,-0.11552590889707913,-0.0033156614307255066,0.014643427526411542,-1.3007233921870205,0.05538923659938852,-0.05810938828397973,-0.05000485643682153,-0.05019735150469386,3.5300565987370485,0.6872426440469069,0.0316249205686064,0.9998999911135218,-0.046273250661484105,-0.039772323247552234,0.011693638320645561,0.8595248306053589,0.017656497437489548,-0.007710247521879521,0.09770182343244938,0.9454346548469894
250.0,0.00010527840500027166,1.3444738151711678e-6,0.9958101275477195,0.9566610571858604,0.02471831342717132,2.402169130143523,0.09056137465429533,-0.9477953468994589,-0.04242176256384948,0.0006785430116850001,-0.028587364809171966,0.11097235767434745,-0.04530847585936291,-0.005425245384973707,-0.12042793159720165,-0.0016728189301613424,-0.038539784541162386,-1.251855802341781,0.3215507019545445,-0.049908613938469064,-0.0504942822505922,-0.049994828139117334,2.69379387538297,1.1290618488408721,-0.029440611131037703,0.9998999956034187,-0.048630385159107586,-0.03560565919328122,0.00842586065099643,0.865192675136853,0.009098536179338054,-0.004924146971568949,0.09548277381287351,0.94559283109603
251.0,0.00011542289761153705,2.0979306317682404e-6,0.9960442850224889,0.9381124069523645,0.021197058856476544,2.6274387096445424,0.09769959775917862,-1.000890053730919,0.005216747176873834,-0.1586816859453549,-0.03196327184255028,0.19789695386489994,-0.05239352336174415,-0.005341540682362855,-0.11476786289516941,-0.004118997229204229,-0.01945598618126877,-1.073269121662807,0.16538481349806428,-0.04732957736574758,-0.0509063877121451,-0.050624848482074936,3.25229703327693,1.193070052577243,0.513361295827385,0.9998999855028796,-0.04738171994773904,-0.044279940397710646,0.009271723318678227,0.859406429001744,0.016748604794735885,-0.0062996228391412916,0.0993040345892749,0.9454789940982793
252.0,0.00014293512735100584,2.048287192375477e-6,0.9972013829097842,0.9657350468439642,0.02278703705454755,2.5555513943724444,0.07379129521293425,-1.0424595950886582,-0.062085549084081565,-0.03771544324661511,-0.02883877796905566,0.14224500951930505,-0.05044465716367541,-0.006100297789664552,-0.10020814364113283,-0.006583465793059385,0.5474246263182562,-0.916310498538942,-0.049724153943393246,-0.05376196844182653,-0.04998991169465352,-0.05001046343601672,4.337456890241527,0.26647472404183453,-0.14315621627782055,0.9998999943786637,-0.04589466936520332,-0.04494438558068759,0.015574791520160284,0.858400004648791,0.02090953814235651,-0.01046288713479842,0.1022140665403366,0.9453868046012504
253.0,0.00011594496363324595,7.184524055388344e-7,0.9942953189213378,0.969856213021865,0.025461386080834182,2.4244417837303973,0.0905009213105835,-0.9363050610942909,-0.09355064964496185,0.009674252247331813,-0.02868090264147168,0.10533739491001173,-0.0463192591153243,-0.003203076201101286,-0.11601760771766147,-0.003018049544805509,0.010808143266742029,-1.708883525304788,-0.05024326258777602,-0.05087473796927078,-0.047662671064061746,-0.0499953181409584,4.007116190218334,0.564623943688043,-0.08320956811333279,0.9998999884133077,-0.05069024269025028,-0.049057042201086504,0.008755419634432616,0.8586036396017724,0.01564682111575175,-0.004400805398478891,0.09732869051399078,0.9454768811360061
254.0,0.0001272866405072865,9.653299671915348e-7,0.9966816548430867,0.9455002335719092,0.022610567876017,2.3728371273045283,0.108361997283563,-0.9110300117249757,-0.07577395563454677,-0.2245013765765656,-0.02034971795641196,0.09666354374257083,-0.05786504330912107,-0.003249541396336565,-0.1099931066611377,-0.003178711879510011,-0.030431329283744257,-1.5987220918823495,-0.008605142503958526,-0.04743443101708619,-0.05038107848342654,-0.049784601437397644,2.4785830638882715,1.372783876283867,0.17628969138794293,0.9998999854122863,-0.04993205186830108,-0.03817942239049238,0.006033941876065628,0.8633462124737252,0.012382781713752126,-0.004242087547084275,0.09719738294273286,0.9456161326702821
255.0,0.00010576024317150668,1.0780565363762812e-6,0.9964249331846436,0.9525125595965005,0.020718179625019106,2.518784340730628,0.0960498936082768,-0.8707892811646069,-0.049987831843735606,-0.041889034907331105,-0.030458518478444017,0.139575444777964,-0.04615588660901619,-0.0035666462820151293,-0.11697960203336899,-0.003346107139782189,-0.049980749192897835,-1.4817867344999986,0.027084286923686418,-0.049643416454486076,-0.049950409706447124,-0.04983368963129512,3.9458037102731995,0.8752579913332681,0.3338215722125576,0.9998999869067122,-0.04917470662574523,-0.05055737216145172,0.008910677830161164,0.8594159584098697,0.018275768422519774,-0.0054996380378921645,0.09947446673992623,0.9454422308273618
256.0,0.00011435439559150574,1.5217992356752395e-6,0.9939055634792671,0.9486840556833239,0.025686382373351697,2.5718376760240726,0.09145099735059103,-0.9669259350579221,-0.058744490849890266,-0.027170730225288205,-0.033934906310587196,0.16883071712371375,-0.04682710627480719,-0.00045336810386920436,-0.11948039871773326,-0.005405944493520735,0.20361483301872424,-1.1997400544354546,0.020857363921346555,-0.04975228520386445,-0.04848685081733201,-0.04999861229913524,4.588221389086909,0.3688227175075604,-0.05144988188755946,0.9998999831008157,-0.04906240412149193,-0.05448127335997223,0.010946503543681606,0.8563425767591459,0.018781498875411827,-0.0054846566560522655,0.09889708454944636,0.9454909320109173
257.0,0.00012206931294711185,1.5872351327716233e-6,0.9959701861450735,0.952410953505086,0.024094782833142845,2.5473174491078816,0.09193258327305634,-0.9882444977163167,-0.08562403391139645,-0.015152079152747182,-0.0304401905238277,0.1708608778022221,-0.055523963675211216,-0.005901750063861175,-0.11557500362243914,-0.00024144510049436182,0.06153994190732388,-1.2056682743589577,0.2647747405586577,-0.04441567050216016,-0.04884252054610101,-0.05001500686386699,3.904157518885046,0.9944497843756531,0.3679747978677341,0.9998999889362687,-0.050605241653117104,-0.04988160885426474,0.008537437180870114,0.8608554425850914,0.018071146561681864,-0.005285687263761577,0.09853761775305281,0.9455097401568153
258.0,0.00012166148660961812,1.4874712067591743e-6,0.9965080259306656,0.9406170309653751,0.0228457334841994,2.4121556120898506,0.09778678843303253,-0.9048346393658083,0.039478109187347135,-0.05317711518671149,-0.03372145324918185,0.15842383546586908,-0.05383024160255783,-0.0051414916864890815,-0.119205197895354,-0.00016536680250550372,-0.02227726835558459,-1.2551179641089425,0.17552443693413738,-0.050008173039741546,-0.05135006770808792,-0.05015684062021905,3.491671886882877,1.1542478449909368,0.3418176354193706,0.9998999903830903,-0.05038010377747797,-0.046280212271649995,0.00732038263505365,0.861797520846644,0.01607846339297364,-0.004754718172099696,0.09864531236692488,0.9457066246267476
259.0,0.0001768858004985578,8.150669581476542e-7,0.9978007646934394,0.9800534420885947,0.030124798199409653,2.65853443950585,0.08773817743934142,-1.057277653355481,-0.05821294823282796,-0.010133676327685888,-0.029988466819228423,0.17130215855467182,-0.03661161883207227,-0.00570299202959988,-0.11108990438783621,0.0021277763698220693,-0.04572281831348052,-1.4133913673590823,0.30186398735983705,-0.04976843168031897,-0.05485915461415492,-0.04999895341532121,4.6216539937472785,0.7471150755270392,0.34849456437570503,0.9998999895817418,-0.05370547812251667,-0.05545329362872557,0.008719881054284843,0.8582271988645607,0.025569748420529326,-0.004673626840141921,0.10203253581161092,0.9456912589716671
260.0,0.00013858339462225,9.712568302010022e-7,0.9958785406475243,0.9605848698943118,0.0277570715956742,2.459106641069161,0.09059313490411537,-1.0020195513342196,-0.049624924818277356,-0.011788779751691634,-0.03379484761487163,0.1512206930223881,-0.05805704964872282,-0.0046837299812885515,-0.11012281074085885,-2.3414912416787733e-5,-0.016314690968308537,-1.5229308103835777,0.5181797989535855,-0.047825947247,-0.05013131959130044,-0.04996374775402721,3.5326797104697256,0.8449133541158256,-0.05215080264407654,0.9999000784572853,-0.03948909704154127,-0.06558421881971488,-0.004781923293140818,0.9029004780778971,0.0013841958478255172,0.0063967543419548335,0.06926454793561108,0.9444519943183349
261.0,0.00011880881259081387,2.0476950541758817e-6,0.9954648612161626,0.96567375958623,0.025986355730869402,2.502493458219725,0.09693696194356496,-0.9534912927340936,-0.053871359486017664,-0.12355345853540918,-0.025888512782482005,0.13706655655471459,-0.04956383325898022,-0.004094229248473778,-0.11530096496192693,-0.0053879809100002745,-0.046023567171722866,-1.1429852896986288,-0.02701508410498382,-0.05082247886398444,-0.051145774200985754,-0.049982575247787285,3.6849083181521527,0.9593148630462393,0.14270683962099387,0.9998999956377954,-0.05225012975535182,-0.04882840046799375,0.005670450939331247,0.863518177741756,0.016435823305303684,-0.002990308731155446,0.09671335446737958,0.9455177342565986
262.0,0.00011321348917816456,3.1028127346391456e-5,0.9988718383060132,0.9727733363054939,0.02600443784160541,2.744191902976443,0.10763053354584338,-0.6772549753922509,-0.04723467258979808,-0.08682556570865438,-0.02203910770929764,0.1635220945705659,-0.015136853190499766,-0.01290663142019914,-0.16307785687173035,-0.016441210648085812,-0.04928424851493656,-0.20090095597065788,0.7858471771096518,-0.04924746067780598,-0.05630069225265128,-0.049908455872928914,3.8718050037955556,0.8090268968994802,-0.16005456925748388,0.9998999892876461,-0.05461572365190933,-0.04846122735015627,0.006485375011738097,0.8588011074426405,0.01266947723600884,-0.0029714698362311026,0.10916191778695365,0.9456417351912496
263.0,0.000140818971242928,1.1086800744497906e-6,0.9930860033562666,0.9705642441389016,0.030128651145846154,2.6878109647323694,0.08851919171743655,-1.1268800406681827,-0.049958299508121466,-0.016268291126381708,-0.024930124174569104,0.21128641712975874,-0.053830537965567554,-0.004088292573705044,-0.1088832294426428,-0.003795738614072899,-0.04857973531361818,-1.5006202220842233,0.060770031947296466,-0.05030252069080972,-0.051703230229193056,-0.04996524873795971,3.71301552802692,0.8741483664501817,-0.13435474700323613,0.9998999988164441,-0.05517041121175609,-0.04682338252477272,0.0054913467489810805,0.8672843539211428,0.013307854566127108,-0.002631789361971385,0.09504855468482355,0.9457849323352252
264.0,0.00012804135881113775,5.677350296211475e-7,0.995610913725032,0.9607136523032807,0.028744877094636453,2.5656711405325874,0.09672373098699277,-0.9569572874634817,-0.06496467162007946,-0.13535690099140665,-0.03222917269758539,0.15149654714837182,-0.052542778633180104,-0.0026120970778311533,-0.10824323751153639,-0.0024506332458787087,-0.04076114579150553,-2.0034595942862903,-0.053650791649692366,-0.04519964654720735,-0.04983079806126522,-0.04998655141937578,3.7327043547558785,0.720866719406611,-0.0528762722637204,0.9999000766796455,-0.039165989248286445,-0.06976463424477619,-0.006585949825288162,0.9021812907487898,0.006276047892858627,0.006755100014614791,0.06920526241276351,0.944478268076737
265.0,0.00012929415293842585,1.1104413956799596e-6,0.9938676076942831,0.9681763338076349,0.033308123225193914,2.3838923348307413,0.08625409922657848,-1.0259884113498385,-0.052487569480331855,-0.047814867301976385,-0.035800847227940726,0.12251203647871048,-0.048937151133362715,-0.004795472928807718,-0.10921505936863789,-9.930159762948881e-5,-0.04349203171643154,-1.489334781516515,0.3651235130370298,-0.04977299012467115,-0.049158666430362756,-0.05000711336395849,3.34723632009556,1.3912666182831748,0.45093869863787056,0.999899994781229,-0.05372765112823451,-0.045338659987620586,0.006935787739747548,0.8629701321359451,0.01582652273465792,-0.004233675157359931,0.09804290472845562,0.9454416530427501
266.0,0.0001226733205896362,2.1360707166050977e-6,0.9946415357084517,0.9615712226426666,0.029292252706933253,2.6702789588959632,0.09091541825590368,-1.0197467265755016,-0.06852981670083358,-0.044050297212948106,-0.027107032113484582,0.2072835581500256,-0.05371156086846955,-0.0053545592027136385,-0.11234859793608128,-0.004438585210003006,-0.02125563606254328,-1.1198486152560598,0.01732936360230898,-0.05028880709501802,-0.049977656538211734,-0.049943434678517806,3.5309130831827282,0.8050783699492121,-0.08160154942713724,0.999900076739531,-0.039317461343760976,-0.06749991118443677,-0.006414182718860296,0.9022687767308126,0.00456471489464385,0.006877838050767117,0.06986151165708275,0.9444805008073129
267.0,0.0001280948661512504,1.574202329168903e-6,0.9917354751198352,0.9727630821887544,0.028914021557813453,2.6758410395584855,0.0889367579445439,-1.0023903304162713,-0.06204819038834543,-0.012048959151569581,-0.027345087449499973,0.19396834474035082,-0.047174121931372624,-0.004369812827673105,-0.11343892189722356,-0.004479044979237405,0.012854555803927973,-1.3203311924304655,-0.08687934081894959,-0.045266849643776634,-0.05001068821124283,-0.04995578175778798,3.059123866256236,1.1662819109457772,-0.09809023724406468,0.9998999942380251,-0.05499399573368537,-0.04170247283231099,0.0052596878320703404,0.8649609217710639,0.01150128294310384,-0.002673097839291568,0.09602817023543037,0.94578024707561
268.0,0.00012952500133943452,2.1373870455240724e-5,0.99320846943826,0.9350265834078985,0.02792505012004881,2.6628432438016385,0.09354684339898739,-1.0372687808160155,-0.07653905717570689,-0.057757623440799065,-0.017631478862818926,0.1669518704133349,-0.050009040569477484,-0.013102351380235506,-0.13432060702631163,-0.013081024409644721,0.888984764346041,-0.49372976967254334,-0.04727031753932938,-0.05251072451684997,-0.07261467723503169,-0.050097452817333334,3.855232362252024,0.8354500114989303,-0.12933072068189236,0.9999000047617193,-0.05574916300275999,-0.04522858877165007,0.004694248019628651,0.8642498822926516,0.02326393055461093,-0.0040273170023903,0.10276426105358571,0.945270200846636
269.0,0.0001341637313611606,2.29631348673686e-6,0.9923712358382585,0.9697556016162429,0.02864433459829993,2.50058316882597,0.08537914964294027,-1.1219203687862922,-0.05464899804778263,-0.0409032703835594,-0.023286151929514408,0.1271007298661201,-0.04897081712572695,-0.006098043493171742,-0.10969720874205285,-0.004611422441066818,-0.07936273891356613,-1.115714490062802,0.13651038388985684,-0.05024278508932793,-0.0509090969468669,-0.05000657807300761,4.572691586300327,0.450643050156968,-0.11735736814892997,0.9999000124740072,-0.05164331026039935,-0.05658691677807331,0.005351991269020394,0.8711753499988091,0.0244835433456523,-0.0031921611037527106,0.09439619617724984,0.9455360892165039
270.0,0.0001314151386251763,1.7108027547643333e-6,0.9911981720677709,0.9717863504325146,0.029908897156244472,2.616569886027718,0.08704585115921402,-1.0595890119095042,-0.1569140639316002,-0.02922709338580558,-0.027180733198603254,0.1557253069974722,-0.05001041959438245,-0.0037802745364084143,-0.1100967373159399,-0.005669749526945265,0.055838687154209136,-1.2549377407027469,0.03150236971517697,-0.05011487576470935,-0.05331039109759561,-0.050172367021669585,4.727089560573325,0.4681164315344829,0.0010293574236128833,0.9998999948350342,-0.05316781577926222,-0.058551475769954765,0.007173879899409275,0.8626682003614394,0.024782970523346964,-0.0031935388246813385,0.09511247239252896,0.9455485427699246
271.0,0.00013572913928381228,1.0748417446626594e-6,0.9945104158497087,0.9566759925746349,0.03191557910019135,2.594477342172588,0.09564018199087275,-1.0078997270316277,-0.12575058689734353,-0.1601684376843851,-0.033034902197630146,0.1595944513626967,-0.05644683151365353,-0.004639065370702139,-0.10649553900530097,-4.282567603770567e-5,-0.04844928996754148,-1.5030545245096019,0.292000133388813,-0.05111179102499055,-0.04968125760967168,-0.0501245798274301,4.337625073654584,0.6737620133884975,-0.023724262161295234,0.9998999981396011,-0.05309423735017723,-0.052726088982821176,0.00713962526978028,0.8644798476460698,0.021230592329553672,-0.004129854534128855,0.0979893566191995,0.9453582125459468
272.0,0.00013473870207228762,2.3384911542651357e-6,0.9928263669492483,0.947017258197419,0.034993573892025,2.8889351326560404,0.10894039440384709,-0.904052892933893,-0.009468191011423197,-0.4381584648052554,-0.05931691829724137,0.2968770281880425,-0.05003048896194937,-0.005170810601010526,-0.10336573845152651,-0.003850888809313149,-0.05947332104789246,-1.169231373357053,0.009939124741349774,-0.05002883758377081,-0.05007681579380971,-0.05008895842809063,3.9987390852778812,0.6514355862746505,-0.10180324149513578,0.9999000002636758,-0.05077925951675324,-0.04760108772221562,0.007555475428403311,0.8628431495787756,0.016892016589282972,-0.004072355249775464,0.09916029380801174,0.9450896404072666
273.0,0.00016371222401203228,5.577797936202743e-7,0.9885039107051379,0.9749341621254418,0.032315450327141074,2.4565615095199824,0.08625430127250093,-1.036379197357209,-0.05006203217874137,0.029658928336386992,-0.033465153444072415,0.10691934779421651,-0.04081105007409062,0.00243480821173226,-0.12017950979354937,-0.005220385362129936,0.04531789273719973,-1.535080186843793,-0.050633647229369506,-0.05072288728556558,-0.05335415307775611,-0.04999887119175657,4.59659326506369,0.40399811740720265,-0.1420377696721036,0.9998999949663663,-0.05264145083927709,-0.05447433189795284,0.008435143641527858,0.8583388105831868,0.01756616314111769,-0.0030702480704834353,0.10247447409686881,0.9451347108913706
274.0,0.0001712283969921169,8.482294046841771e-6,0.9856167858073545,0.9993020620909377,0.03560621921642217,2.6132046703814695,0.06436579144536167,-1.404295453931017,-0.06769381995314214,0.10024561761958858,-0.04041198866435825,0.1751643091413592,-0.0516048081294495,-0.010277044335590358,-0.12027016372098005,-0.008732949266890397,0.7760612117324598,-0.6036725167804218,-0.027930727350120973,-0.050016627319332804,-0.04975788039154243,-0.04996979029929197,4.073817492949472,0.5928845216566693,-0.09905607102454213,0.9998999828409583,-0.052643692150838084,-0.047407986570204785,0.010365218815488693,0.8549146259763769,0.008898829382696928,-0.0027596506754706696,0.09960149348125984,0.9450455230815396
275.0,0.00016030735025649622,1.5036725712641113e-6,0.9943423490460874,0.933942395774134,0.03165510154851646,2.508665407457418,0.07013801700880776,-1.0484924009123728,-0.042210779843201866,-0.06027903626906596,-0.03933821713644262,0.136494863097703,-0.05172683240353936,-4.313504848879464e-5,-0.08755041538226258,-0.0046649820487257125,0.7638537731560681,-1.4241405899466448,0.025253117922820877,-0.049880922820544876,-0.050466077158623585,-0.049974974544043406,3.6109196905677257,0.6547635140261664,-0.07607727056751387,0.9998999994883193,-0.04865177319615898,-0.04417426676594756,0.007021169116823487,0.8648991539465554,0.017737145331170174,-0.004468976869275481,0.10094074027580617,0.9452384786224379
276.0,0.00015743748016965923,2.213233392938178e-6,0.994718056092178,0.9252642334283406,0.028038627848693654,2.67813340795657,0.07436523807706526,-0.9968290040266607,-0.05708705559720344,-0.03131340254855797,-0.04110176861179253,0.20708081006515316,-0.056320384898627986,-0.003698792792477949,-0.0892099991320295,-0.004249670989319656,0.04673115997781057,-1.2442793559255856,0.01376641916518066,-0.052484263828680724,-0.04931422508251943,-0.049775864628087765,3.6637705584243996,0.6411864717133509,-0.035702091138864134,0.9998999971163494,-0.04781880024812766,-0.04723756017408538,0.006051278969468417,0.8660122462355446,0.016922896105005202,-0.0036352904758314626,0.09926367922838786,0.9455020570336936
277.0,0.00014283864669273528,2.503368598997741e-6,0.9957375406552194,0.8990664762307595,0.0270782818087402,2.583528785767735,0.07839982204034275,-0.9619786612082893,-0.09974702696035552,-0.05657566317664119,-0.03589176112253969,0.15065292154449353,-0.053129895456272114,-7.365980097740115e-5,-0.08824341701490321,-0.005766381303909521,0.6548160291269386,-1.1301887402393809,0.14326610629553704,-0.05032693886913548,-0.048991966058072225,-0.05026560458349604,4.074933474979531,0.38467339319655275,-0.0574199470886784,0.9998999866441121,-0.04627645194898393,-0.05576718690344903,0.0010453600945702606,0.863987760725796,0.017079979727714686,0.0023789384166623745,0.10011157313933144,0.9458046384878971
278.0,0.00015772580015058487,5.419434733187398e-6,0.9958709768001651,0.933676691482962,0.04298808876770052,2.702922285596733,0.06618878344750938,-1.2777454106036108,-0.051977288357687265,-0.052039034331285317,-0.03718046980107741,0.17246126118381733,-0.049488329899566946,-0.00807182382421443,-0.09721467089529803,-0.007353481923781601,-0.04680035223629213,-0.7955195537343974,0.7148212192233917,-0.049969262124574566,-0.05064746578786139,-0.049970189864381,2.564300505795066,0.9721986228862807,-0.03502076475471775,0.9998999973089009,-0.04734456000815818,-0.03452212484180305,0.0038394681196123976,0.8632305540640017,0.020370837395742372,-0.0021145448051129515,0.1053111985612855,0.9455612932624262
279.0,0.0001632710843806066,7.592087927562973e-6,0.9955311656571649,0.909694918859483,0.033025171789653876,2.5086187679165635,0.07653481919508137,-1.1590371739960454,-0.05083698317783525,-0.050015936654654064,-0.041896488050296166,0.15795971057070224,-0.058157805438568605,-0.007089279933686263,-0.09544123778068658,-0.0075614433904382826,0.5732612060115599,-0.6703550230255109,-0.041612622577734286,-0.04861468774943785,-0.049315258113515184,-0.04972366442543014,3.3390291821101883,0.6625072854035483,-0.008647496846798566,0.9998999823843648,-0.047768223876289435,-0.04410267288200259,0.0016225136164860314,0.858635944504907,0.02122400874048243,0.0006774167245018098,0.1065680899287301,0.9458702377503361
280.0,0.000154284067613925,1.0801614897574802e-5,0.9952184952631644,0.9283039546045662,0.021823255277119348,2.754996093947545,0.07685642832051776,-0.9243522000420156,-0.03813937674331828,-0.07438807862008551,-0.04242097930733784,0.24924100777240846,-0.0526155629153008,-0.01224144662696468,-0.10569434248949904,-0.012331988888673366,1.1775022850183448,-0.506582259716369,-0.04024164009998263,-0.04996938742481392,-0.0508315379820337,-0.049890674223912114,2.996779707816632,0.7621273304449105,0.10398638930411955,0.999899959300774,-0.04694910732209692,-0.037019520671442686,0.009585301846631084,0.8466129172354357,0.018106527252532274,-0.0058275426186153,0.11156258808439444,0.9452157475747813
281.0,0.00010620049772823378,2.9204528040822547e-6,0.9978450069356491,0.9310727835775214,0.0435110649115107,2.4209520746245814,0.0942406622084327,-0.8188090792784627,-0.02819413050213436,-0.08401239793789567,-0.04566912999420232,0.1524277343682578,-0.04735605703590268,0.00024482361638881653,-0.11255996914028735,-0.005604137381837315,0.6584004183862611,-1.0779199545509195,-0.13944863024749501,-0.0538968852593966,-0.04896490236869217,-0.05027899450361126,4.099796770720481,0.23620584760683816,-0.015542919734947234,0.9998999423557844,-0.04443005964796596,-0.05575501709822771,0.00613404206227883,0.8394796776306737,0.01748803248723314,-0.0016430407005718476,0.10658702772496112,0.9449826175175906
282.0,0.0001434345011235466,3.6835817909196758e-6,0.9953143228238389,0.9098654910340765,0.028155663439302335,2.5719302119751677,0.07647205779583695,-1.0380691799868014,-0.05149740728575689,-0.039350428895926104,-0.03908128624743332,0.17443234628704563,-0.056537838275443834,-0.004534385391473794,-0.09047866632026906,-0.005658052287034259,0.21955970514594697,-0.9324415792823162,0.014890472172669218,-0.04999908848912826,-0.047330957351739734,-0.050201271124878905,3.6641679513503957,0.5669262144045042,0.005931437793376202,0.999899986248993,-0.04803939051520232,-0.04893783770442003,0.005798659878884465,0.8564006583008086,0.015883286301955287,-0.0035251260774511587,0.10760405606369908,0.9452064012228789
283.0,0.00012193615425256807,3.366280440175691e-6,0.9929163355308853,0.9295290489068507,0.03192718497918863,2.431398062918544,0.08567674333225431,-0.9977664679857469,-0.07621542056381235,-0.03529002058520732,-0.032310524802541034,0.12756019180653683,-0.047158687338891433,-0.005950794209339246,-0.10671097852152558,-0.002569694832527034,-0.05179286889571204,-1.0072520005600378,0.045181503710249475,-0.049032442948919175,-0.05010334231348754,-0.04992824036958733,3.9612816899480765,0.29644939694396066,-0.06498671385569245,0.9998999476807187,-0.04679866919200173,-0.053494323542069455,0.005848214645742968,0.8418588846596351,0.02098814951062352,-0.0026235263585038674,0.10829659272648016,0.9451924637971689
284.0,0.00014735083951178103,1.678015078994077e-6,0.9940719390092064,0.9253173713769739,0.027707374171409806,2.5600664124221892,0.07217748361781548,-0.9128661531738512,-0.050012889802051756,-0.0525495731867953,-0.044423657017918665,0.1569005056427345,-0.04706910083848416,-8.450176430376059e-5,-0.08422913768070266,-0.004625565698986068,0.5164148298600014,-1.3488401300670767,0.0520059785064722,-0.05146091269963541,-0.04630398349473807,-0.050022813223658494,3.40178975596614,0.6364873787028358,0.0842359859715472,0.9998999644473698,-0.04809963776025547,-0.04248372005033981,0.008565567508064512,0.8481565076171722,0.017197099497991773,-0.004665336819109915,0.11011582154924703,0.9450231420669073
285.0,0.00012167218801202664,2.3971692826426785e-5,0.998773063261056,0.9700511284925868,0.030622644798284016,2.641218742315505,0.08688568497705186,-0.8144240669714853,0.00139853884879153,-0.04139546175817695,-0.020934280009377835,0.11500943913531513,-0.010348961024014275,-0.012487891351152013,-0.13119549530241562,-0.013265869250803567,-0.05861658946291304,-0.3862689725769067,0.8026942546024276,-0.050763065292852655,-0.051614242818869394,-0.05002947827326575,3.6975514712001085,0.6848606801536463,0.03532166914368744,0.9998999963644934,-0.0489728189394618,-0.045656098321275616,0.005491865777009328,0.852824380279277,0.018917920992513087,-0.001979362813348096,0.11662315136282057,0.9445711855701036
286.0,0.00016993377284508203,1.1413080223484093e-5,0.9939851997864754,0.9094953909672375,0.03359796313847891,2.6386737428743703,0.073014028024685,-1.1291124074055174,-0.057244312172468656,-0.065478398164128,-0.051420636284220334,0.2057698331402596,-0.048136632201228595,-0.008398674760672707,-0.09664579172708243,-0.0086256270935655,0.7302890656049398,-0.6120313269121119,-0.040411180505780964,-0.04992719352133949,-0.054490866498704535,-0.05033428009540919,2.8684134891471023,0.7765247808465021,-0.011748722938780596,0.9999000836061407,-0.033809008133497506,-0.053481026835284794,-0.008976547945697362,0.9042922071773742,0.014913422138189957,0.007960450741721845,0.0776467189315174,0.9444115384811032
287.0,0.00014561014894663257,1.375199080648682e-6,0.985746619202348,0.922020391375855,0.023097957665790664,2.5146997001887645,0.06711443916908376,-1.2129079088094525,-0.04911410692971913,-0.022074687944189382,-0.04983764472985747,0.18953488530094179,-0.0660681629420686,-0.005261383097344268,-0.08455170057731855,-0.0006094002419986295,0.007128136021804429,-1.0917224167183286,0.284760407568553,-0.055361864028552525,-0.04874768115562138,-0.049720778900182,3.111613948252323,0.6912726258520073,0.022353030148724216,0.9999000840539443,-0.03374287985878969,-0.05097531590128667,-0.008503233056715211,0.9043645483058478,0.016256667447226158,0.011063454063388026,0.07356043739422223,0.9444107125072319
288.0,0.000181018765005564,1.5668603083849839e-6,0.9953220095856824,0.9042454988398755,0.032462571422051195,2.922291904278804,0.08603633463332656,-1.1951893572408163,-0.07431702087402632,-0.2533703933543182,-0.05010623377237632,0.4464966801333167,-0.07651001404841665,-0.0040345600225687225,-0.07705425691587704,-0.0026916592389415483,0.12285693094255294,-1.3949344966958173,-0.02566529954401989,-0.049820173396489406,-0.049462459301111185,-0.050003253439761454,2.2077166976524363,1.0392923470062208,-0.07098789555063076,0.999899972981297,-0.04748779044548163,-0.02536036105458776,0.00267349229567104,0.8583197998264502,0.02628293161359105,0.0029979338240507664,0.10152111552463125,0.944614646202079
289.0,0.0001890667387741272,1.49765828826918e-6,0.9924774325716776,0.9201256775730796,0.03175481075047822,2.512504766167615,0.07276539461228282,-1.283539927287234,-0.04714288086364994,-0.22439187191663695,-0.059972757849814595,0.20949671064693093,-0.07592377067631746,-0.00010205542225100307,-0.0756509344272423,-0.0041435355585741,0.23377657205256264,-1.434133338951442,-0.028043424245193068,-0.05143273107163784,-0.049621263874275005,-0.05024528265527285,3.9243286810318887,0.3964020810209935,0.008828747255896987,0.999900079911018,-0.03423291062336387,-0.06258850552077462,-0.012377227434070841,0.9030060097902284,0.02144757195568866,0.01409379284083078,0.07171718253021987,0.9444420724496736
290.0,0.00014709244639196924,1.9390110913861527e-6,0.9868322114748027,0.9034562051681807,0.014551729125287826,2.4358670528916515,0.07079499356165843,-1.2207926558061082,-0.04589663618844493,-0.05532626921183241,-0.05246780455052251,0.1790287016965478,-0.07085443996947348,-0.0038257418653178036,-0.08249153446808875,-0.004068384464675506,0.10098389281611503,-1.1239544245360726,0.05743607031590529,-0.05664391740250798,-0.04392691918951378,-0.04965286084929472,2.340488459348329,0.9704985491055237,-0.10757934744069665,0.9999000841817525,-0.03534227108361664,-0.04576980717982927,-0.008468411475207653,0.9044686472306631,0.013527259458265295,0.01023396726381586,0.07457327127033979,0.9444102359042523
291.0,0.00018382111614161957,1.879095392007378e-6,0.9947542316926533,0.9019429965277125,0.03209932527720673,2.6535242690634235,0.09186469535115759,-1.0800529696734353,-0.05659566882564714,-0.5490130227033971,-0.050083657846577624,0.12978821012350014,-0.059228930623873945,-0.004534370096075678,-0.07164211985229516,-0.0025813441647542985,0.16234464731430057,-1.277930499689155,-0.019680720258279445,-0.057730945910696885,-0.05001398844677678,-0.04883639033539271,3.734423884652095,0.44261837924026415,-0.11231235514171044,0.9998999854934905,-0.04608356736389303,-0.04251078589626583,-0.0011403116965546193,0.8623559484663199,0.028211993071702714,0.006227861035303465,0.0983049642945642,0.9450692645277619
292.0,0.00018286168123492175,1.5151514042597755e-6,0.9951537702074519,0.902850102422045,0.032351362554748325,2.500285959592811,0.087619413086992,-1.0550814394995134,0.039832770526396354,-0.4872319290723112,-0.0468625655345738,0.11497500380665907,-0.05805511383567445,-0.002593603111123736,-0.07405396222484509,-0.0035013417058085165,-0.0538816162596105,-1.5316157555230394,0.06765411620538607,-0.04915917953078709,-0.051335471356798994,-0.05008149041167251,2.365785133419851,1.0607441428071271,0.0034580011486180836,0.9998999766244794,-0.047243652255417205,-0.03220424589560119,0.0020659656712717685,0.8601231435552881,0.021968642871690907,0.0017140411165422749,0.10383720165876488,0.9453039066710347
293.0,0.00012244907835536466,2.063499750299327e-6,0.9933122891944873,0.9124118225878891,0.01644723522783915,2.553396902793993,0.0686334182695025,-1.1391706842479594,-0.04769133593841341,-0.05358458558963253,-0.02287043625079972,0.1440309005416102,-0.049337994091747696,-0.0049239142089041255,-0.07994453364252851,-0.002901725989578557,0.14264497351810557,-1.2804818873963337,-0.003021873839238646,-0.04382383553791763,-0.049249652670742085,-0.04932305422769525,2.104194533382381,1.0752025641682872,-0.07613830744583891,0.9999000839598486,-0.03527241010639565,-0.0448788928987883,-0.009437158256720675,0.904425073012928,0.015313427157028771,0.011059024703851122,0.07448914892103747,0.9444251726649457
294.0,0.00023302559304107763,2.0538636777509027e-5,0.9899155281063066,0.9508380310105564,0.025977652394109103,2.343461384750296,0.07313055448994428,-0.8877332144486673,-0.016386145844353914,-0.05547306163798082,-0.0510929213458732,0.11417746020113569,-0.049207696554851445,-0.009157843043673843,-0.09491715534008745,-0.011615216855182565,0.6149910922243624,-0.359464263975584,-0.06470508312203901,-0.048031326343826654,-0.050350678927555625,-0.04999701620821768,2.0331824418506477,1.1570271375109482,-0.16115341278188383,0.999900008508334,-0.04709422045308538,-0.03929090293389833,-0.004516253935492855,0.876533836893818,0.00891601633790656,0.010029510264792922,0.09704106841881037,0.9446862810215826
295.0,0.0002619789653497384,3.0961565555252116e-5,0.9921504796330362,0.9694160426299329,0.029203779127034375,2.5574630576568014,0.06356303777631969,-0.9247188544007253,-0.0974117579098103,-0.0456373086016947,-0.04260643148937497,0.11018082082649094,-0.048306304495379294,-0.01273659900862245,-0.09934681836910807,-0.007810825489127204,-0.02673734516066009,-0.2234575173451847,-0.020146651495657673,-0.04868560435715842,-0.04925334005541202,-0.04993122660053481,2.3261339790201423,0.9450009623413411,-0.059494919844889,0.9999000797978292,-0.03668944765918372,-0.05437923239256104,-0.013962127802555211,0.9032166515034192,-0.00032791934126513174,0.020516715682154574,0.0732704054321162,0.9443860999513154
296.0,0.0001280664158957395,2.7060296001432733e-6,0.9861424635306792,0.9337218057075288,0.023646346315741303,2.3124085661937355,0.06488159070014264,-1.150735945020407,-0.06187878853482409,-0.0496497513009604,-0.04372271165268213,0.11001636836249683,-0.05375557581608503,-0.004493115101237835,-0.08514099273171206,-0.006041579387208179,0.05358363026545787,-0.8067131164470377,0.03777683824984046,-0.049524942478985645,-0.0507126882971746,-0.05005500932987433,2.767055168673377,0.7501723359622803,-0.061809610461276546,0.9999000845016037,-0.033946710948919226,-0.04699145700697199,-0.00829914071469918,0.9045719496267928,0.01712957987746048,0.010328655593077598,0.07470452082058211,0.9444189770650102
297.0,0.00014111548218511598,1.59901135486467e-6,0.9958532127910531,0.9130582069590744,0.01681124900209807,2.5449219612959775,0.07908641792699365,-1.02792391656971,-0.01930085900579328,-0.2598596910046717,-0.020884350716426543,0.13197666274076422,-0.04922771124123215,-0.002965224671404823,-0.07785005470367148,-0.0033146945821962578,-0.0443010407343252,-1.4675024153239007,-0.04846167716465233,-0.04697742043979839,-0.05067542002195089,-0.050036553076546954,2.5353054474994066,0.9521013697539851,0.01758272224330117,0.9999000832441427,-0.0342475354188183,-0.04831171933322707,-0.009773895462448582,0.9041977465963817,0.01658900583116826,0.011432757639766512,0.07332395154002493,0.9444304618238011
298.0,0.00015300332784932093,1.169068558217103e-6,0.9862119211027207,0.9414799138033683,0.02279628008133918,2.4704630697280785,0.0651818510110057,-1.1952074531625845,-0.01594854436541574,-0.051778847163032354,-0.05251376511594409,0.2006149765253741,-0.06721092818684019,-0.003337712825050101,-0.07963703593394121,-0.003143637286086938,-0.058582121791832545,-1.3678063015812925,-0.05479034037670513,-0.05627579983364721,-0.04955139930675618,-0.05004886625572986,2.9150644521284184,0.8494385990272518,0.1264478104862614,0.9999000845229546,-0.03441530755421555,-0.0493487218097604,-0.009429243916384937,0.904559632547824,0.02031802987434587,0.010962228756552193,0.07270520058698464,0.9444298353370488
299.0,0.00018592424626538495,1.2563921537807676e-6,0.9962183049532218,0.9081454980326804,0.03695742155573624,2.692376022129674,0.08759949860719025,-1.1823948559623376,-0.050037362153874596,-0.4819389580909641,-0.05016729303139111,0.188334395159607,-0.06288474353288319,-0.003342114888834367,-0.07101605631458471,-0.0025276768770793284,0.12322974754582669,-1.6173619506711387,-0.051436671136156235,-0.04958994758017661,-0.05010216115629158,-0.04961056970260145,2.5510026875893317,0.9343206237043924,-0.050052663620281816,0.99989996286398,-0.047454039811355264,-0.031511275797527605,0.00016722840717536719,0.8608122009410191,0.02887936464185217,0.0030174712397682824,0.10164092783241183,0.9456516596288778
300.0,0.0001369240628227884,1.0859872087248036e-6,0.9914911287362699,0.9226389742749022,0.013966792006954979,2.444906247553588,0.07014678653904163,-1.0537901077735434,0.014998035724721458,-0.048120760962193414,-0.033363947630064596,0.13943834178801598,-0.04734161580326317,-0.0030734304491460544,-0.08125289500210581,-0.0026047779008936535,0.02039564205715586,-1.6144820004762372,-0.03308226684017807,-0.051080020898961,-0.0504076317698735,-0.049913746785532724,1.6618501079499406,1.270707565663207,-0.05705213598697323,0.9999000690222721,-0.03666667581409621,-0.03803105826963566,-0.006255059889706746,0.8997895188570326,0.018757154140892046,0.006654529257196002,0.07894679529904762,0.9445863381756681
301.0,0.00017492630078431905,1.3360692496648757e-6,0.9958012950940252,0.9160164271852156,0.02823768363941559,2.681569231443178,0.08806062740787404,-1.1905170588275182,-0.05553317864786505,-0.46328562432025655,-0.04989887517051392,0.19417400541445448,-0.06208329998324548,-0.0038766898775535017,-0.07138354355792818,-0.002483230939836624,0.14558896069246458,-1.5420090724455717,-0.031818430236720804,-0.04710712981231142,-0.049957252792169955,-0.05027522325551712,2.9081681491892266,0.8522872664568638,0.08452989808914797,0.9999000826659654,-0.03565492241492006,-0.05131077191702495,-0.013219241462683794,0.9039626365991631,0.025230540966185946,0.013027247282495609,0.07131586209100477,0.9444656281431252
302.0,0.00015195740066006278,1.0404423013407172e-6,0.9917221758813425,0.9251891544721682,0.025111470243661723,2.1692816498830862,0.06604086292116157,-1.190156120901364,-0.050462435705673374,-0.0594448674377012,-0.03945003697281257,0.08977205155861205,-0.05970272049221377,-0.0029108391274421798,-0.07761991872242271,-0.0024649781703544467,0.005056267105069218,-1.7213127113898552,-0.04378339755480016,-0.04692805254341908,-0.05209709120233679,-0.050160286938973495,2.4299285721603883,0.9533594482976794,-0.058695719891238084,0.9999000837775538,-0.035243229814356486,-0.0445117896222986,-0.008744646927375479,0.904322974820428,0.021187545911348294,0.009389172920846308,0.07347451694161256,0.9444449582517793
303.0,0.00013649091357185146,8.738404644849794e-7,0.9922836812776621,0.923603787166872,0.015721751423630595,2.5071801169396277,0.07043605132598225,-1.1065149704315551,-0.07918791860413035,-0.06964663682574185,-0.031095704243173424,0.13284871089782055,-0.04999837185443308,-0.002723347714866258,-0.07843813196680821,-0.002526914180334425,0.0521278565798758,-1.7993082573733594,-0.0023383026136324864,-0.050274620073415315,-0.04901288268555062,-0.04986910527673576,3.570504862907026,0.5450754510219479,-0.05440091169685173,0.9998999701361191,-0.04557654382938351,-0.03748685325094025,0.003008772590060668,0.8625082221210647,0.036323287858640814,-0.0010636683851983077,0.10359955545678562,0.9457030557771153
304.0,0.0001603942457460765,6.896962344860537e-5,0.9918133593072931,0.952231019465584,0.044152195966523824,2.632069426770481,0.05754060680997341,-1.2916675034224996,-0.06123673333193108,-0.03887089337938232,-0.03247931063245437,0.10615769734820586,-0.028674074207959144,-0.014225394204180042,-0.13495404415439127,-0.012400157854323657,-0.04524200890448803,-0.05002057300654377,0.5592548158325958,-0.05173725006938569,-0.0469057136048486,-0.049973188399179205,1.6015677598858935,1.4080289367181564,-0.08898214365799277,0.9998999986591512,-0.04829140044973605,-0.021024508276419197,0.004204875401987289,0.8627971924184865,0.028058532953010917,-0.001781235044085906,0.11560964129050934,0.9440796248470262
305.0,0.0001681337186667355,1.4225151437467581e-6,0.9945176932630287,0.9242999394172504,0.03944702900724999,2.2259822775877747,0.0714278296611476,-1.2783662406599423,-0.05491204092847022,-0.2778719468443783,-0.05071894322228794,0.09347800532232937,-0.06633389533296115,-0.0031144242123399726,-0.07406239680488014,-0.0028115895892254,-0.05152321708074576,-1.59152031572809,-0.04579146091727624,-0.048831211257152764,-0.05032002569036193,-0.04999510142454092,2.7108043001174424,0.9014743239248858,-0.03306052604694637,0.9998999764648842,-0.0476619034260968,-0.027644425794785692,0.002422068640845787,0.8614295244901977,0.0380230088433963,-0.0007705039920102444,0.10482379159402622,0.9451973362672892
306.0,0.0001386277940593956,1.956085893324379e-6,0.9829721696329339,0.9427066741552053,0.019367066352541373,2.4693722337092416,0.0657345999847406,-1.154235727507193,-0.1405869480695573,-0.04696935086764242,-0.04610506801451032,0.13197889404061403,-0.05480477100796665,-0.004684176607448486,-0.08282776975946193,-0.00429133535037428,-0.12127843939840999,-1.084909401671482,0.0774715184816013,-0.04268383730557596,-0.05070062316396957,-0.05070480565078001,2.291104010105021,0.9465838417785193,-0.04984910056362335,0.9999000845649157,-0.03469281275561112,-0.039115469671020295,-0.0069378125725893915,0.90449535530685,0.02083424578922934,0.009697167851411663,0.07339143049757132,0.9444349460321002
307.0,0.00026718312933607976,3.136472322534392e-5,0.9886357650916303,0.9545500642106779,0.02256786689481078,2.405913594847181,0.053171996601546256,-1.1467494680347412,-0.040783347844784164,-0.034524399986903855,-0.04932759758956437,0.11074209246171206,-0.04954117162328877,-0.00822135230666366,-0.1002748762003454,-0.01071240942483659,-0.03273290329143019,-0.38316190896820423,-0.3812866202828345,-0.07085689430421997,-0.049889083950766744,-0.04999826415118038,1.6859397674072278,1.1404032074007324,-0.1236609885612204,0.9999000851478486,-0.036192686351684426,-0.03665942093920135,-0.00895068137054885,0.9046759356987699,0.017948001634084006,0.013167019432946262,0.07506080314174153,0.9444207864887577
308.0,0.00015670245437559443,4.675404137640445e-6,0.9874604558676506,0.9476874229523391,0.024249521877296662,2.5667974980037944,0.0653192109269725,-1.1781372431341615,-0.05247674671312841,-0.031139862628307445,-0.04846468598290932,0.2128683104964406,-0.05678350343263916,-0.004249081531133155,-0.09360050111544434,-0.007648584102867929,-0.059812531659333125,-0.5692526921963161,-0.048164612151134656,-0.049495311881393195,-0.049099167780187074,-0.04981745131515809,2.252004262478631,0.9429720993995582,-0.08426423212275255,0.9999000850779705,-0.035167917926301945,-0.03821701414595862,-0.007882141529178531,0.9046551819675985,0.019055072255394108,0.012801408436198227,0.07080462165198192,0.9444282801844939
309.0,0.00019045813344738716,2.214226764458894e-5,0.9952393414523137,0.9250855766794438,0.019652905616577638,2.6481289222547786,0.06771018404583976,-1.0479952323727326,-0.052129607246130284,-0.07124053039725077,-0.04973146548761449,0.20277100370998866,-0.04959961630619021,-0.009652896026907519,-0.10279554743588022,-0.010278806316942724,0.5972744167504536,-0.3663861373318046,-0.37613812939518065,-0.04988530699824727,-0.05026922268234717,-0.04998164632433784,1.4808864614182229,1.2524668554868537,-0.1391424961851595,0.999900083532419,-0.03782725687608639,-0.035540932375919515,-0.010334868181657597,0.9040744111238914,0.01831891298479271,0.01554643477734858,0.06928846476839134,0.9444361061773039
310.0,0.00021355428473108926,1.78969204242091e-6,0.9927038203679148,0.9517884058322111,0.03465458626903485,2.4214082652462157,0.06939832212746942,-1.2964440581190588,2.9214721783930218,-0.4037021953573886,-0.050129885219542085,-0.04952301257038031,-0.05311299595839434,-0.0031170010240201607,-0.07491198367975366,0.002422364792625687,-0.04419503202240787,-1.9253133276956214,-0.41200973452438855,-0.04913554866848757,-0.050055092826931095,-0.04991055226540808,3.6333463343533725,0.598314810137879,-0.14002436564070406,0.9998999984096719,-0.05060680855059709,-0.025720867537860893,0.004451571770817574,0.8631112021830427,0.04482979367438976,-0.0005627498171728609,0.10731689117631342,0.9448031656439069
311.0,0.00013510632754056804,1.318067358066007e-6,0.9854595010132524,0.9409839336568404,0.02289797101095874,2.499999451157696,0.06461133211392438,-1.1820727821479295,0.002360884292499799,-0.05016832292563482,-0.044565261441845874,0.1828653149010371,-0.05271913752175768,-0.005079815989642181,-0.08261111199807496,-0.0017427554693012477,-0.008516934102142696,-1.0878189647043763,0.04648368804001505,-0.058296297086425544,-0.04767795236213677,-0.04871925187227441,2.2467697239864517,0.9314272158327541,-0.2071450805370891,0.9999000848581827,-0.0363225769366671,-0.03549556291153005,-0.0063128315439577205,0.9045768066678979,0.023141182455999085,0.009838660734524914,0.07253074781852953,0.9444432379542285
312.0,0.0001514175419356637,1.6137106654624077e-6,0.9826384114214854,0.940176428303751,0.021854711510086507,2.453651760858499,0.0659028839599233,-1.1875015393680664,-0.07042234614250305,-0.021308029846918666,-0.055159595270246005,0.17400064107034818,-0.06291326392714197,7.431970708162489e-5,-0.08620979291892424,-0.005565407601276977,0.21872674061368944,-1.090406705321142,-0.08512259304567252,-0.06946415863763818,-0.04984644260327197,-0.04949421339905983,2.069294415868896,1.0466222105450822,-0.07579615546761655,0.9999000851195148,-0.03569990295607632,-0.0364367093669551,-0.006502101684470609,0.9046843113147278,0.021865207829213543,0.009083729608695974,0.07300600151800629,0.9444388697963939
313.0,0.0001734935487369611,1.1750542506948904e-5,0.9949300830734185,0.9237555951383561,0.0257174437647244,2.524451286701316,0.06381095261559079,-1.0895972668016103,-0.04644293108572757,-0.06439484403625297,-0.0490887193895856,0.14797871079203723,-0.05389673538567414,-0.010563858553988012,-0.09166061545467272,-0.00508754725147139,-0.12114938389183663,-1.0869414911677653,0.007655282117355435,-0.011454360641801746,-0.04984712185195769,-0.050077166033455196,2.7433170780548872,0.8232695462120773,-0.015917321561716193,0.9999000841519785,-0.03640438158112051,-0.04171848978194429,-0.008595013797611671,0.9043556070767886,0.027275167627320296,0.010319384009046303,0.0730304069977052,0.9444600977695208
314.0,0.00020039251947847865,1.996866752989576e-6,0.9962193660314419,0.9078891810291222,0.04364063913432055,2.346690920454613,0.08623080760456418,-1.0775716391240528,-0.047807898034067854,-0.527934194436201,-0.05061648362612394,0.08985572440925278,-0.056990807471423884,-0.003096882652560497,-0.07174798510841991,-0.00374564348345828,-0.06783380574462963,-1.3859319981151068,0.09929084377568441,-0.04261539596535057,-0.051005764042546774,-0.050164509937839406,3.1432010603780554,0.7070993160063522,-0.08300143671872705,0.9998999642622786,-0.048262849637224305,-0.027410699523771082,0.002629388312856851,0.8588590845114918,0.046272940761744,-0.000968763694790247,0.10220751332516122,0.9458206050707354
315.0,0.00020740570165620544,1.242054695661908e-5,0.9964670891105964,0.9573490793669309,0.028099069148436403,2.612438281600998,0.09229073657412748,-1.0154699918983512,-0.052771381493725976,-0.050383843577650134,-0.04963404654064074,0.18157109676345287,-0.0500130344035588,-0.01140636759698576,-0.11606468760742883,-0.007999982122117213,-0.8662673195445346,-0.9384485345905305,0.3047225034852189,-0.04648842112976694,-0.049952731180939826,-0.0498786273000197,3.3937336242274405,0.5551101884935937,-0.23159556244298943,0.9998999962852582,-0.047141641095635525,-0.02916428273967358,0.00443487366540465,0.865121612705573,0.03665125558471488,-0.0006847763084670904,0.10590984073334252,0.9446549281424026
316.0,0.00016321239646985595,1.05651078370731e-6,0.9735373876462643,0.9440005541607261,0.024696472304998218,2.8552987728740384,0.06257022447105441,-1.3187549924734714,1.7441931594602045,-0.061552925183479046,-0.07566716295097776,-0.04650544013627646,-0.08144528573382383,-0.003666053375234761,-0.08792603779304167,-0.0020722066832009433,-0.4080256164560122,-1.478467198511678,-0.0858479732072251,-0.04881047855472418,-0.05306559895642308,-0.04992394691462111,3.9154923754030952,0.32078682042182677,0.04515571507208574,0.9999000796260806,-0.03508443561884543,-0.047096807055445084,-0.0077370090211807555,0.9029464108015068,0.039082236151053724,0.009095016981135465,0.07392349225087161,0.9445203227358592
317.0,0.0001924321518864733,1.0699642046488355e-5,0.9895707595287072,0.9518732284288326,0.02282910276057861,2.6974729359454503,0.05722335109015103,-1.0908342894964318,-0.033390300377803786,-0.051096845553412755,-0.050222115557634006,0.20949600537153773,-0.04884180736100348,-0.00782736327039326,-0.09294800655277967,-0.005384512389570442,-1.1240306764553423,-1.1452374616406964,-0.012206571451326973,-0.048575793775835006,-0.05029953145398998,-0.05040382075173451,2.7216088293607923,0.9147794784497005,0.0594840358387955,0.9999000846530328,-0.03703817474831647,-0.040605044721727775,-0.00832199665620993,0.9044746327608648,0.02913391278096454,0.010615933604704484,0.07084719585289367,0.9444641876457283
318.0,0.00020024820795040092,1.0408147724864514e-5,0.989480482518041,0.9547452280894133,0.021953050058118113,2.673099875672598,0.057170954476237254,-1.1548330319744158,-0.04877165451062135,-0.06744324174293116,-0.04786420626427693,0.19252896950110984,-0.05158941348097458,-0.00849634226898936,-0.09062929180229354,-0.005482771514444641,-0.6045885544805776,-1.0928851680601084,-0.004947229618340683,-0.021732913633793323,-0.05074069006908808,-0.049520553160649954,2.40979108688812,0.9815257687530414,0.028173282962952975,0.9999000847437556,-0.036694502964580274,-0.038538339932528184,-0.00818562550089159,0.9044995810868264,0.027953054565777406,0.010504745054864904,0.0703203531780032,0.9444636452015132
319.0,0.00019984333356781774,6.33097124861472e-7,0.9968154615035244,0.933721538664526,0.03363328147789384,2.521078468663498,0.09311858264804433,-1.211650300360939,-0.05000702004940385,-0.5096162918409671,-0.0509504618138709,0.1637014641407337,-0.06558842202162454,-0.00030449896190342616,-0.06876111869824898,-0.003381163145016927,-0.3559501314209456,-1.9023350594029105,0.11890944582907632,-0.04998931689318617,-0.050091360035609385,-0.050014437624165416,4.142245583987847,0.24856852236225235,-0.21318838775436252,0.9998999607445929,-0.04870434564300371,-0.03333572097074148,0.0014205257460070057,0.8620061322792221,0.05005344517516698,0.0027307333570631797,0.09305886227568128,0.9463117359132145
320.0,0.0001742094245381377,5.553897102283459e-6,0.9919026971175877,0.9517234588452673,0.023993577506518555,2.4696527397316235,0.0687192225729667,-1.144447810428754,-0.06160457494702578,-0.1491325209898245,-0.050117028744103065,0.1615355839894465,-0.05240811530155679,-0.007721608045018893,-0.09172184256719453,-0.0043660641932811856,-0.17451235955956565,-0.6609041559591798,-0.048572383008655254,-0.04413118594291417,-0.0501569301689283,-0.050012263828239686,2.4156363834861336,0.9003317080532061,-0.13561133203359982,0.9999000849386586,-0.03724028979642592,-0.03641311898610108,-0.008698451674295017,0.9046098161379934,0.025178668958153124,0.013795796827108313,0.0677069864208132,0.9444574923032336
321.0,0.000169577347792621,1.3841233890885292e-6,0.994813722379895,0.942147659286015,0.03578935206014785,0.7291972374688306,0.07134914036818932,-1.1945359293423663,0.9834126276130919,-0.3635808768030822,-0.04884939289329333,0.03771823873023316,-0.050009336065310835,-0.002551685624579154,-0.07040225710206248,-0.0033652683442034594,-0.06085987307948552,-1.5778577254254185,-0.07258389286608277,-0.054586652398574007,-0.05029957776388101,-0.048462860244203654,2.8807815263724166,0.8190899506195054,0.05451862414991279,0.9999000840789207,-0.03777852643426608,-0.042247512957617785,-0.01243562528312676,0.904278153325278,0.035169458072909277,0.014113498943602327,0.06732934015695265,0.9444938078269349
322.0,0.0001580460191805004,1.2896193861663718e-6,0.9879936651643144,0.9467828164008978,0.01988811857940955,2.3783867484888197,0.06969944195059889,-1.1836946578621332,-0.07726823872600146,-0.10257075064328866,-0.04598240868329608,0.138583690048616,-0.05456618922408677,-0.005093213973094173,-0.08178897333111886,7.422742000794637e-5,-0.02700074173699153,-1.1762357185049483,0.5659724867435492,-0.05177369564494934,-0.05081999597133718,-0.04932287926535631,0.49104900200328083,1.9087017421711776,-0.037186468211603645,0.9999000864085041,-0.039335238544700085,-0.028261632180650843,-0.006362061261783576,0.9050705529303495,0.016998261312965474,0.011748005206701636,0.06885131110553407,0.9444247144643321
323.0,0.00023047056623965549,2.2666884537098504e-5,0.988350367221663,0.956541739051242,0.020320549448838054,2.754367118486839,0.05273677809858026,-1.17009063721916,-0.04392541647277246,-0.0861224921958361,-0.04950441432891206,0.21560486604494855,-0.05238835181905049,-0.009003776379424863,-0.09340301790092363,-0.007670731246632337,-0.6646878713448067,-0.7229150822609386,0.009184931480347488,-0.0466430441884603,-0.05157152809337053,-0.050021660949800796,2.4957093726283266,0.7542386212401558,-0.24591219326579997,0.9999000851610587,-0.03769821824812467,-0.038628424888754495,-0.010070684691208727,0.904647527042608,0.024580856962884135,0.01492921240163743,0.0686545518105967,0.9444499876160355
324.0,0.0002017781178209111,3.819509071657041e-5,0.9961693923597058,0.9466716236630813,0.020838442473378117,2.6526239350878877,0.058663800060428394,-1.4174502595421465,-0.04832882659781589,-0.04851902637882212,-0.04899117170063962,0.17876422485105758,-0.04641183870356123,-0.011968459991633571,-0.11404085619096449,-0.008616465024561568,-0.5130078423059958,-0.6288193002541623,0.3273912077991401,-0.04998165160375201,-0.05002043696626992,-0.04990943759549606,1.893241912264411,1.078706414671829,-0.06816676982551197,0.9999000863989884,-0.034956680226791395,-0.0334058977808732,-0.006083954302608217,0.9050164421631186,0.02084047134638094,0.011847509129871162,0.06921260447765722,0.9444274873200076
325.0,0.0001858236532476632,1.4940439789565114e-6,0.9987372934189467,0.9298117717970299,0.026146988495029312,2.2218611409090196,0.08082453223310107,-1.126919596644924,-0.049433736091045934,-0.4906648210844834,-0.04118249956504911,0.06819455618751434,-0.046197179809455854,-0.003109156788210476,-0.07229757083249662,-0.0027374615205453994,-0.06069717275113815,-1.4950775889741885,-0.05027058583636349,-0.04458984785498271,-0.051172050348103855,-0.049966857858440815,2.8520783003775088,0.7621647068831686,-0.038477737366898586,0.9999000846363859,-0.03731674864964095,-0.04178863367151312,-0.011900018198261328,0.9045035253332212,0.030747630339478114,0.015160882408581324,0.06325091094045593,0.9444844173835008
326.0,0.00023663665523228396,1.0218323568481537e-5,0.9985480693550104,0.9619476263113322,0.028849239819342426,2.5615989325117106,0.08235091407489778,-1.1314212208959018,0.0238683393736273,-0.05021726601644165,-0.04649803346579695,0.1726575642173093,-0.05103536162731423,-0.011492468964743013,-0.10720456105103712,-0.005688494567181345,-1.078308434537561,-1.2935169051122335,-0.05323212149619338,-0.0366856577452406,-0.05269604860147385,-0.050029162190142175,1.657340672911445,1.3271892739420748,-0.21584361098838423,0.9998999925434635,-0.051765357541707024,-0.014279809863179638,0.0035376451598484147,0.8618269775452927,0.03548236145851747,0.001523182973527953,0.1082549624519102,0.9444713644348708
327.0,0.00015323369487195188,1.650047157025326e-6,0.9912028826087582,0.9464702672959865,0.023748935346543917,2.3701903579809764,0.06874926621664353,-1.1523947480512804,0.029020839358385307,-0.06724277066819934,-0.042220758240503344,0.1563108703898254,-0.05126393432174647,-4.4143253719703105e-5,-0.08397971622277803,-0.005646182392669564,0.5579581147586925,-1.1007246514164257,-0.05276620981066378,-0.04078053947494197,-0.05424166899924591,-0.050076707846101645,2.1072703778593547,1.1077251993059194,-0.027408279095248487,0.9999000857016054,-0.036775175604139544,-0.03549121028304137,-0.007278015233097986,0.9048554376185631,0.023951704312656377,0.01182674868422766,0.06812465638827493,0.9444484468699734
328.0,0.0001816893450432225,9.727278489304539e-7,0.9935403251494163,0.935746031063099,0.03375444590088052,2.172599910098865,0.07274013279559041,-1.1865129043461826,-0.07898923128607391,-0.32278968156993,-0.042742552289374854,0.06675682656061918,-0.05166204845971698,3.588640778310616e-5,-0.07333972539767294,-0.0037173297788217177,0.4436834968670055,-1.6368903936885268,-0.04965739264085373,-0.052002571747819526,-0.051920286095199344,-0.04952442314178538,2.3656382032312746,1.0384246566378503,-0.004756382494369351,0.9999000804586389,-0.03883780038303664,-0.03545019505244908,-0.010795625885281147,0.9032882010925252,0.03672804678878103,0.01266557424071848,0.06823217213083835,0.9445171144139575
329.0,0.00016402880515476446,9.64476698681715e-6,0.9919729799774307,0.9220707008685943,0.016042037383888638,2.477327439046603,0.06847876969253688,-1.083499584612087,-0.0026679888283769417,-0.049063833506121535,-0.050126585248881764,0.15925208608841404,-0.04977062241880949,-0.00916512985531737,-0.09621070593206738,-0.006833095930750446,-0.5862623391261164,-0.9712538984198978,0.46260935667193825,-0.0307184412605975,-0.05032432384211301,-0.050934219153080294,1.9109265583239134,1.2022949126970275,-0.0347671849528145,0.9999000851219406,-0.03960797136903952,-0.037091515338786636,-0.011925987390831649,0.9046280827024409,0.023326705297120515,0.01700261098540725,0.06590838413533266,0.9444497660680204
330.0,0.0001804921970792908,1.8530090729968671e-6,0.9886468800974385,0.9474817910407539,0.02873700766672109,2.4730425444667996,0.07072547492514844,-1.2806964512989971,-0.14672096113597516,-0.19515091102431084,-0.06601199493705259,0.18326025099942705,-0.0697686682537492,-0.0011539680468051854,-0.08288327539267766,-0.0059144540436419195,0.011853516906538639,-1.0387720320077474,-0.040607320076756,-0.06105806117578155,-0.05243747925040112,-0.04816926857931165,3.1169823761599056,0.513213401562766,-0.29280611699154185,0.9999000844662049,-0.03787268573349033,-0.0407166783496479,-0.00998138153544092,0.9044782074663724,0.028657043305011846,0.014946391954437623,0.06518141577171513,0.9444722727272459
331.0,0.0002293263459995042,7.08483800383318e-6,0.9962264611226826,0.9695562600672656,0.03314869119717855,2.679650342606753,0.07947985058129106,-1.2108787767417515,-0.038126318651682756,-0.06492129566788851,-0.046947224437367006,0.19872515649439657,-0.04999064740725172,-0.006639944689515289,-0.11063625819357228,-0.011498533566132127,0.22632603037195206,-1.332656644438709,-1.2912937160045952,-0.04959353245838587,-0.05071443760580143,-0.050008373599339184,1.912121525813946,1.2469480465193372,-0.04567151823751543,0.9999000856685487,-0.0386836162638284,-0.034466058495432876,-0.009224996952285904,0.904728928448219,0.025194474452867963,0.014482635752228155,0.06984593135267664,0.9444451691960192
332.0,0.000176155664805137,1.1704727949194056e-6,0.9921910542629843,0.9479966783945954,0.025367297484136905,2.3705656391067444,0.07036200739244318,-1.1709558928230142,-0.14085858120357847,-0.2280757632485945,-0.04739497018908213,0.10366692463537198,-0.05189792658114378,-0.0034999909359450824,-0.0805362654945978,-0.0027340329032018245,-0.07971599041040488,-1.426176002423,-0.49536183625476105,-0.042672195701926895,-0.051723693900988986,-0.04995563229953761,1.7968522017917468,1.4769688345788812,0.2338282765259853,0.9999000857958757,-0.03841028325916269,-0.03374413965177476,-0.008637939824659316,0.9048469068714551,0.024404547429345072,0.01353374264562701,0.066120699544185,0.9444510980050578
333.0,0.00017003666889431576,1.2872011769976347e-6,0.9956109852904549,0.9338465344152597,0.049171669739264234,2.153848736414519,0.0683611709819103,-1.3853798687151213,-0.09508645234274885,-0.4200045516182647,-0.03180994164331665,0.0520568181345469,-0.04863439539288864,-0.002980317025595301,-0.06865225150680497,-0.0028206874570477236,-0.06467581282250551,-1.539955890706007,-0.06391461331003244,-0.050521815005912386,-0.04996273852855564,-0.049841849882808244,2.4337931604596004,1.1776566558286312,0.3071831813730612,0.9999000836030132,-0.037716004648972366,-0.0373980493335375,-0.012496366821740998,0.9041416979342747,0.03746496550777103,0.014421740989842188,0.06593418775763173,0.9445113316514422
334.0,0.0002506567191180819,2.245344392217776e-5,0.9978194083858676,0.9540427456630886,0.02706005104989816,2.6333267973135395,0.07386967459643176,-0.8178871528873893,-0.031829004001023495,-0.1472029435613781,-0.04751710173753194,0.19534599271849346,-0.0464727416362531,-0.008447088183240213,-0.09460173415897506,-0.008611743815978236,-0.0463427230370484,-0.798688447252563,-0.7602318387813926,-0.04911232893590804,-0.04987348899719626,-0.050087971559652875,2.801817821792039,0.759559623299319,-0.06287265911609853,0.9999000844844841,-0.03874301878928202,-0.04784038665469963,-0.01833445087281734,0.9044404671612838,0.03199739530486512,0.020483638787521907,0.06900539206236034,0.9444813767975659
335.0,0.00020395885211071878,8.004647868850637e-6,0.9947289364762892,0.9685264750682849,0.039313818043034555,2.5294805265303193,0.0877948127420915,-1.1114192761957846,0.05583405354240333,-0.22907326753514648,-0.0553987090438826,0.17533320264333274,-0.041933344582863984,-0.008167986161682565,-0.1096328963978171,-0.010836555743735066,0.359489402235949,-1.1198837619956474,-1.0207769063725034,-0.05151238956322778,-0.056575925027434804,-0.049865082110552086,1.6892867867978874,1.4054362979472987,-0.08225164671654672,0.9999000025633431,-0.05209442522747188,-0.012496147696075668,0.0028323673832299687,0.8624862925970866,0.04103478355988952,0.002412517960233754,0.10270621148133027,0.9441353680739173
336.0,0.0002965592663638431,8.487671542752201e-6,0.990871601866584,0.9425148219344105,0.027141159221190335,2.503313144810653,0.06494904500627577,-0.8301841633065318,-0.08207381338490431,-0.06890835295355831,-0.05373679243226787,0.10067409342038397,-0.050964273087669945,-0.010315785837736006,-0.2022223689643756,-0.04248773237715388,0.5449181425762262,-0.7788086603979583,-0.47656131799339596,-0.049729785167107105,-0.049282627179446536,-0.04845894361538337,2.5181190612194952,1.0409961794089373,-0.0024987235872752454,0.9999000835103398,-0.04013595107465523,-0.03989891757416577,-0.013017201136372399,0.9041581214381389,0.03498346172495683,0.015256705875704792,0.06355079711939274,0.9445211092852372
337.0,0.0001613159967928974,2.981513159227101e-5,0.9979081778808693,0.9567841479828855,0.035183188540597425,2.5767045638232613,0.0835306991264051,-1.011790016600711,-0.05034400179241678,-0.04798746852166125,-0.04397458809338176,0.1341325895679781,-0.02554712377118026,-0.012257397637990353,-0.13566008367673751,-0.014288262599644996,0.6510416150868817,-0.3485076062697493,-0.2720344178860288,-0.04992471406158694,-0.04993289923702319,-0.0499551699842782,1.1430671366277383,1.5426393135066168,-0.1767436537409852,0.9998999967559932,-0.051018198724346035,-0.011047296709536126,0.0034236075279294354,0.862663025291676,0.03862876916153569,0.00047444714731063403,0.10846546690058657,0.9442329197053214
338.0,0.00020441265068677828,2.466728137347733e-5,0.9973128544061746,0.9551465180001858,0.030212463024813906,2.8199839247160883,0.0843574579596947,-1.2163769471575123,-0.05344604550428227,-0.05335723915921136,-0.03967849128280239,0.24127573787841647,-0.050308241928135315,-0.01188214282305275,-0.12824569001763866,-0.014735307316323734,0.6172642320410007,-0.48060737634560696,-0.3714586773252638,-0.04946254569661505,-0.049765230082395216,-0.04990031605749923,1.6095092430150704,1.2371595585612367,-0.29272084445885393,0.9999000096861632,-0.04953571040524096,-0.010433578547113099,0.003636080312463135,0.86647865883499,0.04187706123850465,0.0003078615561431453,0.10547795064539132,0.9441587322085474
339.0,0.00025147883594708214,9.354913279304462e-6,0.9987226340522529,0.9639747889953069,0.02873466247437828,2.5560983137750397,0.08540241728884419,-1.1372151017316858,0.054642461896507385,-0.08404932878257203,-0.047556511314947064,0.18314164176686074,-0.051791524326335735,-0.005595750540612144,-0.105139639381667,-0.011416049756271463,-0.05470897899793591,-1.3240817842626094,-1.3170333182400875,-0.04707012085476709,-0.05004167135680905,-0.050004842625084936,1.4703684592698942,1.5113809598973988,-0.12075292584872296,0.9999000012251569,-0.0514255869931259,-0.012870052371788978,0.002420370128795966,0.8654962461277436,0.03787796626524281,0.002356476143353899,0.10563555132912797,0.9442576348012226
340.0,0.00021460807276609158,8.261927122519159e-6,0.9967886385935467,0.9452062962840202,0.01780063174871648,2.505411770478839,0.060412630942949457,-0.9940966658152715,-0.054539638471789643,-0.04940758941044592,-0.05526031583570316,0.11035106445258865,-0.04831776427730263,-0.010231594234498898,-0.2185363805761397,-0.05129170054285601,0.4051409030469703,-0.6093184397525071,-0.3784113366292247,-0.05946132003394089,-0.0498193305549689,-0.04976730235576126,2.9462464779361452,0.808486013047892,-0.08684340085079315,0.9999000822815747,-0.03967528660575481,-0.03927489813557633,-0.01202420993977929,0.9039005083383764,0.03581125601988346,0.01506758872232763,0.06272222104490864,0.9445202199162837
341.0,0.00019903683652885808,1.2244541008774545e-5,0.9894074751824283,0.950955941861529,0.018635642063871034,2.2365402906426706,0.05735054845307925,-1.1560125638687357,-0.3509403022873454,-0.05625231881400753,-0.05254672300967817,0.04430785829015276,-0.049116911820229855,-0.005371649462243885,-0.09546020644025262,-0.008302423152385323,-0.04892721564298425,-1.018868156442562,-0.9873726977539095,-0.052161536867687576,-0.04999545544835542,-0.0499922392591074,1.6471730968010463,1.277656180866016,-0.07706826164213489,0.9999000859054532,-0.038405236686183224,-0.03239667027430057,-0.0077038847983097,0.9049060392925239,0.02306203389852747,0.01282825721550406,0.06863829954207806,0.944445292279688
342.0,0.00023453345269230816,2.417257532730328e-5,0.9918489650929029,0.9483338446464369,0.02157364448608353,2.5600082195421243,0.04776810147718413,-1.19316506139515,-0.06634901580514738,-0.052451304717896344,-0.04908273383819976,0.14658781007324448,-0.049652339824632,-0.007386082012423511,-0.0967045817173974,-0.009563278906680862,-0.056203114666213964,-0.6717936056360067,-0.6526300149278791,-0.054518890827051365,-0.049727135502207066,-0.04992985425897842,1.288549952238977,1.3028014831009227,-0.17885174222084496,0.9999000855968554,-0.03795033761124956,-0.03194696538126821,-0.008638136576695854,0.9048291891813933,0.020686677792622617,0.013445931224192777,0.07098554250386753,0.9444383912468328
343.0,0.00021234501565766992,6.085293089888619e-6,0.9934067052331481,0.9662175917811439,0.038943117071517715,2.6293341970393045,0.08251801494104744,-1.1581904840337822,-0.0496191173900844,-0.15009098090643885,-0.05414293238913096,0.18801286840663145,-0.05066551521055018,-0.006647954043255102,-0.10486362546626612,-0.009584838788527051,0.25219742298025943,-1.248925580855989,-1.1715908362549161,-0.05667255776824715,-0.05039244709207751,-0.049612538074585544,2.2710821245504165,1.2655634309664754,-0.016213517414047713,0.9998999972717342,-0.05090461654553835,-0.01903186960579049,0.003010502463928294,0.865166189262145,0.0383919175824151,0.0014299001864971088,0.10471458820191197,0.9443707599565525
344.0,0.00021457227602335123,4.607997626877786e-5,0.9928178345437164,0.9495418365163671,0.042814695762588804,2.7677038678255994,0.05594153662002559,-1.4701460931953647,-0.06853349862904583,-0.08691557479177568,-0.04957343760644655,0.2212312767813304,-0.049484751412605756,-0.007195181244562973,-0.11193728879615426,-0.011880795109452153,-0.04239542270899558,-0.6729408197211998,-0.5720770454058804,-0.04933031599112505,-0.05193281285218156,-0.04996835762557288,2.0813794844891658,1.0726031946373777,-0.0370221085455581,0.9999000829017175,-0.035660269367304216,-0.03178684485318248,-0.00808140891966917,0.9040604364957423,0.03440744762088337,0.010952006874022471,0.07071922363981455,0.9444991800232296
345.0,0.00021875764837345161,1.2662269594381573e-5,0.986329695061787,0.9600997768950568,0.02043067102678332,2.573253379655787,0.057099662110981476,-1.2122518471625507,-0.018518912215770955,-0.11287821233377952,-0.05419861965014962,0.17927064098442086,-0.053263584957877495,-0.006171331281200624,-0.088947892776851,-0.007716502247040555,-0.010986146212812829,-1.0002661750777369,-0.9452346608770121,-0.04529324524498121,-0.05065711782816937,-0.04834669123352103,2.2768790320419074,1.0038830820624736,-0.045368586739441816,0.9999000830102596,-0.03853911182568533,-0.033064943169343414,-0.009682778951667024,0.9041050362123451,0.034253279304068046,0.012508253730363858,0.06950123998555076,0.9445052371931912
346.0,0.0003162211033113377,2.2391714550040823e-5,0.9832518644604222,0.9376779821467222,0.029526371085984483,2.8267764179170642,0.05491400427976114,-0.6791460763284495,-0.04951133796933305,-0.032073627244522666,-0.07634737676301315,0.1648912136558583,-0.05214231881498261,-0.01069674012250845,-0.24924039418325808,-0.05262770651267703,0.30314179635954147,-0.32544856707017245,-0.06610144267156325,-0.07511954611265376,-0.0502189692053308,-0.049386813982473105,1.8331904191870776,1.3446897914693547,-0.06530502585177492,0.9999000846282333,-0.040071358275301734,-0.037488175735438785,-0.012174675585112696,0.904590809827952,0.028120456147903237,0.015435370154996329,0.06427963665917281,0.9444885262028089
347.0,0.00036798924535787545,3.419547758679493e-5,0.9978366617496911,0.9193412572532089,0.03944284029503171,2.6176066640897906,0.03772756164498906,-0.6274339371921418,-0.04210578863125907,-0.04335380084595079,-0.11115047929409952,0.1736655174786849,-0.05081447673492634,-0.011262707923978084,-0.24984026055865516,-0.05430019486043754,0.345574172519029,-0.34921763040835774,-0.07931233990128812,-0.058036032612837074,-0.04984387161963764,-0.048900144891773314,1.4660494271279767,1.5274970398144831,-0.05912734697437674,0.9999000838576486,-0.03991532056675407,-0.034273048526004234,-0.010582777073329788,0.9044036754394194,0.027339608944357035,0.013756651137266698,0.06267039371040457,0.9445015508453973
348.0,0.0003218454915481355,2.637608279463188e-5,0.981899001413805,0.9281402779947275,0.028308945493562422,2.6158918073581607,0.055965589417609776,-0.5957709297212569,0.021718208227376398,-0.05010905860089234,-0.07955758666930916,0.13749196711145512,-0.04908775470515917,-0.01197056696775372,-0.23803384503904385,-0.05188375946717499,0.485593794004875,-0.27313017091103425,-0.03977635678884388,-0.06124208186558399,-0.050358447306989955,-0.0499368320287701,2.272487035092985,1.130593603990431,-0.056073204494404505,0.9999000836618865,-0.03958595966628404,-0.038891806152068276,-0.012137721756233918,0.9043650048833576,0.034630353816762494,0.013765323669381126,0.06355990543626133,0.9445303043895144
349.0,0.0003522963863006412,2.9367255703428848e-5,0.9838819918164221,0.93662925852778,0.020021273060884023,2.772815772412433,0.05359876357523985,-0.6074235602603556,-0.046434700875595536,-0.045314971518231946,-0.06866170607350373,0.1273253576841992,-0.048287940739645256,-0.010829987048677235,-0.26606963982809007,-0.05720111540147396,0.2146858325857135,-0.3696265505172826,-0.04929629220937248,-0.0648051654650626,-0.05031192073580637,-0.04991000789858076,0.934768668629692,1.7603497476333092,0.019645095404875402,0.999900084981548,-0.03950064990309376,-0.030939496469529825,-0.009566795644320008,0.904702833080145,0.022655051239208874,0.014041120290667895,0.06435600953543794,0.9444685667489601
350.0,0.0002442780328838776,7.57888643173067e-6,0.9668687057678679,0.9380526112250179,0.01704175114250311,3.0316765318436576,0.05534108299635876,-0.5938096992519694,0.2138840981012608,-0.050071963548717235,-0.09054289134854168,-0.04525571759271258,-0.061196087782254896,-0.007198933259111286,-0.41214091630591076,-0.04845834011586669,0.22086134408675678,-0.9183780690428133,-0.6960796525080788,-0.06488910238736748,-0.05019337811861414,-0.0496936908277192,1.934166898379856,1.343252384891081,-0.033626777829771824,0.9999000820926232,-0.04170581843730464,-0.03222691671182099,-0.009797389884110982,0.9039318605105873,0.03293389904371241,0.01211191174424092,0.06470251313610663,0.9445211899538069
351.0,0.00020406602172823047,1.5499366752419384e-5,0.9900518323866908,0.943630466498037,0.020303477092993297,2.508714499469269,0.05728855645771012,-1.1475940564593685,-0.08907466212794848,-0.050695977489091736,-0.060208681758993694,0.153338381304704,-0.052921762428489026,-0.005730538715172975,-0.09412597469488374,-0.008195471497960943,-0.06481197507813229,-1.0111468532904038,-0.9007293052324239,-0.047873440932240365,-0.05451733433566398,-0.04923720505511937,2.523265070087146,0.9231028136452937,-0.05112311242794491,0.9999000831626241,-0.038471983081845025,-0.03554602895116794,-0.009641612801612081,0.9041592429097927,0.03472496539425974,0.012009946888870087,0.07097469664755207,0.9445003376902192
352.0,0.00020622732809228589,1.730975449556668e-5,0.9810056685381416,0.9600967654834355,0.012441261507869577,2.596080786666281,0.053961041695393445,-0.6580256372867964,-0.030521509677853286,-0.04069055648687184,-0.06431720832836589,0.12040634233210627,-0.04367075454317106,-0.013122641137325308,-0.22623545356658076,-0.05185027029837838,0.6334042735858688,-0.25201265305444825,0.005365326419324281,-0.049952628347249756,-0.05006323022374851,-0.04978039472113198,1.8815634736761608,1.274189912881449,-0.11161401416771027,0.999900078194067,-0.039030871526631455,-0.03821115328562539,-0.008502899099750211,0.9029543368918111,0.013065913070642627,0.014552207461388222,0.06433256129385373,0.9445041199705486
353.0,0.00023501416754225622,1.4853775292023108e-5,0.9669155757588662,0.9666591689626477,0.022708025848397324,3.6852882937829787,0.05713358746060372,-1.0907817701882823,1.3861134435773848,-0.08704483428684887,-0.10938082662374704,-0.04981199507997835,-0.09196196547377065,-0.004193325769418042,-0.08585942008671361,-0.0061765866620158835,-0.12482069156441143,-1.2577168630653988,-1.16654312433071,-0.03584106091706501,-0.04930026425340516,-0.05092120639647568,3.2840570930535264,0.5334807517579427,-0.02940102173291886,0.9999000827290356,-0.03844254569624848,-0.039006414950177266,-0.011237026375462878,0.904058716610159,0.0395286293700606,0.01465149812455922,0.06637145322222629,0.944526040016852
354.0,0.0003257404691547294,6.021841689966007e-6,0.991152860559119,0.9437799235334317,0.023678832801059913,2.0406565735652666,0.06193006852759612,-0.7238246790245623,-0.050116682295219886,-0.05175765072691151,-0.05540195321014223,0.023589744663688416,-0.049814364338779775,-0.0074994484180224445,-0.31210325038725073,-0.05823564706283624,0.06311424711816935,-0.7552599870620956,-0.40751692903978964,-0.08000065616604864,-0.04941860832943261,-0.04838919122986702,1.494599354825279,1.5872454175248438,-0.04446199689262028,0.9999000850034712,-0.04067348070139915,-0.032020876222817934,-0.008350705500064778,0.9046973326119696,0.025664732666648267,0.012518061582930014,0.06518399225929214,0.9444760361270137
355.0,0.00019718180061883994,1.5809040008896035e-5,0.9935125289351974,0.95495409525299,0.01875073209669895,2.681089908492514,0.06124776230754216,-1.049693804151133,-0.015396422055158626,-0.07188576263914395,-0.05903039311421238,0.23996877334692282,-0.042764505650819504,-0.006221963322319171,-0.09733249337805877,-0.008970536342339878,-0.037450428231620925,-0.6396857798553373,-0.5775333841477963,-0.0767427021501474,-0.05102375268303258,-0.0499794395758353,2.795512008050239,0.791597755470665,-0.02988767702384431,0.9999000827328364,-0.037307182309714804,-0.03712132718853939,-0.009597674030099824,0.9040767244211965,0.034234818388169753,0.012706414329764923,0.07114770608938933,0.9445054699426354
356.0,0.0002266121525352336,1.5436775611363424e-5,0.9944552184879528,0.9603504624165101,0.038232481980214096,2.60053822470252,0.06944550399937173,-1.2418530161092576,-0.05484071873965301,-0.05397192874572111,-0.05454197350919069,0.17593431555649874,-0.04483953241444059,-0.008858560560422704,-0.10997927864927494,-0.011839403738287733,0.38014395090695136,-0.8290174821814332,-0.7262519830134034,-0.04991864439857436,-0.05055170241738063,-0.04974082616087016,1.2702608208017634,1.3491480133269256,-0.10398698204679725,0.9999000837171155,-0.03633784178436251,-0.02622611268321645,-0.005922943419865118,0.9042458640553042,0.030465089467166664,0.009029334919729404,0.07489377401893176,0.9444792003512492
357.0,0.00015478507559322675,1.2211698120506545e-6,0.9871864335613681,0.937634346870116,0.023992545755376644,2.461747749026214,0.06826600578394422,-1.1572746815444566,-0.09686662937868434,-0.07548258795634513,-0.050459961474047015,0.1557278120011534,-0.051751555238017395,0.0016159406199969153,-0.08397525795583159,-0.005228103419205774,-0.016853865281424015,-1.1555541787333157,-0.07125681149822381,-0.04944236744645589,-0.05051208945785982,-0.04972321531693803,2.1280753345771326,0.9766699811561288,-0.11439545549021159,0.9999000839546042,-0.03613119573957492,-0.030264793644484447,-0.0066429715082752415,0.9044173199308427,0.03385326702544469,0.009535704913638563,0.07009345177106031,0.9445020156650688
358.0,0.0002313342895171052,8.31235965939825e-6,0.9888584700603452,0.9478022368212212,0.014646831848281076,2.5140636497386564,0.05702933625910802,-0.8479661931613268,-0.0860393814091794,-0.054516306702792054,-0.05262260710332908,0.1087127016750342,-0.049328018497893714,-0.010000563391218225,-0.21381080824152326,-0.05068478937692351,0.5062657579735265,-0.18517442669196363,-0.022238422879683074,-0.09439216152551805,-0.04478112724500726,-0.049760438940827705,1.593791918318347,1.378046487902246,-0.08860590390199052,0.999900085539835,-0.038836245346919984,-0.03243946335359238,-0.008214894750277854,0.9048214264301868,0.025279615605831703,0.011907791959671184,0.06378925543544246,0.9444677416793683
359.0,0.0002315463216899798,9.19114830524034e-6,0.9962328261556185,0.9623804681307431,0.033342957183849095,2.5566866798317998,0.07789823227664705,-1.2244486936878303,-0.09226759511118474,-0.07039153824215787,-0.0500344759141933,0.13925312222638664,-0.05017263605417917,-0.006783415093421974,-0.10921680996659794,-0.01154066052479869,0.18477829548095118,-1.1799054535219995,-1.1152299918963648,-0.0517261588756576,-0.05162580575704547,-0.04979121475951749,1.4027515515572735,1.275846569997002,-0.11311437392130994,0.999900084110444,-0.036009513786283955,-0.027246151943181224,-0.006030107565117038,0.904289659857763,0.0304758446898247,0.009143167554070243,0.0745171013332156,0.9444733899845306
360.0,0.00023798160673627354,1.8257117710038136e-5,0.9796538129079481,0.943853980578789,0.018318395372587733,2.5904675582126893,0.05052176713722626,-0.5218234592975688,-0.04727682865532838,0.02751124563010542,-0.09011415012190462,0.15912668804006752,-0.062484375591633085,-0.010535354158793137,-0.2340155270121599,-0.05331710515162928,0.39605567115180274,-0.32042658400954266,-0.04940762703295492,-0.0743317023353104,-0.05059699096637373,-0.049575698299245276,2.4107916024587923,1.1058406383686636,-0.04101352678910568,0.9999000832549445,-0.03854424982238136,-0.03787260184521725,-0.011416030796787565,0.9042177063485126,0.030535211039202887,0.014638744927823372,0.06386349864585367,0.9445120682850812
361.0,0.00021601368197745344,1.705723950561828e-5,0.9851024853145245,0.9290036583953165,0.008474032674838297,2.804305792925647,0.057999173200658484,-0.8005011392936364,-0.02385705156961435,-0.045402776807318336,-0.05874838127436538,0.13279628896610746,-0.0530805008072737,-0.011205059660035516,-0.29718580170045217,-0.06101306193304749,0.3641084228340848,-0.36667780974736647,-0.11400539120518956,-0.0572570063027362,-0.047377532920330825,-0.05088817676034248,1.8723681709215496,1.2941687521268022,-0.05375965594522537,0.9999000782441949,-0.03814228706930802,-0.033165894395069014,-0.007345151892739778,0.9027270394894584,0.021933527715990445,0.012375364131385362,0.06543018312033386,0.9445273069706217
362.0,0.00023803609566219448,3.834387273060738e-5,0.9919858723823256,0.9478057121948003,0.032987761615209804,2.8187494998921223,0.06138279525815266,-1.3530140954713035,-0.051224808580281396,-0.06593973399254843,-0.056907543883907286,0.280034625553519,-0.053936772641997394,-0.006786924639864376,-0.11067407008420944,-0.011378578630805988,-0.02872234668795852,-0.7868909240020548,-0.6597419881882208,-0.04875750625599253,-0.0539241605943946,-0.049757907127761354,1.8765865165737246,1.0686084211806977,-0.11131710636116988,0.9999000023314095,-0.041693010345931744,-0.01196520277385025,0.008636112791751282,0.8688446768481364,0.04098515807165681,-0.0038698780128172067,0.10053728185625872,0.9445112918709238
363.0,0.00017979773652734008,3.6010638369475075e-5,0.9970178388710867,0.9449296396710888,0.024674919396663518,2.423460586262345,0.059332637798065094,-1.3518263226897156,-0.04040219264006593,-0.04707810015411426,-0.049826808007946005,0.10732975824149281,-0.03114181789577549,-0.005794631480464792,-0.1196604116678837,-0.011843003609284617,-0.05146713964295303,-0.6741361893395162,-0.5253794457618909,-0.07404902408119386,-0.05060495467642405,-0.04997306249168058,1.4203125711354716,1.2358930639571106,-0.08981810908663132,0.9999000852866013,-0.032839704400308034,-0.022024855736558106,-0.0012660622019928837,0.9046449456654237,0.030904050783667536,0.005703403441128919,0.07365576964726231,0.9444674357716507
364.0,0.00018614145589897972,1.371772488586193e-5,0.986733494343735,0.9424573558164088,0.013934991268365985,2.4974802436232624,0.06022498311745403,-0.6964390891389373,-0.15826423733541298,-0.05441173420790451,-0.06806794001272184,0.08533502460798703,-0.048745386196894475,-0.010636746825540461,-0.2592956112147665,-0.06612894888009108,0.2534804258481501,-0.08916057599588344,0.11765729639246734,-0.10354999351945378,-0.05015946716031693,-0.049404797619314156,2.1844232390393086,1.0797055021147033,-0.1004709108780789,0.9999000833821936,-0.0367631914050763,-0.031004127192788646,-0.008530856198587235,0.904263299683707,0.03369452628654142,0.01177858145540572,0.06546428705966859,0.9445164812346347
365.0,0.00023775719593322533,4.419956326369453e-6,0.9935321881476572,0.9573419097212327,0.016997915479629172,2.579323087537279,0.05842642447904782,-0.9869590145969589,-0.049806309775771135,-0.09236969944219847,-0.05067094758215191,0.08919489214034146,-0.049978975391800254,-0.007483135639746368,-0.24641744551546851,-0.04727808878379347,0.2873040941794967,-1.097656348138022,-0.8059162892387973,-0.06119957129211166,-0.04987038163558526,-0.05000528136126909,2.989568302151075,0.7964038926678303,-0.048561392192400736,0.9999000834038547,-0.03779123883470923,-0.03441562679843136,-0.007265686373621894,0.9042656514139664,0.040416304319106186,0.010085340893125853,0.06379652339993419,0.9445396470680059
366.0,0.0002733696652993336,5.514561527724678e-6,0.9847813267828681,0.9470856749569392,0.016430802821923808,2.633702944554102,0.05953207012537083,-0.8226759508516059,-0.0522116426412047,-0.0598973678509493,-0.0627807497101995,0.13143567487860372,-0.05409703034347644,-0.008263660315650422,-0.1922305968554073,-0.039018715522748035,0.5124368628096351,-0.6035126985977536,-0.4014488021330212,-0.11136046665331481,-0.04966424418635872,-0.048271865349292356,2.556015201610551,0.9995021437176909,0.07032680238979107,0.9999000827925377,-0.0398487461867505,-0.036480836265214284,-0.013518135467612397,0.9042050545195259,0.03989354325109465,0.01482706455850542,0.05925184396882525,0.9445633994167724
367.0,0.0002033390246811765,1.3159778453616071e-5,0.9847076258294605,0.9520036527716823,0.020732510981125538,2.4779684825133077,0.05806257883807534,-1.1149006145843523,0.0417044886073438,-0.1340989839844897,-0.05473259577680203,0.17746418516313486,-0.05032125809335164,-0.005614625602155695,-0.08497637552429273,-0.0072812225924128995,-0.04988200305452981,-0.972559867386322,-0.9399304267376158,-0.050727304390321505,-0.04998938642142497,-0.050004292366686125,1.7865278694651558,1.1958999745675023,-0.07620452497847426,0.9999000852730622,-0.036607891944209665,-0.026167761802210494,-0.004658223790116581,0.9047823531150736,0.0317924535243579,0.008697595585398501,0.0705667270393063,0.9444839801080962
368.0,0.00025374870154000435,5.741120568193493e-6,0.9897630204671435,0.9464865894841354,0.01767788134570374,2.665030943736985,0.05919395434842851,-0.8896338161147999,0.05056183851281928,-0.04898158323874772,-0.0504433298206429,0.15882709445743118,-0.050187613198059304,-0.008523512566166331,-0.20463508195632243,-0.04506005562161085,0.42986617229853635,-0.6158632722667504,-0.40069317770718516,-0.08573175936891349,-0.049845341907977084,-0.05016181285299305,2.0503428960538015,1.175810855554111,-0.04780748669779122,0.9999000841313019,-0.037013484971241024,-0.02877135952687968,-0.005272832993668893,0.9045257798900106,0.034196746692055316,0.008611445564094185,0.06445200474775556,0.9445158648906773
369.0,0.00023758836737941045,9.550335759216191e-6,0.9757356068938863,0.9464084317380671,0.016755279081907017,2.6239091399255394,0.06042622084472442,-0.8656366939788879,-0.08963756971093302,-0.05159502210353361,-0.07443136830670759,0.17888266947694287,-0.06236255612708179,-0.010858652114231008,-0.2145290720333997,-0.049176726941571575,0.5482624999824229,-0.17272623948136212,-0.03755532339163403,-0.07490125699849437,-0.0440924038304525,-0.04998192454209981,2.2385961381270834,1.1237495338460357,-0.020561092054381155,0.9999000843626531,-0.03561902110466197,-0.025590023908375146,-0.00298343498252853,0.9045840391875395,0.03458887670233111,0.007125088249760546,0.0670126168983538,0.9445133655087348
370.0,0.00019278664664571453,7.838656525820411e-6,0.9899343143300334,0.9579489384011092,0.02036884721158059,2.465345848898001,0.05763401328397108,-1.1656997867507521,-0.09875641644438529,-0.07968846214067973,-0.04941119758537302,0.11962915887837257,-0.04902640559761257,-0.004992414116741846,-0.09210948756682212,-0.00806218346856841,-0.0496948740411708,-1.1211454032084975,-1.122543193945305,-0.059814325550860706,-0.049591542847783526,-0.0498634926124245,2.130208560411323,1.0116779680212908,-0.032828214804225035,0.9999000849279875,-0.03492667518588017,-0.025433263057548595,-0.0033721404087019586,0.9047145906102088,0.036646596170996214,0.007090461083598118,0.07057834778484798,0.9445009847590042
371.0,0.0002104642040116104,1.4320086023477687e-5,0.981887572899554,0.9255561904872535,0.016460725612609427,2.40311713736332,0.06218085099046752,-0.7965423236789863,-0.050941656688283925,-0.04318617653093822,-0.06579381226709262,0.1060043536487282,-0.0562573243554571,-0.01241971272258944,-0.21824371980590068,-0.05184404296476922,0.5863352005664254,-0.3462192226911186,-0.10952624210069564,-0.054026172668515324,-0.049644416011219133,-0.05006186921826437,1.718998585518524,1.3451037927585772,-0.024335737558595066,0.9999000838253047,-0.03664153226242131,-0.027134295803352925,-0.005218673806709409,0.9045280032699585,0.030865945080183428,0.008674035859339785,0.06737059777600295,0.9445151959883551
372.0,0.000228090552781196,7.378036084810393e-6,0.9945517614596749,0.9712641215181569,0.033688420073666805,2.471529739073286,0.07605165207924149,-1.2338143937996968,0.13541159157485982,-0.09661126959896289,-0.04975572783748307,0.19560909661580927,-0.04960999399782993,-0.006812946648446537,-0.10668334001721687,-0.010408224190112154,0.2417725165554241,-1.2626323503463142,-1.2113728903882168,-0.04835750883492986,-0.04974472311967084,-0.049846472404288474,2.0910270241394673,1.0113200280730548,-0.05426322502282918,0.9999000847569501,-0.03338232831609789,-0.028029503962955483,-0.002497880837473624,0.904697698897327,0.03322612845787686,0.0064543314078309285,0.07223747902380719,0.9444952912350435
373.0,0.00021443448300263837,7.3207675185961125e-6,0.9908814266249505,0.9696928608692809,0.032734006268624216,2.463140232319464,0.0787725089205115,-1.1943066546408905,-0.046222861621132316,-0.17373223305370386,-0.05070994866915264,0.14372208656746804,-0.04786526409447385,-0.007701974408568582,-0.10246477219217053,-0.0100864103020524,0.36725263581927764,-1.122492850411151,-1.0068495001259146,-0.053918064955939274,-0.05736563679437067,-0.04992488731611178,2.879927032476299,0.6900325057111717,-0.026211585669272175,0.9999000842996748,-0.03209652240603873,-0.02892301881020212,-0.0021719563458051745,0.9044716617638358,0.04518145645848534,0.0056117342753855435,0.06980590648802011,0.9445293545897555
374.0,0.00014841960582859059,3.4904881643533e-6,0.984974558058694,0.9373412213430616,0.025020622974464803,2.483300614251132,0.06447696847068843,-1.1979273978764373,-0.06975679814055957,-0.04069591635393177,-0.05237939524220851,0.18248170638004493,-0.055804745000827126,-0.004123356938026976,-0.08672335060002948,-0.006477533015247397,-0.1440229194517876,-0.978448409638099,-0.04506805803277047,-0.04896434964341985,-0.07695092410137921,-0.049249711112720404,2.085384220086733,0.9130676426763261,-0.05355331306683171,0.9999000849467825,-0.03243468795499392,-0.022808747444749054,-0.0012183999246865459,0.9046699708035144,0.03723811969118782,0.00513923092969705,0.07043049252925546,0.9445037898935726
375.0,0.00021121487759623254,3.3936499089826306e-5,0.9926514675369507,0.9597163375447904,0.0355599441185165,2.2131725979177372,0.06818894809953835,-1.2589505244859132,-0.06093649826646269,-0.03965404174042606,-0.05020854777723482,0.08977404357626856,-0.04356727171245894,-0.012865729018586668,-0.13210128668328203,-0.01640504848575583,0.7388626705147785,-0.05089827275951449,-0.055925721198875615,-0.05364472369547201,-0.044272443843414604,-0.04949586873009621,1.017734004659413,1.312893375455234,-0.10150204005075537,0.9999000849562685,-0.03185220692076655,-0.014706952133183347,0.0022042018038575762,0.9043698339018273,0.03525192181403142,0.0018367195782162398,0.07563179431798257,0.9444607394641167
376.0,0.00022348209365140426,1.3734209277059421e-5,0.9941420360802496,0.9401221684653274,0.009356284161714636,2.611432577813154,0.059029769769810975,-0.867977916772645,-0.017836511674049767,-0.04735359260361671,-0.061700206716064125,0.15060057802611723,-0.047227917032122195,-0.011451478505872203,-0.2189714607544609,-0.05210146730456127,0.561830148877955,-0.13594855227390126,0.03474514863298476,-0.07129589846249514,-0.049791186367006815,-0.048635803886834306,1.8124860762404245,1.213820384568601,-0.062413475379938216,0.9999000850130351,-0.03406029387782561,-0.023634691708682053,-0.002069022240559103,0.9047419004632182,0.03381451753831016,0.0064051207637917515,0.06564139724514996,0.9445066415135783
377.0,0.00021700475959741594,1.4466069133009349e-5,0.9933557398519135,0.9606930723603319,0.03682494547817981,2.4630051931117714,0.06529806908640766,-1.269802851418299,-0.12172785489349262,-0.0487860742954163,-0.044837207351749134,0.10335322074784958,-0.04245462938037738,-0.005487380632156412,-0.11438536454137699,-0.011302417323296583,-0.05921414510196769,-0.9781642586882804,-0.9231497659679241,-0.06625614175073649,-0.05012404624034742,-0.049906270083687136,1.899873152678926,1.0286003841921132,-0.03993204902775161,0.9999000857620777,-0.03035604989461778,-0.021737023454414982,0.0015337480421196497,0.9048883394162099,0.038191397687965256,0.002611120100591601,0.0731230326689318,0.9444923718577629
378.0,0.00021588918375912045,9.363164530016498e-6,0.9892049351375554,0.9606672410220938,0.03570202446510499,2.472270037738011,0.06616923821233317,-1.2628588128623768,-0.151182917936346,-0.04889516270393803,-0.049927986868285215,0.10777664130337747,-0.050406899412239005,-0.004973348073198919,-0.10268694856826306,-0.009028981314591232,-0.055866431291293074,-1.3787321632098737,-1.2863029083179254,-0.04705971942622573,-0.05058776081221447,-0.049970538688534884,1.3883910026269324,1.30231122128723,-0.06140896780199752,0.9999000860868377,-0.031562391113353926,-0.016900689432877005,0.0028368376100852224,0.9049517332380195,0.03831277684690452,0.0012174917226568864,0.07436434767054467,0.9444908069971916
379.0,0.00020501726169345683,1.931215212686561e-5,0.9875509590574992,0.951265974907068,0.035730513167713564,2.7650000940316497,0.06544521170153543,-1.3174125549298774,-0.042654212587161955,-0.08185506964961863,-0.046378431000916626,0.2514797765351418,-0.04983314797945885,-0.005727158654498721,-0.1026004110210387,-0.009320542096803117,-0.08009446821929371,-1.0554436665712137,-0.9725530291849399,-0.045565994699069114,-0.05021078395406317,-0.0499657068531172,1.791426320700929,1.044111759440777,-0.03793255114283696,0.9999000855567854,-0.029648638673321504,-0.017003294211857235,0.002407414277372148,0.904642291611742,0.045864645643726436,0.0009256464536477827,0.07257457871969582,0.9445138735740051
380.0,0.00020516031498492507,7.386169671595186e-6,0.9906848862454729,0.9615908877208701,0.03672134686925852,2.522282399754655,0.06502851753671521,-1.3170131930266746,-0.00838312589392065,-0.04535009564077155,-0.06541056382998495,0.2539967485850244,-0.07145095812891374,-0.007892150399424449,-0.0934644819601333,-0.009016336394912845,0.5338293291938987,-0.9756553336661706,-0.7157094485604492,-0.060739558672132335,-0.052936349692582256,-0.048975642985243976,3.130701555665279,0.3642548986892963,-0.34339432110927554,0.9999000852708491,-0.031297517321600965,-0.02472854037634165,0.0016086535482815161,0.9047477235082704,0.043833627618808706,0.003682612970401852,0.06949588907222987,0.94451629267879
381.0,0.00016674143802881603,1.3794702609113933e-6,0.9844368488444101,0.9411101794096206,0.016476345245193518,2.288388729814359,0.07514253411985852,-1.1873483980793618,-0.14529538106004256,-0.3489524741199982,-0.04905000898958753,0.08134773424995347,-0.049770410511627665,-0.0036027733900984497,-0.07317863201510155,-0.003430955930234669,0.0836573156332884,-1.324627583050238,-0.13094021466109998,-0.048386365610495786,-0.05033431965690423,-0.049766205223585915,2.281919048999879,0.932226924109708,0.10428419431739012,0.9999000855924822,-0.03083224312757571,-0.02269417935285679,0.00038693722913069013,0.9048646599022399,0.041649134069272294,0.0029840342689214467,0.06947641796842435,0.9445213426648276
382.0,0.00024841162125733516,1.6535675497405085e-5,0.9716920195371934,0.9247555597826528,0.009026914921111035,2.6584498695108167,0.0628249447242828,-0.7245999878989151,-0.1492425442061119,-0.04669836589765568,-0.056671799188168615,0.13154515284060794,-0.05409119363395844,-0.013313838802321726,-0.20090316806002756,-0.04614375766986471,0.8403544626000935,-0.1421714187916846,-0.025421702283609973,-0.0523847580521329,-0.04420617806217437,-0.04992002886108602,1.4693205870834334,1.1519087352025963,-0.2185623763439817,0.999900085533854,-0.035123009978258214,-0.02096580895368098,-0.002593505402904201,0.9049451459336968,0.03315024606846282,0.006476246114972073,0.06243680109923316,0.944511238632517
383.0,0.00023696711085341546,1.1417365594235767e-5,0.987774759803925,0.9552307005486378,0.03396766889726801,2.6165508901470673,0.07446656443028624,-1.2075670821742917,-0.07526609357134667,-0.23329582102689095,-0.0629466560818835,0.1865329209572713,-0.05089245033375973,-0.009728261458036945,-0.09588300384311062,-0.005404409410553011,-0.8264707461069948,-1.1954112164687412,-0.05405540520433273,-0.030001337531059085,-0.05269781780553038,-0.050823329259686766,1.95088805170817,1.014836361621556,-0.06343516878075314,0.9999000855093259,-0.030329339578857976,-0.02288358356690381,0.0018732599704944363,0.9050870646689093,0.03697421323316545,0.0023129180292402215,0.0732919723112117,0.9445058016338403
384.0,0.00022153324696806971,9.190440295037565e-6,0.984471152266374,0.9630311951300505,0.03246537792633075,2.1796002321001398,0.06968823480013382,-1.2574696547421418,-0.08756919587743182,-0.1155391516842954,-0.051793184322929745,0.07788889712349999,-0.05263399206537953,-0.004907245344547734,-0.0967063460979196,-0.008340502586998406,-0.05202792349248201,-1.2611255927593417,-1.1704324543175202,-0.05429905076406856,-0.05075332157258918,-0.04920093381154476,2.122847058039911,0.9066500383660724,-0.06413796120617053,0.9999000844594548,-0.03002329473221232,-0.021833058260813058,0.0012765819099534363,0.9048546526042058,0.04213073041215499,0.0025490779019670578,0.07094731577765916,0.9445410222871566
385.0,0.0001975917300767669,1.2857044635729646e-5,0.9867250069882348,0.9587875085936967,0.03501707459962133,2.5750553566672134,0.07144838640802131,-1.3096337652534644,-0.21148749803851583,-0.1577676570388299,-0.04829876559711919,0.12298560840390782,-0.04734793670816817,-0.005373935353235206,-0.10390079948716244,-0.008967437617587469,-0.036596098955096516,-0.9385604741649101,-0.8431802381492665,-0.07317958740742474,-0.05229464898789809,-0.05004707310824212,2.287511950729659,0.8636296612123329,-0.0490380727760096,0.9999000851335138,-0.02938574985166401,-0.026454291005895275,0.0012616758944284262,0.9050400393980167,0.03601260302548552,0.0032657628700310287,0.07062806762601827,0.9445173221917051
386.0,0.00019670128456038052,1.4947436346731779e-5,0.9848389758578344,0.9555075836117607,0.03426275780336825,2.57610052448566,0.07183920919174253,-1.2390326715622098,-0.0650350955781186,-0.08915619642739372,-0.05046952914245239,0.17866510561651655,-0.050337162267708804,-0.005511397295802039,-0.10414268349484215,-0.008541970057472276,-0.0662000590794631,-1.1699619920137123,-1.010240664802474,-0.04887675961786734,-0.056510506219456344,-0.049992140403670234,2.4068338098207978,0.7662830174631201,-0.04984237376419597,0.9999000851091817,-0.02831675258278385,-0.026758315199587285,0.0003163764030505756,0.9049854896906844,0.039802918211625606,0.004006507238173633,0.06955717914154072,0.9445257148982933
387.0,0.00022067703682486462,1.3930594064170757e-5,0.9783472071207248,0.9632048883649366,0.020544146605406134,2.5561956706215665,0.05840373687039549,-1.0763922372540864,-0.098637751931686,-0.054061796046004015,-0.07621570319355192,0.2234563164388734,-0.06739233123722611,-0.0052445769547416025,-0.088253603546831,-0.007140592595215502,-0.03394904307310696,-1.004185733745016,-0.8809401100330709,-0.05140216082361385,-0.0530556584959393,-0.04998995889955877,1.853650231145129,1.093860773878091,0.017788233370755673,0.9999000855988636,-0.03323559853247178,-0.022814897579513823,-0.0014944154214612069,0.9051060574742997,0.03328828801247658,0.006449552682430643,0.06860139378436837,0.9445005892781957
388.0,0.00021306605391541568,3.371664153214683e-5,0.9920099046316423,0.9592185722065734,0.033997026497183794,2.6423858736653503,0.07288009480235016,-1.2554466487962312,-0.10509341837822155,-0.04470851854283377,-0.04831058896251212,0.1959485723028755,-0.049788761671663795,-0.014094823311348951,-0.12663976757110434,-0.016178313871638178,0.8743172502226783,-0.18325447912407347,-0.0535833506853524,-0.04565971403076247,-0.0497668741388412,-0.049523149436490985,1.4644788785834346,1.0331283267543097,-0.11759976391911746,0.999900086294065,-0.029473481344633106,-0.019301746987034615,0.002386495120887911,0.9051703985078181,0.03650141368526824,0.0011682662641872832,0.0742046778085884,0.9444994173955465
389.0,0.0002070770444421207,7.0495183897808895e-6,0.9882832422158458,0.9618461124427625,0.033218373053831914,2.6180173264684954,0.0631796536789893,-1.2465503909305633,-0.06334144456450656,-0.04882878867583342,-0.06717354122326903,0.2744480585449164,-0.07032550715806088,-0.006597517343635862,-0.08865835937311882,-0.00784991578930457,0.4141835960197403,-1.1675005865091739,-0.9177436575586376,-0.053739484677492386,-0.053206733113753284,-0.04964393717264524,2.220145679549858,0.8873948357465393,-0.07188260256705425,0.9999000858400895,-0.031055865627482904,-0.023018565073096266,0.0018753106502079622,0.90511395533812,0.03550007088529438,0.003161361101483395,0.07006877260810297,0.9445008855988786
390.0,0.00021117034542774535,1.7303633917110377e-5,0.9868326316154228,0.9543230586808885,0.03699535851528702,2.480035103216456,0.06823246712424086,-1.3349585310854655,-0.04103870510536376,-0.08454051816608135,-0.051743608659540134,0.16145254637021283,-0.05364124922885306,-0.005550941322093334,-0.10424967134074925,-0.008899188755051555,-0.04930447365686088,-1.0762299807889606,-0.9421493754812239,-0.04903813836353965,-0.05494725392610527,-0.04999436311336526,2.4815292482305957,0.5741629176989093,-0.2596961355700607,0.9999000857123186,-0.028106638143816483,-0.026686931700689923,0.0015565217344476261,0.9050363092121285,0.036597629159513353,0.0037277850809525935,0.06895128202660511,0.9445039344894186
391.0,0.00020507699313489228,6.914917356354448e-6,0.9882709888571826,0.9653042296421098,0.031152742692103007,2.4283065799774994,0.07675013789323776,-1.1839352375244425,-0.06883000179657034,-0.13147884575033836,-0.05063863861867525,0.12078387134559837,-0.045264257956296856,-0.0069276036884881485,-0.1037245849510877,-0.009168813953955541,0.36500909897509803,-1.2077974360297026,-1.0852934793885785,-0.04981761044961106,-0.050244624472003015,-0.05001389862711054,2.0103562124707963,0.9523534631455571,0.009617604513261362,0.9999000852133859,-0.028965349054253728,-0.024330646922079244,0.001873746359686475,0.9050230769569216,0.03632721788116526,0.0023805165997283703,0.07169384152925798,0.9445161941295621
392.0,0.00021073448850210123,1.0759438916362583e-5,0.9885929173706012,0.959125409974726,0.029762475215134972,2.624056702092749,0.08074232805428755,-1.2406912610725136,-0.08696838106230305,-0.23660061948733385,-0.04980567200617183,0.18510903492956698,-0.05004597321927522,-0.009012435647030512,-0.10190934655806075,-0.009641765647327499,0.5512849365020908,-0.9483091288600062,-0.8326361959938872,-0.041278448243016845,-0.05069920140547885,-0.04996554586505318,1.9030946671081046,0.957389921119716,-0.049923040162272045,0.9999000862790759,-0.029680273265113643,-0.023764419277788173,0.0013262137837912816,0.9051641357561098,0.03364083584270307,0.0034178406496822625,0.06868521320213353,0.9444883252816396
393.0,0.00016664058333733296,1.016864857964788e-5,0.984836375254372,0.9220403875252512,0.018309614286220098,2.456160546608418,0.0663999275265139,-1.1287437889137881,-0.03875403579737231,-0.047115041617397095,-0.055283025030771586,0.15263123101327533,-0.0493400199208779,-0.00593538543868107,-0.10055498007123834,-0.009810704982247332,0.38841187969299656,-0.6342424392441833,-0.4927535212049788,-0.1011739192653415,-0.05022851686648983,-0.04988739610099686,1.7599642323457279,1.0883133916375218,0.05418378748620955,0.9999000861792386,-0.030986711814493837,-0.023332489242667877,0.0008886094615999781,0.9052256512814854,0.0287486042630185,0.004245308412066609,0.07240081580112169,0.9444775810119661
394.0,0.00021710255894489563,8.187630672800253e-6,0.9876651969229313,0.9659366479570118,0.0319316413015824,2.4263163557316436,0.0737492052397262,-1.257788131913582,-0.035703934719738144,-0.05838587388346865,-0.05006080614211787,0.15432221420417588,-0.054686117171402295,-0.008032655742275288,-0.10404663598275543,-0.009561169763716999,0.45820413634244445,-1.0524404355519963,-0.9002053631118854,-0.051948073112993556,-0.05245197979113088,-0.05021178362423662,2.5079367637412036,0.6985810311046272,-0.07550640622928753,0.9999000854496567,-0.029025074149319107,-0.023478785889158697,0.0018345827140984613,0.9050134714868268,0.04112981528427116,0.002794281738370979,0.06942380671056136,0.9445338962555629
395.0,0.00018048425673500914,7.98665106803558e-6,0.9900896064772456,0.9640582608311188,0.024925099836411547,2.626330370662254,0.06739698827756017,-1.1309996895837315,-0.05328658732396156,-0.04912290210921893,-0.04670122277121247,0.18915661295271385,-0.04935451613066079,-0.00803038952708601,-0.09564647618927201,-0.009517819323811547,0.5502915810372268,-1.0798483446754406,-0.8644005487321876,-0.046424471405321556,-0.05300034508388347,-0.050050105822985344,2.3692187843674364,0.8280745276409912,-0.03062004453625212,0.9999000854591802,-0.03036219840405739,-0.02182719623693306,0.00255574320105996,0.9051491076838627,0.03896709206109333,0.0022111844492358483,0.07064350732431388,0.9445382941531573
396.0,0.0002323599369956616,2.2000974351798217e-6,0.9956282948991323,0.9374644033353727,0.021806604059374502,2.1196828359659423,0.06625817648108029,-1.0785400792517719,-0.03429732738822499,-0.15068189521069128,-0.054174402837507234,0.0702921420688487,-0.05296049758157051,-0.005216888127151132,-0.13319457353192343,-0.0324492719987304,0.27632018552599924,-1.0721995071468626,-1.077570954003143,-0.12639823176597018,-0.05008223652647749,-0.05025287319604062,3.315359294865576,0.4806855312805775,-0.04103738122985382,0.99990008426595,-0.03147393976382483,-0.034191139907352716,-0.003140749016766513,0.90484996482539,0.04237278337327246,0.007290048068058001,0.06296876106432434,0.9445713741218356
397.0,0.00020736477105982802,1.0316950866046588e-5,0.9819546056639122,0.9453423394658922,0.021107955951894835,2.407223598774012,0.05925893278168747,-1.1189634947640785,-0.049847732203635524,-0.08904903993530514,-0.06335588436921756,0.1482328394484054,-0.05816363205256314,-0.004474827734930098,-0.08621526001837301,-0.0070506611411215855,-0.051451070807636425,-1.149839681513985,-1.0421142814717486,-0.053934265020027315,-0.05300680644243911,-0.05002970884497803,2.299469924463859,1.0795305709620764,0.23157895983516735,0.9999000856453704,-0.03219949993972691,-0.029066743862693256,-0.0015423848536820937,0.9051660007134523,0.030869502632117227,0.006543859462706246,0.06960306937659042,0.9445008982532681
398.0,0.00022152043942792786,3.0241052148885606e-5,0.9907514335913092,0.9546003007439159,0.03812814368194784,2.439799961866286,0.06627872754652661,-1.3724960513978444,-0.05039361766904313,-0.048906912433829254,-0.048359686405983204,0.1348216119025339,-0.050065904248005874,-0.012745155881654735,-0.11741834020527055,-0.015026218058909926,0.8005633410477645,-0.2681662271536951,-0.10864217386927452,-0.04989863561494171,-0.051605756153443386,-0.05001251604839207,1.7799236045468274,0.9790316368238163,-0.11293720265782166,0.9999000865057641,-0.02917634364386361,-0.02263683842830296,0.004490786703464285,0.9053686131019136,0.023468304874528518,0.0016209888968515748,0.07477347284773474,0.9444547355722159
399.0,0.00023404887529803687,7.493738951299216e-6,0.9899598456405424,0.9477604230862801,0.015853925231171486,2.577893302721608,0.060475386385546545,-0.937954753100534,-0.046988297645682055,-0.033176589623226595,-0.05492735762145955,0.15193940129894987,-0.059968361245948995,-0.009558498809783638,-0.2391985506779326,-0.052659786815199464,0.44198651268921857,-0.05753802564765349,-0.09965607138863211,-0.09786323922169585,-0.03429164856574866,-0.04946970635681349,2.496442771902063,0.8369443568071985,-0.10176935136654963,0.9999000847851751,-0.03289561014139346,-0.03149630427722963,-0.0028491813989738927,0.9050048608005263,0.031650223099588974,0.007362688004711718,0.06395666197779602,0.9445281504981458
400.0,0.00017182543456325985,9.971781286082117e-6,0.9822354267739917,0.9332230713104928,0.016144069886955572,2.479463059240296,0.06667711561457162,-1.123794351008459,-0.06552873056383753,-0.07935615054592945,-0.0495028421965652,0.14412574600715694,-0.05004197307552187,-0.007390271520363026,-0.09204927990708651,-0.009106683791923182,0.5701047095052069,-0.9819829277054849,-0.7011338981719629,-0.04975343511474512,-0.06325612290681591,-0.0500545325995807,2.925648847261082,0.7582253926472136,0.2300465977117079,0.9999000844482429,-0.03009431314045377,-0.030736107159535352,-0.0018975118591063372,0.9051032762734257,0.0384896751643806,0.00604634388232969,0.0690212951299726,0.944565639262479
401.0,0.00021327154535164103,9.884398458106339e-6,0.9896554709461439,0.9621761838596979,0.031516081782883634,2.7901261152669874,0.07635348284017296,-1.1781908474809293,-0.052510765235359795,-0.06251118431979004,-0.05253893790581887,0.2634306390767822,-0.050025129180367216,-0.00792465120731223,-0.10887665925539856,-0.010537952801209735,0.39164830241790727,-1.117456814479757,-0.8691051361922184,-0.05366435011247452,-0.06704340024558189,-0.05004249542200534,2.572151768764214,0.683102914366517,-0.058249001505724034,0.9999000852219846,-0.028233325010448153,-0.029776001156176585,0.0017842212906122423,0.9051709438794338,0.03240981998698559,0.003311123136885249,0.07155915277738156,0.9445124982211908
402.0,0.00031618903248357603,6.023994737671693e-6,0.9893655839735533,0.9569417811350442,0.018111447281344596,2.525877716908179,0.060876647557599466,-0.876759419137981,-0.06051717909029695,-0.0329212249657585,-0.05972159615430787,0.1278500757180645,-0.053533854722795746,-0.008903103201775559,-0.21349160257982838,-0.04837243224383171,0.4803928838852685,-0.3023849331581741,-0.06903347391962517,-0.1178385004944289,-0.048487019067800244,-0.049657054134960264,2.314074575610556,0.9647695701147658,0.08741126263466197,0.9999000851169693,-0.03202929179866144,-0.028601062556240762,-0.0029102396485274763,0.9051555359711057,0.035721257683357995,0.007091664369983583,0.06278769226273391,0.9445701599564833
403.0,0.00020078525160513737,6.55512327282441e-6,0.9812263416316773,0.9447140661992176,0.019387705447860334,2.519962666100446,0.06278074701179061,-1.1767069786355866,-0.05002718511176112,-0.07033473722628877,-0.05008696886531965,0.16719602000720907,-0.05220811938196368,-0.005544005975791949,-0.08798535256353532,-0.007971378836004446,0.3889295745006853,-1.2208501522920152,-1.011084449866026,-0.05318046553508674,-0.06048577557361989,-0.04997088655062657,2.382428263113208,0.7824058419226091,-0.04357774036217873,0.9999000860473777,-0.031086289180842216,-0.030133890237324046,-0.000829021101320459,0.9052428258779877,0.026393680603721267,0.007019162716510562,0.06711944976527558,0.944480523074803
404.0,0.00020822750915108968,2.2111940520716432e-5,0.9831069732684512,0.9510075259577423,0.029821912065631208,2.458659163272525,0.06806428446534526,-1.2595800523859293,-0.07834250166490538,-0.04988492367629909,-0.049700684303550326,0.1294183559651205,-0.051879132031447575,-0.005824289420398445,-0.10357427538474843,-0.009393749109052033,-0.06130722554144365,-1.0109991108583183,-0.8885581213688197,-0.04782088187042153,-0.05340771769886008,-0.05014934889251831,2.6893464034394827,0.7023021588670266,0.060507320908239175,0.9999000857675753,-0.027002300525077308,-0.031557381053734394,0.0018442661372219853,0.9052268433638313,0.03418574970792507,0.0032409146559266595,0.07025113161066773,0.9445117756816457
405.0,0.00018932323176780604,5.783886769058402e-6,0.9901238925894124,0.9323967761057141,0.014046811329252678,2.507725129919208,0.07071652475959825,-1.023658281701256,-0.11559518920716454,-0.03763161710922178,-0.05075423452826967,0.11725857842306912,-0.07088412380552503,-0.00902264490098691,-0.25147217360606183,-0.06161092250144369,0.38384117766281395,-0.1606218621959318,-0.006053146351863667,-0.13590009706587766,-0.045839623829231214,-0.04922709702140015,2.3674049357820928,0.8588689386152005,-0.051292071060620725,0.999900084989453,-0.03278912508302436,-0.033034338160363455,-0.004676449769911454,0.9050740179843471,0.030149038473324653,0.008475280884496655,0.06264112368077927,0.94452752800085
406.0,0.00016174476727871375,4.29592974221965e-6,0.980377113683265,0.9471582343767483,0.019687776893140402,2.5699817088228847,0.06558725383499685,-1.1668052940089673,-0.010311872661820631,-0.13459903894494493,-0.049316624783547404,0.21379814150494303,-0.052708223352845286,-0.004168468149915743,-0.08099721091423207,-0.006773921026239015,-0.046795018583400565,-0.9747060338880909,-0.09874866097039282,-0.048568396415626776,-0.08101055098799949,-0.0491567239452569,2.7728992638498253,0.557518932083795,-0.09043134320239296,0.9999000854794906,-0.02979450002941693,-0.031999359484491785,-0.0004159989172688342,0.9052056364231886,0.02867416554667818,0.006274670329637522,0.06809683445772824,0.9444986459961016
407.0,0.00021998867276802898,3.1239146654342055e-5,0.9895587963722238,0.9600701549003036,0.02567099847056827,2.5374816530523048,0.06958505618669998,-1.3146604048263133,-0.06005302646562955,-0.04259172237617474,-0.05010103804183701,0.16975106220940853,-0.05001722623040114,-0.011945741895744159,-0.12468013340955664,-0.015234659954458257,0.7050443733602908,-0.2703770359685935,-0.18505390836692698,-0.05000837791544967,-0.05021204222033641,-0.04990085732854567,1.4057673428024937,1.0544901023243693,-0.12559296844254653,0.9999000867326255,-0.029675280889431343,-0.023494135162210678,0.0034993089204867784,0.9053399735500409,0.018032676707112064,0.0036994186309764025,0.07064364501744201,0.9444333966982774
408.0,0.00016916289730223275,1.063145212118627e-5,0.9857144531934288,0.9235603908937867,0.01616786774165624,2.705583802315668,0.06616627221675,-1.1850682706279139,-0.06252276997566095,-0.049821329106765934,-0.05012307986727515,0.22011102656530496,-0.04971965755299208,-0.0066358150250247884,-0.1059446734646975,-0.011170546809144626,0.42805568225606294,-0.51697409209191,-0.4338334826844974,-0.10430433903927074,-0.050508637654974646,-0.05002981120101795,1.476913205298626,1.0407429387986316,-0.09207186490226504,0.9999000866685868,-0.030705686330714365,-0.023791967878196495,0.0012895548333685322,0.9054194661893453,0.023044352797377595,0.004226256452815896,0.07222403866496596,0.9444601865376232
409.0,0.00019911114119714905,2.385410629492523e-5,0.9802590736085699,0.9306587962271029,0.016359920400996916,2.6415202462749336,0.05933925137662063,-1.1967659912344801,-0.05919587597458278,-0.04979761928350339,-0.050174001242354355,0.18646128382102223,-0.050300516020695046,-0.0066041209842811885,-0.10083412739432726,-0.010597287616873086,0.029230395315290522,-0.5220473163068972,-0.5060350560788752,-0.07128325690391057,-0.05011850970043092,-0.050003840221427044,1.2575646976141832,1.1914462467975964,-0.07148422970990385,0.9999000867551182,-0.03189359055634708,-0.019942082549096,0.0013182656197783566,0.9056583652512056,0.0268402341812016,0.0030751286103068006,0.07409841641283216,0.9444926776503337
410.0,0.00017674271506929126,2.8664407554109142e-5,0.9934353051736603,0.9722370608301328,0.013635441843973539,2.4858229946789723,0.0772573878560185,-1.0797909697481507,-0.04790683483038728,-0.05070508335947145,-0.05008950993955833,0.12252937690832666,-0.024483782579799617,-0.010387103613389004,-0.1311432011838976,-0.015046944500296778,0.6214192324629187,-0.2143308997770557,-0.050896789296253894,-0.06445035158858406,-0.05001123997648304,-0.050002298948190395,1.9378069076536106,0.877442710817333,-0.0921155864199422,0.999900086851371,-0.027314017030229346,-0.023800905611840187,0.006228566034745008,0.9054447178249443,0.02139526764849622,1.536316028774264e-5,0.0759084235997774,0.9444427928478534
411.0,0.00021016231517836318,1.2738578301333494e-5,0.9810515350963583,0.9581816289485369,0.01784286622772582,2.3976010211885717,0.057875836638874585,-1.1161033313557789,-0.0566865988504292,-0.05692927508948382,-0.047049899868002315,0.10789929167523024,-0.04645097219331928,-0.005205094216806363,-0.0876550926783746,-0.007334371294550325,-0.06910329943656071,-0.9913649288802762,-0.9008781458034899,-0.04931644177612791,-0.05010237822207241,-0.05004720576768435,2.82853445562339,0.4874719341685105,-0.15740247926696124,0.9999000850911131,-0.029554172356612066,-0.027854007024705245,0.0005982081991078157,0.9052388477393869,0.036390474776779105,0.004857030674906848,0.06926311513318034,0.9445551685958584
412.0,0.00022159005328278104,1.599037415641117e-5,0.9930784709569256,0.9623283241090048,0.03166419099170902,2.723162992745318,0.07602225201031201,-1.185681682459405,-0.06443802802884456,-0.047053993754334604,-0.049809670823470466,0.21433649248936337,-0.04919101060277346,-0.009767142557005006,-0.11562342279252309,-0.012565518493493464,0.5118539444362262,-0.6635157977192435,-0.5500688408876282,-0.053757170405179036,-0.049971465024114356,-0.0498876801793312,1.5927421141910099,0.9159771834768674,-0.1656098249073822,0.9999000865276431,-0.028579763459329083,-0.02223702244022464,0.004526600934410855,0.9053308575114152,0.020979633991076718,0.00251462766470436,0.0717807329640631,0.9444486140494235
413.0,0.00020485798381107906,1.468685125719029e-5,0.9833599223552222,0.9501202546879729,0.01693431021752245,2.3606150422334164,0.058741888202205814,-1.0976286774077482,-0.04557120903062694,-0.050927556960831066,-0.047708040865326026,0.09829153924327044,-0.04524892690229532,-0.005566438464400561,-0.08930521345534112,-0.008053321458783335,-0.115754596006905,-1.018497268183569,-0.9697996353782464,-0.04809067073174425,-0.050258364791212914,-0.04964524367934359,2.048799589629461,0.9198585277173346,0.05885373663244336,0.9999000859356544,-0.030167023856238054,-0.024717506582721892,0.0005620974356754302,0.9054161487920818,0.03245333426643442,0.00438040811470335,0.07058775411111372,0.9445332208261588
414.0,0.0002188263816082983,1.1527221665495187e-5,0.9839483716263814,0.9576429823408669,0.017790840652374577,2.3240143622779956,0.05839728693021859,-1.1315838194951546,-0.09047237652373742,-0.12729613371622903,-0.0527486692244006,0.09560411135089532,-0.04922671958273128,-0.004993215105760144,-0.0837737733171627,-0.007469607943088275,-0.10848105780402968,-1.2410125903554774,-1.0666921057142567,-0.049404925062900264,-0.06862412802982289,-0.05117789152123409,1.9948347623528953,0.8503727729435221,-0.05271037670167039,0.9999000859530784,-0.03044538987513797,-0.026916246158407285,0.00016770907979644258,0.9052224923795065,0.026480755886565673,0.0059932117155866655,0.06760246565918061,0.9444836388836428
415.0,0.00023102551980790605,1.4326251859623121e-5,0.9936859766766776,0.962927877424044,0.034030594285620504,2.10263306839007,0.07302226113256527,-1.229450433876659,-0.0628872176123873,-0.04447269714245297,-0.05234280416816608,0.06622926682490664,-0.0497874922369381,-0.0086750870404245,-0.10962917084363684,-0.011284356766782118,0.4244234598483345,-0.8106505271871899,-0.6868792638080482,-0.051791583880778126,-0.049988902856985463,-0.050025179555651465,1.5545574781656148,1.0004856058755522,-0.061370056133351725,0.9999000864651002,-0.02828899896012346,-0.0230699072183874,0.004004682622785759,0.9053653016797063,0.02558172932355382,0.0016075892906479694,0.0733425358480411,0.9444708109833451
416.0,0.00017240916116759698,8.365974832144161e-6,0.8209357853940776,0.9768107805256047,0.024791585401564238,2.51172182669389,0.05959954428930404,-1.1609056811836593,-0.06064815125130167,-0.05028156088884121,-0.04829940707489511,0.17387205628297348,-0.05064310824502062,-0.00400719361932837,-0.08823092254173928,0.003043487106352919,-0.0517450906598302,-1.140539801616297,-0.6628284540115924,-0.06192723019876682,-0.050385445403366175,-0.04906841392750997,2.013169766866561,0.8302839355102702,-0.006148400621374145,0.999900084317773,-0.030548648932648054,-0.02658717396402031,-0.0035839847093108996,0.9049422650135244,0.03444626555646593,0.007972454928510151,0.06134578299144009,0.9445547137385637
417.0,0.00019272922317845647,1.018154794699299e-5,0.9884126674408912,0.9647671800698525,0.026011047865780713,2.4687817903778333,0.06340886005199163,-1.1964497082309007,-0.059835279645345164,-0.07708274404711365,-0.047470052950060584,0.13062295844827096,-0.04968194906582658,-0.007948748413923862,-0.09128223081551615,-0.009505402787506417,0.5155295987626612,-0.9446160951078927,-0.7838857629855092,-0.04704979832340741,-0.05000070560844299,-0.04986204229647166,1.8436727950527732,0.8685616047314871,-0.03490787583000993,0.9999000863394942,-0.028995435070894346,-0.02074810434303102,0.0021475458651749415,0.9053671232069287,0.03635319696284057,0.002546286829198687,0.06994130223017762,0.9445363090241763
418.0,0.00022003944321377333,1.6974566814360968e-5,0.9821778687863687,0.9513348635381852,0.017009864791838455,2.5683263230937188,0.05771820207752818,-1.2027549543189147,-0.0523876657506472,-0.051655425891075496,-0.04936709213081829,0.16329115632362165,-0.05255846909143391,-0.006115330869559227,-0.09288716540166515,-0.00865784446735123,0.013922098637826645,-0.935599560218009,-0.8828588284815458,-0.04683853464112575,-0.05415717892982182,-0.04968532555481735,1.7440241485785999,0.9293242104176371,-0.029347261647098014,0.999900086490543,-0.03010155604889165,-0.02602890527748603,0.0006664117057315103,0.9052893470711465,0.024762798554229505,0.0053193812641172435,0.06861299510689399,0.9444657735446207
419.0,0.00018308809764699778,2.3095003519533086e-5,0.994545963296399,0.9536067811656296,0.02845935702888853,2.3462836685843786,0.07161937754455035,-1.1256446292863405,-0.056191973643089234,-0.05002302597555193,-0.04849633004047798,0.11532782562488014,-0.05192089592424012,-0.011950409609381086,-0.09187682761700029,-0.013401998155822237,0.9310172169231045,-0.8174378821984117,-0.08602683707395645,-0.05001263388601029,-0.11725043978860657,-0.050011471973773904,2.2825374844192887,0.36900955170785255,0.047031633931398656,0.9999000333889945,-0.02349209783181783,-0.029087955045784226,-2.1191016080020203e-5,0.9017416637131344,0.036198595598083,0.004563968102930304,0.06732072935157983,0.9461876390735899
420.0,0.00019538646289968414,9.638086127568524e-6,0.9950131141201871,0.9636949631966165,0.02806947555649963,2.5560963832943298,0.08250305799194875,-1.1176821710209122,-0.12045252605651384,-0.11437387568256391,-0.048870425431315964,0.13872191036420922,-0.04452042603622625,-0.007827442472137944,-0.10804099709799111,-0.009888910954956828,0.421552809561896,-1.0387108281639204,-0.8777949667349342,-0.05169349261932804,-0.05176988637944202,-0.049650235151252005,2.2852881659694146,0.3812677899783537,0.11007368404891636,0.9999000422507767,-0.02301627176481671,-0.029452619544456087,0.0004884956680461103,0.9017325590234144,0.038528501723672455,0.00349902467317284,0.067690557499231,0.9462450436109753
421.0,0.00014190670624355837,1.519867185793701e-6,0.9831227609836936,0.9464387292249228,0.016426320900890825,2.469528411374623,0.06783742133205076,-1.148541594977701,-0.058278313363364614,-0.05161396306833532,-0.04550401702252118,0.15522202888624587,-0.049688204065135834,-0.0008100360027371655,-0.08219291786349875,-0.005171977363108849,-0.008434357453264553,-1.1842459739799658,-0.07486116408529818,-0.04692054943190955,-0.049821690976765386,-0.04998195889878624,1.7642624194863388,0.7754740169039505,-0.1459590082663054,0.999900086597773,-0.029164992498440612,-0.026090468180633795,0.0010255288407663642,0.9052830679292905,0.023927916675415543,0.004650518149560811,0.06874640470243286,0.9444588736073467
422.0,0.00024632684376437553,1.15166726160519e-5,0.9949775994527306,0.9666693229398419,0.03381008695126408,2.3135700250494806,0.07481910753410935,-1.2465865136796301,-0.07821018917452492,-0.06377157710392872,-0.04915590394447589,0.09187424336767944,-0.048417970605167,-0.007995985669283556,-0.10789576693847405,-0.01183913202152415,0.33698359518967397,-0.9664011803591374,-0.9012851202204448,-0.049547363109407175,-0.05156457390457387,-0.050284621524783614,1.1555384403559885,1.089827009042627,-0.026991681218233133,0.9999000867334238,-0.02831810199634141,-0.021911467838751694,0.002531455820419377,0.905339174768035,0.024900396096716737,0.003510188781566765,0.07083554731767405,0.944464165913159
423.0,0.0001579034255514031,1.7917467503943092e-6,0.984629450059855,0.9432892185788927,0.015844763462078356,2.455223606836376,0.07283011334064626,-1.207705102760272,-0.0556870153225661,-0.22264278777092456,-0.04832469016110365,0.13696142122774582,-0.04911201091898194,-0.0013499971661552095,-0.08125490357333971,-0.005627080536457756,0.09700253386617098,-1.0559888273888043,-0.05451538168181485,-0.04344310170329953,-0.04820771218498853,-0.049901842573700596,1.9234447254070686,0.6289612419086045,-0.023077559813033718,0.9999000859223868,-0.027039997914335798,-0.023475809497397207,-0.0014737304530276943,0.9050818987498352,0.038476680335339186,0.005042898870077697,0.06805127145282999,0.944542508495458
424.0,0.00018216053329967884,3.37468097467799e-5,0.994137323238418,0.9681134975325575,0.014481297688205922,2.6963060826939595,0.07447793250082291,-1.1425422409467847,-0.08759457533717638,-0.04636864771960723,-0.050000918653662296,0.17522597296294992,-0.02678744054435693,-0.01262126587085905,-0.13245142373270216,-0.016103854975905506,0.7689468666015198,-0.18742271982625763,-0.049012079766636865,-0.05044916901652103,-0.049974666202125796,-0.04971983262759094,1.236251650782098,0.7337411551639116,-0.11248789483150053,0.9999000865234755,-0.024967599595232468,-0.022680553249391725,0.0023489017779033785,0.9052379072809913,0.024316514664784274,0.003821146875021302,0.07036190559094525,0.944461602993093
425.0,0.00014180035808955958,3.2402025601326486e-6,0.982710692761138,0.9383761476687925,0.020468633202568254,2.5274307261818953,0.06791653292225512,-1.199695021187029,-0.20142933837415142,-0.07110719426585586,-0.04976817773090902,0.13377316884665544,-0.05087611856526909,-0.006499610275566005,-0.08835204396036936,-0.0039877729020788115,-0.035530167140614424,-0.7719709310741563,-0.06011911168199985,-0.049882102172917435,-0.049959176986171284,-0.050026045910624053,1.3963062376723936,0.7586755240926379,-0.09046902791848813,0.9999000860848801,-0.02726355559400046,-0.023454091061373823,-0.00025076853174617455,0.9051849171889121,0.027814411378868385,0.0052104272942567415,0.06933634959794736,0.9444843770961053
426.0,0.00022307367297937788,2.698765906860586e-5,0.9799516946899096,0.9673057980536712,0.01713422131230562,2.5575638720917055,0.060084693649178046,-1.1241087297683519,-0.060939863308889716,-0.04714449355254047,-0.052097108054595866,0.15475146307866644,-0.04644108650973333,-0.007181627564609471,-0.1003374630020071,-0.010874433090293024,-0.03200614704949919,-0.34706202976649553,-0.2349576027300858,-0.061335821054546574,-0.04979852534866285,-0.0500030434969424,1.3708317572515918,0.815644288954349,-0.04296788386597964,0.9999000863800482,-0.02665040912076456,-0.022602798184414952,0.000894029798426183,0.9052674504548242,0.02538387214156421,0.005487449596639296,0.07092810671766113,0.9444688600872995
427.0,0.00022359904042480437,1.2690285776270541e-5,0.9936566450380312,0.964854419057139,0.03364616734426548,2.4100771158672787,0.0734918943943652,-1.212177879427405,-0.06706985961183892,-0.04988281090919912,-0.04982311640409547,0.10717270406128082,-0.04978839097413449,-0.008453543067342192,-0.10674241659626128,-0.010595866493265245,0.3891286430241011,-0.9558817266769737,-0.7830524557859628,-0.04866652881073336,-0.05393181623052838,-0.050025543916449866,1.0013056696026759,1.0317291622750433,0.1790238123705262,0.9999000860846019,-0.02515640718226658,-0.02154451327118369,0.0015975777406637842,0.9052416311042362,0.03094406918788904,0.003370667008284504,0.07046450326745414,0.9444986043309116
428.0,0.0002519829273167502,1.2187898268743322e-5,0.998465311703209,0.9645792453797317,0.03207306958508721,2.402555458978378,0.08455608376983095,-1.2141237309710549,-0.0654405533767086,-0.051297359393249656,-0.049964831075611074,0.10102704032490703,-0.05025216328556669,-0.0067986660666436,-0.11222725188612287,-0.011505954183157939,0.15614963663401893,-1.12363848728956,-1.0364517052127091,-0.05006656449218318,-0.050488257286234565,-0.050002724115910266,1.3069638083210344,0.5402021915501766,0.3057533766859546,0.9999000603042381,-0.020747770835788167,-0.025486861448865344,-0.00076822550161999,0.9018709449572984,0.034843418994642446,0.005099821942115066,0.06675671182129991,0.9456868136936178
429.0,0.00019371038834036238,1.2988034837944385e-5,0.9880937454550333,0.9644456428913513,0.02315939528178865,2.5206444563302215,0.06521118629899471,-1.2018362155074644,-0.06090244834421303,-0.059699750438433286,-0.05071160203747598,0.147980908121496,-0.050670387065313176,-0.008447358791713232,-0.09552854977758594,-0.010162053164965752,0.5538527142586659,-0.7620990091616917,-0.5747240875966942,-0.051944030394216224,-0.0501324460358266,-0.04995511123587148,1.759745912387743,0.30817731428053174,-0.4204784546451228,0.9999000856902374,-0.025145013617600267,-0.02395520691382986,0.0014939471880678714,0.9051164146877113,0.029347285940451138,0.004345319952021478,0.0673994603139222,0.944494215901923
430.0,0.00014159941565070638,1.993914311126012e-6,0.9828740851775604,0.9406940831276831,0.019039421976798022,2.4702933901158435,0.06826057677766402,-1.1963262384450173,-0.06614764788976508,-0.05420719725560635,-0.04988616943059865,0.15379426120237674,-0.05009420992920919,-0.00011359725027067871,-0.08621298048235648,-0.006063090564514359,0.3511840307745663,-1.0205347592075142,-0.05361160095533543,-0.06037840323740999,-0.05025680803457368,-0.0499666406015036,0.5591910752538094,1.1487435850637144,-0.05075092810920369,0.9999000866931456,-0.02861740751620982,-0.02005236078394587,0.0010133491269402382,0.9053378178344633,0.023195460452491806,0.004285402031337561,0.07008620334195242,0.944459312073777
431.0,0.00016416273878302277,3.5686839592900073e-6,0.9837767189785228,0.948478194972339,0.02402445302077665,2.487796131397963,0.06564980829814221,-1.2469642213812915,-0.08527914082538857,-0.20195548166430594,-0.050092313415398916,0.15599702559502335,-0.050849891075052396,-0.004180656654832919,-0.08165208900900155,-0.0062299640276806505,0.015219876420316697,-0.7396123845512576,-0.060396449650915576,-0.04887255872254017,-0.048387114973159034,-0.049841808854145464,1.2573650394599476,0.8947878561307864,0.1630075376341027,0.9999000863850382,-0.02606761141444084,-0.02555268535230725,-0.0012151084924939407,0.90516991636495,0.02713785326896073,0.00629482075834747,0.06610109711091593,0.9444745380286419
432.0,0.0001920475632687328,1.5292881095763616e-5,0.9954087843667503,0.9660481193113196,0.030558546113668126,2.49276464756542,0.06980526431207258,-1.1670136271797589,-0.22810727571460168,-0.05386297746345865,-0.05019101136650732,0.09860013324064738,-0.050014387046956967,-0.009372013380782548,-0.10019745005462245,-0.010538492427015584,0.5593367362109393,-0.7641128771396033,-0.4544206741015945,-0.05469330954716496,-0.061533443440911585,-0.04995191835062649,0.9059019677653598,0.3955624481397864,0.10152618446982888,0.9999000502651971,-0.020929125839373317,-0.021843882827344806,0.0013085302515647229,0.895492658084128,0.036671781954183656,0.0030464936863917394,0.0689024749759632,0.9455899764935096
433.0,0.0001565878843589926,2.2374785634198743e-6,0.9843602216767521,0.9352761047149061,0.01633059130232846,2.456201272780298,0.07276682069756142,-1.142318242337062,-0.05284314056268828,-0.23934497497962545,-0.04930012570936242,0.13436304007715105,-0.04629805518034629,-5.844759886500619e-5,-0.08017111692465455,-0.005876629501591166,0.511181028250582,-1.0611520607614522,-0.05112898383696649,-0.05100437562658738,-0.050522852323489444,-0.04502403380172524,0.7699060089742613,1.018106962441807,0.07713180397411887,0.9999000864753682,-0.0267912536308484,-0.023311138763576253,-0.0008179833676691248,0.9052513868396148,0.025116924079533174,0.005463685839543435,0.0673372160142712,0.94446910502921
434.0,0.0001431084010367109,1.752304770450073e-6,0.9848687167206669,0.9398303004028192,0.01738401918647195,2.483336000290736,0.06838414232563145,-1.16411182882891,-0.07253305541803946,-0.050043296939688266,-0.04402831198579121,0.14225709723682156,-0.04634991592928081,5.868839419143038e-5,-0.0843921936509638,-0.005649983202023497,0.20448913469074076,-1.0997419054524122,-0.059473636407512416,-0.04934669980523771,-0.0532455071660538,-0.049914559122295185,1.3048524369558228,0.7551694412630118,-0.09656696352793008,0.9999000864297674,-0.02660255175752729,-0.02448033013879244,0.0003764928533600311,0.9052592023892658,0.024765345132796344,0.00493573371779264,0.06863743727994302,0.9444658971122786
435.0,0.00020495618052467456,1.0487963483169332e-5,0.9808342716502124,0.9585649258111297,0.015805246529825113,2.5030919632010464,0.060159919579023835,-1.1498573068586189,-0.05107659314844858,-0.05380248301395068,-0.04954229131185217,0.13950061020434107,-0.048401166829341064,-0.00537781325394551,-0.09096410640946692,-0.007753183043377068,0.037499756609304616,-1.0623878171837131,-0.9808368055921051,-0.05034580798410088,-0.05012229979588556,-0.04991194001878733,2.0735193926926834,0.253557407278372,-0.27385366005509465,0.9999000853902464,-0.02527998587182382,-0.028416417892442272,-0.0021718739918586256,0.9050599210429979,0.0290278684795762,0.007265497068245278,0.0654019526568241,0.9444972387585273
436.0,0.00021442903045135626,2.179230544380226e-5,0.982795288504158,0.960209126316769,0.016831877870224644,2.512462323552437,0.058648568034118664,-1.1232977215976114,-0.04534400546269813,-0.06959092499573373,-0.04949217920627174,0.12863290473536024,-0.04533318630255047,-0.006561141451368485,-0.09488351362535762,-0.009056894400533916,-0.03755224305578116,-0.6408623958170749,-0.6101653632652742,-0.05913690211109196,-0.049662114244883974,-0.049872503474299806,1.5280643134224843,0.635598558683716,-0.02487183474099819,0.9999000858342075,-0.025806422470638243,-0.026410934058610967,-0.0021694800126874293,0.9051202157113494,0.027245188836991754,0.007649669117143181,0.0665460921284203,0.9444839851523779
437.0,0.000248853977262935,8.774385687007459e-6,0.9983500094548771,0.9666187757721858,0.02692395901652561,2.598240622589631,0.09065675769593254,-1.0365413271263664,-0.21660085778238275,-0.27582798903723166,-0.05331074721188447,0.10985381682279767,-0.05030034302350032,-0.005606261872188689,-0.0908647339582466,-0.009374210372901596,-0.05328220381991606,-1.196485099028612,-1.1999999565920023,-0.05146739735519858,-0.0509153686424509,-0.049874363642621725,1.9570493222664678,0.04430348371189722,-0.6279133687053685,0.9999000852177371,-0.023863128028191537,-0.026689186083037036,-0.00023873278585582626,0.9050764023682496,0.028262185558334194,0.006436437427287622,0.0660733556169841,0.9444988841483228
438.0,0.00018421107586958678,1.0126594613475163e-5,0.988882729317947,0.9345501005560133,0.017049036314090157,2.3985613445197878,0.06077168861312511,-1.1699629316224567,-0.1126127025186797,-0.06945595747137977,-0.05008160112013402,0.09514416261833594,-0.050109167237392685,-0.00479799929768879,-0.0922261131895546,-0.00754790175168085,-0.05028281532414374,-1.0829324996875873,-0.9987565104273822,-0.05858331106786427,-0.049922176310697446,-0.049983354244477966,1.7747777143901908,0.4904980901344984,-0.11533130613294983,0.9999000859651201,-0.025157575316107343,-0.027366307875675875,-0.0010933793656875475,0.9051921675199173,0.027965326501254908,0.006104662850754509,0.06745057399784855,0.9444832848368006
439.0,0.00021913279912284646,1.4153613907444067e-5,0.982558064040679,0.9611173137742933,0.016944523170185688,2.5638861804171813,0.060003695250229985,-1.1968478893871564,-0.09433124462296312,-0.09505636047363264,-0.050352294181953715,0.13363346383994412,-0.04913925478003225,-0.006289273381814381,-0.09039601304292263,-0.008157984228547435,0.031772386604658434,-0.9157870575289062,-0.8774653103079182,-0.047318598728418516,-0.05073729656425101,-0.04982848804101246,1.6035978175108099,0.4811927526835559,-0.1527225178386906,0.9999000858570342,-0.02584112943964497,-0.026890254527749863,-0.0028629105528411502,0.9050639257204922,0.027640030821068376,0.008235634344216494,0.06475749290012818,0.9444831588550466
440.0,0.00018419133712400712,9.274792620146161e-6,0.9922680917391978,0.9429861278450264,0.018120150436594835,2.517697031880068,0.0656954680192618,-1.1780913022530801,-0.08127287892333997,-0.056262914271503935,-0.05006811419658657,0.13525780125526043,-0.04984706792970487,-0.006233947199343034,-0.09652199570463874,-0.008114195651392616,0.25486359177264223,-0.9313693291349372,-0.8390802413803027,-0.05328530708829143,-0.052092763093399164,-0.050059556032008026,1.3910498051964046,0.2750418301583108,0.0710449053014349,0.9999000444175492,-0.021896301777289677,-0.025996404290758682,-0.0018370767529139894,0.8970478552162604,0.03272528796639698,0.006149325404483096,0.06610190484734677,0.9455542240089667
441.0,0.000243557971931899,1.2023631046818478e-5,0.9949512177448597,0.9626755344948852,0.033045058927524566,2.835485881139873,0.07716839254281854,-1.2249360283113107,-0.05437938410568203,-0.0739222742288936,-0.053281006974178514,0.26400981283013975,-0.05074989162533003,-0.007808447062326118,-0.11045973322934763,-0.011855257266960495,0.3313589340060992,-0.9726280841512029,-0.8927003428308943,-0.04889589580281328,-0.05009036085193215,-0.04980076196614635,1.2368273100106044,0.722898976420325,-0.09304683839074342,0.9999000864134819,-0.024399751262141153,-0.02375809413128487,0.0017812707986757433,0.9052812095113663,0.0256195506174253,0.004006159562764374,0.06988299009660118,0.9444695403191439
442.0,0.0001746609732488982,1.0277263998343949e-6,0.9886483303083963,0.9388837731316133,0.01915405574199233,2.412924476292276,0.07458442571012312,-1.2596033234629023,-0.052789482297143545,-0.29144354954449725,-0.05114742997394083,0.13400902454214897,-0.05175183279842264,-0.00167339954395756,-0.07597986598427448,-0.0038407668244800296,0.07787618595719446,-1.4467945187572242,-0.07331353384519909,-0.05088794575268045,-0.047236593700839005,-0.049946647832134386,1.4479302252218755,0.5957583316721383,-0.1386561668229701,0.9999000858780203,-0.025758925204500283,-0.02683936688998103,-0.001859170101929119,0.9051994063784612,0.027655761544969883,0.0059278423872584285,0.06533672895334391,0.9444913128687289
443.0,0.00017100367819333445,8.807163946528393e-6,0.9930587854714052,0.9437706875552218,0.017338783975326583,2.517763707695329,0.06972799424107913,-1.1168883633045519,-0.23430431477295402,-0.052421602586907576,-0.04978938879280133,0.09582632067374981,-0.04417533197600289,-0.0071294774627268034,-0.09944276870128212,-0.009270040270400407,0.5234988870805277,-0.9175461312048835,-0.7394448941852203,-0.051320569221469284,-0.0501201892503128,-0.04994744321537494,1.2169748972615924,0.387002614778564,0.12682858431727914,0.9999000560538389,-0.021681875470177355,-0.026598999295888763,-0.0031393482943749148,0.9012749998834086,0.03206355752581614,0.006726329026538701,0.06427857527521892,0.9457715584588073
444.0,0.00019800513473516496,3.390028909309847e-6,0.9898587189795693,0.9391521917193756,0.0182038181718226,2.546978493501091,0.06559666112535992,-1.1090557786129933,-0.05438843969998254,-0.0514696032012683,-0.04800605858460847,0.14782697581799795,-0.04967171336247007,0.0037156020627708286,-0.08729824946786553,-0.0035464051604267893,-0.6236022956019522,-1.4406070727221911,-0.07198417855040205,-0.04955725566270508,-0.05128214917389368,-0.05056745324055198,1.3596600546985034,0.6109315025513566,-0.17301722282968907,0.9999000862537906,-0.025347234412654907,-0.026493839665658867,-0.00036277376819956705,0.9052108605676821,0.022990502732558933,0.0058100252102661195,0.06789572102976647,0.944463876245117
445.0,0.00016983477093665978,3.439135714459706e-5,0.9921649907718068,0.9688373014954565,0.014366406202333114,2.7711497343372367,0.07573294971921574,-1.0366730046157406,-0.07214839125934638,-0.04917040485091863,-0.04884606389315476,0.1764366630666989,-0.023552919459536643,-0.011259024852514277,-0.1229185451830848,-0.014708306905196231,0.7068348132895196,-0.30872367609286866,-0.05882378195785468,-0.050018068594202214,-0.053995943218458395,-0.04981816021685899,1.5476555423684493,0.7264826912956627,-0.047219270396492846,0.9999000864945697,-0.024275781052540045,-0.025169976531358964,0.002550982621326537,0.905400505130975,0.021401550165769,0.0035767968679666115,0.07356399023035189,0.944461350807333
446.0,0.00019999666423953564,1.529143452924666e-5,0.9892149254269925,0.9586075018159145,0.017017357921987643,2.4213701787759043,0.05857986762322157,-1.1640928747163586,-0.05013310589118498,-0.05102408301634926,-0.049973052742474135,0.11063554022859622,-0.0466668892383914,-0.006313585294812435,-0.09614714168797847,-0.008538466620833738,-0.0342744343021436,-0.7376635274791368,-0.6680325081452742,-0.061323168841959715,-0.04973031276916743,-0.04992329740082537,1.9590106975333934,0.23766540689666965,0.11147275263071779,0.9999000452340232,-0.02167418089993575,-0.03198529679584787,-0.004809673458394781,0.9023560357210689,0.030067035650294567,0.008524018689894821,0.06474316048532117,0.9458880110872545
447.0,0.00015433462875499827,4.758821738612777e-6,0.9827714755026411,0.9513892810905883,0.023427743146065057,2.45838630166653,0.06326045430015942,-1.2375699134894915,-0.11206934644804209,-0.04864522894882043,-0.04939296560126943,0.14217539242839008,-0.05103086356293873,-0.003971312723430313,-0.08831335218059813,-0.007399055251443367,-0.03209129722135586,-0.6470719536417645,-0.05492906951953994,-0.05413024368924384,-0.04963165205551732,-0.04978718070659427,2.4418693186290645,0.6145718812190711,0.28919400025338654,0.9999000859093772,-0.025128803747737894,-0.03737877891586165,-0.00559403678025937,0.9052296629896448,0.02408494709401688,0.010639584401637078,0.06744801125742174,0.9444869482972464
448.0,0.00016570778563586346,5.177626805172115e-6,0.9927396857050599,0.9482598809172545,0.018906916435645592,2.5875401561294886,0.07247859020628081,-1.137903895153926,-0.05002905026598121,-0.10680644343443686,-0.051548674539695805,0.19256615214710077,-0.04981510403930762,-0.0042860249843047135,-0.09059537093231612,-0.006701959363259541,-0.05115384269311936,-0.7353368378128667,-0.2692136087083659,-0.049336282169154685,-0.050131243819596764,-0.04995382235596205,2.470738439341833,0.14521772090569468,0.1216779270304908,0.9999000470659423,-0.022186589030018872,-0.04063308423120547,-0.013370188472165225,0.9072300057296796,0.02576642619128399,0.015630188506640674,0.0588490216608844,0.9462906146193375
449.0,0.00018178444489039744,1.9866789254390632e-5,0.9829640867648559,0.9609842210323687,0.026772666679061183,2.4213132187505813,0.07019957661440597,-1.2591045315262468,-0.10973695268051958,-0.05086511196121512,-0.04720937069430588,0.12329310102445191,-0.050061534833435,-0.005122350394611584,-0.10267474338349346,-0.00803786130818106,-0.0492582994703028,-1.0573956633128023,-0.932338956792478,-0.04976037180785863,-0.04999928195844701,-0.04977367203745029,3.045515905533434,-0.06879246398953927,0.05395686924783624,0.9999000449815867,-0.0200637533754856,-0.04218467600290341,-0.011617870281628254,0.9033402696510882,0.040414514971217175,0.012841325022543173,0.05871355273799898,0.9460097681366464
450.0,0.00015196209499853544,1.7840078652461855e-6,0.982567500143693,0.9426930174778676,0.012069970790943697,2.555319891615776,0.07079253041462934,-1.1418022628004905,-0.14173956703423307,-0.11803213577125278,-0.044784605038885435,0.14529477704644916,-0.048673289070219394,1.0183078387530964e-5,-0.08120979686607732,-0.005257097332374116,-0.030352477887660812,-1.1249121720222826,-0.05489164180051879,-0.04891526453669399,-0.05018824587412564,-0.050142282051544605,2.856404380773736,0.20567454854687706,-0.07877965047037273,0.9999000850486031,-0.025800390522757618,-0.043761908040641326,-0.010676925742831127,0.9051937300937869,0.021824696474227703,0.014702946439277867,0.06375334526916045,0.9445038742723797
451.0,0.00017376829240380097,2.7801582246314985e-5,0.9913852366744818,0.9500991603420843,0.026724080318261418,2.5305294198268053,0.06706693065455933,-1.135306293034455,-0.05227024990165267,-0.06584204653456265,-0.0493479874609866,0.15751386225678507,-0.0504985237584129,-0.011935684484221299,-0.0865662544147753,-0.012556662688731679,0.9949815339033331,-0.7580037845114372,-0.04978945069550684,-0.04739323396597061,-0.09606308642242041,-0.049844759084863785,2.3685387184035567,0.4036159827836036,-0.06677654811199192,0.999900084088112,-0.02488459763134103,-0.035817663871429505,-0.007995504883267982,0.9050010004726741,0.032130796789802435,0.011256661424280268,0.06885483278720461,0.9445862848441613
452.0,0.00020707205751939245,2.093376662465534e-5,0.9853088643080992,0.9680745986107825,0.022478923226650373,2.4497015768370263,0.061633971902547706,-1.3021258840275012,-0.06403485821311772,-0.1152135515717156,-0.0501412435578597,0.13638626664310052,-0.05234615375270767,-0.009736305234120904,-0.09376564294424918,-0.009683308761371304,0.6681334821875302,-0.5710903355012288,-0.372004786500546,-0.051003608977841355,-0.049984029523594535,-0.05019707202439818,2.2868716494800196,0.655163471451464,0.23857250583036485,0.9999000848388766,-0.025496478008798805,-0.041092763656028965,-0.008929201997550703,0.905130519607906,0.02007767040064087,0.013943650830063083,0.0658037927944598,0.9444957661006061
453.0,0.00022133633922058506,2.7985759078416786e-5,0.9824007868979796,0.95674153680976,0.017497111140724095,2.6422284389273707,0.05606199491858581,-1.1610510991184528,-0.059900505521091885,-0.0491336203848274,-0.05165686242371587,0.15061683254794775,-0.05026128701187237,-0.007184787827694299,-0.09632399995684593,-0.00874125970372804,-0.03431504686508233,-0.7050115802503795,-0.6263250320679783,-0.04872688189400893,-0.05122662755142814,-0.04997492406796422,3.0583951937938334,0.24399643104691945,-0.05252209103882337,0.9999000841101902,-0.026516145316499217,-0.046372610007868596,-0.012526919955267972,0.905156745493624,0.021083630303438815,0.01826196761104272,0.06606102765651345,0.9445313383057314
454.0,0.00019999293213463323,1.9588650181197364e-5,0.9833931167817253,0.9487962193959258,0.011551136264983788,2.709879222419178,0.06252386368926285,-1.0808676430748898,-0.05085770304649911,-0.06799040646978946,-0.04994795483349157,0.18118167849545058,-0.05047007230937998,-0.006215155445435225,-0.09085130156867868,-0.0076319083383844435,-0.022476485031864092,-0.9774982637502762,-0.7785368622690598,-0.050055563162884904,-0.061719282792749575,-0.049965365726596656,3.2955041024932075,0.21019245336809553,-0.0223706756160063,0.9999000814306014,-0.027290357934438545,-0.04868932644956694,-0.018422383796393053,0.9049391494929087,0.03324849006116922,0.02000296199799614,0.06646491985347774,0.9446754385247342
455.0,0.00015967978141001268,1.3248715641736322e-6,0.987213049533535,0.9571551500136196,0.018619766805189363,2.469249481476992,0.0680432379676611,-1.2672974192613458,-0.06134514730033228,-0.1292495380108987,-0.04869131132500419,0.1479037239722286,-0.05329079275854331,-0.0030608626824960316,-0.08190450267195525,-0.003550690942506818,-0.03950252006095833,-1.444478338207877,-0.19039001212689524,-0.04376217737531788,-0.0542679243436436,-0.05006366931659672,2.7638960074843277,0.5540210222561021,0.1820422877906559,0.9999000842580961,-0.028061942820903667,-0.04702359672640959,-0.014075585866385992,0.9050204867411626,0.02448889667251007,0.01675779296578819,0.06613002764919508,0.9445312473590044
456.0,0.00018753542568825365,2.666985450918459e-5,0.9858314804427949,0.9657919859145164,0.016269224241722224,2.749886815721861,0.06550243418781812,-0.9640321414704629,-0.09700327694256501,-0.05106774674922877,-0.05371629746871394,0.18820597182801002,-0.036587432213885086,-0.006266855854397162,-0.10451485131067453,-0.011087791278765864,-0.06840889355296466,-0.30980480014875417,-0.04789576739394603,-0.04893599599311471,-0.049790503037299344,-0.04995537248918669,3.0740804287160266,0.11586164699505899,0.028071916639951188,0.9999000550280455,-0.022726415198254475,-0.044725780710252315,-0.015116946697128599,0.904885824390677,0.02584458789135159,0.019875639375716812,0.06823865956802493,0.945615520037282
457.0,0.00019810207852263628,2.1490130400007824e-5,0.9846123960394872,0.9561826665856388,0.01891839302557896,2.676269795901851,0.05928092027743417,-1.2214969769897783,-0.05280557770995617,-0.05003912543818274,-0.05321842200876432,0.1765819965864967,-0.05063592494063993,-0.008225489803822332,-0.1036353543456763,-0.008651598799338243,0.2393753457937601,-0.5904082752167399,-0.516827807784507,-0.051733695939649785,-0.05089666927729832,-0.049958516056820175,2.769280623304264,0.47955601735147796,0.050294837155857385,0.9999000847666806,-0.02749057312438811,-0.04603484976045481,-0.012567337297848515,0.9050717948016034,0.01968788328354733,0.01777157444341934,0.06818878235374849,0.9444896225928205
458.0,0.00020424064464080426,9.265796517683106e-6,0.9757487828385086,0.9692364284530713,0.024839868889351302,2.623408171711321,0.06640863847088697,-1.236185764471365,6.4764146312741575,-0.23132950393769042,-0.09387326071732947,-0.04201894415297234,-0.06478356734743256,-0.005747443177940337,-0.09452899518754979,-0.005996500003694554,0.2246473239094164,-1.123299828378936,-0.8238718063269396,-0.05369587562201557,-0.053398055551490055,-0.04723053414732264,3.4433159431079563,0.1018161577512334,-0.07635142250035036,0.9999000829007183,-0.02763475987882558,-0.04906055719028606,-0.014611419375041533,0.9048354638169536,0.02700033940847858,0.01969357029415242,0.06501292029983666,0.9445673786805573
459.0,0.0001608336863724993,1.5799349336643413e-5,0.9874167483265424,0.9415280769309983,0.01859393941815985,5.089145941670894,0.0632506332032638,-1.0294779307781412,1.1627019247672385,-0.049077252766432954,-0.06705870372425042,-0.039653336334703734,-0.041148868877204946,-0.0060541245066408345,-0.10160177571804525,-0.007191436100861367,0.3440817588925508,-1.0950009727979169,-0.7951977118449343,-0.04170458121719261,-0.0501366784540844,-0.04998585928248426,2.9420276196975115,0.27138765898326395,-0.0669474479466412,0.9999000833420373,-0.02679431473414125,-0.04375134010912454,-0.011295982583874244,0.904982437723626,0.022185108997758947,0.017494733711677,0.07012602225726756,0.944560750822286
460.0,0.00017769820916497379,3.4220000112024296e-5,0.9817603394851413,0.9622375679557694,0.012792505358271736,2.9083461692866126,0.07151776481260685,-0.9831532586380404,-0.05265517822045766,-0.02391579357320249,-0.04998785134003371,0.20965944133367526,-0.027370217790671548,-0.007982761358867593,-0.12183374624714738,-0.009564928341676155,0.19058231888887747,-0.5391838223218062,-0.4179757897803396,-0.050370545524594676,-0.0507556390320355,-0.04993162610625958,2.8728174215777207,0.23625665245687233,0.07493627643288314,0.9999000501213362,-0.023136564363559056,-0.04428968853859601,-0.013861833176455722,0.9039101858594691,0.02536778302713063,0.017105147675645003,0.0689170519399666,0.9458086724112307
461.0,0.00017080826892299463,2.447635776982577e-5,0.9895491368511559,0.9511521035259256,0.036958123579625655,2.3505419989607677,0.07033651439884095,-1.4590943821594697,-0.05774558363045794,-0.06111187729411144,-0.04504650215149467,0.08817391639715276,-0.04931237846369118,-0.005408259024531442,-0.12321835653083085,-0.008892292014073416,-0.048549021140514445,-0.963039675820551,-0.7922246227648257,-0.051325795297188656,-0.050288923572499034,-0.049727368173338164,2.5606974889264076,0.5220642387133916,0.24826549097716266,0.9999000445786836,-0.02233275173763942,-0.045419486278029754,-0.01415826051924548,0.9044972551720301,0.029462715843416174,0.015388408517868353,0.06687199868368932,0.9464575255213021
462.0,0.00016778617828560238,2.3662506422458803e-5,0.9872605006635508,0.9532693317572171,0.036276326826353324,2.60358339701657,0.07429894602750967,-1.4233516824463401,-0.06969565628384536,-0.06514293365434352,-0.04861496643629171,0.16799814277752023,-0.051622204233335606,-0.008583433177182524,-0.12431916776961394,-0.0049159216877815775,-0.8187967845135241,-1.0336555219388373,-0.049667087753982854,-0.045562743516905965,-0.05029780529318922,-0.0499471296180947,2.3588087012807186,0.8210460517889534,0.5722070617793298,0.9999000344110649,-0.02277280851906414,-0.044010558056028354,-0.014755886006162079,0.9037653024424124,0.03146588741148961,0.015437405892084526,0.06599851467304489,0.9469005371998178
463.0,0.00010051954360266008,4.0452499979905125e-5,0.9912971391645472,0.9516079837621795,0.03307184980751901,2.5598611681668957,0.08344765838864834,-1.0858661828580123,-0.041352972943452436,-0.05454364312940443,-0.029196828804725267,0.07451697586252332,-0.020659206678398104,-0.006205521953970441,-0.14655928200108073,-0.010239039852394528,-0.0524642218978642,-0.632044600274541,-0.5289392234974299,-0.05025070261381011,-0.04967465612388638,-0.04994385672187999,2.055378759460572,0.8493345833660222,0.05692595920009593,0.9999000850794089,-0.024347028441069358,-0.04034017740255087,-0.009270025374610377,0.9052465827422829,0.019061771568230825,0.014842223639921388,0.07135318449264642,0.9444990254012877
464.0,0.00026094384326405296,1.2374811792132567e-5,0.9713669917339208,0.9919383449220524,0.025172436181174703,2.645623344426375,0.0605490978600481,-1.3826282668182917,-0.07512610746851203,-0.04881967899365676,-0.04675796781415058,0.1673537489750357,-0.05064753633475547,-0.011661438676398978,-0.0953173810465601,0.003843154789386646,-0.1244373887632525,-0.6857286479593577,-0.009996056650188028,-0.049009960245213084,-0.051454960154758984,-0.04994306505878037,3.2431809813938237,0.3305660887781382,-0.03950922433028761,0.9999000836487968,-0.025257431055559592,-0.044775353098047456,-0.011998909550854467,0.9050226282525116,0.02319315902619763,0.018495008895420693,0.06961352994541056,0.944538727143545
465.0,0.0001325590249145474,2.9105844538491373e-5,0.9933589793160912,0.9596274664612381,0.01898073531912049,3.0171185420749653,0.08402725408404497,-0.9386864290252347,-0.04994318141396923,-0.050629424604621734,-0.04993855427301083,0.23783308014822319,-0.013071996578396698,-0.009442978541843915,-0.13865776463555915,-0.006088593765047534,-0.6071817333951126,-0.7641814665521267,0.14171522742252535,-0.04990780182533578,-0.0488015422959023,-0.04998060753724211,1.5403353895202727,0.8200985726883652,0.10480219591143627,0.9999000590373843,-0.021830193884395024,-0.03641855930763088,-0.00902955795881725,0.9103984933092679,0.014484701575768932,0.014549211976341741,0.06782489765620485,0.9465114854498431
466.0,0.0001638512008644805,1.6125442608135153e-5,0.9805923823639205,0.98253079400782,0.03219584885198985,2.6517167377621518,0.06945950560120698,-1.50612270438846,-0.07381828328261855,-0.09493002205677326,-0.04696544105066942,0.1784650434731147,-0.04733830800798932,-0.010890613587020596,-0.11806319549518751,0.0026892709604695144,-0.20563795122841652,-0.662024724742143,-0.05716362458090942,-0.046020016711657584,-0.04992779834487399,-0.049956097790165056,1.5172595841573673,0.8183540786508269,0.13471253107495076,0.9999000434018117,-0.02415318313365342,-0.03760938791178848,-0.011844128026948066,0.9057668728414179,0.011095073045614485,0.017302472462073695,0.06515579933013288,0.946675019893845
467.0,0.00015968683863448236,9.63619496520493e-7,0.9924193324607562,0.9649227309398829,0.024325053249272317,2.5094556938148,0.06866361338596469,-1.2918105943414693,-0.16708255071187642,-0.1780526332345688,-0.048738191766400485,0.12628148800790473,-0.04899045356786238,-0.0040370762706625,-0.08365474410124751,-0.0017225977934813555,-0.05663820458645661,-1.5417682188492157,-0.028413500043031094,-0.0497867346058366,-0.05448958464722726,-0.0498378502489755,2.93964249128146,0.45836639350582886,-0.05171612514789577,0.9999000848965702,-0.027460390132017922,-0.04414422294291541,-0.008310708743805427,0.9051745115822418,0.021782602336849054,0.013706828149787903,0.066905636405857,0.9444998886652285
468.0,0.00018325149654007427,3.137771491848981e-5,0.9860924190134964,0.9451226668650926,0.04013754248203403,2.675657565041836,0.06887283246490103,-1.482365108179052,-0.04952986275569791,-0.05797525030078931,-0.04771300226490513,0.18290765206115475,-0.04991825171021913,-0.005706838906274311,-0.12477304854901874,-0.00947002414631807,-0.03688124024638038,-0.7813024827933706,-0.6415411252897544,-0.05428238189187569,-0.05044150789733341,-0.04986164190437907,2.9402323255327056,0.497908114073339,0.0363490981118532,0.9999000807531506,-0.02422268818453052,-0.04657842469307065,-0.012506657268235915,0.9051354029191734,0.0331927818155365,0.015300196861665843,0.06903619356934775,0.9447313250066642
469.0,0.0001277617117168364,3.916298429896484e-5,0.9917184132567766,0.9517535588071571,0.038983317195081545,2.6574626337745912,0.07789937616093241,-1.2540929577505306,-0.15743707560368533,-0.05357826377650412,-0.032734235594715624,0.09524564427087563,-0.02748220291311246,-0.010174698465422,-0.1419982122076378,-0.00621752851640763,-0.5121267829963578,-0.6653111058098853,-0.04422064601932219,-0.04644563393366683,-0.05206882477892278,-0.05027304724878225,2.94719651098034,0.4476550863907947,0.007776191405109713,0.9999000826134643,-0.022974156979104897,-0.044852125021464295,-0.013609091527158139,0.904947919342171,0.03334685427701771,0.017133759678464186,0.06746514731705809,0.9446301953529936
470.0,0.0001642057378906996,1.491458042751325e-6,0.9945328242868783,0.9610908274874609,0.02618622232868466,2.4593286974277837,0.06566359711844638,-1.2976772790455358,0.017890582378226997,-0.19823635732108863,-0.04437519834555163,0.1639717034957113,-0.049766253374679964,-0.0033880161261746395,-0.08388951247720798,-0.0033182062530607704,-0.10449221707848397,-1.3673587617139682,-0.1600759094245587,-0.05348828133570867,-0.05283559666699584,-0.047362230931946726,3.5663445457991867,0.1396821586590708,-0.14566420584207412,0.9999000836964811,-0.026243235990280115,-0.04700616225322389,-0.010098539128939453,0.9050938355314682,0.03320561941017667,0.014238745902173042,0.06427741423432069,0.9445841690787982
471.0,0.0002494997751780844,1.2109760446142539e-5,0.9755534592599799,0.9900866997363575,0.024921706162712696,2.822421030888198,0.06662940060278616,-1.2777008382324408,-0.0537806131781563,-0.01991738555009056,-0.051070627703846336,0.2845960272443619,-0.05111149619298902,0.004122229683505278,-0.10122040542040166,-0.012329599706015531,-0.13799711510748677,-0.6593178214640704,-0.060962932141970655,-0.04672742036811346,-0.051188688100945436,-0.047859325903045,3.915172722582627,0.09759472604301613,-0.005558040239962636,0.9999000802321709,-0.023681748572178165,-0.047521797672133194,-0.014596954565644797,0.9044925370004222,0.03837072421024169,0.01886115801955665,0.06843792233650392,0.944680985638308
472.0,0.0001837217829855475,3.8626415284824696e-5,0.9899204595744755,0.9443148734854667,0.04660332621490936,2.580755802245078,0.06596248152264206,-1.5016889319412103,-0.08202013124335776,-0.04987026075438355,-0.041629944873238345,0.12775674845841578,-0.04651991108607494,-0.006689879219367089,-0.13049317617353418,-0.010133334769432387,-0.04700207620862921,-0.6942140237366703,-0.6065243582688001,-0.04849620249273177,-0.04997108987814419,-0.05007761229780961,3.692235407293897,0.19460176968932594,-0.03033188351228416,0.9999000817865382,-0.022056294801082253,-0.0483116110755993,-0.012135757089145329,0.9046977776583172,0.044427715136633565,0.014932664257122417,0.0678869597443774,0.9446764205124434
473.0,0.000186541048847373,1.2521090192737087e-5,0.9853778971188039,0.9688251654576976,0.030004548023939703,2.6174401225533184,0.0725869373497745,-1.310003159580641,-0.042794585437633155,-0.1517975423970052,-0.05030755544513224,0.19034081392745184,-0.05195057105891159,-0.009087476102531805,-0.10016618987520094,-0.008890830365289938,0.6236360672589243,-0.9980619066339956,-0.6558071655284039,-0.051166365095175935,-0.0516586154359471,-0.049627730103615965,4.0941924924773065,0.01206160477404014,-0.10581315166036996,0.9999000823552733,-0.023326197574855028,-0.047447380337718975,-0.010864269773714354,0.9048288261547535,0.047912882951956386,0.01376491559805929,0.06675122174728002,0.944666529901022
474.0,0.0001051018849787548,2.3520650379633543e-5,0.974633462858472,0.9836343122415343,0.03257550871204416,2.9515589304753798,0.06556416677167574,-1.4735693109638872,-0.08229534818479203,-0.051528784860407635,-0.023591446956665006,0.16180882484874068,-0.026081462149822952,0.0028355359406459757,-0.12314957765593318,-0.01182693429073815,-0.04973343126329726,-0.4851771981919978,-0.048897938288111814,-0.048706952168860555,-0.05078088691067946,-0.049617279048584303,2.982993458723254,0.4881164041908397,0.012781678477326915,0.9999000841480679,-0.022668249384549272,-0.04303064520893936,-0.009183381697254269,0.9051161246294175,0.02649940697100731,0.015458011910106182,0.07228989534909727,0.9445513517179163
475.0,0.0001912034661293626,2.868537210214243e-5,0.9852656918879847,0.9501253504899506,0.039597326519221814,2.6290560357051564,0.06724294789051796,-1.4325014433396088,-0.06612043161671925,-0.07193587579508572,-0.04817867111828577,0.15611623766055252,-0.04699206204333355,-0.005478559061108449,-0.1199209558265746,-0.008862945008595958,-0.0565787223819141,-0.8826554655153642,-0.7436772322253404,-0.04991465939202984,-0.05013821358030427,-0.05025854847435917,3.192214135654407,0.4917298255560088,0.04679719686021805,0.9999000850979196,-0.02367315788596615,-0.04590877631882656,-0.007950779491161504,0.9052817733317264,0.0238289497913412,0.014644108381902138,0.06807282091653256,0.9445042442054603
476.0,0.00017966525142595376,1.68246181394356e-5,0.9775112993227187,0.9829624780013374,0.037792349685956954,2.619608524133724,0.05968305335077501,-1.5074005109020183,-0.04958871227856165,-0.06365872239000668,-0.049991390976881225,0.18024780736617127,-0.051070290788536886,-0.009869905391147559,-0.10642608442454325,0.0022001675522077195,-0.2765101517985059,-0.7298476580882177,0.11688625735110579,-0.049805328223802965,-0.05083644911720036,-0.05005177612928359,3.1925057711049285,0.3220982660154704,-0.16300884755305908,0.9999000839535124,-0.024467365611321047,-0.04367506896267635,-0.007985177385402602,0.905164246577189,0.022384929953485712,0.01536356045791558,0.06887491884754829,0.9445371972720655
477.0,0.0001813010162520416,3.005670505181833e-5,0.98949665502135,0.9495185298973614,0.0389426195794022,2.605583210519779,0.06979415203951637,-1.460967978578614,-0.009164385902850484,-0.061255676412877345,-0.04581214502145822,0.17509125456860403,-0.0483749520016623,-0.009336993738393562,-0.12309540111593305,-0.00553459165392078,-0.6629397339067158,-0.9382933842889244,-0.05065339568417805,-0.04611817067718313,-0.06077754281057255,-0.05000171182067192,2.8323074334448886,0.28303752662368103,-0.025222154789931815,0.9999000487590997,-0.02202708107347993,-0.046773966799323594,-0.013721882208319994,0.9033188183780738,0.028525873007821244,0.01632901462135506,0.06604557020350464,0.9460536160096849
478.0,0.00011637005750985144,3.151097555524829e-5,0.9949293786431253,0.95787543704744,0.018378930070014902,2.7635572106656725,0.08641698241871601,-0.8679360842724398,-0.04843997666109275,-0.04878234857223622,-0.048102002527366856,0.126272684775071,-0.00817703468610938,-0.0071730121008094965,-0.14106024618328653,-0.01019865649473522,0.299178621974719,-0.6459844925341246,-0.44078706004760365,-0.0500294508528368,-0.050146419692939696,-0.04998676216545787,2.4574296492509826,0.48033655924125745,0.06480796994974536,0.9999000575771342,-0.020155726442385592,-0.040035977885400434,-0.00690677866831667,0.9060053347440533,0.022357581666906545,0.012132572846319748,0.07228891491203676,0.946038458905301
479.0,0.00017727352649718605,4.139915687152889e-5,0.9896278579274895,0.9475429649558663,0.03913815062138576,2.8267487799394977,0.06919168310917492,-1.4045527949505474,-0.05006330952619374,-0.04790873203746662,-0.04999914607905143,0.256417657017982,-0.044365897536227744,-0.010671609494097489,-0.1297960345745883,-0.00617329315914921,-0.46994581339474445,-0.6638666083160888,-0.04882432315710941,-0.04227728683274617,-0.049204801650397575,-0.050018690163377455,1.7941112327172684,0.787688277358115,0.10302168049839333,0.9999000599408803,-0.02311519657420929,-0.040233930311362624,-0.011761687844337287,0.91020099257817,0.0192887018786806,0.015363175873074862,0.06502397128046712,0.9461937264436002
480.0,0.00014908028943333757,1.2726238821323094e-6,0.9912624583758312,0.9588936202861644,0.022522020653488156,2.507062868629512,0.06614176200664793,-1.2840128689866486,-0.05030108456998198,-0.05961129372134725,-0.04458339997968019,0.1523710647855442,-0.04849049954344392,-0.004849838773782504,-0.0863929866737852,-0.0010721722329604323,-0.042016497681157054,-1.3164762956670724,0.004184407050324166,-0.04855939040084952,-0.04965762338838154,-0.049968033904074206,3.5510823874240667,0.24357957941746938,-0.06261092274631096,0.9999000825065043,-0.026027078177885098,-0.04216362473029592,-0.007402592917057301,0.9052236926299588,0.036872306701252085,0.011354088516603257,0.07015203493599127,0.9446705516523091
